,Hours_Studied,Attendance,Parental_Involvement,Access_to_Resources,Sleep_Hours,Previous_Scores,Motivation_Level,Tutoring_Sessions,Family_Income,Teacher_Quality,Physical_Activity,Parental_Education_Level,Distance_from_Home,Exam_Score,Gender_Female,Gender_Male,School_Type_Private,School_Type_Public,Extracurricular_Activities_No,Extracurricular_Activities_Yes,Internet_Access_No,Internet_Access_Yes,Learning_Disabilities_No,Learning_Disabilities_Yes,Peer_Influence_Negative,Peer_Influence_Neutral,Peer_Influence_Positive
0,23,84,0.0,2.0,7,73,0.0,0,0.0,1.0,3,0.0,0.0,67,False,True,False,True,True,False,False,True,True,False,False,False,True
1,19,64,0.0,1.0,8,59,0.0,2,1.0,1.0,4,1.0,1.0,61,True,False,False,True,True,False,False,True,True,False,True,False,False
2,24,98,1.0,1.0,7,91,1.0,2,1.0,1.0,4,2.0,0.0,74,False,True,False,True,False,True,False,True,True,False,False,True,False
3,29,89,0.0,1.0,8,98,1.0,1,1.0,1.0,4,0.0,1.0,71,False,True,False,True,False,True,False,True,True,False,True,False,False
4,19,92,1.0,1.0,6,65,1.0,3,1.0,2.0,4,1.0,0.0,70,True,False,False,True,False,True,False,True,True,False,False,True,False
5,19,88,1.0,1.0,8,89,1.0,3,1.0,1.0,3,2.0,0.0,71,False,True,False,True,False,True,False,True,True,False,False,False,True
6,29,84,1.0,0.0,7,68,0.0,1,0.0,1.0,2,0.0,1.0,67,False,True,True,False,False,True,False,True,True,False,False,True,False
7,25,78,0.0,2.0,6,50,1.0,1,2.0,2.0,2,0.0,2.0,66,False,True,False,True,False,True,False,True,True,False,True,False,False
8,17,94,1.0,2.0,6,80,2.0,0,1.0,0.0,1,1.0,0.0,69,False,True,True,False,True,False,False,True,True,False,False,True,False
9,23,98,1.0,1.0,8,71,1.0,0,2.0,2.0,5,0.0,1.0,72,False,True,False,True,False,True,False,True,True,False,False,False,True
10,17,80,0.0,2.0,8,88,1.0,4,1.0,2.0,4,1.0,1.0,68,False,True,True,False,True,False,True,False,True,False,False,True,False
11,17,97,1.0,2.0,6,87,0.0,2,0.0,2.0,2,0.0,0.0,71,False,True,True,False,False,True,False,True,True,False,False,True,False
12,21,83,1.0,1.0,8,97,0.0,2,1.0,1.0,4,0.0,0.0,70,False,True,False,True,False,True,False,True,True,False,False,False,True
13,9,82,1.0,1.0,8,72,1.0,2,1.0,1.0,3,2.0,0.0,66,False,True,True,False,False,True,False,True,True,False,False,False,True
14,10,78,1.0,2.0,8,74,1.0,1,0.0,1.0,4,2.0,0.0,65,False,True,True,False,False,True,False,True,True,False,False,True,False
15,17,68,1.0,1.0,8,70,1.0,2,1.0,1.0,4,0.0,0.0,64,True,False,True,False,True,False,False,True,True,False,False,False,True
16,14,60,1.0,0.0,10,65,0.0,0,2.0,1.0,3,1.0,0.0,60,False,True,True,False,False,True,False,True,True,False,False,False,True
17,22,70,0.0,1.0,6,82,1.0,1,0.0,2.0,3,0.0,0.0,65,True,False,False,True,False,True,False,True,True,False,False,True,False
18,15,80,1.0,1.0,9,91,0.0,3,0.0,1.0,2,1.0,1.0,67,True,False,False,True,False,True,False,True,True,False,False,False,True
19,12,75,1.0,2.0,7,58,1.0,3,1.0,1.0,4,1.0,0.0,66,False,True,True,False,False,True,False,True,True,False,False,False,True
20,29,78,1.0,1.0,5,99,2.0,0,2.0,1.0,1,0.0,1.0,69,True,False,False,True,True,False,False,True,True,False,True,False,False
21,19,99,1.0,2.0,6,84,1.0,1,1.0,2.0,3,0.0,0.0,72,False,True,False,True,True,False,False,True,True,False,False,True,False
22,20,74,1.0,2.0,8,89,0.0,1,1.0,1.0,2,1.0,1.0,66,True,False,False,True,True,False,False,True,True,False,True,False,False
23,11,78,2.0,1.0,8,100,2.0,1,0.0,1.0,3,0.0,1.0,66,False,True,False,True,False,True,False,True,True,False,False,True,False
24,17,65,0.0,2.0,5,75,1.0,2,0.0,1.0,3,0.0,0.0,63,True,False,False,True,False,True,False,True,True,False,False,False,True
25,21,62,2.0,0.0,6,54,2.0,0,2.0,2.0,3,2.0,2.0,64,False,True,False,True,False,True,False,True,True,False,False,False,True
26,13,91,0.0,1.0,6,90,1.0,1,2.0,1.0,2,0.0,1.0,65,True,False,False,True,True,False,False,True,False,True,True,False,False
27,22,83,2.0,2.0,6,94,1.0,0,2.0,1.0,2,1.0,1.0,71,False,True,False,True,False,True,False,True,True,False,False,True,False
28,16,90,1.0,1.0,4,58,1.0,1,0.0,1.0,3,0.0,1.0,66,True,False,False,True,True,False,False,True,True,False,False,True,False
29,18,66,2.0,2.0,4,51,0.0,2,0.0,1.0,2,1.0,0.0,64,False,True,True,False,True,False,False,True,True,False,False,True,False
30,16,83,0.0,1.0,6,57,1.0,0,2.0,0.0,4,0.0,0.0,63,True,False,False,True,True,False,False,True,False,True,False,False,True
31,31,70,1.0,2.0,7,66,1.0,1,2.0,1.0,3,1.0,0.0,69,False,True,False,True,False,True,False,True,True,False,True,False,False
32,20,69,1.0,1.0,8,96,1.0,2,1.0,2.0,3,0.0,0.0,67,False,True,False,True,False,True,False,True,True,False,False,False,True
33,14,60,2.0,1.0,5,50,1.0,2,1.0,1.0,3,1.0,0.0,61,True,False,False,True,True,False,False,True,True,False,False,True,False
34,25,65,2.0,1.0,5,90,1.0,2,1.0,1.0,3,1.0,1.0,68,True,False,False,True,True,False,False,True,True,False,False,False,True
35,13,72,0.0,1.0,6,93,0.0,1,0.0,1.0,3,0.0,0.0,61,False,True,False,True,True,False,False,True,True,False,True,False,False
36,21,65,1.0,0.0,7,91,0.0,2,1.0,2.0,3,0.0,2.0,64,True,False,False,True,False,True,False,True,True,False,False,False,True
37,8,99,1.0,1.0,9,54,0.0,2,0.0,1.0,5,2.0,0.0,67,True,False,False,True,True,False,False,True,True,False,False,True,False
38,12,72,0.0,1.0,8,84,1.0,1,0.0,1.0,5,0.0,0.0,63,True,False,False,True,False,True,False,True,True,False,False,False,True
39,21,65,0.0,1.0,6,98,0.0,1,1.0,2.0,4,0.0,0.0,64,False,True,False,True,False,True,False,True,True,False,True,False,False
40,24,68,2.0,1.0,8,56,0.0,3,2.0,2.0,1,1.0,0.0,67,False,True,False,True,True,False,False,True,True,False,False,True,False
41,21,84,1.0,1.0,6,52,0.0,1,1.0,2.0,2,1.0,2.0,65,True,False,False,True,False,True,False,True,False,True,False,True,False
42,19,63,0.0,2.0,7,94,1.0,1,1.0,1.0,3,0.0,1.0,64,False,True,True,False,True,False,False,True,True,False,False,False,True
43,18,94,1.0,2.0,7,82,1.0,3,1.0,1.0,2,1.0,0.0,70,False,True,True,False,False,True,False,True,False,True,True,False,False
44,11,98,1.0,1.0,9,82,0.0,1,1.0,1.0,3,2.0,2.0,68,False,True,True,False,False,True,False,True,True,False,False,False,True
45,16,70,1.0,1.0,8,98,1.0,2,1.0,1.0,3,0.0,1.0,65,False,True,False,True,False,True,False,True,True,False,False,False,True
46,17,78,1.0,1.0,6,88,1.0,1,1.0,2.0,3,1.0,0.0,68,True,False,True,False,False,True,False,True,True,False,False,False,True
47,26,61,1.0,0.0,6,70,1.0,2,0.0,1.0,3,0.0,1.0,64,True,False,False,True,False,True,False,True,True,False,False,False,True
48,22,86,0.0,1.0,7,72,0.0,3,0.0,2.0,2,0.0,1.0,68,False,True,False,True,False,True,False,True,True,False,False,False,True
49,9,77,1.0,1.0,5,57,1.0,2,1.0,2.0,3,0.0,0.0,63,False,True,False,True,True,False,False,True,True,False,False,True,False
50,22,71,0.0,1.0,7,65,0.0,1,1.0,0.0,4,1.0,1.0,64,False,True,False,True,False,True,False,True,True,False,False,False,True
51,18,68,2.0,1.0,7,72,1.0,0,1.0,1.0,3,1.0,0.0,64,False,True,False,True,True,False,False,True,True,False,False,True,False
52,16,86,0.0,1.0,8,63,1.0,2,1.0,1.0,4,0.0,0.0,67,False,True,False,True,False,True,False,True,True,False,False,False,True
53,24,77,2.0,0.0,8,96,1.0,0,1.0,1.0,3,0.0,0.0,67,True,False,False,True,True,False,False,True,True,False,False,True,False
54,26,67,1.0,2.0,7,51,0.0,2,2.0,2.0,4,2.0,2.0,66,True,False,True,False,False,True,False,True,False,True,False,True,False
55,26,88,1.0,2.0,5,79,1.0,1,0.0,2.0,4,1.0,1.0,72,False,True,True,False,False,True,False,True,True,False,False,False,True
56,15,83,1.0,2.0,5,89,0.0,1,1.0,2.0,2,0.0,0.0,65,True,False,False,True,True,False,True,False,False,True,False,True,False
57,18,94,1.0,1.0,6,87,2.0,1,1.0,1.0,4,0.0,0.0,71,False,True,False,True,False,True,False,True,True,False,False,False,True
58,22,65,2.0,0.0,8,82,1.0,2,1.0,2.0,1,2.0,0.0,66,True,False,False,True,True,False,False,True,True,False,False,False,True
59,26,91,1.0,0.0,8,71,1.0,0,0.0,1.0,3,0.0,1.0,68,False,True,True,False,False,True,False,True,True,False,False,True,False
60,17,87,1.0,1.0,7,96,1.0,1,2.0,1.0,5,2.0,0.0,70,True,False,False,True,True,False,False,True,True,False,True,False,False
61,19,65,1.0,1.0,10,66,0.0,0,0.0,1.0,3,0.0,1.0,62,False,True,False,True,False,True,False,True,True,False,False,False,True
62,13,88,0.0,2.0,9,88,2.0,2,0.0,2.0,4,2.0,2.0,68,False,True,True,False,False,True,False,True,True,False,True,False,False
63,13,78,1.0,2.0,9,96,2.0,2,0.0,1.0,3,1.0,1.0,67,False,True,False,True,False,True,False,True,True,False,False,True,False
64,25,98,0.0,2.0,8,56,1.0,0,1.0,2.0,3,2.0,0.0,71,False,True,True,False,False,True,True,False,True,False,False,True,False
65,28,66,1.0,2.0,8,97,1.0,0,1.0,1.0,2,0.0,0.0,68,False,True,False,True,False,True,False,True,True,False,False,True,False
66,20,86,1.0,1.0,8,89,1.0,1,0.0,1.0,3,2.0,0.0,69,False,True,False,True,False,True,False,True,True,False,True,False,False
67,26,75,0.0,2.0,4,81,2.0,3,1.0,2.0,2,0.0,1.0,70,False,True,True,False,False,True,False,True,True,False,False,False,True
68,22,98,1.0,2.0,5,69,0.0,1,0.0,2.0,4,0.0,1.0,69,True,False,False,True,True,False,True,False,True,False,True,False,False
69,16,73,1.0,1.0,7,95,1.0,1,0.0,1.0,4,1.0,0.0,65,False,True,False,True,True,False,False,True,True,False,True,False,False
70,22,98,1.0,0.0,7,52,1.0,3,1.0,1.0,3,1.0,0.0,70,True,False,False,True,False,True,True,False,True,False,False,False,True
71,29,96,1.0,0.0,7,72,1.0,1,0.0,1.0,3,0.0,1.0,71,False,True,False,True,False,True,False,True,True,False,False,False,True
72,20,71,1.0,1.0,7,88,1.0,1,0.0,0.0,4,1.0,0.0,65,True,False,False,True,False,True,False,True,True,False,False,True,False
73,29,92,0.0,1.0,4,91,1.0,2,1.0,1.0,1,2.0,0.0,72,True,False,False,True,True,False,False,True,True,False,True,False,False
74,4,100,2.0,2.0,8,60,2.0,0,1.0,2.0,4,1.0,1.0,69,False,True,True,False,False,True,False,True,True,False,False,False,True
75,25,70,1.0,1.0,7,52,1.0,1,1.0,1.0,3,2.0,0.0,66,True,False,False,True,True,False,False,True,True,False,False,False,True
76,21,77,0.0,1.0,7,90,1.0,4,1.0,1.0,3,2.0,1.0,68,False,True,True,False,False,True,False,True,True,False,False,True,False
77,18,81,2.0,0.0,8,71,1.0,0,1.0,1.0,3,0.0,1.0,65,True,False,False,True,False,True,False,True,True,False,False,True,False
78,21,72,1.0,1.0,5,57,1.0,1,2.0,1.0,5,1.0,1.0,64,False,True,False,True,False,True,False,True,False,True,False,True,False
79,8,61,1.0,1.0,7,54,1.0,1,2.0,1.0,3,1.0,0.0,60,False,True,False,True,False,True,False,True,True,False,False,False,True
80,19,69,1.0,2.0,7,82,2.0,1,0.0,1.0,2,0.0,0.0,65,False,True,False,True,False,True,False,True,True,False,True,False,False
81,22,71,2.0,1.0,6,79,2.0,1,0.0,0.0,3,0.0,0.0,66,False,True,False,True,True,False,False,True,True,False,False,False,True
82,29,78,2.0,2.0,4,93,0.0,5,1.0,2.0,3,1.0,0.0,74,False,True,False,True,False,True,False,True,True,False,False,True,False
83,17,67,1.0,1.0,5,52,2.0,2,1.0,1.0,3,0.0,2.0,62,True,False,True,False,False,True,False,True,True,False,True,False,False
84,15,95,1.0,1.0,7,93,1.0,2,0.0,1.0,4,1.0,1.0,70,False,True,False,True,True,False,False,True,True,False,False,False,True
85,17,88,1.0,2.0,7,94,0.0,0,1.0,1.0,3,0.0,0.0,69,False,True,False,True,False,True,False,True,True,False,False,True,False
86,25,63,1.0,2.0,7,72,1.0,3,1.0,2.0,4,1.0,2.0,67,False,True,True,False,False,True,False,True,True,False,True,False,False
87,22,86,0.0,0.0,6,54,1.0,2,1.0,1.0,0,0.0,1.0,64,False,True,False,True,True,False,False,True,True,False,False,True,False
88,17,86,1.0,2.0,5,97,2.0,3,2.0,1.0,3,1.0,0.0,71,False,True,False,True,True,False,False,True,True,False,False,True,False
89,23,98,1.0,0.0,7,54,0.0,0,1.0,1.0,3,1.0,0.0,68,True,False,False,True,False,True,False,True,True,False,True,False,False
90,21,60,2.0,1.0,7,80,1.0,0,1.0,2.0,4,1.0,0.0,64,False,True,False,True,True,False,False,True,False,True,False,True,False
91,26,70,1.0,0.0,8,75,1.0,1,1.0,0.0,4,0.0,2.0,63,True,False,True,False,False,True,False,True,False,True,False,True,False
92,16,97,1.0,1.0,6,92,0.0,0,2.0,1.0,4,1.0,0.0,71,False,True,True,False,False,True,False,True,True,False,False,False,True
93,18,97,2.0,1.0,4,75,0.0,0,0.0,1.0,3,0.0,1.0,69,False,True,False,True,False,True,False,True,True,False,False,False,True
94,11,91,1.0,1.0,6,94,1.0,3,1.0,1.0,3,1.0,1.0,68,False,True,False,True,True,False,False,True,True,False,False,True,False
95,22,64,0.0,1.0,7,98,0.0,1,1.0,1.0,3,0.0,0.0,62,False,True,False,True,True,False,True,False,True,False,True,False,False
96,22,81,1.0,1.0,7,77,0.0,2,1.0,1.0,3,2.0,2.0,68,True,False,False,True,False,True,False,True,True,False,False,False,True
97,20,69,2.0,2.0,6,73,1.0,2,0.0,1.0,3,0.0,2.0,66,False,True,True,False,False,True,False,True,True,False,False,False,True
98,19,67,0.0,1.0,5,92,2.0,0,1.0,1.0,3,1.0,0.0,64,False,True,False,True,True,False,False,True,True,False,False,False,True
99,12,92,1.0,1.0,4,92,2.0,2,1.0,2.0,3,0.0,1.0,67,False,True,False,True,True,False,False,True,False,True,False,True,False
100,17,65,1.0,2.0,8,66,1.0,1,2.0,2.0,4,2.0,1.0,65,True,False,False,True,False,True,False,True,False,True,False,True,False
101,18,79,1.0,1.0,7,79,1.0,0,0.0,2.0,3,1.0,2.0,65,False,True,True,False,False,True,False,True,True,False,False,True,False
102,15,98,2.0,1.0,6,58,2.0,0,0.0,2.0,3,1.0,0.0,69,False,True,False,True,True,False,False,True,True,False,False,False,True
103,19,67,1.0,1.0,5,82,2.0,1,0.0,0.0,3,0.0,0.0,63,False,True,True,False,True,False,False,True,True,False,True,False,False
104,22,99,1.0,0.0,6,92,0.0,3,1.0,1.0,4,2.0,1.0,72,False,True,False,True,False,True,False,True,True,False,True,False,False
105,21,82,1.0,2.0,7,66,2.0,3,0.0,1.0,3,1.0,0.0,69,True,False,False,True,False,True,False,True,False,True,False,False,True
106,22,67,1.0,1.0,7,72,2.0,3,0.0,2.0,2,2.0,1.0,67,True,False,False,True,False,True,False,True,True,False,False,False,True
107,20,73,2.0,1.0,9,92,1.0,2,1.0,2.0,3,1.0,0.0,69,False,True,False,True,False,True,False,True,True,False,False,False,True
108,8,77,2.0,1.0,6,87,1.0,0,0.0,1.0,2,0.0,1.0,63,False,True,False,True,False,True,False,True,True,False,False,True,False
109,20,72,1.0,1.0,9,66,1.0,3,0.0,2.0,3,2.0,0.0,67,False,True,True,False,True,False,False,True,True,False,False,False,True
110,20,71,0.0,2.0,7,62,2.0,2,1.0,1.0,5,1.0,0.0,66,False,True,False,True,False,True,False,True,True,False,True,False,False
111,19,66,1.0,1.0,8,74,1.0,1,2.0,1.0,3,0.0,0.0,64,True,False,False,True,True,False,False,True,True,False,False,True,False
112,22,89,2.0,2.0,6,80,1.0,1,2.0,2.0,3,0.0,0.0,73,True,False,False,True,False,True,False,True,True,False,False,False,True
113,20,60,0.0,2.0,7,82,2.0,2,0.0,2.0,4,0.0,0.0,63,False,True,False,True,True,False,False,True,False,True,False,False,True
114,13,84,1.0,1.0,5,78,1.0,1,0.0,2.0,2,0.0,0.0,65,False,True,False,True,True,False,False,True,True,False,False,False,True
115,27,97,0.0,2.0,8,81,1.0,0,2.0,1.0,5,0.0,0.0,73,True,False,False,True,False,True,False,True,True,False,False,False,True
116,25,72,2.0,2.0,8,94,0.0,2,0.0,1.0,4,1.0,1.0,70,True,False,True,False,False,True,False,True,True,False,False,False,True
117,25,67,2.0,1.0,9,93,2.0,2,0.0,2.0,3,0.0,0.0,68,True,False,False,True,True,False,False,True,False,True,False,False,True
118,15,86,1.0,1.0,7,57,1.0,1,1.0,1.0,3,1.0,0.0,65,False,True,False,True,False,True,False,True,True,False,True,False,False
119,28,89,0.0,2.0,9,79,2.0,0,0.0,1.0,1,1.0,1.0,71,True,False,True,False,False,True,False,True,True,False,False,False,True
120,12,88,0.0,1.0,6,72,0.0,2,1.0,1.0,2,1.0,2.0,64,False,True,False,True,True,False,False,True,True,False,False,False,True
121,24,73,1.0,2.0,8,64,1.0,4,2.0,1.0,3,1.0,1.0,68,False,True,True,False,False,True,False,True,False,True,False,True,False
122,33,70,1.0,1.0,6,82,0.0,1,0.0,2.0,4,1.0,0.0,69,False,True,False,True,False,True,False,True,True,False,False,True,False
123,14,98,1.0,1.0,7,76,1.0,0,1.0,2.0,4,1.0,1.0,69,True,False,True,False,True,False,False,True,True,False,False,False,True
124,17,97,1.0,1.0,8,89,1.0,1,0.0,1.0,4,0.0,2.0,69,False,True,False,True,True,False,False,True,True,False,False,True,False
125,21,78,1.0,1.0,10,55,1.0,1,2.0,0.0,2,1.0,0.0,67,False,True,True,False,False,True,False,True,True,False,False,False,True
126,17,94,0.0,1.0,8,65,0.0,4,1.0,1.0,6,0.0,2.0,68,True,False,False,True,False,True,False,True,True,False,False,True,False
127,11,78,1.0,2.0,8,51,1.0,2,0.0,1.0,3,2.0,0.0,64,False,True,False,True,False,True,False,True,True,False,False,True,False
128,20,77,1.0,1.0,6,87,0.0,0,0.0,2.0,4,0.0,0.0,66,True,False,False,True,True,False,False,True,True,False,False,False,True
129,14,66,2.0,0.0,7,96,1.0,3,0.0,2.0,3,0.0,0.0,63,False,True,False,True,True,False,False,True,True,False,True,False,False
130,23,77,1.0,1.0,7,79,1.0,0,0.0,2.0,2,0.0,1.0,66,False,True,False,True,False,True,False,True,True,False,False,True,False
131,14,81,1.0,1.0,9,81,1.0,1,0.0,2.0,3,2.0,0.0,66,True,False,True,False,True,False,False,True,True,False,True,False,False
132,29,61,1.0,2.0,7,52,0.0,3,0.0,1.0,3,1.0,0.0,67,True,False,True,False,False,True,False,True,True,False,False,False,True
133,15,78,2.0,2.0,9,75,0.0,1,0.0,1.0,1,0.0,0.0,65,False,True,False,True,True,False,False,True,True,False,True,False,False
134,18,91,0.0,1.0,5,76,1.0,1,1.0,1.0,3,0.0,0.0,68,True,False,False,True,False,True,False,True,True,False,False,True,False
135,25,87,1.0,0.0,9,52,2.0,1,0.0,2.0,2,0.0,0.0,68,False,True,True,False,True,False,False,True,True,False,False,False,True
136,13,85,2.0,1.0,6,89,1.0,0,2.0,1.0,1,0.0,0.0,65,False,True,True,False,True,False,False,True,False,True,False,True,False
137,21,96,1.0,1.0,8,64,2.0,2,1.0,2.0,0,1.0,0.0,71,False,True,False,True,True,False,False,True,True,False,False,True,False
138,28,61,1.0,2.0,6,86,2.0,1,0.0,1.0,3,2.0,2.0,65,False,True,True,False,True,False,False,True,False,True,True,False,False
139,10,82,1.0,0.0,8,70,1.0,3,0.0,2.0,1,2.0,0.0,64,True,False,False,True,True,False,False,True,False,True,False,False,True
140,21,91,2.0,1.0,6,100,1.0,0,2.0,1.0,2,2.0,0.0,72,True,False,True,False,True,False,False,True,True,False,False,True,False
141,22,82,1.0,1.0,9,61,1.0,2,0.0,1.0,2,0.0,0.0,65,True,False,False,True,True,False,False,True,False,True,True,False,False
142,25,73,1.0,2.0,8,53,2.0,0,0.0,2.0,5,2.0,0.0,66,True,False,True,False,True,False,True,False,True,False,True,False,False
143,13,65,0.0,2.0,6,99,1.0,0,0.0,1.0,4,0.0,0.0,61,False,True,True,False,True,False,False,True,True,False,True,False,False
144,12,96,0.0,2.0,8,62,1.0,2,1.0,2.0,3,1.0,0.0,68,True,False,False,True,False,True,False,True,True,False,True,False,False
145,23,79,2.0,2.0,8,82,0.0,3,1.0,1.0,3,2.0,1.0,69,True,False,False,True,False,True,False,True,False,True,True,False,False
146,22,95,1.0,2.0,6,69,1.0,1,0.0,1.0,3,1.0,0.0,72,True,False,False,True,False,True,False,True,True,False,False,False,True
147,22,83,1.0,2.0,5,82,1.0,2,0.0,2.0,3,2.0,0.0,71,True,False,False,True,False,True,False,True,True,False,False,False,True
148,22,87,2.0,2.0,5,80,0.0,2,0.0,2.0,3,0.0,0.0,70,True,False,False,True,True,False,False,True,True,False,True,False,False
149,16,92,1.0,2.0,5,85,0.0,1,0.0,1.0,2,0.0,1.0,68,False,True,False,True,False,True,False,True,True,False,False,True,False
150,21,86,0.0,1.0,5,51,1.0,2,0.0,2.0,2,0.0,1.0,67,True,False,False,True,False,True,False,True,True,False,False,False,True
151,22,76,1.0,1.0,8,92,1.0,1,0.0,2.0,4,0.0,0.0,68,True,False,False,True,False,True,False,True,True,False,False,True,False
152,16,81,1.0,1.0,8,74,1.0,3,1.0,1.0,2,2.0,0.0,68,True,False,False,True,False,True,False,True,True,False,False,False,True
153,31,92,1.0,1.0,4,76,1.0,2,1.0,2.0,4,0.0,2.0,72,False,True,False,True,False,True,False,True,False,True,False,False,True
154,23,75,0.0,2.0,6,71,0.0,0,1.0,1.0,2,1.0,0.0,65,False,True,False,True,True,False,False,True,True,False,False,True,False
155,13,76,1.0,2.0,5,99,0.0,2,1.0,1.0,4,0.0,0.0,66,True,False,True,False,True,False,False,True,True,False,False,False,True
156,24,64,1.0,1.0,8,90,2.0,0,0.0,2.0,3,0.0,0.0,65,False,True,False,True,False,True,False,True,True,False,True,False,False
157,14,97,1.0,1.0,6,66,1.0,2,1.0,1.0,3,1.0,0.0,67,True,False,False,True,False,True,False,True,False,True,True,False,False
158,25,64,1.0,2.0,5,89,0.0,2,1.0,1.0,4,1.0,2.0,66,False,True,False,True,True,False,False,True,True,False,False,True,False
159,27,86,1.0,1.0,7,72,0.0,1,1.0,2.0,4,0.0,2.0,69,False,True,False,True,True,False,False,True,True,False,False,False,True
160,15,77,1.0,1.0,8,94,0.0,0,2.0,2.0,3,1.0,1.0,66,False,True,False,True,False,True,False,True,True,False,False,False,True
161,26,76,1.0,2.0,6,52,1.0,4,2.0,0.0,3,0.0,0.0,69,False,True,False,True,False,True,False,True,True,False,False,True,False
162,22,87,2.0,0.0,7,68,1.0,0,0.0,1.0,2,0.0,0.0,67,False,True,False,True,False,True,True,False,True,False,False,True,False
163,25,63,2.0,1.0,6,71,1.0,1,1.0,0.0,3,0.0,0.0,66,False,True,True,False,False,True,False,True,True,False,False,False,True
164,31,84,1.0,1.0,9,87,1.0,2,0.0,1.0,3,1.0,2.0,71,False,True,True,False,False,True,False,True,True,False,False,True,False
165,19,91,2.0,0.0,6,59,1.0,5,1.0,2.0,4,1.0,1.0,70,False,True,False,True,True,False,False,True,True,False,False,True,False
166,15,93,2.0,1.0,6,64,1.0,2,1.0,2.0,4,2.0,0.0,71,False,True,False,True,True,False,False,True,True,False,False,False,True
167,15,67,1.0,1.0,7,86,2.0,1,2.0,1.0,3,2.0,0.0,66,False,True,True,False,False,True,False,True,True,False,False,False,True
168,15,96,1.0,1.0,7,54,2.0,3,1.0,2.0,2,0.0,0.0,67,False,True,False,True,True,False,True,False,True,False,True,False,False
169,20,86,2.0,0.0,8,60,1.0,1,1.0,1.0,4,1.0,2.0,66,True,False,False,True,True,False,False,True,False,True,False,True,False
170,22,95,1.0,2.0,9,88,0.0,0,0.0,2.0,2,2.0,0.0,72,False,True,False,True,True,False,False,True,True,False,False,False,True
171,22,79,1.0,1.0,9,94,1.0,1,1.0,1.0,3,0.0,0.0,68,False,True,False,True,True,False,False,True,True,False,False,False,True
172,25,82,1.0,1.0,6,86,1.0,3,0.0,2.0,3,0.0,0.0,69,True,False,False,True,True,False,True,False,True,False,False,False,True
173,20,97,1.0,1.0,7,76,0.0,2,0.0,0.0,3,2.0,0.0,71,False,True,True,False,False,True,False,True,True,False,False,False,True
174,29,96,1.0,1.0,9,55,0.0,0,1.0,1.0,2,2.0,2.0,70,True,False,False,True,False,True,True,False,True,False,False,True,False
175,18,78,1.0,1.0,9,91,2.0,2,2.0,0.0,4,1.0,2.0,67,True,False,False,True,True,False,False,True,True,False,False,True,False
176,36,71,1.0,1.0,6,56,1.0,2,2.0,1.0,2,0.0,2.0,69,False,True,False,True,False,True,False,True,True,False,False,False,True
177,24,76,0.0,2.0,8,69,0.0,2,1.0,1.0,1,0.0,1.0,65,False,True,False,True,True,False,False,True,True,False,False,True,False
178,15,76,2.0,2.0,8,53,1.0,1,0.0,1.0,4,1.0,0.0,65,False,True,False,True,True,False,False,True,True,False,False,True,False
179,14,71,1.0,1.0,8,85,0.0,2,1.0,2.0,4,0.0,0.0,64,False,True,False,True,False,True,False,True,True,False,False,True,False
180,23,71,0.0,0.0,9,75,0.0,1,0.0,1.0,2,1.0,0.0,63,False,True,False,True,False,True,False,True,True,False,True,False,False
181,19,94,0.0,1.0,5,95,1.0,3,0.0,0.0,2,0.0,1.0,69,False,True,False,True,False,True,False,True,True,False,False,False,True
182,24,63,1.0,0.0,6,57,1.0,1,0.0,2.0,5,1.0,0.0,64,True,False,True,False,False,True,False,True,True,False,False,True,False
183,23,87,2.0,2.0,8,91,2.0,0,2.0,1.0,3,0.0,1.0,72,False,True,True,False,False,True,False,True,True,False,False,False,True
184,20,67,0.0,1.0,7,76,1.0,0,1.0,1.0,4,0.0,0.0,63,False,True,False,True,False,True,False,True,True,False,False,True,False
185,15,74,0.0,2.0,4,68,0.0,3,0.0,1.0,3,0.0,0.0,64,True,False,False,True,False,True,False,True,True,False,False,False,True
186,11,62,1.0,2.0,5,82,1.0,3,2.0,1.0,4,1.0,1.0,64,False,True,True,False,False,True,False,True,True,False,False,True,False
187,17,71,1.0,1.0,8,90,1.0,5,1.0,1.0,1,2.0,2.0,67,False,True,False,True,False,True,False,True,True,False,False,False,True
188,25,91,1.0,1.0,8,72,0.0,2,1.0,2.0,0,2.0,0.0,71,False,True,False,True,True,False,False,True,True,False,False,False,True
189,21,95,1.0,1.0,5,62,2.0,1,1.0,0.0,4,0.0,0.0,70,False,True,False,True,True,False,False,True,True,False,False,False,True
190,13,69,1.0,0.0,9,96,0.0,0,2.0,1.0,4,0.0,2.0,61,True,False,True,False,False,True,False,True,True,False,False,True,False
191,21,79,1.0,2.0,7,66,0.0,2,0.0,1.0,4,1.0,1.0,67,False,True,False,True,False,True,False,True,True,False,True,False,False
192,22,79,2.0,1.0,5,100,1.0,4,2.0,2.0,3,1.0,0.0,72,False,True,False,True,True,False,False,True,True,False,True,False,False
193,15,95,0.0,0.0,6,88,0.0,1,0.0,1.0,5,0.0,0.0,66,False,True,False,True,False,True,False,True,True,False,True,False,False
194,21,91,1.0,2.0,5,84,1.0,1,2.0,0.0,2,0.0,0.0,70,False,True,False,True,False,True,False,True,True,False,False,True,False
195,20,81,2.0,1.0,6,51,2.0,3,1.0,1.0,4,0.0,0.0,67,False,True,False,True,False,True,True,False,False,True,False,True,False
196,13,87,2.0,0.0,4,72,1.0,2,1.0,2.0,3,0.0,1.0,67,True,False,False,True,False,True,False,True,True,False,False,True,False
197,22,94,0.0,1.0,7,75,2.0,2,2.0,1.0,2,1.0,0.0,71,True,False,False,True,False,True,False,True,True,False,False,True,False
198,23,60,2.0,1.0,8,69,1.0,1,0.0,1.0,4,1.0,0.0,66,False,True,True,False,False,True,False,True,True,False,False,False,True
199,26,76,1.0,1.0,5,57,1.0,1,1.0,1.0,4,0.0,0.0,68,False,True,False,True,False,True,False,True,True,False,False,False,True
200,26,96,1.0,1.0,7,68,1.0,3,2.0,1.0,3,1.0,0.0,74,True,False,True,False,False,True,False,True,True,False,False,False,True
201,12,90,1.0,0.0,6,54,1.0,1,2.0,1.0,3,0.0,0.0,64,False,True,False,True,False,True,True,False,True,False,False,True,False
202,14,82,1.0,1.0,8,65,1.0,1,0.0,1.0,3,1.0,0.0,65,False,True,True,False,True,False,False,True,True,False,False,False,True
203,23,81,0.0,1.0,4,54,1.0,1,0.0,1.0,3,1.0,0.0,66,False,True,False,True,False,True,False,True,True,False,False,True,False
204,23,74,1.0,2.0,8,88,0.0,0,1.0,2.0,3,0.0,0.0,66,False,True,False,True,False,True,False,True,False,True,True,False,False
205,23,81,1.0,0.0,4,84,1.0,2,1.0,1.0,5,0.0,0.0,68,False,True,False,True,True,False,False,True,True,False,False,False,True
206,23,77,1.0,2.0,6,69,0.0,1,1.0,1.0,2,0.0,1.0,67,True,False,True,False,False,True,False,True,True,False,False,False,True
207,27,89,1.0,2.0,6,89,1.0,3,1.0,1.0,3,0.0,0.0,74,False,True,True,False,False,True,False,True,True,False,False,False,True
208,26,94,1.0,2.0,5,79,2.0,1,0.0,2.0,2,2.0,0.0,74,False,True,False,True,True,False,False,True,True,False,False,False,True
209,24,66,1.0,0.0,9,82,0.0,1,1.0,1.0,2,0.0,0.0,62,True,False,False,True,True,False,False,True,False,True,False,True,False
210,18,78,2.0,1.0,5,77,1.0,2,1.0,1.0,4,0.0,2.0,66,False,True,False,True,False,True,True,False,True,False,False,True,False
211,25,76,1.0,1.0,5,89,2.0,3,1.0,2.0,3,0.0,2.0,69,True,False,False,True,False,True,False,True,True,False,False,True,False
212,15,87,1.0,2.0,10,52,1.0,2,0.0,2.0,3,1.0,0.0,68,False,True,True,False,False,True,False,True,True,False,False,False,True
213,17,86,2.0,0.0,5,55,0.0,2,2.0,1.0,4,1.0,0.0,66,False,True,True,False,True,False,True,False,True,False,False,True,False
214,20,95,0.0,1.0,7,64,0.0,2,1.0,2.0,3,0.0,0.0,68,True,False,False,True,False,True,True,False,True,False,False,True,False
215,34,77,1.0,0.0,7,80,0.0,0,1.0,1.0,3,0.0,0.0,69,False,True,False,True,False,True,False,True,True,False,False,False,True
216,9,96,1.0,1.0,4,82,2.0,0,0.0,1.0,4,1.0,0.0,67,False,True,False,True,False,True,True,False,True,False,False,False,True
217,24,100,2.0,2.0,6,86,0.0,2,1.0,1.0,5,0.0,0.0,75,False,True,True,False,False,True,False,True,True,False,False,False,True
218,10,64,1.0,2.0,7,64,2.0,0,1.0,1.0,4,0.0,1.0,60,True,False,False,True,True,False,False,True,False,True,False,False,True
219,17,69,2.0,1.0,9,83,1.0,2,1.0,2.0,4,1.0,1.0,66,True,False,True,False,False,True,False,True,False,True,False,False,True
220,27,98,0.0,2.0,7,56,0.0,1,2.0,1.0,3,1.0,0.0,73,True,False,True,False,False,True,False,True,True,False,False,False,True
221,20,98,1.0,0.0,7,50,0.0,1,1.0,2.0,2,0.0,0.0,68,True,False,True,False,True,False,False,True,True,False,False,True,False
222,14,64,1.0,1.0,6,85,1.0,0,1.0,1.0,3,0.0,0.0,62,False,True,False,True,False,True,False,True,True,False,False,True,False
223,16,61,1.0,1.0,9,86,0.0,2,0.0,2.0,2,0.0,0.0,62,False,True,False,True,True,False,False,True,True,False,False,False,True
224,24,66,2.0,0.0,8,81,2.0,1,1.0,1.0,4,0.0,2.0,65,False,True,False,True,False,True,False,True,True,False,False,True,False
225,16,100,2.0,0.0,8,63,2.0,2,0.0,1.0,3,0.0,1.0,69,False,True,False,True,False,True,False,True,True,False,True,False,False
226,21,67,1.0,1.0,7,96,0.0,3,0.0,1.0,2,0.0,2.0,64,True,False,False,True,True,False,False,True,True,False,False,True,False
227,20,80,1.0,2.0,5,94,1.0,0,0.0,0.0,4,2.0,1.0,67,True,False,True,False,True,False,False,True,False,True,False,False,True
228,16,94,2.0,2.0,9,76,1.0,0,0.0,2.0,2,0.0,0.0,70,False,True,False,True,False,True,False,True,True,False,False,True,False
229,33,61,1.0,1.0,7,99,2.0,2,1.0,2.0,3,1.0,0.0,70,True,False,False,True,True,False,False,True,True,False,False,True,False
230,24,84,2.0,0.0,7,65,0.0,3,1.0,2.0,3,0.0,0.0,69,True,False,False,True,True,False,False,True,True,False,False,False,True
231,8,71,2.0,0.0,8,75,1.0,0,1.0,2.0,3,0.0,0.0,61,False,True,False,True,True,False,False,True,True,False,False,False,True
232,21,94,1.0,1.0,7,96,0.0,0,1.0,1.0,2,2.0,1.0,69,False,True,True,False,True,False,False,True,False,True,False,True,False
233,16,71,2.0,1.0,5,73,1.0,1,1.0,1.0,0,0.0,0.0,63,False,True,False,True,False,True,False,True,False,True,False,True,False
234,25,87,1.0,0.0,7,74,0.0,0,1.0,2.0,4,0.0,0.0,67,False,True,False,True,False,True,False,True,False,True,False,True,False
235,15,87,0.0,1.0,4,54,1.0,1,1.0,1.0,6,0.0,1.0,65,False,True,False,True,True,False,False,True,True,False,False,True,False
236,19,69,1.0,1.0,7,61,2.0,3,2.0,2.0,4,0.0,1.0,66,False,True,False,True,False,True,False,True,True,False,False,True,False
237,23,61,0.0,1.0,9,58,1.0,4,1.0,1.0,2,0.0,0.0,63,False,True,False,True,True,False,False,True,True,False,False,True,False
238,25,76,1.0,2.0,4,78,1.0,2,1.0,1.0,3,0.0,1.0,68,True,False,True,False,False,True,False,True,True,False,True,False,False
239,13,72,2.0,2.0,7,66,1.0,0,0.0,2.0,4,2.0,0.0,65,False,True,False,True,True,False,False,True,True,False,False,True,False
240,18,92,0.0,1.0,8,54,1.0,1,1.0,1.0,3,0.0,0.0,67,False,True,False,True,False,True,False,True,True,False,False,False,True
241,17,92,0.0,0.0,8,75,1.0,2,1.0,2.0,3,2.0,0.0,68,True,False,False,True,False,True,False,True,True,False,False,True,False
242,16,78,1.0,2.0,6,83,1.0,0,0.0,0.0,3,1.0,0.0,64,False,True,False,True,True,False,False,True,False,True,False,True,False
243,31,84,1.0,1.0,5,87,2.0,0,1.0,1.0,3,1.0,1.0,71,False,True,True,False,True,False,False,True,True,False,False,False,True
244,22,84,1.0,1.0,6,92,0.0,0,1.0,1.0,5,0.0,0.0,69,True,False,False,True,False,True,False,True,True,False,False,True,False
245,12,93,1.0,1.0,9,74,0.0,1,1.0,1.0,3,2.0,1.0,67,False,True,False,True,False,True,False,True,True,False,False,True,False
246,26,77,0.0,1.0,4,70,0.0,2,2.0,0.0,3,1.0,1.0,65,True,False,False,True,True,False,False,True,False,True,False,True,False
247,33,71,0.0,1.0,5,84,1.0,1,1.0,1.0,2,0.0,0.0,68,False,True,False,True,True,False,False,True,True,False,False,False,True
248,26,71,2.0,1.0,6,51,0.0,1,2.0,1.0,3,2.0,1.0,67,False,True,True,False,False,True,True,False,True,False,False,False,True
249,11,81,1.0,1.0,6,82,2.0,3,1.0,2.0,4,0.0,0.0,67,False,True,False,True,False,True,False,True,True,False,False,True,False
250,17,78,1.0,2.0,7,70,1.0,2,0.0,2.0,3,0.0,0.0,66,False,True,False,True,False,True,True,False,True,False,False,False,True
251,28,78,2.0,1.0,9,73,2.0,2,1.0,1.0,4,1.0,1.0,70,True,False,False,True,True,False,False,True,True,False,False,True,False
252,16,64,2.0,0.0,5,65,1.0,3,1.0,2.0,4,2.0,1.0,65,True,False,True,False,False,True,False,True,True,False,False,False,True
253,23,89,0.0,0.0,7,56,0.0,4,1.0,0.0,4,2.0,0.0,69,True,False,True,False,False,True,False,True,True,False,False,False,True
254,25,69,1.0,1.0,7,70,0.0,1,2.0,2.0,4,0.0,2.0,65,True,False,False,True,False,True,True,False,True,False,False,False,True
255,14,68,2.0,1.0,6,65,1.0,1,2.0,1.0,3,1.0,0.0,63,False,True,False,True,True,False,False,True,False,True,False,True,False
256,20,77,1.0,1.0,5,98,0.0,2,0.0,2.0,2,2.0,2.0,67,True,False,True,False,True,False,False,True,True,False,False,True,False
257,1,69,2.0,1.0,6,97,1.0,1,0.0,1.0,3,0.0,0.0,61,True,False,False,True,False,True,False,True,True,False,False,False,True
258,14,83,1.0,0.0,6,82,1.0,0,1.0,1.0,2,0.0,0.0,65,True,False,False,True,False,True,False,True,True,False,False,False,True
259,18,75,0.0,2.0,8,95,1.0,1,0.0,0.0,2,1.0,0.0,66,True,False,False,True,False,True,False,True,True,False,False,True,False
260,13,78,1.0,2.0,8,88,2.0,0,2.0,0.0,3,1.0,0.0,66,False,True,False,True,False,True,False,True,True,False,False,True,False
261,30,81,1.0,0.0,5,67,1.0,1,2.0,2.0,1,0.0,0.0,69,False,True,False,True,False,True,False,True,True,False,True,False,False
262,11,68,1.0,1.0,6,80,1.0,2,1.0,1.0,3,1.0,1.0,63,True,False,False,True,True,False,False,True,True,False,False,False,True
263,17,66,0.0,2.0,6,61,1.0,1,2.0,1.0,6,2.0,0.0,65,False,True,False,True,True,False,False,True,True,False,False,False,True
264,21,95,0.0,0.0,10,84,0.0,0,2.0,1.0,4,0.0,0.0,67,False,True,False,True,True,False,False,True,False,True,False,True,False
265,29,77,2.0,2.0,7,52,1.0,2,2.0,1.0,3,0.0,0.0,69,True,False,False,True,False,True,False,True,False,True,True,False,False
266,11,76,0.0,1.0,5,92,1.0,4,1.0,0.0,2,2.0,0.0,65,False,True,False,True,False,True,False,True,True,False,True,False,False
267,27,61,1.0,1.0,6,79,1.0,1,0.0,1.0,3,0.0,1.0,65,False,True,False,True,True,False,False,True,True,False,False,False,True
268,20,80,2.0,0.0,6,53,1.0,0,0.0,1.0,2,1.0,1.0,65,False,True,False,True,False,True,False,True,True,False,False,True,False
269,14,82,1.0,2.0,8,94,0.0,2,0.0,2.0,5,1.0,2.0,67,True,False,False,True,False,True,False,True,True,False,True,False,False
270,23,82,0.0,1.0,8,94,1.0,1,1.0,1.0,2,0.0,0.0,66,False,True,False,True,False,True,False,True,False,True,True,False,False
271,21,88,1.0,2.0,7,93,1.0,4,0.0,1.0,3,0.0,0.0,72,True,False,False,True,True,False,False,True,True,False,False,False,True
272,16,67,1.0,2.0,7,89,2.0,3,0.0,1.0,3,1.0,0.0,66,False,True,False,True,True,False,False,True,True,False,False,False,True
273,20,70,1.0,1.0,7,84,0.0,2,1.0,2.0,4,1.0,2.0,65,False,True,True,False,False,True,True,False,True,False,False,True,False
274,18,92,2.0,1.0,7,70,1.0,1,0.0,1.0,3,0.0,1.0,69,False,True,False,True,False,True,False,True,True,False,False,True,False
275,21,98,1.0,0.0,4,57,1.0,2,2.0,0.0,2,0.0,0.0,68,True,False,False,True,True,False,False,True,True,False,False,True,False
276,24,65,1.0,0.0,7,64,0.0,1,2.0,1.0,1,2.0,0.0,64,False,True,False,True,True,False,False,True,True,False,False,True,False
277,30,80,0.0,2.0,6,67,1.0,3,1.0,1.0,4,1.0,1.0,69,True,False,False,True,True,False,False,True,True,False,True,False,False
278,13,69,1.0,0.0,5,68,0.0,0,2.0,1.0,1,0.0,1.0,59,True,False,False,True,False,True,False,True,False,True,False,False,True
279,33,62,2.0,1.0,10,78,1.0,0,1.0,1.0,3,0.0,1.0,68,True,False,True,False,False,True,False,True,True,False,False,False,True
280,8,73,1.0,1.0,7,60,1.0,0,2.0,1.0,3,0.0,0.0,60,True,False,True,False,True,False,True,False,True,False,False,True,False
281,19,66,1.0,2.0,7,59,1.0,1,2.0,1.0,3,0.0,2.0,62,False,True,False,True,True,False,False,True,True,False,True,False,False
282,24,88,0.0,1.0,6,86,0.0,0,0.0,0.0,3,1.0,0.0,67,False,True,False,True,False,True,False,True,True,False,True,False,False
283,22,81,0.0,2.0,8,50,2.0,4,1.0,1.0,5,0.0,2.0,68,True,False,True,False,False,True,False,True,True,False,False,False,True
284,16,66,1.0,2.0,5,57,2.0,3,1.0,1.0,3,0.0,1.0,64,True,False,False,True,False,True,False,True,True,False,False,False,True
285,19,60,1.0,2.0,7,72,2.0,3,0.0,2.0,3,0.0,1.0,65,True,False,False,True,False,True,False,True,True,False,False,False,True
286,17,92,0.0,0.0,6,57,1.0,2,1.0,1.0,2,0.0,1.0,65,True,False,True,False,False,True,False,True,False,True,False,False,True
287,16,67,2.0,1.0,8,98,1.0,0,0.0,0.0,3,0.0,0.0,63,True,False,False,True,True,False,False,True,True,False,False,True,False
288,25,84,1.0,0.0,6,84,0.0,2,1.0,2.0,3,0.0,0.0,70,False,True,False,True,False,True,False,True,True,False,False,False,True
289,22,73,0.0,1.0,9,72,0.0,3,1.0,1.0,3,0.0,0.0,66,True,False,False,True,False,True,False,True,True,False,False,False,True
290,16,83,1.0,2.0,7,56,0.0,4,2.0,1.0,3,0.0,0.0,68,True,False,False,True,False,True,False,True,True,False,False,False,True
291,25,73,0.0,0.0,8,69,1.0,3,1.0,1.0,3,0.0,0.0,66,True,False,True,False,True,False,False,True,True,False,False,False,True
292,22,63,0.0,0.0,8,83,1.0,3,1.0,1.0,1,1.0,0.0,63,False,True,True,False,True,False,False,True,True,False,True,False,False
293,25,69,2.0,1.0,9,98,1.0,1,0.0,1.0,3,1.0,1.0,66,True,False,False,True,False,True,False,True,False,True,True,False,False
294,24,68,1.0,1.0,6,74,1.0,1,1.0,1.0,3,0.0,0.0,65,True,False,False,True,False,True,False,True,True,False,False,True,False
295,15,77,1.0,1.0,8,85,2.0,1,0.0,1.0,2,2.0,1.0,66,False,True,False,True,False,True,False,True,True,False,False,False,True
296,17,86,2.0,0.0,4,60,2.0,2,2.0,0.0,3,1.0,1.0,67,True,False,True,False,False,True,False,True,False,True,False,False,True
297,24,71,1.0,1.0,7,81,1.0,0,0.0,1.0,3,0.0,0.0,66,False,True,True,False,False,True,False,True,True,False,False,False,True
298,24,60,0.0,1.0,6,62,2.0,4,0.0,2.0,3,0.0,0.0,63,True,False,False,True,True,False,False,True,True,False,True,False,False
299,20,81,1.0,1.0,5,60,0.0,3,1.0,1.0,4,0.0,0.0,66,False,True,False,True,False,True,False,True,False,True,False,False,True
300,21,84,1.0,1.0,6,75,0.0,1,2.0,1.0,3,1.0,1.0,67,False,True,False,True,True,False,True,False,True,False,False,False,True
301,28,99,1.0,1.0,6,61,1.0,1,0.0,1.0,3,0.0,0.0,71,False,True,False,True,False,True,True,False,True,False,False,False,True
302,16,84,1.0,2.0,7,86,1.0,1,0.0,1.0,2,0.0,0.0,67,True,False,True,False,False,True,False,True,True,False,False,True,False
303,23,79,1.0,2.0,6,97,1.0,1,2.0,0.0,4,0.0,1.0,69,False,True,False,True,False,True,False,True,True,False,False,True,False
304,19,83,1.0,1.0,7,70,1.0,2,0.0,1.0,4,2.0,0.0,67,True,False,False,True,False,True,False,True,False,True,True,False,False
305,19,97,2.0,1.0,6,66,2.0,2,1.0,1.0,2,1.0,1.0,72,True,False,True,False,False,True,False,True,True,False,False,False,True
306,27,93,2.0,0.0,6,59,2.0,2,0.0,1.0,4,0.0,0.0,70,True,False,True,False,True,False,False,True,True,False,True,False,False
307,25,73,1.0,2.0,7,70,0.0,0,0.0,1.0,4,2.0,1.0,67,False,True,True,False,False,True,False,True,True,False,False,True,False
308,25,69,0.0,2.0,7,78,1.0,0,0.0,2.0,3,0.0,2.0,64,True,False,False,True,False,True,False,True,True,False,True,False,False
309,28,71,1.0,1.0,8,69,2.0,1,1.0,2.0,1,1.0,1.0,67,True,False,True,False,True,False,False,True,True,False,False,True,False
310,20,80,0.0,2.0,8,81,1.0,3,1.0,1.0,4,2.0,0.0,69,False,True,True,False,True,False,False,True,True,False,True,False,False
311,24,90,0.0,0.0,7,83,1.0,0,0.0,1.0,3,1.0,0.0,68,False,True,True,False,True,False,False,True,True,False,False,False,True
312,18,80,1.0,1.0,8,55,0.0,2,0.0,0.0,3,0.0,1.0,63,False,True,False,True,True,False,False,True,True,False,False,True,False
313,22,63,1.0,2.0,7,85,1.0,4,2.0,2.0,3,1.0,0.0,68,True,False,False,True,False,True,False,True,True,False,True,False,False
314,19,89,2.0,1.0,7,95,1.0,0,1.0,1.0,3,0.0,0.0,70,False,True,False,True,False,True,False,True,True,False,False,False,True
315,21,92,1.0,0.0,8,51,0.0,0,1.0,1.0,2,1.0,1.0,66,False,True,False,True,False,True,False,True,True,False,False,True,False
316,24,72,2.0,2.0,6,78,2.0,0,0.0,2.0,6,0.0,0.0,68,True,False,False,True,True,False,False,True,True,False,True,False,False
317,15,87,2.0,0.0,4,80,2.0,0,0.0,1.0,3,1.0,0.0,67,False,True,True,False,False,True,False,True,True,False,False,False,True
318,33,77,0.0,2.0,5,85,1.0,0,0.0,1.0,5,0.0,2.0,69,True,False,True,False,False,True,False,True,True,False,False,True,False
319,14,96,1.0,0.0,9,69,2.0,0,1.0,1.0,3,1.0,0.0,66,True,False,True,False,False,True,False,True,False,True,True,False,False
320,13,94,1.0,1.0,7,91,0.0,3,0.0,1.0,3,0.0,0.0,68,False,True,False,True,False,True,False,True,True,False,False,True,False
321,27,81,1.0,1.0,7,77,1.0,2,1.0,0.0,2,2.0,1.0,69,True,False,False,True,False,True,False,True,False,True,False,True,False
322,25,88,1.0,1.0,7,70,0.0,1,1.0,1.0,3,2.0,1.0,70,False,True,True,False,False,True,False,True,True,False,False,False,True
323,24,95,1.0,2.0,8,86,2.0,1,1.0,2.0,3,1.0,0.0,74,False,True,True,False,False,True,False,True,True,False,False,True,False
324,24,80,1.0,2.0,7,96,2.0,0,0.0,2.0,0,1.0,1.0,70,True,False,False,True,False,True,False,True,True,False,False,False,True
325,20,73,1.0,1.0,7,91,0.0,1,1.0,2.0,2,2.0,1.0,66,False,True,False,True,False,True,False,True,True,False,False,True,False
326,15,90,2.0,1.0,8,97,1.0,1,0.0,2.0,3,1.0,0.0,69,True,False,True,False,False,True,False,True,True,False,True,False,False
327,20,69,1.0,2.0,6,63,0.0,0,0.0,1.0,3,2.0,0.0,64,False,True,False,True,True,False,False,True,True,False,True,False,False
328,16,76,0.0,2.0,8,56,1.0,1,0.0,1.0,1,0.0,0.0,62,False,True,False,True,False,True,True,False,True,False,False,False,True
329,26,95,0.0,2.0,7,77,1.0,0,1.0,1.0,3,0.0,1.0,70,True,False,False,True,True,False,False,True,True,False,False,True,False
330,19,89,2.0,1.0,7,52,1.0,2,1.0,1.0,4,0.0,1.0,68,False,True,False,True,False,True,False,True,True,False,True,False,False
331,15,76,1.0,1.0,6,84,0.0,0,1.0,2.0,3,1.0,0.0,65,True,False,False,True,False,True,False,True,True,False,False,True,False
332,18,69,2.0,2.0,7,62,0.0,3,1.0,1.0,3,0.0,1.0,65,False,True,False,True,True,False,False,True,True,False,False,False,True
333,22,74,2.0,2.0,6,73,0.0,3,2.0,2.0,4,2.0,1.0,71,True,False,False,True,False,True,False,True,True,False,False,False,True
334,17,71,2.0,1.0,9,83,0.0,2,1.0,1.0,5,0.0,0.0,66,False,True,False,True,False,True,False,True,True,False,False,True,False
335,15,67,1.0,1.0,4,74,1.0,0,0.0,1.0,3,1.0,1.0,61,False,True,False,True,True,False,False,True,True,False,True,False,False
336,21,90,0.0,1.0,8,62,0.0,2,1.0,2.0,5,0.0,0.0,67,False,True,False,True,False,True,False,True,False,True,True,False,False
337,21,70,0.0,2.0,4,94,1.0,0,0.0,2.0,2,1.0,2.0,65,False,True,True,False,False,True,False,True,True,False,False,True,False
338,17,78,1.0,2.0,8,88,1.0,0,0.0,1.0,3,0.0,0.0,65,True,False,False,True,True,False,False,True,True,False,True,False,False
339,17,75,1.0,2.0,6,80,1.0,1,0.0,1.0,5,0.0,1.0,65,False,True,True,False,False,True,True,False,True,False,False,False,True
340,21,99,1.0,1.0,8,85,2.0,4,1.0,1.0,4,0.0,1.0,73,False,True,False,True,True,False,False,True,True,False,False,False,True
341,11,76,1.0,1.0,7,71,1.0,1,1.0,0.0,2,1.0,0.0,62,False,True,False,True,False,True,True,False,True,False,False,True,False
342,12,63,1.0,2.0,5,69,0.0,0,1.0,2.0,2,1.0,1.0,60,True,False,False,True,False,True,False,True,True,False,True,False,False
343,16,64,0.0,1.0,9,58,0.0,1,1.0,1.0,3,1.0,1.0,61,True,False,False,True,False,True,False,True,True,False,False,False,True
344,19,84,0.0,1.0,8,90,2.0,2,0.0,1.0,3,2.0,2.0,67,False,True,True,False,False,True,False,True,True,False,False,True,False
345,22,84,2.0,1.0,8,69,1.0,3,1.0,2.0,4,1.0,0.0,70,False,True,True,False,True,False,True,False,True,False,False,True,False
346,29,77,0.0,2.0,6,85,1.0,1,1.0,1.0,1,1.0,0.0,69,False,True,False,True,True,False,False,True,True,False,False,False,True
347,25,77,1.0,0.0,8,65,2.0,0,1.0,1.0,5,1.0,2.0,66,True,False,False,True,False,True,True,False,True,False,False,False,True
348,19,62,1.0,1.0,5,90,0.0,2,0.0,2.0,3,1.0,1.0,64,False,True,False,True,True,False,False,True,True,False,False,False,True
349,20,81,2.0,1.0,4,55,1.0,1,2.0,1.0,2,2.0,1.0,68,False,True,True,False,False,True,False,True,True,False,False,False,True
350,14,80,2.0,1.0,5,81,1.0,1,0.0,1.0,4,2.0,2.0,67,True,False,False,True,False,True,False,True,True,False,False,False,True
351,20,66,1.0,1.0,6,90,2.0,0,1.0,1.0,1,1.0,0.0,64,True,False,False,True,True,False,False,True,True,False,False,True,False
352,18,64,1.0,1.0,6,83,2.0,2,0.0,1.0,2,1.0,0.0,65,False,True,False,True,False,True,False,True,True,False,False,False,True
353,22,65,0.0,2.0,6,85,1.0,2,2.0,1.0,3,2.0,0.0,66,True,False,False,True,False,True,False,True,False,True,False,False,True
354,15,64,1.0,1.0,6,76,2.0,2,1.0,1.0,4,0.0,0.0,63,True,False,True,False,False,True,False,True,False,True,False,False,True
355,23,84,2.0,1.0,6,78,0.0,2,0.0,0.0,2,0.0,1.0,68,True,False,False,True,False,True,False,True,True,False,True,False,False
356,29,68,1.0,2.0,4,53,1.0,1,1.0,1.0,4,0.0,2.0,66,False,True,True,False,False,True,False,True,True,False,True,False,False
357,19,70,1.0,1.0,7,63,0.0,3,0.0,0.0,5,0.0,0.0,63,False,True,False,True,True,False,True,False,True,False,False,True,False
358,22,67,0.0,1.0,7,86,0.0,1,0.0,1.0,3,0.0,1.0,63,True,False,False,True,True,False,False,True,True,False,False,False,True
359,24,98,2.0,1.0,6,97,1.0,1,1.0,1.0,4,1.0,2.0,74,False,True,False,True,False,True,False,True,True,False,False,False,True
360,18,94,1.0,2.0,9,77,0.0,1,1.0,2.0,2,1.0,1.0,70,False,True,False,True,False,True,False,True,True,False,False,False,True
361,21,69,2.0,2.0,7,86,1.0,2,0.0,1.0,3,0.0,0.0,68,False,True,True,False,False,True,False,True,True,False,False,True,False
362,20,73,1.0,1.0,7,84,1.0,0,1.0,1.0,4,2.0,1.0,66,True,False,False,True,False,True,False,True,True,False,False,True,False
363,21,68,1.0,0.0,8,100,0.0,0,1.0,1.0,4,0.0,2.0,63,False,True,False,True,True,False,False,True,True,False,False,False,True
364,15,80,0.0,2.0,5,90,1.0,4,0.0,1.0,3,1.0,2.0,67,True,False,False,True,True,False,False,True,True,False,False,False,True
365,20,61,1.0,1.0,7,81,1.0,1,1.0,0.0,3,0.0,1.0,62,False,True,False,True,True,False,False,True,True,False,False,True,False
366,23,87,2.0,2.0,8,56,1.0,1,1.0,2.0,3,2.0,1.0,71,False,True,False,True,True,False,False,True,True,False,False,False,True
367,29,81,2.0,1.0,7,68,1.0,2,1.0,1.0,4,2.0,0.0,72,False,True,False,True,True,False,False,True,True,False,False,True,False
368,26,96,1.0,1.0,5,63,1.0,1,2.0,1.0,2,2.0,0.0,72,False,True,True,False,False,True,True,False,True,False,False,False,True
369,33,67,1.0,1.0,6,93,2.0,0,0.0,2.0,3,0.0,2.0,68,True,False,False,True,False,True,False,True,True,False,False,True,False
370,15,92,1.0,0.0,7,72,0.0,1,1.0,1.0,5,0.0,0.0,66,True,False,False,True,False,True,False,True,True,False,True,False,False
371,25,92,1.0,1.0,4,77,1.0,0,0.0,1.0,3,0.0,0.0,70,False,True,False,True,True,False,False,True,True,False,False,False,True
372,21,65,1.0,0.0,5,98,2.0,2,0.0,1.0,4,2.0,0.0,66,False,True,True,False,False,True,True,False,True,False,False,False,True
373,33,76,1.0,1.0,10,92,0.0,1,2.0,1.0,3,2.0,0.0,72,True,False,True,False,False,True,False,True,True,False,False,False,True
374,15,67,2.0,1.0,8,89,0.0,0,2.0,2.0,4,0.0,1.0,64,True,False,False,True,False,True,False,True,True,False,False,True,False
375,15,70,2.0,1.0,9,57,1.0,1,1.0,1.0,3,0.0,0.0,63,True,False,True,False,True,False,False,True,True,False,True,False,False
376,16,71,1.0,1.0,8,51,1.0,0,0.0,1.0,2,2.0,2.0,61,True,False,False,True,True,False,False,True,True,False,True,False,False
377,7,82,2.0,2.0,8,56,1.0,0,0.0,1.0,2,0.0,2.0,62,False,True,True,False,False,True,False,True,True,False,True,False,False
378,17,76,1.0,2.0,7,87,2.0,1,1.0,2.0,4,0.0,0.0,68,True,False,False,True,True,False,False,True,True,False,False,False,True
379,15,98,0.0,1.0,8,71,0.0,1,1.0,1.0,3,0.0,0.0,68,False,True,False,True,False,True,False,True,True,False,False,False,True
380,21,65,0.0,1.0,9,56,2.0,1,1.0,1.0,5,0.0,1.0,63,False,True,False,True,True,False,False,True,True,False,False,False,True
381,22,99,1.0,0.0,8,87,0.0,1,1.0,1.0,4,0.0,1.0,70,True,False,True,False,False,True,False,True,True,False,False,True,False
382,31,69,2.0,0.0,7,60,1.0,1,0.0,1.0,3,2.0,0.0,68,True,False,False,True,False,True,False,True,True,False,False,True,False
383,26,91,2.0,1.0,7,79,1.0,1,0.0,1.0,5,0.0,0.0,72,True,False,True,False,False,True,False,True,True,False,False,True,False
384,17,74,1.0,1.0,8,87,1.0,4,0.0,0.0,3,1.0,0.0,67,False,True,False,True,False,True,False,True,True,False,False,False,True
385,15,66,0.0,2.0,6,80,1.0,1,0.0,1.0,1,1.0,0.0,61,False,True,True,False,True,False,True,False,True,False,False,True,False
386,23,94,0.0,1.0,8,100,1.0,0,0.0,1.0,3,2.0,0.0,69,False,True,False,True,True,False,True,False,True,False,False,True,False
387,12,72,1.0,0.0,6,72,2.0,2,0.0,2.0,2,0.0,1.0,61,True,False,True,False,False,True,False,True,True,False,True,False,False
388,31,86,2.0,2.0,6,66,1.0,3,1.0,1.0,3,1.0,1.0,75,False,True,False,True,False,True,False,True,True,False,False,False,True
389,27,83,2.0,0.0,5,60,1.0,0,2.0,0.0,2,1.0,1.0,68,True,False,False,True,True,False,False,True,True,False,False,True,False
390,17,79,1.0,0.0,6,75,0.0,1,1.0,2.0,4,0.0,0.0,65,False,True,False,True,False,True,False,True,True,False,False,True,False
391,10,80,2.0,1.0,6,93,2.0,4,1.0,1.0,3,1.0,1.0,67,True,False,False,True,False,True,False,True,True,False,True,False,False
392,28,89,1.0,2.0,10,97,2.0,3,1.0,0.0,6,0.0,0.0,75,True,False,False,True,False,True,False,True,True,False,True,False,False
393,19,64,0.0,1.0,6,99,1.0,1,1.0,1.0,3,1.0,0.0,64,False,True,False,True,True,False,False,True,True,False,False,False,True
394,27,87,1.0,1.0,8,77,1.0,1,0.0,2.0,4,0.0,1.0,70,False,True,False,True,True,False,False,True,True,False,False,True,False
395,10,96,2.0,2.0,6,80,1.0,0,1.0,1.0,4,0.0,1.0,67,True,False,False,True,True,False,True,False,True,False,False,True,False
396,16,62,1.0,1.0,7,79,0.0,2,1.0,1.0,3,0.0,0.0,63,False,True,False,True,False,True,False,True,True,False,False,True,False
397,20,66,2.0,2.0,7,73,1.0,1,1.0,1.0,4,1.0,0.0,65,True,False,False,True,True,False,False,True,True,False,True,False,False
398,20,89,1.0,1.0,4,58,1.0,1,1.0,1.0,3,0.0,2.0,67,True,False,False,True,False,True,False,True,True,False,False,False,True
399,24,76,0.0,2.0,6,72,2.0,3,1.0,2.0,3,0.0,1.0,67,True,False,False,True,True,False,False,True,False,True,False,True,False
400,14,65,2.0,1.0,5,59,0.0,1,2.0,1.0,4,2.0,2.0,63,False,True,False,True,True,False,False,True,True,False,False,False,True
401,19,80,1.0,1.0,7,94,1.0,0,1.0,0.0,3,1.0,1.0,66,True,False,False,True,True,False,False,True,True,False,False,True,False
402,21,65,2.0,2.0,7,88,0.0,2,0.0,1.0,1,0.0,0.0,65,False,True,True,False,True,False,False,True,True,False,False,True,False
403,23,79,1.0,1.0,5,81,1.0,1,1.0,1.0,3,0.0,0.0,67,True,False,True,False,True,False,False,True,True,False,False,True,False
404,24,91,1.0,1.0,7,52,0.0,0,2.0,2.0,4,1.0,0.0,69,False,True,False,True,True,False,False,True,True,False,False,True,False
405,13,70,2.0,2.0,6,81,1.0,2,1.0,0.0,2,2.0,0.0,66,False,True,False,True,True,False,False,True,True,False,False,False,True
406,11,79,1.0,1.0,7,81,1.0,1,2.0,1.0,2,0.0,1.0,64,False,True,False,True,False,True,False,True,True,False,False,True,False
407,28,100,2.0,0.0,6,72,1.0,1,0.0,1.0,2,2.0,0.0,73,True,False,False,True,False,True,False,True,True,False,True,False,False
408,22,87,0.0,1.0,8,83,0.0,1,0.0,1.0,1,1.0,2.0,66,False,True,False,True,True,False,False,True,True,False,False,True,False
409,16,94,1.0,1.0,9,93,0.0,1,0.0,1.0,4,2.0,0.0,68,True,False,False,True,True,False,False,True,True,False,True,False,False
410,29,77,2.0,0.0,8,88,0.0,0,1.0,2.0,4,1.0,1.0,70,False,True,False,True,False,True,False,True,True,False,False,False,True
411,21,91,2.0,1.0,9,74,1.0,2,0.0,0.0,2,0.0,0.0,69,True,False,True,False,True,False,False,True,True,False,True,False,False
412,27,62,1.0,2.0,5,63,0.0,4,2.0,1.0,4,0.0,0.0,67,True,False,False,True,False,True,False,True,True,False,True,False,False
413,20,65,1.0,0.0,6,74,0.0,0,1.0,1.0,3,1.0,1.0,62,False,True,True,False,True,False,False,True,True,False,False,False,True
414,32,68,1.0,0.0,8,97,2.0,1,0.0,1.0,2,0.0,0.0,68,False,True,False,True,True,False,False,True,True,False,False,False,True
415,31,76,1.0,2.0,9,91,1.0,1,0.0,1.0,4,2.0,0.0,72,False,True,True,False,False,True,False,True,True,False,False,True,False
416,19,94,0.0,1.0,8,51,1.0,3,1.0,0.0,5,2.0,0.0,69,False,True,True,False,True,False,False,True,True,False,False,False,True
417,26,74,0.0,0.0,5,89,0.0,3,2.0,2.0,2,0.0,0.0,66,False,True,True,False,True,False,False,True,True,False,True,False,False
418,24,86,2.0,2.0,6,59,1.0,1,0.0,1.0,3,0.0,1.0,70,True,False,False,True,True,False,False,True,True,False,False,False,True
419,28,88,2.0,1.0,8,79,1.0,0,1.0,1.0,3,0.0,2.0,71,False,True,False,True,True,False,False,True,True,False,False,False,True
420,14,83,1.0,1.0,7,90,1.0,0,0.0,0.0,3,1.0,0.0,65,True,False,False,True,False,True,False,True,True,False,True,False,False
421,24,74,2.0,1.0,6,78,1.0,3,0.0,2.0,3,1.0,0.0,70,True,False,False,True,False,True,False,True,True,False,False,False,True
422,26,83,0.0,0.0,7,70,2.0,2,1.0,2.0,4,0.0,1.0,65,False,True,False,True,True,False,True,False,False,True,True,False,False
423,9,74,1.0,2.0,7,66,0.0,1,2.0,2.0,3,0.0,2.0,62,True,False,True,False,True,False,False,True,True,False,False,True,False
424,13,63,2.0,1.0,5,65,1.0,2,2.0,1.0,2,0.0,2.0,62,False,True,True,False,False,True,False,True,True,False,False,True,False
425,8,100,2.0,1.0,8,92,1.0,1,1.0,2.0,3,2.0,1.0,70,True,False,False,True,False,True,False,True,True,False,False,True,False
426,18,65,1.0,2.0,6,91,1.0,5,0.0,1.0,3,1.0,0.0,66,False,True,True,False,False,True,True,False,True,False,False,True,False
427,24,63,2.0,0.0,7,91,0.0,4,0.0,1.0,4,0.0,0.0,67,True,False,True,False,False,True,False,True,True,False,False,False,True
428,29,95,1.0,0.0,9,64,1.0,1,1.0,2.0,3,0.0,0.0,72,True,False,False,True,True,False,False,True,True,False,False,False,True
429,20,72,2.0,0.0,7,90,0.0,0,0.0,2.0,3,2.0,0.0,66,True,False,True,False,False,True,False,True,True,False,True,False,False
430,30,86,1.0,0.0,8,52,1.0,2,1.0,1.0,2,1.0,1.0,68,True,False,False,True,False,True,False,True,False,True,True,False,False
431,12,73,2.0,1.0,5,60,1.0,1,0.0,1.0,4,0.0,1.0,62,False,True,False,True,True,False,False,True,True,False,True,False,False
432,10,76,0.0,1.0,8,76,1.0,2,2.0,2.0,3,2.0,1.0,64,False,True,True,False,False,True,False,True,False,True,False,False,True
433,20,70,1.0,1.0,8,70,1.0,0,0.0,1.0,5,2.0,0.0,65,True,False,False,True,True,False,False,True,True,False,False,True,False
434,22,74,1.0,0.0,6,56,0.0,4,1.0,2.0,3,2.0,1.0,66,False,True,False,True,False,True,False,True,True,False,True,False,False
435,20,76,1.0,0.0,7,52,1.0,2,0.0,2.0,3,0.0,0.0,64,True,False,True,False,True,False,False,True,True,False,False,True,False
436,8,89,1.0,2.0,7,81,0.0,4,0.0,1.0,3,1.0,0.0,67,False,True,False,True,False,True,False,True,True,False,False,True,False
437,19,80,2.0,1.0,7,66,0.0,4,1.0,1.0,4,1.0,0.0,69,True,False,False,True,False,True,False,True,True,False,True,False,False
438,12,98,2.0,1.0,8,51,1.0,0,1.0,0.0,5,2.0,1.0,68,False,True,False,True,False,True,False,True,True,False,False,False,True
439,24,62,1.0,1.0,6,72,2.0,2,0.0,0.0,4,0.0,0.0,64,False,True,False,True,True,False,False,True,True,False,False,True,False
440,22,80,2.0,1.0,7,65,1.0,2,2.0,1.0,2,0.0,1.0,68,True,False,True,False,False,True,False,True,True,False,False,True,False
441,14,83,0.0,0.0,9,79,1.0,1,1.0,0.0,3,0.0,0.0,64,False,True,False,True,False,True,False,True,True,False,False,False,True
442,17,97,1.0,2.0,9,96,2.0,0,2.0,1.0,1,2.0,0.0,71,False,True,False,True,True,False,False,True,True,False,True,False,False
443,14,62,2.0,2.0,8,65,0.0,3,0.0,1.0,2,0.0,2.0,61,False,True,False,True,False,True,False,True,True,False,True,False,False
444,20,83,0.0,1.0,7,100,1.0,4,0.0,1.0,3,1.0,0.0,68,False,True,False,True,True,False,False,True,True,False,True,False,False
445,26,94,2.0,1.0,10,54,0.0,2,2.0,1.0,5,0.0,0.0,73,False,True,False,True,False,True,False,True,True,False,False,True,False
446,14,70,2.0,1.0,9,54,1.0,3,1.0,1.0,1,1.0,0.0,64,False,True,False,True,False,True,True,False,True,False,False,False,True
447,23,95,1.0,1.0,7,86,1.0,3,0.0,1.0,4,2.0,2.0,72,False,True,False,True,False,True,False,True,False,True,False,False,True
448,17,61,1.0,1.0,7,87,2.0,5,1.0,1.0,3,0.0,0.0,65,False,True,False,True,False,True,False,True,True,False,False,True,False
449,15,89,1.0,1.0,6,71,1.0,1,1.0,2.0,4,0.0,0.0,68,True,False,False,True,False,True,False,True,True,False,False,False,True
450,19,97,2.0,0.0,8,64,1.0,2,0.0,2.0,3,0.0,0.0,71,False,True,False,True,False,True,False,True,True,False,False,False,True
451,14,86,1.0,0.0,8,90,1.0,3,1.0,1.0,3,2.0,0.0,65,False,True,False,True,False,True,True,False,False,True,True,False,False
452,17,78,1.0,1.0,8,98,0.0,2,1.0,1.0,2,0.0,0.0,66,False,True,True,False,True,False,False,True,True,False,False,False,True
453,13,62,0.0,2.0,7,99,1.0,4,1.0,0.0,1,2.0,1.0,63,True,False,False,True,True,False,False,True,True,False,False,False,True
454,32,97,1.0,2.0,5,82,1.0,1,1.0,1.0,3,0.0,1.0,74,False,True,False,True,True,False,False,True,True,False,False,True,False
455,20,79,2.0,0.0,7,87,0.0,2,1.0,2.0,4,0.0,0.0,66,True,False,True,False,False,True,True,False,False,True,False,True,False
456,16,61,1.0,0.0,8,91,2.0,2,1.0,2.0,3,1.0,1.0,63,False,True,False,True,True,False,False,True,True,False,False,True,False
457,21,88,2.0,1.0,6,90,2.0,2,2.0,1.0,4,0.0,1.0,72,False,True,True,False,False,True,False,True,True,False,False,True,False
458,19,79,1.0,2.0,7,100,0.0,1,2.0,2.0,2,1.0,2.0,69,True,False,False,True,True,False,False,True,True,False,False,False,True
459,19,65,1.0,2.0,9,91,1.0,1,1.0,2.0,4,1.0,0.0,67,False,True,False,True,False,True,False,True,True,False,False,False,True
460,24,69,0.0,2.0,5,83,0.0,3,0.0,1.0,3,0.0,0.0,66,False,True,True,False,True,False,False,True,True,False,False,True,False
461,25,63,2.0,1.0,7,69,1.0,0,0.0,2.0,5,0.0,1.0,64,True,False,True,False,True,False,False,True,True,False,True,False,False
462,17,83,0.0,1.0,9,80,1.0,4,1.0,2.0,2,1.0,0.0,67,True,False,False,True,True,False,False,True,True,False,True,False,False
463,17,85,1.0,0.0,7,94,2.0,4,0.0,1.0,3,1.0,0.0,69,True,False,False,True,True,False,False,True,True,False,False,False,True
464,18,80,1.0,0.0,6,65,1.0,2,0.0,2.0,2,1.0,0.0,65,True,False,False,True,False,True,False,True,True,False,True,False,False
465,6,93,1.0,1.0,7,52,2.0,0,1.0,1.0,2,1.0,0.0,64,True,False,False,True,True,False,False,True,True,False,False,True,False
466,11,94,1.0,0.0,8,66,2.0,1,2.0,0.0,4,0.0,0.0,65,True,False,False,True,False,True,True,False,True,False,False,True,False
467,28,85,1.0,2.0,7,98,1.0,2,0.0,2.0,1,0.0,0.0,72,False,True,True,False,False,True,False,True,False,True,False,False,True
468,30,61,0.0,2.0,8,90,1.0,2,0.0,2.0,2,0.0,1.0,66,True,False,False,True,False,True,False,True,True,False,True,False,False
469,19,88,1.0,0.0,7,59,1.0,2,0.0,1.0,3,1.0,0.0,66,True,False,False,True,True,False,False,True,True,False,False,True,False
470,23,77,2.0,2.0,7,51,1.0,1,0.0,0.0,3,1.0,1.0,67,False,True,True,False,False,True,False,True,True,False,False,False,True
471,22,83,1.0,1.0,8,83,2.0,1,2.0,1.0,3,2.0,1.0,69,False,True,True,False,False,True,False,True,False,True,True,False,False
472,38,86,0.0,2.0,7,79,0.0,3,0.0,1.0,3,0.0,0.0,73,False,True,False,True,False,True,False,True,True,False,True,False,False
473,27,74,1.0,2.0,6,54,1.0,3,1.0,1.0,3,1.0,0.0,69,True,False,False,True,True,False,False,True,True,False,False,True,False
474,19,97,1.0,0.0,8,98,1.0,1,0.0,1.0,4,0.0,0.0,68,False,True,True,False,True,False,False,True,False,True,False,True,False
475,14,65,0.0,1.0,7,81,1.0,1,0.0,1.0,3,0.0,1.0,61,True,False,False,True,False,True,False,True,True,False,False,False,True
476,10,87,1.0,0.0,6,83,1.0,0,0.0,1.0,4,0.0,0.0,63,False,True,False,True,False,True,True,False,True,False,False,False,True
477,21,60,1.0,2.0,8,93,0.0,0,0.0,1.0,2,0.0,2.0,63,True,False,False,True,False,True,False,True,True,False,False,False,True
478,15,97,0.0,1.0,9,67,1.0,1,0.0,2.0,2,1.0,0.0,68,False,True,False,True,False,True,False,True,True,False,False,True,False
479,11,65,1.0,2.0,7,78,1.0,2,0.0,1.0,3,2.0,0.0,63,True,False,False,True,True,False,False,True,True,False,False,True,False
480,16,64,2.0,1.0,7,79,1.0,3,1.0,1.0,4,2.0,0.0,66,True,False,True,False,False,True,False,True,False,True,False,False,True
481,14,73,2.0,1.0,5,98,1.0,2,0.0,1.0,4,0.0,1.0,65,True,False,False,True,False,True,False,True,True,False,True,False,False
482,30,75,2.0,2.0,7,57,2.0,0,0.0,1.0,1,1.0,0.0,68,True,False,False,True,True,False,False,True,False,True,False,True,False
483,25,69,1.0,1.0,7,88,2.0,0,0.0,1.0,4,1.0,0.0,66,True,False,False,True,False,True,False,True,True,False,True,False,False
484,20,83,0.0,0.0,7,79,0.0,2,1.0,1.0,5,2.0,1.0,66,False,True,False,True,True,False,True,False,True,False,False,False,True
485,29,78,2.0,1.0,6,92,1.0,2,0.0,1.0,4,0.0,0.0,70,False,True,True,False,True,False,False,True,True,False,True,False,False
486,20,61,0.0,0.0,8,92,1.0,0,1.0,1.0,2,0.0,0.0,61,True,False,False,True,False,True,False,True,True,False,True,False,False
487,15,73,1.0,0.0,7,51,1.0,2,0.0,2.0,3,0.0,1.0,61,False,True,True,False,False,True,False,True,True,False,True,False,False
488,29,92,1.0,1.0,10,63,2.0,1,0.0,2.0,4,0.0,1.0,71,False,True,True,False,False,True,False,True,True,False,True,False,False
489,23,88,0.0,1.0,7,59,1.0,1,1.0,1.0,2,0.0,0.0,67,False,True,False,True,False,True,False,True,True,False,True,False,False
490,14,89,2.0,2.0,4,73,1.0,2,1.0,2.0,3,1.0,0.0,70,False,True,False,True,False,True,False,True,True,False,True,False,False
491,19,88,2.0,1.0,5,95,1.0,2,0.0,1.0,4,1.0,1.0,69,False,True,True,False,True,False,False,True,True,False,True,False,False
492,15,72,2.0,2.0,8,50,1.0,2,1.0,1.0,4,0.0,0.0,65,True,False,False,True,True,False,False,True,True,False,False,True,False
493,12,64,2.0,0.0,6,74,2.0,0,1.0,1.0,2,0.0,1.0,61,False,True,False,True,False,True,False,True,True,False,False,False,True
494,26,71,1.0,0.0,6,94,0.0,3,0.0,1.0,4,2.0,0.0,68,False,True,False,True,True,False,False,True,True,False,False,False,True
495,31,93,2.0,0.0,5,96,1.0,2,0.0,1.0,2,0.0,0.0,74,False,True,False,True,False,True,False,True,True,False,False,False,True
496,12,99,1.0,1.0,6,83,0.0,1,1.0,1.0,3,0.0,0.0,67,True,False,False,True,True,False,False,True,True,False,True,False,False
497,23,80,1.0,1.0,7,91,0.0,5,2.0,1.0,1,0.0,0.0,70,True,False,False,True,False,True,False,True,True,False,True,False,False
498,16,60,0.0,1.0,8,66,0.0,1,2.0,2.0,2,0.0,1.0,59,True,False,True,False,False,True,False,True,False,True,False,True,False
499,17,66,2.0,2.0,5,64,0.0,0,1.0,2.0,2,1.0,0.0,64,False,True,True,False,True,False,False,True,True,False,False,True,False
500,16,73,2.0,1.0,8,52,1.0,2,1.0,2.0,4,1.0,0.0,66,True,False,False,True,False,True,False,True,True,False,False,False,True
501,15,83,0.0,0.0,5,75,1.0,1,1.0,1.0,3,0.0,2.0,63,True,False,False,True,False,True,False,True,True,False,False,True,False
502,20,63,0.0,0.0,8,73,0.0,0,2.0,1.0,3,1.0,0.0,61,True,False,False,True,False,True,False,True,True,False,False,True,False
503,15,98,0.0,2.0,8,69,0.0,2,0.0,1.0,4,0.0,1.0,68,True,False,False,True,False,True,False,True,True,False,False,True,False
504,22,75,1.0,1.0,6,56,0.0,3,1.0,1.0,3,0.0,2.0,65,False,True,True,False,True,False,False,True,True,False,False,False,True
505,20,97,1.0,2.0,5,62,1.0,1,1.0,1.0,4,0.0,2.0,69,False,True,True,False,True,False,False,True,True,False,False,True,False
506,19,91,2.0,0.0,8,60,1.0,2,0.0,1.0,4,0.0,1.0,68,False,True,True,False,False,True,False,True,True,False,False,True,False
507,15,90,1.0,0.0,6,97,0.0,2,2.0,2.0,2,0.0,0.0,69,False,True,False,True,False,True,False,True,True,False,False,False,True
508,17,84,1.0,0.0,7,98,2.0,1,0.0,2.0,2,1.0,2.0,67,True,False,False,True,False,True,False,True,True,False,False,True,False
509,25,85,2.0,2.0,8,50,2.0,1,2.0,1.0,1,1.0,1.0,70,True,False,False,True,True,False,False,True,True,False,False,True,False
510,23,86,1.0,1.0,8,59,0.0,1,0.0,1.0,3,2.0,1.0,68,True,False,False,True,False,True,False,True,True,False,False,True,False
511,14,85,1.0,1.0,6,94,0.0,0,2.0,1.0,4,1.0,0.0,67,False,True,False,True,True,False,False,True,True,False,False,False,True
512,21,82,2.0,1.0,7,52,1.0,4,0.0,1.0,3,0.0,2.0,67,False,True,False,True,True,False,False,True,True,False,False,True,False
513,25,99,2.0,1.0,6,97,2.0,0,1.0,1.0,3,1.0,1.0,75,False,True,False,True,False,True,False,True,True,False,False,False,True
514,10,89,0.0,0.0,8,69,0.0,3,0.0,1.0,4,1.0,1.0,63,False,True,False,True,False,True,False,True,True,False,True,False,False
515,23,91,0.0,1.0,9,77,2.0,1,0.0,1.0,5,0.0,0.0,70,False,True,False,True,True,False,False,True,True,False,False,False,True
516,16,95,1.0,0.0,6,88,0.0,2,2.0,2.0,4,0.0,0.0,70,True,False,False,True,False,True,False,True,True,False,False,False,True
517,23,69,1.0,2.0,7,62,1.0,1,1.0,1.0,4,0.0,2.0,64,False,True,False,True,False,True,False,True,False,True,False,True,False
518,15,63,1.0,0.0,8,55,0.0,0,1.0,0.0,3,1.0,0.0,59,True,False,False,True,True,False,False,True,True,False,False,True,False
519,9,79,1.0,0.0,7,90,2.0,1,2.0,0.0,3,0.0,0.0,63,False,True,False,True,True,False,False,True,True,False,False,True,False
520,10,81,2.0,1.0,8,99,1.0,2,1.0,1.0,4,2.0,1.0,67,True,False,False,True,False,True,True,False,True,False,False,False,True
521,20,93,0.0,2.0,7,83,1.0,0,1.0,1.0,2,0.0,0.0,68,False,True,True,False,False,True,False,True,False,True,True,False,False
522,22,78,1.0,1.0,5,91,0.0,0,1.0,2.0,3,2.0,0.0,68,False,True,True,False,False,True,False,True,True,False,True,False,False
523,24,81,1.0,0.0,9,61,1.0,1,0.0,0.0,4,1.0,0.0,66,True,False,False,True,True,False,False,True,True,False,False,False,True
524,10,62,1.0,0.0,7,68,2.0,3,1.0,1.0,3,2.0,0.0,61,False,True,False,True,True,False,False,True,True,False,False,True,False
525,20,85,2.0,1.0,9,61,2.0,2,2.0,1.0,3,1.0,0.0,70,False,True,False,True,True,False,False,True,True,False,False,False,True
526,13,93,0.0,0.0,4,53,2.0,1,1.0,0.0,1,2.0,0.0,65,False,True,False,True,False,True,False,True,True,False,False,False,True
527,16,66,0.0,1.0,8,87,2.0,3,1.0,1.0,2,0.0,1.0,64,True,False,False,True,False,True,False,True,True,False,False,False,True
528,20,84,1.0,2.0,6,57,2.0,2,1.0,1.0,4,0.0,2.0,69,True,False,False,True,False,True,False,True,True,False,False,False,True
529,15,84,1.0,2.0,6,55,0.0,1,1.0,1.0,2,0.0,0.0,64,False,True,True,False,True,False,False,True,True,False,True,False,False
530,18,67,0.0,0.0,9,68,0.0,2,0.0,2.0,2,2.0,0.0,61,False,True,True,False,False,True,False,True,True,False,True,False,False
531,26,65,0.0,1.0,7,53,0.0,3,2.0,1.0,2,0.0,0.0,64,True,False,False,True,True,False,False,True,True,False,False,False,True
532,17,99,1.0,2.0,6,59,1.0,0,1.0,1.0,3,0.0,1.0,68,False,True,False,True,True,False,False,True,True,False,False,True,False
533,25,76,1.0,2.0,8,53,2.0,1,2.0,2.0,3,0.0,2.0,67,True,False,False,True,True,False,False,True,False,True,False,False,True
534,13,69,2.0,0.0,4,94,1.0,3,0.0,0.0,3,0.0,0.0,62,False,True,False,True,True,False,False,True,False,True,False,False,True
535,23,67,1.0,1.0,9,89,1.0,2,0.0,2.0,2,0.0,0.0,66,True,False,False,True,False,True,False,True,True,False,False,True,False
536,29,87,1.0,2.0,10,93,2.0,1,0.0,1.0,4,0.0,1.0,72,False,True,False,True,False,True,False,True,True,False,False,True,False
537,5,84,1.0,1.0,8,93,2.0,4,2.0,2.0,3,1.0,1.0,68,False,True,False,True,False,True,False,True,True,False,False,False,True
538,15,86,1.0,2.0,8,97,1.0,4,2.0,1.0,3,0.0,0.0,71,False,True,False,True,False,True,False,True,True,False,False,False,True
539,23,64,1.0,1.0,7,59,2.0,3,1.0,1.0,2,0.0,1.0,65,True,False,False,True,False,True,False,True,True,False,False,False,True
540,19,96,1.0,0.0,5,95,0.0,2,1.0,0.0,3,0.0,1.0,68,True,False,True,False,False,True,True,False,True,False,False,True,False
541,22,76,1.0,0.0,9,76,1.0,2,0.0,2.0,5,0.0,2.0,65,True,False,False,True,True,False,False,True,True,False,False,True,False
542,16,73,2.0,0.0,8,58,1.0,1,1.0,1.0,4,0.0,0.0,64,True,False,False,True,False,True,False,True,True,False,False,True,False
543,21,78,1.0,0.0,8,83,1.0,2,1.0,1.0,4,0.0,2.0,65,False,True,False,True,True,False,False,True,False,True,False,False,True
544,19,76,2.0,2.0,8,66,0.0,0,0.0,2.0,4,0.0,0.0,65,False,True,True,False,False,True,False,True,False,True,True,False,False
545,27,95,2.0,1.0,7,52,2.0,3,1.0,2.0,3,1.0,1.0,73,True,False,True,False,True,False,False,True,True,False,True,False,False
546,22,97,1.0,2.0,6,54,1.0,1,0.0,2.0,3,2.0,0.0,72,False,True,False,True,False,True,False,True,True,False,False,False,True
547,22,72,0.0,1.0,10,71,1.0,1,1.0,1.0,1,1.0,0.0,64,False,True,True,False,False,True,False,True,True,False,True,False,False
548,18,95,1.0,1.0,7,91,0.0,0,0.0,1.0,4,2.0,1.0,69,False,True,False,True,False,True,False,True,False,True,False,False,True
549,17,91,1.0,1.0,6,66,2.0,1,2.0,1.0,3,0.0,0.0,69,False,True,True,False,True,False,False,True,True,False,False,False,True
550,17,97,1.0,2.0,9,88,1.0,0,1.0,1.0,2,0.0,0.0,70,False,True,False,True,False,True,True,False,True,False,False,False,True
551,17,83,2.0,1.0,7,70,0.0,3,0.0,1.0,5,2.0,0.0,68,True,False,True,False,True,False,False,True,True,False,False,True,False
552,32,93,1.0,1.0,8,93,2.0,1,1.0,2.0,3,2.0,2.0,75,True,False,False,True,False,True,False,True,True,False,True,False,False
553,25,60,0.0,2.0,8,98,1.0,1,1.0,1.0,5,2.0,0.0,67,True,False,False,True,True,False,False,True,True,False,False,True,False
554,18,83,1.0,2.0,5,66,1.0,0,2.0,1.0,4,2.0,0.0,69,False,True,True,False,False,True,False,True,True,False,False,False,True
555,27,74,2.0,1.0,8,99,2.0,3,1.0,1.0,4,0.0,0.0,71,False,True,False,True,True,False,True,False,True,False,False,False,True
556,18,73,1.0,0.0,5,88,1.0,1,1.0,1.0,5,1.0,0.0,66,True,False,False,True,False,True,False,True,True,False,False,False,True
557,8,86,1.0,2.0,6,50,2.0,1,1.0,1.0,2,1.0,0.0,65,False,True,False,True,True,False,False,True,True,False,False,False,True
558,14,94,2.0,1.0,7,74,1.0,1,2.0,1.0,5,1.0,0.0,70,False,True,True,False,True,False,False,True,True,False,False,False,True
559,9,84,2.0,0.0,7,92,2.0,1,0.0,2.0,4,2.0,0.0,66,False,True,False,True,True,False,False,True,True,False,True,False,False
560,18,94,2.0,1.0,8,77,1.0,3,1.0,2.0,4,2.0,0.0,74,False,True,False,True,False,True,False,True,True,False,False,False,True
561,20,71,2.0,1.0,8,77,1.0,0,2.0,1.0,4,0.0,1.0,66,False,True,True,False,True,False,False,True,True,False,False,True,False
562,30,81,1.0,2.0,8,72,0.0,0,0.0,1.0,2,0.0,1.0,68,False,True,False,True,True,False,False,True,True,False,False,True,False
563,22,78,1.0,2.0,5,70,1.0,2,0.0,1.0,1,1.0,0.0,68,False,True,False,True,False,True,False,True,True,False,False,False,True
564,19,60,1.0,2.0,10,51,1.0,0,1.0,1.0,3,1.0,0.0,62,True,False,False,True,True,False,False,True,False,True,False,False,True
565,25,82,1.0,2.0,7,81,1.0,2,1.0,1.0,2,2.0,1.0,71,False,True,True,False,False,True,False,True,True,False,False,True,False
566,7,86,1.0,0.0,9,88,1.0,2,0.0,1.0,2,1.0,0.0,63,True,False,False,True,True,False,False,True,True,False,True,False,False
567,21,84,2.0,2.0,4,90,1.0,2,1.0,0.0,3,0.0,2.0,69,False,True,False,True,True,False,False,True,True,False,False,True,False
568,25,89,1.0,1.0,7,81,2.0,3,1.0,1.0,0,1.0,0.0,71,False,True,False,True,False,True,False,True,True,False,True,False,False
569,11,83,2.0,0.0,5,67,1.0,1,1.0,1.0,2,2.0,0.0,66,False,True,False,True,False,True,False,True,True,False,False,False,True
570,27,63,1.0,2.0,6,51,0.0,0,0.0,1.0,2,2.0,1.0,64,False,True,False,True,True,False,False,True,True,False,False,False,True
571,22,65,1.0,1.0,7,95,0.0,3,0.0,1.0,2,0.0,1.0,65,True,False,False,True,False,True,False,True,True,False,False,False,True
572,18,84,1.0,2.0,6,71,1.0,4,1.0,0.0,2,0.0,0.0,69,True,False,False,True,True,False,False,True,True,False,False,False,True
573,24,71,1.0,0.0,9,80,1.0,2,1.0,2.0,3,0.0,0.0,66,True,False,True,False,True,False,False,True,True,False,False,False,True
574,34,63,1.0,2.0,10,60,0.0,1,1.0,1.0,4,0.0,0.0,67,True,False,False,True,False,True,False,True,True,False,True,False,False
575,21,77,1.0,0.0,6,57,1.0,4,0.0,1.0,5,0.0,2.0,65,False,True,False,True,False,True,False,True,True,False,True,False,False
576,21,82,0.0,0.0,6,54,2.0,3,0.0,1.0,2,1.0,1.0,65,False,True,False,True,False,True,False,True,True,False,True,False,False
577,17,73,2.0,1.0,5,90,2.0,1,0.0,1.0,4,0.0,0.0,67,False,True,True,False,True,False,False,True,True,False,False,False,True
578,15,89,0.0,1.0,9,82,0.0,1,1.0,1.0,3,1.0,0.0,66,False,True,False,True,False,True,False,True,True,False,False,True,False
579,25,86,1.0,1.0,7,81,0.0,1,2.0,0.0,1,0.0,0.0,69,False,True,False,True,False,True,False,True,True,False,False,False,True
580,15,73,1.0,2.0,7,96,0.0,1,0.0,1.0,2,1.0,0.0,64,False,True,False,True,True,False,False,True,True,False,True,False,False
581,20,90,1.0,1.0,7,58,2.0,1,2.0,2.0,4,0.0,0.0,70,False,True,True,False,False,True,False,True,True,False,False,True,False
582,17,86,2.0,1.0,7,59,0.0,3,0.0,1.0,3,2.0,1.0,68,False,True,False,True,False,True,False,True,True,False,False,False,True
583,23,85,2.0,0.0,6,59,0.0,1,1.0,1.0,1,0.0,0.0,68,False,True,False,True,False,True,False,True,True,False,True,False,False
584,22,82,2.0,1.0,7,71,0.0,1,2.0,1.0,3,0.0,0.0,69,True,False,True,False,False,True,False,True,True,False,False,False,True
585,26,60,1.0,1.0,7,94,2.0,3,2.0,1.0,2,0.0,1.0,68,True,False,False,True,False,True,False,True,True,False,False,False,True
586,17,88,1.0,1.0,8,94,1.0,5,1.0,1.0,2,1.0,0.0,70,True,False,False,True,False,True,False,True,False,True,False,True,False
587,18,75,2.0,1.0,5,80,1.0,2,0.0,2.0,3,0.0,0.0,67,True,False,False,True,False,True,False,True,True,False,False,True,False
588,14,98,2.0,2.0,7,83,1.0,3,0.0,1.0,3,1.0,0.0,72,False,True,False,True,False,True,True,False,True,False,False,False,True
589,17,93,2.0,0.0,6,95,1.0,1,0.0,1.0,4,0.0,0.0,69,False,True,False,True,True,False,False,True,True,False,False,True,False
590,22,84,2.0,1.0,7,81,1.0,1,1.0,0.0,3,0.0,1.0,69,False,True,True,False,True,False,False,True,True,False,False,False,True
591,25,70,0.0,1.0,8,61,0.0,3,0.0,1.0,4,1.0,1.0,64,True,False,False,True,False,True,True,False,True,False,False,False,True
592,14,68,0.0,1.0,6,85,1.0,2,1.0,1.0,3,0.0,0.0,63,True,False,False,True,False,True,False,True,True,False,False,True,False
593,25,74,2.0,2.0,9,88,1.0,3,1.0,2.0,3,0.0,0.0,70,False,True,False,True,False,True,False,True,False,True,False,True,False
594,28,79,2.0,1.0,4,82,1.0,0,1.0,1.0,3,0.0,0.0,70,False,True,True,False,False,True,False,True,True,False,False,False,True
595,22,72,2.0,1.0,9,64,0.0,1,1.0,1.0,2,1.0,0.0,66,True,False,False,True,False,True,False,True,True,False,True,False,False
596,31,81,1.0,1.0,9,70,0.0,1,0.0,1.0,4,2.0,0.0,70,True,False,False,True,True,False,False,True,True,False,False,True,False
597,15,67,1.0,2.0,6,74,2.0,0,2.0,1.0,2,2.0,0.0,66,True,False,False,True,False,True,False,True,True,False,False,False,True
598,13,99,1.0,1.0,6,57,1.0,1,0.0,1.0,5,1.0,0.0,68,False,True,False,True,False,True,False,True,True,False,True,False,False
599,9,64,1.0,1.0,5,73,1.0,1,1.0,1.0,4,1.0,0.0,61,False,True,False,True,True,False,False,True,True,False,False,False,True
600,29,97,1.0,1.0,8,58,1.0,1,2.0,1.0,4,1.0,1.0,72,True,False,True,False,True,False,False,True,True,False,True,False,False
601,24,97,2.0,0.0,7,75,0.0,1,1.0,1.0,2,0.0,1.0,69,True,False,False,True,True,False,False,True,True,False,True,False,False
602,20,81,1.0,0.0,6,53,0.0,0,1.0,0.0,4,0.0,2.0,63,True,False,False,True,False,True,False,True,True,False,False,True,False
603,22,89,1.0,2.0,5,97,1.0,2,1.0,1.0,5,0.0,0.0,72,False,True,True,False,False,True,False,True,True,False,False,True,False
604,13,77,1.0,1.0,10,62,1.0,1,2.0,1.0,4,1.0,1.0,65,False,True,True,False,False,True,False,True,True,False,False,True,False
605,35,85,1.0,2.0,6,73,2.0,1,2.0,1.0,5,0.0,1.0,74,True,False,False,True,False,True,False,True,True,False,True,False,False
606,21,74,1.0,0.0,7,52,0.0,1,2.0,1.0,4,0.0,2.0,62,False,True,False,True,False,True,False,True,True,False,True,False,False
607,21,72,2.0,1.0,7,60,0.0,0,0.0,1.0,4,2.0,0.0,65,False,True,True,False,True,False,False,True,True,False,False,True,False
608,24,83,0.0,2.0,6,85,0.0,1,0.0,2.0,4,0.0,1.0,68,True,False,False,True,True,False,False,True,True,False,False,True,False
609,23,80,1.0,0.0,6,56,1.0,3,1.0,1.0,2,0.0,0.0,66,False,True,False,True,False,True,False,True,False,True,False,False,True
610,21,83,2.0,1.0,6,81,0.0,3,2.0,1.0,4,2.0,1.0,71,False,True,False,True,False,True,False,True,True,False,True,False,False
611,15,71,1.0,2.0,8,50,0.0,1,1.0,1.0,2,2.0,0.0,62,True,False,False,True,True,False,False,True,False,True,False,True,False
612,23,75,0.0,2.0,6,73,0.0,1,0.0,1.0,2,0.0,1.0,65,True,False,False,True,False,True,False,True,True,False,False,False,True
613,31,63,1.0,2.0,9,86,0.0,0,2.0,1.0,3,2.0,1.0,68,False,True,False,True,True,False,False,True,True,False,False,True,False
614,28,62,1.0,2.0,6,96,1.0,4,1.0,2.0,3,0.0,0.0,70,False,True,False,True,True,False,False,True,True,False,False,False,True
615,30,70,0.0,1.0,8,75,1.0,1,1.0,1.0,2,0.0,0.0,67,True,False,True,False,True,False,False,True,True,False,False,False,True
616,17,63,1.0,1.0,4,92,1.0,2,0.0,1.0,4,0.0,0.0,63,True,False,False,True,True,False,False,True,True,False,True,False,False
617,14,64,2.0,2.0,6,90,0.0,0,0.0,2.0,2,0.0,0.0,63,True,False,True,False,False,True,False,True,True,False,True,False,False
618,19,93,1.0,2.0,6,65,1.0,0,1.0,2.0,3,0.0,0.0,69,False,True,False,True,True,False,False,True,True,False,False,True,False
619,20,62,0.0,1.0,5,94,2.0,3,1.0,1.0,3,2.0,0.0,66,False,True,False,True,False,True,False,True,True,False,False,True,False
620,27,86,1.0,1.0,7,82,0.0,2,0.0,1.0,3,0.0,1.0,70,True,False,False,True,False,True,False,True,True,False,False,False,True
621,10,71,1.0,1.0,7,55,2.0,2,0.0,2.0,3,1.0,0.0,63,True,False,False,True,False,True,False,True,True,False,False,False,True
622,29,95,0.0,1.0,4,97,1.0,0,1.0,1.0,4,1.0,1.0,72,True,False,True,False,False,True,False,True,False,True,False,False,True
623,19,79,2.0,1.0,10,59,0.0,1,1.0,1.0,3,1.0,1.0,65,False,True,False,True,False,True,False,True,False,True,False,True,False
624,17,72,1.0,2.0,7,74,0.0,2,2.0,1.0,4,2.0,2.0,67,False,True,False,True,False,True,False,True,True,False,False,False,True
625,14,81,1.0,1.0,7,73,0.0,1,2.0,1.0,3,0.0,1.0,63,False,True,True,False,False,True,True,False,False,True,False,False,True
626,10,75,2.0,1.0,9,81,1.0,3,0.0,2.0,5,0.0,0.0,65,True,False,False,True,True,False,False,True,True,False,True,False,False
627,25,83,1.0,1.0,8,83,1.0,2,0.0,1.0,1,0.0,1.0,67,True,False,False,True,False,True,False,True,False,True,False,True,False
628,12,100,1.0,1.0,4,68,1.0,2,0.0,1.0,3,1.0,2.0,68,False,True,False,True,False,True,False,True,True,False,False,True,False
629,12,77,1.0,1.0,8,57,1.0,2,0.0,2.0,2,1.0,1.0,63,False,True,False,True,False,True,False,True,True,False,True,False,False
630,18,74,1.0,1.0,6,56,1.0,1,1.0,1.0,3,1.0,1.0,64,False,True,True,False,True,False,False,True,True,False,False,False,True
631,30,88,1.0,1.0,9,91,1.0,3,1.0,0.0,3,0.0,0.0,73,True,False,False,True,True,False,False,True,True,False,False,False,True
632,18,75,1.0,1.0,6,88,0.0,2,1.0,2.0,1,2.0,0.0,66,True,False,False,True,False,True,False,True,False,True,True,False,False
633,11,93,1.0,1.0,6,72,0.0,2,0.0,1.0,3,1.0,1.0,66,False,True,False,True,False,True,False,True,True,False,True,False,False
634,19,78,2.0,2.0,5,55,1.0,0,1.0,1.0,4,0.0,1.0,66,False,True,False,True,True,False,False,True,True,False,False,True,False
635,18,89,1.0,2.0,5,72,0.0,4,1.0,0.0,2,0.0,0.0,69,True,False,False,True,False,True,False,True,True,False,False,True,False
636,4,64,1.0,2.0,7,65,1.0,1,1.0,2.0,4,0.0,2.0,59,False,True,False,True,False,True,False,True,True,False,True,False,False
637,20,94,1.0,1.0,7,89,1.0,0,0.0,1.0,1,0.0,0.0,68,False,True,True,False,True,False,False,True,True,False,False,True,False
638,19,89,1.0,1.0,6,55,1.0,1,0.0,1.0,3,2.0,1.0,67,True,False,True,False,True,False,False,True,True,False,False,True,False
639,24,68,1.0,1.0,10,73,0.0,1,1.0,1.0,4,0.0,1.0,64,True,False,False,True,False,True,False,True,False,True,False,True,False
640,31,66,0.0,2.0,8,80,0.0,0,0.0,0.0,4,0.0,0.0,65,True,False,True,False,False,True,False,True,True,False,True,False,False
641,27,73,1.0,1.0,7,99,0.0,1,0.0,1.0,4,1.0,0.0,68,False,True,False,True,True,False,False,True,True,False,False,False,True
642,18,99,1.0,2.0,4,54,0.0,0,1.0,1.0,3,2.0,1.0,70,False,True,False,True,False,True,False,True,True,False,False,False,True
643,13,70,1.0,1.0,8,56,1.0,2,1.0,2.0,0,0.0,0.0,62,False,True,False,True,True,False,False,True,True,False,False,True,False
644,35,78,2.0,0.0,10,99,1.0,1,0.0,1.0,2,0.0,0.0,72,False,True,True,False,False,True,False,True,True,False,False,False,True
645,20,61,1.0,0.0,7,70,0.0,1,1.0,1.0,4,0.0,1.0,62,True,False,True,False,False,True,False,True,True,False,False,False,True
646,20,76,2.0,2.0,6,87,0.0,1,0.0,1.0,4,2.0,1.0,68,False,True,False,True,False,True,False,True,True,False,True,False,False
647,20,83,2.0,1.0,7,89,1.0,3,0.0,2.0,4,0.0,0.0,69,True,False,True,False,True,False,False,True,True,False,True,False,False
648,21,98,2.0,1.0,5,66,0.0,3,2.0,2.0,5,0.0,0.0,73,False,True,False,True,True,False,False,True,True,False,False,False,True
649,19,81,2.0,2.0,8,61,0.0,3,1.0,1.0,5,2.0,0.0,69,False,True,True,False,True,False,False,True,True,False,True,False,False
650,17,93,1.0,1.0,9,64,1.0,1,1.0,1.0,3,0.0,1.0,67,True,False,False,True,False,True,False,True,True,False,False,True,False
651,17,82,1.0,0.0,6,88,0.0,2,0.0,0.0,3,2.0,0.0,65,False,True,True,False,True,False,False,True,True,False,False,True,False
652,20,62,0.0,0.0,6,92,2.0,2,1.0,1.0,3,2.0,1.0,63,False,True,False,True,True,False,False,True,True,False,False,False,True
653,17,73,2.0,1.0,7,85,1.0,2,0.0,1.0,2,0.0,1.0,66,False,True,False,True,False,True,False,True,True,False,False,False,True
654,16,83,1.0,1.0,6,72,1.0,1,0.0,2.0,2,1.0,0.0,66,False,True,False,True,True,False,False,True,True,False,False,False,True
655,21,98,1.0,2.0,5,63,0.0,0,0.0,2.0,2,2.0,0.0,70,False,True,False,True,True,False,False,True,True,False,False,True,False
656,18,94,1.0,1.0,6,71,0.0,2,2.0,1.0,3,2.0,2.0,69,False,True,False,True,True,False,False,True,True,False,False,True,False
657,29,69,1.0,2.0,6,96,0.0,1,2.0,1.0,4,0.0,0.0,70,True,False,False,True,True,False,False,True,True,False,False,False,True
658,27,68,1.0,1.0,9,66,1.0,3,2.0,1.0,3,0.0,2.0,67,False,True,True,False,True,False,False,True,True,False,False,False,True
659,27,97,2.0,2.0,9,66,0.0,1,0.0,1.0,3,0.0,2.0,73,False,True,False,True,False,True,False,True,True,False,False,False,True
660,8,94,2.0,0.0,8,89,2.0,0,1.0,1.0,2,0.0,0.0,66,True,False,False,True,True,False,False,True,True,False,False,True,False
661,18,91,2.0,2.0,7,71,2.0,0,1.0,1.0,3,0.0,0.0,70,False,True,False,True,False,True,False,True,True,False,False,True,False
662,18,76,2.0,2.0,6,79,1.0,1,1.0,1.0,2,2.0,2.0,67,True,False,True,False,True,False,False,True,True,False,False,False,True
663,12,80,0.0,0.0,9,71,2.0,1,0.0,0.0,3,0.0,1.0,60,True,False,True,False,True,False,False,True,False,True,False,False,True
664,15,79,2.0,1.0,8,62,0.0,1,0.0,0.0,3,1.0,0.0,65,False,True,False,True,True,False,False,True,True,False,False,False,True
665,13,70,1.0,1.0,5,59,1.0,0,1.0,2.0,2,2.0,0.0,63,True,False,True,False,True,False,False,True,True,False,False,False,True
666,31,80,2.0,2.0,6,57,0.0,1,1.0,2.0,3,0.0,0.0,72,True,False,True,False,False,True,False,True,True,False,False,False,True
667,26,61,0.0,1.0,5,51,2.0,0,0.0,1.0,5,0.0,1.0,62,True,False,True,False,False,True,False,True,True,False,False,True,False
668,28,65,1.0,1.0,4,64,1.0,6,1.0,2.0,3,2.0,0.0,70,False,True,False,True,False,True,False,True,True,False,False,True,False
669,24,95,2.0,0.0,8,59,1.0,2,0.0,2.0,1,1.0,1.0,70,False,True,False,True,False,True,False,True,True,False,True,False,False
670,13,90,1.0,1.0,5,63,1.0,0,0.0,1.0,4,0.0,1.0,64,True,False,False,True,True,False,False,True,True,False,False,True,False
671,17,77,1.0,1.0,6,54,0.0,3,0.0,1.0,4,0.0,1.0,64,False,True,False,True,False,True,False,True,True,False,False,True,False
672,23,81,1.0,0.0,7,67,1.0,0,1.0,2.0,5,0.0,1.0,67,True,False,True,False,False,True,False,True,True,False,False,False,True
673,13,75,1.0,2.0,7,76,2.0,1,1.0,2.0,1,0.0,1.0,64,False,True,False,True,False,True,False,True,True,False,True,False,False
674,24,90,1.0,1.0,6,97,0.0,1,2.0,2.0,4,0.0,0.0,72,False,True,False,True,False,True,False,True,True,False,False,False,True
675,19,91,1.0,0.0,9,67,1.0,0,1.0,1.0,3,1.0,0.0,66,True,False,True,False,True,False,False,True,True,False,True,False,False
676,18,91,1.0,1.0,5,52,1.0,2,1.0,1.0,4,0.0,1.0,66,True,False,False,True,True,False,False,True,True,False,True,False,False
677,24,89,1.0,2.0,5,68,1.0,0,0.0,2.0,2,2.0,0.0,71,True,False,False,True,False,True,False,True,True,False,False,False,True
678,23,68,0.0,0.0,8,91,1.0,5,0.0,1.0,5,2.0,0.0,66,True,False,False,True,True,False,False,True,True,False,True,False,False
679,18,74,1.0,0.0,6,67,2.0,2,0.0,2.0,2,0.0,0.0,64,False,True,False,True,False,True,False,True,True,False,False,True,False
680,27,79,1.0,0.0,6,65,0.0,0,1.0,1.0,2,1.0,0.0,66,False,True,True,False,True,False,False,True,True,False,True,False,False
681,14,73,1.0,0.0,5,96,0.0,1,0.0,1.0,3,0.0,1.0,62,True,False,False,True,False,True,False,True,True,False,True,False,False
682,24,90,1.0,1.0,8,65,1.0,4,0.0,1.0,4,0.0,1.0,70,False,True,False,True,True,False,False,True,True,False,False,True,False
683,24,73,1.0,1.0,7,99,1.0,3,1.0,2.0,3,0.0,0.0,69,True,False,True,False,False,True,False,True,True,False,False,True,False
684,18,66,2.0,1.0,7,92,1.0,2,0.0,1.0,4,0.0,1.0,65,False,True,True,False,True,False,False,True,True,False,False,True,False
685,22,76,2.0,1.0,6,84,2.0,2,1.0,2.0,3,0.0,0.0,70,False,True,False,True,False,True,False,True,True,False,False,True,False
686,12,99,2.0,2.0,6,80,1.0,0,2.0,1.0,3,0.0,1.0,70,False,True,False,True,False,True,True,False,True,False,False,False,True
687,26,69,1.0,1.0,7,61,1.0,1,2.0,2.0,2,1.0,0.0,67,False,True,False,True,False,True,False,True,True,False,False,False,True
688,19,84,1.0,2.0,8,87,0.0,2,0.0,2.0,3,0.0,1.0,69,True,False,False,True,False,True,False,True,True,False,False,False,True
689,17,77,0.0,1.0,9,67,0.0,0,0.0,2.0,5,0.0,0.0,62,True,False,False,True,True,False,False,True,False,True,False,True,False
690,26,63,1.0,2.0,9,74,1.0,1,0.0,1.0,4,0.0,0.0,67,True,False,True,False,False,True,False,True,True,False,False,False,True
691,16,80,2.0,1.0,8,55,2.0,0,0.0,1.0,6,1.0,1.0,65,False,True,False,True,True,False,True,False,True,False,False,False,True
692,12,88,1.0,1.0,8,65,1.0,0,0.0,1.0,4,0.0,0.0,65,False,True,False,True,True,False,False,True,True,False,False,False,True
693,11,81,1.0,2.0,5,76,1.0,1,0.0,1.0,3,2.0,2.0,65,False,True,False,True,False,True,False,True,True,False,False,True,False
694,24,95,1.0,0.0,6,73,1.0,3,0.0,1.0,2,0.0,1.0,69,False,True,False,True,False,True,True,False,True,False,False,False,True
695,12,72,1.0,1.0,8,67,0.0,4,1.0,1.0,4,0.0,0.0,63,False,True,False,True,True,False,False,True,True,False,False,True,False
696,31,63,0.0,2.0,7,74,0.0,3,1.0,1.0,2,1.0,1.0,66,False,True,False,True,False,True,False,True,True,False,True,False,False
697,8,97,1.0,2.0,8,87,1.0,0,1.0,1.0,2,0.0,0.0,67,False,True,False,True,False,True,False,True,False,True,False,False,True
698,30,75,1.0,1.0,8,73,2.0,1,1.0,1.0,3,1.0,0.0,69,False,True,False,True,True,False,False,True,True,False,True,False,False
699,21,83,1.0,1.0,8,75,2.0,1,0.0,2.0,2,0.0,2.0,67,False,True,False,True,False,True,False,True,True,False,False,True,False
700,19,92,1.0,1.0,5,85,1.0,1,1.0,2.0,4,0.0,0.0,70,False,True,True,False,False,True,False,True,True,False,False,True,False
701,17,73,2.0,2.0,7,92,1.0,2,2.0,1.0,2,0.0,1.0,67,False,True,True,False,False,True,False,True,True,False,True,False,False
702,22,89,2.0,1.0,6,76,1.0,2,0.0,1.0,4,0.0,0.0,70,False,True,False,True,True,False,False,True,True,False,False,True,False
703,20,65,2.0,2.0,6,97,1.0,0,0.0,0.0,3,0.0,1.0,65,True,False,True,False,False,True,False,True,True,False,True,False,False
704,27,72,1.0,0.0,4,68,1.0,0,1.0,2.0,3,1.0,0.0,63,False,True,False,True,True,False,True,False,False,True,True,False,False
705,21,66,1.0,1.0,7,63,1.0,0,2.0,1.0,3,0.0,0.0,64,True,False,False,True,False,True,False,True,True,False,False,True,False
706,21,92,2.0,1.0,4,85,0.0,1,2.0,1.0,3,0.0,2.0,69,False,True,False,True,False,True,False,True,True,False,True,False,False
707,18,69,0.0,1.0,8,59,0.0,1,0.0,1.0,4,0.0,0.0,60,True,False,False,True,True,False,True,False,True,False,False,False,True
708,20,89,0.0,1.0,9,95,1.0,3,0.0,1.0,3,0.0,1.0,69,False,True,False,True,False,True,False,True,True,False,False,False,True
709,22,98,1.0,0.0,8,69,1.0,4,2.0,1.0,2,0.0,0.0,72,True,False,True,False,False,True,False,True,True,False,False,False,True
710,10,81,1.0,0.0,7,85,0.0,1,0.0,1.0,2,1.0,0.0,63,False,True,False,True,False,True,False,True,True,False,False,True,False
711,12,82,0.0,1.0,9,79,2.0,0,0.0,1.0,2,1.0,1.0,63,True,False,True,False,True,False,False,True,True,False,False,False,True
712,24,78,2.0,0.0,7,53,2.0,0,1.0,1.0,4,0.0,0.0,66,False,True,False,True,False,True,False,True,False,True,False,True,False
713,21,73,1.0,1.0,6,85,1.0,6,1.0,2.0,5,1.0,0.0,70,False,True,False,True,True,False,False,True,True,False,False,True,False
714,19,79,1.0,2.0,7,90,1.0,1,2.0,1.0,4,1.0,2.0,68,True,False,False,True,False,True,False,True,True,False,True,False,False
715,20,84,1.0,1.0,10,99,0.0,2,1.0,1.0,3,0.0,1.0,69,False,True,True,False,False,True,False,True,True,False,False,False,True
716,22,99,1.0,1.0,5,71,2.0,0,1.0,2.0,4,1.0,0.0,72,True,False,False,True,False,True,False,True,True,False,False,True,False
717,17,98,0.0,2.0,5,75,0.0,1,0.0,0.0,3,1.0,0.0,67,False,True,True,False,True,False,False,True,False,True,False,False,True
718,15,94,0.0,1.0,8,94,0.0,1,2.0,1.0,4,0.0,1.0,68,False,True,False,True,True,False,False,True,True,False,False,False,True
719,21,96,1.0,2.0,7,63,1.0,1,1.0,1.0,2,2.0,2.0,70,True,False,True,False,True,False,False,True,True,False,True,False,False
720,14,79,2.0,1.0,6,59,1.0,5,1.0,2.0,3,2.0,2.0,68,False,True,False,True,False,True,False,True,True,False,False,False,True
721,22,86,1.0,1.0,5,57,2.0,2,1.0,1.0,3,1.0,1.0,69,False,True,False,True,False,True,False,True,True,False,False,False,True
722,10,96,1.0,1.0,4,99,1.0,1,1.0,1.0,5,1.0,0.0,68,True,False,True,False,True,False,False,True,True,False,True,False,False
723,26,76,1.0,1.0,5,64,0.0,0,1.0,1.0,5,1.0,2.0,66,True,False,False,True,True,False,False,True,True,False,False,False,True
724,23,98,1.0,1.0,9,88,2.0,1,0.0,1.0,4,2.0,1.0,72,True,False,False,True,True,False,False,True,True,False,True,False,False
725,22,77,1.0,1.0,7,72,1.0,2,1.0,2.0,3,0.0,0.0,67,False,True,False,True,False,True,False,True,True,False,False,True,False
726,26,84,0.0,2.0,4,62,1.0,3,2.0,2.0,2,0.0,0.0,70,False,True,False,True,True,False,True,False,True,False,False,False,True
727,30,88,2.0,1.0,9,96,1.0,1,1.0,2.0,3,0.0,0.0,73,False,True,True,False,False,True,False,True,False,True,False,True,False
728,26,98,1.0,0.0,9,73,2.0,1,2.0,0.0,6,2.0,1.0,73,False,True,False,True,False,True,False,True,True,False,False,True,False
729,9,70,1.0,1.0,9,78,0.0,1,1.0,0.0,2,0.0,0.0,60,True,False,False,True,True,False,False,True,True,False,False,True,False
730,12,90,1.0,2.0,6,61,0.0,2,1.0,2.0,3,1.0,0.0,67,False,True,False,True,True,False,False,True,True,False,False,True,False
731,16,81,2.0,1.0,7,66,1.0,3,2.0,2.0,4,0.0,0.0,69,False,True,True,False,False,True,False,True,True,False,False,False,True
732,20,71,1.0,0.0,7,87,2.0,1,1.0,1.0,5,0.0,0.0,65,False,True,False,True,True,False,False,True,True,False,True,False,False
733,23,91,0.0,2.0,9,67,0.0,2,0.0,1.0,4,0.0,0.0,70,True,False,False,True,False,True,False,True,True,False,False,True,False
734,16,82,2.0,2.0,6,75,0.0,3,1.0,1.0,3,1.0,1.0,68,True,False,False,True,False,True,False,True,True,False,False,True,False
735,21,86,1.0,0.0,6,56,1.0,1,0.0,2.0,2,1.0,0.0,66,True,False,True,False,True,False,False,True,True,False,True,False,False
736,15,73,0.0,2.0,8,93,1.0,1,0.0,2.0,4,1.0,2.0,65,False,True,False,True,False,True,False,True,True,False,False,False,True
737,16,79,0.0,1.0,9,87,1.0,1,0.0,1.0,2,1.0,1.0,64,True,False,False,True,False,True,False,True,True,False,False,True,False
738,12,85,2.0,2.0,7,88,2.0,1,0.0,1.0,0,1.0,2.0,67,True,False,False,True,False,True,False,True,True,False,False,True,False
739,14,76,2.0,1.0,8,59,0.0,3,1.0,1.0,5,0.0,1.0,65,False,True,True,False,False,True,False,True,True,False,False,True,False
740,12,68,2.0,2.0,7,75,1.0,1,1.0,0.0,4,0.0,0.0,64,False,True,True,False,False,True,False,True,True,False,False,False,True
741,14,98,2.0,2.0,7,51,1.0,0,1.0,0.0,1,0.0,0.0,67,False,True,False,True,True,False,False,True,False,True,False,False,True
742,26,80,1.0,0.0,6,66,1.0,2,2.0,1.0,4,2.0,0.0,70,False,True,False,True,False,True,False,True,True,False,False,True,False
743,14,89,1.0,0.0,5,67,0.0,3,0.0,0.0,3,0.0,2.0,63,True,False,True,False,False,True,True,False,True,False,False,True,False
744,36,76,1.0,1.0,6,96,1.0,1,0.0,1.0,2,1.0,0.0,71,False,True,True,False,True,False,False,True,True,False,False,True,False
745,23,74,2.0,0.0,6,100,0.0,2,2.0,0.0,3,0.0,0.0,68,False,True,True,False,True,False,False,True,True,False,False,False,True
746,21,76,1.0,1.0,7,81,1.0,0,1.0,2.0,2,1.0,1.0,67,True,False,True,False,True,False,False,True,True,False,False,False,True
747,15,76,2.0,2.0,9,76,1.0,1,1.0,2.0,2,2.0,2.0,67,True,False,False,True,False,True,False,True,True,False,False,True,False
748,24,82,0.0,1.0,7,72,1.0,0,1.0,2.0,2,2.0,1.0,68,True,False,False,True,False,True,False,True,True,False,False,False,True
749,17,82,2.0,1.0,6,51,1.0,1,0.0,1.0,3,2.0,1.0,66,False,True,False,True,True,False,False,True,True,False,False,False,True
750,21,80,1.0,1.0,8,90,1.0,0,1.0,1.0,4,1.0,0.0,68,False,True,False,True,False,True,False,True,True,False,True,False,False
751,35,65,2.0,1.0,7,84,2.0,0,1.0,1.0,2,0.0,1.0,70,False,True,False,True,False,True,False,True,True,False,False,False,True
752,19,80,0.0,0.0,8,82,1.0,5,0.0,0.0,3,1.0,0.0,67,False,True,False,True,True,False,False,True,True,False,False,False,True
753,27,67,0.0,1.0,6,90,1.0,2,2.0,2.0,3,0.0,1.0,67,False,True,True,False,False,True,False,True,True,False,False,True,False
754,16,65,0.0,2.0,9,96,0.0,2,0.0,1.0,2,0.0,0.0,62,False,True,False,True,True,False,False,True,True,False,True,False,False
755,20,97,1.0,2.0,9,69,0.0,0,0.0,0.0,3,0.0,0.0,67,False,True,False,True,True,False,False,True,False,True,True,False,False
756,31,84,1.0,2.0,7,71,0.0,4,0.0,1.0,4,0.0,2.0,70,False,True,False,True,True,False,False,True,True,False,True,False,False
757,16,86,2.0,2.0,8,99,1.0,4,0.0,2.0,4,1.0,0.0,72,False,True,True,False,True,False,False,True,True,False,False,True,False
758,31,76,1.0,1.0,9,83,1.0,2,2.0,1.0,3,0.0,1.0,70,True,False,True,False,False,True,False,True,True,False,True,False,False
759,17,86,1.0,1.0,7,61,1.0,2,2.0,1.0,3,0.0,1.0,66,False,True,False,True,True,False,True,False,True,False,False,False,True
760,24,91,0.0,0.0,7,66,2.0,2,0.0,2.0,3,0.0,0.0,69,False,True,False,True,False,True,False,True,True,False,False,True,False
761,26,75,2.0,1.0,5,70,0.0,0,2.0,0.0,2,2.0,0.0,68,False,True,True,False,True,False,False,True,True,False,False,True,False
762,24,98,2.0,0.0,8,66,2.0,2,0.0,1.0,1,0.0,1.0,71,False,True,False,True,True,False,False,True,True,False,False,False,True
763,11,93,2.0,1.0,9,94,1.0,4,0.0,2.0,4,0.0,1.0,69,False,True,False,True,True,False,False,True,True,False,False,True,False
764,16,94,1.0,1.0,7,76,0.0,2,1.0,1.0,3,0.0,0.0,67,True,False,False,True,True,False,False,True,False,True,False,True,False
765,19,67,0.0,1.0,8,98,1.0,2,0.0,1.0,2,2.0,0.0,64,True,False,True,False,False,True,False,True,True,False,True,False,False
766,20,71,1.0,1.0,9,66,1.0,1,1.0,0.0,5,1.0,0.0,63,True,False,True,False,False,True,False,True,False,True,True,False,False
767,24,71,1.0,2.0,6,52,1.0,2,1.0,1.0,3,1.0,2.0,66,True,False,True,False,False,True,False,True,True,False,False,True,False
768,21,71,2.0,1.0,8,57,0.0,2,2.0,1.0,1,2.0,0.0,66,True,False,False,True,False,True,True,False,True,False,False,False,True
769,12,94,0.0,2.0,6,61,1.0,3,2.0,2.0,4,1.0,0.0,69,False,True,False,True,False,True,False,True,True,False,False,True,False
770,22,61,0.0,0.0,6,82,0.0,4,1.0,1.0,4,0.0,1.0,64,True,False,False,True,False,True,False,True,True,False,False,False,True
771,24,63,2.0,1.0,8,59,0.0,1,0.0,1.0,3,0.0,0.0,62,False,True,False,True,True,False,False,True,False,True,False,True,False
772,23,71,1.0,1.0,7,69,2.0,3,0.0,1.0,5,0.0,2.0,66,True,False,False,True,False,True,False,True,False,True,False,False,True
773,26,68,1.0,2.0,8,90,1.0,4,0.0,2.0,3,0.0,0.0,70,False,True,True,False,False,True,False,True,True,False,False,True,False
774,25,69,2.0,1.0,7,56,1.0,2,0.0,1.0,4,0.0,0.0,67,False,True,True,False,False,True,False,True,True,False,False,True,False
775,23,92,0.0,1.0,8,54,1.0,0,2.0,0.0,1,2.0,0.0,68,True,False,False,True,True,False,False,True,True,False,False,False,True
776,20,83,2.0,0.0,9,77,2.0,0,0.0,1.0,3,0.0,0.0,67,False,True,False,True,True,False,False,True,False,True,False,False,True
777,10,60,1.0,1.0,9,85,1.0,0,1.0,2.0,4,2.0,0.0,62,False,True,False,True,True,False,False,True,True,False,False,False,True
778,23,77,0.0,1.0,8,96,1.0,1,2.0,1.0,1,1.0,0.0,67,False,True,True,False,False,True,False,True,False,True,False,True,False
779,21,76,1.0,2.0,8,83,1.0,0,0.0,1.0,5,0.0,0.0,68,False,True,False,True,False,True,False,True,True,False,False,False,True
780,22,65,0.0,1.0,7,97,0.0,2,1.0,2.0,4,0.0,1.0,64,True,False,True,False,True,False,False,True,True,False,False,True,False
781,12,87,1.0,0.0,7,62,1.0,2,1.0,1.0,4,0.0,0.0,64,True,False,False,True,False,True,True,False,True,False,False,True,False
782,14,88,1.0,1.0,8,67,1.0,2,2.0,0.0,3,2.0,2.0,66,False,True,False,True,True,False,False,True,True,False,False,True,False
783,26,89,1.0,0.0,7,92,1.0,2,0.0,2.0,2,2.0,1.0,72,False,True,False,True,False,True,False,True,True,False,False,False,True
784,20,89,1.0,2.0,8,91,1.0,2,1.0,1.0,3,0.0,0.0,72,True,False,False,True,False,True,False,True,True,False,False,False,True
785,24,60,1.0,2.0,9,83,2.0,2,1.0,0.0,3,0.0,0.0,66,False,True,False,True,False,True,False,True,False,True,False,False,True
786,20,98,0.0,1.0,7,75,2.0,4,1.0,1.0,1,1.0,0.0,72,False,True,True,False,True,False,False,True,True,False,False,False,True
787,20,93,2.0,1.0,4,51,0.0,1,1.0,1.0,3,0.0,0.0,69,False,True,False,True,False,True,False,True,True,False,False,False,True
788,26,96,2.0,2.0,10,64,0.0,2,1.0,1.0,3,0.0,0.0,72,True,False,True,False,False,True,False,True,False,True,False,True,False
789,17,61,0.0,0.0,6,58,1.0,1,1.0,2.0,4,0.0,0.0,60,False,True,False,True,False,True,False,True,True,False,False,True,False
790,21,97,1.0,1.0,7,53,1.0,0,2.0,1.0,2,0.0,1.0,69,False,True,False,True,False,True,False,True,True,False,False,True,False
791,17,92,1.0,2.0,8,89,1.0,0,0.0,0.0,3,0.0,0.0,68,False,True,False,True,True,False,False,True,False,True,False,False,True
792,17,93,0.0,1.0,9,57,2.0,3,0.0,2.0,2,1.0,0.0,69,False,True,True,False,False,True,False,True,True,False,False,True,False
793,18,64,1.0,0.0,10,68,0.0,1,0.0,1.0,5,0.0,0.0,62,False,True,False,True,False,True,False,True,True,False,False,False,True
794,21,90,1.0,1.0,6,99,0.0,2,0.0,2.0,2,0.0,1.0,71,False,True,False,True,False,True,False,True,True,False,False,False,True
795,17,98,1.0,2.0,9,70,0.0,1,2.0,1.0,2,0.0,0.0,70,False,True,True,False,False,True,False,True,True,False,True,False,False
796,28,87,0.0,0.0,7,57,1.0,2,1.0,2.0,4,0.0,1.0,68,False,True,True,False,False,True,False,True,True,False,True,False,False
797,15,83,2.0,1.0,10,84,1.0,1,2.0,2.0,2,1.0,0.0,68,False,True,False,True,False,True,False,True,True,False,True,False,False
798,19,98,1.0,2.0,9,90,0.0,1,2.0,1.0,2,1.0,2.0,70,True,False,True,False,True,False,True,False,True,False,False,False,True
799,17,78,1.0,2.0,7,64,1.0,0,0.0,1.0,3,0.0,0.0,65,True,False,True,False,True,False,False,True,True,False,False,True,False
800,29,84,2.0,1.0,6,90,1.0,0,1.0,2.0,3,2.0,2.0,73,False,True,False,True,False,True,False,True,True,False,False,False,True
801,21,79,2.0,1.0,4,64,0.0,0,0.0,2.0,4,1.0,1.0,66,False,True,False,True,True,False,False,True,True,False,True,False,False
802,26,97,1.0,1.0,8,85,0.0,2,2.0,0.0,3,0.0,0.0,71,False,True,False,True,True,False,True,False,True,False,False,True,False
803,11,63,2.0,1.0,9,56,2.0,2,1.0,1.0,3,0.0,0.0,62,True,False,False,True,False,True,False,True,True,False,False,True,False
804,22,80,1.0,1.0,8,71,2.0,2,0.0,1.0,3,0.0,0.0,68,True,False,True,False,False,True,False,True,True,False,False,False,True
805,25,87,1.0,2.0,4,76,0.0,1,0.0,2.0,4,1.0,2.0,70,False,True,False,True,True,False,False,True,True,False,False,False,True
806,20,92,1.0,0.0,5,86,0.0,0,1.0,1.0,2,2.0,1.0,68,True,False,False,True,True,False,False,True,True,False,False,True,False
807,26,83,2.0,0.0,8,83,1.0,2,0.0,2.0,2,1.0,0.0,71,True,False,False,True,False,True,False,True,True,False,False,True,False
808,17,96,1.0,1.0,10,93,1.0,2,1.0,0.0,4,0.0,0.0,70,True,False,False,True,False,True,False,True,True,False,True,False,False
809,28,98,1.0,1.0,7,59,1.0,1,0.0,1.0,3,0.0,0.0,72,False,True,False,True,False,True,False,True,True,False,False,False,True
810,34,63,1.0,2.0,9,83,1.0,2,1.0,2.0,2,1.0,1.0,69,False,True,False,True,False,True,False,True,True,False,True,False,False
811,18,76,1.0,2.0,5,56,1.0,1,0.0,0.0,2,1.0,1.0,63,False,True,False,True,True,False,False,True,True,False,True,False,False
812,17,61,1.0,1.0,7,74,2.0,0,1.0,1.0,2,2.0,0.0,62,True,False,False,True,True,False,False,True,True,False,False,True,False
813,29,73,1.0,1.0,7,76,1.0,2,0.0,2.0,3,0.0,0.0,68,True,False,True,False,True,False,False,True,True,False,False,True,False
814,29,81,0.0,1.0,9,51,0.0,2,1.0,1.0,5,2.0,0.0,70,False,True,False,True,False,True,False,True,True,False,False,False,True
815,17,96,1.0,1.0,6,54,1.0,1,1.0,1.0,4,0.0,0.0,69,False,True,True,False,False,True,False,True,True,False,False,False,True
816,17,94,1.0,1.0,10,92,0.0,2,0.0,1.0,2,0.0,0.0,68,False,True,True,False,True,False,False,True,True,False,True,False,False
817,18,65,2.0,1.0,7,64,1.0,2,2.0,1.0,1,0.0,0.0,65,False,True,False,True,False,True,False,True,True,False,False,False,True
818,12,64,1.0,0.0,5,67,1.0,3,0.0,1.0,2,0.0,0.0,59,False,True,True,False,True,False,False,True,False,True,False,False,True
819,14,84,1.0,1.0,5,82,1.0,3,0.0,1.0,3,1.0,2.0,66,False,True,False,True,True,False,False,True,True,False,False,False,True
820,14,81,2.0,1.0,6,61,0.0,0,0.0,1.0,4,0.0,1.0,64,False,True,False,True,True,False,False,True,True,False,False,False,True
821,15,71,0.0,1.0,8,60,2.0,5,0.0,2.0,4,0.0,2.0,63,True,False,False,True,True,False,True,False,True,False,False,False,True
822,20,96,1.0,1.0,6,71,1.0,5,0.0,2.0,3,1.0,0.0,72,False,True,False,True,True,False,False,True,True,False,False,True,False
823,21,97,1.0,2.0,6,53,0.0,0,0.0,1.0,3,0.0,1.0,67,False,True,False,True,False,True,False,True,False,True,True,False,False
824,14,96,1.0,2.0,4,97,0.0,2,1.0,1.0,3,0.0,0.0,70,True,False,False,True,False,True,False,True,True,False,True,False,False
825,26,75,0.0,1.0,6,72,1.0,0,0.0,2.0,3,0.0,0.0,66,False,True,False,True,True,False,False,True,True,False,False,True,False
826,19,89,0.0,1.0,5,60,0.0,4,1.0,1.0,2,2.0,1.0,69,True,False,False,True,False,True,False,True,True,False,False,False,True
827,20,79,1.0,0.0,6,74,0.0,2,0.0,1.0,2,0.0,2.0,64,False,True,False,True,False,True,False,True,True,False,False,False,True
828,24,65,1.0,1.0,7,55,0.0,1,0.0,2.0,3,0.0,0.0,63,True,False,True,False,True,False,False,True,False,True,False,False,True
829,13,97,2.0,2.0,7,70,1.0,1,0.0,2.0,4,2.0,0.0,71,True,False,False,True,True,False,False,True,True,False,False,True,False
830,22,78,2.0,1.0,7,54,1.0,1,1.0,1.0,3,0.0,1.0,65,False,True,False,True,True,False,False,True,False,True,True,False,False
831,21,89,0.0,1.0,9,85,0.0,1,1.0,1.0,5,1.0,2.0,68,True,False,False,True,False,True,False,True,True,False,True,False,False
832,23,75,1.0,1.0,7,64,2.0,1,0.0,1.0,3,0.0,1.0,64,False,True,False,True,True,False,False,True,False,True,True,False,False
833,22,61,0.0,0.0,10,76,2.0,1,2.0,2.0,2,1.0,0.0,64,False,True,False,True,False,True,False,True,True,False,False,False,True
834,35,64,1.0,1.0,8,51,1.0,2,1.0,1.0,5,0.0,0.0,66,False,True,False,True,False,True,False,True,False,True,True,False,False
835,16,80,2.0,1.0,6,76,1.0,1,1.0,2.0,4,1.0,0.0,68,False,True,False,True,True,False,False,True,True,False,False,False,True
836,17,88,1.0,1.0,10,50,1.0,3,0.0,2.0,5,1.0,1.0,67,True,False,False,True,True,False,False,True,True,False,False,True,False
837,16,73,0.0,2.0,7,96,1.0,1,1.0,1.0,3,0.0,1.0,66,True,False,True,False,False,True,False,True,True,False,False,False,True
838,17,88,1.0,1.0,10,75,1.0,2,1.0,1.0,3,0.0,0.0,68,False,True,False,True,False,True,False,True,True,False,False,True,False
839,16,88,0.0,1.0,7,55,1.0,3,0.0,0.0,3,2.0,0.0,66,False,True,False,True,True,False,False,True,True,False,False,True,False
840,27,88,1.0,1.0,7,67,1.0,3,2.0,1.0,4,1.0,2.0,71,False,True,False,True,True,False,False,True,True,False,False,True,False
841,29,80,1.0,2.0,8,52,1.0,4,0.0,1.0,4,0.0,1.0,71,True,False,False,True,False,True,False,True,True,False,False,False,True
842,17,97,1.0,2.0,7,77,1.0,0,0.0,1.0,4,1.0,2.0,68,False,True,True,False,True,False,False,True,True,False,True,False,False
843,15,80,2.0,0.0,9,56,2.0,3,1.0,1.0,3,0.0,0.0,64,True,False,False,True,True,False,False,True,False,True,False,True,False
844,23,78,1.0,1.0,10,74,0.0,3,1.0,1.0,4,0.0,1.0,67,False,True,False,True,False,True,False,True,True,False,True,False,False
845,17,68,2.0,1.0,4,65,2.0,0,1.0,1.0,2,0.0,1.0,64,False,True,True,False,False,True,False,True,True,False,False,False,True
846,24,72,2.0,0.0,8,88,2.0,3,0.0,1.0,2,0.0,0.0,68,True,False,False,True,False,True,False,True,True,False,False,False,True
847,21,62,1.0,0.0,6,74,2.0,0,0.0,2.0,3,2.0,2.0,62,False,True,True,False,True,False,False,True,False,True,False,False,True
848,11,85,1.0,0.0,4,92,0.0,0,1.0,2.0,1,1.0,0.0,64,False,True,False,True,False,True,False,True,True,False,False,True,False
849,29,70,0.0,2.0,8,97,0.0,3,0.0,2.0,3,2.0,1.0,70,False,True,False,True,True,False,False,True,True,False,False,False,True
850,31,72,1.0,1.0,8,98,2.0,0,0.0,1.0,4,1.0,2.0,68,False,True,False,True,True,False,False,True,True,False,False,True,False
851,16,91,1.0,1.0,8,63,2.0,2,1.0,2.0,3,1.0,0.0,69,True,False,False,True,True,False,False,True,True,False,False,True,False
852,18,73,0.0,1.0,8,88,0.0,3,0.0,1.0,4,1.0,1.0,65,False,True,False,True,False,True,False,True,True,False,False,False,True
853,22,70,1.0,2.0,8,72,1.0,2,2.0,1.0,3,0.0,0.0,67,False,True,False,True,False,True,False,True,True,False,False,True,False
854,22,67,2.0,1.0,6,71,0.0,2,1.0,1.0,2,1.0,1.0,65,False,True,False,True,True,False,False,True,True,False,False,False,True
855,24,91,2.0,1.0,7,93,0.0,0,1.0,1.0,2,0.0,1.0,71,False,True,False,True,True,False,False,True,True,False,False,False,True
856,32,65,1.0,0.0,8,57,0.0,2,0.0,1.0,3,0.0,1.0,65,True,False,False,True,False,True,False,True,True,False,False,False,True
857,19,78,1.0,1.0,9,74,0.0,2,0.0,1.0,5,0.0,1.0,66,True,False,False,True,False,True,False,True,True,False,False,False,True
858,15,80,2.0,1.0,7,80,1.0,0,0.0,0.0,5,0.0,0.0,65,True,False,False,True,True,False,False,True,True,False,False,True,False
859,12,87,1.0,1.0,7,53,0.0,2,1.0,1.0,1,1.0,0.0,65,False,True,True,False,False,True,False,True,True,False,False,True,False
860,16,85,0.0,1.0,7,93,2.0,1,1.0,2.0,3,0.0,0.0,68,False,True,False,True,True,False,False,True,True,False,False,False,True
861,20,92,1.0,1.0,5,66,1.0,2,1.0,1.0,2,1.0,1.0,68,False,True,False,True,False,True,False,True,False,True,True,False,False
862,31,62,2.0,1.0,8,83,1.0,0,1.0,2.0,2,1.0,0.0,67,True,False,True,False,True,False,False,True,False,True,False,True,False
863,17,72,0.0,1.0,5,96,2.0,3,2.0,1.0,3,0.0,1.0,65,False,True,False,True,False,True,False,True,True,False,True,False,False
864,21,71,1.0,0.0,8,86,1.0,2,1.0,2.0,2,1.0,0.0,66,False,True,False,True,True,False,False,True,True,False,False,True,False
865,20,66,1.0,1.0,7,94,0.0,0,1.0,0.0,4,0.0,1.0,63,True,False,False,True,False,True,False,True,True,False,False,True,False
866,27,72,2.0,2.0,5,53,1.0,1,2.0,1.0,5,2.0,0.0,70,False,True,True,False,False,True,False,True,True,False,False,True,False
867,35,72,2.0,2.0,5,75,1.0,1,0.0,1.0,5,1.0,1.0,72,False,True,False,True,False,True,False,True,True,False,False,False,True
868,17,81,1.0,2.0,6,78,1.0,2,0.0,1.0,2,0.0,1.0,67,False,True,True,False,True,False,False,True,True,False,False,False,True
869,17,87,2.0,0.0,6,84,1.0,0,1.0,1.0,3,1.0,2.0,67,False,True,False,True,False,True,False,True,True,False,False,False,True
870,26,75,0.0,1.0,9,56,1.0,1,0.0,1.0,5,0.0,1.0,66,False,True,False,True,False,True,False,True,True,False,False,False,True
871,24,89,0.0,1.0,7,83,1.0,1,0.0,0.0,3,0.0,1.0,66,False,True,False,True,True,False,True,False,True,False,False,True,False
872,31,73,2.0,1.0,8,57,1.0,2,0.0,2.0,4,0.0,2.0,69,False,True,False,True,False,True,False,True,True,False,False,True,False
873,24,72,1.0,0.0,9,53,1.0,0,0.0,2.0,4,0.0,1.0,62,False,True,True,False,False,True,False,True,False,True,False,True,False
874,18,82,0.0,1.0,9,73,0.0,2,0.0,1.0,4,1.0,0.0,66,True,False,False,True,True,False,False,True,True,False,False,False,True
875,24,61,1.0,1.0,7,80,2.0,0,0.0,1.0,3,2.0,1.0,64,False,True,False,True,True,False,False,True,True,False,False,False,True
876,27,63,2.0,1.0,6,98,1.0,1,0.0,2.0,2,0.0,1.0,67,True,False,False,True,False,True,False,True,True,False,False,False,True
877,25,77,2.0,2.0,8,85,1.0,2,1.0,1.0,1,1.0,0.0,71,False,True,False,True,True,False,False,True,True,False,False,False,True
878,23,98,2.0,1.0,6,80,1.0,1,1.0,1.0,2,0.0,1.0,73,False,True,False,True,False,True,False,True,True,False,False,False,True
879,26,89,1.0,0.0,10,61,0.0,0,1.0,2.0,3,0.0,1.0,68,True,False,False,True,False,True,False,True,True,False,False,True,False
880,27,64,2.0,0.0,8,58,1.0,2,2.0,2.0,1,2.0,2.0,66,False,True,False,True,False,True,False,True,True,False,False,True,False
881,28,94,1.0,2.0,7,80,1.0,3,0.0,2.0,4,2.0,2.0,75,False,True,False,True,False,True,False,True,True,False,False,False,True
882,24,89,1.0,2.0,8,61,1.0,1,0.0,2.0,3,2.0,0.0,72,True,False,False,True,False,True,False,True,True,False,False,False,True
883,19,84,2.0,0.0,7,85,1.0,1,2.0,1.0,3,0.0,0.0,68,False,True,True,False,False,True,False,True,True,False,False,True,False
884,21,93,1.0,1.0,6,56,1.0,1,0.0,1.0,3,0.0,0.0,68,False,True,False,True,False,True,True,False,True,False,False,False,True
885,27,76,0.0,2.0,8,67,1.0,1,1.0,1.0,4,0.0,0.0,69,False,True,False,True,False,True,False,True,True,False,False,False,True
886,15,69,1.0,1.0,7,89,1.0,1,0.0,2.0,2,1.0,1.0,63,True,False,False,True,False,True,False,True,True,False,True,False,False
887,22,80,1.0,2.0,10,92,1.0,0,1.0,2.0,2,0.0,0.0,70,True,False,False,True,False,True,False,True,True,False,False,False,True
888,18,82,0.0,1.0,6,67,0.0,1,2.0,0.0,3,2.0,1.0,66,False,True,True,False,False,True,False,True,True,False,False,False,True
889,20,82,0.0,0.0,8,60,1.0,3,1.0,2.0,4,0.0,1.0,66,False,True,False,True,False,True,False,True,True,False,False,False,True
890,28,83,1.0,2.0,6,98,1.0,1,0.0,2.0,2,2.0,1.0,72,False,True,True,False,True,False,False,True,True,False,False,True,False
891,21,98,0.0,1.0,6,88,1.0,1,1.0,0.0,3,2.0,0.0,71,False,True,False,True,True,False,False,True,True,False,False,True,False
892,20,96,2.0,1.0,4,90,1.0,3,0.0,1.0,2,1.0,0.0,72,False,True,True,False,True,False,False,True,True,False,False,True,False
893,12,95,1.0,1.0,8,61,2.0,4,2.0,2.0,1,1.0,0.0,69,False,True,True,False,True,False,False,True,True,False,False,True,False
894,24,92,0.0,2.0,6,71,0.0,2,0.0,2.0,2,0.0,0.0,71,False,True,False,True,False,True,False,True,True,False,False,False,True
895,24,98,1.0,0.0,9,53,1.0,3,2.0,0.0,2,2.0,2.0,69,False,True,True,False,True,False,False,True,True,False,True,False,False
896,33,64,2.0,1.0,8,55,1.0,1,1.0,2.0,3,1.0,1.0,68,True,False,False,True,True,False,False,True,True,False,False,True,False
897,18,71,0.0,0.0,7,61,0.0,2,0.0,1.0,4,1.0,0.0,61,False,True,False,True,False,True,False,True,True,False,True,False,False
898,21,80,1.0,2.0,5,65,2.0,2,1.0,0.0,1,2.0,1.0,68,False,True,True,False,True,False,False,True,True,False,False,True,False
899,21,94,2.0,1.0,8,100,0.0,0,0.0,1.0,3,2.0,0.0,72,False,True,False,True,False,True,False,True,True,False,False,True,False
900,29,80,1.0,1.0,6,71,1.0,0,1.0,1.0,3,1.0,1.0,70,True,False,False,True,False,True,False,True,True,False,False,False,True
901,19,90,2.0,1.0,5,85,2.0,0,1.0,2.0,5,2.0,0.0,73,True,False,True,False,False,True,False,True,True,False,False,False,True
902,22,66,1.0,2.0,8,95,0.0,3,1.0,1.0,3,0.0,1.0,67,True,False,True,False,True,False,False,True,True,False,False,False,True
903,24,70,1.0,2.0,5,62,1.0,2,0.0,1.0,4,1.0,0.0,65,False,True,True,False,True,False,False,True,False,True,True,False,False
904,21,89,1.0,1.0,4,57,1.0,1,2.0,1.0,2,0.0,0.0,68,True,False,True,False,True,False,False,True,True,False,False,False,True
905,17,67,0.0,2.0,9,62,2.0,3,1.0,1.0,3,0.0,0.0,65,False,True,False,True,False,True,False,True,True,False,False,False,True
906,26,71,2.0,0.0,4,83,0.0,1,1.0,1.0,3,1.0,1.0,66,False,True,False,True,False,True,False,True,True,False,True,False,False
907,14,74,2.0,2.0,6,73,2.0,2,1.0,1.0,3,0.0,0.0,67,True,False,True,False,False,True,False,True,True,False,False,True,False
908,21,88,2.0,1.0,6,91,1.0,2,2.0,1.0,1,0.0,1.0,70,True,False,False,True,True,False,False,True,True,False,False,True,False
909,16,75,2.0,1.0,9,62,1.0,3,0.0,1.0,4,0.0,1.0,66,True,False,False,True,False,True,False,True,True,False,False,False,True
910,27,82,1.0,2.0,5,62,0.0,1,0.0,2.0,4,0.0,1.0,69,True,False,True,False,False,True,False,True,True,False,False,True,False
911,11,64,2.0,1.0,5,78,0.0,2,0.0,2.0,4,1.0,1.0,62,False,True,True,False,False,True,False,True,True,False,False,True,False
912,17,92,1.0,0.0,8,90,2.0,1,2.0,0.0,3,0.0,0.0,68,False,True,False,True,False,True,False,True,True,False,True,False,False
913,22,75,1.0,2.0,6,63,0.0,1,0.0,1.0,2,1.0,0.0,67,False,True,False,True,False,True,False,True,True,False,False,False,True
914,29,86,1.0,1.0,7,61,1.0,0,1.0,1.0,4,0.0,2.0,68,True,False,False,True,False,True,False,True,True,False,True,False,False
915,20,89,2.0,1.0,6,74,1.0,1,0.0,2.0,2,0.0,1.0,69,False,True,True,False,False,True,False,True,True,False,False,True,False
916,17,68,1.0,1.0,10,57,1.0,1,2.0,1.0,1,0.0,1.0,62,True,False,True,False,False,True,False,True,False,True,False,False,True
917,31,95,2.0,1.0,5,87,1.0,2,0.0,1.0,3,2.0,1.0,75,False,True,False,True,False,True,False,True,True,False,False,True,False
918,11,85,1.0,1.0,7,79,0.0,2,2.0,0.0,3,0.0,0.0,65,False,True,False,True,True,False,False,True,True,False,False,False,True
919,7,77,2.0,1.0,9,76,1.0,2,1.0,2.0,3,1.0,1.0,63,False,True,False,True,True,False,False,True,True,False,True,False,False
920,23,67,2.0,1.0,6,94,0.0,1,1.0,1.0,2,1.0,2.0,66,False,True,False,True,True,False,False,True,True,False,False,False,True
921,17,98,0.0,2.0,6,87,2.0,3,1.0,1.0,5,1.0,0.0,71,True,False,True,False,True,False,True,False,True,False,False,False,True
922,14,90,2.0,1.0,8,57,1.0,0,1.0,1.0,3,1.0,1.0,66,False,True,False,True,False,True,False,True,False,True,False,False,True
923,24,68,1.0,1.0,9,71,1.0,2,1.0,1.0,4,1.0,0.0,66,False,True,False,True,True,False,False,True,True,False,False,True,False
924,21,74,1.0,2.0,6,66,0.0,1,1.0,2.0,4,0.0,0.0,66,False,True,True,False,True,False,False,True,True,False,True,False,False
925,17,92,2.0,2.0,9,90,1.0,1,2.0,0.0,3,0.0,1.0,71,False,True,False,True,False,True,False,True,True,False,False,False,True
926,12,88,1.0,1.0,7,86,2.0,3,1.0,2.0,3,0.0,1.0,68,False,True,False,True,False,True,False,True,False,True,False,False,True
927,25,91,1.0,1.0,8,74,2.0,1,1.0,2.0,3,1.0,1.0,71,False,True,True,False,True,False,False,True,True,False,False,False,True
928,24,78,1.0,1.0,9,91,0.0,0,2.0,2.0,3,2.0,2.0,68,True,False,False,True,False,True,False,True,True,False,True,False,False
929,19,89,0.0,1.0,8,71,1.0,2,0.0,2.0,4,0.0,0.0,68,False,True,False,True,True,False,False,True,True,False,False,False,True
930,31,75,1.0,1.0,7,90,0.0,2,1.0,2.0,2,0.0,1.0,68,False,True,False,True,True,False,False,True,False,True,False,True,False
931,14,68,1.0,1.0,6,52,1.0,2,0.0,1.0,2,1.0,0.0,62,False,True,False,True,False,True,False,True,True,False,False,False,True
932,11,85,2.0,0.0,10,57,2.0,0,1.0,2.0,5,0.0,0.0,65,False,True,False,True,False,True,False,True,True,False,False,True,False
933,16,99,0.0,2.0,6,88,2.0,2,0.0,0.0,3,2.0,0.0,71,False,True,False,True,True,False,False,True,True,False,False,True,False
934,20,72,1.0,2.0,7,56,0.0,0,0.0,1.0,6,1.0,1.0,63,False,True,False,True,False,True,False,True,False,True,True,False,False
935,21,78,2.0,1.0,8,84,0.0,1,2.0,0.0,4,0.0,0.0,68,False,True,False,True,True,False,False,True,True,False,False,False,True
936,19,87,2.0,0.0,8,86,0.0,1,1.0,2.0,4,0.0,1.0,69,True,False,False,True,False,True,False,True,True,False,False,False,True
937,22,82,2.0,2.0,10,83,1.0,1,0.0,2.0,2,1.0,1.0,69,False,True,True,False,True,False,False,True,False,True,False,True,False
938,12,94,1.0,2.0,7,91,0.0,3,1.0,1.0,3,2.0,0.0,71,True,False,True,False,False,True,False,True,True,False,False,False,True
939,29,90,1.0,2.0,7,76,1.0,0,0.0,1.0,1,2.0,1.0,71,True,False,False,True,True,False,False,True,True,False,False,True,False
940,20,62,1.0,1.0,9,95,0.0,0,1.0,1.0,3,0.0,0.0,62,False,True,True,False,False,True,False,True,False,True,False,True,False
941,27,100,0.0,0.0,7,78,0.0,2,1.0,1.0,2,0.0,0.0,70,False,True,False,True,False,True,False,True,True,False,True,False,False
942,22,90,2.0,2.0,8,75,2.0,1,0.0,0.0,3,1.0,1.0,70,False,True,True,False,True,False,False,True,True,False,False,True,False
943,23,95,1.0,1.0,7,75,1.0,2,2.0,1.0,2,1.0,0.0,73,False,True,False,True,False,True,False,True,True,False,False,False,True
944,23,86,1.0,2.0,8,96,0.0,3,1.0,1.0,2,0.0,1.0,71,True,False,True,False,False,True,False,True,True,False,False,False,True
945,23,94,1.0,0.0,8,62,1.0,2,0.0,1.0,0,2.0,1.0,69,True,False,False,True,False,True,False,True,True,False,False,False,True
946,24,64,1.0,2.0,6,85,2.0,0,2.0,0.0,3,2.0,0.0,66,False,True,True,False,False,True,False,True,False,True,False,True,False
947,28,74,1.0,0.0,4,62,1.0,1,0.0,1.0,3,0.0,1.0,65,False,True,True,False,False,True,False,True,True,False,False,True,False
948,21,95,2.0,1.0,4,55,1.0,2,1.0,2.0,1,1.0,0.0,71,False,True,True,False,True,False,False,True,True,False,False,True,False
949,24,68,1.0,1.0,4,98,2.0,2,1.0,2.0,2,0.0,0.0,68,False,True,False,True,False,True,False,True,True,False,True,False,False
950,19,63,1.0,2.0,7,56,1.0,2,0.0,1.0,3,0.0,0.0,64,True,False,True,False,False,True,False,True,True,False,False,False,True
951,29,92,0.0,0.0,4,84,1.0,2,0.0,1.0,3,2.0,0.0,71,False,True,False,True,False,True,False,True,True,False,True,False,False
952,16,93,0.0,1.0,7,71,1.0,0,1.0,2.0,2,0.0,0.0,67,False,True,False,True,True,False,False,True,True,False,False,False,True
953,31,67,1.0,0.0,7,92,2.0,2,1.0,1.0,3,0.0,2.0,66,True,False,False,True,True,False,False,True,True,False,True,False,False
954,20,94,0.0,2.0,8,89,1.0,1,0.0,1.0,4,0.0,0.0,71,False,True,False,True,False,True,False,True,True,False,False,False,True
955,11,87,0.0,1.0,8,57,2.0,0,0.0,1.0,2,0.0,1.0,62,False,True,False,True,True,False,False,True,True,False,True,False,False
956,21,81,2.0,1.0,8,73,1.0,3,0.0,1.0,2,0.0,0.0,67,False,True,False,True,True,False,False,True,False,True,False,False,True
957,16,93,1.0,0.0,8,51,1.0,3,0.0,1.0,2,1.0,0.0,67,False,True,False,True,False,True,False,True,True,False,False,True,False
958,25,77,0.0,1.0,7,71,1.0,0,1.0,1.0,3,0.0,0.0,66,True,False,False,True,False,True,False,True,True,False,True,False,False
959,16,68,0.0,1.0,7,85,2.0,1,0.0,2.0,3,2.0,1.0,64,True,False,True,False,False,True,False,True,True,False,False,False,True
960,17,71,0.0,1.0,6,62,1.0,2,0.0,1.0,3,1.0,0.0,62,False,True,False,True,False,True,False,True,False,True,False,True,False
961,9,80,1.0,2.0,7,91,0.0,1,1.0,1.0,3,1.0,0.0,65,True,False,False,True,True,False,False,True,True,False,False,True,False
962,17,81,1.0,0.0,5,53,0.0,0,1.0,1.0,1,1.0,0.0,63,False,True,False,True,False,True,False,True,True,False,False,True,False
963,5,92,1.0,1.0,9,52,1.0,2,2.0,1.0,4,1.0,1.0,64,True,False,True,False,False,True,False,True,False,True,False,True,False
964,10,92,0.0,2.0,6,51,0.0,1,1.0,1.0,3,0.0,0.0,65,True,False,True,False,False,True,False,True,True,False,False,True,False
965,25,83,1.0,2.0,7,64,1.0,0,0.0,1.0,2,1.0,1.0,68,False,True,False,True,True,False,False,True,True,False,False,True,False
966,25,91,1.0,2.0,7,73,1.0,2,0.0,1.0,3,0.0,0.0,72,True,False,False,True,False,True,False,True,True,False,False,False,True
967,23,68,1.0,1.0,9,55,1.0,0,0.0,1.0,3,1.0,1.0,64,False,True,False,True,False,True,False,True,True,False,False,False,True
968,14,62,2.0,1.0,4,100,0.0,1,0.0,1.0,3,0.0,0.0,62,False,True,False,True,True,False,False,True,True,False,False,True,False
969,20,95,1.0,0.0,7,100,0.0,3,0.0,1.0,2,0.0,0.0,69,True,False,True,False,False,True,True,False,True,False,False,True,False
970,20,63,0.0,0.0,8,76,1.0,3,1.0,1.0,4,2.0,0.0,64,True,False,False,True,False,True,False,True,True,False,False,True,False
971,13,70,2.0,1.0,10,78,1.0,1,0.0,1.0,2,0.0,2.0,61,True,False,False,True,True,False,False,True,True,False,True,False,False
972,29,88,1.0,2.0,7,96,0.0,2,0.0,0.0,2,0.0,0.0,72,True,False,False,True,True,False,False,True,True,False,False,False,True
973,25,76,1.0,0.0,6,88,0.0,1,1.0,1.0,3,1.0,2.0,66,False,True,True,False,False,True,False,True,True,False,True,False,False
974,19,95,2.0,0.0,10,58,0.0,2,2.0,1.0,3,0.0,0.0,69,False,True,False,True,True,False,False,True,True,False,False,False,True
975,20,72,1.0,1.0,8,90,2.0,2,0.0,0.0,2,1.0,0.0,65,True,False,True,False,True,False,True,False,True,False,False,True,False
976,21,60,2.0,1.0,9,62,1.0,2,0.0,1.0,3,0.0,0.0,64,False,True,False,True,False,True,False,True,True,False,False,False,True
977,8,72,0.0,1.0,5,72,1.0,3,2.0,0.0,4,0.0,0.0,62,True,False,True,False,False,True,False,True,True,False,False,False,True
978,19,83,1.0,1.0,8,77,2.0,1,0.0,1.0,4,0.0,2.0,66,False,True,False,True,True,False,False,True,True,False,False,False,True
979,16,75,0.0,0.0,5,86,1.0,0,0.0,1.0,1,1.0,1.0,62,True,False,False,True,False,True,False,True,True,False,False,False,True
980,14,81,1.0,1.0,5,58,2.0,3,0.0,2.0,4,2.0,1.0,66,False,True,False,True,False,True,False,True,True,False,True,False,False
981,18,95,1.0,2.0,8,54,1.0,2,2.0,1.0,3,1.0,1.0,70,True,False,False,True,True,False,False,True,True,False,False,True,False
982,31,96,1.0,1.0,8,93,0.0,3,0.0,1.0,3,0.0,0.0,75,False,True,False,True,False,True,False,True,True,False,False,False,True
983,24,71,0.0,2.0,6,91,1.0,3,2.0,1.0,2,0.0,2.0,67,True,False,False,True,False,True,False,True,True,False,False,True,False
984,17,78,0.0,1.0,9,76,0.0,4,1.0,1.0,2,1.0,0.0,66,False,True,False,True,False,True,False,True,True,False,False,False,True
985,23,82,1.0,2.0,6,83,1.0,2,1.0,1.0,3,2.0,1.0,71,False,True,True,False,True,False,False,True,True,False,False,False,True
986,28,98,2.0,1.0,7,86,1.0,2,1.0,2.0,2,0.0,0.0,75,True,False,True,False,False,True,False,True,True,False,False,True,False
987,26,100,2.0,2.0,7,74,0.0,1,1.0,1.0,2,0.0,2.0,72,True,False,False,True,True,False,False,True,True,False,False,True,False
988,20,69,2.0,1.0,7,63,0.0,2,0.0,1.0,2,0.0,1.0,64,True,False,True,False,True,False,False,True,True,False,True,False,False
989,16,89,1.0,1.0,9,74,1.0,1,0.0,1.0,3,0.0,2.0,65,False,True,False,True,False,True,True,False,True,False,False,True,False
990,24,75,0.0,1.0,5,98,2.0,1,0.0,1.0,3,0.0,0.0,67,False,True,False,True,True,False,False,True,True,False,False,False,True
991,22,60,1.0,1.0,6,92,0.0,2,0.0,2.0,2,0.0,0.0,63,False,True,False,True,True,False,False,True,True,False,True,False,False
992,25,60,1.0,0.0,5,73,0.0,1,1.0,1.0,2,0.0,0.0,62,False,True,False,True,False,True,False,True,True,False,True,False,False
993,24,78,0.0,2.0,10,61,2.0,2,1.0,1.0,4,1.0,1.0,69,True,False,False,True,False,True,False,True,True,False,False,False,True
994,26,80,1.0,1.0,7,94,1.0,1,0.0,1.0,2,2.0,1.0,70,False,True,True,False,False,True,False,True,True,False,False,False,True
995,17,61,0.0,1.0,6,82,2.0,0,1.0,2.0,4,2.0,0.0,63,False,True,False,True,False,True,False,True,True,False,False,True,False
996,28,87,1.0,1.0,7,70,1.0,2,0.0,1.0,2,2.0,0.0,71,False,True,False,True,False,True,False,True,True,False,False,True,False
997,21,72,1.0,0.0,8,56,1.0,0,0.0,1.0,4,0.0,0.0,63,False,True,False,True,False,True,False,True,True,False,False,True,False
998,32,82,0.0,1.0,8,88,0.0,0,2.0,1.0,2,1.0,1.0,71,False,True,False,True,False,True,False,True,True,False,False,False,True
999,16,72,1.0,1.0,6,66,0.0,0,0.0,1.0,4,1.0,0.0,63,False,True,True,False,False,True,False,True,True,False,False,False,True
1000,30,67,1.0,2.0,6,80,2.0,0,0.0,1.0,4,0.0,1.0,68,False,True,False,True,False,True,False,True,True,False,False,True,False
1001,21,76,1.0,0.0,5,78,2.0,0,0.0,2.0,3,0.0,0.0,65,False,True,False,True,False,True,True,False,True,False,False,True,False
1002,16,69,2.0,2.0,7,85,1.0,0,2.0,2.0,3,0.0,0.0,66,True,False,True,False,False,True,False,True,True,False,True,False,False
1003,17,81,0.0,1.0,9,77,1.0,3,0.0,1.0,4,1.0,2.0,66,False,True,False,True,False,True,False,True,True,False,False,True,False
1004,18,68,2.0,2.0,6,82,0.0,0,1.0,2.0,3,0.0,0.0,66,False,True,False,True,True,False,False,True,True,False,False,False,True
1005,23,80,0.0,0.0,8,54,1.0,0,1.0,2.0,2,0.0,0.0,65,True,False,True,False,False,True,False,True,True,False,False,False,True
1006,23,66,1.0,2.0,6,83,1.0,0,2.0,1.0,2,0.0,0.0,66,True,False,False,True,True,False,False,True,True,False,False,False,True
1007,17,87,1.0,1.0,5,60,1.0,4,1.0,1.0,3,0.0,0.0,67,True,False,True,False,False,True,False,True,False,True,False,False,True
1008,20,90,2.0,1.0,8,70,1.0,0,1.0,1.0,3,0.0,1.0,68,True,False,True,False,True,False,False,True,True,False,False,True,False
1009,33,64,1.0,0.0,10,76,0.0,2,2.0,2.0,3,0.0,0.0,68,False,True,True,False,False,True,False,True,True,False,False,True,False
1010,30,79,0.0,1.0,8,84,1.0,3,0.0,1.0,3,1.0,1.0,69,True,False,True,False,True,False,False,True,True,False,True,False,False
1011,23,63,1.0,0.0,6,87,0.0,1,1.0,1.0,2,2.0,0.0,64,False,True,False,True,False,True,False,True,True,False,False,True,False
1012,20,84,1.0,1.0,6,85,1.0,0,1.0,1.0,3,0.0,1.0,67,False,True,True,False,True,False,False,True,True,False,False,False,True
1013,21,71,1.0,1.0,10,55,0.0,1,1.0,1.0,4,0.0,1.0,63,True,False,False,True,False,True,False,True,True,False,True,False,False
1014,24,81,0.0,2.0,7,69,1.0,3,0.0,1.0,3,1.0,0.0,67,False,True,False,True,False,True,False,True,True,False,True,False,False
1015,14,81,1.0,2.0,6,64,0.0,2,2.0,2.0,2,0.0,2.0,64,True,False,False,True,False,True,True,False,True,False,False,True,False
1016,18,97,0.0,1.0,7,70,0.0,0,2.0,1.0,2,0.0,0.0,66,True,False,False,True,True,False,False,True,False,True,False,True,False
1017,10,82,2.0,1.0,7,82,0.0,2,0.0,2.0,4,0.0,0.0,65,False,True,True,False,True,False,False,True,True,False,False,True,False
1018,22,83,1.0,1.0,8,60,0.0,4,1.0,1.0,2,2.0,1.0,68,True,False,False,True,False,True,True,False,True,False,False,True,False
1019,24,76,0.0,2.0,9,75,0.0,0,0.0,1.0,5,0.0,0.0,66,False,True,True,False,True,False,False,True,True,False,False,False,True
1020,17,98,2.0,2.0,9,94,0.0,0,2.0,0.0,3,1.0,0.0,71,False,True,False,True,True,False,False,True,True,False,True,False,False
1021,29,91,1.0,2.0,7,87,1.0,2,1.0,2.0,4,1.0,0.0,74,True,False,True,False,False,True,True,False,True,False,True,False,False
1022,13,71,1.0,2.0,7,86,0.0,2,0.0,1.0,3,2.0,0.0,65,False,True,False,True,True,False,False,True,True,False,False,False,True
1023,11,94,0.0,2.0,8,92,2.0,0,1.0,1.0,4,0.0,0.0,68,True,False,False,True,False,True,False,True,True,False,False,True,False
1024,21,77,1.0,2.0,6,70,0.0,2,2.0,1.0,2,1.0,0.0,68,False,True,True,False,False,True,True,False,True,False,False,False,True
1025,26,93,1.0,1.0,8,88,1.0,1,1.0,2.0,4,1.0,0.0,72,False,True,False,True,True,False,False,True,False,True,False,True,False
1026,30,93,2.0,2.0,7,53,1.0,3,0.0,1.0,2,2.0,1.0,74,True,False,True,False,False,True,False,True,True,False,True,False,False
1027,17,68,0.0,2.0,8,53,1.0,0,0.0,1.0,2,1.0,0.0,61,False,True,False,True,True,False,False,True,True,False,False,True,False
1028,26,88,0.0,0.0,10,67,0.0,0,0.0,0.0,3,0.0,2.0,65,False,True,True,False,True,False,False,True,True,False,False,False,True
1029,20,72,2.0,0.0,8,60,0.0,0,0.0,1.0,5,0.0,0.0,63,False,True,False,True,True,False,False,True,True,False,False,True,False
1030,19,72,2.0,1.0,7,76,1.0,1,1.0,2.0,2,0.0,1.0,66,True,False,False,True,False,True,False,True,True,False,False,False,True
1031,25,72,0.0,2.0,6,59,1.0,2,0.0,1.0,3,0.0,0.0,66,False,True,False,True,False,True,False,True,True,False,True,False,False
1032,24,89,2.0,1.0,7,99,1.0,2,0.0,2.0,4,0.0,0.0,73,True,False,True,False,False,True,False,True,True,False,False,True,False
1033,11,69,1.0,1.0,5,93,1.0,0,1.0,2.0,4,1.0,0.0,63,False,True,False,True,True,False,False,True,True,False,True,False,False
1034,29,60,2.0,2.0,8,99,1.0,0,1.0,1.0,4,0.0,0.0,68,True,False,False,True,False,True,False,True,False,True,False,False,True
1035,28,89,2.0,0.0,4,90,2.0,3,0.0,2.0,2,2.0,1.0,73,True,False,False,True,False,True,False,True,False,True,False,False,True
1036,16,67,0.0,2.0,8,98,1.0,0,2.0,0.0,3,0.0,1.0,63,False,True,True,False,False,True,False,True,True,False,True,False,False
1037,22,64,1.0,2.0,8,68,1.0,2,1.0,1.0,4,0.0,0.0,65,False,True,False,True,False,True,False,True,True,False,True,False,False
1038,23,70,0.0,2.0,7,75,2.0,0,0.0,1.0,4,0.0,0.0,66,True,False,False,True,False,True,False,True,True,False,False,False,True
1039,22,75,0.0,0.0,6,62,1.0,0,2.0,2.0,3,2.0,0.0,65,True,False,False,True,False,True,False,True,True,False,True,False,False
1040,17,79,0.0,2.0,7,82,1.0,0,1.0,2.0,2,1.0,0.0,66,False,True,False,True,False,True,False,True,True,False,True,False,False
1041,16,62,2.0,1.0,4,89,2.0,3,0.0,1.0,3,1.0,0.0,65,True,False,False,True,True,False,False,True,True,False,False,True,False
1042,20,99,1.0,1.0,8,75,1.0,2,0.0,2.0,2,2.0,2.0,70,True,False,True,False,True,False,False,True,True,False,True,False,False
1043,27,89,1.0,1.0,7,65,1.0,1,1.0,1.0,3,0.0,0.0,70,True,False,False,True,True,False,False,True,True,False,False,True,False
1044,23,73,2.0,1.0,9,75,1.0,0,2.0,2.0,3,0.0,1.0,68,True,False,True,False,False,True,False,True,True,False,False,False,True
1045,18,73,1.0,2.0,8,53,1.0,1,0.0,2.0,3,2.0,1.0,64,False,True,False,True,True,False,True,False,True,False,False,True,False
1046,25,78,1.0,1.0,7,86,1.0,1,1.0,1.0,3,2.0,1.0,68,True,False,False,True,True,False,False,True,True,False,True,False,False
1047,3,85,0.0,2.0,8,73,0.0,2,0.0,1.0,3,0.0,0.0,62,False,True,True,False,True,False,False,True,True,False,False,True,False
1048,27,66,1.0,1.0,6,95,1.0,1,1.0,1.0,3,1.0,1.0,68,False,True,False,True,False,True,False,True,True,False,False,False,True
1049,10,68,0.0,1.0,6,96,0.0,1,2.0,1.0,3,1.0,1.0,61,False,True,False,True,True,False,False,True,True,False,False,True,False
1050,18,94,2.0,1.0,7,56,0.0,1,0.0,1.0,3,2.0,0.0,69,False,True,False,True,False,True,True,False,True,False,False,False,True
1051,13,70,1.0,1.0,7,100,1.0,3,0.0,1.0,3,0.0,0.0,65,False,True,False,True,False,True,False,True,True,False,False,True,False
1052,12,75,1.0,2.0,6,98,1.0,2,0.0,1.0,2,1.0,2.0,65,False,True,False,True,False,True,False,True,True,False,False,True,False
1053,27,95,1.0,2.0,7,81,0.0,3,0.0,1.0,2,0.0,1.0,72,False,True,False,True,True,False,False,True,True,False,False,True,False
1054,17,87,1.0,1.0,7,91,2.0,3,0.0,2.0,3,1.0,0.0,70,True,False,False,True,False,True,False,True,False,True,False,False,True
1055,22,74,1.0,2.0,10,51,1.0,1,1.0,1.0,4,0.0,0.0,65,False,True,True,False,False,True,True,False,True,False,True,False,False
1056,20,87,1.0,1.0,7,99,1.0,3,0.0,1.0,3,0.0,0.0,69,False,True,False,True,True,False,False,True,True,False,True,False,False
1057,23,61,2.0,0.0,6,73,1.0,1,1.0,1.0,3,1.0,0.0,65,False,True,False,True,False,True,False,True,True,False,False,False,True
1058,20,89,0.0,1.0,7,95,0.0,3,0.0,1.0,2,0.0,0.0,69,False,True,True,False,False,True,False,True,True,False,False,True,False
1059,12,79,0.0,1.0,9,69,1.0,2,0.0,2.0,3,2.0,0.0,65,False,True,False,True,False,True,False,True,True,False,False,True,False
1060,26,93,1.0,2.0,9,89,1.0,0,0.0,1.0,3,1.0,1.0,72,False,True,False,True,False,True,False,True,True,False,False,True,False
1061,17,98,2.0,0.0,10,71,1.0,0,0.0,2.0,3,2.0,1.0,70,True,False,True,False,False,True,False,True,True,False,False,False,True
1062,11,97,1.0,1.0,7,68,0.0,0,0.0,1.0,2,0.0,1.0,64,True,False,True,False,False,True,False,True,True,False,True,False,False
1063,17,96,1.0,0.0,8,97,0.0,0,1.0,1.0,3,0.0,0.0,67,True,False,False,True,True,False,False,True,True,False,True,False,False
1064,29,80,1.0,0.0,5,85,2.0,0,2.0,2.0,2,0.0,1.0,69,False,True,False,True,True,False,False,True,True,False,False,True,False
1065,25,74,0.0,1.0,6,92,0.0,4,1.0,1.0,3,2.0,0.0,70,False,True,True,False,False,True,False,True,True,False,False,False,True
1066,18,79,1.0,1.0,5,77,0.0,1,0.0,2.0,3,0.0,0.0,65,False,True,False,True,False,True,False,True,True,False,False,True,False
1067,18,88,2.0,2.0,8,96,0.0,1,0.0,1.0,3,0.0,2.0,69,True,False,False,True,False,True,False,True,True,False,False,False,True
1068,18,95,2.0,1.0,7,87,2.0,5,1.0,1.0,2,1.0,0.0,74,False,True,False,True,False,True,False,True,True,False,False,True,False
1069,32,68,0.0,1.0,7,54,1.0,1,0.0,1.0,1,2.0,0.0,66,False,True,True,False,False,True,False,True,True,False,False,True,False
1070,22,97,1.0,1.0,6,88,2.0,1,0.0,0.0,4,1.0,0.0,72,False,True,True,False,False,True,False,True,True,False,False,False,True
1071,23,93,1.0,0.0,8,51,2.0,0,0.0,2.0,1,0.0,0.0,67,False,True,True,False,False,True,True,False,True,False,False,False,True
1072,26,99,0.0,2.0,4,91,2.0,2,2.0,0.0,4,2.0,1.0,75,True,False,False,True,False,True,False,True,True,False,False,True,False
1073,21,95,1.0,0.0,7,67,1.0,3,1.0,1.0,2,1.0,2.0,70,True,False,False,True,False,True,False,True,True,False,False,False,True
1074,18,71,0.0,0.0,7,80,1.0,1,1.0,0.0,4,2.0,1.0,63,True,False,False,True,True,False,False,True,True,False,False,True,False
1075,19,64,1.0,1.0,4,87,2.0,2,1.0,1.0,4,0.0,1.0,65,False,True,True,False,True,False,False,True,True,False,False,False,True
1076,20,64,1.0,2.0,8,82,1.0,3,1.0,0.0,3,0.0,1.0,64,True,False,False,True,True,False,False,True,True,False,True,False,False
1077,20,72,1.0,2.0,7,84,0.0,2,1.0,2.0,2,0.0,1.0,65,True,False,False,True,True,False,False,True,True,False,True,False,False
1078,24,85,1.0,1.0,8,95,1.0,2,1.0,1.0,4,0.0,0.0,70,True,False,False,True,False,True,False,True,True,False,True,False,False
1079,20,92,1.0,0.0,10,69,1.0,0,0.0,1.0,2,2.0,2.0,67,False,True,False,True,True,False,False,True,True,False,False,False,True
1080,24,96,1.0,1.0,7,77,0.0,0,0.0,1.0,2,0.0,0.0,67,True,False,False,True,False,True,True,False,False,True,True,False,False
1081,20,85,1.0,2.0,8,59,1.0,1,1.0,1.0,3,2.0,2.0,68,True,False,False,True,True,False,False,True,True,False,False,False,True
1082,20,60,1.0,1.0,9,73,2.0,4,1.0,1.0,4,1.0,0.0,65,False,True,False,True,True,False,False,True,True,False,True,False,False
1083,8,67,2.0,1.0,8,58,0.0,2,1.0,1.0,1,2.0,1.0,61,True,False,False,True,False,True,False,True,True,False,False,False,True
1084,25,64,1.0,0.0,6,82,0.0,2,0.0,1.0,3,0.0,1.0,63,True,False,False,True,False,True,False,True,True,False,True,False,False
1085,26,80,1.0,1.0,8,93,1.0,2,0.0,0.0,1,2.0,1.0,69,False,True,False,True,False,True,False,True,True,False,False,True,False
1086,33,74,1.0,1.0,9,64,1.0,2,1.0,1.0,4,2.0,0.0,70,True,False,True,False,True,False,False,True,True,False,False,True,False
1087,19,67,1.0,1.0,6,75,2.0,1,0.0,1.0,3,1.0,0.0,65,True,False,False,True,False,True,False,True,True,False,False,True,False
1088,27,86,0.0,1.0,7,59,0.0,1,1.0,1.0,3,0.0,0.0,68,False,True,False,True,False,True,False,True,True,False,False,True,False
1089,14,79,1.0,0.0,5,60,1.0,3,0.0,1.0,5,0.0,0.0,64,False,True,False,True,False,True,False,True,True,False,True,False,False
1090,24,80,1.0,1.0,6,89,1.0,1,0.0,2.0,3,1.0,0.0,69,False,True,False,True,True,False,False,True,True,False,False,True,False
1091,16,98,1.0,0.0,6,60,1.0,1,1.0,1.0,3,0.0,2.0,67,False,True,True,False,False,True,False,True,True,False,False,False,True
1092,19,81,2.0,2.0,6,73,0.0,1,0.0,2.0,3,0.0,0.0,67,True,False,True,False,True,False,True,False,True,False,False,False,True
1093,21,89,0.0,1.0,10,87,0.0,3,1.0,1.0,3,1.0,0.0,70,False,True,False,True,False,True,False,True,True,False,False,False,True
1094,25,82,2.0,0.0,8,68,1.0,1,0.0,2.0,3,1.0,0.0,68,False,True,False,True,True,False,False,True,True,False,False,True,False
1095,23,97,1.0,0.0,9,62,1.0,0,0.0,1.0,2,2.0,0.0,70,False,True,True,False,False,True,False,True,True,False,False,False,True
1096,21,75,1.0,1.0,7,70,0.0,3,1.0,1.0,4,2.0,0.0,67,False,True,False,True,False,True,False,True,False,True,False,False,True
1097,22,79,1.0,1.0,7,98,2.0,0,2.0,1.0,3,0.0,0.0,69,False,True,False,True,False,True,False,True,True,False,False,True,False
1098,34,64,1.0,1.0,6,71,2.0,0,0.0,2.0,4,0.0,0.0,67,True,False,True,False,True,False,False,True,True,False,True,False,False
1099,20,84,2.0,2.0,10,63,1.0,0,0.0,1.0,4,0.0,0.0,69,True,False,True,False,False,True,False,True,True,False,False,False,True
1100,21,72,1.0,2.0,7,78,0.0,0,2.0,1.0,1,0.0,0.0,63,True,False,False,True,True,False,True,False,False,True,False,True,False
1101,26,66,1.0,1.0,6,91,1.0,3,1.0,1.0,3,1.0,0.0,69,True,False,False,True,True,False,False,True,True,False,False,False,True
1102,27,82,1.0,2.0,6,51,0.0,1,0.0,1.0,3,0.0,1.0,66,False,True,False,True,True,False,False,True,True,False,True,False,False
1103,27,81,1.0,1.0,8,78,1.0,0,1.0,1.0,3,0.0,1.0,68,False,True,False,True,True,False,False,True,True,False,False,False,True
1104,24,63,1.0,1.0,9,92,1.0,4,1.0,1.0,4,2.0,0.0,69,False,True,True,False,False,True,False,True,True,False,False,False,True
1105,13,88,2.0,0.0,9,61,0.0,4,1.0,1.0,3,0.0,0.0,66,True,False,True,False,False,True,False,True,True,False,True,False,False
1106,30,85,1.0,1.0,6,96,0.0,1,1.0,1.0,4,0.0,0.0,72,True,False,True,False,False,True,False,True,True,False,False,True,False
1107,13,68,0.0,1.0,6,79,1.0,1,2.0,1.0,3,1.0,0.0,62,False,True,True,False,False,True,False,True,True,False,True,False,False
1108,22,79,1.0,1.0,9,76,1.0,1,0.0,1.0,2,0.0,0.0,67,False,True,True,False,True,False,False,True,True,False,False,False,True
1109,15,89,2.0,0.0,10,98,0.0,0,0.0,1.0,2,1.0,0.0,67,False,True,True,False,True,False,False,True,True,False,False,False,True
1110,20,81,2.0,2.0,7,56,0.0,1,1.0,1.0,3,0.0,0.0,67,False,True,True,False,False,True,True,False,True,False,False,False,True
1111,22,76,1.0,0.0,9,87,0.0,2,0.0,2.0,3,1.0,0.0,65,True,False,False,True,True,False,False,True,False,True,False,True,False
1112,22,73,2.0,0.0,5,91,1.0,1,1.0,1.0,3,2.0,1.0,67,False,True,False,True,True,False,False,True,True,False,False,False,True
1113,23,84,0.0,0.0,6,74,1.0,3,0.0,1.0,1,0.0,0.0,66,True,False,False,True,True,False,True,False,True,False,False,False,True
1114,30,98,0.0,0.0,5,50,2.0,0,0.0,2.0,2,1.0,0.0,70,False,True,False,True,False,True,False,True,True,False,True,False,False
1115,23,87,0.0,2.0,8,76,1.0,2,2.0,1.0,5,2.0,0.0,71,True,False,False,True,True,False,False,True,False,True,False,False,True
1116,19,63,0.0,2.0,7,58,1.0,2,0.0,2.0,3,2.0,0.0,64,True,False,True,False,False,True,False,True,True,False,False,True,False
1117,26,78,0.0,2.0,7,78,0.0,4,1.0,1.0,4,0.0,1.0,69,True,False,True,False,False,True,False,True,True,False,False,True,False
1118,27,96,1.0,2.0,9,87,0.0,0,1.0,2.0,2,1.0,1.0,72,False,True,False,True,False,True,True,False,True,False,False,False,True
1119,13,64,1.0,0.0,6,77,1.0,0,0.0,2.0,4,0.0,0.0,60,False,True,False,True,False,True,False,True,True,False,False,True,False
1120,24,100,1.0,0.0,7,82,0.0,1,1.0,2.0,3,0.0,1.0,71,False,True,True,False,False,True,False,True,True,False,False,False,True
1121,24,98,1.0,1.0,5,55,2.0,0,1.0,1.0,3,0.0,1.0,71,False,True,False,True,False,True,False,True,True,False,False,False,True
1122,18,63,2.0,2.0,9,55,1.0,2,2.0,2.0,2,2.0,0.0,66,True,False,True,False,True,False,False,True,True,False,False,False,True
1123,28,97,1.0,1.0,9,93,0.0,3,1.0,2.0,3,0.0,0.0,74,True,False,False,True,True,False,False,True,True,False,False,True,False
1124,19,75,1.0,1.0,8,52,2.0,0,0.0,1.0,4,2.0,1.0,64,False,True,False,True,True,False,False,True,True,False,True,False,False
1125,21,94,1.0,0.0,7,64,0.0,2,1.0,1.0,2,0.0,0.0,68,False,True,True,False,False,True,False,True,True,False,False,True,False
1126,19,77,2.0,0.0,6,97,0.0,4,0.0,1.0,2,0.0,0.0,66,False,True,False,True,True,False,False,True,True,False,True,False,False
1127,20,78,1.0,1.0,5,73,0.0,1,0.0,1.0,3,1.0,0.0,65,True,False,False,True,True,False,False,True,True,False,True,False,False
1128,13,85,0.0,2.0,7,84,1.0,0,0.0,1.0,5,0.0,1.0,64,True,False,False,True,False,True,True,False,True,False,False,True,False
1129,11,91,1.0,0.0,8,61,1.0,1,2.0,1.0,3,2.0,2.0,65,False,True,True,False,True,False,False,True,True,False,False,False,True
1130,30,61,2.0,2.0,10,64,0.0,4,1.0,1.0,2,2.0,1.0,69,False,True,False,True,True,False,False,True,True,False,False,False,True
1131,15,84,1.0,2.0,6,75,1.0,2,1.0,1.0,4,2.0,0.0,68,True,False,True,False,False,True,False,True,False,True,False,False,True
1132,14,67,1.0,2.0,7,82,0.0,1,1.0,1.0,3,0.0,2.0,62,True,False,False,True,True,False,False,True,True,False,False,True,False
1133,7,74,0.0,2.0,9,98,2.0,3,2.0,0.0,2,0.0,1.0,63,False,True,False,True,True,False,False,True,True,False,False,True,False
1134,16,74,2.0,0.0,9,79,2.0,0,2.0,1.0,4,2.0,1.0,65,True,False,False,True,True,False,False,True,True,False,False,True,False
1135,12,79,0.0,2.0,6,55,1.0,1,0.0,2.0,4,1.0,2.0,62,True,False,True,False,True,False,False,True,True,False,False,True,False
1136,30,73,0.0,1.0,7,68,1.0,0,0.0,2.0,2,2.0,0.0,67,False,True,False,True,True,False,False,True,True,False,False,False,True
1137,26,64,0.0,2.0,6,62,0.0,1,0.0,1.0,5,0.0,1.0,64,False,True,True,False,True,False,False,True,True,False,False,False,True
1138,16,66,1.0,0.0,6,63,0.0,2,1.0,2.0,3,1.0,1.0,61,False,True,False,True,True,False,False,True,True,False,False,True,False
1139,34,61,0.0,1.0,9,75,1.0,1,0.0,1.0,2,1.0,2.0,65,False,True,False,True,True,False,False,True,True,False,False,True,False
1140,26,79,2.0,0.0,7,66,1.0,1,2.0,1.0,5,0.0,1.0,67,False,True,False,True,True,False,False,True,False,True,False,False,True
1141,18,98,2.0,0.0,7,64,1.0,0,1.0,1.0,4,2.0,1.0,70,False,True,False,True,True,False,False,True,True,False,False,False,True
1142,5,65,1.0,2.0,7,98,0.0,1,0.0,0.0,3,0.0,2.0,59,False,True,True,False,False,True,False,True,True,False,False,False,True
1143,34,98,1.0,2.0,7,79,1.0,1,0.0,1.0,4,1.0,0.0,75,False,True,True,False,True,False,False,True,True,False,False,True,False
1144,12,89,0.0,1.0,7,63,1.0,4,0.0,2.0,2,1.0,0.0,67,False,True,False,True,False,True,False,True,True,False,False,True,False
1145,10,85,1.0,1.0,6,64,0.0,1,1.0,1.0,3,1.0,0.0,64,False,True,False,True,False,True,False,True,True,False,True,False,False
1146,26,86,1.0,2.0,9,91,1.0,3,2.0,1.0,3,0.0,0.0,72,True,False,False,True,False,True,False,True,False,True,False,True,False
1147,28,64,1.0,2.0,6,84,0.0,2,1.0,1.0,2,2.0,0.0,69,False,True,True,False,False,True,False,True,True,False,False,False,True
1148,23,80,0.0,1.0,7,72,0.0,0,0.0,2.0,5,0.0,0.0,65,False,True,False,True,True,False,False,True,True,False,True,False,False
1149,24,88,2.0,1.0,10,88,0.0,2,2.0,2.0,1,2.0,2.0,72,True,False,False,True,True,False,False,True,True,False,False,False,True
1150,25,83,1.0,2.0,6,97,0.0,0,0.0,0.0,4,0.0,0.0,69,False,True,False,True,False,True,False,True,True,False,False,True,False
1151,25,93,2.0,1.0,8,58,1.0,0,2.0,1.0,4,0.0,1.0,71,True,False,True,False,True,False,False,True,True,False,False,False,True
1152,22,63,2.0,1.0,7,93,2.0,0,1.0,1.0,2,0.0,2.0,64,False,True,True,False,True,False,False,True,True,False,False,True,False
1153,21,88,2.0,2.0,7,92,2.0,2,1.0,1.0,3,2.0,0.0,74,True,False,False,True,False,True,False,True,True,False,False,False,True
1154,20,81,1.0,2.0,8,68,1.0,0,1.0,1.0,3,1.0,0.0,68,False,True,False,True,False,True,False,True,True,False,False,True,False
1155,15,75,1.0,2.0,4,65,2.0,1,0.0,0.0,4,2.0,1.0,66,True,False,True,False,False,True,False,True,True,False,False,False,True
1156,18,74,1.0,1.0,6,78,2.0,0,2.0,1.0,2,0.0,1.0,65,True,False,False,True,True,False,False,True,True,False,False,False,True
1157,10,85,2.0,1.0,8,64,0.0,2,2.0,1.0,3,2.0,0.0,67,True,False,False,True,False,True,False,True,True,False,False,True,False
1158,19,96,1.0,1.0,7,57,2.0,0,0.0,1.0,3,0.0,0.0,69,True,False,False,True,True,False,False,True,True,False,False,False,True
1159,14,80,2.0,0.0,7,98,2.0,2,0.0,2.0,2,0.0,0.0,66,False,True,True,False,False,True,False,True,True,False,True,False,False
1160,13,93,1.0,2.0,8,75,1.0,1,1.0,1.0,2,0.0,0.0,69,False,True,True,False,False,True,False,True,True,False,False,False,True
1161,21,76,1.0,1.0,6,74,1.0,2,1.0,1.0,3,0.0,0.0,67,False,True,True,False,False,True,False,True,True,False,False,True,False
1162,28,64,1.0,1.0,9,56,1.0,1,0.0,0.0,2,1.0,0.0,64,False,True,False,True,False,True,False,True,True,False,True,False,False
1163,26,62,2.0,2.0,8,75,1.0,2,1.0,1.0,2,1.0,1.0,67,False,True,False,True,True,False,False,True,True,False,False,True,False
1164,11,62,0.0,2.0,7,87,2.0,3,0.0,2.0,3,0.0,2.0,61,True,False,False,True,False,True,True,False,True,False,False,False,True
1165,14,75,1.0,0.0,8,62,0.0,0,2.0,1.0,2,0.0,1.0,61,True,False,False,True,False,True,False,True,True,False,True,False,False
1166,26,73,1.0,1.0,9,68,2.0,4,1.0,1.0,2,0.0,2.0,68,False,True,False,True,False,True,False,True,True,False,False,True,False
1167,14,89,0.0,2.0,6,59,0.0,2,0.0,2.0,5,2.0,1.0,66,False,True,False,True,True,False,False,True,True,False,False,True,False
1168,19,90,1.0,1.0,8,68,0.0,0,2.0,1.0,4,0.0,1.0,66,False,True,False,True,True,False,False,True,True,False,True,False,False
1169,23,62,1.0,2.0,10,93,2.0,2,0.0,1.0,4,1.0,0.0,68,True,False,False,True,True,False,False,True,True,False,False,False,True
1170,14,69,0.0,2.0,8,62,2.0,1,1.0,2.0,2,0.0,0.0,63,False,True,True,False,True,False,False,True,True,False,False,True,False
1171,21,71,1.0,1.0,7,51,1.0,3,1.0,2.0,3,2.0,1.0,66,True,False,True,False,False,True,False,True,True,False,False,True,False
1172,12,82,2.0,1.0,10,77,2.0,0,1.0,1.0,4,1.0,2.0,66,True,False,False,True,False,True,False,True,True,False,False,True,False
1173,16,66,2.0,1.0,7,79,2.0,0,2.0,2.0,3,1.0,0.0,66,True,False,True,False,False,True,False,True,True,False,False,True,False
1174,22,65,1.0,1.0,9,66,2.0,2,1.0,1.0,4,0.0,0.0,65,False,True,False,True,False,True,False,True,True,False,True,False,False
1175,10,98,1.0,1.0,6,82,1.0,2,2.0,1.0,2,1.0,1.0,69,False,True,False,True,False,True,False,True,True,False,False,False,True
1176,23,92,1.0,2.0,9,52,2.0,1,2.0,1.0,2,0.0,0.0,71,True,False,True,False,True,False,False,True,True,False,False,False,True
1177,20,67,2.0,2.0,6,67,2.0,1,1.0,2.0,2,1.0,0.0,66,True,False,False,True,True,False,False,True,False,True,False,False,True
1178,23,76,1.0,1.0,7,57,2.0,1,1.0,1.0,3,0.0,1.0,66,True,False,False,True,False,True,False,True,True,False,True,False,False
1179,21,74,1.0,2.0,6,61,0.0,0,0.0,1.0,4,0.0,0.0,65,False,True,True,False,False,True,True,False,True,False,False,False,True
1180,28,92,0.0,1.0,10,69,1.0,4,0.0,1.0,4,0.0,1.0,71,True,False,False,True,True,False,False,True,True,False,False,True,False
1181,21,80,1.0,2.0,7,75,2.0,3,1.0,2.0,2,0.0,2.0,69,False,True,True,False,True,False,False,True,True,False,False,True,False
1182,17,65,0.0,0.0,5,55,1.0,2,0.0,1.0,3,0.0,0.0,61,True,False,False,True,False,True,False,True,True,False,False,False,True
1183,21,90,2.0,1.0,7,55,2.0,1,0.0,2.0,4,0.0,0.0,70,True,False,False,True,False,True,False,True,True,False,False,True,False
1184,23,76,1.0,1.0,8,84,2.0,2,2.0,1.0,4,1.0,0.0,70,True,False,False,True,True,False,False,True,True,False,False,False,True
1185,20,71,1.0,1.0,7,70,2.0,0,2.0,2.0,4,0.0,0.0,65,True,False,False,True,True,False,False,True,True,False,True,False,False
1186,20,75,1.0,0.0,6,59,1.0,2,1.0,1.0,1,2.0,1.0,64,False,True,False,True,False,True,False,True,True,False,True,False,False
1187,16,80,2.0,2.0,9,62,0.0,0,2.0,1.0,4,2.0,0.0,68,True,False,False,True,False,True,False,True,True,False,False,True,False
1188,16,74,0.0,1.0,9,86,0.0,1,0.0,1.0,2,0.0,0.0,63,True,False,True,False,False,True,False,True,True,False,False,True,False
1189,12,70,1.0,2.0,5,53,1.0,2,0.0,1.0,3,1.0,0.0,63,False,True,True,False,True,False,False,True,True,False,False,False,True
1190,30,76,1.0,1.0,6,75,0.0,3,2.0,1.0,3,1.0,0.0,71,True,False,False,True,False,True,False,True,True,False,False,False,True
1191,16,91,1.0,1.0,6,91,1.0,1,1.0,1.0,2,0.0,1.0,68,True,False,False,True,False,True,False,True,True,False,False,True,False
1192,16,67,1.0,2.0,8,90,2.0,1,2.0,0.0,4,0.0,0.0,65,False,True,False,True,True,False,False,True,True,False,False,True,False
1193,25,62,1.0,1.0,10,84,0.0,2,0.0,1.0,3,1.0,0.0,65,True,False,False,True,True,False,False,True,True,False,False,False,True
1194,18,86,2.0,0.0,6,69,0.0,2,1.0,2.0,2,0.0,0.0,68,False,True,False,True,False,True,False,True,True,False,False,False,True
1195,27,91,0.0,2.0,9,82,1.0,0,0.0,0.0,1,0.0,2.0,69,False,True,False,True,False,True,False,True,True,False,False,True,False
1196,16,93,1.0,1.0,5,82,0.0,5,2.0,1.0,1,0.0,0.0,71,False,True,False,True,False,True,False,True,True,False,False,False,True
1197,22,80,0.0,1.0,8,67,0.0,2,0.0,0.0,2,2.0,1.0,65,False,True,True,False,True,False,False,True,True,False,False,False,True
1198,15,68,0.0,1.0,6,94,0.0,0,1.0,2.0,5,2.0,0.0,64,True,False,False,True,False,True,False,True,True,False,False,True,False
1199,33,89,0.0,1.0,8,99,1.0,2,2.0,2.0,4,1.0,1.0,75,False,True,True,False,True,False,False,True,True,False,False,False,True
1200,13,88,2.0,1.0,4,66,0.0,1,0.0,2.0,4,0.0,0.0,67,True,False,False,True,True,False,False,True,True,False,False,False,True
1201,22,70,1.0,2.0,5,90,2.0,1,1.0,2.0,3,1.0,2.0,68,True,False,False,True,False,True,False,True,True,False,False,True,False
1202,24,96,2.0,2.0,8,75,0.0,1,1.0,1.0,1,1.0,1.0,72,True,False,False,True,True,False,False,True,True,False,False,False,True
1203,22,64,1.0,1.0,6,73,2.0,3,1.0,1.0,4,2.0,1.0,67,True,False,False,True,True,False,False,True,True,False,False,False,True
1204,19,99,2.0,1.0,7,69,1.0,1,2.0,1.0,3,0.0,0.0,72,False,True,False,True,True,False,False,True,True,False,False,False,True
1205,19,94,1.0,0.0,10,65,2.0,1,0.0,2.0,3,2.0,1.0,69,False,True,False,True,False,True,False,True,True,False,True,False,False
1206,20,88,0.0,0.0,7,96,0.0,0,2.0,2.0,3,2.0,1.0,68,False,True,False,True,True,False,False,True,True,False,False,False,True
1207,19,98,1.0,1.0,8,87,1.0,0,1.0,1.0,6,0.0,0.0,70,False,True,True,False,False,True,False,True,True,False,True,False,False
1208,26,89,1.0,1.0,6,72,2.0,1,0.0,1.0,3,1.0,0.0,69,True,False,False,True,True,False,False,True,False,True,False,True,False
1209,33,68,1.0,0.0,5,88,1.0,2,0.0,1.0,1,1.0,1.0,67,False,True,False,True,False,True,False,True,True,False,True,False,False
1210,17,78,1.0,1.0,7,86,1.0,0,0.0,0.0,3,1.0,0.0,63,True,False,False,True,True,False,True,False,True,False,False,True,False
1211,12,63,1.0,2.0,5,63,0.0,4,0.0,1.0,2,0.0,1.0,61,False,True,True,False,True,False,False,True,True,False,False,False,True
1212,19,76,1.0,2.0,6,59,1.0,1,1.0,1.0,3,0.0,0.0,66,True,False,False,True,False,True,False,True,True,False,False,True,False
1213,35,90,2.0,1.0,7,92,0.0,0,0.0,1.0,4,0.0,0.0,73,False,True,True,False,False,True,True,False,True,False,False,True,False
1214,15,75,1.0,2.0,7,91,2.0,0,1.0,2.0,3,1.0,1.0,67,False,True,False,True,False,True,False,True,True,False,False,True,False
1215,30,73,2.0,1.0,8,100,1.0,2,2.0,2.0,2,0.0,0.0,72,True,False,False,True,False,True,False,True,True,False,False,True,False
1216,30,84,2.0,1.0,8,51,0.0,1,0.0,1.0,4,2.0,2.0,69,False,True,False,True,True,False,False,True,False,True,False,False,True
1217,17,95,0.0,2.0,5,77,1.0,2,1.0,1.0,4,0.0,1.0,69,True,False,False,True,True,False,False,True,True,False,False,False,True
1218,23,62,0.0,2.0,6,85,1.0,1,0.0,1.0,3,1.0,1.0,63,False,True,False,True,False,True,False,True,False,True,True,False,False
1219,30,75,1.0,1.0,4,79,0.0,0,1.0,1.0,4,0.0,1.0,67,False,True,False,True,False,True,False,True,True,False,True,False,False
1220,18,66,1.0,1.0,6,86,1.0,0,2.0,1.0,2,0.0,1.0,63,True,False,False,True,True,False,False,True,True,False,False,False,True
1221,19,88,1.0,2.0,8,57,0.0,1,1.0,0.0,4,1.0,0.0,66,False,True,True,False,False,True,True,False,True,False,True,False,False
1222,17,64,1.0,1.0,9,50,1.0,2,0.0,2.0,4,0.0,1.0,62,True,False,False,True,True,False,False,True,True,False,False,False,True
1223,14,87,1.0,1.0,7,55,1.0,2,0.0,2.0,4,2.0,0.0,68,False,True,True,False,False,True,False,True,True,False,False,False,True
1224,16,71,1.0,2.0,9,69,1.0,1,0.0,1.0,4,2.0,0.0,65,True,False,False,True,True,False,False,True,True,False,False,True,False
1225,13,68,0.0,0.0,8,66,1.0,0,1.0,0.0,4,1.0,0.0,59,False,True,False,True,False,True,False,True,False,True,False,True,False
1226,20,97,2.0,1.0,7,94,2.0,1,1.0,1.0,1,1.0,1.0,72,False,True,False,True,False,True,False,True,True,False,True,False,False
1227,15,61,1.0,2.0,6,54,1.0,0,2.0,2.0,2,2.0,0.0,63,False,True,True,False,False,True,False,True,True,False,False,True,False
1228,21,78,1.0,1.0,4,72,1.0,1,1.0,2.0,4,2.0,0.0,68,False,True,False,True,True,False,False,True,True,False,False,True,False
1229,11,61,1.0,1.0,9,98,2.0,0,1.0,2.0,2,0.0,1.0,61,False,True,False,True,False,True,False,True,True,False,True,False,False
1230,22,79,0.0,1.0,7,75,0.0,1,0.0,2.0,3,0.0,0.0,65,True,False,True,False,True,False,False,True,True,False,False,True,False
1231,25,80,1.0,1.0,9,57,0.0,2,0.0,2.0,3,0.0,1.0,68,True,False,False,True,False,True,False,True,True,False,False,False,True
1232,8,73,0.0,1.0,6,65,2.0,1,0.0,1.0,4,1.0,1.0,61,False,True,False,True,False,True,False,True,True,False,False,True,False
1233,22,65,0.0,0.0,10,81,1.0,1,0.0,1.0,3,2.0,0.0,63,False,True,True,False,False,True,False,True,True,False,False,True,False
1234,27,75,1.0,1.0,7,51,2.0,1,1.0,0.0,2,2.0,0.0,67,False,True,False,True,False,True,False,True,True,False,True,False,False
1235,13,87,0.0,1.0,6,98,0.0,0,2.0,2.0,3,2.0,1.0,66,False,True,False,True,False,True,False,True,False,True,False,False,True
1236,30,91,1.0,1.0,7,78,2.0,3,1.0,1.0,2,2.0,0.0,75,False,True,True,False,False,True,False,True,True,False,False,False,True
1237,23,81,1.0,1.0,7,85,0.0,0,1.0,1.0,4,0.0,0.0,68,False,True,False,True,True,False,False,True,True,False,False,False,True
1238,16,84,0.0,1.0,7,75,2.0,2,1.0,1.0,3,0.0,0.0,65,True,False,False,True,True,False,False,True,True,False,True,False,False
1239,20,68,0.0,1.0,6,98,2.0,0,0.0,2.0,4,0.0,0.0,64,True,False,False,True,True,False,False,True,True,False,True,False,False
1240,23,71,2.0,1.0,4,79,1.0,2,0.0,1.0,3,0.0,0.0,67,False,True,False,True,False,True,True,False,True,False,False,False,True
1241,20,66,0.0,1.0,6,83,1.0,2,0.0,1.0,3,1.0,0.0,64,False,True,True,False,False,True,False,True,True,False,False,True,False
1242,23,70,1.0,2.0,9,93,1.0,0,0.0,2.0,2,2.0,1.0,67,True,False,False,True,False,True,False,True,False,True,False,True,False
1243,14,69,1.0,2.0,6,93,0.0,2,0.0,1.0,0,0.0,0.0,63,False,True,True,False,False,True,True,False,True,False,False,True,False
1244,21,81,2.0,1.0,4,51,1.0,0,1.0,1.0,2,1.0,1.0,67,True,False,True,False,False,True,False,True,True,False,False,False,True
1245,12,83,2.0,0.0,5,64,1.0,1,2.0,1.0,2,2.0,0.0,65,True,False,True,False,False,True,False,True,True,False,True,False,False
1246,19,98,2.0,0.0,7,62,2.0,1,0.0,2.0,2,0.0,0.0,70,True,False,False,True,False,True,False,True,True,False,False,True,False
1247,15,68,1.0,1.0,6,50,2.0,2,2.0,0.0,3,0.0,1.0,62,False,True,False,True,False,True,False,True,True,False,False,True,False
1248,16,86,2.0,1.0,7,94,1.0,2,0.0,2.0,3,0.0,1.0,69,True,False,False,True,False,True,False,True,True,False,False,True,False
1249,27,93,1.0,0.0,6,66,1.0,2,1.0,1.0,3,1.0,1.0,70,True,False,False,True,False,True,False,True,True,False,True,False,False
1250,27,82,1.0,1.0,9,67,0.0,1,0.0,2.0,2,0.0,1.0,68,False,True,True,False,False,True,False,True,True,False,False,True,False
1251,24,70,1.0,2.0,8,55,1.0,4,0.0,2.0,4,2.0,1.0,68,True,False,False,True,True,False,False,True,True,False,False,False,True
1252,13,71,1.0,1.0,10,99,1.0,0,0.0,1.0,3,2.0,0.0,64,False,True,False,True,False,True,False,True,True,False,False,True,False
1253,18,62,0.0,2.0,6,91,2.0,4,0.0,1.0,1,0.0,1.0,63,False,True,True,False,False,True,True,False,True,False,False,True,False
1254,27,72,0.0,0.0,7,79,1.0,2,2.0,2.0,2,2.0,1.0,68,True,False,False,True,False,True,False,True,True,False,False,False,True
1255,21,90,2.0,0.0,9,89,0.0,1,0.0,0.0,2,0.0,2.0,67,True,False,False,True,False,True,False,True,True,False,False,True,False
1256,34,62,2.0,0.0,8,89,0.0,3,0.0,1.0,4,1.0,1.0,68,True,False,True,False,True,False,False,True,True,False,False,True,False
1257,22,69,1.0,2.0,6,83,1.0,1,0.0,1.0,2,1.0,1.0,66,True,False,False,True,False,True,False,True,True,False,False,False,True
1258,21,88,1.0,1.0,8,59,0.0,2,1.0,1.0,1,2.0,0.0,67,False,True,True,False,False,True,True,False,True,False,True,False,False
1259,18,91,2.0,1.0,8,86,2.0,1,1.0,1.0,4,0.0,1.0,69,False,True,False,True,True,False,False,True,False,True,False,True,False
1260,21,78,2.0,1.0,4,78,1.0,2,2.0,1.0,3,0.0,2.0,68,False,True,True,False,False,True,False,True,True,False,True,False,False
1261,19,88,1.0,2.0,6,86,1.0,4,1.0,1.0,3,1.0,1.0,70,False,True,False,True,True,False,False,True,False,True,False,False,True
1262,24,76,1.0,1.0,7,77,1.0,3,1.0,1.0,4,2.0,1.0,68,True,False,True,False,True,False,False,True,True,False,True,False,False
1263,26,66,0.0,1.0,9,98,1.0,2,0.0,1.0,2,1.0,0.0,66,False,True,False,True,False,True,False,True,True,False,False,True,False
1264,15,76,1.0,2.0,8,81,1.0,2,0.0,1.0,4,2.0,1.0,67,True,False,True,False,False,True,False,True,True,False,False,True,False
1265,12,83,1.0,1.0,6,79,1.0,1,2.0,0.0,4,0.0,1.0,65,True,False,False,True,True,False,False,True,True,False,False,True,False
1266,9,98,1.0,1.0,6,92,1.0,0,1.0,1.0,5,0.0,1.0,67,False,True,False,True,True,False,False,True,True,False,False,True,False
1267,23,63,1.0,1.0,8,69,2.0,2,1.0,0.0,4,0.0,0.0,63,False,True,False,True,True,False,False,True,False,True,True,False,False
1268,13,80,0.0,2.0,4,66,2.0,2,0.0,1.0,2,0.0,1.0,64,True,False,False,True,False,True,False,True,True,False,True,False,False
1269,7,73,2.0,1.0,6,75,1.0,3,0.0,1.0,3,1.0,0.0,64,True,False,False,True,False,True,False,True,True,False,False,True,False
1270,22,80,0.0,0.0,9,79,2.0,0,1.0,1.0,3,1.0,1.0,66,True,False,True,False,True,False,False,True,True,False,False,True,False
1271,35,61,1.0,2.0,7,61,0.0,2,1.0,1.0,4,0.0,0.0,68,False,True,True,False,False,True,False,True,False,True,False,False,True
1272,20,73,2.0,1.0,6,84,2.0,0,1.0,1.0,3,0.0,1.0,67,False,True,False,True,False,True,False,True,True,False,False,False,True
1273,25,93,1.0,2.0,5,90,0.0,1,1.0,1.0,2,1.0,0.0,72,False,True,False,True,True,False,False,True,True,False,False,False,True
1274,20,82,1.0,1.0,8,79,0.0,1,0.0,1.0,4,0.0,0.0,67,False,True,False,True,False,True,False,True,True,False,False,False,True
1275,19,78,1.0,1.0,7,76,2.0,2,1.0,0.0,3,1.0,1.0,66,True,False,False,True,True,False,False,True,True,False,False,True,False
1276,26,71,2.0,0.0,7,65,1.0,1,0.0,1.0,3,1.0,0.0,66,True,False,False,True,True,False,False,True,True,False,False,False,True
1277,18,72,2.0,2.0,8,95,1.0,1,1.0,1.0,4,0.0,1.0,67,False,True,False,True,False,True,False,True,True,False,True,False,False
1278,22,75,1.0,1.0,7,88,0.0,0,0.0,1.0,3,2.0,2.0,65,False,True,True,False,True,False,False,True,True,False,False,True,False
1279,22,93,2.0,1.0,7,74,0.0,2,1.0,2.0,3,1.0,2.0,70,False,True,False,True,True,False,False,True,True,False,True,False,False
1280,16,99,0.0,1.0,5,83,0.0,0,0.0,2.0,4,2.0,0.0,69,True,False,True,False,False,True,False,True,True,False,False,True,False
1281,26,78,2.0,2.0,5,67,0.0,1,2.0,2.0,3,0.0,1.0,69,False,True,True,False,False,True,False,True,True,False,True,False,False
1282,19,76,2.0,1.0,8,53,1.0,1,1.0,1.0,4,1.0,0.0,66,True,False,False,True,False,True,False,True,True,False,True,False,False
1283,15,94,1.0,0.0,8,60,1.0,2,1.0,1.0,4,0.0,2.0,66,False,True,False,True,True,False,False,True,True,False,False,True,False
1284,23,77,2.0,2.0,8,54,1.0,1,0.0,1.0,3,1.0,1.0,67,True,False,False,True,False,True,False,True,True,False,True,False,False
1285,15,82,1.0,2.0,6,75,1.0,1,1.0,0.0,3,0.0,0.0,67,False,True,False,True,False,True,False,True,True,False,False,False,True
1286,20,69,1.0,1.0,8,81,2.0,2,1.0,1.0,4,0.0,0.0,67,False,True,False,True,False,True,False,True,True,False,False,False,True
1287,20,90,2.0,2.0,6,69,1.0,2,2.0,2.0,3,0.0,0.0,72,True,False,False,True,False,True,False,True,True,False,False,True,False
1288,27,81,1.0,0.0,9,77,0.0,1,1.0,2.0,4,1.0,1.0,68,True,False,False,True,False,True,False,True,True,False,False,True,False
1289,23,92,1.0,0.0,6,54,2.0,3,1.0,1.0,2,2.0,0.0,70,False,True,False,True,False,True,False,True,False,True,False,False,True
1290,20,91,1.0,1.0,6,88,1.0,1,0.0,1.0,4,0.0,1.0,69,False,True,False,True,False,True,False,True,True,False,False,False,True
1291,25,69,2.0,0.0,7,52,2.0,1,0.0,1.0,4,0.0,1.0,65,False,True,False,True,False,True,False,True,True,False,False,False,True
1292,28,89,2.0,2.0,8,82,1.0,0,1.0,1.0,3,2.0,2.0,72,False,True,False,True,True,False,False,True,True,False,True,False,False
1293,23,92,1.0,2.0,7,72,1.0,0,0.0,1.0,4,1.0,2.0,69,True,False,False,True,True,False,False,True,True,False,False,True,False
1294,20,74,1.0,1.0,7,59,0.0,5,2.0,1.0,4,0.0,0.0,68,True,False,False,True,False,True,False,True,True,False,False,False,True
1295,12,67,2.0,2.0,6,76,2.0,1,0.0,1.0,2,0.0,1.0,62,False,True,False,True,True,False,False,True,True,False,True,False,False
1296,14,60,1.0,0.0,7,89,0.0,2,1.0,1.0,3,0.0,1.0,60,False,True,False,True,False,True,False,True,True,False,False,True,False
1297,18,78,2.0,1.0,7,71,0.0,3,1.0,1.0,4,0.0,1.0,67,False,True,False,True,False,True,False,True,True,False,False,True,False
1298,16,74,2.0,2.0,6,68,0.0,2,1.0,1.0,4,1.0,0.0,67,False,True,False,True,False,True,False,True,True,False,False,True,False
1299,19,82,1.0,2.0,7,57,1.0,1,1.0,1.0,3,0.0,0.0,67,False,True,False,True,False,True,False,True,True,False,False,True,False
1300,20,68,1.0,1.0,7,80,0.0,0,0.0,1.0,4,0.0,0.0,63,True,False,True,False,False,True,False,True,True,False,False,True,False
1301,23,94,1.0,0.0,10,91,2.0,1,1.0,1.0,3,0.0,0.0,71,False,True,False,True,False,True,False,True,True,False,False,True,False
1302,20,70,1.0,1.0,6,78,2.0,0,1.0,1.0,2,1.0,0.0,66,True,False,True,False,False,True,False,True,True,False,False,False,True
1303,23,69,1.0,1.0,6,58,2.0,0,1.0,1.0,1,2.0,0.0,65,True,False,False,True,False,True,False,True,True,False,False,True,False
1304,20,79,2.0,1.0,7,83,2.0,2,1.0,1.0,2,0.0,1.0,69,True,False,False,True,False,True,False,True,True,False,False,False,True
1305,8,80,2.0,0.0,6,52,2.0,2,1.0,1.0,1,0.0,0.0,63,True,False,False,True,True,False,False,True,True,False,False,False,True
1306,14,69,1.0,1.0,5,92,2.0,3,0.0,0.0,2,2.0,1.0,64,True,False,False,True,False,True,False,True,True,False,True,False,False
1307,19,71,2.0,2.0,5,96,2.0,2,0.0,1.0,0,1.0,0.0,67,True,False,True,False,True,False,False,True,False,True,False,True,False
1308,13,67,1.0,1.0,6,80,2.0,1,0.0,2.0,2,0.0,1.0,62,False,True,False,True,False,True,False,True,True,False,True,False,False
1309,24,89,1.0,0.0,6,94,0.0,2,1.0,1.0,2,0.0,2.0,68,False,True,False,True,False,True,False,True,True,False,False,True,False
1310,29,91,1.0,2.0,5,54,0.0,2,0.0,1.0,3,2.0,1.0,71,False,True,False,True,True,False,False,True,True,False,False,True,False
1311,27,78,2.0,1.0,7,61,1.0,1,0.0,1.0,3,0.0,1.0,66,True,False,False,True,True,False,True,False,True,False,True,False,False
1312,19,89,1.0,2.0,4,66,0.0,1,0.0,1.0,1,2.0,0.0,69,True,False,False,True,False,True,False,True,True,False,False,False,True
1313,29,89,1.0,0.0,8,89,0.0,1,1.0,2.0,4,0.0,1.0,71,False,True,True,False,False,True,False,True,True,False,False,True,False
1314,21,66,1.0,1.0,6,74,1.0,2,1.0,2.0,4,0.0,0.0,66,True,False,True,False,False,True,False,True,True,False,False,True,False
1315,18,99,1.0,1.0,6,67,1.0,5,0.0,1.0,3,2.0,0.0,72,True,False,False,True,True,False,False,True,True,False,False,False,True
1316,16,93,1.0,1.0,8,58,1.0,1,2.0,2.0,4,1.0,0.0,70,True,False,False,True,False,True,False,True,True,False,False,False,True
1317,18,68,0.0,1.0,8,91,2.0,1,0.0,2.0,3,2.0,0.0,65,True,False,True,False,True,False,False,True,True,False,False,True,False
1318,18,67,2.0,1.0,6,51,1.0,0,1.0,2.0,2,1.0,0.0,64,True,False,False,True,True,False,False,True,True,False,False,False,True
1319,21,65,1.0,1.0,8,67,1.0,1,0.0,1.0,2,1.0,1.0,63,False,True,False,True,False,True,False,True,True,False,False,False,True
1320,21,66,1.0,1.0,9,62,0.0,3,1.0,1.0,2,0.0,0.0,63,False,True,True,False,True,False,True,False,True,False,False,False,True
1321,20,90,0.0,1.0,5,56,1.0,3,1.0,1.0,2,0.0,1.0,66,False,True,False,True,True,False,True,False,True,False,False,False,True
1322,23,79,2.0,2.0,8,59,0.0,1,0.0,2.0,4,1.0,1.0,68,False,True,False,True,False,True,False,True,True,False,True,False,False
1323,27,91,1.0,2.0,5,75,0.0,1,2.0,2.0,4,1.0,0.0,74,False,True,False,True,False,True,False,True,True,False,False,True,False
1324,26,90,2.0,2.0,9,71,0.0,0,2.0,0.0,2,1.0,0.0,71,True,False,True,False,True,False,False,True,True,False,True,False,False
1325,11,84,2.0,1.0,6,76,2.0,3,0.0,2.0,3,0.0,1.0,67,True,False,False,True,False,True,False,True,True,False,True,False,False
1326,5,87,2.0,0.0,6,86,1.0,2,1.0,2.0,3,2.0,0.0,66,True,False,False,True,True,False,False,True,True,False,False,False,True
1327,26,61,2.0,1.0,9,95,1.0,0,1.0,1.0,6,1.0,0.0,67,False,True,True,False,False,True,False,True,True,False,True,False,False
1328,12,72,0.0,2.0,8,56,2.0,3,0.0,1.0,1,0.0,1.0,62,False,True,False,True,False,True,False,True,False,True,False,False,True
1329,19,86,1.0,0.0,6,54,0.0,1,2.0,2.0,5,2.0,0.0,68,False,True,True,False,True,False,False,True,True,False,False,False,True
1330,13,60,1.0,1.0,7,66,1.0,2,0.0,1.0,3,2.0,0.0,62,False,True,False,True,False,True,False,True,True,False,False,False,True
1331,23,94,2.0,1.0,5,55,2.0,2,1.0,1.0,2,0.0,0.0,70,False,True,False,True,True,False,False,True,False,True,False,False,True
1332,25,87,2.0,1.0,7,86,1.0,4,1.0,0.0,2,1.0,0.0,72,False,True,True,False,True,False,False,True,True,False,True,False,False
1333,17,71,0.0,2.0,6,78,0.0,0,1.0,1.0,4,1.0,0.0,64,True,False,False,True,False,True,False,True,True,False,False,False,True
1334,4,88,1.0,2.0,6,87,0.0,1,1.0,2.0,4,1.0,0.0,66,False,True,False,True,True,False,False,True,True,False,False,True,False
1335,17,92,1.0,1.0,9,68,2.0,0,1.0,0.0,3,1.0,0.0,68,True,False,True,False,False,True,False,True,True,False,False,False,True
1336,22,72,0.0,1.0,6,70,0.0,1,2.0,1.0,3,2.0,2.0,64,False,True,False,True,True,False,False,True,True,False,False,True,False
1337,11,61,0.0,1.0,7,90,2.0,0,1.0,2.0,3,0.0,0.0,61,True,False,False,True,False,True,False,True,True,False,False,True,False
1338,21,97,1.0,1.0,9,63,1.0,0,1.0,1.0,1,0.0,1.0,69,False,True,False,True,False,True,False,True,True,False,False,False,True
1339,20,74,2.0,2.0,7,69,0.0,2,2.0,2.0,2,1.0,0.0,68,False,True,True,False,True,False,False,True,True,False,False,True,False
1340,23,64,1.0,1.0,6,51,1.0,1,1.0,1.0,5,1.0,0.0,64,False,True,False,True,True,False,False,True,True,False,False,False,True
1341,21,80,1.0,2.0,7,78,1.0,1,0.0,2.0,4,0.0,1.0,67,True,False,True,False,True,False,False,True,True,False,True,False,False
1342,14,91,1.0,1.0,8,93,1.0,0,1.0,1.0,3,0.0,1.0,67,False,True,False,True,False,True,False,True,True,False,False,True,False
1343,27,69,1.0,1.0,8,51,1.0,1,2.0,1.0,2,0.0,0.0,65,False,True,False,True,True,False,False,True,True,False,True,False,False
1344,19,71,2.0,1.0,10,81,1.0,2,1.0,2.0,3,0.0,0.0,68,True,False,False,True,False,True,False,True,True,False,False,False,True
1345,20,70,1.0,2.0,6,92,1.0,2,1.0,0.0,3,0.0,0.0,67,False,True,False,True,False,True,False,True,True,False,False,False,True
1346,14,100,0.0,1.0,7,75,0.0,1,0.0,1.0,3,2.0,1.0,67,False,True,False,True,True,False,False,True,True,False,False,False,True
1347,17,68,1.0,2.0,5,66,1.0,1,2.0,1.0,4,0.0,0.0,64,False,True,False,True,False,True,False,True,True,False,True,False,False
1348,15,83,2.0,2.0,8,100,1.0,0,1.0,1.0,3,1.0,0.0,70,True,False,False,True,False,True,False,True,True,False,False,False,True
1349,19,97,1.0,2.0,7,53,1.0,2,0.0,0.0,3,1.0,1.0,69,False,True,True,False,True,False,False,True,True,False,False,True,False
1350,30,66,1.0,2.0,7,61,0.0,0,2.0,2.0,2,0.0,2.0,66,False,True,True,False,True,False,False,True,True,False,False,False,True
1351,12,99,0.0,1.0,6,94,1.0,2,1.0,1.0,3,2.0,1.0,69,False,True,False,True,True,False,False,True,True,False,False,True,False
1352,10,98,0.0,1.0,6,65,1.0,1,0.0,2.0,2,0.0,0.0,66,False,True,True,False,False,True,False,True,True,False,False,False,True
1353,29,95,2.0,1.0,7,91,0.0,1,0.0,1.0,3,0.0,1.0,73,True,False,False,True,False,True,False,True,True,False,False,True,False
1354,19,69,1.0,1.0,6,67,1.0,4,2.0,2.0,4,2.0,1.0,66,False,True,True,False,False,True,True,False,True,False,False,False,True
1355,16,85,1.0,2.0,7,91,2.0,0,1.0,1.0,2,2.0,1.0,69,False,True,False,True,False,True,False,True,True,False,False,True,False
1356,26,90,1.0,0.0,7,84,0.0,1,1.0,1.0,3,0.0,1.0,70,False,True,False,True,False,True,False,True,True,False,False,False,True
1357,16,99,2.0,1.0,5,73,2.0,1,1.0,1.0,5,1.0,2.0,71,False,True,True,False,False,True,False,True,False,True,False,False,True
1358,31,67,0.0,2.0,5,76,1.0,2,1.0,2.0,4,1.0,0.0,70,False,True,False,True,False,True,False,True,True,False,False,False,True
1359,24,91,2.0,0.0,6,59,1.0,0,0.0,1.0,4,0.0,0.0,69,False,True,True,False,False,True,False,True,True,False,False,True,False
1360,17,74,1.0,1.0,9,56,1.0,1,1.0,2.0,3,0.0,1.0,63,False,True,True,False,True,False,False,True,True,False,True,False,False
1361,33,67,2.0,1.0,6,86,1.0,4,1.0,2.0,3,0.0,0.0,71,True,False,False,True,False,True,False,True,False,True,False,False,True
1362,16,77,2.0,2.0,7,92,0.0,2,1.0,1.0,2,1.0,0.0,67,False,True,False,True,True,False,False,True,True,False,True,False,False
1363,24,92,1.0,1.0,5,86,2.0,3,1.0,2.0,2,0.0,0.0,73,True,False,False,True,False,True,False,True,True,False,False,True,False
1364,22,79,0.0,2.0,6,96,1.0,1,2.0,1.0,2,1.0,1.0,68,False,True,False,True,False,True,False,True,True,False,False,True,False
1365,28,82,0.0,1.0,5,95,1.0,0,2.0,0.0,3,0.0,0.0,69,False,True,False,True,False,True,False,True,True,False,False,True,False
1366,20,76,0.0,1.0,5,95,1.0,4,0.0,2.0,3,0.0,0.0,68,False,True,False,True,False,True,False,True,True,False,False,False,True
1367,15,85,1.0,1.0,8,58,2.0,1,0.0,1.0,3,1.0,0.0,65,False,True,True,False,True,False,False,True,True,False,True,False,False
1368,23,75,1.0,1.0,8,87,0.0,0,2.0,0.0,1,0.0,0.0,66,True,False,False,True,False,True,False,True,True,False,False,False,True
1369,16,76,1.0,0.0,7,88,2.0,0,0.0,1.0,2,2.0,0.0,65,False,True,False,True,True,False,False,True,True,False,False,False,True
1370,32,88,0.0,1.0,8,58,0.0,3,0.0,2.0,3,0.0,1.0,69,False,True,True,False,True,False,False,True,True,False,True,False,False
1371,21,98,2.0,1.0,10,95,1.0,0,1.0,1.0,1,0.0,0.0,71,False,True,False,True,False,True,False,True,True,False,False,True,False
1372,18,82,2.0,0.0,8,50,1.0,1,2.0,1.0,3,0.0,1.0,66,False,True,False,True,False,True,False,True,True,False,False,False,True
1373,21,91,1.0,2.0,5,72,1.0,3,0.0,1.0,3,0.0,0.0,69,True,False,False,True,True,False,False,True,False,True,True,False,False
1374,12,64,1.0,1.0,9,51,0.0,2,0.0,1.0,4,1.0,0.0,59,False,True,False,True,True,False,True,False,True,False,False,True,False
1375,14,68,1.0,2.0,7,76,1.0,2,2.0,1.0,3,0.0,0.0,65,False,True,False,True,True,False,False,True,True,False,False,False,True
1376,27,80,2.0,2.0,10,71,2.0,4,0.0,0.0,2,1.0,0.0,72,False,True,False,True,True,False,False,True,True,False,False,True,False
1377,16,61,1.0,0.0,6,81,1.0,0,1.0,1.0,2,1.0,0.0,60,False,True,False,True,False,True,False,True,True,False,True,False,False
1378,14,70,1.0,1.0,9,88,0.0,0,2.0,1.0,4,1.0,1.0,64,True,False,True,False,False,True,False,True,True,False,False,False,True
1379,23,81,1.0,1.0,7,88,0.0,1,0.0,1.0,4,2.0,0.0,69,False,True,False,True,True,False,False,True,True,False,False,False,True
1380,27,61,2.0,2.0,10,86,1.0,3,1.0,2.0,3,0.0,0.0,70,True,False,True,False,False,True,False,True,True,False,False,False,True
1381,24,71,1.0,2.0,7,55,0.0,2,2.0,1.0,3,1.0,2.0,67,False,True,False,True,False,True,False,True,True,False,False,False,True
1382,26,81,1.0,1.0,10,71,0.0,0,1.0,1.0,5,0.0,0.0,67,True,False,True,False,True,False,False,True,False,True,False,False,True
1383,15,83,1.0,0.0,8,91,1.0,0,0.0,1.0,3,1.0,2.0,64,False,True,True,False,False,True,False,True,True,False,False,True,False
1384,11,97,1.0,1.0,8,83,0.0,4,1.0,2.0,2,0.0,2.0,68,False,True,True,False,False,True,False,True,True,False,True,False,False
1385,29,86,1.0,2.0,10,84,0.0,1,0.0,2.0,4,0.0,0.0,72,True,False,True,False,True,False,False,True,True,False,False,False,True
1386,18,77,1.0,2.0,6,61,1.0,1,0.0,1.0,3,0.0,0.0,65,True,False,True,False,False,True,False,True,True,False,False,True,False
1387,18,97,1.0,2.0,8,66,0.0,2,1.0,1.0,2,1.0,1.0,70,False,True,False,True,True,False,False,True,True,False,False,True,False
1388,28,91,2.0,1.0,7,98,0.0,2,0.0,1.0,5,2.0,0.0,75,False,True,True,False,True,False,False,True,True,False,False,False,True
1389,23,68,0.0,0.0,7,92,1.0,3,0.0,2.0,4,0.0,0.0,65,False,True,True,False,False,True,True,False,True,False,False,True,False
1390,23,65,1.0,2.0,7,58,0.0,1,0.0,1.0,3,1.0,1.0,63,True,False,False,True,False,True,False,True,False,True,False,True,False
1391,33,87,1.0,2.0,8,77,0.0,0,0.0,1.0,3,0.0,0.0,71,False,True,True,False,True,False,False,True,False,True,False,False,True
1392,16,82,1.0,0.0,8,75,1.0,2,1.0,1.0,2,1.0,0.0,66,True,False,False,True,False,True,False,True,True,False,False,False,True
1393,26,92,1.0,0.0,6,72,1.0,1,0.0,1.0,3,0.0,1.0,69,True,False,True,False,False,True,False,True,True,False,False,True,False
1394,20,90,2.0,1.0,7,74,0.0,0,2.0,0.0,3,2.0,1.0,68,True,False,True,False,True,False,True,False,True,False,False,False,True
1395,22,85,1.0,2.0,4,82,1.0,1,1.0,2.0,2,2.0,0.0,71,False,True,False,True,True,False,False,True,True,False,False,False,True
1396,23,81,2.0,0.0,10,94,2.0,1,1.0,2.0,2,1.0,0.0,70,True,False,False,True,False,True,False,True,True,False,False,True,False
1397,23,65,1.0,1.0,7,94,1.0,1,2.0,1.0,3,1.0,0.0,66,True,False,False,True,True,False,False,True,True,False,True,False,False
1398,26,93,2.0,1.0,5,85,0.0,1,2.0,2.0,3,1.0,1.0,73,True,False,False,True,True,False,False,True,True,False,False,False,True
1399,18,70,1.0,1.0,8,51,1.0,1,0.0,1.0,3,1.0,1.0,62,False,True,True,False,False,True,False,True,True,False,True,False,False
1400,15,91,1.0,1.0,6,72,0.0,0,1.0,1.0,2,0.0,1.0,65,True,False,False,True,True,False,False,True,True,False,False,True,False
1401,14,98,2.0,2.0,7,76,1.0,0,0.0,1.0,2,2.0,0.0,71,False,True,False,True,False,True,False,True,True,False,False,True,False
1402,8,88,1.0,1.0,8,92,2.0,1,0.0,1.0,4,1.0,0.0,66,False,True,False,True,False,True,False,True,True,False,True,False,False
1403,32,84,0.0,1.0,8,96,1.0,1,0.0,1.0,3,0.0,0.0,72,True,False,False,True,False,True,False,True,True,False,False,False,True
1404,13,78,1.0,1.0,9,73,1.0,0,1.0,2.0,4,0.0,0.0,64,False,True,True,False,False,True,False,True,True,False,True,False,False
1405,19,75,1.0,1.0,7,65,0.0,0,0.0,0.0,4,0.0,0.0,63,True,False,True,False,True,False,False,True,True,False,False,True,False
1406,18,74,0.0,1.0,7,67,0.0,0,0.0,1.0,3,0.0,0.0,63,False,True,False,True,False,True,False,True,True,False,False,False,True
1407,22,85,2.0,1.0,8,79,2.0,5,1.0,2.0,2,0.0,0.0,72,True,False,False,True,True,False,False,True,True,False,False,True,False
1408,25,90,1.0,1.0,7,64,1.0,2,1.0,2.0,2,0.0,1.0,71,False,True,False,True,False,True,False,True,True,False,False,False,True
1409,25,87,2.0,2.0,6,96,0.0,3,1.0,1.0,2,0.0,1.0,72,True,False,False,True,False,True,True,False,True,False,False,False,True
1410,17,68,1.0,2.0,8,71,1.0,1,1.0,2.0,2,0.0,0.0,65,False,True,True,False,False,True,False,True,True,False,False,True,False
1411,19,80,1.0,1.0,5,100,1.0,0,1.0,1.0,3,0.0,0.0,67,True,False,False,True,False,True,False,True,True,False,False,True,False
1412,22,92,0.0,2.0,7,55,0.0,1,0.0,1.0,4,0.0,1.0,68,True,False,False,True,False,True,False,True,True,False,False,False,True
1413,19,79,1.0,2.0,5,59,1.0,2,0.0,1.0,2,2.0,2.0,66,False,True,True,False,False,True,False,True,True,False,False,True,False
1414,30,81,1.0,2.0,6,76,1.0,0,2.0,1.0,3,2.0,0.0,72,False,True,False,True,True,False,False,True,True,False,False,False,True
1415,23,91,2.0,1.0,6,93,1.0,3,0.0,0.0,3,0.0,1.0,71,True,False,False,True,True,False,False,True,True,False,False,True,False
1416,24,86,1.0,2.0,6,68,0.0,3,0.0,2.0,3,1.0,1.0,70,True,False,False,True,True,False,False,True,False,True,False,False,True
1417,24,76,1.0,1.0,9,92,1.0,1,1.0,0.0,3,2.0,0.0,68,True,False,False,True,True,False,False,True,True,False,False,True,False
1418,27,96,1.0,2.0,9,71,0.0,0,0.0,1.0,4,1.0,0.0,72,True,False,True,False,True,False,False,True,True,False,False,False,True
1419,21,67,0.0,1.0,9,93,2.0,1,0.0,2.0,3,1.0,0.0,66,False,True,False,True,False,True,False,True,True,False,False,True,False
1420,12,100,1.0,1.0,7,64,1.0,1,1.0,2.0,6,0.0,0.0,69,False,True,False,True,True,False,False,True,True,False,False,False,True
1421,22,65,0.0,1.0,6,74,2.0,2,1.0,1.0,1,1.0,0.0,65,False,True,False,True,False,True,False,True,True,False,False,False,True
1422,16,61,2.0,2.0,8,64,1.0,1,0.0,2.0,3,0.0,2.0,62,False,True,False,True,True,False,False,True,True,False,False,False,True
1423,17,96,2.0,2.0,7,61,0.0,1,0.0,2.0,1,1.0,1.0,69,True,False,False,True,True,False,False,True,True,False,False,False,True
1424,24,70,1.0,1.0,7,71,1.0,1,1.0,0.0,4,0.0,0.0,65,False,True,False,True,False,True,False,True,True,False,True,False,False
1425,27,89,1.0,0.0,4,67,1.0,2,0.0,0.0,4,1.0,0.0,69,True,False,True,False,True,False,False,True,True,False,False,True,False
1426,20,92,0.0,2.0,8,89,1.0,1,0.0,1.0,3,0.0,1.0,69,True,False,False,True,False,True,False,True,True,False,False,True,False
1427,22,94,2.0,1.0,8,87,1.0,2,0.0,1.0,5,1.0,0.0,73,True,False,True,False,False,True,False,True,True,False,False,True,False
1428,30,100,2.0,1.0,7,68,0.0,2,1.0,1.0,2,2.0,0.0,75,True,False,True,False,False,True,False,True,True,False,False,True,False
1429,21,72,2.0,2.0,8,100,1.0,3,0.0,2.0,3,1.0,2.0,70,False,True,True,False,False,True,False,True,True,False,False,False,True
1430,36,88,1.0,2.0,8,99,2.0,0,0.0,1.0,3,1.0,0.0,74,True,False,True,False,True,False,False,True,True,False,True,False,False
1431,23,65,1.0,1.0,6,96,1.0,0,0.0,0.0,3,0.0,0.0,65,False,True,False,True,False,True,False,True,True,False,False,False,True
1432,9,76,1.0,1.0,7,79,1.0,1,1.0,1.0,3,1.0,0.0,63,False,True,False,True,True,False,False,True,True,False,True,False,False
1433,25,94,2.0,2.0,5,71,0.0,4,1.0,2.0,4,1.0,0.0,74,True,False,False,True,True,False,False,True,True,False,True,False,False
1434,22,75,2.0,2.0,9,66,0.0,0,0.0,1.0,2,2.0,0.0,67,False,True,True,False,False,True,False,True,True,False,False,True,False
1435,28,84,1.0,1.0,8,51,1.0,3,1.0,1.0,4,2.0,0.0,71,True,False,False,True,False,True,True,False,True,False,False,False,True
1436,24,80,2.0,0.0,6,82,1.0,1,0.0,2.0,3,1.0,1.0,68,True,False,False,True,False,True,False,True,True,False,False,True,False
1437,19,86,2.0,1.0,8,78,1.0,2,1.0,1.0,4,1.0,0.0,69,True,False,False,True,True,False,False,True,True,False,True,False,False
1438,13,99,1.0,2.0,7,81,1.0,0,1.0,1.0,4,2.0,0.0,71,False,True,False,True,True,False,False,True,True,False,False,False,True
1439,19,62,2.0,1.0,6,79,0.0,7,1.0,1.0,2,0.0,0.0,66,True,False,False,True,False,True,False,True,True,False,False,True,False
1440,15,83,1.0,1.0,7,57,0.0,0,1.0,1.0,3,2.0,0.0,65,False,True,True,False,False,True,False,True,True,False,False,False,True
1441,17,95,1.0,0.0,8,85,0.0,1,0.0,2.0,2,1.0,1.0,66,True,False,True,False,False,True,True,False,True,False,True,False,False
1442,24,79,0.0,0.0,8,68,2.0,2,0.0,1.0,2,0.0,0.0,65,False,True,True,False,False,True,False,True,True,False,True,False,False
1443,30,63,1.0,1.0,10,76,1.0,1,1.0,1.0,4,2.0,1.0,67,True,False,False,True,True,False,False,True,True,False,False,True,False
1444,22,82,2.0,1.0,7,68,2.0,2,0.0,1.0,4,2.0,0.0,70,False,True,True,False,True,False,False,True,True,False,False,True,False
1445,13,73,1.0,1.0,7,51,1.0,1,0.0,1.0,4,2.0,0.0,63,False,True,False,True,False,True,False,True,True,False,False,False,True
1446,23,66,0.0,0.0,8,94,0.0,1,1.0,2.0,3,2.0,1.0,64,False,True,True,False,True,False,False,True,True,False,False,True,False
1447,27,94,1.0,1.0,7,57,1.0,1,1.0,1.0,1,0.0,0.0,71,False,True,True,False,False,True,False,True,True,False,False,True,False
1448,16,81,1.0,2.0,6,79,1.0,2,0.0,2.0,3,1.0,1.0,68,True,False,False,True,False,True,False,True,True,False,False,False,True
1449,19,97,1.0,0.0,6,94,1.0,2,2.0,1.0,4,2.0,0.0,72,False,True,False,True,True,False,False,True,True,False,False,True,False
1450,20,92,1.0,2.0,4,61,1.0,2,2.0,1.0,4,1.0,0.0,71,False,True,False,True,False,True,False,True,True,False,False,True,False
1451,15,88,0.0,0.0,8,71,1.0,1,0.0,0.0,2,2.0,1.0,64,False,True,True,False,False,True,True,False,True,False,False,False,True
1452,24,60,2.0,0.0,5,69,1.0,1,1.0,2.0,5,0.0,1.0,64,False,True,False,True,False,True,False,True,True,False,False,True,False
1453,19,77,2.0,1.0,6,54,0.0,3,2.0,1.0,2,1.0,1.0,66,False,True,True,False,False,True,False,True,True,False,True,False,False
1454,23,68,1.0,2.0,7,71,2.0,3,1.0,1.0,3,0.0,1.0,68,True,False,False,True,False,True,False,True,True,False,False,False,True
1455,15,96,2.0,1.0,7,74,1.0,2,0.0,0.0,2,0.0,2.0,68,False,True,True,False,True,False,False,True,True,False,False,False,True
1456,17,67,2.0,1.0,10,51,1.0,3,0.0,1.0,5,0.0,0.0,65,False,True,False,True,False,True,False,True,True,False,False,False,True
1457,24,71,1.0,1.0,5,74,1.0,1,1.0,1.0,3,0.0,0.0,67,False,True,True,False,False,True,False,True,True,False,False,False,True
1458,18,81,1.0,0.0,10,55,0.0,3,0.0,1.0,2,0.0,0.0,64,False,True,False,True,False,True,False,True,True,False,True,False,False
1459,30,71,2.0,1.0,9,95,2.0,1,1.0,1.0,4,1.0,0.0,70,False,True,False,True,False,True,True,False,True,False,False,True,False
1460,18,68,1.0,2.0,8,83,0.0,1,0.0,1.0,2,1.0,0.0,65,False,True,False,True,False,True,False,True,True,False,False,False,True
1461,21,84,1.0,0.0,9,53,0.0,2,1.0,2.0,3,0.0,1.0,65,True,False,False,True,True,False,False,True,True,False,True,False,False
1462,26,64,2.0,1.0,8,91,2.0,1,1.0,1.0,4,0.0,0.0,68,False,True,False,True,True,False,False,True,True,False,False,False,True
1463,11,62,1.0,2.0,4,68,1.0,2,2.0,1.0,3,0.0,1.0,61,False,True,False,True,False,True,False,True,True,False,True,False,False
1464,9,75,2.0,0.0,8,61,2.0,3,1.0,1.0,3,0.0,0.0,63,False,True,False,True,True,False,False,True,True,False,False,True,False
1465,11,89,1.0,1.0,5,63,1.0,0,1.0,1.0,2,1.0,0.0,65,True,False,False,True,False,True,False,True,True,False,False,True,False
1466,28,82,1.0,1.0,6,80,1.0,1,0.0,1.0,5,0.0,2.0,69,True,False,True,False,False,True,False,True,True,False,False,True,False
1467,17,77,1.0,1.0,7,54,0.0,1,0.0,2.0,2,1.0,0.0,64,False,True,False,True,True,False,False,True,True,False,False,False,True
1468,35,83,1.0,0.0,6,53,1.0,1,0.0,1.0,2,0.0,0.0,69,True,False,True,False,True,False,False,True,True,False,False,True,False
1469,17,75,2.0,1.0,8,81,0.0,3,2.0,1.0,3,2.0,0.0,67,False,True,False,True,False,True,False,True,False,True,False,True,False
1470,21,97,1.0,2.0,7,99,2.0,1,1.0,2.0,1,2.0,1.0,74,False,True,False,True,False,True,False,True,True,False,False,True,False
1471,29,62,2.0,1.0,8,74,1.0,1,0.0,1.0,3,1.0,0.0,66,False,True,True,False,False,True,False,True,False,True,True,False,False
1472,32,87,1.0,2.0,7,71,1.0,0,2.0,0.0,4,1.0,0.0,72,False,True,False,True,False,True,False,True,False,True,False,True,False
1473,32,96,1.0,0.0,7,97,0.0,1,0.0,1.0,5,1.0,1.0,73,False,True,False,True,False,True,False,True,True,False,False,True,False
1474,27,92,2.0,1.0,6,62,2.0,0,1.0,2.0,4,1.0,0.0,73,False,True,False,True,True,False,False,True,True,False,False,False,True
1475,26,67,0.0,1.0,5,62,2.0,0,1.0,1.0,2,0.0,1.0,63,False,True,False,True,False,True,False,True,True,False,True,False,False
1476,24,72,2.0,1.0,7,95,1.0,3,0.0,1.0,2,2.0,0.0,69,False,True,False,True,False,True,False,True,True,False,True,False,False
1477,25,89,0.0,0.0,6,82,2.0,2,0.0,1.0,6,2.0,0.0,71,False,True,False,True,False,True,False,True,True,False,False,True,False
1478,17,63,2.0,1.0,9,53,2.0,1,0.0,2.0,4,1.0,1.0,63,False,True,False,True,True,False,False,True,True,False,False,True,False
1479,15,92,1.0,2.0,5,84,1.0,0,2.0,0.0,5,0.0,1.0,69,True,False,False,True,False,True,False,True,True,False,False,False,True
1480,20,89,2.0,2.0,10,91,0.0,3,1.0,1.0,3,1.0,1.0,72,False,True,True,False,False,True,False,True,True,False,False,True,False
1481,19,89,2.0,0.0,7,64,1.0,2,0.0,1.0,4,2.0,1.0,68,True,False,False,True,False,True,False,True,False,True,False,False,True
1482,17,64,0.0,2.0,7,69,1.0,1,1.0,1.0,3,0.0,0.0,62,True,False,False,True,True,False,False,True,True,False,True,False,False
1483,24,89,0.0,2.0,6,60,1.0,1,0.0,1.0,2,0.0,0.0,68,False,True,True,False,False,True,False,True,True,False,False,True,False
1484,26,87,1.0,1.0,8,82,2.0,1,0.0,1.0,2,2.0,0.0,71,False,True,False,True,False,True,False,True,True,False,True,False,False
1485,21,93,1.0,0.0,7,83,0.0,1,2.0,2.0,3,0.0,1.0,67,False,True,False,True,False,True,True,False,False,True,False,True,False
1486,29,62,0.0,2.0,7,53,2.0,0,0.0,1.0,3,1.0,1.0,65,True,False,True,False,False,True,False,True,True,False,False,False,True
1487,13,61,0.0,1.0,8,84,2.0,1,1.0,2.0,3,2.0,2.0,60,False,True,False,True,False,True,True,False,False,True,False,True,False
1488,19,75,1.0,2.0,8,83,2.0,2,2.0,1.0,2,0.0,0.0,68,False,True,False,True,False,True,False,True,True,False,False,True,False
1489,16,66,0.0,1.0,9,52,1.0,1,1.0,0.0,3,0.0,0.0,59,False,True,False,True,False,True,False,True,False,True,True,False,False
1490,9,82,2.0,1.0,8,78,1.0,0,2.0,1.0,0,0.0,1.0,64,True,False,False,True,True,False,False,True,True,False,False,True,False
1491,20,97,2.0,1.0,6,81,2.0,2,0.0,0.0,3,0.0,1.0,71,False,True,False,True,False,True,False,True,True,False,False,True,False
1492,19,76,2.0,2.0,4,72,0.0,2,2.0,1.0,2,1.0,1.0,68,True,False,False,True,True,False,False,True,True,False,False,True,False
1493,29,94,0.0,1.0,7,95,1.0,2,0.0,1.0,3,1.0,1.0,70,False,True,False,True,False,True,True,False,False,True,False,True,False
1494,24,60,0.0,0.0,7,66,1.0,1,1.0,2.0,4,1.0,0.0,62,True,False,False,True,True,False,False,True,True,False,False,True,False
1495,14,67,1.0,1.0,10,53,1.0,2,2.0,1.0,3,1.0,0.0,62,False,True,False,True,True,False,False,True,True,False,False,True,False
1496,31,61,2.0,1.0,7,84,1.0,2,1.0,1.0,3,0.0,0.0,68,False,True,True,False,True,False,False,True,True,False,False,True,False
1497,27,73,1.0,1.0,8,80,0.0,3,1.0,1.0,3,0.0,0.0,68,True,False,True,False,True,False,False,True,True,False,True,False,False
1498,23,96,1.0,1.0,8,99,2.0,3,0.0,0.0,4,0.0,0.0,74,True,False,False,True,False,True,False,True,True,False,False,False,True
1499,19,64,0.0,1.0,8,62,1.0,0,2.0,1.0,4,1.0,0.0,61,False,True,False,True,True,False,False,True,False,True,False,False,True
1500,14,84,1.0,1.0,8,70,1.0,1,0.0,2.0,5,1.0,0.0,67,False,True,False,True,False,True,False,True,True,False,False,True,False
1501,18,78,1.0,0.0,6,73,1.0,1,2.0,2.0,2,0.0,1.0,65,True,False,False,True,True,False,False,True,True,False,False,False,True
1502,31,65,1.0,0.0,7,71,1.0,1,0.0,1.0,4,0.0,1.0,65,False,True,False,True,False,True,False,True,True,False,False,True,False
1503,29,68,1.0,1.0,4,89,1.0,0,1.0,1.0,4,1.0,0.0,67,False,True,True,False,True,False,False,True,False,True,False,True,False
1504,17,61,1.0,2.0,7,58,0.0,2,0.0,1.0,3,0.0,0.0,61,True,False,False,True,False,True,False,True,False,True,False,False,True
1505,13,77,1.0,1.0,6,70,1.0,3,1.0,2.0,4,0.0,0.0,64,False,True,False,True,True,False,False,True,False,True,False,True,False
1506,21,71,2.0,0.0,7,58,2.0,1,1.0,2.0,3,1.0,2.0,64,True,False,False,True,True,False,False,True,False,True,False,False,True
1507,9,95,1.0,1.0,7,97,1.0,1,0.0,0.0,2,1.0,0.0,67,False,True,False,True,False,True,False,True,True,False,False,True,False
1508,22,84,1.0,1.0,5,59,1.0,0,2.0,2.0,3,1.0,0.0,69,True,False,True,False,False,True,False,True,True,False,False,False,True
1509,19,85,2.0,1.0,9,71,0.0,1,1.0,2.0,2,2.0,1.0,69,True,False,False,True,False,True,False,True,True,False,False,False,True
1510,17,81,2.0,1.0,7,54,1.0,4,0.0,1.0,3,0.0,0.0,67,True,False,False,True,True,False,False,True,True,False,False,False,True
1511,10,64,1.0,2.0,8,96,1.0,1,1.0,1.0,3,0.0,1.0,62,False,True,False,True,True,False,False,True,True,False,False,True,False
1512,23,78,0.0,2.0,7,81,1.0,0,0.0,1.0,1,0.0,0.0,66,False,True,True,False,True,False,False,True,True,False,False,True,False
1513,17,100,2.0,1.0,8,98,0.0,0,1.0,2.0,4,1.0,0.0,72,False,True,False,True,True,False,False,True,True,False,False,False,True
1514,13,93,1.0,1.0,5,52,0.0,2,1.0,1.0,3,1.0,0.0,67,True,False,False,True,False,True,False,True,True,False,False,False,True
1515,3,96,2.0,2.0,9,59,1.0,2,0.0,1.0,3,1.0,1.0,66,True,False,False,True,False,True,False,True,True,False,True,False,False
1516,20,93,0.0,0.0,8,69,1.0,2,0.0,1.0,4,0.0,1.0,67,False,True,False,True,False,True,False,True,True,False,False,True,False
1517,31,64,2.0,0.0,7,81,0.0,1,1.0,1.0,4,0.0,0.0,67,True,False,False,True,False,True,False,True,True,False,False,False,True
1518,30,69,1.0,1.0,7,66,1.0,0,1.0,0.0,4,2.0,0.0,68,True,False,False,True,False,True,False,True,True,False,False,False,True
1519,17,60,2.0,1.0,9,86,1.0,0,0.0,2.0,2,0.0,0.0,63,False,True,False,True,False,True,False,True,True,False,False,False,True
1520,16,72,1.0,2.0,6,58,0.0,1,1.0,1.0,2,0.0,2.0,62,False,True,False,True,True,False,False,True,True,False,True,False,False
1521,23,64,2.0,1.0,5,80,0.0,3,1.0,2.0,2,1.0,1.0,65,True,False,False,True,False,True,False,True,False,True,True,False,False
1522,14,79,1.0,1.0,6,70,1.0,1,0.0,1.0,6,1.0,1.0,65,False,True,False,True,False,True,False,True,True,False,False,False,True
1523,22,87,1.0,2.0,7,75,1.0,0,1.0,2.0,2,1.0,0.0,70,True,False,False,True,False,True,False,True,False,True,False,False,True
1524,25,95,0.0,1.0,7,78,1.0,7,0.0,1.0,4,0.0,0.0,73,False,True,False,True,True,False,False,True,True,False,False,False,True
1525,27,90,2.0,1.0,9,53,1.0,1,1.0,2.0,2,2.0,0.0,73,True,False,False,True,False,True,False,True,True,False,False,False,True
1526,19,98,1.0,0.0,6,96,1.0,2,0.0,1.0,2,0.0,1.0,68,False,True,True,False,False,True,True,False,True,False,True,False,False
1527,19,62,1.0,0.0,6,89,2.0,3,1.0,1.0,1,0.0,1.0,63,False,True,False,True,True,False,False,True,True,False,False,False,True
1528,15,60,1.0,0.0,5,72,2.0,2,2.0,2.0,2,0.0,0.0,62,False,True,False,True,False,True,False,True,True,False,False,False,True
1529,15,86,2.0,1.0,8,77,1.0,0,1.0,1.0,3,2.0,0.0,69,False,True,False,True,False,True,False,True,True,False,False,False,True
1530,19,72,1.0,2.0,5,52,1.0,2,1.0,1.0,3,2.0,0.0,66,False,True,False,True,True,False,False,True,True,False,False,True,False
1531,22,70,1.0,2.0,8,75,2.0,0,1.0,1.0,3,2.0,0.0,68,False,True,True,False,False,True,False,True,True,False,False,False,True
1532,25,73,2.0,1.0,6,71,0.0,0,0.0,1.0,3,1.0,2.0,67,True,False,True,False,False,True,False,True,True,False,False,False,True
1533,15,71,2.0,2.0,6,69,0.0,2,0.0,2.0,4,1.0,0.0,65,True,False,True,False,False,True,False,True,True,False,True,False,False
1534,29,80,0.0,1.0,10,91,2.0,1,2.0,1.0,3,1.0,1.0,70,False,True,False,True,False,True,True,False,True,False,False,False,True
1535,18,78,0.0,1.0,9,59,2.0,0,2.0,2.0,1,0.0,1.0,64,True,False,True,False,False,True,True,False,True,False,False,False,True
1536,20,80,0.0,0.0,7,59,2.0,2,1.0,2.0,3,0.0,1.0,65,False,True,True,False,False,True,False,True,True,False,False,True,False
1537,16,87,1.0,1.0,5,76,2.0,1,0.0,2.0,2,2.0,2.0,67,True,False,True,False,True,False,False,True,True,False,False,True,False
1538,5,75,1.0,0.0,10,84,1.0,0,2.0,1.0,4,2.0,1.0,62,True,False,True,False,False,True,False,True,True,False,False,True,False
1539,25,70,1.0,1.0,7,51,2.0,3,0.0,1.0,4,0.0,1.0,66,False,True,False,True,False,True,False,True,True,False,False,False,True
1540,24,67,2.0,2.0,7,77,0.0,0,2.0,1.0,2,1.0,0.0,68,True,False,False,True,False,True,False,True,True,False,False,False,True
1541,18,74,1.0,0.0,8,65,2.0,0,1.0,2.0,4,1.0,1.0,64,True,False,False,True,True,False,False,True,True,False,False,False,True
1542,20,90,2.0,0.0,4,88,1.0,3,0.0,1.0,3,0.0,1.0,69,False,True,False,True,True,False,False,True,True,False,True,False,False
1543,23,90,1.0,1.0,6,73,0.0,1,2.0,1.0,2,0.0,0.0,69,True,False,True,False,False,True,True,False,True,False,False,False,True
1544,11,87,1.0,1.0,7,92,1.0,1,1.0,1.0,5,0.0,1.0,67,True,False,False,True,False,True,False,True,True,False,False,False,True
1545,17,69,1.0,1.0,7,70,0.0,0,0.0,2.0,3,1.0,1.0,61,False,True,False,True,False,True,False,True,False,True,False,True,False
1546,25,84,2.0,1.0,5,91,0.0,1,1.0,1.0,4,2.0,1.0,70,True,False,False,True,False,True,False,True,False,True,False,False,True
1547,12,83,0.0,1.0,7,86,0.0,1,2.0,1.0,4,1.0,0.0,65,True,False,False,True,False,True,False,True,True,False,True,False,False
1548,22,79,1.0,1.0,7,91,0.0,0,0.0,1.0,4,1.0,1.0,66,False,True,False,True,False,True,False,True,False,True,False,False,True
1549,12,82,0.0,1.0,10,91,1.0,3,0.0,1.0,3,2.0,0.0,66,False,True,False,True,False,True,False,True,True,False,True,False,False
1550,23,80,1.0,2.0,9,74,1.0,4,1.0,1.0,3,0.0,1.0,69,False,True,False,True,False,True,False,True,True,False,True,False,False
1551,20,83,1.0,1.0,7,68,2.0,1,1.0,1.0,1,0.0,0.0,67,True,False,False,True,False,True,False,True,True,False,False,False,True
1552,10,89,2.0,2.0,7,88,1.0,2,2.0,1.0,2,2.0,0.0,71,True,False,True,False,False,True,False,True,True,False,False,False,True
1553,27,64,2.0,2.0,9,68,2.0,1,0.0,2.0,4,0.0,0.0,68,False,True,True,False,False,True,False,True,True,False,False,True,False
1554,16,90,1.0,1.0,7,54,2.0,2,1.0,1.0,3,0.0,0.0,67,True,False,False,True,True,False,True,False,True,False,False,False,True
1555,15,65,2.0,1.0,5,93,0.0,2,0.0,1.0,4,0.0,0.0,63,True,False,False,True,True,False,False,True,False,True,False,True,False
1556,21,63,1.0,1.0,10,70,0.0,1,2.0,2.0,2,1.0,0.0,64,True,False,True,False,True,False,False,True,True,False,False,False,True
1557,27,99,2.0,1.0,6,57,1.0,3,0.0,1.0,3,1.0,1.0,73,False,True,False,True,False,True,False,True,True,False,False,True,False
1558,14,98,1.0,1.0,10,82,2.0,1,0.0,1.0,3,0.0,1.0,69,False,True,True,False,False,True,False,True,True,False,False,False,True
1559,20,62,2.0,0.0,8,94,2.0,1,1.0,1.0,3,0.0,0.0,65,True,False,False,True,True,False,False,True,True,False,False,False,True
1560,23,78,2.0,0.0,6,93,1.0,0,1.0,2.0,5,2.0,0.0,70,False,True,True,False,False,True,False,True,True,False,False,False,True
1561,24,67,2.0,1.0,4,78,0.0,1,0.0,2.0,2,0.0,0.0,67,True,False,False,True,False,True,False,True,True,False,False,False,True
1562,21,79,1.0,0.0,8,54,2.0,3,0.0,1.0,3,2.0,1.0,67,True,False,False,True,False,True,False,True,True,False,False,False,True
1563,18,93,1.0,2.0,5,85,1.0,0,0.0,1.0,3,0.0,0.0,70,False,True,False,True,False,True,False,True,True,False,False,False,True
1564,15,98,2.0,0.0,8,80,0.0,2,2.0,2.0,2,2.0,0.0,69,True,False,False,True,True,False,True,False,True,False,True,False,False
1565,21,85,2.0,1.0,10,61,2.0,2,1.0,1.0,2,0.0,0.0,68,False,True,False,True,True,False,False,True,False,True,False,True,False
1566,14,74,1.0,2.0,5,95,2.0,1,0.0,2.0,3,1.0,0.0,66,False,True,False,True,True,False,False,True,False,True,False,False,True
1567,2,84,0.0,2.0,8,54,0.0,3,0.0,0.0,4,0.0,0.0,62,False,True,False,True,True,False,False,True,True,False,False,False,True
1568,23,72,1.0,1.0,6,69,0.0,2,2.0,1.0,4,0.0,0.0,67,False,True,False,True,False,True,False,True,True,False,False,False,True
1569,25,96,1.0,0.0,9,55,2.0,2,1.0,2.0,4,0.0,1.0,71,False,True,False,True,False,True,False,True,True,False,False,True,False
1570,6,95,2.0,1.0,7,96,1.0,4,0.0,1.0,2,0.0,1.0,68,True,False,False,True,False,True,False,True,True,False,False,True,False
1571,14,82,2.0,1.0,7,52,2.0,3,0.0,1.0,2,0.0,0.0,66,True,False,False,True,False,True,False,True,True,False,True,False,False
1572,24,73,0.0,1.0,9,71,2.0,0,0.0,1.0,3,0.0,1.0,64,False,True,False,True,False,True,False,True,True,False,False,True,False
1573,32,72,2.0,1.0,8,93,0.0,1,0.0,1.0,4,2.0,0.0,71,True,False,True,False,False,True,False,True,True,False,False,True,False
1574,20,61,0.0,0.0,6,63,1.0,1,1.0,2.0,4,1.0,2.0,61,False,True,False,True,False,True,False,True,True,False,False,False,True
1575,16,93,1.0,2.0,10,55,1.0,2,0.0,1.0,2,1.0,0.0,67,False,True,False,True,True,False,True,False,True,False,False,True,False
1576,19,78,1.0,0.0,5,56,0.0,3,2.0,1.0,4,1.0,1.0,65,True,False,False,True,False,True,False,True,True,False,False,True,False
1577,28,73,2.0,1.0,7,70,0.0,0,0.0,1.0,6,1.0,1.0,66,True,False,True,False,False,True,True,False,True,False,True,False,False
1578,16,79,2.0,2.0,6,71,1.0,2,0.0,2.0,4,0.0,0.0,68,True,False,False,True,False,True,False,True,True,False,False,True,False
1579,15,93,1.0,1.0,5,86,1.0,0,0.0,1.0,2,1.0,2.0,66,False,True,False,True,True,False,False,True,True,False,False,True,False
1580,17,65,1.0,1.0,5,62,1.0,2,1.0,1.0,4,0.0,0.0,63,True,False,False,True,True,False,False,True,True,False,False,False,True
1581,14,94,0.0,0.0,7,85,0.0,1,2.0,1.0,3,0.0,1.0,66,True,False,False,True,False,True,False,True,True,False,False,True,False
1582,21,96,1.0,2.0,8,100,1.0,1,2.0,1.0,2,1.0,0.0,73,True,False,True,False,True,False,False,True,True,False,False,False,True
1583,22,76,1.0,1.0,9,82,2.0,0,1.0,2.0,4,0.0,0.0,67,False,True,True,False,True,False,False,True,True,False,False,True,False
1584,18,69,2.0,2.0,7,97,1.0,2,1.0,1.0,2,1.0,0.0,69,True,False,False,True,False,True,False,True,True,False,False,False,True
1585,18,75,1.0,0.0,6,100,2.0,2,0.0,1.0,3,0.0,0.0,67,True,False,False,True,False,True,False,True,True,False,False,False,True
1586,11,73,1.0,2.0,9,79,1.0,1,0.0,2.0,2,0.0,0.0,64,False,True,False,True,False,True,False,True,True,False,False,True,False
1587,25,67,1.0,2.0,6,64,1.0,0,0.0,1.0,2,0.0,1.0,64,False,True,False,True,False,True,True,False,True,False,False,True,False
1588,20,84,0.0,1.0,5,96,0.0,1,0.0,1.0,2,0.0,0.0,65,False,True,False,True,True,False,False,True,True,False,True,False,False
1589,19,79,1.0,1.0,8,92,2.0,1,1.0,2.0,2,0.0,0.0,68,False,True,False,True,True,False,False,True,True,False,False,False,True
1590,22,61,1.0,1.0,6,97,2.0,0,0.0,2.0,2,0.0,0.0,63,False,True,False,True,False,True,False,True,False,True,True,False,False
1591,15,86,2.0,2.0,10,68,1.0,0,2.0,1.0,5,1.0,0.0,69,False,True,False,True,False,True,False,True,True,False,False,True,False
1592,17,91,1.0,1.0,8,66,1.0,3,1.0,0.0,2,1.0,0.0,69,False,True,False,True,False,True,False,True,True,False,False,False,True
1593,27,90,1.0,0.0,8,67,1.0,2,1.0,1.0,3,2.0,0.0,70,False,True,False,True,True,False,False,True,True,False,True,False,False
1594,21,95,2.0,1.0,6,66,2.0,1,1.0,2.0,4,1.0,0.0,73,False,True,False,True,False,True,False,True,True,False,False,False,True
1595,11,89,1.0,0.0,9,76,1.0,1,1.0,2.0,3,2.0,2.0,66,False,True,False,True,False,True,False,True,True,False,False,True,False
1596,26,97,1.0,0.0,5,79,2.0,2,0.0,0.0,3,0.0,0.0,71,True,False,True,False,True,False,False,True,True,False,False,False,True
1597,16,73,1.0,0.0,6,71,1.0,2,2.0,2.0,5,1.0,0.0,66,False,True,False,True,False,True,False,True,True,False,False,False,True
1598,31,80,1.0,1.0,6,71,2.0,2,0.0,2.0,3,0.0,0.0,71,True,False,False,True,False,True,False,True,True,False,False,True,False
1599,26,61,1.0,0.0,5,87,1.0,3,2.0,2.0,2,0.0,0.0,66,False,True,False,True,False,True,False,True,False,True,False,False,True
1600,17,60,1.0,2.0,8,50,2.0,0,0.0,2.0,4,0.0,0.0,63,True,False,False,True,False,True,False,True,True,False,False,False,True
1601,28,70,2.0,2.0,8,97,1.0,5,0.0,0.0,5,0.0,0.0,70,False,True,False,True,False,True,False,True,False,True,True,False,False
1602,20,64,2.0,1.0,8,86,1.0,1,1.0,1.0,2,2.0,0.0,66,False,True,False,True,False,True,False,True,True,False,False,True,False
1603,25,70,1.0,1.0,7,85,1.0,1,1.0,1.0,4,0.0,0.0,66,False,True,False,True,True,False,False,True,True,False,True,False,False
1604,23,67,1.0,1.0,8,71,2.0,2,1.0,1.0,4,1.0,1.0,66,True,False,False,True,True,False,False,True,True,False,False,True,False
1605,15,61,1.0,1.0,7,98,1.0,1,1.0,1.0,3,0.0,0.0,62,False,True,False,True,True,False,False,True,True,False,False,True,False
1606,16,96,1.0,1.0,6,50,2.0,1,1.0,2.0,3,1.0,0.0,69,False,True,False,True,True,False,False,True,True,False,False,False,True
1607,26,60,0.0,2.0,6,54,0.0,1,0.0,1.0,1,2.0,1.0,63,False,True,True,False,False,True,False,True,True,False,False,False,True
1608,18,89,1.0,0.0,4,90,0.0,1,2.0,1.0,2,2.0,0.0,68,True,False,False,True,False,True,False,True,False,True,False,False,True
1609,18,66,1.0,2.0,9,87,1.0,1,1.0,0.0,3,0.0,1.0,64,False,True,True,False,True,False,False,True,True,False,False,False,True
1610,14,96,0.0,2.0,9,64,2.0,2,0.0,2.0,3,2.0,1.0,69,False,True,False,True,False,True,False,True,True,False,False,True,False
1611,23,96,0.0,1.0,10,80,0.0,3,0.0,2.0,3,0.0,0.0,71,False,True,False,True,False,True,False,True,True,False,False,False,True
1612,32,86,1.0,1.0,6,77,1.0,2,1.0,0.0,4,0.0,0.0,71,False,True,True,False,False,True,True,False,True,False,True,False,False
1613,14,87,1.0,1.0,6,76,1.0,1,0.0,1.0,4,1.0,2.0,66,True,False,True,False,True,False,False,True,True,False,False,False,True
1614,20,60,1.0,1.0,4,80,0.0,2,2.0,1.0,3,1.0,1.0,63,False,True,True,False,False,True,False,True,False,True,False,False,True
1615,28,99,0.0,1.0,8,100,0.0,0,1.0,1.0,2,0.0,2.0,72,False,True,False,True,False,True,False,True,True,False,False,False,True
1616,20,95,1.0,1.0,8,99,0.0,1,0.0,1.0,3,1.0,0.0,70,True,False,True,False,False,True,True,False,True,False,False,True,False
1617,23,96,1.0,0.0,9,99,1.0,0,2.0,1.0,2,1.0,0.0,71,True,False,True,False,True,False,False,True,True,False,False,True,False
1618,14,86,0.0,0.0,6,77,1.0,3,2.0,1.0,3,0.0,2.0,65,False,True,True,False,False,True,False,True,True,False,False,True,False
1619,23,74,1.0,0.0,8,66,0.0,0,2.0,1.0,4,2.0,0.0,65,True,False,False,True,False,True,False,True,True,False,True,False,False
1620,19,96,0.0,1.0,6,78,2.0,1,0.0,0.0,2,0.0,2.0,67,False,True,False,True,True,False,False,True,True,False,False,False,True
1621,26,72,2.0,1.0,9,81,2.0,0,1.0,2.0,3,0.0,0.0,68,False,True,False,True,True,False,False,True,True,False,False,True,False
1622,27,83,1.0,1.0,8,66,1.0,3,1.0,1.0,4,1.0,2.0,70,True,False,False,True,False,True,False,True,True,False,False,False,True
1623,36,64,1.0,1.0,5,82,1.0,2,1.0,2.0,2,0.0,0.0,70,True,False,True,False,False,True,False,True,True,False,False,False,True
1624,23,97,0.0,2.0,7,81,0.0,2,1.0,2.0,3,0.0,0.0,72,False,True,False,True,False,True,False,True,True,False,False,True,False
1625,22,66,1.0,2.0,4,95,1.0,1,0.0,0.0,5,1.0,1.0,65,False,True,False,True,True,False,False,True,True,False,False,True,False
1626,21,69,1.0,1.0,5,62,2.0,2,0.0,1.0,3,0.0,0.0,65,False,True,False,True,False,True,False,True,True,False,False,False,True
1627,18,82,2.0,1.0,5,85,2.0,3,1.0,2.0,4,2.0,0.0,71,False,True,True,False,False,True,False,True,True,False,False,True,False
1628,22,91,2.0,2.0,6,73,0.0,3,2.0,1.0,4,2.0,0.0,74,False,True,False,True,False,True,False,True,True,False,False,False,True
1629,18,85,0.0,1.0,7,56,0.0,0,0.0,1.0,4,0.0,1.0,64,False,True,True,False,True,False,False,True,True,False,False,False,True
1630,21,69,1.0,1.0,7,66,2.0,1,1.0,1.0,4,0.0,2.0,64,True,False,True,False,True,False,False,True,True,False,False,True,False
1631,28,60,1.0,2.0,7,53,0.0,3,0.0,1.0,3,0.0,0.0,65,True,False,True,False,False,True,False,True,True,False,False,True,False
1632,14,90,0.0,1.0,7,66,1.0,1,1.0,1.0,5,1.0,0.0,67,False,True,False,True,False,True,False,True,True,False,False,True,False
1633,27,99,2.0,1.0,7,53,0.0,2,0.0,2.0,3,1.0,0.0,73,False,True,False,True,True,False,False,True,True,False,False,True,False
1634,28,92,0.0,2.0,5,96,2.0,1,1.0,0.0,3,1.0,1.0,72,False,True,False,True,True,False,False,True,True,False,False,True,False
1635,19,78,1.0,1.0,7,55,0.0,0,1.0,1.0,3,1.0,0.0,65,False,True,False,True,True,False,False,True,True,False,False,False,True
1636,7,96,1.0,2.0,9,91,1.0,0,0.0,1.0,4,1.0,0.0,67,False,True,False,True,True,False,False,True,True,False,False,True,False
1637,16,76,1.0,1.0,7,95,0.0,2,1.0,1.0,3,0.0,0.0,66,True,False,False,True,False,True,False,True,True,False,True,False,False
1638,28,81,2.0,1.0,8,73,0.0,0,1.0,2.0,3,2.0,0.0,70,False,True,False,True,False,True,False,True,True,False,True,False,False
1639,20,79,2.0,1.0,8,53,1.0,2,1.0,1.0,3,0.0,1.0,66,True,False,True,False,True,False,False,True,True,False,False,True,False
1640,14,78,2.0,2.0,8,80,0.0,1,1.0,1.0,1,0.0,0.0,66,True,False,False,True,False,True,False,True,True,False,False,True,False
1641,17,91,1.0,0.0,7,62,0.0,3,2.0,1.0,3,2.0,0.0,68,False,True,False,True,False,True,False,True,True,False,True,False,False
1642,25,81,0.0,1.0,8,59,0.0,3,0.0,1.0,4,1.0,0.0,68,False,True,False,True,False,True,False,True,True,False,False,False,True
1643,23,73,2.0,2.0,8,78,0.0,0,2.0,1.0,4,0.0,1.0,67,True,False,False,True,True,False,False,True,True,False,False,True,False
1644,19,70,2.0,1.0,8,68,2.0,1,0.0,1.0,3,1.0,0.0,65,True,False,False,True,False,True,True,False,True,False,False,False,True
1645,18,62,1.0,0.0,8,87,1.0,4,0.0,1.0,4,1.0,0.0,64,True,False,False,True,False,True,False,True,True,False,False,False,True
1646,18,83,2.0,1.0,5,80,2.0,1,2.0,2.0,2,1.0,0.0,70,False,True,False,True,True,False,False,True,True,False,False,False,True
1647,14,69,0.0,1.0,5,91,1.0,0,2.0,1.0,3,1.0,1.0,63,False,True,False,True,True,False,False,True,True,False,False,False,True
1648,30,66,1.0,2.0,6,53,0.0,2,0.0,1.0,2,0.0,0.0,65,False,True,False,True,True,False,True,False,True,False,False,False,True
1649,18,86,0.0,1.0,9,62,1.0,4,1.0,1.0,2,2.0,0.0,67,True,False,False,True,False,True,False,True,False,True,True,False,False
1650,27,87,1.0,1.0,7,78,0.0,3,0.0,1.0,5,0.0,0.0,71,True,False,True,False,False,True,False,True,True,False,True,False,False
1651,29,90,2.0,1.0,7,94,1.0,1,0.0,0.0,4,0.0,0.0,73,True,False,True,False,False,True,False,True,True,False,False,True,False
1652,26,80,1.0,1.0,4,91,0.0,1,0.0,1.0,3,0.0,2.0,67,False,True,True,False,True,False,False,True,True,False,False,True,False
1653,17,96,2.0,1.0,7,84,1.0,2,0.0,2.0,3,1.0,0.0,72,True,False,True,False,False,True,False,True,True,False,False,False,True
1654,22,97,1.0,1.0,7,79,2.0,2,1.0,2.0,0,0.0,2.0,71,False,True,False,True,True,False,False,True,True,False,False,False,True
1655,20,92,1.0,2.0,4,82,2.0,0,1.0,1.0,4,2.0,0.0,72,False,True,False,True,False,True,False,True,True,False,False,True,False
1656,15,85,2.0,2.0,7,61,1.0,1,1.0,2.0,3,0.0,0.0,68,False,True,False,True,False,True,False,True,True,False,True,False,False
1657,22,72,0.0,0.0,5,80,1.0,2,0.0,2.0,3,1.0,0.0,65,True,False,False,True,False,True,False,True,True,False,False,True,False
1658,13,99,2.0,1.0,6,75,0.0,1,1.0,1.0,4,1.0,2.0,68,True,False,False,True,True,False,False,True,False,True,False,False,True
1659,27,71,1.0,0.0,8,69,1.0,1,2.0,1.0,4,1.0,0.0,67,False,True,False,True,True,False,False,True,True,False,False,False,True
1660,17,68,1.0,1.0,7,94,2.0,1,2.0,1.0,4,1.0,1.0,66,True,False,True,False,True,False,False,True,True,False,False,True,False
1661,21,78,1.0,0.0,6,91,1.0,0,1.0,0.0,1,0.0,0.0,64,False,True,True,False,False,True,False,True,False,True,False,True,False
1662,22,62,2.0,1.0,6,54,1.0,3,0.0,1.0,3,2.0,0.0,65,False,True,True,False,True,False,False,True,True,False,False,True,False
1663,18,99,1.0,1.0,6,99,1.0,0,0.0,1.0,3,0.0,1.0,69,False,True,False,True,True,False,False,True,True,False,False,True,False
1664,24,84,1.0,1.0,7,61,1.0,2,1.0,1.0,2,0.0,2.0,68,False,True,False,True,False,True,False,True,True,False,False,False,True
1665,17,82,2.0,2.0,5,61,1.0,3,1.0,1.0,4,2.0,0.0,69,False,True,False,True,True,False,False,True,True,False,False,True,False
1666,25,86,1.0,1.0,9,97,0.0,1,2.0,1.0,3,0.0,1.0,70,False,True,True,False,False,True,False,True,True,False,False,True,False
1667,12,80,2.0,1.0,5,72,1.0,1,2.0,1.0,4,0.0,0.0,65,True,False,True,False,True,False,False,True,False,True,False,False,True
1668,21,61,1.0,1.0,4,90,0.0,2,1.0,0.0,3,0.0,0.0,63,False,True,False,True,True,False,False,True,True,False,False,True,False
1669,32,84,0.0,1.0,8,64,1.0,1,0.0,2.0,3,1.0,0.0,71,True,False,True,False,False,True,False,True,True,False,False,False,True
1670,14,89,1.0,2.0,6,94,0.0,0,0.0,1.0,2,2.0,0.0,68,False,True,True,False,False,True,False,True,True,False,False,True,False
1671,16,77,1.0,1.0,7,92,2.0,5,0.0,2.0,3,2.0,0.0,70,True,False,False,True,False,True,False,True,True,False,False,False,True
1672,23,90,1.0,2.0,8,76,2.0,2,1.0,0.0,3,0.0,0.0,72,True,False,False,True,False,True,False,True,True,False,False,False,True
1673,21,69,1.0,1.0,6,85,1.0,3,0.0,0.0,1,1.0,2.0,64,True,False,False,True,False,True,False,True,True,False,False,True,False
1674,22,69,0.0,1.0,7,98,0.0,0,0.0,1.0,2,2.0,1.0,64,False,True,False,True,True,False,False,True,True,False,False,False,True
1675,23,66,1.0,0.0,8,73,2.0,2,2.0,1.0,2,1.0,0.0,66,True,False,False,True,False,True,False,True,True,False,False,False,True
1676,24,75,1.0,2.0,9,75,2.0,0,1.0,2.0,3,1.0,2.0,69,False,True,False,True,False,True,False,True,True,False,False,False,True
1677,27,94,1.0,0.0,6,86,1.0,2,1.0,1.0,2,0.0,0.0,71,True,False,True,False,True,False,False,True,True,False,False,True,False
1678,22,93,1.0,2.0,6,69,2.0,0,2.0,0.0,3,0.0,0.0,69,False,True,False,True,False,True,False,True,False,True,True,False,False
1679,19,75,2.0,1.0,8,98,0.0,1,0.0,1.0,3,2.0,1.0,67,False,True,False,True,True,False,False,True,True,False,False,True,False
1680,24,84,0.0,1.0,7,52,1.0,0,0.0,2.0,3,0.0,0.0,66,False,True,False,True,False,True,False,True,True,False,False,True,False
1681,31,89,1.0,1.0,7,70,1.0,2,0.0,2.0,2,0.0,1.0,71,True,False,False,True,True,False,False,True,True,False,False,False,True
1682,19,70,1.0,0.0,9,86,0.0,2,2.0,1.0,2,0.0,0.0,63,False,True,False,True,False,True,False,True,False,True,False,True,False
1683,14,67,1.0,0.0,4,71,1.0,0,2.0,1.0,4,1.0,0.0,62,True,False,False,True,True,False,False,True,True,False,False,True,False
1684,27,99,1.0,2.0,5,63,1.0,0,1.0,2.0,4,0.0,0.0,73,True,False,False,True,True,False,False,True,True,False,False,True,False
1685,19,85,2.0,1.0,4,71,0.0,1,1.0,2.0,3,0.0,2.0,66,True,False,False,True,True,False,False,True,True,False,True,False,False
1686,7,99,2.0,1.0,9,94,1.0,3,2.0,2.0,2,2.0,1.0,72,False,True,False,True,False,True,False,True,True,False,False,False,True
1687,25,74,2.0,0.0,8,77,0.0,1,0.0,1.0,2,2.0,1.0,67,True,False,False,True,False,True,False,True,True,False,False,True,False
1688,17,88,0.0,0.0,5,67,1.0,0,1.0,2.0,3,2.0,0.0,65,False,True,False,True,True,False,True,False,True,False,False,True,False
1689,19,69,1.0,1.0,7,84,1.0,2,1.0,1.0,4,0.0,0.0,66,False,True,False,True,False,True,False,True,True,False,False,True,False
1690,22,70,2.0,1.0,7,81,0.0,3,1.0,1.0,2,2.0,1.0,68,True,False,False,True,False,True,False,True,True,False,False,True,False
1691,21,80,1.0,2.0,4,78,1.0,1,1.0,2.0,4,0.0,0.0,69,True,False,True,False,False,True,False,True,True,False,False,True,False
1692,24,73,2.0,1.0,7,70,1.0,0,2.0,1.0,3,2.0,0.0,68,True,False,False,True,False,True,False,True,True,False,True,False,False
1693,17,67,1.0,2.0,5,54,1.0,0,0.0,1.0,2,0.0,1.0,61,False,True,False,True,False,True,False,True,True,False,True,False,False
1694,23,71,2.0,0.0,8,81,1.0,3,1.0,2.0,2,0.0,0.0,68,False,True,True,False,False,True,False,True,True,False,False,False,True
1695,18,61,2.0,0.0,5,71,0.0,3,2.0,2.0,3,1.0,0.0,64,False,True,True,False,False,True,False,True,True,False,False,True,False
1696,24,88,1.0,0.0,7,71,0.0,1,0.0,2.0,3,1.0,1.0,67,False,True,False,True,False,True,True,False,True,False,False,True,False
1697,24,80,0.0,2.0,9,62,2.0,3,2.0,0.0,3,0.0,1.0,68,False,True,False,True,False,True,False,True,True,False,False,True,False
1698,14,64,1.0,2.0,8,62,0.0,1,1.0,2.0,4,0.0,1.0,61,False,True,False,True,True,False,False,True,False,True,False,False,True
1699,27,67,2.0,0.0,8,89,0.0,1,0.0,0.0,3,2.0,0.0,66,True,False,False,True,True,False,False,True,True,False,False,False,True
1700,17,64,2.0,0.0,7,74,0.0,2,1.0,0.0,2,2.0,0.0,64,True,False,False,True,False,True,False,True,True,False,False,False,True
1701,25,85,0.0,1.0,5,55,0.0,3,2.0,1.0,3,0.0,1.0,67,True,False,False,True,True,False,False,True,True,False,True,False,False
1702,22,64,1.0,2.0,6,52,0.0,2,2.0,1.0,4,1.0,1.0,64,True,False,True,False,True,False,False,True,True,False,True,False,False
1703,31,90,2.0,2.0,7,61,0.0,0,0.0,1.0,3,0.0,0.0,72,False,True,False,True,True,False,False,True,True,False,False,False,True
1704,19,61,1.0,1.0,7,74,0.0,2,2.0,1.0,3,2.0,2.0,62,False,True,False,True,True,False,False,True,True,False,True,False,False
1705,18,70,2.0,1.0,5,81,0.0,2,0.0,1.0,2,0.0,2.0,63,True,False,True,False,False,True,False,True,True,False,True,False,False
1706,20,96,2.0,2.0,8,57,0.0,1,0.0,1.0,4,0.0,0.0,70,False,True,True,False,True,False,False,True,True,False,False,True,False
1707,18,89,2.0,1.0,5,72,0.0,3,1.0,1.0,3,1.0,1.0,69,False,True,False,True,True,False,False,True,True,False,False,False,True
1708,25,63,0.0,1.0,9,54,1.0,3,1.0,0.0,2,0.0,0.0,64,False,True,False,True,False,True,False,True,True,False,False,False,True
1709,10,93,0.0,1.0,7,52,1.0,2,1.0,1.0,3,2.0,0.0,66,False,True,False,True,True,False,False,True,True,False,False,False,True
1710,14,80,0.0,1.0,8,93,1.0,3,0.0,2.0,4,0.0,0.0,67,True,False,True,False,False,True,False,True,True,False,False,False,True
1711,14,94,2.0,2.0,8,83,1.0,4,1.0,0.0,5,2.0,0.0,71,True,False,False,True,False,True,False,True,False,True,True,False,False
1712,26,84,1.0,2.0,10,89,1.0,0,0.0,2.0,1,0.0,2.0,70,True,False,True,False,False,True,False,True,True,False,False,False,True
1713,30,87,0.0,1.0,7,59,1.0,2,1.0,1.0,3,0.0,1.0,69,False,True,False,True,True,False,False,True,True,False,False,True,False
1714,19,100,1.0,0.0,6,66,2.0,0,0.0,1.0,3,0.0,1.0,68,False,True,False,True,True,False,False,True,True,False,False,True,False
1715,19,69,1.0,2.0,6,72,1.0,1,0.0,1.0,1,1.0,0.0,64,True,False,False,True,False,True,True,False,True,False,False,True,False
1716,20,85,2.0,1.0,9,83,0.0,3,1.0,1.0,3,1.0,0.0,70,False,True,False,True,False,True,False,True,False,True,False,False,True
1717,27,78,2.0,0.0,5,77,1.0,0,1.0,0.0,3,2.0,0.0,69,False,True,True,False,False,True,False,True,True,False,False,True,False
1718,14,62,1.0,1.0,6,78,1.0,0,2.0,1.0,2,1.0,0.0,63,True,False,False,True,False,True,False,True,True,False,False,False,True
1719,21,61,0.0,1.0,7,58,1.0,1,1.0,0.0,3,0.0,0.0,60,True,False,False,True,True,False,False,True,True,False,True,False,False
1720,26,65,2.0,0.0,7,74,1.0,2,0.0,1.0,4,0.0,0.0,65,True,False,False,True,True,False,False,True,True,False,True,False,False
1721,23,86,1.0,1.0,8,91,1.0,0,0.0,1.0,0,0.0,0.0,67,False,True,False,True,True,False,False,True,True,False,True,False,False
1722,21,83,1.0,0.0,5,75,0.0,1,1.0,1.0,4,1.0,0.0,66,False,True,False,True,True,False,False,True,True,False,True,False,False
1723,26,82,0.0,2.0,7,60,1.0,3,0.0,1.0,3,2.0,0.0,68,True,False,False,True,True,False,True,False,True,False,False,True,False
1724,24,79,0.0,2.0,5,88,1.0,0,1.0,1.0,3,0.0,1.0,67,True,False,False,True,False,True,False,True,True,False,False,True,False
1725,16,97,1.0,1.0,8,57,0.0,0,1.0,1.0,4,0.0,0.0,68,False,True,False,True,False,True,False,True,False,True,False,False,True
1726,9,76,1.0,1.0,7,79,1.0,1,0.0,1.0,3,0.0,0.0,62,True,False,False,True,False,True,False,True,True,False,False,True,False
1727,23,85,0.0,2.0,7,98,2.0,2,0.0,1.0,3,2.0,1.0,69,True,False,False,True,True,False,True,False,True,False,True,False,False
1728,28,91,1.0,2.0,6,69,2.0,1,1.0,2.0,4,0.0,2.0,73,False,True,True,False,False,True,False,True,True,False,False,True,False
1729,19,91,2.0,0.0,6,52,1.0,2,0.0,1.0,4,0.0,1.0,66,False,True,False,True,True,False,False,True,False,True,True,False,False
1730,26,81,0.0,1.0,5,82,1.0,0,1.0,1.0,5,2.0,0.0,67,True,False,False,True,False,True,False,True,False,True,True,False,False
1731,30,94,1.0,1.0,8,52,1.0,1,1.0,0.0,4,0.0,0.0,71,True,False,False,True,True,False,False,True,True,False,False,True,False
1732,28,76,1.0,1.0,9,60,1.0,1,0.0,1.0,2,0.0,2.0,66,False,True,False,True,False,True,False,True,True,False,False,True,False
1733,30,96,2.0,1.0,10,52,1.0,0,2.0,2.0,4,1.0,1.0,74,True,False,False,True,False,True,False,True,True,False,False,False,True
1734,24,70,1.0,2.0,8,59,0.0,2,0.0,2.0,5,0.0,0.0,67,False,True,False,True,True,False,False,True,True,False,False,False,True
1735,20,71,2.0,1.0,6,93,2.0,2,1.0,2.0,2,2.0,0.0,68,False,True,False,True,True,False,False,True,True,False,True,False,False
1736,10,62,1.0,1.0,6,87,2.0,2,0.0,2.0,3,0.0,0.0,61,False,True,False,True,True,False,False,True,True,False,False,True,False
1737,19,92,1.0,2.0,8,67,1.0,2,1.0,1.0,2,0.0,0.0,69,True,False,True,False,True,False,False,True,True,False,True,False,False
1738,15,77,0.0,1.0,7,95,0.0,4,0.0,1.0,4,0.0,1.0,65,False,True,False,True,False,True,False,True,True,False,False,False,True
1739,33,69,1.0,2.0,7,83,1.0,2,1.0,0.0,2,2.0,0.0,71,False,True,False,True,False,True,False,True,True,False,False,True,False
1740,19,69,1.0,0.0,7,72,1.0,1,0.0,0.0,2,0.0,2.0,61,True,False,False,True,True,False,False,True,True,False,False,False,True
1741,21,96,1.0,2.0,9,53,1.0,0,0.0,2.0,3,1.0,0.0,70,False,True,False,True,False,True,False,True,True,False,False,True,False
1742,23,93,1.0,0.0,6,87,1.0,2,1.0,1.0,3,0.0,1.0,70,False,True,True,False,True,False,False,True,True,False,False,True,False
1743,20,82,1.0,2.0,9,69,0.0,1,1.0,1.0,3,1.0,0.0,69,False,True,False,True,False,True,False,True,True,False,False,False,True
1744,30,85,2.0,0.0,7,65,2.0,2,0.0,1.0,3,0.0,0.0,70,True,False,False,True,False,True,False,True,True,False,True,False,False
1745,16,79,2.0,1.0,6,64,1.0,4,0.0,0.0,4,1.0,0.0,67,False,True,False,True,False,True,False,True,False,True,False,False,True
1746,21,76,0.0,1.0,6,50,0.0,2,0.0,1.0,4,2.0,1.0,63,True,False,False,True,True,False,False,True,True,False,True,False,False
1747,16,97,1.0,1.0,7,87,1.0,1,2.0,1.0,3,0.0,0.0,70,True,False,False,True,True,False,False,True,True,False,False,True,False
1748,12,65,1.0,1.0,8,57,1.0,1,2.0,2.0,5,0.0,0.0,61,True,False,True,False,True,False,False,True,False,True,False,False,True
1749,16,77,0.0,2.0,6,76,0.0,1,0.0,1.0,1,2.0,1.0,64,True,False,False,True,False,True,False,True,True,False,False,True,False
1750,20,74,1.0,1.0,8,51,2.0,2,1.0,1.0,3,1.0,0.0,65,False,True,False,True,False,True,False,True,True,False,True,False,False
1751,17,80,1.0,1.0,6,81,1.0,1,1.0,2.0,1,1.0,2.0,65,False,True,False,True,True,False,False,True,True,False,False,True,False
1752,16,78,1.0,0.0,7,68,2.0,3,0.0,2.0,3,2.0,2.0,66,True,False,True,False,False,True,False,True,True,False,False,False,True
1753,12,81,2.0,2.0,5,82,0.0,1,1.0,2.0,3,0.0,2.0,66,True,False,False,True,False,True,False,True,True,False,False,False,True
1754,20,66,0.0,1.0,8,54,1.0,2,1.0,0.0,2,2.0,0.0,63,False,True,False,True,False,True,False,True,True,False,False,False,True
1755,11,81,0.0,2.0,7,63,1.0,3,1.0,1.0,2,2.0,0.0,66,False,True,False,True,False,True,False,True,True,False,False,True,False
1756,25,70,1.0,1.0,9,56,2.0,0,0.0,1.0,1,0.0,2.0,64,False,True,False,True,False,True,False,True,True,False,False,False,True
1757,20,67,2.0,0.0,8,82,1.0,3,0.0,2.0,4,0.0,0.0,65,False,True,False,True,True,False,False,True,False,True,False,True,False
1758,11,63,2.0,1.0,7,55,0.0,3,2.0,1.0,1,2.0,0.0,62,False,True,True,False,True,False,False,True,True,False,False,False,True
1759,18,91,0.0,2.0,9,81,2.0,4,2.0,1.0,5,0.0,1.0,71,False,True,False,True,False,True,False,True,True,False,False,True,False
1760,15,77,1.0,1.0,8,57,0.0,1,0.0,1.0,2,1.0,0.0,63,False,True,False,True,False,True,False,True,True,False,False,True,False
1761,22,85,1.0,2.0,9,97,2.0,0,1.0,2.0,3,1.0,1.0,70,False,True,False,True,True,False,False,True,True,False,True,False,False
1762,28,89,1.0,0.0,6,71,0.0,2,0.0,1.0,4,1.0,1.0,70,False,True,True,False,False,True,False,True,True,False,False,True,False
1763,9,87,1.0,1.0,8,56,1.0,1,1.0,2.0,3,1.0,1.0,65,True,False,False,True,True,False,False,True,True,False,False,False,True
1764,21,79,2.0,2.0,8,52,1.0,1,0.0,1.0,3,0.0,0.0,66,True,False,False,True,False,True,False,True,False,True,False,True,False
1765,19,76,1.0,0.0,5,66,1.0,2,1.0,1.0,4,1.0,0.0,66,True,False,True,False,False,True,False,True,True,False,False,False,True
1766,24,75,1.0,0.0,9,95,2.0,0,1.0,2.0,2,1.0,0.0,68,False,True,False,True,True,False,False,True,True,False,False,False,True
1767,21,86,2.0,2.0,5,57,1.0,1,0.0,1.0,3,0.0,0.0,68,False,True,True,False,True,False,False,True,True,False,True,False,False
1768,15,80,2.0,1.0,5,90,1.0,4,1.0,2.0,3,0.0,0.0,69,True,False,True,False,False,True,False,True,True,False,False,True,False
1769,18,94,1.0,1.0,4,71,1.0,3,2.0,0.0,3,1.0,0.0,71,True,False,False,True,False,True,False,True,True,False,False,False,True
1770,15,95,1.0,1.0,8,90,0.0,2,0.0,1.0,1,2.0,0.0,69,False,True,True,False,False,True,False,True,True,False,True,False,False
1771,26,67,1.0,2.0,5,94,1.0,0,1.0,1.0,2,1.0,0.0,68,False,True,False,True,False,True,False,True,True,False,False,False,True
1772,20,65,1.0,2.0,6,100,1.0,2,0.0,2.0,5,0.0,1.0,67,False,True,False,True,False,True,False,True,True,False,False,True,False
1773,31,85,2.0,1.0,8,53,1.0,2,0.0,2.0,3,0.0,0.0,72,False,True,False,True,True,False,False,True,True,False,False,False,True
1774,20,72,2.0,1.0,7,90,2.0,2,1.0,1.0,3,0.0,0.0,68,False,True,False,True,False,True,False,True,True,False,False,True,False
1775,16,61,2.0,1.0,6,53,0.0,0,2.0,1.0,4,0.0,1.0,60,True,False,False,True,False,True,False,True,False,True,False,False,True
1776,11,96,1.0,2.0,5,66,2.0,2,0.0,1.0,4,0.0,1.0,68,False,True,False,True,True,False,False,True,True,False,False,True,False
1777,9,69,2.0,1.0,7,82,2.0,1,2.0,2.0,2,0.0,0.0,65,True,False,False,True,False,True,False,True,True,False,False,False,True
1778,10,97,0.0,2.0,8,72,2.0,0,0.0,1.0,3,2.0,1.0,67,True,False,False,True,True,False,False,True,True,False,False,True,False
1779,22,89,0.0,1.0,8,78,0.0,4,2.0,1.0,3,0.0,0.0,70,True,False,True,False,True,False,False,True,True,False,False,False,True
1780,23,91,1.0,0.0,10,98,2.0,0,0.0,2.0,3,0.0,0.0,70,True,False,True,False,False,True,False,True,True,False,True,False,False
1781,11,68,1.0,1.0,6,91,0.0,3,0.0,2.0,2,1.0,2.0,61,True,False,False,True,True,False,False,True,True,False,True,False,False
1782,25,69,2.0,0.0,5,68,1.0,2,2.0,2.0,4,1.0,2.0,68,False,True,False,True,False,True,False,True,True,False,False,False,True
1783,17,81,1.0,2.0,7,80,2.0,1,0.0,1.0,3,2.0,0.0,67,True,False,False,True,True,False,False,True,True,False,True,False,False
1784,21,67,1.0,2.0,7,52,1.0,3,0.0,1.0,3,0.0,1.0,62,True,False,False,True,True,False,False,True,False,True,True,False,False
1785,30,72,1.0,0.0,7,73,1.0,0,2.0,1.0,4,0.0,1.0,66,False,True,False,True,True,False,False,True,True,False,False,True,False
1786,25,73,2.0,1.0,6,80,1.0,3,2.0,1.0,2,0.0,2.0,69,True,False,False,True,False,True,False,True,True,False,False,False,True
1787,18,66,1.0,2.0,4,86,1.0,2,1.0,1.0,4,1.0,0.0,66,True,False,False,True,False,True,False,True,True,False,True,False,False
1788,15,68,1.0,1.0,5,95,1.0,0,2.0,1.0,5,1.0,0.0,64,True,False,False,True,False,True,False,True,True,False,True,False,False
1789,7,92,2.0,1.0,8,64,2.0,1,0.0,0.0,4,2.0,0.0,66,False,True,False,True,True,False,False,True,True,False,False,True,False
1790,16,67,1.0,1.0,7,95,0.0,2,1.0,1.0,5,0.0,0.0,63,False,True,False,True,True,False,False,True,False,True,False,True,False
1791,19,61,0.0,2.0,8,83,0.0,1,1.0,1.0,3,0.0,0.0,62,False,True,True,False,False,True,False,True,True,False,True,False,False
1792,14,85,1.0,1.0,8,54,0.0,1,2.0,1.0,4,2.0,1.0,65,False,True,True,False,False,True,False,True,True,False,True,False,False
1793,19,99,0.0,2.0,8,69,0.0,0,2.0,1.0,2,0.0,1.0,68,False,True,True,False,True,False,False,True,True,False,True,False,False
1794,20,73,2.0,2.0,8,74,0.0,1,0.0,0.0,4,0.0,1.0,65,False,True,True,False,False,True,False,True,True,False,True,False,False
1795,19,65,1.0,2.0,7,68,0.0,1,0.0,0.0,4,1.0,0.0,63,True,False,False,True,False,True,False,True,True,False,False,True,False
1796,16,83,2.0,2.0,7,56,1.0,3,1.0,1.0,2,0.0,0.0,68,False,True,False,True,False,True,False,True,True,False,True,False,False
1797,21,96,1.0,2.0,4,78,0.0,2,2.0,1.0,2,0.0,0.0,72,False,True,True,False,False,True,False,True,True,False,False,False,True
1798,23,91,2.0,0.0,6,57,1.0,2,0.0,1.0,3,0.0,0.0,69,False,True,True,False,True,False,False,True,True,False,False,False,True
1799,13,85,0.0,1.0,6,96,0.0,1,0.0,2.0,5,2.0,2.0,66,False,True,False,True,True,False,False,True,True,False,False,False,True
1800,28,73,0.0,0.0,7,93,2.0,2,0.0,2.0,3,1.0,0.0,68,False,True,True,False,False,True,False,True,True,False,False,True,False
1801,19,82,0.0,0.0,6,74,1.0,1,1.0,2.0,2,0.0,1.0,64,False,True,False,True,True,False,False,True,True,False,False,True,False
1802,20,64,1.0,0.0,8,53,0.0,1,0.0,1.0,2,0.0,0.0,61,False,True,False,True,False,True,False,True,True,False,False,False,True
1803,24,87,0.0,1.0,6,78,2.0,0,0.0,0.0,2,2.0,0.0,67,False,True,False,True,True,False,False,True,False,True,False,True,False
1804,21,89,1.0,0.0,9,80,1.0,0,1.0,0.0,3,2.0,1.0,68,False,True,False,True,False,True,False,True,True,False,False,True,False
1805,26,99,1.0,1.0,6,94,2.0,2,1.0,1.0,3,0.0,0.0,74,False,True,False,True,True,False,False,True,True,False,False,False,True
1806,22,70,1.0,2.0,6,53,1.0,3,1.0,2.0,2,0.0,0.0,67,True,False,False,True,False,True,False,True,True,False,False,False,True
1807,16,61,1.0,2.0,6,85,1.0,2,1.0,1.0,3,0.0,0.0,64,False,True,True,False,False,True,False,True,True,False,False,False,True
1808,22,82,0.0,2.0,6,78,1.0,3,1.0,2.0,3,0.0,1.0,69,False,True,False,True,True,False,False,True,True,False,False,True,False
1809,13,88,2.0,1.0,9,59,1.0,0,0.0,1.0,3,0.0,2.0,63,True,False,True,False,False,True,False,True,False,True,True,False,False
1810,21,92,1.0,1.0,7,56,1.0,0,0.0,1.0,4,0.0,1.0,67,True,False,True,False,True,False,False,True,True,False,False,True,False
1811,20,68,2.0,1.0,7,85,1.0,1,1.0,1.0,3,1.0,2.0,65,False,True,False,True,False,True,False,True,True,False,False,True,False
1812,19,70,1.0,1.0,6,67,1.0,5,1.0,0.0,4,2.0,1.0,67,True,False,False,True,False,True,False,True,True,False,False,False,True
1813,19,81,2.0,1.0,7,100,1.0,1,0.0,1.0,5,2.0,1.0,68,True,False,True,False,True,False,False,True,True,False,True,False,False
1814,9,73,1.0,0.0,7,95,1.0,3,0.0,1.0,3,2.0,0.0,62,False,True,True,False,False,True,True,False,True,False,True,False,False
1815,17,94,2.0,1.0,7,78,1.0,1,0.0,2.0,3,1.0,0.0,70,True,False,False,True,False,True,False,True,True,False,False,True,False
1816,21,79,0.0,2.0,7,82,1.0,1,2.0,1.0,3,0.0,0.0,67,True,False,False,True,False,True,False,True,True,False,True,False,False
1817,14,83,2.0,1.0,7,95,0.0,1,0.0,1.0,2,0.0,0.0,65,True,False,True,False,False,True,False,True,False,True,False,True,False
1818,28,91,0.0,1.0,5,73,1.0,2,1.0,1.0,2,0.0,0.0,69,True,False,False,True,False,True,True,False,True,False,False,True,False
1819,15,73,1.0,1.0,7,76,2.0,2,0.0,1.0,4,0.0,2.0,64,True,False,False,True,True,False,False,True,True,False,False,False,True
1820,26,93,2.0,0.0,6,94,1.0,6,2.0,1.0,4,0.0,0.0,74,True,False,True,False,True,False,False,True,True,False,True,False,False
1821,23,71,1.0,2.0,8,50,1.0,0,2.0,1.0,2,0.0,2.0,64,True,False,False,True,True,False,False,True,True,False,False,False,True
1822,16,82,0.0,2.0,7,75,1.0,0,0.0,1.0,2,2.0,1.0,64,True,False,False,True,True,False,False,True,True,False,True,False,False
1823,31,69,1.0,0.0,9,81,1.0,2,1.0,1.0,2,1.0,0.0,67,False,True,True,False,False,True,False,True,True,False,True,False,False
1824,13,79,0.0,0.0,6,58,2.0,2,1.0,1.0,4,1.0,1.0,63,False,True,False,True,False,True,False,True,True,False,False,False,True
1825,26,73,2.0,1.0,7,53,0.0,3,1.0,2.0,5,0.0,1.0,68,True,False,True,False,False,True,False,True,True,False,False,True,False
1826,26,71,0.0,1.0,5,77,0.0,0,1.0,1.0,5,2.0,0.0,66,False,True,False,True,False,True,False,True,True,False,False,True,False
1827,16,99,0.0,2.0,7,77,2.0,0,0.0,1.0,3,0.0,1.0,68,True,False,False,True,False,True,False,True,False,True,False,True,False
1828,28,66,1.0,2.0,5,67,1.0,1,2.0,1.0,1,2.0,1.0,68,True,False,True,False,True,False,False,True,True,False,False,False,True
1829,18,91,1.0,1.0,7,94,1.0,3,0.0,1.0,2,0.0,0.0,69,True,False,True,False,True,False,False,True,True,False,False,True,False
1830,22,99,2.0,0.0,7,65,1.0,3,0.0,0.0,3,2.0,0.0,71,True,False,False,True,True,False,False,True,True,False,False,True,False
1831,22,61,0.0,2.0,7,76,1.0,1,2.0,1.0,3,1.0,0.0,65,True,False,False,True,False,True,False,True,True,False,False,False,True
1832,19,88,0.0,1.0,8,59,1.0,2,1.0,1.0,4,0.0,0.0,67,False,True,True,False,False,True,False,True,True,False,False,True,False
1833,25,70,1.0,1.0,7,51,1.0,1,2.0,1.0,4,1.0,0.0,65,True,False,False,True,True,False,False,True,True,False,True,False,False
1834,25,62,2.0,1.0,5,71,1.0,0,0.0,2.0,4,0.0,1.0,65,False,True,True,False,True,False,False,True,True,False,False,False,True
1835,28,97,1.0,1.0,7,88,2.0,2,1.0,1.0,2,0.0,1.0,74,False,True,False,True,False,True,False,True,True,False,False,True,False
1836,10,60,1.0,1.0,7,72,0.0,3,1.0,0.0,3,0.0,0.0,59,False,True,False,True,True,False,True,False,True,False,False,False,True
1837,26,84,1.0,1.0,7,64,0.0,2,2.0,2.0,3,0.0,0.0,69,False,True,False,True,True,False,False,True,True,False,False,True,False
1838,27,80,1.0,0.0,9,80,1.0,0,2.0,1.0,2,0.0,1.0,66,False,True,False,True,False,True,False,True,False,True,False,True,False
1839,13,95,1.0,1.0,7,69,1.0,1,0.0,0.0,2,2.0,1.0,66,True,False,False,True,False,True,False,True,False,True,False,False,True
1840,18,63,2.0,2.0,8,62,1.0,2,2.0,1.0,4,0.0,0.0,65,True,False,False,True,True,False,False,True,True,False,False,False,True
1841,13,87,2.0,1.0,4,96,0.0,3,0.0,0.0,3,1.0,0.0,67,False,True,False,True,False,True,False,True,False,True,False,True,False
1842,19,87,2.0,2.0,8,77,0.0,3,0.0,1.0,4,0.0,1.0,69,False,True,True,False,True,False,False,True,True,False,False,True,False
1843,18,87,1.0,0.0,10,60,2.0,2,1.0,1.0,3,0.0,0.0,68,True,False,False,True,False,True,False,True,True,False,False,False,True
1844,25,98,1.0,1.0,9,84,1.0,1,1.0,2.0,2,2.0,0.0,73,True,False,True,False,False,True,False,True,True,False,False,True,False
1845,28,93,0.0,2.0,6,90,1.0,1,0.0,1.0,2,0.0,0.0,71,True,False,False,True,False,True,False,True,False,True,False,False,True
1846,28,62,2.0,1.0,10,88,1.0,0,0.0,2.0,2,2.0,1.0,67,False,True,False,True,False,True,False,True,False,True,False,False,True
1847,17,79,1.0,1.0,7,80,0.0,1,2.0,2.0,3,1.0,0.0,67,True,False,False,True,False,True,False,True,True,False,False,False,True
1848,19,76,2.0,0.0,7,76,1.0,0,2.0,2.0,2,2.0,0.0,66,False,True,False,True,True,False,False,True,True,False,False,True,False
1849,10,72,1.0,0.0,7,89,1.0,3,1.0,1.0,4,1.0,0.0,63,True,False,False,True,True,False,False,True,True,False,True,False,False
1850,15,78,2.0,2.0,7,85,1.0,1,2.0,1.0,1,0.0,2.0,65,False,True,False,True,True,False,True,False,True,False,True,False,False
1851,26,75,1.0,0.0,4,79,1.0,2,2.0,1.0,1,1.0,0.0,67,False,True,False,True,False,True,False,True,True,False,True,False,False
1852,30,77,1.0,0.0,8,83,1.0,1,0.0,0.0,3,1.0,0.0,69,False,True,False,True,False,True,False,True,True,False,False,False,True
1853,13,99,1.0,1.0,7,58,1.0,1,0.0,1.0,2,0.0,0.0,67,False,True,False,True,False,True,False,True,True,False,False,True,False
1854,16,64,2.0,1.0,7,51,2.0,4,2.0,2.0,3,1.0,0.0,66,False,True,False,True,False,True,False,True,True,False,False,True,False
1855,20,97,2.0,2.0,7,97,0.0,2,1.0,2.0,4,0.0,1.0,74,True,False,True,False,False,True,False,True,True,False,False,True,False
1856,22,79,2.0,1.0,6,97,1.0,2,2.0,1.0,2,1.0,1.0,69,True,False,False,True,True,False,True,False,True,False,False,False,True
1857,15,85,0.0,1.0,7,89,2.0,0,1.0,1.0,4,1.0,1.0,66,True,False,False,True,False,True,False,True,True,False,True,False,False
1858,23,93,2.0,0.0,9,69,0.0,0,1.0,1.0,3,2.0,1.0,69,False,True,True,False,False,True,False,True,False,True,False,False,True
1859,17,74,1.0,1.0,8,58,0.0,1,2.0,1.0,2,1.0,2.0,63,False,True,False,True,False,True,False,True,True,False,False,True,False
1860,20,77,1.0,0.0,7,68,1.0,0,1.0,2.0,3,1.0,0.0,65,True,False,True,False,False,True,True,False,True,False,False,False,True
1861,23,76,0.0,1.0,7,86,0.0,1,0.0,1.0,4,1.0,2.0,64,False,True,True,False,True,False,True,False,True,False,False,False,True
1862,20,75,0.0,1.0,7,67,2.0,0,1.0,1.0,4,0.0,0.0,64,False,True,True,False,True,False,False,True,True,False,False,True,False
1863,17,97,0.0,2.0,6,90,0.0,2,1.0,0.0,2,0.0,1.0,69,False,True,False,True,False,True,False,True,True,False,True,False,False
1864,19,93,2.0,2.0,7,84,1.0,5,0.0,2.0,3,0.0,0.0,73,True,False,False,True,True,False,False,True,True,False,True,False,False
1865,19,64,1.0,1.0,8,81,2.0,1,1.0,1.0,3,0.0,1.0,62,False,True,False,True,False,True,False,True,False,True,True,False,False
1866,18,64,0.0,0.0,7,97,0.0,2,1.0,0.0,4,1.0,0.0,62,False,True,True,False,False,True,False,True,True,False,False,True,False
1867,18,77,1.0,1.0,6,95,2.0,0,1.0,2.0,2,2.0,1.0,68,True,False,True,False,False,True,False,True,True,False,False,False,True
1868,30,64,1.0,1.0,7,86,0.0,1,1.0,1.0,3,2.0,2.0,66,True,False,True,False,True,False,False,True,True,False,False,False,True
1869,23,85,0.0,2.0,8,60,2.0,2,1.0,1.0,1,1.0,1.0,68,True,False,False,True,False,True,False,True,False,True,False,False,True
1870,18,66,0.0,2.0,5,97,1.0,4,1.0,1.0,4,0.0,1.0,66,False,True,False,True,False,True,False,True,True,False,False,True,False
1871,24,81,0.0,1.0,6,61,0.0,3,1.0,1.0,3,2.0,0.0,69,False,True,False,True,False,True,False,True,True,False,False,False,True
1872,18,60,1.0,1.0,5,69,1.0,0,1.0,1.0,2,2.0,0.0,62,True,False,False,True,False,True,False,True,True,False,False,True,False
1873,27,73,0.0,1.0,7,91,1.0,2,2.0,1.0,4,1.0,2.0,68,True,False,False,True,True,False,False,True,True,False,False,True,False
1874,22,87,1.0,1.0,8,60,0.0,2,1.0,2.0,2,1.0,1.0,67,False,True,False,True,True,False,False,True,True,False,True,False,False
1875,19,79,0.0,1.0,9,82,1.0,1,0.0,1.0,4,0.0,0.0,65,False,True,True,False,True,False,False,True,True,False,False,True,False
1876,23,99,0.0,1.0,9,73,1.0,0,0.0,1.0,4,1.0,0.0,69,False,True,False,True,True,False,False,True,True,False,True,False,False
1877,11,95,1.0,1.0,6,81,2.0,2,0.0,0.0,3,0.0,0.0,67,False,True,False,True,True,False,False,True,True,False,False,False,True
1878,13,74,0.0,0.0,7,98,2.0,0,1.0,1.0,3,2.0,0.0,64,True,False,False,True,False,True,False,True,True,False,False,False,True
1879,13,62,0.0,1.0,6,90,1.0,3,2.0,2.0,3,2.0,0.0,62,True,False,True,False,False,True,True,False,False,True,False,True,False
1880,21,94,1.0,1.0,9,65,0.0,5,2.0,2.0,3,0.0,0.0,71,False,True,True,False,False,True,False,True,False,True,False,True,False
1881,30,96,1.0,2.0,9,53,1.0,0,1.0,1.0,3,0.0,0.0,72,False,True,True,False,False,True,True,False,True,False,False,True,False
1882,33,93,2.0,2.0,7,98,0.0,0,1.0,1.0,2,0.0,0.0,74,True,False,False,True,False,True,False,True,False,True,True,False,False
1883,24,65,0.0,2.0,6,79,0.0,1,1.0,2.0,2,2.0,0.0,66,False,True,False,True,True,False,False,True,True,False,False,True,False
1884,23,100,2.0,0.0,4,59,1.0,2,1.0,1.0,4,0.0,0.0,72,True,False,False,True,False,True,False,True,True,False,False,False,True
1885,9,70,2.0,1.0,5,81,1.0,1,2.0,2.0,4,2.0,0.0,65,True,False,True,False,True,False,False,True,True,False,False,True,False
1886,17,89,2.0,1.0,4,52,2.0,0,0.0,1.0,3,1.0,2.0,67,True,False,False,True,False,True,False,True,True,False,False,False,True
1887,15,96,1.0,2.0,5,59,2.0,2,1.0,2.0,2,0.0,0.0,70,False,True,True,False,False,True,False,True,True,False,False,True,False
1888,16,69,2.0,1.0,10,82,1.0,0,0.0,2.0,1,0.0,1.0,62,False,True,False,True,False,True,False,True,False,True,True,False,False
1889,19,96,0.0,0.0,5,70,2.0,0,0.0,1.0,2,0.0,2.0,66,False,True,False,True,False,True,False,True,True,False,False,False,True
1890,17,72,0.0,1.0,5,66,1.0,2,2.0,2.0,3,1.0,0.0,65,False,True,False,True,False,True,False,True,True,False,True,False,False
1891,8,99,0.0,2.0,6,83,2.0,2,1.0,2.0,4,2.0,0.0,70,False,True,False,True,False,True,False,True,False,True,False,False,True
1892,24,71,2.0,2.0,10,93,0.0,2,1.0,1.0,2,1.0,0.0,69,True,False,True,False,False,True,False,True,False,True,False,False,True
1893,14,98,1.0,1.0,7,84,0.0,3,2.0,1.0,3,0.0,0.0,70,True,False,False,True,False,True,False,True,True,False,False,True,False
1894,21,62,2.0,2.0,8,73,1.0,2,2.0,1.0,2,1.0,0.0,66,True,False,True,False,True,False,False,True,True,False,True,False,False
1895,32,88,1.0,0.0,7,83,0.0,1,0.0,2.0,4,2.0,0.0,73,False,True,True,False,False,True,False,True,True,False,False,False,True
1896,14,81,2.0,1.0,4,85,0.0,3,1.0,2.0,4,2.0,1.0,69,True,False,False,True,True,False,False,True,True,False,False,False,True
1897,5,79,2.0,2.0,9,89,0.0,3,1.0,1.0,3,1.0,0.0,66,True,False,True,False,False,True,False,True,True,False,False,True,False
1898,18,69,2.0,1.0,8,65,1.0,4,1.0,1.0,4,0.0,2.0,65,False,True,False,True,False,True,False,True,True,False,False,True,False
1899,27,88,1.0,0.0,7,56,2.0,2,0.0,1.0,4,2.0,0.0,70,True,False,False,True,True,False,False,True,True,False,False,True,False
1900,32,68,2.0,2.0,10,84,1.0,0,1.0,2.0,2,2.0,2.0,70,False,True,True,False,True,False,False,True,True,False,False,False,True
1901,13,82,2.0,1.0,6,56,2.0,2,0.0,2.0,4,2.0,0.0,67,False,True,False,True,True,False,False,True,True,False,False,True,False
1902,23,70,1.0,2.0,7,73,2.0,1,0.0,1.0,3,2.0,0.0,68,False,True,True,False,False,True,False,True,True,False,False,False,True
1903,17,98,1.0,0.0,6,62,0.0,1,1.0,1.0,2,1.0,0.0,68,True,False,True,False,False,True,False,True,True,False,False,True,False
1904,19,61,2.0,1.0,9,67,1.0,0,0.0,1.0,2,1.0,2.0,61,True,False,False,True,True,False,False,True,True,False,True,False,False
1905,36,68,1.0,1.0,8,74,2.0,2,1.0,1.0,3,0.0,0.0,70,False,True,False,True,False,True,False,True,True,False,True,False,False
1906,11,70,2.0,2.0,7,95,2.0,0,0.0,2.0,5,1.0,1.0,65,False,True,False,True,True,False,False,True,True,False,True,False,False
1907,22,77,0.0,1.0,5,84,1.0,3,2.0,1.0,2,0.0,1.0,66,False,True,False,True,False,True,True,False,True,False,False,False,True
1908,23,69,1.0,1.0,6,59,1.0,3,2.0,1.0,3,2.0,1.0,67,False,True,False,True,False,True,False,True,True,False,False,True,False
1909,27,80,0.0,0.0,5,94,2.0,3,2.0,1.0,3,0.0,0.0,69,False,True,False,True,False,True,False,True,True,False,True,False,False
1910,21,95,1.0,2.0,9,75,1.0,1,0.0,1.0,2,1.0,2.0,69,False,True,False,True,True,False,False,True,True,False,False,True,False
1911,22,88,1.0,1.0,5,60,0.0,1,0.0,1.0,2,0.0,1.0,67,False,True,False,True,False,True,False,True,True,False,False,True,False
1912,18,83,2.0,0.0,9,76,1.0,0,1.0,0.0,4,0.0,0.0,66,True,False,True,False,True,False,False,True,True,False,False,True,False
1913,22,64,0.0,1.0,9,60,1.0,1,2.0,2.0,2,0.0,0.0,63,False,True,True,False,False,True,False,True,True,False,False,True,False
1914,18,88,2.0,1.0,6,68,0.0,0,1.0,2.0,4,0.0,2.0,67,True,False,False,True,True,False,False,True,True,False,False,True,False
1915,24,67,2.0,0.0,6,90,1.0,0,0.0,1.0,1,1.0,2.0,64,False,True,False,True,False,True,False,True,True,False,False,True,False
1916,18,91,1.0,0.0,6,83,1.0,2,0.0,1.0,4,0.0,0.0,68,False,True,True,False,True,False,False,True,True,False,False,True,False
1917,22,70,1.0,2.0,8,74,0.0,2,0.0,2.0,2,0.0,1.0,65,False,True,False,True,False,True,False,True,True,False,True,False,False
1918,20,77,1.0,0.0,9,61,1.0,2,1.0,1.0,3,0.0,0.0,65,False,True,False,True,True,False,False,True,True,False,False,True,False
1919,27,74,1.0,0.0,9,64,2.0,1,0.0,1.0,3,0.0,0.0,65,False,True,False,True,False,True,True,False,True,False,False,True,False
1920,20,94,0.0,1.0,6,99,1.0,0,1.0,1.0,4,1.0,0.0,70,True,False,False,True,False,True,False,True,True,False,True,False,False
1921,9,65,1.0,2.0,9,67,1.0,1,2.0,1.0,3,0.0,0.0,62,True,False,False,True,False,True,False,True,True,False,False,True,False
1922,28,83,2.0,0.0,9,81,1.0,0,0.0,1.0,4,0.0,1.0,68,False,True,False,True,True,False,False,True,True,False,False,True,False
1923,15,66,0.0,2.0,7,75,0.0,0,2.0,2.0,3,1.0,0.0,62,False,True,False,True,False,True,False,True,True,False,True,False,False
1924,16,88,1.0,2.0,7,51,1.0,0,1.0,1.0,3,1.0,0.0,68,True,False,False,True,False,True,False,True,True,False,False,False,True
1925,16,96,2.0,1.0,9,97,1.0,0,1.0,2.0,5,1.0,0.0,72,False,True,True,False,False,True,False,True,True,False,False,True,False
1926,28,77,2.0,1.0,9,54,0.0,1,2.0,1.0,3,2.0,0.0,70,True,False,False,True,False,True,False,True,True,False,False,False,True
1927,7,80,2.0,1.0,9,83,0.0,3,1.0,1.0,3,0.0,2.0,62,True,False,False,True,True,False,True,False,True,False,False,True,False
1928,26,81,1.0,2.0,8,87,1.0,2,2.0,2.0,1,2.0,0.0,73,False,True,False,True,False,True,False,True,True,False,False,True,False
1929,21,80,2.0,2.0,7,90,2.0,1,0.0,0.0,2,1.0,2.0,68,False,True,False,True,False,True,False,True,True,False,True,False,False
1930,20,83,2.0,1.0,9,87,0.0,0,2.0,1.0,2,0.0,0.0,68,False,True,False,True,False,True,False,True,True,False,False,True,False
1931,22,88,1.0,1.0,10,72,1.0,2,0.0,2.0,2,0.0,1.0,69,True,False,False,True,False,True,False,True,True,False,False,True,False
1932,23,64,1.0,0.0,6,95,2.0,1,0.0,1.0,2,1.0,2.0,63,True,False,False,True,False,True,False,True,False,True,False,False,True
1933,24,93,1.0,1.0,7,96,1.0,5,2.0,1.0,4,2.0,0.0,74,True,False,False,True,False,True,True,False,True,False,True,False,False
1934,23,77,1.0,1.0,5,72,1.0,2,2.0,2.0,5,1.0,1.0,69,True,False,False,True,False,True,False,True,True,False,True,False,False
1935,21,63,1.0,0.0,8,74,1.0,0,0.0,1.0,3,0.0,0.0,61,True,False,False,True,True,False,False,True,True,False,True,False,False
1936,19,91,1.0,0.0,8,74,0.0,4,1.0,1.0,2,2.0,0.0,69,True,False,False,True,False,True,False,True,False,True,False,True,False
1937,19,75,1.0,0.0,6,64,2.0,2,0.0,1.0,3,0.0,0.0,64,True,False,False,True,True,False,False,True,True,False,False,True,False
1938,19,64,1.0,1.0,9,56,0.0,2,0.0,1.0,4,2.0,2.0,63,True,False,False,True,False,True,False,True,True,False,False,False,True
1939,27,85,0.0,2.0,6,63,0.0,1,0.0,1.0,2,1.0,0.0,68,False,True,False,True,True,False,False,True,True,False,True,False,False
1940,24,95,2.0,1.0,6,92,1.0,2,0.0,1.0,3,0.0,2.0,72,False,True,False,True,False,True,False,True,True,False,False,True,False
1941,2,96,0.0,2.0,9,77,1.0,3,1.0,1.0,2,0.0,2.0,65,True,False,False,True,False,True,False,True,True,False,False,True,False
1942,24,98,0.0,0.0,6,93,0.0,2,0.0,0.0,4,1.0,0.0,69,False,True,False,True,True,False,True,False,True,False,False,False,True
1943,21,95,1.0,0.0,5,87,0.0,2,1.0,1.0,4,0.0,0.0,70,False,True,True,False,True,False,False,True,True,False,False,True,False
1944,20,60,1.0,1.0,8,67,0.0,1,1.0,1.0,4,2.0,1.0,63,True,False,False,True,False,True,False,True,True,False,False,True,False
1945,18,75,0.0,1.0,7,59,0.0,0,1.0,1.0,2,0.0,0.0,62,True,False,False,True,False,True,False,True,False,True,False,False,True
1946,27,93,1.0,1.0,9,78,0.0,1,0.0,1.0,2,2.0,0.0,72,True,False,False,True,False,True,False,True,True,False,False,False,True
1947,26,75,2.0,2.0,8,97,1.0,1,0.0,1.0,4,0.0,2.0,69,False,True,False,True,True,False,False,True,True,False,False,True,False
1948,15,84,1.0,1.0,4,92,0.0,2,1.0,1.0,3,0.0,1.0,66,True,False,False,True,True,False,False,True,True,False,True,False,False
1949,22,84,1.0,1.0,9,88,1.0,2,0.0,2.0,4,2.0,0.0,71,False,True,True,False,False,True,False,True,True,False,False,True,False
1950,14,75,0.0,0.0,10,88,1.0,2,0.0,1.0,3,1.0,1.0,62,True,False,True,False,True,False,False,True,True,False,True,False,False
1951,12,96,1.0,0.0,9,76,1.0,2,1.0,2.0,2,0.0,0.0,68,False,True,False,True,False,True,False,True,True,False,False,False,True
1952,16,80,2.0,0.0,9,58,0.0,0,1.0,1.0,2,0.0,0.0,63,True,False,False,True,True,False,False,True,True,False,False,True,False
1953,25,79,1.0,1.0,7,64,1.0,0,0.0,1.0,3,1.0,2.0,66,True,False,False,True,False,True,False,True,True,False,False,True,False
1954,26,100,2.0,1.0,6,79,2.0,1,1.0,2.0,3,1.0,1.0,75,False,True,False,True,False,True,False,True,True,False,False,False,True
1955,23,80,1.0,0.0,7,66,2.0,1,2.0,2.0,4,1.0,0.0,69,True,False,True,False,False,True,False,True,True,False,False,False,True
1956,24,67,2.0,1.0,8,89,1.0,2,2.0,0.0,3,0.0,0.0,68,True,False,True,False,True,False,False,True,True,False,False,False,True
1957,23,81,2.0,1.0,8,69,1.0,5,1.0,1.0,2,0.0,1.0,69,False,True,False,True,True,False,False,True,True,False,True,False,False
1958,16,93,2.0,0.0,6,56,1.0,2,0.0,1.0,4,0.0,0.0,67,False,True,False,True,True,False,False,True,True,False,False,False,True
1959,23,91,2.0,1.0,6,89,1.0,3,1.0,1.0,3,2.0,0.0,73,False,True,True,False,False,True,False,True,True,False,True,False,False
1960,25,92,1.0,2.0,5,85,0.0,1,0.0,1.0,1,1.0,0.0,71,False,True,False,True,False,True,False,True,True,False,True,False,False
1961,25,88,2.0,1.0,8,63,1.0,2,2.0,1.0,3,0.0,1.0,71,True,False,False,True,False,True,False,True,True,False,False,False,True
1962,27,70,1.0,1.0,6,99,2.0,2,0.0,1.0,2,0.0,0.0,68,True,False,True,False,True,False,False,True,True,False,False,True,False
1963,24,94,2.0,0.0,7,70,1.0,1,2.0,1.0,1,0.0,0.0,70,False,True,False,True,True,False,False,True,True,False,False,True,False
1964,22,96,0.0,2.0,10,84,0.0,1,2.0,2.0,3,0.0,0.0,71,False,True,False,True,False,True,False,True,True,False,True,False,False
1965,26,68,1.0,2.0,8,96,2.0,1,1.0,2.0,2,0.0,0.0,69,False,True,False,True,True,False,False,True,True,False,False,True,False
1966,20,65,2.0,1.0,7,58,1.0,3,0.0,1.0,4,0.0,0.0,63,False,True,True,False,True,False,True,False,True,False,False,True,False
1967,15,99,0.0,1.0,8,94,1.0,2,1.0,1.0,3,2.0,0.0,71,False,True,True,False,False,True,False,True,True,False,False,True,False
1968,19,95,1.0,1.0,9,85,1.0,2,0.0,1.0,3,1.0,0.0,69,False,True,False,True,False,True,True,False,True,False,True,False,False
1969,16,96,2.0,1.0,5,58,1.0,2,2.0,0.0,5,2.0,1.0,71,False,True,False,True,False,True,False,True,True,False,False,False,True
1970,16,95,1.0,0.0,6,83,0.0,2,0.0,2.0,3,0.0,0.0,68,True,False,True,False,True,False,False,True,True,False,False,True,False
1971,19,82,1.0,1.0,7,94,1.0,1,1.0,1.0,3,0.0,0.0,68,True,False,False,True,True,False,False,True,True,False,False,False,True
1972,15,86,1.0,0.0,6,90,1.0,0,1.0,2.0,3,2.0,2.0,66,False,True,False,True,True,False,False,True,True,False,False,True,False
1973,18,82,1.0,1.0,7,88,1.0,3,0.0,1.0,3,1.0,1.0,67,True,False,False,True,True,False,False,True,True,False,True,False,False
1974,9,62,0.0,2.0,5,58,0.0,0,1.0,2.0,5,1.0,1.0,59,True,False,True,False,False,True,False,True,True,False,False,False,True
1975,21,90,0.0,1.0,8,60,1.0,1,0.0,1.0,2,1.0,0.0,66,True,False,False,True,True,False,False,True,True,False,True,False,False
1976,20,80,0.0,0.0,6,77,0.0,0,1.0,2.0,3,0.0,0.0,64,False,True,True,False,True,False,False,True,True,False,True,False,False
1977,15,86,1.0,1.0,7,79,1.0,1,0.0,1.0,3,0.0,1.0,64,True,False,False,True,True,False,False,True,False,True,False,True,False
1978,24,80,1.0,2.0,7,97,1.0,0,0.0,2.0,4,0.0,1.0,69,True,False,True,False,False,True,False,True,True,False,False,True,False
1979,26,80,2.0,0.0,8,73,2.0,1,1.0,1.0,3,0.0,0.0,69,False,True,False,True,True,False,False,True,True,False,False,True,False
1980,10,67,1.0,1.0,4,65,1.0,3,1.0,1.0,3,0.0,0.0,61,False,True,False,True,True,False,True,False,True,False,False,False,True
1981,15,71,2.0,2.0,8,60,1.0,0,0.0,2.0,3,0.0,2.0,62,True,False,True,False,True,False,False,True,True,False,True,False,False
1982,15,66,0.0,1.0,7,53,1.0,2,1.0,2.0,3,1.0,0.0,61,True,False,False,True,True,False,False,True,True,False,True,False,False
1983,14,68,1.0,1.0,8,53,2.0,1,1.0,2.0,2,1.0,0.0,63,True,False,True,False,False,True,False,True,True,False,False,False,True
1984,25,99,1.0,0.0,5,79,0.0,2,0.0,1.0,4,1.0,0.0,71,True,False,False,True,True,False,False,True,True,False,False,False,True
1985,19,66,2.0,2.0,8,59,1.0,1,1.0,0.0,2,2.0,1.0,65,True,False,False,True,False,True,False,True,True,False,False,False,True
1986,18,71,2.0,2.0,9,93,1.0,1,0.0,2.0,4,1.0,1.0,68,False,True,True,False,False,True,False,True,True,False,False,True,False
1987,8,84,2.0,2.0,7,80,1.0,1,2.0,2.0,4,0.0,1.0,67,False,True,False,True,True,False,False,True,True,False,False,False,True
1988,24,84,0.0,2.0,6,93,2.0,2,0.0,1.0,1,0.0,0.0,70,True,False,False,True,False,True,False,True,True,False,False,True,False
1989,13,66,2.0,1.0,6,71,1.0,3,1.0,1.0,3,0.0,0.0,64,False,True,False,True,False,True,False,True,True,False,False,True,False
1990,20,92,1.0,2.0,8,80,2.0,0,1.0,1.0,3,1.0,0.0,71,False,True,True,False,True,False,False,True,True,False,False,True,False
1991,22,91,2.0,1.0,8,76,0.0,2,1.0,1.0,3,1.0,1.0,71,True,False,False,True,False,True,False,True,True,False,False,True,False
1992,28,69,1.0,2.0,8,99,0.0,0,2.0,1.0,3,0.0,1.0,67,True,False,True,False,True,False,False,True,True,False,True,False,False
1993,12,72,1.0,0.0,7,90,1.0,0,2.0,1.0,3,2.0,2.0,63,False,True,False,True,False,True,False,True,True,False,False,False,True
1994,2,98,0.0,2.0,7,80,2.0,2,0.0,2.0,1,0.0,0.0,66,False,True,False,True,False,True,False,True,True,False,False,True,False
1995,21,93,1.0,0.0,7,80,1.0,3,2.0,1.0,1,0.0,1.0,70,False,True,False,True,False,True,False,True,True,False,False,True,False
1996,31,88,1.0,0.0,6,62,1.0,2,0.0,1.0,4,0.0,0.0,70,False,True,True,False,True,False,False,True,True,False,False,False,True
1997,27,63,0.0,1.0,8,87,1.0,3,0.0,2.0,3,0.0,0.0,67,True,False,True,False,False,True,False,True,True,False,False,False,True
1998,21,77,0.0,1.0,7,99,2.0,3,1.0,2.0,3,2.0,0.0,69,False,True,False,True,True,False,False,True,True,False,False,True,False
1999,17,82,2.0,0.0,9,56,0.0,3,2.0,1.0,2,0.0,0.0,66,True,False,False,True,True,False,False,True,True,False,False,False,True
2000,25,67,1.0,2.0,9,82,1.0,1,1.0,1.0,3,2.0,2.0,67,True,False,False,True,True,False,False,True,True,False,False,False,True
2001,14,78,2.0,1.0,7,76,1.0,0,2.0,1.0,2,1.0,0.0,65,True,False,False,True,False,True,False,True,False,True,True,False,False
2002,23,84,2.0,2.0,8,93,1.0,1,2.0,1.0,3,2.0,2.0,72,False,True,False,True,False,True,False,True,True,False,False,False,True
2003,23,73,2.0,2.0,6,50,1.0,1,1.0,1.0,3,1.0,0.0,68,False,True,False,True,True,False,False,True,True,False,False,False,True
2004,26,91,2.0,1.0,7,57,0.0,3,1.0,1.0,3,1.0,0.0,72,False,True,False,True,False,True,False,True,True,False,True,False,False
2005,22,73,1.0,0.0,5,58,1.0,4,0.0,1.0,3,1.0,0.0,65,True,False,False,True,False,True,False,True,False,True,False,False,True
2006,17,94,0.0,1.0,8,85,1.0,1,1.0,0.0,4,0.0,0.0,68,False,True,False,True,True,False,False,True,True,False,False,False,True
2007,20,64,1.0,1.0,6,57,1.0,3,0.0,2.0,4,1.0,0.0,65,True,False,False,True,False,True,False,True,True,False,False,True,False
2008,9,94,1.0,1.0,6,81,0.0,0,0.0,2.0,3,0.0,0.0,66,False,True,False,True,False,True,False,True,True,False,False,False,True
2009,16,66,0.0,1.0,6,93,1.0,7,0.0,1.0,2,0.0,2.0,63,False,True,False,True,True,False,False,True,True,False,True,False,False
2010,18,63,1.0,0.0,7,52,1.0,2,2.0,2.0,3,2.0,1.0,63,True,False,False,True,True,False,False,True,True,False,False,False,True
2011,17,86,1.0,1.0,5,51,1.0,2,0.0,1.0,2,2.0,1.0,66,False,True,True,False,False,True,False,True,True,False,False,True,False
2012,21,79,2.0,0.0,8,99,1.0,2,0.0,2.0,4,0.0,0.0,69,False,True,False,True,False,True,False,True,True,False,False,False,True
2013,15,96,1.0,2.0,7,84,2.0,3,1.0,0.0,1,2.0,0.0,72,False,True,False,True,False,True,False,True,True,False,False,False,True
2014,27,75,1.0,0.0,10,57,1.0,3,2.0,0.0,3,0.0,0.0,66,False,True,False,True,False,True,False,True,True,False,True,False,False
2015,20,71,1.0,1.0,7,65,1.0,2,1.0,1.0,4,0.0,1.0,64,True,False,False,True,False,True,True,False,True,False,True,False,False
2016,20,80,1.0,0.0,8,99,0.0,0,0.0,2.0,3,0.0,0.0,67,False,True,True,False,False,True,False,True,True,False,False,False,True
2017,18,78,2.0,2.0,6,61,0.0,1,0.0,1.0,5,0.0,0.0,67,False,True,True,False,False,True,False,True,True,False,False,False,True
2018,21,74,0.0,1.0,5,88,1.0,1,1.0,2.0,1,1.0,0.0,66,False,True,False,True,False,True,False,True,True,False,False,True,False
2019,25,88,1.0,0.0,8,62,0.0,2,0.0,1.0,2,0.0,0.0,68,True,False,False,True,False,True,False,True,True,False,False,True,False
2020,15,90,1.0,1.0,5,70,1.0,0,1.0,1.0,2,0.0,1.0,65,False,True,True,False,True,False,False,True,True,False,False,True,False
2021,16,94,1.0,2.0,8,94,2.0,2,0.0,2.0,3,0.0,0.0,71,False,True,True,False,False,True,False,True,True,False,True,False,False
2022,18,99,1.0,2.0,10,51,1.0,1,1.0,0.0,4,2.0,0.0,71,False,True,False,True,False,True,False,True,True,False,False,True,False
2023,12,71,1.0,1.0,8,65,1.0,1,1.0,2.0,2,0.0,1.0,62,False,True,True,False,False,True,False,True,True,False,False,True,False
2024,15,89,1.0,2.0,8,74,0.0,2,1.0,2.0,2,1.0,0.0,69,False,True,False,True,False,True,False,True,True,False,False,False,True
2025,17,76,1.0,0.0,7,81,0.0,4,2.0,1.0,2,0.0,0.0,65,False,True,True,False,True,False,False,True,True,False,False,True,False
2026,25,87,2.0,0.0,6,51,0.0,3,1.0,1.0,3,2.0,0.0,70,False,True,False,True,True,False,False,True,True,False,False,True,False
2027,22,79,1.0,1.0,7,71,1.0,2,0.0,1.0,2,1.0,1.0,66,False,True,True,False,False,True,False,True,True,False,False,True,False
2028,21,100,1.0,1.0,6,67,1.0,0,2.0,1.0,3,0.0,2.0,70,False,True,False,True,True,False,False,True,True,False,False,False,True
2029,25,89,1.0,2.0,5,51,0.0,2,1.0,2.0,2,2.0,1.0,70,True,False,True,False,True,False,False,True,True,False,True,False,False
2030,19,98,0.0,2.0,7,68,1.0,1,0.0,1.0,4,0.0,1.0,69,True,False,True,False,False,True,False,True,True,False,False,True,False
2031,22,93,2.0,0.0,9,97,1.0,2,1.0,1.0,3,0.0,0.0,71,False,True,False,True,False,True,False,True,False,True,False,True,False
2032,19,96,1.0,1.0,5,64,1.0,1,1.0,1.0,3,0.0,0.0,69,False,True,False,True,True,False,False,True,True,False,False,True,False
2033,22,93,2.0,1.0,9,79,1.0,2,1.0,2.0,2,2.0,0.0,73,True,False,False,True,True,False,False,True,True,False,False,False,True
2034,17,78,1.0,1.0,9,65,0.0,1,1.0,2.0,4,0.0,1.0,65,True,False,False,True,False,True,False,True,True,False,False,True,False
2035,5,70,2.0,2.0,8,55,1.0,3,0.0,1.0,3,0.0,0.0,62,False,True,False,True,False,True,False,True,True,False,False,True,False
2036,19,75,1.0,2.0,8,64,1.0,2,2.0,0.0,5,2.0,1.0,67,True,False,False,True,True,False,False,True,True,False,True,False,False
2037,29,61,0.0,1.0,7,74,2.0,1,1.0,1.0,3,2.0,1.0,65,False,True,False,True,False,True,False,True,True,False,False,True,False
2038,26,81,0.0,1.0,7,65,0.0,1,1.0,1.0,3,0.0,2.0,65,False,True,False,True,True,False,False,True,True,False,False,True,False
2039,26,80,1.0,2.0,6,81,1.0,0,1.0,1.0,2,1.0,0.0,70,True,False,False,True,False,True,False,True,True,False,False,True,False
2040,27,81,1.0,1.0,7,97,0.0,1,1.0,1.0,2,1.0,0.0,70,True,False,False,True,False,True,False,True,True,False,False,True,False
2041,21,99,1.0,2.0,7,53,1.0,0,1.0,0.0,4,2.0,0.0,71,True,False,False,True,False,True,False,True,True,False,False,True,False
2042,21,96,2.0,0.0,10,86,0.0,1,0.0,2.0,3,1.0,0.0,71,False,True,False,True,True,False,False,True,True,False,False,True,False
2043,16,66,1.0,1.0,8,50,0.0,1,1.0,2.0,4,0.0,1.0,62,False,True,False,True,False,True,False,True,True,False,False,True,False
2044,18,75,1.0,0.0,7,50,1.0,4,0.0,1.0,2,2.0,0.0,65,True,False,False,True,True,False,False,True,True,False,False,False,True
2045,27,74,1.0,1.0,6,74,1.0,2,1.0,2.0,2,1.0,2.0,68,False,True,False,True,False,True,False,True,True,False,False,True,False
2046,19,92,2.0,1.0,6,52,1.0,3,2.0,1.0,1,0.0,0.0,70,False,True,False,True,False,True,False,True,True,False,False,False,True
2047,17,81,1.0,2.0,8,86,1.0,1,1.0,1.0,3,2.0,0.0,68,False,True,True,False,True,False,False,True,True,False,False,True,False
2048,20,83,1.0,1.0,6,51,1.0,2,0.0,2.0,4,2.0,0.0,67,False,True,False,True,True,False,False,True,True,False,True,False,False
2049,24,94,0.0,1.0,6,75,0.0,1,0.0,2.0,4,0.0,0.0,69,True,False,False,True,False,True,False,True,True,False,True,False,False
2050,11,92,2.0,2.0,6,84,1.0,2,0.0,0.0,1,0.0,0.0,68,True,False,False,True,False,True,False,True,True,False,True,False,False
2051,6,65,2.0,2.0,6,62,1.0,3,0.0,0.0,1,0.0,0.0,59,False,True,False,True,True,False,True,False,True,False,False,True,False
2052,17,89,2.0,0.0,9,79,1.0,0,1.0,1.0,2,1.0,0.0,67,True,False,False,True,False,True,True,False,True,False,False,False,True
2053,13,77,1.0,2.0,7,63,0.0,0,2.0,0.0,1,0.0,1.0,63,False,True,False,True,False,True,False,True,True,False,False,False,True
2054,17,72,2.0,2.0,7,61,0.0,1,1.0,1.0,4,0.0,0.0,65,True,False,False,True,False,True,False,True,True,False,True,False,False
2055,19,62,1.0,1.0,7,91,0.0,1,0.0,1.0,3,1.0,0.0,63,False,True,False,True,True,False,False,True,True,False,False,False,True
2056,17,79,1.0,1.0,7,67,0.0,1,0.0,1.0,3,0.0,0.0,64,True,False,True,False,True,False,False,True,True,False,False,False,True
2057,29,74,2.0,1.0,6,91,2.0,3,0.0,2.0,4,1.0,2.0,72,True,False,False,True,False,True,False,True,True,False,False,False,True
2058,22,70,0.0,1.0,5,61,2.0,1,0.0,1.0,3,1.0,1.0,63,False,True,False,True,False,True,False,True,True,False,True,False,False
2059,22,88,1.0,1.0,9,68,1.0,2,1.0,1.0,2,0.0,0.0,66,False,True,False,True,True,False,True,False,False,True,False,True,False
2060,24,91,1.0,1.0,8,55,0.0,0,1.0,0.0,2,1.0,1.0,67,True,False,True,False,False,True,False,True,True,False,False,True,False
2061,13,70,2.0,2.0,8,75,2.0,1,2.0,1.0,2,2.0,1.0,66,False,True,False,True,False,True,False,True,False,True,False,False,True
2062,26,62,1.0,1.0,8,69,1.0,2,1.0,2.0,3,1.0,1.0,66,True,False,False,True,False,True,False,True,True,False,False,False,True
2063,20,94,1.0,1.0,10,50,0.0,1,0.0,2.0,4,2.0,0.0,68,True,False,True,False,False,True,False,True,False,True,True,False,False
2064,24,60,2.0,2.0,6,73,1.0,1,0.0,1.0,5,2.0,1.0,66,False,True,True,False,True,False,False,True,True,False,False,False,True
2065,14,97,1.0,1.0,5,54,1.0,3,1.0,1.0,2,1.0,0.0,68,True,False,False,True,False,True,False,True,True,False,True,False,False
2066,11,85,1.0,1.0,8,92,0.0,2,1.0,1.0,4,0.0,2.0,65,True,False,False,True,False,True,False,True,True,False,True,False,False
2067,25,73,1.0,1.0,5,75,0.0,0,1.0,1.0,2,1.0,0.0,67,True,False,True,False,False,True,False,True,True,False,False,False,True
2068,22,70,2.0,0.0,7,85,1.0,0,2.0,1.0,3,0.0,2.0,64,False,True,True,False,True,False,False,True,True,False,True,False,False
2069,15,60,0.0,2.0,7,91,0.0,0,0.0,1.0,2,1.0,2.0,59,False,True,True,False,True,False,False,True,True,False,True,False,False
2070,15,69,1.0,1.0,8,53,0.0,0,2.0,1.0,3,0.0,0.0,60,False,True,True,False,False,True,True,False,True,False,True,False,False
2071,27,66,0.0,2.0,6,67,0.0,1,2.0,2.0,4,1.0,2.0,65,True,False,False,True,True,False,False,True,True,False,True,False,False
2072,13,84,1.0,1.0,9,51,2.0,0,0.0,1.0,4,0.0,0.0,64,True,False,False,True,False,True,False,True,True,False,True,False,False
2073,30,67,1.0,2.0,6,52,1.0,1,0.0,1.0,1,0.0,0.0,66,True,False,False,True,True,False,False,True,True,False,False,True,False
2074,15,81,1.0,1.0,8,52,1.0,0,1.0,1.0,2,2.0,0.0,65,False,True,False,True,False,True,False,True,True,False,False,True,False
2075,24,84,1.0,1.0,6,74,1.0,2,1.0,2.0,2,0.0,2.0,69,False,True,False,True,False,True,False,True,True,False,False,False,True
2076,18,72,2.0,2.0,8,73,1.0,0,1.0,1.0,4,0.0,0.0,66,True,False,True,False,False,True,False,True,False,True,False,False,True
2077,24,61,2.0,1.0,5,53,1.0,1,0.0,2.0,5,1.0,0.0,65,True,False,True,False,False,True,False,True,True,False,False,True,False
2078,17,61,2.0,1.0,7,63,0.0,1,1.0,1.0,4,1.0,1.0,62,True,False,False,True,True,False,False,True,True,False,False,False,True
2079,19,61,1.0,0.0,9,62,1.0,2,1.0,1.0,2,0.0,2.0,60,True,False,False,True,True,False,False,True,True,False,False,True,False
2080,20,90,0.0,1.0,7,65,0.0,4,0.0,2.0,4,1.0,1.0,68,True,False,False,True,True,False,True,False,True,False,False,False,True
2081,14,73,1.0,2.0,9,82,1.0,1,1.0,1.0,3,0.0,0.0,64,True,False,False,True,False,True,False,True,True,False,True,False,False
2082,24,92,2.0,2.0,7,85,2.0,0,1.0,1.0,3,1.0,0.0,73,True,False,False,True,True,False,False,True,True,False,False,False,True
2083,17,77,1.0,1.0,6,67,0.0,1,0.0,1.0,1,1.0,0.0,64,False,True,False,True,False,True,False,True,True,False,False,False,True
2084,19,78,2.0,2.0,7,89,1.0,2,1.0,1.0,4,0.0,1.0,69,True,False,False,True,True,False,False,True,True,False,False,True,False
2085,14,81,0.0,1.0,8,71,0.0,1,0.0,2.0,3,2.0,0.0,63,True,False,False,True,True,False,False,True,False,True,False,True,False
2086,5,89,1.0,1.0,4,76,2.0,2,1.0,1.0,3,1.0,0.0,65,False,True,False,True,False,True,False,True,True,False,False,True,False
2087,19,71,1.0,1.0,8,57,1.0,2,1.0,2.0,4,0.0,1.0,65,False,True,False,True,True,False,False,True,True,False,False,False,True
2088,34,65,1.0,1.0,6,62,2.0,0,1.0,2.0,3,0.0,0.0,67,False,True,False,True,False,True,False,True,True,False,True,False,False
2089,25,82,1.0,1.0,5,86,1.0,0,0.0,0.0,4,0.0,0.0,67,False,True,False,True,False,True,True,False,True,False,False,False,True
2090,20,73,1.0,1.0,8,99,0.0,1,1.0,1.0,3,0.0,0.0,66,False,True,True,False,True,False,False,True,True,False,False,False,True
2091,18,78,1.0,2.0,9,85,2.0,1,0.0,2.0,2,2.0,0.0,68,False,True,True,False,False,True,False,True,True,False,True,False,False
2092,20,86,1.0,0.0,7,53,1.0,1,0.0,2.0,2,0.0,0.0,65,False,True,False,True,False,True,False,True,True,False,True,False,False
2093,23,80,0.0,0.0,5,57,1.0,1,0.0,1.0,4,2.0,0.0,66,False,True,False,True,False,True,False,True,True,False,False,True,False
2094,13,85,2.0,0.0,6,72,1.0,2,0.0,1.0,1,1.0,1.0,66,True,False,False,True,False,True,False,True,True,False,False,False,True
2095,27,82,1.0,1.0,6,87,0.0,2,0.0,2.0,2,0.0,0.0,69,False,True,False,True,False,True,True,False,True,False,False,False,True
2096,24,90,1.0,1.0,7,58,1.0,2,0.0,1.0,2,2.0,0.0,70,False,True,True,False,True,False,False,True,True,False,False,True,False
2097,24,88,1.0,0.0,7,88,1.0,2,1.0,2.0,2,2.0,1.0,71,False,True,True,False,False,True,False,True,True,False,False,True,False
2098,23,81,2.0,1.0,8,78,2.0,4,0.0,0.0,3,0.0,1.0,70,False,True,False,True,True,False,False,True,True,False,False,False,True
2099,20,87,1.0,1.0,8,89,0.0,2,1.0,1.0,3,0.0,1.0,68,False,True,False,True,True,False,False,True,True,False,False,True,False
2100,24,95,2.0,2.0,8,78,1.0,2,0.0,2.0,2,2.0,2.0,73,True,False,False,True,False,True,False,True,True,False,True,False,False
2101,24,77,1.0,2.0,8,80,2.0,1,0.0,2.0,2,0.0,1.0,68,True,False,False,True,True,False,False,True,False,True,False,False,True
2102,18,77,1.0,1.0,7,62,0.0,2,2.0,1.0,4,1.0,0.0,66,False,True,True,False,False,True,False,True,True,False,False,True,False
2103,17,91,1.0,0.0,10,86,0.0,1,1.0,1.0,3,2.0,1.0,67,True,False,False,True,False,True,False,True,False,True,False,True,False
2104,21,83,1.0,0.0,8,92,0.0,2,1.0,1.0,4,0.0,0.0,66,False,True,True,False,False,True,False,True,False,True,True,False,False
2105,29,63,1.0,2.0,8,94,1.0,0,1.0,2.0,2,2.0,0.0,69,True,False,True,False,False,True,False,True,True,False,False,False,True
2106,13,96,1.0,1.0,10,51,1.0,1,0.0,0.0,3,2.0,0.0,67,True,False,False,True,True,False,False,True,True,False,False,False,True
2107,11,61,1.0,0.0,7,81,2.0,5,1.0,0.0,4,0.0,0.0,61,False,True,False,True,False,True,False,True,False,True,False,False,True
2108,21,90,1.0,1.0,6,99,1.0,2,0.0,1.0,3,1.0,0.0,70,True,False,True,False,True,False,False,True,True,False,True,False,False
2109,20,90,2.0,2.0,9,79,1.0,2,0.0,1.0,2,0.0,0.0,70,True,False,False,True,True,False,False,True,True,False,True,False,False
2110,21,98,1.0,1.0,9,59,2.0,3,1.0,1.0,3,1.0,0.0,70,True,False,False,True,False,True,True,False,False,True,False,True,False
2111,21,62,1.0,1.0,7,94,0.0,1,0.0,2.0,3,1.0,1.0,64,True,False,True,False,True,False,False,True,True,False,False,False,True
2112,19,84,2.0,1.0,10,63,1.0,0,0.0,1.0,3,1.0,2.0,65,True,False,False,True,True,False,False,True,True,False,True,False,False
2113,29,77,1.0,1.0,7,52,1.0,5,0.0,1.0,4,1.0,0.0,70,True,False,False,True,True,False,False,True,True,False,False,False,True
2114,10,73,0.0,2.0,8,72,0.0,1,0.0,2.0,2,1.0,1.0,62,True,False,False,True,False,True,False,True,True,False,False,False,True
2115,15,64,2.0,2.0,9,55,2.0,1,1.0,0.0,3,1.0,0.0,64,True,False,False,True,False,True,False,True,True,False,False,True,False
2116,19,83,1.0,2.0,7,56,1.0,1,1.0,0.0,3,1.0,2.0,67,True,False,True,False,False,True,False,True,True,False,False,False,True
2117,10,79,2.0,1.0,8,73,2.0,1,0.0,0.0,4,0.0,0.0,63,True,False,False,True,True,False,True,False,True,False,False,True,False
2118,19,64,0.0,1.0,9,81,2.0,0,1.0,2.0,3,0.0,0.0,62,False,True,False,True,False,True,False,True,False,True,False,True,False
2119,30,84,0.0,1.0,6,95,1.0,2,2.0,2.0,2,1.0,0.0,72,False,True,False,True,True,False,False,True,True,False,True,False,False
2120,20,90,0.0,1.0,6,85,2.0,3,0.0,2.0,2,1.0,0.0,69,False,True,True,False,True,False,True,False,True,False,False,True,False
2121,21,91,1.0,2.0,9,92,1.0,5,0.0,1.0,2,0.0,0.0,72,False,True,True,False,False,True,False,True,True,False,True,False,False
2122,12,96,0.0,1.0,7,71,2.0,2,1.0,1.0,2,1.0,0.0,68,False,True,True,False,False,True,False,True,True,False,False,False,True
2123,16,76,0.0,1.0,6,66,0.0,1,1.0,1.0,3,2.0,0.0,64,True,False,True,False,True,False,False,True,True,False,False,True,False
2124,18,98,2.0,2.0,7,80,0.0,3,0.0,1.0,1,1.0,0.0,72,True,False,True,False,False,True,False,True,True,False,False,True,False
2125,18,95,2.0,2.0,8,85,0.0,2,0.0,2.0,3,1.0,0.0,73,True,False,False,True,False,True,False,True,True,False,False,False,True
2126,28,72,2.0,1.0,5,78,0.0,5,1.0,0.0,2,1.0,2.0,67,False,True,True,False,False,True,True,False,True,False,True,False,False
2127,23,66,2.0,0.0,8,63,1.0,0,0.0,1.0,4,1.0,0.0,64,True,False,False,True,False,True,False,True,True,False,True,False,False
2128,13,77,1.0,1.0,8,68,0.0,3,2.0,1.0,3,0.0,0.0,65,True,False,True,False,False,True,False,True,True,False,False,True,False
2129,21,76,2.0,2.0,9,72,0.0,1,0.0,2.0,3,0.0,1.0,67,True,False,False,True,False,True,False,True,True,False,False,True,False
2130,23,83,1.0,1.0,7,51,0.0,3,1.0,2.0,2,1.0,1.0,68,False,True,False,True,False,True,False,True,True,False,False,True,False
2131,27,83,1.0,2.0,9,94,1.0,2,0.0,2.0,2,0.0,0.0,72,False,True,False,True,False,True,False,True,True,False,False,False,True
2132,29,90,2.0,0.0,7,76,0.0,1,1.0,0.0,3,0.0,1.0,71,True,False,False,True,False,True,False,True,True,False,False,False,True
2133,14,80,1.0,1.0,7,88,1.0,1,1.0,1.0,3,0.0,0.0,66,False,True,True,False,False,True,False,True,True,False,False,True,False
2134,15,64,2.0,1.0,7,59,0.0,0,0.0,1.0,3,0.0,0.0,59,True,False,False,True,True,False,False,True,False,True,False,True,False
2135,12,94,1.0,1.0,10,78,1.0,1,1.0,2.0,2,0.0,0.0,68,True,False,False,True,False,True,False,True,True,False,False,True,False
2136,19,72,0.0,2.0,5,96,0.0,3,0.0,0.0,2,0.0,1.0,64,True,False,False,True,False,True,True,False,True,False,False,False,True
2137,23,99,0.0,1.0,8,61,0.0,2,2.0,2.0,3,0.0,0.0,70,True,False,True,False,True,False,False,True,False,True,False,False,True
2138,26,65,0.0,1.0,7,67,1.0,4,2.0,1.0,3,0.0,1.0,65,True,False,True,False,False,True,False,True,True,False,True,False,False
2139,20,98,2.0,1.0,7,69,2.0,2,2.0,2.0,2,1.0,0.0,72,True,False,False,True,False,True,True,False,True,False,True,False,False
2140,18,64,2.0,2.0,8,69,1.0,3,2.0,1.0,3,1.0,1.0,66,False,True,False,True,True,False,False,True,True,False,False,False,True
2141,21,69,1.0,1.0,9,80,2.0,2,1.0,2.0,5,1.0,0.0,68,False,True,False,True,False,True,False,True,True,False,False,False,True
2142,15,62,1.0,2.0,8,70,1.0,1,0.0,1.0,3,1.0,0.0,62,False,True,True,False,True,False,False,True,True,False,False,False,True
2143,33,88,1.0,0.0,9,84,1.0,1,0.0,1.0,3,0.0,0.0,70,False,True,False,True,True,False,False,True,True,False,True,False,False
2144,10,94,2.0,1.0,7,74,2.0,3,2.0,1.0,3,1.0,1.0,70,False,True,False,True,False,True,False,True,True,False,False,False,True
2145,21,77,1.0,0.0,7,58,1.0,0,0.0,2.0,3,1.0,0.0,64,False,True,False,True,False,True,False,True,True,False,True,False,False
2146,20,84,1.0,1.0,10,62,2.0,1,1.0,1.0,2,1.0,1.0,67,False,True,False,True,False,True,False,True,True,False,False,True,False
2147,19,85,2.0,2.0,7,78,0.0,2,0.0,2.0,3,1.0,0.0,69,False,True,True,False,True,False,False,True,True,False,True,False,False
2148,18,94,1.0,0.0,7,53,1.0,4,1.0,2.0,3,0.0,2.0,68,True,False,False,True,False,True,False,True,True,False,False,False,True
2149,19,72,1.0,1.0,8,96,0.0,1,1.0,2.0,2,2.0,1.0,67,True,False,False,True,False,True,False,True,True,False,False,False,True
2150,28,74,1.0,1.0,9,96,0.0,0,2.0,2.0,3,0.0,0.0,69,True,False,True,False,False,True,False,True,True,False,False,True,False
2151,7,96,2.0,1.0,6,68,1.0,2,0.0,2.0,1,0.0,0.0,67,True,False,False,True,False,True,False,True,True,False,False,True,False
2152,29,96,2.0,2.0,9,56,0.0,0,0.0,2.0,4,0.0,0.0,73,False,True,True,False,False,True,False,True,True,False,False,True,False
2153,11,99,1.0,2.0,7,88,2.0,4,1.0,0.0,3,1.0,0.0,71,False,True,True,False,False,True,True,False,True,False,False,True,False
2154,18,96,1.0,0.0,9,63,1.0,4,0.0,1.0,3,2.0,0.0,70,False,True,True,False,True,False,False,True,True,False,False,True,False
2155,17,65,2.0,1.0,6,85,1.0,1,0.0,1.0,3,0.0,0.0,65,False,True,True,False,False,True,False,True,True,False,False,True,False
2156,24,93,2.0,1.0,8,96,1.0,0,1.0,1.0,1,2.0,1.0,73,False,True,False,True,False,True,False,True,True,False,False,False,True
2157,10,76,1.0,1.0,7,80,1.0,1,0.0,2.0,4,2.0,0.0,65,True,False,False,True,False,True,False,True,True,False,False,False,True
2158,23,100,0.0,1.0,5,93,1.0,4,0.0,1.0,3,2.0,1.0,73,False,True,True,False,False,True,False,True,True,False,False,True,False
2159,32,79,0.0,2.0,5,61,1.0,0,0.0,2.0,3,1.0,0.0,70,False,True,False,True,False,True,False,True,True,False,False,False,True
2160,12,82,2.0,1.0,6,96,2.0,0,0.0,0.0,4,1.0,0.0,66,False,True,True,False,False,True,False,True,False,True,False,False,True
2161,21,81,0.0,1.0,8,61,2.0,3,1.0,0.0,5,0.0,1.0,66,True,False,False,True,False,True,False,True,True,False,True,False,False
2162,16,73,1.0,1.0,4,61,0.0,4,0.0,2.0,5,0.0,1.0,64,False,True,True,False,False,True,False,True,True,False,False,True,False
2163,23,63,1.0,1.0,8,94,2.0,2,1.0,1.0,5,2.0,0.0,68,False,True,False,True,False,True,False,True,True,False,False,True,False
2164,20,96,1.0,1.0,7,78,1.0,1,2.0,2.0,2,0.0,0.0,70,False,True,False,True,True,False,False,True,True,False,False,True,False
2165,16,92,1.0,1.0,4,90,2.0,6,2.0,1.0,3,0.0,0.0,72,False,True,True,False,False,True,False,True,True,False,False,True,False
2166,23,66,1.0,2.0,6,90,1.0,2,0.0,1.0,3,0.0,0.0,66,False,True,False,True,True,False,False,True,True,False,False,True,False
2167,31,91,1.0,1.0,6,82,1.0,2,1.0,2.0,3,0.0,0.0,74,False,True,False,True,False,True,False,True,True,False,False,False,True
2168,19,85,2.0,1.0,7,59,0.0,0,1.0,2.0,4,1.0,1.0,67,False,True,True,False,True,False,False,True,True,False,True,False,False
2169,24,76,2.0,2.0,9,85,1.0,2,0.0,1.0,2,2.0,0.0,71,True,False,True,False,False,True,False,True,True,False,False,False,True
2170,12,70,0.0,2.0,9,53,1.0,2,0.0,1.0,2,0.0,0.0,60,False,True,False,True,False,True,False,True,False,True,False,True,False
2171,14,94,0.0,1.0,6,60,1.0,3,2.0,1.0,3,1.0,0.0,68,True,False,False,True,True,False,False,True,True,False,False,True,False
2172,23,88,1.0,1.0,6,82,1.0,0,1.0,1.0,3,1.0,0.0,69,False,True,True,False,True,False,False,True,True,False,True,False,False
2173,29,82,2.0,2.0,5,95,1.0,2,1.0,2.0,3,1.0,0.0,74,False,True,False,True,True,False,False,True,True,False,False,True,False
2174,22,84,2.0,1.0,6,89,1.0,2,1.0,1.0,3,0.0,0.0,71,False,True,False,True,False,True,False,True,True,False,False,True,False
2175,18,64,2.0,1.0,6,67,2.0,0,0.0,1.0,4,1.0,0.0,63,False,True,True,False,False,True,False,True,True,False,True,False,False
2176,20,79,2.0,0.0,7,91,2.0,2,0.0,1.0,4,1.0,1.0,66,False,True,True,False,False,True,True,False,False,True,True,False,False
2177,12,68,1.0,2.0,7,98,1.0,1,1.0,2.0,4,0.0,0.0,65,False,True,True,False,True,False,False,True,True,False,False,True,False
2178,24,68,0.0,0.0,6,67,2.0,0,0.0,2.0,3,0.0,2.0,60,True,False,True,False,True,False,True,False,False,True,False,False,True
2179,25,86,1.0,0.0,6,59,1.0,3,0.0,1.0,3,0.0,0.0,69,True,False,False,True,False,True,False,True,True,False,False,False,True
2180,17,96,2.0,1.0,6,60,1.0,1,0.0,1.0,3,1.0,0.0,69,True,False,False,True,True,False,False,True,True,False,False,True,False
2181,17,76,1.0,2.0,6,70,0.0,2,2.0,1.0,4,2.0,1.0,67,False,True,False,True,False,True,False,True,True,False,False,True,False
2182,22,68,2.0,1.0,9,53,2.0,1,1.0,1.0,2,0.0,1.0,65,True,False,False,True,False,True,False,True,True,False,False,True,False
2183,17,86,2.0,2.0,8,74,1.0,1,0.0,2.0,4,1.0,0.0,70,False,True,True,False,False,True,False,True,True,False,False,True,False
2184,20,95,2.0,1.0,8,87,0.0,0,0.0,1.0,3,2.0,1.0,71,True,False,True,False,False,True,False,True,True,False,False,False,True
2185,33,90,0.0,1.0,9,77,1.0,3,1.0,2.0,6,2.0,1.0,73,False,True,False,True,False,True,False,True,False,True,True,False,False
2186,19,95,0.0,2.0,8,99,1.0,0,0.0,1.0,2,2.0,1.0,70,False,True,False,True,False,True,False,True,True,False,False,True,False
2187,18,81,2.0,0.0,9,73,2.0,1,1.0,2.0,2,0.0,0.0,67,True,False,False,True,False,True,False,True,True,False,False,True,False
2188,16,90,0.0,2.0,8,51,1.0,1,2.0,1.0,5,0.0,1.0,67,True,False,False,True,False,True,False,True,True,False,False,True,False
2189,24,66,0.0,2.0,7,74,1.0,0,2.0,2.0,2,1.0,1.0,65,False,True,False,True,True,False,False,True,True,False,False,True,False
2190,19,74,2.0,2.0,6,96,1.0,2,2.0,1.0,3,1.0,0.0,69,False,True,False,True,False,True,False,True,True,False,False,True,False
2191,16,76,2.0,2.0,6,55,1.0,1,0.0,1.0,1,2.0,0.0,65,False,True,False,True,False,True,True,False,True,False,False,False,True
2192,28,80,1.0,2.0,8,61,0.0,1,0.0,1.0,3,1.0,2.0,68,True,False,True,False,False,True,False,True,True,False,True,False,False
2193,29,97,2.0,1.0,7,86,1.0,0,1.0,1.0,3,1.0,0.0,74,True,False,False,True,True,False,False,True,True,False,False,False,True
2194,16,95,0.0,1.0,5,65,2.0,0,1.0,1.0,3,1.0,0.0,68,True,False,True,False,False,True,False,True,True,False,False,True,False
2195,9,65,1.0,1.0,4,88,0.0,1,0.0,1.0,3,1.0,0.0,61,False,True,False,True,True,False,False,True,True,False,False,False,True
2196,26,67,1.0,0.0,10,71,2.0,3,0.0,1.0,3,2.0,0.0,67,False,True,False,True,False,True,False,True,True,False,False,True,False
2197,16,74,2.0,2.0,6,90,1.0,1,0.0,1.0,4,0.0,0.0,66,True,False,True,False,False,True,False,True,False,True,True,False,False
2198,25,72,0.0,0.0,6,78,0.0,8,1.0,2.0,4,0.0,0.0,69,False,True,False,True,False,True,False,True,True,False,False,False,True
2199,8,85,1.0,0.0,9,54,0.0,1,0.0,2.0,3,0.0,0.0,62,False,True,True,False,False,True,False,True,True,False,False,False,True
2200,25,96,1.0,2.0,5,69,0.0,0,0.0,1.0,4,0.0,1.0,71,False,True,False,True,False,True,False,True,True,False,False,True,False
2201,13,98,2.0,2.0,8,67,1.0,1,1.0,1.0,4,2.0,1.0,71,True,False,True,False,False,True,False,True,True,False,False,False,True
2202,24,86,1.0,2.0,10,91,0.0,0,0.0,2.0,4,1.0,0.0,72,True,False,True,False,False,True,False,True,True,False,False,False,True
2203,20,94,1.0,2.0,10,81,0.0,1,1.0,2.0,5,0.0,2.0,69,True,False,False,True,False,True,False,True,False,True,False,True,False
2204,14,81,0.0,1.0,6,89,1.0,6,0.0,2.0,3,1.0,0.0,67,True,False,True,False,True,False,True,False,True,False,False,True,False
2205,18,68,1.0,2.0,7,69,1.0,1,0.0,2.0,4,0.0,1.0,63,True,False,False,True,True,False,False,True,False,True,False,True,False
2206,24,81,1.0,1.0,6,85,1.0,1,1.0,2.0,4,1.0,1.0,68,False,True,False,True,False,True,True,False,True,False,False,True,False
2207,21,82,2.0,2.0,7,53,0.0,0,2.0,1.0,2,2.0,0.0,69,False,True,False,True,False,True,False,True,True,False,False,False,True
2208,24,90,1.0,0.0,9,52,0.0,0,0.0,1.0,3,1.0,0.0,65,True,False,False,True,False,True,False,True,False,True,True,False,False
2209,32,69,2.0,2.0,5,64,1.0,0,1.0,1.0,3,2.0,0.0,70,True,False,False,True,False,True,False,True,True,False,True,False,False
2210,11,75,1.0,1.0,8,89,1.0,2,2.0,2.0,4,1.0,1.0,65,False,True,True,False,True,False,False,True,True,False,False,False,True
2211,30,75,1.0,1.0,7,77,1.0,0,0.0,1.0,2,0.0,1.0,67,False,True,False,True,True,False,False,True,True,False,False,False,True
2212,21,98,1.0,2.0,9,70,1.0,0,0.0,2.0,1,1.0,0.0,72,False,True,False,True,False,True,False,True,True,False,False,False,True
2213,15,78,1.0,2.0,9,95,2.0,1,2.0,2.0,3,0.0,0.0,69,False,True,False,True,False,True,False,True,True,False,False,False,True
2214,12,90,2.0,2.0,6,75,0.0,2,1.0,1.0,3,2.0,0.0,69,False,True,False,True,False,True,True,False,True,False,False,True,False
2215,19,90,2.0,0.0,7,81,1.0,4,2.0,2.0,4,1.0,0.0,71,True,False,False,True,True,False,False,True,False,True,False,True,False
2216,26,71,1.0,0.0,8,99,1.0,1,1.0,2.0,3,0.0,2.0,67,False,True,False,True,False,True,False,True,True,False,False,False,True
2217,19,83,0.0,0.0,8,76,0.0,3,0.0,0.0,3,2.0,0.0,65,True,False,False,True,True,False,False,True,True,False,False,True,False
2218,29,96,0.0,0.0,4,89,1.0,2,0.0,2.0,2,0.0,2.0,70,True,False,False,True,True,False,False,True,True,False,False,True,False
2219,11,79,1.0,1.0,8,71,0.0,1,1.0,1.0,2,1.0,1.0,63,True,False,True,False,True,False,False,True,True,False,False,False,True
2220,20,98,2.0,2.0,9,52,1.0,0,1.0,1.0,3,1.0,2.0,71,False,True,True,False,False,True,False,True,True,False,False,False,True
2221,12,69,2.0,1.0,7,92,0.0,1,1.0,1.0,3,1.0,0.0,64,True,False,False,True,False,True,False,True,True,False,False,True,False
2222,22,63,1.0,2.0,8,97,2.0,5,1.0,1.0,3,0.0,0.0,69,False,True,True,False,False,True,False,True,True,False,False,True,False
2223,25,96,0.0,1.0,9,72,0.0,0,0.0,1.0,3,0.0,0.0,69,False,True,True,False,True,False,False,True,True,False,False,False,True
2224,17,94,1.0,1.0,7,75,1.0,1,0.0,2.0,3,2.0,1.0,70,False,True,False,True,False,True,False,True,True,False,False,False,True
2225,4,100,2.0,0.0,8,71,0.0,2,0.0,1.0,4,0.0,1.0,64,True,False,True,False,True,False,False,True,True,False,True,False,False
2226,21,87,1.0,2.0,7,100,0.0,1,0.0,1.0,3,0.0,0.0,70,False,True,False,True,True,False,False,True,True,False,False,False,True
2227,23,97,1.0,2.0,7,95,1.0,0,1.0,2.0,4,2.0,1.0,74,True,False,True,False,True,False,False,True,True,False,False,False,True
2228,22,93,1.0,1.0,6,52,1.0,1,0.0,1.0,3,1.0,0.0,69,True,False,False,True,False,True,False,True,True,False,True,False,False
2229,27,94,0.0,1.0,7,89,1.0,3,0.0,1.0,2,1.0,0.0,73,True,False,True,False,False,True,False,True,True,False,False,False,True
2230,14,83,1.0,1.0,10,80,1.0,1,1.0,2.0,3,1.0,0.0,66,True,False,True,False,False,True,False,True,False,True,False,True,False
2231,24,75,2.0,2.0,6,51,2.0,1,1.0,2.0,3,0.0,0.0,67,False,True,False,True,False,True,True,False,True,False,True,False,False
2232,9,77,1.0,1.0,7,57,0.0,2,1.0,0.0,3,0.0,0.0,61,False,True,False,True,True,False,False,True,True,False,True,False,False
2233,22,82,0.0,1.0,9,94,2.0,0,1.0,1.0,4,0.0,1.0,68,True,False,False,True,False,True,False,True,True,False,False,False,True
2234,17,78,1.0,0.0,9,51,2.0,1,0.0,1.0,3,0.0,1.0,63,False,True,True,False,False,True,False,True,True,False,False,True,False
2235,20,83,2.0,0.0,6,94,1.0,1,0.0,1.0,2,0.0,0.0,67,False,True,False,True,False,True,False,True,True,False,False,True,False
2236,22,79,0.0,0.0,6,97,0.0,3,2.0,1.0,3,0.0,1.0,66,False,True,False,True,False,True,False,True,True,False,True,False,False
2237,17,62,2.0,0.0,6,54,0.0,2,1.0,2.0,3,1.0,0.0,62,False,True,False,True,False,True,False,True,True,False,False,True,False
2238,16,95,2.0,0.0,6,86,1.0,0,0.0,2.0,3,0.0,0.0,69,False,True,True,False,False,True,False,True,True,False,False,True,False
2239,20,78,1.0,1.0,6,77,1.0,3,1.0,1.0,3,0.0,1.0,67,False,True,True,False,True,False,False,True,True,False,False,False,True
2240,13,84,1.0,1.0,8,98,0.0,2,1.0,1.0,2,1.0,1.0,66,True,False,False,True,True,False,True,False,True,False,False,False,True
2241,13,66,2.0,1.0,6,90,1.0,2,0.0,1.0,3,0.0,1.0,63,False,True,False,True,False,True,False,True,False,True,False,False,True
2242,24,60,1.0,1.0,6,85,0.0,1,2.0,1.0,2,2.0,1.0,64,False,True,False,True,True,False,False,True,True,False,False,True,False
2243,13,70,0.0,1.0,6,96,2.0,2,1.0,1.0,5,2.0,1.0,64,False,True,True,False,False,True,False,True,True,False,True,False,False
2244,24,88,0.0,1.0,8,58,1.0,1,0.0,2.0,3,0.0,0.0,67,False,True,False,True,True,False,False,True,True,False,True,False,False
2245,23,64,0.0,1.0,7,69,2.0,4,2.0,1.0,3,0.0,1.0,66,False,True,False,True,False,True,False,True,True,False,False,False,True
2246,10,96,2.0,2.0,7,92,1.0,1,0.0,0.0,1,0.0,0.0,68,True,False,False,True,False,True,False,True,True,False,False,True,False
2247,16,69,1.0,2.0,6,55,1.0,1,1.0,2.0,1,0.0,1.0,62,False,True,False,True,False,True,False,True,True,False,True,False,False
2248,27,68,1.0,1.0,5,97,0.0,1,1.0,1.0,4,1.0,0.0,68,False,True,False,True,False,True,False,True,True,False,True,False,False
2249,14,67,2.0,0.0,9,87,1.0,1,1.0,1.0,3,0.0,0.0,63,False,True,True,False,True,False,False,True,True,False,False,False,True
2250,17,61,1.0,2.0,7,72,0.0,1,1.0,2.0,2,0.0,1.0,62,False,True,False,True,True,False,False,True,True,False,False,True,False
2251,23,91,2.0,2.0,10,67,2.0,2,0.0,1.0,2,1.0,0.0,72,False,True,False,True,True,False,False,True,True,False,False,False,True
2252,25,95,1.0,0.0,8,57,0.0,4,0.0,1.0,3,0.0,1.0,69,True,False,False,True,True,False,False,True,True,False,False,True,False
2253,18,85,1.0,0.0,10,55,2.0,3,1.0,2.0,3,0.0,0.0,67,False,True,False,True,False,True,False,True,True,False,False,True,False
2254,16,68,1.0,2.0,8,71,1.0,1,2.0,2.0,3,0.0,1.0,65,False,True,True,False,False,True,False,True,True,False,False,True,False
2255,29,71,2.0,1.0,7,92,0.0,1,0.0,1.0,3,0.0,0.0,69,True,False,False,True,True,False,False,True,True,False,False,False,True
2256,30,79,2.0,2.0,6,77,1.0,1,0.0,1.0,2,0.0,0.0,72,False,True,False,True,False,True,False,True,True,False,False,False,True
2257,26,98,0.0,1.0,6,73,1.0,2,0.0,0.0,3,0.0,0.0,70,True,False,False,True,False,True,False,True,True,False,True,False,False
2258,15,89,2.0,0.0,7,58,0.0,2,0.0,1.0,3,0.0,1.0,65,False,True,False,True,False,True,False,True,True,False,True,False,False
2259,15,78,0.0,1.0,8,100,0.0,0,0.0,1.0,3,0.0,0.0,62,True,False,False,True,False,True,False,True,False,True,True,False,False
2260,23,72,0.0,2.0,8,51,1.0,2,0.0,1.0,3,1.0,2.0,65,False,True,True,False,False,True,False,True,True,False,False,False,True
2261,23,78,1.0,1.0,8,66,1.0,1,1.0,2.0,1,1.0,1.0,67,True,False,False,True,False,True,False,True,True,False,False,True,False
2262,28,63,1.0,0.0,6,88,2.0,4,1.0,2.0,4,0.0,2.0,67,False,True,False,True,True,False,False,True,True,False,False,True,False
2263,24,92,1.0,2.0,9,76,1.0,2,2.0,1.0,2,0.0,0.0,72,True,False,False,True,True,False,False,True,True,False,False,False,True
2264,11,70,1.0,0.0,7,66,0.0,1,1.0,2.0,3,0.0,0.0,60,True,False,False,True,False,True,False,True,True,False,True,False,False
2265,26,89,1.0,0.0,7,100,0.0,0,1.0,0.0,3,0.0,0.0,69,True,False,False,True,True,False,False,True,True,False,False,True,False
2266,14,63,1.0,1.0,8,81,0.0,0,1.0,0.0,5,0.0,0.0,61,True,False,True,False,True,False,False,True,True,False,False,False,True
2267,18,98,0.0,1.0,7,65,1.0,1,2.0,1.0,4,2.0,0.0,70,True,False,True,False,False,True,False,True,True,False,False,True,False
2268,22,68,1.0,2.0,4,92,2.0,2,2.0,1.0,3,0.0,0.0,68,False,True,False,True,True,False,False,True,True,False,False,True,False
2269,32,95,1.0,2.0,9,58,1.0,2,1.0,1.0,4,0.0,0.0,75,False,True,True,False,False,True,False,True,True,False,False,False,True
2270,39,92,1.0,1.0,9,73,1.0,1,1.0,1.0,4,2.0,1.0,75,False,True,False,True,True,False,False,True,True,False,True,False,False
2271,24,99,2.0,1.0,4,92,0.0,2,2.0,1.0,3,0.0,2.0,72,False,True,True,False,True,False,False,True,True,False,False,True,False
2272,19,79,0.0,1.0,5,99,2.0,1,0.0,1.0,4,1.0,1.0,66,True,False,True,False,False,True,False,True,True,False,True,False,False
2273,23,89,0.0,2.0,10,69,0.0,5,1.0,1.0,4,0.0,0.0,71,False,True,False,True,True,False,False,True,True,False,False,True,False
2274,25,75,0.0,2.0,7,57,2.0,4,0.0,2.0,5,1.0,0.0,70,False,True,False,True,True,False,False,True,True,False,False,False,True
2275,18,67,1.0,2.0,7,78,0.0,2,1.0,1.0,3,0.0,0.0,63,True,False,False,True,False,True,False,True,False,True,True,False,False
2276,31,78,2.0,2.0,6,97,0.0,0,1.0,2.0,3,0.0,0.0,72,False,True,False,True,False,True,False,True,True,False,False,True,False
2277,21,67,1.0,1.0,5,83,1.0,1,0.0,2.0,5,0.0,0.0,65,False,True,True,False,False,True,False,True,True,False,False,True,False
2278,23,99,1.0,1.0,7,80,0.0,3,0.0,0.0,2,0.0,0.0,71,False,True,True,False,False,True,False,True,True,False,False,True,False
2279,24,64,1.0,1.0,8,65,1.0,0,1.0,1.0,3,1.0,0.0,65,True,False,False,True,False,True,False,True,True,False,False,False,True
2280,23,84,1.0,0.0,7,80,1.0,1,1.0,2.0,3,1.0,1.0,69,True,False,True,False,False,True,False,True,True,False,False,False,True
2281,25,85,1.0,0.0,8,94,1.0,3,1.0,2.0,3,0.0,1.0,71,False,True,False,True,False,True,False,True,True,False,False,False,True
2282,16,82,1.0,2.0,10,69,1.0,2,0.0,1.0,4,1.0,0.0,68,False,True,False,True,False,True,False,True,True,False,False,False,True
2283,17,86,0.0,1.0,6,62,0.0,2,1.0,2.0,4,0.0,0.0,66,True,False,False,True,True,False,False,True,True,False,False,False,True
2284,13,65,2.0,1.0,7,74,0.0,0,2.0,1.0,2,0.0,1.0,60,False,True,False,True,True,False,False,True,False,True,False,True,False
2285,23,82,1.0,1.0,9,69,1.0,0,2.0,1.0,3,0.0,0.0,68,True,False,False,True,True,False,False,True,True,False,False,False,True
2286,25,71,1.0,2.0,6,73,1.0,1,0.0,1.0,4,0.0,0.0,67,True,False,True,False,False,True,False,True,True,False,False,True,False
2287,23,98,1.0,0.0,7,55,1.0,3,2.0,2.0,4,0.0,0.0,71,False,True,True,False,True,False,False,True,True,False,False,True,False
2288,30,90,2.0,1.0,10,67,2.0,2,1.0,1.0,6,0.0,0.0,74,False,True,True,False,True,False,False,True,True,False,False,True,False
2289,20,99,0.0,1.0,6,91,1.0,2,1.0,0.0,4,0.0,0.0,70,False,True,False,True,True,False,False,True,True,False,True,False,False
2290,24,62,0.0,2.0,9,70,0.0,2,0.0,1.0,2,1.0,1.0,63,True,False,False,True,True,False,False,True,True,False,False,False,True
2291,13,71,1.0,1.0,7,98,1.0,0,1.0,1.0,3,1.0,0.0,64,False,True,False,True,True,False,False,True,True,False,False,False,True
2292,18,68,1.0,2.0,10,85,2.0,3,0.0,1.0,3,0.0,0.0,66,False,True,False,True,False,True,False,True,True,False,False,True,False
2293,24,60,1.0,1.0,5,68,1.0,0,1.0,0.0,3,2.0,0.0,64,True,False,False,True,False,True,False,True,True,False,False,True,False
2294,25,70,2.0,2.0,7,63,1.0,1,1.0,2.0,3,1.0,1.0,69,False,True,True,False,False,True,False,True,True,False,False,False,True
2295,18,87,1.0,2.0,5,84,1.0,2,1.0,0.0,4,2.0,0.0,71,False,True,True,False,False,True,False,True,True,False,False,False,True
2296,20,69,2.0,1.0,6,65,1.0,1,0.0,1.0,2,0.0,0.0,64,True,False,False,True,True,False,False,True,True,False,False,True,False
2297,11,80,1.0,1.0,6,96,0.0,1,0.0,2.0,3,0.0,0.0,65,False,True,False,True,False,True,False,True,True,False,False,True,False
2298,18,96,2.0,1.0,7,56,0.0,2,1.0,1.0,1,1.0,0.0,69,True,False,True,False,True,False,False,True,True,False,False,True,False
2299,25,88,1.0,2.0,5,51,1.0,1,1.0,0.0,1,0.0,0.0,68,True,False,False,True,True,False,False,True,True,False,False,True,False
2300,23,76,1.0,1.0,7,61,1.0,3,1.0,0.0,4,0.0,0.0,68,False,True,False,True,False,True,False,True,True,False,False,False,True
2301,23,75,2.0,1.0,8,80,2.0,0,0.0,2.0,4,0.0,1.0,68,True,False,True,False,False,True,False,True,True,False,False,True,False
2302,20,78,0.0,1.0,5,92,0.0,1,1.0,1.0,3,0.0,2.0,65,False,True,False,True,False,True,False,True,True,False,False,False,True
2303,20,67,2.0,2.0,6,59,0.0,1,1.0,1.0,4,1.0,0.0,65,True,False,True,False,True,False,False,True,True,False,True,False,False
2304,16,85,1.0,0.0,10,79,0.0,1,2.0,1.0,3,1.0,0.0,66,False,True,True,False,True,False,False,True,True,False,False,True,False
2305,24,75,2.0,0.0,7,57,1.0,0,1.0,1.0,1,2.0,0.0,66,False,True,False,True,True,False,False,True,True,False,False,True,False
2306,23,94,1.0,0.0,4,78,1.0,2,2.0,2.0,4,0.0,1.0,71,False,True,False,True,False,True,False,True,True,False,False,True,False
2307,23,90,2.0,1.0,5,51,1.0,0,0.0,2.0,1,0.0,0.0,68,False,True,False,True,False,True,False,True,True,False,True,False,False
2308,17,84,0.0,1.0,7,78,0.0,0,2.0,2.0,5,1.0,1.0,65,True,False,False,True,False,True,False,True,False,True,False,True,False
2309,7,75,1.0,2.0,7,76,1.0,0,1.0,0.0,4,1.0,1.0,63,True,False,True,False,False,True,False,True,True,False,False,False,True
2310,27,68,2.0,1.0,6,52,1.0,1,1.0,0.0,5,2.0,2.0,66,True,False,True,False,True,False,False,True,True,False,False,True,False
2311,17,91,2.0,0.0,10,84,1.0,7,0.0,2.0,4,1.0,1.0,71,False,True,False,True,False,True,False,True,False,True,False,True,False
2312,15,79,0.0,1.0,10,79,1.0,2,0.0,1.0,4,1.0,1.0,65,False,True,True,False,False,True,False,True,True,False,False,True,False
2313,24,69,1.0,2.0,7,81,0.0,3,1.0,1.0,4,0.0,0.0,68,True,False,True,False,False,True,False,True,True,False,False,True,False
2314,18,68,1.0,1.0,8,76,2.0,2,2.0,1.0,3,2.0,0.0,66,False,True,False,True,False,True,False,True,True,False,False,True,False
2315,26,67,0.0,2.0,8,86,1.0,2,0.0,1.0,2,0.0,0.0,64,True,False,False,True,True,False,False,True,False,True,True,False,False
2316,24,91,1.0,0.0,9,76,2.0,1,0.0,0.0,4,1.0,0.0,70,True,False,False,True,False,True,False,True,True,False,False,False,True
2317,24,69,2.0,0.0,6,96,1.0,4,2.0,1.0,4,1.0,1.0,70,False,True,False,True,False,True,False,True,True,False,False,False,True
2318,12,81,1.0,2.0,10,97,0.0,1,0.0,1.0,5,0.0,0.0,66,True,False,True,False,True,False,False,True,True,False,False,False,True
2319,27,78,1.0,1.0,7,86,1.0,3,1.0,1.0,2,0.0,1.0,70,True,False,False,True,False,True,False,True,True,False,False,False,True
2320,22,83,2.0,2.0,8,96,1.0,2,1.0,2.0,0,1.0,0.0,71,True,False,False,True,True,False,True,False,True,False,False,False,True
2321,18,95,0.0,2.0,7,96,1.0,2,1.0,2.0,4,0.0,1.0,70,False,True,True,False,True,False,False,True,False,True,False,False,True
2322,21,95,1.0,1.0,7,63,1.0,1,0.0,1.0,4,2.0,0.0,70,False,True,True,False,True,False,False,True,True,False,False,False,True
2323,9,78,2.0,1.0,7,100,0.0,2,1.0,1.0,2,0.0,0.0,66,False,True,False,True,False,True,False,True,True,False,False,False,True
2324,22,61,2.0,1.0,5,63,0.0,1,0.0,1.0,3,2.0,0.0,64,False,True,False,True,True,False,False,True,True,False,False,False,True
2325,14,77,2.0,2.0,4,51,0.0,5,0.0,1.0,3,1.0,1.0,66,False,True,False,True,True,False,False,True,True,False,False,False,True
2326,12,84,2.0,1.0,7,98,2.0,1,0.0,1.0,3,0.0,0.0,68,True,False,False,True,False,True,False,True,True,False,False,False,True
2327,11,82,0.0,0.0,6,61,0.0,2,1.0,1.0,2,0.0,0.0,61,True,False,False,True,True,False,False,True,True,False,False,True,False
2328,27,86,1.0,1.0,8,79,1.0,2,0.0,2.0,4,1.0,0.0,72,False,True,True,False,False,True,False,True,True,False,False,False,True
2329,16,66,2.0,2.0,8,99,1.0,1,0.0,2.0,3,0.0,1.0,66,False,True,True,False,True,False,False,True,True,False,False,False,True
2330,29,86,0.0,0.0,7,52,1.0,1,0.0,1.0,3,1.0,0.0,68,True,False,False,True,False,True,False,True,True,False,False,False,True
2331,17,67,0.0,1.0,9,63,2.0,1,0.0,2.0,4,1.0,2.0,61,False,True,False,True,True,False,False,True,True,False,True,False,False
2332,10,90,2.0,1.0,7,80,0.0,0,1.0,1.0,5,0.0,0.0,67,True,False,False,True,False,True,False,True,True,False,False,True,False
2333,13,74,2.0,2.0,5,88,0.0,3,0.0,1.0,3,1.0,0.0,66,True,False,True,False,False,True,False,True,False,True,False,True,False
2334,27,88,1.0,1.0,7,90,1.0,3,1.0,1.0,4,2.0,1.0,74,True,False,False,True,False,True,False,True,True,False,False,False,True
2335,19,62,2.0,1.0,9,94,1.0,0,2.0,0.0,4,2.0,0.0,66,True,False,False,True,False,True,False,True,True,False,False,True,False
2336,17,76,2.0,1.0,4,58,1.0,4,1.0,1.0,2,2.0,1.0,67,True,False,True,False,False,True,False,True,True,False,False,True,False
2337,21,88,2.0,0.0,7,69,1.0,4,1.0,1.0,3,1.0,0.0,71,False,True,True,False,False,True,False,True,True,False,False,True,False
2338,23,69,2.0,0.0,8,86,2.0,0,1.0,2.0,4,1.0,2.0,66,False,True,False,True,False,True,False,True,True,False,False,True,False
2339,27,92,1.0,1.0,10,86,2.0,0,0.0,0.0,3,0.0,1.0,71,False,True,True,False,False,True,False,True,True,False,False,False,True
2340,29,85,2.0,1.0,9,65,2.0,4,0.0,1.0,4,2.0,1.0,72,False,True,True,False,False,True,True,False,True,False,False,True,False
2341,18,84,1.0,1.0,7,65,1.0,2,1.0,1.0,3,0.0,0.0,66,True,False,False,True,False,True,False,True,True,False,True,False,False
2342,12,74,2.0,0.0,8,66,0.0,1,0.0,1.0,2,0.0,0.0,62,False,True,False,True,False,True,False,True,True,False,False,False,True
2343,18,79,2.0,1.0,4,95,0.0,1,0.0,2.0,2,0.0,1.0,66,True,False,False,True,False,True,False,True,True,False,True,False,False
2344,22,84,0.0,2.0,5,95,1.0,2,0.0,2.0,3,0.0,1.0,69,False,True,False,True,False,True,False,True,True,False,False,True,False
2345,14,79,1.0,1.0,8,51,1.0,0,1.0,2.0,4,0.0,0.0,64,False,True,False,True,False,True,False,True,True,False,True,False,False
2346,14,88,1.0,1.0,7,66,1.0,4,1.0,2.0,3,0.0,0.0,69,True,False,False,True,False,True,False,True,True,False,False,False,True
2347,22,77,2.0,0.0,7,70,1.0,2,1.0,1.0,4,2.0,0.0,69,False,True,True,False,False,True,False,True,True,False,False,False,True
2348,20,68,2.0,0.0,7,99,2.0,0,0.0,1.0,2,1.0,1.0,64,True,False,False,True,False,True,False,True,False,True,False,False,True
2349,20,69,1.0,2.0,7,97,1.0,3,1.0,2.0,3,1.0,0.0,68,True,False,False,True,False,True,False,True,False,True,False,False,True
2350,15,60,1.0,1.0,7,81,0.0,4,0.0,2.0,2,0.0,0.0,63,False,True,False,True,False,True,False,True,True,False,False,False,True
2351,19,72,2.0,1.0,5,52,0.0,1,0.0,1.0,2,0.0,0.0,64,False,True,False,True,False,True,False,True,True,False,False,False,True
2352,14,90,1.0,2.0,7,60,1.0,2,1.0,1.0,4,2.0,0.0,69,False,True,False,True,False,True,False,True,True,False,False,True,False
2353,25,92,0.0,2.0,5,72,1.0,1,1.0,1.0,4,0.0,0.0,71,True,False,False,True,True,False,False,True,True,False,False,False,True
2354,26,68,1.0,2.0,6,98,0.0,2,1.0,1.0,3,1.0,2.0,67,True,False,True,False,True,False,False,True,True,False,False,True,False
2355,9,98,2.0,1.0,9,55,0.0,3,0.0,1.0,2,0.0,0.0,67,False,True,False,True,True,False,False,True,True,False,False,False,True
2356,14,80,2.0,0.0,7,90,2.0,2,0.0,2.0,2,1.0,2.0,66,True,False,False,True,False,True,False,True,True,False,True,False,False
2357,11,97,1.0,2.0,8,60,1.0,0,1.0,0.0,3,0.0,0.0,67,False,True,True,False,False,True,False,True,True,False,False,False,True
2358,16,88,0.0,2.0,7,75,0.0,2,1.0,1.0,4,2.0,0.0,68,True,False,False,True,True,False,False,True,True,False,False,True,False
2359,19,89,1.0,1.0,6,88,0.0,1,1.0,2.0,2,0.0,0.0,69,True,False,False,True,False,True,False,True,True,False,False,False,True
2360,11,63,2.0,2.0,5,85,2.0,0,0.0,2.0,4,0.0,1.0,62,True,False,False,True,False,True,True,False,False,True,False,False,True
2361,14,69,1.0,1.0,6,89,2.0,2,2.0,2.0,5,0.0,1.0,66,True,False,True,False,False,True,False,True,True,False,False,False,True
2362,14,60,1.0,1.0,7,91,1.0,1,0.0,2.0,3,2.0,0.0,63,False,True,True,False,False,True,False,True,True,False,True,False,False
2363,21,89,0.0,0.0,8,65,1.0,2,0.0,0.0,3,1.0,0.0,67,True,False,False,True,False,True,False,True,True,False,False,True,False
2364,20,74,2.0,1.0,7,68,2.0,3,1.0,1.0,4,0.0,2.0,68,False,True,False,True,True,False,False,True,True,False,False,False,True
2365,16,91,1.0,0.0,8,91,0.0,2,1.0,1.0,2,0.0,2.0,66,True,False,False,True,True,False,False,True,True,False,False,True,False
2366,21,74,1.0,1.0,5,52,1.0,3,1.0,1.0,1,0.0,0.0,66,False,True,True,False,False,True,False,True,True,False,False,False,True
2367,17,93,2.0,1.0,8,76,0.0,0,0.0,1.0,3,0.0,1.0,67,True,False,True,False,True,False,False,True,True,False,True,False,False
2368,18,65,2.0,1.0,5,96,1.0,1,2.0,1.0,2,0.0,0.0,66,True,False,True,False,False,True,False,True,True,False,False,True,False
2369,30,67,1.0,1.0,8,94,1.0,1,1.0,1.0,2,1.0,0.0,69,True,False,False,True,False,True,False,True,True,False,False,True,False
2370,28,74,1.0,2.0,8,90,2.0,2,1.0,1.0,3,2.0,0.0,72,False,True,False,True,True,False,False,True,True,False,False,False,True
2371,12,76,1.0,0.0,4,51,1.0,0,0.0,1.0,1,0.0,0.0,60,True,False,True,False,False,True,False,True,True,False,False,True,False
2372,25,74,0.0,2.0,8,94,2.0,0,0.0,1.0,4,0.0,1.0,68,True,False,False,True,False,True,False,True,True,False,False,False,True
2373,25,91,0.0,1.0,8,96,1.0,3,1.0,1.0,3,0.0,0.0,72,True,False,False,True,False,True,False,True,True,False,False,True,False
2374,13,64,1.0,2.0,9,83,0.0,1,2.0,1.0,4,0.0,0.0,64,False,True,False,True,False,True,False,True,True,False,False,False,True
2375,25,74,0.0,1.0,6,65,2.0,0,2.0,1.0,1,0.0,1.0,65,False,True,False,True,False,True,False,True,True,False,False,True,False
2376,13,63,0.0,1.0,8,88,1.0,0,0.0,1.0,2,0.0,0.0,59,False,True,True,False,True,False,False,True,True,False,True,False,False
2377,14,98,1.0,1.0,8,91,0.0,0,0.0,1.0,4,0.0,1.0,67,False,True,False,True,False,True,False,True,True,False,True,False,False
2378,26,99,1.0,1.0,8,67,1.0,4,1.0,1.0,4,0.0,0.0,73,False,True,True,False,False,True,False,True,False,True,False,False,True
2379,22,64,1.0,2.0,6,66,0.0,1,1.0,1.0,4,1.0,0.0,64,False,True,False,True,True,False,False,True,True,False,False,True,False
2380,23,72,1.0,2.0,8,87,0.0,3,1.0,0.0,3,0.0,0.0,67,False,True,False,True,True,False,False,True,True,False,False,True,False
2381,22,75,2.0,1.0,8,84,0.0,3,2.0,1.0,3,1.0,0.0,69,False,True,False,True,False,True,False,True,True,False,True,False,False
2382,22,91,1.0,0.0,7,76,1.0,1,0.0,2.0,3,1.0,1.0,69,True,False,False,True,False,True,False,True,True,False,False,True,False
2383,12,84,2.0,2.0,6,71,1.0,2,1.0,1.0,3,1.0,1.0,67,False,True,False,True,False,True,True,False,True,False,False,False,True
2384,26,86,1.0,2.0,6,83,1.0,2,0.0,1.0,4,0.0,0.0,72,False,True,False,True,False,True,False,True,True,False,False,False,True
2385,19,65,1.0,2.0,8,54,1.0,0,0.0,2.0,3,0.0,2.0,62,True,False,True,False,False,True,False,True,True,False,False,True,False
2386,20,93,1.0,0.0,7,79,1.0,1,1.0,0.0,3,2.0,0.0,69,True,False,False,True,True,False,False,True,True,False,False,True,False
2387,11,88,2.0,2.0,7,61,0.0,2,1.0,1.0,3,2.0,0.0,68,False,True,False,True,False,True,False,True,True,False,False,True,False
2388,23,96,0.0,1.0,7,89,1.0,1,0.0,1.0,3,1.0,2.0,70,True,False,True,False,False,True,False,True,True,False,False,False,True
2389,20,88,0.0,1.0,5,85,1.0,2,1.0,1.0,3,0.0,0.0,68,False,True,False,True,False,True,False,True,True,False,True,False,False
2390,27,68,1.0,1.0,7,95,0.0,0,1.0,1.0,4,0.0,0.0,67,False,True,False,True,False,True,False,True,True,False,False,False,True
2391,18,77,2.0,1.0,9,57,0.0,1,0.0,2.0,2,2.0,0.0,66,False,True,False,True,False,True,False,True,True,False,True,False,False
2392,23,80,0.0,2.0,6,63,0.0,0,2.0,1.0,2,0.0,0.0,66,False,True,True,False,True,False,False,True,True,False,False,False,True
2393,14,62,1.0,2.0,7,63,1.0,2,0.0,1.0,2,1.0,1.0,62,True,False,False,True,False,True,False,True,True,False,False,False,True
2394,20,98,1.0,1.0,8,89,2.0,3,2.0,1.0,2,1.0,0.0,72,False,True,False,True,False,True,False,True,False,True,True,False,False
2395,19,65,1.0,2.0,7,76,1.0,0,1.0,1.0,3,2.0,0.0,64,True,False,False,True,False,True,True,False,True,False,False,True,False
2396,21,88,1.0,1.0,6,63,0.0,1,1.0,1.0,3,0.0,0.0,68,True,False,False,True,False,True,False,True,True,False,False,True,False
2397,18,80,1.0,2.0,7,57,1.0,2,0.0,0.0,3,2.0,2.0,66,True,False,False,True,False,True,False,True,True,False,False,False,True
2398,19,61,1.0,2.0,8,95,2.0,4,1.0,1.0,3,1.0,0.0,68,False,True,True,False,False,True,False,True,True,False,False,False,True
2399,25,97,0.0,2.0,7,85,2.0,3,2.0,1.0,1,2.0,0.0,75,False,True,False,True,False,True,False,True,True,False,False,True,False
2400,17,94,0.0,0.0,7,76,2.0,3,0.0,2.0,3,1.0,2.0,67,False,True,False,True,True,False,False,True,False,True,False,True,False
2401,10,81,0.0,1.0,9,98,1.0,2,0.0,1.0,2,1.0,0.0,65,False,True,False,True,False,True,False,True,True,False,False,True,False
2402,30,69,1.0,1.0,8,92,1.0,2,1.0,0.0,3,0.0,0.0,68,True,False,False,True,True,False,False,True,True,False,False,True,False
2403,28,65,1.0,1.0,5,59,2.0,2,0.0,1.0,5,0.0,0.0,67,False,True,True,False,False,True,False,True,True,False,False,True,False
2404,12,75,1.0,1.0,8,75,2.0,1,0.0,1.0,2,1.0,0.0,63,True,False,True,False,False,True,False,True,True,False,True,False,False
2405,24,70,1.0,2.0,8,74,0.0,2,1.0,2.0,3,0.0,0.0,67,False,True,False,True,False,True,False,True,True,False,True,False,False
2406,17,80,1.0,1.0,5,92,1.0,0,0.0,1.0,4,2.0,0.0,67,True,False,True,False,False,True,False,True,True,False,True,False,False
2407,22,99,1.0,1.0,4,57,2.0,2,1.0,2.0,3,1.0,0.0,73,True,False,False,True,False,True,False,True,True,False,False,False,True
2408,22,83,1.0,1.0,5,73,2.0,0,0.0,1.0,3,0.0,0.0,67,False,True,False,True,False,True,True,False,True,False,False,False,True
2409,19,96,1.0,1.0,7,82,1.0,1,2.0,1.0,4,2.0,0.0,71,False,True,False,True,True,False,False,True,True,False,False,True,False
2410,15,86,0.0,1.0,9,97,1.0,2,1.0,1.0,4,0.0,0.0,67,False,True,False,True,True,False,False,True,True,False,True,False,False
2411,16,79,2.0,0.0,6,95,1.0,0,2.0,1.0,5,1.0,0.0,68,False,True,False,True,False,True,False,True,True,False,False,True,False
2412,15,94,0.0,0.0,8,77,1.0,1,2.0,2.0,1,1.0,0.0,68,False,True,True,False,False,True,False,True,True,False,False,False,True
2413,15,79,2.0,1.0,4,80,1.0,1,2.0,1.0,4,0.0,2.0,66,False,True,True,False,False,True,False,True,True,False,True,False,False
2414,20,95,2.0,0.0,7,93,0.0,0,0.0,2.0,2,0.0,0.0,68,False,True,False,True,False,True,True,False,True,False,False,True,False
2415,16,72,1.0,0.0,6,87,1.0,2,1.0,0.0,4,0.0,0.0,63,True,False,True,False,True,False,True,False,True,False,False,False,True
2416,24,65,2.0,2.0,10,94,1.0,2,1.0,1.0,2,2.0,1.0,68,False,True,False,True,True,False,False,True,True,False,False,True,False
2417,29,94,0.0,2.0,4,95,1.0,1,1.0,1.0,5,0.0,0.0,74,False,True,False,True,False,True,False,True,True,False,False,False,True
2418,17,83,0.0,1.0,7,92,0.0,3,0.0,1.0,2,0.0,1.0,65,False,True,False,True,False,True,False,True,False,True,False,True,False
2419,21,96,1.0,1.0,4,50,1.0,1,0.0,0.0,2,2.0,1.0,69,False,True,True,False,False,True,False,True,True,False,False,False,True
2420,23,98,1.0,2.0,6,66,1.0,1,0.0,1.0,1,0.0,1.0,70,False,True,False,True,True,False,False,True,True,False,False,True,False
2421,23,62,1.0,0.0,4,70,2.0,3,1.0,2.0,2,1.0,1.0,65,True,False,False,True,False,True,False,True,True,False,False,False,True
2422,20,80,1.0,1.0,10,84,1.0,1,1.0,1.0,4,1.0,0.0,68,False,True,False,True,True,False,False,True,True,False,False,False,True
2423,24,75,0.0,1.0,6,65,1.0,0,1.0,1.0,5,1.0,1.0,65,False,True,False,True,True,False,True,False,True,False,False,False,True
2424,23,85,1.0,2.0,7,66,0.0,0,2.0,2.0,2,1.0,0.0,68,False,True,False,True,True,False,True,False,True,False,False,True,False
2425,13,92,1.0,2.0,7,70,0.0,4,0.0,1.0,3,0.0,0.0,68,False,True,False,True,False,True,False,True,True,False,False,True,False
2426,25,71,1.0,1.0,5,98,0.0,0,0.0,1.0,1,2.0,2.0,66,False,True,False,True,False,True,False,True,True,False,False,False,True
2427,25,82,2.0,1.0,9,72,2.0,0,2.0,1.0,0,1.0,0.0,70,True,False,False,True,True,False,False,True,True,False,False,False,True
2428,15,88,1.0,1.0,8,57,1.0,1,2.0,1.0,2,0.0,2.0,66,False,True,True,False,True,False,False,True,True,False,False,False,True
2429,20,65,1.0,2.0,8,50,1.0,0,0.0,1.0,5,0.0,0.0,64,False,True,False,True,False,True,False,True,True,False,False,False,True
2430,24,93,1.0,2.0,5,62,1.0,1,0.0,1.0,1,1.0,0.0,70,True,False,False,True,True,False,False,True,True,False,False,True,False
2431,19,84,2.0,1.0,9,97,0.0,1,2.0,1.0,3,0.0,0.0,68,False,True,False,True,True,False,False,True,False,True,True,False,False
2432,26,98,0.0,2.0,9,98,0.0,4,0.0,0.0,2,1.0,1.0,74,False,True,False,True,False,True,False,True,True,False,False,False,True
2433,34,74,2.0,0.0,7,76,1.0,2,0.0,2.0,2,1.0,0.0,71,True,False,False,True,False,True,False,True,True,False,False,False,True
2434,15,64,1.0,1.0,8,82,0.0,0,0.0,1.0,3,0.0,0.0,61,False,True,False,True,False,True,False,True,True,False,True,False,False
2435,12,80,1.0,0.0,7,90,1.0,3,0.0,1.0,3,0.0,0.0,64,True,False,False,True,True,False,False,True,True,False,False,True,False
2436,22,63,2.0,0.0,5,53,2.0,2,2.0,1.0,1,2.0,1.0,64,False,True,False,True,True,False,False,True,True,False,False,True,False
2437,24,99,2.0,1.0,7,69,1.0,0,1.0,1.0,3,0.0,0.0,73,False,True,True,False,False,True,False,True,True,False,False,False,True
2438,19,62,1.0,2.0,6,82,1.0,0,0.0,2.0,3,1.0,1.0,62,False,True,False,True,False,True,False,True,False,True,True,False,False
2439,29,90,0.0,1.0,7,95,1.0,0,2.0,2.0,2,0.0,0.0,71,False,True,False,True,False,True,False,True,False,True,False,True,False
2440,12,81,2.0,1.0,9,86,1.0,2,1.0,2.0,2,2.0,0.0,68,False,True,False,True,False,True,False,True,True,False,True,False,False
2441,24,75,1.0,0.0,5,68,2.0,2,1.0,1.0,2,2.0,0.0,67,False,True,False,True,False,True,False,True,True,False,False,True,False
2442,16,63,1.0,1.0,6,95,2.0,1,1.0,1.0,4,1.0,2.0,63,True,False,False,True,True,False,False,True,True,False,True,False,False
2443,30,85,0.0,1.0,6,83,1.0,2,1.0,1.0,3,1.0,0.0,71,True,False,False,True,True,False,False,True,True,False,False,False,True
2444,32,83,1.0,1.0,6,92,0.0,1,2.0,1.0,3,0.0,0.0,72,False,True,False,True,False,True,False,True,True,False,False,True,False
2445,15,71,2.0,1.0,6,69,2.0,3,1.0,2.0,3,2.0,1.0,66,True,False,False,True,True,False,True,False,True,False,False,False,True
2446,17,96,1.0,1.0,7,50,0.0,1,1.0,1.0,4,0.0,0.0,67,True,False,True,False,False,True,False,True,True,False,True,False,False
2447,25,72,2.0,1.0,8,58,1.0,0,0.0,1.0,4,1.0,1.0,66,True,False,False,True,False,True,False,True,True,False,True,False,False
2448,18,78,0.0,1.0,8,96,1.0,4,2.0,1.0,4,1.0,0.0,68,False,True,False,True,True,False,False,True,False,True,False,False,True
2449,20,82,0.0,0.0,7,52,0.0,0,1.0,1.0,3,1.0,0.0,64,True,False,True,False,False,True,False,True,True,False,False,True,False
2450,20,64,1.0,1.0,8,80,2.0,1,1.0,1.0,3,0.0,0.0,65,False,True,True,False,False,True,False,True,True,False,False,False,True
2451,8,97,2.0,1.0,10,70,2.0,0,0.0,0.0,1,0.0,0.0,66,False,True,False,True,False,True,False,True,True,False,False,True,False
2452,20,75,2.0,2.0,7,71,2.0,1,1.0,2.0,4,1.0,1.0,69,False,True,False,True,False,True,False,True,True,False,False,False,True
2453,16,63,2.0,2.0,9,70,0.0,2,1.0,2.0,5,1.0,1.0,64,True,False,True,False,True,False,False,True,True,False,True,False,False
2454,17,75,0.0,2.0,8,53,1.0,1,0.0,2.0,3,1.0,0.0,65,True,False,False,True,False,True,False,True,True,False,False,False,True
2455,29,84,2.0,1.0,10,56,2.0,3,0.0,2.0,4,2.0,2.0,72,True,False,False,True,False,True,False,True,True,False,False,True,False
2456,12,81,2.0,1.0,8,53,0.0,1,1.0,2.0,3,1.0,0.0,65,False,True,True,False,True,False,False,True,True,False,False,False,True
2457,25,88,0.0,2.0,6,53,1.0,2,1.0,2.0,4,1.0,0.0,70,True,False,False,True,False,True,False,True,True,False,True,False,False
2458,18,62,1.0,1.0,7,54,1.0,2,1.0,2.0,3,2.0,1.0,64,False,True,True,False,False,True,False,True,True,False,False,False,True
2459,18,71,1.0,0.0,7,85,0.0,1,0.0,0.0,2,0.0,1.0,62,False,True,False,True,False,True,False,True,True,False,False,True,False
2460,25,93,1.0,2.0,8,56,2.0,0,0.0,0.0,3,0.0,0.0,69,False,True,True,False,True,False,False,True,True,False,False,True,False
2461,22,63,2.0,0.0,6,63,0.0,1,1.0,0.0,2,2.0,1.0,62,False,True,False,True,True,False,False,True,True,False,True,False,False
2462,23,94,0.0,0.0,9,83,1.0,2,0.0,1.0,2,0.0,0.0,69,True,False,True,False,False,True,False,True,True,False,False,False,True
2463,26,64,1.0,2.0,7,56,1.0,3,1.0,1.0,3,0.0,0.0,66,False,True,False,True,True,False,False,True,True,False,False,False,True
2464,18,93,1.0,2.0,8,96,1.0,2,1.0,0.0,2,0.0,1.0,71,True,False,False,True,False,True,False,True,True,False,False,False,True
2465,16,74,1.0,2.0,7,74,0.0,4,0.0,0.0,3,0.0,0.0,66,False,True,True,False,False,True,False,True,True,False,False,False,True
2466,13,84,2.0,1.0,7,98,1.0,0,0.0,0.0,4,0.0,0.0,64,False,True,False,True,True,False,True,False,False,True,False,True,False
2467,15,66,1.0,2.0,7,60,2.0,2,2.0,1.0,3,0.0,1.0,63,True,False,True,False,False,True,False,True,True,False,True,False,False
2468,38,63,1.0,2.0,8,52,2.0,1,1.0,1.0,3,1.0,1.0,69,False,True,True,False,True,False,False,True,True,False,False,False,True
2469,27,69,2.0,2.0,10,80,1.0,1,1.0,2.0,4,0.0,0.0,68,True,False,False,True,False,True,True,False,False,True,False,False,True
2470,12,65,2.0,2.0,4,66,1.0,0,1.0,2.0,2,0.0,0.0,63,True,False,False,True,False,True,False,True,True,False,False,True,False
2471,12,72,1.0,1.0,8,79,2.0,1,2.0,1.0,3,1.0,2.0,64,False,True,False,True,False,True,False,True,True,False,False,False,True
2472,23,81,1.0,0.0,7,74,1.0,0,0.0,1.0,0,2.0,0.0,66,True,False,False,True,False,True,False,True,True,False,False,True,False
2473,23,84,1.0,2.0,7,73,1.0,1,2.0,1.0,4,0.0,0.0,71,False,True,False,True,False,True,False,True,True,False,False,False,True
2474,23,92,2.0,1.0,4,93,2.0,0,2.0,1.0,4,0.0,0.0,72,True,False,False,True,False,True,False,True,True,False,True,False,False
2475,19,84,1.0,2.0,7,75,0.0,1,0.0,1.0,2,1.0,2.0,66,False,True,False,True,False,True,False,True,True,False,True,False,False
2476,22,76,1.0,1.0,6,71,1.0,0,0.0,2.0,2,0.0,1.0,65,False,True,True,False,False,True,False,True,True,False,False,True,False
2477,21,79,0.0,1.0,7,84,0.0,2,1.0,1.0,3,0.0,0.0,66,False,True,True,False,False,True,False,True,True,False,False,True,False
2478,7,77,0.0,1.0,7,53,2.0,4,0.0,1.0,2,1.0,1.0,62,True,False,True,False,False,True,False,True,True,False,False,False,True
2479,19,94,1.0,0.0,4,76,1.0,4,0.0,2.0,3,0.0,1.0,68,True,False,True,False,True,False,False,True,True,False,True,False,False
2480,15,69,1.0,1.0,7,74,2.0,2,0.0,1.0,5,2.0,0.0,65,True,False,True,False,False,True,False,True,True,False,False,True,False
2481,21,60,0.0,2.0,8,99,0.0,0,0.0,0.0,3,0.0,0.0,62,False,True,True,False,True,False,False,True,True,False,False,False,True
2482,38,86,2.0,1.0,6,88,2.0,1,0.0,2.0,4,0.0,1.0,74,True,False,False,True,True,False,False,True,True,False,True,False,False
2483,22,68,1.0,0.0,7,58,1.0,0,1.0,1.0,3,2.0,0.0,64,False,True,False,True,False,True,False,True,True,False,False,True,False
2484,18,96,2.0,2.0,7,75,2.0,2,1.0,2.0,2,0.0,0.0,72,False,True,False,True,True,False,False,True,True,False,True,False,False
2485,26,94,1.0,1.0,9,89,1.0,0,0.0,1.0,3,0.0,0.0,70,True,False,False,True,True,False,False,True,False,True,False,True,False
2486,23,63,2.0,1.0,7,76,1.0,2,1.0,2.0,1,0.0,2.0,65,False,True,False,True,True,False,False,True,True,False,False,False,True
2487,23,64,1.0,2.0,8,68,0.0,3,0.0,2.0,3,0.0,0.0,66,True,False,False,True,False,True,False,True,True,False,False,True,False
2488,24,80,1.0,1.0,7,69,0.0,0,1.0,2.0,3,1.0,2.0,67,False,True,True,False,False,True,False,True,True,False,False,False,True
2489,32,84,1.0,2.0,10,68,1.0,1,0.0,1.0,5,0.0,0.0,73,False,True,False,True,False,True,False,True,True,False,False,False,True
2490,13,71,1.0,2.0,6,51,0.0,4,2.0,1.0,4,1.0,1.0,65,True,False,False,True,False,True,False,True,True,False,False,False,True
2491,23,89,2.0,2.0,6,87,1.0,4,1.0,2.0,3,1.0,0.0,74,True,False,True,False,True,False,False,True,True,False,False,True,False
2492,14,84,1.0,1.0,7,81,1.0,0,2.0,1.0,2,1.0,0.0,66,True,False,False,True,True,False,False,True,True,False,False,True,False
2493,23,73,1.0,1.0,6,63,1.0,1,2.0,1.0,3,0.0,0.0,67,False,True,False,True,True,False,False,True,True,False,False,False,True
2494,17,90,2.0,2.0,8,65,1.0,2,0.0,2.0,3,2.0,1.0,71,False,True,False,True,True,False,False,True,True,False,False,False,True
2495,18,69,0.0,2.0,4,62,2.0,1,1.0,0.0,3,0.0,1.0,63,False,True,False,True,False,True,False,True,True,False,False,True,False
2496,26,93,0.0,2.0,6,87,1.0,1,1.0,2.0,3,1.0,0.0,73,True,False,False,True,True,False,False,True,True,False,False,False,True
2497,26,77,2.0,1.0,5,90,1.0,1,1.0,1.0,2,0.0,2.0,68,True,False,True,False,False,True,False,True,True,False,False,True,False
2498,13,83,0.0,1.0,7,81,1.0,4,0.0,1.0,5,1.0,0.0,66,True,False,False,True,False,True,False,True,True,False,True,False,False
2499,20,95,0.0,1.0,4,89,1.0,3,0.0,1.0,3,0.0,0.0,68,False,True,False,True,True,False,False,True,False,True,True,False,False
2500,16,95,1.0,0.0,8,68,0.0,2,1.0,2.0,4,0.0,0.0,66,True,False,False,True,True,False,True,False,True,False,False,True,False
2501,12,75,1.0,2.0,8,54,0.0,1,1.0,2.0,3,0.0,0.0,62,True,False,False,True,True,False,False,True,True,False,True,False,False
2502,18,91,1.0,1.0,7,63,1.0,1,1.0,1.0,4,1.0,0.0,68,False,True,False,True,True,False,False,True,True,False,True,False,False
2503,23,68,2.0,0.0,8,68,1.0,1,1.0,1.0,2,1.0,0.0,65,False,True,False,True,False,True,False,True,True,False,False,True,False
2504,12,96,2.0,2.0,5,84,0.0,3,2.0,1.0,4,2.0,0.0,73,True,False,False,True,False,True,False,True,True,False,False,False,True
2505,17,68,1.0,0.0,5,78,1.0,4,0.0,0.0,2,1.0,0.0,64,False,True,False,True,False,True,False,True,True,False,False,False,True
2506,26,61,0.0,2.0,9,91,1.0,0,2.0,2.0,4,1.0,0.0,67,True,False,True,False,False,True,True,False,True,False,False,False,True
2507,33,61,2.0,1.0,6,92,1.0,1,1.0,1.0,4,0.0,0.0,69,True,False,False,True,True,False,False,True,True,False,False,False,True
2508,10,85,0.0,0.0,6,53,2.0,1,0.0,1.0,3,0.0,1.0,60,False,True,True,False,False,True,False,True,False,True,False,True,False
2509,9,86,2.0,1.0,8,65,2.0,0,1.0,1.0,3,1.0,0.0,66,True,False,False,True,True,False,False,True,True,False,False,False,True
2510,31,72,0.0,2.0,5,94,2.0,2,0.0,0.0,2,0.0,0.0,70,False,True,False,True,False,True,False,True,True,False,False,False,True
2511,22,73,2.0,1.0,7,70,0.0,2,0.0,1.0,3,1.0,0.0,66,False,True,False,True,False,True,True,False,True,False,False,False,True
2512,15,74,2.0,1.0,8,76,1.0,1,1.0,0.0,4,0.0,2.0,64,False,True,False,True,False,True,False,True,True,False,False,True,False
2513,23,87,1.0,2.0,5,59,1.0,1,2.0,0.0,4,1.0,0.0,70,False,True,False,True,True,False,False,True,True,False,False,True,False
2514,20,97,1.0,2.0,5,63,1.0,0,0.0,1.0,3,1.0,2.0,69,True,False,False,True,False,True,False,True,True,False,True,False,False
2515,22,69,1.0,1.0,6,91,0.0,0,2.0,2.0,1,0.0,1.0,64,False,True,True,False,False,True,False,True,False,True,False,True,False
2516,26,100,0.0,1.0,9,60,1.0,2,1.0,1.0,4,0.0,0.0,72,False,True,False,True,True,False,False,True,True,False,False,False,True
2517,14,67,1.0,1.0,9,68,0.0,1,0.0,1.0,3,0.0,0.0,60,False,True,False,True,False,True,False,True,False,True,False,True,False
2518,21,91,1.0,1.0,7,55,2.0,2,2.0,1.0,3,0.0,0.0,70,True,False,True,False,False,True,False,True,True,False,False,True,False
2519,14,69,1.0,0.0,8,79,1.0,1,2.0,1.0,1,2.0,1.0,62,True,False,False,True,False,True,False,True,True,False,True,False,False
2520,22,63,1.0,1.0,8,97,1.0,1,2.0,2.0,3,0.0,1.0,66,True,False,False,True,False,True,False,True,True,False,False,True,False
2521,15,95,1.0,1.0,6,59,0.0,0,1.0,1.0,5,0.0,2.0,66,True,False,True,False,False,True,False,True,True,False,False,False,True
2522,18,94,0.0,1.0,7,51,1.0,1,0.0,1.0,3,1.0,1.0,65,False,True,False,True,False,True,False,True,False,True,False,True,False
2523,14,76,2.0,1.0,5,71,1.0,1,0.0,1.0,3,0.0,0.0,64,False,True,False,True,False,True,False,True,True,False,True,False,False
2524,24,88,2.0,1.0,6,87,1.0,1,2.0,0.0,3,0.0,0.0,72,True,False,True,False,False,True,False,True,True,False,False,False,True
2525,25,82,1.0,1.0,7,99,2.0,3,0.0,2.0,2,0.0,0.0,71,True,False,False,True,False,True,False,True,True,False,False,True,False
2526,19,94,0.0,2.0,5,53,1.0,1,1.0,1.0,3,0.0,0.0,68,True,False,False,True,True,False,False,True,True,False,False,True,False
2527,20,73,2.0,1.0,5,89,1.0,2,1.0,2.0,5,0.0,1.0,68,True,False,False,True,False,True,False,True,False,True,False,False,True
2528,11,81,0.0,1.0,6,68,2.0,2,2.0,1.0,3,2.0,2.0,64,True,False,True,False,False,True,False,True,True,False,True,False,False
2529,18,79,0.0,1.0,9,58,1.0,3,1.0,2.0,3,0.0,0.0,65,True,False,False,True,False,True,False,True,True,False,True,False,False
2530,20,74,1.0,2.0,9,60,1.0,1,0.0,1.0,3,0.0,1.0,64,True,False,False,True,False,True,True,False,True,False,False,False,True
2531,36,96,1.0,0.0,7,96,1.0,1,0.0,2.0,3,1.0,1.0,75,True,False,False,True,True,False,False,True,True,False,False,False,True
2532,13,67,0.0,1.0,8,90,1.0,2,0.0,1.0,2,0.0,0.0,61,False,True,True,False,False,True,False,True,True,False,True,False,False
2533,29,66,2.0,2.0,6,66,1.0,0,1.0,1.0,3,2.0,0.0,68,False,True,True,False,True,False,False,True,True,False,True,False,False
2534,26,83,1.0,1.0,4,97,0.0,2,0.0,2.0,4,1.0,1.0,70,False,True,False,True,True,False,False,True,True,False,True,False,False
2535,22,86,2.0,1.0,6,55,1.0,5,2.0,0.0,3,2.0,0.0,71,True,False,True,False,True,False,False,True,True,False,True,False,False
2536,31,68,0.0,2.0,7,66,0.0,0,0.0,1.0,3,0.0,0.0,66,False,True,False,True,False,True,False,True,True,False,False,False,True
2537,22,76,2.0,0.0,7,83,0.0,0,0.0,1.0,1,1.0,0.0,66,False,True,False,True,False,True,False,True,True,False,False,False,True
2538,22,98,1.0,1.0,7,100,0.0,0,0.0,1.0,3,0.0,2.0,70,False,True,False,True,False,True,False,True,True,False,False,True,False
2539,20,70,0.0,1.0,7,73,1.0,0,0.0,1.0,5,0.0,0.0,62,True,False,False,True,True,False,False,True,True,False,True,False,False
2540,27,87,2.0,0.0,6,91,0.0,4,2.0,1.0,4,0.0,1.0,72,False,True,False,True,False,True,False,True,True,False,False,True,False
2541,27,90,2.0,1.0,8,96,2.0,0,1.0,1.0,4,0.0,1.0,72,False,True,False,True,True,False,False,True,True,False,True,False,False
2542,16,78,0.0,1.0,5,50,1.0,2,0.0,1.0,2,1.0,1.0,63,False,True,True,False,False,True,False,True,True,False,False,False,True
2543,12,98,2.0,0.0,8,64,1.0,5,0.0,1.0,5,1.0,0.0,69,True,False,False,True,False,True,True,False,True,False,False,True,False
2544,19,89,1.0,1.0,6,55,1.0,0,1.0,2.0,2,2.0,1.0,68,False,True,False,True,False,True,False,True,True,False,False,False,True
2545,15,78,2.0,2.0,10,89,0.0,0,1.0,1.0,3,0.0,0.0,67,False,True,False,True,False,True,False,True,True,False,False,True,False
2546,20,83,2.0,2.0,7,78,2.0,3,0.0,1.0,2,1.0,0.0,71,True,False,True,False,False,True,False,True,True,False,False,True,False
2547,27,88,0.0,1.0,6,55,0.0,2,0.0,1.0,5,0.0,2.0,67,False,True,False,True,False,True,True,False,True,False,False,False,True
2548,17,84,0.0,0.0,6,71,0.0,0,1.0,1.0,4,0.0,0.0,62,False,True,True,False,False,True,False,True,False,True,True,False,False
2549,20,95,1.0,1.0,6,76,1.0,0,0.0,2.0,4,0.0,1.0,69,True,False,True,False,True,False,False,True,True,False,False,False,True
2550,20,74,2.0,1.0,8,85,1.0,2,0.0,1.0,0,0.0,0.0,67,False,True,False,True,False,True,False,True,True,False,False,False,True
2551,25,72,1.0,2.0,7,89,1.0,2,0.0,2.0,3,2.0,0.0,71,True,False,False,True,False,True,False,True,True,False,False,False,True
2552,16,62,0.0,1.0,8,74,1.0,2,2.0,2.0,3,0.0,1.0,62,False,True,True,False,True,False,False,True,True,False,False,True,False
2553,21,62,2.0,0.0,7,58,1.0,2,0.0,2.0,1,1.0,0.0,64,True,False,False,True,False,True,False,True,True,False,False,False,True
2554,27,95,1.0,2.0,8,88,2.0,3,1.0,1.0,2,0.0,2.0,74,True,False,True,False,True,False,False,True,True,False,False,False,True
2555,17,87,2.0,2.0,9,83,1.0,0,0.0,2.0,2,1.0,1.0,69,False,True,False,True,False,True,False,True,True,False,False,True,False
2556,9,86,2.0,1.0,8,86,1.0,1,0.0,2.0,1,0.0,0.0,65,False,True,False,True,True,False,False,True,True,False,False,True,False
2557,24,85,0.0,1.0,7,54,1.0,2,1.0,0.0,3,1.0,1.0,66,True,False,False,True,False,True,True,False,True,False,False,True,False
2558,16,94,1.0,1.0,8,76,0.0,3,1.0,1.0,4,2.0,0.0,70,True,False,False,True,False,True,False,True,True,False,True,False,False
2559,13,79,2.0,2.0,5,92,1.0,3,1.0,1.0,3,0.0,0.0,68,False,True,False,True,True,False,False,True,True,False,False,True,False
2560,16,95,0.0,0.0,10,86,1.0,4,2.0,1.0,2,1.0,0.0,70,True,False,False,True,True,False,False,True,True,False,False,False,True
2561,19,74,2.0,2.0,8,93,2.0,1,1.0,1.0,3,0.0,0.0,68,False,True,False,True,True,False,False,True,True,False,True,False,False
2562,16,97,2.0,0.0,8,60,1.0,0,0.0,2.0,3,0.0,0.0,69,False,True,False,True,False,True,False,True,True,False,False,False,True
2563,7,88,1.0,2.0,7,64,0.0,2,1.0,2.0,4,2.0,1.0,66,False,True,False,True,False,True,False,True,True,False,False,True,False
2564,25,70,1.0,1.0,4,72,1.0,0,0.0,0.0,4,1.0,1.0,65,False,True,False,True,False,True,False,True,True,False,False,True,False
2565,28,83,1.0,1.0,7,76,1.0,1,1.0,1.0,3,1.0,0.0,71,False,True,False,True,False,True,False,True,True,False,False,False,True
2566,24,81,1.0,0.0,7,63,1.0,1,0.0,1.0,3,0.0,1.0,66,False,True,False,True,False,True,False,True,True,False,False,False,True
2567,13,66,0.0,1.0,6,69,0.0,2,0.0,1.0,4,0.0,0.0,61,False,True,True,False,False,True,False,True,True,False,False,False,True
2568,19,84,1.0,1.0,6,84,1.0,3,1.0,2.0,2,2.0,1.0,69,False,True,False,True,False,True,False,True,True,False,False,True,False
2569,20,73,1.0,1.0,6,82,0.0,1,1.0,2.0,3,1.0,0.0,65,False,True,True,False,True,False,False,True,True,False,True,False,False
2570,24,62,1.0,1.0,8,56,1.0,0,1.0,1.0,2,1.0,1.0,63,False,True,True,False,False,True,False,True,True,False,False,False,True
2571,24,98,1.0,0.0,9,99,2.0,2,0.0,2.0,2,2.0,2.0,73,True,False,False,True,False,True,False,True,True,False,False,True,False
2572,16,86,2.0,1.0,7,78,0.0,1,0.0,1.0,4,2.0,1.0,68,False,True,True,False,False,True,False,True,True,False,False,False,True
2573,20,95,1.0,1.0,6,74,1.0,1,2.0,0.0,4,0.0,2.0,70,True,False,False,True,False,True,False,True,True,False,False,False,True
2574,23,87,1.0,1.0,6,98,1.0,3,1.0,1.0,3,1.0,0.0,72,False,True,False,True,False,True,False,True,True,False,False,True,False
2575,29,74,2.0,1.0,7,57,1.0,3,1.0,1.0,2,0.0,1.0,68,False,True,True,False,False,True,True,False,True,False,False,False,True
2576,24,81,1.0,1.0,7,77,1.0,0,2.0,1.0,3,0.0,0.0,68,False,True,True,False,True,False,False,True,True,False,False,False,True
2577,25,87,2.0,1.0,8,90,1.0,1,0.0,1.0,4,0.0,0.0,71,True,False,False,True,False,True,False,True,True,False,True,False,False
2578,21,98,0.0,0.0,6,70,1.0,1,1.0,1.0,3,0.0,1.0,68,False,True,False,True,False,True,False,True,True,False,False,False,True
2579,28,70,2.0,0.0,8,87,2.0,3,0.0,1.0,3,2.0,1.0,70,False,True,False,True,False,True,False,True,True,False,False,True,False
2580,22,95,1.0,0.0,8,95,1.0,2,0.0,2.0,4,0.0,0.0,70,True,False,True,False,False,True,True,False,True,False,False,True,False
2581,15,97,2.0,1.0,6,63,0.0,2,1.0,1.0,3,0.0,0.0,69,True,False,False,True,False,True,False,True,True,False,False,True,False
2582,28,87,2.0,1.0,4,62,2.0,2,0.0,2.0,4,0.0,0.0,73,True,False,False,True,False,True,False,True,True,False,False,False,True
2583,24,97,1.0,1.0,6,68,0.0,1,1.0,2.0,4,1.0,0.0,72,False,True,False,True,False,True,False,True,True,False,False,True,False
2584,17,76,1.0,2.0,9,71,1.0,0,1.0,2.0,3,2.0,0.0,67,False,True,False,True,True,False,False,True,True,False,False,True,False
2585,17,98,2.0,1.0,4,56,1.0,2,0.0,0.0,3,0.0,0.0,69,True,False,True,False,True,False,False,True,True,False,False,False,True
2586,22,88,0.0,1.0,9,62,1.0,1,2.0,1.0,3,1.0,0.0,68,False,True,True,False,False,True,False,True,True,False,True,False,False
2587,23,62,2.0,0.0,4,94,1.0,0,1.0,0.0,3,2.0,2.0,64,True,False,True,False,True,False,False,True,True,False,False,False,True
2588,21,96,0.0,2.0,6,78,0.0,2,1.0,2.0,3,0.0,1.0,71,True,False,True,False,False,True,False,True,True,False,False,True,False
2589,22,79,2.0,1.0,6,63,1.0,1,1.0,2.0,4,0.0,0.0,68,True,False,False,True,False,True,False,True,True,False,False,True,False
2590,30,78,1.0,2.0,10,97,1.0,1,0.0,0.0,2,0.0,2.0,70,False,True,True,False,False,True,False,True,True,False,False,False,True
2591,26,83,1.0,2.0,7,89,1.0,3,0.0,1.0,3,0.0,1.0,72,False,True,True,False,False,True,False,True,True,False,False,False,True
2592,21,66,0.0,2.0,7,68,2.0,2,0.0,1.0,1,0.0,0.0,65,True,False,False,True,False,True,False,True,True,False,False,False,True
2593,26,79,1.0,2.0,6,88,1.0,1,0.0,2.0,3,1.0,0.0,70,False,True,False,True,True,False,False,True,False,True,False,False,True
2594,14,93,1.0,1.0,8,80,0.0,2,0.0,1.0,4,2.0,0.0,69,False,True,True,False,True,False,False,True,True,False,False,False,True
2595,22,61,1.0,1.0,6,84,0.0,0,1.0,1.0,2,2.0,0.0,64,False,True,False,True,True,False,False,True,True,False,False,False,True
2596,31,71,0.0,2.0,7,66,1.0,3,0.0,1.0,1,0.0,0.0,67,False,True,True,False,False,True,False,True,True,False,True,False,False
2597,19,60,2.0,2.0,6,60,2.0,1,0.0,1.0,2,1.0,0.0,65,False,True,False,True,False,True,False,True,True,False,False,False,True
2598,15,77,0.0,1.0,8,63,1.0,0,1.0,1.0,1,0.0,0.0,62,True,False,False,True,False,True,False,True,True,False,False,True,False
2599,16,89,2.0,1.0,8,54,1.0,2,0.0,2.0,2,1.0,1.0,68,False,True,True,False,True,False,False,True,True,False,False,False,True
2600,13,92,1.0,2.0,6,74,2.0,2,0.0,1.0,2,1.0,0.0,68,False,True,True,False,True,False,False,True,True,False,False,True,False
2601,15,98,1.0,1.0,6,70,0.0,1,1.0,2.0,3,0.0,1.0,68,False,True,True,False,True,False,False,True,True,False,False,False,True
2602,18,84,1.0,0.0,6,50,1.0,4,2.0,2.0,3,2.0,0.0,68,False,True,True,False,False,True,False,True,True,False,True,False,False
2603,12,70,1.0,1.0,7,93,1.0,1,0.0,2.0,4,0.0,2.0,62,True,False,False,True,False,True,False,True,True,False,False,True,False
2604,20,97,1.0,0.0,8,84,0.0,4,1.0,1.0,5,0.0,0.0,72,True,False,False,True,False,True,False,True,True,False,False,False,True
2605,25,91,0.0,1.0,7,72,1.0,1,1.0,2.0,3,1.0,2.0,69,False,True,True,False,True,False,False,True,True,False,False,True,False
2606,15,83,1.0,2.0,4,98,0.0,3,0.0,2.0,3,0.0,1.0,68,True,False,False,True,True,False,False,True,True,False,False,False,True
2607,29,88,0.0,1.0,8,97,1.0,4,0.0,2.0,3,1.0,1.0,71,False,True,False,True,False,True,False,True,False,True,True,False,False
2608,23,97,0.0,2.0,5,55,1.0,0,1.0,0.0,3,0.0,1.0,69,True,False,False,True,False,True,False,True,True,False,False,True,False
2609,26,88,0.0,2.0,6,81,1.0,1,2.0,1.0,2,0.0,0.0,71,False,True,False,True,True,False,False,True,True,False,False,False,True
2610,16,75,1.0,2.0,7,91,0.0,2,0.0,0.0,5,0.0,2.0,65,False,True,False,True,False,True,False,True,True,False,False,False,True
2611,25,89,1.0,2.0,7,59,1.0,1,0.0,1.0,4,0.0,0.0,68,False,True,False,True,True,False,False,True,False,True,False,True,False
2612,13,62,1.0,1.0,8,56,0.0,1,0.0,2.0,4,0.0,0.0,60,True,False,False,True,False,True,False,True,False,True,False,False,True
2613,25,75,1.0,1.0,6,63,0.0,3,2.0,1.0,4,0.0,0.0,68,False,True,True,False,False,True,False,True,True,False,False,True,False
2614,21,76,0.0,2.0,6,64,1.0,1,1.0,1.0,4,0.0,0.0,66,True,False,False,True,True,False,False,True,True,False,False,True,False
2615,23,67,1.0,1.0,7,98,0.0,4,0.0,1.0,3,0.0,1.0,66,False,True,True,False,True,False,False,True,True,False,False,True,False
2616,13,61,1.0,1.0,8,89,0.0,4,0.0,1.0,4,0.0,2.0,62,True,False,True,False,False,True,False,True,True,False,False,True,False
2617,15,65,1.0,1.0,8,53,1.0,2,0.0,1.0,3,1.0,0.0,61,False,True,False,True,True,False,False,True,True,False,True,False,False
2618,24,86,2.0,1.0,7,89,0.0,2,0.0,1.0,3,2.0,2.0,69,True,False,False,True,True,False,False,True,True,False,True,False,False
2619,14,92,1.0,2.0,9,58,2.0,1,2.0,0.0,2,0.0,0.0,69,False,True,False,True,False,True,False,True,True,False,False,False,True
2620,23,100,1.0,1.0,9,68,1.0,4,2.0,2.0,3,2.0,0.0,74,False,True,True,False,False,True,False,True,True,False,True,False,False
2621,12,74,1.0,2.0,8,66,0.0,1,0.0,1.0,4,0.0,0.0,62,True,False,False,True,False,True,False,True,True,False,True,False,False
2622,25,84,1.0,1.0,5,64,1.0,0,0.0,1.0,3,1.0,1.0,67,True,False,False,True,False,True,False,True,True,False,True,False,False
2623,13,97,2.0,1.0,8,65,2.0,1,0.0,1.0,2,0.0,0.0,69,True,False,True,False,True,False,False,True,True,False,False,False,True
2624,23,67,2.0,0.0,7,88,1.0,1,0.0,1.0,4,0.0,0.0,66,False,True,True,False,False,True,False,True,True,False,False,False,True
2625,24,89,1.0,2.0,6,63,1.0,2,2.0,1.0,3,1.0,0.0,72,False,True,True,False,False,True,False,True,True,False,False,False,True
2626,16,90,2.0,0.0,6,90,1.0,2,2.0,1.0,3,0.0,0.0,69,False,True,False,True,True,False,False,True,True,False,False,True,False
2627,23,64,1.0,2.0,7,55,1.0,0,1.0,1.0,4,0.0,1.0,65,False,True,False,True,False,True,False,True,True,False,False,False,True
2628,22,94,1.0,2.0,6,80,0.0,0,2.0,1.0,2,2.0,0.0,72,False,True,True,False,True,False,False,True,True,False,False,False,True
2629,17,93,0.0,1.0,7,93,0.0,2,1.0,1.0,4,0.0,0.0,69,False,True,True,False,False,True,False,True,True,False,False,False,True
2630,14,61,1.0,2.0,7,54,1.0,3,0.0,1.0,2,0.0,0.0,60,True,False,False,True,True,False,False,True,False,True,False,False,True
2631,8,64,2.0,1.0,7,82,2.0,0,2.0,1.0,1,2.0,0.0,61,True,False,False,True,True,False,False,True,False,True,False,True,False
2632,22,62,2.0,0.0,8,76,1.0,1,1.0,0.0,3,0.0,0.0,63,False,True,False,True,True,False,False,True,True,False,False,True,False
2633,11,73,1.0,1.0,7,67,1.0,3,1.0,2.0,5,2.0,0.0,63,False,True,True,False,True,False,True,False,False,True,False,False,True
2634,21,80,1.0,1.0,6,55,2.0,1,2.0,2.0,3,2.0,1.0,68,False,True,False,True,False,True,False,True,True,False,True,False,False
2635,18,81,1.0,1.0,4,84,0.0,1,1.0,1.0,4,1.0,0.0,68,True,False,True,False,False,True,False,True,True,False,False,False,True
2636,24,71,2.0,1.0,8,65,1.0,1,0.0,1.0,2,0.0,0.0,65,False,True,True,False,True,False,False,True,True,False,True,False,False
2637,18,96,1.0,2.0,7,67,1.0,1,2.0,1.0,2,0.0,0.0,71,True,False,False,True,True,False,False,True,True,False,False,False,True
2638,18,75,1.0,1.0,7,86,0.0,1,0.0,1.0,3,0.0,0.0,64,False,True,True,False,False,True,False,True,True,False,True,False,False
2639,24,62,1.0,1.0,9,97,1.0,1,1.0,1.0,2,2.0,0.0,65,False,True,True,False,True,False,False,True,True,False,True,False,False
2640,22,72,2.0,1.0,5,67,0.0,2,1.0,1.0,4,1.0,0.0,67,True,False,False,True,False,True,False,True,True,False,False,True,False
2641,22,81,2.0,1.0,7,87,0.0,0,0.0,1.0,2,0.0,0.0,67,True,False,False,True,True,False,False,True,True,False,False,True,False
2642,23,76,0.0,1.0,6,98,1.0,1,0.0,2.0,3,1.0,1.0,67,False,True,False,True,False,True,False,True,True,False,False,True,False
2643,25,65,2.0,2.0,4,76,2.0,1,2.0,1.0,1,0.0,1.0,67,True,False,True,False,False,True,False,True,True,False,False,True,False
2644,24,93,2.0,1.0,8,51,2.0,4,1.0,1.0,2,0.0,0.0,72,False,True,True,False,False,True,False,True,False,True,False,False,True
2645,14,100,1.0,0.0,8,91,2.0,0,0.0,2.0,3,0.0,0.0,69,True,False,False,True,False,True,False,True,True,False,False,True,False
2646,19,73,1.0,1.0,6,64,0.0,1,2.0,1.0,3,1.0,1.0,65,True,False,False,True,False,True,False,True,True,False,False,False,True
2647,20,75,2.0,1.0,7,67,0.0,1,0.0,1.0,4,0.0,0.0,66,True,False,True,False,False,True,False,True,True,False,False,False,True
2648,19,85,2.0,2.0,6,84,0.0,3,1.0,1.0,3,2.0,0.0,70,False,True,True,False,True,False,False,True,True,False,True,False,False
2649,22,89,2.0,2.0,8,89,1.0,0,1.0,1.0,3,0.0,1.0,71,False,True,True,False,False,True,False,True,True,False,False,True,False
2650,29,76,1.0,2.0,8,70,0.0,1,0.0,0.0,4,1.0,1.0,67,True,False,False,True,False,True,True,False,True,False,False,True,False
2651,26,96,2.0,1.0,5,83,1.0,0,1.0,2.0,2,0.0,2.0,72,False,True,False,True,True,False,False,True,True,False,False,False,True
2652,12,82,0.0,1.0,5,98,1.0,0,0.0,2.0,1,0.0,1.0,63,False,True,False,True,True,False,False,True,True,False,False,True,False
2653,24,78,2.0,0.0,9,94,0.0,0,0.0,2.0,4,0.0,1.0,67,True,False,False,True,False,True,False,True,True,False,False,True,False
2654,28,86,0.0,1.0,10,85,1.0,6,0.0,2.0,2,0.0,0.0,72,False,True,False,True,True,False,False,True,True,False,False,True,False
2655,22,98,1.0,1.0,8,97,0.0,1,2.0,1.0,1,2.0,0.0,72,True,False,True,False,True,False,False,True,False,True,False,False,True
2656,27,92,1.0,1.0,8,94,1.0,1,0.0,1.0,4,1.0,0.0,70,True,False,True,False,True,False,True,False,True,False,True,False,False
2657,32,62,2.0,1.0,7,86,0.0,0,0.0,1.0,2,0.0,0.0,67,True,False,False,True,True,False,False,True,True,False,False,False,True
2658,26,73,1.0,1.0,7,96,2.0,0,1.0,2.0,3,0.0,0.0,68,True,False,True,False,True,False,False,True,True,False,False,True,False
2659,21,79,0.0,1.0,8,91,2.0,1,0.0,1.0,3,0.0,1.0,67,False,True,False,True,False,True,False,True,True,False,False,False,True
2660,26,73,2.0,2.0,7,75,0.0,3,0.0,1.0,5,1.0,0.0,70,False,True,False,True,True,False,False,True,True,False,False,False,True
2661,21,88,1.0,0.0,9,75,2.0,1,1.0,2.0,2,2.0,1.0,67,True,False,True,False,True,False,True,False,True,False,False,True,False
2662,20,93,1.0,1.0,7,50,1.0,1,2.0,2.0,4,1.0,0.0,71,False,True,False,True,False,True,False,True,True,False,False,False,True
2663,18,89,2.0,0.0,7,52,1.0,1,2.0,2.0,3,2.0,0.0,69,True,False,False,True,False,True,False,True,True,False,False,False,True
2664,29,100,1.0,1.0,7,87,1.0,3,0.0,1.0,5,1.0,0.0,74,True,False,False,True,False,True,True,False,True,False,True,False,False
2665,15,71,2.0,0.0,7,78,1.0,0,1.0,1.0,3,0.0,0.0,63,False,True,True,False,True,False,False,True,True,False,False,False,True
2666,29,95,1.0,0.0,9,88,1.0,0,1.0,2.0,2,0.0,0.0,72,True,False,False,True,False,True,False,True,True,False,False,True,False
2667,23,91,2.0,0.0,7,97,0.0,2,0.0,1.0,3,1.0,1.0,71,False,True,False,True,False,True,False,True,True,False,False,True,False
2668,12,74,2.0,1.0,7,73,1.0,1,0.0,1.0,5,0.0,0.0,64,False,True,False,True,True,False,False,True,True,False,False,True,False
2669,22,89,1.0,1.0,7,54,1.0,1,2.0,1.0,3,0.0,0.0,69,True,False,False,True,False,True,False,True,True,False,False,False,True
2670,7,64,2.0,2.0,6,81,1.0,2,0.0,0.0,3,2.0,1.0,62,True,False,True,False,True,False,False,True,True,False,False,False,True
2671,24,92,1.0,1.0,5,55,1.0,1,1.0,1.0,4,1.0,0.0,69,False,True,False,True,False,True,True,False,True,False,False,True,False
2672,25,81,2.0,0.0,9,81,0.0,2,0.0,1.0,3,0.0,0.0,68,False,True,False,True,False,True,False,True,True,False,False,True,False
2673,16,72,2.0,1.0,9,76,2.0,6,0.0,0.0,3,0.0,0.0,67,False,True,False,True,False,True,False,True,True,False,True,False,False
2674,21,86,1.0,1.0,9,86,2.0,2,1.0,1.0,3,2.0,0.0,71,False,True,False,True,False,True,False,True,True,False,False,True,False
2675,32,86,1.0,1.0,5,68,0.0,1,1.0,1.0,4,0.0,1.0,70,False,True,False,True,False,True,False,True,True,False,True,False,False
2676,17,68,2.0,1.0,9,57,1.0,2,1.0,0.0,3,0.0,1.0,63,False,True,False,True,True,False,False,True,True,False,False,True,False
2677,14,61,0.0,2.0,10,62,1.0,0,2.0,1.0,4,1.0,1.0,60,True,False,False,True,True,False,False,True,True,False,True,False,False
2678,29,77,1.0,1.0,9,84,1.0,0,0.0,2.0,3,1.0,0.0,69,True,False,False,True,True,False,False,True,True,False,False,True,False
2679,32,83,1.0,1.0,9,74,1.0,3,0.0,1.0,3,1.0,1.0,71,False,True,False,True,False,True,False,True,True,False,False,True,False
2680,20,95,0.0,0.0,8,77,1.0,1,2.0,2.0,2,0.0,0.0,69,False,True,False,True,False,True,False,True,True,False,False,False,True
2681,26,97,2.0,0.0,6,66,1.0,2,1.0,1.0,1,1.0,0.0,73,True,False,False,True,False,True,False,True,True,False,False,False,True
2682,28,81,1.0,2.0,8,92,1.0,1,2.0,1.0,3,1.0,0.0,73,True,False,False,True,False,True,False,True,True,False,False,False,True
2683,16,90,1.0,1.0,5,100,1.0,1,0.0,1.0,3,0.0,1.0,68,True,False,False,True,True,False,False,True,True,False,False,False,True
2684,17,78,2.0,1.0,6,66,1.0,2,0.0,1.0,4,1.0,1.0,67,False,True,False,True,False,True,False,True,True,False,False,False,True
2685,27,90,1.0,2.0,7,86,2.0,2,1.0,1.0,3,1.0,1.0,74,False,True,False,True,True,False,False,True,True,False,False,False,True
2686,30,68,1.0,2.0,7,59,1.0,3,0.0,1.0,3,1.0,1.0,68,False,True,False,True,True,False,False,True,True,False,False,False,True
2687,23,75,2.0,1.0,8,87,0.0,1,1.0,2.0,2,1.0,0.0,69,True,False,False,True,True,False,False,True,True,False,False,False,True
2688,15,85,2.0,1.0,4,72,1.0,4,0.0,2.0,4,1.0,0.0,69,False,True,True,False,True,False,False,True,True,False,False,True,False
2689,32,61,2.0,2.0,7,80,1.0,0,0.0,1.0,4,1.0,1.0,68,True,False,False,True,False,True,False,True,False,True,False,False,True
2690,17,89,0.0,2.0,8,62,1.0,1,0.0,2.0,1,0.0,1.0,66,False,True,False,True,True,False,False,True,True,False,False,False,True
2691,18,93,0.0,0.0,8,93,1.0,3,0.0,2.0,3,2.0,1.0,69,False,True,False,True,False,True,False,True,True,False,True,False,False
2692,22,76,1.0,1.0,8,59,1.0,1,0.0,1.0,2,1.0,0.0,66,True,False,False,True,False,True,False,True,True,False,False,False,True
2693,29,78,0.0,1.0,7,96,2.0,5,0.0,1.0,4,1.0,1.0,72,False,True,False,True,False,True,False,True,True,False,False,False,True
2694,25,94,1.0,0.0,6,53,0.0,1,1.0,1.0,3,0.0,0.0,69,True,False,False,True,False,True,False,True,True,False,True,False,False
2695,22,91,1.0,1.0,8,64,1.0,1,0.0,2.0,3,0.0,1.0,68,False,True,False,True,False,True,False,True,False,True,False,False,True
2696,23,72,1.0,1.0,7,78,1.0,1,0.0,1.0,3,0.0,0.0,66,False,True,True,False,False,True,False,True,True,False,False,True,False
2697,20,73,1.0,0.0,8,93,2.0,1,0.0,2.0,4,0.0,2.0,65,False,True,False,True,False,True,False,True,True,False,True,False,False
2698,23,87,1.0,1.0,8,79,2.0,2,0.0,2.0,2,2.0,0.0,71,False,True,False,True,True,False,False,True,True,False,False,True,False
2699,5,83,1.0,1.0,7,61,1.0,2,0.0,1.0,4,0.0,1.0,61,False,True,False,True,False,True,False,True,True,False,True,False,False
2700,18,66,0.0,1.0,6,93,1.0,1,0.0,1.0,3,1.0,0.0,63,True,False,False,True,False,True,False,True,False,True,False,True,False
2701,21,72,1.0,2.0,9,80,0.0,1,1.0,1.0,3,0.0,0.0,66,True,False,False,True,False,True,False,True,True,False,False,True,False
2702,13,96,1.0,2.0,8,62,1.0,0,2.0,1.0,2,2.0,0.0,69,False,True,True,False,True,False,False,True,True,False,False,True,False
2703,22,88,2.0,2.0,10,78,1.0,0,1.0,2.0,2,0.0,1.0,71,False,True,True,False,False,True,False,True,True,False,False,False,True
2704,19,99,2.0,1.0,8,84,2.0,0,2.0,1.0,4,0.0,0.0,73,True,False,False,True,False,True,False,True,True,False,False,False,True
2705,31,91,2.0,1.0,8,84,0.0,2,0.0,1.0,2,0.0,0.0,72,False,True,False,True,False,True,False,True,True,False,True,False,False
2706,29,98,1.0,2.0,5,86,0.0,2,1.0,1.0,4,0.0,2.0,73,False,True,True,False,True,False,False,True,True,False,True,False,False
2707,17,69,0.0,2.0,7,95,1.0,1,0.0,2.0,2,0.0,1.0,65,False,True,True,False,False,True,False,True,True,False,False,False,True
2708,19,91,0.0,2.0,7,91,1.0,1,2.0,2.0,3,0.0,0.0,71,True,False,False,True,False,True,False,True,True,False,False,True,False
2709,20,61,2.0,1.0,8,80,1.0,1,0.0,2.0,3,0.0,0.0,65,False,True,False,True,False,True,False,True,True,False,False,False,True
2710,17,87,1.0,1.0,8,52,0.0,1,1.0,1.0,5,1.0,0.0,67,False,True,False,True,True,False,False,True,True,False,False,False,True
2711,21,79,1.0,2.0,8,87,1.0,1,0.0,2.0,2,2.0,1.0,69,False,True,False,True,False,True,False,True,True,False,False,True,False
2712,15,74,0.0,2.0,10,99,0.0,0,0.0,1.0,3,1.0,1.0,63,False,True,True,False,True,False,True,False,True,False,False,True,False
2713,13,94,0.0,2.0,6,65,2.0,2,1.0,1.0,2,2.0,1.0,68,False,True,False,True,False,True,False,True,True,False,False,True,False
2714,24,94,2.0,0.0,8,80,2.0,1,0.0,1.0,4,0.0,0.0,70,True,False,False,True,False,True,True,False,True,False,False,True,False
2715,24,61,1.0,1.0,8,88,0.0,1,0.0,1.0,4,0.0,1.0,64,True,False,True,False,False,True,False,True,True,False,False,False,True
2716,15,84,1.0,1.0,10,82,1.0,1,2.0,0.0,2,0.0,0.0,64,False,True,True,False,True,False,False,True,False,True,True,False,False
2717,25,75,0.0,2.0,8,96,2.0,1,0.0,1.0,0,1.0,0.0,68,False,True,True,False,False,True,False,True,True,False,False,True,False
2718,16,77,1.0,2.0,8,74,1.0,0,2.0,0.0,2,1.0,1.0,65,True,False,True,False,False,True,False,True,True,False,False,True,False
2719,22,93,2.0,1.0,8,77,1.0,0,2.0,1.0,1,0.0,0.0,70,True,False,False,True,True,False,False,True,True,False,False,True,False
2720,25,72,1.0,1.0,8,52,0.0,0,1.0,1.0,2,2.0,0.0,66,False,True,True,False,False,True,False,True,True,False,False,False,True
2721,20,98,2.0,0.0,9,95,0.0,1,0.0,1.0,2,0.0,1.0,70,True,False,False,True,False,True,False,True,True,False,False,False,True
2722,23,67,1.0,1.0,6,63,2.0,3,0.0,2.0,3,0.0,0.0,66,False,True,True,False,False,True,False,True,True,False,False,True,False
2723,17,87,1.0,1.0,6,99,1.0,2,0.0,1.0,2,2.0,0.0,69,False,True,True,False,True,False,False,True,True,False,False,True,False
2724,19,87,2.0,2.0,10,60,2.0,2,1.0,0.0,3,0.0,1.0,69,False,True,True,False,True,False,False,True,True,False,False,False,True
2725,19,70,2.0,2.0,4,63,1.0,1,0.0,1.0,3,1.0,2.0,64,True,False,True,False,True,False,False,True,True,False,False,True,False
2726,16,73,1.0,1.0,7,74,0.0,1,0.0,2.0,3,0.0,1.0,64,False,True,False,True,False,True,False,True,True,False,False,False,True
2727,19,93,0.0,1.0,7,83,1.0,1,1.0,1.0,3,0.0,0.0,69,True,False,False,True,False,True,False,True,True,False,False,False,True
2728,11,90,1.0,1.0,7,72,2.0,3,1.0,1.0,3,0.0,0.0,67,True,False,False,True,False,True,False,True,True,False,True,False,False
2729,17,73,0.0,1.0,9,68,0.0,2,1.0,1.0,3,1.0,0.0,63,True,False,False,True,False,True,False,True,False,True,False,False,True
2730,18,81,0.0,2.0,8,77,0.0,1,1.0,2.0,3,1.0,1.0,67,False,True,False,True,False,True,False,True,True,False,False,False,True
2731,18,62,1.0,2.0,6,98,0.0,3,1.0,1.0,1,1.0,0.0,65,False,True,True,False,True,False,False,True,True,False,False,True,False
2732,19,68,1.0,1.0,6,98,0.0,2,0.0,1.0,1,0.0,1.0,64,True,False,False,True,False,True,False,True,True,False,False,False,True
2733,20,79,2.0,1.0,7,66,0.0,3,2.0,1.0,3,1.0,0.0,68,True,False,False,True,True,False,False,True,True,False,True,False,False
2734,23,63,0.0,1.0,9,84,2.0,0,2.0,1.0,3,0.0,0.0,64,True,False,False,True,False,True,False,True,True,False,False,True,False
2735,25,94,2.0,1.0,7,86,0.0,2,0.0,1.0,4,1.0,1.0,70,False,True,True,False,True,False,True,False,True,False,True,False,False
2736,16,89,2.0,1.0,7,83,2.0,0,0.0,2.0,4,2.0,1.0,70,False,True,False,True,False,True,False,True,True,False,False,False,True
2737,13,98,2.0,0.0,6,56,1.0,1,2.0,0.0,3,1.0,1.0,67,True,False,False,True,False,True,False,True,True,False,True,False,False
2738,14,88,2.0,2.0,8,77,1.0,2,1.0,1.0,3,1.0,2.0,69,False,True,False,True,False,True,False,True,True,False,False,False,True
2739,17,98,2.0,1.0,7,88,1.0,2,0.0,2.0,4,0.0,2.0,70,False,True,True,False,True,False,False,True,True,False,True,False,False
2740,18,82,2.0,2.0,6,60,1.0,5,1.0,2.0,3,1.0,0.0,69,False,True,False,True,True,False,False,True,True,False,True,False,False
2741,15,84,1.0,0.0,9,67,1.0,1,1.0,2.0,3,1.0,1.0,65,False,True,True,False,False,True,False,True,True,False,True,False,False
2742,12,99,1.0,2.0,10,60,1.0,0,0.0,0.0,1,0.0,1.0,66,False,True,False,True,False,True,False,True,True,False,True,False,False
2743,17,86,2.0,2.0,7,94,1.0,2,1.0,1.0,3,0.0,1.0,70,False,True,False,True,False,True,False,True,True,False,False,True,False
2744,21,61,1.0,0.0,7,93,0.0,1,0.0,2.0,5,0.0,0.0,63,False,True,True,False,False,True,False,True,True,False,True,False,False
2745,24,89,0.0,1.0,5,58,1.0,3,2.0,1.0,3,0.0,0.0,69,True,False,False,True,True,False,False,True,True,False,False,False,True
2746,17,96,2.0,2.0,8,88,1.0,4,0.0,0.0,4,2.0,0.0,74,False,True,True,False,False,True,False,True,True,False,False,False,True
2747,18,92,1.0,1.0,8,68,0.0,2,2.0,2.0,3,0.0,0.0,70,False,True,True,False,False,True,False,True,True,False,False,False,True
2748,14,83,2.0,1.0,7,84,1.0,1,0.0,1.0,3,0.0,0.0,66,True,False,False,True,True,False,False,True,True,False,False,True,False
2749,20,87,0.0,2.0,6,75,1.0,0,0.0,1.0,3,2.0,0.0,68,False,True,False,True,False,True,False,True,False,True,False,False,True
2750,15,100,1.0,0.0,10,74,1.0,2,1.0,1.0,5,0.0,2.0,67,False,True,False,True,True,False,False,True,True,False,True,False,False
2751,23,64,1.0,1.0,8,94,0.0,2,1.0,1.0,5,0.0,1.0,66,True,False,True,False,False,True,False,True,True,False,False,False,True
2752,9,87,2.0,1.0,6,82,1.0,0,0.0,1.0,3,1.0,0.0,65,True,False,False,True,True,False,False,True,True,False,True,False,False
2753,18,71,0.0,1.0,8,62,1.0,3,2.0,2.0,2,1.0,0.0,66,False,True,False,True,False,True,False,True,True,False,False,False,True
2754,22,86,2.0,1.0,7,56,1.0,1,2.0,1.0,4,0.0,1.0,69,False,True,True,False,False,True,False,True,True,False,False,False,True
2755,21,84,0.0,1.0,7,97,1.0,2,0.0,0.0,4,0.0,1.0,67,True,False,False,True,True,False,False,True,True,False,False,True,False
2756,36,66,0.0,2.0,8,58,2.0,1,1.0,1.0,3,1.0,2.0,69,False,True,False,True,False,True,False,True,True,False,False,False,True
2757,22,68,1.0,1.0,4,87,2.0,2,1.0,1.0,3,2.0,2.0,66,True,False,False,True,True,False,False,True,True,False,False,True,False
2758,14,85,1.0,1.0,4,75,2.0,2,2.0,1.0,1,0.0,2.0,64,True,False,False,True,True,False,False,True,False,True,True,False,False
2759,19,65,1.0,1.0,9,57,0.0,1,1.0,1.0,2,0.0,0.0,61,True,False,False,True,True,False,False,True,False,True,False,False,True
2760,9,71,0.0,2.0,7,89,1.0,0,0.0,1.0,2,0.0,0.0,61,False,True,False,True,False,True,False,True,True,False,True,False,False
2761,20,93,1.0,1.0,6,95,0.0,1,1.0,2.0,4,1.0,1.0,70,False,True,False,True,False,True,False,True,True,False,True,False,False
2762,15,73,1.0,2.0,5,56,1.0,1,1.0,1.0,2,2.0,0.0,65,True,False,False,True,True,False,False,True,True,False,False,False,True
2763,25,80,2.0,0.0,7,53,1.0,1,1.0,1.0,3,1.0,1.0,67,False,True,True,False,True,False,False,True,True,False,False,True,False
2764,17,98,0.0,1.0,7,92,1.0,0,2.0,1.0,0,1.0,0.0,69,False,True,True,False,True,False,False,True,True,False,False,False,True
2765,19,69,1.0,0.0,9,75,1.0,2,1.0,0.0,5,0.0,1.0,63,True,False,False,True,False,True,False,True,True,False,True,False,False
2766,16,76,1.0,1.0,8,84,2.0,1,2.0,2.0,4,0.0,0.0,66,False,True,False,True,True,False,False,True,True,False,False,True,False
2767,30,84,2.0,1.0,7,72,1.0,3,1.0,1.0,2,0.0,0.0,73,False,True,False,True,False,True,False,True,True,False,False,False,True
2768,18,90,2.0,2.0,8,71,2.0,0,0.0,1.0,3,0.0,0.0,68,True,False,False,True,True,False,True,False,True,False,False,True,False
2769,31,96,2.0,2.0,9,65,2.0,0,0.0,1.0,2,0.0,2.0,74,False,True,True,False,False,True,False,True,True,False,False,False,True
2770,25,97,0.0,1.0,8,78,1.0,0,1.0,1.0,3,0.0,0.0,70,False,True,False,True,False,True,False,True,True,False,False,True,False
2771,23,91,2.0,0.0,8,58,1.0,0,1.0,1.0,2,0.0,2.0,68,False,True,False,True,False,True,False,True,True,False,False,False,True
2772,22,69,2.0,2.0,7,86,0.0,1,2.0,1.0,4,0.0,1.0,67,True,False,False,True,True,False,False,True,False,True,False,False,True
2773,22,61,2.0,1.0,6,77,0.0,1,1.0,1.0,4,2.0,1.0,65,False,True,False,True,True,False,False,True,True,False,False,False,True
2774,8,75,1.0,1.0,5,92,1.0,5,2.0,2.0,4,0.0,1.0,66,False,True,False,True,True,False,False,True,True,False,False,False,True
2775,18,66,2.0,1.0,5,96,1.0,0,0.0,1.0,5,0.0,1.0,64,True,False,False,True,False,True,False,True,True,False,False,True,False
2776,25,88,1.0,1.0,8,95,0.0,1,2.0,2.0,4,0.0,0.0,72,True,False,False,True,False,True,False,True,True,False,False,True,False
2777,20,86,1.0,1.0,8,80,2.0,2,1.0,1.0,2,1.0,0.0,70,False,True,False,True,False,True,False,True,True,False,False,True,False
2778,12,62,1.0,1.0,9,66,1.0,1,0.0,1.0,2,1.0,1.0,60,True,False,True,False,False,True,False,True,True,False,False,True,False
2779,20,93,1.0,1.0,8,68,1.0,1,0.0,0.0,3,0.0,1.0,68,False,True,False,True,False,True,False,True,True,False,False,True,False
2780,30,70,1.0,2.0,9,83,1.0,1,2.0,1.0,2,2.0,0.0,71,True,False,True,False,False,True,False,True,True,False,False,True,False
2781,27,77,1.0,1.0,7,86,0.0,1,2.0,1.0,3,0.0,1.0,68,False,True,False,True,False,True,False,True,True,False,False,True,False
2782,20,87,2.0,1.0,8,58,0.0,2,0.0,1.0,2,2.0,0.0,67,False,True,False,True,False,True,False,True,False,True,True,False,False
2783,26,77,1.0,1.0,5,100,0.0,1,0.0,2.0,5,0.0,0.0,70,True,False,True,False,False,True,False,True,True,False,False,False,True
2784,18,78,1.0,2.0,7,55,2.0,0,2.0,1.0,3,0.0,0.0,65,False,True,False,True,True,False,False,True,True,False,True,False,False
2785,10,63,1.0,1.0,4,80,1.0,0,0.0,1.0,3,1.0,0.0,60,False,True,False,True,True,False,False,True,True,False,False,False,True
2786,14,76,2.0,0.0,7,77,0.0,2,2.0,1.0,4,1.0,0.0,65,False,True,False,True,True,False,True,False,True,False,False,False,True
2787,29,91,1.0,1.0,9,80,0.0,0,0.0,2.0,4,0.0,0.0,70,True,False,False,True,True,False,False,True,True,False,True,False,False
2788,18,97,0.0,0.0,7,77,1.0,4,0.0,0.0,4,2.0,0.0,69,False,True,True,False,False,True,False,True,True,False,False,True,False
2789,19,77,2.0,0.0,8,53,1.0,1,0.0,1.0,3,0.0,0.0,64,False,True,True,False,True,False,False,True,True,False,False,False,True
2790,18,77,0.0,1.0,7,100,1.0,2,2.0,2.0,3,0.0,0.0,67,False,True,True,False,True,False,False,True,False,True,False,False,True
2791,31,88,0.0,1.0,6,99,0.0,2,2.0,0.0,3,2.0,0.0,73,False,True,False,True,False,True,False,True,True,False,True,False,False
2792,30,98,1.0,2.0,7,76,2.0,1,0.0,1.0,3,1.0,0.0,74,False,True,False,True,True,False,False,True,True,False,False,True,False
2793,33,71,1.0,0.0,9,60,1.0,0,1.0,1.0,4,0.0,0.0,67,False,True,False,True,False,True,False,True,False,True,False,False,True
2794,19,78,0.0,2.0,8,59,1.0,2,2.0,1.0,1,0.0,0.0,66,False,True,False,True,False,True,False,True,True,False,False,False,True
2795,22,92,1.0,1.0,6,53,1.0,4,2.0,1.0,4,0.0,0.0,69,False,True,False,True,True,False,False,True,False,True,False,True,False
2796,11,84,2.0,1.0,5,81,0.0,1,0.0,1.0,3,0.0,1.0,64,True,False,True,False,True,False,False,True,True,False,True,False,False
2797,29,64,1.0,2.0,7,74,1.0,0,2.0,1.0,2,2.0,0.0,69,True,False,False,True,False,True,False,True,True,False,False,False,True
2798,13,85,0.0,2.0,6,71,1.0,1,0.0,1.0,3,0.0,0.0,66,True,False,False,True,False,True,False,True,True,False,False,False,True
2799,21,67,2.0,1.0,7,76,1.0,1,1.0,2.0,2,0.0,0.0,65,False,True,True,False,False,True,False,True,False,True,False,True,False
2800,13,80,1.0,1.0,5,94,2.0,1,1.0,1.0,3,0.0,0.0,67,True,False,True,False,False,True,False,True,True,False,False,False,True
2801,16,81,1.0,2.0,9,54,1.0,3,1.0,2.0,3,2.0,1.0,67,False,True,False,True,True,False,False,True,True,False,True,False,False
2802,15,95,1.0,1.0,7,77,2.0,0,0.0,1.0,3,0.0,0.0,68,True,False,True,False,True,False,False,True,True,False,False,True,False
2803,16,78,1.0,0.0,7,85,1.0,4,1.0,1.0,2,0.0,0.0,65,False,True,False,True,True,False,False,True,False,True,False,True,False
2804,17,71,1.0,0.0,6,99,0.0,4,1.0,1.0,3,2.0,0.0,66,False,True,False,True,False,True,False,True,False,True,False,False,True
2805,17,69,2.0,1.0,7,87,0.0,2,0.0,1.0,3,1.0,0.0,65,False,True,False,True,False,True,False,True,True,False,False,True,False
2806,25,95,1.0,1.0,7,77,2.0,0,0.0,2.0,3,2.0,0.0,71,False,True,False,True,False,True,True,False,True,False,False,True,False
2807,13,67,1.0,2.0,6,88,1.0,0,0.0,1.0,3,1.0,1.0,63,True,False,False,True,False,True,False,True,True,False,False,True,False
2808,21,77,2.0,0.0,7,100,0.0,2,2.0,2.0,4,1.0,0.0,70,True,False,False,True,False,True,False,True,True,False,False,False,True
2809,27,67,2.0,2.0,9,94,2.0,0,2.0,0.0,2,1.0,0.0,70,True,False,False,True,False,True,False,True,True,False,False,False,True
2810,17,91,0.0,1.0,4,54,2.0,3,0.0,1.0,4,1.0,1.0,67,True,False,False,True,False,True,False,True,True,False,False,True,False
2811,16,79,2.0,1.0,7,79,2.0,2,2.0,2.0,2,0.0,1.0,68,False,True,False,True,False,True,False,True,True,False,False,False,True
2812,19,74,1.0,0.0,6,89,1.0,0,2.0,1.0,2,0.0,1.0,63,False,True,False,True,False,True,True,False,True,False,False,True,False
2813,27,74,1.0,2.0,9,84,0.0,3,2.0,1.0,3,1.0,0.0,70,True,False,True,False,False,True,False,True,True,False,True,False,False
2814,21,94,1.0,1.0,7,71,0.0,1,0.0,2.0,2,2.0,0.0,69,False,True,True,False,True,False,True,False,True,False,False,True,False
2815,17,82,1.0,1.0,5,66,1.0,1,1.0,0.0,3,0.0,0.0,66,True,False,False,True,False,True,False,True,True,False,False,False,True
2816,23,89,0.0,2.0,7,81,1.0,2,0.0,2.0,2,2.0,1.0,70,False,True,False,True,True,False,False,True,True,False,False,True,False
2817,13,96,1.0,2.0,8,71,0.0,1,1.0,0.0,3,0.0,0.0,68,False,True,False,True,True,False,False,True,True,False,False,False,True
2818,24,96,1.0,1.0,10,70,1.0,0,2.0,1.0,4,0.0,0.0,70,True,False,False,True,True,False,False,True,True,False,True,False,False
2819,22,73,0.0,2.0,4,92,1.0,0,0.0,1.0,4,2.0,1.0,67,False,True,False,True,False,True,False,True,True,False,False,False,True
2820,18,98,1.0,2.0,5,66,1.0,0,1.0,1.0,0,2.0,0.0,69,False,True,True,False,False,True,False,True,True,False,True,False,False
2821,15,61,2.0,0.0,9,82,1.0,2,1.0,2.0,2,2.0,0.0,64,False,True,False,True,False,True,False,True,True,False,False,False,True
2822,15,75,2.0,1.0,5,94,0.0,1,0.0,1.0,3,0.0,1.0,62,True,False,False,True,True,False,True,False,False,True,True,False,False
2823,23,96,1.0,1.0,7,81,1.0,1,0.0,1.0,2,2.0,1.0,71,False,True,True,False,True,False,False,True,True,False,False,False,True
2824,27,71,2.0,1.0,6,75,1.0,2,1.0,2.0,4,0.0,0.0,69,False,True,True,False,False,True,False,True,True,False,False,True,False
2825,16,71,1.0,2.0,6,52,0.0,0,2.0,2.0,1,0.0,2.0,62,False,True,False,True,False,True,False,True,True,False,False,True,False
2826,23,72,0.0,1.0,7,84,2.0,0,1.0,1.0,4,0.0,0.0,66,False,True,False,True,False,True,False,True,True,False,False,False,True
2827,7,84,1.0,2.0,7,100,0.0,3,0.0,1.0,4,0.0,1.0,64,False,True,True,False,False,True,False,True,False,True,True,False,False
2828,16,78,0.0,2.0,9,90,1.0,3,0.0,1.0,3,2.0,1.0,66,False,True,False,True,True,False,False,True,True,False,True,False,False
2829,20,89,2.0,1.0,9,82,1.0,2,2.0,2.0,3,1.0,0.0,72,True,False,False,True,False,True,False,True,True,False,False,True,False
2830,15,96,2.0,2.0,8,73,1.0,3,1.0,1.0,3,1.0,0.0,71,True,False,True,False,False,True,False,True,True,False,True,False,False
2831,14,87,1.0,2.0,7,61,1.0,0,0.0,1.0,3,0.0,2.0,65,False,True,False,True,False,True,False,True,True,False,False,True,False
2832,16,68,1.0,1.0,7,85,1.0,1,1.0,1.0,2,1.0,0.0,65,True,False,False,True,False,True,False,True,True,False,False,False,True
2833,22,97,1.0,2.0,8,59,1.0,1,0.0,1.0,3,0.0,0.0,70,False,True,False,True,False,True,False,True,True,False,True,False,False
2834,19,71,1.0,2.0,9,94,2.0,1,2.0,1.0,4,0.0,0.0,68,False,True,True,False,False,True,False,True,True,False,False,False,True
2835,7,64,1.0,2.0,9,70,2.0,4,0.0,0.0,4,0.0,2.0,59,False,True,False,True,True,False,False,True,False,True,False,True,False
2836,16,83,0.0,0.0,6,61,1.0,0,1.0,2.0,4,1.0,0.0,64,False,True,False,True,False,True,False,True,True,False,False,True,False
2837,23,65,2.0,1.0,9,74,1.0,2,1.0,2.0,3,1.0,1.0,67,False,True,True,False,False,True,False,True,True,False,False,True,False
2838,4,66,0.0,2.0,8,84,0.0,2,0.0,2.0,3,2.0,0.0,60,True,False,False,True,True,False,False,True,True,False,False,True,False
2839,17,72,2.0,2.0,6,65,0.0,3,0.0,2.0,2,2.0,2.0,67,False,True,False,True,False,True,False,True,True,False,False,False,True
2840,17,71,1.0,2.0,7,85,0.0,2,0.0,0.0,2,1.0,0.0,65,True,False,True,False,False,True,False,True,True,False,True,False,False
2841,28,84,1.0,1.0,7,81,1.0,1,1.0,2.0,3,1.0,0.0,71,False,True,False,True,False,True,False,True,True,False,True,False,False
2842,18,93,0.0,1.0,7,69,1.0,0,0.0,1.0,2,1.0,0.0,67,False,True,False,True,False,True,False,True,True,False,False,True,False
2843,22,90,1.0,1.0,7,66,0.0,0,0.0,1.0,1,2.0,0.0,69,False,True,False,True,False,True,False,True,True,False,False,False,True
2844,21,70,2.0,1.0,5,93,2.0,1,0.0,1.0,3,1.0,0.0,68,False,True,False,True,False,True,False,True,True,False,False,True,False
2845,7,70,1.0,1.0,6,51,1.0,0,2.0,1.0,1,0.0,1.0,59,True,False,True,False,False,True,False,True,True,False,False,True,False
2846,25,99,2.0,2.0,7,86,0.0,3,1.0,1.0,3,1.0,0.0,75,True,False,False,True,True,False,True,False,True,False,False,False,True
2847,21,60,1.0,1.0,6,71,0.0,0,1.0,0.0,4,0.0,2.0,59,False,True,False,True,False,True,False,True,False,True,True,False,False
2848,23,95,2.0,1.0,6,86,0.0,0,1.0,2.0,3,0.0,1.0,71,True,False,False,True,True,False,False,True,True,False,False,True,False
2849,44,68,2.0,0.0,9,75,0.0,3,1.0,2.0,2,0.0,1.0,71,True,False,True,False,True,False,False,True,True,False,True,False,False
2850,7,98,1.0,1.0,7,54,2.0,0,1.0,2.0,2,0.0,0.0,66,True,False,True,False,True,False,False,True,True,False,False,True,False
2851,30,74,1.0,0.0,10,99,1.0,1,2.0,1.0,2,0.0,1.0,69,False,True,True,False,True,False,False,True,True,False,False,False,True
2852,18,78,2.0,1.0,7,54,0.0,4,0.0,2.0,4,1.0,1.0,65,True,False,False,True,False,True,True,False,False,True,False,True,False
2853,22,88,1.0,1.0,9,58,0.0,3,0.0,1.0,2,1.0,1.0,68,False,True,True,False,False,True,False,True,True,False,True,False,False
2854,20,84,2.0,0.0,7,71,1.0,5,0.0,2.0,2,0.0,2.0,68,True,False,True,False,True,False,False,True,True,False,False,False,True
2855,17,73,1.0,1.0,6,97,2.0,1,1.0,2.0,3,0.0,0.0,67,False,True,False,True,False,True,False,True,True,False,False,False,True
2856,17,82,2.0,1.0,7,65,1.0,1,1.0,1.0,5,0.0,0.0,68,False,True,False,True,False,True,False,True,True,False,False,False,True
2857,22,89,0.0,1.0,9,78,1.0,0,1.0,1.0,3,0.0,1.0,68,False,True,False,True,False,True,False,True,True,False,False,False,True
2858,25,60,1.0,2.0,8,67,1.0,1,1.0,2.0,2,1.0,0.0,66,True,False,False,True,False,True,False,True,True,False,False,True,False
2859,18,78,2.0,0.0,7,85,2.0,3,0.0,0.0,2,1.0,0.0,67,False,True,False,True,False,True,False,True,True,False,True,False,False
2860,13,65,1.0,2.0,7,75,0.0,2,1.0,2.0,4,0.0,1.0,63,False,True,True,False,True,False,False,True,True,False,False,True,False
2861,17,87,1.0,2.0,7,79,1.0,3,0.0,1.0,4,0.0,0.0,68,True,False,False,True,False,True,False,True,False,True,False,True,False
2862,28,69,2.0,0.0,6,61,0.0,2,1.0,2.0,1,0.0,0.0,65,False,True,False,True,True,False,False,True,False,True,False,False,True
2863,17,77,2.0,1.0,7,96,1.0,1,0.0,0.0,3,1.0,0.0,67,False,True,True,False,False,True,False,True,True,False,False,False,True
2864,22,68,2.0,2.0,8,56,1.0,3,1.0,1.0,1,2.0,0.0,67,False,True,True,False,False,True,True,False,True,False,False,False,True
2865,16,82,1.0,1.0,7,85,1.0,1,2.0,1.0,4,0.0,0.0,67,False,True,False,True,False,True,False,True,True,False,False,True,False
2866,25,65,1.0,0.0,7,94,0.0,1,0.0,2.0,3,0.0,2.0,64,False,True,False,True,True,False,False,True,True,False,False,False,True
2867,24,61,1.0,1.0,8,54,1.0,1,0.0,1.0,2,0.0,1.0,61,False,True,False,True,True,False,False,True,False,True,False,True,False
2868,31,62,1.0,1.0,7,51,1.0,2,1.0,1.0,1,1.0,2.0,65,True,False,False,True,False,True,False,True,True,False,False,True,False
2869,19,98,0.0,2.0,7,67,2.0,1,1.0,1.0,4,0.0,1.0,70,True,False,True,False,False,True,False,True,True,False,True,False,False
2870,24,66,1.0,2.0,8,89,1.0,0,1.0,2.0,2,1.0,0.0,67,False,True,False,True,True,False,False,True,True,False,False,False,True
2871,21,88,2.0,0.0,7,86,1.0,1,0.0,1.0,2,0.0,1.0,68,False,True,True,False,True,False,False,True,True,False,False,False,True
2872,28,63,1.0,1.0,7,91,1.0,1,0.0,1.0,1,0.0,2.0,65,False,True,True,False,False,True,False,True,True,False,False,False,True
2873,16,64,2.0,1.0,8,70,0.0,3,2.0,2.0,3,0.0,2.0,63,True,False,True,False,False,True,False,True,True,False,True,False,False
2874,24,80,1.0,2.0,7,100,1.0,1,2.0,2.0,3,2.0,1.0,72,False,True,False,True,True,False,False,True,True,False,False,True,False
2875,19,79,2.0,1.0,7,68,1.0,2,2.0,2.0,1,1.0,0.0,68,True,False,False,True,False,True,False,True,True,False,True,False,False
2876,20,98,1.0,2.0,7,90,1.0,2,1.0,1.0,4,0.0,0.0,73,False,True,False,True,False,True,False,True,True,False,False,False,True
2877,21,98,2.0,1.0,7,68,2.0,0,1.0,1.0,3,1.0,0.0,71,True,False,False,True,False,True,False,True,False,True,False,False,True
2878,22,91,1.0,2.0,5,61,1.0,3,0.0,2.0,2,2.0,2.0,70,False,True,False,True,True,False,False,True,True,False,False,True,False
2879,19,84,2.0,1.0,7,67,0.0,0,1.0,0.0,3,2.0,0.0,68,True,False,False,True,False,True,False,True,True,False,False,False,True
2880,21,78,1.0,2.0,10,60,1.0,3,2.0,1.0,5,0.0,1.0,68,False,True,False,True,True,False,False,True,True,False,True,False,False
2881,29,74,1.0,1.0,6,56,0.0,2,0.0,2.0,3,2.0,0.0,68,True,False,False,True,True,False,False,True,True,False,False,True,False
2882,26,98,0.0,2.0,6,68,1.0,1,0.0,1.0,1,2.0,1.0,71,False,True,True,False,False,True,False,True,True,False,False,True,False
2883,25,84,1.0,1.0,10,57,0.0,4,1.0,1.0,2,1.0,0.0,70,False,True,False,True,False,True,False,True,True,False,False,False,True
2884,17,83,2.0,1.0,6,75,1.0,2,1.0,1.0,3,0.0,0.0,67,False,True,False,True,True,False,False,True,False,True,False,False,True
2885,15,69,0.0,1.0,9,52,1.0,0,2.0,1.0,3,1.0,0.0,61,True,False,False,True,False,True,False,True,True,False,False,True,False
2886,26,62,2.0,0.0,7,72,0.0,1,1.0,1.0,3,1.0,1.0,64,True,False,False,True,False,True,False,True,True,False,False,True,False
2887,25,98,0.0,1.0,7,98,1.0,1,1.0,1.0,4,2.0,0.0,72,False,True,False,True,True,False,False,True,True,False,True,False,False
2888,29,73,2.0,1.0,7,68,0.0,1,0.0,2.0,4,0.0,1.0,67,False,True,True,False,True,False,False,True,False,True,False,False,True
2889,16,78,2.0,0.0,8,57,2.0,1,1.0,1.0,3,1.0,0.0,65,False,True,False,True,False,True,False,True,True,False,True,False,False
2890,19,65,1.0,0.0,5,65,2.0,1,2.0,1.0,6,1.0,1.0,64,True,False,False,True,False,True,False,True,True,False,False,False,True
2891,10,93,0.0,1.0,7,90,1.0,0,0.0,1.0,2,0.0,0.0,66,True,False,True,False,False,True,False,True,True,False,False,False,True
2892,18,61,1.0,1.0,6,66,1.0,1,1.0,2.0,2,0.0,1.0,62,True,False,False,True,True,False,False,True,True,False,False,False,True
2893,26,93,0.0,1.0,4,69,1.0,2,0.0,1.0,3,0.0,0.0,70,False,True,False,True,True,False,False,True,True,False,False,True,False
2894,17,66,1.0,1.0,9,89,1.0,1,1.0,2.0,4,0.0,1.0,64,True,False,False,True,False,True,True,False,True,False,False,False,True
2895,24,95,1.0,0.0,4,63,0.0,3,0.0,1.0,3,0.0,0.0,70,True,False,False,True,True,False,False,True,True,False,False,False,True
2896,19,89,1.0,0.0,10,74,1.0,1,0.0,1.0,2,0.0,1.0,66,True,False,False,True,True,False,False,True,True,False,False,False,True
2897,22,67,0.0,2.0,8,53,1.0,0,1.0,2.0,3,0.0,2.0,62,False,True,False,True,False,True,False,True,True,False,True,False,False
2898,13,83,0.0,0.0,5,59,2.0,4,0.0,1.0,2,0.0,0.0,63,True,False,True,False,True,False,False,True,True,False,False,True,False
2899,21,73,0.0,1.0,9,60,2.0,2,1.0,1.0,3,1.0,0.0,66,False,True,False,True,False,True,False,True,True,False,False,False,True
2900,19,94,1.0,2.0,6,91,1.0,1,0.0,1.0,3,0.0,1.0,70,False,True,False,True,False,True,False,True,True,False,True,False,False
2901,10,76,1.0,0.0,4,68,1.0,1,2.0,0.0,6,1.0,0.0,63,False,True,True,False,True,False,False,True,True,False,False,True,False
2902,27,76,1.0,2.0,6,69,2.0,0,1.0,2.0,1,0.0,0.0,70,False,True,False,True,False,True,False,True,True,False,False,True,False
2903,25,67,2.0,1.0,6,65,1.0,1,0.0,1.0,3,0.0,0.0,65,False,True,False,True,False,True,False,True,True,False,True,False,False
2904,23,75,1.0,0.0,8,66,1.0,5,1.0,0.0,3,0.0,0.0,67,False,True,False,True,False,True,False,True,True,False,False,True,False
2905,29,95,2.0,1.0,9,70,1.0,1,0.0,1.0,2,2.0,0.0,73,True,False,True,False,True,False,True,False,True,False,False,False,True
2906,30,98,0.0,1.0,7,51,2.0,0,0.0,1.0,2,0.0,0.0,71,False,True,False,True,True,False,False,True,True,False,False,False,True
2907,26,98,1.0,1.0,4,81,0.0,1,0.0,1.0,4,2.0,0.0,73,False,True,False,True,False,True,False,True,True,False,False,False,True
2908,19,66,1.0,2.0,7,94,0.0,1,2.0,1.0,4,0.0,1.0,65,True,False,False,True,True,False,False,True,True,False,False,False,True
2909,27,67,2.0,1.0,10,71,1.0,1,0.0,2.0,3,0.0,0.0,67,True,False,False,True,False,True,False,True,True,False,False,True,False
2910,13,95,1.0,1.0,4,83,0.0,1,0.0,2.0,4,1.0,1.0,67,False,True,False,True,False,True,True,False,True,False,False,True,False
2911,15,76,2.0,2.0,5,79,1.0,4,1.0,1.0,4,2.0,1.0,69,True,False,False,True,False,True,False,True,True,False,False,True,False
2912,16,60,1.0,2.0,8,67,0.0,0,0.0,1.0,3,0.0,0.0,61,False,True,False,True,False,True,False,True,True,False,False,True,False
2913,17,71,1.0,0.0,8,57,1.0,3,1.0,2.0,4,0.0,0.0,64,True,False,True,False,True,False,False,True,True,False,False,False,True
2914,14,84,0.0,2.0,6,61,0.0,1,2.0,1.0,2,1.0,2.0,64,False,True,False,True,True,False,False,True,True,False,False,False,True
2915,27,92,0.0,1.0,9,53,0.0,2,0.0,1.0,2,1.0,2.0,68,False,True,False,True,False,True,False,True,True,False,True,False,False
2916,18,65,1.0,0.0,6,88,1.0,1,1.0,1.0,1,1.0,0.0,62,False,True,True,False,True,False,False,True,False,True,False,False,True
2917,22,64,1.0,1.0,10,77,2.0,5,1.0,1.0,3,0.0,0.0,66,False,True,False,True,False,True,False,True,False,True,False,True,False
2918,17,97,2.0,0.0,8,89,1.0,1,0.0,1.0,4,1.0,0.0,70,False,True,False,True,False,True,False,True,True,False,False,True,False
2919,9,90,2.0,1.0,9,65,0.0,3,1.0,1.0,3,0.0,0.0,67,True,False,False,True,False,True,False,True,True,False,False,False,True
2920,22,84,1.0,1.0,8,90,1.0,2,1.0,1.0,2,1.0,0.0,70,True,False,False,True,False,True,False,True,True,False,False,False,True
2921,9,91,1.0,1.0,8,65,2.0,0,1.0,1.0,4,0.0,1.0,65,False,True,False,True,True,False,False,True,True,False,False,False,True
2922,20,77,0.0,1.0,8,56,1.0,1,1.0,2.0,4,1.0,1.0,65,False,True,False,True,True,False,False,True,True,False,False,False,True
2923,12,90,1.0,2.0,9,77,1.0,3,1.0,1.0,3,2.0,0.0,70,False,True,False,True,False,True,False,True,True,False,False,False,True
2924,32,75,2.0,1.0,7,97,2.0,1,1.0,1.0,3,1.0,1.0,72,False,True,True,False,False,True,False,True,True,False,False,True,False
2925,25,70,1.0,1.0,6,71,0.0,0,0.0,1.0,2,1.0,0.0,65,True,False,False,True,True,False,False,True,True,False,False,True,False
2926,21,89,2.0,2.0,7,76,1.0,1,1.0,1.0,2,0.0,0.0,71,False,True,False,True,False,True,False,True,True,False,False,False,True
2927,28,77,2.0,2.0,6,73,0.0,3,1.0,2.0,3,1.0,0.0,71,True,False,True,False,False,True,False,True,True,False,True,False,False
2928,15,99,1.0,2.0,6,73,2.0,1,2.0,2.0,5,2.0,0.0,72,False,True,False,True,False,True,False,True,True,False,True,False,False
2929,23,74,0.0,0.0,9,61,0.0,0,1.0,0.0,4,2.0,0.0,64,False,True,False,True,True,False,False,True,True,False,False,False,True
2930,21,97,1.0,1.0,8,71,2.0,2,2.0,2.0,1,1.0,1.0,72,False,True,False,True,True,False,False,True,True,False,False,True,False
2931,22,97,0.0,1.0,8,75,1.0,1,1.0,1.0,4,2.0,0.0,71,False,True,True,False,True,False,False,True,True,False,False,False,True
2932,28,70,1.0,1.0,9,87,0.0,0,0.0,1.0,3,0.0,1.0,66,False,True,False,True,False,True,False,True,True,False,False,True,False
2933,24,92,2.0,0.0,8,57,1.0,3,1.0,1.0,3,1.0,0.0,71,True,False,True,False,True,False,False,True,True,False,False,False,True
2934,22,77,1.0,1.0,10,79,2.0,2,1.0,0.0,2,0.0,0.0,67,False,True,False,True,False,True,False,True,True,False,False,True,False
2935,10,97,2.0,2.0,4,83,0.0,1,0.0,2.0,2,2.0,0.0,69,False,True,False,True,True,False,False,True,True,False,False,True,False
2936,14,78,2.0,1.0,6,69,2.0,0,1.0,1.0,5,1.0,1.0,67,True,False,False,True,False,True,False,True,True,False,False,False,True
2937,19,90,2.0,1.0,6,77,1.0,0,2.0,1.0,4,2.0,0.0,71,False,True,False,True,False,True,False,True,True,False,False,True,False
2938,21,79,1.0,0.0,5,86,0.0,1,2.0,1.0,2,0.0,1.0,66,True,False,True,False,True,False,False,True,True,False,False,False,True
2939,13,69,2.0,2.0,7,73,0.0,1,1.0,0.0,2,0.0,2.0,62,False,True,True,False,True,False,False,True,True,False,False,False,True
2940,34,68,1.0,1.0,7,67,2.0,0,1.0,1.0,2,0.0,1.0,67,False,True,True,False,True,False,False,True,True,False,False,True,False
2941,29,77,1.0,0.0,10,91,2.0,2,0.0,1.0,4,2.0,0.0,70,True,False,False,True,False,True,False,True,True,False,True,False,False
2942,24,90,2.0,2.0,8,99,2.0,0,0.0,1.0,3,1.0,1.0,72,True,False,False,True,True,False,False,True,True,False,False,True,False
2943,20,84,2.0,2.0,6,61,1.0,3,1.0,1.0,2,0.0,0.0,69,False,True,True,False,True,False,False,True,True,False,False,True,False
2944,19,88,1.0,2.0,8,94,2.0,1,1.0,1.0,3,0.0,1.0,70,False,True,False,True,True,False,False,True,True,False,False,True,False
2945,14,71,2.0,2.0,4,77,1.0,0,1.0,1.0,3,0.0,0.0,64,True,False,False,True,True,False,False,True,True,False,True,False,False
2946,20,79,1.0,1.0,7,72,0.0,1,1.0,1.0,3,0.0,0.0,65,False,True,False,True,False,True,True,False,True,False,True,False,False
2947,22,62,1.0,2.0,7,95,1.0,2,1.0,1.0,2,0.0,0.0,66,False,True,False,True,False,True,False,True,True,False,True,False,False
2948,13,93,0.0,1.0,6,96,2.0,2,2.0,1.0,3,0.0,0.0,68,True,False,True,False,True,False,False,True,True,False,True,False,False
2949,22,100,1.0,1.0,7,64,1.0,2,0.0,1.0,3,1.0,0.0,72,True,False,True,False,False,True,False,True,True,False,False,False,True
2950,19,76,1.0,0.0,6,68,1.0,2,2.0,1.0,3,0.0,1.0,65,True,False,False,True,False,True,False,True,True,False,False,False,True
2951,9,60,1.0,0.0,6,93,1.0,3,0.0,2.0,2,0.0,1.0,60,True,False,True,False,False,True,False,True,True,False,False,True,False
2952,15,67,1.0,1.0,8,75,1.0,0,2.0,2.0,4,2.0,0.0,63,True,False,False,True,True,False,False,True,True,False,True,False,False
2953,18,86,0.0,0.0,9,64,0.0,3,0.0,2.0,3,0.0,0.0,66,True,False,False,True,False,True,False,True,True,False,False,False,True
2954,31,84,0.0,1.0,8,98,0.0,1,1.0,1.0,4,2.0,0.0,73,True,False,False,True,False,True,False,True,True,False,False,False,True
2955,23,92,1.0,1.0,6,61,0.0,4,0.0,1.0,4,1.0,0.0,71,False,True,False,True,False,True,False,True,True,False,False,False,True
2956,12,70,1.0,1.0,6,81,0.0,1,0.0,1.0,2,0.0,2.0,59,False,True,False,True,False,True,False,True,False,True,True,False,False
2957,23,91,1.0,0.0,6,71,1.0,5,0.0,2.0,3,0.0,1.0,70,True,False,False,True,False,True,False,True,True,False,False,True,False
2958,11,88,1.0,0.0,7,73,0.0,1,1.0,0.0,3,1.0,0.0,63,True,False,True,False,False,True,False,True,False,True,False,True,False
2959,26,73,1.0,1.0,6,55,1.0,1,1.0,0.0,4,2.0,0.0,67,False,True,False,True,True,False,False,True,True,False,False,False,True
2960,17,82,0.0,1.0,9,63,1.0,2,0.0,1.0,2,1.0,1.0,65,False,True,True,False,False,True,False,True,True,False,False,True,False
2961,19,66,1.0,0.0,7,58,1.0,5,1.0,0.0,4,1.0,1.0,64,True,False,False,True,True,False,False,True,True,False,False,False,True
2962,28,78,2.0,1.0,8,87,0.0,2,0.0,1.0,2,2.0,0.0,71,False,True,False,True,True,False,False,True,True,False,False,False,True
2963,12,95,1.0,2.0,5,85,1.0,2,2.0,1.0,2,1.0,0.0,70,False,True,False,True,False,True,False,True,True,False,True,False,False
2964,12,77,1.0,0.0,6,90,1.0,2,1.0,0.0,2,0.0,0.0,63,True,False,False,True,False,True,False,True,True,False,False,True,False
2965,16,94,0.0,1.0,8,85,1.0,3,0.0,2.0,2,0.0,0.0,68,True,False,False,True,True,False,False,True,True,False,False,True,False
2966,26,84,1.0,1.0,8,56,1.0,1,1.0,1.0,2,1.0,0.0,67,True,False,False,True,False,True,True,False,True,False,True,False,False
2967,11,68,1.0,2.0,5,99,1.0,1,2.0,1.0,4,2.0,0.0,66,True,False,False,True,False,True,False,True,True,False,False,True,False
2968,3,83,2.0,0.0,7,59,0.0,2,1.0,2.0,5,0.0,1.0,63,False,True,False,True,False,True,False,True,True,False,False,False,True
2969,17,80,1.0,1.0,7,68,1.0,0,1.0,1.0,5,1.0,0.0,65,True,False,True,False,False,True,False,True,False,True,True,False,False
2970,23,76,1.0,2.0,6,85,0.0,2,0.0,1.0,3,0.0,2.0,66,False,True,False,True,False,True,False,True,False,True,False,False,True
2971,27,65,1.0,1.0,8,57,1.0,2,0.0,0.0,4,2.0,0.0,65,True,False,False,True,False,True,False,True,True,False,True,False,False
2972,17,77,0.0,1.0,5,59,1.0,2,1.0,2.0,4,0.0,0.0,65,False,True,True,False,False,True,False,True,True,False,False,True,False
2973,18,63,2.0,0.0,6,94,1.0,2,1.0,2.0,2,0.0,0.0,63,False,True,False,True,True,False,False,True,False,True,False,True,False
2974,27,64,1.0,2.0,8,67,1.0,0,0.0,1.0,3,0.0,0.0,65,False,True,False,True,True,False,False,True,True,False,False,False,True
2975,9,77,0.0,2.0,7,83,1.0,1,0.0,2.0,4,0.0,2.0,62,False,True,True,False,False,True,False,True,False,True,False,True,False
2976,18,72,1.0,1.0,7,93,1.0,1,1.0,1.0,3,1.0,0.0,66,True,False,False,True,False,True,False,True,True,False,False,False,True
2977,21,97,1.0,0.0,7,99,1.0,1,2.0,1.0,3,2.0,0.0,71,True,False,False,True,True,False,False,True,True,False,True,False,False
2978,23,75,0.0,0.0,8,61,2.0,2,0.0,1.0,2,0.0,2.0,64,True,False,False,True,False,True,False,True,True,False,False,False,True
2979,17,90,1.0,1.0,8,56,0.0,0,1.0,1.0,4,1.0,0.0,67,True,False,True,False,False,True,False,True,True,False,False,True,False
2980,20,81,1.0,1.0,8,87,1.0,1,2.0,1.0,3,0.0,0.0,68,False,True,True,False,True,False,False,True,True,False,False,True,False
2981,5,88,1.0,1.0,7,59,1.0,3,0.0,1.0,3,1.0,0.0,63,True,False,False,True,True,False,False,True,True,False,True,False,False
2982,16,70,0.0,1.0,6,79,2.0,0,2.0,2.0,3,1.0,0.0,64,True,False,False,True,False,True,False,True,True,False,True,False,False
2983,23,98,2.0,2.0,6,77,1.0,1,0.0,2.0,1,2.0,0.0,74,True,False,False,True,False,True,False,True,True,False,False,True,False
2984,14,81,0.0,1.0,5,78,1.0,2,2.0,2.0,4,2.0,0.0,68,False,True,False,True,False,True,False,True,True,False,False,False,True
2985,20,93,1.0,1.0,6,82,0.0,1,1.0,2.0,3,0.0,1.0,68,True,False,False,True,False,True,True,False,False,True,False,False,True
2986,23,75,2.0,2.0,6,93,1.0,2,1.0,0.0,3,2.0,1.0,69,True,False,False,True,False,True,True,False,True,False,False,True,False
2987,18,64,0.0,1.0,9,64,1.0,4,0.0,1.0,4,0.0,0.0,61,False,True,False,True,False,True,False,True,False,True,True,False,False
2988,21,87,0.0,2.0,5,78,2.0,1,0.0,1.0,2,0.0,0.0,69,True,False,True,False,False,True,False,True,True,False,False,False,True
2989,14,60,0.0,0.0,9,67,0.0,3,2.0,2.0,3,0.0,0.0,61,True,False,False,True,False,True,False,True,True,False,False,False,True
2990,19,79,1.0,2.0,7,66,0.0,3,2.0,1.0,3,0.0,0.0,67,False,True,False,True,False,True,False,True,False,True,False,False,True
2991,24,68,0.0,2.0,7,51,1.0,0,0.0,0.0,4,0.0,0.0,63,True,False,True,False,True,False,False,True,True,False,False,True,False
2992,21,85,1.0,1.0,8,80,1.0,3,0.0,2.0,3,1.0,1.0,68,True,False,False,True,True,False,False,True,False,True,False,False,True
2993,16,99,1.0,1.0,5,99,0.0,0,0.0,1.0,5,1.0,1.0,68,True,False,True,False,True,False,True,False,True,False,False,True,False
2994,21,79,1.0,0.0,6,88,0.0,2,2.0,1.0,1,0.0,0.0,67,False,True,False,True,False,True,False,True,True,False,False,True,False
2995,24,93,0.0,1.0,5,62,2.0,1,2.0,1.0,3,1.0,1.0,69,True,False,True,False,False,True,False,True,True,False,True,False,False
2996,8,80,2.0,1.0,6,86,1.0,2,0.0,1.0,3,0.0,0.0,64,False,True,False,True,True,False,False,True,True,False,False,True,False
2997,27,80,0.0,0.0,6,65,0.0,1,0.0,1.0,4,2.0,0.0,67,False,True,False,True,True,False,False,True,True,False,False,False,True
2998,18,97,1.0,2.0,9,88,0.0,1,2.0,1.0,3,0.0,0.0,70,True,False,False,True,True,False,False,True,False,True,False,True,False
2999,23,96,0.0,2.0,6,93,0.0,5,0.0,1.0,4,0.0,0.0,72,True,False,False,True,False,True,False,True,True,False,True,False,False
3000,27,91,0.0,2.0,4,67,1.0,1,2.0,2.0,2,0.0,1.0,71,True,False,True,False,True,False,False,True,True,False,False,True,False
3001,12,72,1.0,1.0,6,50,2.0,1,0.0,1.0,3,1.0,0.0,62,False,True,False,True,True,False,False,True,True,False,False,False,True
3002,16,82,1.0,1.0,8,65,2.0,2,0.0,1.0,5,2.0,0.0,67,False,True,True,False,False,True,False,True,False,True,False,False,True
3003,18,69,1.0,2.0,9,60,1.0,3,0.0,1.0,2,1.0,2.0,64,True,False,False,True,False,True,False,True,True,False,True,False,False
3004,15,78,1.0,1.0,7,81,1.0,0,1.0,0.0,2,0.0,0.0,64,False,True,False,True,False,True,False,True,True,False,False,True,False
3005,30,79,2.0,1.0,6,65,1.0,1,0.0,1.0,4,2.0,0.0,70,True,False,False,True,True,False,False,True,True,False,True,False,False
3006,15,93,1.0,1.0,7,52,1.0,3,0.0,1.0,5,1.0,0.0,68,True,False,False,True,False,True,False,True,True,False,True,False,False
3007,17,96,1.0,1.0,8,77,1.0,1,1.0,1.0,3,2.0,0.0,70,True,False,False,True,True,False,False,True,True,False,False,True,False
3008,21,77,1.0,0.0,5,94,0.0,1,1.0,2.0,3,0.0,2.0,65,False,True,False,True,False,True,False,True,True,False,True,False,False
3009,13,61,0.0,0.0,7,73,0.0,2,2.0,1.0,2,0.0,0.0,59,True,False,False,True,True,False,False,True,True,False,False,False,True
3010,18,94,1.0,1.0,7,69,1.0,1,1.0,2.0,2,0.0,2.0,69,True,False,False,True,False,True,False,True,True,False,False,False,True
3011,22,67,1.0,1.0,7,59,2.0,2,0.0,2.0,3,2.0,0.0,67,False,True,False,True,False,True,False,True,True,False,False,False,True
3012,18,85,1.0,2.0,7,69,1.0,2,0.0,1.0,4,0.0,0.0,68,False,True,True,False,True,False,False,True,True,False,False,False,True
3013,19,61,1.0,1.0,6,67,0.0,1,1.0,1.0,1,1.0,0.0,62,False,True,False,True,True,False,False,True,True,False,False,False,True
3014,17,76,2.0,1.0,8,100,0.0,0,2.0,1.0,4,0.0,1.0,65,False,True,True,False,True,False,True,False,True,False,False,True,False
3015,11,99,2.0,1.0,7,52,1.0,0,2.0,2.0,5,1.0,0.0,69,True,False,True,False,False,True,False,True,True,False,False,True,False
3016,22,64,1.0,1.0,7,62,1.0,3,0.0,1.0,4,2.0,1.0,65,True,False,True,False,False,True,False,True,True,False,False,True,False
3017,31,77,2.0,0.0,5,53,2.0,1,1.0,1.0,2,0.0,0.0,68,True,False,False,True,False,True,False,True,True,False,False,True,False
3018,20,72,2.0,0.0,8,93,1.0,4,0.0,2.0,2,0.0,0.0,68,False,True,False,True,False,True,False,True,True,False,False,False,True
3019,21,96,2.0,1.0,6,71,2.0,3,1.0,1.0,3,0.0,0.0,71,True,False,False,True,False,True,True,False,True,False,True,False,False
3020,24,95,1.0,0.0,9,90,1.0,3,0.0,0.0,4,0.0,1.0,71,False,True,False,True,False,True,False,True,True,False,False,False,True
3021,12,70,2.0,1.0,5,85,2.0,1,2.0,1.0,3,2.0,0.0,66,True,False,False,True,True,False,False,True,True,False,False,False,True
3022,30,63,1.0,2.0,8,96,1.0,4,0.0,1.0,3,2.0,0.0,71,True,False,True,False,False,True,False,True,True,False,False,False,True
3023,21,85,1.0,1.0,4,51,0.0,2,0.0,1.0,3,1.0,0.0,66,True,False,False,True,True,False,False,True,True,False,False,True,False
3024,30,73,2.0,0.0,4,60,1.0,0,0.0,0.0,4,0.0,1.0,66,True,False,True,False,True,False,False,True,True,False,False,False,True
3025,16,87,2.0,2.0,6,85,1.0,2,1.0,2.0,1,0.0,0.0,69,True,False,False,True,False,True,False,True,True,False,False,True,False
3026,31,61,1.0,1.0,4,79,1.0,0,0.0,0.0,3,0.0,1.0,65,True,False,False,True,True,False,False,True,True,False,False,False,True
3027,25,65,2.0,0.0,8,85,1.0,2,0.0,1.0,3,2.0,0.0,66,True,False,False,True,False,True,False,True,True,False,True,False,False
3028,23,87,1.0,0.0,7,79,1.0,2,1.0,1.0,2,0.0,2.0,67,False,True,False,True,True,False,False,True,True,False,False,True,False
3029,21,68,1.0,1.0,9,79,0.0,1,2.0,2.0,4,2.0,1.0,66,True,False,True,False,True,False,False,True,True,False,True,False,False
3030,19,94,1.0,1.0,7,97,1.0,0,1.0,1.0,3,0.0,0.0,69,True,False,False,True,True,False,False,True,True,False,False,True,False
3031,27,62,2.0,0.0,7,96,1.0,2,0.0,1.0,4,0.0,0.0,66,False,True,False,True,True,False,False,True,True,False,False,True,False
3032,21,69,2.0,1.0,7,52,0.0,0,0.0,1.0,3,2.0,0.0,64,False,True,False,True,False,True,False,True,True,False,True,False,False
3033,8,100,2.0,2.0,6,71,1.0,0,0.0,2.0,2,2.0,0.0,70,True,False,False,True,False,True,False,True,True,False,False,False,True
3034,13,77,0.0,1.0,6,76,0.0,1,1.0,0.0,4,1.0,1.0,62,False,True,True,False,False,True,True,False,True,False,False,True,False
3035,19,88,0.0,1.0,5,68,2.0,1,0.0,0.0,5,0.0,1.0,67,False,True,False,True,False,True,False,True,True,False,False,False,True
3036,22,67,0.0,1.0,8,52,1.0,1,1.0,0.0,2,1.0,1.0,60,True,False,False,True,True,False,False,True,False,True,True,False,False
3037,20,84,0.0,0.0,7,74,0.0,1,2.0,1.0,3,2.0,0.0,66,True,False,False,True,True,False,False,True,True,False,False,True,False
3038,27,89,1.0,1.0,7,99,1.0,0,1.0,2.0,2,0.0,0.0,72,True,False,False,True,False,True,False,True,True,False,False,False,True
3039,8,73,1.0,2.0,10,54,1.0,2,1.0,1.0,3,0.0,0.0,63,False,True,False,True,False,True,False,True,True,False,False,False,True
3040,21,93,0.0,0.0,6,91,0.0,1,2.0,1.0,3,2.0,0.0,69,False,True,False,True,False,True,False,True,True,False,True,False,False
3041,9,84,2.0,2.0,7,60,2.0,1,0.0,1.0,3,1.0,1.0,66,False,True,True,False,False,True,False,True,True,False,False,False,True
3042,25,76,1.0,1.0,7,79,1.0,2,1.0,1.0,2,1.0,0.0,69,False,True,False,True,False,True,False,True,True,False,False,False,True
3043,19,82,2.0,1.0,9,69,0.0,2,1.0,1.0,3,1.0,1.0,68,False,True,True,False,True,False,False,True,True,False,False,True,False
3044,23,83,1.0,0.0,7,67,1.0,3,0.0,0.0,4,0.0,1.0,66,True,False,False,True,True,False,False,True,True,False,True,False,False
3045,15,67,1.0,1.0,7,94,0.0,0,2.0,0.0,2,2.0,1.0,63,False,True,True,False,False,True,False,True,True,False,False,False,True
3046,28,76,1.0,1.0,10,99,2.0,1,1.0,1.0,3,0.0,0.0,70,False,True,False,True,False,True,False,True,True,False,False,True,False
3047,26,74,1.0,1.0,6,69,1.0,2,0.0,2.0,4,2.0,1.0,68,False,True,False,True,True,False,False,True,True,False,False,False,True
3048,24,76,1.0,1.0,7,82,1.0,2,1.0,1.0,4,1.0,2.0,68,False,True,False,True,False,True,False,True,True,False,False,False,True
3049,19,90,1.0,1.0,8,78,1.0,1,0.0,1.0,3,0.0,1.0,67,False,True,True,False,True,False,False,True,True,False,False,True,False
3050,23,79,2.0,2.0,6,54,0.0,1,0.0,1.0,1,0.0,1.0,67,False,True,False,True,False,True,False,True,True,False,False,True,False
3051,16,98,2.0,0.0,8,52,1.0,3,0.0,2.0,3,1.0,1.0,69,True,False,False,True,False,True,False,True,True,False,False,True,False
3052,25,72,1.0,1.0,6,89,0.0,3,0.0,2.0,5,0.0,0.0,68,False,True,False,True,True,False,False,True,True,False,False,True,False
3053,30,77,1.0,0.0,9,70,1.0,0,1.0,2.0,1,0.0,1.0,67,False,True,False,True,False,True,False,True,True,False,False,True,False
3054,26,91,2.0,1.0,8,65,0.0,0,1.0,2.0,2,0.0,1.0,70,False,True,False,True,False,True,False,True,True,False,False,True,False
3055,16,82,2.0,2.0,7,99,0.0,3,1.0,1.0,3,2.0,1.0,70,False,True,False,True,True,False,False,True,True,False,False,False,True
3056,22,82,1.0,0.0,5,54,1.0,2,1.0,1.0,2,1.0,1.0,66,False,True,False,True,True,False,False,True,True,False,False,True,False
3057,12,62,2.0,2.0,6,63,2.0,0,0.0,1.0,2,0.0,0.0,61,False,True,True,False,False,True,False,True,True,False,True,False,False
3058,23,76,0.0,2.0,7,93,1.0,2,0.0,1.0,2,1.0,0.0,68,False,True,False,True,False,True,False,True,True,False,True,False,False
3059,23,71,0.0,1.0,8,71,0.0,1,0.0,0.0,2,2.0,0.0,64,True,False,False,True,False,True,False,True,True,False,False,True,False
3060,9,100,0.0,0.0,7,79,1.0,1,0.0,1.0,2,2.0,0.0,66,False,True,False,True,True,False,False,True,True,False,False,False,True
3061,13,72,0.0,2.0,8,52,1.0,3,2.0,2.0,4,0.0,0.0,65,False,True,True,False,False,True,False,True,True,False,False,False,True
3062,18,95,1.0,2.0,8,96,1.0,3,1.0,0.0,6,2.0,0.0,73,False,True,False,True,True,False,False,True,True,False,True,False,False
3063,18,87,0.0,0.0,8,57,1.0,3,2.0,2.0,4,0.0,0.0,66,False,True,False,True,True,False,True,False,True,False,False,False,True
3064,13,74,2.0,2.0,7,61,1.0,2,0.0,1.0,3,0.0,1.0,65,False,True,False,True,False,True,False,True,True,False,False,False,True
3065,22,82,1.0,2.0,7,58,1.0,0,1.0,1.0,4,1.0,0.0,68,False,True,False,True,False,True,False,True,True,False,True,False,False
3066,22,94,1.0,1.0,7,75,0.0,0,0.0,2.0,3,0.0,0.0,69,False,True,False,True,False,True,False,True,True,False,False,True,False
3067,19,95,0.0,2.0,6,91,2.0,1,1.0,2.0,4,1.0,0.0,72,False,True,False,True,False,True,False,True,True,False,False,True,False
3068,15,66,1.0,1.0,9,63,1.0,3,1.0,1.0,3,0.0,0.0,63,False,True,True,False,True,False,False,True,True,False,False,True,False
3069,26,74,0.0,1.0,8,57,1.0,0,1.0,1.0,1,0.0,0.0,65,False,True,True,False,True,False,False,True,True,False,False,False,True
3070,30,73,2.0,1.0,9,70,0.0,0,1.0,1.0,4,1.0,0.0,69,False,True,False,True,False,True,False,True,True,False,True,False,False
3071,17,62,2.0,0.0,6,99,1.0,2,1.0,1.0,3,0.0,2.0,62,True,False,True,False,True,False,False,True,True,False,True,False,False
3072,16,84,1.0,2.0,8,51,0.0,0,1.0,1.0,3,2.0,0.0,66,True,False,False,True,False,True,False,True,True,False,True,False,False
3073,23,94,0.0,0.0,9,75,1.0,3,0.0,1.0,2,2.0,1.0,69,True,False,True,False,False,True,False,True,True,False,False,True,False
3074,18,75,2.0,1.0,9,83,1.0,2,0.0,1.0,4,2.0,1.0,67,True,False,False,True,False,True,False,True,False,True,False,False,True
3075,24,85,1.0,1.0,7,87,2.0,2,1.0,1.0,2,0.0,0.0,71,True,False,True,False,False,True,False,True,True,False,False,True,False
3076,9,75,1.0,1.0,7,54,0.0,2,0.0,1.0,4,0.0,0.0,61,True,False,False,True,True,False,False,True,True,False,False,False,True
3077,28,66,2.0,1.0,9,73,1.0,2,0.0,1.0,2,1.0,0.0,68,False,True,False,True,False,True,False,True,True,False,False,False,True
3078,20,88,1.0,1.0,4,54,0.0,0,2.0,0.0,4,0.0,0.0,66,False,True,False,True,True,False,False,True,True,False,True,False,False
3079,18,94,2.0,2.0,5,81,1.0,0,2.0,0.0,5,0.0,0.0,71,True,False,False,True,False,True,False,True,True,False,True,False,False
3080,19,87,0.0,1.0,9,54,0.0,3,0.0,2.0,4,0.0,1.0,66,True,False,False,True,True,False,False,True,True,False,False,False,True
3081,20,61,0.0,1.0,6,52,1.0,2,0.0,0.0,2,2.0,0.0,60,False,True,True,False,True,False,False,True,True,False,True,False,False
3082,10,69,1.0,1.0,5,65,0.0,0,1.0,1.0,3,0.0,0.0,60,True,False,True,False,False,True,False,True,True,False,False,False,True
3083,29,63,0.0,0.0,9,97,2.0,3,1.0,2.0,3,0.0,0.0,66,False,True,False,True,False,True,True,False,True,False,True,False,False
3084,20,83,1.0,0.0,5,85,1.0,1,2.0,2.0,2,1.0,2.0,67,False,True,False,True,False,True,False,True,True,False,False,True,False
3085,23,90,0.0,0.0,9,50,0.0,4,1.0,1.0,3,0.0,1.0,67,False,True,True,False,True,False,False,True,True,False,False,True,False
3086,26,64,1.0,1.0,5,64,1.0,2,2.0,1.0,1,0.0,0.0,64,False,True,False,True,True,False,False,True,True,False,True,False,False
3087,14,94,1.0,1.0,5,51,1.0,0,1.0,2.0,3,1.0,0.0,66,False,True,False,True,True,False,False,True,True,False,False,True,False
3088,23,82,2.0,0.0,7,65,2.0,1,1.0,2.0,3,0.0,0.0,68,True,False,False,True,True,False,False,True,True,False,True,False,False
3089,18,88,2.0,0.0,6,84,1.0,1,1.0,2.0,3,2.0,1.0,70,True,False,False,True,False,True,False,True,True,False,False,False,True
3090,25,99,2.0,1.0,7,88,1.0,3,0.0,1.0,4,1.0,1.0,75,True,False,True,False,False,True,False,True,True,False,False,False,True
3091,19,96,1.0,1.0,7,95,2.0,3,1.0,2.0,3,1.0,0.0,73,True,False,True,False,False,True,False,True,True,False,True,False,False
3092,16,65,1.0,0.0,9,68,1.0,1,2.0,1.0,3,0.0,1.0,61,False,True,False,True,True,False,False,True,True,False,False,True,False
3093,23,76,2.0,2.0,7,93,1.0,0,1.0,1.0,6,0.0,1.0,68,False,True,True,False,True,False,False,True,True,False,True,False,False
3094,23,94,1.0,2.0,8,86,1.0,1,0.0,2.0,0,1.0,2.0,70,True,False,False,True,True,False,False,True,True,False,False,True,False
3095,16,96,1.0,1.0,4,77,2.0,1,2.0,2.0,2,0.0,0.0,71,False,True,False,True,False,True,False,True,True,False,False,False,True
3096,16,80,2.0,1.0,8,98,2.0,2,1.0,2.0,4,2.0,0.0,71,False,True,True,False,False,True,False,True,True,False,False,False,True
3097,19,84,1.0,1.0,8,97,2.0,2,1.0,1.0,1,1.0,0.0,68,False,True,False,True,True,False,False,True,False,True,False,True,False
3098,15,88,2.0,2.0,6,95,1.0,2,0.0,1.0,4,0.0,0.0,70,True,False,False,True,False,True,False,True,True,False,True,False,False
3099,25,93,1.0,1.0,10,60,0.0,1,1.0,1.0,3,1.0,1.0,70,False,True,False,True,False,True,False,True,True,False,False,False,True
3100,18,65,1.0,2.0,6,60,0.0,0,1.0,2.0,3,0.0,1.0,62,True,False,True,False,False,True,False,True,True,False,False,True,False
3101,3,92,2.0,0.0,5,95,2.0,3,1.0,1.0,1,2.0,0.0,67,True,False,False,True,False,True,False,True,True,False,False,True,False
3102,18,79,1.0,1.0,8,70,2.0,3,1.0,1.0,3,1.0,0.0,68,True,False,False,True,True,False,False,True,True,False,False,False,True
3103,14,78,2.0,2.0,5,90,1.0,1,1.0,1.0,3,2.0,0.0,68,True,False,False,True,False,True,False,True,True,False,False,True,False
3104,10,77,2.0,2.0,7,84,0.0,2,0.0,2.0,1,0.0,2.0,64,False,True,True,False,True,False,False,True,True,False,False,True,False
3105,13,80,1.0,2.0,9,88,1.0,1,2.0,2.0,3,2.0,0.0,68,False,True,False,True,True,False,False,True,True,False,False,False,True
3106,21,98,0.0,2.0,8,51,1.0,0,1.0,1.0,3,0.0,0.0,69,False,True,False,True,False,True,False,True,True,False,False,True,False
3107,28,82,1.0,2.0,7,71,0.0,1,1.0,2.0,3,0.0,0.0,70,False,True,False,True,True,False,False,True,True,False,False,True,False
3108,22,98,1.0,1.0,6,93,1.0,4,0.0,1.0,4,0.0,0.0,73,True,False,False,True,False,True,False,True,True,False,False,True,False
3109,16,67,2.0,1.0,9,74,1.0,1,2.0,2.0,3,2.0,1.0,66,False,True,False,True,False,True,False,True,True,False,False,False,True
3110,23,89,0.0,1.0,5,85,0.0,0,0.0,1.0,3,2.0,1.0,68,False,True,False,True,True,False,False,True,True,False,False,False,True
3111,17,92,0.0,1.0,8,88,2.0,1,2.0,1.0,3,0.0,0.0,68,True,False,False,True,False,True,True,False,True,False,False,True,False
3112,16,87,0.0,1.0,10,56,0.0,2,1.0,2.0,0,2.0,1.0,65,True,False,True,False,False,True,False,True,True,False,False,True,False
3113,13,84,1.0,1.0,8,58,2.0,2,0.0,0.0,3,2.0,0.0,66,True,False,False,True,False,True,False,True,True,False,False,True,False
3114,9,83,2.0,0.0,7,86,1.0,0,0.0,1.0,1,1.0,2.0,62,True,False,False,True,False,True,False,True,True,False,True,False,False
3115,18,94,0.0,0.0,7,53,0.0,3,1.0,2.0,2,0.0,0.0,67,True,False,True,False,False,True,False,True,True,False,False,True,False
3116,21,93,1.0,2.0,6,67,2.0,1,1.0,2.0,3,2.0,0.0,73,True,False,False,True,False,True,False,True,True,False,False,False,True
3117,19,65,1.0,0.0,6,96,1.0,2,1.0,2.0,2,2.0,0.0,65,False,True,True,False,False,True,False,True,True,False,False,True,False
3118,18,94,2.0,0.0,7,79,2.0,2,2.0,1.0,4,0.0,0.0,70,True,False,True,False,True,False,False,True,True,False,False,True,False
3119,14,77,2.0,1.0,8,96,1.0,3,1.0,1.0,2,2.0,0.0,68,False,True,False,True,False,True,False,True,True,False,False,True,False
3120,24,70,2.0,1.0,9,65,1.0,3,1.0,0.0,3,0.0,1.0,67,False,True,True,False,False,True,False,True,True,False,False,False,True
3121,12,95,0.0,1.0,4,82,2.0,2,0.0,1.0,3,0.0,1.0,66,False,True,False,True,False,True,False,True,True,False,True,False,False
3122,25,77,1.0,0.0,4,64,0.0,3,0.0,1.0,4,1.0,0.0,65,True,False,False,True,True,False,False,True,False,True,False,True,False
3123,14,92,2.0,0.0,9,56,0.0,1,1.0,1.0,4,0.0,1.0,66,True,False,False,True,False,True,False,True,True,False,False,True,False
3124,15,71,2.0,2.0,7,100,0.0,2,0.0,0.0,4,0.0,0.0,66,False,True,False,True,True,False,False,True,True,False,False,True,False
3125,11,60,1.0,2.0,7,59,2.0,2,0.0,1.0,1,1.0,1.0,60,False,True,False,True,True,False,False,True,True,False,False,False,True
3126,17,80,2.0,0.0,8,59,1.0,0,2.0,2.0,4,1.0,0.0,66,True,False,False,True,False,True,False,True,True,False,True,False,False
3127,26,64,2.0,1.0,7,92,0.0,2,0.0,2.0,4,1.0,1.0,68,True,False,True,False,False,True,False,True,True,False,False,False,True
3128,23,90,1.0,1.0,10,90,0.0,3,0.0,1.0,5,0.0,0.0,72,False,True,False,True,False,True,False,True,True,False,False,False,True
3129,26,71,0.0,2.0,8,99,1.0,1,1.0,1.0,3,1.0,0.0,68,False,True,False,True,True,False,True,False,True,False,False,False,True
3130,23,78,1.0,1.0,6,54,2.0,0,0.0,1.0,3,2.0,0.0,67,True,False,False,True,False,True,False,True,True,False,False,True,False
3131,13,63,2.0,1.0,6,55,2.0,0,1.0,0.0,4,2.0,0.0,62,False,True,False,True,True,False,False,True,True,False,False,False,True
3132,18,71,1.0,1.0,7,72,2.0,0,2.0,2.0,5,1.0,1.0,66,True,False,False,True,True,False,False,True,True,False,False,False,True
3133,15,91,2.0,1.0,6,80,1.0,0,0.0,1.0,3,2.0,0.0,69,False,True,True,False,True,False,False,True,True,False,False,False,True
3134,28,66,1.0,1.0,10,52,0.0,0,0.0,2.0,3,0.0,0.0,64,False,True,False,True,True,False,False,True,True,False,False,False,True
3135,13,86,0.0,1.0,7,58,1.0,0,1.0,1.0,3,0.0,0.0,63,False,True,True,False,True,False,True,False,True,False,False,False,True
3136,25,97,0.0,2.0,5,85,1.0,2,2.0,1.0,2,0.0,0.0,74,False,True,False,True,False,True,False,True,True,False,False,False,True
3137,25,87,2.0,1.0,8,83,1.0,0,1.0,2.0,4,1.0,1.0,72,False,True,True,False,False,True,False,True,True,False,False,False,True
3138,31,92,1.0,1.0,9,54,1.0,1,0.0,1.0,3,1.0,0.0,71,False,True,True,False,False,True,True,False,True,False,False,False,True
3139,18,64,0.0,2.0,9,97,1.0,2,1.0,1.0,3,0.0,1.0,64,True,False,False,True,False,True,False,True,True,False,True,False,False
3140,24,70,2.0,2.0,6,63,0.0,0,0.0,1.0,3,0.0,0.0,65,False,True,False,True,True,False,True,False,True,False,False,True,False
3141,34,96,1.0,1.0,5,94,2.0,1,1.0,2.0,5,0.0,1.0,75,True,False,False,True,False,True,False,True,False,True,True,False,False
3142,16,89,2.0,1.0,9,96,1.0,2,1.0,0.0,3,1.0,2.0,69,False,True,False,True,True,False,False,True,True,False,False,False,True
3143,11,86,1.0,1.0,5,75,1.0,1,1.0,0.0,4,2.0,1.0,65,True,False,False,True,True,False,False,True,True,False,False,True,False
3144,9,87,0.0,0.0,8,71,0.0,0,0.0,2.0,1,1.0,1.0,60,False,True,False,True,True,False,True,False,True,False,False,True,False
3145,24,77,1.0,1.0,6,64,1.0,2,2.0,1.0,4,0.0,0.0,69,False,True,False,True,False,True,False,True,True,False,False,False,True
3146,9,62,2.0,2.0,9,90,2.0,4,2.0,1.0,4,1.0,2.0,65,False,True,False,True,False,True,False,True,True,False,False,True,False
3147,18,91,0.0,1.0,5,60,0.0,0,2.0,2.0,4,0.0,1.0,67,False,True,True,False,False,True,False,True,True,False,False,False,True
3148,23,87,2.0,0.0,6,81,0.0,5,1.0,2.0,2,0.0,2.0,70,True,False,True,False,True,False,False,True,True,False,False,True,False
3149,21,79,1.0,0.0,8,78,0.0,1,0.0,2.0,4,1.0,1.0,66,True,False,False,True,False,True,False,True,True,False,False,False,True
3150,23,96,1.0,1.0,8,62,1.0,0,0.0,2.0,4,0.0,1.0,69,True,False,False,True,False,True,False,True,True,False,False,True,False
3151,21,73,1.0,1.0,9,99,1.0,2,1.0,2.0,3,2.0,0.0,69,False,True,False,True,False,True,False,True,True,False,False,True,False
3152,28,72,2.0,1.0,8,92,0.0,1,1.0,1.0,2,0.0,0.0,68,True,False,False,True,False,True,False,True,True,False,True,False,False
3153,14,95,1.0,1.0,8,51,1.0,5,1.0,1.0,4,1.0,0.0,70,True,False,True,False,False,True,False,True,True,False,False,False,True
3154,16,92,1.0,0.0,9,71,2.0,2,0.0,1.0,2,0.0,1.0,66,True,False,True,False,True,False,False,True,True,False,False,True,False
3155,15,81,2.0,1.0,5,68,0.0,0,1.0,2.0,3,0.0,0.0,65,True,False,False,True,True,False,True,False,True,False,False,False,True
3156,25,65,0.0,1.0,6,94,1.0,1,0.0,2.0,4,1.0,0.0,65,False,True,False,True,True,False,False,True,True,False,True,False,False
3157,25,69,0.0,1.0,5,63,1.0,1,2.0,1.0,2,0.0,0.0,65,False,True,True,False,False,True,False,True,True,False,False,True,False
3158,23,86,0.0,1.0,4,100,1.0,0,0.0,2.0,3,2.0,0.0,69,False,True,False,True,False,True,False,True,True,False,True,False,False
3159,27,75,1.0,1.0,8,60,1.0,4,1.0,1.0,2,2.0,1.0,69,True,False,False,True,True,False,False,True,True,False,False,False,True
3160,13,93,1.0,2.0,9,62,0.0,0,0.0,1.0,3,0.0,1.0,65,False,True,True,False,True,False,False,True,True,False,False,True,False
3161,29,92,1.0,2.0,8,58,0.0,2,1.0,0.0,3,1.0,0.0,72,False,True,True,False,True,False,False,True,True,False,False,True,False
3162,24,75,1.0,0.0,7,94,1.0,2,1.0,2.0,4,0.0,0.0,67,False,True,False,True,True,False,False,True,True,False,True,False,False
3163,31,92,2.0,1.0,7,55,1.0,3,0.0,2.0,3,0.0,0.0,74,False,True,False,True,False,True,False,True,True,False,False,False,True
3164,10,74,1.0,1.0,10,99,2.0,2,1.0,2.0,3,1.0,0.0,66,False,True,False,True,False,True,False,True,True,False,False,True,False
3165,17,67,2.0,2.0,9,94,1.0,2,0.0,0.0,3,0.0,0.0,66,True,False,True,False,False,True,False,True,True,False,False,False,True
3166,16,61,1.0,2.0,6,92,2.0,4,2.0,2.0,3,0.0,0.0,66,False,True,False,True,True,False,False,True,True,False,False,True,False
3167,24,75,0.0,2.0,9,70,2.0,5,2.0,2.0,5,1.0,0.0,71,True,False,False,True,False,True,False,True,True,False,True,False,False
3168,14,96,1.0,0.0,9,76,1.0,0,0.0,2.0,3,0.0,1.0,66,False,True,False,True,True,False,False,True,True,False,False,True,False
3169,25,70,0.0,2.0,8,73,2.0,1,0.0,0.0,2,2.0,0.0,65,False,True,False,True,True,False,False,True,True,False,True,False,False
3170,28,68,0.0,2.0,8,99,1.0,1,2.0,1.0,3,0.0,0.0,69,True,False,False,True,False,True,False,True,True,False,False,True,False
3171,24,99,1.0,0.0,8,52,0.0,1,0.0,2.0,2,0.0,0.0,69,False,True,False,True,False,True,False,True,True,False,True,False,False
3172,22,61,1.0,1.0,5,69,0.0,2,0.0,2.0,2,0.0,2.0,63,True,False,False,True,False,True,False,True,True,False,False,True,False
3173,14,91,0.0,1.0,5,98,2.0,0,2.0,2.0,3,0.0,0.0,68,True,False,False,True,True,False,False,True,True,False,False,True,False
3174,15,73,1.0,1.0,8,68,1.0,1,2.0,1.0,3,0.0,0.0,64,True,False,False,True,True,False,False,True,True,False,False,True,False
3175,27,61,1.0,1.0,5,70,1.0,2,0.0,0.0,2,1.0,0.0,64,False,True,False,True,True,False,False,True,True,False,False,True,False
3176,25,97,1.0,2.0,5,82,2.0,1,0.0,2.0,5,1.0,1.0,73,False,True,False,True,False,True,False,True,True,False,True,False,False
3177,20,66,0.0,2.0,4,95,2.0,2,2.0,1.0,2,0.0,1.0,66,True,False,False,True,False,True,False,True,True,False,False,True,False
3178,17,82,1.0,2.0,6,65,0.0,4,0.0,1.0,3,0.0,1.0,67,True,False,True,False,True,False,False,True,True,False,False,False,True
3179,8,71,2.0,1.0,8,97,1.0,3,1.0,1.0,1,0.0,0.0,63,True,False,True,False,False,True,False,True,False,True,False,True,False
3180,14,63,1.0,1.0,8,64,2.0,1,0.0,1.0,3,0.0,1.0,61,False,True,False,True,False,True,False,True,True,False,False,True,False
3181,31,62,1.0,1.0,8,91,2.0,4,2.0,2.0,4,0.0,1.0,71,False,True,False,True,False,True,False,True,True,False,False,False,True
3182,12,65,0.0,1.0,6,64,1.0,1,1.0,1.0,3,1.0,0.0,61,True,False,False,True,False,True,False,True,True,False,False,False,True
3183,21,63,1.0,0.0,7,54,0.0,1,1.0,1.0,3,1.0,1.0,62,True,False,True,False,False,True,False,True,True,False,False,False,True
3184,26,90,2.0,2.0,8,91,1.0,1,2.0,2.0,4,0.0,0.0,74,False,True,True,False,False,True,False,True,False,True,False,True,False
3185,12,79,1.0,1.0,8,73,1.0,2,1.0,1.0,4,0.0,0.0,65,False,True,True,False,True,False,False,True,True,False,False,True,False
3186,21,74,0.0,0.0,6,70,0.0,2,0.0,2.0,3,0.0,1.0,64,True,False,False,True,False,True,False,True,True,False,False,False,True
3187,26,77,0.0,0.0,7,71,1.0,1,1.0,2.0,4,2.0,1.0,66,False,True,False,True,True,False,False,True,True,False,False,True,False
3188,20,97,2.0,2.0,4,81,1.0,1,1.0,1.0,2,0.0,0.0,72,False,True,False,True,False,True,False,True,False,True,False,False,True
3189,10,89,1.0,1.0,6,62,1.0,4,0.0,1.0,3,2.0,1.0,67,False,True,False,True,False,True,False,True,True,False,False,False,True
3190,26,95,1.0,2.0,9,74,0.0,3,0.0,1.0,3,0.0,0.0,71,True,False,True,False,True,False,False,True,False,True,False,True,False
3191,19,73,2.0,1.0,6,52,1.0,1,1.0,1.0,3,0.0,0.0,65,False,True,False,True,True,False,False,True,True,False,False,False,True
3192,25,75,0.0,0.0,7,82,1.0,3,1.0,2.0,4,2.0,0.0,68,False,True,True,False,False,True,False,True,True,False,True,False,False
3193,23,85,1.0,1.0,6,91,0.0,1,0.0,2.0,3,0.0,2.0,68,False,True,False,True,False,True,False,True,True,False,False,True,False
3194,16,85,2.0,0.0,6,86,0.0,3,2.0,2.0,2,0.0,2.0,67,False,True,True,False,False,True,False,True,True,False,False,True,False
3195,21,79,1.0,0.0,8,73,1.0,1,0.0,0.0,2,0.0,0.0,64,True,False,False,True,True,False,False,True,True,False,False,True,False
3196,9,76,0.0,2.0,6,78,0.0,0,1.0,1.0,4,2.0,0.0,60,False,True,False,True,True,False,True,False,False,True,True,False,False
3197,24,99,1.0,1.0,10,51,0.0,1,0.0,1.0,3,0.0,0.0,70,False,True,False,True,True,False,False,True,True,False,False,True,False
3198,22,93,2.0,1.0,4,96,2.0,1,2.0,0.0,2,1.0,0.0,73,False,True,True,False,False,True,False,True,True,False,False,False,True
3199,24,77,1.0,1.0,8,78,0.0,2,2.0,2.0,3,0.0,1.0,69,False,True,True,False,False,True,False,True,True,False,False,False,True
3200,26,89,2.0,1.0,7,66,1.0,0,0.0,1.0,5,1.0,0.0,70,False,True,False,True,True,False,False,True,False,True,False,True,False
3201,22,71,1.0,1.0,7,65,0.0,1,0.0,1.0,3,1.0,0.0,64,False,True,False,True,True,False,False,True,True,False,False,True,False
3202,21,64,2.0,0.0,7,83,2.0,2,0.0,0.0,3,0.0,1.0,64,True,False,False,True,False,True,False,True,True,False,False,True,False
3203,15,74,2.0,1.0,8,79,1.0,0,2.0,1.0,3,1.0,0.0,65,False,True,False,True,False,True,False,True,True,False,True,False,False
3204,16,76,1.0,1.0,7,59,0.0,0,0.0,1.0,2,1.0,0.0,62,True,False,False,True,True,False,False,True,True,False,False,True,False
3205,27,61,1.0,1.0,9,70,1.0,0,1.0,1.0,2,0.0,0.0,64,False,True,False,True,False,True,False,True,True,False,False,True,False
3206,29,93,1.0,1.0,7,84,1.0,0,2.0,1.0,3,1.0,1.0,72,False,True,False,True,False,True,False,True,True,False,False,True,False
3207,19,74,1.0,0.0,5,65,2.0,1,0.0,2.0,3,0.0,0.0,64,False,True,False,True,False,True,True,False,True,False,False,False,True
3208,20,83,1.0,1.0,7,75,1.0,0,1.0,1.0,4,0.0,0.0,67,True,False,False,True,False,True,False,True,True,False,False,True,False
3209,15,63,2.0,2.0,9,63,0.0,4,2.0,2.0,3,1.0,0.0,64,False,True,True,False,False,True,True,False,True,False,True,False,False
3210,27,67,0.0,1.0,6,54,1.0,0,1.0,0.0,2,0.0,2.0,61,False,True,True,False,True,False,False,True,True,False,True,False,False
3211,24,96,1.0,2.0,5,69,1.0,1,0.0,1.0,4,0.0,0.0,72,False,True,False,True,False,True,False,True,True,False,False,False,True
3212,32,84,1.0,1.0,8,87,1.0,2,1.0,1.0,1,0.0,2.0,70,False,True,False,True,False,True,True,False,True,False,False,False,True
3213,15,98,1.0,2.0,8,61,1.0,4,0.0,1.0,2,0.0,1.0,70,True,False,False,True,True,False,False,True,True,False,False,False,True
3214,18,100,1.0,1.0,6,88,1.0,2,1.0,1.0,2,1.0,1.0,71,False,True,False,True,True,False,False,True,True,False,False,True,False
3215,21,75,2.0,2.0,7,83,0.0,1,1.0,1.0,2,1.0,0.0,68,True,False,False,True,True,False,False,True,True,False,False,False,True
3216,24,72,1.0,1.0,7,75,1.0,3,2.0,1.0,2,1.0,0.0,68,True,False,True,False,True,False,False,True,True,False,False,True,False
3217,19,94,2.0,2.0,7,99,1.0,0,0.0,1.0,1,0.0,0.0,70,False,True,False,True,True,False,False,True,False,True,False,True,False
3218,15,100,2.0,2.0,8,94,2.0,2,1.0,2.0,3,1.0,0.0,73,False,True,False,True,True,False,False,True,True,False,True,False,False
3219,25,85,2.0,1.0,6,78,0.0,2,1.0,2.0,1,0.0,2.0,69,True,False,False,True,True,False,False,True,True,False,False,True,False
3220,24,92,1.0,2.0,8,78,2.0,0,1.0,1.0,3,0.0,0.0,71,False,True,False,True,True,False,False,True,True,False,False,True,False
3221,15,91,0.0,1.0,6,64,0.0,1,0.0,2.0,3,0.0,0.0,64,False,True,False,True,True,False,False,True,False,True,False,False,True
3222,28,74,1.0,1.0,9,96,0.0,0,1.0,1.0,3,0.0,0.0,68,True,False,True,False,True,False,False,True,True,False,False,True,False
3223,27,83,1.0,1.0,10,95,1.0,0,2.0,0.0,4,0.0,1.0,69,True,False,True,False,True,False,False,True,True,False,False,True,False
3224,21,93,2.0,0.0,6,87,1.0,1,0.0,2.0,2,0.0,0.0,70,True,False,False,True,True,False,False,True,True,False,False,False,True
3225,20,88,1.0,1.0,5,56,1.0,1,0.0,1.0,4,0.0,0.0,67,True,False,False,True,True,False,False,True,True,False,False,True,False
3226,23,61,1.0,2.0,8,85,1.0,1,1.0,2.0,0,0.0,0.0,66,False,True,True,False,False,True,False,True,True,False,False,False,True
3227,15,73,1.0,2.0,7,63,1.0,2,1.0,1.0,5,2.0,1.0,65,False,True,False,True,True,False,False,True,True,False,False,True,False
3228,20,66,1.0,2.0,8,59,0.0,4,1.0,1.0,3,1.0,0.0,66,False,True,False,True,False,True,False,True,True,False,False,False,True
3229,7,69,0.0,1.0,6,88,1.0,0,0.0,2.0,4,2.0,0.0,61,True,False,True,False,False,True,False,True,True,False,True,False,False
3230,25,96,0.0,1.0,7,98,1.0,0,0.0,1.0,2,0.0,0.0,71,True,False,False,True,True,False,False,True,True,False,False,False,True
3231,11,61,2.0,0.0,6,55,1.0,5,2.0,0.0,3,0.0,2.0,60,False,True,False,True,False,True,False,True,True,False,False,True,False
3232,29,69,1.0,1.0,7,58,1.0,1,0.0,0.0,2,1.0,0.0,66,False,True,False,True,False,True,False,True,True,False,False,False,True
3233,18,72,0.0,0.0,5,61,0.0,1,1.0,1.0,4,1.0,1.0,61,False,True,True,False,False,True,False,True,True,False,True,False,False
3234,19,85,1.0,1.0,7,98,2.0,2,1.0,1.0,3,0.0,1.0,68,True,False,False,True,False,True,False,True,False,True,True,False,False
3235,16,81,1.0,2.0,5,85,2.0,2,0.0,1.0,3,1.0,0.0,68,False,True,False,True,False,True,True,False,True,False,False,False,True
3236,18,69,1.0,1.0,6,84,1.0,2,0.0,1.0,4,0.0,0.0,65,False,True,False,True,False,True,False,True,True,False,False,False,True
3237,29,67,2.0,0.0,7,75,1.0,3,0.0,1.0,1,0.0,0.0,65,True,False,False,True,True,False,True,False,True,False,False,True,False
3238,5,69,1.0,1.0,8,77,1.0,2,0.0,2.0,2,1.0,0.0,60,True,False,False,True,False,True,True,False,True,False,True,False,False
3239,28,80,0.0,1.0,8,65,0.0,2,0.0,1.0,2,1.0,0.0,67,False,True,True,False,True,False,False,True,True,False,False,True,False
3240,22,71,2.0,1.0,8,58,1.0,2,0.0,1.0,4,1.0,0.0,65,True,False,False,True,True,False,True,False,True,False,True,False,False
3241,13,98,2.0,1.0,5,89,2.0,1,2.0,1.0,3,0.0,0.0,70,False,True,False,True,False,True,False,True,True,False,True,False,False
3242,14,79,1.0,1.0,9,74,1.0,1,1.0,1.0,4,0.0,0.0,64,False,True,False,True,True,False,False,True,True,False,False,True,False
3243,30,62,1.0,2.0,6,63,1.0,2,0.0,2.0,4,0.0,1.0,68,False,True,False,True,False,True,False,True,True,False,False,False,True
3244,14,89,2.0,1.0,6,82,2.0,2,1.0,1.0,4,1.0,1.0,69,True,False,False,True,True,False,False,True,True,False,True,False,False
3245,13,73,1.0,2.0,7,60,2.0,0,2.0,2.0,3,1.0,0.0,65,True,False,False,True,False,True,False,True,True,False,False,True,False
3246,27,86,1.0,1.0,6,74,1.0,2,2.0,2.0,3,0.0,0.0,71,False,True,True,False,True,False,False,True,True,False,False,True,False
3247,22,71,1.0,1.0,8,60,0.0,1,1.0,2.0,4,0.0,1.0,65,True,False,False,True,False,True,False,True,True,False,False,True,False
3248,14,83,1.0,2.0,8,88,0.0,0,2.0,1.0,2,0.0,1.0,65,False,True,False,True,False,True,False,True,False,True,True,False,False
3249,21,91,1.0,1.0,6,66,2.0,0,1.0,1.0,2,1.0,2.0,68,True,False,False,True,False,True,False,True,False,True,False,False,True
3250,14,97,1.0,0.0,7,72,2.0,1,0.0,0.0,3,0.0,0.0,66,True,False,False,True,True,False,False,True,True,False,False,True,False
3251,27,70,0.0,0.0,7,88,1.0,1,2.0,1.0,3,0.0,0.0,65,False,True,False,True,False,True,True,False,True,False,False,True,False
3252,26,73,2.0,2.0,8,83,0.0,2,1.0,1.0,4,1.0,0.0,71,False,True,False,True,False,True,False,True,True,False,False,False,True
3253,23,79,0.0,1.0,6,70,1.0,3,1.0,2.0,4,2.0,1.0,68,True,False,False,True,False,True,False,True,True,False,True,False,False
3254,22,97,1.0,1.0,6,54,1.0,2,2.0,1.0,2,1.0,0.0,70,False,True,False,True,False,True,True,False,True,False,False,True,False
3255,31,96,1.0,0.0,5,96,0.0,3,0.0,2.0,2,1.0,0.0,74,True,False,True,False,True,False,False,True,True,False,False,True,False
3256,20,64,2.0,0.0,6,50,2.0,0,0.0,1.0,2,0.0,0.0,62,False,True,True,False,False,True,False,True,True,False,False,True,False
3257,13,65,1.0,2.0,5,87,0.0,1,1.0,1.0,2,0.0,1.0,61,True,False,False,True,True,False,False,True,False,True,False,False,True
3258,23,80,2.0,2.0,6,97,1.0,0,1.0,1.0,3,0.0,0.0,70,False,True,True,False,False,True,False,True,True,False,False,True,False
3259,33,64,0.0,1.0,9,65,1.0,0,1.0,1.0,2,1.0,1.0,65,False,True,False,True,False,True,False,True,True,False,True,False,False
3260,14,74,1.0,1.0,8,54,2.0,2,0.0,0.0,2,0.0,1.0,62,False,True,False,True,False,True,False,True,True,False,False,True,False
3261,18,66,2.0,2.0,9,62,1.0,2,2.0,1.0,4,0.0,1.0,65,True,False,False,True,True,False,False,True,True,False,False,True,False
3262,22,85,2.0,1.0,6,66,0.0,0,0.0,1.0,4,1.0,0.0,68,False,True,True,False,True,False,False,True,True,False,False,False,True
3263,20,98,1.0,2.0,4,73,1.0,2,1.0,0.0,1,0.0,2.0,70,False,True,True,False,False,True,False,True,True,False,False,False,True
3264,14,100,1.0,0.0,7,76,0.0,1,1.0,1.0,3,2.0,0.0,68,True,False,True,False,True,False,False,True,True,False,False,True,False
3265,27,75,0.0,1.0,10,86,1.0,3,1.0,1.0,6,2.0,0.0,69,True,False,True,False,True,False,True,False,True,False,False,False,True
3266,34,84,1.0,2.0,6,95,1.0,1,0.0,1.0,3,2.0,2.0,73,False,True,True,False,False,True,False,True,True,False,False,True,False
3267,21,94,1.0,1.0,7,73,1.0,1,1.0,1.0,5,1.0,0.0,71,True,False,True,False,False,True,False,True,True,False,False,False,True
3268,15,65,0.0,2.0,5,87,1.0,0,0.0,2.0,4,0.0,0.0,63,True,False,True,False,False,True,False,True,True,False,False,True,False
3269,11,88,2.0,1.0,7,56,0.0,2,1.0,1.0,2,1.0,0.0,66,False,True,False,True,False,True,False,True,True,False,False,True,False
3270,22,76,2.0,0.0,7,66,0.0,1,0.0,2.0,4,2.0,0.0,67,False,True,True,False,False,True,False,True,True,False,False,False,True
3271,27,68,0.0,2.0,4,56,1.0,0,0.0,2.0,1,0.0,0.0,64,True,False,False,True,True,False,False,True,True,False,False,True,False
3272,23,76,1.0,0.0,5,85,1.0,1,1.0,0.0,3,0.0,0.0,66,True,False,False,True,False,True,False,True,True,False,False,True,False
3273,20,63,2.0,2.0,5,95,1.0,2,2.0,2.0,3,1.0,0.0,69,False,True,False,True,False,True,False,True,True,False,False,False,True
3274,16,88,1.0,2.0,5,94,2.0,4,1.0,1.0,6,1.0,1.0,72,False,True,True,False,False,True,False,True,True,False,False,False,True
3275,13,70,1.0,2.0,6,66,1.0,1,1.0,1.0,4,0.0,0.0,63,False,True,False,True,False,True,False,True,True,False,True,False,False
3276,25,72,1.0,2.0,8,62,1.0,2,0.0,1.0,2,0.0,0.0,67,True,False,False,True,False,True,False,True,True,False,False,False,True
3277,25,65,0.0,1.0,6,64,1.0,1,1.0,1.0,4,1.0,0.0,64,False,True,True,False,True,False,False,True,True,False,True,False,False
3278,11,95,1.0,1.0,9,64,2.0,4,0.0,1.0,4,0.0,1.0,68,False,True,False,True,False,True,False,True,True,False,False,False,True
3279,30,80,2.0,2.0,6,54,2.0,1,2.0,1.0,3,0.0,1.0,71,True,False,False,True,True,False,False,True,True,False,False,False,True
3280,23,83,1.0,0.0,7,57,1.0,2,1.0,2.0,4,0.0,1.0,67,True,False,False,True,False,True,True,False,True,False,False,False,True
3281,28,83,1.0,0.0,8,61,1.0,1,0.0,1.0,5,2.0,0.0,67,False,True,True,False,True,False,False,True,False,True,True,False,False
3282,12,76,1.0,1.0,9,50,1.0,2,1.0,2.0,3,1.0,0.0,64,False,True,False,True,False,True,False,True,True,False,True,False,False
3283,12,68,2.0,0.0,6,52,0.0,5,2.0,2.0,3,1.0,0.0,63,False,True,False,True,True,False,False,True,True,False,False,True,False
3284,19,90,2.0,2.0,8,85,1.0,2,1.0,1.0,4,1.0,0.0,72,False,True,False,True,True,False,False,True,True,False,False,True,False
3285,23,65,0.0,1.0,6,81,0.0,2,0.0,1.0,2,0.0,0.0,63,True,False,False,True,False,True,False,True,True,False,False,True,False
3286,31,64,2.0,1.0,10,97,0.0,2,1.0,1.0,4,0.0,2.0,67,True,False,True,False,True,False,False,True,True,False,True,False,False
3287,24,88,0.0,1.0,5,70,1.0,1,0.0,1.0,2,2.0,0.0,68,False,True,True,False,False,True,True,False,True,False,False,False,True
3288,19,68,0.0,2.0,8,72,2.0,2,0.0,2.0,3,1.0,2.0,64,False,True,True,False,False,True,False,True,True,False,False,True,False
3289,14,72,1.0,2.0,9,53,1.0,4,1.0,1.0,3,2.0,0.0,65,False,True,False,True,True,False,False,True,True,False,True,False,False
3290,27,79,1.0,0.0,5,58,2.0,2,1.0,1.0,1,2.0,2.0,68,True,False,True,False,False,True,False,True,True,False,False,True,False
3291,14,78,1.0,2.0,8,85,1.0,2,0.0,1.0,4,0.0,0.0,66,False,True,True,False,False,True,False,True,True,False,True,False,False
3292,30,88,1.0,1.0,6,62,2.0,4,0.0,1.0,5,1.0,2.0,73,True,False,True,False,False,True,False,True,True,False,False,False,True
3293,18,85,0.0,1.0,10,89,1.0,1,2.0,1.0,3,0.0,0.0,68,True,False,True,False,False,True,False,True,True,False,False,False,True
3294,30,86,1.0,2.0,4,85,2.0,2,1.0,1.0,5,2.0,2.0,72,False,True,True,False,True,False,False,True,False,True,False,True,False
3295,24,89,1.0,1.0,5,87,1.0,3,2.0,1.0,0,0.0,0.0,70,True,False,False,True,False,True,True,False,True,False,False,True,False
3296,19,72,1.0,1.0,5,85,2.0,1,0.0,1.0,4,1.0,0.0,66,True,False,True,False,False,True,False,True,True,False,False,True,False
3297,17,73,0.0,1.0,5,85,2.0,3,1.0,1.0,1,1.0,0.0,66,True,False,False,True,False,True,False,True,True,False,False,False,True
3298,18,78,0.0,0.0,8,77,1.0,2,1.0,2.0,4,1.0,0.0,66,True,False,True,False,False,True,False,True,True,False,False,True,False
3299,23,72,2.0,0.0,10,84,0.0,2,0.0,1.0,2,0.0,1.0,65,False,True,False,True,False,True,False,True,True,False,True,False,False
3300,20,99,2.0,0.0,9,76,2.0,2,0.0,1.0,5,1.0,2.0,71,False,True,False,True,False,True,False,True,True,False,False,True,False
3301,16,93,0.0,1.0,7,60,1.0,1,1.0,1.0,1,0.0,1.0,66,True,False,False,True,False,True,False,True,True,False,False,False,True
3302,19,67,1.0,0.0,7,61,2.0,1,1.0,1.0,4,1.0,1.0,63,True,False,True,False,True,False,False,True,True,False,False,True,False
3303,20,60,1.0,1.0,6,70,1.0,2,0.0,1.0,3,2.0,0.0,63,True,False,False,True,False,True,False,True,False,True,False,True,False
3304,23,70,1.0,2.0,7,94,0.0,3,1.0,2.0,3,0.0,0.0,68,True,False,False,True,True,False,False,True,True,False,False,True,False
3305,14,65,2.0,1.0,7,63,1.0,2,0.0,1.0,3,0.0,1.0,61,False,True,False,True,True,False,False,True,True,False,False,True,False
3306,13,81,1.0,2.0,6,53,0.0,2,0.0,1.0,4,0.0,0.0,65,False,True,False,True,True,False,False,True,True,False,False,False,True
3307,10,94,2.0,0.0,5,71,1.0,1,2.0,1.0,3,0.0,1.0,67,False,True,False,True,True,False,False,True,True,False,False,False,True
3308,9,89,0.0,2.0,7,91,1.0,1,2.0,0.0,3,2.0,0.0,67,False,True,False,True,False,True,False,True,True,False,False,True,False
3309,12,69,2.0,0.0,7,70,1.0,1,1.0,1.0,4,0.0,0.0,62,False,True,True,False,True,False,False,True,True,False,False,False,True
3310,32,80,2.0,1.0,6,77,0.0,0,1.0,1.0,5,1.0,0.0,71,False,True,False,True,True,False,False,True,True,False,False,True,False
3311,17,92,1.0,1.0,8,79,1.0,1,0.0,1.0,3,2.0,0.0,70,False,True,False,True,False,True,False,True,True,False,False,False,True
3312,21,94,1.0,1.0,8,88,1.0,1,1.0,1.0,3,1.0,0.0,71,False,True,False,True,True,False,False,True,True,False,False,False,True
3313,22,96,2.0,0.0,10,90,2.0,2,0.0,1.0,3,1.0,1.0,71,False,True,False,True,True,False,False,True,False,True,False,True,False
3314,21,80,2.0,2.0,9,85,0.0,1,2.0,1.0,3,1.0,0.0,70,True,False,False,True,False,True,False,True,True,False,True,False,False
3315,20,88,1.0,2.0,5,50,1.0,2,0.0,1.0,5,0.0,1.0,67,False,True,False,True,False,True,True,False,True,False,False,True,False
3316,13,64,1.0,0.0,7,50,2.0,0,1.0,0.0,4,0.0,0.0,60,False,True,False,True,False,True,False,True,True,False,False,False,True
3317,29,83,2.0,2.0,5,99,1.0,0,1.0,2.0,4,1.0,0.0,73,True,False,False,True,True,False,False,True,True,False,False,True,False
3318,31,70,2.0,0.0,4,63,2.0,1,1.0,1.0,2,0.0,0.0,67,True,False,False,True,False,True,False,True,False,True,False,True,False
3319,10,77,0.0,2.0,10,64,2.0,1,0.0,1.0,3,1.0,0.0,62,True,False,True,False,False,True,False,True,False,True,True,False,False
3320,14,85,1.0,2.0,9,87,2.0,0,1.0,1.0,3,1.0,0.0,67,True,False,False,True,True,False,False,True,True,False,True,False,False
3321,18,70,2.0,0.0,6,79,1.0,1,1.0,2.0,2,1.0,0.0,65,True,False,False,True,True,False,False,True,True,False,False,False,True
3322,14,62,1.0,1.0,9,73,1.0,1,0.0,1.0,6,0.0,0.0,61,False,True,False,True,True,False,False,True,True,False,False,True,False
3323,23,60,2.0,1.0,9,56,0.0,0,0.0,1.0,4,0.0,1.0,61,True,False,True,False,False,True,True,False,True,False,True,False,False
3324,16,61,2.0,1.0,4,54,0.0,1,0.0,1.0,2,0.0,0.0,60,True,False,True,False,True,False,False,True,True,False,False,True,False
3325,33,60,2.0,2.0,8,85,0.0,4,0.0,0.0,3,0.0,0.0,68,False,True,False,True,True,False,False,True,True,False,True,False,False
3326,27,64,2.0,1.0,6,56,0.0,0,0.0,2.0,5,1.0,1.0,65,True,False,False,True,False,True,False,True,True,False,False,True,False
3327,21,70,2.0,2.0,8,72,0.0,3,1.0,0.0,1,2.0,1.0,67,True,False,False,True,False,True,False,True,True,False,False,True,False
3328,26,69,2.0,0.0,10,87,0.0,2,1.0,0.0,2,2.0,0.0,67,False,True,False,True,True,False,False,True,True,False,False,False,True
3329,27,99,2.0,1.0,9,96,0.0,0,2.0,1.0,2,1.0,1.0,74,False,True,True,False,True,False,False,True,True,False,False,False,True
3330,17,72,0.0,1.0,7,94,0.0,4,1.0,1.0,2,0.0,2.0,64,True,False,False,True,True,False,False,True,True,False,False,False,True
3331,15,65,1.0,2.0,9,93,0.0,2,0.0,0.0,3,1.0,0.0,64,False,True,True,False,False,True,False,True,True,False,False,True,False
3332,20,82,1.0,0.0,4,68,1.0,2,0.0,2.0,3,0.0,0.0,67,False,True,False,True,False,True,False,True,True,False,False,True,False
3333,25,94,2.0,2.0,8,96,2.0,6,1.0,1.0,3,0.0,2.0,74,True,False,False,True,True,False,False,True,False,True,True,False,False
3334,21,87,1.0,1.0,8,84,2.0,1,0.0,0.0,2,1.0,0.0,69,False,True,True,False,False,True,False,True,True,False,False,False,True
3335,11,72,0.0,1.0,8,94,2.0,1,0.0,0.0,2,0.0,0.0,62,False,True,False,True,True,False,False,True,True,False,False,False,True
3336,15,82,1.0,1.0,6,54,1.0,1,1.0,1.0,2,1.0,0.0,66,True,False,False,True,False,True,False,True,True,False,False,False,True
3337,20,89,2.0,2.0,8,52,0.0,2,1.0,1.0,3,1.0,1.0,69,True,False,False,True,False,True,False,True,True,False,True,False,False
3338,20,89,2.0,1.0,8,71,1.0,1,1.0,1.0,1,2.0,2.0,68,False,True,False,True,False,True,False,True,True,False,True,False,False
3339,32,87,2.0,1.0,4,91,1.0,2,2.0,1.0,2,0.0,1.0,74,True,False,False,True,False,True,False,True,True,False,False,True,False
3340,12,95,1.0,1.0,7,70,1.0,4,1.0,2.0,3,0.0,2.0,68,False,True,False,True,True,False,False,True,True,False,False,False,True
3341,23,95,1.0,1.0,6,94,2.0,2,1.0,1.0,3,0.0,0.0,73,False,True,False,True,False,True,False,True,True,False,False,True,False
3342,29,83,1.0,0.0,8,62,0.0,4,2.0,1.0,5,1.0,0.0,70,False,True,False,True,True,False,False,True,True,False,True,False,False
3343,34,77,1.0,2.0,9,52,1.0,0,1.0,1.0,4,0.0,1.0,69,True,False,True,False,True,False,False,True,True,False,False,True,False
3344,18,86,1.0,1.0,6,88,1.0,2,1.0,2.0,2,1.0,2.0,68,False,True,False,True,False,True,False,True,True,False,False,True,False
3345,23,93,1.0,2.0,5,81,2.0,2,0.0,1.0,1,1.0,0.0,71,False,True,True,False,True,False,False,True,True,False,True,False,False
3346,23,60,0.0,1.0,7,72,0.0,3,2.0,1.0,2,1.0,0.0,64,True,False,False,True,True,False,False,True,True,False,False,True,False
3347,21,100,1.0,1.0,5,92,0.0,3,0.0,0.0,3,2.0,0.0,71,False,True,False,True,True,False,False,True,False,True,False,False,True
3348,19,67,1.0,1.0,7,91,1.0,1,0.0,2.0,3,0.0,0.0,65,True,False,False,True,True,False,False,True,True,False,False,True,False
3349,23,79,0.0,1.0,7,66,2.0,1,2.0,1.0,3,2.0,0.0,68,False,True,True,False,False,True,False,True,True,False,False,False,True
3350,5,95,1.0,2.0,8,92,0.0,1,0.0,2.0,2,1.0,0.0,67,True,False,True,False,False,True,False,True,True,False,False,True,False
3351,24,69,1.0,2.0,7,67,1.0,2,1.0,2.0,4,2.0,2.0,67,False,True,False,True,False,True,False,True,True,False,True,False,False
3352,21,79,1.0,0.0,7,81,0.0,2,1.0,1.0,4,0.0,0.0,67,False,True,False,True,False,True,False,True,True,False,False,True,False
3353,19,65,1.0,2.0,9,60,0.0,1,0.0,1.0,3,2.0,1.0,63,False,True,False,True,False,True,False,True,True,False,False,True,False
3354,32,76,1.0,1.0,7,63,1.0,0,1.0,0.0,3,0.0,0.0,68,True,False,False,True,True,False,False,True,True,False,False,False,True
3355,16,67,2.0,2.0,6,72,1.0,1,0.0,2.0,3,2.0,0.0,66,True,False,False,True,False,True,False,True,True,False,False,False,True
3356,18,75,1.0,1.0,7,66,2.0,1,2.0,2.0,4,0.0,0.0,67,False,True,False,True,False,True,False,True,True,False,False,False,True
3357,32,75,1.0,0.0,6,56,1.0,3,1.0,1.0,2,1.0,1.0,68,True,False,False,True,False,True,False,True,True,False,False,True,False
3358,15,100,2.0,1.0,5,74,1.0,2,2.0,1.0,3,2.0,0.0,72,False,True,True,False,False,True,False,True,True,False,False,True,False
3359,17,100,1.0,1.0,5,76,0.0,3,0.0,2.0,3,2.0,1.0,70,True,False,True,False,True,False,False,True,True,False,False,True,False
3360,19,65,0.0,2.0,9,58,0.0,3,1.0,1.0,4,0.0,1.0,62,True,False,False,True,True,False,False,True,True,False,True,False,False
3361,25,89,1.0,0.0,6,59,1.0,2,0.0,1.0,2,1.0,0.0,69,True,False,False,True,False,True,False,True,True,False,False,True,False
3362,21,62,1.0,0.0,7,51,0.0,0,0.0,1.0,4,0.0,0.0,61,True,False,True,False,False,True,False,True,True,False,False,False,True
3363,17,64,0.0,1.0,7,68,1.0,5,1.0,1.0,3,0.0,0.0,63,False,True,True,False,True,False,False,True,True,False,False,True,False
3364,16,99,2.0,1.0,9,57,2.0,4,1.0,1.0,3,1.0,0.0,71,True,False,False,True,True,False,True,False,True,False,False,False,True
3365,20,98,0.0,1.0,7,96,0.0,1,0.0,2.0,3,1.0,0.0,70,True,False,False,True,False,True,True,False,True,False,False,False,True
3366,23,68,2.0,1.0,6,60,1.0,1,0.0,1.0,3,0.0,0.0,64,True,False,False,True,True,False,False,True,True,False,False,True,False
3367,23,66,2.0,0.0,6,53,0.0,2,1.0,1.0,1,1.0,2.0,63,False,True,False,True,True,False,False,True,True,False,False,False,True
3368,9,70,2.0,1.0,8,70,0.0,1,1.0,1.0,3,1.0,0.0,63,False,True,False,True,False,True,False,True,True,False,False,False,True
3369,26,81,2.0,0.0,8,60,2.0,2,0.0,2.0,5,2.0,0.0,71,True,False,False,True,True,False,False,True,True,False,False,False,True
3370,22,83,0.0,2.0,8,53,1.0,0,0.0,0.0,2,2.0,0.0,65,True,False,False,True,False,True,True,False,True,False,True,False,False
3371,28,69,2.0,2.0,7,88,0.0,2,0.0,1.0,2,0.0,1.0,68,False,True,False,True,True,False,False,True,True,False,False,True,False
3372,23,90,1.0,2.0,5,78,2.0,1,1.0,1.0,3,0.0,1.0,70,False,True,True,False,False,True,True,False,True,False,False,True,False
3373,27,72,2.0,2.0,8,53,1.0,3,1.0,0.0,3,0.0,2.0,68,True,False,False,True,False,True,False,True,True,False,False,True,False
3374,23,97,1.0,2.0,7,73,1.0,3,0.0,1.0,1,0.0,1.0,69,False,True,True,False,True,False,True,False,True,False,True,False,False
3375,28,86,1.0,1.0,7,52,1.0,0,1.0,1.0,5,1.0,0.0,70,False,True,False,True,False,True,False,True,True,False,False,False,True
3376,23,77,2.0,1.0,5,68,0.0,0,2.0,2.0,3,0.0,0.0,67,False,True,True,False,True,False,False,True,False,True,False,False,True
3377,19,92,0.0,2.0,6,68,1.0,2,1.0,1.0,2,0.0,0.0,69,True,False,False,True,False,True,False,True,True,False,False,True,False
3378,34,93,0.0,1.0,6,91,0.0,2,2.0,1.0,3,0.0,1.0,73,True,False,False,True,True,False,False,True,True,False,False,True,False
3379,25,72,1.0,1.0,8,87,0.0,3,1.0,0.0,3,2.0,1.0,68,False,True,False,True,False,True,False,True,True,False,False,False,True
3380,23,74,2.0,1.0,8,95,1.0,2,0.0,1.0,2,1.0,2.0,67,True,False,False,True,True,False,False,True,True,False,True,False,False
3381,12,97,1.0,2.0,7,57,0.0,0,0.0,1.0,4,1.0,1.0,67,True,False,True,False,False,True,False,True,True,False,False,False,True
3382,12,67,1.0,2.0,8,77,1.0,2,0.0,2.0,3,1.0,0.0,64,False,True,True,False,False,True,False,True,True,False,False,False,True
3383,22,62,2.0,1.0,9,51,1.0,2,0.0,1.0,2,0.0,0.0,63,False,True,False,True,True,False,False,True,True,False,False,True,False
3384,21,78,0.0,2.0,8,91,1.0,1,1.0,0.0,5,2.0,0.0,67,True,False,True,False,True,False,True,False,True,False,True,False,False
3385,16,92,1.0,2.0,8,68,1.0,1,1.0,2.0,2,0.0,0.0,70,False,True,False,True,False,True,False,True,True,False,False,False,True
3386,21,91,2.0,1.0,6,53,2.0,1,1.0,1.0,3,2.0,0.0,71,True,False,False,True,False,True,False,True,True,False,False,False,True
3387,30,97,1.0,2.0,6,66,2.0,1,1.0,1.0,2,1.0,0.0,74,False,True,True,False,False,True,False,True,True,False,False,True,False
3388,24,81,1.0,2.0,9,64,2.0,2,2.0,0.0,3,0.0,0.0,70,False,True,False,True,False,True,False,True,True,False,False,False,True
3389,13,64,0.0,0.0,6,88,1.0,1,1.0,1.0,2,1.0,1.0,59,True,False,False,True,True,False,False,True,True,False,False,True,False
3390,19,84,0.0,1.0,8,56,1.0,0,0.0,1.0,3,0.0,0.0,64,False,True,True,False,False,True,False,True,False,True,False,True,False
3391,15,91,0.0,1.0,10,78,0.0,2,1.0,2.0,3,0.0,0.0,67,True,False,False,True,True,False,False,True,True,False,False,True,False
3392,18,64,1.0,1.0,8,90,1.0,1,0.0,1.0,3,0.0,0.0,63,False,True,False,True,False,True,False,True,True,False,False,True,False
3393,18,67,0.0,2.0,7,87,1.0,5,0.0,0.0,2,1.0,0.0,66,False,True,False,True,False,True,False,True,True,False,False,False,True
3394,17,60,1.0,1.0,5,97,1.0,1,1.0,1.0,4,1.0,2.0,62,False,True,True,False,False,True,False,True,True,False,True,False,False
3395,12,84,0.0,1.0,7,50,1.0,3,2.0,2.0,3,0.0,0.0,65,False,True,False,True,True,False,False,True,True,False,False,True,False
3396,19,95,2.0,2.0,9,68,1.0,3,2.0,1.0,4,1.0,2.0,73,False,True,False,True,False,True,False,True,True,False,False,False,True
3397,17,87,2.0,2.0,7,68,2.0,1,1.0,2.0,2,0.0,0.0,70,False,True,False,True,False,True,False,True,True,False,False,False,True
3398,2,99,1.0,0.0,9,52,0.0,0,1.0,1.0,4,0.0,0.0,62,False,True,False,True,False,True,False,True,True,False,False,True,False
3399,32,63,1.0,2.0,8,91,1.0,2,2.0,0.0,5,0.0,0.0,68,True,False,False,True,True,False,True,False,False,True,False,False,True
3400,27,96,2.0,0.0,7,84,1.0,1,2.0,1.0,3,1.0,0.0,74,False,True,False,True,False,True,False,True,True,False,False,True,False
3401,20,73,2.0,2.0,5,70,2.0,1,0.0,2.0,2,0.0,1.0,66,False,True,False,True,True,False,False,True,True,False,True,False,False
3402,13,99,0.0,2.0,6,95,1.0,0,0.0,1.0,4,2.0,0.0,69,False,True,False,True,False,True,True,False,True,False,False,False,True
3403,30,72,2.0,2.0,6,63,1.0,1,0.0,1.0,3,2.0,0.0,70,True,False,False,True,False,True,False,True,True,False,False,True,False
3404,31,96,1.0,0.0,8,67,1.0,2,1.0,1.0,3,1.0,0.0,73,False,True,True,False,False,True,False,True,True,False,False,True,False
3405,21,95,0.0,0.0,7,98,0.0,1,0.0,2.0,2,0.0,0.0,69,False,True,False,True,True,False,False,True,True,False,False,False,True
3406,26,90,2.0,2.0,9,53,1.0,1,0.0,1.0,4,0.0,2.0,71,False,True,True,False,False,True,False,True,True,False,False,True,False
3407,21,83,2.0,0.0,7,89,0.0,0,0.0,0.0,2,1.0,1.0,65,True,False,False,True,False,True,True,False,True,False,False,True,False
3408,12,65,1.0,0.0,6,86,1.0,1,1.0,1.0,3,2.0,0.0,62,True,False,False,True,False,True,False,True,True,False,False,False,True
3409,18,81,2.0,2.0,6,95,0.0,1,1.0,1.0,3,0.0,0.0,69,False,True,False,True,True,False,False,True,True,False,False,False,True
3410,21,74,0.0,1.0,6,55,2.0,3,0.0,1.0,2,1.0,0.0,65,False,True,False,True,True,False,False,True,True,False,False,False,True
3411,17,92,1.0,1.0,7,99,1.0,1,1.0,1.0,2,1.0,2.0,68,True,False,False,True,True,False,False,True,True,False,False,True,False
3412,19,90,0.0,0.0,6,51,2.0,1,0.0,1.0,3,2.0,0.0,65,False,True,False,True,False,True,False,True,False,True,True,False,False
3413,19,96,1.0,2.0,5,67,1.0,4,2.0,1.0,1,0.0,1.0,72,False,True,True,False,False,True,False,True,True,False,False,True,False
3414,20,61,2.0,2.0,9,54,1.0,2,2.0,1.0,4,2.0,0.0,67,False,True,True,False,False,True,False,True,True,False,False,False,True
3415,20,92,1.0,0.0,7,53,1.0,2,1.0,2.0,2,1.0,2.0,68,False,True,True,False,True,False,False,True,True,False,False,False,True
3416,14,98,0.0,1.0,7,98,1.0,0,1.0,2.0,3,0.0,0.0,68,False,True,False,True,True,False,True,False,True,False,False,False,True
3417,16,92,1.0,1.0,6,86,0.0,2,1.0,1.0,3,1.0,0.0,66,True,False,True,False,True,False,True,False,False,True,False,True,False
3418,12,65,1.0,2.0,5,75,2.0,0,2.0,1.0,2,0.0,1.0,62,False,True,True,False,False,True,False,True,True,False,True,False,False
3419,26,63,1.0,1.0,7,55,1.0,2,1.0,2.0,4,0.0,2.0,65,False,True,False,True,False,True,False,True,True,False,False,True,False
3420,7,61,0.0,2.0,4,76,2.0,1,1.0,1.0,5,0.0,2.0,60,True,False,True,False,False,True,False,True,True,False,False,False,True
3421,27,85,2.0,1.0,8,66,1.0,2,0.0,2.0,4,0.0,1.0,70,False,True,True,False,False,True,False,True,False,True,False,True,False
3422,28,85,1.0,1.0,6,64,0.0,1,0.0,1.0,1,0.0,1.0,68,False,True,False,True,False,True,False,True,True,False,False,True,False
3423,18,99,1.0,2.0,7,81,0.0,1,1.0,1.0,3,2.0,0.0,72,False,True,False,True,False,True,False,True,True,False,False,True,False
3424,4,76,1.0,1.0,8,90,1.0,2,2.0,1.0,2,0.0,1.0,63,True,False,False,True,False,True,False,True,True,False,False,False,True
3425,18,73,1.0,2.0,7,72,0.0,1,1.0,1.0,1,0.0,1.0,63,False,True,True,False,False,True,False,True,False,True,False,True,False
3426,20,85,0.0,1.0,5,75,0.0,1,1.0,1.0,2,1.0,0.0,67,False,True,False,True,False,True,False,True,True,False,False,True,False
3427,14,93,1.0,0.0,9,83,0.0,4,1.0,1.0,2,2.0,0.0,68,True,False,False,True,False,True,False,True,True,False,False,True,False
3428,17,97,1.0,1.0,5,56,0.0,2,2.0,1.0,3,0.0,0.0,69,True,False,False,True,True,False,False,True,True,False,False,False,True
3429,29,92,2.0,1.0,4,91,0.0,1,2.0,2.0,4,0.0,0.0,75,True,False,False,True,False,True,False,True,True,False,False,True,False
3430,24,77,0.0,1.0,8,92,2.0,0,2.0,1.0,3,0.0,1.0,67,False,True,False,True,True,False,False,True,True,False,False,True,False
3431,14,85,2.0,2.0,5,77,1.0,2,0.0,2.0,3,0.0,0.0,69,False,True,False,True,False,True,False,True,True,False,False,False,True
3432,10,94,0.0,1.0,9,59,0.0,0,1.0,1.0,2,2.0,0.0,65,False,True,False,True,True,False,False,True,True,False,False,False,True
3433,18,80,0.0,2.0,8,75,1.0,2,1.0,1.0,4,0.0,0.0,65,False,True,False,True,False,True,True,False,True,False,True,False,False
3434,19,69,1.0,1.0,7,55,0.0,1,0.0,1.0,4,1.0,0.0,63,True,False,False,True,False,True,False,True,True,False,False,False,True
3435,23,67,0.0,1.0,6,88,1.0,2,1.0,1.0,4,0.0,0.0,65,False,True,True,False,True,False,False,True,True,False,False,True,False
3436,23,89,2.0,2.0,6,66,0.0,0,0.0,2.0,3,0.0,1.0,70,False,True,True,False,False,True,False,True,True,False,False,False,True
3437,32,64,0.0,0.0,6,97,1.0,1,1.0,0.0,5,1.0,1.0,66,False,True,False,True,False,True,False,True,True,False,False,True,False
3438,25,70,1.0,0.0,9,71,1.0,2,0.0,1.0,2,1.0,0.0,63,True,False,False,True,True,False,True,False,True,False,True,False,False
3439,20,72,1.0,0.0,6,89,0.0,1,0.0,1.0,3,0.0,2.0,62,False,True,True,False,False,True,False,True,True,False,True,False,False
3440,19,82,1.0,1.0,8,82,2.0,2,1.0,1.0,3,1.0,1.0,69,True,False,True,False,False,True,False,True,True,False,False,False,True
3441,18,76,1.0,1.0,9,66,2.0,1,2.0,2.0,3,0.0,0.0,66,True,False,False,True,True,False,False,True,True,False,False,False,True
3442,27,87,2.0,0.0,6,56,1.0,0,0.0,2.0,2,0.0,1.0,68,False,True,False,True,True,False,False,True,True,False,False,True,False
3443,16,62,0.0,1.0,8,90,0.0,2,2.0,1.0,2,2.0,2.0,62,False,True,False,True,False,True,False,True,True,False,False,True,False
3444,20,65,2.0,1.0,6,88,1.0,0,1.0,2.0,4,0.0,0.0,64,False,True,False,True,True,False,False,True,False,True,True,False,False
3445,20,80,1.0,2.0,7,58,0.0,0,1.0,1.0,2,1.0,0.0,65,True,False,False,True,False,True,True,False,True,False,False,True,False
3446,17,73,1.0,2.0,6,62,0.0,2,0.0,1.0,3,1.0,2.0,64,False,True,True,False,False,True,False,True,True,False,True,False,False
3447,12,72,1.0,1.0,6,88,2.0,2,2.0,1.0,3,0.0,0.0,65,True,False,False,True,True,False,False,True,True,False,False,False,True
3448,22,63,1.0,1.0,7,99,0.0,3,1.0,1.0,4,0.0,1.0,65,False,True,True,False,False,True,False,True,True,False,False,True,False
3449,20,96,0.0,1.0,5,92,1.0,0,1.0,1.0,3,1.0,0.0,70,True,False,False,True,False,True,False,True,True,False,False,True,False
3450,23,88,0.0,2.0,8,84,2.0,2,1.0,1.0,3,2.0,0.0,71,True,False,True,False,True,False,False,True,False,True,False,False,True
3451,17,65,1.0,1.0,5,96,0.0,2,1.0,2.0,3,1.0,1.0,65,False,True,False,True,False,True,False,True,True,False,False,False,True
3452,27,63,2.0,1.0,5,64,1.0,1,2.0,2.0,4,2.0,0.0,67,False,True,False,True,True,False,True,False,True,False,False,False,True
3453,15,99,0.0,2.0,7,50,2.0,4,0.0,1.0,2,0.0,1.0,68,False,True,False,True,False,True,True,False,True,False,False,False,True
3454,30,87,2.0,2.0,6,66,0.0,1,1.0,1.0,4,0.0,0.0,73,False,True,False,True,False,True,False,True,True,False,False,True,False
3455,10,77,1.0,2.0,8,99,1.0,0,1.0,2.0,4,0.0,0.0,64,False,True,False,True,True,False,False,True,False,True,False,True,False
3456,23,88,2.0,2.0,7,94,0.0,3,0.0,1.0,1,0.0,0.0,71,False,True,True,False,True,False,True,False,True,False,False,False,True
3457,23,90,1.0,2.0,5,53,1.0,2,1.0,2.0,2,0.0,0.0,70,True,False,True,False,True,False,False,True,True,False,False,False,True
3458,15,91,0.0,2.0,8,75,1.0,4,1.0,1.0,1,0.0,0.0,68,True,False,False,True,True,False,False,True,True,False,False,True,False
3459,23,79,2.0,1.0,7,54,1.0,2,0.0,1.0,4,1.0,1.0,68,True,False,True,False,False,True,False,True,True,False,False,True,False
3460,28,77,0.0,2.0,7,89,1.0,3,0.0,1.0,3,0.0,2.0,68,False,True,False,True,False,True,False,True,False,True,False,False,True
3461,7,60,1.0,2.0,10,69,0.0,0,0.0,1.0,3,1.0,1.0,59,True,False,True,False,False,True,False,True,True,False,False,False,True
3462,23,97,1.0,1.0,9,96,1.0,2,1.0,2.0,4,1.0,0.0,74,False,True,True,False,False,True,False,True,True,False,False,True,False
3463,5,84,1.0,1.0,7,53,0.0,1,0.0,2.0,3,2.0,1.0,62,False,True,False,True,False,True,True,False,True,False,False,False,True
3464,14,68,2.0,0.0,5,87,2.0,2,1.0,1.0,3,0.0,2.0,64,False,True,False,True,False,True,False,True,True,False,False,False,True
3465,17,97,2.0,1.0,9,63,1.0,2,0.0,1.0,2,0.0,0.0,70,False,True,False,True,False,True,False,True,True,False,False,False,True
3466,13,100,2.0,1.0,6,76,1.0,0,0.0,0.0,5,2.0,0.0,69,False,True,False,True,True,False,True,False,True,False,False,False,True
3467,19,95,1.0,1.0,7,74,2.0,0,0.0,2.0,2,0.0,0.0,69,True,False,False,True,False,True,True,False,True,False,False,False,True
3468,32,100,0.0,2.0,5,67,1.0,4,1.0,1.0,3,0.0,2.0,74,False,True,False,True,False,True,True,False,True,False,False,False,True
3469,9,70,2.0,1.0,8,82,0.0,2,2.0,2.0,2,0.0,0.0,62,True,False,False,True,True,False,True,False,True,False,True,False,False
3470,14,94,1.0,1.0,9,83,2.0,2,0.0,2.0,3,2.0,1.0,70,False,True,False,True,True,False,False,True,True,False,False,False,True
3471,29,93,0.0,1.0,9,54,1.0,4,0.0,2.0,3,0.0,0.0,71,False,True,False,True,False,True,True,False,True,False,False,False,True
3472,31,69,1.0,0.0,6,80,0.0,4,1.0,1.0,2,1.0,0.0,68,False,True,False,True,False,True,False,True,True,False,True,False,False
3473,19,64,2.0,0.0,8,86,0.0,3,2.0,1.0,3,2.0,0.0,66,True,False,True,False,False,True,False,True,True,False,False,True,False
3474,13,99,0.0,1.0,7,54,2.0,3,2.0,1.0,3,0.0,2.0,67,False,True,False,True,True,False,False,True,True,False,True,False,False
3475,33,72,2.0,1.0,8,83,0.0,3,0.0,2.0,4,0.0,0.0,71,False,True,True,False,True,False,False,True,True,False,False,True,False
3476,30,95,1.0,1.0,7,90,1.0,3,1.0,1.0,1,0.0,1.0,74,False,True,False,True,False,True,False,True,True,False,False,True,False
3477,24,60,0.0,1.0,6,92,0.0,3,1.0,1.0,2,1.0,0.0,65,False,True,False,True,False,True,False,True,True,False,False,False,True
3478,15,61,2.0,0.0,9,52,1.0,1,1.0,1.0,3,0.0,1.0,60,True,False,True,False,False,True,False,True,True,False,False,True,False
3479,20,79,2.0,2.0,7,85,0.0,2,1.0,1.0,2,1.0,1.0,69,False,True,False,True,False,True,False,True,True,False,False,True,False
3480,19,70,1.0,1.0,6,90,0.0,2,0.0,1.0,3,0.0,1.0,65,False,True,True,False,False,True,False,True,True,False,False,False,True
3481,22,88,1.0,0.0,7,70,1.0,3,0.0,1.0,2,0.0,0.0,69,True,False,False,True,False,True,False,True,True,False,False,False,True
3482,29,83,1.0,0.0,6,77,2.0,1,1.0,1.0,4,0.0,0.0,70,False,True,False,True,False,True,False,True,True,False,False,True,False
3483,25,63,2.0,0.0,8,63,1.0,0,1.0,2.0,1,2.0,0.0,65,True,False,True,False,False,True,False,True,False,True,False,False,True
3484,28,76,1.0,1.0,6,75,0.0,0,1.0,2.0,2,0.0,0.0,68,True,False,False,True,False,True,False,True,True,False,False,False,True
3485,22,67,2.0,2.0,10,58,1.0,2,2.0,0.0,3,2.0,0.0,67,False,True,False,True,True,False,False,True,True,False,False,True,False
3486,24,92,1.0,1.0,5,69,1.0,2,1.0,1.0,4,0.0,0.0,70,True,False,True,False,True,False,False,True,True,False,True,False,False
3487,29,77,1.0,1.0,8,65,1.0,1,1.0,1.0,3,0.0,0.0,68,False,True,False,True,False,True,False,True,True,False,False,True,False
3488,13,64,2.0,2.0,7,62,1.0,1,0.0,1.0,1,1.0,1.0,62,True,False,False,True,False,True,False,True,True,False,False,True,False
3489,20,79,2.0,1.0,5,74,1.0,1,0.0,1.0,5,0.0,2.0,67,False,True,False,True,False,True,False,True,True,False,False,True,False
3490,17,64,2.0,2.0,6,92,1.0,0,1.0,1.0,1,2.0,0.0,66,False,True,True,False,False,True,False,True,True,False,False,False,True
3491,11,65,1.0,0.0,5,62,1.0,2,1.0,2.0,2,1.0,2.0,60,True,False,False,True,False,True,False,True,True,False,False,True,False
3492,22,70,2.0,0.0,10,83,0.0,0,1.0,1.0,2,1.0,1.0,65,False,True,False,True,True,False,False,True,True,False,False,False,True
3493,35,94,2.0,1.0,7,63,1.0,1,0.0,2.0,2,1.0,0.0,75,True,False,False,True,False,True,False,True,True,False,False,False,True
3494,9,97,0.0,1.0,7,57,1.0,4,1.0,2.0,5,0.0,2.0,67,True,False,False,True,False,True,False,True,True,False,False,True,False
3495,20,93,1.0,2.0,10,97,1.0,1,0.0,1.0,2,2.0,1.0,71,False,True,False,True,True,False,False,True,True,False,False,True,False
3496,24,73,0.0,0.0,6,82,1.0,0,1.0,1.0,2,0.0,0.0,63,False,True,False,True,False,True,False,True,False,True,True,False,False
3497,21,71,2.0,1.0,9,55,0.0,2,2.0,2.0,1,2.0,1.0,67,False,True,False,True,False,True,False,True,True,False,False,False,True
3498,19,82,2.0,1.0,8,82,0.0,2,0.0,1.0,4,2.0,0.0,68,True,False,True,False,True,False,False,True,True,False,True,False,False
3499,12,89,2.0,0.0,4,59,0.0,2,0.0,2.0,4,0.0,0.0,65,False,True,False,True,False,True,False,True,True,False,True,False,False
3500,21,100,0.0,2.0,6,94,1.0,1,2.0,1.0,3,1.0,1.0,72,True,False,False,True,True,False,True,False,True,False,False,False,True
3501,15,65,1.0,1.0,8,62,1.0,1,1.0,1.0,4,0.0,1.0,61,True,False,False,True,True,False,False,True,True,False,False,True,False
3502,7,62,0.0,2.0,7,90,1.0,1,1.0,0.0,5,1.0,1.0,60,True,False,False,True,True,False,False,True,True,False,False,True,False
3503,27,88,2.0,2.0,7,60,1.0,2,0.0,1.0,2,0.0,0.0,72,True,False,False,True,False,True,False,True,True,False,False,False,True
3504,26,93,1.0,1.0,6,78,1.0,2,1.0,1.0,3,2.0,2.0,72,True,False,False,True,False,True,False,True,True,False,False,True,False
3505,20,94,0.0,1.0,6,96,1.0,2,1.0,1.0,3,1.0,0.0,70,False,True,True,False,False,True,False,True,True,False,True,False,False
3506,21,87,0.0,1.0,7,65,2.0,2,1.0,1.0,3,1.0,0.0,67,False,True,False,True,True,False,False,True,False,True,True,False,False
3507,26,98,1.0,1.0,10,54,1.0,0,0.0,2.0,1,2.0,0.0,71,False,True,True,False,True,False,False,True,True,False,False,True,False
3508,21,80,1.0,0.0,6,78,1.0,0,1.0,1.0,2,2.0,0.0,66,True,False,True,False,False,True,False,True,True,False,True,False,False
3509,25,97,2.0,2.0,6,59,0.0,0,0.0,2.0,2,0.0,0.0,72,True,False,False,True,True,False,False,True,True,False,False,False,True
3510,18,99,1.0,1.0,7,86,1.0,1,2.0,1.0,4,0.0,1.0,70,True,False,False,True,False,True,True,False,True,False,False,True,False
3511,28,94,1.0,0.0,5,80,1.0,2,2.0,1.0,2,0.0,1.0,71,True,False,False,True,False,True,False,True,True,False,True,False,False
3512,22,72,0.0,0.0,8,67,2.0,2,1.0,1.0,4,1.0,2.0,64,False,True,False,True,False,True,False,True,True,False,True,False,False
3513,21,68,1.0,1.0,5,85,1.0,3,2.0,1.0,2,1.0,1.0,66,False,True,False,True,False,True,True,False,True,False,False,False,True
3514,12,82,2.0,0.0,5,62,0.0,2,1.0,1.0,4,0.0,0.0,64,False,True,False,True,True,False,False,True,True,False,False,False,True
3515,22,78,1.0,1.0,5,96,1.0,0,0.0,1.0,3,0.0,1.0,67,False,True,False,True,False,True,False,True,True,False,False,True,False
3516,15,95,0.0,0.0,5,67,2.0,3,1.0,1.0,3,0.0,1.0,67,True,False,False,True,True,False,False,True,True,False,False,False,True
3517,16,64,2.0,0.0,9,88,1.0,1,1.0,2.0,3,0.0,0.0,64,False,True,False,True,True,False,False,True,True,False,False,False,True
3518,15,70,0.0,1.0,8,63,0.0,0,1.0,1.0,4,0.0,1.0,61,True,False,True,False,True,False,False,True,True,False,False,False,True
3519,33,64,1.0,1.0,8,52,0.0,3,2.0,1.0,4,0.0,0.0,67,False,True,False,True,True,False,True,False,True,False,False,False,True
3520,28,73,1.0,2.0,7,65,2.0,3,2.0,2.0,3,2.0,0.0,72,False,True,False,True,False,True,False,True,True,False,False,False,True
3521,32,75,0.0,0.0,7,55,1.0,1,1.0,1.0,4,0.0,1.0,66,False,True,False,True,True,False,False,True,True,False,False,True,False
3522,13,85,0.0,2.0,9,73,2.0,3,1.0,2.0,2,2.0,1.0,68,False,True,False,True,False,True,False,True,True,False,False,False,True
3523,20,66,2.0,0.0,9,72,0.0,1,1.0,2.0,1,1.0,0.0,64,True,False,False,True,True,False,False,True,True,False,False,False,True
3524,12,94,2.0,2.0,5,68,2.0,1,2.0,1.0,2,0.0,0.0,69,False,True,False,True,True,False,False,True,True,False,False,True,False
3525,16,78,1.0,2.0,10,99,0.0,0,0.0,1.0,4,0.0,2.0,65,True,False,False,True,True,False,False,True,True,False,False,False,True
3526,14,97,0.0,2.0,5,62,1.0,1,1.0,1.0,4,2.0,2.0,66,True,False,False,True,True,False,True,False,False,True,False,True,False
3527,27,79,2.0,2.0,6,90,0.0,3,1.0,2.0,4,0.0,0.0,73,False,True,False,True,False,True,False,True,True,False,False,False,True
3528,18,71,1.0,1.0,7,72,0.0,0,0.0,1.0,4,0.0,0.0,63,True,False,False,True,False,True,False,True,True,False,False,True,False
3529,26,66,1.0,1.0,7,67,2.0,3,1.0,1.0,4,0.0,1.0,66,True,False,False,True,False,True,False,True,True,False,True,False,False
3530,24,60,1.0,1.0,10,60,0.0,3,0.0,2.0,2,2.0,0.0,65,True,False,True,False,False,True,False,True,True,False,False,True,False
3531,34,81,1.0,1.0,9,82,0.0,1,1.0,2.0,2,0.0,0.0,71,False,True,False,True,False,True,False,True,True,False,True,False,False
3532,28,76,1.0,1.0,9,91,1.0,0,0.0,2.0,3,0.0,1.0,68,False,True,True,False,True,False,False,True,True,False,False,True,False
3533,27,84,1.0,1.0,8,98,1.0,0,0.0,1.0,4,0.0,1.0,69,False,True,False,True,True,False,False,True,True,False,False,True,False
3534,14,71,2.0,0.0,6,61,0.0,0,0.0,1.0,3,2.0,0.0,63,True,False,False,True,False,True,False,True,True,False,False,False,True
3535,26,67,1.0,1.0,8,56,1.0,1,1.0,1.0,5,1.0,0.0,66,True,False,False,True,False,True,False,True,True,False,True,False,False
3536,22,91,1.0,1.0,7,66,1.0,0,2.0,2.0,3,1.0,0.0,69,True,False,False,True,False,True,True,False,True,False,True,False,False
3537,19,98,1.0,0.0,6,73,1.0,3,0.0,1.0,3,1.0,0.0,69,False,True,True,False,False,True,False,True,True,False,True,False,False
3538,15,64,2.0,1.0,9,65,1.0,2,1.0,1.0,2,0.0,0.0,63,False,True,False,True,True,False,False,True,True,False,False,True,False
3539,16,66,0.0,2.0,7,99,1.0,1,0.0,1.0,3,1.0,0.0,65,True,False,False,True,False,True,False,True,True,False,False,False,True
3540,20,62,2.0,1.0,6,98,2.0,0,2.0,2.0,3,2.0,0.0,67,False,True,False,True,False,True,False,True,True,False,False,True,False
3541,25,99,0.0,1.0,8,69,1.0,1,0.0,2.0,3,2.0,1.0,70,False,True,False,True,True,False,True,False,True,False,False,False,True
3542,15,60,1.0,0.0,9,65,1.0,1,1.0,2.0,5,1.0,1.0,60,False,True,False,True,True,False,False,True,True,False,True,False,False
3543,15,95,2.0,0.0,8,70,1.0,2,2.0,2.0,3,0.0,0.0,68,True,False,False,True,True,False,False,True,False,True,False,True,False
3544,26,72,1.0,1.0,8,76,1.0,1,1.0,1.0,3,2.0,0.0,68,False,True,False,True,False,True,False,True,True,False,True,False,False
3545,12,98,0.0,2.0,6,87,1.0,2,0.0,1.0,3,2.0,0.0,70,True,False,True,False,False,True,False,True,True,False,False,True,False
3546,18,73,1.0,2.0,7,94,2.0,1,2.0,1.0,3,2.0,1.0,68,True,False,True,False,False,True,False,True,True,False,False,True,False
3547,20,86,2.0,2.0,7,73,1.0,3,0.0,0.0,3,0.0,0.0,69,False,True,False,True,True,False,False,True,False,True,False,True,False
3548,21,63,1.0,1.0,7,64,1.0,0,0.0,1.0,3,0.0,0.0,62,True,False,False,True,False,True,False,True,True,False,True,False,False
3549,19,70,2.0,0.0,7,66,1.0,1,2.0,0.0,4,1.0,1.0,64,False,True,True,False,True,False,False,True,True,False,False,True,False
3550,22,91,2.0,1.0,6,85,0.0,2,1.0,1.0,2,0.0,1.0,71,True,False,True,False,True,False,False,True,True,False,False,False,True
3551,24,81,1.0,1.0,8,78,1.0,1,0.0,1.0,2,0.0,0.0,68,False,True,False,True,False,True,False,True,True,False,False,False,True
3552,24,97,2.0,1.0,5,74,2.0,0,1.0,0.0,5,0.0,0.0,72,True,False,False,True,True,False,False,True,True,False,False,True,False
3553,14,77,1.0,1.0,5,60,0.0,1,2.0,2.0,3,2.0,2.0,64,False,True,True,False,False,True,False,True,True,False,True,False,False
3554,18,95,1.0,2.0,6,94,1.0,6,0.0,2.0,3,0.0,2.0,73,True,False,False,True,False,True,False,True,True,False,False,True,False
3555,27,78,1.0,2.0,8,89,0.0,0,0.0,1.0,3,2.0,0.0,69,True,False,False,True,True,False,False,True,True,False,False,True,False
3556,25,99,0.0,1.0,8,57,1.0,1,1.0,0.0,3,2.0,1.0,70,False,True,True,False,True,False,False,True,True,False,False,False,True
3557,12,98,1.0,2.0,4,68,1.0,3,0.0,2.0,2,0.0,0.0,69,True,False,False,True,True,False,False,True,True,False,False,True,False
3558,22,73,1.0,0.0,8,77,1.0,1,2.0,1.0,3,0.0,2.0,64,False,True,False,True,True,False,False,True,True,False,False,True,False
3559,8,95,1.0,1.0,7,73,0.0,2,1.0,1.0,2,1.0,0.0,66,False,True,True,False,True,False,False,True,True,False,False,True,False
3560,20,94,1.0,1.0,6,70,2.0,1,1.0,1.0,2,0.0,1.0,69,True,False,False,True,False,True,False,True,True,False,False,True,False
3561,31,68,2.0,1.0,7,86,0.0,1,0.0,1.0,3,0.0,1.0,68,True,False,True,False,True,False,False,True,True,False,False,False,True
3562,14,85,1.0,0.0,5,53,1.0,4,1.0,1.0,3,0.0,0.0,65,False,True,False,True,False,True,False,True,True,False,False,True,False
3563,15,63,2.0,0.0,7,74,1.0,4,0.0,1.0,2,0.0,1.0,62,False,True,False,True,False,True,False,True,True,False,True,False,False
3564,25,93,2.0,2.0,5,63,1.0,2,2.0,1.0,2,2.0,0.0,75,True,False,False,True,False,True,False,True,True,False,False,False,True
3565,11,67,1.0,1.0,6,54,0.0,0,0.0,1.0,3,0.0,0.0,60,True,False,False,True,False,True,False,True,True,False,False,False,True
3566,16,63,1.0,2.0,6,73,1.0,0,1.0,1.0,4,1.0,0.0,63,False,True,False,True,False,True,False,True,True,False,False,True,False
3567,24,76,1.0,0.0,8,59,1.0,2,1.0,1.0,4,1.0,2.0,66,False,True,False,True,False,True,False,True,True,False,False,False,True
3568,16,83,2.0,1.0,7,63,1.0,0,1.0,1.0,3,2.0,0.0,67,True,False,False,True,False,True,False,True,True,False,False,True,False
3569,19,94,0.0,1.0,8,75,1.0,1,1.0,1.0,3,1.0,1.0,68,True,False,False,True,False,True,False,True,True,False,True,False,False
3570,24,99,1.0,1.0,5,99,1.0,0,0.0,1.0,3,0.0,1.0,72,True,False,False,True,False,True,False,True,True,False,False,False,True
3571,23,78,0.0,1.0,7,84,2.0,0,0.0,1.0,3,1.0,0.0,66,False,True,True,False,True,False,False,True,True,False,False,True,False
3572,22,62,1.0,1.0,8,64,1.0,0,0.0,1.0,3,2.0,0.0,63,True,False,False,True,False,True,False,True,True,False,False,True,False
3573,18,90,1.0,2.0,9,69,1.0,1,2.0,2.0,3,1.0,1.0,71,True,False,True,False,False,True,False,True,True,False,False,False,True
3574,22,83,0.0,1.0,5,70,2.0,2,0.0,1.0,3,1.0,2.0,67,False,True,False,True,False,True,False,True,True,False,False,False,True
3575,19,78,1.0,1.0,6,58,1.0,1,0.0,1.0,3,2.0,0.0,66,False,True,False,True,False,True,False,True,True,False,False,True,False
3576,23,72,2.0,1.0,8,58,1.0,2,0.0,2.0,2,1.0,0.0,66,True,False,True,False,True,False,True,False,True,False,False,False,True
3577,17,80,2.0,2.0,9,57,1.0,4,0.0,1.0,2,1.0,0.0,68,False,True,False,True,True,False,False,True,True,False,False,False,True
3578,19,74,1.0,1.0,7,76,2.0,1,2.0,1.0,3,1.0,0.0,66,True,False,False,True,True,False,False,True,True,False,False,True,False
3579,14,90,2.0,1.0,5,84,1.0,0,0.0,1.0,3,2.0,0.0,68,True,False,False,True,False,True,False,True,True,False,True,False,False
3580,20,82,2.0,1.0,5,80,1.0,3,0.0,1.0,1,1.0,0.0,68,True,False,False,True,False,True,False,True,False,True,False,True,False
3581,15,95,0.0,1.0,7,99,0.0,0,2.0,2.0,2,0.0,0.0,68,True,False,False,True,False,True,False,True,True,False,False,True,False
3582,13,82,1.0,2.0,8,56,0.0,2,0.0,2.0,3,2.0,0.0,66,False,True,True,False,True,False,False,True,True,False,False,True,False
3583,22,70,2.0,0.0,7,99,1.0,1,0.0,2.0,2,0.0,1.0,66,False,True,True,False,True,False,False,True,True,False,False,False,True
3584,21,94,1.0,2.0,5,73,0.0,0,1.0,2.0,3,2.0,2.0,70,True,False,False,True,True,False,False,True,True,False,False,True,False
3585,25,82,2.0,1.0,9,61,0.0,1,2.0,1.0,2,0.0,0.0,68,False,True,False,True,False,True,False,True,True,False,True,False,False
3586,17,68,1.0,1.0,6,97,2.0,2,2.0,0.0,3,0.0,1.0,65,False,True,False,True,False,True,False,True,True,False,True,False,False
3587,22,85,0.0,2.0,8,73,2.0,1,1.0,1.0,3,1.0,0.0,70,False,True,True,False,False,True,False,True,True,False,False,False,True
3588,23,74,1.0,1.0,4,67,1.0,3,2.0,1.0,5,0.0,2.0,66,False,True,True,False,True,False,False,True,True,False,True,False,False
3589,23,94,1.0,2.0,9,61,1.0,0,1.0,1.0,1,2.0,1.0,68,True,False,False,True,False,True,True,False,False,True,True,False,False
3590,15,78,1.0,1.0,6,63,2.0,1,1.0,1.0,2,1.0,1.0,64,False,True,True,False,False,True,False,True,False,True,False,True,False
3591,21,89,1.0,1.0,9,99,1.0,0,1.0,1.0,3,0.0,0.0,69,False,True,True,False,True,False,False,True,True,False,True,False,False
3592,22,64,1.0,1.0,8,65,0.0,2,1.0,1.0,4,2.0,0.0,65,True,False,True,False,True,False,False,True,True,False,False,True,False
3593,20,76,1.0,2.0,5,99,0.0,3,1.0,2.0,3,2.0,0.0,69,True,False,False,True,False,True,True,False,True,False,True,False,False
3594,7,99,0.0,2.0,7,67,0.0,1,2.0,2.0,4,0.0,0.0,66,True,False,True,False,False,True,True,False,True,False,False,True,False
3595,21,92,2.0,0.0,9,62,1.0,1,1.0,0.0,2,0.0,0.0,68,True,False,False,True,True,False,False,True,True,False,False,False,True
3596,33,66,1.0,1.0,6,59,1.0,3,2.0,1.0,2,2.0,0.0,70,True,False,False,True,False,True,False,True,True,False,False,False,True
3597,18,71,2.0,1.0,9,71,1.0,1,1.0,2.0,3,0.0,1.0,65,True,False,False,True,True,False,False,True,True,False,False,False,True
3598,16,73,2.0,1.0,8,62,1.0,0,2.0,2.0,2,0.0,0.0,65,True,False,True,False,False,True,False,True,True,False,False,True,False
3599,22,86,1.0,0.0,9,85,1.0,1,1.0,1.0,3,2.0,0.0,68,True,False,False,True,True,False,False,True,True,False,True,False,False
3600,22,90,0.0,1.0,7,62,0.0,0,1.0,1.0,3,1.0,0.0,67,False,True,False,True,True,False,False,True,True,False,False,False,True
3601,27,90,2.0,2.0,7,92,1.0,0,0.0,1.0,3,0.0,0.0,72,True,False,True,False,True,False,False,True,True,False,False,True,False
3602,12,80,2.0,2.0,10,92,2.0,1,2.0,2.0,3,2.0,1.0,70,False,True,False,True,False,True,False,True,True,False,False,False,True
3603,24,92,0.0,2.0,8,64,2.0,1,2.0,2.0,3,1.0,0.0,72,False,True,True,False,False,True,False,True,True,False,False,True,False
3604,24,77,2.0,2.0,7,88,0.0,1,2.0,1.0,5,1.0,0.0,71,False,True,False,True,False,True,False,True,True,False,True,False,False
3605,19,65,0.0,1.0,8,93,0.0,1,1.0,2.0,4,1.0,0.0,64,False,True,True,False,True,False,False,True,True,False,False,True,False
3606,22,83,0.0,2.0,6,80,1.0,2,1.0,1.0,5,0.0,1.0,69,True,False,False,True,False,True,False,True,True,False,False,False,True
3607,26,98,1.0,1.0,7,68,1.0,4,0.0,1.0,1,0.0,0.0,73,True,False,False,True,False,True,False,True,True,False,False,False,True
3608,25,92,0.0,2.0,9,72,1.0,1,0.0,1.0,5,2.0,2.0,70,True,False,False,True,False,True,False,True,True,False,True,False,False
3609,13,83,2.0,1.0,7,89,1.0,1,0.0,1.0,4,2.0,0.0,68,True,False,False,True,True,False,False,True,True,False,False,True,False
3610,25,86,2.0,1.0,6,65,1.0,2,1.0,2.0,5,0.0,1.0,71,False,True,False,True,True,False,False,True,True,False,False,False,True
3611,20,97,1.0,2.0,6,67,0.0,1,0.0,2.0,3,2.0,0.0,71,True,False,True,False,True,False,False,True,True,False,False,False,True
3612,20,77,0.0,2.0,7,58,2.0,0,2.0,1.0,3,0.0,0.0,66,False,True,False,True,False,True,False,True,True,False,False,True,False
3613,20,73,1.0,2.0,6,70,0.0,3,2.0,2.0,4,0.0,0.0,68,True,False,False,True,True,False,False,True,True,False,False,True,False
3614,19,99,1.0,2.0,5,54,0.0,0,1.0,1.0,2,2.0,0.0,70,False,True,False,True,False,True,False,True,True,False,False,True,False
3615,27,95,1.0,1.0,5,66,0.0,3,1.0,1.0,4,0.0,0.0,72,False,True,False,True,True,False,False,True,True,False,False,True,False
3616,19,73,0.0,2.0,9,69,2.0,1,0.0,0.0,4,2.0,0.0,66,True,False,False,True,False,True,False,True,True,False,False,False,True
3617,13,79,1.0,2.0,7,63,0.0,3,2.0,1.0,2,0.0,0.0,65,True,False,True,False,False,True,True,False,True,False,False,True,False
3618,18,77,1.0,2.0,7,55,2.0,3,2.0,1.0,3,0.0,0.0,66,True,False,True,False,False,True,True,False,False,True,False,True,False
3619,21,66,2.0,1.0,6,76,0.0,3,0.0,1.0,1,0.0,1.0,65,True,False,True,False,False,True,False,True,True,False,False,True,False
3620,27,98,2.0,0.0,6,93,0.0,0,0.0,1.0,4,0.0,1.0,72,False,True,True,False,False,True,False,True,True,False,False,True,False
3621,24,76,1.0,1.0,6,67,1.0,2,2.0,1.0,3,1.0,0.0,68,True,False,False,True,False,True,False,True,True,False,True,False,False
3622,15,95,1.0,1.0,7,62,2.0,0,2.0,1.0,3,1.0,0.0,68,True,False,False,True,False,True,False,True,True,False,True,False,False
3623,35,68,0.0,2.0,5,64,1.0,0,2.0,0.0,4,0.0,0.0,67,False,True,False,True,False,True,False,True,False,True,False,False,True
3624,22,82,1.0,1.0,9,93,0.0,2,0.0,1.0,2,0.0,0.0,68,False,True,False,True,False,True,False,True,True,False,False,True,False
3625,28,61,2.0,1.0,7,76,2.0,1,1.0,2.0,4,0.0,1.0,67,False,True,False,True,True,False,False,True,True,False,False,False,True
3626,19,91,1.0,2.0,7,57,0.0,3,2.0,2.0,3,0.0,1.0,69,True,False,False,True,True,False,False,True,True,False,True,False,False
3627,23,83,0.0,0.0,8,85,1.0,2,0.0,1.0,2,0.0,0.0,65,False,True,True,False,True,False,False,True,False,True,False,True,False
3628,25,85,1.0,1.0,8,58,1.0,2,1.0,2.0,4,1.0,0.0,70,False,True,False,True,True,False,False,True,True,False,False,True,False
3629,27,62,2.0,1.0,6,53,0.0,1,1.0,1.0,2,0.0,1.0,64,False,True,False,True,True,False,False,True,True,False,False,False,True
3630,26,68,1.0,1.0,8,63,1.0,2,0.0,2.0,3,0.0,0.0,66,False,True,False,True,True,False,False,True,True,False,False,False,True
3631,25,63,0.0,1.0,8,58,1.0,1,2.0,1.0,1,1.0,0.0,64,True,False,False,True,True,False,False,True,True,False,False,False,True
3632,18,72,2.0,2.0,7,80,2.0,1,2.0,2.0,2,0.0,1.0,66,True,False,False,True,False,True,False,True,False,True,True,False,False
3633,17,85,1.0,1.0,9,74,1.0,1,1.0,1.0,2,0.0,0.0,67,False,True,True,False,False,True,False,True,True,False,False,True,False
3634,22,83,1.0,0.0,8,86,1.0,3,1.0,0.0,4,0.0,0.0,68,False,True,False,True,False,True,False,True,True,False,True,False,False
3635,26,84,1.0,1.0,8,76,1.0,5,1.0,2.0,2,0.0,1.0,71,False,True,False,True,True,False,False,True,True,False,False,True,False
3636,19,82,2.0,0.0,9,71,1.0,1,0.0,2.0,3,1.0,0.0,67,True,False,True,False,True,False,False,True,True,False,False,True,False
3637,26,71,2.0,1.0,7,76,1.0,3,0.0,1.0,2,2.0,1.0,69,False,True,False,True,False,True,False,True,True,False,False,False,True
3638,29,70,1.0,0.0,7,72,0.0,1,1.0,1.0,4,1.0,0.0,67,False,True,False,True,False,True,False,True,True,False,False,False,True
3639,15,65,0.0,2.0,8,52,1.0,4,0.0,1.0,3,0.0,1.0,61,True,False,True,False,False,True,False,True,False,True,False,True,False
3640,15,94,1.0,1.0,7,84,1.0,0,1.0,2.0,2,0.0,1.0,68,False,True,False,True,True,False,False,True,True,False,False,False,True
3641,19,85,0.0,0.0,8,98,1.0,2,1.0,0.0,4,0.0,0.0,67,True,False,True,False,False,True,False,True,True,False,False,True,False
3642,22,67,0.0,1.0,6,71,0.0,1,1.0,2.0,4,1.0,1.0,64,False,True,False,True,False,True,False,True,True,False,False,True,False
3643,17,67,1.0,1.0,4,71,1.0,3,1.0,2.0,2,0.0,1.0,63,True,False,False,True,False,True,False,True,True,False,True,False,False
3644,28,95,0.0,1.0,8,52,2.0,3,2.0,2.0,4,1.0,0.0,72,False,True,False,True,True,False,False,True,True,False,True,False,False
3645,23,90,2.0,1.0,5,95,0.0,2,0.0,1.0,2,0.0,1.0,69,False,True,False,True,True,False,False,True,True,False,True,False,False
3646,20,86,0.0,2.0,6,96,1.0,1,2.0,0.0,2,0.0,2.0,66,False,True,False,True,True,False,False,True,False,True,False,True,False
3647,11,76,1.0,1.0,8,91,0.0,1,2.0,2.0,3,1.0,0.0,64,True,False,True,False,False,True,False,True,False,True,False,True,False
3648,12,70,0.0,1.0,8,55,1.0,2,1.0,2.0,4,0.0,0.0,61,True,False,False,True,False,True,False,True,True,False,True,False,False
3649,22,99,1.0,2.0,9,95,1.0,2,0.0,0.0,4,0.0,0.0,71,False,True,False,True,False,True,False,True,False,True,True,False,False
3650,7,92,0.0,1.0,4,51,1.0,0,2.0,1.0,1,0.0,0.0,63,True,False,False,True,False,True,False,True,True,False,False,False,True
3651,26,72,1.0,0.0,7,72,0.0,2,1.0,0.0,4,0.0,0.0,65,True,False,False,True,True,False,False,True,True,False,False,True,False
3652,19,94,2.0,0.0,7,75,1.0,2,2.0,1.0,5,1.0,0.0,71,True,False,False,True,False,True,False,True,True,False,True,False,False
3653,34,72,1.0,2.0,9,88,0.0,1,2.0,1.0,3,2.0,0.0,73,False,True,True,False,False,True,False,True,True,False,False,False,True
3654,19,77,0.0,1.0,5,90,0.0,1,0.0,2.0,3,1.0,0.0,65,True,False,True,False,True,False,False,True,True,False,False,True,False
3655,19,67,0.0,1.0,7,93,2.0,0,1.0,1.0,4,2.0,0.0,66,False,True,False,True,False,True,False,True,True,False,False,False,True
3656,26,64,2.0,0.0,8,74,0.0,3,1.0,2.0,2,0.0,0.0,66,False,True,False,True,False,True,False,True,True,False,False,True,False
3657,30,89,1.0,1.0,6,89,1.0,3,2.0,1.0,3,2.0,1.0,74,False,True,False,True,True,False,False,True,True,False,False,True,False
3658,10,71,1.0,0.0,10,53,0.0,4,2.0,1.0,3,0.0,0.0,62,True,False,True,False,True,False,False,True,True,False,False,False,True
3659,9,93,2.0,0.0,6,72,0.0,1,1.0,1.0,2,1.0,0.0,66,True,False,False,True,False,True,False,True,True,False,False,False,True
3660,16,100,2.0,2.0,7,52,1.0,4,0.0,1.0,4,0.0,0.0,71,True,False,False,True,True,False,False,True,True,False,True,False,False
3661,23,63,2.0,1.0,5,96,1.0,2,2.0,1.0,2,0.0,0.0,67,True,False,False,True,False,True,False,True,True,False,False,True,False
3662,23,79,2.0,0.0,7,98,0.0,0,1.0,2.0,4,1.0,0.0,69,True,False,False,True,False,True,False,True,True,False,False,True,False
3663,26,92,1.0,2.0,4,54,1.0,2,2.0,1.0,4,0.0,1.0,72,False,True,False,True,True,False,False,True,True,False,False,False,True
3664,13,92,2.0,2.0,7,77,1.0,2,2.0,1.0,4,2.0,0.0,72,False,True,False,True,False,True,False,True,True,False,False,False,True
3665,6,90,1.0,1.0,9,66,1.0,2,1.0,2.0,2,0.0,2.0,65,False,True,False,True,False,True,False,True,True,False,False,False,True
3666,25,74,2.0,2.0,5,67,2.0,1,1.0,1.0,5,2.0,0.0,71,False,True,False,True,True,False,False,True,True,False,False,False,True
3667,15,78,1.0,1.0,5,73,1.0,0,2.0,2.0,1,1.0,0.0,64,False,True,True,False,True,False,False,True,False,True,False,False,True
3668,8,84,1.0,0.0,9,56,0.0,1,0.0,1.0,2,0.0,1.0,61,False,True,False,True,False,True,False,True,True,False,False,False,True
3669,21,99,1.0,0.0,9,59,0.0,1,2.0,2.0,2,1.0,1.0,69,True,False,False,True,False,True,False,True,True,False,True,False,False
3670,25,73,0.0,1.0,5,79,1.0,1,0.0,1.0,5,0.0,1.0,65,True,False,True,False,False,True,False,True,True,False,False,True,False
3671,19,97,1.0,0.0,10,51,2.0,3,0.0,2.0,4,1.0,2.0,69,True,False,False,True,False,True,False,True,True,False,False,True,False
3672,17,71,1.0,1.0,8,80,0.0,2,2.0,0.0,3,0.0,0.0,64,True,False,False,True,True,False,False,True,True,False,False,True,False
3673,19,100,1.0,0.0,9,66,2.0,1,2.0,1.0,4,2.0,1.0,69,False,True,False,True,False,True,False,True,False,True,True,False,False
3674,18,87,1.0,1.0,6,92,0.0,1,0.0,1.0,4,0.0,0.0,68,True,False,True,False,False,True,False,True,True,False,False,True,False
3675,12,79,1.0,0.0,9,80,0.0,1,2.0,1.0,2,1.0,1.0,63,False,True,False,True,True,False,False,True,True,False,False,False,True
3676,16,85,0.0,1.0,7,85,2.0,1,1.0,2.0,2,0.0,0.0,66,False,True,False,True,True,False,False,True,True,False,False,True,False
3677,23,71,1.0,1.0,7,56,0.0,1,1.0,1.0,4,0.0,0.0,65,True,False,True,False,True,False,False,True,True,False,False,False,True
3678,22,71,2.0,1.0,8,63,1.0,2,1.0,2.0,2,0.0,1.0,66,False,True,False,True,False,True,False,True,True,False,True,False,False
3679,21,65,1.0,1.0,6,100,1.0,3,1.0,1.0,4,2.0,0.0,67,False,True,False,True,True,False,False,True,True,False,False,True,False
3680,14,65,1.0,2.0,5,72,0.0,3,0.0,2.0,2,0.0,0.0,62,False,True,True,False,False,True,False,True,True,False,True,False,False
3681,19,74,1.0,2.0,7,68,1.0,2,0.0,2.0,2,0.0,0.0,66,True,False,False,True,False,True,False,True,True,False,True,False,False
3682,7,91,2.0,1.0,7,94,2.0,3,2.0,1.0,3,2.0,1.0,68,True,False,False,True,True,False,True,False,True,False,False,True,False
3683,21,84,1.0,1.0,6,52,1.0,2,2.0,2.0,5,0.0,1.0,68,False,True,False,True,False,True,False,True,True,False,True,False,False
3684,29,64,0.0,1.0,9,77,1.0,0,0.0,2.0,2,0.0,1.0,63,True,False,False,True,True,False,False,True,True,False,True,False,False
3685,11,94,2.0,0.0,10,61,1.0,1,1.0,0.0,3,1.0,1.0,66,False,True,False,True,False,True,False,True,True,False,False,True,False
3686,16,84,2.0,0.0,6,68,0.0,3,1.0,1.0,3,0.0,0.0,65,False,True,True,False,True,False,True,False,True,False,False,True,False
3687,22,98,2.0,1.0,7,60,1.0,1,2.0,1.0,1,0.0,0.0,72,False,True,False,True,False,True,False,True,True,False,False,False,True
3688,28,87,1.0,1.0,6,52,1.0,4,0.0,0.0,3,2.0,0.0,70,True,False,True,False,True,False,False,True,True,False,False,True,False
3689,17,67,2.0,0.0,10,71,1.0,1,1.0,1.0,3,0.0,0.0,63,False,True,False,True,True,False,False,True,True,False,False,False,True
3690,16,79,1.0,1.0,8,89,1.0,0,0.0,2.0,4,0.0,0.0,65,False,True,True,False,True,False,False,True,True,False,False,True,False
3691,8,86,2.0,0.0,8,98,0.0,1,0.0,1.0,1,1.0,0.0,65,False,True,True,False,False,True,False,True,True,False,False,True,False
3692,21,61,2.0,2.0,9,81,1.0,1,1.0,1.0,3,2.0,0.0,66,False,True,True,False,True,False,False,True,True,False,False,True,False
3693,32,61,2.0,1.0,7,69,2.0,0,2.0,1.0,3,0.0,1.0,68,True,False,False,True,False,True,False,True,True,False,False,False,True
3694,22,65,1.0,0.0,7,88,0.0,2,1.0,1.0,4,1.0,0.0,64,False,True,False,True,False,True,True,False,True,False,False,False,True
3695,20,70,2.0,1.0,9,75,0.0,3,1.0,1.0,4,1.0,1.0,66,False,True,False,True,True,False,False,True,True,False,False,True,False
3696,22,77,0.0,1.0,8,68,1.0,3,2.0,2.0,4,0.0,1.0,68,False,True,False,True,False,True,False,True,True,False,False,False,True
3697,20,79,0.0,1.0,6,59,1.0,0,0.0,1.0,2,0.0,1.0,64,False,True,False,True,False,True,False,True,True,False,False,False,True
3698,15,66,1.0,1.0,6,90,0.0,2,1.0,1.0,3,1.0,2.0,62,True,False,False,True,True,False,False,True,True,False,True,False,False
3699,25,87,1.0,1.0,6,75,1.0,0,0.0,1.0,2,0.0,0.0,67,False,True,True,False,False,True,True,False,False,True,False,True,False
3700,21,84,0.0,2.0,9,98,1.0,1,0.0,1.0,3,0.0,1.0,67,False,True,False,True,True,False,False,True,True,False,True,False,False
3701,20,72,1.0,1.0,9,90,0.0,1,1.0,1.0,2,2.0,1.0,65,False,True,True,False,True,False,False,True,True,False,False,True,False
3702,14,61,0.0,1.0,10,71,1.0,2,0.0,1.0,4,0.0,0.0,59,False,True,False,True,False,True,True,False,True,False,False,True,False
3703,28,63,1.0,2.0,6,87,0.0,0,0.0,1.0,2,0.0,1.0,66,True,False,False,True,False,True,False,True,True,False,False,False,True
3704,24,76,2.0,0.0,7,73,1.0,4,1.0,1.0,2,0.0,0.0,68,True,False,False,True,True,False,False,True,True,False,False,True,False
3705,17,66,2.0,1.0,6,54,1.0,2,2.0,0.0,3,0.0,0.0,63,True,False,False,True,True,False,False,True,False,True,False,False,True
3706,26,75,1.0,0.0,7,76,1.0,2,1.0,1.0,3,1.0,0.0,68,False,True,False,True,False,True,False,True,True,False,False,True,False
3707,17,85,2.0,0.0,8,93,0.0,2,1.0,2.0,3,1.0,2.0,68,True,False,False,True,False,True,False,True,True,False,False,False,True
3708,15,82,1.0,1.0,7,93,1.0,3,0.0,2.0,2,0.0,1.0,66,True,False,False,True,False,True,False,True,True,False,True,False,False
3709,15,69,2.0,0.0,9,79,0.0,1,1.0,1.0,2,0.0,1.0,63,True,False,True,False,True,False,False,True,True,False,False,False,True
3710,9,74,1.0,0.0,6,69,0.0,3,0.0,1.0,2,0.0,1.0,61,True,False,True,False,True,False,False,True,True,False,False,False,True
3711,23,85,2.0,1.0,8,51,0.0,0,2.0,0.0,4,1.0,0.0,68,True,False,False,True,False,True,False,True,True,False,True,False,False
3712,9,94,2.0,0.0,6,66,0.0,0,0.0,2.0,3,1.0,0.0,66,False,True,False,True,True,False,False,True,True,False,False,False,True
3713,13,90,1.0,2.0,4,99,2.0,1,2.0,1.0,4,1.0,1.0,69,False,True,False,True,True,False,False,True,False,True,False,True,False
3714,8,82,1.0,2.0,5,86,1.0,0,0.0,1.0,3,2.0,0.0,64,True,False,False,True,False,True,True,False,True,False,True,False,False
3715,19,74,1.0,1.0,7,86,2.0,1,2.0,1.0,3,2.0,0.0,68,False,True,True,False,True,False,False,True,True,False,False,False,True
3716,19,75,1.0,2.0,10,88,0.0,0,0.0,2.0,2,0.0,0.0,66,True,False,False,True,True,False,False,True,True,False,False,False,True
3717,18,95,1.0,1.0,6,81,1.0,0,0.0,1.0,3,0.0,0.0,68,True,False,False,True,True,False,False,True,False,True,False,False,True
3718,14,62,1.0,2.0,7,79,0.0,2,1.0,1.0,2,0.0,1.0,62,True,False,True,False,False,True,False,True,True,False,False,False,True
3719,13,100,1.0,0.0,8,73,0.0,1,0.0,1.0,3,2.0,0.0,68,False,True,False,True,False,True,False,True,True,False,False,True,False
3720,23,87,1.0,2.0,6,72,1.0,1,0.0,2.0,3,1.0,1.0,69,False,True,True,False,True,False,False,True,True,False,True,False,False
3721,17,87,2.0,2.0,6,94,1.0,2,0.0,1.0,3,0.0,1.0,70,False,True,True,False,False,True,False,True,True,False,False,True,False
3722,22,62,2.0,1.0,7,70,0.0,4,0.0,1.0,2,1.0,0.0,65,True,False,False,True,False,True,False,True,True,False,True,False,False
3723,15,84,0.0,1.0,6,92,1.0,3,1.0,1.0,3,1.0,0.0,68,True,False,False,True,False,True,False,True,True,False,False,False,True
3724,21,79,1.0,2.0,4,92,0.0,0,0.0,1.0,2,2.0,0.0,67,True,False,False,True,True,False,False,True,True,False,True,False,False
3725,28,64,0.0,1.0,6,89,1.0,0,0.0,0.0,4,1.0,2.0,64,False,True,False,True,False,True,False,True,True,False,False,True,False
3726,24,71,0.0,1.0,8,52,1.0,2,1.0,1.0,3,1.0,0.0,63,True,False,False,True,True,False,True,False,True,False,True,False,False
3727,18,96,1.0,0.0,8,57,1.0,1,1.0,1.0,2,0.0,0.0,67,True,False,False,True,False,True,False,True,True,False,True,False,False
3728,22,82,2.0,0.0,9,66,1.0,1,0.0,2.0,3,0.0,1.0,66,False,True,True,False,True,False,False,True,True,False,True,False,False
3729,19,77,2.0,0.0,9,92,1.0,2,0.0,1.0,4,0.0,0.0,67,True,False,False,True,False,True,False,True,True,False,False,False,True
3730,20,63,1.0,1.0,6,94,1.0,2,1.0,1.0,3,0.0,2.0,63,True,False,False,True,False,True,True,False,True,False,False,True,False
3731,18,89,1.0,1.0,6,52,1.0,3,2.0,2.0,3,0.0,1.0,69,True,False,False,True,False,True,False,True,True,False,False,False,True
3732,19,88,2.0,2.0,6,66,1.0,3,1.0,1.0,2,0.0,0.0,70,True,False,False,True,True,False,False,True,True,False,False,False,True
3733,21,85,2.0,1.0,7,93,1.0,0,2.0,1.0,4,0.0,1.0,70,False,True,False,True,False,True,False,True,True,False,False,True,False
3734,14,80,2.0,1.0,6,62,1.0,0,2.0,1.0,2,2.0,0.0,65,False,True,True,False,True,False,False,True,True,False,True,False,False
3735,14,77,0.0,0.0,7,99,0.0,2,1.0,1.0,2,2.0,1.0,64,True,False,False,True,True,False,False,True,True,False,False,False,True
3736,12,84,1.0,2.0,6,74,2.0,1,1.0,2.0,3,1.0,1.0,67,True,False,False,True,False,True,False,True,True,False,True,False,False
3737,10,69,0.0,1.0,8,97,1.0,1,1.0,1.0,3,0.0,0.0,61,True,False,True,False,True,False,False,True,True,False,True,False,False
3738,13,98,1.0,2.0,6,71,1.0,1,0.0,2.0,1,1.0,0.0,70,True,False,True,False,False,True,False,True,True,False,False,False,True
3739,21,84,2.0,0.0,6,66,2.0,2,2.0,1.0,4,1.0,2.0,68,False,True,True,False,True,False,False,True,False,True,False,False,True
3740,15,72,1.0,1.0,8,68,2.0,0,1.0,1.0,2,0.0,0.0,64,True,False,False,True,False,True,False,True,True,False,False,False,True
3741,23,78,2.0,1.0,8,94,1.0,1,2.0,1.0,2,0.0,1.0,68,False,True,True,False,True,False,False,True,False,True,False,True,False
3742,20,92,1.0,0.0,7,67,0.0,1,1.0,1.0,5,0.0,0.0,68,False,True,False,True,True,False,False,True,True,False,False,False,True
3743,8,66,2.0,2.0,8,83,1.0,0,0.0,1.0,4,1.0,0.0,63,False,True,True,False,False,True,False,True,True,False,False,False,True
3744,24,72,0.0,1.0,8,73,0.0,1,0.0,1.0,2,1.0,1.0,65,True,False,False,True,False,True,False,True,True,False,False,False,True
3745,25,87,0.0,1.0,10,97,1.0,4,0.0,0.0,3,0.0,0.0,69,True,False,True,False,False,True,False,True,False,True,False,True,False
3746,14,73,1.0,2.0,8,58,1.0,2,0.0,2.0,2,1.0,1.0,63,False,True,False,True,True,False,False,True,True,False,True,False,False
3747,23,92,0.0,1.0,10,71,1.0,1,0.0,1.0,3,1.0,0.0,69,False,True,False,True,False,True,False,True,True,False,False,True,False
3748,15,65,2.0,0.0,7,56,1.0,3,2.0,1.0,3,0.0,0.0,61,True,False,True,False,False,True,True,False,False,True,False,False,True
3749,21,91,0.0,2.0,9,79,1.0,2,0.0,1.0,3,1.0,2.0,69,True,False,True,False,False,True,False,True,True,False,False,True,False
3750,12,63,2.0,1.0,9,70,0.0,1,2.0,0.0,3,1.0,0.0,62,True,False,False,True,True,False,False,True,True,False,False,False,True
3751,18,96,1.0,2.0,6,92,1.0,2,1.0,1.0,3,0.0,2.0,71,False,True,False,True,False,True,False,True,True,False,False,False,True
3752,19,83,2.0,0.0,6,69,1.0,5,1.0,1.0,2,2.0,2.0,69,False,True,True,False,True,False,False,True,True,False,False,False,True
3753,18,74,2.0,1.0,8,75,2.0,1,2.0,2.0,3,2.0,1.0,68,False,True,False,True,True,False,False,True,True,False,False,False,True
3754,13,69,1.0,0.0,5,70,1.0,0,1.0,2.0,2,1.0,0.0,61,False,True,True,False,True,False,False,True,True,False,True,False,False
3755,18,85,2.0,1.0,6,74,1.0,3,0.0,1.0,2,1.0,2.0,67,False,True,True,False,False,True,False,True,True,False,True,False,False
3756,22,80,1.0,2.0,9,51,1.0,2,1.0,1.0,3,2.0,0.0,68,False,True,False,True,False,True,False,True,True,False,True,False,False
3757,20,100,1.0,1.0,8,91,1.0,3,0.0,1.0,3,0.0,0.0,72,False,True,False,True,False,True,False,True,True,False,False,False,True
3758,21,99,2.0,0.0,4,67,1.0,1,1.0,1.0,4,1.0,0.0,71,True,False,True,False,False,True,False,True,True,False,True,False,False
3759,16,85,1.0,1.0,5,86,0.0,3,1.0,1.0,2,0.0,0.0,67,False,True,False,True,False,True,True,False,True,False,False,False,True
3760,27,78,1.0,1.0,10,53,1.0,3,1.0,1.0,4,2.0,1.0,68,False,True,True,False,True,False,False,True,False,True,False,True,False
3761,13,80,1.0,1.0,9,76,1.0,0,2.0,1.0,2,0.0,0.0,64,True,False,False,True,True,False,False,True,True,False,False,True,False
3762,23,87,1.0,2.0,6,95,2.0,3,2.0,1.0,0,0.0,0.0,73,True,False,True,False,True,False,False,True,True,False,False,False,True
3763,27,64,0.0,1.0,5,70,1.0,0,0.0,2.0,4,0.0,0.0,65,True,False,False,True,False,True,False,True,True,False,False,False,True
3764,23,73,0.0,2.0,5,60,2.0,1,1.0,1.0,2,2.0,0.0,67,True,False,True,False,True,False,False,True,True,False,False,False,True
3765,19,63,2.0,1.0,8,55,0.0,0,1.0,1.0,4,1.0,1.0,63,True,False,True,False,False,True,False,True,True,False,False,False,True
3766,17,63,1.0,1.0,10,93,1.0,0,0.0,1.0,2,2.0,0.0,63,True,False,False,True,False,True,False,True,False,True,False,False,True
3767,26,68,1.0,1.0,10,62,2.0,4,1.0,1.0,2,2.0,0.0,69,True,False,False,True,False,True,False,True,True,False,False,True,False
3768,11,79,2.0,2.0,5,99,1.0,1,2.0,0.0,3,0.0,0.0,68,True,False,False,True,False,True,False,True,True,False,False,False,True
3769,14,91,1.0,1.0,7,62,1.0,2,0.0,2.0,2,1.0,0.0,68,False,True,False,True,False,True,False,True,True,False,False,True,False
3770,18,79,2.0,2.0,6,74,1.0,3,0.0,1.0,4,0.0,0.0,69,False,True,False,True,False,True,False,True,True,False,False,False,True
3771,27,73,2.0,2.0,7,73,2.0,5,2.0,2.0,3,0.0,0.0,73,True,False,False,True,False,True,False,True,True,False,True,False,False
3772,22,63,2.0,2.0,5,53,2.0,3,0.0,2.0,2,0.0,0.0,66,False,True,False,True,False,True,False,True,True,False,True,False,False
3773,14,82,1.0,1.0,6,77,1.0,3,1.0,1.0,3,1.0,0.0,68,True,False,False,True,False,True,False,True,True,False,False,False,True
3774,18,71,1.0,1.0,6,84,1.0,2,1.0,0.0,2,2.0,0.0,65,False,True,False,True,True,False,False,True,True,False,False,True,False
3775,16,85,1.0,1.0,8,87,2.0,4,0.0,1.0,3,0.0,2.0,67,False,True,True,False,True,False,False,True,True,False,True,False,False
3776,16,99,1.0,1.0,6,76,0.0,2,1.0,1.0,4,1.0,0.0,70,True,False,True,False,True,False,False,True,True,False,False,False,True
3777,26,64,1.0,2.0,6,91,1.0,1,0.0,1.0,4,0.0,1.0,66,False,True,True,False,True,False,False,True,True,False,False,True,False
3778,12,68,1.0,2.0,8,88,2.0,3,0.0,1.0,3,2.0,1.0,64,True,False,False,True,True,False,False,True,True,False,True,False,False
3779,30,79,1.0,2.0,9,60,1.0,1,0.0,1.0,3,0.0,0.0,69,True,False,False,True,True,False,False,True,True,False,False,True,False
3780,25,99,0.0,1.0,10,70,1.0,1,1.0,1.0,5,1.0,2.0,71,True,False,False,True,True,False,False,True,True,False,False,False,True
3781,27,91,1.0,0.0,8,57,1.0,0,0.0,0.0,4,2.0,1.0,68,False,True,True,False,True,False,False,True,True,False,False,True,False
3782,17,96,2.0,1.0,7,57,0.0,2,1.0,1.0,3,1.0,1.0,68,True,False,True,False,True,False,False,True,True,False,True,False,False
3783,19,73,0.0,1.0,9,86,2.0,0,1.0,2.0,3,1.0,0.0,66,True,False,False,True,False,True,False,True,True,False,False,False,True
3784,11,100,0.0,2.0,9,77,1.0,2,1.0,2.0,3,2.0,0.0,70,True,False,False,True,True,False,False,True,True,False,False,False,True
3785,17,64,1.0,2.0,8,80,1.0,0,2.0,2.0,2,2.0,0.0,65,True,False,False,True,True,False,False,True,True,False,False,False,True
3786,23,62,1.0,0.0,5,87,1.0,1,1.0,1.0,4,0.0,0.0,63,True,False,False,True,False,True,False,True,True,False,True,False,False
3787,28,94,0.0,1.0,9,64,1.0,0,1.0,1.0,3,0.0,1.0,70,True,False,False,True,False,True,False,True,True,False,False,True,False
3788,13,97,0.0,1.0,8,70,1.0,0,2.0,1.0,2,2.0,1.0,67,True,False,True,False,False,True,False,True,True,False,False,True,False
3789,18,64,1.0,1.0,6,80,1.0,1,1.0,1.0,5,0.0,0.0,63,False,True,False,True,True,False,False,True,False,True,False,False,True
3790,19,65,2.0,1.0,6,55,1.0,1,0.0,2.0,3,2.0,1.0,64,False,True,False,True,True,False,False,True,True,False,False,False,True
3791,12,61,0.0,1.0,8,92,1.0,2,2.0,1.0,4,0.0,1.0,60,False,True,False,True,False,True,False,True,False,True,False,True,False
3792,24,64,1.0,1.0,4,67,0.0,0,0.0,1.0,1,0.0,0.0,62,False,True,False,True,False,True,False,True,True,False,False,True,False
3793,16,68,1.0,2.0,7,83,2.0,2,0.0,2.0,2,0.0,0.0,65,True,False,False,True,True,False,False,True,True,False,False,False,True
3794,19,99,0.0,0.0,6,100,1.0,0,2.0,0.0,3,2.0,0.0,69,False,True,True,False,True,False,False,True,True,False,True,False,False
3795,17,87,1.0,2.0,6,74,0.0,1,0.0,2.0,3,1.0,1.0,68,True,False,True,False,False,True,False,True,True,False,False,True,False
3796,15,91,1.0,1.0,6,61,1.0,1,1.0,2.0,2,0.0,1.0,66,False,True,False,True,True,False,True,False,True,False,False,False,True
3797,20,91,2.0,2.0,5,61,0.0,4,0.0,1.0,2,2.0,0.0,72,False,True,False,True,False,True,False,True,True,False,False,False,True
3798,19,81,1.0,2.0,9,53,1.0,2,2.0,1.0,3,0.0,0.0,68,False,True,False,True,False,True,False,True,True,False,False,False,True
3799,18,92,1.0,1.0,4,88,1.0,3,2.0,1.0,2,0.0,1.0,69,False,True,False,True,True,False,False,True,True,False,False,True,False
3800,16,84,1.0,1.0,7,65,0.0,1,2.0,2.0,3,0.0,1.0,65,False,True,False,True,True,False,False,True,True,False,True,False,False
3801,22,73,2.0,1.0,6,59,0.0,0,0.0,1.0,1,0.0,0.0,65,False,True,False,True,False,True,False,True,True,False,False,False,True
3802,30,82,0.0,1.0,10,86,0.0,2,0.0,2.0,4,0.0,0.0,70,True,False,False,True,False,True,False,True,True,False,False,True,False
3803,21,81,1.0,0.0,7,65,2.0,1,1.0,1.0,2,1.0,1.0,67,False,True,False,True,False,True,False,True,True,False,False,False,True
3804,26,93,2.0,1.0,4,80,1.0,4,0.0,1.0,3,1.0,0.0,73,False,True,True,False,True,False,False,True,False,True,False,False,True
3805,12,99,2.0,2.0,8,71,1.0,2,1.0,0.0,2,1.0,0.0,70,True,False,False,True,True,False,False,True,True,False,False,True,False
3806,21,76,1.0,1.0,5,67,1.0,1,2.0,0.0,3,0.0,1.0,66,False,True,True,False,False,True,False,True,True,False,False,False,True
3807,13,91,1.0,1.0,8,74,1.0,1,0.0,1.0,1,2.0,0.0,68,False,True,True,False,False,True,False,True,True,False,False,False,True
3808,11,64,1.0,1.0,8,66,1.0,2,0.0,1.0,2,1.0,1.0,61,False,True,False,True,False,True,False,True,True,False,False,False,True
3809,16,91,1.0,2.0,9,94,0.0,0,2.0,1.0,3,2.0,0.0,70,False,True,False,True,True,False,False,True,True,False,False,False,True
3810,27,75,1.0,0.0,7,54,0.0,2,1.0,1.0,3,2.0,0.0,66,True,False,False,True,False,True,False,True,True,False,True,False,False
3811,26,62,2.0,1.0,8,52,1.0,4,0.0,1.0,5,1.0,0.0,67,False,True,False,True,False,True,False,True,True,False,False,True,False
3812,21,75,2.0,2.0,7,70,2.0,1,1.0,2.0,3,2.0,0.0,69,True,False,True,False,True,False,False,True,True,False,False,True,False
3813,11,84,1.0,0.0,6,59,0.0,2,1.0,1.0,3,0.0,0.0,64,True,False,False,True,False,True,False,True,True,False,False,False,True
3814,19,65,2.0,1.0,9,87,0.0,0,2.0,2.0,2,1.0,1.0,65,False,True,False,True,False,True,False,True,True,False,False,False,True
3815,22,97,2.0,1.0,5,68,0.0,7,1.0,2.0,5,1.0,0.0,75,True,False,True,False,False,True,False,True,True,False,True,False,False
3816,21,63,2.0,1.0,7,63,1.0,2,1.0,1.0,2,0.0,2.0,63,False,True,False,True,True,False,False,True,True,False,False,True,False
3817,9,97,2.0,1.0,6,68,0.0,5,1.0,1.0,3,1.0,0.0,69,False,True,True,False,True,False,False,True,True,False,False,True,False
3818,15,88,1.0,2.0,8,61,0.0,2,1.0,2.0,4,0.0,0.0,68,False,True,False,True,False,True,False,True,False,True,False,False,True
3819,20,73,1.0,0.0,6,65,1.0,2,2.0,2.0,2,1.0,0.0,66,False,True,True,False,False,True,False,True,True,False,False,False,True
3820,23,76,0.0,1.0,6,78,0.0,2,2.0,1.0,2,0.0,1.0,66,True,False,False,True,False,True,False,True,True,False,False,False,True
3821,7,90,0.0,1.0,7,93,0.0,4,1.0,1.0,3,1.0,0.0,66,False,True,False,True,False,True,False,True,True,False,False,True,False
3822,19,84,1.0,1.0,9,69,1.0,2,1.0,0.0,4,1.0,0.0,68,True,False,False,True,False,True,False,True,True,False,False,True,False
3823,21,87,0.0,1.0,6,66,1.0,1,0.0,0.0,2,0.0,1.0,65,True,False,False,True,False,True,False,True,True,False,True,False,False
3824,25,76,1.0,2.0,6,89,2.0,3,0.0,1.0,3,1.0,0.0,70,False,True,False,True,True,False,False,True,True,False,False,True,False
3825,24,80,1.0,2.0,5,51,1.0,3,2.0,0.0,2,0.0,0.0,68,True,False,False,True,True,False,False,True,True,False,False,False,True
3826,23,100,1.0,1.0,6,65,0.0,1,1.0,2.0,2,0.0,0.0,70,True,False,False,True,True,False,False,True,False,True,False,True,False
3827,15,69,0.0,1.0,8,73,1.0,2,1.0,1.0,2,0.0,1.0,61,False,True,False,True,True,False,False,True,True,False,False,True,False
3828,9,77,0.0,0.0,7,80,1.0,3,1.0,1.0,3,0.0,0.0,61,False,True,False,True,True,False,False,True,False,True,False,False,True
3829,18,72,0.0,2.0,7,58,0.0,6,0.0,1.0,0,0.0,1.0,64,False,True,False,True,True,False,False,True,True,False,False,False,True
3830,26,91,0.0,1.0,10,72,0.0,4,2.0,1.0,3,1.0,1.0,71,False,True,False,True,True,False,False,True,True,False,False,True,False
3831,28,91,2.0,1.0,4,78,0.0,1,1.0,0.0,3,0.0,1.0,72,False,True,False,True,False,True,False,True,True,False,False,False,True
3832,24,72,1.0,2.0,10,76,2.0,1,0.0,1.0,3,0.0,0.0,66,False,True,False,True,False,True,True,False,True,False,True,False,False
3833,23,63,1.0,1.0,9,79,2.0,0,0.0,1.0,4,0.0,2.0,63,True,False,True,False,False,True,False,True,True,False,True,False,False
3834,22,60,0.0,0.0,7,83,1.0,3,1.0,1.0,1,1.0,0.0,62,True,False,False,True,True,False,True,False,True,False,False,False,True
3835,17,77,1.0,1.0,8,69,0.0,3,2.0,1.0,3,0.0,0.0,65,False,True,False,True,False,True,False,True,False,True,False,True,False
3836,19,76,1.0,1.0,6,53,1.0,2,1.0,1.0,5,0.0,0.0,66,False,True,False,True,False,True,False,True,True,False,False,False,True
3837,30,100,0.0,2.0,7,53,1.0,2,0.0,2.0,3,0.0,1.0,72,False,True,True,False,True,False,False,True,True,False,False,True,False
3838,14,79,2.0,1.0,10,93,1.0,2,1.0,1.0,3,1.0,0.0,68,False,True,False,True,False,True,False,True,True,False,False,True,False
3839,30,70,2.0,0.0,6,84,2.0,2,1.0,1.0,3,2.0,0.0,70,False,True,False,True,True,False,False,True,True,False,False,False,True
3840,18,96,1.0,1.0,7,88,1.0,1,1.0,2.0,3,0.0,1.0,70,True,False,True,False,False,True,False,True,True,False,True,False,False
3841,28,80,1.0,2.0,6,96,2.0,2,0.0,1.0,6,0.0,0.0,73,False,True,False,True,True,False,False,True,True,False,False,False,True
3842,12,84,1.0,2.0,6,88,2.0,2,2.0,2.0,2,0.0,0.0,67,False,True,False,True,True,False,True,False,True,False,False,False,True
3843,24,64,1.0,0.0,6,85,1.0,3,1.0,1.0,2,2.0,1.0,65,False,True,False,True,True,False,False,True,True,False,False,False,True
3844,16,75,2.0,0.0,5,83,1.0,1,1.0,2.0,3,1.0,1.0,65,True,False,True,False,False,True,False,True,True,False,True,False,False
3845,12,98,0.0,1.0,7,63,1.0,0,2.0,1.0,3,0.0,0.0,65,True,False,True,False,True,False,False,True,False,True,False,True,False
3846,21,84,1.0,1.0,7,98,1.0,0,1.0,1.0,4,1.0,0.0,70,False,True,False,True,False,True,False,True,True,False,False,True,False
3847,26,74,1.0,0.0,6,77,1.0,3,1.0,1.0,2,0.0,2.0,66,False,True,True,False,False,True,False,True,True,False,True,False,False
3848,15,85,1.0,1.0,4,61,1.0,0,1.0,0.0,1,1.0,0.0,65,False,True,False,True,False,True,False,True,True,False,False,True,False
3849,11,96,2.0,2.0,7,60,1.0,2,0.0,1.0,1,0.0,0.0,68,False,True,False,True,True,False,False,True,True,False,False,True,False
3850,19,71,1.0,1.0,7,91,1.0,3,2.0,1.0,1,0.0,1.0,66,True,False,False,True,False,True,False,True,True,False,True,False,False
3851,19,80,0.0,1.0,10,63,2.0,1,1.0,1.0,2,1.0,0.0,65,True,False,False,True,False,True,True,False,True,False,False,True,False
3852,23,98,1.0,2.0,7,52,0.0,2,0.0,2.0,4,0.0,0.0,71,True,False,True,False,False,True,False,True,False,True,False,False,True
3853,26,67,0.0,1.0,8,71,1.0,2,2.0,1.0,3,0.0,0.0,65,False,True,True,False,False,True,False,True,True,False,True,False,False
3854,20,89,0.0,1.0,6,91,2.0,0,1.0,1.0,4,1.0,0.0,70,False,True,True,False,False,True,False,True,True,False,False,False,True
3855,31,85,1.0,1.0,9,71,0.0,0,1.0,2.0,2,1.0,1.0,69,True,False,False,True,False,True,False,True,False,True,True,False,False
3856,21,87,1.0,1.0,6,90,2.0,3,2.0,1.0,4,0.0,0.0,71,False,True,False,True,True,False,False,True,True,False,True,False,False
3857,18,74,1.0,2.0,8,91,1.0,0,1.0,2.0,2,0.0,0.0,67,True,False,True,False,False,True,False,True,True,False,False,False,True
3858,10,73,1.0,1.0,8,93,2.0,3,0.0,1.0,2,0.0,1.0,64,False,True,False,True,False,True,False,True,False,True,False,False,True
3859,18,69,1.0,2.0,10,85,1.0,2,2.0,1.0,0,1.0,1.0,66,True,False,True,False,False,True,False,True,True,False,False,False,True
3860,26,77,0.0,1.0,6,63,0.0,1,0.0,2.0,4,0.0,0.0,66,False,True,False,True,False,True,False,True,True,False,True,False,False
3861,23,68,2.0,1.0,9,55,1.0,1,1.0,1.0,3,0.0,1.0,65,False,True,False,True,False,True,False,True,True,False,False,False,True
3862,13,60,1.0,1.0,9,77,0.0,2,1.0,2.0,5,0.0,0.0,61,False,True,True,False,True,False,False,True,False,True,False,False,True
3863,21,99,1.0,2.0,7,51,2.0,2,1.0,0.0,2,2.0,0.0,72,True,False,True,False,True,False,False,True,True,False,False,True,False
3864,24,77,2.0,1.0,10,73,1.0,3,1.0,1.0,3,0.0,0.0,70,False,True,False,True,False,True,False,True,True,False,False,False,True
3865,29,99,1.0,1.0,7,55,0.0,0,1.0,1.0,3,0.0,1.0,71,False,True,True,False,False,True,False,True,True,False,False,False,True
3866,25,83,2.0,2.0,7,94,0.0,2,0.0,2.0,3,1.0,1.0,72,False,True,False,True,False,True,False,True,False,True,False,False,True
3867,20,68,1.0,2.0,5,82,1.0,1,0.0,2.0,3,2.0,0.0,67,True,False,False,True,False,True,True,False,True,False,False,False,True
3868,22,92,2.0,0.0,8,82,1.0,2,1.0,1.0,5,2.0,0.0,72,False,True,True,False,True,False,False,True,True,False,False,True,False
3869,27,91,0.0,2.0,8,70,0.0,1,1.0,0.0,6,0.0,1.0,70,True,False,False,True,False,True,False,True,True,False,False,True,False
3870,12,65,1.0,2.0,7,71,1.0,1,0.0,2.0,4,0.0,1.0,62,False,True,False,True,True,False,False,True,True,False,False,True,False
3871,18,96,2.0,1.0,10,65,0.0,3,1.0,1.0,2,1.0,1.0,71,True,False,False,True,False,True,False,True,True,False,False,False,True
3872,15,68,0.0,1.0,6,72,0.0,3,2.0,0.0,3,0.0,0.0,62,True,False,False,True,True,False,False,True,True,False,False,True,False
3873,22,85,1.0,1.0,4,79,0.0,1,0.0,0.0,3,0.0,0.0,68,True,False,False,True,False,True,False,True,True,False,False,False,True
3874,27,99,2.0,1.0,10,59,2.0,2,0.0,1.0,3,0.0,0.0,74,False,True,False,True,True,False,False,True,True,False,False,False,True
3875,16,95,2.0,2.0,9,63,1.0,0,1.0,0.0,3,0.0,0.0,68,False,True,True,False,True,False,True,False,True,False,False,False,True
3876,6,98,1.0,0.0,8,75,1.0,1,2.0,1.0,3,2.0,2.0,64,True,False,False,True,True,False,False,True,False,True,False,True,False
3877,18,74,2.0,1.0,6,69,1.0,0,0.0,1.0,4,0.0,1.0,65,False,True,False,True,False,True,False,True,True,False,False,False,True
3878,25,64,1.0,0.0,8,91,1.0,1,0.0,0.0,5,1.0,0.0,66,False,True,False,True,False,True,False,True,True,False,False,False,True
3879,23,68,1.0,2.0,5,91,0.0,5,0.0,1.0,1,1.0,0.0,68,True,False,False,True,True,False,False,True,True,False,False,True,False
3880,23,80,1.0,1.0,7,67,0.0,2,0.0,2.0,4,0.0,0.0,67,False,True,False,True,True,False,False,True,True,False,False,True,False
3881,18,92,1.0,1.0,6,73,0.0,1,1.0,2.0,5,0.0,1.0,67,True,False,False,True,False,True,False,True,False,True,False,True,False
3882,12,66,1.0,2.0,7,99,0.0,2,1.0,0.0,3,0.0,1.0,63,False,True,False,True,False,True,False,True,True,False,False,True,False
3883,23,86,1.0,2.0,8,91,1.0,2,0.0,1.0,1,1.0,0.0,71,True,False,False,True,False,True,False,True,True,False,True,False,False
3884,15,73,1.0,2.0,5,61,0.0,1,0.0,2.0,2,2.0,1.0,63,False,True,True,False,True,False,True,False,True,False,False,False,True
3885,33,74,1.0,0.0,8,64,1.0,0,1.0,1.0,3,0.0,0.0,66,False,True,False,True,True,False,False,True,False,True,True,False,False
3886,23,86,2.0,1.0,7,54,0.0,2,1.0,1.0,2,0.0,0.0,67,True,False,False,True,True,False,False,True,False,True,True,False,False
3887,17,79,1.0,2.0,8,84,1.0,0,1.0,1.0,2,0.0,1.0,66,False,True,False,True,False,True,False,True,True,False,False,True,False
3888,16,92,1.0,1.0,7,66,2.0,2,1.0,1.0,4,2.0,1.0,70,True,False,False,True,False,True,False,True,True,False,False,False,True
3889,19,66,2.0,1.0,8,77,0.0,3,1.0,1.0,4,1.0,1.0,64,True,False,False,True,True,False,True,False,True,False,True,False,False
3890,19,92,1.0,1.0,6,88,0.0,1,2.0,1.0,2,2.0,0.0,71,False,True,False,True,False,True,False,True,True,False,False,False,True
3891,27,63,2.0,2.0,4,92,1.0,0,0.0,1.0,3,1.0,0.0,68,True,False,False,True,False,True,False,True,True,False,False,True,False
3892,21,68,0.0,1.0,5,66,0.0,2,2.0,1.0,3,0.0,0.0,64,False,True,True,False,False,True,False,True,True,False,False,True,False
3893,16,86,1.0,1.0,6,62,0.0,1,0.0,2.0,4,0.0,0.0,66,True,False,False,True,False,True,False,True,True,False,False,False,True
3894,31,94,0.0,1.0,5,92,0.0,1,2.0,0.0,4,0.0,0.0,72,False,True,True,False,True,False,False,True,True,False,False,True,False
3895,20,70,0.0,1.0,9,69,2.0,2,1.0,2.0,3,2.0,0.0,66,True,False,False,True,False,True,False,True,True,False,False,True,False
3896,25,73,1.0,2.0,7,91,1.0,0,1.0,2.0,4,0.0,0.0,70,True,False,False,True,False,True,False,True,True,False,False,True,False
3897,16,81,1.0,1.0,8,57,2.0,1,1.0,1.0,2,0.0,0.0,66,False,True,True,False,False,True,False,True,True,False,False,False,True
3898,22,68,2.0,1.0,8,96,1.0,1,1.0,1.0,3,2.0,1.0,68,True,False,False,True,True,False,False,True,True,False,False,False,True
3899,22,92,1.0,0.0,7,74,2.0,2,1.0,0.0,4,1.0,1.0,70,False,True,False,True,False,True,False,True,True,False,False,False,True
3900,9,91,1.0,1.0,10,59,2.0,0,0.0,1.0,2,1.0,1.0,64,False,True,True,False,True,False,False,True,True,False,False,False,True
3901,32,66,2.0,2.0,10,77,2.0,3,1.0,1.0,1,1.0,0.0,71,False,True,False,True,False,True,False,True,True,False,False,True,False
3902,28,79,1.0,2.0,9,94,0.0,2,0.0,1.0,5,1.0,0.0,72,False,True,True,False,False,True,False,True,True,False,False,False,True
3903,18,91,2.0,1.0,6,69,1.0,5,0.0,2.0,2,0.0,0.0,71,False,True,False,True,False,True,False,True,True,False,False,False,True
3904,13,73,1.0,0.0,9,59,1.0,0,1.0,2.0,4,2.0,0.0,63,False,True,False,True,True,False,False,True,True,False,False,True,False
3905,22,85,0.0,1.0,4,79,1.0,1,2.0,0.0,2,1.0,0.0,68,False,True,False,True,False,True,False,True,True,False,False,False,True
3906,21,62,1.0,1.0,9,92,1.0,1,1.0,1.0,4,0.0,0.0,63,False,True,True,False,True,False,False,True,False,True,False,False,True
3907,22,84,1.0,1.0,4,56,1.0,0,2.0,0.0,2,0.0,1.0,66,False,True,True,False,True,False,False,True,True,False,False,False,True
3908,21,66,1.0,1.0,7,52,2.0,1,1.0,1.0,3,0.0,2.0,63,True,False,False,True,False,True,False,True,True,False,False,True,False
3909,23,93,2.0,2.0,9,53,2.0,1,0.0,1.0,4,1.0,0.0,72,True,False,True,False,True,False,False,True,True,False,False,True,False
3910,29,74,1.0,2.0,8,62,2.0,3,0.0,2.0,3,2.0,1.0,70,False,True,False,True,False,True,False,True,False,True,False,False,True
3911,23,71,1.0,1.0,5,50,1.0,1,0.0,2.0,1,1.0,0.0,65,True,False,False,True,False,True,False,True,True,False,False,False,True
3912,14,94,1.0,2.0,7,71,1.0,0,1.0,1.0,3,1.0,1.0,67,True,False,True,False,False,True,False,True,False,True,True,False,False
3913,28,62,0.0,2.0,8,85,1.0,2,0.0,2.0,3,0.0,1.0,66,True,False,False,True,True,False,False,True,True,False,False,False,True
3914,30,76,1.0,1.0,7,86,1.0,1,1.0,2.0,2,2.0,2.0,69,False,True,False,True,False,True,False,True,False,True,False,True,False
3915,39,75,1.0,2.0,6,82,2.0,1,2.0,0.0,3,1.0,0.0,73,False,True,False,True,False,True,False,True,True,False,True,False,False
3916,13,71,1.0,2.0,8,65,2.0,2,1.0,1.0,4,2.0,0.0,66,True,False,False,True,False,True,False,True,True,False,False,True,False
3917,21,96,1.0,1.0,9,87,1.0,0,1.0,1.0,6,0.0,0.0,70,True,False,False,True,False,True,False,True,False,True,False,True,False
3918,8,90,2.0,2.0,7,79,2.0,2,0.0,1.0,4,1.0,0.0,68,False,True,False,True,True,False,False,True,True,False,True,False,False
3919,23,63,0.0,1.0,9,93,1.0,2,1.0,2.0,2,0.0,2.0,65,False,True,True,False,False,True,False,True,True,False,False,False,True
3920,17,89,1.0,1.0,7,74,1.0,1,0.0,1.0,2,2.0,1.0,67,True,False,True,False,True,False,False,True,True,False,False,False,True
3921,32,81,2.0,1.0,6,59,2.0,2,2.0,1.0,2,0.0,1.0,71,True,False,False,True,True,False,False,True,True,False,False,True,False
3922,15,96,2.0,2.0,9,82,1.0,2,0.0,0.0,3,0.0,0.0,70,True,False,True,False,True,False,False,True,True,False,False,True,False
3923,10,73,1.0,0.0,9,58,0.0,5,0.0,1.0,3,0.0,1.0,61,False,True,True,False,False,True,False,True,True,False,True,False,False
3924,17,83,2.0,1.0,6,98,1.0,0,1.0,1.0,3,0.0,0.0,69,False,True,False,True,False,True,False,True,True,False,False,False,True
3925,8,80,0.0,1.0,6,85,1.0,1,0.0,2.0,3,2.0,0.0,63,False,True,False,True,False,True,False,True,True,False,True,False,False
3926,25,80,1.0,1.0,10,88,0.0,0,0.0,2.0,2,1.0,1.0,67,False,True,True,False,False,True,False,True,True,False,True,False,False
3927,8,78,2.0,1.0,7,84,1.0,0,1.0,1.0,2,1.0,0.0,65,False,True,False,True,False,True,False,True,True,False,False,False,True
3928,20,68,2.0,1.0,7,55,2.0,0,0.0,0.0,3,0.0,0.0,63,True,False,False,True,False,True,False,True,False,True,False,False,True
3929,8,90,1.0,1.0,7,73,2.0,3,2.0,0.0,4,2.0,0.0,67,False,True,True,False,True,False,False,True,True,False,True,False,False
3930,18,78,0.0,2.0,9,83,1.0,2,0.0,1.0,2,2.0,1.0,66,True,False,True,False,False,True,False,True,True,False,True,False,False
3931,30,98,0.0,1.0,10,61,1.0,0,0.0,1.0,3,2.0,1.0,72,False,True,False,True,False,True,False,True,True,False,False,False,True
3932,22,70,1.0,2.0,7,84,0.0,3,0.0,2.0,5,0.0,0.0,68,False,True,False,True,True,False,False,True,True,False,False,False,True
3933,15,87,2.0,1.0,10,91,1.0,1,0.0,0.0,4,0.0,1.0,67,False,True,False,True,False,True,False,True,True,False,False,True,False
3934,20,98,1.0,1.0,6,64,1.0,1,2.0,2.0,3,2.0,1.0,72,False,True,True,False,False,True,False,True,True,False,False,False,True
3935,20,87,1.0,2.0,7,60,1.0,0,0.0,1.0,2,0.0,2.0,66,True,False,False,True,False,True,False,True,False,True,False,False,True
3936,23,95,1.0,1.0,8,94,1.0,1,1.0,1.0,4,0.0,0.0,73,False,True,False,True,False,True,False,True,True,False,False,False,True
3937,12,93,2.0,2.0,6,50,0.0,4,2.0,2.0,3,2.0,1.0,71,False,True,False,True,False,True,False,True,True,False,False,False,True
3938,24,74,0.0,0.0,8,63,2.0,1,0.0,2.0,3,0.0,1.0,65,False,True,False,True,False,True,False,True,True,False,False,False,True
3939,4,84,1.0,1.0,6,70,1.0,5,1.0,2.0,4,0.0,0.0,65,False,True,True,False,False,True,False,True,True,False,False,True,False
3940,16,66,2.0,1.0,5,84,1.0,2,1.0,1.0,3,0.0,0.0,65,True,False,True,False,False,True,False,True,True,False,False,True,False
3941,17,81,1.0,1.0,4,100,0.0,2,1.0,2.0,2,1.0,0.0,68,False,True,True,False,False,True,False,True,True,False,False,True,False
3942,24,69,2.0,1.0,7,69,1.0,7,2.0,1.0,3,1.0,0.0,70,True,False,False,True,True,False,True,False,True,False,False,False,True
3943,20,90,1.0,0.0,8,97,0.0,1,1.0,0.0,2,0.0,0.0,68,True,False,True,False,False,True,False,True,True,False,False,True,False
3944,12,81,0.0,1.0,5,68,2.0,0,0.0,2.0,2,0.0,0.0,62,False,True,True,False,False,True,False,True,True,False,True,False,False
3945,14,76,1.0,1.0,7,85,2.0,3,0.0,1.0,3,1.0,0.0,66,False,True,True,False,True,False,False,True,True,False,False,True,False
3946,21,71,1.0,1.0,7,58,0.0,3,0.0,1.0,5,1.0,0.0,65,True,False,False,True,True,False,False,True,True,False,True,False,False
3947,20,100,1.0,1.0,7,73,1.0,1,0.0,1.0,4,1.0,0.0,71,True,False,False,True,False,True,False,True,True,False,False,True,False
3948,17,63,1.0,1.0,6,94,0.0,0,1.0,1.0,2,0.0,1.0,61,False,True,False,True,True,False,False,True,True,False,True,False,False
3949,17,62,1.0,1.0,7,66,2.0,2,2.0,1.0,4,0.0,1.0,63,False,True,False,True,True,False,False,True,True,False,False,True,False
3950,24,69,1.0,2.0,7,55,0.0,3,1.0,2.0,4,0.0,0.0,67,False,True,False,True,False,True,False,True,True,False,False,True,False
3951,17,99,1.0,1.0,8,76,0.0,2,2.0,1.0,4,2.0,0.0,70,False,True,False,True,True,False,True,False,True,False,False,False,True
3952,19,99,1.0,1.0,5,72,0.0,3,1.0,2.0,4,2.0,0.0,73,False,True,True,False,False,True,False,True,True,False,False,True,False
3953,33,86,1.0,1.0,7,61,1.0,1,2.0,1.0,3,0.0,0.0,72,False,True,False,True,True,False,False,True,True,False,False,False,True
3954,11,95,1.0,1.0,5,95,0.0,1,0.0,2.0,3,2.0,0.0,69,False,True,False,True,False,True,False,True,True,False,False,False,True
3955,9,69,0.0,1.0,7,80,1.0,1,1.0,1.0,3,1.0,1.0,61,False,True,True,False,False,True,False,True,True,False,False,True,False
3956,25,99,1.0,1.0,5,67,1.0,1,0.0,2.0,3,0.0,0.0,71,False,True,False,True,True,False,False,True,True,False,False,True,False
3957,16,66,1.0,1.0,6,100,1.0,1,1.0,1.0,3,0.0,1.0,64,True,False,False,True,False,True,False,True,True,False,False,True,False
3958,18,64,0.0,1.0,7,57,1.0,1,2.0,1.0,3,0.0,1.0,61,False,True,False,True,False,True,False,True,True,False,False,True,False
3959,15,64,1.0,1.0,6,92,0.0,3,0.0,1.0,4,1.0,0.0,63,True,False,False,True,True,False,False,True,True,False,True,False,False
3960,18,83,1.0,0.0,9,62,2.0,2,0.0,1.0,2,0.0,0.0,65,False,True,False,True,False,True,False,True,True,False,True,False,False
3961,30,91,2.0,1.0,9,62,0.0,3,0.0,2.0,4,2.0,0.0,73,True,False,False,True,True,False,False,True,True,False,True,False,False
3962,25,75,1.0,0.0,8,75,2.0,2,2.0,2.0,4,2.0,0.0,68,False,True,True,False,False,True,False,True,False,True,True,False,False
3963,25,99,1.0,1.0,8,83,1.0,1,1.0,1.0,2,1.0,0.0,72,True,False,False,True,True,False,False,True,True,False,False,True,False
3964,12,77,0.0,0.0,7,85,1.0,1,1.0,1.0,3,1.0,2.0,62,False,True,False,True,False,True,False,True,True,False,False,False,True
3965,13,66,2.0,1.0,9,51,0.0,3,1.0,1.0,2,2.0,1.0,63,False,True,True,False,False,True,False,True,True,False,False,False,True
3966,15,87,1.0,1.0,10,83,1.0,1,2.0,2.0,3,0.0,0.0,68,False,True,True,False,True,False,False,True,True,False,False,False,True
3967,26,93,2.0,2.0,6,94,0.0,1,1.0,2.0,2,0.0,0.0,74,True,False,False,True,False,True,False,True,True,False,True,False,False
3968,23,78,1.0,1.0,5,83,1.0,1,1.0,1.0,3,0.0,0.0,68,False,True,False,True,False,True,False,True,True,False,False,False,True
3969,19,84,1.0,1.0,5,63,1.0,1,2.0,1.0,2,0.0,0.0,67,False,True,True,False,False,True,False,True,True,False,False,False,True
3970,20,71,1.0,1.0,5,75,0.0,0,1.0,1.0,4,0.0,0.0,65,False,True,True,False,False,True,False,True,True,False,False,False,True
3971,16,86,0.0,0.0,5,82,0.0,0,0.0,1.0,4,0.0,1.0,63,True,False,False,True,False,True,False,True,True,False,False,True,False
3972,21,99,1.0,0.0,7,57,2.0,2,1.0,1.0,2,2.0,0.0,71,False,True,False,True,True,False,False,True,True,False,False,True,False
3973,25,62,1.0,0.0,8,77,1.0,0,1.0,0.0,4,1.0,2.0,62,True,False,False,True,False,True,False,True,True,False,True,False,False
3974,10,95,2.0,0.0,7,74,2.0,2,0.0,1.0,3,0.0,2.0,66,False,True,False,True,False,True,False,True,True,False,True,False,False
3975,22,82,0.0,1.0,5,67,0.0,1,0.0,2.0,1,2.0,0.0,65,True,False,True,False,True,False,False,True,False,True,False,True,False
3976,26,70,2.0,1.0,6,81,0.0,0,0.0,2.0,3,0.0,1.0,66,False,True,False,True,True,False,False,True,True,False,False,True,False
3977,18,98,2.0,0.0,8,82,1.0,3,1.0,2.0,3,1.0,0.0,71,False,True,False,True,True,False,False,True,True,False,True,False,False
3978,24,79,0.0,2.0,6,99,2.0,2,0.0,2.0,3,0.0,0.0,68,False,True,False,True,True,False,True,False,True,False,True,False,False
3979,37,73,1.0,2.0,6,71,1.0,0,2.0,2.0,5,0.0,1.0,72,False,True,False,True,False,True,False,True,True,False,False,False,True
3980,19,67,1.0,2.0,5,77,1.0,1,1.0,2.0,4,2.0,0.0,66,False,True,True,False,True,False,False,True,True,False,True,False,False
3981,22,70,1.0,0.0,6,58,0.0,4,2.0,1.0,2,2.0,1.0,66,False,True,False,True,False,True,False,True,True,False,False,False,True
3982,16,93,0.0,2.0,6,77,2.0,2,0.0,1.0,1,0.0,1.0,67,False,True,False,True,True,False,False,True,True,False,True,False,False
3983,21,85,0.0,2.0,7,52,1.0,5,2.0,2.0,3,2.0,1.0,71,False,True,False,True,False,True,False,True,True,False,False,False,True
3984,23,97,2.0,2.0,8,57,0.0,2,2.0,1.0,1,2.0,2.0,72,False,True,False,True,False,True,True,False,True,False,False,False,True
3985,21,69,0.0,1.0,7,59,1.0,3,0.0,1.0,3,2.0,0.0,64,False,True,False,True,True,False,False,True,True,False,False,True,False
3986,14,65,0.0,2.0,7,82,0.0,1,0.0,0.0,3,0.0,0.0,60,False,True,False,True,True,False,False,True,True,False,True,False,False
3987,21,60,2.0,0.0,8,78,1.0,2,1.0,2.0,2,0.0,0.0,64,True,False,False,True,True,False,False,True,True,False,False,False,True
3988,29,80,1.0,0.0,5,90,1.0,2,1.0,0.0,1,1.0,0.0,70,True,False,False,True,False,True,False,True,True,False,False,False,True
3989,23,100,1.0,0.0,10,73,1.0,3,1.0,1.0,2,1.0,0.0,72,False,True,True,False,False,True,False,True,True,False,False,True,False
3990,26,88,1.0,2.0,6,74,1.0,0,0.0,1.0,2,0.0,1.0,68,True,False,False,True,True,False,False,True,True,False,True,False,False
3991,19,72,1.0,0.0,8,58,1.0,0,1.0,0.0,3,0.0,0.0,62,True,False,False,True,False,True,False,True,True,False,False,True,False
3992,24,95,1.0,0.0,5,87,1.0,0,0.0,1.0,2,0.0,2.0,68,False,True,False,True,True,False,False,True,True,False,False,True,False
3993,22,91,2.0,2.0,7,50,1.0,2,0.0,1.0,5,2.0,1.0,72,False,True,False,True,False,True,False,True,True,False,False,False,True
3994,14,61,1.0,0.0,7,71,1.0,0,1.0,0.0,1,2.0,0.0,60,True,False,True,False,False,True,False,True,True,False,False,True,False
3995,22,93,1.0,2.0,9,59,0.0,3,0.0,2.0,4,2.0,0.0,72,True,False,False,True,True,False,False,True,True,False,False,False,True
3996,14,72,0.0,2.0,7,89,1.0,2,1.0,1.0,3,0.0,0.0,65,True,False,False,True,True,False,False,True,True,False,False,False,True
3997,16,66,1.0,0.0,9,84,2.0,3,0.0,0.0,4,0.0,0.0,63,True,False,False,True,True,False,False,True,True,False,False,False,True
3998,21,69,1.0,0.0,7,85,1.0,2,1.0,1.0,0,2.0,0.0,66,False,True,True,False,False,True,False,True,True,False,False,False,True
3999,22,79,0.0,1.0,10,57,0.0,1,1.0,2.0,2,0.0,0.0,65,False,True,False,True,True,False,False,True,True,False,False,False,True
4000,13,77,1.0,2.0,4,83,1.0,1,1.0,2.0,2,2.0,1.0,65,False,True,False,True,True,False,False,True,True,False,True,False,False
4001,26,72,0.0,2.0,8,85,1.0,2,0.0,1.0,3,0.0,0.0,67,False,True,False,True,True,False,False,True,True,False,True,False,False
4002,23,67,1.0,1.0,4,50,0.0,4,0.0,1.0,3,1.0,1.0,65,False,True,True,False,True,False,False,True,True,False,False,False,True
4003,16,90,2.0,1.0,7,66,1.0,0,2.0,2.0,3,0.0,1.0,67,False,True,False,True,True,False,False,True,True,False,True,False,False
4004,11,100,1.0,1.0,9,54,0.0,1,0.0,1.0,3,2.0,0.0,66,False,True,False,True,False,True,False,True,True,False,True,False,False
4005,19,91,0.0,2.0,9,84,2.0,2,2.0,2.0,3,0.0,0.0,71,False,True,False,True,False,True,False,True,False,True,False,False,True
4006,17,72,1.0,1.0,8,61,1.0,1,1.0,1.0,4,2.0,1.0,64,False,True,False,True,True,False,False,True,True,False,False,True,False
4007,21,70,0.0,0.0,7,63,1.0,0,1.0,1.0,2,0.0,2.0,61,False,True,False,True,True,False,False,True,True,False,False,False,True
4008,18,69,2.0,2.0,8,54,0.0,1,2.0,2.0,2,0.0,0.0,65,False,True,True,False,False,True,False,True,True,False,False,True,False
4009,8,65,1.0,1.0,10,74,1.0,1,1.0,2.0,5,0.0,0.0,61,False,True,True,False,True,False,False,True,True,False,False,False,True
4010,18,82,2.0,0.0,7,52,0.0,1,0.0,1.0,4,0.0,0.0,64,True,False,False,True,True,False,False,True,True,False,True,False,False
4011,18,84,2.0,2.0,8,92,0.0,0,0.0,2.0,3,1.0,0.0,69,True,False,False,True,False,True,False,True,True,False,True,False,False
4012,24,88,1.0,1.0,6,51,2.0,4,1.0,0.0,4,0.0,0.0,71,False,True,False,True,False,True,False,True,True,False,False,False,True
4013,16,87,2.0,1.0,9,53,2.0,3,1.0,2.0,5,1.0,0.0,70,False,True,True,False,True,False,False,True,True,False,False,True,False
4014,30,72,2.0,1.0,8,82,2.0,1,0.0,1.0,1,1.0,1.0,70,True,False,False,True,False,True,False,True,True,False,False,False,True
4015,9,73,1.0,1.0,6,96,0.0,0,0.0,2.0,2,0.0,0.0,62,False,True,False,True,False,True,False,True,True,False,False,False,True
4016,28,87,1.0,1.0,8,95,1.0,2,1.0,0.0,3,2.0,0.0,73,True,False,True,False,True,False,False,True,True,False,False,False,True
4017,19,74,1.0,2.0,8,54,2.0,0,1.0,1.0,3,1.0,0.0,66,False,True,False,True,True,False,False,True,True,False,False,False,True
4018,25,69,1.0,1.0,8,64,1.0,1,2.0,0.0,3,2.0,1.0,66,True,False,False,True,False,True,False,True,True,False,True,False,False
4019,20,75,0.0,1.0,7,76,1.0,3,2.0,2.0,3,1.0,0.0,66,True,False,True,False,True,False,False,True,True,False,True,False,False
4020,27,71,1.0,1.0,9,51,1.0,3,2.0,1.0,1,1.0,2.0,66,True,False,False,True,False,True,True,False,True,False,False,True,False
4021,18,64,1.0,1.0,6,76,1.0,2,1.0,2.0,4,0.0,0.0,65,False,True,False,True,False,True,False,True,True,False,False,False,True
4022,13,93,0.0,0.0,7,72,2.0,2,1.0,1.0,2,2.0,0.0,67,True,False,True,False,True,False,False,True,True,False,False,False,True
4023,19,69,1.0,1.0,9,96,1.0,0,2.0,2.0,3,0.0,1.0,66,True,False,True,False,False,True,False,True,True,False,False,False,True
4024,21,63,1.0,1.0,6,64,0.0,1,2.0,2.0,3,0.0,0.0,63,False,True,False,True,False,True,False,True,True,False,True,False,False
4025,27,90,1.0,1.0,7,82,1.0,0,1.0,1.0,3,1.0,1.0,71,True,False,False,True,True,False,False,True,True,False,False,False,True
4026,14,68,1.0,2.0,6,71,0.0,1,1.0,1.0,3,1.0,1.0,63,False,True,False,True,True,False,False,True,True,False,False,False,True
4027,24,76,2.0,0.0,7,72,0.0,1,2.0,1.0,2,1.0,1.0,67,False,True,False,True,False,True,False,True,True,False,False,False,True
4028,16,63,1.0,1.0,8,82,1.0,0,2.0,1.0,3,0.0,0.0,63,False,True,False,True,False,True,False,True,True,False,False,True,False
4029,19,69,2.0,1.0,5,98,1.0,0,2.0,1.0,4,0.0,1.0,66,False,True,False,True,False,True,False,True,True,False,False,True,False
4030,20,92,1.0,1.0,9,93,0.0,3,2.0,1.0,2,1.0,0.0,72,True,False,False,True,False,True,False,True,True,False,False,False,True
4031,11,92,2.0,1.0,8,82,2.0,4,1.0,1.0,2,2.0,0.0,70,True,False,True,False,False,True,False,True,True,False,True,False,False
4032,15,68,2.0,0.0,6,73,1.0,0,1.0,1.0,3,1.0,0.0,62,False,True,False,True,False,True,True,False,True,False,False,False,True
4033,28,73,2.0,1.0,6,71,1.0,0,1.0,2.0,2,1.0,1.0,69,True,False,True,False,False,True,False,True,True,False,False,False,True
4034,25,65,0.0,1.0,9,89,1.0,2,1.0,2.0,3,0.0,0.0,66,True,False,False,True,False,True,False,True,True,False,False,True,False
4035,20,63,1.0,1.0,8,61,1.0,2,2.0,1.0,3,0.0,0.0,64,False,True,False,True,False,True,False,True,True,False,False,True,False
4036,21,100,0.0,1.0,6,79,1.0,2,0.0,1.0,1,0.0,0.0,70,True,False,False,True,False,True,False,True,True,False,False,True,False
4037,18,86,1.0,1.0,6,75,2.0,0,0.0,2.0,4,0.0,0.0,67,False,True,False,True,True,False,False,True,True,False,False,True,False
4038,28,82,1.0,2.0,8,82,0.0,1,1.0,1.0,2,2.0,0.0,71,False,True,True,False,False,True,False,True,True,False,True,False,False
4039,19,91,1.0,1.0,8,59,2.0,1,2.0,1.0,2,2.0,0.0,69,False,True,False,True,True,False,False,True,True,False,False,True,False
4040,21,94,2.0,0.0,8,85,1.0,1,1.0,1.0,4,1.0,0.0,70,False,True,False,True,True,False,False,True,True,False,True,False,False
4041,27,92,1.0,1.0,7,81,1.0,0,0.0,1.0,1,1.0,0.0,70,False,True,False,True,False,True,False,True,True,False,True,False,False
4042,15,61,2.0,0.0,8,59,1.0,1,1.0,1.0,2,2.0,1.0,61,True,False,False,True,False,True,False,True,True,False,False,True,False
4043,29,67,0.0,2.0,7,72,1.0,0,1.0,2.0,3,0.0,0.0,65,True,False,False,True,True,False,True,False,True,False,False,True,False
4044,11,86,1.0,2.0,6,84,1.0,0,2.0,2.0,3,0.0,0.0,67,False,True,True,False,False,True,False,True,True,False,False,True,False
4045,30,75,1.0,0.0,9,95,0.0,1,2.0,1.0,5,2.0,0.0,70,False,True,False,True,False,True,False,True,True,False,True,False,False
4046,18,99,1.0,1.0,8,56,1.0,2,0.0,2.0,3,0.0,0.0,67,False,True,True,False,True,False,True,False,True,False,True,False,False
4047,19,87,0.0,2.0,6,50,1.0,3,0.0,1.0,2,2.0,0.0,68,False,True,False,True,False,True,False,True,True,False,False,True,False
4048,9,98,2.0,2.0,7,58,1.0,2,1.0,1.0,4,1.0,0.0,69,False,True,False,True,True,False,False,True,True,False,True,False,False
4049,17,68,1.0,1.0,7,99,1.0,1,1.0,0.0,1,2.0,0.0,65,False,True,True,False,True,False,False,True,True,False,False,True,False
4050,14,95,2.0,1.0,6,88,1.0,2,0.0,0.0,2,0.0,2.0,68,False,True,False,True,False,True,False,True,True,False,False,True,False
4051,16,73,2.0,1.0,7,81,1.0,1,2.0,2.0,4,2.0,0.0,67,False,True,False,True,False,True,False,True,True,False,True,False,False
4052,19,100,1.0,2.0,6,57,1.0,1,2.0,1.0,2,0.0,0.0,70,False,True,True,False,False,True,False,True,False,True,False,False,True
4053,26,66,2.0,2.0,8,71,2.0,2,1.0,1.0,3,0.0,0.0,68,True,False,False,True,True,False,False,True,True,False,False,True,False
4054,21,81,2.0,1.0,7,86,1.0,1,0.0,1.0,4,1.0,0.0,69,False,True,False,True,False,True,False,True,True,False,False,True,False
4055,22,92,2.0,0.0,5,95,0.0,0,0.0,0.0,3,2.0,0.0,70,False,True,False,True,False,True,False,True,True,False,False,False,True
4056,13,77,2.0,2.0,7,69,1.0,2,0.0,2.0,5,1.0,1.0,67,False,True,True,False,False,True,False,True,True,False,False,True,False
4057,15,79,2.0,2.0,6,100,1.0,4,0.0,1.0,3,1.0,0.0,70,True,False,False,True,False,True,False,True,True,False,False,True,False
4058,31,99,1.0,0.0,4,57,2.0,1,2.0,2.0,2,2.0,1.0,74,True,False,False,True,False,True,False,True,True,False,False,True,False
4059,16,77,1.0,0.0,7,69,0.0,1,0.0,2.0,4,0.0,0.0,63,True,False,False,True,False,True,False,True,True,False,False,True,False
4060,30,84,2.0,1.0,9,94,1.0,1,0.0,2.0,2,0.0,0.0,72,True,False,True,False,False,True,False,True,False,True,False,False,True
4061,19,62,2.0,1.0,7,82,0.0,0,0.0,0.0,5,2.0,0.0,62,False,True,True,False,True,False,False,True,False,True,False,True,False
4062,20,94,1.0,1.0,8,91,1.0,1,0.0,1.0,2,2.0,0.0,71,True,False,False,True,True,False,False,True,True,False,False,False,True
4063,26,86,1.0,0.0,7,95,1.0,0,0.0,2.0,5,0.0,1.0,68,False,True,False,True,True,False,False,True,True,False,True,False,False
4064,28,76,1.0,2.0,6,75,2.0,3,2.0,1.0,3,0.0,0.0,72,False,True,False,True,False,True,False,True,True,False,False,False,True
4065,19,61,1.0,2.0,6,62,2.0,1,2.0,1.0,2,2.0,1.0,64,True,False,False,True,False,True,False,True,True,False,False,True,False
4066,18,84,0.0,0.0,5,85,1.0,0,1.0,1.0,4,0.0,1.0,64,False,True,False,True,True,False,False,True,True,False,False,True,False
4067,20,61,0.0,2.0,8,78,1.0,0,0.0,1.0,5,0.0,0.0,63,True,False,True,False,False,True,False,True,True,False,False,False,True
4068,22,60,2.0,1.0,8,89,1.0,2,1.0,2.0,4,1.0,1.0,66,False,True,True,False,False,True,False,True,True,False,False,True,False
4069,25,85,1.0,1.0,7,76,1.0,2,2.0,1.0,2,1.0,0.0,71,True,False,False,True,False,True,False,True,True,False,False,False,True
4070,20,68,1.0,2.0,4,91,2.0,4,2.0,1.0,4,1.0,0.0,70,False,True,True,False,False,True,False,True,True,False,False,False,True
4071,24,68,2.0,1.0,8,95,0.0,3,1.0,1.0,0,0.0,1.0,67,False,True,False,True,False,True,False,True,True,False,False,False,True
4072,30,86,2.0,2.0,6,87,1.0,0,0.0,0.0,4,1.0,0.0,73,True,False,True,False,False,True,False,True,True,False,False,False,True
4073,22,62,0.0,1.0,7,87,1.0,2,2.0,0.0,3,0.0,0.0,64,True,False,False,True,False,True,False,True,True,False,False,True,False
4074,22,73,0.0,1.0,5,79,1.0,4,1.0,0.0,1,2.0,1.0,65,True,False,False,True,True,False,False,True,True,False,True,False,False
4075,11,66,1.0,1.0,7,74,1.0,3,1.0,2.0,3,0.0,2.0,62,True,False,True,False,False,True,False,True,True,False,False,True,False
4076,4,83,2.0,1.0,7,99,0.0,1,0.0,0.0,3,1.0,0.0,64,True,False,True,False,True,False,False,True,True,False,False,True,False
4077,22,86,0.0,1.0,4,82,0.0,1,0.0,0.0,5,1.0,1.0,67,False,True,True,False,True,False,False,True,True,False,False,False,True
4078,19,89,1.0,2.0,9,92,2.0,5,1.0,1.0,3,2.0,0.0,74,False,True,True,False,True,False,False,True,True,False,False,False,True
4079,17,70,2.0,1.0,7,75,1.0,1,0.0,1.0,4,1.0,2.0,63,False,True,True,False,True,False,False,True,False,True,False,True,False
4080,21,64,2.0,0.0,7,78,0.0,1,1.0,1.0,4,0.0,0.0,64,False,True,False,True,False,True,False,True,True,False,False,False,True
4081,20,63,1.0,0.0,8,83,0.0,4,1.0,1.0,3,2.0,1.0,64,True,False,False,True,True,False,False,True,True,False,False,True,False
4082,27,77,0.0,2.0,7,86,2.0,1,2.0,2.0,3,1.0,0.0,70,False,True,False,True,True,False,False,True,True,False,True,False,False
4083,21,98,1.0,1.0,8,72,1.0,3,0.0,0.0,3,0.0,1.0,71,True,False,False,True,False,True,False,True,True,False,False,False,True
4084,16,69,1.0,1.0,5,68,1.0,0,1.0,2.0,4,1.0,1.0,63,False,True,False,True,False,True,False,True,True,False,False,True,False
4085,26,70,1.0,2.0,7,62,1.0,0,0.0,1.0,1,1.0,0.0,66,True,False,True,False,False,True,False,True,True,False,True,False,False
4086,19,64,1.0,2.0,4,71,1.0,1,2.0,1.0,3,0.0,0.0,65,False,True,False,True,False,True,False,True,True,False,False,True,False
4087,23,84,1.0,2.0,7,61,1.0,2,1.0,2.0,5,1.0,1.0,70,False,True,False,True,True,False,False,True,True,False,False,True,False
4088,17,87,0.0,0.0,9,71,1.0,2,0.0,1.0,3,1.0,1.0,65,True,False,False,True,False,True,False,True,True,False,False,True,False
4089,16,86,2.0,1.0,5,94,2.0,0,1.0,1.0,2,0.0,0.0,68,False,True,False,True,False,True,False,True,True,False,True,False,False
4090,21,94,1.0,2.0,6,99,1.0,1,1.0,2.0,2,0.0,0.0,72,False,True,True,False,True,False,False,True,True,False,False,True,False
4091,20,79,1.0,2.0,4,79,0.0,0,1.0,2.0,4,0.0,1.0,67,False,True,True,False,False,True,False,True,True,False,False,True,False
4092,23,65,2.0,2.0,7,57,0.0,1,2.0,1.0,4,0.0,0.0,65,False,True,False,True,True,False,True,False,True,False,False,True,False
4093,18,72,1.0,1.0,8,71,0.0,2,2.0,1.0,4,2.0,0.0,66,False,True,False,True,True,False,False,True,True,False,False,False,True
4094,9,86,2.0,2.0,8,80,1.0,1,0.0,1.0,5,1.0,2.0,67,True,False,False,True,True,False,False,True,True,False,False,False,True
4095,17,85,1.0,0.0,6,69,1.0,1,1.0,1.0,3,2.0,0.0,65,False,True,True,False,True,False,False,True,False,True,False,True,False
4096,25,81,1.0,1.0,4,60,1.0,2,1.0,1.0,3,0.0,0.0,68,False,True,True,False,True,False,False,True,True,False,False,True,False
4097,18,87,1.0,1.0,5,61,2.0,2,1.0,1.0,1,0.0,0.0,68,False,True,False,True,True,False,False,True,True,False,False,False,True
4098,19,85,1.0,2.0,9,74,1.0,1,2.0,1.0,3,1.0,1.0,69,True,False,False,True,False,True,False,True,True,False,False,True,False
4099,26,95,1.0,0.0,8,61,1.0,2,1.0,1.0,2,2.0,0.0,71,True,False,True,False,False,True,False,True,True,False,False,True,False
4100,16,83,1.0,1.0,7,62,1.0,0,0.0,1.0,1,2.0,1.0,64,False,True,True,False,False,True,False,True,False,True,False,True,False
4101,11,91,0.0,2.0,7,94,1.0,1,1.0,1.0,3,0.0,1.0,65,False,True,False,True,True,False,False,True,False,True,False,True,False
4102,19,70,1.0,1.0,5,89,1.0,1,0.0,2.0,2,0.0,0.0,64,False,True,True,False,True,False,False,True,True,False,False,True,False
4103,17,87,1.0,1.0,9,53,0.0,3,0.0,1.0,3,2.0,1.0,67,True,False,False,True,False,True,False,True,True,False,False,False,True
4104,14,96,1.0,2.0,6,66,1.0,3,1.0,1.0,2,1.0,0.0,70,True,False,False,True,True,False,False,True,True,False,False,False,True
4105,19,75,1.0,2.0,8,77,1.0,1,0.0,0.0,4,0.0,1.0,66,True,False,False,True,True,False,False,True,True,False,False,False,True
4106,23,91,2.0,1.0,5,53,0.0,3,1.0,2.0,3,0.0,0.0,70,False,True,True,False,True,False,False,True,True,False,True,False,False
4107,20,89,1.0,2.0,7,84,0.0,1,2.0,2.0,4,0.0,1.0,70,False,True,False,True,False,True,False,True,True,False,False,True,False
4108,22,62,2.0,1.0,9,69,0.0,1,2.0,0.0,3,1.0,0.0,64,False,True,True,False,False,True,False,True,True,False,True,False,False
4109,31,83,0.0,2.0,6,70,1.0,3,0.0,1.0,3,1.0,0.0,71,False,True,True,False,False,True,False,True,True,False,True,False,False
4110,18,65,1.0,2.0,8,63,1.0,1,1.0,1.0,3,0.0,2.0,63,False,True,False,True,False,True,False,True,True,False,False,False,True
4111,22,99,1.0,1.0,5,67,2.0,1,1.0,2.0,3,1.0,0.0,72,False,True,True,False,False,True,False,True,True,False,True,False,False
4112,17,92,2.0,2.0,6,93,1.0,4,1.0,0.0,4,1.0,1.0,72,True,False,True,False,True,False,False,True,True,False,False,True,False
4113,15,64,2.0,0.0,7,89,0.0,0,0.0,1.0,2,0.0,0.0,61,False,True,False,True,False,True,False,True,True,False,True,False,False
4114,16,65,2.0,0.0,8,97,2.0,2,0.0,1.0,4,0.0,0.0,63,True,False,False,True,False,True,False,True,False,True,True,False,False
4115,17,84,0.0,2.0,7,85,2.0,0,1.0,1.0,2,1.0,1.0,67,False,True,True,False,True,False,False,True,True,False,False,False,True
4116,22,74,2.0,0.0,8,79,0.0,3,1.0,1.0,1,0.0,0.0,67,True,False,False,True,False,True,False,True,True,False,False,True,False
4117,34,61,1.0,0.0,9,63,0.0,2,1.0,1.0,5,0.0,1.0,65,True,False,False,True,True,False,False,True,True,False,False,True,False
4118,16,82,0.0,1.0,6,83,1.0,0,1.0,1.0,2,0.0,0.0,64,True,False,False,True,True,False,False,True,True,False,True,False,False
4119,18,76,1.0,0.0,5,95,2.0,2,2.0,2.0,6,2.0,0.0,69,True,False,False,True,True,False,False,True,True,False,False,False,True
4120,20,64,1.0,2.0,6,53,2.0,4,2.0,1.0,4,1.0,1.0,65,True,False,True,False,True,False,True,False,True,False,False,True,False
4121,22,92,2.0,2.0,9,72,0.0,1,0.0,2.0,4,2.0,0.0,71,False,True,False,True,True,False,False,True,False,True,False,True,False
4122,22,97,1.0,1.0,6,57,1.0,0,1.0,2.0,2,0.0,0.0,70,False,True,True,False,False,True,False,True,True,False,False,False,True
4123,5,93,1.0,1.0,7,81,1.0,1,0.0,2.0,2,1.0,0.0,65,True,False,False,True,False,True,True,False,True,False,False,True,False
4124,6,69,2.0,1.0,10,94,1.0,1,1.0,1.0,4,2.0,0.0,63,True,False,True,False,False,True,True,False,True,False,False,True,False
4125,17,71,1.0,1.0,10,53,0.0,0,0.0,0.0,3,0.0,1.0,61,False,True,False,True,False,True,False,True,True,False,False,False,True
4126,27,68,1.0,0.0,9,95,1.0,1,0.0,1.0,3,1.0,1.0,67,False,True,False,True,False,True,False,True,True,False,False,False,True
4127,11,91,1.0,1.0,5,53,1.0,0,0.0,1.0,2,2.0,0.0,64,True,False,True,False,True,False,False,True,True,False,False,True,False
4128,2,98,2.0,1.0,4,64,1.0,1,0.0,2.0,2,0.0,0.0,65,True,False,True,False,True,False,False,True,True,False,False,True,False
4129,23,89,2.0,2.0,7,58,1.0,2,1.0,2.0,3,2.0,1.0,73,False,True,True,False,False,True,False,True,True,False,False,False,True
4130,21,95,1.0,2.0,8,57,0.0,1,0.0,1.0,3,0.0,0.0,69,False,True,False,True,False,True,True,False,True,False,False,False,True
4131,13,86,1.0,2.0,8,59,1.0,3,1.0,1.0,3,0.0,0.0,67,False,True,False,True,True,False,False,True,True,False,False,True,False
4132,14,76,2.0,1.0,6,74,0.0,0,2.0,1.0,2,1.0,2.0,63,False,True,True,False,True,False,False,True,False,True,False,False,True
4133,14,77,2.0,2.0,5,89,0.0,0,1.0,1.0,2,1.0,0.0,67,False,True,True,False,False,True,False,True,True,False,False,False,True
4134,21,63,0.0,2.0,8,95,1.0,2,2.0,1.0,5,0.0,0.0,66,False,True,False,True,False,True,False,True,True,False,False,True,False
4135,16,61,1.0,2.0,10,78,1.0,2,0.0,2.0,2,1.0,1.0,64,True,False,False,True,False,True,False,True,True,False,False,False,True
4136,23,88,2.0,0.0,6,58,1.0,2,0.0,1.0,2,0.0,1.0,68,False,True,False,True,False,True,False,True,True,False,False,True,False
4137,3,78,1.0,1.0,8,54,2.0,2,2.0,1.0,4,0.0,1.0,61,False,True,False,True,True,False,False,True,True,False,False,False,True
4138,15,82,1.0,1.0,10,75,1.0,1,2.0,1.0,1,1.0,0.0,66,True,False,False,True,False,True,False,True,True,False,True,False,False
4139,13,82,1.0,1.0,7,88,1.0,0,0.0,1.0,2,0.0,0.0,65,True,False,False,True,False,True,False,True,True,False,False,True,False
4140,18,71,1.0,2.0,7,81,1.0,0,1.0,1.0,4,1.0,1.0,65,True,False,False,True,False,True,False,True,True,False,True,False,False
4141,17,79,1.0,1.0,8,79,1.0,3,1.0,2.0,5,2.0,0.0,67,False,True,True,False,True,False,False,True,False,True,False,True,False
4142,25,79,2.0,1.0,7,52,1.0,1,1.0,1.0,2,2.0,1.0,68,True,False,False,True,False,True,False,True,True,False,True,False,False
4143,9,76,1.0,1.0,9,71,1.0,1,1.0,2.0,3,1.0,0.0,63,False,True,False,True,False,True,False,True,True,False,False,True,False
4144,20,93,2.0,1.0,6,78,0.0,1,0.0,1.0,3,1.0,1.0,70,True,False,False,True,True,False,False,True,True,False,False,False,True
4145,23,78,2.0,2.0,7,80,1.0,0,0.0,1.0,2,0.0,0.0,68,True,False,True,False,True,False,False,True,True,False,False,True,False
4146,31,84,1.0,1.0,5,50,1.0,2,0.0,2.0,3,0.0,0.0,69,False,True,True,False,True,False,True,False,True,False,False,False,True
4147,17,96,2.0,1.0,7,60,0.0,0,0.0,1.0,2,1.0,0.0,67,False,True,True,False,False,True,False,True,False,True,False,True,False
4148,22,95,1.0,1.0,5,97,1.0,0,0.0,0.0,3,0.0,1.0,69,False,True,False,True,True,False,False,True,True,False,False,True,False
4149,9,96,1.0,0.0,8,75,0.0,1,0.0,2.0,4,0.0,0.0,65,True,False,True,False,False,True,False,True,False,True,False,False,True
4150,6,71,1.0,2.0,5,85,1.0,1,0.0,1.0,2,0.0,1.0,61,False,True,False,True,False,True,False,True,True,False,False,False,True
4151,25,61,1.0,2.0,8,65,0.0,3,0.0,0.0,3,1.0,0.0,65,True,False,False,True,False,True,False,True,True,False,False,True,False
4152,20,70,0.0,1.0,6,79,0.0,4,1.0,1.0,4,2.0,0.0,67,False,True,False,True,False,True,False,True,True,False,False,False,True
4153,27,71,1.0,2.0,10,68,1.0,1,0.0,1.0,2,0.0,1.0,66,False,True,False,True,False,True,False,True,True,False,True,False,False
4154,12,96,1.0,1.0,9,65,1.0,2,2.0,2.0,4,2.0,0.0,69,True,False,True,False,True,False,False,True,False,True,False,True,False
4155,23,86,1.0,1.0,8,71,2.0,3,1.0,1.0,4,1.0,0.0,71,True,False,False,True,False,True,False,True,True,False,False,True,False
4156,31,63,2.0,2.0,5,73,1.0,1,2.0,0.0,2,0.0,0.0,68,True,False,False,True,True,False,False,True,True,False,False,False,True
4157,23,65,2.0,1.0,6,67,2.0,3,1.0,1.0,5,0.0,1.0,65,False,True,True,False,True,False,True,False,True,False,True,False,False
4158,22,66,1.0,1.0,6,63,2.0,1,0.0,1.0,5,2.0,2.0,64,False,True,True,False,True,False,False,True,True,False,False,True,False
4159,20,85,1.0,0.0,6,81,0.0,1,2.0,2.0,3,1.0,0.0,68,False,True,True,False,True,False,False,True,True,False,False,False,True
4160,11,89,0.0,2.0,9,69,0.0,1,0.0,0.0,3,0.0,0.0,64,False,True,False,True,True,False,False,True,True,False,False,True,False
4161,28,94,1.0,2.0,7,60,0.0,1,0.0,1.0,3,0.0,0.0,71,False,True,False,True,True,False,False,True,True,False,False,False,True
4162,16,98,2.0,1.0,6,88,1.0,1,0.0,1.0,3,2.0,1.0,70,True,False,False,True,True,False,False,True,True,False,False,True,False
4163,23,68,2.0,1.0,6,86,1.0,0,1.0,1.0,2,2.0,0.0,68,False,True,False,True,False,True,False,True,True,False,False,False,True
4164,11,72,1.0,1.0,6,94,0.0,2,1.0,1.0,3,0.0,1.0,63,False,True,False,True,False,True,False,True,True,False,False,False,True
4165,13,70,1.0,2.0,8,78,1.0,0,0.0,1.0,3,0.0,0.0,61,False,True,True,False,False,True,False,True,False,True,True,False,False
4166,29,74,1.0,0.0,5,64,1.0,2,1.0,1.0,1,1.0,1.0,66,False,True,False,True,True,False,False,True,True,False,False,True,False
4167,18,97,1.0,2.0,7,93,1.0,5,2.0,1.0,4,1.0,0.0,75,True,False,False,True,False,True,False,True,True,False,False,False,True
4168,29,83,2.0,2.0,8,64,1.0,2,1.0,2.0,1,0.0,2.0,71,False,True,False,True,False,True,False,True,True,False,False,True,False
4169,20,90,1.0,1.0,4,83,2.0,1,0.0,0.0,3,1.0,0.0,69,False,True,False,True,False,True,False,True,True,False,False,False,True
4170,9,80,2.0,0.0,5,60,1.0,2,0.0,1.0,3,0.0,0.0,62,False,True,True,False,True,False,False,True,True,False,False,True,False
4171,25,61,1.0,1.0,7,81,2.0,0,1.0,1.0,4,0.0,1.0,65,True,False,False,True,True,False,False,True,True,False,False,False,True
4172,16,63,1.0,0.0,9,92,1.0,0,0.0,1.0,3,1.0,1.0,61,True,False,True,False,True,False,False,True,True,False,False,False,True
4173,24,82,1.0,1.0,9,77,1.0,3,1.0,1.0,2,0.0,0.0,69,True,False,False,True,True,False,False,True,True,False,False,False,True
4174,20,89,0.0,0.0,6,74,0.0,1,1.0,0.0,3,2.0,2.0,66,False,True,True,False,False,True,False,True,True,False,False,False,True
4175,11,69,2.0,1.0,9,100,0.0,1,0.0,1.0,5,0.0,0.0,64,False,True,False,True,False,True,False,True,True,False,False,True,False
4176,21,89,2.0,1.0,7,51,0.0,1,1.0,1.0,4,0.0,0.0,69,True,False,False,True,False,True,False,True,True,False,False,False,True
4177,23,76,0.0,2.0,7,96,0.0,2,1.0,1.0,4,0.0,0.0,68,True,False,True,False,False,True,False,True,True,False,False,True,False
4178,20,90,2.0,2.0,8,82,1.0,2,2.0,1.0,4,0.0,1.0,70,True,False,True,False,True,False,False,True,False,True,True,False,False
4179,26,76,0.0,1.0,6,77,1.0,1,1.0,1.0,5,0.0,0.0,68,False,True,True,False,False,True,False,True,True,False,False,True,False
4180,21,87,0.0,0.0,6,82,1.0,0,1.0,2.0,5,2.0,0.0,68,True,False,False,True,False,True,False,True,True,False,False,True,False
4181,21,91,1.0,1.0,5,66,0.0,1,2.0,1.0,3,1.0,0.0,69,True,False,False,True,True,False,False,True,True,False,False,False,True
4182,13,100,1.0,0.0,8,54,1.0,0,1.0,2.0,3,1.0,0.0,68,True,False,False,True,False,True,False,True,True,False,False,False,True
4183,26,76,1.0,1.0,8,67,2.0,1,0.0,1.0,3,0.0,1.0,67,False,True,False,True,False,True,False,True,True,False,True,False,False
4184,15,67,0.0,1.0,5,74,1.0,1,2.0,2.0,2,2.0,0.0,64,False,True,False,True,False,True,False,True,True,False,False,False,True
4185,29,68,1.0,0.0,6,70,0.0,0,1.0,1.0,2,2.0,0.0,64,False,True,False,True,True,False,False,True,True,False,True,False,False
4186,19,88,1.0,1.0,9,76,0.0,1,1.0,2.0,3,0.0,2.0,68,False,True,False,True,False,True,False,True,True,False,False,False,True
4187,15,97,0.0,1.0,7,60,0.0,4,1.0,1.0,3,0.0,0.0,67,True,False,False,True,True,False,False,True,True,False,True,False,False
4188,26,76,1.0,1.0,7,59,0.0,0,1.0,1.0,1,2.0,0.0,65,False,True,False,True,True,False,False,True,False,True,False,True,False
4189,18,67,2.0,2.0,7,68,1.0,0,1.0,1.0,4,0.0,0.0,66,False,True,False,True,False,True,False,True,True,False,False,False,True
4190,25,71,1.0,0.0,8,74,0.0,4,1.0,1.0,4,2.0,0.0,67,False,True,False,True,False,True,False,True,False,True,False,False,True
4191,18,78,2.0,1.0,7,67,0.0,0,2.0,1.0,3,1.0,1.0,64,False,True,False,True,True,False,True,False,True,False,True,False,False
4192,20,72,1.0,0.0,6,79,1.0,1,0.0,1.0,4,2.0,0.0,66,True,False,True,False,False,True,False,True,True,False,False,False,True
4193,23,69,1.0,0.0,8,66,0.0,1,1.0,1.0,3,1.0,2.0,63,False,True,False,True,False,True,True,False,True,False,False,False,True
4194,22,89,1.0,2.0,5,59,2.0,5,1.0,1.0,4,0.0,0.0,71,False,True,True,False,True,False,False,True,False,True,False,False,True
4195,8,60,2.0,1.0,9,93,2.0,0,0.0,2.0,3,2.0,0.0,62,True,False,False,True,False,True,False,True,True,False,False,True,False
4196,13,82,1.0,2.0,6,60,1.0,1,0.0,0.0,4,1.0,2.0,64,True,False,False,True,True,False,False,True,True,False,False,False,True
4197,26,92,0.0,1.0,8,98,1.0,2,1.0,1.0,3,2.0,1.0,72,False,True,False,True,False,True,False,True,True,False,False,True,False
4198,19,71,2.0,1.0,7,99,0.0,0,0.0,2.0,4,0.0,1.0,65,True,False,False,True,False,True,False,True,True,False,True,False,False
4199,17,84,0.0,2.0,6,85,1.0,1,1.0,0.0,2,1.0,0.0,67,True,False,False,True,True,False,False,True,True,False,False,False,True
4200,12,87,2.0,2.0,9,75,1.0,1,0.0,1.0,3,1.0,1.0,65,True,False,True,False,False,True,True,False,False,True,False,True,False
4201,14,86,0.0,0.0,8,90,0.0,0,0.0,1.0,1,0.0,0.0,63,False,True,True,False,False,True,False,True,True,False,False,True,False
4202,8,78,2.0,2.0,7,94,0.0,1,2.0,2.0,3,0.0,0.0,65,True,False,False,True,True,False,False,True,False,True,False,True,False
4203,19,74,1.0,1.0,10,85,1.0,1,0.0,1.0,5,2.0,1.0,67,False,True,False,True,False,True,False,True,True,False,False,False,True
4204,16,93,1.0,1.0,8,55,0.0,0,2.0,1.0,4,0.0,1.0,67,False,True,False,True,False,True,False,True,True,False,False,True,False
4205,14,90,0.0,1.0,6,50,1.0,0,1.0,2.0,3,1.0,1.0,65,False,True,True,False,False,True,False,True,True,False,False,False,True
4206,20,73,1.0,2.0,4,60,1.0,1,0.0,1.0,3,0.0,1.0,64,False,True,True,False,False,True,False,True,False,True,False,False,True
4207,22,64,2.0,0.0,7,59,2.0,0,1.0,2.0,5,0.0,0.0,64,True,False,True,False,True,False,False,True,False,True,False,False,True
4208,33,63,2.0,2.0,9,59,1.0,1,1.0,1.0,4,0.0,0.0,69,False,True,False,True,False,True,False,True,True,False,False,False,True
4209,11,64,1.0,1.0,8,75,0.0,1,2.0,1.0,3,0.0,1.0,60,False,True,True,False,True,False,False,True,True,False,False,False,True
4210,27,83,1.0,1.0,9,76,1.0,1,0.0,2.0,4,0.0,0.0,70,False,True,False,True,False,True,False,True,True,False,False,False,True
4211,26,62,0.0,2.0,6,86,1.0,2,1.0,1.0,3,0.0,0.0,66,False,True,False,True,True,False,False,True,True,False,False,False,True
4212,15,73,1.0,1.0,7,60,2.0,3,1.0,1.0,4,1.0,0.0,66,True,False,False,True,False,True,False,True,True,False,False,True,False
4213,21,90,1.0,0.0,7,55,1.0,2,1.0,1.0,2,1.0,0.0,68,True,False,False,True,True,False,False,True,True,False,False,True,False
4214,17,72,0.0,1.0,7,83,0.0,3,1.0,2.0,3,0.0,2.0,62,True,False,False,True,True,False,False,True,False,True,True,False,False
4215,21,91,1.0,2.0,8,74,0.0,0,1.0,1.0,2,2.0,0.0,70,True,False,False,True,False,True,False,True,True,False,True,False,False
4216,29,90,1.0,1.0,9,83,1.0,0,1.0,2.0,3,0.0,0.0,72,True,False,True,False,False,True,False,True,True,False,False,False,True
4217,24,70,0.0,0.0,10,69,2.0,1,2.0,1.0,2,0.0,1.0,64,True,False,False,True,False,True,False,True,True,False,True,False,False
4218,23,89,0.0,1.0,9,88,2.0,1,2.0,1.0,5,2.0,0.0,71,False,True,False,True,True,False,False,True,True,False,False,True,False
4219,17,90,1.0,2.0,8,84,1.0,1,0.0,0.0,4,0.0,2.0,67,True,False,False,True,True,False,False,True,True,False,True,False,False
4220,11,76,0.0,1.0,6,83,2.0,3,1.0,1.0,1,0.0,0.0,64,True,False,False,True,True,False,False,True,True,False,False,False,True
4221,19,68,2.0,2.0,7,51,1.0,1,2.0,1.0,1,0.0,1.0,64,True,False,False,True,True,False,True,False,True,False,False,False,True
4222,27,81,1.0,2.0,8,93,1.0,0,2.0,2.0,3,1.0,0.0,72,True,False,False,True,False,True,False,True,True,False,False,True,False
4223,11,97,0.0,0.0,7,69,1.0,3,0.0,1.0,2,0.0,0.0,66,True,False,False,True,False,True,False,True,True,False,False,False,True
4224,14,86,2.0,1.0,6,57,1.0,3,2.0,2.0,2,1.0,0.0,68,True,False,True,False,True,False,False,True,True,False,False,True,False
4225,14,87,1.0,0.0,8,74,1.0,0,1.0,2.0,3,1.0,1.0,64,False,True,False,True,False,True,False,True,False,True,False,True,False
4226,15,77,1.0,1.0,7,52,1.0,1,1.0,1.0,2,1.0,0.0,64,False,True,False,True,False,True,False,True,True,False,False,True,False
4227,17,84,0.0,2.0,7,89,1.0,2,2.0,1.0,2,0.0,1.0,68,False,True,False,True,False,True,False,True,True,False,False,False,True
4228,12,89,1.0,0.0,7,72,1.0,1,2.0,2.0,5,1.0,0.0,67,False,True,False,True,False,True,False,True,True,False,False,True,False
4229,14,81,1.0,1.0,6,88,1.0,1,2.0,1.0,3,2.0,1.0,67,True,False,False,True,True,False,False,True,True,False,False,False,True
4230,24,93,2.0,1.0,7,88,0.0,1,1.0,2.0,3,0.0,1.0,71,True,False,False,True,False,True,False,True,True,False,True,False,False
4231,12,89,1.0,0.0,6,55,0.0,1,0.0,2.0,3,0.0,0.0,63,True,False,False,True,False,True,False,True,True,False,True,False,False
4232,10,85,1.0,1.0,6,81,1.0,3,0.0,1.0,3,0.0,0.0,66,True,False,False,True,False,True,False,True,True,False,False,True,False
4233,16,66,2.0,2.0,5,68,2.0,2,0.0,1.0,5,2.0,1.0,65,False,True,False,True,True,False,True,False,True,False,False,False,True
4234,24,93,1.0,0.0,7,77,1.0,0,0.0,1.0,3,0.0,0.0,68,True,False,True,False,False,True,False,True,True,False,True,False,False
4235,19,97,1.0,0.0,8,54,1.0,0,2.0,1.0,2,0.0,0.0,68,False,True,False,True,False,True,False,True,True,False,False,True,False
4236,17,65,1.0,2.0,9,79,1.0,0,1.0,1.0,2,0.0,1.0,62,False,True,False,True,True,False,False,True,False,True,False,False,True
4237,20,80,0.0,1.0,5,89,1.0,0,2.0,2.0,3,2.0,2.0,67,False,True,False,True,False,True,False,True,True,False,False,True,False
4238,10,70,2.0,2.0,9,99,1.0,1,1.0,1.0,4,0.0,1.0,65,True,False,False,True,False,True,False,True,True,False,False,True,False
4239,23,90,2.0,1.0,7,66,0.0,2,2.0,2.0,3,0.0,0.0,71,True,False,False,True,False,True,False,True,True,False,False,True,False
4240,22,89,1.0,2.0,5,58,1.0,4,2.0,2.0,2,1.0,0.0,71,True,False,False,True,False,True,False,True,False,True,False,True,False
4241,18,66,2.0,1.0,6,68,0.0,1,1.0,2.0,3,0.0,2.0,61,False,True,False,True,False,True,True,False,False,True,False,False,True
4242,26,95,1.0,1.0,4,51,1.0,1,0.0,1.0,2,0.0,0.0,70,False,True,False,True,True,False,False,True,True,False,False,False,True
4243,13,67,1.0,0.0,5,70,1.0,0,0.0,2.0,2,0.0,0.0,60,False,True,True,False,False,True,False,True,True,False,True,False,False
4244,27,92,0.0,1.0,10,96,1.0,0,0.0,1.0,2,2.0,2.0,70,False,True,False,True,True,False,False,True,True,False,False,True,False
4245,21,78,1.0,2.0,6,60,2.0,1,0.0,2.0,2,1.0,0.0,67,True,False,True,False,True,False,False,True,True,False,False,True,False
4246,18,73,1.0,1.0,8,74,0.0,3,1.0,2.0,2,2.0,0.0,66,False,True,True,False,False,True,True,False,True,False,False,True,False
4247,20,66,0.0,0.0,7,79,1.0,2,1.0,1.0,2,0.0,1.0,63,True,False,True,False,False,True,False,True,True,False,False,False,True
4248,19,67,1.0,1.0,7,59,0.0,3,0.0,2.0,3,2.0,0.0,65,True,False,True,False,True,False,False,True,True,False,False,False,True
4249,27,86,2.0,1.0,8,67,2.0,5,2.0,2.0,2,2.0,0.0,75,True,False,False,True,False,True,False,True,False,True,False,False,True
4250,14,82,2.0,1.0,4,96,0.0,2,2.0,1.0,4,0.0,0.0,66,False,True,True,False,True,False,False,True,False,True,True,False,False
4251,15,65,1.0,1.0,9,65,1.0,1,0.0,1.0,2,1.0,0.0,61,True,False,False,True,True,False,False,True,True,False,False,True,False
4252,26,65,1.0,1.0,7,82,0.0,1,0.0,1.0,1,2.0,2.0,65,False,True,False,True,False,True,False,True,True,False,False,False,True
4253,16,63,0.0,1.0,6,57,1.0,2,0.0,0.0,3,2.0,0.0,61,False,True,False,True,False,True,False,True,True,False,False,True,False
4254,25,90,2.0,2.0,8,83,1.0,2,1.0,1.0,3,1.0,0.0,73,False,True,False,True,False,True,False,True,True,False,True,False,False
4255,30,88,2.0,1.0,6,64,1.0,1,2.0,1.0,2,1.0,0.0,73,True,False,False,True,False,True,False,True,True,False,False,True,False
4256,18,62,1.0,1.0,7,62,1.0,1,1.0,1.0,5,1.0,1.0,63,False,True,False,True,False,True,False,True,True,False,False,False,True
4257,24,82,0.0,1.0,7,56,1.0,1,1.0,1.0,3,2.0,1.0,67,False,True,False,True,True,False,False,True,True,False,False,False,True
4258,13,63,1.0,2.0,8,52,1.0,2,0.0,1.0,4,0.0,0.0,62,False,True,False,True,False,True,False,True,True,False,False,False,True
4259,25,96,0.0,0.0,7,98,1.0,1,1.0,1.0,3,1.0,0.0,71,False,True,True,False,True,False,False,True,True,False,False,True,False
4260,21,96,1.0,1.0,5,71,1.0,2,0.0,2.0,4,0.0,1.0,70,False,True,False,True,False,True,False,True,True,False,True,False,False
4261,23,88,1.0,1.0,8,89,1.0,0,1.0,2.0,5,0.0,0.0,70,True,False,True,False,True,False,False,True,True,False,False,False,True
4262,16,97,1.0,1.0,7,96,0.0,4,0.0,2.0,2,0.0,0.0,69,True,False,True,False,True,False,True,False,True,False,False,True,False
4263,10,92,1.0,1.0,4,60,2.0,3,0.0,0.0,2,1.0,0.0,66,True,False,False,True,True,False,False,True,True,False,False,False,True
4264,23,93,0.0,2.0,7,93,2.0,1,1.0,2.0,3,0.0,0.0,72,True,False,False,True,False,True,False,True,True,False,True,False,False
4265,8,83,2.0,0.0,6,85,0.0,1,0.0,2.0,3,0.0,2.0,63,True,False,False,True,False,True,False,True,True,False,False,True,False
4266,18,72,0.0,1.0,8,79,1.0,1,1.0,2.0,4,0.0,1.0,65,False,True,False,True,False,True,False,True,True,False,False,False,True
4267,26,69,2.0,2.0,6,90,1.0,3,1.0,1.0,3,1.0,1.0,71,True,False,False,True,False,True,False,True,True,False,False,False,True
4268,21,73,1.0,1.0,5,56,1.0,5,2.0,1.0,3,0.0,1.0,66,False,True,True,False,True,False,False,True,True,False,False,True,False
4269,32,85,1.0,0.0,9,63,0.0,2,2.0,1.0,3,0.0,1.0,69,False,True,False,True,False,True,True,False,True,False,False,True,False
4270,26,67,0.0,1.0,8,57,1.0,0,1.0,1.0,4,1.0,2.0,62,True,False,False,True,True,False,False,True,True,False,True,False,False
4271,16,70,2.0,2.0,7,95,2.0,1,1.0,1.0,3,0.0,0.0,66,True,False,False,True,True,False,True,False,True,False,False,True,False
4272,20,79,1.0,0.0,8,55,0.0,3,0.0,1.0,4,0.0,0.0,66,True,False,True,False,False,True,False,True,True,False,False,False,True
4273,20,69,1.0,0.0,8,99,2.0,1,1.0,2.0,3,0.0,1.0,64,True,False,False,True,False,True,False,True,False,True,True,False,False
4274,11,84,0.0,1.0,7,55,2.0,0,1.0,2.0,3,0.0,0.0,63,False,True,False,True,False,True,False,True,True,False,True,False,False
4275,14,97,1.0,1.0,5,83,1.0,0,0.0,1.0,2,0.0,0.0,68,True,False,False,True,False,True,False,True,True,False,False,False,True
4276,17,90,1.0,1.0,7,83,0.0,5,1.0,2.0,3,0.0,0.0,68,False,True,False,True,True,False,False,True,False,True,True,False,False
4277,8,87,2.0,2.0,9,97,0.0,2,0.0,1.0,3,0.0,0.0,67,False,True,False,True,True,False,False,True,True,False,False,False,True
4278,20,83,2.0,0.0,8,66,1.0,1,2.0,1.0,3,1.0,0.0,67,True,False,True,False,False,True,False,True,False,True,False,True,False
4279,19,80,2.0,2.0,7,67,1.0,2,0.0,2.0,2,2.0,0.0,68,True,False,False,True,False,True,False,True,False,True,False,True,False
4280,10,67,2.0,1.0,8,92,1.0,1,1.0,2.0,4,2.0,0.0,65,False,True,False,True,False,True,False,True,True,False,True,False,False
4281,22,96,0.0,2.0,7,99,2.0,4,0.0,1.0,4,1.0,1.0,74,False,True,False,True,False,True,False,True,True,False,False,False,True
4282,21,64,1.0,1.0,9,82,1.0,2,0.0,1.0,3,1.0,1.0,64,False,True,False,True,True,False,False,True,True,False,False,True,False
4283,18,90,0.0,1.0,5,62,2.0,3,1.0,1.0,2,0.0,1.0,67,True,False,True,False,False,True,False,True,True,False,False,True,False
4284,24,67,2.0,2.0,9,86,1.0,2,1.0,1.0,2,1.0,0.0,68,True,False,False,True,False,True,False,True,True,False,True,False,False
4285,24,75,0.0,1.0,10,89,0.0,0,1.0,2.0,3,1.0,0.0,67,True,False,True,False,False,True,False,True,True,False,False,False,True
4286,22,61,2.0,1.0,8,88,0.0,1,1.0,2.0,4,0.0,0.0,65,True,False,False,True,True,False,False,True,True,False,False,True,False
4287,15,65,2.0,2.0,8,72,0.0,2,0.0,1.0,2,2.0,2.0,63,False,True,True,False,False,True,False,True,False,True,False,True,False
4288,22,67,1.0,1.0,6,58,1.0,1,0.0,1.0,2,2.0,0.0,64,False,True,False,True,False,True,False,True,True,False,False,True,False
4289,27,62,0.0,0.0,6,79,1.0,0,0.0,1.0,3,1.0,1.0,62,False,True,True,False,False,True,False,True,True,False,True,False,False
4290,16,86,0.0,2.0,7,89,0.0,1,1.0,0.0,2,2.0,0.0,68,True,False,False,True,False,True,False,True,True,False,False,False,True
4291,33,93,1.0,1.0,6,96,2.0,0,0.0,1.0,4,2.0,2.0,75,True,False,True,False,False,True,False,True,True,False,False,False,True
4292,17,75,1.0,0.0,5,73,2.0,0,0.0,1.0,4,0.0,0.0,63,True,False,True,False,True,False,False,True,True,False,False,True,False
4293,20,95,1.0,0.0,7,62,0.0,2,0.0,1.0,4,1.0,1.0,68,False,True,False,True,False,True,False,True,True,False,False,True,False
4294,16,69,1.0,1.0,8,56,0.0,2,1.0,1.0,3,2.0,0.0,63,False,True,True,False,True,False,False,True,True,False,False,True,False
4295,21,73,2.0,2.0,5,90,1.0,0,1.0,1.0,2,1.0,0.0,68,True,False,False,True,True,False,False,True,True,False,False,True,False
4296,10,66,1.0,2.0,7,77,1.0,0,1.0,2.0,2,0.0,0.0,62,False,True,False,True,True,False,False,True,True,False,False,False,True
4297,17,85,0.0,1.0,7,84,1.0,3,1.0,1.0,2,1.0,2.0,67,True,False,False,True,False,True,False,True,True,False,False,False,True
4298,13,77,2.0,2.0,7,58,1.0,2,0.0,1.0,3,0.0,0.0,66,False,True,False,True,True,False,False,True,True,False,False,False,True
4299,21,85,1.0,1.0,8,50,0.0,1,1.0,2.0,2,0.0,2.0,65,False,True,True,False,True,False,False,True,True,False,False,True,False
4300,26,90,1.0,1.0,8,98,1.0,0,0.0,0.0,3,2.0,1.0,69,True,False,True,False,False,True,False,True,False,True,True,False,False
4301,24,82,2.0,1.0,6,91,1.0,2,2.0,1.0,1,0.0,0.0,70,False,True,False,True,True,False,False,True,True,False,False,False,True
4302,6,85,2.0,1.0,9,70,2.0,0,0.0,1.0,3,2.0,0.0,64,True,False,False,True,False,True,False,True,False,True,False,False,True
4303,32,97,2.0,1.0,8,73,1.0,0,2.0,1.0,3,1.0,0.0,75,True,False,False,True,False,True,False,True,True,False,True,False,False
4304,22,72,0.0,0.0,9,96,2.0,1,0.0,1.0,3,1.0,0.0,66,False,True,True,False,False,True,False,True,True,False,False,False,True
4305,15,74,1.0,0.0,7,60,0.0,2,1.0,1.0,3,0.0,2.0,62,True,False,False,True,True,False,False,True,True,False,False,False,True
4306,21,89,0.0,1.0,7,90,0.0,4,2.0,1.0,5,2.0,2.0,70,False,True,False,True,True,False,False,True,True,False,False,True,False
4307,21,84,2.0,2.0,7,51,1.0,0,1.0,1.0,3,0.0,1.0,68,False,True,False,True,True,False,False,True,True,False,False,False,True
4308,16,67,1.0,2.0,9,94,2.0,1,1.0,1.0,2,2.0,0.0,66,True,False,True,False,False,True,False,True,True,False,False,True,False
4309,21,75,0.0,2.0,7,79,1.0,0,0.0,1.0,2,0.0,0.0,65,False,True,False,True,False,True,False,True,True,False,False,True,False
4310,16,79,2.0,1.0,7,74,2.0,3,1.0,1.0,2,2.0,2.0,68,False,True,True,False,False,True,False,True,True,False,False,False,True
4311,18,77,2.0,1.0,10,85,0.0,2,1.0,1.0,3,2.0,0.0,68,True,False,False,True,True,False,False,True,True,False,False,False,True
4312,16,67,1.0,1.0,5,53,0.0,2,1.0,1.0,3,0.0,1.0,62,False,True,True,False,False,True,False,True,True,False,False,False,True
4313,11,97,0.0,1.0,8,60,0.0,2,0.0,1.0,3,1.0,0.0,66,True,False,False,True,False,True,False,True,True,False,False,False,True
4314,21,90,1.0,0.0,7,70,1.0,2,0.0,1.0,2,2.0,0.0,68,True,False,False,True,True,False,False,True,True,False,True,False,False
4315,24,79,2.0,1.0,7,81,2.0,0,2.0,1.0,2,0.0,1.0,69,False,True,False,True,True,False,False,True,True,False,False,False,True
4316,23,87,1.0,0.0,6,57,1.0,2,2.0,1.0,3,0.0,0.0,67,False,True,False,True,True,False,False,True,False,True,False,False,True
4317,25,96,0.0,2.0,6,69,0.0,3,2.0,1.0,2,2.0,0.0,74,False,True,False,True,False,True,False,True,True,False,False,False,True
4318,22,65,0.0,1.0,6,63,1.0,2,1.0,1.0,3,0.0,2.0,61,False,True,False,True,True,False,True,False,True,False,False,True,False
4319,17,70,2.0,1.0,8,82,0.0,2,2.0,2.0,2,0.0,1.0,64,True,False,False,True,True,False,False,True,False,True,True,False,False
4320,25,82,1.0,1.0,8,96,1.0,1,0.0,1.0,2,0.0,1.0,69,True,False,True,False,True,False,False,True,True,False,False,False,True
4321,12,92,2.0,1.0,4,58,0.0,2,1.0,1.0,2,1.0,1.0,66,False,True,False,True,True,False,False,True,False,True,False,False,True
4322,15,61,1.0,1.0,5,59,2.0,0,0.0,2.0,4,0.0,0.0,61,True,False,False,True,True,False,False,True,True,False,False,True,False
4323,14,99,1.0,1.0,8,80,2.0,3,1.0,0.0,4,1.0,0.0,71,True,False,True,False,False,True,False,True,True,False,False,True,False
4324,26,78,2.0,2.0,8,73,1.0,2,0.0,1.0,4,1.0,0.0,71,True,False,True,False,False,True,True,False,True,False,False,False,True
4325,26,74,1.0,1.0,5,86,0.0,2,0.0,2.0,4,1.0,0.0,69,True,False,False,True,True,False,False,True,True,False,False,False,True
4326,23,72,1.0,1.0,8,64,0.0,1,0.0,1.0,4,2.0,0.0,66,True,False,False,True,False,True,False,True,True,False,False,True,False
4327,26,67,0.0,1.0,7,77,0.0,2,0.0,2.0,3,0.0,1.0,64,False,True,True,False,False,True,False,True,False,True,False,True,False
4328,15,92,0.0,1.0,8,69,1.0,1,2.0,1.0,4,2.0,0.0,68,False,True,True,False,True,False,False,True,True,False,False,True,False
4329,22,98,2.0,1.0,6,64,0.0,0,1.0,2.0,3,0.0,1.0,71,True,False,False,True,False,True,False,True,True,False,False,False,True
4330,19,77,2.0,1.0,5,86,2.0,0,1.0,0.0,4,0.0,0.0,66,False,True,False,True,False,True,False,True,False,True,True,False,False
4331,19,93,0.0,2.0,7,66,0.0,1,1.0,1.0,3,0.0,0.0,68,True,False,True,False,False,True,False,True,True,False,False,True,False
4332,18,79,1.0,1.0,7,81,1.0,1,1.0,2.0,4,1.0,1.0,66,True,False,True,False,True,False,True,False,True,False,False,False,True
4333,23,87,2.0,0.0,6,59,1.0,4,1.0,2.0,2,0.0,0.0,70,False,True,False,True,True,False,False,True,True,False,False,True,False
4334,25,77,1.0,1.0,10,90,1.0,1,0.0,1.0,3,0.0,0.0,68,False,True,False,True,True,False,False,True,True,False,False,True,False
4335,16,82,2.0,0.0,4,64,0.0,1,1.0,1.0,2,2.0,1.0,65,False,True,True,False,True,False,False,True,True,False,False,True,False
4336,20,62,1.0,1.0,6,59,0.0,3,1.0,1.0,4,0.0,0.0,64,False,True,False,True,False,True,False,True,True,False,False,False,True
4337,14,88,2.0,1.0,6,97,1.0,0,0.0,1.0,3,1.0,0.0,69,False,True,False,True,False,True,False,True,True,False,False,False,True
4338,5,62,2.0,2.0,7,71,0.0,1,0.0,1.0,4,1.0,2.0,59,False,True,True,False,True,False,False,True,True,False,False,False,True
4339,21,93,0.0,1.0,8,82,1.0,2,1.0,2.0,4,1.0,0.0,70,False,True,True,False,True,False,False,True,True,False,False,True,False
4340,24,93,2.0,0.0,8,90,2.0,0,2.0,1.0,2,1.0,0.0,72,False,True,True,False,False,True,False,True,True,False,True,False,False
4341,22,69,0.0,1.0,9,84,1.0,0,1.0,1.0,3,1.0,1.0,64,False,True,False,True,True,False,False,True,True,False,False,True,False
4342,8,73,1.0,2.0,8,78,2.0,0,1.0,2.0,3,0.0,0.0,63,False,True,True,False,True,False,False,True,True,False,True,False,False
4343,18,79,1.0,1.0,4,69,1.0,2,2.0,0.0,3,1.0,0.0,67,False,True,True,False,False,True,False,True,True,False,False,False,True
4344,7,84,1.0,1.0,5,96,1.0,1,0.0,0.0,3,0.0,0.0,62,False,True,False,True,False,True,True,False,False,True,False,False,True
4345,28,71,1.0,1.0,9,57,2.0,1,0.0,2.0,4,2.0,0.0,69,True,False,False,True,False,True,False,True,True,False,False,True,False
4346,13,84,1.0,1.0,9,94,1.0,3,1.0,1.0,2,0.0,0.0,66,False,True,False,True,False,True,False,True,False,True,True,False,False
4347,28,72,0.0,0.0,8,85,2.0,4,0.0,1.0,2,0.0,0.0,66,True,False,True,False,True,False,False,True,True,False,True,False,False
4348,26,62,0.0,1.0,6,79,1.0,1,0.0,1.0,3,1.0,0.0,63,True,False,False,True,True,False,False,True,False,True,False,False,True
4349,15,60,1.0,1.0,7,66,2.0,2,2.0,1.0,4,0.0,0.0,62,False,True,False,True,True,False,False,True,True,False,False,True,False
4350,22,92,1.0,0.0,5,72,0.0,0,1.0,1.0,4,1.0,1.0,67,False,True,True,False,True,False,False,True,True,False,True,False,False
4351,15,98,1.0,1.0,7,89,0.0,2,0.0,0.0,3,1.0,1.0,68,False,True,False,True,False,True,True,False,True,False,False,True,False
4352,21,77,2.0,1.0,10,87,0.0,1,0.0,1.0,3,1.0,0.0,67,False,True,False,True,True,False,False,True,True,False,False,True,False
4353,17,81,1.0,1.0,6,82,1.0,3,0.0,1.0,4,1.0,0.0,67,False,True,True,False,True,False,False,True,True,False,False,True,False
4354,9,66,0.0,1.0,9,100,0.0,3,1.0,1.0,3,1.0,0.0,62,False,True,False,True,True,False,False,True,True,False,False,True,False
4355,7,82,1.0,2.0,6,99,1.0,2,1.0,2.0,2,2.0,1.0,66,False,True,False,True,False,True,False,True,True,False,True,False,False
4356,21,66,1.0,1.0,5,70,1.0,1,0.0,2.0,5,0.0,0.0,65,True,False,True,False,False,True,False,True,True,False,False,False,True
4357,17,84,1.0,2.0,8,60,1.0,0,0.0,0.0,5,1.0,0.0,67,True,False,True,False,False,True,False,True,True,False,False,False,True
4358,17,97,1.0,0.0,7,73,2.0,1,1.0,2.0,4,1.0,0.0,69,False,True,True,False,True,False,True,False,True,False,False,True,False
4359,24,68,1.0,2.0,9,92,0.0,1,0.0,2.0,2,0.0,0.0,67,False,True,False,True,False,True,False,True,True,False,False,False,True
4360,27,91,0.0,1.0,9,73,0.0,0,0.0,1.0,3,1.0,0.0,69,False,True,True,False,False,True,False,True,True,False,False,True,False
4361,18,61,1.0,0.0,7,67,0.0,2,2.0,1.0,4,0.0,0.0,62,False,True,False,True,True,False,False,True,True,False,False,False,True
4362,18,75,1.0,1.0,9,87,0.0,3,0.0,1.0,3,2.0,0.0,67,True,False,False,True,False,True,False,True,True,False,True,False,False
4363,23,64,1.0,0.0,6,83,1.0,0,1.0,1.0,3,0.0,1.0,63,False,True,False,True,False,True,False,True,True,False,False,True,False
4364,12,74,1.0,1.0,6,98,2.0,2,0.0,1.0,3,1.0,0.0,65,False,True,False,True,True,False,False,True,True,False,False,True,False
4365,21,67,1.0,1.0,9,77,1.0,3,2.0,0.0,3,1.0,1.0,66,True,False,False,True,False,True,False,True,True,False,False,True,False
4366,23,75,1.0,2.0,5,98,1.0,3,1.0,2.0,1,1.0,0.0,71,True,False,False,True,False,True,False,True,True,False,False,False,True
4367,24,77,0.0,2.0,7,65,2.0,1,1.0,2.0,4,2.0,0.0,70,False,True,True,False,False,True,False,True,True,False,False,False,True
4368,8,72,2.0,2.0,9,93,2.0,4,1.0,1.0,4,0.0,0.0,68,False,True,False,True,False,True,False,True,True,False,False,False,True
4369,15,86,2.0,1.0,9,68,2.0,0,1.0,0.0,3,0.0,0.0,67,False,True,False,True,False,True,False,True,True,False,False,True,False
4370,15,97,1.0,2.0,6,90,2.0,2,2.0,2.0,0,0.0,0.0,71,False,True,True,False,True,False,False,True,True,False,False,True,False
4371,21,76,0.0,1.0,9,96,1.0,1,0.0,0.0,5,0.0,0.0,65,False,True,False,True,False,True,False,True,True,False,True,False,False
4372,23,68,0.0,1.0,5,81,0.0,1,0.0,0.0,2,2.0,0.0,64,False,True,False,True,False,True,False,True,True,False,False,True,False
4373,29,71,1.0,1.0,6,86,1.0,1,0.0,1.0,2,1.0,0.0,69,True,False,False,True,False,True,False,True,True,False,False,False,True
4374,17,94,1.0,0.0,7,98,0.0,1,1.0,2.0,2,0.0,0.0,68,False,True,False,True,False,True,False,True,True,False,True,False,False
4375,17,83,1.0,0.0,8,69,0.0,4,0.0,2.0,3,1.0,0.0,67,False,True,False,True,False,True,False,True,True,False,False,True,False
4376,27,78,1.0,1.0,5,76,2.0,1,1.0,1.0,4,2.0,0.0,71,False,True,True,False,False,True,False,True,True,False,False,False,True
4377,22,66,1.0,0.0,10,95,1.0,1,1.0,1.0,3,0.0,0.0,64,False,True,True,False,False,True,False,True,True,False,True,False,False
4378,28,78,1.0,2.0,4,84,1.0,2,0.0,0.0,3,1.0,2.0,69,True,False,False,True,False,True,False,True,True,False,True,False,False
4379,22,71,1.0,2.0,7,94,1.0,1,1.0,1.0,4,0.0,0.0,68,False,True,False,True,False,True,False,True,True,False,False,True,False
4380,13,98,2.0,0.0,7,81,1.0,1,1.0,0.0,3,2.0,0.0,69,False,True,True,False,False,True,False,True,True,False,True,False,False
4381,12,95,1.0,1.0,4,87,1.0,0,0.0,1.0,3,0.0,1.0,67,False,True,False,True,True,False,False,True,True,False,False,False,True
4382,24,81,0.0,1.0,6,67,2.0,0,1.0,2.0,2,0.0,2.0,66,False,True,False,True,False,True,False,True,True,False,True,False,False
4383,27,69,1.0,2.0,7,89,0.0,2,2.0,2.0,1,0.0,1.0,69,False,True,True,False,False,True,False,True,True,False,False,True,False
4384,31,76,1.0,2.0,7,70,0.0,3,0.0,1.0,3,1.0,1.0,70,False,True,False,True,False,True,False,True,True,False,False,True,False
4385,25,95,1.0,0.0,5,68,1.0,1,1.0,2.0,3,0.0,2.0,70,False,True,False,True,False,True,False,True,True,False,False,False,True
4386,27,81,1.0,0.0,5,98,1.0,0,2.0,1.0,3,0.0,0.0,70,False,True,False,True,False,True,False,True,True,False,False,False,True
4387,17,73,2.0,2.0,9,78,1.0,0,0.0,2.0,3,2.0,1.0,66,True,False,False,True,True,False,False,True,True,False,True,False,False
4388,13,68,0.0,2.0,7,60,1.0,1,1.0,0.0,3,1.0,1.0,61,True,False,True,False,True,False,False,True,True,False,False,False,True
4389,25,92,1.0,1.0,4,74,1.0,3,0.0,2.0,2,0.0,1.0,71,True,False,False,True,False,True,False,True,False,True,False,False,True
4390,23,85,2.0,0.0,7,76,2.0,2,0.0,1.0,3,1.0,0.0,69,True,False,False,True,False,True,False,True,True,False,False,True,False
4391,21,79,1.0,1.0,7,99,1.0,2,0.0,1.0,2,2.0,0.0,69,False,True,False,True,False,True,False,True,True,False,False,False,True
4392,22,69,2.0,1.0,7,86,0.0,0,1.0,1.0,1,0.0,0.0,65,True,False,False,True,True,False,False,True,True,False,False,True,False
4393,22,73,2.0,2.0,4,76,2.0,3,1.0,1.0,4,1.0,2.0,69,False,True,False,True,False,True,False,True,True,False,True,False,False
4394,28,98,1.0,2.0,7,72,1.0,1,0.0,2.0,2,1.0,0.0,74,False,True,True,False,False,True,False,True,True,False,False,False,True
4395,28,81,1.0,1.0,6,96,2.0,2,0.0,1.0,5,0.0,1.0,71,False,True,True,False,False,True,False,True,True,False,False,False,True
4396,23,76,2.0,1.0,7,82,2.0,0,1.0,2.0,1,1.0,0.0,68,False,True,True,False,True,False,False,True,True,False,False,True,False
4397,25,81,2.0,2.0,8,68,0.0,0,0.0,2.0,3,1.0,1.0,69,True,False,False,True,False,True,False,True,True,False,False,True,False
4398,23,91,0.0,1.0,8,73,1.0,3,1.0,1.0,5,0.0,2.0,68,False,True,False,True,False,True,True,False,True,False,True,False,False
4399,17,74,1.0,0.0,9,64,1.0,2,1.0,1.0,3,0.0,0.0,63,False,True,False,True,True,False,False,True,True,False,False,True,False
4400,25,67,1.0,1.0,10,98,2.0,0,2.0,1.0,2,0.0,0.0,68,False,True,False,True,False,True,False,True,True,False,False,False,True
4401,12,83,2.0,1.0,5,85,1.0,2,0.0,2.0,2,1.0,0.0,67,False,True,True,False,False,True,False,True,True,False,True,False,False
4402,26,87,1.0,2.0,6,70,0.0,3,1.0,1.0,3,1.0,1.0,71,False,True,False,True,True,False,False,True,True,False,False,True,False
4403,13,89,2.0,2.0,8,59,0.0,0,0.0,2.0,2,2.0,1.0,66,False,True,False,True,True,False,False,True,True,False,False,True,False
4404,22,95,2.0,1.0,7,59,1.0,2,0.0,1.0,3,0.0,0.0,69,False,True,False,True,True,False,False,True,False,True,True,False,False
4405,15,75,2.0,1.0,4,74,1.0,3,1.0,2.0,4,1.0,0.0,68,True,False,False,True,False,True,False,True,True,False,False,False,True
4406,23,63,1.0,1.0,7,73,0.0,1,0.0,1.0,3,1.0,1.0,63,False,True,False,True,True,False,False,True,True,False,False,True,False
4407,20,98,1.0,1.0,9,71,1.0,0,0.0,1.0,4,1.0,1.0,69,False,True,False,True,True,False,False,True,True,False,True,False,False
4408,10,77,0.0,2.0,5,93,1.0,3,0.0,1.0,3,1.0,0.0,66,True,False,False,True,False,True,False,True,True,False,False,False,True
4409,23,85,1.0,1.0,7,99,2.0,1,0.0,2.0,5,1.0,0.0,71,True,False,False,True,False,True,False,True,True,False,False,True,False
4410,17,87,1.0,2.0,4,68,1.0,2,0.0,0.0,4,2.0,1.0,68,False,True,False,True,True,False,False,True,True,False,False,False,True
4411,25,82,1.0,1.0,8,65,1.0,0,2.0,1.0,4,0.0,0.0,69,False,True,True,False,False,True,False,True,True,False,False,True,False
4412,20,68,1.0,1.0,7,89,1.0,0,1.0,2.0,3,0.0,2.0,65,True,False,True,False,False,True,False,True,True,False,False,False,True
4413,22,90,1.0,0.0,6,72,1.0,0,0.0,1.0,4,1.0,0.0,68,False,True,False,True,False,True,False,True,True,False,False,True,False
4414,14,92,2.0,1.0,6,61,2.0,0,0.0,1.0,2,1.0,1.0,67,False,True,True,False,False,True,False,True,True,False,False,True,False
4415,16,82,1.0,1.0,5,59,1.0,1,1.0,1.0,3,0.0,0.0,65,False,True,False,True,True,False,False,True,True,False,False,False,True
4416,17,80,0.0,1.0,9,64,1.0,1,0.0,1.0,4,2.0,2.0,65,True,False,True,False,False,True,False,True,True,False,False,False,True
4417,25,65,1.0,0.0,6,50,1.0,2,0.0,1.0,2,1.0,0.0,64,True,False,False,True,False,True,False,True,True,False,False,False,True
4418,30,63,2.0,2.0,8,97,1.0,1,0.0,2.0,3,0.0,0.0,69,True,False,False,True,True,False,False,True,True,False,False,True,False
4419,15,74,2.0,0.0,6,72,0.0,2,0.0,1.0,3,0.0,0.0,64,False,True,False,True,True,False,False,True,True,False,False,False,True
4420,26,72,1.0,1.0,10,54,1.0,2,2.0,2.0,2,1.0,1.0,66,False,True,False,True,True,False,True,False,True,False,False,True,False
4421,7,98,1.0,0.0,9,58,1.0,2,1.0,1.0,5,1.0,0.0,65,False,True,True,False,False,True,False,True,False,True,False,True,False
4422,13,91,2.0,1.0,10,66,1.0,2,1.0,1.0,4,0.0,0.0,69,True,False,False,True,False,True,False,True,True,False,False,False,True
4423,14,86,0.0,1.0,10,78,1.0,3,1.0,2.0,4,0.0,0.0,66,True,False,True,False,False,True,False,True,False,True,True,False,False
4424,12,81,1.0,1.0,6,85,2.0,0,0.0,1.0,2,0.0,0.0,64,False,True,True,False,False,True,False,True,False,True,False,False,True
4425,10,67,1.0,1.0,6,65,1.0,1,1.0,2.0,4,0.0,0.0,61,True,False,False,True,False,True,False,True,True,False,True,False,False
4426,22,99,1.0,1.0,10,98,0.0,1,1.0,1.0,1,1.0,0.0,72,False,True,True,False,True,False,False,True,True,False,False,True,False
4427,19,75,1.0,1.0,7,88,0.0,1,1.0,1.0,3,2.0,1.0,67,False,True,True,False,False,True,False,True,True,False,False,False,True
4428,22,64,0.0,1.0,8,91,0.0,0,0.0,1.0,4,1.0,1.0,63,True,False,False,True,False,True,False,True,True,False,False,True,False
4429,24,80,1.0,2.0,6,66,2.0,1,1.0,1.0,3,1.0,1.0,69,False,True,False,True,True,False,False,True,True,False,False,True,False
4430,22,95,0.0,2.0,6,69,2.0,3,1.0,1.0,2,2.0,2.0,70,False,True,False,True,False,True,False,True,False,True,False,True,False
4431,24,95,1.0,2.0,8,77,0.0,1,0.0,1.0,3,0.0,0.0,71,False,True,False,True,False,True,False,True,False,True,False,False,True
4432,20,60,1.0,0.0,4,73,1.0,0,0.0,0.0,1,2.0,1.0,60,True,False,False,True,False,True,False,True,True,False,False,True,False
4433,13,95,1.0,2.0,8,63,1.0,3,1.0,1.0,2,2.0,0.0,70,True,False,True,False,False,True,False,True,True,False,False,True,False
4434,26,71,0.0,2.0,8,100,0.0,1,0.0,2.0,4,1.0,0.0,69,True,False,True,False,True,False,False,True,True,False,False,False,True
4435,16,62,1.0,2.0,6,92,1.0,0,1.0,1.0,4,0.0,0.0,63,True,False,True,False,True,False,True,False,True,False,False,False,True
4436,14,94,1.0,1.0,7,62,2.0,2,1.0,2.0,1,2.0,0.0,69,False,True,True,False,False,True,False,True,True,False,True,False,False
4437,19,95,1.0,1.0,7,95,2.0,0,1.0,2.0,2,1.0,0.0,71,False,True,True,False,False,True,False,True,True,False,True,False,False
4438,15,84,1.0,2.0,7,79,1.0,1,1.0,2.0,4,0.0,0.0,68,True,False,False,True,False,True,False,True,True,False,False,True,False
4439,17,83,1.0,2.0,8,51,0.0,0,0.0,1.0,4,0.0,1.0,64,False,True,False,True,True,False,False,True,True,False,True,False,False
4440,22,93,0.0,1.0,6,67,1.0,0,1.0,1.0,3,1.0,0.0,68,True,False,False,True,True,False,False,True,True,False,False,True,False
4441,22,91,0.0,1.0,10,51,2.0,2,2.0,1.0,3,0.0,0.0,69,True,False,False,True,False,True,False,True,True,False,False,True,False
4442,15,96,1.0,0.0,7,54,0.0,0,0.0,1.0,3,1.0,0.0,65,True,False,False,True,True,False,False,True,True,False,False,True,False
4443,17,82,1.0,1.0,7,59,1.0,3,1.0,1.0,4,1.0,0.0,68,False,True,False,True,False,True,False,True,True,False,False,False,True
4444,26,99,1.0,2.0,10,74,1.0,1,1.0,1.0,2,1.0,0.0,74,False,True,True,False,False,True,False,True,True,False,False,True,False
4445,23,100,2.0,0.0,4,69,0.0,0,0.0,2.0,4,2.0,0.0,72,True,False,False,True,False,True,False,True,True,False,False,False,True
4446,32,65,2.0,1.0,10,57,1.0,1,2.0,1.0,2,0.0,0.0,67,True,False,True,False,True,False,False,True,True,False,True,False,False
4447,27,94,2.0,2.0,7,70,0.0,1,1.0,2.0,2,0.0,1.0,73,True,False,False,True,False,True,False,True,True,False,False,True,False
4448,27,80,1.0,1.0,6,65,2.0,1,2.0,1.0,4,1.0,1.0,68,False,True,True,False,True,False,True,False,True,False,False,True,False
4449,12,76,1.0,0.0,5,71,0.0,0,1.0,1.0,4,0.0,0.0,61,False,True,False,True,False,True,False,True,True,False,True,False,False
4450,25,85,2.0,2.0,5,59,1.0,3,0.0,1.0,4,0.0,0.0,70,True,False,False,True,True,False,False,True,True,False,False,True,False
4451,20,62,1.0,0.0,6,80,2.0,1,1.0,2.0,3,1.0,1.0,62,True,False,False,True,False,True,True,False,True,False,False,True,False
4452,17,80,1.0,1.0,7,52,2.0,2,1.0,1.0,3,2.0,0.0,67,True,False,True,False,False,True,False,True,True,False,False,True,False
4453,21,95,0.0,2.0,8,69,1.0,0,0.0,2.0,3,2.0,0.0,69,False,True,False,True,False,True,True,False,True,False,True,False,False
4454,23,77,1.0,2.0,6,71,0.0,3,1.0,0.0,4,0.0,1.0,68,False,True,True,False,True,False,False,True,True,False,False,False,True
4455,15,98,1.0,1.0,9,72,1.0,1,0.0,2.0,2,1.0,0.0,69,True,False,False,True,False,True,False,True,True,False,False,True,False
4456,24,77,1.0,1.0,10,53,2.0,2,2.0,1.0,4,1.0,1.0,68,False,True,False,True,False,True,False,True,True,False,False,True,False
4457,16,74,1.0,2.0,9,80,0.0,0,1.0,1.0,5,0.0,0.0,64,False,True,False,True,True,False,False,True,True,False,True,False,False
4458,21,78,2.0,1.0,6,97,1.0,0,1.0,1.0,2,0.0,0.0,69,True,False,False,True,False,True,False,True,True,False,False,False,True
4459,18,81,1.0,1.0,8,65,0.0,2,0.0,1.0,4,2.0,0.0,66,False,True,False,True,True,False,False,True,True,False,False,True,False
4460,19,85,1.0,1.0,8,70,0.0,4,2.0,1.0,3,0.0,1.0,68,False,True,False,True,True,False,False,True,True,False,False,True,False
4461,25,92,1.0,1.0,9,79,1.0,3,1.0,2.0,4,1.0,1.0,72,False,True,False,True,False,True,False,True,True,False,True,False,False
4462,14,78,2.0,1.0,6,55,0.0,2,0.0,1.0,2,0.0,0.0,63,True,False,True,False,True,False,False,True,True,False,False,True,False
4463,32,93,2.0,1.0,6,98,1.0,0,1.0,1.0,4,0.0,0.0,73,False,True,False,True,True,False,False,True,False,True,False,True,False
4464,9,81,2.0,1.0,9,73,1.0,1,1.0,1.0,1,2.0,0.0,65,False,True,False,True,False,True,False,True,True,False,True,False,False
4465,16,74,2.0,2.0,8,56,0.0,1,0.0,1.0,2,0.0,0.0,65,True,False,True,False,False,True,False,True,True,False,False,False,True
4466,22,86,0.0,1.0,5,67,1.0,0,2.0,1.0,2,1.0,0.0,68,False,True,False,True,False,True,False,True,True,False,False,False,True
4467,24,89,2.0,1.0,8,69,0.0,3,2.0,1.0,2,1.0,0.0,70,False,True,False,True,True,False,True,False,True,False,False,True,False
4468,19,82,1.0,1.0,10,67,1.0,0,0.0,0.0,2,2.0,2.0,65,False,True,False,True,True,False,False,True,True,False,False,False,True
4469,20,62,2.0,1.0,6,85,1.0,2,1.0,1.0,3,1.0,0.0,66,True,False,False,True,False,True,False,True,True,False,False,True,False
4470,22,67,1.0,2.0,6,67,2.0,1,0.0,1.0,1,1.0,0.0,66,False,True,True,False,False,True,False,True,True,False,False,True,False
4471,19,71,1.0,2.0,7,66,0.0,2,0.0,1.0,3,0.0,0.0,65,True,False,False,True,False,True,False,True,True,False,False,True,False
4472,28,71,1.0,2.0,8,66,1.0,2,0.0,1.0,3,1.0,0.0,69,False,True,True,False,True,False,False,True,True,False,False,False,True
4473,25,87,0.0,2.0,7,89,1.0,1,0.0,1.0,4,0.0,0.0,69,True,False,False,True,False,True,False,True,False,True,False,True,False
4474,25,61,1.0,2.0,9,65,1.0,2,1.0,1.0,4,0.0,1.0,64,True,False,True,False,True,False,False,True,False,True,False,True,False
4475,14,90,1.0,1.0,7,51,1.0,1,1.0,1.0,4,0.0,0.0,66,True,False,False,True,False,True,False,True,False,True,False,False,True
4476,20,71,0.0,1.0,9,68,1.0,1,0.0,1.0,3,0.0,2.0,63,False,True,True,False,False,True,False,True,True,False,False,False,True
4477,18,72,2.0,1.0,6,64,1.0,4,0.0,1.0,3,2.0,0.0,68,True,False,False,True,False,True,False,True,True,False,False,False,True
4478,14,81,2.0,1.0,5,95,0.0,2,0.0,2.0,3,0.0,0.0,68,False,True,False,True,False,True,False,True,True,False,False,False,True
4479,22,69,2.0,1.0,6,74,2.0,1,1.0,0.0,3,1.0,0.0,65,True,False,False,True,True,False,False,True,False,True,True,False,False
4480,17,95,2.0,1.0,5,62,2.0,1,1.0,1.0,3,0.0,1.0,69,False,True,True,False,True,False,False,True,True,False,False,False,True
4481,24,63,1.0,1.0,8,99,0.0,2,0.0,2.0,1,2.0,0.0,66,True,False,False,True,True,False,False,True,True,False,False,True,False
4482,14,78,1.0,1.0,4,62,1.0,1,0.0,1.0,4,1.0,0.0,63,False,True,False,True,True,False,False,True,True,False,False,True,False
4483,30,94,0.0,1.0,6,88,0.0,2,0.0,1.0,3,1.0,0.0,72,True,False,True,False,False,True,False,True,False,True,False,True,False
4484,15,85,2.0,1.0,7,82,2.0,2,1.0,1.0,4,0.0,2.0,67,False,True,False,True,True,False,False,True,True,False,True,False,False
4485,21,72,2.0,2.0,5,73,1.0,1,1.0,1.0,3,0.0,0.0,67,False,True,False,True,True,False,False,True,True,False,False,True,False
4486,25,77,2.0,1.0,7,70,1.0,0,1.0,1.0,5,0.0,0.0,68,False,True,False,True,False,True,False,True,True,False,False,True,False
4487,17,88,2.0,2.0,7,94,1.0,2,1.0,2.0,3,0.0,0.0,71,False,True,False,True,False,True,True,False,True,False,False,False,True
4488,25,99,1.0,2.0,9,74,1.0,1,1.0,2.0,3,0.0,0.0,73,False,True,True,False,True,False,False,True,True,False,True,False,False
4489,13,96,1.0,1.0,5,69,1.0,2,1.0,0.0,3,0.0,0.0,68,False,True,False,True,True,False,False,True,True,False,False,False,True
4490,29,74,2.0,1.0,8,68,1.0,0,1.0,2.0,4,0.0,0.0,69,True,False,False,True,True,False,False,True,True,False,False,False,True
4491,20,100,1.0,1.0,8,64,1.0,0,0.0,1.0,2,0.0,1.0,69,False,True,False,True,False,True,False,True,True,False,False,True,False
4492,16,60,1.0,2.0,7,70,0.0,3,2.0,2.0,4,0.0,0.0,63,True,False,True,False,True,False,False,True,True,False,True,False,False
4493,18,61,1.0,1.0,6,56,1.0,3,0.0,1.0,3,0.0,1.0,62,False,True,False,True,False,True,False,True,True,False,False,True,False
4494,25,93,1.0,1.0,5,53,1.0,0,2.0,1.0,5,1.0,1.0,70,True,False,True,False,False,True,False,True,True,False,False,True,False
4495,16,68,2.0,1.0,10,77,1.0,1,2.0,1.0,3,2.0,0.0,66,False,True,False,True,True,False,False,True,True,False,False,False,True
4496,16,62,1.0,1.0,7,73,0.0,3,2.0,1.0,3,0.0,0.0,62,True,False,False,True,True,False,False,True,True,False,True,False,False
4497,19,69,1.0,2.0,7,59,0.0,2,0.0,0.0,2,2.0,1.0,64,True,False,True,False,False,True,False,True,True,False,False,True,False
4498,13,77,1.0,1.0,10,55,0.0,2,0.0,1.0,3,1.0,1.0,63,False,True,True,False,False,True,False,True,True,False,False,False,True
4499,31,89,1.0,1.0,7,57,1.0,1,2.0,0.0,2,1.0,1.0,71,True,False,False,True,False,True,False,True,True,False,False,False,True
4500,17,85,2.0,1.0,10,66,1.0,1,2.0,1.0,1,2.0,1.0,67,False,True,False,True,False,True,False,True,False,True,False,True,False
4501,25,70,0.0,2.0,5,73,1.0,2,1.0,1.0,1,2.0,0.0,67,False,True,True,False,False,True,False,True,True,False,False,True,False
4502,21,80,0.0,2.0,7,60,1.0,1,1.0,2.0,2,1.0,1.0,67,False,True,False,True,False,True,False,True,True,False,False,False,True
4503,14,97,0.0,1.0,5,88,1.0,2,2.0,1.0,3,2.0,0.0,71,False,True,False,True,False,True,False,True,True,False,False,False,True
4504,20,93,2.0,1.0,7,60,2.0,0,0.0,2.0,3,0.0,0.0,69,False,True,False,True,True,False,False,True,True,False,False,True,False
4505,19,99,2.0,1.0,6,100,1.0,1,0.0,1.0,1,0.0,1.0,72,False,True,True,False,False,True,False,True,True,False,False,False,True
4506,27,88,1.0,2.0,7,72,1.0,1,0.0,2.0,1,0.0,0.0,71,True,False,False,True,True,False,False,True,True,False,False,False,True
4507,26,62,1.0,1.0,6,59,1.0,1,1.0,1.0,3,0.0,1.0,63,False,True,False,True,True,False,False,True,True,False,False,True,False
4508,26,61,2.0,0.0,7,95,0.0,0,1.0,2.0,3,2.0,1.0,65,False,True,False,True,False,True,True,False,True,False,False,True,False
4509,17,67,0.0,1.0,6,62,1.0,0,1.0,1.0,3,1.0,1.0,61,True,False,False,True,False,True,False,True,True,False,False,True,False
4510,14,89,1.0,0.0,9,96,0.0,2,0.0,2.0,3,1.0,1.0,66,True,False,True,False,True,False,False,True,True,False,False,True,False
4511,16,67,1.0,1.0,5,56,0.0,1,0.0,1.0,2,1.0,0.0,61,True,False,False,True,False,True,False,True,True,False,True,False,False
4512,21,80,1.0,1.0,7,92,0.0,1,1.0,1.0,3,0.0,1.0,67,False,True,False,True,True,False,False,True,True,False,False,False,True
4513,23,64,1.0,0.0,5,59,1.0,3,0.0,1.0,5,0.0,1.0,64,True,False,False,True,False,True,False,True,True,False,False,False,True
4514,7,97,0.0,2.0,6,97,1.0,3,1.0,2.0,2,1.0,1.0,69,True,False,True,False,True,False,False,True,True,False,False,False,True
4515,20,74,0.0,1.0,6,79,1.0,1,2.0,1.0,2,1.0,2.0,64,False,True,False,True,True,False,False,True,False,True,False,True,False
4516,21,96,1.0,1.0,7,59,0.0,2,2.0,1.0,2,1.0,0.0,70,False,True,False,True,False,True,False,True,True,False,True,False,False
4517,18,98,2.0,1.0,7,92,1.0,2,0.0,2.0,4,0.0,0.0,73,False,True,True,False,False,True,False,True,True,False,False,True,False
4518,28,60,0.0,1.0,5,70,0.0,0,0.0,1.0,5,0.0,0.0,63,False,True,True,False,False,True,False,True,True,False,False,True,False
4519,23,79,1.0,1.0,6,87,1.0,2,0.0,2.0,4,1.0,1.0,68,False,True,False,True,False,True,True,False,True,False,False,True,False
4520,28,61,0.0,0.0,6,82,0.0,0,1.0,2.0,3,1.0,0.0,64,True,False,False,True,False,True,False,True,True,False,False,False,True
4521,19,96,1.0,0.0,5,86,1.0,3,1.0,1.0,3,0.0,1.0,69,False,True,False,True,False,True,True,False,True,False,False,False,True
4522,26,81,1.0,1.0,9,67,1.0,3,0.0,1.0,2,1.0,0.0,69,True,False,False,True,False,True,False,True,True,False,False,True,False
4523,30,63,2.0,0.0,5,97,2.0,2,0.0,2.0,2,1.0,1.0,67,True,False,False,True,True,False,False,True,False,True,False,False,True
4524,28,64,2.0,0.0,7,78,1.0,3,1.0,2.0,4,2.0,1.0,69,False,True,True,False,False,True,False,True,True,False,False,False,True
4525,13,75,1.0,2.0,10,54,1.0,1,0.0,1.0,3,1.0,0.0,62,False,True,True,False,True,False,False,True,False,True,True,False,False
4526,18,98,0.0,1.0,9,53,1.0,0,2.0,1.0,1,0.0,1.0,66,False,True,False,True,True,False,False,True,True,False,False,True,False
4527,18,88,0.0,1.0,8,87,1.0,2,1.0,2.0,2,2.0,1.0,68,True,False,False,True,True,False,False,True,True,False,False,True,False
4528,23,95,2.0,0.0,7,92,2.0,1,0.0,1.0,1,0.0,0.0,71,True,False,False,True,True,False,False,True,True,False,False,False,True
4529,24,75,1.0,0.0,8,85,1.0,1,0.0,1.0,2,2.0,0.0,66,False,True,False,True,True,False,False,True,False,True,False,False,True
4530,15,62,0.0,2.0,8,64,2.0,2,0.0,1.0,4,1.0,0.0,62,True,False,False,True,True,False,False,True,True,False,False,True,False
4531,20,99,0.0,0.0,9,61,0.0,1,2.0,1.0,4,0.0,1.0,68,False,True,True,False,False,True,False,True,True,False,False,True,False
4532,8,61,1.0,0.0,7,78,1.0,0,1.0,1.0,3,0.0,0.0,59,True,False,True,False,False,True,False,True,True,False,False,False,True
4533,29,98,1.0,1.0,9,60,0.0,0,0.0,1.0,4,0.0,0.0,70,True,False,True,False,False,True,False,True,True,False,True,False,False
4534,17,75,2.0,0.0,7,69,1.0,1,2.0,1.0,4,0.0,0.0,66,False,True,False,True,False,True,False,True,True,False,False,False,True
4535,20,60,1.0,1.0,10,81,1.0,3,0.0,1.0,3,1.0,0.0,65,False,True,False,True,False,True,False,True,True,False,False,False,True
4536,18,88,1.0,1.0,7,64,0.0,0,1.0,0.0,4,1.0,1.0,66,False,True,False,True,True,False,False,True,True,False,False,False,True
4537,27,99,1.0,1.0,5,69,1.0,2,1.0,0.0,2,2.0,1.0,73,False,True,False,True,False,True,False,True,True,False,False,False,True
4538,3,99,1.0,0.0,7,68,1.0,2,2.0,1.0,3,0.0,0.0,65,True,False,True,False,False,True,False,True,True,False,False,True,False
4539,20,66,1.0,2.0,8,73,1.0,0,2.0,0.0,3,0.0,1.0,65,False,True,False,True,False,True,False,True,True,False,False,False,True
4540,19,67,2.0,1.0,9,84,0.0,0,1.0,1.0,3,0.0,1.0,64,True,False,False,True,True,False,False,True,True,False,False,False,True
4541,17,83,1.0,1.0,6,89,2.0,0,0.0,1.0,4,2.0,0.0,69,False,True,False,True,False,True,False,True,True,False,False,False,True
4542,30,85,1.0,1.0,4,83,0.0,2,2.0,2.0,3,2.0,0.0,74,True,False,False,True,True,False,False,True,True,False,False,False,True
4543,15,90,2.0,2.0,8,51,2.0,2,2.0,1.0,2,0.0,1.0,68,True,False,False,True,False,True,False,True,True,False,True,False,False
4544,25,67,0.0,1.0,8,95,1.0,0,1.0,1.0,4,2.0,1.0,65,True,False,False,True,True,False,False,True,True,False,False,True,False
4545,22,98,1.0,2.0,5,79,1.0,2,2.0,1.0,5,0.0,1.0,72,False,True,False,True,False,True,True,False,True,False,False,True,False
4546,28,86,1.0,1.0,7,96,1.0,2,1.0,0.0,4,0.0,0.0,71,False,True,False,True,False,True,False,True,True,False,False,True,False
4547,16,94,2.0,1.0,7,98,1.0,0,0.0,1.0,4,0.0,1.0,69,True,False,False,True,True,False,False,True,True,False,False,True,False
4548,16,82,0.0,2.0,8,73,0.0,3,0.0,2.0,1,1.0,0.0,67,False,True,False,True,False,True,False,True,True,False,False,False,True
4549,27,77,1.0,2.0,6,96,0.0,0,1.0,2.0,3,2.0,1.0,71,False,True,False,True,False,True,False,True,True,False,False,False,True
4550,23,99,0.0,0.0,6,68,2.0,1,1.0,1.0,3,1.0,2.0,68,False,True,False,True,False,True,False,True,False,True,False,True,False
4551,11,83,0.0,1.0,7,63,2.0,3,2.0,1.0,2,0.0,2.0,63,True,False,False,True,True,False,False,True,True,False,True,False,False
4552,17,95,2.0,1.0,5,54,0.0,2,2.0,2.0,2,1.0,1.0,69,True,False,False,True,True,False,False,True,True,False,False,True,False
4553,22,98,1.0,0.0,10,73,1.0,1,0.0,0.0,4,1.0,0.0,68,True,False,False,True,True,False,False,True,False,True,True,False,False
4554,25,87,2.0,2.0,8,84,0.0,2,2.0,1.0,4,1.0,1.0,73,False,True,False,True,False,True,False,True,True,False,False,False,True
4555,16,82,1.0,1.0,6,99,1.0,3,2.0,1.0,2,0.0,0.0,69,False,True,False,True,False,True,False,True,True,False,False,False,True
4556,23,62,2.0,0.0,5,87,1.0,1,2.0,0.0,3,0.0,0.0,65,False,True,True,False,True,False,False,True,True,False,False,False,True
4557,13,68,1.0,1.0,8,95,1.0,2,0.0,0.0,4,0.0,1.0,63,False,True,True,False,False,True,False,True,True,False,False,False,True
4558,8,67,0.0,0.0,5,77,0.0,1,1.0,2.0,2,1.0,0.0,59,False,True,False,True,True,False,False,True,True,False,False,False,True
4559,25,72,1.0,1.0,4,92,2.0,1,0.0,1.0,2,0.0,0.0,66,False,True,True,False,False,True,False,True,False,True,True,False,False
4560,21,74,1.0,2.0,8,79,1.0,0,0.0,2.0,4,0.0,0.0,67,False,True,True,False,False,True,False,True,True,False,False,False,True
4561,19,77,2.0,1.0,8,88,1.0,3,0.0,1.0,3,1.0,1.0,67,False,True,False,True,False,True,True,False,True,False,False,False,True
4562,28,64,2.0,1.0,7,83,0.0,2,2.0,1.0,4,0.0,1.0,67,False,True,True,False,True,False,False,True,True,False,False,True,False
4563,24,62,2.0,0.0,7,53,1.0,0,1.0,1.0,6,2.0,0.0,65,True,False,False,True,False,True,False,True,True,False,False,False,True
4564,30,87,2.0,1.0,8,58,2.0,1,0.0,1.0,1,1.0,0.0,71,False,True,False,True,False,True,False,True,True,False,True,False,False
4565,12,81,1.0,1.0,7,64,2.0,2,2.0,1.0,3,0.0,0.0,66,False,True,False,True,False,True,False,True,True,False,False,True,False
4566,20,78,1.0,2.0,8,64,1.0,2,2.0,1.0,2,0.0,1.0,68,True,False,True,False,False,True,False,True,True,False,False,False,True
4567,10,85,1.0,2.0,5,92,1.0,0,0.0,2.0,4,0.0,2.0,65,True,False,True,False,False,True,False,True,False,True,False,False,True
4568,19,93,2.0,2.0,8,80,1.0,1,1.0,1.0,3,1.0,1.0,71,False,True,True,False,True,False,False,True,True,False,False,True,False
4569,19,77,1.0,0.0,7,54,0.0,2,0.0,1.0,4,0.0,0.0,64,True,False,True,False,False,True,False,True,True,False,False,False,True
4570,24,86,1.0,2.0,9,69,2.0,1,1.0,2.0,3,2.0,0.0,72,False,True,False,True,False,True,False,True,True,False,False,True,False
4571,20,98,0.0,0.0,7,78,0.0,4,2.0,2.0,2,0.0,2.0,69,False,True,False,True,True,False,False,True,True,False,False,True,False
4572,24,94,1.0,1.0,7,63,1.0,1,0.0,2.0,3,0.0,0.0,70,False,True,False,True,True,False,False,True,True,False,False,True,False
4573,24,77,1.0,1.0,6,52,1.0,0,1.0,1.0,4,0.0,0.0,66,False,True,True,False,False,True,False,True,True,False,True,False,False
4574,33,86,1.0,1.0,9,69,1.0,0,1.0,1.0,3,1.0,0.0,70,True,False,False,True,True,False,True,False,True,False,False,True,False
4575,18,67,2.0,0.0,4,73,0.0,0,1.0,1.0,2,2.0,1.0,62,False,True,True,False,True,False,False,True,True,False,False,True,False
4576,14,82,0.0,1.0,8,95,1.0,1,0.0,1.0,3,2.0,1.0,66,False,True,True,False,False,True,False,True,True,False,False,True,False
4577,21,99,2.0,0.0,7,95,0.0,2,0.0,1.0,1,0.0,0.0,70,True,False,False,True,True,False,False,True,True,False,True,False,False
4578,15,81,0.0,0.0,7,75,0.0,1,1.0,2.0,1,2.0,1.0,63,False,True,False,True,False,True,False,True,True,False,True,False,False
4579,29,97,2.0,1.0,7,74,1.0,1,1.0,0.0,4,0.0,0.0,73,True,False,False,True,False,True,False,True,False,True,False,False,True
4580,18,76,1.0,2.0,7,82,2.0,2,1.0,2.0,4,2.0,0.0,70,True,False,False,True,False,True,False,True,True,False,False,True,False
4581,17,100,2.0,2.0,8,63,0.0,1,0.0,1.0,5,0.0,0.0,71,False,True,True,False,True,False,False,True,True,False,False,False,True
4582,17,83,0.0,1.0,6,64,1.0,1,1.0,1.0,4,0.0,0.0,65,True,False,True,False,True,False,False,True,True,False,False,False,True
4583,24,62,1.0,0.0,7,50,1.0,1,2.0,2.0,2,2.0,0.0,64,False,True,True,False,False,True,False,True,True,False,True,False,False
4584,19,83,2.0,0.0,8,54,1.0,1,0.0,1.0,4,0.0,1.0,66,False,True,True,False,False,True,False,True,True,False,False,False,True
4585,30,61,0.0,2.0,8,82,0.0,2,0.0,2.0,3,2.0,0.0,68,True,False,False,True,False,True,False,True,True,False,False,True,False
4586,15,93,1.0,1.0,8,61,2.0,1,1.0,1.0,4,0.0,0.0,67,True,False,False,True,True,False,False,True,True,False,False,True,False
4587,20,71,0.0,2.0,6,56,2.0,5,1.0,1.0,5,1.0,0.0,68,False,True,True,False,False,True,False,True,True,False,False,False,True
4588,24,92,0.0,2.0,5,81,1.0,2,0.0,1.0,3,0.0,0.0,69,False,True,True,False,False,True,False,True,False,True,True,False,False
4589,10,72,1.0,1.0,6,83,1.0,0,1.0,1.0,4,0.0,0.0,63,False,True,False,True,False,True,False,True,True,False,False,False,True
4590,23,68,1.0,2.0,7,53,2.0,3,2.0,1.0,3,0.0,1.0,66,True,False,False,True,True,False,False,True,True,False,False,True,False
4591,14,99,1.0,1.0,7,89,2.0,0,1.0,1.0,2,2.0,2.0,68,True,False,True,False,True,False,True,False,True,False,False,False,True
4592,25,74,2.0,1.0,9,80,1.0,4,1.0,1.0,3,1.0,1.0,71,True,False,False,True,False,True,False,True,True,False,False,False,True
4593,14,84,1.0,2.0,6,70,2.0,2,2.0,1.0,3,1.0,0.0,69,True,False,False,True,False,True,False,True,True,False,False,False,True
4594,24,84,0.0,1.0,6,99,1.0,1,1.0,2.0,2,2.0,2.0,70,True,False,False,True,False,True,False,True,True,False,False,False,True
4595,27,82,1.0,1.0,8,51,2.0,3,2.0,1.0,2,1.0,0.0,70,False,True,False,True,True,False,False,True,True,False,False,True,False
4596,25,97,1.0,1.0,6,77,0.0,1,0.0,2.0,4,2.0,0.0,73,False,True,True,False,False,True,False,True,True,False,False,False,True
4597,22,87,1.0,2.0,6,58,1.0,0,0.0,1.0,4,0.0,0.0,68,True,False,True,False,False,True,False,True,True,False,False,True,False
4598,19,76,1.0,0.0,6,66,1.0,1,2.0,1.0,3,0.0,0.0,65,False,True,False,True,False,True,False,True,True,False,False,False,True
4599,17,94,2.0,2.0,4,57,1.0,4,1.0,2.0,4,0.0,1.0,72,False,True,False,True,False,True,False,True,True,False,False,True,False
4600,29,67,2.0,0.0,8,83,1.0,2,0.0,1.0,4,0.0,0.0,67,True,False,True,False,False,True,False,True,False,True,False,False,True
4601,16,82,0.0,1.0,8,70,2.0,4,0.0,2.0,4,1.0,0.0,68,True,False,False,True,False,True,False,True,True,False,False,True,False
4602,14,98,1.0,1.0,8,99,0.0,0,2.0,1.0,3,0.0,0.0,69,False,True,False,True,False,True,False,True,True,False,False,True,False
4603,24,85,1.0,1.0,10,83,0.0,1,1.0,2.0,4,1.0,1.0,70,True,False,False,True,False,True,False,True,True,False,False,False,True
4604,15,93,2.0,1.0,9,96,1.0,1,1.0,1.0,2,0.0,1.0,69,True,False,False,True,False,True,False,True,True,False,True,False,False
4605,14,86,2.0,2.0,6,62,1.0,1,1.0,1.0,2,0.0,0.0,68,False,True,True,False,False,True,False,True,True,False,False,False,True
4606,11,94,1.0,1.0,9,66,1.0,2,0.0,2.0,2,0.0,1.0,65,False,True,True,False,True,False,True,False,True,False,False,False,True
4607,17,98,1.0,2.0,7,68,1.0,1,0.0,1.0,4,1.0,1.0,70,False,True,False,True,False,True,False,True,True,False,False,False,True
4608,20,71,1.0,0.0,6,92,2.0,1,0.0,1.0,4,1.0,0.0,65,False,True,True,False,False,True,False,True,True,False,True,False,False
4609,21,67,1.0,0.0,6,61,1.0,0,0.0,1.0,3,0.0,1.0,61,True,False,True,False,True,False,False,True,True,False,False,False,True
4610,26,79,1.0,0.0,7,97,1.0,1,2.0,1.0,2,0.0,0.0,69,False,True,True,False,True,False,False,True,True,False,False,False,True
4611,23,88,1.0,0.0,7,52,1.0,0,1.0,0.0,4,0.0,0.0,67,False,True,False,True,False,True,False,True,True,False,False,True,False
4612,19,69,1.0,1.0,9,94,1.0,1,0.0,2.0,3,0.0,1.0,65,False,True,False,True,False,True,False,True,True,False,False,False,True
4613,19,60,1.0,1.0,8,73,2.0,3,1.0,0.0,3,0.0,0.0,63,False,True,True,False,True,False,False,True,True,False,False,True,False
4614,23,74,1.0,2.0,6,76,1.0,0,1.0,2.0,4,0.0,0.0,67,False,True,True,False,False,True,False,True,True,False,True,False,False
4615,21,88,1.0,1.0,8,94,1.0,0,1.0,2.0,3,1.0,0.0,70,False,True,False,True,True,False,False,True,True,False,False,True,False
4616,17,76,1.0,2.0,8,95,0.0,1,0.0,1.0,4,2.0,0.0,67,True,False,True,False,False,True,False,True,True,False,False,True,False
4617,14,68,2.0,2.0,9,79,0.0,2,0.0,1.0,4,1.0,0.0,66,True,False,True,False,False,True,False,True,True,False,False,False,True
4618,11,74,1.0,2.0,7,98,0.0,1,0.0,1.0,2,0.0,0.0,65,False,True,False,True,False,True,False,True,True,False,False,False,True
4619,24,67,0.0,2.0,8,84,2.0,0,0.0,1.0,1,1.0,0.0,65,True,False,False,True,True,False,False,True,True,False,False,True,False
4620,23,64,0.0,1.0,8,91,1.0,2,0.0,1.0,3,0.0,2.0,63,True,False,False,True,True,False,False,True,True,False,True,False,False
4621,23,96,1.0,2.0,5,86,1.0,3,1.0,2.0,3,0.0,0.0,74,False,True,False,True,False,True,False,True,False,True,False,True,False
4622,19,100,0.0,2.0,7,89,2.0,2,2.0,0.0,3,1.0,1.0,72,False,True,True,False,False,True,False,True,True,False,False,True,False
4623,28,67,2.0,2.0,8,82,0.0,1,2.0,0.0,4,0.0,0.0,68,True,False,False,True,True,False,False,True,True,False,False,True,False
4624,17,62,1.0,0.0,8,86,2.0,2,1.0,1.0,4,0.0,1.0,62,True,False,False,True,True,False,False,True,True,False,False,True,False
4625,26,73,0.0,2.0,7,72,1.0,1,0.0,0.0,3,1.0,2.0,65,False,True,True,False,True,False,False,True,True,False,False,True,False
4626,20,78,2.0,1.0,10,85,1.0,1,2.0,2.0,3,0.0,0.0,69,False,True,True,False,False,True,False,True,True,False,True,False,False
4627,16,68,1.0,0.0,10,64,1.0,2,2.0,0.0,2,0.0,1.0,61,False,True,False,True,False,True,False,True,True,False,True,False,False
4628,24,72,1.0,1.0,7,82,2.0,2,1.0,1.0,4,0.0,2.0,67,False,True,True,False,False,True,False,True,True,False,False,False,True
4629,22,68,1.0,2.0,7,76,1.0,1,1.0,1.0,4,0.0,0.0,66,False,True,False,True,True,False,False,True,True,False,False,False,True
4630,22,91,0.0,1.0,8,95,1.0,1,0.0,2.0,2,0.0,0.0,70,False,True,True,False,False,True,False,True,True,False,False,True,False
4631,20,89,1.0,2.0,7,84,0.0,5,2.0,1.0,3,2.0,1.0,72,False,True,False,True,True,False,False,True,True,False,False,True,False
4632,20,85,2.0,0.0,9,80,1.0,3,0.0,1.0,3,2.0,1.0,69,False,True,True,False,False,True,False,True,True,False,False,True,False
4633,34,75,0.0,1.0,5,66,1.0,0,0.0,1.0,3,0.0,0.0,68,False,True,True,False,False,True,False,True,True,False,False,False,True
4634,27,96,1.0,1.0,7,93,1.0,2,1.0,1.0,2,1.0,0.0,74,False,True,False,True,True,False,False,True,True,False,False,True,False
4635,24,99,2.0,1.0,8,53,2.0,1,0.0,1.0,3,0.0,0.0,70,False,True,True,False,True,False,False,True,False,True,False,True,False
4636,21,67,1.0,1.0,9,95,2.0,1,1.0,1.0,4,0.0,0.0,67,False,True,True,False,False,True,False,True,True,False,False,False,True
4637,26,69,1.0,1.0,5,83,1.0,4,1.0,2.0,2,0.0,1.0,68,True,False,True,False,False,True,False,True,True,False,False,True,False
4638,23,81,2.0,0.0,6,59,1.0,2,2.0,2.0,1,2.0,0.0,69,True,False,True,False,True,False,False,True,True,False,False,True,False
4639,20,64,2.0,0.0,4,95,1.0,4,1.0,1.0,4,0.0,0.0,66,False,True,False,True,True,False,False,True,True,False,False,True,False
4640,18,77,1.0,0.0,6,66,2.0,3,1.0,2.0,3,1.0,1.0,66,False,True,False,True,True,False,False,True,True,False,False,False,True
4641,20,83,2.0,2.0,5,58,1.0,1,1.0,1.0,3,0.0,0.0,68,False,True,False,True,False,True,False,True,True,False,False,True,False
4642,1,81,1.0,1.0,8,66,1.0,1,0.0,1.0,2,1.0,0.0,60,False,True,False,True,False,True,False,True,True,False,True,False,False
4643,21,73,2.0,1.0,7,98,2.0,0,2.0,2.0,4,2.0,0.0,69,False,True,False,True,True,False,False,True,False,True,False,False,True
4644,17,82,2.0,1.0,7,88,1.0,1,1.0,1.0,1,0.0,0.0,66,False,True,False,True,True,False,False,True,False,True,True,False,False
4645,20,68,1.0,0.0,9,65,0.0,1,2.0,1.0,5,1.0,0.0,63,False,True,False,True,True,False,False,True,True,False,True,False,False
4646,13,86,1.0,0.0,5,54,1.0,3,2.0,2.0,3,1.0,0.0,66,False,True,False,True,False,True,False,True,False,True,False,True,False
4647,20,62,2.0,1.0,4,78,1.0,1,2.0,1.0,4,0.0,1.0,64,True,False,True,False,False,True,True,False,True,False,False,False,True
4648,14,63,2.0,2.0,8,74,1.0,1,0.0,1.0,4,2.0,1.0,63,True,False,True,False,True,False,False,True,True,False,False,True,False
4649,23,82,0.0,1.0,6,86,1.0,0,2.0,1.0,4,0.0,0.0,68,False,True,False,True,False,True,False,True,True,False,False,True,False
4650,22,64,2.0,1.0,5,77,1.0,1,2.0,1.0,2,1.0,0.0,65,False,True,True,False,True,False,False,True,True,False,True,False,False
4651,26,61,2.0,1.0,8,70,0.0,1,1.0,1.0,4,2.0,1.0,65,False,True,True,False,False,True,False,True,False,True,False,True,False
4652,15,67,2.0,2.0,4,50,0.0,0,1.0,1.0,1,1.0,0.0,64,False,True,False,True,False,True,False,True,True,False,False,False,True
4653,20,83,2.0,1.0,6,73,1.0,0,2.0,1.0,3,1.0,2.0,68,False,True,False,True,False,True,False,True,True,False,False,False,True
4654,12,88,0.0,1.0,4,56,1.0,0,0.0,2.0,2,0.0,2.0,62,False,True,True,False,False,True,False,True,True,False,False,True,False
4655,24,68,1.0,1.0,7,96,1.0,1,0.0,2.0,3,0.0,0.0,67,False,True,False,True,False,True,False,True,True,False,False,False,True
4656,23,87,2.0,2.0,9,96,2.0,1,1.0,1.0,1,1.0,0.0,73,True,False,True,False,False,True,False,True,True,False,False,False,True
4657,23,67,2.0,2.0,6,90,1.0,2,2.0,1.0,3,0.0,0.0,69,True,False,True,False,False,True,False,True,True,False,False,False,True
4658,20,85,1.0,1.0,6,58,0.0,0,0.0,1.0,2,2.0,0.0,65,False,True,True,False,True,False,False,True,True,False,True,False,False
4659,22,76,1.0,1.0,10,57,1.0,1,1.0,2.0,3,0.0,2.0,66,False,True,True,False,False,True,False,True,True,False,False,True,False
4660,30,86,2.0,1.0,8,78,1.0,4,1.0,0.0,2,1.0,2.0,73,False,True,False,True,True,False,False,True,True,False,False,False,True
4661,18,100,2.0,1.0,10,86,1.0,1,1.0,1.0,3,0.0,0.0,72,False,True,False,True,False,True,False,True,True,False,False,True,False
4662,21,98,1.0,1.0,7,95,0.0,3,2.0,0.0,1,0.0,0.0,72,False,True,False,True,False,True,False,True,True,False,False,True,False
4663,13,60,0.0,2.0,7,95,1.0,1,0.0,1.0,1,0.0,0.0,61,True,False,True,False,False,True,False,True,True,False,False,False,True
4664,15,95,2.0,1.0,9,58,0.0,2,0.0,2.0,3,0.0,0.0,69,True,False,True,False,False,True,False,True,True,False,False,True,False
4665,21,63,2.0,1.0,7,100,1.0,1,2.0,1.0,2,2.0,1.0,66,True,False,True,False,True,False,False,True,True,False,False,True,False
4666,27,98,2.0,2.0,7,58,1.0,1,2.0,1.0,3,2.0,2.0,74,True,False,False,True,True,False,False,True,True,False,False,False,True
4667,18,71,2.0,0.0,4,92,1.0,1,0.0,1.0,4,1.0,0.0,64,True,False,False,True,False,True,False,True,False,True,True,False,False
4668,19,75,1.0,2.0,10,79,1.0,1,1.0,1.0,2,0.0,0.0,66,True,False,False,True,False,True,False,True,True,False,False,True,False
4669,18,64,2.0,1.0,8,84,1.0,2,1.0,1.0,3,1.0,0.0,64,True,False,False,True,False,True,True,False,True,False,False,True,False
4670,17,64,2.0,2.0,7,80,0.0,3,1.0,1.0,4,0.0,0.0,66,False,True,True,False,True,False,False,True,True,False,False,False,True
4671,22,89,1.0,2.0,8,93,1.0,2,2.0,0.0,5,0.0,0.0,72,False,True,True,False,True,False,False,True,True,False,False,True,False
4672,11,98,2.0,2.0,5,82,2.0,1,1.0,1.0,2,2.0,0.0,71,False,True,True,False,False,True,False,True,True,False,False,True,False
4673,28,84,2.0,1.0,6,92,1.0,1,1.0,1.0,3,0.0,0.0,70,True,False,False,True,False,True,False,True,False,True,True,False,False
4674,16,89,2.0,1.0,8,58,0.0,2,0.0,1.0,3,1.0,1.0,67,False,True,False,True,False,True,False,True,True,False,False,True,False
4675,24,90,1.0,2.0,7,93,0.0,1,0.0,2.0,2,2.0,0.0,71,False,True,False,True,True,False,False,True,False,True,False,True,False
4676,12,71,1.0,0.0,8,100,1.0,2,2.0,1.0,3,1.0,0.0,63,False,True,False,True,True,False,False,True,False,True,False,True,False
4677,24,62,1.0,2.0,7,83,0.0,1,1.0,0.0,2,1.0,1.0,64,True,False,False,True,True,False,False,True,True,False,False,True,False
4678,24,60,1.0,1.0,8,99,1.0,2,0.0,0.0,1,0.0,1.0,64,False,True,False,True,False,True,False,True,True,False,False,True,False
4679,22,74,1.0,0.0,5,61,1.0,1,0.0,1.0,3,2.0,0.0,65,True,False,False,True,True,False,False,True,True,False,False,False,True
4680,14,70,1.0,1.0,9,91,2.0,2,1.0,1.0,4,0.0,0.0,65,True,False,False,True,False,True,False,True,True,False,False,True,False
4681,21,62,1.0,0.0,6,58,1.0,2,0.0,2.0,3,1.0,1.0,62,True,False,True,False,True,False,False,True,True,False,False,True,False
4682,13,67,2.0,2.0,7,76,1.0,2,0.0,1.0,5,0.0,0.0,65,False,True,True,False,False,True,False,True,True,False,False,True,False
4683,18,65,1.0,2.0,6,83,0.0,1,1.0,2.0,2,0.0,0.0,64,False,True,True,False,True,False,False,True,True,False,False,True,False
4684,26,97,1.0,1.0,7,83,0.0,2,0.0,1.0,3,2.0,0.0,74,False,True,False,True,False,True,False,True,True,False,False,False,True
4685,25,66,1.0,2.0,7,84,0.0,2,2.0,1.0,1,0.0,0.0,67,False,True,False,True,False,True,False,True,True,False,False,False,True
4686,20,82,0.0,1.0,8,66,0.0,0,2.0,1.0,2,2.0,0.0,66,False,True,False,True,True,False,False,True,True,False,False,False,True
4687,14,84,2.0,2.0,8,99,1.0,3,1.0,2.0,4,2.0,0.0,70,True,False,False,True,True,False,True,False,True,False,False,True,False
4688,24,82,1.0,2.0,8,50,1.0,0,1.0,1.0,2,2.0,1.0,68,False,True,False,True,True,False,False,True,True,False,False,False,True
4689,20,64,1.0,1.0,6,81,1.0,0,2.0,2.0,1,0.0,1.0,64,True,False,False,True,True,False,False,True,True,False,False,False,True
4690,25,62,1.0,1.0,7,95,0.0,1,2.0,1.0,4,1.0,0.0,65,False,True,False,True,False,True,False,True,False,True,False,True,False
4691,20,76,1.0,2.0,7,86,1.0,2,1.0,1.0,5,0.0,0.0,68,True,False,False,True,False,True,False,True,True,False,True,False,False
4692,27,68,0.0,1.0,8,79,1.0,2,0.0,2.0,1,2.0,1.0,64,True,False,True,False,True,False,False,True,False,True,True,False,False
4693,13,82,1.0,2.0,5,73,0.0,4,0.0,1.0,4,0.0,0.0,66,False,True,False,True,True,False,False,True,True,False,True,False,False
4694,22,81,2.0,1.0,9,71,1.0,2,2.0,0.0,4,0.0,0.0,69,False,True,False,True,False,True,False,True,True,False,True,False,False
4695,22,77,1.0,2.0,7,85,0.0,2,0.0,1.0,2,1.0,0.0,68,False,True,False,True,True,False,False,True,True,False,False,True,False
4696,10,75,1.0,1.0,8,87,0.0,2,1.0,1.0,4,0.0,0.0,63,True,False,False,True,True,False,False,True,False,True,False,False,True
4697,14,94,0.0,1.0,6,76,1.0,0,0.0,0.0,3,0.0,0.0,64,False,True,False,True,False,True,True,False,True,False,False,True,False
4698,37,69,1.0,2.0,9,87,1.0,1,0.0,1.0,2,1.0,2.0,68,True,False,False,True,False,True,True,False,True,False,True,False,False
4699,18,89,1.0,0.0,8,76,2.0,0,0.0,1.0,2,0.0,0.0,67,False,True,False,True,True,False,False,True,True,False,False,False,True
4700,24,90,0.0,1.0,7,55,1.0,1,2.0,1.0,2,2.0,2.0,68,False,True,False,True,False,True,False,True,True,False,True,False,False
4701,16,77,1.0,1.0,7,93,1.0,1,0.0,1.0,2,0.0,1.0,66,False,True,False,True,False,True,False,True,True,False,False,False,True
4702,7,72,1.0,1.0,4,94,1.0,4,1.0,1.0,4,2.0,0.0,66,False,True,True,False,False,True,False,True,True,False,False,False,True
4703,19,79,1.0,2.0,8,63,1.0,4,0.0,2.0,2,0.0,1.0,68,False,True,False,True,False,True,False,True,True,False,False,True,False
4704,18,64,1.0,2.0,9,89,0.0,1,1.0,2.0,3,0.0,1.0,64,False,True,True,False,False,True,False,True,True,False,False,True,False
4705,18,62,2.0,1.0,7,76,1.0,2,1.0,1.0,3,1.0,0.0,63,True,False,True,False,False,True,False,True,False,True,True,False,False
4706,19,64,1.0,1.0,7,56,1.0,0,0.0,1.0,4,0.0,0.0,62,True,False,True,False,False,True,False,True,True,False,False,True,False
4707,22,67,1.0,2.0,7,70,2.0,2,0.0,1.0,2,0.0,0.0,66,False,True,True,False,True,False,False,True,True,False,False,False,True
4708,19,80,2.0,1.0,9,54,1.0,0,0.0,1.0,2,2.0,1.0,65,False,True,False,True,False,True,False,True,True,False,True,False,False
4709,12,94,1.0,0.0,9,89,1.0,1,0.0,0.0,3,0.0,0.0,66,False,True,True,False,False,True,False,True,True,False,True,False,False
4710,23,69,1.0,2.0,6,60,1.0,2,0.0,2.0,4,0.0,0.0,66,False,True,True,False,False,True,False,True,True,False,True,False,False
4711,8,97,1.0,2.0,8,58,2.0,2,2.0,1.0,2,1.0,0.0,69,True,False,False,True,False,True,False,True,True,False,False,True,False
4712,8,98,0.0,1.0,7,60,1.0,1,2.0,2.0,3,2.0,0.0,67,True,False,True,False,False,True,False,True,True,False,True,False,False
4713,24,98,1.0,2.0,8,61,1.0,6,1.0,2.0,3,0.0,0.0,75,True,False,True,False,True,False,False,True,True,False,False,False,True
4714,23,94,2.0,1.0,6,84,2.0,0,0.0,2.0,3,2.0,0.0,73,False,True,False,True,False,True,False,True,True,False,False,True,False
4715,20,75,1.0,1.0,9,82,2.0,0,0.0,0.0,5,1.0,1.0,66,True,False,False,True,False,True,False,True,True,False,False,False,True
4716,12,63,1.0,1.0,8,56,0.0,4,1.0,1.0,4,1.0,1.0,61,False,True,False,True,True,False,False,True,True,False,False,False,True
4717,16,83,1.0,1.0,9,86,1.0,5,0.0,2.0,4,0.0,1.0,68,True,False,True,False,False,True,False,True,True,False,True,False,False
4718,18,82,1.0,1.0,5,67,2.0,1,1.0,2.0,4,1.0,0.0,67,False,True,False,True,False,True,True,False,True,False,False,True,False
4719,10,94,1.0,2.0,5,73,1.0,1,1.0,1.0,3,0.0,1.0,66,False,True,False,True,True,False,False,True,True,False,True,False,False
4720,16,100,1.0,2.0,10,56,1.0,1,2.0,1.0,2,0.0,0.0,69,True,False,False,True,True,False,False,True,True,False,False,True,False
4721,24,80,1.0,1.0,9,85,0.0,3,0.0,1.0,4,0.0,0.0,69,False,True,False,True,True,False,False,True,True,False,False,False,True
4722,29,74,1.0,2.0,6,69,1.0,1,0.0,2.0,1,1.0,2.0,67,True,False,True,False,False,True,False,True,True,False,True,False,False
4723,17,67,2.0,1.0,8,82,1.0,0,1.0,1.0,4,0.0,0.0,65,True,False,False,True,True,False,False,True,True,False,False,False,True
4724,25,60,1.0,0.0,6,71,0.0,2,2.0,1.0,2,0.0,0.0,63,False,True,False,True,True,False,False,True,True,False,False,False,True
4725,9,80,1.0,0.0,4,52,0.0,1,2.0,1.0,2,2.0,0.0,63,True,False,False,True,False,True,False,True,True,False,False,False,True
4726,24,82,1.0,1.0,4,85,0.0,1,0.0,1.0,2,0.0,0.0,66,False,True,False,True,True,False,True,False,True,False,True,False,False
4727,15,93,1.0,1.0,7,78,0.0,0,1.0,1.0,4,0.0,1.0,66,False,True,False,True,False,True,False,True,True,False,True,False,False
4728,22,80,1.0,2.0,9,72,0.0,2,1.0,1.0,4,1.0,0.0,69,True,False,False,True,False,True,False,True,True,False,False,True,False
4729,19,97,2.0,1.0,9,60,2.0,3,1.0,1.0,4,2.0,1.0,72,True,False,False,True,False,True,False,True,True,False,True,False,False
4730,28,85,1.0,1.0,9,81,0.0,2,0.0,1.0,3,0.0,0.0,70,False,True,False,True,False,True,False,True,True,False,False,True,False
4731,15,94,1.0,2.0,8,64,1.0,2,0.0,1.0,1,1.0,0.0,68,False,True,False,True,False,True,False,True,True,False,True,False,False
4732,24,66,2.0,1.0,7,71,0.0,1,0.0,2.0,3,0.0,0.0,66,False,True,False,True,False,True,False,True,True,False,False,True,False
4733,18,94,0.0,1.0,9,53,1.0,3,0.0,1.0,3,1.0,1.0,67,True,False,False,True,False,True,False,True,True,False,True,False,False
4734,19,87,2.0,1.0,4,89,1.0,0,0.0,0.0,5,2.0,1.0,68,True,False,False,True,True,False,False,True,False,True,False,False,True
4735,19,67,1.0,0.0,8,55,1.0,0,1.0,2.0,4,0.0,0.0,62,False,True,True,False,False,True,True,False,True,False,False,False,True
4736,15,68,1.0,2.0,5,95,2.0,1,1.0,1.0,2,1.0,0.0,64,True,False,True,False,True,False,False,True,False,True,False,False,True
4737,20,97,2.0,0.0,6,93,0.0,1,2.0,2.0,1,1.0,2.0,71,False,True,False,True,False,True,False,True,True,False,False,False,True
4738,20,61,2.0,1.0,8,99,1.0,0,1.0,2.0,4,1.0,0.0,65,False,True,False,True,True,False,False,True,True,False,False,True,False
4739,21,79,1.0,1.0,8,95,2.0,0,1.0,1.0,2,2.0,0.0,69,True,False,False,True,False,True,False,True,True,False,False,True,False
4740,21,73,1.0,1.0,6,99,1.0,1,0.0,1.0,5,0.0,0.0,65,False,True,False,True,True,False,True,False,True,False,False,True,False
4741,25,87,1.0,1.0,8,94,2.0,0,1.0,2.0,4,0.0,0.0,71,False,True,False,True,True,False,False,True,True,False,False,False,True
4742,26,94,0.0,1.0,8,56,0.0,1,2.0,1.0,2,1.0,0.0,69,True,False,False,True,True,False,False,True,True,False,True,False,False
4743,14,74,2.0,1.0,7,72,2.0,2,1.0,1.0,3,1.0,0.0,65,False,True,True,False,False,True,True,False,True,False,True,False,False
4744,25,77,0.0,1.0,7,54,1.0,2,1.0,1.0,1,1.0,1.0,66,False,True,False,True,False,True,False,True,True,False,False,True,False
4745,13,99,1.0,1.0,10,77,0.0,0,1.0,2.0,3,1.0,1.0,68,True,False,True,False,False,True,False,True,True,False,True,False,False
4746,24,91,2.0,2.0,7,76,1.0,0,1.0,1.0,2,0.0,1.0,72,True,False,True,False,False,True,False,True,True,False,False,False,True
4747,24,96,2.0,2.0,7,96,1.0,1,1.0,1.0,3,0.0,0.0,74,True,False,False,True,False,True,False,True,True,False,True,False,False
4748,9,78,1.0,1.0,7,98,0.0,3,0.0,1.0,2,0.0,0.0,64,False,True,False,True,True,False,False,True,True,False,False,False,True
4749,21,69,2.0,0.0,7,63,1.0,0,1.0,1.0,3,0.0,1.0,64,False,True,False,True,False,True,False,True,True,False,False,False,True
4750,17,76,1.0,1.0,8,79,0.0,1,0.0,1.0,4,2.0,2.0,63,True,False,False,True,False,True,True,False,False,True,False,True,False
4751,15,89,2.0,0.0,9,73,2.0,2,0.0,0.0,2,0.0,0.0,66,False,True,True,False,True,False,False,True,True,False,False,True,False
4752,28,64,1.0,1.0,7,77,1.0,1,2.0,1.0,2,0.0,0.0,67,False,True,False,True,False,True,False,True,True,False,False,False,True
4753,16,71,2.0,0.0,6,77,0.0,4,1.0,1.0,5,1.0,1.0,64,False,True,False,True,False,True,False,True,False,True,False,True,False
4754,15,62,0.0,2.0,10,96,0.0,0,1.0,2.0,4,0.0,2.0,62,False,True,True,False,True,False,False,True,True,False,False,False,True
4755,20,77,1.0,0.0,7,95,2.0,0,1.0,1.0,1,0.0,2.0,66,False,True,False,True,False,True,False,True,True,False,False,False,True
4756,24,93,1.0,2.0,4,56,0.0,4,0.0,2.0,2,2.0,1.0,71,True,False,False,True,True,False,False,True,True,False,True,False,False
4757,19,61,2.0,0.0,10,67,0.0,1,1.0,1.0,6,2.0,0.0,63,True,False,False,True,False,True,True,False,True,False,False,False,True
4758,27,87,2.0,1.0,9,88,1.0,1,0.0,2.0,4,1.0,0.0,72,False,True,False,True,False,True,False,True,False,True,False,False,True
4759,23,97,1.0,2.0,9,84,0.0,1,2.0,1.0,3,0.0,2.0,71,True,False,False,True,True,False,False,True,False,True,False,False,True
4760,7,69,0.0,1.0,9,82,0.0,1,1.0,2.0,3,2.0,0.0,61,True,False,True,False,True,False,False,True,True,False,False,False,True
4761,17,88,1.0,2.0,10,100,1.0,1,0.0,2.0,2,2.0,0.0,71,True,False,False,True,False,True,False,True,True,False,False,False,True
4762,17,99,1.0,1.0,5,67,0.0,2,1.0,1.0,4,2.0,2.0,69,False,True,True,False,True,False,False,True,True,False,False,True,False
4763,23,98,1.0,2.0,6,76,0.0,3,0.0,2.0,3,0.0,0.0,74,False,True,False,True,False,True,False,True,True,False,False,False,True
4764,4,69,1.0,2.0,6,99,1.0,0,1.0,2.0,2,0.0,1.0,61,False,True,False,True,False,True,False,True,True,False,False,True,False
4765,35,64,1.0,0.0,6,85,2.0,2,1.0,2.0,2,0.0,1.0,68,False,True,True,False,True,False,False,True,True,False,False,True,False
4766,23,66,1.0,2.0,7,82,2.0,1,1.0,1.0,2,0.0,0.0,67,False,True,False,True,False,True,False,True,True,False,False,False,True
4767,21,88,2.0,0.0,6,58,1.0,3,2.0,1.0,4,1.0,0.0,70,False,True,True,False,True,False,False,True,True,False,False,True,False
4768,27,89,1.0,1.0,5,62,1.0,0,0.0,1.0,3,0.0,0.0,69,False,True,False,True,True,False,False,True,True,False,False,True,False
4769,34,87,1.0,0.0,6,69,2.0,3,0.0,1.0,2,1.0,1.0,72,False,True,True,False,True,False,False,True,True,False,False,True,False
4770,25,73,1.0,0.0,7,73,1.0,1,1.0,1.0,2,0.0,0.0,66,False,True,False,True,False,True,False,True,True,False,False,False,True
4771,26,67,1.0,1.0,9,75,1.0,2,1.0,1.0,3,0.0,0.0,67,False,True,False,True,True,False,False,True,True,False,False,False,True
4772,21,83,1.0,1.0,6,95,2.0,4,2.0,2.0,2,0.0,2.0,70,True,False,False,True,True,False,False,True,True,False,False,True,False
4773,19,79,1.0,2.0,8,55,1.0,3,1.0,1.0,4,2.0,0.0,68,False,True,True,False,False,True,False,True,False,True,False,True,False
4774,17,89,0.0,1.0,5,62,2.0,2,1.0,1.0,2,1.0,0.0,68,True,False,True,False,False,True,False,True,True,False,False,False,True
4775,15,78,1.0,2.0,4,57,2.0,2,1.0,2.0,2,0.0,0.0,65,True,False,False,True,True,False,False,True,True,False,True,False,False
4776,16,74,1.0,0.0,7,87,1.0,0,0.0,0.0,3,1.0,0.0,63,True,False,False,True,False,True,False,True,True,False,False,False,True
4777,12,72,0.0,0.0,6,99,2.0,0,0.0,1.0,4,1.0,2.0,62,True,False,False,True,False,True,False,True,True,False,False,False,True
4778,20,68,1.0,2.0,6,95,1.0,0,0.0,1.0,4,0.0,0.0,66,True,False,False,True,False,True,False,True,True,False,False,False,True
4779,10,71,1.0,2.0,6,86,1.0,1,1.0,0.0,2,2.0,0.0,62,False,True,False,True,False,True,False,True,False,True,True,False,False
4780,21,64,0.0,2.0,6,51,0.0,0,2.0,0.0,3,1.0,1.0,61,True,False,False,True,False,True,False,True,True,False,True,False,False
4781,20,74,0.0,1.0,6,67,2.0,0,1.0,1.0,4,1.0,1.0,63,True,False,True,False,False,True,False,True,False,True,True,False,False
4782,21,61,1.0,1.0,6,93,0.0,3,1.0,2.0,3,0.0,0.0,65,True,False,True,False,False,True,False,True,True,False,False,True,False
4783,17,67,2.0,0.0,5,83,2.0,3,0.0,1.0,3,0.0,1.0,64,False,True,False,True,True,False,False,True,True,False,False,False,True
4784,38,90,2.0,1.0,4,60,0.0,2,0.0,1.0,4,1.0,1.0,74,False,True,False,True,False,True,False,True,True,False,False,True,False
4785,28,73,0.0,1.0,4,73,1.0,2,2.0,2.0,2,2.0,0.0,70,True,False,False,True,False,True,False,True,True,False,False,False,True
4786,13,87,0.0,1.0,10,54,0.0,2,0.0,1.0,2,0.0,1.0,63,True,False,False,True,True,False,False,True,True,False,False,False,True
4787,21,89,0.0,1.0,7,76,1.0,3,2.0,1.0,2,0.0,2.0,68,True,False,False,True,True,False,False,True,True,False,False,False,True
4788,16,83,1.0,2.0,9,95,1.0,2,0.0,2.0,2,1.0,0.0,69,False,True,False,True,False,True,False,True,True,False,False,True,False
4789,14,98,1.0,2.0,7,52,2.0,1,1.0,2.0,4,0.0,1.0,70,False,True,True,False,False,True,False,True,True,False,True,False,False
4790,12,61,1.0,1.0,7,81,1.0,2,2.0,1.0,3,1.0,2.0,62,False,True,False,True,False,True,False,True,True,False,False,True,False
4791,23,90,2.0,1.0,7,62,1.0,3,1.0,0.0,2,2.0,1.0,71,False,True,True,False,False,True,False,True,True,False,False,False,True
4792,16,98,1.0,0.0,8,100,0.0,2,0.0,1.0,1,0.0,0.0,69,False,True,False,True,True,False,False,True,True,False,False,True,False
4793,26,94,2.0,0.0,5,53,0.0,0,0.0,2.0,2,0.0,0.0,69,False,True,False,True,False,True,False,True,True,False,False,True,False
4794,26,67,0.0,2.0,6,81,2.0,4,0.0,2.0,3,1.0,0.0,68,False,True,False,True,False,True,False,True,False,True,False,True,False
4795,28,73,0.0,1.0,7,63,0.0,0,0.0,1.0,2,0.0,0.0,65,False,True,False,True,False,True,False,True,True,False,False,False,True
4796,15,67,1.0,2.0,4,94,2.0,1,1.0,1.0,5,0.0,2.0,65,False,True,True,False,False,True,False,True,True,False,False,False,True
4797,23,84,0.0,0.0,9,56,0.0,1,1.0,2.0,4,0.0,0.0,65,True,False,False,True,False,True,True,False,True,False,False,False,True
4798,24,88,2.0,2.0,9,71,1.0,2,2.0,2.0,3,0.0,0.0,72,True,False,False,True,True,False,False,True,True,False,True,False,False
4799,17,73,1.0,0.0,4,59,2.0,2,0.0,2.0,4,0.0,1.0,63,True,False,True,False,True,False,False,True,True,False,True,False,False
4800,15,82,1.0,2.0,6,90,2.0,2,2.0,1.0,2,0.0,0.0,68,False,True,False,True,False,True,True,False,True,False,False,False,True
4801,30,88,1.0,1.0,7,68,0.0,1,1.0,2.0,3,1.0,0.0,72,True,False,False,True,False,True,False,True,True,False,False,False,True
4802,21,77,1.0,0.0,8,59,1.0,3,0.0,1.0,2,0.0,0.0,66,False,True,True,False,False,True,False,True,True,False,False,False,True
4803,24,94,0.0,1.0,9,86,2.0,2,0.0,1.0,3,1.0,0.0,71,True,False,False,True,True,False,False,True,True,False,False,True,False
4804,15,91,1.0,0.0,6,91,0.0,0,1.0,1.0,3,1.0,1.0,67,True,False,False,True,False,True,False,True,True,False,False,False,True
4805,13,63,1.0,1.0,10,73,0.0,2,0.0,2.0,3,2.0,1.0,61,False,True,False,True,True,False,False,True,True,False,True,False,False
4806,17,85,2.0,2.0,7,69,1.0,4,0.0,2.0,2,0.0,0.0,70,True,False,True,False,False,True,False,True,True,False,False,True,False
4807,19,69,1.0,1.0,7,82,0.0,2,0.0,1.0,3,1.0,0.0,64,False,True,False,True,False,True,True,False,True,False,False,True,False
4808,14,82,1.0,1.0,8,83,1.0,0,1.0,1.0,2,0.0,1.0,64,False,True,False,True,False,True,False,True,True,False,True,False,False
4809,20,98,0.0,2.0,7,83,1.0,0,0.0,1.0,3,0.0,2.0,68,True,False,False,True,False,True,True,False,True,False,False,True,False
4810,10,95,2.0,1.0,7,64,2.0,4,0.0,1.0,3,2.0,0.0,70,False,True,True,False,True,False,False,True,True,False,False,False,True
4811,13,76,0.0,1.0,10,97,2.0,4,0.0,0.0,3,1.0,1.0,65,False,True,False,True,False,True,False,True,True,False,False,True,False
4812,24,72,2.0,2.0,7,61,1.0,3,0.0,1.0,2,0.0,0.0,67,True,False,True,False,True,False,False,True,True,False,False,True,False
4813,24,69,1.0,0.0,6,69,1.0,0,0.0,2.0,4,1.0,0.0,65,False,True,True,False,False,True,False,True,True,False,False,True,False
4814,18,81,0.0,1.0,6,64,1.0,1,1.0,1.0,4,0.0,1.0,65,True,False,False,True,False,True,False,True,True,False,False,False,True
4815,14,65,1.0,2.0,9,97,0.0,3,0.0,2.0,4,0.0,0.0,65,True,False,False,True,False,True,False,True,True,False,False,False,True
4816,14,82,2.0,0.0,8,91,2.0,1,0.0,1.0,2,0.0,0.0,66,False,True,False,True,False,True,False,True,True,False,True,False,False
4817,18,60,1.0,2.0,5,91,0.0,2,0.0,1.0,4,0.0,0.0,62,False,True,False,True,True,False,False,True,False,True,True,False,False
4818,24,73,1.0,1.0,5,50,0.0,1,0.0,1.0,2,0.0,0.0,63,False,True,False,True,False,True,False,True,True,False,True,False,False
4819,26,69,0.0,0.0,7,84,1.0,0,1.0,1.0,3,0.0,1.0,63,False,True,True,False,False,True,False,True,False,True,False,True,False
4820,17,99,1.0,1.0,8,62,1.0,3,1.0,1.0,3,0.0,0.0,70,False,True,True,False,False,True,False,True,True,False,False,True,False
4821,13,89,0.0,2.0,6,98,1.0,0,1.0,1.0,4,0.0,0.0,67,False,True,True,False,False,True,False,True,True,False,True,False,False
4822,22,74,2.0,2.0,4,77,0.0,0,2.0,1.0,3,0.0,0.0,66,False,True,True,False,True,False,False,True,False,True,True,False,False
4823,15,64,2.0,1.0,5,78,1.0,2,0.0,1.0,2,0.0,1.0,63,False,True,False,True,True,False,False,True,True,False,False,False,True
4824,17,81,2.0,0.0,9,68,2.0,1,0.0,0.0,3,1.0,0.0,66,True,False,True,False,False,True,False,True,True,False,False,False,True
4825,28,69,0.0,1.0,8,77,1.0,3,1.0,1.0,4,1.0,1.0,67,True,False,False,True,True,False,False,True,True,False,False,True,False
4826,25,81,1.0,1.0,9,87,0.0,1,0.0,2.0,1,2.0,1.0,68,True,False,True,False,True,False,False,True,True,False,True,False,False
4827,21,93,0.0,2.0,9,78,0.0,1,1.0,0.0,2,0.0,2.0,67,False,True,False,True,False,True,False,True,False,True,False,True,False
4828,12,85,1.0,2.0,6,82,1.0,1,2.0,1.0,2,0.0,2.0,66,False,True,False,True,False,True,False,True,True,False,False,True,False
4829,21,85,2.0,2.0,6,74,1.0,2,1.0,1.0,4,0.0,0.0,71,True,False,False,True,False,True,False,True,True,False,False,True,False
4830,26,82,1.0,1.0,7,86,1.0,0,0.0,2.0,2,2.0,0.0,69,False,True,False,True,False,True,False,True,False,True,False,True,False
4831,18,97,2.0,0.0,8,95,2.0,1,1.0,1.0,2,2.0,1.0,72,False,True,False,True,False,True,False,True,True,False,False,False,True
4832,28,97,2.0,0.0,9,53,0.0,0,0.0,1.0,3,1.0,1.0,70,True,False,True,False,False,True,False,True,True,False,True,False,False
4833,28,81,1.0,1.0,10,55,1.0,2,1.0,0.0,3,0.0,0.0,68,False,True,True,False,False,True,False,True,True,False,False,True,False
4834,30,72,1.0,1.0,8,84,1.0,1,0.0,2.0,1,0.0,0.0,68,False,True,True,False,True,False,False,True,True,False,False,False,True
4835,22,78,0.0,2.0,8,69,2.0,2,0.0,1.0,2,0.0,0.0,67,True,False,False,True,False,True,False,True,True,False,True,False,False
4836,24,67,1.0,1.0,10,64,0.0,1,0.0,1.0,2,1.0,2.0,62,True,False,False,True,True,False,False,True,False,True,False,False,True
4837,28,85,1.0,0.0,7,59,0.0,1,0.0,1.0,3,2.0,2.0,67,False,True,False,True,True,False,False,True,True,False,False,True,False
4838,23,80,2.0,1.0,9,79,1.0,1,1.0,2.0,2,2.0,0.0,69,False,True,False,True,True,False,False,True,True,False,True,False,False
4839,17,64,1.0,2.0,8,67,1.0,3,0.0,1.0,3,1.0,0.0,64,False,True,False,True,False,True,False,True,True,False,True,False,False
4840,17,68,1.0,2.0,8,75,1.0,2,0.0,2.0,3,1.0,0.0,66,True,False,True,False,False,True,False,True,True,False,False,False,True
4841,21,79,2.0,0.0,7,98,2.0,2,0.0,1.0,1,0.0,0.0,69,False,True,False,True,False,True,False,True,True,False,False,False,True
4842,12,96,2.0,2.0,5,88,2.0,0,1.0,1.0,2,1.0,1.0,70,True,False,True,False,True,False,False,True,True,False,False,False,True
4843,19,83,2.0,1.0,8,90,0.0,3,0.0,1.0,3,1.0,1.0,69,True,False,False,True,True,False,False,True,True,False,False,False,True
4844,27,87,1.0,1.0,8,56,1.0,3,1.0,2.0,3,2.0,0.0,72,False,True,False,True,False,True,False,True,True,False,False,True,False
4845,7,74,1.0,1.0,6,66,0.0,1,0.0,2.0,2,0.0,0.0,61,True,False,True,False,False,True,False,True,True,False,False,False,True
4846,29,83,1.0,1.0,7,55,2.0,2,0.0,0.0,4,0.0,0.0,68,True,False,True,False,True,False,False,True,True,False,True,False,False
4847,27,78,1.0,1.0,6,98,0.0,1,1.0,1.0,3,0.0,2.0,68,False,True,False,True,True,False,False,True,True,False,False,False,True
4848,17,86,0.0,1.0,6,84,2.0,0,1.0,1.0,3,0.0,0.0,66,True,False,True,False,True,False,False,True,True,False,False,True,False
4849,23,62,1.0,1.0,6,51,1.0,5,2.0,1.0,2,1.0,0.0,65,False,True,False,True,True,False,False,True,True,False,True,False,False
4850,20,80,2.0,0.0,5,74,1.0,2,0.0,0.0,4,1.0,1.0,66,True,False,False,True,False,True,False,True,True,False,True,False,False
4851,27,72,1.0,1.0,6,63,1.0,1,2.0,1.0,5,1.0,1.0,67,True,False,True,False,True,False,False,True,True,False,True,False,False
4852,26,73,1.0,2.0,8,77,1.0,0,1.0,2.0,2,1.0,2.0,68,False,True,True,False,True,False,False,True,True,False,False,False,True
4853,12,98,0.0,1.0,9,59,0.0,1,2.0,1.0,2,2.0,0.0,67,True,False,False,True,True,False,False,True,True,False,False,True,False
4854,24,67,0.0,1.0,10,53,1.0,0,1.0,1.0,3,1.0,0.0,63,True,False,False,True,False,True,False,True,False,True,False,False,True
4855,19,72,1.0,0.0,6,66,1.0,0,1.0,2.0,2,2.0,0.0,64,False,True,True,False,True,False,False,True,True,False,False,True,False
4856,20,80,1.0,0.0,9,65,2.0,1,1.0,1.0,3,1.0,2.0,66,False,True,True,False,True,False,False,True,True,False,False,False,True
4857,16,95,2.0,1.0,8,86,1.0,0,0.0,0.0,4,0.0,1.0,69,False,True,False,True,False,True,False,True,True,False,False,False,True
4858,30,77,1.0,0.0,7,74,1.0,3,2.0,1.0,3,2.0,1.0,70,False,True,True,False,False,True,False,True,True,False,False,True,False
4859,26,90,1.0,1.0,8,65,2.0,3,1.0,2.0,2,0.0,0.0,72,True,False,True,False,True,False,False,True,True,False,False,False,True
4860,16,94,1.0,2.0,9,79,2.0,2,2.0,1.0,5,0.0,1.0,71,True,False,False,True,True,False,False,True,True,False,False,False,True
4861,12,72,1.0,1.0,6,54,0.0,3,0.0,1.0,2,2.0,0.0,63,False,True,False,True,False,True,False,True,True,False,False,False,True
4862,18,76,2.0,2.0,6,83,1.0,1,2.0,1.0,4,0.0,0.0,68,False,True,False,True,True,False,False,True,True,False,False,True,False
4863,23,74,1.0,2.0,6,57,0.0,1,2.0,2.0,3,1.0,0.0,67,False,True,True,False,False,True,True,False,True,False,False,True,False
4864,21,93,1.0,0.0,6,64,1.0,2,0.0,1.0,4,2.0,1.0,69,False,True,False,True,True,False,False,True,True,False,False,False,True
4865,28,62,1.0,1.0,9,64,2.0,1,0.0,1.0,2,2.0,0.0,65,False,True,True,False,True,False,False,True,True,False,True,False,False
4866,25,72,2.0,0.0,6,73,2.0,4,1.0,2.0,4,1.0,1.0,69,False,True,False,True,False,True,False,True,True,False,False,True,False
4867,26,87,1.0,1.0,6,98,2.0,0,1.0,2.0,4,1.0,1.0,71,False,True,False,True,True,False,False,True,True,False,True,False,False
4868,22,83,1.0,0.0,7,66,1.0,2,1.0,1.0,3,0.0,0.0,67,True,False,True,False,False,True,False,True,True,False,False,True,False
4869,12,77,0.0,1.0,7,64,0.0,2,2.0,2.0,4,1.0,1.0,64,True,False,False,True,True,False,False,True,True,False,False,False,True
4870,19,82,2.0,1.0,6,58,0.0,2,1.0,2.0,3,1.0,0.0,68,True,False,True,False,False,True,False,True,True,False,False,False,True
4871,26,68,2.0,0.0,10,70,1.0,1,0.0,1.0,3,1.0,0.0,67,False,True,False,True,False,True,False,True,True,False,False,False,True
4872,20,77,0.0,0.0,6,59,0.0,1,2.0,1.0,2,0.0,1.0,62,True,False,False,True,True,False,False,True,True,False,True,False,False
4873,23,80,2.0,1.0,7,57,0.0,2,1.0,2.0,2,2.0,1.0,68,True,False,False,True,True,False,False,True,True,False,True,False,False
4874,18,96,1.0,1.0,4,93,1.0,0,1.0,2.0,4,1.0,0.0,72,True,False,False,True,False,True,False,True,True,False,False,False,True
4875,14,70,1.0,2.0,7,53,0.0,0,1.0,1.0,3,0.0,1.0,61,False,True,False,True,False,True,False,True,True,False,True,False,False
4876,19,95,0.0,0.0,5,86,1.0,0,2.0,1.0,4,0.0,1.0,67,False,True,False,True,False,True,False,True,True,False,True,False,False
4877,22,86,2.0,1.0,6,60,2.0,0,2.0,2.0,3,2.0,0.0,70,False,True,False,True,True,False,False,True,True,False,False,True,False
4878,16,61,0.0,1.0,4,51,0.0,1,0.0,1.0,3,0.0,0.0,59,False,True,False,True,False,True,False,True,True,False,False,True,False
4879,19,89,2.0,1.0,6,90,2.0,0,0.0,2.0,4,1.0,1.0,70,True,False,True,False,False,True,False,True,True,False,True,False,False
4880,14,61,0.0,1.0,7,85,2.0,1,0.0,1.0,1,0.0,0.0,60,True,False,False,True,True,False,False,True,True,False,False,True,False
4881,27,100,2.0,1.0,7,67,1.0,1,2.0,2.0,3,1.0,1.0,74,False,True,False,True,True,False,False,True,True,False,False,True,False
4882,18,95,0.0,2.0,6,54,2.0,0,1.0,2.0,3,1.0,1.0,68,False,True,True,False,False,True,False,True,True,False,True,False,False
4883,29,72,1.0,1.0,7,68,0.0,0,0.0,1.0,3,1.0,0.0,67,True,False,False,True,True,False,False,True,True,False,False,False,True
4884,29,70,1.0,0.0,6,59,2.0,2,1.0,1.0,4,2.0,2.0,67,False,True,True,False,True,False,False,True,True,False,False,True,False
4885,20,75,0.0,1.0,7,97,2.0,0,1.0,1.0,2,1.0,0.0,66,True,False,False,True,False,True,False,True,True,False,False,True,False
4886,14,74,1.0,1.0,7,76,2.0,1,0.0,2.0,2,0.0,2.0,63,True,False,False,True,True,False,False,True,True,False,False,True,False
4887,7,75,1.0,1.0,7,98,0.0,1,0.0,2.0,3,1.0,0.0,62,False,True,False,True,True,False,True,False,True,False,False,False,True
4888,11,73,2.0,0.0,7,68,2.0,3,0.0,2.0,3,1.0,1.0,64,True,False,True,False,False,True,False,True,True,False,False,True,False
4889,12,85,1.0,1.0,6,78,2.0,3,1.0,1.0,4,1.0,0.0,68,False,True,False,True,False,True,False,True,True,False,False,True,False
4890,28,67,1.0,1.0,8,60,2.0,0,1.0,1.0,3,0.0,1.0,65,True,False,False,True,True,False,False,True,True,False,False,False,True
4891,21,94,1.0,0.0,8,90,0.0,1,1.0,1.0,4,2.0,0.0,71,True,False,False,True,False,True,False,True,True,False,False,False,True
4892,22,92,1.0,1.0,7,52,0.0,1,1.0,1.0,3,2.0,0.0,68,True,False,True,False,False,True,True,False,True,False,True,False,False
4893,7,79,0.0,2.0,9,85,1.0,0,1.0,1.0,2,0.0,0.0,62,False,True,False,True,False,True,False,True,True,False,True,False,False
4894,13,94,2.0,2.0,7,70,1.0,1,1.0,1.0,3,0.0,1.0,68,False,True,True,False,False,True,False,True,True,False,True,False,False
4895,25,70,1.0,1.0,7,79,0.0,3,2.0,1.0,3,0.0,0.0,68,False,True,False,True,False,True,False,True,True,False,False,True,False
4896,22,61,2.0,1.0,7,80,2.0,3,1.0,2.0,3,2.0,1.0,67,False,True,False,True,False,True,False,True,True,False,False,True,False
4897,19,85,1.0,1.0,7,86,1.0,0,0.0,1.0,2,1.0,1.0,67,True,False,False,True,False,True,False,True,True,False,False,False,True
4898,23,78,2.0,2.0,6,60,1.0,2,2.0,2.0,4,0.0,2.0,70,False,True,False,True,False,True,False,True,True,False,False,False,True
4899,30,83,0.0,1.0,4,77,1.0,0,0.0,1.0,4,0.0,0.0,69,True,False,False,True,False,True,False,True,True,False,False,True,False
4900,19,96,0.0,1.0,7,71,1.0,2,0.0,2.0,3,2.0,1.0,70,False,True,True,False,True,False,False,True,True,False,False,False,True
4901,20,99,1.0,0.0,8,64,0.0,1,2.0,1.0,2,0.0,0.0,69,False,True,False,True,True,False,False,True,True,False,False,False,True
4902,21,85,2.0,1.0,5,75,0.0,1,2.0,2.0,2,0.0,1.0,70,True,False,False,True,False,True,False,True,True,False,False,False,True
4903,34,91,1.0,0.0,9,98,1.0,0,1.0,1.0,4,0.0,1.0,72,False,True,False,True,True,False,False,True,True,False,False,True,False
4904,7,63,0.0,1.0,5,97,1.0,1,0.0,1.0,2,0.0,0.0,59,True,False,False,True,True,False,False,True,True,False,False,True,False
4905,24,66,1.0,1.0,6,64,1.0,0,1.0,2.0,4,0.0,0.0,64,False,True,False,True,True,False,True,False,True,False,False,True,False
4906,19,89,2.0,2.0,10,94,1.0,0,2.0,1.0,1,1.0,0.0,72,True,False,True,False,False,True,False,True,True,False,False,True,False
4907,23,77,0.0,2.0,8,94,1.0,0,2.0,1.0,3,2.0,0.0,70,False,True,True,False,False,True,False,True,True,False,False,False,True
4908,16,78,0.0,2.0,7,62,1.0,0,2.0,2.0,1,0.0,2.0,63,True,False,False,True,True,False,False,True,True,False,True,False,False
4909,20,72,2.0,1.0,7,80,1.0,1,0.0,2.0,3,1.0,0.0,66,False,True,True,False,False,True,False,True,True,False,True,False,False
4910,24,84,2.0,2.0,9,93,1.0,3,2.0,1.0,4,0.0,2.0,72,False,True,False,True,True,False,False,True,True,False,False,True,False
4911,39,67,2.0,2.0,5,76,1.0,2,1.0,1.0,4,0.0,0.0,71,True,False,True,False,False,True,True,False,True,False,True,False,False
4912,25,85,2.0,2.0,9,68,1.0,1,2.0,1.0,3,2.0,2.0,71,True,False,False,True,True,False,False,True,True,False,True,False,False
4913,15,67,0.0,1.0,6,83,0.0,3,1.0,0.0,3,0.0,1.0,62,False,True,False,True,False,True,False,True,True,False,False,False,True
4914,17,63,1.0,1.0,8,59,1.0,1,0.0,2.0,1,2.0,1.0,62,False,True,False,True,False,True,False,True,True,False,False,False,True
4915,17,73,1.0,0.0,6,58,1.0,4,1.0,1.0,1,1.0,0.0,64,False,True,False,True,True,False,False,True,True,False,False,False,True
4916,9,69,2.0,2.0,10,92,1.0,2,0.0,1.0,3,2.0,0.0,65,False,True,True,False,False,True,False,True,True,False,False,True,False
4917,18,96,2.0,0.0,7,52,0.0,1,0.0,1.0,4,1.0,0.0,68,True,False,True,False,False,True,False,True,True,False,False,True,False
4918,24,62,2.0,1.0,5,90,0.0,0,2.0,1.0,3,1.0,0.0,67,False,True,True,False,False,True,False,True,True,False,False,False,True
4919,12,67,1.0,1.0,8,65,0.0,1,2.0,1.0,3,0.0,1.0,61,False,True,False,True,False,True,False,True,True,False,False,True,False
4920,26,82,0.0,0.0,9,74,2.0,2,1.0,1.0,5,0.0,1.0,68,True,False,False,True,False,True,False,True,True,False,True,False,False
4921,23,79,1.0,2.0,9,77,1.0,1,0.0,2.0,3,0.0,0.0,68,False,True,False,True,True,False,False,True,True,False,False,True,False
4922,16,62,1.0,1.0,7,88,1.0,1,0.0,2.0,1,0.0,0.0,62,True,False,False,True,True,False,False,True,True,False,False,True,False
4923,19,60,1.0,0.0,8,94,2.0,1,0.0,0.0,3,0.0,0.0,62,True,False,True,False,True,False,False,True,True,False,False,True,False
4924,30,100,2.0,2.0,6,90,0.0,0,1.0,0.0,2,0.0,0.0,74,False,True,False,True,False,True,False,True,False,True,False,False,True
4925,24,86,1.0,1.0,8,79,1.0,0,0.0,1.0,4,0.0,0.0,68,True,False,False,True,False,True,True,False,True,False,False,True,False
4926,20,75,0.0,2.0,8,67,1.0,1,2.0,0.0,4,1.0,1.0,66,False,True,False,True,True,False,False,True,True,False,False,False,True
4927,19,79,1.0,1.0,4,76,2.0,1,1.0,1.0,3,0.0,0.0,67,False,True,True,False,True,False,False,True,True,False,False,True,False
4928,20,71,2.0,1.0,5,52,2.0,1,1.0,2.0,3,0.0,1.0,65,False,True,False,True,True,False,False,True,True,False,False,True,False
4929,17,74,1.0,1.0,7,62,1.0,2,2.0,1.0,4,0.0,0.0,66,False,True,False,True,False,True,False,True,True,False,False,False,True
4930,7,86,2.0,1.0,7,68,1.0,5,0.0,1.0,4,2.0,1.0,67,False,True,False,True,True,False,False,True,True,False,False,False,True
4931,21,67,0.0,2.0,7,55,2.0,2,2.0,2.0,3,0.0,1.0,66,True,False,True,False,False,True,False,True,True,False,False,False,True
4932,22,94,0.0,0.0,9,53,2.0,1,1.0,2.0,3,1.0,0.0,68,True,False,False,True,True,False,False,True,True,False,False,True,False
4933,20,65,2.0,1.0,8,71,0.0,2,0.0,1.0,3,1.0,0.0,63,True,False,True,False,False,True,False,True,False,True,False,True,False
4934,16,69,1.0,2.0,4,54,1.0,4,0.0,0.0,4,1.0,0.0,65,True,False,False,True,False,True,False,True,True,False,False,False,True
4935,19,61,2.0,1.0,10,64,1.0,3,0.0,1.0,3,0.0,1.0,63,False,True,False,True,True,False,False,True,True,False,False,False,True
4936,10,66,1.0,1.0,4,74,0.0,2,0.0,1.0,2,0.0,1.0,59,False,True,False,True,True,False,False,True,True,False,True,False,False
4937,34,97,1.0,1.0,8,60,1.0,2,1.0,1.0,4,0.0,0.0,74,False,True,True,False,True,False,False,True,True,False,False,True,False
4938,13,78,1.0,0.0,5,54,0.0,2,0.0,2.0,3,1.0,0.0,62,False,True,False,True,False,True,False,True,False,True,False,False,True
4939,14,63,0.0,0.0,9,72,1.0,3,0.0,0.0,4,0.0,0.0,59,True,False,False,True,False,True,False,True,False,True,False,False,True
4940,17,98,1.0,2.0,7,72,2.0,0,0.0,1.0,3,0.0,0.0,71,False,True,False,True,False,True,False,True,True,False,False,False,True
4941,28,95,1.0,1.0,8,96,1.0,1,1.0,1.0,3,2.0,1.0,73,False,True,False,True,True,False,False,True,True,False,False,True,False
4942,20,90,2.0,1.0,4,56,1.0,0,0.0,2.0,1,0.0,1.0,68,False,True,True,False,False,True,False,True,True,False,False,False,True
4943,13,97,1.0,1.0,8,81,1.0,3,0.0,1.0,1,0.0,2.0,68,False,True,False,True,False,True,False,True,True,False,False,True,False
4944,28,69,1.0,1.0,8,66,1.0,0,0.0,1.0,6,1.0,2.0,66,False,True,False,True,False,True,False,True,True,False,False,False,True
4945,24,93,0.0,2.0,8,56,1.0,1,0.0,1.0,3,1.0,1.0,69,False,True,False,True,False,True,False,True,True,False,False,True,False
4946,23,88,1.0,1.0,8,70,1.0,2,1.0,2.0,4,0.0,0.0,70,True,False,False,True,True,False,False,True,True,False,False,True,False
4947,24,95,1.0,2.0,7,71,2.0,1,1.0,2.0,3,0.0,0.0,74,False,True,False,True,False,True,False,True,True,False,False,False,True
4948,34,92,2.0,1.0,7,68,0.0,0,1.0,2.0,5,1.0,0.0,75,True,False,False,True,True,False,False,True,True,False,False,False,True
4949,33,74,1.0,1.0,6,88,1.0,2,1.0,1.0,3,1.0,0.0,71,False,True,True,False,False,True,False,True,True,False,False,True,False
4950,16,91,2.0,2.0,6,92,0.0,2,0.0,2.0,3,0.0,1.0,71,False,True,True,False,False,True,False,True,True,False,False,False,True
4951,30,70,1.0,1.0,9,57,1.0,1,0.0,1.0,4,1.0,2.0,65,True,False,False,True,True,False,False,True,True,False,True,False,False
4952,22,73,0.0,1.0,6,58,2.0,1,1.0,1.0,3,2.0,1.0,65,False,True,True,False,True,False,False,True,True,False,False,False,True
4953,23,64,1.0,2.0,4,71,0.0,2,1.0,1.0,1,2.0,0.0,65,False,True,False,True,True,False,False,True,True,False,True,False,False
4954,10,97,1.0,1.0,6,66,1.0,2,0.0,1.0,2,2.0,0.0,67,True,False,False,True,True,False,False,True,True,False,False,True,False
4955,19,72,1.0,1.0,8,91,2.0,1,0.0,1.0,4,0.0,1.0,67,False,True,True,False,False,True,False,True,True,False,False,False,True
4956,15,81,1.0,1.0,7,100,1.0,1,0.0,1.0,3,2.0,1.0,67,False,True,False,True,False,True,False,True,True,False,False,True,False
4957,25,76,2.0,2.0,8,59,1.0,4,1.0,1.0,4,1.0,0.0,71,True,False,True,False,False,True,False,True,True,False,False,True,False
4958,26,98,2.0,0.0,4,88,0.0,1,1.0,2.0,1,1.0,1.0,72,True,False,False,True,True,False,False,True,True,False,False,True,False
4959,8,73,1.0,2.0,4,80,0.0,0,0.0,2.0,4,1.0,1.0,62,False,True,False,True,False,True,False,True,True,False,False,True,False
4960,20,91,2.0,0.0,7,82,1.0,0,1.0,1.0,4,1.0,0.0,70,False,True,False,True,False,True,False,True,True,False,False,True,False
4961,27,94,1.0,2.0,9,63,2.0,0,0.0,1.0,4,1.0,0.0,72,True,False,False,True,True,False,False,True,True,False,False,True,False
4962,19,77,0.0,1.0,4,55,1.0,0,1.0,0.0,4,1.0,1.0,64,False,True,False,True,False,True,False,True,True,False,False,False,True
4963,24,75,2.0,0.0,8,77,2.0,1,0.0,1.0,1,1.0,1.0,66,False,True,True,False,False,True,False,True,True,False,True,False,False
4964,22,90,0.0,1.0,9,81,1.0,0,1.0,1.0,4,0.0,0.0,69,False,True,False,True,False,True,False,True,True,False,False,True,False
4965,22,97,2.0,1.0,7,98,2.0,0,1.0,1.0,0,1.0,1.0,71,True,False,False,True,True,False,False,True,True,False,True,False,False
4966,18,90,1.0,0.0,8,84,2.0,2,0.0,2.0,3,0.0,1.0,68,False,True,True,False,True,False,False,True,True,False,False,False,True
4967,13,69,1.0,1.0,7,72,0.0,2,2.0,1.0,2,0.0,1.0,63,True,False,False,True,False,True,False,True,True,False,False,False,True
4968,13,96,1.0,2.0,7,100,1.0,4,1.0,2.0,3,0.0,0.0,71,False,True,False,True,False,True,True,False,True,False,True,False,False
4969,24,76,2.0,0.0,8,69,0.0,3,0.0,1.0,1,0.0,0.0,65,False,True,True,False,False,True,False,True,True,False,True,False,False
4970,20,83,0.0,2.0,10,58,1.0,0,0.0,2.0,1,0.0,0.0,66,True,False,False,True,False,True,False,True,True,False,False,True,False
4971,19,93,0.0,0.0,6,81,1.0,2,2.0,1.0,3,1.0,1.0,68,True,False,True,False,False,True,False,True,False,True,False,False,True
4972,17,68,1.0,1.0,7,63,1.0,0,0.0,1.0,3,0.0,1.0,61,False,True,False,True,False,True,True,False,True,False,False,True,False
4973,18,91,0.0,2.0,6,96,1.0,2,0.0,1.0,3,2.0,0.0,71,False,True,True,False,True,False,False,True,True,False,False,False,True
4974,26,84,1.0,2.0,7,71,1.0,0,1.0,1.0,2,0.0,0.0,70,True,False,False,True,False,True,False,True,True,False,False,True,False
4975,18,96,2.0,0.0,7,57,0.0,1,0.0,1.0,3,0.0,1.0,66,True,False,False,True,True,False,False,True,True,False,True,False,False
4976,12,67,2.0,1.0,9,57,0.0,0,0.0,1.0,2,1.0,1.0,61,False,True,True,False,False,True,False,True,True,False,False,False,True
4977,24,77,2.0,0.0,9,82,0.0,1,1.0,1.0,2,0.0,0.0,67,False,True,True,False,False,True,False,True,True,False,False,True,False
4978,19,93,2.0,1.0,8,68,1.0,1,2.0,2.0,3,2.0,0.0,72,True,False,False,True,False,True,False,True,True,False,False,False,True
4979,20,61,2.0,2.0,9,68,1.0,1,2.0,0.0,3,0.0,0.0,65,True,False,True,False,True,False,False,True,True,False,False,False,True
4980,30,64,2.0,1.0,6,81,0.0,3,1.0,1.0,2,1.0,0.0,68,True,False,False,True,True,False,False,True,True,False,True,False,False
4981,20,100,0.0,1.0,6,61,2.0,3,1.0,1.0,4,1.0,2.0,70,False,True,False,True,False,True,True,False,True,False,False,False,True
4982,22,71,1.0,0.0,8,57,1.0,1,0.0,2.0,4,0.0,1.0,63,False,True,False,True,False,True,False,True,True,False,True,False,False
4983,13,99,2.0,0.0,7,83,1.0,1,1.0,1.0,4,2.0,2.0,69,True,False,False,True,True,False,False,True,True,False,False,True,False
4984,19,67,1.0,0.0,10,50,1.0,0,2.0,1.0,3,0.0,0.0,62,False,True,False,True,True,False,False,True,True,False,False,False,True
4985,24,74,2.0,2.0,4,95,2.0,1,2.0,1.0,4,2.0,1.0,71,True,False,False,True,True,False,False,True,True,False,False,True,False
4986,11,90,0.0,0.0,8,59,0.0,1,0.0,2.0,4,0.0,0.0,64,False,True,False,True,False,True,False,True,True,False,False,False,True
4987,21,86,2.0,1.0,8,72,1.0,0,2.0,2.0,3,0.0,1.0,69,False,True,False,True,True,False,False,True,True,False,False,False,True
4988,21,83,1.0,2.0,6,61,2.0,2,0.0,2.0,3,2.0,0.0,71,False,True,False,True,False,True,False,True,True,False,False,False,True
4989,20,81,0.0,1.0,6,61,0.0,0,0.0,1.0,4,0.0,0.0,63,True,False,False,True,False,True,True,False,False,True,False,False,True
4990,26,94,0.0,2.0,6,92,0.0,1,0.0,2.0,3,0.0,0.0,72,True,False,False,True,False,True,False,True,True,False,False,True,False
4991,22,69,1.0,1.0,5,79,1.0,1,0.0,0.0,3,1.0,0.0,66,False,True,False,True,False,True,False,True,True,False,False,False,True
4992,29,78,2.0,1.0,9,66,1.0,2,0.0,1.0,4,0.0,1.0,69,False,True,False,True,False,True,False,True,True,False,False,True,False
4993,14,66,1.0,1.0,10,63,0.0,0,0.0,1.0,3,0.0,1.0,60,False,True,False,True,False,True,False,True,True,False,False,False,True
4994,21,84,2.0,2.0,6,61,0.0,1,1.0,2.0,4,0.0,1.0,68,True,False,True,False,False,True,False,True,True,False,True,False,False
4995,21,70,1.0,2.0,6,78,1.0,3,1.0,0.0,2,1.0,2.0,65,False,True,False,True,True,False,False,True,True,False,False,True,False
4996,14,73,2.0,1.0,5,87,2.0,2,1.0,1.0,4,1.0,0.0,67,True,False,False,True,True,False,False,True,True,False,False,False,True
4997,26,79,1.0,0.0,5,63,1.0,0,0.0,1.0,2,0.0,0.0,66,False,True,False,True,False,True,False,True,True,False,False,False,True
4998,34,61,1.0,1.0,6,67,2.0,1,2.0,1.0,2,2.0,1.0,68,False,True,True,False,False,True,False,True,True,False,False,True,False
4999,20,64,0.0,1.0,9,86,1.0,0,0.0,2.0,4,0.0,0.0,63,True,False,True,False,False,True,False,True,True,False,True,False,False
5000,23,87,2.0,2.0,10,87,1.0,1,1.0,1.0,3,1.0,0.0,73,False,True,True,False,False,True,False,True,True,False,False,False,True
5001,21,77,1.0,1.0,6,60,1.0,1,1.0,1.0,3,1.0,1.0,66,False,True,True,False,False,True,False,True,True,False,False,True,False
5002,16,95,0.0,1.0,6,69,0.0,2,0.0,2.0,3,1.0,0.0,67,False,True,False,True,False,True,False,True,False,True,False,True,False
5003,9,88,0.0,1.0,5,93,0.0,2,1.0,1.0,4,2.0,0.0,66,False,True,False,True,False,True,False,True,True,False,False,True,False
5004,16,60,1.0,0.0,8,87,0.0,0,0.0,0.0,5,0.0,0.0,60,False,True,False,True,True,False,False,True,True,False,False,False,True
5005,12,85,2.0,2.0,8,58,0.0,1,0.0,2.0,3,2.0,0.0,67,False,True,False,True,True,False,False,True,True,False,False,False,True
5006,30,64,1.0,1.0,7,69,1.0,3,2.0,0.0,4,0.0,0.0,67,True,False,False,True,True,False,False,True,True,False,True,False,False
5007,19,91,1.0,1.0,6,99,2.0,0,1.0,1.0,2,0.0,0.0,70,True,False,False,True,False,True,False,True,True,False,False,True,False
5008,18,100,2.0,0.0,9,76,0.0,1,0.0,1.0,2,0.0,0.0,69,True,False,False,True,True,False,False,True,True,False,False,False,True
5009,25,81,1.0,0.0,8,86,1.0,1,0.0,1.0,3,2.0,0.0,68,False,True,False,True,False,True,False,True,True,False,True,False,False
5010,13,87,2.0,0.0,8,55,2.0,1,2.0,2.0,3,0.0,0.0,67,True,False,True,False,False,True,False,True,True,False,False,False,True
5011,15,69,1.0,2.0,8,92,0.0,0,0.0,1.0,1,1.0,1.0,63,False,True,False,True,True,False,False,True,True,False,False,True,False
5012,20,78,2.0,1.0,7,80,2.0,2,2.0,1.0,3,1.0,0.0,70,False,True,False,True,True,False,False,True,True,False,False,False,True
5013,26,94,0.0,1.0,6,59,2.0,4,0.0,1.0,3,0.0,0.0,71,True,False,False,True,True,False,False,True,True,False,False,True,False
5014,23,67,2.0,2.0,8,69,0.0,1,2.0,1.0,2,0.0,0.0,67,True,False,False,True,False,True,False,True,True,False,False,True,False
5015,21,71,1.0,1.0,8,54,2.0,1,1.0,1.0,3,0.0,0.0,64,False,True,True,False,True,False,False,True,True,False,False,True,False
5016,20,78,0.0,1.0,8,89,2.0,0,1.0,1.0,4,1.0,0.0,66,True,False,True,False,True,False,True,False,True,False,False,True,False
5017,22,88,1.0,1.0,5,87,0.0,1,0.0,2.0,3,2.0,0.0,70,False,True,False,True,False,True,False,True,True,False,False,True,False
5018,21,75,1.0,0.0,8,75,2.0,1,1.0,1.0,2,0.0,1.0,65,False,True,True,False,False,True,False,True,True,False,True,False,False
5019,14,97,0.0,1.0,7,73,1.0,2,1.0,0.0,3,1.0,1.0,68,False,True,False,True,False,True,False,True,True,False,False,False,True
5020,20,64,1.0,0.0,6,73,2.0,3,1.0,2.0,5,2.0,2.0,65,True,False,False,True,False,True,False,True,True,False,True,False,False
5021,14,75,2.0,1.0,8,52,1.0,3,1.0,1.0,1,2.0,0.0,65,False,True,False,True,True,False,False,True,True,False,False,True,False
5022,20,88,1.0,1.0,7,68,1.0,0,0.0,2.0,4,1.0,0.0,69,True,False,False,True,False,True,False,True,True,False,False,False,True
5023,17,69,1.0,1.0,10,56,1.0,1,1.0,1.0,4,0.0,0.0,63,True,False,False,True,True,False,False,True,True,False,False,True,False
5024,35,86,0.0,1.0,8,59,1.0,2,0.0,0.0,2,1.0,1.0,70,True,False,False,True,True,False,False,True,True,False,False,False,True
5025,20,67,0.0,0.0,7,98,1.0,1,1.0,1.0,4,1.0,0.0,64,False,True,False,True,False,True,False,True,True,False,False,True,False
5026,12,62,1.0,2.0,7,63,2.0,1,2.0,1.0,4,0.0,0.0,62,True,False,False,True,False,True,False,True,True,False,False,True,False
5027,19,65,2.0,2.0,5,74,1.0,1,0.0,1.0,3,0.0,0.0,66,True,False,True,False,False,True,False,True,True,False,False,False,True
5028,23,97,2.0,0.0,9,94,2.0,2,0.0,1.0,3,0.0,1.0,73,False,True,False,True,False,True,False,True,True,False,False,False,True
5029,30,82,1.0,2.0,7,71,1.0,3,0.0,2.0,3,2.0,2.0,72,True,False,False,True,False,True,False,True,True,False,False,True,False
5030,16,92,1.0,1.0,7,76,2.0,0,2.0,1.0,2,2.0,2.0,68,False,True,True,False,False,True,True,False,True,False,False,True,False
5031,11,73,1.0,2.0,5,58,1.0,0,1.0,1.0,4,1.0,0.0,62,False,True,True,False,True,False,True,False,True,False,False,False,True
5032,25,84,1.0,0.0,8,64,1.0,2,0.0,1.0,4,0.0,0.0,67,False,True,True,False,True,False,False,True,True,False,False,True,False
5033,12,80,1.0,0.0,6,75,1.0,1,0.0,2.0,4,0.0,1.0,62,False,True,False,True,True,False,False,True,True,False,True,False,False
5034,17,98,2.0,2.0,6,68,1.0,2,1.0,1.0,3,0.0,0.0,72,False,True,False,True,True,False,False,True,True,False,False,False,True
5035,18,90,0.0,2.0,7,52,2.0,2,1.0,2.0,2,0.0,0.0,67,False,True,False,True,True,False,False,True,True,False,True,False,False
5036,20,89,2.0,1.0,6,70,0.0,1,0.0,1.0,3,0.0,1.0,68,True,False,True,False,False,True,False,True,True,False,False,False,True
5037,24,62,0.0,2.0,6,91,1.0,2,1.0,1.0,3,0.0,1.0,65,True,False,False,True,False,True,False,True,True,False,False,True,False
5038,18,79,2.0,0.0,9,51,2.0,2,1.0,1.0,3,0.0,0.0,66,False,True,True,False,True,False,False,True,True,False,False,False,True
5039,20,97,1.0,1.0,8,56,0.0,1,0.0,1.0,2,0.0,0.0,68,True,False,True,False,False,True,False,True,True,False,False,True,False
5040,21,70,0.0,0.0,8,84,1.0,1,2.0,2.0,3,2.0,0.0,65,False,True,False,True,False,True,False,True,False,True,False,False,True
5041,21,71,1.0,2.0,8,90,1.0,3,0.0,1.0,4,0.0,1.0,67,True,False,False,True,False,True,False,True,True,False,False,True,False
5042,23,76,1.0,2.0,6,52,0.0,3,1.0,1.0,4,1.0,1.0,67,False,True,False,True,False,True,False,True,True,False,False,True,False
5043,25,70,0.0,1.0,9,94,1.0,1,1.0,1.0,4,0.0,1.0,67,False,True,False,True,False,True,False,True,True,False,False,True,False
5044,22,65,1.0,1.0,4,81,2.0,5,1.0,1.0,4,1.0,2.0,68,True,False,False,True,False,True,False,True,True,False,False,False,True
5045,23,94,1.0,2.0,8,76,0.0,3,1.0,1.0,3,0.0,1.0,72,False,True,False,True,True,False,False,True,True,False,False,False,True
5046,11,82,2.0,1.0,8,63,2.0,1,1.0,1.0,5,0.0,0.0,65,False,True,False,True,True,False,False,True,True,False,False,True,False
5047,20,94,0.0,1.0,7,69,0.0,0,0.0,1.0,3,0.0,1.0,65,True,False,False,True,True,False,False,True,False,True,False,False,True
5048,23,93,1.0,1.0,6,97,0.0,1,1.0,1.0,2,1.0,1.0,70,False,True,False,True,False,True,True,False,True,False,False,False,True
5049,24,71,1.0,1.0,7,96,1.0,2,0.0,1.0,2,0.0,0.0,67,False,True,False,True,False,True,False,True,True,False,True,False,False
5050,16,82,1.0,2.0,6,81,1.0,1,1.0,1.0,4,1.0,0.0,68,False,True,True,False,False,True,False,True,True,False,False,True,False
5051,16,63,1.0,1.0,8,79,1.0,2,0.0,2.0,3,1.0,1.0,63,False,True,False,True,True,False,False,True,True,False,False,False,True
5052,17,97,1.0,1.0,8,61,0.0,2,0.0,1.0,2,0.0,0.0,68,False,True,False,True,False,True,False,True,True,False,False,True,False
5053,23,76,1.0,2.0,8,98,1.0,0,1.0,0.0,2,2.0,1.0,69,True,False,False,True,False,True,False,True,True,False,False,True,False
5054,26,76,0.0,0.0,8,88,0.0,2,0.0,0.0,4,0.0,0.0,66,False,True,False,True,False,True,False,True,True,False,False,False,True
5055,18,72,2.0,1.0,8,69,2.0,2,2.0,1.0,4,0.0,2.0,64,True,False,False,True,False,True,True,False,False,True,False,True,False
5056,25,78,2.0,0.0,8,91,1.0,3,0.0,1.0,4,0.0,0.0,69,False,True,False,True,False,True,False,True,True,False,True,False,False
5057,21,70,0.0,1.0,6,61,1.0,1,0.0,1.0,3,0.0,0.0,62,False,True,False,True,True,False,False,True,True,False,False,True,False
5058,19,75,1.0,2.0,5,61,2.0,0,1.0,1.0,3,0.0,0.0,65,True,False,False,True,False,True,False,True,True,False,True,False,False
5059,19,92,1.0,1.0,7,90,1.0,1,0.0,2.0,2,0.0,0.0,70,True,False,False,True,False,True,False,True,True,False,False,False,True
5060,24,93,0.0,2.0,8,78,1.0,1,2.0,1.0,4,0.0,0.0,72,True,False,False,True,False,True,False,True,True,False,False,True,False
5061,22,72,1.0,1.0,5,78,2.0,1,0.0,2.0,3,0.0,0.0,66,True,False,False,True,True,False,False,True,True,False,False,False,True
5062,34,79,2.0,0.0,7,79,0.0,3,1.0,2.0,2,0.0,1.0,70,False,True,True,False,False,True,False,True,False,True,True,False,False
5063,15,95,1.0,1.0,9,56,1.0,3,0.0,2.0,1,0.0,0.0,67,False,True,False,True,True,False,True,False,True,False,False,False,True
5064,23,62,2.0,2.0,7,67,0.0,1,0.0,1.0,4,2.0,1.0,65,True,False,False,True,False,True,False,True,True,False,True,False,False
5065,17,96,1.0,0.0,9,79,0.0,3,1.0,1.0,2,2.0,1.0,68,False,True,True,False,False,True,True,False,True,False,False,True,False
5066,15,69,0.0,1.0,9,62,0.0,2,1.0,2.0,3,0.0,1.0,62,False,True,False,True,False,True,False,True,True,False,False,True,False
5067,20,87,0.0,1.0,7,75,2.0,1,0.0,1.0,3,2.0,0.0,68,False,True,False,True,False,True,False,True,True,False,True,False,False
5068,21,83,2.0,1.0,6,78,1.0,2,2.0,2.0,3,0.0,0.0,69,True,False,False,True,True,False,False,True,False,True,False,False,True
5069,38,82,1.0,0.0,6,97,0.0,2,0.0,1.0,3,1.0,0.0,72,False,True,True,False,True,False,False,True,True,False,True,False,False
5070,19,94,0.0,1.0,7,62,1.0,0,1.0,1.0,3,0.0,1.0,65,False,True,False,True,True,False,False,True,False,True,True,False,False
5071,13,64,1.0,2.0,5,72,1.0,2,1.0,1.0,2,2.0,1.0,63,False,True,True,False,False,True,False,True,True,False,False,True,False
5072,22,74,2.0,2.0,5,99,1.0,0,0.0,1.0,2,1.0,0.0,68,True,False,False,True,False,True,False,True,True,False,False,True,False
5073,8,82,2.0,0.0,4,59,1.0,1,1.0,1.0,2,1.0,0.0,62,False,True,False,True,True,False,False,True,True,False,False,True,False
5074,19,92,1.0,1.0,7,89,1.0,0,0.0,2.0,2,2.0,0.0,69,False,True,True,False,False,True,True,False,True,False,False,True,False
5075,20,69,1.0,0.0,10,59,1.0,2,2.0,2.0,4,0.0,0.0,65,True,False,False,True,True,False,False,True,True,False,False,False,True
5076,25,92,2.0,1.0,4,93,2.0,3,2.0,1.0,2,0.0,0.0,74,True,False,False,True,True,False,False,True,True,False,False,True,False
5077,26,76,2.0,0.0,7,74,1.0,4,1.0,2.0,3,0.0,1.0,70,True,False,False,True,False,True,False,True,True,False,False,False,True
5078,17,68,1.0,0.0,7,99,2.0,2,1.0,1.0,3,0.0,0.0,65,True,False,False,True,False,True,False,True,True,False,False,False,True
5079,19,90,2.0,2.0,7,59,0.0,3,2.0,1.0,3,1.0,1.0,70,False,True,False,True,True,False,False,True,True,False,False,True,False
5080,15,64,0.0,0.0,9,84,0.0,0,1.0,1.0,3,1.0,2.0,59,False,True,False,True,False,True,False,True,True,False,False,True,False
5081,13,81,0.0,1.0,6,85,0.0,1,0.0,1.0,3,0.0,1.0,63,False,True,True,False,False,True,False,True,True,False,False,True,False
5082,22,63,0.0,2.0,4,86,0.0,0,0.0,2.0,4,1.0,0.0,64,True,False,False,True,False,True,False,True,True,False,False,True,False
5083,12,74,0.0,2.0,6,55,2.0,0,1.0,0.0,3,2.0,0.0,63,False,True,False,True,False,True,False,True,True,False,False,False,True
5084,18,84,2.0,0.0,6,64,1.0,2,0.0,2.0,2,0.0,0.0,67,True,False,False,True,True,False,False,True,True,False,False,False,True
5085,14,82,1.0,1.0,4,67,1.0,1,2.0,1.0,4,0.0,1.0,65,True,False,False,True,False,True,False,True,True,False,False,True,False
5086,23,76,1.0,1.0,7,66,1.0,2,1.0,1.0,3,1.0,0.0,67,False,True,False,True,True,False,False,True,True,False,False,True,False
5087,31,77,2.0,1.0,5,84,1.0,2,2.0,2.0,5,0.0,0.0,73,False,True,False,True,True,False,False,True,True,False,False,False,True
5088,12,69,2.0,2.0,7,53,0.0,2,0.0,2.0,3,1.0,0.0,64,False,True,False,True,False,True,False,True,True,False,False,True,False
5089,9,78,0.0,2.0,6,87,1.0,0,1.0,2.0,3,2.0,0.0,65,False,True,True,False,True,False,False,True,True,False,False,False,True
5090,19,98,1.0,2.0,5,76,1.0,2,1.0,1.0,3,0.0,1.0,72,False,True,True,False,False,True,False,True,True,False,False,False,True
5091,20,94,2.0,1.0,8,59,2.0,3,1.0,1.0,4,0.0,0.0,72,True,False,False,True,True,False,False,True,True,False,False,False,True
5092,21,66,2.0,1.0,7,61,1.0,2,2.0,2.0,2,1.0,0.0,66,False,True,False,True,True,False,False,True,True,False,False,True,False
5093,17,61,2.0,1.0,7,55,2.0,1,1.0,1.0,2,1.0,0.0,62,False,True,True,False,False,True,False,True,False,True,True,False,False
5094,19,97,0.0,1.0,8,73,1.0,2,1.0,1.0,1,1.0,0.0,68,False,True,True,False,True,False,False,True,True,False,True,False,False
5095,22,81,1.0,0.0,7,80,0.0,1,1.0,1.0,3,1.0,1.0,67,True,False,False,True,False,True,False,True,True,False,False,False,True
5096,26,82,2.0,0.0,7,79,1.0,1,1.0,1.0,2,2.0,0.0,69,True,False,False,True,True,False,False,True,False,True,False,False,True
5097,8,91,2.0,0.0,6,98,1.0,1,1.0,1.0,3,0.0,0.0,67,True,False,True,False,True,False,False,True,True,False,False,False,True
5098,18,73,1.0,1.0,5,65,1.0,1,0.0,2.0,3,1.0,1.0,63,True,False,False,True,True,False,False,True,True,False,True,False,False
5099,21,79,0.0,1.0,7,88,0.0,0,0.0,1.0,4,0.0,1.0,65,False,True,True,False,False,True,False,True,True,False,True,False,False
5100,14,99,2.0,1.0,6,86,0.0,2,2.0,2.0,4,1.0,0.0,71,False,True,True,False,True,False,False,True,True,False,True,False,False
5101,30,87,1.0,1.0,8,53,0.0,1,0.0,2.0,1,2.0,0.0,70,False,True,True,False,True,False,False,True,True,False,False,True,False
5102,16,66,1.0,1.0,7,97,1.0,5,0.0,2.0,3,2.0,0.0,68,False,True,False,True,False,True,False,True,True,False,False,False,True
5103,20,65,1.0,1.0,8,97,2.0,0,0.0,1.0,3,1.0,0.0,65,True,False,False,True,False,True,False,True,True,False,True,False,False
5104,23,68,1.0,2.0,6,70,1.0,4,1.0,1.0,2,0.0,0.0,68,False,True,False,True,False,True,False,True,True,False,False,False,True
5105,16,91,1.0,1.0,5,71,1.0,2,2.0,1.0,3,1.0,0.0,69,False,True,False,True,False,True,False,True,True,False,True,False,False
5106,9,72,1.0,2.0,10,91,1.0,1,2.0,1.0,2,0.0,2.0,62,True,False,False,True,False,True,True,False,True,False,False,True,False
5107,17,61,0.0,2.0,7,75,1.0,2,1.0,2.0,4,1.0,0.0,62,True,False,False,True,False,True,True,False,True,False,True,False,False
5108,26,98,2.0,0.0,8,90,0.0,1,2.0,0.0,2,2.0,1.0,72,True,False,False,True,True,False,False,True,False,True,False,False,True
5109,18,67,2.0,1.0,5,52,2.0,0,1.0,1.0,4,2.0,1.0,64,False,True,True,False,True,False,False,True,True,False,False,True,False
5110,26,69,2.0,1.0,9,55,0.0,1,0.0,1.0,3,1.0,0.0,66,False,True,False,True,True,False,False,True,True,False,False,True,False
5111,18,69,1.0,0.0,5,73,0.0,1,0.0,2.0,4,2.0,1.0,64,False,True,False,True,False,True,False,True,True,False,False,False,True
5112,17,77,1.0,2.0,10,93,0.0,3,2.0,2.0,1,1.0,2.0,68,True,False,True,False,False,True,False,True,True,False,False,False,True
5113,21,97,0.0,0.0,7,78,1.0,0,2.0,1.0,3,2.0,0.0,69,True,False,False,True,True,False,False,True,True,False,False,True,False
5114,25,95,0.0,2.0,6,76,1.0,1,0.0,1.0,5,0.0,0.0,71,False,True,False,True,True,False,False,True,True,False,False,False,True
5115,34,78,1.0,2.0,8,68,1.0,1,1.0,1.0,2,1.0,0.0,71,False,True,False,True,False,True,False,True,True,False,True,False,False
5116,25,76,1.0,1.0,9,53,1.0,0,2.0,2.0,3,0.0,1.0,67,False,True,True,False,False,True,False,True,True,False,False,False,True
5117,27,82,2.0,0.0,6,88,1.0,2,2.0,2.0,3,0.0,0.0,71,False,True,True,False,False,True,False,True,True,False,False,True,False
5118,17,70,1.0,1.0,6,79,0.0,2,1.0,1.0,3,0.0,0.0,64,True,False,False,True,False,True,False,True,True,False,False,False,True
5119,14,62,1.0,1.0,7,97,2.0,0,1.0,1.0,1,0.0,1.0,62,False,True,False,True,False,True,False,True,True,False,False,False,True
5120,20,98,1.0,1.0,8,72,1.0,1,2.0,1.0,4,0.0,0.0,70,True,False,False,True,True,False,False,True,True,False,True,False,False
5121,21,67,0.0,2.0,7,70,0.0,2,0.0,1.0,2,2.0,1.0,63,True,False,True,False,True,False,False,True,True,False,True,False,False
5122,14,68,2.0,1.0,8,99,2.0,0,2.0,1.0,3,0.0,0.0,66,True,False,False,True,False,True,False,True,True,False,False,False,True
5123,19,79,1.0,1.0,8,57,0.0,2,0.0,0.0,3,0.0,1.0,65,False,True,False,True,False,True,False,True,True,False,False,False,True
5124,22,80,1.0,2.0,7,63,1.0,1,2.0,1.0,3,1.0,0.0,69,False,True,False,True,True,False,False,True,True,False,False,False,True
5125,22,61,2.0,0.0,6,74,1.0,1,0.0,1.0,3,0.0,0.0,63,False,True,False,True,False,True,False,True,True,False,True,False,False
5126,23,66,1.0,1.0,7,76,0.0,1,2.0,1.0,2,1.0,1.0,64,False,True,False,True,True,False,False,True,True,False,False,True,False
5127,22,75,1.0,1.0,10,77,2.0,2,0.0,0.0,2,0.0,0.0,66,False,True,False,True,False,True,False,True,True,False,False,True,False
5128,17,87,1.0,1.0,7,61,1.0,4,2.0,1.0,3,0.0,0.0,67,True,False,False,True,False,True,False,True,False,True,True,False,False
5129,17,69,2.0,2.0,9,96,1.0,2,0.0,1.0,3,1.0,2.0,66,False,True,False,True,False,True,False,True,True,False,True,False,False
5130,13,77,0.0,2.0,6,85,0.0,2,0.0,1.0,4,2.0,0.0,65,True,False,False,True,True,False,False,True,True,False,False,True,False
5131,31,82,2.0,1.0,7,63,1.0,2,2.0,1.0,2,2.0,1.0,72,False,True,True,False,False,True,True,False,True,False,False,False,True
5132,20,96,2.0,1.0,8,65,2.0,0,1.0,0.0,2,0.0,0.0,70,True,False,False,True,False,True,False,True,True,False,False,True,False
5133,19,73,1.0,1.0,9,94,1.0,1,2.0,0.0,1,1.0,0.0,67,True,False,False,True,False,True,False,True,True,False,False,False,True
5134,14,65,1.0,2.0,9,69,0.0,4,1.0,1.0,3,1.0,0.0,64,False,True,False,True,True,False,False,True,True,False,False,True,False
5135,38,80,2.0,1.0,5,78,1.0,1,0.0,1.0,4,1.0,2.0,72,True,False,False,True,True,False,False,True,True,False,False,False,True
5136,14,90,1.0,1.0,9,56,1.0,0,0.0,1.0,4,0.0,0.0,65,True,False,False,True,False,True,False,True,True,False,False,True,False
5137,17,64,2.0,0.0,10,63,1.0,0,2.0,1.0,3,0.0,1.0,62,True,False,False,True,False,True,False,True,True,False,False,False,True
5138,22,77,1.0,2.0,6,71,2.0,3,0.0,1.0,4,0.0,2.0,67,True,False,False,True,True,False,False,True,True,False,True,False,False
5139,24,61,1.0,1.0,6,83,2.0,0,1.0,1.0,3,0.0,0.0,64,False,True,False,True,True,False,False,True,False,True,False,False,True
5140,26,61,1.0,1.0,7,64,0.0,0,1.0,1.0,3,2.0,0.0,63,False,True,True,False,True,False,False,True,True,False,True,False,False
5141,31,79,1.0,2.0,7,98,1.0,1,1.0,2.0,2,1.0,1.0,72,False,True,False,True,True,False,False,True,True,False,False,True,False
5142,23,72,0.0,1.0,6,61,2.0,1,2.0,1.0,5,0.0,0.0,66,False,True,False,True,True,False,False,True,True,False,False,False,True
5143,14,94,2.0,1.0,5,89,1.0,0,1.0,1.0,1,2.0,0.0,70,True,False,False,True,False,True,False,True,True,False,False,False,True
5144,18,84,1.0,0.0,9,68,0.0,0,1.0,2.0,2,2.0,0.0,66,True,False,True,False,False,True,False,True,True,False,True,False,False
5145,22,78,2.0,2.0,6,92,0.0,1,2.0,2.0,3,0.0,1.0,70,False,True,False,True,True,False,False,True,True,False,False,False,True
5146,32,76,0.0,0.0,6,96,0.0,0,0.0,2.0,2,0.0,1.0,67,True,False,False,True,False,True,False,True,True,False,False,True,False
5147,12,80,1.0,1.0,7,59,2.0,1,0.0,2.0,2,0.0,0.0,64,True,False,False,True,False,True,False,True,True,False,False,False,True
5148,27,62,2.0,1.0,5,75,1.0,2,1.0,2.0,2,0.0,0.0,67,False,True,False,True,True,False,False,True,True,False,False,False,True
5149,21,96,2.0,2.0,5,58,1.0,0,2.0,2.0,4,1.0,2.0,72,False,True,False,True,False,True,False,True,True,False,False,True,False
5150,25,100,2.0,0.0,6,85,0.0,1,1.0,1.0,3,0.0,0.0,72,False,True,False,True,True,False,False,True,True,False,False,False,True
5151,19,67,2.0,1.0,8,92,0.0,2,2.0,1.0,5,2.0,1.0,68,True,False,False,True,False,True,False,True,True,False,False,True,False
5152,15,65,1.0,1.0,7,69,1.0,1,2.0,1.0,3,2.0,0.0,64,True,False,False,True,False,True,False,True,True,False,False,True,False
5153,25,66,2.0,1.0,4,70,1.0,1,2.0,1.0,3,0.0,1.0,66,False,True,False,True,False,True,True,False,True,False,False,False,True
5154,24,86,0.0,2.0,9,60,1.0,0,0.0,2.0,3,1.0,2.0,68,False,True,True,False,True,False,False,True,True,False,False,False,True
5155,26,86,0.0,0.0,8,65,0.0,0,0.0,2.0,4,0.0,0.0,66,True,False,False,True,True,False,False,True,True,False,False,True,False
5156,20,94,0.0,2.0,7,66,2.0,1,0.0,2.0,1,0.0,0.0,70,True,False,True,False,False,True,False,True,True,False,False,False,True
5157,16,90,2.0,2.0,7,58,2.0,1,0.0,1.0,4,2.0,0.0,70,True,False,False,True,False,True,False,True,True,False,False,True,False
5158,11,78,0.0,2.0,8,65,1.0,0,1.0,1.0,2,0.0,0.0,62,True,False,True,False,False,True,False,True,True,False,False,True,False
5159,25,85,0.0,1.0,10,95,1.0,0,1.0,0.0,1,1.0,0.0,69,False,True,False,True,False,True,False,True,True,False,False,False,True
5160,23,88,1.0,1.0,8,66,0.0,2,1.0,2.0,2,1.0,1.0,69,False,True,True,False,False,True,False,True,True,False,False,False,True
5161,14,81,1.0,1.0,7,64,1.0,2,1.0,1.0,4,1.0,0.0,66,False,True,False,True,False,True,False,True,False,True,False,False,True
5162,17,79,2.0,2.0,5,69,1.0,4,0.0,1.0,3,2.0,0.0,68,True,False,False,True,True,False,False,True,True,False,True,False,False
5163,17,86,1.0,2.0,7,98,1.0,2,0.0,2.0,5,2.0,1.0,71,False,True,False,True,True,False,False,True,True,False,False,False,True
5164,11,82,1.0,1.0,8,88,1.0,1,0.0,1.0,2,2.0,1.0,64,True,False,True,False,False,True,True,False,True,False,True,False,False
5165,15,86,0.0,2.0,7,60,1.0,2,1.0,1.0,3,1.0,0.0,67,False,True,False,True,True,False,False,True,True,False,False,False,True
5166,13,85,1.0,2.0,6,88,1.0,2,1.0,2.0,3,0.0,1.0,68,True,False,False,True,False,True,False,True,True,False,False,False,True
5167,18,89,0.0,2.0,8,88,0.0,0,2.0,1.0,1,0.0,1.0,67,False,True,False,True,False,True,False,True,True,False,True,False,False
5168,16,86,1.0,1.0,6,98,2.0,1,0.0,1.0,3,2.0,0.0,68,False,True,False,True,True,False,False,True,True,False,False,True,False
5169,10,81,1.0,2.0,8,95,1.0,5,0.0,2.0,3,0.0,0.0,69,True,False,False,True,False,True,False,True,True,False,False,False,True
5170,32,87,1.0,2.0,6,55,1.0,0,0.0,2.0,3,0.0,0.0,71,False,True,False,True,False,True,False,True,True,False,False,True,False
5171,28,78,2.0,0.0,4,73,0.0,3,0.0,1.0,4,0.0,1.0,68,True,False,True,False,False,True,True,False,True,False,False,False,True
5172,15,70,2.0,2.0,6,85,2.0,0,0.0,1.0,2,1.0,1.0,65,False,True,True,False,True,False,False,True,True,False,False,False,True
5173,22,60,0.0,1.0,7,99,1.0,1,0.0,2.0,3,1.0,1.0,63,False,True,False,True,True,False,False,True,True,False,False,True,False
5174,23,82,0.0,1.0,8,54,1.0,0,1.0,2.0,1,0.0,0.0,65,True,False,False,True,False,True,False,True,True,False,True,False,False
5175,27,84,2.0,2.0,8,68,0.0,3,0.0,2.0,2,2.0,0.0,72,True,False,True,False,True,False,False,True,False,True,False,False,True
5176,15,99,0.0,1.0,5,75,0.0,2,1.0,0.0,1,1.0,1.0,67,False,True,False,True,False,True,False,True,True,False,False,True,False
5177,27,74,1.0,2.0,7,71,1.0,1,1.0,1.0,3,0.0,0.0,69,True,False,False,True,True,False,False,True,True,False,False,False,True
5178,17,76,1.0,1.0,6,73,1.0,3,0.0,2.0,3,2.0,0.0,67,False,True,True,False,True,False,False,True,True,False,False,True,False
5179,12,68,2.0,1.0,6,68,0.0,2,1.0,1.0,4,1.0,0.0,64,False,True,False,True,False,True,False,True,True,False,False,False,True
5180,24,63,1.0,0.0,6,99,0.0,0,0.0,1.0,3,0.0,1.0,62,True,False,False,True,True,False,True,False,True,False,False,False,True
5181,28,91,0.0,1.0,7,90,1.0,2,2.0,0.0,3,0.0,0.0,71,False,True,True,False,True,False,False,True,True,False,False,True,False
5182,36,70,0.0,2.0,10,87,1.0,2,0.0,1.0,3,0.0,0.0,70,False,True,False,True,True,False,False,True,True,False,False,False,True
5183,13,84,0.0,1.0,10,71,0.0,1,1.0,2.0,3,1.0,1.0,64,False,True,False,True,True,False,False,True,True,False,False,True,False
5184,24,88,1.0,1.0,6,94,1.0,0,0.0,1.0,2,2.0,1.0,69,False,True,True,False,False,True,False,True,True,False,True,False,False
5185,18,79,1.0,1.0,7,55,1.0,1,0.0,2.0,3,0.0,1.0,65,True,False,False,True,False,True,False,True,True,False,False,False,True
5186,25,95,2.0,2.0,7,57,1.0,2,2.0,1.0,2,1.0,1.0,73,True,False,True,False,False,True,False,True,True,False,True,False,False
5187,11,78,1.0,0.0,7,98,0.0,2,1.0,1.0,3,0.0,0.0,64,True,False,False,True,False,True,False,True,True,False,False,True,False
5188,12,71,1.0,2.0,8,78,0.0,2,1.0,1.0,2,2.0,0.0,64,True,False,False,True,False,True,False,True,True,False,True,False,False
5189,15,96,1.0,1.0,7,58,1.0,3,1.0,1.0,4,2.0,1.0,70,False,True,False,True,False,True,False,True,True,False,False,True,False
5190,20,94,0.0,0.0,6,97,0.0,2,1.0,1.0,5,1.0,0.0,70,False,True,False,True,False,True,False,True,True,False,False,False,True
5191,16,67,2.0,2.0,9,99,1.0,2,1.0,1.0,2,0.0,1.0,64,False,True,False,True,True,False,False,True,False,True,False,True,False
5192,24,61,0.0,1.0,5,94,1.0,3,1.0,2.0,2,1.0,1.0,64,True,False,True,False,True,False,False,True,False,True,False,True,False
5193,26,64,1.0,1.0,7,62,2.0,3,1.0,2.0,2,0.0,0.0,66,False,True,True,False,False,True,False,True,True,False,True,False,False
5194,24,71,0.0,2.0,5,64,1.0,1,1.0,1.0,3,1.0,0.0,66,False,True,False,True,False,True,False,True,True,False,False,True,False
5195,30,99,1.0,1.0,5,70,0.0,2,1.0,1.0,4,0.0,0.0,74,True,False,False,True,False,True,False,True,True,False,False,True,False
5196,22,82,2.0,2.0,8,79,1.0,2,1.0,1.0,1,1.0,0.0,69,True,False,False,True,True,False,True,False,True,False,True,False,False
5197,13,75,0.0,2.0,6,100,2.0,1,1.0,1.0,3,2.0,0.0,67,False,True,False,True,False,True,False,True,True,False,False,False,True
5198,28,96,1.0,1.0,4,98,2.0,5,0.0,1.0,5,0.0,2.0,73,False,True,False,True,True,False,False,True,False,True,False,True,False
5199,16,78,0.0,1.0,6,96,2.0,0,1.0,1.0,1,2.0,0.0,66,True,False,False,True,True,False,False,True,True,False,False,False,True
5200,25,73,2.0,1.0,6,54,2.0,2,1.0,1.0,4,0.0,1.0,67,True,False,False,True,True,False,False,True,True,False,False,True,False
5201,29,98,1.0,2.0,5,88,0.0,3,0.0,1.0,2,1.0,0.0,75,False,True,False,True,False,True,False,True,True,False,False,True,False
5202,23,94,1.0,2.0,8,94,0.0,2,1.0,2.0,2,0.0,0.0,73,False,True,False,True,False,True,False,True,True,False,False,False,True
5203,11,94,1.0,1.0,5,67,1.0,2,2.0,1.0,5,0.0,0.0,67,True,False,False,True,True,False,False,True,True,False,False,True,False
5204,14,80,2.0,0.0,6,61,1.0,0,1.0,2.0,4,1.0,1.0,65,True,False,False,True,False,True,False,True,True,False,False,True,False
5205,28,92,1.0,1.0,7,87,0.0,1,0.0,0.0,1,0.0,0.0,71,True,False,False,True,False,True,False,True,True,False,False,False,True
5206,19,67,1.0,1.0,6,55,0.0,1,1.0,1.0,4,0.0,0.0,63,False,True,False,True,False,True,False,True,True,False,False,True,False
5207,20,83,1.0,0.0,6,97,2.0,2,0.0,2.0,4,0.0,1.0,68,True,False,False,True,False,True,False,True,True,False,False,True,False
5208,25,99,1.0,2.0,6,58,2.0,0,1.0,1.0,4,0.0,0.0,72,False,True,True,False,True,False,False,True,True,False,False,False,True
5209,24,72,0.0,2.0,5,73,0.0,2,1.0,2.0,2,0.0,0.0,67,False,True,False,True,False,True,False,True,True,False,False,False,True
5210,22,92,1.0,2.0,6,99,0.0,1,1.0,1.0,4,1.0,0.0,71,True,False,False,True,True,False,False,True,True,False,True,False,False
5211,19,80,0.0,0.0,8,99,2.0,1,0.0,1.0,4,2.0,0.0,67,False,True,False,True,True,False,False,True,True,False,False,False,True
5212,18,62,1.0,2.0,6,89,1.0,0,2.0,2.0,3,2.0,0.0,66,True,False,True,False,False,True,False,True,True,False,False,False,True
5213,25,91,1.0,2.0,7,92,1.0,3,0.0,1.0,5,0.0,0.0,72,False,True,False,True,True,False,False,True,True,False,True,False,False
5214,23,67,0.0,0.0,9,98,1.0,2,0.0,2.0,0,1.0,0.0,64,True,False,False,True,True,False,False,True,True,False,True,False,False
5215,18,85,1.0,1.0,8,96,1.0,0,2.0,2.0,3,1.0,1.0,68,False,True,False,True,True,False,False,True,True,False,True,False,False
5216,26,63,2.0,2.0,5,81,1.0,0,0.0,1.0,2,0.0,1.0,65,True,False,False,True,True,False,False,True,True,False,True,False,False
5217,19,98,1.0,2.0,8,87,2.0,1,1.0,1.0,4,2.0,1.0,74,False,True,True,False,False,True,False,True,True,False,False,False,True
5218,15,72,1.0,0.0,9,80,1.0,4,1.0,2.0,4,1.0,1.0,65,True,False,True,False,False,True,False,True,True,False,False,True,False
5219,15,69,2.0,0.0,6,75,1.0,2,0.0,2.0,2,0.0,0.0,63,True,False,False,True,False,True,True,False,True,False,False,False,True
5220,14,65,1.0,1.0,5,94,1.0,5,0.0,1.0,3,2.0,1.0,65,False,True,True,False,False,True,False,True,True,False,True,False,False
5221,18,98,0.0,2.0,6,87,1.0,0,1.0,1.0,1,0.0,0.0,70,False,True,False,True,False,True,False,True,True,False,False,True,False
5222,27,88,1.0,2.0,7,93,1.0,0,0.0,1.0,4,0.0,1.0,71,False,True,False,True,False,True,False,True,True,False,False,True,False
5223,15,90,1.0,1.0,8,55,1.0,1,0.0,1.0,1,1.0,0.0,66,True,False,False,True,False,True,False,True,True,False,False,True,False
5224,21,80,1.0,1.0,6,79,0.0,2,1.0,2.0,3,1.0,0.0,69,False,True,False,True,False,True,False,True,True,False,False,False,True
5225,16,79,1.0,2.0,4,66,2.0,2,1.0,1.0,2,1.0,1.0,67,False,True,False,True,False,True,False,True,True,False,False,True,False
5226,18,64,1.0,2.0,5,76,0.0,1,0.0,1.0,4,0.0,1.0,64,False,True,False,True,False,True,False,True,True,False,False,False,True
5227,11,82,2.0,2.0,8,81,2.0,2,0.0,2.0,2,0.0,1.0,67,True,False,False,True,True,False,False,True,True,False,False,False,True
5228,19,70,1.0,2.0,10,92,1.0,1,0.0,2.0,4,0.0,0.0,67,False,True,False,True,False,True,False,True,True,False,False,False,True
5229,19,99,2.0,1.0,7,52,1.0,1,1.0,1.0,4,0.0,0.0,70,False,True,False,True,True,False,False,True,True,False,False,True,False
5230,23,92,2.0,2.0,9,58,1.0,2,0.0,1.0,1,2.0,0.0,71,True,False,True,False,True,False,False,True,True,False,False,True,False
5231,21,77,1.0,0.0,5,96,2.0,2,0.0,2.0,5,0.0,0.0,68,True,False,True,False,False,True,False,True,True,False,False,True,False
5232,13,66,2.0,2.0,6,98,0.0,1,2.0,2.0,2,0.0,0.0,65,False,True,False,True,True,False,False,True,True,False,False,False,True
5233,27,91,1.0,1.0,4,53,1.0,1,0.0,1.0,3,2.0,0.0,70,True,False,True,False,True,False,False,True,True,False,False,False,True
5234,21,65,1.0,2.0,8,67,0.0,1,0.0,1.0,4,0.0,0.0,64,True,False,False,True,False,True,True,False,True,False,False,False,True
5235,21,68,2.0,2.0,6,50,2.0,3,1.0,0.0,4,0.0,0.0,67,False,True,True,False,False,True,False,True,True,False,False,True,False
5236,20,68,0.0,0.0,8,88,1.0,5,0.0,0.0,3,0.0,1.0,63,False,True,True,False,True,False,False,True,True,False,False,True,False
5237,17,82,1.0,0.0,6,84,2.0,2,0.0,0.0,3,0.0,1.0,65,True,False,False,True,False,True,False,True,True,False,True,False,False
5238,21,91,1.0,1.0,10,78,2.0,2,0.0,2.0,2,0.0,0.0,70,False,True,False,True,False,True,False,True,True,False,True,False,False
5239,23,73,1.0,2.0,10,85,1.0,1,0.0,1.0,3,1.0,0.0,67,False,True,False,True,True,False,False,True,True,False,False,True,False
5240,10,63,1.0,2.0,4,77,0.0,3,0.0,1.0,3,0.0,0.0,60,False,True,True,False,True,False,True,False,True,False,False,True,False
5241,17,79,0.0,2.0,8,62,0.0,1,0.0,1.0,3,0.0,0.0,64,True,False,False,True,True,False,False,True,True,False,False,True,False
5242,18,90,0.0,1.0,6,88,0.0,1,1.0,1.0,1,0.0,1.0,65,True,False,True,False,True,False,False,True,True,False,True,False,False
5243,22,69,1.0,1.0,8,89,0.0,0,0.0,2.0,5,0.0,1.0,64,True,False,False,True,True,False,True,False,True,False,False,False,True
5244,27,69,1.0,0.0,5,93,1.0,1,1.0,1.0,4,1.0,1.0,67,False,True,False,True,False,True,False,True,True,False,False,False,True
5245,15,98,1.0,1.0,9,98,2.0,0,1.0,1.0,3,0.0,0.0,71,True,False,True,False,False,True,False,True,True,False,False,False,True
5246,17,98,1.0,1.0,9,87,0.0,0,2.0,1.0,3,0.0,1.0,69,True,False,True,False,True,False,False,True,True,False,False,False,True
5247,17,100,1.0,2.0,5,53,0.0,1,1.0,2.0,4,0.0,0.0,70,False,True,False,True,False,True,False,True,True,False,False,False,True
5248,15,92,1.0,1.0,7,51,1.0,1,2.0,2.0,3,1.0,0.0,69,True,False,False,True,False,True,False,True,True,False,False,False,True
5249,18,68,2.0,2.0,7,87,2.0,3,1.0,1.0,4,0.0,0.0,69,False,True,False,True,False,True,False,True,True,False,False,False,True
5250,25,68,0.0,1.0,8,53,0.0,2,1.0,1.0,3,1.0,1.0,64,True,False,False,True,False,True,False,True,True,False,False,True,False
5251,14,74,0.0,1.0,7,66,1.0,0,1.0,2.0,3,2.0,0.0,63,False,True,True,False,False,True,False,True,True,False,True,False,False
5252,23,73,2.0,1.0,8,57,1.0,3,1.0,1.0,2,1.0,0.0,67,False,True,False,True,True,False,False,True,True,False,False,False,True
5253,10,98,1.0,1.0,7,98,0.0,0,1.0,1.0,3,1.0,1.0,66,True,False,False,True,True,False,True,False,True,False,False,True,False
5254,17,92,1.0,2.0,8,66,1.0,2,0.0,1.0,3,0.0,0.0,69,True,False,False,True,False,True,False,True,True,False,False,False,True
5255,18,89,1.0,1.0,5,53,1.0,5,0.0,2.0,4,1.0,0.0,69,False,True,True,False,True,False,False,True,True,False,False,True,False
5256,30,67,1.0,1.0,7,97,2.0,2,2.0,1.0,3,0.0,0.0,69,False,True,False,True,True,False,False,True,False,True,False,True,False
5257,18,96,1.0,2.0,9,80,2.0,1,0.0,1.0,3,1.0,0.0,72,False,True,False,True,False,True,False,True,True,False,False,False,True
5258,7,93,2.0,2.0,9,52,2.0,1,1.0,0.0,3,0.0,1.0,65,True,False,True,False,False,True,False,True,True,False,True,False,False
5259,8,67,1.0,1.0,7,92,1.0,0,2.0,2.0,2,1.0,0.0,63,False,True,True,False,False,True,False,True,True,False,False,False,True
5260,20,95,1.0,1.0,7,58,0.0,1,0.0,2.0,4,1.0,0.0,69,False,True,False,True,True,False,False,True,True,False,False,True,False
5261,24,71,2.0,1.0,9,90,0.0,3,1.0,2.0,3,1.0,0.0,69,False,True,True,False,False,True,False,True,True,False,False,True,False
5262,22,63,1.0,0.0,7,80,1.0,2,2.0,2.0,2,1.0,1.0,64,True,False,True,False,False,True,False,True,True,False,True,False,False
5263,21,86,1.0,0.0,9,59,2.0,2,1.0,2.0,3,1.0,0.0,69,False,True,True,False,False,True,False,True,True,False,False,False,True
5264,27,86,1.0,2.0,7,88,1.0,1,1.0,1.0,3,2.0,1.0,72,False,True,True,False,True,False,False,True,True,False,False,True,False
5265,17,64,1.0,0.0,7,73,2.0,1,0.0,1.0,4,1.0,0.0,62,False,True,False,True,True,False,False,True,True,False,False,True,False
5266,25,73,2.0,1.0,5,82,0.0,1,1.0,1.0,3,0.0,0.0,66,False,True,True,False,False,True,True,False,False,True,False,False,True
5267,10,100,0.0,1.0,5,93,0.0,2,1.0,0.0,1,0.0,2.0,65,True,False,False,True,True,False,False,True,True,False,False,True,False
5268,15,87,2.0,2.0,8,63,1.0,0,2.0,1.0,3,1.0,0.0,69,True,False,False,True,False,True,False,True,True,False,False,True,False
5269,9,89,1.0,0.0,10,68,2.0,1,2.0,2.0,3,0.0,0.0,65,True,False,False,True,True,False,False,True,True,False,True,False,False
5270,18,69,2.0,1.0,7,100,1.0,3,1.0,2.0,2,0.0,0.0,67,False,True,False,True,False,True,False,True,True,False,True,False,False
5271,20,63,0.0,1.0,7,75,0.0,2,1.0,2.0,2,0.0,0.0,63,True,False,False,True,False,True,False,True,True,False,False,True,False
5272,21,71,2.0,1.0,9,78,0.0,2,1.0,1.0,4,0.0,0.0,66,False,True,False,True,True,False,False,True,True,False,False,True,False
5273,20,70,0.0,1.0,8,64,0.0,0,0.0,0.0,3,0.0,2.0,61,False,True,True,False,True,False,False,True,True,False,False,False,True
5274,14,69,2.0,1.0,4,71,1.0,1,1.0,1.0,4,0.0,0.0,64,True,False,False,True,False,True,False,True,True,False,False,False,True
5275,19,68,1.0,0.0,8,75,0.0,1,1.0,1.0,4,2.0,0.0,64,False,True,True,False,False,True,False,True,True,False,False,True,False
5276,11,83,1.0,1.0,5,63,1.0,2,0.0,1.0,3,1.0,0.0,65,False,True,False,True,False,True,False,True,True,False,False,True,False
5277,28,73,1.0,0.0,7,62,1.0,3,2.0,1.0,3,2.0,1.0,68,True,False,False,True,True,False,False,True,True,False,False,True,False
5278,18,93,0.0,2.0,6,80,1.0,1,1.0,1.0,3,0.0,0.0,69,False,True,True,False,False,True,False,True,True,False,True,False,False
5279,17,67,1.0,1.0,6,59,1.0,0,1.0,1.0,3,0.0,0.0,61,True,False,False,True,True,False,False,True,True,False,True,False,False
5280,30,79,1.0,2.0,7,78,1.0,3,2.0,2.0,2,2.0,1.0,72,True,False,True,False,True,False,True,False,True,False,False,False,True
5281,13,61,1.0,0.0,8,85,1.0,4,0.0,1.0,3,1.0,1.0,61,False,True,True,False,False,True,False,True,True,False,False,True,False
5282,13,79,2.0,2.0,7,60,1.0,1,0.0,2.0,4,1.0,1.0,66,False,True,True,False,True,False,False,True,True,False,False,True,False
5283,13,62,0.0,1.0,9,87,1.0,1,0.0,1.0,1,1.0,1.0,60,False,True,False,True,False,True,False,True,True,False,True,False,False
5284,20,99,1.0,0.0,9,68,0.0,1,0.0,2.0,3,2.0,2.0,69,False,True,False,True,True,False,False,True,True,False,False,False,True
5285,23,92,1.0,2.0,9,100,1.0,1,2.0,2.0,2,1.0,0.0,72,False,True,False,True,True,False,False,True,False,True,False,True,False
5286,24,80,1.0,2.0,7,99,0.0,2,1.0,1.0,2,0.0,1.0,69,True,False,False,True,False,True,False,True,True,False,True,False,False
5287,35,63,2.0,2.0,6,90,0.0,0,1.0,1.0,3,1.0,0.0,71,False,True,False,True,False,True,False,True,True,False,False,False,True
5288,7,84,1.0,2.0,7,67,1.0,1,1.0,1.0,3,1.0,0.0,64,False,True,True,False,True,False,False,True,True,False,False,True,False
5289,24,90,0.0,0.0,9,97,2.0,3,0.0,1.0,4,0.0,0.0,71,False,True,False,True,False,True,False,True,True,False,False,False,True
5290,17,68,0.0,1.0,9,100,2.0,1,1.0,2.0,3,0.0,1.0,64,False,True,False,True,False,True,False,True,True,False,True,False,False
5291,16,83,1.0,1.0,4,73,2.0,3,0.0,0.0,3,1.0,0.0,67,True,False,False,True,False,True,False,True,True,False,True,False,False
5292,16,93,1.0,0.0,7,81,1.0,2,0.0,1.0,3,2.0,1.0,67,False,True,True,False,False,True,False,True,False,True,True,False,False
5293,15,91,0.0,2.0,4,50,2.0,1,1.0,1.0,3,0.0,1.0,66,True,False,False,True,False,True,False,True,True,False,False,True,False
5294,30,92,0.0,1.0,7,52,1.0,3,2.0,1.0,4,1.0,0.0,73,False,True,True,False,False,True,False,True,True,False,False,False,True
5295,25,95,1.0,2.0,6,75,1.0,1,1.0,1.0,4,0.0,1.0,73,False,True,True,False,False,True,False,True,True,False,False,False,True
5296,20,98,1.0,1.0,6,80,1.0,0,1.0,1.0,2,1.0,1.0,70,False,True,False,True,True,False,False,True,True,False,False,False,True
5297,28,76,0.0,1.0,8,66,1.0,5,2.0,0.0,4,1.0,1.0,70,False,True,False,True,False,True,False,True,True,False,False,False,True
5298,11,83,1.0,0.0,6,55,0.0,0,0.0,1.0,4,2.0,0.0,62,True,False,False,True,False,True,False,True,False,True,False,False,True
5299,12,92,2.0,0.0,7,89,1.0,1,1.0,2.0,2,2.0,1.0,68,False,True,True,False,False,True,False,True,True,False,False,True,False
5300,7,88,2.0,2.0,6,71,1.0,0,0.0,1.0,3,0.0,1.0,65,True,False,False,True,False,True,False,True,True,False,False,False,True
5301,16,100,2.0,2.0,7,82,1.0,2,2.0,1.0,2,0.0,0.0,73,False,True,False,True,False,True,False,True,True,False,False,False,True
5302,21,61,2.0,1.0,8,83,2.0,1,0.0,1.0,3,1.0,0.0,65,True,False,True,False,False,True,True,False,True,False,False,True,False
5303,21,74,1.0,2.0,6,77,2.0,0,1.0,1.0,3,1.0,0.0,66,False,True,False,True,False,True,True,False,True,False,False,True,False
5304,21,71,0.0,1.0,8,59,1.0,3,0.0,1.0,3,1.0,1.0,64,False,True,False,True,False,True,False,True,True,False,False,True,False
5305,12,70,1.0,2.0,7,81,2.0,0,0.0,1.0,3,0.0,0.0,63,False,True,False,True,True,False,False,True,True,False,False,False,True
5306,25,69,1.0,1.0,7,66,1.0,0,0.0,0.0,3,1.0,0.0,62,False,True,False,True,True,False,True,False,False,True,False,True,False
5307,21,88,2.0,1.0,6,91,0.0,0,0.0,1.0,4,2.0,1.0,70,True,False,True,False,False,True,False,True,True,False,False,True,False
5308,24,63,1.0,1.0,8,60,1.0,3,2.0,1.0,3,0.0,0.0,65,False,True,False,True,True,False,False,True,True,False,False,True,False
5309,9,90,1.0,1.0,8,65,1.0,0,1.0,1.0,5,0.0,2.0,64,False,True,True,False,False,True,False,True,True,False,False,True,False
5310,22,88,1.0,1.0,7,72,0.0,4,2.0,1.0,2,2.0,0.0,70,False,True,False,True,True,False,False,True,True,False,True,False,False
5311,13,70,1.0,1.0,7,87,1.0,1,0.0,0.0,5,0.0,0.0,62,False,True,False,True,True,False,False,True,True,False,False,True,False
5312,18,70,1.0,1.0,8,86,1.0,5,2.0,1.0,2,0.0,0.0,67,True,False,False,True,True,False,False,True,True,False,False,False,True
5313,23,85,1.0,0.0,8,67,0.0,1,1.0,1.0,3,2.0,2.0,66,True,False,True,False,True,False,False,True,True,False,False,True,False
5314,21,90,2.0,2.0,7,76,2.0,2,2.0,2.0,3,1.0,1.0,74,True,False,False,True,False,True,False,True,True,False,False,False,True
5315,15,95,1.0,2.0,9,62,1.0,2,1.0,1.0,3,0.0,2.0,69,False,True,False,True,False,True,False,True,True,False,False,False,True
5316,20,94,1.0,2.0,8,89,0.0,0,1.0,1.0,4,0.0,1.0,70,True,False,False,True,False,True,False,True,False,True,False,False,True
5317,11,99,1.0,1.0,10,60,1.0,1,2.0,1.0,1,1.0,0.0,68,True,False,False,True,True,False,False,True,True,False,False,False,True
5318,27,83,1.0,0.0,5,91,1.0,3,0.0,1.0,2,2.0,0.0,70,False,True,False,True,True,False,False,True,True,False,False,True,False
5319,19,96,1.0,1.0,8,97,1.0,3,1.0,1.0,2,0.0,0.0,71,False,True,False,True,False,True,False,True,True,False,True,False,False
5320,27,92,1.0,0.0,9,100,2.0,2,1.0,2.0,0,2.0,1.0,73,True,False,False,True,False,True,False,True,True,False,False,False,True
5321,17,96,1.0,1.0,9,93,0.0,3,1.0,1.0,2,0.0,2.0,69,False,True,True,False,True,False,False,True,True,False,False,True,False
5322,17,60,0.0,0.0,7,61,1.0,1,0.0,1.0,4,2.0,0.0,61,True,False,False,True,False,True,False,True,True,False,False,False,True
5323,15,99,1.0,1.0,5,71,1.0,0,1.0,1.0,2,1.0,1.0,68,False,True,False,True,False,True,False,True,True,False,False,True,False
5324,25,79,1.0,0.0,9,54,1.0,1,0.0,1.0,2,2.0,2.0,66,False,True,True,False,False,True,False,True,True,False,False,False,True
5325,16,92,2.0,0.0,6,58,0.0,0,2.0,1.0,4,0.0,0.0,67,True,False,True,False,False,True,False,True,True,False,False,False,True
5326,24,65,0.0,2.0,7,52,1.0,1,2.0,1.0,1,2.0,1.0,64,True,False,False,True,False,True,False,True,True,False,False,True,False
5327,18,76,0.0,2.0,10,82,2.0,1,1.0,1.0,4,1.0,0.0,67,False,True,True,False,False,True,False,True,True,False,True,False,False
5328,8,71,2.0,1.0,5,77,1.0,0,2.0,1.0,4,0.0,1.0,61,True,False,False,True,False,True,True,False,True,False,False,True,False
5329,17,72,0.0,1.0,8,96,2.0,2,0.0,2.0,3,0.0,0.0,65,False,True,False,True,True,False,False,True,True,False,False,True,False
5330,13,65,0.0,2.0,6,73,1.0,0,0.0,1.0,3,2.0,0.0,62,True,False,True,False,False,True,False,True,True,False,False,False,True
5331,20,92,0.0,2.0,6,82,1.0,0,1.0,1.0,5,0.0,0.0,69,True,False,False,True,True,False,False,True,True,False,False,True,False
5332,13,60,2.0,2.0,7,70,1.0,1,1.0,1.0,3,1.0,2.0,61,True,False,False,True,True,False,False,True,True,False,True,False,False
5333,26,73,2.0,1.0,8,91,1.0,4,0.0,0.0,5,0.0,1.0,69,False,True,False,True,True,False,False,True,True,False,False,True,False
5334,19,67,1.0,0.0,8,96,2.0,1,2.0,0.0,3,1.0,0.0,64,False,True,False,True,True,False,True,False,True,False,False,False,True
5335,19,84,1.0,0.0,9,72,2.0,1,0.0,1.0,3,0.0,2.0,65,True,False,False,True,True,False,False,True,True,False,False,False,True
5336,24,70,1.0,2.0,6,54,0.0,1,2.0,1.0,1,0.0,1.0,64,True,False,False,True,True,False,False,True,True,False,False,True,False
5337,26,70,2.0,2.0,5,58,1.0,1,0.0,0.0,3,2.0,1.0,68,False,True,True,False,False,True,False,True,True,False,False,False,True
5338,20,80,0.0,1.0,6,86,2.0,1,0.0,1.0,3,0.0,0.0,67,True,False,True,False,False,True,False,True,True,False,False,False,True
5339,15,86,2.0,1.0,8,66,0.0,0,1.0,2.0,5,1.0,0.0,68,False,True,True,False,False,True,False,True,True,False,False,False,True
5340,9,65,0.0,1.0,7,89,1.0,2,0.0,1.0,4,0.0,1.0,61,False,True,False,True,False,True,False,True,True,False,False,False,True
5341,16,67,1.0,2.0,4,87,2.0,5,2.0,2.0,4,1.0,0.0,69,False,True,False,True,False,True,False,True,True,False,False,False,True
5342,16,70,0.0,2.0,4,85,2.0,0,1.0,1.0,3,0.0,0.0,64,False,True,True,False,False,True,False,True,True,False,False,True,False
5343,21,99,2.0,1.0,7,91,1.0,3,1.0,1.0,4,1.0,0.0,74,False,True,False,True,False,True,True,False,True,False,False,False,True
5344,18,76,1.0,1.0,8,88,0.0,1,1.0,1.0,4,1.0,0.0,66,True,False,False,True,True,False,False,True,True,False,False,True,False
5345,24,84,1.0,1.0,6,82,1.0,1,1.0,1.0,2,0.0,0.0,68,False,True,False,True,True,False,False,True,True,False,True,False,False
5346,16,70,1.0,2.0,8,50,2.0,3,2.0,1.0,3,2.0,2.0,65,False,True,True,False,False,True,False,True,True,False,False,True,False
5347,20,80,1.0,2.0,5,76,1.0,0,0.0,1.0,3,1.0,0.0,66,True,False,True,False,False,True,True,False,True,False,True,False,False
5348,27,63,2.0,0.0,7,80,1.0,2,1.0,2.0,2,0.0,0.0,66,True,False,False,True,True,False,True,False,True,False,False,False,True
5349,22,61,1.0,0.0,7,98,2.0,3,2.0,0.0,2,1.0,0.0,65,True,False,True,False,True,False,False,True,True,False,False,True,False
5350,20,79,1.0,1.0,8,83,1.0,3,0.0,1.0,4,1.0,1.0,67,False,True,True,False,True,False,False,True,True,False,False,True,False
5351,16,76,0.0,1.0,5,79,1.0,0,0.0,2.0,4,2.0,1.0,65,True,False,False,True,False,True,False,True,True,False,False,False,True
5352,16,65,1.0,1.0,5,77,1.0,1,2.0,2.0,3,0.0,1.0,63,False,True,False,True,True,False,False,True,True,False,False,False,True
5353,15,88,2.0,1.0,8,55,1.0,1,2.0,2.0,2,0.0,0.0,67,False,True,True,False,True,False,False,True,True,False,False,True,False
5354,17,100,1.0,2.0,5,71,0.0,2,0.0,1.0,4,0.0,0.0,70,False,True,False,True,False,True,False,True,True,False,False,True,False
5355,25,76,2.0,2.0,6,57,0.0,0,1.0,1.0,3,2.0,1.0,68,False,True,False,True,False,True,True,False,True,False,False,False,True
5356,19,85,1.0,1.0,9,53,2.0,1,1.0,1.0,3,1.0,2.0,66,False,True,False,True,False,True,False,True,True,False,False,True,False
5357,12,99,1.0,1.0,7,66,0.0,3,1.0,0.0,1,2.0,1.0,67,True,False,True,False,False,True,False,True,True,False,True,False,False
5358,31,93,1.0,0.0,8,82,0.0,2,2.0,2.0,1,0.0,0.0,72,False,True,True,False,True,False,False,True,True,False,False,True,False
5359,22,79,2.0,2.0,8,93,1.0,0,1.0,1.0,2,0.0,0.0,68,True,False,True,False,False,True,False,True,False,True,True,False,False
5360,12,89,1.0,2.0,8,91,1.0,1,0.0,2.0,2,0.0,0.0,66,False,True,False,True,True,False,True,False,True,False,False,True,False
5361,17,65,1.0,1.0,7,65,1.0,0,2.0,1.0,4,0.0,1.0,62,False,True,True,False,True,False,False,True,True,False,False,True,False
5362,21,80,2.0,0.0,6,52,1.0,1,0.0,1.0,4,0.0,0.0,65,False,True,False,True,False,True,False,True,True,False,True,False,False
5363,30,71,2.0,0.0,10,70,0.0,3,1.0,1.0,4,0.0,0.0,67,True,False,False,True,True,False,False,True,False,True,False,True,False
5364,13,66,1.0,1.0,7,66,0.0,3,1.0,1.0,2,1.0,0.0,62,True,False,False,True,False,True,False,True,True,False,True,False,False
5365,26,77,1.0,0.0,7,69,0.0,1,2.0,1.0,3,0.0,0.0,66,True,False,False,True,False,True,False,True,False,True,False,True,False
5366,28,65,1.0,1.0,8,78,2.0,1,2.0,1.0,3,1.0,0.0,67,True,False,True,False,True,False,True,False,True,False,False,False,True
5367,16,88,1.0,1.0,6,52,1.0,2,2.0,2.0,3,0.0,0.0,68,True,False,False,True,False,True,False,True,True,False,False,False,True
5368,18,78,1.0,1.0,6,69,1.0,1,1.0,1.0,4,2.0,1.0,66,True,False,False,True,False,True,False,True,True,False,True,False,False
5369,14,81,2.0,2.0,9,78,1.0,0,1.0,1.0,4,1.0,0.0,68,True,False,True,False,True,False,False,True,True,False,False,False,True
5370,19,66,0.0,1.0,6,72,1.0,2,0.0,1.0,5,0.0,0.0,62,False,True,False,True,True,False,False,True,True,False,True,False,False
5371,20,66,1.0,2.0,8,83,1.0,1,0.0,1.0,2,1.0,0.0,64,False,True,False,True,True,False,False,True,False,True,False,True,False
5372,24,83,2.0,0.0,8,59,1.0,1,0.0,1.0,3,0.0,0.0,68,False,True,False,True,True,False,False,True,True,False,False,False,True
5373,27,99,0.0,0.0,7,58,0.0,2,1.0,1.0,2,2.0,1.0,71,False,True,True,False,False,True,False,True,True,False,False,False,True
5374,16,64,1.0,1.0,7,65,1.0,2,1.0,2.0,4,0.0,0.0,63,False,True,False,True,True,False,False,True,True,False,False,True,False
5375,8,71,2.0,1.0,8,55,2.0,1,0.0,2.0,2,1.0,1.0,62,False,True,False,True,True,False,False,True,True,False,False,False,True
5376,20,95,2.0,0.0,7,62,0.0,1,0.0,0.0,3,1.0,0.0,69,False,True,True,False,False,True,False,True,True,False,False,False,True
5377,22,63,1.0,1.0,4,54,1.0,0,1.0,1.0,3,0.0,1.0,62,False,True,True,False,False,True,False,True,True,False,False,False,True
5378,21,95,0.0,1.0,9,70,1.0,3,2.0,1.0,3,0.0,0.0,71,True,False,False,True,False,True,False,True,True,False,False,False,True
5379,18,81,0.0,2.0,6,86,1.0,3,0.0,1.0,4,1.0,0.0,69,False,True,False,True,False,True,False,True,True,False,False,False,True
5380,21,76,1.0,1.0,7,64,0.0,1,1.0,2.0,2,0.0,1.0,66,False,True,True,False,False,True,False,True,True,False,False,False,True
5381,29,72,0.0,1.0,5,50,0.0,0,0.0,1.0,4,0.0,0.0,64,True,False,False,True,True,False,False,True,True,False,False,True,False
5382,22,72,0.0,2.0,6,78,0.0,1,0.0,2.0,3,2.0,0.0,65,False,True,False,True,True,False,True,False,True,False,False,True,False
5383,18,72,2.0,2.0,6,85,2.0,1,2.0,2.0,1,0.0,1.0,68,False,True,True,False,True,False,False,True,True,False,False,False,True
5384,17,95,2.0,1.0,7,70,2.0,1,0.0,1.0,3,0.0,0.0,69,False,True,False,True,True,False,False,True,True,False,False,True,False
5385,19,89,2.0,1.0,6,65,0.0,2,0.0,1.0,3,2.0,0.0,68,False,True,False,True,False,True,False,True,False,True,False,True,False
5386,30,87,0.0,1.0,10,75,0.0,3,0.0,0.0,4,1.0,0.0,71,False,True,False,True,False,True,False,True,True,False,False,True,False
5387,19,92,0.0,1.0,7,55,1.0,1,1.0,1.0,5,0.0,2.0,66,False,True,False,True,True,False,False,True,True,False,False,True,False
5388,20,70,2.0,0.0,8,82,1.0,2,0.0,2.0,3,0.0,1.0,65,False,True,True,False,True,False,False,True,True,False,False,False,True
5389,17,85,2.0,1.0,7,87,1.0,1,0.0,1.0,1,0.0,0.0,68,True,False,True,False,False,True,False,True,True,False,False,True,False
5390,27,78,2.0,2.0,8,85,1.0,0,2.0,1.0,3,1.0,0.0,72,False,True,False,True,True,False,False,True,True,False,False,False,True
5391,32,91,2.0,1.0,4,66,1.0,3,0.0,2.0,2,2.0,0.0,75,True,False,False,True,False,True,False,True,True,False,False,True,False
5392,23,72,2.0,0.0,6,92,0.0,2,2.0,1.0,3,1.0,0.0,67,False,True,False,True,False,True,False,True,True,False,True,False,False
5393,20,86,1.0,1.0,6,97,0.0,1,0.0,1.0,2,0.0,1.0,67,False,True,True,False,True,False,False,True,True,False,False,True,False
5394,20,95,1.0,1.0,6,65,2.0,2,0.0,1.0,3,1.0,0.0,70,True,False,False,True,True,False,False,True,True,False,False,True,False
5395,6,76,1.0,1.0,8,63,1.0,5,1.0,1.0,3,1.0,0.0,64,False,True,False,True,False,True,False,True,True,False,False,True,False
5396,24,63,1.0,1.0,8,85,2.0,1,0.0,1.0,3,0.0,2.0,65,True,False,True,False,False,True,False,True,True,False,False,False,True
5397,21,81,1.0,1.0,7,85,1.0,1,0.0,2.0,3,2.0,1.0,68,False,True,False,True,False,True,False,True,True,False,True,False,False
5398,23,74,2.0,2.0,7,76,1.0,1,1.0,0.0,2,1.0,1.0,67,True,False,False,True,True,False,False,True,True,False,False,True,False
5399,16,87,0.0,1.0,10,96,1.0,1,0.0,2.0,1,1.0,1.0,66,False,True,False,True,False,True,True,False,True,False,False,False,True
5400,18,98,2.0,1.0,7,57,0.0,0,2.0,1.0,1,2.0,1.0,69,False,True,True,False,True,False,False,True,True,False,False,True,False
5401,18,79,0.0,2.0,4,74,0.0,2,0.0,1.0,1,0.0,0.0,64,True,False,False,True,True,False,False,True,True,False,True,False,False
5402,26,79,1.0,2.0,8,52,2.0,1,1.0,1.0,3,2.0,0.0,68,True,False,False,True,False,True,False,True,False,True,True,False,False
5403,18,86,2.0,1.0,8,53,0.0,5,0.0,2.0,3,0.0,0.0,68,False,True,True,False,True,False,False,True,True,False,True,False,False
5404,32,64,0.0,2.0,9,53,0.0,1,0.0,1.0,3,1.0,0.0,65,True,False,True,False,False,True,True,False,True,False,False,False,True
5405,23,70,1.0,1.0,8,75,1.0,0,2.0,1.0,2,0.0,1.0,65,False,True,False,True,False,True,False,True,True,False,False,False,True
5406,12,97,0.0,1.0,6,79,1.0,1,1.0,1.0,2,0.0,0.0,65,False,True,False,True,False,True,True,False,True,False,True,False,False
5407,19,87,2.0,1.0,8,50,0.0,0,2.0,2.0,2,0.0,0.0,67,True,False,False,True,True,False,False,True,True,False,False,True,False
5408,16,61,2.0,1.0,7,82,1.0,2,0.0,1.0,3,0.0,0.0,63,True,False,False,True,False,True,False,True,True,False,True,False,False
5409,7,68,2.0,1.0,9,74,1.0,1,0.0,2.0,3,0.0,0.0,62,True,False,False,True,True,False,False,True,True,False,False,False,True
5410,30,87,2.0,1.0,9,61,2.0,2,1.0,2.0,4,0.0,1.0,73,False,True,True,False,False,True,False,True,True,False,False,True,False
5411,24,91,2.0,2.0,7,51,2.0,2,1.0,1.0,3,0.0,1.0,72,False,True,False,True,False,True,False,True,True,False,False,True,False
5412,23,94,0.0,1.0,8,58,2.0,5,0.0,0.0,6,0.0,0.0,71,True,False,False,True,True,False,False,True,True,False,False,True,False
5413,21,72,1.0,1.0,9,80,2.0,3,0.0,1.0,4,0.0,0.0,67,False,True,False,True,True,False,False,True,True,False,False,True,False
5414,12,97,1.0,0.0,7,83,1.0,0,0.0,1.0,2,1.0,1.0,66,False,True,False,True,False,True,False,True,True,False,False,True,False
5415,17,82,1.0,2.0,10,82,2.0,1,1.0,1.0,2,0.0,1.0,68,False,True,True,False,False,True,False,True,True,False,False,False,True
5416,25,88,2.0,2.0,9,58,0.0,0,0.0,1.0,4,2.0,0.0,70,False,True,False,True,False,True,False,True,True,False,True,False,False
5417,14,84,1.0,1.0,6,96,1.0,2,0.0,1.0,2,2.0,2.0,66,False,True,True,False,False,True,True,False,True,False,False,True,False
5418,19,99,1.0,2.0,8,88,2.0,1,0.0,2.0,3,0.0,2.0,71,True,False,False,True,False,True,True,False,True,False,False,False,True
5419,19,65,0.0,2.0,10,58,1.0,2,1.0,2.0,3,2.0,1.0,64,True,False,True,False,True,False,False,True,True,False,False,False,True
5420,21,70,1.0,1.0,8,74,0.0,2,1.0,1.0,3,2.0,2.0,65,False,True,False,True,True,False,False,True,True,False,False,False,True
5421,24,93,1.0,1.0,7,76,2.0,2,0.0,1.0,1,0.0,0.0,70,False,True,False,True,False,True,False,True,False,True,False,True,False
5422,24,85,2.0,0.0,9,89,1.0,1,0.0,1.0,2,2.0,1.0,70,False,True,False,True,False,True,False,True,True,False,False,False,True
5423,22,94,0.0,2.0,7,81,1.0,2,1.0,2.0,4,0.0,2.0,71,False,True,False,True,False,True,False,True,True,False,False,True,False
5424,27,81,2.0,2.0,6,70,1.0,0,0.0,1.0,5,0.0,2.0,70,True,False,False,True,False,True,False,True,True,False,False,False,True
5425,11,75,0.0,2.0,8,64,1.0,3,0.0,1.0,3,1.0,1.0,62,True,False,False,True,True,False,False,True,False,True,False,True,False
5426,23,97,1.0,1.0,6,99,0.0,1,0.0,1.0,3,0.0,0.0,72,True,False,True,False,False,True,False,True,True,False,False,False,True
5427,24,61,1.0,1.0,10,64,0.0,0,0.0,1.0,3,0.0,0.0,62,True,False,True,False,True,False,False,True,True,False,False,False,True
5428,13,94,0.0,1.0,7,56,2.0,2,0.0,2.0,4,1.0,0.0,67,False,True,False,True,False,True,False,True,True,False,False,True,False
5429,16,94,0.0,1.0,6,66,1.0,3,1.0,2.0,4,1.0,0.0,69,True,False,False,True,False,True,False,True,True,False,True,False,False
5430,16,66,1.0,0.0,9,56,1.0,0,0.0,2.0,4,1.0,0.0,60,True,False,True,False,True,False,False,True,False,True,False,False,True
5431,25,83,2.0,2.0,7,85,2.0,2,0.0,1.0,4,1.0,0.0,72,False,True,False,True,False,True,False,True,True,False,True,False,False
5432,16,96,1.0,1.0,7,81,1.0,0,0.0,0.0,3,0.0,1.0,66,False,True,False,True,True,False,False,True,True,False,True,False,False
5433,15,79,1.0,2.0,7,66,1.0,2,0.0,1.0,3,1.0,2.0,66,True,False,False,True,False,True,False,True,True,False,False,False,True
5434,16,90,1.0,2.0,5,100,0.0,1,2.0,1.0,4,0.0,1.0,69,False,True,True,False,False,True,False,True,True,False,True,False,False
5435,27,92,0.0,1.0,7,83,0.0,2,0.0,1.0,4,1.0,1.0,70,True,False,False,True,False,True,False,True,False,True,False,False,True
5436,20,89,0.0,1.0,8,85,1.0,2,1.0,2.0,1,2.0,0.0,70,True,False,False,True,False,True,False,True,True,False,False,False,True
5437,19,97,2.0,2.0,5,78,0.0,0,1.0,0.0,3,1.0,1.0,70,False,True,True,False,True,False,False,True,True,False,True,False,False
5438,19,78,0.0,2.0,9,78,1.0,2,0.0,2.0,2,1.0,0.0,67,True,False,False,True,False,True,False,True,True,False,True,False,False
5439,28,67,2.0,1.0,7,51,1.0,2,1.0,1.0,3,0.0,0.0,67,True,False,False,True,False,True,False,True,True,False,False,True,False
5440,16,62,0.0,0.0,7,89,2.0,0,1.0,1.0,3,0.0,2.0,59,True,False,False,True,True,False,False,True,True,False,False,True,False
5441,28,70,1.0,1.0,4,96,0.0,1,1.0,1.0,2,0.0,1.0,67,False,True,True,False,False,True,False,True,True,False,False,False,True
5442,21,66,2.0,1.0,7,56,1.0,1,0.0,1.0,4,2.0,1.0,65,False,True,True,False,False,True,False,True,True,False,False,True,False
5443,19,82,1.0,1.0,5,90,1.0,1,2.0,1.0,3,1.0,0.0,68,False,True,False,True,True,False,False,True,True,False,True,False,False
5444,35,67,2.0,2.0,6,77,0.0,1,0.0,1.0,3,1.0,0.0,71,False,True,False,True,False,True,False,True,True,False,False,False,True
5445,14,62,1.0,1.0,5,64,1.0,2,0.0,1.0,3,1.0,0.0,61,False,True,False,True,True,False,False,True,True,False,False,True,False
5446,18,61,1.0,1.0,6,96,1.0,0,1.0,1.0,3,0.0,0.0,63,False,True,False,True,False,True,False,True,True,False,True,False,False
5447,13,93,1.0,2.0,7,51,0.0,1,0.0,2.0,3,0.0,0.0,67,True,False,True,False,False,True,False,True,True,False,False,True,False
5448,26,84,2.0,1.0,7,64,1.0,1,1.0,2.0,4,1.0,0.0,69,False,True,False,True,True,False,True,False,True,False,False,True,False
5449,30,74,1.0,2.0,8,94,0.0,0,1.0,1.0,3,0.0,0.0,70,False,True,False,True,True,False,False,True,True,False,False,False,True
5450,30,96,1.0,0.0,4,74,2.0,0,0.0,0.0,3,0.0,1.0,69,False,True,False,True,False,True,True,False,True,False,True,False,False
5451,27,63,2.0,1.0,7,80,1.0,1,0.0,2.0,4,0.0,2.0,66,True,False,False,True,False,True,False,True,True,False,False,True,False
5452,19,99,1.0,0.0,7,87,0.0,1,1.0,1.0,4,0.0,1.0,70,True,False,False,True,False,True,False,True,True,False,False,False,True
5453,18,85,1.0,1.0,6,57,0.0,2,1.0,2.0,2,2.0,1.0,67,False,True,False,True,False,True,False,True,True,False,False,True,False
5454,10,67,2.0,2.0,6,61,1.0,0,0.0,2.0,2,0.0,0.0,61,True,False,True,False,True,False,False,True,True,False,False,True,False
5455,32,87,1.0,2.0,9,100,1.0,2,1.0,0.0,2,2.0,1.0,74,False,True,True,False,False,True,False,True,True,False,False,True,False
5456,23,91,1.0,2.0,10,62,0.0,1,1.0,2.0,3,1.0,0.0,70,False,True,True,False,False,True,False,True,True,False,True,False,False
5457,17,77,2.0,1.0,4,77,0.0,0,1.0,1.0,4,0.0,0.0,66,True,False,True,False,False,True,False,True,True,False,False,False,True
5458,28,94,1.0,2.0,6,65,2.0,1,0.0,2.0,1,0.0,0.0,73,True,False,False,True,False,True,False,True,True,False,False,False,True
5459,14,66,1.0,1.0,5,93,1.0,1,1.0,1.0,2,0.0,0.0,62,False,True,True,False,False,True,False,True,True,False,True,False,False
5460,22,71,1.0,0.0,7,98,0.0,2,0.0,2.0,2,0.0,1.0,65,True,False,False,True,False,True,False,True,True,False,False,True,False
5461,19,64,2.0,1.0,9,57,0.0,0,1.0,2.0,3,0.0,0.0,62,True,False,True,False,True,False,False,True,True,False,False,True,False
5462,24,68,0.0,1.0,8,80,1.0,1,0.0,0.0,4,2.0,1.0,64,False,True,False,True,False,True,True,False,True,False,False,False,True
5463,20,70,1.0,1.0,7,91,1.0,1,0.0,1.0,2,0.0,2.0,63,False,True,False,True,False,True,False,True,True,False,True,False,False
5464,11,97,1.0,1.0,7,91,1.0,1,1.0,1.0,4,0.0,0.0,69,False,True,False,True,True,False,False,True,True,False,False,False,True
5465,20,63,1.0,1.0,7,72,0.0,3,0.0,2.0,5,2.0,0.0,63,False,True,False,True,True,False,False,True,False,True,True,False,False
5466,26,77,1.0,1.0,8,61,1.0,1,0.0,1.0,4,1.0,1.0,67,False,True,False,True,False,True,False,True,True,False,False,True,False
5467,20,81,1.0,0.0,8,69,1.0,1,1.0,1.0,2,0.0,0.0,65,True,False,True,False,True,False,False,True,True,False,False,True,False
5468,25,96,1.0,2.0,8,88,1.0,0,0.0,1.0,1,0.0,0.0,71,False,True,True,False,True,False,False,True,True,False,False,True,False
5469,14,100,1.0,1.0,4,100,1.0,3,0.0,1.0,3,2.0,1.0,71,True,False,False,True,False,True,False,True,True,False,False,True,False
5470,20,90,1.0,1.0,7,78,2.0,0,1.0,2.0,4,2.0,2.0,69,False,True,False,True,True,False,False,True,False,True,False,False,True
5471,16,99,1.0,2.0,7,60,1.0,2,0.0,2.0,3,2.0,1.0,71,False,True,True,False,False,True,False,True,True,False,False,True,False
5472,24,91,0.0,1.0,8,52,1.0,1,0.0,1.0,5,0.0,0.0,68,False,True,False,True,False,True,False,True,True,False,False,True,False
5473,20,99,0.0,1.0,7,97,1.0,2,0.0,1.0,0,0.0,0.0,70,False,True,False,True,False,True,False,True,True,False,False,True,False
5474,24,88,1.0,2.0,8,74,1.0,0,0.0,2.0,3,2.0,0.0,71,False,True,True,False,False,True,False,True,True,False,False,True,False
5475,27,63,1.0,1.0,6,86,1.0,1,1.0,1.0,4,2.0,0.0,68,True,False,False,True,False,True,False,True,True,False,False,False,True
5476,24,76,0.0,2.0,8,83,1.0,1,2.0,1.0,4,0.0,0.0,69,True,False,True,False,True,False,False,True,True,False,False,False,True
5477,22,86,1.0,1.0,9,95,1.0,4,1.0,0.0,2,1.0,0.0,71,False,True,True,False,False,True,False,True,True,False,False,False,True
5478,14,74,2.0,1.0,5,63,0.0,2,0.0,2.0,3,1.0,2.0,63,True,False,True,False,True,False,True,False,True,False,False,False,True
5479,20,71,0.0,1.0,5,72,1.0,4,1.0,1.0,4,2.0,1.0,66,False,True,False,True,True,False,False,True,True,False,False,False,True
5480,17,83,1.0,1.0,8,96,1.0,1,0.0,1.0,3,1.0,1.0,67,False,True,False,True,True,False,False,True,True,False,False,False,True
5481,18,97,2.0,0.0,7,79,1.0,3,2.0,1.0,3,0.0,2.0,71,False,True,True,False,False,True,False,True,True,False,False,False,True
5482,18,61,0.0,0.0,9,54,1.0,0,1.0,1.0,2,1.0,0.0,59,True,False,False,True,True,False,False,True,True,False,False,True,False
5483,14,91,2.0,1.0,7,60,1.0,0,2.0,1.0,2,0.0,0.0,67,False,True,False,True,False,True,False,True,True,False,False,True,False
5484,8,89,2.0,2.0,8,62,1.0,2,1.0,1.0,4,0.0,1.0,66,False,True,False,True,True,False,False,True,False,True,False,False,True
5485,16,99,0.0,2.0,6,100,2.0,1,2.0,2.0,3,0.0,2.0,72,True,False,False,True,False,True,False,True,True,False,False,False,True
5486,21,97,2.0,2.0,8,61,0.0,0,0.0,2.0,3,2.0,0.0,70,True,False,False,True,True,False,False,True,False,True,False,True,False
5487,12,90,1.0,1.0,8,93,0.0,3,2.0,1.0,3,0.0,0.0,68,True,False,False,True,False,True,False,True,True,False,False,True,False
5488,20,81,0.0,1.0,6,54,0.0,0,0.0,0.0,2,1.0,1.0,63,True,False,False,True,True,False,False,True,True,False,False,False,True
5489,31,68,1.0,1.0,9,59,1.0,3,2.0,2.0,2,2.0,0.0,69,True,False,False,True,True,False,False,True,True,False,False,True,False
5490,26,82,0.0,1.0,4,94,0.0,0,0.0,0.0,3,0.0,0.0,67,False,True,True,False,True,False,False,True,True,False,False,False,True
5491,30,91,1.0,2.0,7,95,0.0,1,1.0,2.0,3,1.0,0.0,75,True,False,False,True,False,True,False,True,True,False,False,False,True
5492,22,96,0.0,0.0,5,59,1.0,0,1.0,2.0,2,0.0,2.0,67,True,False,True,False,False,True,False,True,True,False,False,False,True
5493,27,92,2.0,2.0,5,61,1.0,0,1.0,2.0,3,2.0,0.0,74,False,True,True,False,False,True,False,True,True,False,False,False,True
5494,16,68,1.0,2.0,8,77,1.0,1,1.0,2.0,4,2.0,1.0,66,False,True,False,True,False,True,False,True,True,False,False,False,True
5495,16,84,1.0,2.0,5,53,1.0,2,0.0,1.0,1,0.0,0.0,65,False,True,False,True,False,True,True,False,True,False,False,True,False
5496,4,73,0.0,1.0,5,97,2.0,1,0.0,2.0,1,0.0,0.0,60,False,True,False,True,False,True,False,True,True,False,True,False,False
5497,27,60,1.0,2.0,8,68,2.0,1,1.0,1.0,4,0.0,2.0,63,True,False,True,False,True,False,False,True,False,True,True,False,False
5498,29,68,0.0,2.0,5,74,0.0,3,2.0,2.0,2,2.0,0.0,69,False,True,False,True,False,True,False,True,False,True,False,True,False
5499,17,65,2.0,2.0,9,55,1.0,1,1.0,1.0,2,0.0,0.0,64,False,True,False,True,True,False,False,True,True,False,False,False,True
5500,18,94,0.0,1.0,8,52,1.0,1,1.0,1.0,4,1.0,0.0,68,True,False,True,False,False,True,False,True,True,False,False,False,True
5501,15,70,1.0,1.0,6,73,0.0,2,1.0,0.0,4,0.0,1.0,63,False,True,False,True,True,False,False,True,True,False,False,False,True
5502,22,71,1.0,1.0,8,56,0.0,0,1.0,2.0,2,2.0,0.0,65,False,True,False,True,False,True,False,True,True,False,False,True,False
5503,27,98,1.0,2.0,4,82,1.0,0,2.0,1.0,3,0.0,0.0,74,True,False,False,True,True,False,False,True,True,False,False,False,True
5504,10,75,1.0,2.0,8,90,1.0,2,0.0,1.0,2,2.0,1.0,65,False,True,False,True,False,True,False,True,True,False,False,False,True
5505,22,60,1.0,1.0,5,52,1.0,0,0.0,1.0,2,0.0,0.0,61,True,False,False,True,False,True,False,True,True,False,True,False,False
5506,18,71,1.0,2.0,6,81,1.0,1,0.0,2.0,3,0.0,0.0,66,False,True,False,True,False,True,False,True,True,False,False,False,True
5507,21,65,1.0,2.0,6,91,2.0,1,1.0,2.0,3,0.0,1.0,67,False,True,False,True,False,True,False,True,True,False,False,False,True
5508,23,64,2.0,1.0,9,72,1.0,0,0.0,2.0,3,1.0,0.0,66,False,True,False,True,False,True,False,True,True,False,False,False,True
5509,19,63,2.0,1.0,6,98,2.0,4,2.0,1.0,2,2.0,0.0,69,False,True,True,False,True,False,False,True,True,False,False,False,True
5510,19,84,1.0,1.0,7,56,0.0,2,0.0,1.0,3,0.0,1.0,65,True,False,False,True,False,True,False,True,True,False,False,True,False
5511,19,68,2.0,2.0,6,66,1.0,2,1.0,1.0,3,0.0,2.0,65,True,False,False,True,True,False,False,True,True,False,False,True,False
5512,26,74,2.0,1.0,6,62,1.0,0,0.0,1.0,3,0.0,0.0,66,True,False,True,False,True,False,False,True,True,False,False,True,False
5513,23,94,1.0,2.0,5,100,0.0,2,1.0,2.0,2,2.0,0.0,73,False,True,False,True,True,False,False,True,True,False,False,True,False
5514,21,77,0.0,1.0,7,65,1.0,2,0.0,2.0,2,0.0,1.0,64,True,False,False,True,False,True,False,True,True,False,True,False,False
5515,12,97,1.0,0.0,7,69,0.0,0,0.0,2.0,5,0.0,0.0,67,True,False,False,True,False,True,False,True,True,False,False,False,True
5516,18,80,1.0,0.0,8,92,2.0,0,1.0,2.0,1,1.0,0.0,67,False,True,True,False,False,True,False,True,True,False,False,False,True
5517,25,76,1.0,0.0,7,96,1.0,3,1.0,1.0,4,0.0,0.0,68,True,False,False,True,False,True,False,True,False,True,False,False,True
5518,20,90,1.0,0.0,7,97,1.0,2,2.0,2.0,3,1.0,1.0,71,False,True,False,True,False,True,False,True,True,False,False,False,True
5519,24,63,1.0,1.0,8,78,1.0,0,0.0,2.0,3,0.0,0.0,64,False,True,True,False,False,True,False,True,True,False,True,False,False
5520,31,64,1.0,1.0,6,83,1.0,1,1.0,1.0,2,0.0,1.0,67,True,False,False,True,False,True,False,True,True,False,False,False,True
5521,26,86,1.0,0.0,5,67,1.0,2,0.0,2.0,1,0.0,1.0,68,True,False,True,False,True,False,False,True,True,False,False,False,True
5522,21,79,0.0,1.0,8,80,2.0,1,0.0,2.0,3,1.0,0.0,67,False,True,True,False,False,True,False,True,True,False,True,False,False
5523,17,92,0.0,1.0,6,65,2.0,3,1.0,2.0,2,1.0,0.0,70,False,True,False,True,False,True,False,True,True,False,False,False,True
5524,5,97,1.0,0.0,7,87,1.0,2,1.0,1.0,3,0.0,2.0,64,True,False,True,False,False,True,False,True,False,True,False,True,False
5525,19,76,1.0,1.0,6,65,1.0,0,0.0,1.0,4,0.0,0.0,63,True,False,False,True,False,True,False,True,False,True,False,True,False
5526,18,84,2.0,2.0,6,94,1.0,3,2.0,1.0,4,0.0,0.0,71,False,True,False,True,True,False,False,True,True,False,False,True,False
5527,22,80,0.0,0.0,4,57,0.0,1,0.0,1.0,3,2.0,1.0,64,False,True,False,True,True,False,False,True,True,False,False,True,False
5528,19,99,0.0,0.0,8,79,2.0,3,1.0,1.0,4,0.0,0.0,70,False,True,True,False,True,False,False,True,True,False,False,False,True
5529,18,93,1.0,2.0,4,76,2.0,3,0.0,1.0,3,1.0,0.0,70,True,False,False,True,True,False,False,True,True,False,True,False,False
5530,9,96,1.0,2.0,9,63,1.0,1,2.0,1.0,1,0.0,0.0,67,False,True,True,False,False,True,False,True,True,False,False,True,False
5531,14,70,1.0,1.0,9,51,0.0,1,0.0,2.0,4,1.0,0.0,62,False,True,False,True,False,True,False,True,True,False,True,False,False
5532,23,91,1.0,1.0,6,57,0.0,2,0.0,2.0,2,0.0,0.0,69,False,True,True,False,True,False,False,True,True,False,False,False,True
5533,30,71,0.0,2.0,9,98,0.0,2,2.0,1.0,1,0.0,1.0,69,True,False,False,True,True,False,False,True,True,False,False,False,True
5534,19,68,0.0,2.0,10,97,0.0,0,0.0,1.0,3,1.0,2.0,62,True,False,False,True,True,False,True,False,True,False,False,False,True
5535,22,98,0.0,1.0,7,56,2.0,1,2.0,1.0,1,1.0,0.0,70,True,False,True,False,True,False,False,True,True,False,False,True,False
5536,26,61,1.0,1.0,8,69,2.0,2,1.0,2.0,3,0.0,0.0,66,False,True,False,True,False,True,False,True,True,False,False,False,True
5537,15,99,2.0,1.0,7,73,0.0,1,0.0,1.0,3,0.0,0.0,69,False,True,False,True,True,False,False,True,True,False,False,False,True
5538,22,66,1.0,0.0,9,74,1.0,3,0.0,2.0,3,2.0,0.0,65,True,False,False,True,False,True,False,True,True,False,True,False,False
5539,16,93,0.0,2.0,5,65,0.0,0,1.0,1.0,3,0.0,0.0,66,True,False,False,True,False,True,False,True,True,False,True,False,False
5540,25,71,2.0,1.0,7,96,0.0,2,0.0,1.0,3,0.0,0.0,69,True,False,False,True,False,True,False,True,True,False,False,False,True
5541,21,74,2.0,1.0,8,95,0.0,1,1.0,1.0,5,0.0,2.0,66,True,False,True,False,False,True,False,True,False,True,False,False,True
5542,22,69,0.0,2.0,8,51,1.0,1,0.0,2.0,3,0.0,0.0,65,True,False,False,True,False,True,False,True,True,False,False,False,True
5543,15,83,1.0,0.0,7,83,0.0,1,2.0,1.0,2,2.0,0.0,66,True,False,False,True,False,True,False,True,True,False,False,True,False
5544,24,74,0.0,0.0,9,54,1.0,1,0.0,1.0,3,0.0,0.0,63,True,False,False,True,False,True,False,True,True,False,False,True,False
5545,33,86,0.0,1.0,7,80,1.0,0,0.0,2.0,3,2.0,0.0,72,True,False,False,True,False,True,False,True,True,False,False,True,False
5546,14,61,1.0,1.0,7,93,0.0,3,1.0,2.0,2,0.0,1.0,62,False,True,False,True,False,True,False,True,True,False,True,False,False
5547,18,63,2.0,2.0,8,82,1.0,1,2.0,1.0,1,0.0,0.0,64,False,True,True,False,True,False,False,True,True,False,True,False,False
5548,21,64,1.0,0.0,7,73,2.0,2,0.0,1.0,2,1.0,2.0,61,True,False,False,True,True,False,False,True,False,True,True,False,False
5549,25,77,2.0,1.0,7,98,0.0,0,2.0,1.0,2,0.0,0.0,70,False,True,False,True,False,True,False,True,True,False,False,False,True
5550,17,93,1.0,1.0,6,87,1.0,1,0.0,2.0,2,0.0,1.0,67,True,False,True,False,True,False,False,True,True,False,True,False,False
5551,3,96,2.0,2.0,10,62,1.0,3,0.0,1.0,4,0.0,2.0,66,False,True,True,False,False,True,False,True,True,False,False,True,False
5552,28,70,1.0,1.0,6,69,1.0,2,0.0,0.0,4,0.0,0.0,66,False,True,False,True,False,True,False,True,False,True,False,False,True
5553,25,83,0.0,1.0,8,88,0.0,1,1.0,2.0,3,1.0,0.0,68,False,True,False,True,False,True,False,True,False,True,False,True,False
5554,10,91,2.0,2.0,10,51,1.0,0,0.0,1.0,3,2.0,1.0,67,False,True,False,True,False,True,False,True,True,False,False,False,True
5555,16,72,1.0,2.0,5,53,1.0,1,2.0,2.0,3,1.0,0.0,65,False,True,False,True,True,False,False,True,True,False,False,False,True
5556,29,76,1.0,2.0,8,93,0.0,0,1.0,2.0,4,1.0,1.0,70,False,True,False,True,False,True,True,False,True,False,False,False,True
5557,29,81,1.0,1.0,7,52,1.0,1,2.0,1.0,4,1.0,0.0,69,True,False,False,True,False,True,True,False,True,False,False,True,False
5558,26,65,1.0,1.0,10,84,1.0,1,0.0,2.0,4,2.0,0.0,68,False,True,False,True,False,True,False,True,True,False,False,False,True
5559,19,61,1.0,1.0,6,66,1.0,0,2.0,1.0,1,0.0,0.0,61,False,True,False,True,True,False,False,True,True,False,False,True,False
5560,20,66,1.0,2.0,6,91,0.0,0,1.0,2.0,5,0.0,2.0,65,False,True,False,True,False,True,False,True,True,False,True,False,False
5561,19,85,2.0,2.0,7,92,1.0,3,1.0,1.0,2,1.0,0.0,71,True,False,False,True,True,False,False,True,True,False,False,True,False
5562,27,63,1.0,2.0,6,98,0.0,0,1.0,1.0,3,0.0,0.0,66,True,False,True,False,True,False,False,True,True,False,True,False,False
5563,15,68,1.0,2.0,6,55,1.0,0,2.0,1.0,3,0.0,0.0,62,True,False,True,False,True,False,True,False,True,False,False,False,True
5564,15,74,0.0,0.0,10,71,1.0,0,0.0,2.0,2,2.0,0.0,61,False,True,False,True,True,False,False,True,True,False,True,False,False
5565,26,63,2.0,2.0,7,79,1.0,1,0.0,2.0,2,0.0,0.0,67,False,True,False,True,False,True,False,True,True,False,True,False,False
5566,20,68,1.0,2.0,6,96,1.0,0,0.0,2.0,3,0.0,0.0,66,True,False,False,True,False,True,False,True,True,False,False,True,False
5567,28,96,0.0,2.0,6,63,2.0,1,2.0,1.0,2,0.0,1.0,71,True,False,False,True,True,False,True,False,True,False,False,False,True
5568,16,61,1.0,2.0,8,54,2.0,0,0.0,2.0,3,1.0,1.0,62,False,True,True,False,False,True,False,True,True,False,False,False,True
5569,20,86,1.0,1.0,8,60,0.0,1,2.0,1.0,3,2.0,0.0,67,False,True,False,True,False,True,False,True,False,True,False,True,False
5570,14,75,1.0,1.0,6,75,1.0,0,0.0,2.0,2,0.0,0.0,64,False,True,False,True,False,True,False,True,True,False,False,True,False
5571,20,87,1.0,0.0,5,84,1.0,2,1.0,1.0,3,0.0,0.0,68,False,True,True,False,True,False,False,True,True,False,False,True,False
5572,11,84,1.0,1.0,7,85,2.0,3,1.0,1.0,4,1.0,1.0,67,True,False,False,True,False,True,False,True,True,False,False,True,False
5573,17,69,1.0,1.0,7,54,2.0,1,2.0,0.0,2,0.0,0.0,63,False,True,False,True,False,True,False,True,True,False,False,True,False
5574,11,94,2.0,2.0,6,88,1.0,2,1.0,1.0,4,0.0,0.0,70,False,True,False,True,True,False,False,True,True,False,False,False,True
5575,24,80,0.0,2.0,9,83,1.0,1,0.0,0.0,1,0.0,0.0,67,False,True,False,True,False,True,False,True,True,False,True,False,False
5576,24,93,1.0,2.0,8,70,0.0,1,1.0,2.0,3,0.0,1.0,71,True,False,True,False,False,True,False,True,True,False,False,True,False
5577,10,76,1.0,0.0,7,79,0.0,3,1.0,1.0,4,0.0,2.0,62,True,False,True,False,False,True,False,True,True,False,False,True,False
5578,28,99,1.0,1.0,6,88,1.0,3,0.0,1.0,4,0.0,0.0,75,True,False,False,True,False,True,False,True,True,False,False,False,True
5579,35,91,0.0,1.0,10,63,0.0,1,1.0,1.0,5,0.0,0.0,72,False,True,False,True,False,True,False,True,True,False,False,True,False
5580,20,99,1.0,0.0,5,97,0.0,4,2.0,1.0,3,1.0,0.0,73,True,False,False,True,False,True,False,True,True,False,False,True,False
5581,16,81,0.0,1.0,6,57,2.0,3,0.0,0.0,3,0.0,0.0,64,False,True,True,False,True,False,False,True,True,False,False,False,True
5582,37,79,1.0,2.0,6,95,2.0,1,2.0,1.0,1,0.0,0.0,73,False,True,False,True,True,False,False,True,True,False,True,False,False
5583,12,90,1.0,0.0,7,87,0.0,2,0.0,2.0,2,2.0,2.0,66,False,True,False,True,False,True,False,True,True,False,False,True,False
5584,20,95,0.0,0.0,8,83,2.0,1,1.0,1.0,3,0.0,0.0,69,True,False,True,False,True,False,False,True,True,False,False,False,True
5585,21,99,1.0,1.0,5,54,2.0,1,0.0,1.0,4,1.0,1.0,70,False,True,False,True,False,True,False,True,True,False,False,True,False
5586,28,73,1.0,2.0,6,96,1.0,1,1.0,1.0,0,2.0,0.0,70,True,False,False,True,False,True,False,True,True,False,True,False,False
5587,22,92,2.0,2.0,8,65,1.0,0,1.0,2.0,2,0.0,1.0,71,False,True,True,False,True,False,False,True,True,False,False,False,True
5588,17,68,0.0,2.0,6,87,2.0,0,0.0,1.0,4,1.0,0.0,64,False,True,True,False,False,True,False,True,False,True,False,False,True
5589,14,82,1.0,2.0,6,94,0.0,7,1.0,2.0,4,2.0,0.0,71,False,True,True,False,True,False,False,True,True,False,True,False,False
5590,18,67,2.0,1.0,7,62,2.0,1,0.0,0.0,2,0.0,2.0,63,False,True,True,False,False,True,False,True,True,False,False,False,True
5591,14,74,2.0,2.0,6,96,0.0,2,0.0,2.0,4,1.0,0.0,68,False,True,False,True,False,True,False,True,True,False,False,True,False
5592,20,97,1.0,1.0,7,81,1.0,3,1.0,2.0,3,1.0,0.0,71,False,True,False,True,True,False,False,True,False,True,False,True,False
5593,17,66,1.0,1.0,8,83,1.0,4,1.0,2.0,5,0.0,1.0,65,False,True,True,False,False,True,False,True,True,False,True,False,False
5594,11,85,2.0,1.0,7,96,1.0,1,0.0,1.0,3,0.0,0.0,66,False,True,False,True,False,True,True,False,True,False,False,True,False
5595,28,84,2.0,2.0,9,76,2.0,0,2.0,1.0,3,0.0,0.0,72,False,True,True,False,False,True,False,True,True,False,True,False,False
5596,17,65,2.0,2.0,8,72,0.0,1,0.0,1.0,4,1.0,1.0,65,False,True,False,True,False,True,False,True,True,False,False,False,True
5597,12,73,0.0,1.0,7,82,1.0,1,0.0,1.0,3,0.0,2.0,60,False,True,False,True,True,False,True,False,True,False,False,False,True
5598,19,83,0.0,1.0,7,78,2.0,2,0.0,2.0,4,2.0,1.0,67,False,True,False,True,True,False,True,False,True,False,False,False,True
5599,20,67,1.0,2.0,10,53,2.0,1,0.0,1.0,2,2.0,0.0,65,False,True,True,False,True,False,False,True,True,False,False,False,True
5600,10,92,2.0,0.0,6,59,2.0,0,0.0,1.0,2,0.0,1.0,64,True,False,False,True,False,True,False,True,True,False,True,False,False
5601,22,99,2.0,2.0,7,51,1.0,2,2.0,2.0,4,0.0,1.0,72,False,True,False,True,False,True,False,True,False,True,True,False,False
5602,14,69,2.0,1.0,6,55,1.0,3,0.0,0.0,2,0.0,1.0,62,False,True,True,False,True,False,False,True,True,False,False,False,True
5603,30,67,1.0,1.0,8,86,1.0,0,0.0,1.0,4,0.0,1.0,67,True,False,False,True,False,True,False,True,True,False,False,True,False
5604,23,78,1.0,1.0,10,50,1.0,1,1.0,1.0,3,2.0,0.0,67,True,False,True,False,False,True,False,True,False,True,False,False,True
5605,18,90,1.0,1.0,7,65,0.0,4,1.0,1.0,3,1.0,0.0,69,True,False,False,True,True,False,False,True,True,False,False,False,True
5606,16,71,2.0,2.0,7,72,0.0,1,1.0,0.0,4,1.0,1.0,65,True,False,True,False,False,True,False,True,True,False,False,True,False
5607,19,61,1.0,2.0,7,97,0.0,0,1.0,2.0,3,1.0,2.0,62,False,True,False,True,True,False,False,True,False,True,True,False,False
5608,24,82,2.0,1.0,5,66,1.0,0,1.0,1.0,3,2.0,0.0,69,False,True,True,False,False,True,False,True,True,False,False,True,False
5609,20,98,1.0,2.0,7,89,1.0,1,2.0,1.0,3,1.0,2.0,72,True,False,False,True,True,False,False,True,True,False,False,False,True
5610,19,76,0.0,2.0,10,70,0.0,1,0.0,1.0,3,1.0,2.0,63,True,False,False,True,False,True,False,True,True,False,True,False,False
5611,20,77,2.0,1.0,8,55,0.0,1,1.0,1.0,3,1.0,2.0,64,True,False,False,True,True,False,False,True,True,False,True,False,False
5612,16,99,0.0,1.0,9,55,1.0,1,2.0,1.0,3,1.0,2.0,67,True,False,False,True,False,True,False,True,False,True,False,True,False
5613,18,88,1.0,1.0,9,72,2.0,2,2.0,2.0,4,2.0,1.0,70,False,True,False,True,True,False,False,True,True,False,False,True,False
5614,7,89,2.0,0.0,6,53,1.0,3,0.0,2.0,2,0.0,1.0,64,False,True,True,False,False,True,False,True,True,False,False,True,False
5615,26,83,1.0,1.0,10,79,1.0,1,2.0,1.0,2,0.0,1.0,69,True,False,False,True,True,False,False,True,True,False,False,True,False
5616,22,99,2.0,2.0,4,75,0.0,2,1.0,1.0,4,0.0,0.0,72,True,False,True,False,True,False,False,True,True,False,True,False,False
5617,15,88,1.0,1.0,7,85,1.0,4,1.0,1.0,2,2.0,0.0,69,True,False,True,False,False,True,False,True,True,False,True,False,False
5618,31,96,2.0,1.0,4,59,1.0,3,0.0,1.0,5,0.0,0.0,75,True,False,True,False,False,True,False,True,True,False,False,True,False
5619,21,88,0.0,1.0,4,80,0.0,1,1.0,1.0,2,2.0,0.0,67,False,True,False,True,True,False,False,True,False,True,False,False,True
5620,14,89,1.0,1.0,8,59,2.0,1,0.0,1.0,3,1.0,0.0,67,False,True,True,False,False,True,False,True,True,False,False,True,False
5621,25,72,1.0,1.0,6,86,2.0,0,1.0,1.0,2,0.0,2.0,66,True,False,False,True,True,False,False,True,True,False,False,True,False
5622,22,72,1.0,0.0,9,65,2.0,0,1.0,1.0,3,0.0,1.0,64,False,True,False,True,False,True,False,True,True,False,False,True,False
5623,22,91,1.0,0.0,4,81,1.0,2,0.0,2.0,3,0.0,0.0,68,False,True,True,False,True,False,False,True,True,False,True,False,False
5624,17,72,2.0,1.0,7,94,2.0,1,0.0,1.0,5,0.0,1.0,66,False,True,False,True,False,True,False,True,True,False,False,True,False
5625,23,83,2.0,1.0,5,74,1.0,3,0.0,1.0,2,2.0,0.0,69,False,True,False,True,True,False,False,True,True,False,True,False,False
5626,18,70,2.0,0.0,7,60,1.0,1,1.0,2.0,3,1.0,0.0,65,False,True,False,True,False,True,False,True,True,False,False,False,True
5627,23,93,1.0,0.0,9,94,2.0,2,1.0,0.0,3,0.0,1.0,70,True,False,True,False,False,True,False,True,True,False,True,False,False
5628,17,93,1.0,1.0,8,87,0.0,2,2.0,2.0,3,1.0,1.0,69,False,True,True,False,True,False,False,True,True,False,True,False,False
5629,30,84,2.0,0.0,5,66,0.0,0,1.0,0.0,2,2.0,0.0,70,True,False,False,True,False,True,False,True,True,False,False,False,True
5630,15,67,0.0,1.0,5,65,1.0,4,1.0,1.0,2,1.0,0.0,63,False,True,True,False,False,True,False,True,True,False,True,False,False
5631,16,82,1.0,1.0,7,82,1.0,1,1.0,0.0,3,2.0,1.0,66,True,False,False,True,True,False,False,True,True,False,False,True,False
5632,17,71,1.0,1.0,6,58,1.0,3,1.0,1.0,3,0.0,0.0,64,False,True,True,False,False,True,False,True,False,True,False,False,True
5633,13,73,1.0,2.0,8,93,1.0,0,2.0,2.0,3,2.0,0.0,65,True,False,False,True,True,False,False,True,True,False,False,True,False
5634,7,74,2.0,1.0,10,69,2.0,1,2.0,1.0,4,0.0,0.0,64,False,True,False,True,True,False,False,True,True,False,False,False,True
5635,19,63,1.0,0.0,6,51,2.0,2,1.0,1.0,4,0.0,0.0,62,False,True,False,True,False,True,False,True,True,False,False,True,False
5636,21,99,2.0,1.0,6,65,0.0,1,1.0,1.0,2,1.0,2.0,71,True,False,True,False,False,True,False,True,True,False,False,False,True
5637,20,61,1.0,2.0,5,89,1.0,1,1.0,1.0,2,2.0,2.0,64,True,False,False,True,True,False,False,True,True,False,False,True,False
5638,19,86,2.0,2.0,7,93,2.0,1,1.0,2.0,2,0.0,0.0,72,False,True,False,True,False,True,False,True,True,False,False,True,False
5639,20,75,1.0,1.0,7,78,1.0,0,0.0,1.0,2,1.0,0.0,64,True,False,False,True,True,False,False,True,True,False,True,False,False
5640,26,86,1.0,0.0,7,65,1.0,2,2.0,2.0,4,2.0,1.0,71,False,True,True,False,False,True,False,True,True,False,False,True,False
5641,19,74,1.0,1.0,8,76,2.0,5,1.0,2.0,4,1.0,0.0,68,True,False,False,True,False,True,False,True,False,True,False,True,False
5642,17,87,1.0,1.0,8,92,1.0,3,2.0,0.0,2,1.0,0.0,68,False,True,False,True,False,True,True,False,True,False,True,False,False
5643,18,89,1.0,1.0,7,66,1.0,2,1.0,1.0,3,1.0,1.0,68,False,True,False,True,True,False,False,True,True,False,False,False,True
5644,23,88,1.0,1.0,7,69,1.0,3,0.0,2.0,3,0.0,0.0,69,False,True,False,True,True,False,False,True,True,False,True,False,False
5645,28,65,0.0,1.0,7,77,2.0,1,0.0,2.0,3,1.0,0.0,67,False,True,False,True,False,True,False,True,True,False,False,False,True
5646,16,86,1.0,0.0,7,94,0.0,0,0.0,1.0,4,0.0,0.0,66,False,True,True,False,True,False,False,True,True,False,False,False,True
5647,21,71,1.0,1.0,6,79,1.0,1,0.0,1.0,4,2.0,2.0,65,False,True,True,False,False,True,False,True,True,False,False,True,False
5648,22,61,1.0,2.0,5,60,2.0,0,2.0,0.0,2,0.0,1.0,63,False,True,True,False,True,False,False,True,True,False,False,True,False
5649,14,77,2.0,0.0,7,54,1.0,1,1.0,2.0,2,0.0,1.0,62,False,True,False,True,True,False,False,True,True,False,True,False,False
5650,20,77,2.0,2.0,6,55,1.0,1,2.0,0.0,1,1.0,0.0,67,False,True,True,False,True,False,False,True,True,False,False,True,False
5651,11,79,1.0,1.0,8,98,1.0,2,0.0,1.0,4,0.0,0.0,65,True,False,False,True,False,True,False,True,True,False,False,True,False
5652,9,88,1.0,1.0,7,91,1.0,1,0.0,1.0,3,1.0,0.0,66,True,False,False,True,False,True,False,True,True,False,True,False,False
5653,22,72,0.0,2.0,7,88,1.0,2,1.0,1.0,4,0.0,0.0,66,True,False,False,True,True,False,True,False,True,False,False,False,True
5654,18,73,1.0,1.0,8,75,1.0,0,2.0,1.0,1,1.0,0.0,64,True,False,False,True,False,True,False,True,False,True,False,True,False
5655,21,62,2.0,1.0,5,84,1.0,5,0.0,1.0,4,0.0,0.0,67,True,False,False,True,False,True,False,True,True,False,False,False,True
5656,20,87,1.0,1.0,10,56,1.0,2,1.0,1.0,2,1.0,1.0,67,True,False,False,True,True,False,False,True,True,False,False,True,False
5657,14,83,0.0,0.0,4,81,0.0,1,0.0,1.0,4,0.0,1.0,61,False,True,False,True,True,False,False,True,False,True,True,False,False
5658,20,74,1.0,1.0,9,91,1.0,1,0.0,1.0,5,0.0,0.0,66,False,True,False,True,False,True,False,True,True,False,False,True,False
5659,13,88,2.0,1.0,7,53,1.0,2,1.0,1.0,4,1.0,1.0,66,False,True,True,False,False,True,False,True,True,False,True,False,False
5660,28,81,1.0,0.0,6,65,1.0,1,0.0,1.0,2,0.0,1.0,67,False,True,False,True,False,True,False,True,True,False,False,False,True
5661,12,79,2.0,1.0,5,56,2.0,1,0.0,0.0,5,0.0,0.0,64,True,False,False,True,True,False,False,True,True,False,False,False,True
5662,19,80,2.0,0.0,6,63,0.0,1,0.0,1.0,3,0.0,0.0,64,False,True,False,True,True,False,False,True,True,False,False,True,False
5663,14,85,0.0,1.0,7,89,1.0,2,1.0,2.0,2,1.0,1.0,67,False,True,False,True,True,False,False,True,True,False,False,False,True
5664,23,86,0.0,2.0,7,67,0.0,2,1.0,2.0,3,1.0,0.0,68,True,False,True,False,True,False,False,True,False,True,False,True,False
5665,18,72,1.0,0.0,9,84,1.0,2,1.0,1.0,4,0.0,0.0,64,False,True,False,True,True,False,False,True,True,False,False,True,False
5666,17,66,1.0,1.0,7,89,1.0,0,1.0,1.0,3,1.0,0.0,63,False,True,True,False,False,True,False,True,True,False,True,False,False
5667,25,66,1.0,2.0,7,91,1.0,2,0.0,2.0,3,1.0,0.0,68,False,True,False,True,False,True,False,True,True,False,False,True,False
5668,20,86,0.0,0.0,8,94,0.0,2,0.0,1.0,2,0.0,2.0,64,True,False,True,False,True,False,False,True,True,False,True,False,False
5669,23,95,0.0,1.0,7,80,2.0,2,0.0,1.0,4,0.0,1.0,70,True,False,False,True,False,True,False,True,True,False,False,True,False
5670,14,76,0.0,1.0,7,64,1.0,3,1.0,1.0,3,1.0,0.0,64,False,True,True,False,True,False,False,True,True,False,False,False,True
5671,12,67,2.0,1.0,7,58,1.0,0,2.0,1.0,2,0.0,2.0,59,False,True,False,True,True,False,False,True,False,True,False,True,False
5672,21,90,2.0,1.0,8,75,1.0,4,0.0,2.0,2,0.0,1.0,71,False,True,False,True,False,True,False,True,True,False,False,True,False
5673,18,93,0.0,1.0,6,55,1.0,3,0.0,1.0,5,0.0,1.0,67,False,True,False,True,False,True,False,True,True,False,True,False,False
5674,24,95,1.0,0.0,6,96,2.0,3,0.0,1.0,3,2.0,0.0,73,True,False,True,False,False,True,False,True,True,False,False,True,False
5675,20,84,0.0,0.0,8,72,1.0,3,2.0,1.0,3,0.0,0.0,66,False,True,False,True,True,False,False,True,True,False,False,True,False
5676,21,94,2.0,2.0,5,94,1.0,2,0.0,2.0,2,1.0,0.0,73,False,True,True,False,True,False,False,True,True,False,False,True,False
5677,10,61,2.0,1.0,7,85,2.0,1,1.0,1.0,4,0.0,0.0,62,True,False,False,True,False,True,False,True,True,False,False,True,False
5678,31,64,1.0,2.0,6,93,1.0,1,0.0,2.0,3,0.0,0.0,69,True,False,False,True,True,False,False,True,True,False,False,True,False
5679,19,64,1.0,2.0,8,94,1.0,3,1.0,2.0,3,2.0,0.0,66,True,False,True,False,True,False,False,True,False,True,False,True,False
5680,24,89,1.0,0.0,9,53,1.0,1,0.0,2.0,3,0.0,0.0,68,False,True,True,False,False,True,False,True,True,False,False,True,False
5681,15,63,1.0,1.0,6,86,0.0,4,2.0,1.0,5,0.0,0.0,65,False,True,False,True,False,True,False,True,True,False,False,False,True
5682,22,80,1.0,1.0,8,61,2.0,1,0.0,1.0,2,1.0,1.0,67,False,True,False,True,False,True,False,True,True,False,False,False,True
5683,12,79,1.0,1.0,7,99,0.0,2,1.0,1.0,2,0.0,0.0,64,True,False,False,True,False,True,False,True,False,True,True,False,False
5684,23,72,2.0,2.0,6,89,1.0,0,1.0,2.0,3,0.0,1.0,67,False,True,True,False,False,True,True,False,True,False,True,False,False
5685,18,95,0.0,0.0,7,50,0.0,3,1.0,1.0,3,0.0,1.0,66,True,False,True,False,False,True,False,True,True,False,False,True,False
5686,20,67,2.0,1.0,9,96,2.0,1,2.0,2.0,3,0.0,0.0,68,True,False,False,True,True,False,False,True,True,False,False,False,True
5687,24,74,1.0,1.0,7,65,0.0,3,1.0,2.0,2,1.0,0.0,68,False,True,False,True,False,True,False,True,True,False,False,True,False
5688,13,91,1.0,0.0,9,71,0.0,1,0.0,1.0,2,1.0,2.0,64,False,True,False,True,False,True,False,True,True,False,False,False,True
5689,16,61,2.0,1.0,7,81,0.0,2,1.0,1.0,1,0.0,0.0,63,True,False,False,True,False,True,False,True,True,False,False,True,False
5690,23,87,2.0,1.0,5,96,1.0,2,1.0,1.0,3,1.0,1.0,72,True,False,False,True,True,False,False,True,True,False,False,False,True
5691,33,93,2.0,1.0,7,96,1.0,1,0.0,2.0,1,2.0,1.0,75,True,False,False,True,True,False,False,True,True,False,False,False,True
5692,19,97,2.0,1.0,5,78,0.0,2,0.0,1.0,3,0.0,0.0,71,False,True,False,True,True,False,False,True,True,False,False,False,True
5693,24,95,2.0,1.0,7,66,0.0,2,2.0,2.0,3,0.0,0.0,71,False,True,False,True,True,False,False,True,True,False,True,False,False
5694,19,73,1.0,1.0,6,64,0.0,4,1.0,1.0,5,1.0,0.0,66,True,False,False,True,False,True,False,True,False,True,False,False,True
5695,32,83,2.0,1.0,10,68,1.0,3,0.0,1.0,4,0.0,1.0,71,True,False,True,False,False,True,True,False,True,False,False,False,True
5696,10,63,2.0,1.0,9,59,0.0,0,1.0,2.0,5,2.0,1.0,61,False,True,False,True,True,False,False,True,True,False,False,False,True
5697,21,70,1.0,1.0,7,83,1.0,1,1.0,1.0,3,0.0,2.0,65,False,True,False,True,False,True,False,True,True,False,False,True,False
5698,5,73,2.0,0.0,6,89,2.0,1,1.0,1.0,2,0.0,0.0,62,False,True,False,True,False,True,False,True,True,False,False,True,False
5699,22,95,2.0,0.0,5,55,1.0,2,2.0,2.0,0,1.0,0.0,69,True,False,False,True,True,False,False,True,False,True,False,True,False
5700,21,74,1.0,0.0,8,70,1.0,1,1.0,1.0,3,2.0,2.0,65,False,True,False,True,False,True,False,True,True,False,False,True,False
5701,18,82,2.0,1.0,8,62,2.0,3,0.0,1.0,4,0.0,0.0,69,True,False,True,False,False,True,False,True,True,False,False,True,False
5702,19,77,2.0,1.0,6,77,2.0,1,0.0,2.0,3,1.0,0.0,68,True,False,True,False,False,True,False,True,True,False,False,True,False
5703,39,78,1.0,1.0,6,73,1.0,0,0.0,1.0,2,1.0,2.0,70,False,True,False,True,True,False,False,True,True,False,False,False,True
5704,18,99,2.0,1.0,8,72,1.0,4,0.0,1.0,4,0.0,0.0,72,True,False,False,True,False,True,False,True,True,False,False,True,False
5705,23,72,0.0,1.0,4,66,0.0,3,0.0,1.0,4,2.0,0.0,66,True,False,True,False,False,True,True,False,True,False,False,False,True
5706,16,85,0.0,2.0,8,86,0.0,2,2.0,1.0,4,0.0,0.0,68,True,False,True,False,False,True,False,True,True,False,False,True,False
5707,22,77,1.0,1.0,7,74,2.0,2,0.0,0.0,4,1.0,0.0,67,False,True,True,False,False,True,False,True,True,False,True,False,False
5708,19,62,2.0,0.0,8,60,1.0,1,0.0,1.0,2,1.0,2.0,61,True,False,False,True,False,True,False,True,True,False,False,False,True
5709,18,80,0.0,0.0,8,77,1.0,1,0.0,2.0,2,1.0,0.0,64,True,False,False,True,False,True,False,True,True,False,True,False,False
5710,31,93,2.0,1.0,6,80,1.0,3,1.0,1.0,2,0.0,0.0,74,False,True,False,True,True,False,False,True,True,False,False,True,False
5711,27,64,1.0,1.0,5,51,2.0,1,0.0,2.0,3,0.0,0.0,64,True,False,False,True,True,False,False,True,True,False,True,False,False
5712,21,63,2.0,0.0,9,60,1.0,2,1.0,1.0,2,2.0,0.0,64,False,True,False,True,False,True,False,True,True,False,True,False,False
5713,6,66,2.0,1.0,7,62,0.0,2,0.0,1.0,4,2.0,0.0,61,False,True,False,True,False,True,False,True,True,False,False,True,False
5714,18,91,2.0,2.0,7,62,1.0,3,0.0,1.0,3,0.0,0.0,71,False,True,True,False,False,True,False,True,True,False,False,False,True
5715,36,89,2.0,0.0,8,62,0.0,2,0.0,2.0,3,1.0,1.0,72,False,True,True,False,False,True,False,True,True,False,True,False,False
5716,19,83,2.0,2.0,6,64,1.0,0,1.0,1.0,5,2.0,0.0,68,True,False,True,False,True,False,False,True,True,False,True,False,False
5717,27,79,0.0,2.0,8,63,2.0,2,0.0,1.0,5,1.0,1.0,69,True,False,False,True,False,True,False,True,True,False,True,False,False
5718,29,96,1.0,2.0,8,94,2.0,2,0.0,2.0,4,0.0,0.0,74,False,True,False,True,True,False,True,False,True,False,True,False,False
5719,21,91,1.0,2.0,9,66,0.0,3,0.0,1.0,4,1.0,1.0,70,True,False,False,True,False,True,False,True,True,False,False,True,False
5720,15,92,2.0,0.0,9,67,0.0,1,2.0,2.0,2,2.0,0.0,69,False,True,False,True,False,True,False,True,True,False,False,False,True
5721,5,93,0.0,0.0,7,63,1.0,2,1.0,2.0,3,2.0,0.0,64,False,True,False,True,True,False,False,True,True,False,False,True,False
5722,24,86,0.0,0.0,8,98,1.0,2,2.0,1.0,5,2.0,2.0,71,False,True,False,True,False,True,False,True,True,False,False,False,True
5723,15,78,2.0,0.0,7,77,0.0,0,2.0,1.0,3,1.0,0.0,65,False,True,False,True,False,True,False,True,True,False,False,True,False
5724,21,95,2.0,1.0,7,81,1.0,0,1.0,1.0,3,0.0,0.0,71,False,True,False,True,False,True,False,True,True,False,False,True,False
5725,13,97,2.0,2.0,5,87,0.0,1,1.0,2.0,2,2.0,0.0,71,True,False,False,True,False,True,False,True,True,False,False,True,False
5726,18,61,0.0,1.0,7,67,1.0,5,2.0,2.0,2,2.0,0.0,66,False,True,False,True,False,True,False,True,True,False,False,False,True
5727,20,62,1.0,1.0,4,98,2.0,1,2.0,0.0,4,0.0,0.0,64,False,True,False,True,True,False,False,True,True,False,True,False,False
5728,22,98,1.0,1.0,7,58,1.0,0,1.0,1.0,3,0.0,0.0,70,False,True,True,False,True,False,False,True,True,False,False,True,False
5729,13,71,0.0,0.0,9,73,0.0,1,2.0,2.0,3,0.0,1.0,61,False,True,True,False,True,False,False,True,True,False,False,True,False
5730,27,95,1.0,1.0,8,57,2.0,1,1.0,0.0,3,0.0,1.0,71,True,False,True,False,False,True,False,True,True,False,False,False,True
5731,16,76,1.0,1.0,7,90,1.0,0,0.0,1.0,3,2.0,1.0,65,False,True,False,True,True,False,False,True,True,False,False,True,False
5732,10,65,0.0,2.0,7,55,1.0,0,0.0,2.0,3,0.0,0.0,59,True,False,False,True,True,False,False,True,True,False,False,True,False
5733,19,63,1.0,1.0,6,78,0.0,3,1.0,1.0,2,1.0,0.0,63,False,True,False,True,False,True,False,True,False,True,False,True,False
5734,20,66,1.0,1.0,6,55,0.0,1,2.0,2.0,3,2.0,1.0,64,True,False,False,True,False,True,False,True,True,False,True,False,False
5735,21,70,0.0,0.0,8,73,0.0,0,2.0,1.0,4,1.0,0.0,63,False,True,False,True,True,False,False,True,True,False,False,True,False
5736,28,80,2.0,2.0,5,64,1.0,1,0.0,1.0,2,2.0,1.0,70,True,False,True,False,True,False,False,True,True,False,False,True,False
5737,19,88,2.0,1.0,5,95,1.0,1,1.0,2.0,3,0.0,0.0,70,False,True,False,True,False,True,False,True,True,False,False,True,False
5738,19,99,2.0,2.0,8,53,1.0,1,1.0,1.0,4,1.0,0.0,72,False,True,True,False,False,True,False,True,True,False,False,True,False
5739,13,78,1.0,2.0,7,82,2.0,0,0.0,2.0,2,1.0,1.0,65,True,False,False,True,True,False,False,True,True,False,False,True,False
5740,25,81,2.0,1.0,7,85,2.0,3,1.0,1.0,1,2.0,1.0,71,True,False,False,True,False,True,False,True,True,False,True,False,False
5741,21,81,2.0,1.0,7,94,1.0,3,1.0,1.0,1,2.0,1.0,70,False,True,False,True,False,True,False,True,True,False,False,True,False
5742,17,82,1.0,0.0,10,94,1.0,1,2.0,2.0,3,0.0,1.0,66,True,False,True,False,True,False,False,True,True,False,False,True,False
5743,9,81,1.0,1.0,7,99,1.0,2,0.0,1.0,3,0.0,1.0,64,True,False,False,True,False,True,False,True,True,False,False,True,False
5744,29,60,0.0,2.0,7,63,1.0,0,0.0,1.0,4,2.0,0.0,64,False,True,False,True,True,False,False,True,True,False,True,False,False
5745,13,60,2.0,0.0,10,64,0.0,1,1.0,1.0,4,1.0,2.0,59,False,True,False,True,True,False,False,True,True,False,False,True,False
5746,16,64,1.0,2.0,7,70,1.0,5,0.0,0.0,4,0.0,1.0,65,False,True,False,True,False,True,False,True,True,False,False,False,True
5747,22,64,2.0,1.0,10,77,1.0,1,0.0,2.0,3,0.0,1.0,66,False,True,False,True,False,True,False,True,True,False,False,False,True
5748,13,88,1.0,1.0,4,68,2.0,1,2.0,1.0,2,0.0,0.0,67,True,False,False,True,False,True,False,True,True,False,False,False,True
5749,11,68,2.0,1.0,5,87,1.0,1,0.0,1.0,4,0.0,2.0,62,False,True,False,True,False,True,False,True,False,True,False,False,True
5750,7,96,2.0,0.0,6,50,1.0,1,2.0,1.0,3,1.0,0.0,65,False,True,True,False,True,False,False,True,True,False,True,False,False
5751,24,97,2.0,1.0,8,51,1.0,3,0.0,1.0,2,2.0,0.0,73,True,False,False,True,False,True,False,True,True,False,False,True,False
5752,17,99,1.0,1.0,10,86,0.0,1,1.0,1.0,2,1.0,0.0,70,False,True,True,False,True,False,False,True,True,False,False,False,True
5753,38,98,0.0,1.0,6,94,1.0,2,0.0,0.0,4,2.0,0.0,75,True,False,False,True,True,False,False,True,True,False,True,False,False
5754,14,71,2.0,2.0,8,89,1.0,0,1.0,1.0,3,2.0,0.0,66,True,False,False,True,False,True,False,True,True,False,False,True,False
5755,14,80,2.0,1.0,10,56,0.0,1,0.0,1.0,3,2.0,1.0,65,True,False,False,True,True,False,False,True,True,False,False,False,True
5756,17,67,1.0,1.0,9,97,1.0,1,1.0,0.0,3,2.0,1.0,64,True,False,False,True,True,False,False,True,True,False,False,True,False
5757,21,92,2.0,0.0,6,76,0.0,2,0.0,1.0,5,1.0,0.0,70,False,True,False,True,True,False,False,True,True,False,False,False,True
5758,17,96,1.0,2.0,8,87,1.0,0,1.0,1.0,5,0.0,1.0,71,False,True,True,False,False,True,False,True,True,False,False,False,True
5759,24,94,0.0,1.0,8,60,0.0,0,1.0,1.0,3,0.0,0.0,68,False,True,False,True,True,False,False,True,True,False,False,True,False
5760,14,77,1.0,1.0,6,77,0.0,1,0.0,2.0,2,1.0,0.0,64,False,True,True,False,False,True,False,True,True,False,False,True,False
5761,12,90,2.0,2.0,8,67,0.0,2,0.0,0.0,3,0.0,0.0,67,True,False,False,True,True,False,False,True,True,False,False,True,False
5762,9,64,1.0,2.0,6,99,1.0,6,0.0,2.0,6,0.0,1.0,65,False,True,False,True,False,True,False,True,False,True,False,False,True
5763,7,62,2.0,1.0,7,74,1.0,3,1.0,1.0,3,2.0,0.0,62,True,False,False,True,False,True,False,True,True,False,False,True,False
5764,17,90,0.0,2.0,5,88,0.0,1,1.0,1.0,1,1.0,0.0,68,True,False,False,True,False,True,False,True,True,False,True,False,False
5765,18,77,2.0,1.0,4,80,1.0,1,1.0,0.0,2,1.0,0.0,66,False,True,True,False,False,True,False,True,True,False,True,False,False
5766,16,100,2.0,2.0,7,55,2.0,1,0.0,1.0,2,1.0,1.0,69,False,True,False,True,False,True,False,True,False,True,True,False,False
5767,27,64,1.0,1.0,7,77,2.0,3,2.0,1.0,4,0.0,1.0,68,False,True,False,True,False,True,False,True,True,False,False,True,False
5768,27,94,1.0,0.0,5,77,1.0,0,1.0,2.0,2,1.0,0.0,71,True,False,False,True,True,False,False,True,True,False,False,False,True
5769,18,79,1.0,2.0,8,86,1.0,3,0.0,0.0,4,1.0,0.0,68,True,False,False,True,False,True,False,True,True,False,False,True,False
5770,9,93,2.0,0.0,7,66,1.0,0,0.0,0.0,2,1.0,1.0,64,False,True,True,False,False,True,False,True,True,False,False,True,False
5771,17,93,0.0,1.0,8,93,0.0,0,0.0,1.0,3,1.0,1.0,66,False,True,False,True,True,False,False,True,True,False,True,False,False
5772,16,97,1.0,0.0,8,81,2.0,0,2.0,2.0,2,0.0,0.0,70,False,True,True,False,False,True,False,True,True,False,False,False,True
5773,16,72,0.0,1.0,9,52,1.0,1,1.0,2.0,1,1.0,1.0,60,True,False,False,True,True,False,False,True,False,True,True,False,False
5774,16,98,1.0,1.0,8,85,0.0,0,0.0,2.0,2,1.0,2.0,69,False,True,False,True,False,True,False,True,True,False,False,False,True
5775,16,66,1.0,1.0,7,95,0.0,1,1.0,1.0,4,1.0,0.0,65,False,True,False,True,False,True,False,True,True,False,False,False,True
5776,18,63,2.0,2.0,7,84,1.0,1,1.0,2.0,2,0.0,0.0,66,True,False,False,True,False,True,False,True,True,False,False,True,False
5777,16,77,1.0,0.0,10,69,1.0,1,1.0,1.0,3,0.0,0.0,64,True,False,True,False,True,False,False,True,True,False,False,True,False
5778,21,93,1.0,2.0,8,80,1.0,0,2.0,2.0,1,1.0,1.0,71,True,False,False,True,True,False,False,True,True,False,False,False,True
5779,22,79,2.0,0.0,7,59,1.0,0,1.0,1.0,3,1.0,0.0,66,False,True,False,True,True,False,False,True,True,False,False,False,True
5780,15,93,1.0,0.0,7,80,0.0,0,0.0,1.0,3,0.0,0.0,66,True,False,False,True,False,True,False,True,True,False,False,False,True
5781,28,89,1.0,1.0,6,75,1.0,1,0.0,0.0,3,0.0,1.0,68,False,True,True,False,True,False,False,True,True,False,True,False,False
5782,14,68,2.0,2.0,5,51,2.0,1,2.0,1.0,5,0.0,1.0,63,False,True,False,True,True,False,False,True,False,True,False,True,False
5783,10,98,1.0,0.0,10,66,0.0,1,0.0,2.0,2,1.0,0.0,66,True,False,False,True,False,True,False,True,True,False,True,False,False
5784,22,62,0.0,1.0,8,60,0.0,0,1.0,2.0,2,1.0,0.0,61,False,True,False,True,True,False,True,False,True,False,False,False,True
5785,15,96,1.0,0.0,5,70,2.0,4,0.0,2.0,3,1.0,0.0,70,False,True,True,False,True,False,False,True,True,False,False,False,True
5786,22,72,1.0,2.0,7,62,0.0,5,2.0,1.0,2,1.0,1.0,68,True,False,True,False,False,True,False,True,True,False,False,True,False
5787,6,80,1.0,1.0,9,92,0.0,5,0.0,1.0,2,2.0,1.0,65,False,True,False,True,False,True,False,True,True,False,False,True,False
5788,28,77,2.0,1.0,6,85,2.0,0,0.0,1.0,1,2.0,0.0,69,True,False,False,True,True,False,False,True,True,False,True,False,False
5789,24,67,1.0,2.0,6,87,0.0,0,1.0,1.0,4,1.0,0.0,67,False,True,False,True,False,True,False,True,True,False,False,False,True
5790,11,74,2.0,1.0,8,68,0.0,0,1.0,1.0,3,0.0,1.0,62,False,True,False,True,True,False,False,True,True,False,False,False,True
5791,11,68,0.0,2.0,8,50,0.0,2,0.0,2.0,4,0.0,0.0,61,True,False,True,False,False,True,False,True,True,False,False,False,True
5792,30,68,2.0,2.0,6,61,2.0,1,1.0,1.0,3,2.0,0.0,70,True,False,False,True,False,True,False,True,True,False,False,False,True
5793,16,67,2.0,1.0,6,88,1.0,0,2.0,0.0,3,1.0,0.0,65,False,True,False,True,False,True,False,True,True,False,False,True,False
5794,15,80,2.0,1.0,8,80,1.0,1,0.0,1.0,4,0.0,1.0,65,True,False,False,True,True,False,False,True,True,False,False,True,False
5795,6,92,1.0,1.0,5,77,1.0,1,0.0,2.0,4,0.0,0.0,66,False,True,False,True,False,True,False,True,True,False,False,False,True
5796,18,83,1.0,2.0,6,64,0.0,1,1.0,2.0,3,0.0,0.0,66,True,False,True,False,False,True,True,False,True,False,True,False,False
5797,19,96,1.0,1.0,7,54,2.0,1,0.0,1.0,3,1.0,0.0,69,False,True,False,True,False,True,False,True,True,False,False,True,False
5798,24,85,2.0,2.0,8,89,1.0,1,0.0,1.0,3,0.0,1.0,70,True,False,False,True,True,False,False,True,True,False,False,True,False
5799,12,88,2.0,1.0,6,52,0.0,1,1.0,2.0,1,0.0,0.0,63,False,True,False,True,True,False,True,False,True,False,True,False,False
5800,11,87,0.0,1.0,8,53,2.0,1,1.0,1.0,3,0.0,0.0,64,True,False,False,True,True,False,False,True,True,False,False,False,True
5801,23,78,2.0,0.0,9,65,2.0,1,0.0,2.0,2,1.0,2.0,65,True,False,False,True,True,False,False,True,False,True,False,True,False
5802,26,88,2.0,1.0,6,79,1.0,1,0.0,2.0,4,0.0,2.0,71,False,True,False,True,False,True,False,True,True,False,False,True,False
5803,11,63,1.0,1.0,10,100,2.0,0,1.0,1.0,3,0.0,2.0,61,True,False,False,True,False,True,False,True,True,False,False,True,False
5804,26,94,0.0,0.0,9,55,0.0,2,2.0,1.0,3,0.0,0.0,69,False,True,False,True,False,True,False,True,True,False,False,True,False
5805,20,91,2.0,1.0,7,74,1.0,1,1.0,1.0,4,0.0,1.0,69,False,True,False,True,True,False,False,True,True,False,False,True,False
5806,27,70,1.0,1.0,7,80,0.0,1,0.0,1.0,3,0.0,0.0,66,True,False,False,True,True,False,False,True,True,False,False,True,False
5807,20,91,2.0,1.0,6,91,1.0,3,2.0,2.0,2,0.0,0.0,72,False,True,False,True,True,False,False,True,True,False,False,True,False
5808,5,61,2.0,1.0,9,84,2.0,1,1.0,1.0,3,1.0,0.0,60,False,True,False,True,True,False,False,True,True,False,False,True,False
5809,19,69,0.0,0.0,7,90,1.0,0,0.0,1.0,1,1.0,0.0,62,False,True,False,True,True,False,False,True,True,False,False,True,False
5810,26,63,1.0,1.0,5,76,1.0,3,1.0,2.0,5,0.0,0.0,66,True,False,False,True,False,True,False,True,False,True,False,True,False
5811,15,91,1.0,2.0,4,72,0.0,1,2.0,2.0,2,0.0,0.0,69,False,True,True,False,False,True,False,True,True,False,False,True,False
5812,18,90,2.0,1.0,7,81,1.0,2,1.0,0.0,3,2.0,1.0,69,False,True,False,True,True,False,False,True,True,False,True,False,False
5813,19,93,1.0,2.0,7,95,0.0,3,1.0,1.0,3,0.0,0.0,71,True,False,True,False,True,False,False,True,True,False,True,False,False
5814,30,80,2.0,2.0,5,80,1.0,0,0.0,1.0,4,2.0,0.0,72,True,False,True,False,True,False,False,True,True,False,False,False,True
5815,15,88,0.0,1.0,4,67,1.0,1,1.0,2.0,4,0.0,2.0,66,True,False,True,False,False,True,False,True,True,False,False,False,True
5816,23,66,1.0,1.0,6,80,1.0,1,1.0,1.0,3,1.0,0.0,66,True,False,False,True,False,True,False,True,True,False,False,False,True
5817,19,86,1.0,1.0,6,81,1.0,3,1.0,2.0,3,1.0,0.0,70,False,True,False,True,True,False,False,True,True,False,False,True,False
5818,28,63,1.0,1.0,8,88,1.0,2,0.0,2.0,2,0.0,0.0,67,False,True,False,True,True,False,False,True,True,False,False,False,True
5819,22,67,1.0,1.0,7,79,1.0,1,1.0,0.0,3,1.0,1.0,65,True,False,True,False,False,True,False,True,True,False,False,True,False
5820,19,79,1.0,1.0,9,60,0.0,1,0.0,1.0,3,0.0,0.0,63,True,False,False,True,False,True,False,True,False,True,False,True,False
5821,15,86,2.0,0.0,8,79,1.0,3,0.0,1.0,3,1.0,0.0,68,True,False,False,True,True,False,False,True,True,False,False,False,True
5822,25,66,0.0,1.0,8,65,1.0,0,1.0,1.0,3,0.0,0.0,63,False,True,False,True,False,True,False,True,False,True,False,False,True
5823,9,67,1.0,2.0,8,54,1.0,3,1.0,2.0,5,1.0,1.0,63,False,True,True,False,False,True,False,True,True,False,False,False,True
5824,24,68,1.0,1.0,5,91,2.0,1,2.0,1.0,4,1.0,0.0,68,True,False,False,True,False,True,False,True,True,False,True,False,False
5825,13,70,1.0,1.0,6,53,1.0,2,0.0,1.0,0,1.0,1.0,60,True,False,False,True,False,True,False,True,False,True,True,False,False
5826,28,69,1.0,1.0,10,82,2.0,0,1.0,1.0,2,0.0,0.0,67,True,False,True,False,True,False,False,True,True,False,False,True,False
5827,21,76,0.0,0.0,4,99,2.0,0,0.0,0.0,3,1.0,2.0,65,False,True,False,True,False,True,False,True,True,False,False,False,True
5828,24,86,2.0,0.0,7,54,1.0,0,0.0,2.0,2,1.0,0.0,68,False,True,False,True,False,True,False,True,True,False,False,True,False
5829,20,78,1.0,0.0,8,61,1.0,0,1.0,1.0,2,0.0,1.0,62,True,False,False,True,True,False,False,True,False,True,False,True,False
5830,9,91,1.0,0.0,4,88,0.0,2,1.0,1.0,4,2.0,0.0,65,True,False,False,True,True,False,False,True,False,True,False,True,False
5831,15,89,1.0,1.0,6,55,2.0,1,0.0,1.0,3,0.0,0.0,66,False,True,True,False,False,True,False,True,True,False,False,False,True
5832,24,65,1.0,1.0,10,92,0.0,3,1.0,2.0,4,0.0,0.0,67,False,True,False,True,False,True,False,True,True,False,False,True,False
5833,21,62,0.0,2.0,7,50,0.0,1,2.0,1.0,2,0.0,1.0,60,True,False,False,True,False,True,True,False,True,False,True,False,False
5834,27,95,0.0,2.0,6,94,2.0,2,1.0,1.0,4,2.0,2.0,74,True,False,False,True,False,True,False,True,True,False,False,True,False
5835,22,63,0.0,0.0,7,53,1.0,1,2.0,1.0,4,0.0,0.0,62,False,True,False,True,False,True,False,True,True,False,False,True,False
5836,14,66,0.0,1.0,6,96,0.0,0,2.0,1.0,3,1.0,1.0,61,False,True,False,True,False,True,False,True,True,False,True,False,False
5837,15,61,1.0,1.0,10,93,2.0,0,1.0,2.0,4,0.0,0.0,63,False,True,False,True,True,False,False,True,True,False,False,True,False
5838,21,85,1.0,0.0,6,77,1.0,2,0.0,1.0,3,1.0,2.0,66,False,True,False,True,True,False,False,True,True,False,False,True,False
5839,6,83,1.0,1.0,6,89,1.0,1,0.0,1.0,4,2.0,0.0,65,True,False,False,True,True,False,False,True,True,False,False,False,True
5840,30,99,0.0,1.0,5,54,1.0,0,1.0,1.0,3,2.0,0.0,72,False,True,True,False,True,False,False,True,True,False,False,False,True
5841,23,95,2.0,1.0,7,57,1.0,1,0.0,1.0,2,0.0,0.0,70,True,False,True,False,True,False,False,True,True,False,False,True,False
5842,27,76,2.0,2.0,7,68,1.0,1,1.0,1.0,3,2.0,1.0,71,True,False,False,True,False,True,False,True,True,False,False,True,False
5843,11,75,2.0,2.0,9,77,1.0,1,2.0,2.0,2,1.0,1.0,64,False,True,True,False,False,True,True,False,False,True,False,True,False
5844,27,72,1.0,2.0,5,93,0.0,1,2.0,1.0,2,1.0,0.0,70,False,True,False,True,True,False,False,True,True,False,False,False,True
5845,33,66,1.0,1.0,8,77,1.0,2,1.0,0.0,3,0.0,0.0,68,False,True,False,True,True,False,False,True,True,False,False,True,False
5846,12,66,0.0,2.0,7,83,1.0,1,1.0,1.0,3,0.0,0.0,61,False,True,False,True,False,True,True,False,True,False,False,True,False
5847,25,65,2.0,1.0,4,84,2.0,1,2.0,1.0,2,0.0,0.0,68,False,True,False,True,False,True,False,True,True,False,False,False,True
5848,20,65,0.0,1.0,6,94,1.0,1,0.0,2.0,2,2.0,0.0,64,True,False,False,True,True,False,False,True,True,False,False,False,True
5849,11,70,1.0,2.0,6,89,0.0,2,1.0,1.0,4,0.0,0.0,64,True,False,False,True,False,True,False,True,True,False,False,False,True
5850,23,72,1.0,2.0,10,99,1.0,2,1.0,2.0,4,2.0,0.0,71,True,False,True,False,False,True,False,True,True,False,False,True,False
5851,25,98,1.0,2.0,8,51,1.0,0,1.0,1.0,2,1.0,1.0,72,True,False,True,False,False,True,False,True,True,False,False,False,True
5852,16,83,1.0,1.0,7,60,1.0,0,2.0,1.0,1,1.0,1.0,66,True,False,False,True,False,True,False,True,True,False,False,False,True
5853,27,100,0.0,1.0,4,97,0.0,4,0.0,2.0,3,0.0,0.0,74,True,False,False,True,False,True,False,True,True,False,False,False,True
5854,10,75,1.0,1.0,4,90,1.0,3,1.0,2.0,3,2.0,1.0,65,False,True,False,True,False,True,False,True,False,True,False,False,True
5855,11,78,2.0,2.0,8,63,0.0,1,0.0,1.0,3,0.0,0.0,64,True,False,False,True,True,False,False,True,True,False,False,True,False
5856,21,73,2.0,1.0,8,99,1.0,1,1.0,2.0,4,1.0,1.0,69,False,True,False,True,False,True,False,True,True,False,False,False,True
5857,20,67,1.0,1.0,6,93,0.0,1,0.0,1.0,3,1.0,0.0,62,False,True,False,True,True,False,True,False,False,True,True,False,False
5858,16,66,1.0,1.0,7,53,2.0,2,1.0,1.0,2,2.0,1.0,62,False,True,False,True,False,True,False,True,True,False,True,False,False
5859,25,98,0.0,0.0,7,91,1.0,2,0.0,0.0,3,2.0,0.0,72,True,False,False,True,False,True,False,True,True,False,False,False,True
5860,23,99,1.0,2.0,7,89,2.0,1,1.0,1.0,3,0.0,0.0,73,True,False,False,True,True,False,False,True,True,False,False,True,False
5861,25,62,1.0,0.0,6,61,2.0,1,1.0,1.0,4,2.0,1.0,64,True,False,False,True,True,False,False,True,True,False,False,False,True
5862,19,66,1.0,1.0,8,83,1.0,2,1.0,2.0,3,0.0,0.0,65,True,False,False,True,True,False,False,True,True,False,False,True,False
5863,24,77,2.0,2.0,9,99,1.0,1,0.0,1.0,1,0.0,0.0,70,False,True,False,True,False,True,False,True,True,False,False,False,True
5864,17,67,1.0,1.0,6,84,2.0,1,2.0,2.0,3,2.0,1.0,66,True,False,False,True,False,True,False,True,True,False,False,True,False
5865,32,75,0.0,2.0,5,91,0.0,1,2.0,1.0,2,1.0,1.0,70,True,False,False,True,True,False,False,True,True,False,False,False,True
5866,15,65,1.0,2.0,6,55,0.0,2,1.0,1.0,3,0.0,0.0,63,True,False,True,False,False,True,False,True,True,False,False,False,True
5867,33,78,0.0,0.0,7,86,1.0,1,0.0,2.0,4,0.0,0.0,69,False,True,False,True,True,False,False,True,True,False,False,False,True
5868,20,71,2.0,1.0,8,60,0.0,0,1.0,1.0,2,0.0,0.0,64,False,True,False,True,False,True,False,True,True,False,False,True,False
5869,12,74,0.0,1.0,8,54,1.0,2,1.0,1.0,5,2.0,1.0,63,True,False,True,False,True,False,False,True,True,False,False,False,True
5870,28,64,1.0,1.0,8,78,0.0,2,1.0,1.0,3,2.0,0.0,66,False,True,True,False,True,False,False,True,True,False,True,False,False
5871,21,77,1.0,1.0,8,88,0.0,2,2.0,1.0,1,1.0,1.0,68,True,False,True,False,False,True,False,True,True,False,False,False,True
5872,27,73,0.0,0.0,9,97,1.0,2,1.0,2.0,1,0.0,0.0,67,True,False,False,True,True,False,False,True,True,False,False,True,False
5873,22,95,1.0,1.0,7,85,1.0,0,1.0,1.0,4,1.0,0.0,71,False,True,True,False,True,False,False,True,True,False,False,False,True
5874,16,94,0.0,0.0,8,56,0.0,2,0.0,2.0,2,1.0,0.0,66,True,False,False,True,False,True,False,True,True,False,False,False,True
5875,26,98,1.0,0.0,7,97,1.0,2,0.0,1.0,2,2.0,1.0,72,False,True,False,True,False,True,False,True,False,True,False,True,False
5876,20,92,2.0,1.0,7,58,0.0,2,0.0,0.0,4,2.0,0.0,70,True,False,False,True,False,True,False,True,True,False,False,True,False
5877,24,86,1.0,1.0,7,88,1.0,1,0.0,1.0,3,0.0,2.0,69,False,True,False,True,False,True,False,True,True,False,False,True,False
5878,7,94,1.0,0.0,9,57,2.0,2,1.0,1.0,3,2.0,0.0,66,True,False,False,True,False,True,False,True,True,False,True,False,False
5879,23,63,2.0,2.0,7,100,0.0,2,1.0,2.0,3,2.0,0.0,69,True,False,True,False,True,False,False,True,True,False,False,False,True
5880,16,79,1.0,1.0,6,67,0.0,2,1.0,2.0,3,1.0,0.0,65,False,True,True,False,False,True,True,False,True,False,False,False,True
5881,30,100,2.0,2.0,6,75,1.0,0,0.0,1.0,4,1.0,1.0,75,True,False,False,True,True,False,False,True,True,False,False,True,False
5882,24,91,0.0,1.0,8,73,1.0,2,0.0,2.0,2,2.0,1.0,70,False,True,True,False,True,False,False,True,True,False,False,False,True
5883,21,98,2.0,0.0,6,55,0.0,1,1.0,1.0,3,0.0,0.0,70,False,True,False,True,False,True,False,True,True,False,False,False,True
5884,23,91,1.0,2.0,7,75,0.0,2,0.0,2.0,2,0.0,2.0,69,False,True,False,True,False,True,False,True,True,False,True,False,False
5885,14,95,2.0,1.0,7,57,1.0,2,0.0,0.0,2,1.0,0.0,68,True,False,False,True,True,False,False,True,True,False,False,True,False
5886,30,88,0.0,1.0,6,90,2.0,4,2.0,1.0,2,1.0,1.0,73,False,True,True,False,False,True,False,True,True,False,True,False,False
5887,32,90,1.0,1.0,5,98,2.0,0,1.0,2.0,3,1.0,1.0,74,False,True,False,True,False,True,False,True,True,False,False,True,False
5888,22,81,0.0,0.0,5,90,1.0,0,2.0,1.0,2,1.0,1.0,66,True,False,False,True,True,False,False,True,True,False,False,False,True
5889,30,97,2.0,1.0,6,72,2.0,1,0.0,2.0,2,0.0,2.0,74,True,False,False,True,False,True,False,True,True,False,False,False,True
5890,17,93,1.0,0.0,5,50,0.0,3,2.0,1.0,2,0.0,1.0,67,False,True,False,True,False,True,False,True,True,False,False,False,True
5891,15,94,2.0,1.0,8,52,0.0,1,1.0,1.0,2,1.0,2.0,67,True,False,True,False,False,True,False,True,True,False,False,False,True
5892,20,87,1.0,2.0,10,75,0.0,3,1.0,1.0,2,1.0,0.0,70,True,False,True,False,True,False,False,True,True,False,False,True,False
5893,23,72,0.0,2.0,6,84,1.0,1,2.0,2.0,2,0.0,0.0,67,False,True,False,True,False,True,False,True,True,False,False,True,False
5894,23,97,1.0,2.0,6,80,0.0,1,0.0,0.0,2,1.0,1.0,70,False,True,False,True,False,True,False,True,True,False,True,False,False
5895,22,83,2.0,1.0,8,99,0.0,4,2.0,2.0,4,0.0,0.0,71,True,False,False,True,True,False,False,True,False,True,True,False,False
5896,14,72,1.0,0.0,8,75,2.0,4,2.0,1.0,2,1.0,0.0,64,False,True,True,False,True,False,False,True,False,True,False,False,True
5897,23,66,2.0,2.0,7,80,1.0,1,1.0,1.0,3,1.0,1.0,68,True,False,False,True,False,True,False,True,True,False,False,False,True
5898,25,93,1.0,1.0,5,62,1.0,0,0.0,1.0,3,0.0,2.0,68,False,True,False,True,True,False,False,True,True,False,False,True,False
5899,21,93,1.0,1.0,6,67,1.0,1,2.0,1.0,3,0.0,0.0,69,True,False,False,True,False,True,True,False,True,False,False,False,True
5900,27,93,2.0,0.0,7,84,0.0,1,1.0,1.0,2,2.0,0.0,72,False,True,True,False,False,True,False,True,True,False,False,True,False
5901,13,86,1.0,1.0,7,80,1.0,0,0.0,1.0,5,1.0,0.0,65,False,True,True,False,True,False,False,True,True,False,True,False,False
5902,23,75,0.0,0.0,7,68,1.0,1,2.0,0.0,4,0.0,0.0,64,False,True,True,False,False,True,False,True,False,True,False,True,False
5903,13,72,1.0,2.0,8,56,0.0,1,0.0,2.0,4,2.0,1.0,64,True,False,False,True,True,False,False,True,True,False,False,False,True
5904,16,93,2.0,1.0,7,52,0.0,2,1.0,2.0,3,0.0,0.0,69,False,True,False,True,False,True,False,True,True,False,False,True,False
5905,14,63,2.0,0.0,7,79,1.0,1,0.0,1.0,3,0.0,0.0,61,False,True,False,True,True,False,False,True,True,False,False,True,False
5906,17,85,2.0,2.0,6,66,1.0,0,1.0,2.0,2,1.0,1.0,68,True,False,False,True,False,True,False,True,True,False,False,True,False
5907,19,80,2.0,1.0,6,69,0.0,1,0.0,0.0,4,1.0,0.0,66,False,True,True,False,False,True,False,True,False,True,False,True,False
5908,25,81,1.0,1.0,8,79,0.0,1,1.0,1.0,4,1.0,0.0,68,True,False,False,True,True,False,False,True,True,False,False,True,False
5909,18,97,0.0,2.0,5,79,0.0,2,0.0,2.0,3,1.0,1.0,70,False,True,False,True,True,False,False,True,True,False,False,False,True
5910,10,61,2.0,0.0,10,79,1.0,4,2.0,2.0,2,1.0,1.0,62,False,True,False,True,False,True,False,True,False,True,False,False,True
5911,27,91,1.0,1.0,8,75,0.0,2,1.0,2.0,3,0.0,0.0,71,False,True,True,False,True,False,False,True,True,False,False,True,False
5912,15,62,1.0,1.0,7,74,2.0,0,0.0,2.0,3,2.0,1.0,61,True,False,False,True,True,False,False,True,True,False,True,False,False
5913,20,62,2.0,1.0,7,91,0.0,1,1.0,0.0,3,1.0,0.0,64,False,True,False,True,False,True,False,True,True,False,True,False,False
5914,23,77,1.0,0.0,8,73,1.0,1,0.0,0.0,2,1.0,0.0,65,False,True,False,True,True,False,False,True,True,False,False,False,True
5915,21,63,0.0,1.0,6,77,0.0,3,1.0,2.0,1,0.0,0.0,63,False,True,False,True,False,True,False,True,True,False,True,False,False
5916,27,92,2.0,1.0,6,99,0.0,4,0.0,0.0,3,0.0,0.0,74,True,False,True,False,False,True,False,True,True,False,False,False,True
5917,23,81,1.0,2.0,9,59,0.0,2,1.0,2.0,2,1.0,0.0,68,False,True,False,True,True,False,False,True,True,False,False,True,False
5918,15,61,2.0,1.0,6,86,2.0,2,2.0,2.0,3,0.0,0.0,65,True,False,False,True,False,True,False,True,True,False,False,True,False
5919,33,62,1.0,1.0,7,74,0.0,2,1.0,1.0,2,1.0,1.0,66,False,True,False,True,True,False,False,True,True,False,False,True,False
5920,21,85,1.0,2.0,6,92,1.0,1,1.0,2.0,2,0.0,1.0,69,False,True,False,True,False,True,False,True,False,True,False,True,False
5921,19,92,0.0,1.0,7,70,0.0,2,2.0,1.0,2,1.0,0.0,69,False,True,True,False,False,True,False,True,True,False,False,False,True
5922,26,78,2.0,1.0,8,65,1.0,3,1.0,1.0,3,1.0,0.0,70,True,False,False,True,True,False,False,True,True,False,False,False,True
5923,21,82,1.0,1.0,10,60,2.0,3,2.0,2.0,4,0.0,0.0,70,True,False,False,True,False,True,False,True,True,False,False,False,True
5924,22,92,1.0,1.0,6,94,1.0,1,1.0,1.0,3,0.0,0.0,71,False,True,False,True,False,True,False,True,True,False,False,False,True
5925,35,84,1.0,1.0,5,86,1.0,1,1.0,1.0,3,0.0,0.0,72,True,False,False,True,True,False,False,True,True,False,False,True,False
5926,18,69,1.0,0.0,7,54,1.0,1,0.0,2.0,4,0.0,1.0,61,False,True,False,True,True,False,False,True,True,False,False,True,False
5927,18,85,1.0,2.0,6,86,2.0,1,1.0,1.0,3,0.0,0.0,68,True,False,True,False,False,True,True,False,True,False,False,True,False
5928,21,85,1.0,0.0,7,52,1.0,3,0.0,1.0,3,0.0,0.0,66,False,True,True,False,False,True,False,True,True,False,False,True,False
5929,26,89,1.0,1.0,8,59,0.0,1,0.0,2.0,4,0.0,0.0,70,False,True,False,True,False,True,False,True,True,False,False,True,False
5930,11,85,1.0,0.0,10,80,0.0,0,0.0,2.0,3,1.0,0.0,63,True,False,False,True,True,False,True,False,True,False,False,False,True
5931,8,99,1.0,2.0,6,73,1.0,1,1.0,1.0,3,0.0,2.0,68,True,False,False,True,False,True,False,True,True,False,False,False,True
5932,16,68,0.0,1.0,4,92,1.0,1,1.0,1.0,4,1.0,0.0,62,False,True,False,True,False,True,True,False,True,False,True,False,False
5933,10,98,1.0,2.0,7,80,0.0,3,1.0,1.0,3,1.0,0.0,69,False,True,True,False,True,False,False,True,True,False,False,True,False
5934,17,82,1.0,1.0,8,98,1.0,3,1.0,2.0,4,0.0,1.0,69,False,True,False,True,False,True,False,True,True,False,False,False,True
5935,23,87,1.0,0.0,6,93,1.0,1,2.0,2.0,4,2.0,0.0,72,True,False,True,False,False,True,False,True,True,False,False,False,True
5936,15,64,2.0,1.0,7,67,1.0,2,0.0,2.0,3,0.0,0.0,64,False,True,False,True,False,True,False,True,True,False,False,False,True
5937,11,75,0.0,1.0,7,92,1.0,2,0.0,2.0,4,1.0,1.0,63,True,False,False,True,True,False,True,False,True,False,False,False,True
5938,20,91,1.0,1.0,7,93,2.0,1,0.0,1.0,3,2.0,1.0,70,False,True,False,True,False,True,False,True,True,False,True,False,False
5939,25,88,0.0,1.0,8,98,0.0,1,0.0,0.0,4,2.0,0.0,69,False,True,True,False,False,True,True,False,True,False,False,True,False
5940,10,62,2.0,2.0,7,51,1.0,1,1.0,2.0,2,0.0,0.0,61,False,True,True,False,True,False,False,True,True,False,False,False,True
5941,25,82,2.0,2.0,8,94,0.0,2,0.0,1.0,3,0.0,1.0,70,False,True,False,True,True,False,False,True,True,False,False,True,False
5942,25,64,1.0,1.0,4,53,0.0,1,1.0,1.0,2,1.0,0.0,64,False,True,False,True,False,True,False,True,True,False,False,True,False
5943,27,96,1.0,1.0,6,71,1.0,2,1.0,1.0,2,1.0,0.0,73,True,False,False,True,False,True,False,True,True,False,False,True,False
5944,33,61,0.0,0.0,5,96,1.0,2,1.0,1.0,3,0.0,0.0,67,False,True,False,True,False,True,False,True,True,False,True,False,False
5945,18,94,1.0,1.0,7,70,1.0,2,1.0,2.0,3,1.0,0.0,69,True,False,False,True,False,True,True,False,True,False,True,False,False
5946,21,97,1.0,1.0,6,80,0.0,2,1.0,1.0,4,1.0,0.0,72,False,True,True,False,False,True,False,True,True,False,False,False,True
5947,18,74,1.0,1.0,6,85,1.0,4,1.0,1.0,3,1.0,1.0,66,True,False,True,False,True,False,False,True,True,False,True,False,False
5948,20,89,1.0,1.0,8,51,1.0,3,1.0,2.0,3,2.0,0.0,70,True,False,False,True,False,True,False,True,True,False,False,False,True
5949,29,78,1.0,2.0,7,80,1.0,2,1.0,1.0,4,2.0,0.0,73,True,False,False,True,False,True,False,True,True,False,False,False,True
5950,12,86,2.0,1.0,5,76,0.0,2,2.0,1.0,3,2.0,0.0,68,True,False,False,True,False,True,True,False,True,False,False,False,True
5951,15,74,1.0,2.0,6,80,1.0,2,2.0,1.0,3,2.0,1.0,66,False,True,False,True,True,False,False,True,True,False,True,False,False
5952,28,73,0.0,1.0,8,54,1.0,4,1.0,1.0,1,0.0,0.0,67,True,False,True,False,False,True,False,True,True,False,False,True,False
5953,26,77,1.0,0.0,7,53,2.0,3,1.0,2.0,3,0.0,0.0,67,True,False,True,False,True,False,True,False,True,False,False,False,True
5954,18,66,1.0,2.0,9,59,1.0,0,0.0,1.0,3,0.0,0.0,62,False,True,True,False,False,True,True,False,True,False,False,False,True
5955,25,93,0.0,1.0,8,93,1.0,2,1.0,1.0,3,1.0,0.0,72,False,True,False,True,True,False,False,True,True,False,False,False,True
5956,22,74,0.0,2.0,6,68,1.0,0,1.0,0.0,4,0.0,2.0,65,False,True,False,True,False,True,False,True,True,False,False,False,True
5957,29,76,1.0,0.0,9,72,1.0,1,2.0,1.0,3,0.0,0.0,69,False,True,False,True,False,True,False,True,True,False,False,False,True
5958,20,96,1.0,2.0,9,70,1.0,2,0.0,0.0,2,0.0,0.0,69,False,True,False,True,True,False,False,True,False,True,False,False,True
5959,26,80,2.0,1.0,4,86,1.0,0,0.0,1.0,4,1.0,1.0,69,False,True,False,True,False,True,True,False,True,False,False,False,True
5960,36,82,0.0,0.0,7,63,1.0,0,1.0,1.0,3,0.0,0.0,69,False,True,True,False,False,True,False,True,True,False,False,False,True
5961,24,98,0.0,1.0,6,53,1.0,1,1.0,0.0,2,0.0,0.0,69,True,False,False,True,False,True,False,True,True,False,False,True,False
5962,20,95,1.0,2.0,7,69,0.0,0,1.0,2.0,3,0.0,0.0,70,False,True,False,True,False,True,False,True,True,False,False,True,False
5963,24,67,2.0,0.0,6,86,1.0,6,0.0,1.0,3,2.0,1.0,67,True,False,True,False,True,False,False,True,False,True,False,False,True
5964,18,79,1.0,2.0,6,96,1.0,3,1.0,0.0,3,2.0,0.0,69,False,True,False,True,False,True,False,True,False,True,False,False,True
5965,34,99,1.0,1.0,8,53,1.0,0,1.0,2.0,5,1.0,0.0,75,False,True,False,True,False,True,False,True,True,False,False,True,False
5966,21,75,0.0,1.0,5,91,1.0,2,0.0,0.0,3,0.0,0.0,66,False,True,False,True,False,True,False,True,True,False,False,True,False
5967,18,75,1.0,0.0,7,53,1.0,0,2.0,2.0,2,0.0,0.0,63,False,True,False,True,False,True,False,True,True,False,False,True,False
5968,15,68,1.0,1.0,5,67,1.0,3,1.0,2.0,4,2.0,1.0,64,False,True,True,False,False,True,False,True,True,False,True,False,False
5969,27,65,1.0,1.0,9,51,1.0,2,2.0,1.0,2,2.0,1.0,66,True,False,True,False,False,True,False,True,True,False,False,False,True
5970,25,90,1.0,1.0,7,96,1.0,1,1.0,1.0,4,1.0,1.0,72,False,True,False,True,False,True,False,True,True,False,False,False,True
5971,17,91,1.0,2.0,8,85,2.0,3,1.0,2.0,4,1.0,1.0,71,True,False,False,True,True,False,False,True,True,False,False,True,False
5972,23,99,0.0,1.0,7,68,1.0,0,2.0,2.0,2,0.0,2.0,70,False,True,True,False,False,True,False,True,True,False,False,False,True
5973,11,91,2.0,1.0,7,69,1.0,2,0.0,1.0,2,1.0,0.0,67,False,True,True,False,True,False,False,True,True,False,False,False,True
5974,21,70,1.0,0.0,7,82,2.0,0,2.0,2.0,3,0.0,0.0,65,True,False,False,True,True,False,False,True,True,False,False,False,True
5975,23,62,2.0,2.0,9,54,0.0,3,0.0,1.0,4,0.0,0.0,65,False,True,True,False,False,True,False,True,True,False,False,True,False
5976,30,99,1.0,1.0,6,57,1.0,0,0.0,1.0,4,2.0,0.0,73,False,True,False,True,False,True,False,True,True,False,False,True,False
5977,15,74,1.0,1.0,4,92,0.0,1,1.0,1.0,3,2.0,0.0,66,False,True,True,False,False,True,False,True,True,False,False,False,True
5978,12,72,0.0,1.0,6,60,2.0,0,0.0,1.0,4,2.0,0.0,62,False,True,False,True,False,True,False,True,True,False,False,True,False
5979,15,96,1.0,2.0,5,86,1.0,2,2.0,1.0,2,0.0,0.0,71,False,True,True,False,True,False,False,True,True,False,False,False,True
5980,12,83,1.0,2.0,8,61,1.0,3,2.0,1.0,5,0.0,0.0,66,False,True,False,True,True,False,False,True,False,True,False,True,False
5981,28,69,2.0,2.0,7,54,0.0,1,0.0,1.0,2,1.0,2.0,65,False,True,False,True,False,True,True,False,True,False,False,True,False
5982,29,96,1.0,2.0,8,95,1.0,0,2.0,1.0,2,0.0,0.0,75,True,False,True,False,False,True,False,True,True,False,False,False,True
5983,22,100,2.0,1.0,7,95,1.0,2,0.0,1.0,4,1.0,0.0,74,False,True,False,True,True,False,False,True,True,False,False,False,True
5984,27,63,1.0,0.0,7,80,2.0,1,1.0,2.0,3,0.0,1.0,65,False,True,True,False,False,True,False,True,True,False,False,True,False
5985,21,94,1.0,1.0,7,73,0.0,2,0.0,1.0,3,2.0,0.0,71,True,False,True,False,True,False,False,True,True,False,False,False,True
5986,19,76,2.0,0.0,9,78,0.0,1,0.0,1.0,1,2.0,0.0,65,True,False,False,True,False,True,False,True,True,False,True,False,False
5987,18,81,1.0,0.0,7,70,2.0,0,0.0,1.0,2,1.0,0.0,65,False,True,True,False,False,True,False,True,True,False,False,True,False
5988,18,97,1.0,0.0,9,88,1.0,0,0.0,1.0,4,0.0,1.0,67,True,False,False,True,True,False,False,True,True,False,False,True,False
5989,11,99,1.0,0.0,9,88,1.0,2,0.0,1.0,2,0.0,1.0,67,False,True,False,True,False,True,False,True,True,False,False,True,False
5990,22,70,1.0,1.0,7,91,1.0,2,1.0,1.0,1,0.0,0.0,66,False,True,False,True,True,False,False,True,True,False,False,False,True
5991,20,69,2.0,1.0,7,76,2.0,1,1.0,1.0,3,0.0,0.0,67,True,False,False,True,False,True,False,True,True,False,False,False,True
5992,24,63,1.0,1.0,6,90,1.0,2,0.0,1.0,5,2.0,0.0,66,True,False,True,False,True,False,True,False,True,False,False,True,False
5993,21,82,0.0,2.0,9,58,1.0,0,1.0,1.0,2,0.0,0.0,65,False,True,False,True,True,False,False,True,True,False,True,False,False
5994,19,61,2.0,1.0,6,52,0.0,1,0.0,1.0,3,0.0,2.0,59,True,False,False,True,False,True,True,False,True,False,False,True,False
5995,15,76,2.0,2.0,6,82,1.0,4,0.0,2.0,4,0.0,1.0,69,True,False,True,False,False,True,False,True,True,False,False,False,True
5996,20,63,1.0,1.0,7,55,2.0,2,0.0,2.0,3,0.0,0.0,63,False,True,False,True,True,False,False,True,True,False,True,False,False
5997,24,76,0.0,1.0,5,78,2.0,1,1.0,1.0,4,0.0,1.0,65,False,True,True,False,True,False,False,True,False,True,False,True,False
5998,13,62,1.0,0.0,6,86,2.0,2,0.0,1.0,4,0.0,0.0,61,False,True,False,True,True,False,False,True,True,False,False,True,False
5999,21,93,0.0,1.0,9,70,1.0,0,1.0,2.0,1,2.0,2.0,68,True,False,False,True,True,False,False,True,True,False,False,True,False
6000,21,68,1.0,2.0,8,52,1.0,3,0.0,1.0,2,1.0,1.0,65,False,True,False,True,False,True,False,True,True,False,False,True,False
6001,16,73,0.0,0.0,6,94,1.0,1,0.0,1.0,2,1.0,0.0,61,True,False,True,False,True,False,True,False,True,False,True,False,False
6002,16,95,1.0,2.0,8,52,1.0,0,0.0,1.0,3,2.0,1.0,69,False,True,True,False,False,True,False,True,True,False,False,False,True
6003,21,90,0.0,1.0,10,95,2.0,2,2.0,2.0,4,1.0,0.0,72,False,True,True,False,False,True,False,True,True,False,False,True,False
6004,13,69,1.0,0.0,7,53,2.0,2,1.0,1.0,3,0.0,0.0,59,True,False,True,False,False,True,True,False,False,True,True,False,False
6005,22,63,1.0,1.0,9,87,0.0,0,2.0,2.0,2,1.0,1.0,63,True,False,False,True,True,False,False,True,True,False,True,False,False
6006,15,89,1.0,1.0,8,96,2.0,3,0.0,2.0,3,0.0,0.0,69,False,True,False,True,False,True,False,True,True,False,True,False,False
6007,26,76,0.0,0.0,7,95,2.0,1,0.0,2.0,1,2.0,0.0,67,False,True,False,True,True,False,False,True,True,False,False,True,False
6008,34,91,0.0,1.0,7,95,1.0,1,1.0,1.0,3,1.0,1.0,70,False,True,False,True,True,False,True,False,False,True,True,False,False
6009,15,78,1.0,2.0,8,94,2.0,0,0.0,1.0,4,2.0,1.0,67,False,True,True,False,True,False,False,True,True,False,False,False,True
6010,23,74,1.0,1.0,6,76,1.0,1,0.0,1.0,2,1.0,0.0,66,False,True,False,True,False,True,True,False,True,False,False,False,True
6011,16,78,1.0,1.0,4,78,1.0,5,2.0,1.0,3,0.0,0.0,68,True,False,False,True,False,True,False,True,True,False,False,False,True
6012,26,90,0.0,2.0,6,81,1.0,1,0.0,1.0,3,2.0,0.0,71,False,True,True,False,False,True,False,True,True,False,False,True,False
6013,12,96,2.0,1.0,4,95,1.0,3,1.0,1.0,0,0.0,0.0,69,False,True,True,False,True,False,False,True,False,True,False,True,False
6014,23,62,2.0,1.0,6,92,0.0,0,2.0,1.0,2,0.0,1.0,65,False,True,False,True,False,True,False,True,True,False,False,True,False
6015,15,81,1.0,1.0,4,89,2.0,0,0.0,1.0,3,2.0,0.0,66,True,False,True,False,True,False,False,True,True,False,True,False,False
6016,19,61,1.0,2.0,8,84,2.0,2,1.0,2.0,4,0.0,0.0,66,False,True,False,True,False,True,False,True,True,False,False,False,True
6017,14,79,2.0,1.0,5,81,2.0,3,2.0,1.0,3,0.0,0.0,67,True,False,False,True,True,False,False,True,True,False,True,False,False
6018,25,95,2.0,1.0,8,96,0.0,1,1.0,1.0,4,2.0,0.0,74,False,True,False,True,False,True,False,True,True,False,False,True,False
6019,15,74,2.0,2.0,8,60,0.0,3,0.0,1.0,5,0.0,1.0,66,False,True,False,True,True,False,False,True,True,False,False,False,True
6020,23,97,1.0,2.0,8,60,1.0,1,1.0,2.0,3,1.0,0.0,72,False,True,False,True,False,True,False,True,True,False,False,True,False
6021,18,85,2.0,0.0,4,99,2.0,0,0.0,1.0,4,1.0,0.0,69,False,True,True,False,False,True,False,True,True,False,False,True,False
6022,19,97,0.0,2.0,9,78,1.0,0,1.0,1.0,4,0.0,1.0,68,True,False,True,False,True,False,False,True,True,False,True,False,False
6023,21,90,1.0,2.0,8,74,1.0,4,0.0,1.0,3,0.0,0.0,71,False,True,True,False,False,True,False,True,True,False,False,True,False
6024,15,64,1.0,1.0,8,93,1.0,0,0.0,1.0,2,0.0,0.0,61,True,False,False,True,True,False,False,True,True,False,True,False,False
6025,21,69,1.0,1.0,10,92,0.0,2,0.0,1.0,3,0.0,0.0,65,False,True,True,False,False,True,False,True,True,False,False,True,False
6026,29,76,1.0,2.0,8,59,1.0,4,0.0,2.0,2,2.0,0.0,71,False,True,False,True,False,True,False,True,True,False,False,True,False
6027,15,67,0.0,1.0,5,59,0.0,0,0.0,1.0,3,0.0,0.0,59,False,True,True,False,False,True,False,True,True,False,False,True,False
6028,27,80,2.0,1.0,8,90,0.0,1,1.0,2.0,3,2.0,0.0,71,True,False,False,True,True,False,False,True,True,False,False,True,False
6029,29,79,1.0,2.0,5,89,1.0,0,2.0,2.0,3,2.0,0.0,72,True,False,False,True,True,False,False,True,True,False,False,True,False
6030,15,98,2.0,2.0,7,61,1.0,1,0.0,2.0,3,1.0,1.0,71,True,False,True,False,False,True,False,True,True,False,False,False,True
6031,11,77,0.0,0.0,6,92,0.0,0,0.0,1.0,5,0.0,0.0,61,False,True,False,True,False,True,False,True,True,False,False,True,False
6032,22,91,1.0,1.0,7,74,1.0,1,1.0,1.0,2,1.0,1.0,67,True,False,True,False,True,False,False,True,False,True,True,False,False
6033,17,98,1.0,1.0,5,73,0.0,0,0.0,2.0,2,1.0,1.0,67,False,True,False,True,True,False,False,True,True,False,True,False,False
6034,31,95,1.0,1.0,5,99,1.0,1,1.0,1.0,4,0.0,0.0,74,True,False,True,False,True,False,False,True,True,False,False,True,False
6035,20,68,2.0,2.0,6,76,0.0,2,1.0,1.0,3,0.0,0.0,66,True,False,False,True,True,False,False,True,True,False,False,True,False
6036,15,80,1.0,1.0,7,57,0.0,1,0.0,1.0,4,0.0,0.0,63,False,True,True,False,False,True,False,True,True,False,True,False,False
6037,13,74,1.0,1.0,6,64,0.0,4,2.0,2.0,3,0.0,0.0,63,False,True,True,False,True,False,False,True,False,True,False,True,False
6038,27,76,2.0,2.0,9,67,1.0,1,0.0,1.0,4,0.0,2.0,68,True,False,False,True,True,False,False,True,True,False,False,False,True
6039,17,74,1.0,0.0,8,98,0.0,1,2.0,2.0,3,0.0,0.0,65,True,False,False,True,False,True,False,True,True,False,False,True,False
6040,20,93,1.0,0.0,8,63,1.0,0,0.0,2.0,3,0.0,1.0,66,False,True,False,True,True,False,False,True,True,False,True,False,False
6041,26,78,1.0,1.0,6,72,1.0,1,0.0,1.0,3,0.0,1.0,67,True,False,True,False,True,False,False,True,True,False,False,True,False
6042,17,81,1.0,1.0,5,87,2.0,0,0.0,2.0,2,1.0,0.0,67,True,False,True,False,True,False,False,True,True,False,False,True,False
6043,20,99,1.0,0.0,7,64,2.0,0,1.0,1.0,4,0.0,0.0,70,False,True,False,True,False,True,False,True,True,False,False,False,True
6044,20,62,0.0,1.0,10,85,2.0,5,0.0,1.0,4,0.0,0.0,65,False,True,True,False,False,True,False,True,True,False,False,True,False
6045,24,80,1.0,1.0,7,60,1.0,1,2.0,2.0,3,0.0,1.0,68,True,False,False,True,False,True,False,True,True,False,False,False,True
6046,24,91,1.0,2.0,9,62,0.0,3,0.0,1.0,4,1.0,1.0,70,False,True,False,True,False,True,False,True,True,False,True,False,False
6047,19,66,2.0,0.0,9,99,1.0,1,1.0,1.0,3,1.0,0.0,66,False,True,False,True,True,False,False,True,True,False,False,False,True
6048,20,84,2.0,1.0,8,68,1.0,0,0.0,1.0,4,2.0,0.0,69,False,True,True,False,False,True,False,True,True,False,False,False,True
6049,18,70,1.0,1.0,7,86,1.0,1,2.0,1.0,2,0.0,0.0,65,True,False,False,True,True,False,False,True,True,False,False,False,True
6050,11,95,1.0,1.0,6,92,1.0,2,1.0,0.0,3,2.0,1.0,68,True,False,False,True,False,True,True,False,True,False,False,True,False
6051,22,73,0.0,1.0,7,67,1.0,3,2.0,1.0,2,0.0,2.0,65,False,True,True,False,False,True,False,True,True,False,False,False,True
6052,31,73,1.0,2.0,6,68,2.0,1,1.0,1.0,3,0.0,0.0,70,True,False,False,True,False,True,False,True,True,False,False,False,True
6053,15,84,0.0,0.0,7,89,2.0,1,0.0,2.0,3,0.0,0.0,65,True,False,False,True,False,True,False,True,True,False,False,True,False
6054,15,67,2.0,1.0,5,80,2.0,3,1.0,2.0,4,1.0,0.0,67,False,True,False,True,False,True,False,True,True,False,False,True,False
6055,15,71,2.0,0.0,6,68,0.0,5,0.0,1.0,4,1.0,0.0,64,True,False,False,True,True,False,True,False,True,False,False,False,True
6056,24,77,1.0,1.0,8,87,2.0,2,0.0,1.0,1,2.0,1.0,68,True,False,False,True,True,False,False,True,False,True,False,False,True
6057,23,74,1.0,2.0,6,93,1.0,4,2.0,1.0,3,0.0,0.0,70,True,False,True,False,False,True,False,True,True,False,False,True,False
6058,19,81,0.0,2.0,6,62,1.0,1,1.0,0.0,3,0.0,1.0,64,True,False,False,True,False,True,True,False,True,False,True,False,False
6059,14,84,2.0,1.0,6,51,0.0,4,2.0,1.0,3,0.0,0.0,67,False,True,False,True,True,False,False,True,True,False,False,True,False
6060,21,83,2.0,2.0,7,64,1.0,2,1.0,0.0,2,0.0,0.0,68,False,True,True,False,True,False,False,True,True,False,False,True,False
6061,11,86,1.0,1.0,4,84,1.0,5,0.0,2.0,4,0.0,0.0,67,False,True,False,True,False,True,False,True,False,True,False,True,False
6062,21,72,1.0,0.0,6,96,0.0,4,2.0,1.0,2,1.0,1.0,66,True,False,False,True,False,True,False,True,False,True,False,False,True
6063,25,65,1.0,2.0,8,93,0.0,2,1.0,1.0,3,1.0,1.0,66,True,False,False,True,False,True,True,False,True,False,True,False,False
6064,12,90,1.0,0.0,7,61,1.0,2,0.0,2.0,2,0.0,0.0,66,False,True,True,False,False,True,False,True,True,False,False,False,True
6065,11,94,0.0,0.0,8,94,1.0,2,0.0,1.0,2,1.0,0.0,67,False,True,False,True,False,True,False,True,True,False,False,False,True
6066,29,70,1.0,1.0,4,91,0.0,2,0.0,1.0,3,1.0,0.0,69,False,True,False,True,False,True,False,True,True,False,False,False,True
6067,16,76,0.0,1.0,6,87,1.0,3,0.0,1.0,4,1.0,0.0,65,True,False,True,False,True,False,False,True,True,False,False,True,False
6068,27,80,0.0,0.0,7,84,0.0,4,0.0,1.0,3,1.0,1.0,68,False,True,False,True,False,True,False,True,True,False,False,False,True
6069,19,81,0.0,2.0,8,90,1.0,2,0.0,1.0,3,0.0,0.0,67,True,False,True,False,True,False,False,True,True,False,False,True,False
6070,19,86,1.0,1.0,9,93,0.0,1,0.0,2.0,3,1.0,0.0,69,False,True,False,True,False,True,False,True,True,False,False,False,True
6071,23,62,1.0,1.0,8,91,2.0,3,2.0,0.0,3,0.0,1.0,64,False,True,False,True,True,False,True,False,True,False,False,True,False
6072,15,89,1.0,1.0,6,56,0.0,2,1.0,1.0,4,1.0,0.0,67,False,True,False,True,True,False,False,True,True,False,False,False,True
6073,21,62,2.0,1.0,6,86,1.0,2,1.0,2.0,4,0.0,0.0,67,True,False,True,False,True,False,False,True,True,False,False,False,True
6074,18,79,1.0,2.0,9,92,0.0,1,0.0,1.0,3,1.0,0.0,67,False,True,True,False,True,False,False,True,True,False,False,True,False
6075,12,93,1.0,2.0,6,59,1.0,2,0.0,1.0,3,0.0,1.0,67,True,False,True,False,True,False,False,True,True,False,False,False,True
6076,22,78,1.0,2.0,5,61,0.0,2,0.0,1.0,4,1.0,0.0,68,False,True,False,True,False,True,False,True,True,False,False,True,False
6077,18,66,1.0,1.0,7,89,2.0,4,0.0,1.0,3,0.0,0.0,65,False,True,False,True,False,True,False,True,False,True,False,False,True
6078,19,99,0.0,2.0,9,67,0.0,3,2.0,1.0,1,1.0,1.0,70,False,True,False,True,True,False,False,True,True,False,False,True,False
6079,13,96,1.0,1.0,6,70,1.0,1,0.0,2.0,3,1.0,0.0,68,True,False,False,True,True,False,False,True,True,False,False,True,False
6080,30,91,2.0,0.0,6,69,1.0,2,1.0,2.0,4,0.0,1.0,72,True,False,False,True,False,True,False,True,True,False,True,False,False
6081,25,76,1.0,2.0,6,61,1.0,1,1.0,1.0,3,2.0,2.0,67,False,True,False,True,True,False,False,True,True,False,False,True,False
6082,26,67,2.0,0.0,8,97,1.0,2,1.0,1.0,0,0.0,1.0,66,True,False,False,True,False,True,False,True,True,False,False,True,False
6083,18,98,0.0,0.0,7,90,0.0,0,2.0,2.0,1,0.0,1.0,68,False,True,True,False,False,True,False,True,True,False,False,False,True
6084,10,81,1.0,2.0,8,63,1.0,1,0.0,0.0,2,0.0,0.0,64,False,True,False,True,True,False,False,True,True,False,False,True,False
6085,32,94,1.0,2.0,9,55,2.0,4,1.0,1.0,2,0.0,0.0,75,False,True,True,False,False,True,False,True,False,True,False,False,True
6086,20,74,2.0,0.0,5,69,2.0,1,1.0,1.0,4,1.0,1.0,66,True,False,False,True,False,True,False,True,True,False,False,False,True
6087,16,73,2.0,2.0,6,71,1.0,0,0.0,1.0,4,2.0,0.0,67,False,True,False,True,False,True,False,True,True,False,False,False,True
6088,23,99,2.0,2.0,6,50,1.0,1,2.0,1.0,5,0.0,0.0,71,False,True,True,False,True,False,True,False,False,True,False,True,False
6089,27,81,0.0,2.0,7,94,0.0,0,0.0,1.0,4,1.0,1.0,68,False,True,False,True,True,False,False,True,True,False,False,True,False
6090,20,66,1.0,1.0,8,93,1.0,2,0.0,2.0,3,0.0,0.0,65,False,True,False,True,False,True,False,True,True,False,False,True,False
6091,28,69,0.0,2.0,6,93,0.0,0,2.0,0.0,3,1.0,0.0,67,False,True,False,True,False,True,False,True,True,False,True,False,False
6092,26,79,0.0,2.0,6,90,0.0,0,2.0,1.0,2,1.0,1.0,66,False,True,True,False,False,True,True,False,False,True,True,False,False
6093,14,62,0.0,1.0,8,87,1.0,1,1.0,1.0,1,0.0,1.0,60,False,True,False,True,True,False,False,True,True,False,False,False,True
6094,16,79,1.0,1.0,8,82,0.0,2,0.0,1.0,3,2.0,1.0,64,True,False,True,False,True,False,False,True,False,True,False,True,False
6095,26,77,1.0,1.0,7,98,0.0,0,2.0,1.0,1,2.0,0.0,69,False,True,False,True,False,True,False,True,True,False,False,True,False
6096,4,91,1.0,1.0,4,86,0.0,3,0.0,1.0,4,1.0,1.0,64,False,True,True,False,True,False,False,True,False,True,False,True,False
6097,19,74,1.0,2.0,9,82,2.0,2,0.0,1.0,3,0.0,1.0,66,False,True,True,False,True,False,False,True,True,False,False,True,False
6098,11,99,2.0,1.0,7,89,2.0,3,0.0,1.0,3,1.0,0.0,72,False,True,False,True,False,True,False,True,True,False,False,False,True
6099,17,67,0.0,0.0,7,62,1.0,0,0.0,1.0,4,0.0,1.0,60,True,False,False,True,False,True,False,True,True,False,False,False,True
6100,18,84,0.0,2.0,6,98,0.0,3,1.0,1.0,3,0.0,0.0,69,False,True,False,True,False,True,False,True,True,False,False,False,True
6101,18,64,1.0,1.0,6,51,1.0,2,0.0,1.0,1,0.0,0.0,62,True,False,False,True,False,True,False,True,True,False,False,False,True
6102,17,89,1.0,1.0,6,82,1.0,3,1.0,1.0,3,1.0,0.0,70,True,False,True,False,False,True,False,True,True,False,False,False,True
6103,13,100,0.0,0.0,4,54,0.0,3,0.0,0.0,2,0.0,0.0,65,True,False,False,True,False,True,False,True,True,False,False,False,True
6104,31,82,1.0,2.0,5,98,1.0,0,0.0,0.0,3,0.0,0.0,71,False,True,False,True,False,True,False,True,True,False,False,True,False
6105,13,79,1.0,2.0,7,70,2.0,4,0.0,1.0,3,0.0,0.0,66,True,False,False,True,True,False,False,True,False,True,False,False,True
6106,29,93,1.0,1.0,5,93,1.0,2,0.0,1.0,3,2.0,0.0,74,True,False,False,True,True,False,False,True,True,False,False,False,True
6107,18,97,1.0,2.0,8,67,1.0,1,1.0,2.0,3,0.0,0.0,70,False,True,False,True,True,False,False,True,True,False,False,True,False
6108,21,100,1.0,1.0,5,58,1.0,2,1.0,1.0,2,0.0,1.0,69,False,True,True,False,True,False,False,True,True,False,False,True,False
6109,20,76,1.0,1.0,9,64,0.0,2,0.0,1.0,2,1.0,1.0,64,False,True,False,True,True,False,False,True,True,False,True,False,False
6110,16,100,1.0,1.0,8,65,2.0,1,2.0,1.0,2,1.0,1.0,69,True,False,False,True,False,True,False,True,False,True,False,False,True
6111,26,66,2.0,2.0,5,82,1.0,1,0.0,1.0,3,0.0,0.0,68,True,False,False,True,False,True,False,True,True,False,False,True,False
6112,21,70,1.0,0.0,7,90,1.0,1,0.0,1.0,4,0.0,1.0,63,False,True,False,True,False,True,True,False,True,False,False,True,False
6113,17,64,1.0,1.0,6,60,1.0,1,1.0,1.0,2,0.0,0.0,61,False,True,True,False,False,True,False,True,False,True,False,False,True
6114,12,71,1.0,1.0,8,54,1.0,0,0.0,0.0,5,1.0,0.0,61,False,True,False,True,True,False,False,True,True,False,False,False,True
6115,15,91,1.0,0.0,10,61,1.0,0,0.0,2.0,4,0.0,1.0,65,False,True,False,True,False,True,False,True,True,False,False,True,False
6116,10,94,1.0,2.0,9,65,1.0,3,0.0,0.0,2,0.0,1.0,65,True,False,True,False,True,False,False,True,True,False,True,False,False
6117,20,91,2.0,1.0,6,64,2.0,0,2.0,1.0,3,0.0,1.0,69,True,False,True,False,False,True,False,True,False,True,False,False,True
6118,13,85,2.0,2.0,7,61,2.0,3,1.0,2.0,2,0.0,1.0,69,True,False,False,True,False,True,False,True,True,False,False,False,True
6119,18,81,0.0,1.0,9,73,1.0,1,2.0,1.0,2,0.0,0.0,65,False,True,False,True,True,False,False,True,True,False,True,False,False
6120,28,88,0.0,2.0,8,93,1.0,3,0.0,1.0,1,2.0,1.0,72,True,False,False,True,False,True,False,True,True,False,True,False,False
6121,27,76,2.0,2.0,9,55,1.0,3,0.0,1.0,0,0.0,1.0,69,True,False,True,False,False,True,False,True,True,False,False,True,False
6122,20,94,2.0,1.0,8,93,0.0,1,1.0,1.0,3,1.0,1.0,71,True,False,False,True,False,True,False,True,True,False,False,True,False
6123,19,87,1.0,1.0,7,75,1.0,2,0.0,0.0,3,0.0,1.0,67,True,False,False,True,False,True,False,True,True,False,True,False,False
6124,31,88,1.0,2.0,7,83,1.0,0,0.0,1.0,2,0.0,0.0,72,False,True,True,False,True,False,False,True,True,False,False,True,False
6125,23,81,2.0,2.0,5,91,0.0,0,2.0,2.0,3,0.0,0.0,70,True,False,False,True,True,False,False,True,False,True,False,False,True
6126,18,95,0.0,1.0,6,65,2.0,1,0.0,2.0,3,0.0,0.0,68,True,False,False,True,False,True,False,True,True,False,True,False,False
6127,11,70,1.0,1.0,6,98,1.0,3,2.0,1.0,4,2.0,0.0,66,True,False,True,False,True,False,False,True,True,False,False,True,False
6128,22,75,1.0,2.0,6,54,0.0,4,0.0,2.0,4,0.0,0.0,68,False,True,False,True,True,False,False,True,True,False,False,False,True
6129,25,91,2.0,0.0,7,76,0.0,1,0.0,2.0,3,1.0,0.0,71,True,False,True,False,False,True,False,True,True,False,False,False,True
6130,16,80,0.0,1.0,7,63,2.0,2,0.0,1.0,3,0.0,2.0,63,False,True,True,False,False,True,False,True,True,False,False,True,False
6131,22,96,1.0,2.0,7,70,1.0,2,1.0,1.0,4,1.0,1.0,70,False,True,True,False,True,False,True,False,True,False,True,False,False
6132,18,74,1.0,2.0,8,72,2.0,1,0.0,2.0,2,1.0,1.0,65,False,True,False,True,True,False,False,True,True,False,True,False,False
6133,19,75,2.0,2.0,6,96,1.0,2,1.0,1.0,4,0.0,0.0,70,True,False,False,True,False,True,False,True,True,False,False,False,True
6134,5,96,1.0,0.0,8,72,0.0,3,1.0,1.0,5,0.0,0.0,65,False,True,False,True,False,True,False,True,True,False,True,False,False
6135,19,79,2.0,2.0,9,85,1.0,0,1.0,1.0,2,0.0,1.0,68,False,True,False,True,False,True,False,True,True,False,False,False,True
6136,26,81,2.0,1.0,8,98,0.0,1,1.0,0.0,2,0.0,0.0,69,True,False,True,False,False,True,False,True,False,True,False,True,False
6137,16,73,1.0,1.0,6,75,2.0,3,1.0,1.0,3,0.0,1.0,66,True,False,False,True,False,True,False,True,True,False,False,False,True
6138,20,71,0.0,1.0,8,70,1.0,0,1.0,2.0,3,0.0,2.0,62,True,False,True,False,True,False,False,True,True,False,False,True,False
6139,15,86,1.0,2.0,8,99,2.0,2,1.0,1.0,5,0.0,0.0,70,False,True,False,True,True,False,False,True,True,False,False,True,False
6140,22,65,2.0,0.0,8,91,1.0,2,2.0,1.0,2,1.0,1.0,65,True,False,False,True,True,False,False,True,True,False,True,False,False
6141,19,95,0.0,2.0,9,97,0.0,0,1.0,1.0,2,2.0,0.0,71,False,True,False,True,False,True,False,True,True,False,False,True,False
6142,14,91,1.0,2.0,8,70,1.0,2,0.0,1.0,0,2.0,1.0,68,False,True,True,False,False,True,False,True,True,False,False,True,False
6143,28,68,0.0,0.0,9,85,1.0,0,1.0,1.0,3,2.0,0.0,65,False,True,False,True,False,True,False,True,True,False,True,False,False
6144,26,88,0.0,2.0,7,62,2.0,1,2.0,2.0,2,0.0,0.0,70,True,False,True,False,False,True,True,False,True,False,False,False,True
6145,16,84,1.0,2.0,6,93,1.0,0,2.0,1.0,3,0.0,1.0,69,False,True,False,True,False,True,False,True,True,False,False,False,True
6146,23,67,1.0,0.0,9,97,1.0,1,1.0,1.0,3,1.0,1.0,66,False,True,True,False,False,True,False,True,True,False,False,False,True
6147,23,71,1.0,1.0,6,63,0.0,1,0.0,2.0,5,0.0,1.0,66,False,True,False,True,False,True,False,True,True,False,False,False,True
6148,24,76,2.0,1.0,10,55,0.0,2,0.0,1.0,4,0.0,0.0,67,False,True,False,True,True,False,False,True,True,False,False,False,True
6149,10,88,0.0,1.0,9,60,1.0,1,0.0,1.0,3,0.0,1.0,63,True,False,False,True,True,False,False,True,True,False,False,False,True
6150,26,86,0.0,2.0,7,82,1.0,2,0.0,1.0,3,0.0,1.0,70,True,False,True,False,False,True,False,True,True,False,False,False,True
6151,17,81,2.0,1.0,9,64,1.0,0,2.0,1.0,3,0.0,2.0,65,False,True,False,True,True,False,False,True,False,True,False,False,True
6152,18,91,1.0,2.0,8,82,1.0,3,1.0,1.0,2,0.0,1.0,70,False,True,True,False,True,False,False,True,True,False,False,False,True
6153,36,90,1.0,2.0,5,68,0.0,1,0.0,2.0,2,0.0,1.0,74,False,True,False,True,False,True,False,True,True,False,False,False,True
6154,22,85,2.0,1.0,6,96,1.0,0,0.0,1.0,3,0.0,1.0,69,True,False,False,True,False,True,False,True,True,False,False,True,False
6155,18,91,2.0,1.0,7,73,0.0,0,0.0,1.0,4,1.0,0.0,68,False,True,False,True,True,False,False,True,True,False,True,False,False
6156,7,73,1.0,1.0,7,75,1.0,1,2.0,2.0,3,1.0,0.0,64,False,True,True,False,False,True,False,True,True,False,False,False,True
6157,28,95,2.0,1.0,9,67,0.0,2,1.0,1.0,3,0.0,0.0,73,False,True,False,True,True,False,False,True,True,False,False,True,False
6158,12,85,1.0,1.0,7,54,1.0,4,0.0,2.0,3,1.0,1.0,66,False,True,False,True,False,True,False,True,True,False,False,False,True
6159,14,93,1.0,0.0,5,75,0.0,0,1.0,2.0,3,0.0,1.0,65,False,True,False,True,False,True,False,True,True,False,True,False,False
6160,18,82,2.0,0.0,6,89,2.0,0,1.0,1.0,1,1.0,1.0,66,False,True,True,False,False,True,False,True,False,True,False,False,True
6161,28,69,1.0,0.0,8,98,1.0,0,1.0,1.0,5,0.0,0.0,67,False,True,False,True,True,False,False,True,True,False,False,False,True
6162,25,82,1.0,2.0,4,54,1.0,0,1.0,1.0,3,0.0,0.0,67,False,True,False,True,True,False,False,True,True,False,False,True,False
6163,19,75,1.0,1.0,5,90,2.0,0,1.0,1.0,3,2.0,0.0,66,True,False,True,False,False,True,False,True,True,False,True,False,False
6164,22,88,1.0,0.0,6,63,0.0,3,0.0,1.0,3,2.0,0.0,69,False,True,False,True,False,True,False,True,True,False,False,False,True
6165,16,79,1.0,1.0,8,91,1.0,4,2.0,1.0,1,2.0,0.0,69,False,True,True,False,False,True,False,True,True,False,False,False,True
6166,21,93,1.0,0.0,7,67,2.0,2,0.0,1.0,3,1.0,2.0,68,True,False,False,True,True,False,False,True,True,False,False,True,False
6167,20,87,0.0,0.0,8,56,1.0,1,2.0,1.0,1,1.0,0.0,64,True,False,False,True,True,False,True,False,True,False,True,False,False
6168,26,87,1.0,1.0,7,81,1.0,1,2.0,1.0,2,0.0,0.0,70,False,True,False,True,False,True,False,True,True,False,True,False,False
6169,26,69,1.0,1.0,7,95,1.0,1,0.0,1.0,4,2.0,0.0,67,True,False,False,True,True,False,False,True,True,False,True,False,False
6170,23,99,0.0,0.0,6,59,1.0,1,1.0,1.0,3,0.0,2.0,68,False,True,False,True,True,False,False,True,True,False,False,False,True
6171,18,94,1.0,1.0,8,51,1.0,0,2.0,1.0,3,1.0,1.0,67,True,False,False,True,False,True,False,True,False,True,False,False,True
6172,24,92,2.0,1.0,5,94,0.0,1,1.0,1.0,2,2.0,0.0,73,True,False,False,True,False,True,False,True,True,False,False,True,False
6173,19,73,1.0,1.0,7,85,1.0,1,1.0,1.0,3,0.0,2.0,65,False,True,False,True,False,True,False,True,True,False,False,True,False
6174,14,81,1.0,2.0,9,90,1.0,3,2.0,2.0,3,2.0,0.0,69,False,True,False,True,True,False,False,True,True,False,False,True,False
6175,18,65,1.0,1.0,6,53,1.0,1,1.0,1.0,3,2.0,0.0,63,False,True,True,False,False,True,False,True,False,True,False,False,True
6176,21,82,1.0,1.0,5,95,1.0,3,0.0,0.0,4,0.0,0.0,68,True,False,False,True,True,False,False,True,True,False,False,False,True
6177,25,66,1.0,2.0,4,71,2.0,0,1.0,1.0,3,0.0,0.0,64,True,False,False,True,True,False,False,True,False,True,True,False,False
6178,19,82,0.0,2.0,8,95,1.0,2,0.0,2.0,4,2.0,1.0,68,True,False,False,True,True,False,False,True,False,True,False,True,False
6179,13,86,1.0,2.0,8,53,1.0,2,0.0,2.0,4,0.0,2.0,66,False,True,False,True,False,True,False,True,True,False,False,False,True
6180,20,76,1.0,1.0,6,94,0.0,2,0.0,2.0,3,0.0,1.0,65,False,True,False,True,True,False,False,True,False,True,False,True,False
6181,21,80,1.0,1.0,5,84,0.0,4,0.0,1.0,2,2.0,0.0,69,True,False,True,False,False,True,False,True,True,False,False,True,False
6182,21,95,0.0,1.0,7,78,2.0,2,0.0,2.0,2,0.0,0.0,69,False,True,False,True,True,False,False,True,False,True,False,True,False
6183,26,64,0.0,2.0,9,53,1.0,2,0.0,2.0,4,1.0,0.0,64,False,True,False,True,False,True,True,False,True,False,True,False,False
6184,26,92,2.0,2.0,5,84,2.0,0,1.0,2.0,2,2.0,0.0,74,False,True,False,True,True,False,False,True,True,False,False,True,False
6185,16,67,2.0,1.0,9,80,1.0,1,0.0,2.0,3,0.0,0.0,64,True,False,False,True,True,False,False,True,True,False,False,True,False
6186,16,61,1.0,0.0,4,86,1.0,3,1.0,2.0,4,0.0,0.0,63,True,False,False,True,True,False,False,True,True,False,False,False,True
6187,14,67,2.0,1.0,5,86,1.0,0,2.0,1.0,4,1.0,1.0,64,True,False,False,True,False,True,True,False,True,False,False,False,True
6188,24,91,1.0,1.0,7,72,1.0,3,1.0,2.0,3,0.0,1.0,71,False,True,False,True,False,True,False,True,True,False,False,True,False
6189,29,76,0.0,2.0,8,60,1.0,2,1.0,1.0,3,0.0,0.0,68,True,False,False,True,False,True,False,True,True,False,True,False,False
6190,18,95,1.0,1.0,9,96,0.0,4,1.0,1.0,4,1.0,0.0,72,True,False,False,True,False,True,False,True,True,False,True,False,False
6191,19,81,1.0,0.0,8,96,2.0,1,0.0,1.0,4,2.0,0.0,67,False,True,True,False,False,True,False,True,True,False,True,False,False
6192,29,61,1.0,2.0,9,61,1.0,0,0.0,1.0,3,0.0,0.0,64,False,True,True,False,True,False,False,True,True,False,True,False,False
6193,23,89,1.0,0.0,7,82,1.0,2,2.0,2.0,1,1.0,0.0,70,False,True,False,True,True,False,False,True,True,False,False,False,True
6194,23,64,2.0,1.0,6,60,0.0,2,1.0,1.0,3,1.0,0.0,65,True,False,False,True,False,True,False,True,True,False,True,False,False
6195,13,92,2.0,1.0,9,93,2.0,2,2.0,1.0,2,1.0,1.0,69,False,True,False,True,True,False,False,True,True,False,True,False,False
6196,24,67,2.0,1.0,9,55,2.0,2,0.0,0.0,2,1.0,1.0,65,False,True,False,True,True,False,False,True,True,False,False,False,True
6197,14,74,2.0,1.0,8,100,1.0,1,0.0,1.0,3,1.0,0.0,66,False,True,False,True,True,False,False,True,True,False,False,True,False
6198,13,90,2.0,1.0,8,81,1.0,0,1.0,1.0,3,0.0,1.0,67,True,False,False,True,True,False,False,True,True,False,False,False,True
6199,18,98,1.0,0.0,9,51,1.0,1,2.0,1.0,4,1.0,0.0,68,False,True,False,True,True,False,False,True,True,False,False,True,False
6200,16,75,1.0,1.0,8,94,1.0,0,1.0,1.0,3,0.0,1.0,65,False,True,True,False,False,True,False,True,True,False,False,False,True
6201,19,93,1.0,1.0,7,84,2.0,0,1.0,0.0,2,1.0,0.0,68,False,True,False,True,True,False,True,False,True,False,False,True,False
6202,11,68,1.0,2.0,8,85,2.0,2,1.0,1.0,2,1.0,0.0,63,False,True,False,True,False,True,True,False,True,False,True,False,False
6203,26,92,1.0,1.0,8,64,1.0,1,1.0,1.0,5,0.0,0.0,71,False,True,True,False,True,False,False,True,True,False,False,False,True
6204,27,86,2.0,1.0,8,67,1.0,1,0.0,1.0,4,1.0,0.0,71,False,True,False,True,True,False,False,True,True,False,False,False,True
6205,8,68,2.0,1.0,7,96,1.0,2,0.0,2.0,3,2.0,0.0,65,True,False,False,True,False,True,False,True,True,False,False,False,True
6206,26,72,1.0,0.0,8,82,1.0,2,1.0,0.0,2,2.0,2.0,65,True,False,False,True,True,False,False,True,True,False,True,False,False
6207,15,65,1.0,0.0,8,51,1.0,1,2.0,1.0,3,0.0,1.0,61,True,False,False,True,False,True,False,True,True,False,False,False,True
6208,25,75,2.0,2.0,7,66,0.0,0,0.0,2.0,4,0.0,0.0,68,False,True,False,True,False,True,False,True,True,False,True,False,False
6209,20,68,0.0,1.0,6,80,0.0,4,0.0,1.0,4,1.0,0.0,65,True,False,True,False,False,True,False,True,True,False,False,True,False
6210,20,86,0.0,1.0,9,57,1.0,0,1.0,2.0,4,0.0,1.0,66,False,True,False,True,True,False,False,True,True,False,False,False,True
6211,19,100,2.0,0.0,5,55,0.0,2,0.0,1.0,4,0.0,1.0,69,False,True,False,True,False,True,False,True,True,False,False,False,True
6212,27,60,2.0,2.0,6,53,0.0,3,0.0,0.0,2,0.0,1.0,65,True,False,True,False,True,False,False,True,True,False,False,False,True
6213,13,82,1.0,2.0,7,82,1.0,1,0.0,0.0,3,0.0,0.0,65,True,False,False,True,True,False,False,True,True,False,False,False,True
6214,24,83,2.0,1.0,4,66,2.0,2,1.0,2.0,4,2.0,1.0,70,False,True,True,False,True,False,False,True,False,True,False,False,True
6215,27,97,1.0,1.0,9,69,1.0,1,0.0,1.0,2,0.0,1.0,70,True,False,True,False,True,False,False,True,True,False,False,True,False
6216,24,80,1.0,1.0,7,53,1.0,2,0.0,1.0,4,0.0,0.0,67,True,False,False,True,False,True,False,True,False,True,False,False,True
6217,34,82,1.0,2.0,9,87,2.0,3,0.0,1.0,4,0.0,0.0,75,True,False,False,True,False,True,False,True,True,False,False,False,True
6218,17,79,0.0,0.0,10,88,0.0,3,1.0,2.0,3,0.0,1.0,65,True,False,True,False,False,True,False,True,True,False,False,True,False
6219,26,71,1.0,1.0,7,91,1.0,2,0.0,1.0,3,0.0,1.0,66,True,False,True,False,False,True,True,False,True,False,False,True,False
6220,19,62,2.0,1.0,9,83,2.0,2,1.0,1.0,3,1.0,0.0,67,False,True,False,True,False,True,False,True,True,False,False,False,True
6221,27,76,0.0,1.0,5,89,0.0,0,0.0,1.0,4,2.0,2.0,67,False,True,True,False,False,True,False,True,True,False,False,False,True
6222,20,62,0.0,1.0,8,79,2.0,2,0.0,1.0,1,0.0,0.0,62,True,False,False,True,True,False,False,True,True,False,False,False,True
6223,18,82,1.0,1.0,6,75,1.0,0,0.0,1.0,4,1.0,0.0,66,False,True,True,False,False,True,False,True,True,False,True,False,False
6224,28,72,0.0,2.0,8,63,0.0,1,0.0,2.0,2,0.0,0.0,66,False,True,False,True,True,False,False,True,True,False,False,True,False
6225,17,81,2.0,0.0,8,53,2.0,0,1.0,1.0,2,0.0,2.0,64,False,True,False,True,False,True,False,True,True,False,False,True,False
6226,12,65,0.0,1.0,7,65,1.0,2,1.0,1.0,2,0.0,0.0,60,False,True,False,True,True,False,False,True,True,False,False,True,False
6227,17,97,1.0,1.0,8,84,1.0,3,0.0,0.0,3,2.0,0.0,70,True,False,True,False,False,True,True,False,True,False,False,True,False
6228,24,96,1.0,1.0,8,96,1.0,2,0.0,0.0,3,1.0,0.0,72,True,False,False,True,True,False,False,True,True,False,False,False,True
6229,28,68,2.0,1.0,7,63,1.0,0,0.0,2.0,2,1.0,0.0,67,False,True,False,True,False,True,False,True,True,False,True,False,False
6230,21,74,1.0,2.0,10,83,0.0,1,2.0,1.0,3,0.0,1.0,67,True,False,False,True,False,True,False,True,True,False,False,True,False
6231,28,85,1.0,1.0,7,74,1.0,1,1.0,2.0,3,2.0,0.0,72,True,False,False,True,False,True,False,True,True,False,False,False,True
6232,12,64,2.0,2.0,9,81,1.0,1,2.0,2.0,3,0.0,1.0,63,False,True,False,True,False,True,True,False,True,False,False,True,False
6233,17,74,0.0,1.0,9,50,1.0,0,0.0,2.0,2,0.0,2.0,60,True,False,False,True,True,False,False,True,True,False,True,False,False
6234,18,70,1.0,1.0,4,56,1.0,1,2.0,2.0,4,0.0,0.0,65,False,True,False,True,False,True,False,True,True,False,False,True,False
6235,19,97,2.0,1.0,9,61,2.0,2,1.0,2.0,1,2.0,1.0,72,False,True,False,True,False,True,False,True,True,False,False,True,False
6236,21,94,1.0,2.0,9,95,0.0,0,1.0,2.0,3,0.0,0.0,70,False,True,True,False,True,False,False,True,True,False,True,False,False
6237,24,83,2.0,1.0,7,52,2.0,1,1.0,2.0,4,1.0,0.0,71,True,False,False,True,False,True,False,True,True,False,False,False,True
6238,17,81,0.0,1.0,8,78,0.0,1,0.0,2.0,4,1.0,1.0,66,False,True,True,False,False,True,False,True,True,False,False,False,True
6239,21,97,0.0,1.0,8,96,2.0,2,0.0,2.0,4,1.0,1.0,72,True,False,False,True,False,True,False,True,True,False,False,False,True
6240,20,97,0.0,1.0,9,83,2.0,3,1.0,2.0,3,2.0,0.0,73,True,False,False,True,False,True,False,True,True,False,False,False,True
6241,14,99,2.0,1.0,6,74,1.0,2,1.0,1.0,3,1.0,0.0,71,False,True,False,True,False,True,False,True,True,False,False,True,False
6242,19,65,2.0,0.0,9,69,1.0,4,0.0,2.0,2,1.0,2.0,64,False,True,False,True,True,False,False,True,True,False,False,True,False
6243,19,66,1.0,2.0,5,81,1.0,1,2.0,1.0,3,1.0,1.0,66,False,True,True,False,False,True,False,True,True,False,False,False,True
6244,19,87,1.0,1.0,4,74,2.0,1,2.0,1.0,3,1.0,0.0,69,False,True,False,True,True,False,False,True,True,False,False,False,True
6245,20,82,0.0,1.0,8,85,0.0,1,1.0,2.0,3,2.0,0.0,66,True,False,True,False,True,False,False,True,False,True,False,True,False
6246,20,61,1.0,2.0,9,81,1.0,0,2.0,2.0,2,0.0,0.0,63,False,True,False,True,True,False,False,True,False,True,False,True,False
6247,17,62,1.0,1.0,7,78,1.0,0,1.0,2.0,3,0.0,0.0,62,False,True,False,True,False,True,False,True,True,False,True,False,False
6248,13,95,2.0,2.0,5,92,0.0,1,1.0,1.0,2,1.0,0.0,71,True,False,True,False,False,True,False,True,True,False,False,False,True
6249,16,74,2.0,1.0,8,80,1.0,0,0.0,1.0,4,2.0,0.0,66,True,False,False,True,True,False,False,True,True,False,False,False,True
6250,37,96,1.0,1.0,7,77,1.0,2,1.0,1.0,3,0.0,1.0,75,True,False,False,True,True,False,False,True,True,False,False,False,True
6251,14,84,2.0,1.0,9,86,2.0,1,0.0,1.0,4,0.0,0.0,68,True,False,True,False,False,True,False,True,True,False,False,False,True
6252,12,92,2.0,1.0,7,90,1.0,2,1.0,2.0,5,0.0,0.0,69,False,True,False,True,True,False,False,True,True,False,True,False,False
6253,24,77,1.0,0.0,6,65,2.0,2,1.0,2.0,3,0.0,0.0,68,False,True,True,False,False,True,False,True,True,False,False,False,True
6254,8,65,1.0,1.0,7,83,0.0,3,1.0,1.0,4,0.0,0.0,60,True,False,False,True,True,False,False,True,True,False,True,False,False
6255,19,77,1.0,0.0,9,57,0.0,4,1.0,1.0,3,0.0,0.0,64,True,False,False,True,True,False,False,True,False,True,False,True,False
6256,33,78,1.0,1.0,9,72,1.0,4,1.0,1.0,3,0.0,1.0,71,False,True,False,True,True,False,False,True,True,False,False,False,True
6257,11,82,2.0,2.0,7,97,0.0,2,2.0,1.0,3,1.0,0.0,69,False,True,False,True,True,False,False,True,True,False,False,False,True
6258,8,64,1.0,1.0,7,66,1.0,1,0.0,1.0,3,1.0,0.0,60,False,True,True,False,False,True,False,True,True,False,False,False,True
6259,11,100,2.0,2.0,8,58,2.0,1,0.0,1.0,3,1.0,0.0,70,True,False,True,False,False,True,False,True,True,False,False,False,True
6260,25,70,0.0,1.0,6,57,1.0,4,1.0,1.0,3,0.0,0.0,66,False,True,True,False,False,True,False,True,True,False,False,True,False
6261,27,68,2.0,1.0,8,70,2.0,0,1.0,1.0,3,2.0,0.0,68,False,True,True,False,True,False,False,True,True,False,False,False,True
6262,17,81,2.0,0.0,7,61,1.0,2,2.0,1.0,2,1.0,0.0,67,True,False,False,True,True,False,False,True,True,False,False,False,True
6263,24,81,1.0,1.0,7,71,2.0,1,1.0,2.0,3,1.0,0.0,70,False,True,False,True,False,True,False,True,True,False,False,True,False
6264,28,78,2.0,1.0,7,86,0.0,0,0.0,2.0,2,1.0,1.0,69,False,True,False,True,False,True,False,True,True,False,False,True,False
6265,31,91,1.0,2.0,7,94,2.0,2,2.0,2.0,3,0.0,2.0,75,False,True,False,True,False,True,False,True,True,False,True,False,False
6266,19,81,1.0,0.0,10,56,0.0,1,1.0,2.0,3,0.0,0.0,65,False,True,False,True,False,True,False,True,True,False,False,False,True
6267,6,84,1.0,1.0,6,88,1.0,1,0.0,1.0,5,2.0,1.0,65,False,True,True,False,False,True,False,True,True,False,False,False,True
6268,15,89,1.0,0.0,6,55,1.0,1,1.0,1.0,4,2.0,1.0,66,False,True,False,True,True,False,False,True,True,False,False,False,True
6269,17,61,2.0,1.0,9,69,2.0,1,1.0,2.0,3,0.0,2.0,64,False,True,False,True,False,True,False,True,True,False,False,False,True
6270,18,83,0.0,1.0,8,100,1.0,1,0.0,2.0,2,0.0,0.0,66,True,False,True,False,True,False,False,True,True,False,True,False,False
6271,19,95,1.0,2.0,8,53,1.0,3,0.0,1.0,1,0.0,1.0,70,True,False,False,True,False,True,False,True,True,False,False,False,True
6272,27,61,2.0,0.0,5,51,2.0,1,0.0,1.0,1,1.0,2.0,63,False,True,True,False,True,False,False,True,True,False,False,False,True
6273,28,76,0.0,0.0,7,67,2.0,1,2.0,0.0,4,1.0,0.0,66,False,True,False,True,True,False,False,True,True,False,True,False,False
6274,19,97,0.0,1.0,8,98,0.0,1,1.0,1.0,3,1.0,0.0,71,True,False,False,True,False,True,False,True,True,False,False,False,True
6275,27,74,1.0,2.0,6,51,2.0,2,1.0,1.0,4,0.0,2.0,68,False,True,True,False,True,False,False,True,True,False,False,False,True
6276,22,78,1.0,1.0,8,61,1.0,2,2.0,1.0,5,0.0,1.0,68,False,True,False,True,False,True,False,True,True,False,False,False,True
6277,20,99,0.0,1.0,7,80,2.0,0,1.0,2.0,3,2.0,0.0,71,False,True,False,True,True,False,False,True,True,False,True,False,False
6278,25,68,0.0,1.0,6,62,0.0,1,0.0,2.0,4,1.0,1.0,63,True,False,True,False,True,False,False,True,True,False,True,False,False
6279,20,63,0.0,0.0,9,53,0.0,1,1.0,1.0,4,0.0,0.0,60,False,True,False,True,True,False,False,True,True,False,False,False,True
6280,32,94,1.0,2.0,9,53,1.0,1,1.0,1.0,3,0.0,0.0,73,True,False,False,True,False,True,False,True,True,False,False,True,False
6281,11,95,1.0,1.0,7,78,0.0,4,1.0,1.0,4,0.0,0.0,68,True,False,True,False,False,True,False,True,True,False,True,False,False
6282,17,79,2.0,2.0,8,78,1.0,2,2.0,1.0,5,0.0,0.0,70,True,False,False,True,False,True,False,True,True,False,False,False,True
6283,19,81,1.0,1.0,9,85,1.0,1,0.0,1.0,1,0.0,1.0,66,False,True,False,True,False,True,False,True,True,False,False,True,False
6284,23,93,2.0,1.0,6,57,1.0,1,2.0,1.0,2,2.0,0.0,72,True,False,False,True,True,False,False,True,True,False,False,False,True
6285,28,90,2.0,0.0,8,75,1.0,1,0.0,2.0,3,0.0,1.0,70,False,True,False,True,False,True,False,True,False,True,False,True,False
6286,20,71,2.0,2.0,6,80,1.0,2,2.0,0.0,3,0.0,0.0,68,False,True,False,True,False,True,False,True,True,False,False,False,True
6287,11,61,1.0,1.0,5,61,1.0,3,1.0,2.0,0,2.0,0.0,60,False,True,False,True,False,True,False,True,False,True,False,True,False
6288,25,79,2.0,1.0,6,77,0.0,2,0.0,2.0,3,0.0,0.0,68,False,True,False,True,True,False,True,False,True,False,False,True,False
6289,25,94,2.0,2.0,5,85,2.0,1,1.0,1.0,2,1.0,0.0,74,True,False,False,True,True,False,False,True,True,False,False,True,False
6290,8,96,1.0,1.0,8,100,2.0,1,2.0,1.0,4,0.0,1.0,68,False,True,False,True,False,True,False,True,True,False,True,False,False
6291,20,98,0.0,1.0,6,80,0.0,4,1.0,1.0,4,1.0,0.0,72,False,True,False,True,False,True,False,True,True,False,False,False,True
6292,10,95,1.0,2.0,5,93,2.0,0,0.0,2.0,3,0.0,1.0,69,False,True,False,True,False,True,False,True,True,False,False,False,True
6293,15,78,1.0,2.0,8,97,1.0,1,1.0,1.0,4,2.0,0.0,68,False,True,False,True,True,False,False,True,True,False,False,True,False
6294,25,91,1.0,0.0,7,86,1.0,0,1.0,1.0,5,0.0,0.0,70,True,False,False,True,True,False,False,True,True,False,False,True,False
6295,21,90,1.0,1.0,8,61,1.0,1,2.0,1.0,4,2.0,1.0,69,True,False,False,True,True,False,False,True,True,False,False,False,True
6296,12,82,2.0,0.0,6,65,0.0,3,1.0,1.0,3,0.0,0.0,64,True,False,True,False,True,False,False,True,True,False,True,False,False
6297,25,63,1.0,0.0,6,89,2.0,1,1.0,2.0,4,0.0,1.0,65,False,True,True,False,True,False,False,True,True,False,False,True,False
6298,11,97,1.0,1.0,8,76,2.0,2,1.0,2.0,2,0.0,1.0,69,True,False,False,True,True,False,False,True,True,False,False,False,True
6299,22,78,1.0,0.0,9,63,2.0,2,1.0,2.0,4,0.0,0.0,67,False,True,False,True,True,False,False,True,True,False,False,True,False
6300,15,75,1.0,2.0,6,83,0.0,1,2.0,1.0,2,0.0,0.0,65,True,False,True,False,True,False,False,True,True,False,True,False,False
6301,18,85,1.0,2.0,6,95,2.0,2,0.0,0.0,4,1.0,0.0,70,True,False,True,False,False,True,False,True,True,False,False,False,True
6302,23,87,2.0,0.0,8,68,1.0,0,2.0,2.0,3,1.0,2.0,68,False,True,True,False,True,False,False,True,True,False,False,True,False
6303,23,68,1.0,1.0,8,80,1.0,1,1.0,0.0,1,0.0,0.0,65,True,False,False,True,False,True,False,True,True,False,False,True,False
6304,28,93,1.0,1.0,7,79,2.0,0,1.0,1.0,4,2.0,0.0,74,False,True,False,True,True,False,False,True,True,False,False,False,True
6305,20,72,1.0,1.0,9,56,1.0,4,2.0,1.0,2,0.0,0.0,65,False,True,False,True,False,True,False,True,True,False,True,False,False
6306,22,67,2.0,2.0,10,55,1.0,1,0.0,1.0,2,0.0,1.0,65,False,True,False,True,False,True,False,True,True,False,False,False,True
6307,17,76,2.0,1.0,8,94,1.0,3,1.0,1.0,4,0.0,1.0,68,True,False,False,True,False,True,False,True,True,False,False,True,False
6308,21,89,1.0,1.0,6,97,1.0,1,0.0,1.0,3,2.0,2.0,68,True,False,True,False,True,False,True,False,True,False,True,False,False
6309,23,99,1.0,1.0,8,95,2.0,5,1.0,1.0,4,0.0,1.0,74,True,False,False,True,True,False,False,True,True,False,False,True,False
6310,19,92,2.0,1.0,6,70,2.0,2,1.0,1.0,3,0.0,0.0,71,True,False,True,False,True,False,False,True,True,False,True,False,False
6311,9,98,2.0,1.0,9,64,1.0,1,0.0,1.0,3,0.0,0.0,67,False,True,True,False,False,True,False,True,True,False,True,False,False
6312,22,66,1.0,1.0,6,97,0.0,0,2.0,0.0,3,0.0,1.0,64,True,False,False,True,False,True,False,True,True,False,False,True,False
6313,22,63,0.0,0.0,7,94,1.0,0,1.0,1.0,3,0.0,2.0,61,False,True,False,True,False,True,False,True,False,True,True,False,False
6314,16,82,1.0,1.0,6,91,1.0,0,0.0,1.0,3,0.0,0.0,66,True,False,False,True,True,False,False,True,True,False,False,False,True
6315,12,72,1.0,1.0,7,67,0.0,0,0.0,1.0,2,0.0,0.0,61,True,False,False,True,True,False,False,True,True,False,False,False,True
6316,29,93,1.0,2.0,7,82,1.0,5,0.0,1.0,3,0.0,1.0,73,False,True,False,True,True,False,False,True,True,False,True,False,False
6317,23,87,0.0,1.0,8,88,2.0,2,1.0,2.0,3,0.0,0.0,70,False,True,False,True,True,False,False,True,True,False,False,True,False
6318,19,99,0.0,1.0,7,79,1.0,2,0.0,1.0,2,2.0,0.0,70,False,True,True,False,True,False,False,True,True,False,False,True,False
6319,13,70,1.0,0.0,7,80,2.0,1,2.0,1.0,4,1.0,2.0,63,True,False,False,True,False,True,False,True,True,False,False,False,True
6320,15,79,2.0,1.0,6,88,1.0,3,2.0,1.0,3,2.0,1.0,69,False,True,False,True,False,True,False,True,True,False,False,True,False
6321,28,80,2.0,2.0,7,88,1.0,2,2.0,1.0,2,0.0,0.0,72,False,True,False,True,True,False,False,True,True,False,True,False,False
6322,21,70,1.0,2.0,5,62,1.0,2,0.0,2.0,2,0.0,0.0,66,True,False,False,True,False,True,False,True,True,False,False,True,False
6323,17,84,2.0,2.0,9,70,1.0,1,2.0,1.0,4,0.0,0.0,68,False,True,False,True,True,False,False,True,True,False,True,False,False
6324,23,78,1.0,2.0,7,89,1.0,1,1.0,0.0,3,0.0,2.0,67,False,True,False,True,True,False,False,True,True,False,False,True,False
6325,15,78,1.0,2.0,9,63,1.0,2,1.0,1.0,3,2.0,2.0,65,True,False,True,False,False,True,True,False,True,False,False,False,True
6326,29,75,0.0,1.0,7,96,0.0,2,0.0,1.0,3,0.0,1.0,68,False,True,False,True,False,True,False,True,True,False,False,False,True
6327,28,61,2.0,1.0,4,92,0.0,1,1.0,2.0,4,1.0,0.0,68,True,False,True,False,False,True,False,True,True,False,False,True,False
6328,17,81,2.0,1.0,6,95,2.0,2,1.0,1.0,3,0.0,0.0,69,False,True,True,False,True,False,False,True,True,False,False,False,True
6329,16,73,2.0,2.0,7,65,0.0,1,1.0,1.0,4,1.0,1.0,66,False,True,True,False,False,True,False,True,True,False,False,False,True
6330,11,72,2.0,0.0,8,55,2.0,0,1.0,0.0,3,1.0,0.0,60,False,True,False,True,True,False,False,True,False,True,False,True,False
6331,12,71,2.0,2.0,7,78,2.0,3,0.0,1.0,4,1.0,1.0,67,True,False,False,True,False,True,False,True,True,False,False,False,True
6332,21,76,1.0,1.0,6,65,0.0,2,0.0,2.0,2,0.0,0.0,65,True,False,False,True,False,True,False,True,True,False,True,False,False
6333,18,65,2.0,1.0,6,63,2.0,1,0.0,1.0,2,0.0,2.0,62,False,True,False,True,False,True,False,True,True,False,True,False,False
6334,12,80,1.0,2.0,6,61,1.0,0,2.0,2.0,2,0.0,0.0,65,False,True,True,False,False,True,False,True,True,False,False,True,False
6335,18,88,2.0,2.0,8,78,1.0,0,1.0,1.0,2,1.0,1.0,69,False,True,False,True,True,False,False,True,True,False,False,True,False
6336,23,85,0.0,2.0,8,77,1.0,0,2.0,1.0,4,1.0,0.0,70,False,True,False,True,True,False,False,True,True,False,False,False,True
6337,23,92,0.0,2.0,6,71,2.0,2,0.0,1.0,2,0.0,1.0,70,False,True,False,True,False,True,False,True,True,False,False,False,True
6338,9,78,2.0,1.0,9,57,0.0,1,0.0,2.0,5,0.0,1.0,63,True,False,False,True,True,False,False,True,True,False,False,False,True
6339,19,81,0.0,1.0,8,96,2.0,0,1.0,2.0,4,2.0,0.0,69,False,True,False,True,False,True,False,True,True,False,False,True,False
6340,12,92,0.0,1.0,6,71,0.0,0,1.0,2.0,4,0.0,0.0,64,False,True,True,False,True,False,False,True,True,False,True,False,False
6341,25,77,1.0,2.0,7,56,1.0,1,0.0,1.0,3,2.0,0.0,69,False,True,False,True,True,False,False,True,True,False,False,False,True
6342,25,88,2.0,1.0,8,52,0.0,1,1.0,1.0,2,0.0,0.0,70,False,True,False,True,False,True,False,True,True,False,False,False,True
6343,15,77,1.0,1.0,5,58,1.0,1,0.0,1.0,3,1.0,1.0,64,True,False,False,True,False,True,False,True,True,False,False,False,True
6344,15,77,2.0,1.0,5,65,0.0,2,0.0,1.0,4,2.0,0.0,65,False,True,False,True,False,True,True,False,False,True,False,False,True
6345,17,90,2.0,1.0,8,82,1.0,0,1.0,2.0,4,1.0,0.0,70,False,True,False,True,True,False,False,True,True,False,False,True,False
6346,6,67,1.0,0.0,6,99,0.0,0,1.0,1.0,2,1.0,0.0,60,False,True,True,False,False,True,False,True,True,False,False,True,False
6347,22,74,1.0,2.0,9,64,2.0,3,1.0,1.0,3,0.0,0.0,68,True,False,False,True,False,True,False,True,True,False,False,True,False
6348,18,69,0.0,0.0,10,89,0.0,2,0.0,2.0,1,0.0,1.0,61,False,True,False,True,False,True,False,True,False,True,False,True,False
6349,26,74,1.0,0.0,8,96,1.0,2,1.0,2.0,3,0.0,0.0,68,True,False,True,False,False,True,False,True,True,False,False,True,False
6350,13,69,1.0,0.0,8,70,1.0,1,2.0,2.0,3,0.0,1.0,61,False,True,True,False,True,False,False,True,True,False,False,True,False
6351,16,83,0.0,1.0,5,63,0.0,2,2.0,1.0,3,0.0,1.0,64,True,False,True,False,True,False,False,True,False,True,False,False,True
6352,11,92,1.0,1.0,5,75,1.0,2,1.0,1.0,3,0.0,0.0,66,True,False,False,True,True,False,False,True,True,False,True,False,False
6353,14,91,1.0,1.0,7,95,1.0,2,2.0,2.0,2,0.0,1.0,70,False,True,False,True,False,True,False,True,True,False,False,False,True
6354,13,75,2.0,2.0,5,51,1.0,3,1.0,1.0,3,0.0,0.0,65,True,False,True,False,False,True,False,True,True,False,True,False,False
6355,26,100,1.0,2.0,7,74,2.0,1,1.0,1.0,2,0.0,0.0,74,True,False,False,True,False,True,False,True,True,False,False,True,False
6356,16,84,2.0,2.0,6,88,0.0,1,1.0,1.0,1,0.0,0.0,66,False,True,True,False,True,False,False,True,False,True,True,False,False
6357,21,76,0.0,1.0,7,80,2.0,3,0.0,1.0,2,1.0,0.0,65,False,True,False,True,False,True,False,True,False,True,True,False,False
6358,18,93,0.0,2.0,7,75,2.0,1,2.0,1.0,1,1.0,1.0,69,True,False,True,False,True,False,False,True,True,False,False,False,True
6359,12,89,1.0,2.0,8,78,0.0,4,0.0,1.0,5,2.0,0.0,69,True,False,False,True,False,True,False,True,True,False,False,True,False
6360,19,90,0.0,2.0,7,81,1.0,2,1.0,1.0,2,0.0,0.0,69,True,False,True,False,True,False,False,True,True,False,False,False,True
6361,24,68,2.0,0.0,6,84,1.0,1,0.0,2.0,4,0.0,0.0,66,True,False,False,True,True,False,False,True,True,False,False,False,True
6362,13,79,1.0,0.0,5,68,1.0,2,2.0,1.0,3,0.0,0.0,63,True,False,True,False,True,False,True,False,True,False,False,False,True
6363,25,94,1.0,0.0,7,76,1.0,1,0.0,2.0,2,0.0,1.0,69,True,False,True,False,False,True,False,True,False,True,False,True,False
6364,15,80,1.0,2.0,4,64,1.0,1,1.0,1.0,1,0.0,0.0,65,False,True,False,True,False,True,False,True,True,False,False,True,False
6365,17,87,1.0,1.0,9,99,1.0,1,1.0,0.0,3,0.0,1.0,67,False,True,True,False,True,False,False,True,True,False,False,True,False
6366,23,84,1.0,1.0,8,59,0.0,1,0.0,2.0,4,2.0,2.0,66,True,False,False,True,True,False,False,True,False,True,False,False,True
6367,16,94,0.0,1.0,8,58,1.0,2,0.0,1.0,3,1.0,0.0,67,False,True,False,True,False,True,False,True,False,True,False,False,True
6368,20,71,0.0,2.0,6,63,2.0,1,0.0,1.0,2,1.0,1.0,65,False,True,False,True,False,True,False,True,True,False,False,False,True
6369,18,83,1.0,2.0,8,96,0.0,0,1.0,2.0,4,2.0,0.0,69,True,False,False,True,True,False,False,True,False,True,False,False,True
6370,21,65,0.0,2.0,6,83,1.0,3,0.0,2.0,5,0.0,0.0,65,False,True,False,True,True,False,False,True,True,False,False,True,False
6371,6,88,2.0,2.0,7,73,1.0,3,0.0,1.0,3,1.0,0.0,67,False,True,True,False,False,True,False,True,True,False,False,True,False
6372,9,89,1.0,1.0,6,96,1.0,0,2.0,0.0,4,0.0,0.0,66,False,True,False,True,False,True,False,True,True,False,True,False,False
6373,24,62,0.0,1.0,7,95,1.0,1,2.0,0.0,3,1.0,2.0,64,True,False,False,True,True,False,False,True,True,False,False,False,True
6374,26,87,1.0,2.0,5,70,0.0,1,0.0,1.0,2,0.0,0.0,70,True,False,True,False,True,False,False,True,True,False,False,False,True
6375,15,77,1.0,2.0,7,78,1.0,0,0.0,2.0,3,0.0,1.0,65,False,True,False,True,False,True,False,True,True,False,False,True,False
6376,19,65,0.0,1.0,5,95,1.0,2,1.0,2.0,4,1.0,0.0,65,False,True,True,False,False,True,False,True,True,False,False,True,False
6377,22,77,0.0,0.0,10,66,1.0,2,0.0,1.0,3,1.0,1.0,64,False,True,False,True,True,False,False,True,True,False,False,False,True
6378,24,68,1.0,0.0,7,70,0.0,1,0.0,0.0,3,1.0,0.0,64,False,True,False,True,False,True,False,True,True,False,False,True,False
6379,8,77,1.0,0.0,7,90,0.0,1,1.0,1.0,0,0.0,1.0,61,False,True,False,True,False,True,False,True,True,False,False,True,False
6380,15,75,2.0,1.0,8,85,1.0,1,0.0,2.0,3,0.0,0.0,65,False,True,False,True,True,False,False,True,True,False,False,True,False
6381,18,90,2.0,1.0,5,52,0.0,5,1.0,1.0,3,0.0,1.0,68,False,True,True,False,False,True,False,True,False,True,False,False,True
6382,24,91,0.0,2.0,6,56,1.0,1,0.0,2.0,2,1.0,1.0,70,False,True,False,True,False,True,False,True,True,False,False,False,True
6383,35,84,0.0,1.0,8,92,2.0,6,0.0,2.0,4,0.0,1.0,74,False,True,False,True,False,True,False,True,True,False,True,False,False
6384,19,61,1.0,1.0,7,51,0.0,1,0.0,2.0,1,0.0,0.0,60,True,False,False,True,True,False,False,True,True,False,False,True,False
6385,12,97,2.0,0.0,6,96,1.0,2,0.0,2.0,2,2.0,0.0,71,True,False,False,True,False,True,False,True,True,False,False,False,True
6386,22,87,2.0,2.0,8,64,1.0,2,1.0,2.0,3,0.0,1.0,70,True,False,False,True,False,True,True,False,True,False,True,False,False
6387,28,61,0.0,1.0,7,80,0.0,2,1.0,1.0,4,2.0,0.0,67,True,False,False,True,False,True,False,True,True,False,False,False,True
6388,21,93,1.0,1.0,8,78,1.0,0,0.0,1.0,3,0.0,0.0,68,False,True,True,False,False,True,True,False,True,False,False,True,False
6389,15,68,2.0,1.0,8,70,1.0,3,1.0,2.0,3,0.0,0.0,64,True,False,False,True,True,False,False,True,True,False,True,False,False
6390,26,83,2.0,0.0,6,52,1.0,0,0.0,2.0,3,0.0,0.0,67,False,True,False,True,True,False,False,True,True,False,True,False,False
6391,24,79,0.0,0.0,7,60,0.0,0,0.0,2.0,3,2.0,0.0,65,True,False,False,True,True,False,False,True,True,False,False,True,False
6392,14,77,1.0,1.0,4,81,0.0,3,1.0,1.0,3,1.0,0.0,66,True,False,True,False,False,True,False,True,True,False,False,True,False
6393,22,96,1.0,1.0,6,72,0.0,1,2.0,1.0,4,1.0,0.0,72,True,False,False,True,False,True,False,True,True,False,False,False,True
6394,26,77,0.0,1.0,7,71,2.0,3,2.0,1.0,3,0.0,0.0,69,True,False,False,True,False,True,False,True,True,False,False,True,False
6395,27,63,1.0,1.0,8,55,0.0,1,1.0,1.0,3,2.0,0.0,65,True,False,True,False,False,True,False,True,True,False,False,True,False
6396,20,98,0.0,2.0,8,67,1.0,0,2.0,1.0,3,0.0,0.0,71,True,False,False,True,False,True,False,True,True,False,False,False,True
6397,18,97,2.0,2.0,6,76,1.0,0,1.0,2.0,5,0.0,1.0,72,False,True,False,True,False,True,False,True,True,False,False,True,False
6398,27,87,2.0,1.0,6,54,1.0,0,1.0,1.0,2,0.0,0.0,70,True,False,True,False,True,False,False,True,True,False,False,False,True
6399,13,79,2.0,1.0,9,53,1.0,1,1.0,1.0,2,1.0,1.0,63,False,True,True,False,True,False,True,False,True,False,False,False,True
6400,23,64,1.0,1.0,7,75,1.0,2,1.0,2.0,2,0.0,0.0,66,True,False,False,True,True,False,False,True,True,False,False,False,True
6401,12,92,0.0,0.0,7,78,2.0,3,1.0,2.0,2,1.0,0.0,67,False,True,False,True,False,True,False,True,True,False,True,False,False
6402,26,63,1.0,2.0,8,63,0.0,1,2.0,2.0,3,2.0,0.0,67,False,True,False,True,True,False,False,True,True,False,False,True,False
6403,18,63,1.0,1.0,7,66,0.0,2,1.0,1.0,2,1.0,0.0,62,True,False,True,False,False,True,False,True,True,False,True,False,False
6404,28,81,1.0,2.0,7,90,2.0,3,1.0,1.0,3,0.0,1.0,72,False,True,True,False,False,True,False,True,True,False,True,False,False
6405,23,66,1.0,2.0,7,93,2.0,1,2.0,2.0,1,0.0,0.0,69,True,False,False,True,False,True,False,True,True,False,False,False,True
6406,13,60,1.0,1.0,6,66,1.0,1,1.0,2.0,5,1.0,1.0,61,False,True,False,True,False,True,False,True,False,True,False,False,True
6407,29,77,1.0,0.0,7,68,2.0,1,1.0,1.0,3,0.0,2.0,67,True,False,False,True,False,True,False,True,True,False,False,False,True
6408,29,65,0.0,1.0,4,92,1.0,0,1.0,1.0,4,0.0,0.0,66,True,False,True,False,False,True,True,False,True,False,False,False,True
6409,25,66,1.0,1.0,6,99,1.0,2,1.0,1.0,3,1.0,0.0,68,True,False,False,True,False,True,False,True,True,False,False,False,True
6410,15,63,1.0,2.0,8,66,2.0,1,0.0,1.0,4,1.0,0.0,62,False,True,True,False,True,False,False,True,True,False,True,False,False
6411,18,68,2.0,0.0,8,89,1.0,0,1.0,0.0,3,1.0,2.0,63,False,True,False,True,False,True,False,True,True,False,True,False,False
6412,21,89,1.0,1.0,9,74,2.0,3,0.0,1.0,4,0.0,1.0,70,True,False,True,False,False,True,False,True,True,False,False,False,True
6413,16,92,0.0,2.0,8,63,1.0,2,0.0,1.0,4,1.0,1.0,68,False,True,False,True,False,True,False,True,True,False,False,True,False
6414,30,78,1.0,2.0,8,84,1.0,1,2.0,0.0,1,1.0,0.0,71,False,True,True,False,False,True,False,True,True,False,True,False,False
6415,21,80,2.0,0.0,7,73,1.0,0,1.0,0.0,2,0.0,1.0,65,True,False,True,False,True,False,False,True,True,False,False,True,False
6416,4,61,0.0,2.0,6,63,1.0,4,1.0,1.0,3,0.0,1.0,59,False,True,False,True,False,True,False,True,True,False,False,True,False
6417,22,63,2.0,0.0,8,55,1.0,2,1.0,1.0,4,0.0,0.0,64,False,True,True,False,False,True,False,True,True,False,False,True,False
6418,18,70,1.0,2.0,7,93,1.0,0,1.0,2.0,3,1.0,0.0,67,False,True,False,True,True,False,False,True,True,False,False,False,True
6419,20,82,1.0,1.0,6,94,1.0,3,0.0,1.0,2,0.0,0.0,68,False,True,True,False,True,False,False,True,True,False,False,False,True
6420,25,84,1.0,1.0,7,83,2.0,1,0.0,1.0,3,0.0,1.0,70,False,True,False,True,False,True,False,True,True,False,False,False,True
6421,27,76,1.0,1.0,9,58,1.0,1,1.0,1.0,3,1.0,0.0,68,True,False,False,True,True,False,False,True,True,False,False,False,True
6422,22,65,0.0,1.0,7,82,1.0,2,1.0,2.0,4,1.0,0.0,65,False,True,False,True,True,False,False,True,False,True,False,False,True
6423,18,91,0.0,1.0,7,95,1.0,2,0.0,2.0,2,2.0,0.0,70,False,True,False,True,True,False,False,True,True,False,False,False,True
6424,20,75,1.0,1.0,8,63,1.0,4,1.0,0.0,3,2.0,0.0,67,False,True,False,True,True,False,False,True,True,False,False,True,False
6425,20,89,1.0,2.0,8,67,1.0,2,0.0,2.0,2,1.0,0.0,69,False,True,False,True,True,False,False,True,False,True,False,True,False
6426,15,81,1.0,2.0,7,90,2.0,1,0.0,1.0,2,2.0,2.0,68,True,False,True,False,False,True,False,True,True,False,False,False,True
6427,23,90,2.0,2.0,7,87,2.0,1,0.0,1.0,2,0.0,0.0,72,True,False,False,True,True,False,False,True,True,False,False,True,False
6428,23,96,1.0,2.0,6,70,1.0,1,1.0,1.0,2,0.0,0.0,71,False,True,False,True,True,False,False,True,True,False,False,True,False
6429,29,97,1.0,2.0,9,92,1.0,2,0.0,1.0,4,0.0,1.0,75,True,False,False,True,False,True,False,True,True,False,False,False,True
6430,28,81,1.0,2.0,6,96,1.0,0,1.0,1.0,2,0.0,0.0,70,False,True,False,True,True,False,False,True,True,False,False,True,False
6431,16,80,1.0,1.0,9,73,1.0,2,1.0,1.0,4,1.0,0.0,66,False,True,True,False,True,False,False,True,True,False,True,False,False
6432,25,71,1.0,2.0,7,52,2.0,3,0.0,1.0,3,0.0,0.0,67,False,True,True,False,False,True,False,True,True,False,False,True,False
6433,14,97,1.0,1.0,7,75,2.0,1,1.0,1.0,4,1.0,0.0,70,True,False,False,True,False,True,False,True,True,False,False,False,True
6434,24,78,2.0,2.0,8,87,1.0,2,1.0,1.0,3,0.0,0.0,71,False,True,False,True,False,True,False,True,True,False,False,True,False
6435,17,65,1.0,1.0,6,61,1.0,5,0.0,1.0,4,0.0,0.0,64,True,False,False,True,True,False,False,True,True,False,False,False,True
6436,14,77,1.0,1.0,8,55,2.0,2,2.0,2.0,4,0.0,0.0,65,False,True,True,False,True,False,False,True,True,False,False,True,False
6437,22,65,1.0,1.0,7,64,2.0,1,1.0,2.0,2,0.0,1.0,64,False,True,True,False,False,True,False,True,True,False,True,False,False
6438,4,80,0.0,1.0,8,51,1.0,4,1.0,2.0,5,0.0,0.0,62,False,True,False,True,False,True,False,True,True,False,True,False,False
6439,9,82,2.0,0.0,6,86,1.0,2,0.0,2.0,2,1.0,2.0,64,True,False,True,False,False,True,False,True,True,False,True,False,False
6440,19,74,1.0,2.0,6,57,2.0,1,1.0,1.0,2,0.0,0.0,66,True,False,True,False,False,True,False,True,True,False,False,False,True
6441,20,63,1.0,1.0,4,86,0.0,0,2.0,1.0,3,1.0,0.0,64,False,True,False,True,False,True,False,True,True,False,False,True,False
6442,18,98,2.0,1.0,6,62,0.0,3,1.0,2.0,3,0.0,2.0,71,True,False,False,True,False,True,False,True,True,False,False,False,True
6443,11,91,2.0,0.0,6,100,0.0,4,0.0,1.0,2,2.0,0.0,68,False,True,False,True,False,True,False,True,True,False,True,False,False
6444,15,94,1.0,1.0,6,77,0.0,3,2.0,2.0,4,1.0,0.0,70,True,False,True,False,False,True,False,True,True,False,False,True,False
6445,22,75,2.0,1.0,7,52,2.0,0,0.0,1.0,3,1.0,0.0,66,True,False,True,False,True,False,False,True,True,False,False,True,False
6446,23,90,1.0,1.0,7,89,0.0,2,2.0,1.0,4,1.0,1.0,71,True,False,False,True,True,False,False,True,True,False,False,False,True
6447,20,79,1.0,1.0,8,71,1.0,1,1.0,2.0,3,1.0,0.0,68,True,False,False,True,False,True,False,True,True,False,False,True,False
6448,27,68,0.0,0.0,8,80,2.0,3,1.0,1.0,4,0.0,0.0,66,False,True,False,True,False,True,False,True,False,True,False,False,True
6449,22,65,0.0,1.0,8,98,2.0,4,1.0,1.0,3,0.0,0.0,66,True,False,True,False,True,False,False,True,True,False,False,True,False
6450,16,74,0.0,2.0,8,76,1.0,5,0.0,1.0,3,1.0,1.0,65,False,True,False,True,True,False,False,True,True,False,True,False,False
6451,18,66,1.0,1.0,7,90,1.0,0,1.0,1.0,4,2.0,0.0,64,False,True,False,True,False,True,False,True,True,False,True,False,False
6452,12,100,0.0,1.0,7,65,1.0,1,0.0,1.0,2,0.0,0.0,67,False,True,True,False,False,True,False,True,True,False,False,False,True
6453,19,62,1.0,1.0,8,86,0.0,1,2.0,1.0,3,1.0,0.0,65,False,True,False,True,False,True,False,True,True,False,False,False,True
6454,27,78,1.0,1.0,8,55,0.0,3,2.0,1.0,2,2.0,1.0,69,False,True,False,True,False,True,False,True,True,False,False,True,False
6455,24,78,2.0,1.0,5,95,0.0,1,0.0,1.0,2,1.0,0.0,69,False,True,True,False,False,True,False,True,True,False,False,False,True
6456,28,72,0.0,1.0,7,60,1.0,4,2.0,1.0,3,2.0,0.0,69,False,True,False,True,False,True,False,True,True,False,False,True,False
6457,18,83,1.0,2.0,4,65,0.0,3,0.0,1.0,4,1.0,1.0,68,False,True,False,True,True,False,False,True,True,False,False,False,True
6458,28,66,1.0,0.0,4,98,1.0,0,1.0,2.0,3,0.0,0.0,67,True,False,False,True,False,True,False,True,True,False,False,False,True
6459,19,91,1.0,0.0,6,58,2.0,2,0.0,2.0,3,1.0,1.0,68,False,True,False,True,True,False,False,True,True,False,False,False,True
6460,29,73,0.0,0.0,7,63,1.0,1,0.0,1.0,4,2.0,2.0,65,True,False,False,True,False,True,False,True,True,False,True,False,False
6461,20,84,2.0,1.0,6,79,1.0,3,1.0,1.0,3,1.0,1.0,69,False,True,False,True,False,True,False,True,True,False,True,False,False
6462,24,89,1.0,0.0,4,99,2.0,1,2.0,2.0,3,2.0,0.0,73,False,True,True,False,True,False,False,True,True,False,False,False,True
6463,19,93,1.0,2.0,6,56,1.0,0,0.0,2.0,3,1.0,0.0,69,False,True,True,False,False,True,False,True,True,False,True,False,False
6464,21,84,2.0,0.0,8,87,0.0,2,2.0,1.0,1,2.0,2.0,69,True,False,False,True,False,True,False,True,True,False,False,False,True
6465,28,76,1.0,1.0,6,71,1.0,3,0.0,1.0,2,0.0,2.0,68,True,False,True,False,False,True,False,True,True,False,False,False,True
6466,19,80,2.0,2.0,6,100,1.0,1,1.0,1.0,3,0.0,0.0,70,False,True,False,True,False,True,False,True,True,False,False,False,True
6467,12,91,1.0,0.0,8,81,0.0,0,0.0,0.0,4,0.0,1.0,64,False,True,False,True,False,True,False,True,True,False,False,False,True
6468,33,95,0.0,0.0,6,77,0.0,2,2.0,2.0,3,0.0,1.0,73,True,False,True,False,False,True,False,True,True,False,False,False,True
6469,17,64,1.0,1.0,7,78,2.0,1,1.0,1.0,3,0.0,0.0,64,False,True,False,True,False,True,False,True,True,False,False,False,True
6470,21,75,1.0,0.0,7,82,1.0,1,1.0,1.0,4,0.0,0.0,65,False,True,False,True,False,True,False,True,True,False,True,False,False
6471,27,91,0.0,2.0,5,87,1.0,0,1.0,1.0,3,0.0,0.0,69,True,False,False,True,True,False,True,False,True,False,True,False,False
6472,16,77,1.0,0.0,8,54,1.0,0,1.0,1.0,3,2.0,0.0,62,False,True,False,True,False,True,True,False,True,False,True,False,False
6473,14,73,2.0,1.0,6,57,2.0,2,1.0,1.0,4,0.0,1.0,64,True,False,False,True,False,True,False,True,True,False,False,True,False
6474,22,76,0.0,2.0,5,65,0.0,0,1.0,2.0,3,0.0,2.0,64,True,False,False,True,True,False,False,True,True,False,False,True,False
6475,9,84,1.0,1.0,6,74,1.0,5,2.0,1.0,2,0.0,0.0,67,False,True,False,True,True,False,False,True,True,False,False,True,False
6476,18,100,1.0,0.0,8,66,2.0,3,0.0,1.0,3,1.0,0.0,69,False,True,False,True,False,True,True,False,True,False,True,False,False
6477,21,80,1.0,0.0,5,61,1.0,2,2.0,1.0,3,0.0,0.0,67,False,True,False,True,False,True,False,True,True,False,False,False,True
6478,18,68,0.0,2.0,8,96,1.0,1,2.0,1.0,3,0.0,1.0,65,False,True,False,True,True,False,False,True,True,False,False,True,False
6479,11,67,1.0,2.0,8,52,2.0,3,2.0,2.0,3,1.0,1.0,63,True,False,False,True,True,False,False,True,True,False,True,False,False
6480,30,62,0.0,0.0,7,97,1.0,0,2.0,1.0,5,1.0,0.0,66,True,False,True,False,False,True,False,True,True,False,False,True,False
6481,21,82,1.0,2.0,7,95,2.0,1,2.0,1.0,3,0.0,0.0,70,False,True,False,True,True,False,False,True,True,False,True,False,False
6482,29,82,1.0,2.0,7,84,0.0,1,0.0,1.0,2,0.0,0.0,70,False,True,True,False,True,False,False,True,True,False,False,False,True
6483,18,68,2.0,2.0,8,52,2.0,0,2.0,2.0,3,1.0,0.0,67,False,True,False,True,False,True,False,True,True,False,False,False,True
6484,15,88,0.0,1.0,6,61,1.0,0,2.0,1.0,4,2.0,2.0,65,False,True,False,True,False,True,False,True,False,True,False,True,False
6485,22,90,0.0,2.0,5,99,1.0,1,0.0,0.0,2,1.0,0.0,70,True,False,True,False,True,False,False,True,True,False,False,False,True
6486,19,70,1.0,1.0,7,95,2.0,0,1.0,2.0,3,1.0,0.0,66,True,False,True,False,False,True,True,False,True,False,False,False,True
6487,13,74,1.0,2.0,8,98,2.0,1,2.0,2.0,2,0.0,0.0,66,False,True,False,True,False,True,False,True,True,False,True,False,False
6488,29,100,1.0,0.0,8,100,0.0,0,0.0,1.0,5,0.0,0.0,72,False,True,True,False,False,True,False,True,False,True,False,True,False
6489,16,75,2.0,0.0,10,53,2.0,0,0.0,0.0,4,1.0,0.0,64,True,False,False,True,False,True,False,True,True,False,False,False,True
6490,9,90,2.0,2.0,7,79,0.0,4,2.0,2.0,4,0.0,0.0,70,False,True,False,True,False,True,False,True,True,False,False,False,True
6491,28,78,1.0,2.0,7,92,0.0,1,1.0,2.0,3,2.0,1.0,71,True,False,False,True,True,False,False,True,True,False,False,False,True
6492,17,92,1.0,1.0,7,66,0.0,2,0.0,1.0,3,0.0,0.0,66,False,True,False,True,True,False,False,True,True,False,True,False,False
6493,16,91,2.0,1.0,6,72,2.0,0,2.0,2.0,2,2.0,0.0,70,True,False,False,True,False,True,False,True,True,False,True,False,False
6494,9,87,0.0,1.0,6,64,1.0,1,2.0,1.0,2,0.0,0.0,64,True,False,False,True,False,True,False,True,True,False,False,True,False
6495,30,94,1.0,0.0,5,52,0.0,3,2.0,1.0,2,2.0,1.0,70,True,False,True,False,True,False,True,False,True,False,False,True,False
6496,12,98,1.0,0.0,4,54,1.0,2,1.0,2.0,3,0.0,0.0,67,True,False,True,False,False,True,False,True,True,False,False,True,False
6497,20,83,1.0,0.0,6,51,0.0,2,1.0,1.0,4,0.0,1.0,65,True,False,False,True,True,False,False,True,True,False,False,True,False
6498,25,69,2.0,1.0,7,76,1.0,1,2.0,1.0,2,0.0,0.0,68,True,False,False,True,True,False,False,True,True,False,False,False,True
6499,23,76,2.0,1.0,8,81,1.0,3,0.0,2.0,2,0.0,0.0,69,True,False,False,True,True,False,False,True,True,False,False,False,True
6500,20,90,1.0,0.0,6,65,0.0,3,0.0,1.0,2,2.0,0.0,68,True,False,False,True,False,True,False,True,True,False,True,False,False
6501,10,86,2.0,2.0,6,91,2.0,2,0.0,1.0,3,0.0,2.0,68,True,False,True,False,False,True,False,True,True,False,False,False,True
6502,15,67,1.0,0.0,9,94,1.0,0,1.0,1.0,4,2.0,0.0,64,False,True,False,True,False,True,False,True,True,False,False,False,True
