[2026-09-23 11:22:14,643] {scheduler_job.py:182} INFO - Started process (PID=51) to work on /home/airflow/.local/lib/python3.6/site-packages/airflow/example_dags/subdags/subdag.py
[2026-09-23 11:22:14,644] {scheduler_job.py:629} INFO - Processing file /home/airflow/.local/lib/python3.6/site-packages/airflow/example_dags/subdags/subdag.py for tasks to queue
[2026-09-23 11:22:14,646] {logging_mixin.py:104} INFO - [2026-09-23 11:22:14,646] {dagbag.py:451} INFO - Filling up the DagBag from /home/airflow/.local/lib/python3.6/site-packages/airflow/example_dags/subdags/subdag.py
[2026-09-23 11:22:14,650] {scheduler_job.py:641} WARNING - No viable dags retrieved from /home/airflow/.local/lib/python3.6/site-packages/airflow/example_dags/subdags/subdag.py
[2026-09-23 11:22:14,695] {scheduler_job.py:190} INFO - Processing /home/airflow/.local/lib/python3.6/site-packages/airflow/example_dags/subdags/subdag.py took 0.059 seconds
[2026-09-23 11:22:45,501] {scheduler_job.py:182} INFO - Started process (PID=77) to work on /home/airflow/.local/lib/python3.6/site-packages/airflow/example_dags/subdags/subdag.py
[2026-09-23 11:22:45,503] {scheduler_job.py:629} INFO - Processing file /home/airflow/.local/lib/python3.6/site-packages/airflow/example_dags/subdags/subdag.py for tasks to queue
[2026-09-23 11:22:45,503] {logging_mixin.py:104} INFO - [2026-09-23 11:22:45,503] {dagbag.py:451} INFO - Filling up the DagBag from /home/airflow/.local/lib/python3.6/site-packages/airflow/example_dags/subdags/subdag.py
[2026-09-23 11:22:45,506] {scheduler_job.py:641} WARNING - No viable dags retrieved from /home/airflow/.local/lib/python3.6/site-packages/airflow/example_dags/subdags/subdag.py
[2026-09-23 11:22:45,523] {scheduler_job.py:190} INFO - Processing /home/airflow/.local/lib/python3.6/site-packages/airflow/example_dags/subdags/subdag.py took 0.026 seconds
[2026-09-23 11:23:16,505] {scheduler_job.py:182} INFO - Started process (PID=103) to work on /home/airflow/.local/lib/python3.6/site-packages/airflow/example_dags/subdags/subdag.py
[2026-09-23 11:23:16,507] {scheduler_job.py:629} INFO - Processing file /home/airflow/.local/lib/python3.6/site-packages/airflow/example_dags/subdags/subdag.py for tasks to queue
[2026-09-23 11:23:16,507] {logging_mixin.py:104} INFO - [2026-09-23 11:23:16,507] {dagbag.py:451} INFO - Filling up the DagBag from /home/airflow/.local/lib/python3.6/site-packages/airflow/example_dags/subdags/subdag.py
[2026-09-23 11:23:16,511] {scheduler_job.py:641} WARNING - No viable dags retrieved from /home/airflow/.local/lib/python3.6/site-packages/airflow/example_dags/subdags/subdag.py
[2026-09-23 11:23:16,529] {scheduler_job.py:190} INFO - Processing /home/airflow/.local/lib/python3.6/site-packages/airflow/example_dags/subdags/subdag.py took 0.029 seconds
[2026-09-23 11:23:47,292] {scheduler_job.py:182} INFO - Started process (PID=129) to work on /home/airflow/.local/lib/python3.6/site-packages/airflow/example_dags/subdags/subdag.py
[2026-09-23 11:23:47,294] {scheduler_job.py:629} INFO - Processing file /home/airflow/.local/lib/python3.6/site-packages/airflow/example_dags/subdags/subdag.py for tasks to queue
[2026-09-23 11:23:47,294] {logging_mixin.py:104} INFO - [2026-09-23 11:23:47,294] {dagbag.py:451} INFO - Filling up the DagBag from /home/airflow/.local/lib/python3.6/site-packages/airflow/example_dags/subdags/subdag.py
[2026-09-23 11:23:47,297] {scheduler_job.py:641} WARNING - No viable dags retrieved from /home/airflow/.local/lib/python3.6/site-packages/airflow/example_dags/subdags/subdag.py
[2026-09-23 11:23:47,311] {scheduler_job.py:190} INFO - Processing /home/airflow/.local/lib/python3.6/site-packages/airflow/example_dags/subdags/subdag.py took 0.023 seconds
[2026-09-23 11:24:18,057] {scheduler_job.py:182} INFO - Started process (PID=155) to work on /home/airflow/.local/lib/python3.6/site-packages/airflow/example_dags/subdags/subdag.py
[2026-09-23 11:24:18,058] {scheduler_job.py:629} INFO - Processing file /home/airflow/.local/lib/python3.6/site-packages/airflow/example_dags/subdags/subdag.py for tasks to queue
[2026-09-23 11:24:18,059] {logging_mixin.py:104} INFO - [2026-09-23 11:24:18,059] {dagbag.py:451} INFO - Filling up the DagBag from /home/airflow/.local/lib/python3.6/site-packages/airflow/example_dags/subdags/subdag.py
[2026-09-23 11:24:18,063] {scheduler_job.py:641} WARNING - No viable dags retrieved from /home/airflow/.local/lib/python3.6/site-packages/airflow/example_dags/subdags/subdag.py
[2026-09-23 11:24:18,081] {scheduler_job.py:190} INFO - Processing /home/airflow/.local/lib/python3.6/site-packages/airflow/example_dags/subdags/subdag.py took 0.029 seconds
[2026-09-23 11:24:48,679] {scheduler_job.py:182} INFO - Started process (PID=181) to work on /home/airflow/.local/lib/python3.6/site-packages/airflow/example_dags/subdags/subdag.py
[2026-09-23 11:24:48,681] {scheduler_job.py:629} INFO - Processing file /home/airflow/.local/lib/python3.6/site-packages/airflow/example_dags/subdags/subdag.py for tasks to queue
[2026-09-23 11:24:48,681] {logging_mixin.py:104} INFO - [2026-09-23 11:24:48,681] {dagbag.py:451} INFO - Filling up the DagBag from /home/airflow/.local/lib/python3.6/site-packages/airflow/example_dags/subdags/subdag.py
[2026-09-23 11:24:48,684] {scheduler_job.py:641} WARNING - No viable dags retrieved from /home/airflow/.local/lib/python3.6/site-packages/airflow/example_dags/subdags/subdag.py
[2026-09-23 11:24:48,698] {scheduler_job.py:190} INFO - Processing /home/airflow/.local/lib/python3.6/site-packages/airflow/example_dags/subdags/subdag.py took 0.023 seconds
[2026-09-23 11:25:19,161] {scheduler_job.py:182} INFO - Started process (PID=207) to work on /home/airflow/.local/lib/python3.6/site-packages/airflow/example_dags/subdags/subdag.py
[2026-09-23 11:25:19,162] {scheduler_job.py:629} INFO - Processing file /home/airflow/.local/lib/python3.6/site-packages/airflow/example_dags/subdags/subdag.py for tasks to queue
[2026-09-23 11:25:19,163] {logging_mixin.py:104} INFO - [2026-09-23 11:25:19,163] {dagbag.py:451} INFO - Filling up the DagBag from /home/airflow/.local/lib/python3.6/site-packages/airflow/example_dags/subdags/subdag.py
[2026-09-23 11:25:19,166] {scheduler_job.py:641} WARNING - No viable dags retrieved from /home/airflow/.local/lib/python3.6/site-packages/airflow/example_dags/subdags/subdag.py
[2026-09-23 11:25:19,180] {scheduler_job.py:190} INFO - Processing /home/airflow/.local/lib/python3.6/site-packages/airflow/example_dags/subdags/subdag.py took 0.023 seconds
[2026-09-23 11:25:49,685] {scheduler_job.py:182} INFO - Started process (PID=233) to work on /home/airflow/.local/lib/python3.6/site-packages/airflow/example_dags/subdags/subdag.py
[2026-09-23 11:25:49,686] {scheduler_job.py:629} INFO - Processing file /home/airflow/.local/lib/python3.6/site-packages/airflow/example_dags/subdags/subdag.py for tasks to queue
[2026-09-23 11:25:49,687] {logging_mixin.py:104} INFO - [2026-09-23 11:25:49,687] {dagbag.py:451} INFO - Filling up the DagBag from /home/airflow/.local/lib/python3.6/site-packages/airflow/example_dags/subdags/subdag.py
[2026-09-23 11:25:49,690] {scheduler_job.py:641} WARNING - No viable dags retrieved from /home/airflow/.local/lib/python3.6/site-packages/airflow/example_dags/subdags/subdag.py
[2026-09-23 11:25:49,705] {scheduler_job.py:190} INFO - Processing /home/airflow/.local/lib/python3.6/site-packages/airflow/example_dags/subdags/subdag.py took 0.024 seconds
[2026-09-23 11:26:20,275] {scheduler_job.py:182} INFO - Started process (PID=259) to work on /home/airflow/.local/lib/python3.6/site-packages/airflow/example_dags/subdags/subdag.py
[2026-09-23 11:26:20,276] {scheduler_job.py:629} INFO - Processing file /home/airflow/.local/lib/python3.6/site-packages/airflow/example_dags/subdags/subdag.py for tasks to queue
[2026-09-23 11:26:20,277] {logging_mixin.py:104} INFO - [2026-09-23 11:26:20,277] {dagbag.py:451} INFO - Filling up the DagBag from /home/airflow/.local/lib/python3.6/site-packages/airflow/example_dags/subdags/subdag.py
[2026-09-23 11:26:20,280] {scheduler_job.py:641} WARNING - No viable dags retrieved from /home/airflow/.local/lib/python3.6/site-packages/airflow/example_dags/subdags/subdag.py
[2026-09-23 11:26:20,296] {scheduler_job.py:190} INFO - Processing /home/airflow/.local/lib/python3.6/site-packages/airflow/example_dags/subdags/subdag.py took 0.024 seconds
[2026-09-23 11:26:51,162] {scheduler_job.py:182} INFO - Started process (PID=285) to work on /home/airflow/.local/lib/python3.6/site-packages/airflow/example_dags/subdags/subdag.py
[2026-09-23 11:26:51,163] {scheduler_job.py:629} INFO - Processing file /home/airflow/.local/lib/python3.6/site-packages/airflow/example_dags/subdags/subdag.py for tasks to queue
[2026-09-23 11:26:51,164] {logging_mixin.py:104} INFO - [2026-09-23 11:26:51,164] {dagbag.py:451} INFO - Filling up the DagBag from /home/airflow/.local/lib/python3.6/site-packages/airflow/example_dags/subdags/subdag.py
[2026-09-23 11:26:51,167] {scheduler_job.py:641} WARNING - No viable dags retrieved from /home/airflow/.local/lib/python3.6/site-packages/airflow/example_dags/subdags/subdag.py
[2026-09-23 11:26:51,183] {scheduler_job.py:190} INFO - Processing /home/airflow/.local/lib/python3.6/site-packages/airflow/example_dags/subdags/subdag.py took 0.025 seconds
[2026-09-23 11:27:21,989] {scheduler_job.py:182} INFO - Started process (PID=311) to work on /home/airflow/.local/lib/python3.6/site-packages/airflow/example_dags/subdags/subdag.py
[2026-09-23 11:27:21,993] {scheduler_job.py:629} INFO - Processing file /home/airflow/.local/lib/python3.6/site-packages/airflow/example_dags/subdags/subdag.py for tasks to queue
[2026-09-23 11:27:21,994] {logging_mixin.py:104} INFO - [2026-09-23 11:27:21,994] {dagbag.py:451} INFO - Filling up the DagBag from /home/airflow/.local/lib/python3.6/site-packages/airflow/example_dags/subdags/subdag.py
[2026-09-23 11:27:22,001] {scheduler_job.py:641} WARNING - No viable dags retrieved from /home/airflow/.local/lib/python3.6/site-packages/airflow/example_dags/subdags/subdag.py
[2026-09-23 11:27:22,025] {scheduler_job.py:190} INFO - Processing /home/airflow/.local/lib/python3.6/site-packages/airflow/example_dags/subdags/subdag.py took 0.042 seconds
[2026-09-23 11:27:53,065] {scheduler_job.py:182} INFO - Started process (PID=337) to work on /home/airflow/.local/lib/python3.6/site-packages/airflow/example_dags/subdags/subdag.py
[2026-09-23 11:27:53,066] {scheduler_job.py:629} INFO - Processing file /home/airflow/.local/lib/python3.6/site-packages/airflow/example_dags/subdags/subdag.py for tasks to queue
[2026-09-23 11:27:53,068] {logging_mixin.py:104} INFO - [2026-09-23 11:27:53,067] {dagbag.py:451} INFO - Filling up the DagBag from /home/airflow/.local/lib/python3.6/site-packages/airflow/example_dags/subdags/subdag.py
[2026-09-23 11:27:53,073] {scheduler_job.py:641} WARNING - No viable dags retrieved from /home/airflow/.local/lib/python3.6/site-packages/airflow/example_dags/subdags/subdag.py
[2026-09-23 11:27:53,092] {scheduler_job.py:190} INFO - Processing /home/airflow/.local/lib/python3.6/site-packages/airflow/example_dags/subdags/subdag.py took 0.034 seconds
[2026-09-23 11:28:24,033] {scheduler_job.py:182} INFO - Started process (PID=362) to work on /home/airflow/.local/lib/python3.6/site-packages/airflow/example_dags/subdags/subdag.py
[2026-09-23 11:28:24,034] {scheduler_job.py:629} INFO - Processing file /home/airflow/.local/lib/python3.6/site-packages/airflow/example_dags/subdags/subdag.py for tasks to queue
[2026-09-23 11:28:24,035] {logging_mixin.py:104} INFO - [2026-09-23 11:28:24,035] {dagbag.py:451} INFO - Filling up the DagBag from /home/airflow/.local/lib/python3.6/site-packages/airflow/example_dags/subdags/subdag.py
[2026-09-23 11:28:24,038] {scheduler_job.py:641} WARNING - No viable dags retrieved from /home/airflow/.local/lib/python3.6/site-packages/airflow/example_dags/subdags/subdag.py
[2026-09-23 11:28:24,054] {scheduler_job.py:190} INFO - Processing /home/airflow/.local/lib/python3.6/site-packages/airflow/example_dags/subdags/subdag.py took 0.024 seconds
[2026-09-23 11:28:54,635] {scheduler_job.py:182} INFO - Started process (PID=388) to work on /home/airflow/.local/lib/python3.6/site-packages/airflow/example_dags/subdags/subdag.py
[2026-09-23 11:28:54,636] {scheduler_job.py:629} INFO - Processing file /home/airflow/.local/lib/python3.6/site-packages/airflow/example_dags/subdags/subdag.py for tasks to queue
[2026-09-23 11:28:54,637] {logging_mixin.py:104} INFO - [2026-09-23 11:28:54,637] {dagbag.py:451} INFO - Filling up the DagBag from /home/airflow/.local/lib/python3.6/site-packages/airflow/example_dags/subdags/subdag.py
[2026-09-23 11:28:54,641] {scheduler_job.py:641} WARNING - No viable dags retrieved from /home/airflow/.local/lib/python3.6/site-packages/airflow/example_dags/subdags/subdag.py
[2026-09-23 11:28:54,658] {scheduler_job.py:190} INFO - Processing /home/airflow/.local/lib/python3.6/site-packages/airflow/example_dags/subdags/subdag.py took 0.028 seconds
[2026-09-23 11:29:25,139] {scheduler_job.py:182} INFO - Started process (PID=414) to work on /home/airflow/.local/lib/python3.6/site-packages/airflow/example_dags/subdags/subdag.py
[2026-09-23 11:29:25,141] {scheduler_job.py:629} INFO - Processing file /home/airflow/.local/lib/python3.6/site-packages/airflow/example_dags/subdags/subdag.py for tasks to queue
[2026-09-23 11:29:25,142] {logging_mixin.py:104} INFO - [2026-09-23 11:29:25,142] {dagbag.py:451} INFO - Filling up the DagBag from /home/airflow/.local/lib/python3.6/site-packages/airflow/example_dags/subdags/subdag.py
[2026-09-23 11:29:25,145] {scheduler_job.py:641} WARNING - No viable dags retrieved from /home/airflow/.local/lib/python3.6/site-packages/airflow/example_dags/subdags/subdag.py
[2026-09-23 11:29:25,164] {scheduler_job.py:190} INFO - Processing /home/airflow/.local/lib/python3.6/site-packages/airflow/example_dags/subdags/subdag.py took 0.029 seconds
[2026-09-23 11:29:55,843] {scheduler_job.py:182} INFO - Started process (PID=440) to work on /home/airflow/.local/lib/python3.6/site-packages/airflow/example_dags/subdags/subdag.py
[2026-09-23 11:29:55,845] {scheduler_job.py:629} INFO - Processing file /home/airflow/.local/lib/python3.6/site-packages/airflow/example_dags/subdags/subdag.py for tasks to queue
[2026-09-23 11:29:55,846] {logging_mixin.py:104} INFO - [2026-09-23 11:29:55,846] {dagbag.py:451} INFO - Filling up the DagBag from /home/airflow/.local/lib/python3.6/site-packages/airflow/example_dags/subdags/subdag.py
[2026-09-23 11:29:55,855] {scheduler_job.py:641} WARNING - No viable dags retrieved from /home/airflow/.local/lib/python3.6/site-packages/airflow/example_dags/subdags/subdag.py
[2026-09-23 11:29:55,881] {scheduler_job.py:190} INFO - Processing /home/airflow/.local/lib/python3.6/site-packages/airflow/example_dags/subdags/subdag.py took 0.047 seconds
[2026-09-23 11:30:26,552] {scheduler_job.py:182} INFO - Started process (PID=466) to work on /home/airflow/.local/lib/python3.6/site-packages/airflow/example_dags/subdags/subdag.py
[2026-09-23 11:30:26,553] {scheduler_job.py:629} INFO - Processing file /home/airflow/.local/lib/python3.6/site-packages/airflow/example_dags/subdags/subdag.py for tasks to queue
[2026-09-23 11:30:26,555] {logging_mixin.py:104} INFO - [2026-09-23 11:30:26,554] {dagbag.py:451} INFO - Filling up the DagBag from /home/airflow/.local/lib/python3.6/site-packages/airflow/example_dags/subdags/subdag.py
[2026-09-23 11:30:26,558] {scheduler_job.py:641} WARNING - No viable dags retrieved from /home/airflow/.local/lib/python3.6/site-packages/airflow/example_dags/subdags/subdag.py
[2026-09-23 11:30:26,574] {scheduler_job.py:190} INFO - Processing /home/airflow/.local/lib/python3.6/site-packages/airflow/example_dags/subdags/subdag.py took 0.025 seconds
[2026-09-23 11:30:57,101] {scheduler_job.py:182} INFO - Started process (PID=492) to work on /home/airflow/.local/lib/python3.6/site-packages/airflow/example_dags/subdags/subdag.py
[2026-09-23 11:30:57,102] {scheduler_job.py:629} INFO - Processing file /home/airflow/.local/lib/python3.6/site-packages/airflow/example_dags/subdags/subdag.py for tasks to queue
[2026-09-23 11:30:57,103] {logging_mixin.py:104} INFO - [2026-09-23 11:30:57,103] {dagbag.py:451} INFO - Filling up the DagBag from /home/airflow/.local/lib/python3.6/site-packages/airflow/example_dags/subdags/subdag.py
[2026-09-23 11:30:57,106] {scheduler_job.py:641} WARNING - No viable dags retrieved from /home/airflow/.local/lib/python3.6/site-packages/airflow/example_dags/subdags/subdag.py
[2026-09-23 11:30:57,122] {scheduler_job.py:190} INFO - Processing /home/airflow/.local/lib/python3.6/site-packages/airflow/example_dags/subdags/subdag.py took 0.024 seconds
[2026-09-23 11:31:27,595] {scheduler_job.py:182} INFO - Started process (PID=518) to work on /home/airflow/.local/lib/python3.6/site-packages/airflow/example_dags/subdags/subdag.py
[2026-09-23 11:31:27,596] {scheduler_job.py:629} INFO - Processing file /home/airflow/.local/lib/python3.6/site-packages/airflow/example_dags/subdags/subdag.py for tasks to queue
[2026-09-23 11:31:27,597] {logging_mixin.py:104} INFO - [2026-09-23 11:31:27,597] {dagbag.py:451} INFO - Filling up the DagBag from /home/airflow/.local/lib/python3.6/site-packages/airflow/example_dags/subdags/subdag.py
[2026-09-23 11:31:27,600] {scheduler_job.py:641} WARNING - No viable dags retrieved from /home/airflow/.local/lib/python3.6/site-packages/airflow/example_dags/subdags/subdag.py
[2026-09-23 11:31:27,615] {scheduler_job.py:190} INFO - Processing /home/airflow/.local/lib/python3.6/site-packages/airflow/example_dags/subdags/subdag.py took 0.023 seconds
[2026-09-23 11:31:58,144] {scheduler_job.py:182} INFO - Started process (PID=544) to work on /home/airflow/.local/lib/python3.6/site-packages/airflow/example_dags/subdags/subdag.py
[2026-09-23 11:31:58,146] {scheduler_job.py:629} INFO - Processing file /home/airflow/.local/lib/python3.6/site-packages/airflow/example_dags/subdags/subdag.py for tasks to queue
[2026-09-23 11:31:58,146] {logging_mixin.py:104} INFO - [2026-09-23 11:31:58,146] {dagbag.py:451} INFO - Filling up the DagBag from /home/airflow/.local/lib/python3.6/site-packages/airflow/example_dags/subdags/subdag.py
[2026-09-23 11:31:58,150] {scheduler_job.py:641} WARNING - No viable dags retrieved from /home/airflow/.local/lib/python3.6/site-packages/airflow/example_dags/subdags/subdag.py
[2026-09-23 11:31:58,164] {scheduler_job.py:190} INFO - Processing /home/airflow/.local/lib/python3.6/site-packages/airflow/example_dags/subdags/subdag.py took 0.024 seconds
[2026-09-23 11:32:28,609] {scheduler_job.py:182} INFO - Started process (PID=570) to work on /home/airflow/.local/lib/python3.6/site-packages/airflow/example_dags/subdags/subdag.py
[2026-09-23 11:32:28,610] {scheduler_job.py:629} INFO - Processing file /home/airflow/.local/lib/python3.6/site-packages/airflow/example_dags/subdags/subdag.py for tasks to queue
[2026-09-23 11:32:28,610] {logging_mixin.py:104} INFO - [2026-09-23 11:32:28,610] {dagbag.py:451} INFO - Filling up the DagBag from /home/airflow/.local/lib/python3.6/site-packages/airflow/example_dags/subdags/subdag.py
[2026-09-23 11:32:28,614] {scheduler_job.py:641} WARNING - No viable dags retrieved from /home/airflow/.local/lib/python3.6/site-packages/airflow/example_dags/subdags/subdag.py
[2026-09-23 11:32:28,628] {scheduler_job.py:190} INFO - Processing /home/airflow/.local/lib/python3.6/site-packages/airflow/example_dags/subdags/subdag.py took 0.023 seconds
[2026-09-23 11:32:59,168] {scheduler_job.py:182} INFO - Started process (PID=596) to work on /home/airflow/.local/lib/python3.6/site-packages/airflow/example_dags/subdags/subdag.py
[2026-09-23 11:32:59,169] {scheduler_job.py:629} INFO - Processing file /home/airflow/.local/lib/python3.6/site-packages/airflow/example_dags/subdags/subdag.py for tasks to queue
[2026-09-23 11:32:59,170] {logging_mixin.py:104} INFO - [2026-09-23 11:32:59,169] {dagbag.py:451} INFO - Filling up the DagBag from /home/airflow/.local/lib/python3.6/site-packages/airflow/example_dags/subdags/subdag.py
[2026-09-23 11:32:59,173] {scheduler_job.py:641} WARNING - No viable dags retrieved from /home/airflow/.local/lib/python3.6/site-packages/airflow/example_dags/subdags/subdag.py
[2026-09-23 11:32:59,191] {scheduler_job.py:190} INFO - Processing /home/airflow/.local/lib/python3.6/site-packages/airflow/example_dags/subdags/subdag.py took 0.028 seconds
[2026-09-23 11:33:29,669] {scheduler_job.py:182} INFO - Started process (PID=622) to work on /home/airflow/.local/lib/python3.6/site-packages/airflow/example_dags/subdags/subdag.py
[2026-09-23 11:33:29,670] {scheduler_job.py:629} INFO - Processing file /home/airflow/.local/lib/python3.6/site-packages/airflow/example_dags/subdags/subdag.py for tasks to queue
[2026-09-23 11:33:29,670] {logging_mixin.py:104} INFO - [2026-09-23 11:33:29,670] {dagbag.py:451} INFO - Filling up the DagBag from /home/airflow/.local/lib/python3.6/site-packages/airflow/example_dags/subdags/subdag.py
[2026-09-23 11:33:29,673] {scheduler_job.py:641} WARNING - No viable dags retrieved from /home/airflow/.local/lib/python3.6/site-packages/airflow/example_dags/subdags/subdag.py
[2026-09-23 11:33:29,689] {scheduler_job.py:190} INFO - Processing /home/airflow/.local/lib/python3.6/site-packages/airflow/example_dags/subdags/subdag.py took 0.024 seconds
[2026-09-23 11:34:00,229] {scheduler_job.py:182} INFO - Started process (PID=648) to work on /home/airflow/.local/lib/python3.6/site-packages/airflow/example_dags/subdags/subdag.py
[2026-09-23 11:34:00,230] {scheduler_job.py:629} INFO - Processing file /home/airflow/.local/lib/python3.6/site-packages/airflow/example_dags/subdags/subdag.py for tasks to queue
[2026-09-23 11:34:00,231] {logging_mixin.py:104} INFO - [2026-09-23 11:34:00,231] {dagbag.py:451} INFO - Filling up the DagBag from /home/airflow/.local/lib/python3.6/site-packages/airflow/example_dags/subdags/subdag.py
[2026-09-23 11:34:00,235] {scheduler_job.py:641} WARNING - No viable dags retrieved from /home/airflow/.local/lib/python3.6/site-packages/airflow/example_dags/subdags/subdag.py
[2026-09-23 11:34:00,249] {scheduler_job.py:190} INFO - Processing /home/airflow/.local/lib/python3.6/site-packages/airflow/example_dags/subdags/subdag.py took 0.025 seconds
[2026-09-23 11:34:30,840] {scheduler_job.py:182} INFO - Started process (PID=674) to work on /home/airflow/.local/lib/python3.6/site-packages/airflow/example_dags/subdags/subdag.py
[2026-09-23 11:34:30,842] {scheduler_job.py:629} INFO - Processing file /home/airflow/.local/lib/python3.6/site-packages/airflow/example_dags/subdags/subdag.py for tasks to queue
[2026-09-23 11:34:30,843] {logging_mixin.py:104} INFO - [2026-09-23 11:34:30,843] {dagbag.py:451} INFO - Filling up the DagBag from /home/airflow/.local/lib/python3.6/site-packages/airflow/example_dags/subdags/subdag.py
[2026-09-23 11:34:30,848] {scheduler_job.py:641} WARNING - No viable dags retrieved from /home/airflow/.local/lib/python3.6/site-packages/airflow/example_dags/subdags/subdag.py
[2026-09-23 11:34:30,863] {scheduler_job.py:190} INFO - Processing /home/airflow/.local/lib/python3.6/site-packages/airflow/example_dags/subdags/subdag.py took 0.027 seconds
[2026-09-23 11:35:01,395] {scheduler_job.py:182} INFO - Started process (PID=700) to work on /home/airflow/.local/lib/python3.6/site-packages/airflow/example_dags/subdags/subdag.py
[2026-09-23 11:35:01,396] {scheduler_job.py:629} INFO - Processing file /home/airflow/.local/lib/python3.6/site-packages/airflow/example_dags/subdags/subdag.py for tasks to queue
[2026-09-23 11:35:01,397] {logging_mixin.py:104} INFO - [2026-09-23 11:35:01,397] {dagbag.py:451} INFO - Filling up the DagBag from /home/airflow/.local/lib/python3.6/site-packages/airflow/example_dags/subdags/subdag.py
[2026-09-23 11:35:01,400] {scheduler_job.py:641} WARNING - No viable dags retrieved from /home/airflow/.local/lib/python3.6/site-packages/airflow/example_dags/subdags/subdag.py
[2026-09-23 11:35:01,414] {scheduler_job.py:190} INFO - Processing /home/airflow/.local/lib/python3.6/site-packages/airflow/example_dags/subdags/subdag.py took 0.023 seconds
[2026-09-23 11:35:31,589] {scheduler_job.py:182} INFO - Started process (PID=726) to work on /home/airflow/.local/lib/python3.6/site-packages/airflow/example_dags/subdags/subdag.py
[2026-09-23 11:35:31,591] {scheduler_job.py:629} INFO - Processing file /home/airflow/.local/lib/python3.6/site-packages/airflow/example_dags/subdags/subdag.py for tasks to queue
[2026-09-23 11:35:31,592] {logging_mixin.py:104} INFO - [2026-09-23 11:35:31,592] {dagbag.py:451} INFO - Filling up the DagBag from /home/airflow/.local/lib/python3.6/site-packages/airflow/example_dags/subdags/subdag.py
[2026-09-23 11:35:31,596] {scheduler_job.py:641} WARNING - No viable dags retrieved from /home/airflow/.local/lib/python3.6/site-packages/airflow/example_dags/subdags/subdag.py
[2026-09-23 11:35:31,627] {scheduler_job.py:190} INFO - Processing /home/airflow/.local/lib/python3.6/site-packages/airflow/example_dags/subdags/subdag.py took 0.048 seconds
[2026-09-23 11:36:01,857] {scheduler_job.py:182} INFO - Started process (PID=752) to work on /home/airflow/.local/lib/python3.6/site-packages/airflow/example_dags/subdags/subdag.py
[2026-09-23 11:36:01,862] {scheduler_job.py:629} INFO - Processing file /home/airflow/.local/lib/python3.6/site-packages/airflow/example_dags/subdags/subdag.py for tasks to queue
[2026-09-23 11:36:01,863] {logging_mixin.py:104} INFO - [2026-09-23 11:36:01,863] {dagbag.py:451} INFO - Filling up the DagBag from /home/airflow/.local/lib/python3.6/site-packages/airflow/example_dags/subdags/subdag.py
[2026-09-23 11:36:01,874] {scheduler_job.py:641} WARNING - No viable dags retrieved from /home/airflow/.local/lib/python3.6/site-packages/airflow/example_dags/subdags/subdag.py
[2026-09-23 11:36:01,935] {scheduler_job.py:190} INFO - Processing /home/airflow/.local/lib/python3.6/site-packages/airflow/example_dags/subdags/subdag.py took 0.088 seconds
[2026-09-23 11:36:32,243] {scheduler_job.py:182} INFO - Started process (PID=776) to work on /home/airflow/.local/lib/python3.6/site-packages/airflow/example_dags/subdags/subdag.py
[2026-09-23 11:36:32,245] {scheduler_job.py:629} INFO - Processing file /home/airflow/.local/lib/python3.6/site-packages/airflow/example_dags/subdags/subdag.py for tasks to queue
[2026-09-23 11:36:32,245] {logging_mixin.py:104} INFO - [2026-09-23 11:36:32,245] {dagbag.py:451} INFO - Filling up the DagBag from /home/airflow/.local/lib/python3.6/site-packages/airflow/example_dags/subdags/subdag.py
[2026-09-23 11:36:32,249] {scheduler_job.py:641} WARNING - No viable dags retrieved from /home/airflow/.local/lib/python3.6/site-packages/airflow/example_dags/subdags/subdag.py
[2026-09-23 11:36:32,265] {scheduler_job.py:190} INFO - Processing /home/airflow/.local/lib/python3.6/site-packages/airflow/example_dags/subdags/subdag.py took 0.026 seconds
[2026-09-23 11:37:02,706] {scheduler_job.py:182} INFO - Started process (PID=802) to work on /home/airflow/.local/lib/python3.6/site-packages/airflow/example_dags/subdags/subdag.py
[2026-09-23 11:37:02,708] {scheduler_job.py:629} INFO - Processing file /home/airflow/.local/lib/python3.6/site-packages/airflow/example_dags/subdags/subdag.py for tasks to queue
[2026-09-23 11:37:02,709] {logging_mixin.py:104} INFO - [2026-09-23 11:37:02,709] {dagbag.py:451} INFO - Filling up the DagBag from /home/airflow/.local/lib/python3.6/site-packages/airflow/example_dags/subdags/subdag.py
[2026-09-23 11:37:02,714] {scheduler_job.py:641} WARNING - No viable dags retrieved from /home/airflow/.local/lib/python3.6/site-packages/airflow/example_dags/subdags/subdag.py
[2026-09-23 11:37:02,732] {scheduler_job.py:190} INFO - Processing /home/airflow/.local/lib/python3.6/site-packages/airflow/example_dags/subdags/subdag.py took 0.032 seconds
[2026-09-23 11:37:32,874] {scheduler_job.py:182} INFO - Started process (PID=828) to work on /home/airflow/.local/lib/python3.6/site-packages/airflow/example_dags/subdags/subdag.py
[2026-09-23 11:37:32,875] {scheduler_job.py:629} INFO - Processing file /home/airflow/.local/lib/python3.6/site-packages/airflow/example_dags/subdags/subdag.py for tasks to queue
[2026-09-23 11:37:32,877] {logging_mixin.py:104} INFO - [2026-09-23 11:37:32,877] {dagbag.py:451} INFO - Filling up the DagBag from /home/airflow/.local/lib/python3.6/site-packages/airflow/example_dags/subdags/subdag.py
[2026-09-23 11:37:32,881] {scheduler_job.py:641} WARNING - No viable dags retrieved from /home/airflow/.local/lib/python3.6/site-packages/airflow/example_dags/subdags/subdag.py
[2026-09-23 11:37:32,906] {scheduler_job.py:190} INFO - Processing /home/airflow/.local/lib/python3.6/site-packages/airflow/example_dags/subdags/subdag.py took 0.038 seconds
[2026-09-23 11:38:03,174] {scheduler_job.py:182} INFO - Started process (PID=854) to work on /home/airflow/.local/lib/python3.6/site-packages/airflow/example_dags/subdags/subdag.py
[2026-09-23 11:38:03,176] {scheduler_job.py:629} INFO - Processing file /home/airflow/.local/lib/python3.6/site-packages/airflow/example_dags/subdags/subdag.py for tasks to queue
[2026-09-23 11:38:03,177] {logging_mixin.py:104} INFO - [2026-09-23 11:38:03,177] {dagbag.py:451} INFO - Filling up the DagBag from /home/airflow/.local/lib/python3.6/site-packages/airflow/example_dags/subdags/subdag.py
[2026-09-23 11:38:03,181] {scheduler_job.py:641} WARNING - No viable dags retrieved from /home/airflow/.local/lib/python3.6/site-packages/airflow/example_dags/subdags/subdag.py
[2026-09-23 11:38:03,205] {scheduler_job.py:190} INFO - Processing /home/airflow/.local/lib/python3.6/site-packages/airflow/example_dags/subdags/subdag.py took 0.038 seconds
[2026-09-23 11:38:33,724] {scheduler_job.py:182} INFO - Started process (PID=880) to work on /home/airflow/.local/lib/python3.6/site-packages/airflow/example_dags/subdags/subdag.py
[2026-09-23 11:38:33,725] {scheduler_job.py:629} INFO - Processing file /home/airflow/.local/lib/python3.6/site-packages/airflow/example_dags/subdags/subdag.py for tasks to queue
[2026-09-23 11:38:33,727] {logging_mixin.py:104} INFO - [2026-09-23 11:38:33,726] {dagbag.py:451} INFO - Filling up the DagBag from /home/airflow/.local/lib/python3.6/site-packages/airflow/example_dags/subdags/subdag.py
[2026-09-23 11:38:33,731] {scheduler_job.py:641} WARNING - No viable dags retrieved from /home/airflow/.local/lib/python3.6/site-packages/airflow/example_dags/subdags/subdag.py
[2026-09-23 11:38:33,756] {scheduler_job.py:190} INFO - Processing /home/airflow/.local/lib/python3.6/site-packages/airflow/example_dags/subdags/subdag.py took 0.038 seconds
[2026-09-23 11:39:04,648] {scheduler_job.py:182} INFO - Started process (PID=909) to work on /home/airflow/.local/lib/python3.6/site-packages/airflow/example_dags/subdags/subdag.py
[2026-09-23 11:39:04,650] {scheduler_job.py:629} INFO - Processing file /home/airflow/.local/lib/python3.6/site-packages/airflow/example_dags/subdags/subdag.py for tasks to queue
[2026-09-23 11:39:04,651] {logging_mixin.py:104} INFO - [2026-09-23 11:39:04,651] {dagbag.py:451} INFO - Filling up the DagBag from /home/airflow/.local/lib/python3.6/site-packages/airflow/example_dags/subdags/subdag.py
[2026-09-23 11:39:04,659] {scheduler_job.py:641} WARNING - No viable dags retrieved from /home/airflow/.local/lib/python3.6/site-packages/airflow/example_dags/subdags/subdag.py
[2026-09-23 11:39:04,681] {scheduler_job.py:190} INFO - Processing /home/airflow/.local/lib/python3.6/site-packages/airflow/example_dags/subdags/subdag.py took 0.039 seconds
[2026-09-23 11:39:35,030] {scheduler_job.py:182} INFO - Started process (PID=935) to work on /home/airflow/.local/lib/python3.6/site-packages/airflow/example_dags/subdags/subdag.py
[2026-09-23 11:39:35,039] {scheduler_job.py:629} INFO - Processing file /home/airflow/.local/lib/python3.6/site-packages/airflow/example_dags/subdags/subdag.py for tasks to queue
[2026-09-23 11:39:35,040] {logging_mixin.py:104} INFO - [2026-09-23 11:39:35,040] {dagbag.py:451} INFO - Filling up the DagBag from /home/airflow/.local/lib/python3.6/site-packages/airflow/example_dags/subdags/subdag.py
[2026-09-23 11:39:35,046] {scheduler_job.py:641} WARNING - No viable dags retrieved from /home/airflow/.local/lib/python3.6/site-packages/airflow/example_dags/subdags/subdag.py
[2026-09-23 11:39:35,072] {scheduler_job.py:190} INFO - Processing /home/airflow/.local/lib/python3.6/site-packages/airflow/example_dags/subdags/subdag.py took 0.049 seconds
[2026-09-23 11:40:05,275] {scheduler_job.py:182} INFO - Started process (PID=958) to work on /home/airflow/.local/lib/python3.6/site-packages/airflow/example_dags/subdags/subdag.py
[2026-09-23 11:40:05,280] {scheduler_job.py:629} INFO - Processing file /home/airflow/.local/lib/python3.6/site-packages/airflow/example_dags/subdags/subdag.py for tasks to queue
[2026-09-23 11:40:05,281] {logging_mixin.py:104} INFO - [2026-09-23 11:40:05,281] {dagbag.py:451} INFO - Filling up the DagBag from /home/airflow/.local/lib/python3.6/site-packages/airflow/example_dags/subdags/subdag.py
[2026-09-23 11:40:05,288] {scheduler_job.py:641} WARNING - No viable dags retrieved from /home/airflow/.local/lib/python3.6/site-packages/airflow/example_dags/subdags/subdag.py
[2026-09-23 11:40:05,316] {scheduler_job.py:190} INFO - Processing /home/airflow/.local/lib/python3.6/site-packages/airflow/example_dags/subdags/subdag.py took 0.050 seconds
[2026-09-23 11:40:35,655] {scheduler_job.py:182} INFO - Started process (PID=984) to work on /home/airflow/.local/lib/python3.6/site-packages/airflow/example_dags/subdags/subdag.py
[2026-09-23 11:40:35,658] {scheduler_job.py:629} INFO - Processing file /home/airflow/.local/lib/python3.6/site-packages/airflow/example_dags/subdags/subdag.py for tasks to queue
[2026-09-23 11:40:35,659] {logging_mixin.py:104} INFO - [2026-09-23 11:40:35,659] {dagbag.py:451} INFO - Filling up the DagBag from /home/airflow/.local/lib/python3.6/site-packages/airflow/example_dags/subdags/subdag.py
[2026-09-23 11:40:35,669] {scheduler_job.py:641} WARNING - No viable dags retrieved from /home/airflow/.local/lib/python3.6/site-packages/airflow/example_dags/subdags/subdag.py
[2026-09-23 11:40:35,704] {scheduler_job.py:190} INFO - Processing /home/airflow/.local/lib/python3.6/site-packages/airflow/example_dags/subdags/subdag.py took 0.070 seconds
[2026-09-23 11:41:06,099] {scheduler_job.py:182} INFO - Started process (PID=1010) to work on /home/airflow/.local/lib/python3.6/site-packages/airflow/example_dags/subdags/subdag.py
[2026-09-23 11:41:06,100] {scheduler_job.py:629} INFO - Processing file /home/airflow/.local/lib/python3.6/site-packages/airflow/example_dags/subdags/subdag.py for tasks to queue
[2026-09-23 11:41:06,104] {logging_mixin.py:104} INFO - [2026-09-23 11:41:06,103] {dagbag.py:451} INFO - Filling up the DagBag from /home/airflow/.local/lib/python3.6/site-packages/airflow/example_dags/subdags/subdag.py
[2026-09-23 11:41:06,109] {scheduler_job.py:641} WARNING - No viable dags retrieved from /home/airflow/.local/lib/python3.6/site-packages/airflow/example_dags/subdags/subdag.py
[2026-09-23 11:41:06,140] {scheduler_job.py:190} INFO - Processing /home/airflow/.local/lib/python3.6/site-packages/airflow/example_dags/subdags/subdag.py took 0.047 seconds
[2026-09-23 11:41:37,265] {scheduler_job.py:182} INFO - Started process (PID=1039) to work on /home/airflow/.local/lib/python3.6/site-packages/airflow/example_dags/subdags/subdag.py
[2026-09-23 11:41:37,267] {scheduler_job.py:629} INFO - Processing file /home/airflow/.local/lib/python3.6/site-packages/airflow/example_dags/subdags/subdag.py for tasks to queue
[2026-09-23 11:41:37,268] {logging_mixin.py:104} INFO - [2026-09-23 11:41:37,268] {dagbag.py:451} INFO - Filling up the DagBag from /home/airflow/.local/lib/python3.6/site-packages/airflow/example_dags/subdags/subdag.py
[2026-09-23 11:41:37,273] {scheduler_job.py:641} WARNING - No viable dags retrieved from /home/airflow/.local/lib/python3.6/site-packages/airflow/example_dags/subdags/subdag.py
[2026-09-23 11:41:37,298] {scheduler_job.py:190} INFO - Processing /home/airflow/.local/lib/python3.6/site-packages/airflow/example_dags/subdags/subdag.py took 0.038 seconds
[2026-09-23 11:42:07,669] {scheduler_job.py:182} INFO - Started process (PID=1062) to work on /home/airflow/.local/lib/python3.6/site-packages/airflow/example_dags/subdags/subdag.py
[2026-09-23 11:42:07,671] {scheduler_job.py:629} INFO - Processing file /home/airflow/.local/lib/python3.6/site-packages/airflow/example_dags/subdags/subdag.py for tasks to queue
[2026-09-23 11:42:07,672] {logging_mixin.py:104} INFO - [2026-09-23 11:42:07,672] {dagbag.py:451} INFO - Filling up the DagBag from /home/airflow/.local/lib/python3.6/site-packages/airflow/example_dags/subdags/subdag.py
[2026-09-23 11:42:07,677] {scheduler_job.py:641} WARNING - No viable dags retrieved from /home/airflow/.local/lib/python3.6/site-packages/airflow/example_dags/subdags/subdag.py
[2026-09-23 11:42:07,706] {scheduler_job.py:190} INFO - Processing /home/airflow/.local/lib/python3.6/site-packages/airflow/example_dags/subdags/subdag.py took 0.042 seconds
[2026-09-23 11:42:37,916] {scheduler_job.py:182} INFO - Started process (PID=1088) to work on /home/airflow/.local/lib/python3.6/site-packages/airflow/example_dags/subdags/subdag.py
[2026-09-23 11:42:37,918] {scheduler_job.py:629} INFO - Processing file /home/airflow/.local/lib/python3.6/site-packages/airflow/example_dags/subdags/subdag.py for tasks to queue
[2026-09-23 11:42:37,919] {logging_mixin.py:104} INFO - [2026-09-23 11:42:37,918] {dagbag.py:451} INFO - Filling up the DagBag from /home/airflow/.local/lib/python3.6/site-packages/airflow/example_dags/subdags/subdag.py
[2026-09-23 11:42:37,922] {scheduler_job.py:641} WARNING - No viable dags retrieved from /home/airflow/.local/lib/python3.6/site-packages/airflow/example_dags/subdags/subdag.py
[2026-09-23 11:42:37,941] {scheduler_job.py:190} INFO - Processing /home/airflow/.local/lib/python3.6/site-packages/airflow/example_dags/subdags/subdag.py took 0.029 seconds
[2026-09-23 11:43:08,398] {scheduler_job.py:182} INFO - Started process (PID=1114) to work on /home/airflow/.local/lib/python3.6/site-packages/airflow/example_dags/subdags/subdag.py
[2026-09-23 11:43:08,404] {scheduler_job.py:629} INFO - Processing file /home/airflow/.local/lib/python3.6/site-packages/airflow/example_dags/subdags/subdag.py for tasks to queue
[2026-09-23 11:43:08,405] {logging_mixin.py:104} INFO - [2026-09-23 11:43:08,405] {dagbag.py:451} INFO - Filling up the DagBag from /home/airflow/.local/lib/python3.6/site-packages/airflow/example_dags/subdags/subdag.py
[2026-09-23 11:43:08,409] {scheduler_job.py:641} WARNING - No viable dags retrieved from /home/airflow/.local/lib/python3.6/site-packages/airflow/example_dags/subdags/subdag.py
[2026-09-23 11:43:08,445] {scheduler_job.py:190} INFO - Processing /home/airflow/.local/lib/python3.6/site-packages/airflow/example_dags/subdags/subdag.py took 0.056 seconds
[2026-09-23 11:43:38,537] {scheduler_job.py:182} INFO - Started process (PID=1140) to work on /home/airflow/.local/lib/python3.6/site-packages/airflow/example_dags/subdags/subdag.py
[2026-09-23 11:43:38,539] {scheduler_job.py:629} INFO - Processing file /home/airflow/.local/lib/python3.6/site-packages/airflow/example_dags/subdags/subdag.py for tasks to queue
[2026-09-23 11:43:38,540] {logging_mixin.py:104} INFO - [2026-09-23 11:43:38,540] {dagbag.py:451} INFO - Filling up the DagBag from /home/airflow/.local/lib/python3.6/site-packages/airflow/example_dags/subdags/subdag.py
[2026-09-23 11:43:38,544] {scheduler_job.py:641} WARNING - No viable dags retrieved from /home/airflow/.local/lib/python3.6/site-packages/airflow/example_dags/subdags/subdag.py
[2026-09-23 11:43:38,564] {scheduler_job.py:190} INFO - Processing /home/airflow/.local/lib/python3.6/site-packages/airflow/example_dags/subdags/subdag.py took 0.032 seconds
[2026-09-23 11:44:08,620] {scheduler_job.py:182} INFO - Started process (PID=1164) to work on /home/airflow/.local/lib/python3.6/site-packages/airflow/example_dags/subdags/subdag.py
[2026-09-23 11:44:08,621] {scheduler_job.py:629} INFO - Processing file /home/airflow/.local/lib/python3.6/site-packages/airflow/example_dags/subdags/subdag.py for tasks to queue
[2026-09-23 11:44:08,623] {logging_mixin.py:104} INFO - [2026-09-23 11:44:08,623] {dagbag.py:451} INFO - Filling up the DagBag from /home/airflow/.local/lib/python3.6/site-packages/airflow/example_dags/subdags/subdag.py
[2026-09-23 11:44:08,627] {scheduler_job.py:641} WARNING - No viable dags retrieved from /home/airflow/.local/lib/python3.6/site-packages/airflow/example_dags/subdags/subdag.py
[2026-09-23 11:44:08,650] {scheduler_job.py:190} INFO - Processing /home/airflow/.local/lib/python3.6/site-packages/airflow/example_dags/subdags/subdag.py took 0.037 seconds
[2026-09-23 11:44:38,743] {scheduler_job.py:182} INFO - Started process (PID=1187) to work on /home/airflow/.local/lib/python3.6/site-packages/airflow/example_dags/subdags/subdag.py
[2026-09-23 11:44:38,745] {scheduler_job.py:629} INFO - Processing file /home/airflow/.local/lib/python3.6/site-packages/airflow/example_dags/subdags/subdag.py for tasks to queue
[2026-09-23 11:44:38,751] {logging_mixin.py:104} INFO - [2026-09-23 11:44:38,747] {dagbag.py:451} INFO - Filling up the DagBag from /home/airflow/.local/lib/python3.6/site-packages/airflow/example_dags/subdags/subdag.py
[2026-09-23 11:44:38,768] {scheduler_job.py:641} WARNING - No viable dags retrieved from /home/airflow/.local/lib/python3.6/site-packages/airflow/example_dags/subdags/subdag.py
[2026-09-23 11:44:38,812] {scheduler_job.py:190} INFO - Processing /home/airflow/.local/lib/python3.6/site-packages/airflow/example_dags/subdags/subdag.py took 0.082 seconds
[2026-09-23 11:45:08,911] {scheduler_job.py:182} INFO - Started process (PID=1213) to work on /home/airflow/.local/lib/python3.6/site-packages/airflow/example_dags/subdags/subdag.py
[2026-09-23 11:45:08,913] {scheduler_job.py:629} INFO - Processing file /home/airflow/.local/lib/python3.6/site-packages/airflow/example_dags/subdags/subdag.py for tasks to queue
[2026-09-23 11:45:08,914] {logging_mixin.py:104} INFO - [2026-09-23 11:45:08,914] {dagbag.py:451} INFO - Filling up the DagBag from /home/airflow/.local/lib/python3.6/site-packages/airflow/example_dags/subdags/subdag.py
[2026-09-23 11:45:08,919] {scheduler_job.py:641} WARNING - No viable dags retrieved from /home/airflow/.local/lib/python3.6/site-packages/airflow/example_dags/subdags/subdag.py
[2026-09-23 11:45:08,940] {scheduler_job.py:190} INFO - Processing /home/airflow/.local/lib/python3.6/site-packages/airflow/example_dags/subdags/subdag.py took 0.034 seconds
[2026-09-23 11:45:39,022] {scheduler_job.py:182} INFO - Started process (PID=1237) to work on /home/airflow/.local/lib/python3.6/site-packages/airflow/example_dags/subdags/subdag.py
[2026-09-23 11:45:39,023] {scheduler_job.py:629} INFO - Processing file /home/airflow/.local/lib/python3.6/site-packages/airflow/example_dags/subdags/subdag.py for tasks to queue
[2026-09-23 11:45:39,024] {logging_mixin.py:104} INFO - [2026-09-23 11:45:39,024] {dagbag.py:451} INFO - Filling up the DagBag from /home/airflow/.local/lib/python3.6/site-packages/airflow/example_dags/subdags/subdag.py
[2026-09-23 11:45:39,027] {scheduler_job.py:641} WARNING - No viable dags retrieved from /home/airflow/.local/lib/python3.6/site-packages/airflow/example_dags/subdags/subdag.py
[2026-09-23 11:45:39,044] {scheduler_job.py:190} INFO - Processing /home/airflow/.local/lib/python3.6/site-packages/airflow/example_dags/subdags/subdag.py took 0.026 seconds
[2026-09-23 11:46:10,263] {scheduler_job.py:182} INFO - Started process (PID=1264) to work on /home/airflow/.local/lib/python3.6/site-packages/airflow/example_dags/subdags/subdag.py
[2026-09-23 11:46:10,265] {scheduler_job.py:629} INFO - Processing file /home/airflow/.local/lib/python3.6/site-packages/airflow/example_dags/subdags/subdag.py for tasks to queue
[2026-09-23 11:46:10,266] {logging_mixin.py:104} INFO - [2026-09-23 11:46:10,266] {dagbag.py:451} INFO - Filling up the DagBag from /home/airflow/.local/lib/python3.6/site-packages/airflow/example_dags/subdags/subdag.py
[2026-09-23 11:46:10,271] {scheduler_job.py:641} WARNING - No viable dags retrieved from /home/airflow/.local/lib/python3.6/site-packages/airflow/example_dags/subdags/subdag.py
[2026-09-23 11:46:10,296] {scheduler_job.py:190} INFO - Processing /home/airflow/.local/lib/python3.6/site-packages/airflow/example_dags/subdags/subdag.py took 0.038 seconds
[2026-09-23 11:46:40,792] {scheduler_job.py:182} INFO - Started process (PID=1290) to work on /home/airflow/.local/lib/python3.6/site-packages/airflow/example_dags/subdags/subdag.py
[2026-09-23 11:46:40,798] {scheduler_job.py:629} INFO - Processing file /home/airflow/.local/lib/python3.6/site-packages/airflow/example_dags/subdags/subdag.py for tasks to queue
[2026-09-23 11:46:40,800] {logging_mixin.py:104} INFO - [2026-09-23 11:46:40,799] {dagbag.py:451} INFO - Filling up the DagBag from /home/airflow/.local/lib/python3.6/site-packages/airflow/example_dags/subdags/subdag.py
[2026-09-23 11:46:40,809] {scheduler_job.py:641} WARNING - No viable dags retrieved from /home/airflow/.local/lib/python3.6/site-packages/airflow/example_dags/subdags/subdag.py
[2026-09-23 11:46:40,846] {scheduler_job.py:190} INFO - Processing /home/airflow/.local/lib/python3.6/site-packages/airflow/example_dags/subdags/subdag.py took 0.066 seconds
[2026-09-23 11:47:11,168] {scheduler_job.py:182} INFO - Started process (PID=1316) to work on /home/airflow/.local/lib/python3.6/site-packages/airflow/example_dags/subdags/subdag.py
[2026-09-23 11:47:11,170] {scheduler_job.py:629} INFO - Processing file /home/airflow/.local/lib/python3.6/site-packages/airflow/example_dags/subdags/subdag.py for tasks to queue
[2026-09-23 11:47:11,171] {logging_mixin.py:104} INFO - [2026-09-23 11:47:11,171] {dagbag.py:451} INFO - Filling up the DagBag from /home/airflow/.local/lib/python3.6/site-packages/airflow/example_dags/subdags/subdag.py
[2026-09-23 11:47:11,175] {scheduler_job.py:641} WARNING - No viable dags retrieved from /home/airflow/.local/lib/python3.6/site-packages/airflow/example_dags/subdags/subdag.py
[2026-09-23 11:47:11,189] {scheduler_job.py:190} INFO - Processing /home/airflow/.local/lib/python3.6/site-packages/airflow/example_dags/subdags/subdag.py took 0.024 seconds
[2026-09-23 11:47:42,190] {scheduler_job.py:182} INFO - Started process (PID=1342) to work on /home/airflow/.local/lib/python3.6/site-packages/airflow/example_dags/subdags/subdag.py
[2026-09-23 11:47:42,192] {scheduler_job.py:629} INFO - Processing file /home/airflow/.local/lib/python3.6/site-packages/airflow/example_dags/subdags/subdag.py for tasks to queue
[2026-09-23 11:47:42,194] {logging_mixin.py:104} INFO - [2026-09-23 11:47:42,193] {dagbag.py:451} INFO - Filling up the DagBag from /home/airflow/.local/lib/python3.6/site-packages/airflow/example_dags/subdags/subdag.py
[2026-09-23 11:47:42,205] {scheduler_job.py:641} WARNING - No viable dags retrieved from /home/airflow/.local/lib/python3.6/site-packages/airflow/example_dags/subdags/subdag.py
[2026-09-23 11:47:42,231] {scheduler_job.py:190} INFO - Processing /home/airflow/.local/lib/python3.6/site-packages/airflow/example_dags/subdags/subdag.py took 0.054 seconds
[2026-09-23 11:48:13,276] {scheduler_job.py:182} INFO - Started process (PID=1370) to work on /home/airflow/.local/lib/python3.6/site-packages/airflow/example_dags/subdags/subdag.py
[2026-09-23 11:48:13,277] {scheduler_job.py:629} INFO - Processing file /home/airflow/.local/lib/python3.6/site-packages/airflow/example_dags/subdags/subdag.py for tasks to queue
[2026-09-23 11:48:13,278] {logging_mixin.py:104} INFO - [2026-09-23 11:48:13,278] {dagbag.py:451} INFO - Filling up the DagBag from /home/airflow/.local/lib/python3.6/site-packages/airflow/example_dags/subdags/subdag.py
[2026-09-23 11:48:13,281] {scheduler_job.py:641} WARNING - No viable dags retrieved from /home/airflow/.local/lib/python3.6/site-packages/airflow/example_dags/subdags/subdag.py
[2026-09-23 11:48:13,299] {scheduler_job.py:190} INFO - Processing /home/airflow/.local/lib/python3.6/site-packages/airflow/example_dags/subdags/subdag.py took 0.027 seconds
[2026-09-23 11:48:44,135] {scheduler_job.py:182} INFO - Started process (PID=1400) to work on /home/airflow/.local/lib/python3.6/site-packages/airflow/example_dags/subdags/subdag.py
[2026-09-23 11:48:44,136] {scheduler_job.py:629} INFO - Processing file /home/airflow/.local/lib/python3.6/site-packages/airflow/example_dags/subdags/subdag.py for tasks to queue
[2026-09-23 11:48:44,137] {logging_mixin.py:104} INFO - [2026-09-23 11:48:44,137] {dagbag.py:451} INFO - Filling up the DagBag from /home/airflow/.local/lib/python3.6/site-packages/airflow/example_dags/subdags/subdag.py
[2026-09-23 11:48:44,140] {scheduler_job.py:641} WARNING - No viable dags retrieved from /home/airflow/.local/lib/python3.6/site-packages/airflow/example_dags/subdags/subdag.py
[2026-09-23 11:48:44,155] {scheduler_job.py:190} INFO - Processing /home/airflow/.local/lib/python3.6/site-packages/airflow/example_dags/subdags/subdag.py took 0.024 seconds
[2026-09-23 11:49:14,787] {scheduler_job.py:182} INFO - Started process (PID=1426) to work on /home/airflow/.local/lib/python3.6/site-packages/airflow/example_dags/subdags/subdag.py
[2026-09-23 11:49:14,792] {scheduler_job.py:629} INFO - Processing file /home/airflow/.local/lib/python3.6/site-packages/airflow/example_dags/subdags/subdag.py for tasks to queue
[2026-09-23 11:49:14,793] {logging_mixin.py:104} INFO - [2026-09-23 11:49:14,793] {dagbag.py:451} INFO - Filling up the DagBag from /home/airflow/.local/lib/python3.6/site-packages/airflow/example_dags/subdags/subdag.py
[2026-09-23 11:49:14,798] {scheduler_job.py:641} WARNING - No viable dags retrieved from /home/airflow/.local/lib/python3.6/site-packages/airflow/example_dags/subdags/subdag.py
[2026-09-23 11:49:14,822] {scheduler_job.py:190} INFO - Processing /home/airflow/.local/lib/python3.6/site-packages/airflow/example_dags/subdags/subdag.py took 0.041 seconds
[2026-09-23 11:49:44,931] {scheduler_job.py:182} INFO - Started process (PID=1451) to work on /home/airflow/.local/lib/python3.6/site-packages/airflow/example_dags/subdags/subdag.py
[2026-09-23 11:49:44,933] {scheduler_job.py:629} INFO - Processing file /home/airflow/.local/lib/python3.6/site-packages/airflow/example_dags/subdags/subdag.py for tasks to queue
[2026-09-23 11:49:44,933] {logging_mixin.py:104} INFO - [2026-09-23 11:49:44,933] {dagbag.py:451} INFO - Filling up the DagBag from /home/airflow/.local/lib/python3.6/site-packages/airflow/example_dags/subdags/subdag.py
[2026-09-23 11:49:44,936] {scheduler_job.py:641} WARNING - No viable dags retrieved from /home/airflow/.local/lib/python3.6/site-packages/airflow/example_dags/subdags/subdag.py
[2026-09-23 11:49:44,950] {scheduler_job.py:190} INFO - Processing /home/airflow/.local/lib/python3.6/site-packages/airflow/example_dags/subdags/subdag.py took 0.022 seconds
[2026-09-23 11:50:15,740] {scheduler_job.py:182} INFO - Started process (PID=1476) to work on /home/airflow/.local/lib/python3.6/site-packages/airflow/example_dags/subdags/subdag.py
[2026-09-23 11:50:15,742] {scheduler_job.py:629} INFO - Processing file /home/airflow/.local/lib/python3.6/site-packages/airflow/example_dags/subdags/subdag.py for tasks to queue
[2026-09-23 11:50:15,743] {logging_mixin.py:104} INFO - [2026-09-23 11:50:15,743] {dagbag.py:451} INFO - Filling up the DagBag from /home/airflow/.local/lib/python3.6/site-packages/airflow/example_dags/subdags/subdag.py
[2026-09-23 11:50:15,748] {scheduler_job.py:641} WARNING - No viable dags retrieved from /home/airflow/.local/lib/python3.6/site-packages/airflow/example_dags/subdags/subdag.py
[2026-09-23 11:50:15,770] {scheduler_job.py:190} INFO - Processing /home/airflow/.local/lib/python3.6/site-packages/airflow/example_dags/subdags/subdag.py took 0.039 seconds
[2026-09-23 11:50:46,446] {scheduler_job.py:182} INFO - Started process (PID=1502) to work on /home/airflow/.local/lib/python3.6/site-packages/airflow/example_dags/subdags/subdag.py
[2026-09-23 11:50:46,448] {scheduler_job.py:629} INFO - Processing file /home/airflow/.local/lib/python3.6/site-packages/airflow/example_dags/subdags/subdag.py for tasks to queue
[2026-09-23 11:50:46,450] {logging_mixin.py:104} INFO - [2026-09-23 11:50:46,449] {dagbag.py:451} INFO - Filling up the DagBag from /home/airflow/.local/lib/python3.6/site-packages/airflow/example_dags/subdags/subdag.py
[2026-09-23 11:50:46,453] {scheduler_job.py:641} WARNING - No viable dags retrieved from /home/airflow/.local/lib/python3.6/site-packages/airflow/example_dags/subdags/subdag.py
[2026-09-23 11:50:46,471] {scheduler_job.py:190} INFO - Processing /home/airflow/.local/lib/python3.6/site-packages/airflow/example_dags/subdags/subdag.py took 0.029 seconds
[2026-09-23 11:51:17,531] {scheduler_job.py:182} INFO - Started process (PID=1530) to work on /home/airflow/.local/lib/python3.6/site-packages/airflow/example_dags/subdags/subdag.py
[2026-09-23 11:51:17,533] {scheduler_job.py:629} INFO - Processing file /home/airflow/.local/lib/python3.6/site-packages/airflow/example_dags/subdags/subdag.py for tasks to queue
[2026-09-23 11:51:17,534] {logging_mixin.py:104} INFO - [2026-09-23 11:51:17,533] {dagbag.py:451} INFO - Filling up the DagBag from /home/airflow/.local/lib/python3.6/site-packages/airflow/example_dags/subdags/subdag.py
[2026-09-23 11:51:17,537] {scheduler_job.py:641} WARNING - No viable dags retrieved from /home/airflow/.local/lib/python3.6/site-packages/airflow/example_dags/subdags/subdag.py
[2026-09-23 11:51:17,559] {scheduler_job.py:190} INFO - Processing /home/airflow/.local/lib/python3.6/site-packages/airflow/example_dags/subdags/subdag.py took 0.032 seconds
[2026-09-23 11:51:48,342] {scheduler_job.py:182} INFO - Started process (PID=1556) to work on /home/airflow/.local/lib/python3.6/site-packages/airflow/example_dags/subdags/subdag.py
[2026-09-23 11:51:48,343] {scheduler_job.py:629} INFO - Processing file /home/airflow/.local/lib/python3.6/site-packages/airflow/example_dags/subdags/subdag.py for tasks to queue
[2026-09-23 11:51:48,344] {logging_mixin.py:104} INFO - [2026-09-23 11:51:48,344] {dagbag.py:451} INFO - Filling up the DagBag from /home/airflow/.local/lib/python3.6/site-packages/airflow/example_dags/subdags/subdag.py
[2026-09-23 11:51:48,348] {scheduler_job.py:641} WARNING - No viable dags retrieved from /home/airflow/.local/lib/python3.6/site-packages/airflow/example_dags/subdags/subdag.py
[2026-09-23 11:51:48,369] {scheduler_job.py:190} INFO - Processing /home/airflow/.local/lib/python3.6/site-packages/airflow/example_dags/subdags/subdag.py took 0.031 seconds
[2026-09-23 11:52:19,574] {scheduler_job.py:182} INFO - Started process (PID=1582) to work on /home/airflow/.local/lib/python3.6/site-packages/airflow/example_dags/subdags/subdag.py
[2026-09-23 11:52:19,576] {scheduler_job.py:629} INFO - Processing file /home/airflow/.local/lib/python3.6/site-packages/airflow/example_dags/subdags/subdag.py for tasks to queue
[2026-09-23 11:52:19,577] {logging_mixin.py:104} INFO - [2026-09-23 11:52:19,577] {dagbag.py:451} INFO - Filling up the DagBag from /home/airflow/.local/lib/python3.6/site-packages/airflow/example_dags/subdags/subdag.py
[2026-09-23 11:52:19,581] {scheduler_job.py:641} WARNING - No viable dags retrieved from /home/airflow/.local/lib/python3.6/site-packages/airflow/example_dags/subdags/subdag.py
[2026-09-23 11:52:19,605] {scheduler_job.py:190} INFO - Processing /home/airflow/.local/lib/python3.6/site-packages/airflow/example_dags/subdags/subdag.py took 0.036 seconds
[2026-09-23 11:52:49,742] {scheduler_job.py:182} INFO - Started process (PID=1608) to work on /home/airflow/.local/lib/python3.6/site-packages/airflow/example_dags/subdags/subdag.py
[2026-09-23 11:52:49,744] {scheduler_job.py:629} INFO - Processing file /home/airflow/.local/lib/python3.6/site-packages/airflow/example_dags/subdags/subdag.py for tasks to queue
[2026-09-23 11:52:49,746] {logging_mixin.py:104} INFO - [2026-09-23 11:52:49,745] {dagbag.py:451} INFO - Filling up the DagBag from /home/airflow/.local/lib/python3.6/site-packages/airflow/example_dags/subdags/subdag.py
[2026-09-23 11:52:49,750] {scheduler_job.py:641} WARNING - No viable dags retrieved from /home/airflow/.local/lib/python3.6/site-packages/airflow/example_dags/subdags/subdag.py
[2026-09-23 11:52:49,769] {scheduler_job.py:190} INFO - Processing /home/airflow/.local/lib/python3.6/site-packages/airflow/example_dags/subdags/subdag.py took 0.033 seconds
[2026-09-23 11:53:19,992] {scheduler_job.py:182} INFO - Started process (PID=1633) to work on /home/airflow/.local/lib/python3.6/site-packages/airflow/example_dags/subdags/subdag.py
[2026-09-23 11:53:19,994] {scheduler_job.py:629} INFO - Processing file /home/airflow/.local/lib/python3.6/site-packages/airflow/example_dags/subdags/subdag.py for tasks to queue
[2026-09-23 11:53:19,995] {logging_mixin.py:104} INFO - [2026-09-23 11:53:19,995] {dagbag.py:451} INFO - Filling up the DagBag from /home/airflow/.local/lib/python3.6/site-packages/airflow/example_dags/subdags/subdag.py
[2026-09-23 11:53:20,000] {scheduler_job.py:641} WARNING - No viable dags retrieved from /home/airflow/.local/lib/python3.6/site-packages/airflow/example_dags/subdags/subdag.py
[2026-09-23 11:53:20,023] {scheduler_job.py:190} INFO - Processing /home/airflow/.local/lib/python3.6/site-packages/airflow/example_dags/subdags/subdag.py took 0.036 seconds
[2026-09-23 11:53:51,157] {scheduler_job.py:182} INFO - Started process (PID=1662) to work on /home/airflow/.local/lib/python3.6/site-packages/airflow/example_dags/subdags/subdag.py
[2026-09-23 11:53:51,158] {scheduler_job.py:629} INFO - Processing file /home/airflow/.local/lib/python3.6/site-packages/airflow/example_dags/subdags/subdag.py for tasks to queue
[2026-09-23 11:53:51,159] {logging_mixin.py:104} INFO - [2026-09-23 11:53:51,159] {dagbag.py:451} INFO - Filling up the DagBag from /home/airflow/.local/lib/python3.6/site-packages/airflow/example_dags/subdags/subdag.py
[2026-09-23 11:53:51,162] {scheduler_job.py:641} WARNING - No viable dags retrieved from /home/airflow/.local/lib/python3.6/site-packages/airflow/example_dags/subdags/subdag.py
[2026-09-23 11:53:51,178] {scheduler_job.py:190} INFO - Processing /home/airflow/.local/lib/python3.6/site-packages/airflow/example_dags/subdags/subdag.py took 0.025 seconds
[2026-09-23 11:54:22,164] {scheduler_job.py:182} INFO - Started process (PID=1688) to work on /home/airflow/.local/lib/python3.6/site-packages/airflow/example_dags/subdags/subdag.py
[2026-09-23 11:54:22,169] {scheduler_job.py:629} INFO - Processing file /home/airflow/.local/lib/python3.6/site-packages/airflow/example_dags/subdags/subdag.py for tasks to queue
[2026-09-23 11:54:22,170] {logging_mixin.py:104} INFO - [2026-09-23 11:54:22,170] {dagbag.py:451} INFO - Filling up the DagBag from /home/airflow/.local/lib/python3.6/site-packages/airflow/example_dags/subdags/subdag.py
[2026-09-23 11:54:22,175] {scheduler_job.py:641} WARNING - No viable dags retrieved from /home/airflow/.local/lib/python3.6/site-packages/airflow/example_dags/subdags/subdag.py
[2026-09-23 11:54:22,199] {scheduler_job.py:190} INFO - Processing /home/airflow/.local/lib/python3.6/site-packages/airflow/example_dags/subdags/subdag.py took 0.044 seconds
[2026-09-23 11:54:52,263] {scheduler_job.py:182} INFO - Started process (PID=1713) to work on /home/airflow/.local/lib/python3.6/site-packages/airflow/example_dags/subdags/subdag.py
[2026-09-23 11:54:52,265] {scheduler_job.py:629} INFO - Processing file /home/airflow/.local/lib/python3.6/site-packages/airflow/example_dags/subdags/subdag.py for tasks to queue
[2026-09-23 11:54:52,266] {logging_mixin.py:104} INFO - [2026-09-23 11:54:52,265] {dagbag.py:451} INFO - Filling up the DagBag from /home/airflow/.local/lib/python3.6/site-packages/airflow/example_dags/subdags/subdag.py
[2026-09-23 11:54:52,270] {scheduler_job.py:641} WARNING - No viable dags retrieved from /home/airflow/.local/lib/python3.6/site-packages/airflow/example_dags/subdags/subdag.py
[2026-09-23 11:54:52,289] {scheduler_job.py:190} INFO - Processing /home/airflow/.local/lib/python3.6/site-packages/airflow/example_dags/subdags/subdag.py took 0.032 seconds
[2026-09-23 11:55:23,114] {scheduler_job.py:182} INFO - Started process (PID=1737) to work on /home/airflow/.local/lib/python3.6/site-packages/airflow/example_dags/subdags/subdag.py
[2026-09-23 11:55:23,115] {scheduler_job.py:629} INFO - Processing file /home/airflow/.local/lib/python3.6/site-packages/airflow/example_dags/subdags/subdag.py for tasks to queue
[2026-09-23 11:55:23,116] {logging_mixin.py:104} INFO - [2026-09-23 11:55:23,116] {dagbag.py:451} INFO - Filling up the DagBag from /home/airflow/.local/lib/python3.6/site-packages/airflow/example_dags/subdags/subdag.py
[2026-09-23 11:55:23,120] {scheduler_job.py:641} WARNING - No viable dags retrieved from /home/airflow/.local/lib/python3.6/site-packages/airflow/example_dags/subdags/subdag.py
[2026-09-23 11:55:23,140] {scheduler_job.py:190} INFO - Processing /home/airflow/.local/lib/python3.6/site-packages/airflow/example_dags/subdags/subdag.py took 0.031 seconds
[2026-09-23 11:55:53,857] {scheduler_job.py:182} INFO - Started process (PID=1763) to work on /home/airflow/.local/lib/python3.6/site-packages/airflow/example_dags/subdags/subdag.py
[2026-09-23 11:55:53,858] {scheduler_job.py:629} INFO - Processing file /home/airflow/.local/lib/python3.6/site-packages/airflow/example_dags/subdags/subdag.py for tasks to queue
[2026-09-23 11:55:53,859] {logging_mixin.py:104} INFO - [2026-09-23 11:55:53,859] {dagbag.py:451} INFO - Filling up the DagBag from /home/airflow/.local/lib/python3.6/site-packages/airflow/example_dags/subdags/subdag.py
[2026-09-23 11:55:53,862] {scheduler_job.py:641} WARNING - No viable dags retrieved from /home/airflow/.local/lib/python3.6/site-packages/airflow/example_dags/subdags/subdag.py
[2026-09-23 11:55:53,879] {scheduler_job.py:190} INFO - Processing /home/airflow/.local/lib/python3.6/site-packages/airflow/example_dags/subdags/subdag.py took 0.026 seconds
[2026-09-23 11:56:24,696] {scheduler_job.py:182} INFO - Started process (PID=1789) to work on /home/airflow/.local/lib/python3.6/site-packages/airflow/example_dags/subdags/subdag.py
[2026-09-23 11:56:24,698] {scheduler_job.py:629} INFO - Processing file /home/airflow/.local/lib/python3.6/site-packages/airflow/example_dags/subdags/subdag.py for tasks to queue
[2026-09-23 11:56:24,700] {logging_mixin.py:104} INFO - [2026-09-23 11:56:24,699] {dagbag.py:451} INFO - Filling up the DagBag from /home/airflow/.local/lib/python3.6/site-packages/airflow/example_dags/subdags/subdag.py
[2026-09-23 11:56:24,705] {scheduler_job.py:641} WARNING - No viable dags retrieved from /home/airflow/.local/lib/python3.6/site-packages/airflow/example_dags/subdags/subdag.py
[2026-09-23 11:56:24,726] {scheduler_job.py:190} INFO - Processing /home/airflow/.local/lib/python3.6/site-packages/airflow/example_dags/subdags/subdag.py took 0.037 seconds
[2026-09-23 11:56:55,400] {scheduler_job.py:182} INFO - Started process (PID=1815) to work on /home/airflow/.local/lib/python3.6/site-packages/airflow/example_dags/subdags/subdag.py
[2026-09-23 11:56:55,403] {scheduler_job.py:629} INFO - Processing file /home/airflow/.local/lib/python3.6/site-packages/airflow/example_dags/subdags/subdag.py for tasks to queue
[2026-09-23 11:56:55,404] {logging_mixin.py:104} INFO - [2026-09-23 11:56:55,404] {dagbag.py:451} INFO - Filling up the DagBag from /home/airflow/.local/lib/python3.6/site-packages/airflow/example_dags/subdags/subdag.py
[2026-09-23 11:56:55,408] {scheduler_job.py:641} WARNING - No viable dags retrieved from /home/airflow/.local/lib/python3.6/site-packages/airflow/example_dags/subdags/subdag.py
[2026-09-23 11:56:55,424] {scheduler_job.py:190} INFO - Processing /home/airflow/.local/lib/python3.6/site-packages/airflow/example_dags/subdags/subdag.py took 0.029 seconds
[2026-09-23 11:57:25,945] {scheduler_job.py:182} INFO - Started process (PID=1841) to work on /home/airflow/.local/lib/python3.6/site-packages/airflow/example_dags/subdags/subdag.py
[2026-09-23 11:57:25,946] {scheduler_job.py:629} INFO - Processing file /home/airflow/.local/lib/python3.6/site-packages/airflow/example_dags/subdags/subdag.py for tasks to queue
[2026-09-23 11:57:25,947] {logging_mixin.py:104} INFO - [2026-09-23 11:57:25,947] {dagbag.py:451} INFO - Filling up the DagBag from /home/airflow/.local/lib/python3.6/site-packages/airflow/example_dags/subdags/subdag.py
[2026-09-23 11:57:25,951] {scheduler_job.py:641} WARNING - No viable dags retrieved from /home/airflow/.local/lib/python3.6/site-packages/airflow/example_dags/subdags/subdag.py
[2026-09-23 11:57:25,965] {scheduler_job.py:190} INFO - Processing /home/airflow/.local/lib/python3.6/site-packages/airflow/example_dags/subdags/subdag.py took 0.024 seconds
[2026-09-23 11:57:56,760] {scheduler_job.py:182} INFO - Started process (PID=1867) to work on /home/airflow/.local/lib/python3.6/site-packages/airflow/example_dags/subdags/subdag.py
[2026-09-23 11:57:56,761] {scheduler_job.py:629} INFO - Processing file /home/airflow/.local/lib/python3.6/site-packages/airflow/example_dags/subdags/subdag.py for tasks to queue
[2026-09-23 11:57:56,762] {logging_mixin.py:104} INFO - [2026-09-23 11:57:56,762] {dagbag.py:451} INFO - Filling up the DagBag from /home/airflow/.local/lib/python3.6/site-packages/airflow/example_dags/subdags/subdag.py
[2026-09-23 11:57:56,765] {scheduler_job.py:641} WARNING - No viable dags retrieved from /home/airflow/.local/lib/python3.6/site-packages/airflow/example_dags/subdags/subdag.py
[2026-09-23 11:57:56,781] {scheduler_job.py:190} INFO - Processing /home/airflow/.local/lib/python3.6/site-packages/airflow/example_dags/subdags/subdag.py took 0.025 seconds
[2026-09-23 11:58:26,995] {scheduler_job.py:182} INFO - Started process (PID=1892) to work on /home/airflow/.local/lib/python3.6/site-packages/airflow/example_dags/subdags/subdag.py
[2026-09-23 11:58:26,996] {scheduler_job.py:629} INFO - Processing file /home/airflow/.local/lib/python3.6/site-packages/airflow/example_dags/subdags/subdag.py for tasks to queue
[2026-09-23 11:58:26,997] {logging_mixin.py:104} INFO - [2026-09-23 11:58:26,997] {dagbag.py:451} INFO - Filling up the DagBag from /home/airflow/.local/lib/python3.6/site-packages/airflow/example_dags/subdags/subdag.py
[2026-09-23 11:58:27,002] {scheduler_job.py:641} WARNING - No viable dags retrieved from /home/airflow/.local/lib/python3.6/site-packages/airflow/example_dags/subdags/subdag.py
[2026-09-23 11:58:27,026] {scheduler_job.py:190} INFO - Processing /home/airflow/.local/lib/python3.6/site-packages/airflow/example_dags/subdags/subdag.py took 0.040 seconds
[2026-09-23 11:58:57,166] {scheduler_job.py:182} INFO - Started process (PID=1918) to work on /home/airflow/.local/lib/python3.6/site-packages/airflow/example_dags/subdags/subdag.py
[2026-09-23 11:58:57,168] {scheduler_job.py:629} INFO - Processing file /home/airflow/.local/lib/python3.6/site-packages/airflow/example_dags/subdags/subdag.py for tasks to queue
[2026-09-23 11:58:57,169] {logging_mixin.py:104} INFO - [2026-09-23 11:58:57,169] {dagbag.py:451} INFO - Filling up the DagBag from /home/airflow/.local/lib/python3.6/site-packages/airflow/example_dags/subdags/subdag.py
[2026-09-23 11:58:57,174] {scheduler_job.py:641} WARNING - No viable dags retrieved from /home/airflow/.local/lib/python3.6/site-packages/airflow/example_dags/subdags/subdag.py
[2026-09-23 11:58:57,196] {scheduler_job.py:190} INFO - Processing /home/airflow/.local/lib/python3.6/site-packages/airflow/example_dags/subdags/subdag.py took 0.036 seconds
[2026-09-23 11:59:27,272] {scheduler_job.py:182} INFO - Started process (PID=1944) to work on /home/airflow/.local/lib/python3.6/site-packages/airflow/example_dags/subdags/subdag.py
[2026-09-23 11:59:27,274] {scheduler_job.py:629} INFO - Processing file /home/airflow/.local/lib/python3.6/site-packages/airflow/example_dags/subdags/subdag.py for tasks to queue
[2026-09-23 11:59:27,274] {logging_mixin.py:104} INFO - [2026-09-23 11:59:27,274] {dagbag.py:451} INFO - Filling up the DagBag from /home/airflow/.local/lib/python3.6/site-packages/airflow/example_dags/subdags/subdag.py
[2026-09-23 11:59:27,278] {scheduler_job.py:641} WARNING - No viable dags retrieved from /home/airflow/.local/lib/python3.6/site-packages/airflow/example_dags/subdags/subdag.py
[2026-09-23 11:59:27,293] {scheduler_job.py:190} INFO - Processing /home/airflow/.local/lib/python3.6/site-packages/airflow/example_dags/subdags/subdag.py took 0.025 seconds
[2026-09-23 11:59:58,096] {scheduler_job.py:182} INFO - Started process (PID=1970) to work on /home/airflow/.local/lib/python3.6/site-packages/airflow/example_dags/subdags/subdag.py
[2026-09-23 11:59:58,097] {scheduler_job.py:629} INFO - Processing file /home/airflow/.local/lib/python3.6/site-packages/airflow/example_dags/subdags/subdag.py for tasks to queue
[2026-09-23 11:59:58,097] {logging_mixin.py:104} INFO - [2026-09-23 11:59:58,097] {dagbag.py:451} INFO - Filling up the DagBag from /home/airflow/.local/lib/python3.6/site-packages/airflow/example_dags/subdags/subdag.py
[2026-09-23 11:59:58,101] {scheduler_job.py:641} WARNING - No viable dags retrieved from /home/airflow/.local/lib/python3.6/site-packages/airflow/example_dags/subdags/subdag.py
[2026-09-23 11:59:58,117] {scheduler_job.py:190} INFO - Processing /home/airflow/.local/lib/python3.6/site-packages/airflow/example_dags/subdags/subdag.py took 0.026 seconds
[2026-09-23 12:00:28,723] {scheduler_job.py:182} INFO - Started process (PID=1996) to work on /home/airflow/.local/lib/python3.6/site-packages/airflow/example_dags/subdags/subdag.py
[2026-09-23 12:00:28,724] {scheduler_job.py:629} INFO - Processing file /home/airflow/.local/lib/python3.6/site-packages/airflow/example_dags/subdags/subdag.py for tasks to queue
[2026-09-23 12:00:28,725] {logging_mixin.py:104} INFO - [2026-09-23 12:00:28,725] {dagbag.py:451} INFO - Filling up the DagBag from /home/airflow/.local/lib/python3.6/site-packages/airflow/example_dags/subdags/subdag.py
[2026-09-23 12:00:28,728] {scheduler_job.py:641} WARNING - No viable dags retrieved from /home/airflow/.local/lib/python3.6/site-packages/airflow/example_dags/subdags/subdag.py
[2026-09-23 12:00:28,743] {scheduler_job.py:190} INFO - Processing /home/airflow/.local/lib/python3.6/site-packages/airflow/example_dags/subdags/subdag.py took 0.024 seconds
[2026-09-23 12:00:59,129] {scheduler_job.py:182} INFO - Started process (PID=2021) to work on /home/airflow/.local/lib/python3.6/site-packages/airflow/example_dags/subdags/subdag.py
[2026-09-23 12:00:59,131] {scheduler_job.py:629} INFO - Processing file /home/airflow/.local/lib/python3.6/site-packages/airflow/example_dags/subdags/subdag.py for tasks to queue
[2026-09-23 12:00:59,131] {logging_mixin.py:104} INFO - [2026-09-23 12:00:59,131] {dagbag.py:451} INFO - Filling up the DagBag from /home/airflow/.local/lib/python3.6/site-packages/airflow/example_dags/subdags/subdag.py
[2026-09-23 12:00:59,135] {scheduler_job.py:641} WARNING - No viable dags retrieved from /home/airflow/.local/lib/python3.6/site-packages/airflow/example_dags/subdags/subdag.py
[2026-09-23 12:00:59,151] {scheduler_job.py:190} INFO - Processing /home/airflow/.local/lib/python3.6/site-packages/airflow/example_dags/subdags/subdag.py took 0.026 seconds
[2026-09-23 12:01:29,887] {scheduler_job.py:182} INFO - Started process (PID=2048) to work on /home/airflow/.local/lib/python3.6/site-packages/airflow/example_dags/subdags/subdag.py
[2026-09-23 12:01:29,889] {scheduler_job.py:629} INFO - Processing file /home/airflow/.local/lib/python3.6/site-packages/airflow/example_dags/subdags/subdag.py for tasks to queue
[2026-09-23 12:01:29,890] {logging_mixin.py:104} INFO - [2026-09-23 12:01:29,889] {dagbag.py:451} INFO - Filling up the DagBag from /home/airflow/.local/lib/python3.6/site-packages/airflow/example_dags/subdags/subdag.py
[2026-09-23 12:01:29,893] {scheduler_job.py:641} WARNING - No viable dags retrieved from /home/airflow/.local/lib/python3.6/site-packages/airflow/example_dags/subdags/subdag.py
[2026-09-23 12:01:29,911] {scheduler_job.py:190} INFO - Processing /home/airflow/.local/lib/python3.6/site-packages/airflow/example_dags/subdags/subdag.py took 0.028 seconds
[2026-09-23 12:02:00,541] {scheduler_job.py:182} INFO - Started process (PID=2074) to work on /home/airflow/.local/lib/python3.6/site-packages/airflow/example_dags/subdags/subdag.py
[2026-09-23 12:02:00,542] {scheduler_job.py:629} INFO - Processing file /home/airflow/.local/lib/python3.6/site-packages/airflow/example_dags/subdags/subdag.py for tasks to queue
[2026-09-23 12:02:00,543] {logging_mixin.py:104} INFO - [2026-09-23 12:02:00,543] {dagbag.py:451} INFO - Filling up the DagBag from /home/airflow/.local/lib/python3.6/site-packages/airflow/example_dags/subdags/subdag.py
[2026-09-23 12:02:00,547] {scheduler_job.py:641} WARNING - No viable dags retrieved from /home/airflow/.local/lib/python3.6/site-packages/airflow/example_dags/subdags/subdag.py
[2026-09-23 12:02:00,565] {scheduler_job.py:190} INFO - Processing /home/airflow/.local/lib/python3.6/site-packages/airflow/example_dags/subdags/subdag.py took 0.028 seconds
[2026-09-23 12:02:31,698] {scheduler_job.py:182} INFO - Started process (PID=2103) to work on /home/airflow/.local/lib/python3.6/site-packages/airflow/example_dags/subdags/subdag.py
[2026-09-23 12:02:31,699] {scheduler_job.py:629} INFO - Processing file /home/airflow/.local/lib/python3.6/site-packages/airflow/example_dags/subdags/subdag.py for tasks to queue
[2026-09-23 12:02:31,700] {logging_mixin.py:104} INFO - [2026-09-23 12:02:31,700] {dagbag.py:451} INFO - Filling up the DagBag from /home/airflow/.local/lib/python3.6/site-packages/airflow/example_dags/subdags/subdag.py
[2026-09-23 12:02:31,704] {scheduler_job.py:641} WARNING - No viable dags retrieved from /home/airflow/.local/lib/python3.6/site-packages/airflow/example_dags/subdags/subdag.py
[2026-09-23 12:02:31,722] {scheduler_job.py:190} INFO - Processing /home/airflow/.local/lib/python3.6/site-packages/airflow/example_dags/subdags/subdag.py took 0.029 seconds
[2026-09-23 12:03:02,578] {scheduler_job.py:182} INFO - Started process (PID=2129) to work on /home/airflow/.local/lib/python3.6/site-packages/airflow/example_dags/subdags/subdag.py
[2026-09-23 12:03:02,579] {scheduler_job.py:629} INFO - Processing file /home/airflow/.local/lib/python3.6/site-packages/airflow/example_dags/subdags/subdag.py for tasks to queue
[2026-09-23 12:03:02,580] {logging_mixin.py:104} INFO - [2026-09-23 12:03:02,580] {dagbag.py:451} INFO - Filling up the DagBag from /home/airflow/.local/lib/python3.6/site-packages/airflow/example_dags/subdags/subdag.py
[2026-09-23 12:03:02,584] {scheduler_job.py:641} WARNING - No viable dags retrieved from /home/airflow/.local/lib/python3.6/site-packages/airflow/example_dags/subdags/subdag.py
[2026-09-23 12:03:02,601] {scheduler_job.py:190} INFO - Processing /home/airflow/.local/lib/python3.6/site-packages/airflow/example_dags/subdags/subdag.py took 0.028 seconds
[2026-09-23 12:03:33,598] {scheduler_job.py:182} INFO - Started process (PID=2156) to work on /home/airflow/.local/lib/python3.6/site-packages/airflow/example_dags/subdags/subdag.py
[2026-09-23 12:03:33,599] {scheduler_job.py:629} INFO - Processing file /home/airflow/.local/lib/python3.6/site-packages/airflow/example_dags/subdags/subdag.py for tasks to queue
[2026-09-23 12:03:33,600] {logging_mixin.py:104} INFO - [2026-09-23 12:03:33,600] {dagbag.py:451} INFO - Filling up the DagBag from /home/airflow/.local/lib/python3.6/site-packages/airflow/example_dags/subdags/subdag.py
[2026-09-23 12:03:33,604] {scheduler_job.py:641} WARNING - No viable dags retrieved from /home/airflow/.local/lib/python3.6/site-packages/airflow/example_dags/subdags/subdag.py
[2026-09-23 12:03:33,620] {scheduler_job.py:190} INFO - Processing /home/airflow/.local/lib/python3.6/site-packages/airflow/example_dags/subdags/subdag.py took 0.025 seconds
[2026-09-23 12:04:04,204] {scheduler_job.py:182} INFO - Started process (PID=2180) to work on /home/airflow/.local/lib/python3.6/site-packages/airflow/example_dags/subdags/subdag.py
[2026-09-23 12:04:04,205] {scheduler_job.py:629} INFO - Processing file /home/airflow/.local/lib/python3.6/site-packages/airflow/example_dags/subdags/subdag.py for tasks to queue
[2026-09-23 12:04:04,206] {logging_mixin.py:104} INFO - [2026-09-23 12:04:04,206] {dagbag.py:451} INFO - Filling up the DagBag from /home/airflow/.local/lib/python3.6/site-packages/airflow/example_dags/subdags/subdag.py
[2026-09-23 12:04:04,210] {scheduler_job.py:641} WARNING - No viable dags retrieved from /home/airflow/.local/lib/python3.6/site-packages/airflow/example_dags/subdags/subdag.py
[2026-09-23 12:04:04,224] {scheduler_job.py:190} INFO - Processing /home/airflow/.local/lib/python3.6/site-packages/airflow/example_dags/subdags/subdag.py took 0.025 seconds
[2026-09-23 12:04:34,982] {scheduler_job.py:182} INFO - Started process (PID=2204) to work on /home/airflow/.local/lib/python3.6/site-packages/airflow/example_dags/subdags/subdag.py
[2026-09-23 12:04:34,991] {scheduler_job.py:629} INFO - Processing file /home/airflow/.local/lib/python3.6/site-packages/airflow/example_dags/subdags/subdag.py for tasks to queue
[2026-09-23 12:04:34,994] {logging_mixin.py:104} INFO - [2026-09-23 12:04:34,993] {dagbag.py:451} INFO - Filling up the DagBag from /home/airflow/.local/lib/python3.6/site-packages/airflow/example_dags/subdags/subdag.py
[2026-09-23 12:04:35,005] {scheduler_job.py:641} WARNING - No viable dags retrieved from /home/airflow/.local/lib/python3.6/site-packages/airflow/example_dags/subdags/subdag.py
[2026-09-23 12:04:35,032] {scheduler_job.py:190} INFO - Processing /home/airflow/.local/lib/python3.6/site-packages/airflow/example_dags/subdags/subdag.py took 0.062 seconds
[2026-09-23 12:05:05,206] {scheduler_job.py:182} INFO - Started process (PID=2230) to work on /home/airflow/.local/lib/python3.6/site-packages/airflow/example_dags/subdags/subdag.py
[2026-09-23 12:05:05,208] {scheduler_job.py:629} INFO - Processing file /home/airflow/.local/lib/python3.6/site-packages/airflow/example_dags/subdags/subdag.py for tasks to queue
[2026-09-23 12:05:05,209] {logging_mixin.py:104} INFO - [2026-09-23 12:05:05,209] {dagbag.py:451} INFO - Filling up the DagBag from /home/airflow/.local/lib/python3.6/site-packages/airflow/example_dags/subdags/subdag.py
[2026-09-23 12:05:05,213] {scheduler_job.py:641} WARNING - No viable dags retrieved from /home/airflow/.local/lib/python3.6/site-packages/airflow/example_dags/subdags/subdag.py
[2026-09-23 12:05:05,250] {scheduler_job.py:190} INFO - Processing /home/airflow/.local/lib/python3.6/site-packages/airflow/example_dags/subdags/subdag.py took 0.049 seconds
[2026-09-23 12:05:36,499] {scheduler_job.py:182} INFO - Started process (PID=2256) to work on /home/airflow/.local/lib/python3.6/site-packages/airflow/example_dags/subdags/subdag.py
[2026-09-23 12:05:36,500] {scheduler_job.py:629} INFO - Processing file /home/airflow/.local/lib/python3.6/site-packages/airflow/example_dags/subdags/subdag.py for tasks to queue
[2026-09-23 12:05:36,501] {logging_mixin.py:104} INFO - [2026-09-23 12:05:36,501] {dagbag.py:451} INFO - Filling up the DagBag from /home/airflow/.local/lib/python3.6/site-packages/airflow/example_dags/subdags/subdag.py
[2026-09-23 12:05:36,506] {scheduler_job.py:641} WARNING - No viable dags retrieved from /home/airflow/.local/lib/python3.6/site-packages/airflow/example_dags/subdags/subdag.py
[2026-09-23 12:05:36,535] {scheduler_job.py:190} INFO - Processing /home/airflow/.local/lib/python3.6/site-packages/airflow/example_dags/subdags/subdag.py took 0.040 seconds
[2026-09-23 12:06:07,815] {scheduler_job.py:182} INFO - Started process (PID=2286) to work on /home/airflow/.local/lib/python3.6/site-packages/airflow/example_dags/subdags/subdag.py
[2026-09-23 12:06:07,817] {scheduler_job.py:629} INFO - Processing file /home/airflow/.local/lib/python3.6/site-packages/airflow/example_dags/subdags/subdag.py for tasks to queue
[2026-09-23 12:06:07,818] {logging_mixin.py:104} INFO - [2026-09-23 12:06:07,818] {dagbag.py:451} INFO - Filling up the DagBag from /home/airflow/.local/lib/python3.6/site-packages/airflow/example_dags/subdags/subdag.py
[2026-09-23 12:06:07,824] {scheduler_job.py:641} WARNING - No viable dags retrieved from /home/airflow/.local/lib/python3.6/site-packages/airflow/example_dags/subdags/subdag.py
[2026-09-23 12:06:07,847] {scheduler_job.py:190} INFO - Processing /home/airflow/.local/lib/python3.6/site-packages/airflow/example_dags/subdags/subdag.py took 0.038 seconds
[2026-09-23 12:06:38,343] {scheduler_job.py:182} INFO - Started process (PID=2309) to work on /home/airflow/.local/lib/python3.6/site-packages/airflow/example_dags/subdags/subdag.py
[2026-09-23 12:06:38,345] {scheduler_job.py:629} INFO - Processing file /home/airflow/.local/lib/python3.6/site-packages/airflow/example_dags/subdags/subdag.py for tasks to queue
[2026-09-23 12:06:38,346] {logging_mixin.py:104} INFO - [2026-09-23 12:06:38,346] {dagbag.py:451} INFO - Filling up the DagBag from /home/airflow/.local/lib/python3.6/site-packages/airflow/example_dags/subdags/subdag.py
[2026-09-23 12:06:38,351] {scheduler_job.py:641} WARNING - No viable dags retrieved from /home/airflow/.local/lib/python3.6/site-packages/airflow/example_dags/subdags/subdag.py
[2026-09-23 12:06:38,375] {scheduler_job.py:190} INFO - Processing /home/airflow/.local/lib/python3.6/site-packages/airflow/example_dags/subdags/subdag.py took 0.038 seconds
[2026-09-23 12:07:09,154] {scheduler_job.py:182} INFO - Started process (PID=2337) to work on /home/airflow/.local/lib/python3.6/site-packages/airflow/example_dags/subdags/subdag.py
[2026-09-23 12:07:09,156] {scheduler_job.py:629} INFO - Processing file /home/airflow/.local/lib/python3.6/site-packages/airflow/example_dags/subdags/subdag.py for tasks to queue
[2026-09-23 12:07:09,157] {logging_mixin.py:104} INFO - [2026-09-23 12:07:09,157] {dagbag.py:451} INFO - Filling up the DagBag from /home/airflow/.local/lib/python3.6/site-packages/airflow/example_dags/subdags/subdag.py
[2026-09-23 12:07:09,162] {scheduler_job.py:641} WARNING - No viable dags retrieved from /home/airflow/.local/lib/python3.6/site-packages/airflow/example_dags/subdags/subdag.py
[2026-09-23 12:07:09,182] {scheduler_job.py:190} INFO - Processing /home/airflow/.local/lib/python3.6/site-packages/airflow/example_dags/subdags/subdag.py took 0.032 seconds
[2026-09-23 12:07:40,070] {scheduler_job.py:182} INFO - Started process (PID=2364) to work on /home/airflow/.local/lib/python3.6/site-packages/airflow/example_dags/subdags/subdag.py
[2026-09-23 12:07:40,072] {scheduler_job.py:629} INFO - Processing file /home/airflow/.local/lib/python3.6/site-packages/airflow/example_dags/subdags/subdag.py for tasks to queue
[2026-09-23 12:07:40,073] {logging_mixin.py:104} INFO - [2026-09-23 12:07:40,073] {dagbag.py:451} INFO - Filling up the DagBag from /home/airflow/.local/lib/python3.6/site-packages/airflow/example_dags/subdags/subdag.py
[2026-09-23 12:07:40,077] {scheduler_job.py:641} WARNING - No viable dags retrieved from /home/airflow/.local/lib/python3.6/site-packages/airflow/example_dags/subdags/subdag.py
[2026-09-23 12:07:40,093] {scheduler_job.py:190} INFO - Processing /home/airflow/.local/lib/python3.6/site-packages/airflow/example_dags/subdags/subdag.py took 0.028 seconds
[2026-09-23 12:08:10,600] {scheduler_job.py:182} INFO - Started process (PID=2390) to work on /home/airflow/.local/lib/python3.6/site-packages/airflow/example_dags/subdags/subdag.py
[2026-09-23 12:08:10,601] {scheduler_job.py:629} INFO - Processing file /home/airflow/.local/lib/python3.6/site-packages/airflow/example_dags/subdags/subdag.py for tasks to queue
[2026-09-23 12:08:10,602] {logging_mixin.py:104} INFO - [2026-09-23 12:08:10,602] {dagbag.py:451} INFO - Filling up the DagBag from /home/airflow/.local/lib/python3.6/site-packages/airflow/example_dags/subdags/subdag.py
[2026-09-23 12:08:10,605] {scheduler_job.py:641} WARNING - No viable dags retrieved from /home/airflow/.local/lib/python3.6/site-packages/airflow/example_dags/subdags/subdag.py
[2026-09-23 12:08:10,622] {scheduler_job.py:190} INFO - Processing /home/airflow/.local/lib/python3.6/site-packages/airflow/example_dags/subdags/subdag.py took 0.026 seconds
[2026-09-23 12:08:41,319] {scheduler_job.py:182} INFO - Started process (PID=2416) to work on /home/airflow/.local/lib/python3.6/site-packages/airflow/example_dags/subdags/subdag.py
[2026-09-23 12:08:41,320] {scheduler_job.py:629} INFO - Processing file /home/airflow/.local/lib/python3.6/site-packages/airflow/example_dags/subdags/subdag.py for tasks to queue
[2026-09-23 12:08:41,321] {logging_mixin.py:104} INFO - [2026-09-23 12:08:41,321] {dagbag.py:451} INFO - Filling up the DagBag from /home/airflow/.local/lib/python3.6/site-packages/airflow/example_dags/subdags/subdag.py
[2026-09-23 12:08:41,324] {scheduler_job.py:641} WARNING - No viable dags retrieved from /home/airflow/.local/lib/python3.6/site-packages/airflow/example_dags/subdags/subdag.py
[2026-09-23 12:08:41,343] {scheduler_job.py:190} INFO - Processing /home/airflow/.local/lib/python3.6/site-packages/airflow/example_dags/subdags/subdag.py took 0.028 seconds
[2026-09-23 12:09:12,163] {scheduler_job.py:182} INFO - Started process (PID=2442) to work on /home/airflow/.local/lib/python3.6/site-packages/airflow/example_dags/subdags/subdag.py
[2026-09-23 12:09:12,164] {scheduler_job.py:629} INFO - Processing file /home/airflow/.local/lib/python3.6/site-packages/airflow/example_dags/subdags/subdag.py for tasks to queue
[2026-09-23 12:09:12,165] {logging_mixin.py:104} INFO - [2026-09-23 12:09:12,165] {dagbag.py:451} INFO - Filling up the DagBag from /home/airflow/.local/lib/python3.6/site-packages/airflow/example_dags/subdags/subdag.py
[2026-09-23 12:09:12,171] {scheduler_job.py:641} WARNING - No viable dags retrieved from /home/airflow/.local/lib/python3.6/site-packages/airflow/example_dags/subdags/subdag.py
[2026-09-23 12:09:12,188] {scheduler_job.py:190} INFO - Processing /home/airflow/.local/lib/python3.6/site-packages/airflow/example_dags/subdags/subdag.py took 0.029 seconds
[2026-09-23 12:09:42,301] {scheduler_job.py:182} INFO - Started process (PID=2465) to work on /home/airflow/.local/lib/python3.6/site-packages/airflow/example_dags/subdags/subdag.py
[2026-09-23 12:09:42,306] {scheduler_job.py:629} INFO - Processing file /home/airflow/.local/lib/python3.6/site-packages/airflow/example_dags/subdags/subdag.py for tasks to queue
[2026-09-23 12:09:42,308] {logging_mixin.py:104} INFO - [2026-09-23 12:09:42,307] {dagbag.py:451} INFO - Filling up the DagBag from /home/airflow/.local/lib/python3.6/site-packages/airflow/example_dags/subdags/subdag.py
[2026-09-23 12:09:42,313] {scheduler_job.py:641} WARNING - No viable dags retrieved from /home/airflow/.local/lib/python3.6/site-packages/airflow/example_dags/subdags/subdag.py
[2026-09-23 12:09:42,342] {scheduler_job.py:190} INFO - Processing /home/airflow/.local/lib/python3.6/site-packages/airflow/example_dags/subdags/subdag.py took 0.048 seconds
[2026-09-23 12:10:12,708] {scheduler_job.py:182} INFO - Started process (PID=2490) to work on /home/airflow/.local/lib/python3.6/site-packages/airflow/example_dags/subdags/subdag.py
[2026-09-23 12:10:12,709] {scheduler_job.py:629} INFO - Processing file /home/airflow/.local/lib/python3.6/site-packages/airflow/example_dags/subdags/subdag.py for tasks to queue
[2026-09-23 12:10:12,710] {logging_mixin.py:104} INFO - [2026-09-23 12:10:12,710] {dagbag.py:451} INFO - Filling up the DagBag from /home/airflow/.local/lib/python3.6/site-packages/airflow/example_dags/subdags/subdag.py
[2026-09-23 12:10:12,713] {scheduler_job.py:641} WARNING - No viable dags retrieved from /home/airflow/.local/lib/python3.6/site-packages/airflow/example_dags/subdags/subdag.py
[2026-09-23 12:10:12,733] {scheduler_job.py:190} INFO - Processing /home/airflow/.local/lib/python3.6/site-packages/airflow/example_dags/subdags/subdag.py took 0.030 seconds
[2026-09-23 12:10:42,846] {scheduler_job.py:182} INFO - Started process (PID=2516) to work on /home/airflow/.local/lib/python3.6/site-packages/airflow/example_dags/subdags/subdag.py
[2026-09-23 12:10:42,847] {scheduler_job.py:629} INFO - Processing file /home/airflow/.local/lib/python3.6/site-packages/airflow/example_dags/subdags/subdag.py for tasks to queue
[2026-09-23 12:10:42,848] {logging_mixin.py:104} INFO - [2026-09-23 12:10:42,848] {dagbag.py:451} INFO - Filling up the DagBag from /home/airflow/.local/lib/python3.6/site-packages/airflow/example_dags/subdags/subdag.py
[2026-09-23 12:10:42,851] {scheduler_job.py:641} WARNING - No viable dags retrieved from /home/airflow/.local/lib/python3.6/site-packages/airflow/example_dags/subdags/subdag.py
[2026-09-23 12:10:42,866] {scheduler_job.py:190} INFO - Processing /home/airflow/.local/lib/python3.6/site-packages/airflow/example_dags/subdags/subdag.py took 0.024 seconds
[2026-09-23 12:11:14,106] {scheduler_job.py:182} INFO - Started process (PID=2544) to work on /home/airflow/.local/lib/python3.6/site-packages/airflow/example_dags/subdags/subdag.py
[2026-09-23 12:11:14,108] {scheduler_job.py:629} INFO - Processing file /home/airflow/.local/lib/python3.6/site-packages/airflow/example_dags/subdags/subdag.py for tasks to queue
[2026-09-23 12:11:14,109] {logging_mixin.py:104} INFO - [2026-09-23 12:11:14,109] {dagbag.py:451} INFO - Filling up the DagBag from /home/airflow/.local/lib/python3.6/site-packages/airflow/example_dags/subdags/subdag.py
[2026-09-23 12:11:14,114] {scheduler_job.py:641} WARNING - No viable dags retrieved from /home/airflow/.local/lib/python3.6/site-packages/airflow/example_dags/subdags/subdag.py
[2026-09-23 12:11:14,137] {scheduler_job.py:190} INFO - Processing /home/airflow/.local/lib/python3.6/site-packages/airflow/example_dags/subdags/subdag.py took 0.036 seconds
[2026-09-23 12:11:44,281] {scheduler_job.py:182} INFO - Started process (PID=2569) to work on /home/airflow/.local/lib/python3.6/site-packages/airflow/example_dags/subdags/subdag.py
[2026-09-23 12:11:44,283] {scheduler_job.py:629} INFO - Processing file /home/airflow/.local/lib/python3.6/site-packages/airflow/example_dags/subdags/subdag.py for tasks to queue
[2026-09-23 12:11:44,284] {logging_mixin.py:104} INFO - [2026-09-23 12:11:44,284] {dagbag.py:451} INFO - Filling up the DagBag from /home/airflow/.local/lib/python3.6/site-packages/airflow/example_dags/subdags/subdag.py
[2026-09-23 12:11:44,288] {scheduler_job.py:641} WARNING - No viable dags retrieved from /home/airflow/.local/lib/python3.6/site-packages/airflow/example_dags/subdags/subdag.py
[2026-09-23 12:11:44,304] {scheduler_job.py:190} INFO - Processing /home/airflow/.local/lib/python3.6/site-packages/airflow/example_dags/subdags/subdag.py took 0.027 seconds
[2026-09-23 12:12:14,442] {scheduler_job.py:182} INFO - Started process (PID=2594) to work on /home/airflow/.local/lib/python3.6/site-packages/airflow/example_dags/subdags/subdag.py
[2026-09-23 12:12:14,444] {scheduler_job.py:629} INFO - Processing file /home/airflow/.local/lib/python3.6/site-packages/airflow/example_dags/subdags/subdag.py for tasks to queue
[2026-09-23 12:12:14,445] {logging_mixin.py:104} INFO - [2026-09-23 12:12:14,445] {dagbag.py:451} INFO - Filling up the DagBag from /home/airflow/.local/lib/python3.6/site-packages/airflow/example_dags/subdags/subdag.py
[2026-09-23 12:12:14,450] {scheduler_job.py:641} WARNING - No viable dags retrieved from /home/airflow/.local/lib/python3.6/site-packages/airflow/example_dags/subdags/subdag.py
[2026-09-23 12:12:14,469] {scheduler_job.py:190} INFO - Processing /home/airflow/.local/lib/python3.6/site-packages/airflow/example_dags/subdags/subdag.py took 0.032 seconds
[2026-09-23 12:12:45,799] {scheduler_job.py:182} INFO - Started process (PID=2624) to work on /home/airflow/.local/lib/python3.6/site-packages/airflow/example_dags/subdags/subdag.py
[2026-09-23 12:12:45,801] {scheduler_job.py:629} INFO - Processing file /home/airflow/.local/lib/python3.6/site-packages/airflow/example_dags/subdags/subdag.py for tasks to queue
[2026-09-23 12:12:45,802] {logging_mixin.py:104} INFO - [2026-09-23 12:12:45,802] {dagbag.py:451} INFO - Filling up the DagBag from /home/airflow/.local/lib/python3.6/site-packages/airflow/example_dags/subdags/subdag.py
[2026-09-23 12:12:45,806] {scheduler_job.py:641} WARNING - No viable dags retrieved from /home/airflow/.local/lib/python3.6/site-packages/airflow/example_dags/subdags/subdag.py
[2026-09-23 12:12:45,826] {scheduler_job.py:190} INFO - Processing /home/airflow/.local/lib/python3.6/site-packages/airflow/example_dags/subdags/subdag.py took 0.032 seconds
[2026-09-23 12:13:16,948] {scheduler_job.py:182} INFO - Started process (PID=2650) to work on /home/airflow/.local/lib/python3.6/site-packages/airflow/example_dags/subdags/subdag.py
[2026-09-23 12:13:16,950] {scheduler_job.py:629} INFO - Processing file /home/airflow/.local/lib/python3.6/site-packages/airflow/example_dags/subdags/subdag.py for tasks to queue
[2026-09-23 12:13:16,952] {logging_mixin.py:104} INFO - [2026-09-23 12:13:16,951] {dagbag.py:451} INFO - Filling up the DagBag from /home/airflow/.local/lib/python3.6/site-packages/airflow/example_dags/subdags/subdag.py
[2026-09-23 12:13:16,957] {scheduler_job.py:641} WARNING - No viable dags retrieved from /home/airflow/.local/lib/python3.6/site-packages/airflow/example_dags/subdags/subdag.py
[2026-09-23 12:13:16,982] {scheduler_job.py:190} INFO - Processing /home/airflow/.local/lib/python3.6/site-packages/airflow/example_dags/subdags/subdag.py took 0.040 seconds
[2026-09-23 12:13:47,606] {scheduler_job.py:182} INFO - Started process (PID=2672) to work on /home/airflow/.local/lib/python3.6/site-packages/airflow/example_dags/subdags/subdag.py
[2026-09-23 12:13:47,607] {scheduler_job.py:629} INFO - Processing file /home/airflow/.local/lib/python3.6/site-packages/airflow/example_dags/subdags/subdag.py for tasks to queue
[2026-09-23 12:13:47,608] {logging_mixin.py:104} INFO - [2026-09-23 12:13:47,608] {dagbag.py:451} INFO - Filling up the DagBag from /home/airflow/.local/lib/python3.6/site-packages/airflow/example_dags/subdags/subdag.py
[2026-09-23 12:13:47,611] {scheduler_job.py:641} WARNING - No viable dags retrieved from /home/airflow/.local/lib/python3.6/site-packages/airflow/example_dags/subdags/subdag.py
[2026-09-23 12:13:47,627] {scheduler_job.py:190} INFO - Processing /home/airflow/.local/lib/python3.6/site-packages/airflow/example_dags/subdags/subdag.py took 0.025 seconds
[2026-09-23 12:14:17,981] {scheduler_job.py:182} INFO - Started process (PID=2698) to work on /home/airflow/.local/lib/python3.6/site-packages/airflow/example_dags/subdags/subdag.py
[2026-09-23 12:14:17,983] {scheduler_job.py:629} INFO - Processing file /home/airflow/.local/lib/python3.6/site-packages/airflow/example_dags/subdags/subdag.py for tasks to queue
[2026-09-23 12:14:17,985] {logging_mixin.py:104} INFO - [2026-09-23 12:14:17,984] {dagbag.py:451} INFO - Filling up the DagBag from /home/airflow/.local/lib/python3.6/site-packages/airflow/example_dags/subdags/subdag.py
[2026-09-23 12:14:17,990] {scheduler_job.py:641} WARNING - No viable dags retrieved from /home/airflow/.local/lib/python3.6/site-packages/airflow/example_dags/subdags/subdag.py
[2026-09-23 12:14:18,007] {scheduler_job.py:190} INFO - Processing /home/airflow/.local/lib/python3.6/site-packages/airflow/example_dags/subdags/subdag.py took 0.031 seconds
[2026-09-23 12:14:48,850] {scheduler_job.py:182} INFO - Started process (PID=2724) to work on /home/airflow/.local/lib/python3.6/site-packages/airflow/example_dags/subdags/subdag.py
[2026-09-23 12:14:48,853] {scheduler_job.py:629} INFO - Processing file /home/airflow/.local/lib/python3.6/site-packages/airflow/example_dags/subdags/subdag.py for tasks to queue
[2026-09-23 12:14:48,854] {logging_mixin.py:104} INFO - [2026-09-23 12:14:48,854] {dagbag.py:451} INFO - Filling up the DagBag from /home/airflow/.local/lib/python3.6/site-packages/airflow/example_dags/subdags/subdag.py
[2026-09-23 12:14:48,859] {scheduler_job.py:641} WARNING - No viable dags retrieved from /home/airflow/.local/lib/python3.6/site-packages/airflow/example_dags/subdags/subdag.py
[2026-09-23 12:14:48,875] {scheduler_job.py:190} INFO - Processing /home/airflow/.local/lib/python3.6/site-packages/airflow/example_dags/subdags/subdag.py took 0.030 seconds
[2026-09-23 12:15:19,530] {scheduler_job.py:182} INFO - Started process (PID=2750) to work on /home/airflow/.local/lib/python3.6/site-packages/airflow/example_dags/subdags/subdag.py
[2026-09-23 12:15:19,532] {scheduler_job.py:629} INFO - Processing file /home/airflow/.local/lib/python3.6/site-packages/airflow/example_dags/subdags/subdag.py for tasks to queue
[2026-09-23 12:15:19,533] {logging_mixin.py:104} INFO - [2026-09-23 12:15:19,533] {dagbag.py:451} INFO - Filling up the DagBag from /home/airflow/.local/lib/python3.6/site-packages/airflow/example_dags/subdags/subdag.py
[2026-09-23 12:15:19,536] {scheduler_job.py:641} WARNING - No viable dags retrieved from /home/airflow/.local/lib/python3.6/site-packages/airflow/example_dags/subdags/subdag.py
[2026-09-23 12:15:19,558] {scheduler_job.py:190} INFO - Processing /home/airflow/.local/lib/python3.6/site-packages/airflow/example_dags/subdags/subdag.py took 0.032 seconds
[2026-09-23 12:15:50,127] {scheduler_job.py:182} INFO - Started process (PID=2776) to work on /home/airflow/.local/lib/python3.6/site-packages/airflow/example_dags/subdags/subdag.py
[2026-09-23 12:15:50,128] {scheduler_job.py:629} INFO - Processing file /home/airflow/.local/lib/python3.6/site-packages/airflow/example_dags/subdags/subdag.py for tasks to queue
[2026-09-23 12:15:50,129] {logging_mixin.py:104} INFO - [2026-09-23 12:15:50,129] {dagbag.py:451} INFO - Filling up the DagBag from /home/airflow/.local/lib/python3.6/site-packages/airflow/example_dags/subdags/subdag.py
[2026-09-23 12:15:50,132] {scheduler_job.py:641} WARNING - No viable dags retrieved from /home/airflow/.local/lib/python3.6/site-packages/airflow/example_dags/subdags/subdag.py
[2026-09-23 12:15:50,151] {scheduler_job.py:190} INFO - Processing /home/airflow/.local/lib/python3.6/site-packages/airflow/example_dags/subdags/subdag.py took 0.029 seconds
[2026-09-23 12:16:20,752] {scheduler_job.py:182} INFO - Started process (PID=2802) to work on /home/airflow/.local/lib/python3.6/site-packages/airflow/example_dags/subdags/subdag.py
[2026-09-23 12:16:20,754] {scheduler_job.py:629} INFO - Processing file /home/airflow/.local/lib/python3.6/site-packages/airflow/example_dags/subdags/subdag.py for tasks to queue
[2026-09-23 12:16:20,755] {logging_mixin.py:104} INFO - [2026-09-23 12:16:20,754] {dagbag.py:451} INFO - Filling up the DagBag from /home/airflow/.local/lib/python3.6/site-packages/airflow/example_dags/subdags/subdag.py
[2026-09-23 12:16:20,764] {scheduler_job.py:641} WARNING - No viable dags retrieved from /home/airflow/.local/lib/python3.6/site-packages/airflow/example_dags/subdags/subdag.py
[2026-09-23 12:16:20,787] {scheduler_job.py:190} INFO - Processing /home/airflow/.local/lib/python3.6/site-packages/airflow/example_dags/subdags/subdag.py took 0.040 seconds
[2026-09-23 12:16:51,440] {scheduler_job.py:182} INFO - Started process (PID=2828) to work on /home/airflow/.local/lib/python3.6/site-packages/airflow/example_dags/subdags/subdag.py
[2026-09-23 12:16:51,441] {scheduler_job.py:629} INFO - Processing file /home/airflow/.local/lib/python3.6/site-packages/airflow/example_dags/subdags/subdag.py for tasks to queue
[2026-09-23 12:16:51,442] {logging_mixin.py:104} INFO - [2026-09-23 12:16:51,442] {dagbag.py:451} INFO - Filling up the DagBag from /home/airflow/.local/lib/python3.6/site-packages/airflow/example_dags/subdags/subdag.py
[2026-09-23 12:16:51,446] {scheduler_job.py:641} WARNING - No viable dags retrieved from /home/airflow/.local/lib/python3.6/site-packages/airflow/example_dags/subdags/subdag.py
[2026-09-23 12:16:51,469] {scheduler_job.py:190} INFO - Processing /home/airflow/.local/lib/python3.6/site-packages/airflow/example_dags/subdags/subdag.py took 0.034 seconds
[2026-09-23 12:17:22,120] {scheduler_job.py:182} INFO - Started process (PID=2854) to work on /home/airflow/.local/lib/python3.6/site-packages/airflow/example_dags/subdags/subdag.py
[2026-09-23 12:17:22,121] {scheduler_job.py:629} INFO - Processing file /home/airflow/.local/lib/python3.6/site-packages/airflow/example_dags/subdags/subdag.py for tasks to queue
[2026-09-23 12:17:22,122] {logging_mixin.py:104} INFO - [2026-09-23 12:17:22,122] {dagbag.py:451} INFO - Filling up the DagBag from /home/airflow/.local/lib/python3.6/site-packages/airflow/example_dags/subdags/subdag.py
[2026-09-23 12:17:22,126] {scheduler_job.py:641} WARNING - No viable dags retrieved from /home/airflow/.local/lib/python3.6/site-packages/airflow/example_dags/subdags/subdag.py
[2026-09-23 12:17:22,142] {scheduler_job.py:190} INFO - Processing /home/airflow/.local/lib/python3.6/site-packages/airflow/example_dags/subdags/subdag.py took 0.027 seconds
[2026-09-23 12:17:52,695] {scheduler_job.py:182} INFO - Started process (PID=2880) to work on /home/airflow/.local/lib/python3.6/site-packages/airflow/example_dags/subdags/subdag.py
[2026-09-23 12:17:52,697] {scheduler_job.py:629} INFO - Processing file /home/airflow/.local/lib/python3.6/site-packages/airflow/example_dags/subdags/subdag.py for tasks to queue
[2026-09-23 12:17:52,698] {logging_mixin.py:104} INFO - [2026-09-23 12:17:52,697] {dagbag.py:451} INFO - Filling up the DagBag from /home/airflow/.local/lib/python3.6/site-packages/airflow/example_dags/subdags/subdag.py
[2026-09-23 12:17:52,701] {scheduler_job.py:641} WARNING - No viable dags retrieved from /home/airflow/.local/lib/python3.6/site-packages/airflow/example_dags/subdags/subdag.py
[2026-09-23 12:17:52,719] {scheduler_job.py:190} INFO - Processing /home/airflow/.local/lib/python3.6/site-packages/airflow/example_dags/subdags/subdag.py took 0.028 seconds
[2026-09-23 12:18:23,289] {scheduler_job.py:182} INFO - Started process (PID=2906) to work on /home/airflow/.local/lib/python3.6/site-packages/airflow/example_dags/subdags/subdag.py
[2026-09-23 12:18:23,290] {scheduler_job.py:629} INFO - Processing file /home/airflow/.local/lib/python3.6/site-packages/airflow/example_dags/subdags/subdag.py for tasks to queue
[2026-09-23 12:18:23,291] {logging_mixin.py:104} INFO - [2026-09-23 12:18:23,291] {dagbag.py:451} INFO - Filling up the DagBag from /home/airflow/.local/lib/python3.6/site-packages/airflow/example_dags/subdags/subdag.py
[2026-09-23 12:18:23,294] {scheduler_job.py:641} WARNING - No viable dags retrieved from /home/airflow/.local/lib/python3.6/site-packages/airflow/example_dags/subdags/subdag.py
[2026-09-23 12:18:23,311] {scheduler_job.py:190} INFO - Processing /home/airflow/.local/lib/python3.6/site-packages/airflow/example_dags/subdags/subdag.py took 0.026 seconds
[2026-09-23 12:18:53,768] {scheduler_job.py:182} INFO - Started process (PID=2932) to work on /home/airflow/.local/lib/python3.6/site-packages/airflow/example_dags/subdags/subdag.py
[2026-09-23 12:18:53,770] {scheduler_job.py:629} INFO - Processing file /home/airflow/.local/lib/python3.6/site-packages/airflow/example_dags/subdags/subdag.py for tasks to queue
[2026-09-23 12:18:53,771] {logging_mixin.py:104} INFO - [2026-09-23 12:18:53,770] {dagbag.py:451} INFO - Filling up the DagBag from /home/airflow/.local/lib/python3.6/site-packages/airflow/example_dags/subdags/subdag.py
[2026-09-23 12:18:53,775] {scheduler_job.py:641} WARNING - No viable dags retrieved from /home/airflow/.local/lib/python3.6/site-packages/airflow/example_dags/subdags/subdag.py
[2026-09-23 12:18:53,797] {scheduler_job.py:190} INFO - Processing /home/airflow/.local/lib/python3.6/site-packages/airflow/example_dags/subdags/subdag.py took 0.033 seconds
[2026-09-23 12:19:24,738] {scheduler_job.py:182} INFO - Started process (PID=2958) to work on /home/airflow/.local/lib/python3.6/site-packages/airflow/example_dags/subdags/subdag.py
[2026-09-23 12:19:24,740] {scheduler_job.py:629} INFO - Processing file /home/airflow/.local/lib/python3.6/site-packages/airflow/example_dags/subdags/subdag.py for tasks to queue
[2026-09-23 12:19:24,741] {logging_mixin.py:104} INFO - [2026-09-23 12:19:24,741] {dagbag.py:451} INFO - Filling up the DagBag from /home/airflow/.local/lib/python3.6/site-packages/airflow/example_dags/subdags/subdag.py
[2026-09-23 12:19:24,745] {scheduler_job.py:641} WARNING - No viable dags retrieved from /home/airflow/.local/lib/python3.6/site-packages/airflow/example_dags/subdags/subdag.py
[2026-09-23 12:19:24,760] {scheduler_job.py:190} INFO - Processing /home/airflow/.local/lib/python3.6/site-packages/airflow/example_dags/subdags/subdag.py took 0.026 seconds
[2026-09-23 12:19:55,355] {scheduler_job.py:182} INFO - Started process (PID=2984) to work on /home/airflow/.local/lib/python3.6/site-packages/airflow/example_dags/subdags/subdag.py
[2026-09-23 12:19:55,356] {scheduler_job.py:629} INFO - Processing file /home/airflow/.local/lib/python3.6/site-packages/airflow/example_dags/subdags/subdag.py for tasks to queue
[2026-09-23 12:19:55,357] {logging_mixin.py:104} INFO - [2026-09-23 12:19:55,357] {dagbag.py:451} INFO - Filling up the DagBag from /home/airflow/.local/lib/python3.6/site-packages/airflow/example_dags/subdags/subdag.py
[2026-09-23 12:19:55,361] {scheduler_job.py:641} WARNING - No viable dags retrieved from /home/airflow/.local/lib/python3.6/site-packages/airflow/example_dags/subdags/subdag.py
[2026-09-23 12:19:55,377] {scheduler_job.py:190} INFO - Processing /home/airflow/.local/lib/python3.6/site-packages/airflow/example_dags/subdags/subdag.py took 0.027 seconds
[2026-09-23 12:20:26,205] {scheduler_job.py:182} INFO - Started process (PID=3010) to work on /home/airflow/.local/lib/python3.6/site-packages/airflow/example_dags/subdags/subdag.py
[2026-09-23 12:20:26,206] {scheduler_job.py:629} INFO - Processing file /home/airflow/.local/lib/python3.6/site-packages/airflow/example_dags/subdags/subdag.py for tasks to queue
[2026-09-23 12:20:26,207] {logging_mixin.py:104} INFO - [2026-09-23 12:20:26,207] {dagbag.py:451} INFO - Filling up the DagBag from /home/airflow/.local/lib/python3.6/site-packages/airflow/example_dags/subdags/subdag.py
[2026-09-23 12:20:26,212] {scheduler_job.py:641} WARNING - No viable dags retrieved from /home/airflow/.local/lib/python3.6/site-packages/airflow/example_dags/subdags/subdag.py
[2026-09-23 12:20:26,228] {scheduler_job.py:190} INFO - Processing /home/airflow/.local/lib/python3.6/site-packages/airflow/example_dags/subdags/subdag.py took 0.028 seconds
[2026-09-23 12:20:56,927] {scheduler_job.py:182} INFO - Started process (PID=3036) to work on /home/airflow/.local/lib/python3.6/site-packages/airflow/example_dags/subdags/subdag.py
[2026-09-23 12:20:56,928] {scheduler_job.py:629} INFO - Processing file /home/airflow/.local/lib/python3.6/site-packages/airflow/example_dags/subdags/subdag.py for tasks to queue
[2026-09-23 12:20:56,929] {logging_mixin.py:104} INFO - [2026-09-23 12:20:56,929] {dagbag.py:451} INFO - Filling up the DagBag from /home/airflow/.local/lib/python3.6/site-packages/airflow/example_dags/subdags/subdag.py
[2026-09-23 12:20:56,934] {scheduler_job.py:641} WARNING - No viable dags retrieved from /home/airflow/.local/lib/python3.6/site-packages/airflow/example_dags/subdags/subdag.py
[2026-09-23 12:20:56,950] {scheduler_job.py:190} INFO - Processing /home/airflow/.local/lib/python3.6/site-packages/airflow/example_dags/subdags/subdag.py took 0.027 seconds
[2026-09-23 12:21:27,530] {scheduler_job.py:182} INFO - Started process (PID=3062) to work on /home/airflow/.local/lib/python3.6/site-packages/airflow/example_dags/subdags/subdag.py
[2026-09-23 12:21:27,531] {scheduler_job.py:629} INFO - Processing file /home/airflow/.local/lib/python3.6/site-packages/airflow/example_dags/subdags/subdag.py for tasks to queue
[2026-09-23 12:21:27,532] {logging_mixin.py:104} INFO - [2026-09-23 12:21:27,532] {dagbag.py:451} INFO - Filling up the DagBag from /home/airflow/.local/lib/python3.6/site-packages/airflow/example_dags/subdags/subdag.py
[2026-09-23 12:21:27,536] {scheduler_job.py:641} WARNING - No viable dags retrieved from /home/airflow/.local/lib/python3.6/site-packages/airflow/example_dags/subdags/subdag.py
[2026-09-23 12:21:27,553] {scheduler_job.py:190} INFO - Processing /home/airflow/.local/lib/python3.6/site-packages/airflow/example_dags/subdags/subdag.py took 0.028 seconds
[2026-09-23 12:21:57,976] {scheduler_job.py:182} INFO - Started process (PID=3088) to work on /home/airflow/.local/lib/python3.6/site-packages/airflow/example_dags/subdags/subdag.py
[2026-09-23 12:21:57,978] {scheduler_job.py:629} INFO - Processing file /home/airflow/.local/lib/python3.6/site-packages/airflow/example_dags/subdags/subdag.py for tasks to queue
[2026-09-23 12:21:57,980] {logging_mixin.py:104} INFO - [2026-09-23 12:21:57,979] {dagbag.py:451} INFO - Filling up the DagBag from /home/airflow/.local/lib/python3.6/site-packages/airflow/example_dags/subdags/subdag.py
[2026-09-23 12:21:57,984] {scheduler_job.py:641} WARNING - No viable dags retrieved from /home/airflow/.local/lib/python3.6/site-packages/airflow/example_dags/subdags/subdag.py
[2026-09-23 12:21:58,003] {scheduler_job.py:190} INFO - Processing /home/airflow/.local/lib/python3.6/site-packages/airflow/example_dags/subdags/subdag.py took 0.032 seconds
[2026-09-23 12:22:28,468] {scheduler_job.py:182} INFO - Started process (PID=3114) to work on /home/airflow/.local/lib/python3.6/site-packages/airflow/example_dags/subdags/subdag.py
[2026-09-23 12:22:28,469] {scheduler_job.py:629} INFO - Processing file /home/airflow/.local/lib/python3.6/site-packages/airflow/example_dags/subdags/subdag.py for tasks to queue
[2026-09-23 12:22:28,470] {logging_mixin.py:104} INFO - [2026-09-23 12:22:28,470] {dagbag.py:451} INFO - Filling up the DagBag from /home/airflow/.local/lib/python3.6/site-packages/airflow/example_dags/subdags/subdag.py
[2026-09-23 12:22:28,473] {scheduler_job.py:641} WARNING - No viable dags retrieved from /home/airflow/.local/lib/python3.6/site-packages/airflow/example_dags/subdags/subdag.py
[2026-09-23 12:22:28,490] {scheduler_job.py:190} INFO - Processing /home/airflow/.local/lib/python3.6/site-packages/airflow/example_dags/subdags/subdag.py took 0.026 seconds
[2026-09-23 12:22:59,027] {scheduler_job.py:182} INFO - Started process (PID=3140) to work on /home/airflow/.local/lib/python3.6/site-packages/airflow/example_dags/subdags/subdag.py
[2026-09-23 12:22:59,029] {scheduler_job.py:629} INFO - Processing file /home/airflow/.local/lib/python3.6/site-packages/airflow/example_dags/subdags/subdag.py for tasks to queue
[2026-09-23 12:22:59,030] {logging_mixin.py:104} INFO - [2026-09-23 12:22:59,030] {dagbag.py:451} INFO - Filling up the DagBag from /home/airflow/.local/lib/python3.6/site-packages/airflow/example_dags/subdags/subdag.py
[2026-09-23 12:22:59,034] {scheduler_job.py:641} WARNING - No viable dags retrieved from /home/airflow/.local/lib/python3.6/site-packages/airflow/example_dags/subdags/subdag.py
[2026-09-23 12:22:59,052] {scheduler_job.py:190} INFO - Processing /home/airflow/.local/lib/python3.6/site-packages/airflow/example_dags/subdags/subdag.py took 0.031 seconds
[2026-09-23 12:23:29,590] {scheduler_job.py:182} INFO - Started process (PID=3166) to work on /home/airflow/.local/lib/python3.6/site-packages/airflow/example_dags/subdags/subdag.py
[2026-09-23 12:23:29,591] {scheduler_job.py:629} INFO - Processing file /home/airflow/.local/lib/python3.6/site-packages/airflow/example_dags/subdags/subdag.py for tasks to queue
[2026-09-23 12:23:29,592] {logging_mixin.py:104} INFO - [2026-09-23 12:23:29,592] {dagbag.py:451} INFO - Filling up the DagBag from /home/airflow/.local/lib/python3.6/site-packages/airflow/example_dags/subdags/subdag.py
[2026-09-23 12:23:29,595] {scheduler_job.py:641} WARNING - No viable dags retrieved from /home/airflow/.local/lib/python3.6/site-packages/airflow/example_dags/subdags/subdag.py
[2026-09-23 12:23:29,613] {scheduler_job.py:190} INFO - Processing /home/airflow/.local/lib/python3.6/site-packages/airflow/example_dags/subdags/subdag.py took 0.027 seconds
[2026-09-23 12:24:00,107] {scheduler_job.py:182} INFO - Started process (PID=3192) to work on /home/airflow/.local/lib/python3.6/site-packages/airflow/example_dags/subdags/subdag.py
[2026-09-23 12:24:00,109] {scheduler_job.py:629} INFO - Processing file /home/airflow/.local/lib/python3.6/site-packages/airflow/example_dags/subdags/subdag.py for tasks to queue
[2026-09-23 12:24:00,110] {logging_mixin.py:104} INFO - [2026-09-23 12:24:00,110] {dagbag.py:451} INFO - Filling up the DagBag from /home/airflow/.local/lib/python3.6/site-packages/airflow/example_dags/subdags/subdag.py
[2026-09-23 12:24:00,114] {scheduler_job.py:641} WARNING - No viable dags retrieved from /home/airflow/.local/lib/python3.6/site-packages/airflow/example_dags/subdags/subdag.py
[2026-09-23 12:24:00,133] {scheduler_job.py:190} INFO - Processing /home/airflow/.local/lib/python3.6/site-packages/airflow/example_dags/subdags/subdag.py took 0.031 seconds
[2026-09-23 12:24:30,390] {scheduler_job.py:182} INFO - Started process (PID=3218) to work on /home/airflow/.local/lib/python3.6/site-packages/airflow/example_dags/subdags/subdag.py
[2026-09-23 12:24:30,393] {scheduler_job.py:629} INFO - Processing file /home/airflow/.local/lib/python3.6/site-packages/airflow/example_dags/subdags/subdag.py for tasks to queue
[2026-09-23 12:24:30,394] {logging_mixin.py:104} INFO - [2026-09-23 12:24:30,394] {dagbag.py:451} INFO - Filling up the DagBag from /home/airflow/.local/lib/python3.6/site-packages/airflow/example_dags/subdags/subdag.py
[2026-09-23 12:24:30,398] {scheduler_job.py:641} WARNING - No viable dags retrieved from /home/airflow/.local/lib/python3.6/site-packages/airflow/example_dags/subdags/subdag.py
[2026-09-23 12:24:30,415] {scheduler_job.py:190} INFO - Processing /home/airflow/.local/lib/python3.6/site-packages/airflow/example_dags/subdags/subdag.py took 0.030 seconds
[2026-09-23 12:25:00,914] {scheduler_job.py:182} INFO - Started process (PID=3244) to work on /home/airflow/.local/lib/python3.6/site-packages/airflow/example_dags/subdags/subdag.py
[2026-09-23 12:25:00,916] {scheduler_job.py:629} INFO - Processing file /home/airflow/.local/lib/python3.6/site-packages/airflow/example_dags/subdags/subdag.py for tasks to queue
[2026-09-23 12:25:00,917] {logging_mixin.py:104} INFO - [2026-09-23 12:25:00,917] {dagbag.py:451} INFO - Filling up the DagBag from /home/airflow/.local/lib/python3.6/site-packages/airflow/example_dags/subdags/subdag.py
[2026-09-23 12:25:00,923] {scheduler_job.py:641} WARNING - No viable dags retrieved from /home/airflow/.local/lib/python3.6/site-packages/airflow/example_dags/subdags/subdag.py
[2026-09-23 12:25:00,941] {scheduler_job.py:190} INFO - Processing /home/airflow/.local/lib/python3.6/site-packages/airflow/example_dags/subdags/subdag.py took 0.032 seconds
[2026-09-23 12:47:03,588] {scheduler_job.py:182} INFO - Started process (PID=3287) to work on /home/airflow/.local/lib/python3.6/site-packages/airflow/example_dags/subdags/subdag.py
[2026-09-23 12:47:03,593] {scheduler_job.py:629} INFO - Processing file /home/airflow/.local/lib/python3.6/site-packages/airflow/example_dags/subdags/subdag.py for tasks to queue
[2026-09-23 12:47:03,594] {logging_mixin.py:104} INFO - [2026-09-23 12:47:03,594] {dagbag.py:451} INFO - Filling up the DagBag from /home/airflow/.local/lib/python3.6/site-packages/airflow/example_dags/subdags/subdag.py
[2026-09-23 12:47:03,602] {scheduler_job.py:641} WARNING - No viable dags retrieved from /home/airflow/.local/lib/python3.6/site-packages/airflow/example_dags/subdags/subdag.py
[2026-09-23 12:47:03,636] {scheduler_job.py:190} INFO - Processing /home/airflow/.local/lib/python3.6/site-packages/airflow/example_dags/subdags/subdag.py took 0.058 seconds
