[2026-09-23 11:22:12,496] {scheduler_job.py:182} INFO - Started process (PID=35) to work on /home/airflow/.local/lib/python3.6/site-packages/airflow/example_dags/example_xcomargs.py
[2026-09-23 11:22:12,499] {scheduler_job.py:629} INFO - Processing file /home/airflow/.local/lib/python3.6/site-packages/airflow/example_dags/example_xcomargs.py for tasks to queue
[2026-09-23 11:22:12,500] {logging_mixin.py:104} INFO - [2026-09-23 11:22:12,500] {dagbag.py:451} INFO - Filling up the DagBag from /home/airflow/.local/lib/python3.6/site-packages/airflow/example_dags/example_xcomargs.py
[2026-09-23 11:22:12,536] {scheduler_job.py:639} INFO - DAG(s) dict_keys(['example_xcom_args', 'example_xcom_args_with_operators']) retrieved from /home/airflow/.local/lib/python3.6/site-packages/airflow/example_dags/example_xcomargs.py
[2026-09-23 11:22:12,599] {logging_mixin.py:104} INFO - [2026-09-23 11:22:12,599] {dag.py:1824} INFO - Sync 2 DAGs
[2026-09-23 11:22:12,633] {logging_mixin.py:104} INFO - [2026-09-23 11:22:12,633] {dag.py:2280} INFO - Setting next_dagrun for example_xcom_args to None
[2026-09-23 11:22:12,635] {logging_mixin.py:104} INFO - [2026-09-23 11:22:12,635] {dag.py:2280} INFO - Setting next_dagrun for example_xcom_args_with_operators to None
[2026-09-23 11:22:12,688] {scheduler_job.py:190} INFO - Processing /home/airflow/.local/lib/python3.6/site-packages/airflow/example_dags/example_xcomargs.py took 0.204 seconds
[2026-09-23 11:22:43,919] {scheduler_job.py:182} INFO - Started process (PID=67) to work on /home/airflow/.local/lib/python3.6/site-packages/airflow/example_dags/example_xcomargs.py
[2026-09-23 11:22:43,920] {scheduler_job.py:629} INFO - Processing file /home/airflow/.local/lib/python3.6/site-packages/airflow/example_dags/example_xcomargs.py for tasks to queue
[2026-09-23 11:22:43,921] {logging_mixin.py:104} INFO - [2026-09-23 11:22:43,921] {dagbag.py:451} INFO - Filling up the DagBag from /home/airflow/.local/lib/python3.6/site-packages/airflow/example_dags/example_xcomargs.py
[2026-09-23 11:22:43,938] {scheduler_job.py:639} INFO - DAG(s) dict_keys(['example_xcom_args', 'example_xcom_args_with_operators']) retrieved from /home/airflow/.local/lib/python3.6/site-packages/airflow/example_dags/example_xcomargs.py
[2026-09-23 11:22:43,975] {logging_mixin.py:104} INFO - [2026-09-23 11:22:43,975] {dag.py:1824} INFO - Sync 2 DAGs
[2026-09-23 11:22:43,997] {logging_mixin.py:104} INFO - [2026-09-23 11:22:43,997] {dag.py:2280} INFO - Setting next_dagrun for example_xcom_args to None
[2026-09-23 11:22:43,998] {logging_mixin.py:104} INFO - [2026-09-23 11:22:43,998] {dag.py:2280} INFO - Setting next_dagrun for example_xcom_args_with_operators to None
[2026-09-23 11:22:44,017] {scheduler_job.py:190} INFO - Processing /home/airflow/.local/lib/python3.6/site-packages/airflow/example_dags/example_xcomargs.py took 0.102 seconds
[2026-09-23 11:23:14,404] {scheduler_job.py:182} INFO - Started process (PID=89) to work on /home/airflow/.local/lib/python3.6/site-packages/airflow/example_dags/example_xcomargs.py
[2026-09-23 11:23:14,405] {scheduler_job.py:629} INFO - Processing file /home/airflow/.local/lib/python3.6/site-packages/airflow/example_dags/example_xcomargs.py for tasks to queue
[2026-09-23 11:23:14,406] {logging_mixin.py:104} INFO - [2026-09-23 11:23:14,406] {dagbag.py:451} INFO - Filling up the DagBag from /home/airflow/.local/lib/python3.6/site-packages/airflow/example_dags/example_xcomargs.py
[2026-09-23 11:23:14,435] {scheduler_job.py:639} INFO - DAG(s) dict_keys(['example_xcom_args', 'example_xcom_args_with_operators']) retrieved from /home/airflow/.local/lib/python3.6/site-packages/airflow/example_dags/example_xcomargs.py
[2026-09-23 11:23:14,477] {logging_mixin.py:104} INFO - [2026-09-23 11:23:14,476] {dag.py:1824} INFO - Sync 2 DAGs
[2026-09-23 11:23:14,502] {logging_mixin.py:104} INFO - [2026-09-23 11:23:14,502] {dag.py:2280} INFO - Setting next_dagrun for example_xcom_args to None
[2026-09-23 11:23:14,504] {logging_mixin.py:104} INFO - [2026-09-23 11:23:14,504] {dag.py:2280} INFO - Setting next_dagrun for example_xcom_args_with_operators to None
[2026-09-23 11:23:14,526] {scheduler_job.py:190} INFO - Processing /home/airflow/.local/lib/python3.6/site-packages/airflow/example_dags/example_xcomargs.py took 0.127 seconds
[2026-09-23 11:23:45,530] {scheduler_job.py:182} INFO - Started process (PID=116) to work on /home/airflow/.local/lib/python3.6/site-packages/airflow/example_dags/example_xcomargs.py
[2026-09-23 11:23:45,532] {scheduler_job.py:629} INFO - Processing file /home/airflow/.local/lib/python3.6/site-packages/airflow/example_dags/example_xcomargs.py for tasks to queue
[2026-09-23 11:23:45,532] {logging_mixin.py:104} INFO - [2026-09-23 11:23:45,532] {dagbag.py:451} INFO - Filling up the DagBag from /home/airflow/.local/lib/python3.6/site-packages/airflow/example_dags/example_xcomargs.py
[2026-09-23 11:23:45,551] {scheduler_job.py:639} INFO - DAG(s) dict_keys(['example_xcom_args', 'example_xcom_args_with_operators']) retrieved from /home/airflow/.local/lib/python3.6/site-packages/airflow/example_dags/example_xcomargs.py
[2026-09-23 11:23:45,581] {logging_mixin.py:104} INFO - [2026-09-23 11:23:45,581] {dag.py:1824} INFO - Sync 2 DAGs
[2026-09-23 11:23:45,598] {logging_mixin.py:104} INFO - [2026-09-23 11:23:45,598] {dag.py:2280} INFO - Setting next_dagrun for example_xcom_args to None
[2026-09-23 11:23:45,599] {logging_mixin.py:104} INFO - [2026-09-23 11:23:45,599] {dag.py:2280} INFO - Setting next_dagrun for example_xcom_args_with_operators to None
[2026-09-23 11:23:45,614] {scheduler_job.py:190} INFO - Processing /home/airflow/.local/lib/python3.6/site-packages/airflow/example_dags/example_xcomargs.py took 0.087 seconds
[2026-09-23 11:24:16,326] {scheduler_job.py:182} INFO - Started process (PID=142) to work on /home/airflow/.local/lib/python3.6/site-packages/airflow/example_dags/example_xcomargs.py
[2026-09-23 11:24:16,328] {scheduler_job.py:629} INFO - Processing file /home/airflow/.local/lib/python3.6/site-packages/airflow/example_dags/example_xcomargs.py for tasks to queue
[2026-09-23 11:24:16,329] {logging_mixin.py:104} INFO - [2026-09-23 11:24:16,329] {dagbag.py:451} INFO - Filling up the DagBag from /home/airflow/.local/lib/python3.6/site-packages/airflow/example_dags/example_xcomargs.py
[2026-09-23 11:24:16,355] {scheduler_job.py:639} INFO - DAG(s) dict_keys(['example_xcom_args', 'example_xcom_args_with_operators']) retrieved from /home/airflow/.local/lib/python3.6/site-packages/airflow/example_dags/example_xcomargs.py
[2026-09-23 11:24:16,394] {logging_mixin.py:104} INFO - [2026-09-23 11:24:16,394] {dag.py:1824} INFO - Sync 2 DAGs
[2026-09-23 11:24:16,418] {logging_mixin.py:104} INFO - [2026-09-23 11:24:16,418] {dag.py:2280} INFO - Setting next_dagrun for example_xcom_args to None
[2026-09-23 11:24:16,419] {logging_mixin.py:104} INFO - [2026-09-23 11:24:16,419] {dag.py:2280} INFO - Setting next_dagrun for example_xcom_args_with_operators to None
[2026-09-23 11:24:16,439] {scheduler_job.py:190} INFO - Processing /home/airflow/.local/lib/python3.6/site-packages/airflow/example_dags/example_xcomargs.py took 0.118 seconds
[2026-09-23 11:24:47,110] {scheduler_job.py:182} INFO - Started process (PID=171) to work on /home/airflow/.local/lib/python3.6/site-packages/airflow/example_dags/example_xcomargs.py
[2026-09-23 11:24:47,112] {scheduler_job.py:629} INFO - Processing file /home/airflow/.local/lib/python3.6/site-packages/airflow/example_dags/example_xcomargs.py for tasks to queue
[2026-09-23 11:24:47,113] {logging_mixin.py:104} INFO - [2026-09-23 11:24:47,113] {dagbag.py:451} INFO - Filling up the DagBag from /home/airflow/.local/lib/python3.6/site-packages/airflow/example_dags/example_xcomargs.py
[2026-09-23 11:24:47,134] {scheduler_job.py:639} INFO - DAG(s) dict_keys(['example_xcom_args', 'example_xcom_args_with_operators']) retrieved from /home/airflow/.local/lib/python3.6/site-packages/airflow/example_dags/example_xcomargs.py
[2026-09-23 11:24:47,178] {logging_mixin.py:104} INFO - [2026-09-23 11:24:47,178] {dag.py:1824} INFO - Sync 2 DAGs
[2026-09-23 11:24:47,203] {logging_mixin.py:104} INFO - [2026-09-23 11:24:47,203] {dag.py:2280} INFO - Setting next_dagrun for example_xcom_args to None
[2026-09-23 11:24:47,205] {logging_mixin.py:104} INFO - [2026-09-23 11:24:47,204] {dag.py:2280} INFO - Setting next_dagrun for example_xcom_args_with_operators to None
[2026-09-23 11:24:47,233] {scheduler_job.py:190} INFO - Processing /home/airflow/.local/lib/python3.6/site-packages/airflow/example_dags/example_xcomargs.py took 0.127 seconds
[2026-09-23 11:25:17,830] {scheduler_job.py:182} INFO - Started process (PID=201) to work on /home/airflow/.local/lib/python3.6/site-packages/airflow/example_dags/example_xcomargs.py
[2026-09-23 11:25:17,831] {scheduler_job.py:629} INFO - Processing file /home/airflow/.local/lib/python3.6/site-packages/airflow/example_dags/example_xcomargs.py for tasks to queue
[2026-09-23 11:25:17,832] {logging_mixin.py:104} INFO - [2026-09-23 11:25:17,832] {dagbag.py:451} INFO - Filling up the DagBag from /home/airflow/.local/lib/python3.6/site-packages/airflow/example_dags/example_xcomargs.py
[2026-09-23 11:25:17,851] {scheduler_job.py:639} INFO - DAG(s) dict_keys(['example_xcom_args', 'example_xcom_args_with_operators']) retrieved from /home/airflow/.local/lib/python3.6/site-packages/airflow/example_dags/example_xcomargs.py
[2026-09-23 11:25:17,890] {logging_mixin.py:104} INFO - [2026-09-23 11:25:17,889] {dag.py:1824} INFO - Sync 2 DAGs
[2026-09-23 11:25:17,915] {logging_mixin.py:104} INFO - [2026-09-23 11:25:17,915] {dag.py:2280} INFO - Setting next_dagrun for example_xcom_args to None
[2026-09-23 11:25:17,916] {logging_mixin.py:104} INFO - [2026-09-23 11:25:17,916] {dag.py:2280} INFO - Setting next_dagrun for example_xcom_args_with_operators to None
[2026-09-23 11:25:17,936] {scheduler_job.py:190} INFO - Processing /home/airflow/.local/lib/python3.6/site-packages/airflow/example_dags/example_xcomargs.py took 0.110 seconds
[2026-09-23 11:25:48,200] {scheduler_job.py:182} INFO - Started process (PID=225) to work on /home/airflow/.local/lib/python3.6/site-packages/airflow/example_dags/example_xcomargs.py
[2026-09-23 11:25:48,201] {scheduler_job.py:629} INFO - Processing file /home/airflow/.local/lib/python3.6/site-packages/airflow/example_dags/example_xcomargs.py for tasks to queue
[2026-09-23 11:25:48,202] {logging_mixin.py:104} INFO - [2026-09-23 11:25:48,202] {dagbag.py:451} INFO - Filling up the DagBag from /home/airflow/.local/lib/python3.6/site-packages/airflow/example_dags/example_xcomargs.py
[2026-09-23 11:25:48,225] {scheduler_job.py:639} INFO - DAG(s) dict_keys(['example_xcom_args', 'example_xcom_args_with_operators']) retrieved from /home/airflow/.local/lib/python3.6/site-packages/airflow/example_dags/example_xcomargs.py
[2026-09-23 11:25:48,268] {logging_mixin.py:104} INFO - [2026-09-23 11:25:48,268] {dag.py:1824} INFO - Sync 2 DAGs
[2026-09-23 11:25:48,291] {logging_mixin.py:104} INFO - [2026-09-23 11:25:48,291] {dag.py:2280} INFO - Setting next_dagrun for example_xcom_args to None
[2026-09-23 11:25:48,292] {logging_mixin.py:104} INFO - [2026-09-23 11:25:48,292] {dag.py:2280} INFO - Setting next_dagrun for example_xcom_args_with_operators to None
[2026-09-23 11:25:48,313] {scheduler_job.py:190} INFO - Processing /home/airflow/.local/lib/python3.6/site-packages/airflow/example_dags/example_xcomargs.py took 0.117 seconds
[2026-09-23 11:26:18,792] {scheduler_job.py:182} INFO - Started process (PID=251) to work on /home/airflow/.local/lib/python3.6/site-packages/airflow/example_dags/example_xcomargs.py
[2026-09-23 11:26:18,793] {scheduler_job.py:629} INFO - Processing file /home/airflow/.local/lib/python3.6/site-packages/airflow/example_dags/example_xcomargs.py for tasks to queue
[2026-09-23 11:26:18,794] {logging_mixin.py:104} INFO - [2026-09-23 11:26:18,794] {dagbag.py:451} INFO - Filling up the DagBag from /home/airflow/.local/lib/python3.6/site-packages/airflow/example_dags/example_xcomargs.py
[2026-09-23 11:26:18,825] {scheduler_job.py:639} INFO - DAG(s) dict_keys(['example_xcom_args', 'example_xcom_args_with_operators']) retrieved from /home/airflow/.local/lib/python3.6/site-packages/airflow/example_dags/example_xcomargs.py
[2026-09-23 11:26:18,873] {logging_mixin.py:104} INFO - [2026-09-23 11:26:18,873] {dag.py:1824} INFO - Sync 2 DAGs
[2026-09-23 11:26:18,901] {logging_mixin.py:104} INFO - [2026-09-23 11:26:18,901] {dag.py:2280} INFO - Setting next_dagrun for example_xcom_args to None
[2026-09-23 11:26:18,904] {logging_mixin.py:104} INFO - [2026-09-23 11:26:18,903] {dag.py:2280} INFO - Setting next_dagrun for example_xcom_args_with_operators to None
[2026-09-23 11:26:18,925] {scheduler_job.py:190} INFO - Processing /home/airflow/.local/lib/python3.6/site-packages/airflow/example_dags/example_xcomargs.py took 0.139 seconds
[2026-09-23 11:26:49,630] {scheduler_job.py:182} INFO - Started process (PID=277) to work on /home/airflow/.local/lib/python3.6/site-packages/airflow/example_dags/example_xcomargs.py
[2026-09-23 11:26:49,632] {scheduler_job.py:629} INFO - Processing file /home/airflow/.local/lib/python3.6/site-packages/airflow/example_dags/example_xcomargs.py for tasks to queue
[2026-09-23 11:26:49,633] {logging_mixin.py:104} INFO - [2026-09-23 11:26:49,633] {dagbag.py:451} INFO - Filling up the DagBag from /home/airflow/.local/lib/python3.6/site-packages/airflow/example_dags/example_xcomargs.py
[2026-09-23 11:26:49,662] {scheduler_job.py:639} INFO - DAG(s) dict_keys(['example_xcom_args', 'example_xcom_args_with_operators']) retrieved from /home/airflow/.local/lib/python3.6/site-packages/airflow/example_dags/example_xcomargs.py
[2026-09-23 11:26:49,711] {logging_mixin.py:104} INFO - [2026-09-23 11:26:49,710] {dag.py:1824} INFO - Sync 2 DAGs
[2026-09-23 11:26:49,743] {logging_mixin.py:104} INFO - [2026-09-23 11:26:49,743] {dag.py:2280} INFO - Setting next_dagrun for example_xcom_args to None
[2026-09-23 11:26:49,745] {logging_mixin.py:104} INFO - [2026-09-23 11:26:49,745] {dag.py:2280} INFO - Setting next_dagrun for example_xcom_args_with_operators to None
[2026-09-23 11:26:49,768] {scheduler_job.py:190} INFO - Processing /home/airflow/.local/lib/python3.6/site-packages/airflow/example_dags/example_xcomargs.py took 0.144 seconds
[2026-09-23 11:27:20,042] {scheduler_job.py:182} INFO - Started process (PID=298) to work on /home/airflow/.local/lib/python3.6/site-packages/airflow/example_dags/example_xcomargs.py
[2026-09-23 11:27:20,043] {scheduler_job.py:629} INFO - Processing file /home/airflow/.local/lib/python3.6/site-packages/airflow/example_dags/example_xcomargs.py for tasks to queue
[2026-09-23 11:27:20,044] {logging_mixin.py:104} INFO - [2026-09-23 11:27:20,044] {dagbag.py:451} INFO - Filling up the DagBag from /home/airflow/.local/lib/python3.6/site-packages/airflow/example_dags/example_xcomargs.py
[2026-09-23 11:27:20,071] {scheduler_job.py:639} INFO - DAG(s) dict_keys(['example_xcom_args', 'example_xcom_args_with_operators']) retrieved from /home/airflow/.local/lib/python3.6/site-packages/airflow/example_dags/example_xcomargs.py
[2026-09-23 11:27:20,113] {logging_mixin.py:104} INFO - [2026-09-23 11:27:20,113] {dag.py:1824} INFO - Sync 2 DAGs
[2026-09-23 11:27:20,140] {logging_mixin.py:104} INFO - [2026-09-23 11:27:20,140] {dag.py:2280} INFO - Setting next_dagrun for example_xcom_args to None
[2026-09-23 11:27:20,142] {logging_mixin.py:104} INFO - [2026-09-23 11:27:20,142] {dag.py:2280} INFO - Setting next_dagrun for example_xcom_args_with_operators to None
[2026-09-23 11:27:20,167] {scheduler_job.py:190} INFO - Processing /home/airflow/.local/lib/python3.6/site-packages/airflow/example_dags/example_xcomargs.py took 0.130 seconds
[2026-09-23 11:27:51,021] {scheduler_job.py:182} INFO - Started process (PID=324) to work on /home/airflow/.local/lib/python3.6/site-packages/airflow/example_dags/example_xcomargs.py
[2026-09-23 11:27:51,022] {scheduler_job.py:629} INFO - Processing file /home/airflow/.local/lib/python3.6/site-packages/airflow/example_dags/example_xcomargs.py for tasks to queue
[2026-09-23 11:27:51,023] {logging_mixin.py:104} INFO - [2026-09-23 11:27:51,022] {dagbag.py:451} INFO - Filling up the DagBag from /home/airflow/.local/lib/python3.6/site-packages/airflow/example_dags/example_xcomargs.py
[2026-09-23 11:27:51,041] {scheduler_job.py:639} INFO - DAG(s) dict_keys(['example_xcom_args', 'example_xcom_args_with_operators']) retrieved from /home/airflow/.local/lib/python3.6/site-packages/airflow/example_dags/example_xcomargs.py
[2026-09-23 11:27:51,074] {logging_mixin.py:104} INFO - [2026-09-23 11:27:51,074] {dag.py:1824} INFO - Sync 2 DAGs
[2026-09-23 11:27:51,093] {logging_mixin.py:104} INFO - [2026-09-23 11:27:51,093] {dag.py:2280} INFO - Setting next_dagrun for example_xcom_args to None
[2026-09-23 11:27:51,094] {logging_mixin.py:104} INFO - [2026-09-23 11:27:51,094] {dag.py:2280} INFO - Setting next_dagrun for example_xcom_args_with_operators to None
[2026-09-23 11:27:51,111] {scheduler_job.py:190} INFO - Processing /home/airflow/.local/lib/python3.6/site-packages/airflow/example_dags/example_xcomargs.py took 0.094 seconds
[2026-09-23 11:28:21,224] {scheduler_job.py:182} INFO - Started process (PID=350) to work on /home/airflow/.local/lib/python3.6/site-packages/airflow/example_dags/example_xcomargs.py
[2026-09-23 11:28:21,225] {scheduler_job.py:629} INFO - Processing file /home/airflow/.local/lib/python3.6/site-packages/airflow/example_dags/example_xcomargs.py for tasks to queue
[2026-09-23 11:28:21,226] {logging_mixin.py:104} INFO - [2026-09-23 11:28:21,226] {dagbag.py:451} INFO - Filling up the DagBag from /home/airflow/.local/lib/python3.6/site-packages/airflow/example_dags/example_xcomargs.py
[2026-09-23 11:28:21,245] {scheduler_job.py:639} INFO - DAG(s) dict_keys(['example_xcom_args', 'example_xcom_args_with_operators']) retrieved from /home/airflow/.local/lib/python3.6/site-packages/airflow/example_dags/example_xcomargs.py
[2026-09-23 11:28:21,288] {logging_mixin.py:104} INFO - [2026-09-23 11:28:21,288] {dag.py:1824} INFO - Sync 2 DAGs
[2026-09-23 11:28:21,314] {logging_mixin.py:104} INFO - [2026-09-23 11:28:21,314] {dag.py:2280} INFO - Setting next_dagrun for example_xcom_args to None
[2026-09-23 11:28:21,316] {logging_mixin.py:104} INFO - [2026-09-23 11:28:21,315] {dag.py:2280} INFO - Setting next_dagrun for example_xcom_args_with_operators to None
[2026-09-23 11:28:21,337] {scheduler_job.py:190} INFO - Processing /home/airflow/.local/lib/python3.6/site-packages/airflow/example_dags/example_xcomargs.py took 0.117 seconds
[2026-09-23 11:28:51,990] {scheduler_job.py:182} INFO - Started process (PID=376) to work on /home/airflow/.local/lib/python3.6/site-packages/airflow/example_dags/example_xcomargs.py
[2026-09-23 11:28:51,992] {scheduler_job.py:629} INFO - Processing file /home/airflow/.local/lib/python3.6/site-packages/airflow/example_dags/example_xcomargs.py for tasks to queue
[2026-09-23 11:28:51,993] {logging_mixin.py:104} INFO - [2026-09-23 11:28:51,993] {dagbag.py:451} INFO - Filling up the DagBag from /home/airflow/.local/lib/python3.6/site-packages/airflow/example_dags/example_xcomargs.py
[2026-09-23 11:28:52,013] {scheduler_job.py:639} INFO - DAG(s) dict_keys(['example_xcom_args', 'example_xcom_args_with_operators']) retrieved from /home/airflow/.local/lib/python3.6/site-packages/airflow/example_dags/example_xcomargs.py
[2026-09-23 11:28:52,048] {logging_mixin.py:104} INFO - [2026-09-23 11:28:52,048] {dag.py:1824} INFO - Sync 2 DAGs
[2026-09-23 11:28:52,069] {logging_mixin.py:104} INFO - [2026-09-23 11:28:52,069] {dag.py:2280} INFO - Setting next_dagrun for example_xcom_args to None
[2026-09-23 11:28:52,071] {logging_mixin.py:104} INFO - [2026-09-23 11:28:52,070] {dag.py:2280} INFO - Setting next_dagrun for example_xcom_args_with_operators to None
[2026-09-23 11:28:52,089] {scheduler_job.py:190} INFO - Processing /home/airflow/.local/lib/python3.6/site-packages/airflow/example_dags/example_xcomargs.py took 0.104 seconds
[2026-09-23 11:29:22,833] {scheduler_job.py:182} INFO - Started process (PID=407) to work on /home/airflow/.local/lib/python3.6/site-packages/airflow/example_dags/example_xcomargs.py
[2026-09-23 11:29:22,835] {scheduler_job.py:629} INFO - Processing file /home/airflow/.local/lib/python3.6/site-packages/airflow/example_dags/example_xcomargs.py for tasks to queue
[2026-09-23 11:29:22,836] {logging_mixin.py:104} INFO - [2026-09-23 11:29:22,835] {dagbag.py:451} INFO - Filling up the DagBag from /home/airflow/.local/lib/python3.6/site-packages/airflow/example_dags/example_xcomargs.py
[2026-09-23 11:29:22,856] {scheduler_job.py:639} INFO - DAG(s) dict_keys(['example_xcom_args', 'example_xcom_args_with_operators']) retrieved from /home/airflow/.local/lib/python3.6/site-packages/airflow/example_dags/example_xcomargs.py
[2026-09-23 11:29:22,888] {logging_mixin.py:104} INFO - [2026-09-23 11:29:22,887] {dag.py:1824} INFO - Sync 2 DAGs
[2026-09-23 11:29:22,908] {logging_mixin.py:104} INFO - [2026-09-23 11:29:22,908] {dag.py:2280} INFO - Setting next_dagrun for example_xcom_args to None
[2026-09-23 11:29:22,909] {logging_mixin.py:104} INFO - [2026-09-23 11:29:22,909] {dag.py:2280} INFO - Setting next_dagrun for example_xcom_args_with_operators to None
[2026-09-23 11:29:22,926] {scheduler_job.py:190} INFO - Processing /home/airflow/.local/lib/python3.6/site-packages/airflow/example_dags/example_xcomargs.py took 0.098 seconds
[2026-09-23 11:29:53,138] {scheduler_job.py:182} INFO - Started process (PID=428) to work on /home/airflow/.local/lib/python3.6/site-packages/airflow/example_dags/example_xcomargs.py
[2026-09-23 11:29:53,140] {scheduler_job.py:629} INFO - Processing file /home/airflow/.local/lib/python3.6/site-packages/airflow/example_dags/example_xcomargs.py for tasks to queue
[2026-09-23 11:29:53,141] {logging_mixin.py:104} INFO - [2026-09-23 11:29:53,141] {dagbag.py:451} INFO - Filling up the DagBag from /home/airflow/.local/lib/python3.6/site-packages/airflow/example_dags/example_xcomargs.py
[2026-09-23 11:29:53,171] {scheduler_job.py:639} INFO - DAG(s) dict_keys(['example_xcom_args', 'example_xcom_args_with_operators']) retrieved from /home/airflow/.local/lib/python3.6/site-packages/airflow/example_dags/example_xcomargs.py
[2026-09-23 11:29:53,219] {logging_mixin.py:104} INFO - [2026-09-23 11:29:53,219] {dag.py:1824} INFO - Sync 2 DAGs
[2026-09-23 11:29:53,247] {logging_mixin.py:104} INFO - [2026-09-23 11:29:53,247] {dag.py:2280} INFO - Setting next_dagrun for example_xcom_args to None
[2026-09-23 11:29:53,249] {logging_mixin.py:104} INFO - [2026-09-23 11:29:53,249] {dag.py:2280} INFO - Setting next_dagrun for example_xcom_args_with_operators to None
[2026-09-23 11:29:53,271] {scheduler_job.py:190} INFO - Processing /home/airflow/.local/lib/python3.6/site-packages/airflow/example_dags/example_xcomargs.py took 0.138 seconds
[2026-09-23 11:30:23,792] {scheduler_job.py:182} INFO - Started process (PID=454) to work on /home/airflow/.local/lib/python3.6/site-packages/airflow/example_dags/example_xcomargs.py
[2026-09-23 11:30:23,794] {scheduler_job.py:629} INFO - Processing file /home/airflow/.local/lib/python3.6/site-packages/airflow/example_dags/example_xcomargs.py for tasks to queue
[2026-09-23 11:30:23,795] {logging_mixin.py:104} INFO - [2026-09-23 11:30:23,794] {dagbag.py:451} INFO - Filling up the DagBag from /home/airflow/.local/lib/python3.6/site-packages/airflow/example_dags/example_xcomargs.py
[2026-09-23 11:30:23,817] {scheduler_job.py:639} INFO - DAG(s) dict_keys(['example_xcom_args', 'example_xcom_args_with_operators']) retrieved from /home/airflow/.local/lib/python3.6/site-packages/airflow/example_dags/example_xcomargs.py
[2026-09-23 11:30:23,856] {logging_mixin.py:104} INFO - [2026-09-23 11:30:23,855] {dag.py:1824} INFO - Sync 2 DAGs
[2026-09-23 11:30:23,882] {logging_mixin.py:104} INFO - [2026-09-23 11:30:23,881] {dag.py:2280} INFO - Setting next_dagrun for example_xcom_args to None
[2026-09-23 11:30:23,883] {logging_mixin.py:104} INFO - [2026-09-23 11:30:23,883] {dag.py:2280} INFO - Setting next_dagrun for example_xcom_args_with_operators to None
[2026-09-23 11:30:23,904] {scheduler_job.py:190} INFO - Processing /home/airflow/.local/lib/python3.6/site-packages/airflow/example_dags/example_xcomargs.py took 0.116 seconds
[2026-09-23 11:30:54,400] {scheduler_job.py:182} INFO - Started process (PID=480) to work on /home/airflow/.local/lib/python3.6/site-packages/airflow/example_dags/example_xcomargs.py
[2026-09-23 11:30:54,401] {scheduler_job.py:629} INFO - Processing file /home/airflow/.local/lib/python3.6/site-packages/airflow/example_dags/example_xcomargs.py for tasks to queue
[2026-09-23 11:30:54,402] {logging_mixin.py:104} INFO - [2026-09-23 11:30:54,402] {dagbag.py:451} INFO - Filling up the DagBag from /home/airflow/.local/lib/python3.6/site-packages/airflow/example_dags/example_xcomargs.py
[2026-09-23 11:30:54,421] {scheduler_job.py:639} INFO - DAG(s) dict_keys(['example_xcom_args', 'example_xcom_args_with_operators']) retrieved from /home/airflow/.local/lib/python3.6/site-packages/airflow/example_dags/example_xcomargs.py
[2026-09-23 11:30:54,453] {logging_mixin.py:104} INFO - [2026-09-23 11:30:54,453] {dag.py:1824} INFO - Sync 2 DAGs
[2026-09-23 11:30:54,474] {logging_mixin.py:104} INFO - [2026-09-23 11:30:54,474] {dag.py:2280} INFO - Setting next_dagrun for example_xcom_args to None
[2026-09-23 11:30:54,475] {logging_mixin.py:104} INFO - [2026-09-23 11:30:54,475] {dag.py:2280} INFO - Setting next_dagrun for example_xcom_args_with_operators to None
[2026-09-23 11:30:54,494] {scheduler_job.py:190} INFO - Processing /home/airflow/.local/lib/python3.6/site-packages/airflow/example_dags/example_xcomargs.py took 0.098 seconds
[2026-09-23 11:31:24,964] {scheduler_job.py:182} INFO - Started process (PID=506) to work on /home/airflow/.local/lib/python3.6/site-packages/airflow/example_dags/example_xcomargs.py
[2026-09-23 11:31:24,965] {scheduler_job.py:629} INFO - Processing file /home/airflow/.local/lib/python3.6/site-packages/airflow/example_dags/example_xcomargs.py for tasks to queue
[2026-09-23 11:31:24,966] {logging_mixin.py:104} INFO - [2026-09-23 11:31:24,966] {dagbag.py:451} INFO - Filling up the DagBag from /home/airflow/.local/lib/python3.6/site-packages/airflow/example_dags/example_xcomargs.py
[2026-09-23 11:31:24,985] {scheduler_job.py:639} INFO - DAG(s) dict_keys(['example_xcom_args', 'example_xcom_args_with_operators']) retrieved from /home/airflow/.local/lib/python3.6/site-packages/airflow/example_dags/example_xcomargs.py
[2026-09-23 11:31:25,018] {logging_mixin.py:104} INFO - [2026-09-23 11:31:25,018] {dag.py:1824} INFO - Sync 2 DAGs
[2026-09-23 11:31:25,042] {logging_mixin.py:104} INFO - [2026-09-23 11:31:25,041] {dag.py:2280} INFO - Setting next_dagrun for example_xcom_args to None
[2026-09-23 11:31:25,043] {logging_mixin.py:104} INFO - [2026-09-23 11:31:25,043] {dag.py:2280} INFO - Setting next_dagrun for example_xcom_args_with_operators to None
[2026-09-23 11:31:25,060] {scheduler_job.py:190} INFO - Processing /home/airflow/.local/lib/python3.6/site-packages/airflow/example_dags/example_xcomargs.py took 0.100 seconds
[2026-09-23 11:31:55,491] {scheduler_job.py:182} INFO - Started process (PID=532) to work on /home/airflow/.local/lib/python3.6/site-packages/airflow/example_dags/example_xcomargs.py
[2026-09-23 11:31:55,492] {scheduler_job.py:629} INFO - Processing file /home/airflow/.local/lib/python3.6/site-packages/airflow/example_dags/example_xcomargs.py for tasks to queue
[2026-09-23 11:31:55,493] {logging_mixin.py:104} INFO - [2026-09-23 11:31:55,493] {dagbag.py:451} INFO - Filling up the DagBag from /home/airflow/.local/lib/python3.6/site-packages/airflow/example_dags/example_xcomargs.py
[2026-09-23 11:31:55,512] {scheduler_job.py:639} INFO - DAG(s) dict_keys(['example_xcom_args', 'example_xcom_args_with_operators']) retrieved from /home/airflow/.local/lib/python3.6/site-packages/airflow/example_dags/example_xcomargs.py
[2026-09-23 11:31:55,544] {logging_mixin.py:104} INFO - [2026-09-23 11:31:55,544] {dag.py:1824} INFO - Sync 2 DAGs
[2026-09-23 11:31:55,564] {logging_mixin.py:104} INFO - [2026-09-23 11:31:55,564] {dag.py:2280} INFO - Setting next_dagrun for example_xcom_args to None
[2026-09-23 11:31:55,565] {logging_mixin.py:104} INFO - [2026-09-23 11:31:55,565] {dag.py:2280} INFO - Setting next_dagrun for example_xcom_args_with_operators to None
[2026-09-23 11:31:55,581] {scheduler_job.py:190} INFO - Processing /home/airflow/.local/lib/python3.6/site-packages/airflow/example_dags/example_xcomargs.py took 0.094 seconds
[2026-09-23 11:32:25,985] {scheduler_job.py:182} INFO - Started process (PID=558) to work on /home/airflow/.local/lib/python3.6/site-packages/airflow/example_dags/example_xcomargs.py
[2026-09-23 11:32:25,986] {scheduler_job.py:629} INFO - Processing file /home/airflow/.local/lib/python3.6/site-packages/airflow/example_dags/example_xcomargs.py for tasks to queue
[2026-09-23 11:32:25,987] {logging_mixin.py:104} INFO - [2026-09-23 11:32:25,987] {dagbag.py:451} INFO - Filling up the DagBag from /home/airflow/.local/lib/python3.6/site-packages/airflow/example_dags/example_xcomargs.py
[2026-09-23 11:32:26,005] {scheduler_job.py:639} INFO - DAG(s) dict_keys(['example_xcom_args', 'example_xcom_args_with_operators']) retrieved from /home/airflow/.local/lib/python3.6/site-packages/airflow/example_dags/example_xcomargs.py
[2026-09-23 11:32:26,043] {logging_mixin.py:104} INFO - [2026-09-23 11:32:26,043] {dag.py:1824} INFO - Sync 2 DAGs
[2026-09-23 11:32:26,064] {logging_mixin.py:104} INFO - [2026-09-23 11:32:26,064] {dag.py:2280} INFO - Setting next_dagrun for example_xcom_args to None
[2026-09-23 11:32:26,065] {logging_mixin.py:104} INFO - [2026-09-23 11:32:26,065] {dag.py:2280} INFO - Setting next_dagrun for example_xcom_args_with_operators to None
[2026-09-23 11:32:26,082] {scheduler_job.py:190} INFO - Processing /home/airflow/.local/lib/python3.6/site-packages/airflow/example_dags/example_xcomargs.py took 0.102 seconds
[2026-09-23 11:32:56,509] {scheduler_job.py:182} INFO - Started process (PID=584) to work on /home/airflow/.local/lib/python3.6/site-packages/airflow/example_dags/example_xcomargs.py
[2026-09-23 11:32:56,510] {scheduler_job.py:629} INFO - Processing file /home/airflow/.local/lib/python3.6/site-packages/airflow/example_dags/example_xcomargs.py for tasks to queue
[2026-09-23 11:32:56,510] {logging_mixin.py:104} INFO - [2026-09-23 11:32:56,510] {dagbag.py:451} INFO - Filling up the DagBag from /home/airflow/.local/lib/python3.6/site-packages/airflow/example_dags/example_xcomargs.py
[2026-09-23 11:32:56,529] {scheduler_job.py:639} INFO - DAG(s) dict_keys(['example_xcom_args', 'example_xcom_args_with_operators']) retrieved from /home/airflow/.local/lib/python3.6/site-packages/airflow/example_dags/example_xcomargs.py
[2026-09-23 11:32:56,563] {logging_mixin.py:104} INFO - [2026-09-23 11:32:56,563] {dag.py:1824} INFO - Sync 2 DAGs
[2026-09-23 11:32:56,582] {logging_mixin.py:104} INFO - [2026-09-23 11:32:56,582] {dag.py:2280} INFO - Setting next_dagrun for example_xcom_args to None
[2026-09-23 11:32:56,583] {logging_mixin.py:104} INFO - [2026-09-23 11:32:56,583] {dag.py:2280} INFO - Setting next_dagrun for example_xcom_args_with_operators to None
[2026-09-23 11:32:56,598] {scheduler_job.py:190} INFO - Processing /home/airflow/.local/lib/python3.6/site-packages/airflow/example_dags/example_xcomargs.py took 0.093 seconds
[2026-09-23 11:33:27,065] {scheduler_job.py:182} INFO - Started process (PID=610) to work on /home/airflow/.local/lib/python3.6/site-packages/airflow/example_dags/example_xcomargs.py
[2026-09-23 11:33:27,066] {scheduler_job.py:629} INFO - Processing file /home/airflow/.local/lib/python3.6/site-packages/airflow/example_dags/example_xcomargs.py for tasks to queue
[2026-09-23 11:33:27,066] {logging_mixin.py:104} INFO - [2026-09-23 11:33:27,066] {dagbag.py:451} INFO - Filling up the DagBag from /home/airflow/.local/lib/python3.6/site-packages/airflow/example_dags/example_xcomargs.py
[2026-09-23 11:33:27,085] {scheduler_job.py:639} INFO - DAG(s) dict_keys(['example_xcom_args', 'example_xcom_args_with_operators']) retrieved from /home/airflow/.local/lib/python3.6/site-packages/airflow/example_dags/example_xcomargs.py
[2026-09-23 11:33:27,119] {logging_mixin.py:104} INFO - [2026-09-23 11:33:27,118] {dag.py:1824} INFO - Sync 2 DAGs
[2026-09-23 11:33:27,138] {logging_mixin.py:104} INFO - [2026-09-23 11:33:27,137] {dag.py:2280} INFO - Setting next_dagrun for example_xcom_args to None
[2026-09-23 11:33:27,139] {logging_mixin.py:104} INFO - [2026-09-23 11:33:27,139] {dag.py:2280} INFO - Setting next_dagrun for example_xcom_args_with_operators to None
[2026-09-23 11:33:27,153] {scheduler_job.py:190} INFO - Processing /home/airflow/.local/lib/python3.6/site-packages/airflow/example_dags/example_xcomargs.py took 0.092 seconds
[2026-09-23 11:33:57,742] {scheduler_job.py:182} INFO - Started process (PID=639) to work on /home/airflow/.local/lib/python3.6/site-packages/airflow/example_dags/example_xcomargs.py
[2026-09-23 11:33:57,743] {scheduler_job.py:629} INFO - Processing file /home/airflow/.local/lib/python3.6/site-packages/airflow/example_dags/example_xcomargs.py for tasks to queue
[2026-09-23 11:33:57,744] {logging_mixin.py:104} INFO - [2026-09-23 11:33:57,743] {dagbag.py:451} INFO - Filling up the DagBag from /home/airflow/.local/lib/python3.6/site-packages/airflow/example_dags/example_xcomargs.py
[2026-09-23 11:33:57,764] {scheduler_job.py:639} INFO - DAG(s) dict_keys(['example_xcom_args', 'example_xcom_args_with_operators']) retrieved from /home/airflow/.local/lib/python3.6/site-packages/airflow/example_dags/example_xcomargs.py
[2026-09-23 11:33:57,800] {logging_mixin.py:104} INFO - [2026-09-23 11:33:57,799] {dag.py:1824} INFO - Sync 2 DAGs
[2026-09-23 11:33:57,820] {logging_mixin.py:104} INFO - [2026-09-23 11:33:57,820] {dag.py:2280} INFO - Setting next_dagrun for example_xcom_args to None
[2026-09-23 11:33:57,821] {logging_mixin.py:104} INFO - [2026-09-23 11:33:57,821] {dag.py:2280} INFO - Setting next_dagrun for example_xcom_args_with_operators to None
[2026-09-23 11:33:57,840] {scheduler_job.py:190} INFO - Processing /home/airflow/.local/lib/python3.6/site-packages/airflow/example_dags/example_xcomargs.py took 0.103 seconds
[2026-09-23 11:34:28,455] {scheduler_job.py:182} INFO - Started process (PID=667) to work on /home/airflow/.local/lib/python3.6/site-packages/airflow/example_dags/example_xcomargs.py
[2026-09-23 11:34:28,458] {scheduler_job.py:629} INFO - Processing file /home/airflow/.local/lib/python3.6/site-packages/airflow/example_dags/example_xcomargs.py for tasks to queue
[2026-09-23 11:34:28,459] {logging_mixin.py:104} INFO - [2026-09-23 11:34:28,459] {dagbag.py:451} INFO - Filling up the DagBag from /home/airflow/.local/lib/python3.6/site-packages/airflow/example_dags/example_xcomargs.py
[2026-09-23 11:34:28,481] {scheduler_job.py:639} INFO - DAG(s) dict_keys(['example_xcom_args', 'example_xcom_args_with_operators']) retrieved from /home/airflow/.local/lib/python3.6/site-packages/airflow/example_dags/example_xcomargs.py
[2026-09-23 11:34:28,527] {logging_mixin.py:104} INFO - [2026-09-23 11:34:28,526] {dag.py:1824} INFO - Sync 2 DAGs
[2026-09-23 11:34:28,557] {logging_mixin.py:104} INFO - [2026-09-23 11:34:28,557] {dag.py:2280} INFO - Setting next_dagrun for example_xcom_args to None
[2026-09-23 11:34:28,559] {logging_mixin.py:104} INFO - [2026-09-23 11:34:28,558] {dag.py:2280} INFO - Setting next_dagrun for example_xcom_args_with_operators to None
[2026-09-23 11:34:28,576] {scheduler_job.py:190} INFO - Processing /home/airflow/.local/lib/python3.6/site-packages/airflow/example_dags/example_xcomargs.py took 0.127 seconds
[2026-09-23 11:34:58,963] {scheduler_job.py:182} INFO - Started process (PID=691) to work on /home/airflow/.local/lib/python3.6/site-packages/airflow/example_dags/example_xcomargs.py
[2026-09-23 11:34:58,964] {scheduler_job.py:629} INFO - Processing file /home/airflow/.local/lib/python3.6/site-packages/airflow/example_dags/example_xcomargs.py for tasks to queue
[2026-09-23 11:34:58,965] {logging_mixin.py:104} INFO - [2026-09-23 11:34:58,965] {dagbag.py:451} INFO - Filling up the DagBag from /home/airflow/.local/lib/python3.6/site-packages/airflow/example_dags/example_xcomargs.py
[2026-09-23 11:34:58,984] {scheduler_job.py:639} INFO - DAG(s) dict_keys(['example_xcom_args', 'example_xcom_args_with_operators']) retrieved from /home/airflow/.local/lib/python3.6/site-packages/airflow/example_dags/example_xcomargs.py
[2026-09-23 11:34:59,016] {logging_mixin.py:104} INFO - [2026-09-23 11:34:59,016] {dag.py:1824} INFO - Sync 2 DAGs
[2026-09-23 11:34:59,033] {logging_mixin.py:104} INFO - [2026-09-23 11:34:59,033] {dag.py:2280} INFO - Setting next_dagrun for example_xcom_args to None
[2026-09-23 11:34:59,034] {logging_mixin.py:104} INFO - [2026-09-23 11:34:59,034] {dag.py:2280} INFO - Setting next_dagrun for example_xcom_args_with_operators to None
[2026-09-23 11:34:59,046] {scheduler_job.py:190} INFO - Processing /home/airflow/.local/lib/python3.6/site-packages/airflow/example_dags/example_xcomargs.py took 0.087 seconds
[2026-09-23 11:35:29,714] {scheduler_job.py:182} INFO - Started process (PID=716) to work on /home/airflow/.local/lib/python3.6/site-packages/airflow/example_dags/example_xcomargs.py
[2026-09-23 11:35:29,716] {scheduler_job.py:629} INFO - Processing file /home/airflow/.local/lib/python3.6/site-packages/airflow/example_dags/example_xcomargs.py for tasks to queue
[2026-09-23 11:35:29,717] {logging_mixin.py:104} INFO - [2026-09-23 11:35:29,717] {dagbag.py:451} INFO - Filling up the DagBag from /home/airflow/.local/lib/python3.6/site-packages/airflow/example_dags/example_xcomargs.py
[2026-09-23 11:35:29,747] {scheduler_job.py:639} INFO - DAG(s) dict_keys(['example_xcom_args', 'example_xcom_args_with_operators']) retrieved from /home/airflow/.local/lib/python3.6/site-packages/airflow/example_dags/example_xcomargs.py
[2026-09-23 11:35:29,789] {logging_mixin.py:104} INFO - [2026-09-23 11:35:29,789] {dag.py:1824} INFO - Sync 2 DAGs
[2026-09-23 11:35:29,816] {logging_mixin.py:104} INFO - [2026-09-23 11:35:29,816] {dag.py:2280} INFO - Setting next_dagrun for example_xcom_args to None
[2026-09-23 11:35:29,818] {logging_mixin.py:104} INFO - [2026-09-23 11:35:29,818] {dag.py:2280} INFO - Setting next_dagrun for example_xcom_args_with_operators to None
[2026-09-23 11:35:29,837] {scheduler_job.py:190} INFO - Processing /home/airflow/.local/lib/python3.6/site-packages/airflow/example_dags/example_xcomargs.py took 0.129 seconds
[2026-09-23 11:35:59,946] {scheduler_job.py:182} INFO - Started process (PID=741) to work on /home/airflow/.local/lib/python3.6/site-packages/airflow/example_dags/example_xcomargs.py
[2026-09-23 11:35:59,948] {scheduler_job.py:629} INFO - Processing file /home/airflow/.local/lib/python3.6/site-packages/airflow/example_dags/example_xcomargs.py for tasks to queue
[2026-09-23 11:35:59,949] {logging_mixin.py:104} INFO - [2026-09-23 11:35:59,949] {dagbag.py:451} INFO - Filling up the DagBag from /home/airflow/.local/lib/python3.6/site-packages/airflow/example_dags/example_xcomargs.py
[2026-09-23 11:35:59,976] {scheduler_job.py:639} INFO - DAG(s) dict_keys(['example_xcom_args', 'example_xcom_args_with_operators']) retrieved from /home/airflow/.local/lib/python3.6/site-packages/airflow/example_dags/example_xcomargs.py
[2026-09-23 11:36:00,022] {logging_mixin.py:104} INFO - [2026-09-23 11:36:00,022] {dag.py:1824} INFO - Sync 2 DAGs
[2026-09-23 11:36:00,058] {logging_mixin.py:104} INFO - [2026-09-23 11:36:00,058] {dag.py:2280} INFO - Setting next_dagrun for example_xcom_args to None
[2026-09-23 11:36:00,060] {logging_mixin.py:104} INFO - [2026-09-23 11:36:00,060] {dag.py:2280} INFO - Setting next_dagrun for example_xcom_args_with_operators to None
[2026-09-23 11:36:00,085] {scheduler_job.py:190} INFO - Processing /home/airflow/.local/lib/python3.6/site-packages/airflow/example_dags/example_xcomargs.py took 0.144 seconds
[2026-09-23 11:36:30,527] {scheduler_job.py:182} INFO - Started process (PID=767) to work on /home/airflow/.local/lib/python3.6/site-packages/airflow/example_dags/example_xcomargs.py
[2026-09-23 11:36:30,533] {scheduler_job.py:629} INFO - Processing file /home/airflow/.local/lib/python3.6/site-packages/airflow/example_dags/example_xcomargs.py for tasks to queue
[2026-09-23 11:36:30,534] {logging_mixin.py:104} INFO - [2026-09-23 11:36:30,534] {dagbag.py:451} INFO - Filling up the DagBag from /home/airflow/.local/lib/python3.6/site-packages/airflow/example_dags/example_xcomargs.py
[2026-09-23 11:36:30,570] {scheduler_job.py:639} INFO - DAG(s) dict_keys(['example_xcom_args', 'example_xcom_args_with_operators']) retrieved from /home/airflow/.local/lib/python3.6/site-packages/airflow/example_dags/example_xcomargs.py
[2026-09-23 11:36:30,625] {logging_mixin.py:104} INFO - [2026-09-23 11:36:30,625] {dag.py:1824} INFO - Sync 2 DAGs
[2026-09-23 11:36:30,660] {logging_mixin.py:104} INFO - [2026-09-23 11:36:30,659] {dag.py:2280} INFO - Setting next_dagrun for example_xcom_args to None
[2026-09-23 11:36:30,661] {logging_mixin.py:104} INFO - [2026-09-23 11:36:30,661] {dag.py:2280} INFO - Setting next_dagrun for example_xcom_args_with_operators to None
[2026-09-23 11:36:30,692] {scheduler_job.py:190} INFO - Processing /home/airflow/.local/lib/python3.6/site-packages/airflow/example_dags/example_xcomargs.py took 0.177 seconds
[2026-09-23 11:37:00,798] {scheduler_job.py:182} INFO - Started process (PID=792) to work on /home/airflow/.local/lib/python3.6/site-packages/airflow/example_dags/example_xcomargs.py
[2026-09-23 11:37:00,799] {scheduler_job.py:629} INFO - Processing file /home/airflow/.local/lib/python3.6/site-packages/airflow/example_dags/example_xcomargs.py for tasks to queue
[2026-09-23 11:37:00,800] {logging_mixin.py:104} INFO - [2026-09-23 11:37:00,800] {dagbag.py:451} INFO - Filling up the DagBag from /home/airflow/.local/lib/python3.6/site-packages/airflow/example_dags/example_xcomargs.py
[2026-09-23 11:37:00,825] {scheduler_job.py:639} INFO - DAG(s) dict_keys(['example_xcom_args', 'example_xcom_args_with_operators']) retrieved from /home/airflow/.local/lib/python3.6/site-packages/airflow/example_dags/example_xcomargs.py
[2026-09-23 11:37:00,870] {logging_mixin.py:104} INFO - [2026-09-23 11:37:00,869] {dag.py:1824} INFO - Sync 2 DAGs
[2026-09-23 11:37:00,896] {logging_mixin.py:104} INFO - [2026-09-23 11:37:00,896] {dag.py:2280} INFO - Setting next_dagrun for example_xcom_args to None
[2026-09-23 11:37:00,898] {logging_mixin.py:104} INFO - [2026-09-23 11:37:00,897] {dag.py:2280} INFO - Setting next_dagrun for example_xcom_args_with_operators to None
[2026-09-23 11:37:00,922] {scheduler_job.py:190} INFO - Processing /home/airflow/.local/lib/python3.6/site-packages/airflow/example_dags/example_xcomargs.py took 0.129 seconds
[2026-09-23 11:37:31,035] {scheduler_job.py:182} INFO - Started process (PID=818) to work on /home/airflow/.local/lib/python3.6/site-packages/airflow/example_dags/example_xcomargs.py
[2026-09-23 11:37:31,038] {scheduler_job.py:629} INFO - Processing file /home/airflow/.local/lib/python3.6/site-packages/airflow/example_dags/example_xcomargs.py for tasks to queue
[2026-09-23 11:37:31,039] {logging_mixin.py:104} INFO - [2026-09-23 11:37:31,039] {dagbag.py:451} INFO - Filling up the DagBag from /home/airflow/.local/lib/python3.6/site-packages/airflow/example_dags/example_xcomargs.py
[2026-09-23 11:37:31,063] {scheduler_job.py:639} INFO - DAG(s) dict_keys(['example_xcom_args', 'example_xcom_args_with_operators']) retrieved from /home/airflow/.local/lib/python3.6/site-packages/airflow/example_dags/example_xcomargs.py
[2026-09-23 11:37:31,104] {logging_mixin.py:104} INFO - [2026-09-23 11:37:31,103] {dag.py:1824} INFO - Sync 2 DAGs
[2026-09-23 11:37:31,127] {logging_mixin.py:104} INFO - [2026-09-23 11:37:31,127] {dag.py:2280} INFO - Setting next_dagrun for example_xcom_args to None
[2026-09-23 11:37:31,129] {logging_mixin.py:104} INFO - [2026-09-23 11:37:31,128] {dag.py:2280} INFO - Setting next_dagrun for example_xcom_args_with_operators to None
[2026-09-23 11:37:31,152] {scheduler_job.py:190} INFO - Processing /home/airflow/.local/lib/python3.6/site-packages/airflow/example_dags/example_xcomargs.py took 0.123 seconds
[2026-09-23 11:38:01,330] {scheduler_job.py:182} INFO - Started process (PID=844) to work on /home/airflow/.local/lib/python3.6/site-packages/airflow/example_dags/example_xcomargs.py
[2026-09-23 11:38:01,332] {scheduler_job.py:629} INFO - Processing file /home/airflow/.local/lib/python3.6/site-packages/airflow/example_dags/example_xcomargs.py for tasks to queue
[2026-09-23 11:38:01,333] {logging_mixin.py:104} INFO - [2026-09-23 11:38:01,333] {dagbag.py:451} INFO - Filling up the DagBag from /home/airflow/.local/lib/python3.6/site-packages/airflow/example_dags/example_xcomargs.py
[2026-09-23 11:38:01,357] {scheduler_job.py:639} INFO - DAG(s) dict_keys(['example_xcom_args', 'example_xcom_args_with_operators']) retrieved from /home/airflow/.local/lib/python3.6/site-packages/airflow/example_dags/example_xcomargs.py
[2026-09-23 11:38:01,399] {logging_mixin.py:104} INFO - [2026-09-23 11:38:01,399] {dag.py:1824} INFO - Sync 2 DAGs
[2026-09-23 11:38:01,424] {logging_mixin.py:104} INFO - [2026-09-23 11:38:01,424] {dag.py:2280} INFO - Setting next_dagrun for example_xcom_args to None
[2026-09-23 11:38:01,425] {logging_mixin.py:104} INFO - [2026-09-23 11:38:01,425] {dag.py:2280} INFO - Setting next_dagrun for example_xcom_args_with_operators to None
[2026-09-23 11:38:01,447] {scheduler_job.py:190} INFO - Processing /home/airflow/.local/lib/python3.6/site-packages/airflow/example_dags/example_xcomargs.py took 0.121 seconds
[2026-09-23 11:38:31,738] {scheduler_job.py:182} INFO - Started process (PID=870) to work on /home/airflow/.local/lib/python3.6/site-packages/airflow/example_dags/example_xcomargs.py
[2026-09-23 11:38:31,739] {scheduler_job.py:629} INFO - Processing file /home/airflow/.local/lib/python3.6/site-packages/airflow/example_dags/example_xcomargs.py for tasks to queue
[2026-09-23 11:38:31,741] {logging_mixin.py:104} INFO - [2026-09-23 11:38:31,740] {dagbag.py:451} INFO - Filling up the DagBag from /home/airflow/.local/lib/python3.6/site-packages/airflow/example_dags/example_xcomargs.py
[2026-09-23 11:38:31,770] {scheduler_job.py:639} INFO - DAG(s) dict_keys(['example_xcom_args', 'example_xcom_args_with_operators']) retrieved from /home/airflow/.local/lib/python3.6/site-packages/airflow/example_dags/example_xcomargs.py
[2026-09-23 11:38:31,831] {logging_mixin.py:104} INFO - [2026-09-23 11:38:31,831] {dag.py:1824} INFO - Sync 2 DAGs
[2026-09-23 11:38:31,864] {logging_mixin.py:104} INFO - [2026-09-23 11:38:31,864] {dag.py:2280} INFO - Setting next_dagrun for example_xcom_args to None
[2026-09-23 11:38:31,866] {logging_mixin.py:104} INFO - [2026-09-23 11:38:31,866] {dag.py:2280} INFO - Setting next_dagrun for example_xcom_args_with_operators to None
[2026-09-23 11:38:31,905] {scheduler_job.py:190} INFO - Processing /home/airflow/.local/lib/python3.6/site-packages/airflow/example_dags/example_xcomargs.py took 0.179 seconds
[2026-09-23 11:39:01,983] {scheduler_job.py:182} INFO - Started process (PID=895) to work on /home/airflow/.local/lib/python3.6/site-packages/airflow/example_dags/example_xcomargs.py
[2026-09-23 11:39:01,987] {scheduler_job.py:629} INFO - Processing file /home/airflow/.local/lib/python3.6/site-packages/airflow/example_dags/example_xcomargs.py for tasks to queue
[2026-09-23 11:39:01,990] {logging_mixin.py:104} INFO - [2026-09-23 11:39:01,990] {dagbag.py:451} INFO - Filling up the DagBag from /home/airflow/.local/lib/python3.6/site-packages/airflow/example_dags/example_xcomargs.py
[2026-09-23 11:39:02,033] {scheduler_job.py:639} INFO - DAG(s) dict_keys(['example_xcom_args', 'example_xcom_args_with_operators']) retrieved from /home/airflow/.local/lib/python3.6/site-packages/airflow/example_dags/example_xcomargs.py
[2026-09-23 11:39:02,140] {logging_mixin.py:104} INFO - [2026-09-23 11:39:02,140] {dag.py:1824} INFO - Sync 2 DAGs
[2026-09-23 11:39:02,203] {logging_mixin.py:104} INFO - [2026-09-23 11:39:02,203] {dag.py:2280} INFO - Setting next_dagrun for example_xcom_args to None
[2026-09-23 11:39:02,205] {logging_mixin.py:104} INFO - [2026-09-23 11:39:02,205] {dag.py:2280} INFO - Setting next_dagrun for example_xcom_args_with_operators to None
[2026-09-23 11:39:02,241] {scheduler_job.py:190} INFO - Processing /home/airflow/.local/lib/python3.6/site-packages/airflow/example_dags/example_xcomargs.py took 0.266 seconds
[2026-09-23 11:39:32,796] {scheduler_job.py:182} INFO - Started process (PID=921) to work on /home/airflow/.local/lib/python3.6/site-packages/airflow/example_dags/example_xcomargs.py
[2026-09-23 11:39:32,801] {scheduler_job.py:629} INFO - Processing file /home/airflow/.local/lib/python3.6/site-packages/airflow/example_dags/example_xcomargs.py for tasks to queue
[2026-09-23 11:39:32,802] {logging_mixin.py:104} INFO - [2026-09-23 11:39:32,802] {dagbag.py:451} INFO - Filling up the DagBag from /home/airflow/.local/lib/python3.6/site-packages/airflow/example_dags/example_xcomargs.py
[2026-09-23 11:39:32,828] {scheduler_job.py:639} INFO - DAG(s) dict_keys(['example_xcom_args', 'example_xcom_args_with_operators']) retrieved from /home/airflow/.local/lib/python3.6/site-packages/airflow/example_dags/example_xcomargs.py
[2026-09-23 11:39:32,880] {logging_mixin.py:104} INFO - [2026-09-23 11:39:32,880] {dag.py:1824} INFO - Sync 2 DAGs
[2026-09-23 11:39:32,913] {logging_mixin.py:104} INFO - [2026-09-23 11:39:32,913] {dag.py:2280} INFO - Setting next_dagrun for example_xcom_args to None
[2026-09-23 11:39:32,915] {logging_mixin.py:104} INFO - [2026-09-23 11:39:32,915] {dag.py:2280} INFO - Setting next_dagrun for example_xcom_args_with_operators to None
[2026-09-23 11:39:32,945] {scheduler_job.py:190} INFO - Processing /home/airflow/.local/lib/python3.6/site-packages/airflow/example_dags/example_xcomargs.py took 0.154 seconds
[2026-09-23 11:40:03,150] {scheduler_job.py:182} INFO - Started process (PID=947) to work on /home/airflow/.local/lib/python3.6/site-packages/airflow/example_dags/example_xcomargs.py
[2026-09-23 11:40:03,152] {scheduler_job.py:629} INFO - Processing file /home/airflow/.local/lib/python3.6/site-packages/airflow/example_dags/example_xcomargs.py for tasks to queue
[2026-09-23 11:40:03,153] {logging_mixin.py:104} INFO - [2026-09-23 11:40:03,153] {dagbag.py:451} INFO - Filling up the DagBag from /home/airflow/.local/lib/python3.6/site-packages/airflow/example_dags/example_xcomargs.py
[2026-09-23 11:40:03,195] {scheduler_job.py:639} INFO - DAG(s) dict_keys(['example_xcom_args', 'example_xcom_args_with_operators']) retrieved from /home/airflow/.local/lib/python3.6/site-packages/airflow/example_dags/example_xcomargs.py
[2026-09-23 11:40:03,258] {logging_mixin.py:104} INFO - [2026-09-23 11:40:03,258] {dag.py:1824} INFO - Sync 2 DAGs
[2026-09-23 11:40:03,295] {logging_mixin.py:104} INFO - [2026-09-23 11:40:03,294] {dag.py:2280} INFO - Setting next_dagrun for example_xcom_args to None
[2026-09-23 11:40:03,299] {logging_mixin.py:104} INFO - [2026-09-23 11:40:03,296] {dag.py:2280} INFO - Setting next_dagrun for example_xcom_args_with_operators to None
[2026-09-23 11:40:03,337] {scheduler_job.py:190} INFO - Processing /home/airflow/.local/lib/python3.6/site-packages/airflow/example_dags/example_xcomargs.py took 0.195 seconds
[2026-09-23 11:40:33,585] {scheduler_job.py:182} INFO - Started process (PID=971) to work on /home/airflow/.local/lib/python3.6/site-packages/airflow/example_dags/example_xcomargs.py
[2026-09-23 11:40:33,587] {scheduler_job.py:629} INFO - Processing file /home/airflow/.local/lib/python3.6/site-packages/airflow/example_dags/example_xcomargs.py for tasks to queue
[2026-09-23 11:40:33,588] {logging_mixin.py:104} INFO - [2026-09-23 11:40:33,588] {dagbag.py:451} INFO - Filling up the DagBag from /home/airflow/.local/lib/python3.6/site-packages/airflow/example_dags/example_xcomargs.py
[2026-09-23 11:40:33,619] {scheduler_job.py:639} INFO - DAG(s) dict_keys(['example_xcom_args', 'example_xcom_args_with_operators']) retrieved from /home/airflow/.local/lib/python3.6/site-packages/airflow/example_dags/example_xcomargs.py
[2026-09-23 11:40:33,656] {logging_mixin.py:104} INFO - [2026-09-23 11:40:33,656] {dag.py:1824} INFO - Sync 2 DAGs
[2026-09-23 11:40:33,675] {logging_mixin.py:104} INFO - [2026-09-23 11:40:33,675] {dag.py:2280} INFO - Setting next_dagrun for example_xcom_args to None
[2026-09-23 11:40:33,676] {logging_mixin.py:104} INFO - [2026-09-23 11:40:33,676] {dag.py:2280} INFO - Setting next_dagrun for example_xcom_args_with_operators to None
[2026-09-23 11:40:33,696] {scheduler_job.py:190} INFO - Processing /home/airflow/.local/lib/python3.6/site-packages/airflow/example_dags/example_xcomargs.py took 0.117 seconds
[2026-09-23 11:41:03,877] {scheduler_job.py:182} INFO - Started process (PID=997) to work on /home/airflow/.local/lib/python3.6/site-packages/airflow/example_dags/example_xcomargs.py
[2026-09-23 11:41:03,879] {scheduler_job.py:629} INFO - Processing file /home/airflow/.local/lib/python3.6/site-packages/airflow/example_dags/example_xcomargs.py for tasks to queue
[2026-09-23 11:41:03,880] {logging_mixin.py:104} INFO - [2026-09-23 11:41:03,880] {dagbag.py:451} INFO - Filling up the DagBag from /home/airflow/.local/lib/python3.6/site-packages/airflow/example_dags/example_xcomargs.py
[2026-09-23 11:41:03,921] {scheduler_job.py:639} INFO - DAG(s) dict_keys(['example_xcom_args', 'example_xcom_args_with_operators']) retrieved from /home/airflow/.local/lib/python3.6/site-packages/airflow/example_dags/example_xcomargs.py
[2026-09-23 11:41:03,967] {logging_mixin.py:104} INFO - [2026-09-23 11:41:03,967] {dag.py:1824} INFO - Sync 2 DAGs
[2026-09-23 11:41:03,992] {logging_mixin.py:104} INFO - [2026-09-23 11:41:03,992] {dag.py:2280} INFO - Setting next_dagrun for example_xcom_args to None
[2026-09-23 11:41:03,994] {logging_mixin.py:104} INFO - [2026-09-23 11:41:03,994] {dag.py:2280} INFO - Setting next_dagrun for example_xcom_args_with_operators to None
[2026-09-23 11:41:04,013] {scheduler_job.py:190} INFO - Processing /home/airflow/.local/lib/python3.6/site-packages/airflow/example_dags/example_xcomargs.py took 0.144 seconds
[2026-09-23 11:41:34,268] {scheduler_job.py:182} INFO - Started process (PID=1022) to work on /home/airflow/.local/lib/python3.6/site-packages/airflow/example_dags/example_xcomargs.py
[2026-09-23 11:41:34,275] {scheduler_job.py:629} INFO - Processing file /home/airflow/.local/lib/python3.6/site-packages/airflow/example_dags/example_xcomargs.py for tasks to queue
[2026-09-23 11:41:34,277] {logging_mixin.py:104} INFO - [2026-09-23 11:41:34,277] {dagbag.py:451} INFO - Filling up the DagBag from /home/airflow/.local/lib/python3.6/site-packages/airflow/example_dags/example_xcomargs.py
[2026-09-23 11:41:34,333] {scheduler_job.py:639} INFO - DAG(s) dict_keys(['example_xcom_args', 'example_xcom_args_with_operators']) retrieved from /home/airflow/.local/lib/python3.6/site-packages/airflow/example_dags/example_xcomargs.py
[2026-09-23 11:41:34,393] {logging_mixin.py:104} INFO - [2026-09-23 11:41:34,393] {dag.py:1824} INFO - Sync 2 DAGs
[2026-09-23 11:41:34,430] {logging_mixin.py:104} INFO - [2026-09-23 11:41:34,430] {dag.py:2280} INFO - Setting next_dagrun for example_xcom_args to None
[2026-09-23 11:41:34,432] {logging_mixin.py:104} INFO - [2026-09-23 11:41:34,432] {dag.py:2280} INFO - Setting next_dagrun for example_xcom_args_with_operators to None
[2026-09-23 11:41:34,466] {scheduler_job.py:190} INFO - Processing /home/airflow/.local/lib/python3.6/site-packages/airflow/example_dags/example_xcomargs.py took 0.214 seconds
[2026-09-23 11:42:05,282] {scheduler_job.py:182} INFO - Started process (PID=1049) to work on /home/airflow/.local/lib/python3.6/site-packages/airflow/example_dags/example_xcomargs.py
[2026-09-23 11:42:05,292] {scheduler_job.py:629} INFO - Processing file /home/airflow/.local/lib/python3.6/site-packages/airflow/example_dags/example_xcomargs.py for tasks to queue
[2026-09-23 11:42:05,298] {logging_mixin.py:104} INFO - [2026-09-23 11:42:05,298] {dagbag.py:451} INFO - Filling up the DagBag from /home/airflow/.local/lib/python3.6/site-packages/airflow/example_dags/example_xcomargs.py
[2026-09-23 11:42:05,382] {scheduler_job.py:639} INFO - DAG(s) dict_keys(['example_xcom_args', 'example_xcom_args_with_operators']) retrieved from /home/airflow/.local/lib/python3.6/site-packages/airflow/example_dags/example_xcomargs.py
[2026-09-23 11:42:05,444] {logging_mixin.py:104} INFO - [2026-09-23 11:42:05,443] {dag.py:1824} INFO - Sync 2 DAGs
[2026-09-23 11:42:05,482] {logging_mixin.py:104} INFO - [2026-09-23 11:42:05,481] {dag.py:2280} INFO - Setting next_dagrun for example_xcom_args to None
[2026-09-23 11:42:05,483] {logging_mixin.py:104} INFO - [2026-09-23 11:42:05,483] {dag.py:2280} INFO - Setting next_dagrun for example_xcom_args_with_operators to None
[2026-09-23 11:42:05,514] {scheduler_job.py:190} INFO - Processing /home/airflow/.local/lib/python3.6/site-packages/airflow/example_dags/example_xcomargs.py took 0.261 seconds
[2026-09-23 11:42:35,928] {scheduler_job.py:182} INFO - Started process (PID=1075) to work on /home/airflow/.local/lib/python3.6/site-packages/airflow/example_dags/example_xcomargs.py
[2026-09-23 11:42:35,930] {scheduler_job.py:629} INFO - Processing file /home/airflow/.local/lib/python3.6/site-packages/airflow/example_dags/example_xcomargs.py for tasks to queue
[2026-09-23 11:42:35,931] {logging_mixin.py:104} INFO - [2026-09-23 11:42:35,931] {dagbag.py:451} INFO - Filling up the DagBag from /home/airflow/.local/lib/python3.6/site-packages/airflow/example_dags/example_xcomargs.py
[2026-09-23 11:42:35,957] {scheduler_job.py:639} INFO - DAG(s) dict_keys(['example_xcom_args', 'example_xcom_args_with_operators']) retrieved from /home/airflow/.local/lib/python3.6/site-packages/airflow/example_dags/example_xcomargs.py
[2026-09-23 11:42:35,993] {logging_mixin.py:104} INFO - [2026-09-23 11:42:35,993] {dag.py:1824} INFO - Sync 2 DAGs
[2026-09-23 11:42:36,012] {logging_mixin.py:104} INFO - [2026-09-23 11:42:36,012] {dag.py:2280} INFO - Setting next_dagrun for example_xcom_args to None
[2026-09-23 11:42:36,013] {logging_mixin.py:104} INFO - [2026-09-23 11:42:36,013] {dag.py:2280} INFO - Setting next_dagrun for example_xcom_args_with_operators to None
[2026-09-23 11:42:36,031] {scheduler_job.py:190} INFO - Processing /home/airflow/.local/lib/python3.6/site-packages/airflow/example_dags/example_xcomargs.py took 0.108 seconds
[2026-09-23 11:43:06,932] {scheduler_job.py:182} INFO - Started process (PID=1101) to work on /home/airflow/.local/lib/python3.6/site-packages/airflow/example_dags/example_xcomargs.py
[2026-09-23 11:43:06,934] {scheduler_job.py:629} INFO - Processing file /home/airflow/.local/lib/python3.6/site-packages/airflow/example_dags/example_xcomargs.py for tasks to queue
[2026-09-23 11:43:06,935] {logging_mixin.py:104} INFO - [2026-09-23 11:43:06,935] {dagbag.py:451} INFO - Filling up the DagBag from /home/airflow/.local/lib/python3.6/site-packages/airflow/example_dags/example_xcomargs.py
[2026-09-23 11:43:06,963] {scheduler_job.py:639} INFO - DAG(s) dict_keys(['example_xcom_args', 'example_xcom_args_with_operators']) retrieved from /home/airflow/.local/lib/python3.6/site-packages/airflow/example_dags/example_xcomargs.py
[2026-09-23 11:43:07,014] {logging_mixin.py:104} INFO - [2026-09-23 11:43:07,013] {dag.py:1824} INFO - Sync 2 DAGs
[2026-09-23 11:43:07,043] {logging_mixin.py:104} INFO - [2026-09-23 11:43:07,043] {dag.py:2280} INFO - Setting next_dagrun for example_xcom_args to None
[2026-09-23 11:43:07,046] {logging_mixin.py:104} INFO - [2026-09-23 11:43:07,045] {dag.py:2280} INFO - Setting next_dagrun for example_xcom_args_with_operators to None
[2026-09-23 11:43:07,075] {scheduler_job.py:190} INFO - Processing /home/airflow/.local/lib/python3.6/site-packages/airflow/example_dags/example_xcomargs.py took 0.148 seconds
[2026-09-23 11:43:37,295] {scheduler_job.py:182} INFO - Started process (PID=1127) to work on /home/airflow/.local/lib/python3.6/site-packages/airflow/example_dags/example_xcomargs.py
[2026-09-23 11:43:37,296] {scheduler_job.py:629} INFO - Processing file /home/airflow/.local/lib/python3.6/site-packages/airflow/example_dags/example_xcomargs.py for tasks to queue
[2026-09-23 11:43:37,297] {logging_mixin.py:104} INFO - [2026-09-23 11:43:37,297] {dagbag.py:451} INFO - Filling up the DagBag from /home/airflow/.local/lib/python3.6/site-packages/airflow/example_dags/example_xcomargs.py
[2026-09-23 11:43:37,317] {scheduler_job.py:639} INFO - DAG(s) dict_keys(['example_xcom_args', 'example_xcom_args_with_operators']) retrieved from /home/airflow/.local/lib/python3.6/site-packages/airflow/example_dags/example_xcomargs.py
[2026-09-23 11:43:37,362] {logging_mixin.py:104} INFO - [2026-09-23 11:43:37,362] {dag.py:1824} INFO - Sync 2 DAGs
[2026-09-23 11:43:37,388] {logging_mixin.py:104} INFO - [2026-09-23 11:43:37,388] {dag.py:2280} INFO - Setting next_dagrun for example_xcom_args to None
[2026-09-23 11:43:37,390] {logging_mixin.py:104} INFO - [2026-09-23 11:43:37,389] {dag.py:2280} INFO - Setting next_dagrun for example_xcom_args_with_operators to None
[2026-09-23 11:43:37,410] {scheduler_job.py:190} INFO - Processing /home/airflow/.local/lib/python3.6/site-packages/airflow/example_dags/example_xcomargs.py took 0.119 seconds
[2026-09-23 11:44:07,568] {scheduler_job.py:182} INFO - Started process (PID=1152) to work on /home/airflow/.local/lib/python3.6/site-packages/airflow/example_dags/example_xcomargs.py
[2026-09-23 11:44:07,569] {scheduler_job.py:629} INFO - Processing file /home/airflow/.local/lib/python3.6/site-packages/airflow/example_dags/example_xcomargs.py for tasks to queue
[2026-09-23 11:44:07,570] {logging_mixin.py:104} INFO - [2026-09-23 11:44:07,570] {dagbag.py:451} INFO - Filling up the DagBag from /home/airflow/.local/lib/python3.6/site-packages/airflow/example_dags/example_xcomargs.py
[2026-09-23 11:44:07,592] {scheduler_job.py:639} INFO - DAG(s) dict_keys(['example_xcom_args', 'example_xcom_args_with_operators']) retrieved from /home/airflow/.local/lib/python3.6/site-packages/airflow/example_dags/example_xcomargs.py
[2026-09-23 11:44:07,630] {logging_mixin.py:104} INFO - [2026-09-23 11:44:07,630] {dag.py:1824} INFO - Sync 2 DAGs
[2026-09-23 11:44:07,649] {logging_mixin.py:104} INFO - [2026-09-23 11:44:07,649] {dag.py:2280} INFO - Setting next_dagrun for example_xcom_args to None
[2026-09-23 11:44:07,650] {logging_mixin.py:104} INFO - [2026-09-23 11:44:07,650] {dag.py:2280} INFO - Setting next_dagrun for example_xcom_args_with_operators to None
[2026-09-23 11:44:07,668] {scheduler_job.py:190} INFO - Processing /home/airflow/.local/lib/python3.6/site-packages/airflow/example_dags/example_xcomargs.py took 0.106 seconds
[2026-09-23 11:44:37,753] {scheduler_job.py:182} INFO - Started process (PID=1178) to work on /home/airflow/.local/lib/python3.6/site-packages/airflow/example_dags/example_xcomargs.py
[2026-09-23 11:44:37,755] {scheduler_job.py:629} INFO - Processing file /home/airflow/.local/lib/python3.6/site-packages/airflow/example_dags/example_xcomargs.py for tasks to queue
[2026-09-23 11:44:37,756] {logging_mixin.py:104} INFO - [2026-09-23 11:44:37,756] {dagbag.py:451} INFO - Filling up the DagBag from /home/airflow/.local/lib/python3.6/site-packages/airflow/example_dags/example_xcomargs.py
[2026-09-23 11:44:37,784] {scheduler_job.py:639} INFO - DAG(s) dict_keys(['example_xcom_args', 'example_xcom_args_with_operators']) retrieved from /home/airflow/.local/lib/python3.6/site-packages/airflow/example_dags/example_xcomargs.py
[2026-09-23 11:44:37,837] {logging_mixin.py:104} INFO - [2026-09-23 11:44:37,837] {dag.py:1824} INFO - Sync 2 DAGs
[2026-09-23 11:44:37,868] {logging_mixin.py:104} INFO - [2026-09-23 11:44:37,868] {dag.py:2280} INFO - Setting next_dagrun for example_xcom_args to None
[2026-09-23 11:44:37,870] {logging_mixin.py:104} INFO - [2026-09-23 11:44:37,870] {dag.py:2280} INFO - Setting next_dagrun for example_xcom_args_with_operators to None
[2026-09-23 11:44:37,895] {scheduler_job.py:190} INFO - Processing /home/airflow/.local/lib/python3.6/site-packages/airflow/example_dags/example_xcomargs.py took 0.146 seconds
[2026-09-23 11:45:07,964] {scheduler_job.py:182} INFO - Started process (PID=1204) to work on /home/airflow/.local/lib/python3.6/site-packages/airflow/example_dags/example_xcomargs.py
[2026-09-23 11:45:07,966] {scheduler_job.py:629} INFO - Processing file /home/airflow/.local/lib/python3.6/site-packages/airflow/example_dags/example_xcomargs.py for tasks to queue
[2026-09-23 11:45:07,967] {logging_mixin.py:104} INFO - [2026-09-23 11:45:07,967] {dagbag.py:451} INFO - Filling up the DagBag from /home/airflow/.local/lib/python3.6/site-packages/airflow/example_dags/example_xcomargs.py
[2026-09-23 11:45:07,999] {scheduler_job.py:639} INFO - DAG(s) dict_keys(['example_xcom_args', 'example_xcom_args_with_operators']) retrieved from /home/airflow/.local/lib/python3.6/site-packages/airflow/example_dags/example_xcomargs.py
[2026-09-23 11:45:08,055] {logging_mixin.py:104} INFO - [2026-09-23 11:45:08,055] {dag.py:1824} INFO - Sync 2 DAGs
[2026-09-23 11:45:08,086] {logging_mixin.py:104} INFO - [2026-09-23 11:45:08,086] {dag.py:2280} INFO - Setting next_dagrun for example_xcom_args to None
[2026-09-23 11:45:08,088] {logging_mixin.py:104} INFO - [2026-09-23 11:45:08,087] {dag.py:2280} INFO - Setting next_dagrun for example_xcom_args_with_operators to None
[2026-09-23 11:45:08,112] {scheduler_job.py:190} INFO - Processing /home/airflow/.local/lib/python3.6/site-packages/airflow/example_dags/example_xcomargs.py took 0.155 seconds
[2026-09-23 11:45:38,436] {scheduler_job.py:182} INFO - Started process (PID=1230) to work on /home/airflow/.local/lib/python3.6/site-packages/airflow/example_dags/example_xcomargs.py
[2026-09-23 11:45:38,438] {scheduler_job.py:629} INFO - Processing file /home/airflow/.local/lib/python3.6/site-packages/airflow/example_dags/example_xcomargs.py for tasks to queue
[2026-09-23 11:45:38,440] {logging_mixin.py:104} INFO - [2026-09-23 11:45:38,439] {dagbag.py:451} INFO - Filling up the DagBag from /home/airflow/.local/lib/python3.6/site-packages/airflow/example_dags/example_xcomargs.py
[2026-09-23 11:45:38,472] {scheduler_job.py:639} INFO - DAG(s) dict_keys(['example_xcom_args', 'example_xcom_args_with_operators']) retrieved from /home/airflow/.local/lib/python3.6/site-packages/airflow/example_dags/example_xcomargs.py
[2026-09-23 11:45:38,520] {logging_mixin.py:104} INFO - [2026-09-23 11:45:38,520] {dag.py:1824} INFO - Sync 2 DAGs
[2026-09-23 11:45:38,552] {logging_mixin.py:104} INFO - [2026-09-23 11:45:38,552] {dag.py:2280} INFO - Setting next_dagrun for example_xcom_args to None
[2026-09-23 11:45:38,554] {logging_mixin.py:104} INFO - [2026-09-23 11:45:38,554] {dag.py:2280} INFO - Setting next_dagrun for example_xcom_args_with_operators to None
[2026-09-23 11:45:38,586] {scheduler_job.py:190} INFO - Processing /home/airflow/.local/lib/python3.6/site-packages/airflow/example_dags/example_xcomargs.py took 0.156 seconds
[2026-09-23 11:46:08,642] {scheduler_job.py:182} INFO - Started process (PID=1256) to work on /home/airflow/.local/lib/python3.6/site-packages/airflow/example_dags/example_xcomargs.py
[2026-09-23 11:46:08,643] {scheduler_job.py:629} INFO - Processing file /home/airflow/.local/lib/python3.6/site-packages/airflow/example_dags/example_xcomargs.py for tasks to queue
[2026-09-23 11:46:08,644] {logging_mixin.py:104} INFO - [2026-09-23 11:46:08,644] {dagbag.py:451} INFO - Filling up the DagBag from /home/airflow/.local/lib/python3.6/site-packages/airflow/example_dags/example_xcomargs.py
[2026-09-23 11:46:08,665] {scheduler_job.py:639} INFO - DAG(s) dict_keys(['example_xcom_args', 'example_xcom_args_with_operators']) retrieved from /home/airflow/.local/lib/python3.6/site-packages/airflow/example_dags/example_xcomargs.py
[2026-09-23 11:46:08,702] {logging_mixin.py:104} INFO - [2026-09-23 11:46:08,702] {dag.py:1824} INFO - Sync 2 DAGs
[2026-09-23 11:46:08,731] {logging_mixin.py:104} INFO - [2026-09-23 11:46:08,731] {dag.py:2280} INFO - Setting next_dagrun for example_xcom_args to None
[2026-09-23 11:46:08,733] {logging_mixin.py:104} INFO - [2026-09-23 11:46:08,733] {dag.py:2280} INFO - Setting next_dagrun for example_xcom_args_with_operators to None
[2026-09-23 11:46:08,756] {scheduler_job.py:190} INFO - Processing /home/airflow/.local/lib/python3.6/site-packages/airflow/example_dags/example_xcomargs.py took 0.118 seconds
[2026-09-23 11:46:38,802] {scheduler_job.py:182} INFO - Started process (PID=1281) to work on /home/airflow/.local/lib/python3.6/site-packages/airflow/example_dags/example_xcomargs.py
[2026-09-23 11:46:38,807] {scheduler_job.py:629} INFO - Processing file /home/airflow/.local/lib/python3.6/site-packages/airflow/example_dags/example_xcomargs.py for tasks to queue
[2026-09-23 11:46:38,809] {logging_mixin.py:104} INFO - [2026-09-23 11:46:38,809] {dagbag.py:451} INFO - Filling up the DagBag from /home/airflow/.local/lib/python3.6/site-packages/airflow/example_dags/example_xcomargs.py
[2026-09-23 11:46:38,844] {scheduler_job.py:639} INFO - DAG(s) dict_keys(['example_xcom_args', 'example_xcom_args_with_operators']) retrieved from /home/airflow/.local/lib/python3.6/site-packages/airflow/example_dags/example_xcomargs.py
[2026-09-23 11:46:38,885] {logging_mixin.py:104} INFO - [2026-09-23 11:46:38,885] {dag.py:1824} INFO - Sync 2 DAGs
[2026-09-23 11:46:38,917] {logging_mixin.py:104} INFO - [2026-09-23 11:46:38,917] {dag.py:2280} INFO - Setting next_dagrun for example_xcom_args to None
[2026-09-23 11:46:38,919] {logging_mixin.py:104} INFO - [2026-09-23 11:46:38,918] {dag.py:2280} INFO - Setting next_dagrun for example_xcom_args_with_operators to None
[2026-09-23 11:46:38,946] {scheduler_job.py:190} INFO - Processing /home/airflow/.local/lib/python3.6/site-packages/airflow/example_dags/example_xcomargs.py took 0.151 seconds
[2026-09-23 11:47:09,697] {scheduler_job.py:182} INFO - Started process (PID=1309) to work on /home/airflow/.local/lib/python3.6/site-packages/airflow/example_dags/example_xcomargs.py
[2026-09-23 11:47:09,700] {scheduler_job.py:629} INFO - Processing file /home/airflow/.local/lib/python3.6/site-packages/airflow/example_dags/example_xcomargs.py for tasks to queue
[2026-09-23 11:47:09,701] {logging_mixin.py:104} INFO - [2026-09-23 11:47:09,701] {dagbag.py:451} INFO - Filling up the DagBag from /home/airflow/.local/lib/python3.6/site-packages/airflow/example_dags/example_xcomargs.py
[2026-09-23 11:47:09,720] {scheduler_job.py:639} INFO - DAG(s) dict_keys(['example_xcom_args', 'example_xcom_args_with_operators']) retrieved from /home/airflow/.local/lib/python3.6/site-packages/airflow/example_dags/example_xcomargs.py
[2026-09-23 11:47:09,752] {logging_mixin.py:104} INFO - [2026-09-23 11:47:09,751] {dag.py:1824} INFO - Sync 2 DAGs
[2026-09-23 11:47:09,770] {logging_mixin.py:104} INFO - [2026-09-23 11:47:09,770] {dag.py:2280} INFO - Setting next_dagrun for example_xcom_args to None
[2026-09-23 11:47:09,771] {logging_mixin.py:104} INFO - [2026-09-23 11:47:09,771] {dag.py:2280} INFO - Setting next_dagrun for example_xcom_args_with_operators to None
[2026-09-23 11:47:09,789] {scheduler_job.py:190} INFO - Processing /home/airflow/.local/lib/python3.6/site-packages/airflow/example_dags/example_xcomargs.py took 0.096 seconds
[2026-09-23 11:47:40,895] {scheduler_job.py:182} INFO - Started process (PID=1335) to work on /home/airflow/.local/lib/python3.6/site-packages/airflow/example_dags/example_xcomargs.py
[2026-09-23 11:47:40,898] {scheduler_job.py:629} INFO - Processing file /home/airflow/.local/lib/python3.6/site-packages/airflow/example_dags/example_xcomargs.py for tasks to queue
[2026-09-23 11:47:40,899] {logging_mixin.py:104} INFO - [2026-09-23 11:47:40,899] {dagbag.py:451} INFO - Filling up the DagBag from /home/airflow/.local/lib/python3.6/site-packages/airflow/example_dags/example_xcomargs.py
[2026-09-23 11:47:40,939] {scheduler_job.py:639} INFO - DAG(s) dict_keys(['example_xcom_args', 'example_xcom_args_with_operators']) retrieved from /home/airflow/.local/lib/python3.6/site-packages/airflow/example_dags/example_xcomargs.py
[2026-09-23 11:47:41,013] {logging_mixin.py:104} INFO - [2026-09-23 11:47:41,013] {dag.py:1824} INFO - Sync 2 DAGs
[2026-09-23 11:47:41,060] {logging_mixin.py:104} INFO - [2026-09-23 11:47:41,060] {dag.py:2280} INFO - Setting next_dagrun for example_xcom_args to None
[2026-09-23 11:47:41,062] {logging_mixin.py:104} INFO - [2026-09-23 11:47:41,062] {dag.py:2280} INFO - Setting next_dagrun for example_xcom_args_with_operators to None
[2026-09-23 11:47:41,093] {scheduler_job.py:190} INFO - Processing /home/airflow/.local/lib/python3.6/site-packages/airflow/example_dags/example_xcomargs.py took 0.204 seconds
[2026-09-23 11:48:11,385] {scheduler_job.py:182} INFO - Started process (PID=1360) to work on /home/airflow/.local/lib/python3.6/site-packages/airflow/example_dags/example_xcomargs.py
[2026-09-23 11:48:11,389] {scheduler_job.py:629} INFO - Processing file /home/airflow/.local/lib/python3.6/site-packages/airflow/example_dags/example_xcomargs.py for tasks to queue
[2026-09-23 11:48:11,390] {logging_mixin.py:104} INFO - [2026-09-23 11:48:11,390] {dagbag.py:451} INFO - Filling up the DagBag from /home/airflow/.local/lib/python3.6/site-packages/airflow/example_dags/example_xcomargs.py
[2026-09-23 11:48:11,423] {scheduler_job.py:639} INFO - DAG(s) dict_keys(['example_xcom_args', 'example_xcom_args_with_operators']) retrieved from /home/airflow/.local/lib/python3.6/site-packages/airflow/example_dags/example_xcomargs.py
[2026-09-23 11:48:11,508] {logging_mixin.py:104} INFO - [2026-09-23 11:48:11,508] {dag.py:1824} INFO - Sync 2 DAGs
[2026-09-23 11:48:11,537] {logging_mixin.py:104} INFO - [2026-09-23 11:48:11,537] {dag.py:2280} INFO - Setting next_dagrun for example_xcom_args to None
[2026-09-23 11:48:11,539] {logging_mixin.py:104} INFO - [2026-09-23 11:48:11,539] {dag.py:2280} INFO - Setting next_dagrun for example_xcom_args_with_operators to None
[2026-09-23 11:48:11,564] {scheduler_job.py:190} INFO - Processing /home/airflow/.local/lib/python3.6/site-packages/airflow/example_dags/example_xcomargs.py took 0.190 seconds
[2026-09-23 11:48:42,354] {scheduler_job.py:182} INFO - Started process (PID=1387) to work on /home/airflow/.local/lib/python3.6/site-packages/airflow/example_dags/example_xcomargs.py
[2026-09-23 11:48:42,356] {scheduler_job.py:629} INFO - Processing file /home/airflow/.local/lib/python3.6/site-packages/airflow/example_dags/example_xcomargs.py for tasks to queue
[2026-09-23 11:48:42,356] {logging_mixin.py:104} INFO - [2026-09-23 11:48:42,356] {dagbag.py:451} INFO - Filling up the DagBag from /home/airflow/.local/lib/python3.6/site-packages/airflow/example_dags/example_xcomargs.py
[2026-09-23 11:48:42,377] {scheduler_job.py:639} INFO - DAG(s) dict_keys(['example_xcom_args', 'example_xcom_args_with_operators']) retrieved from /home/airflow/.local/lib/python3.6/site-packages/airflow/example_dags/example_xcomargs.py
[2026-09-23 11:48:42,418] {logging_mixin.py:104} INFO - [2026-09-23 11:48:42,418] {dag.py:1824} INFO - Sync 2 DAGs
[2026-09-23 11:48:42,440] {logging_mixin.py:104} INFO - [2026-09-23 11:48:42,440] {dag.py:2280} INFO - Setting next_dagrun for example_xcom_args to None
[2026-09-23 11:48:42,441] {logging_mixin.py:104} INFO - [2026-09-23 11:48:42,441] {dag.py:2280} INFO - Setting next_dagrun for example_xcom_args_with_operators to None
[2026-09-23 11:48:42,458] {scheduler_job.py:190} INFO - Processing /home/airflow/.local/lib/python3.6/site-packages/airflow/example_dags/example_xcomargs.py took 0.109 seconds
[2026-09-23 11:49:13,180] {scheduler_job.py:182} INFO - Started process (PID=1413) to work on /home/airflow/.local/lib/python3.6/site-packages/airflow/example_dags/example_xcomargs.py
[2026-09-23 11:49:13,182] {scheduler_job.py:629} INFO - Processing file /home/airflow/.local/lib/python3.6/site-packages/airflow/example_dags/example_xcomargs.py for tasks to queue
[2026-09-23 11:49:13,184] {logging_mixin.py:104} INFO - [2026-09-23 11:49:13,183] {dagbag.py:451} INFO - Filling up the DagBag from /home/airflow/.local/lib/python3.6/site-packages/airflow/example_dags/example_xcomargs.py
[2026-09-23 11:49:13,213] {scheduler_job.py:639} INFO - DAG(s) dict_keys(['example_xcom_args', 'example_xcom_args_with_operators']) retrieved from /home/airflow/.local/lib/python3.6/site-packages/airflow/example_dags/example_xcomargs.py
[2026-09-23 11:49:13,287] {logging_mixin.py:104} INFO - [2026-09-23 11:49:13,287] {dag.py:1824} INFO - Sync 2 DAGs
[2026-09-23 11:49:13,351] {logging_mixin.py:104} INFO - [2026-09-23 11:49:13,350] {dag.py:2280} INFO - Setting next_dagrun for example_xcom_args to None
[2026-09-23 11:49:13,355] {logging_mixin.py:104} INFO - [2026-09-23 11:49:13,355] {dag.py:2280} INFO - Setting next_dagrun for example_xcom_args_with_operators to None
[2026-09-23 11:49:13,392] {scheduler_job.py:190} INFO - Processing /home/airflow/.local/lib/python3.6/site-packages/airflow/example_dags/example_xcomargs.py took 0.218 seconds
[2026-09-23 11:49:44,026] {scheduler_job.py:182} INFO - Started process (PID=1439) to work on /home/airflow/.local/lib/python3.6/site-packages/airflow/example_dags/example_xcomargs.py
[2026-09-23 11:49:44,027] {scheduler_job.py:629} INFO - Processing file /home/airflow/.local/lib/python3.6/site-packages/airflow/example_dags/example_xcomargs.py for tasks to queue
[2026-09-23 11:49:44,028] {logging_mixin.py:104} INFO - [2026-09-23 11:49:44,028] {dagbag.py:451} INFO - Filling up the DagBag from /home/airflow/.local/lib/python3.6/site-packages/airflow/example_dags/example_xcomargs.py
[2026-09-23 11:49:44,051] {scheduler_job.py:639} INFO - DAG(s) dict_keys(['example_xcom_args', 'example_xcom_args_with_operators']) retrieved from /home/airflow/.local/lib/python3.6/site-packages/airflow/example_dags/example_xcomargs.py
[2026-09-23 11:49:44,095] {logging_mixin.py:104} INFO - [2026-09-23 11:49:44,095] {dag.py:1824} INFO - Sync 2 DAGs
[2026-09-23 11:49:44,117] {logging_mixin.py:104} INFO - [2026-09-23 11:49:44,117] {dag.py:2280} INFO - Setting next_dagrun for example_xcom_args to None
[2026-09-23 11:49:44,119] {logging_mixin.py:104} INFO - [2026-09-23 11:49:44,119] {dag.py:2280} INFO - Setting next_dagrun for example_xcom_args_with_operators to None
[2026-09-23 11:49:44,140] {scheduler_job.py:190} INFO - Processing /home/airflow/.local/lib/python3.6/site-packages/airflow/example_dags/example_xcomargs.py took 0.118 seconds
[2026-09-23 11:50:15,099] {scheduler_job.py:182} INFO - Started process (PID=1469) to work on /home/airflow/.local/lib/python3.6/site-packages/airflow/example_dags/example_xcomargs.py
[2026-09-23 11:50:15,100] {scheduler_job.py:629} INFO - Processing file /home/airflow/.local/lib/python3.6/site-packages/airflow/example_dags/example_xcomargs.py for tasks to queue
[2026-09-23 11:50:15,102] {logging_mixin.py:104} INFO - [2026-09-23 11:50:15,101] {dagbag.py:451} INFO - Filling up the DagBag from /home/airflow/.local/lib/python3.6/site-packages/airflow/example_dags/example_xcomargs.py
[2026-09-23 11:50:15,129] {scheduler_job.py:639} INFO - DAG(s) dict_keys(['example_xcom_args', 'example_xcom_args_with_operators']) retrieved from /home/airflow/.local/lib/python3.6/site-packages/airflow/example_dags/example_xcomargs.py
[2026-09-23 11:50:15,172] {logging_mixin.py:104} INFO - [2026-09-23 11:50:15,172] {dag.py:1824} INFO - Sync 2 DAGs
[2026-09-23 11:50:15,196] {logging_mixin.py:104} INFO - [2026-09-23 11:50:15,196] {dag.py:2280} INFO - Setting next_dagrun for example_xcom_args to None
[2026-09-23 11:50:15,197] {logging_mixin.py:104} INFO - [2026-09-23 11:50:15,197] {dag.py:2280} INFO - Setting next_dagrun for example_xcom_args_with_operators to None
[2026-09-23 11:50:15,217] {scheduler_job.py:190} INFO - Processing /home/airflow/.local/lib/python3.6/site-packages/airflow/example_dags/example_xcomargs.py took 0.123 seconds
[2026-09-23 11:50:45,972] {scheduler_job.py:182} INFO - Started process (PID=1495) to work on /home/airflow/.local/lib/python3.6/site-packages/airflow/example_dags/example_xcomargs.py
[2026-09-23 11:50:45,974] {scheduler_job.py:629} INFO - Processing file /home/airflow/.local/lib/python3.6/site-packages/airflow/example_dags/example_xcomargs.py for tasks to queue
[2026-09-23 11:50:45,975] {logging_mixin.py:104} INFO - [2026-09-23 11:50:45,975] {dagbag.py:451} INFO - Filling up the DagBag from /home/airflow/.local/lib/python3.6/site-packages/airflow/example_dags/example_xcomargs.py
[2026-09-23 11:50:46,003] {scheduler_job.py:639} INFO - DAG(s) dict_keys(['example_xcom_args', 'example_xcom_args_with_operators']) retrieved from /home/airflow/.local/lib/python3.6/site-packages/airflow/example_dags/example_xcomargs.py
[2026-09-23 11:50:46,047] {logging_mixin.py:104} INFO - [2026-09-23 11:50:46,047] {dag.py:1824} INFO - Sync 2 DAGs
[2026-09-23 11:50:46,072] {logging_mixin.py:104} INFO - [2026-09-23 11:50:46,072] {dag.py:2280} INFO - Setting next_dagrun for example_xcom_args to None
[2026-09-23 11:50:46,074] {logging_mixin.py:104} INFO - [2026-09-23 11:50:46,073] {dag.py:2280} INFO - Setting next_dagrun for example_xcom_args_with_operators to None
[2026-09-23 11:50:46,092] {scheduler_job.py:190} INFO - Processing /home/airflow/.local/lib/python3.6/site-packages/airflow/example_dags/example_xcomargs.py took 0.125 seconds
[2026-09-23 11:51:16,639] {scheduler_job.py:182} INFO - Started process (PID=1521) to work on /home/airflow/.local/lib/python3.6/site-packages/airflow/example_dags/example_xcomargs.py
[2026-09-23 11:51:16,641] {scheduler_job.py:629} INFO - Processing file /home/airflow/.local/lib/python3.6/site-packages/airflow/example_dags/example_xcomargs.py for tasks to queue
[2026-09-23 11:51:16,642] {logging_mixin.py:104} INFO - [2026-09-23 11:51:16,642] {dagbag.py:451} INFO - Filling up the DagBag from /home/airflow/.local/lib/python3.6/site-packages/airflow/example_dags/example_xcomargs.py
[2026-09-23 11:51:16,667] {scheduler_job.py:639} INFO - DAG(s) dict_keys(['example_xcom_args', 'example_xcom_args_with_operators']) retrieved from /home/airflow/.local/lib/python3.6/site-packages/airflow/example_dags/example_xcomargs.py
[2026-09-23 11:51:16,716] {logging_mixin.py:104} INFO - [2026-09-23 11:51:16,716] {dag.py:1824} INFO - Sync 2 DAGs
[2026-09-23 11:51:16,748] {logging_mixin.py:104} INFO - [2026-09-23 11:51:16,747] {dag.py:2280} INFO - Setting next_dagrun for example_xcom_args to None
[2026-09-23 11:51:16,749] {logging_mixin.py:104} INFO - [2026-09-23 11:51:16,749] {dag.py:2280} INFO - Setting next_dagrun for example_xcom_args_with_operators to None
[2026-09-23 11:51:16,772] {scheduler_job.py:190} INFO - Processing /home/airflow/.local/lib/python3.6/site-packages/airflow/example_dags/example_xcomargs.py took 0.138 seconds
[2026-09-23 11:51:47,709] {scheduler_job.py:182} INFO - Started process (PID=1547) to work on /home/airflow/.local/lib/python3.6/site-packages/airflow/example_dags/example_xcomargs.py
[2026-09-23 11:51:47,710] {scheduler_job.py:629} INFO - Processing file /home/airflow/.local/lib/python3.6/site-packages/airflow/example_dags/example_xcomargs.py for tasks to queue
[2026-09-23 11:51:47,711] {logging_mixin.py:104} INFO - [2026-09-23 11:51:47,711] {dagbag.py:451} INFO - Filling up the DagBag from /home/airflow/.local/lib/python3.6/site-packages/airflow/example_dags/example_xcomargs.py
[2026-09-23 11:51:47,739] {scheduler_job.py:639} INFO - DAG(s) dict_keys(['example_xcom_args', 'example_xcom_args_with_operators']) retrieved from /home/airflow/.local/lib/python3.6/site-packages/airflow/example_dags/example_xcomargs.py
[2026-09-23 11:51:47,784] {logging_mixin.py:104} INFO - [2026-09-23 11:51:47,784] {dag.py:1824} INFO - Sync 2 DAGs
[2026-09-23 11:51:47,808] {logging_mixin.py:104} INFO - [2026-09-23 11:51:47,808] {dag.py:2280} INFO - Setting next_dagrun for example_xcom_args to None
[2026-09-23 11:51:47,810] {logging_mixin.py:104} INFO - [2026-09-23 11:51:47,809] {dag.py:2280} INFO - Setting next_dagrun for example_xcom_args_with_operators to None
[2026-09-23 11:51:47,833] {scheduler_job.py:190} INFO - Processing /home/airflow/.local/lib/python3.6/site-packages/airflow/example_dags/example_xcomargs.py took 0.128 seconds
[2026-09-23 11:52:18,647] {scheduler_job.py:182} INFO - Started process (PID=1573) to work on /home/airflow/.local/lib/python3.6/site-packages/airflow/example_dags/example_xcomargs.py
[2026-09-23 11:52:18,649] {scheduler_job.py:629} INFO - Processing file /home/airflow/.local/lib/python3.6/site-packages/airflow/example_dags/example_xcomargs.py for tasks to queue
[2026-09-23 11:52:18,651] {logging_mixin.py:104} INFO - [2026-09-23 11:52:18,650] {dagbag.py:451} INFO - Filling up the DagBag from /home/airflow/.local/lib/python3.6/site-packages/airflow/example_dags/example_xcomargs.py
[2026-09-23 11:52:18,695] {scheduler_job.py:639} INFO - DAG(s) dict_keys(['example_xcom_args', 'example_xcom_args_with_operators']) retrieved from /home/airflow/.local/lib/python3.6/site-packages/airflow/example_dags/example_xcomargs.py
[2026-09-23 11:52:18,755] {logging_mixin.py:104} INFO - [2026-09-23 11:52:18,755] {dag.py:1824} INFO - Sync 2 DAGs
[2026-09-23 11:52:18,793] {logging_mixin.py:104} INFO - [2026-09-23 11:52:18,792] {dag.py:2280} INFO - Setting next_dagrun for example_xcom_args to None
[2026-09-23 11:52:18,795] {logging_mixin.py:104} INFO - [2026-09-23 11:52:18,795] {dag.py:2280} INFO - Setting next_dagrun for example_xcom_args_with_operators to None
[2026-09-23 11:52:18,826] {scheduler_job.py:190} INFO - Processing /home/airflow/.local/lib/python3.6/site-packages/airflow/example_dags/example_xcomargs.py took 0.185 seconds
[2026-09-23 11:52:49,073] {scheduler_job.py:182} INFO - Started process (PID=1600) to work on /home/airflow/.local/lib/python3.6/site-packages/airflow/example_dags/example_xcomargs.py
[2026-09-23 11:52:49,076] {scheduler_job.py:629} INFO - Processing file /home/airflow/.local/lib/python3.6/site-packages/airflow/example_dags/example_xcomargs.py for tasks to queue
[2026-09-23 11:52:49,078] {logging_mixin.py:104} INFO - [2026-09-23 11:52:49,077] {dagbag.py:451} INFO - Filling up the DagBag from /home/airflow/.local/lib/python3.6/site-packages/airflow/example_dags/example_xcomargs.py
[2026-09-23 11:52:49,153] {scheduler_job.py:639} INFO - DAG(s) dict_keys(['example_xcom_args', 'example_xcom_args_with_operators']) retrieved from /home/airflow/.local/lib/python3.6/site-packages/airflow/example_dags/example_xcomargs.py
[2026-09-23 11:52:49,220] {logging_mixin.py:104} INFO - [2026-09-23 11:52:49,220] {dag.py:1824} INFO - Sync 2 DAGs
[2026-09-23 11:52:49,259] {logging_mixin.py:104} INFO - [2026-09-23 11:52:49,258] {dag.py:2280} INFO - Setting next_dagrun for example_xcom_args to None
[2026-09-23 11:52:49,261] {logging_mixin.py:104} INFO - [2026-09-23 11:52:49,261] {dag.py:2280} INFO - Setting next_dagrun for example_xcom_args_with_operators to None
[2026-09-23 11:52:49,294] {scheduler_job.py:190} INFO - Processing /home/airflow/.local/lib/python3.6/site-packages/airflow/example_dags/example_xcomargs.py took 0.227 seconds
[2026-09-23 11:53:19,409] {scheduler_job.py:182} INFO - Started process (PID=1626) to work on /home/airflow/.local/lib/python3.6/site-packages/airflow/example_dags/example_xcomargs.py
[2026-09-23 11:53:19,411] {scheduler_job.py:629} INFO - Processing file /home/airflow/.local/lib/python3.6/site-packages/airflow/example_dags/example_xcomargs.py for tasks to queue
[2026-09-23 11:53:19,411] {logging_mixin.py:104} INFO - [2026-09-23 11:53:19,411] {dagbag.py:451} INFO - Filling up the DagBag from /home/airflow/.local/lib/python3.6/site-packages/airflow/example_dags/example_xcomargs.py
[2026-09-23 11:53:19,434] {scheduler_job.py:639} INFO - DAG(s) dict_keys(['example_xcom_args', 'example_xcom_args_with_operators']) retrieved from /home/airflow/.local/lib/python3.6/site-packages/airflow/example_dags/example_xcomargs.py
[2026-09-23 11:53:19,477] {logging_mixin.py:104} INFO - [2026-09-23 11:53:19,476] {dag.py:1824} INFO - Sync 2 DAGs
[2026-09-23 11:53:19,508] {logging_mixin.py:104} INFO - [2026-09-23 11:53:19,508] {dag.py:2280} INFO - Setting next_dagrun for example_xcom_args to None
[2026-09-23 11:53:19,510] {logging_mixin.py:104} INFO - [2026-09-23 11:53:19,510] {dag.py:2280} INFO - Setting next_dagrun for example_xcom_args_with_operators to None
[2026-09-23 11:53:19,534] {scheduler_job.py:190} INFO - Processing /home/airflow/.local/lib/python3.6/site-packages/airflow/example_dags/example_xcomargs.py took 0.128 seconds
[2026-09-23 11:53:49,569] {scheduler_job.py:182} INFO - Started process (PID=1652) to work on /home/airflow/.local/lib/python3.6/site-packages/airflow/example_dags/example_xcomargs.py
[2026-09-23 11:53:49,571] {scheduler_job.py:629} INFO - Processing file /home/airflow/.local/lib/python3.6/site-packages/airflow/example_dags/example_xcomargs.py for tasks to queue
[2026-09-23 11:53:49,572] {logging_mixin.py:104} INFO - [2026-09-23 11:53:49,571] {dagbag.py:451} INFO - Filling up the DagBag from /home/airflow/.local/lib/python3.6/site-packages/airflow/example_dags/example_xcomargs.py
[2026-09-23 11:53:49,597] {scheduler_job.py:639} INFO - DAG(s) dict_keys(['example_xcom_args', 'example_xcom_args_with_operators']) retrieved from /home/airflow/.local/lib/python3.6/site-packages/airflow/example_dags/example_xcomargs.py
[2026-09-23 11:53:49,636] {logging_mixin.py:104} INFO - [2026-09-23 11:53:49,636] {dag.py:1824} INFO - Sync 2 DAGs
[2026-09-23 11:53:49,668] {logging_mixin.py:104} INFO - [2026-09-23 11:53:49,667] {dag.py:2280} INFO - Setting next_dagrun for example_xcom_args to None
[2026-09-23 11:53:49,669] {logging_mixin.py:104} INFO - [2026-09-23 11:53:49,669] {dag.py:2280} INFO - Setting next_dagrun for example_xcom_args_with_operators to None
[2026-09-23 11:53:49,688] {scheduler_job.py:190} INFO - Processing /home/airflow/.local/lib/python3.6/site-packages/airflow/example_dags/example_xcomargs.py took 0.122 seconds
[2026-09-23 11:54:20,329] {scheduler_job.py:182} INFO - Started process (PID=1678) to work on /home/airflow/.local/lib/python3.6/site-packages/airflow/example_dags/example_xcomargs.py
[2026-09-23 11:54:20,331] {scheduler_job.py:629} INFO - Processing file /home/airflow/.local/lib/python3.6/site-packages/airflow/example_dags/example_xcomargs.py for tasks to queue
[2026-09-23 11:54:20,335] {logging_mixin.py:104} INFO - [2026-09-23 11:54:20,335] {dagbag.py:451} INFO - Filling up the DagBag from /home/airflow/.local/lib/python3.6/site-packages/airflow/example_dags/example_xcomargs.py
[2026-09-23 11:54:20,364] {scheduler_job.py:639} INFO - DAG(s) dict_keys(['example_xcom_args', 'example_xcom_args_with_operators']) retrieved from /home/airflow/.local/lib/python3.6/site-packages/airflow/example_dags/example_xcomargs.py
[2026-09-23 11:54:20,419] {logging_mixin.py:104} INFO - [2026-09-23 11:54:20,418] {dag.py:1824} INFO - Sync 2 DAGs
[2026-09-23 11:54:20,451] {logging_mixin.py:104} INFO - [2026-09-23 11:54:20,451] {dag.py:2280} INFO - Setting next_dagrun for example_xcom_args to None
[2026-09-23 11:54:20,453] {logging_mixin.py:104} INFO - [2026-09-23 11:54:20,453] {dag.py:2280} INFO - Setting next_dagrun for example_xcom_args_with_operators to None
[2026-09-23 11:54:20,476] {scheduler_job.py:190} INFO - Processing /home/airflow/.local/lib/python3.6/site-packages/airflow/example_dags/example_xcomargs.py took 0.153 seconds
[2026-09-23 11:54:50,598] {scheduler_job.py:182} INFO - Started process (PID=1704) to work on /home/airflow/.local/lib/python3.6/site-packages/airflow/example_dags/example_xcomargs.py
[2026-09-23 11:54:50,599] {scheduler_job.py:629} INFO - Processing file /home/airflow/.local/lib/python3.6/site-packages/airflow/example_dags/example_xcomargs.py for tasks to queue
[2026-09-23 11:54:50,600] {logging_mixin.py:104} INFO - [2026-09-23 11:54:50,600] {dagbag.py:451} INFO - Filling up the DagBag from /home/airflow/.local/lib/python3.6/site-packages/airflow/example_dags/example_xcomargs.py
[2026-09-23 11:54:50,620] {scheduler_job.py:639} INFO - DAG(s) dict_keys(['example_xcom_args', 'example_xcom_args_with_operators']) retrieved from /home/airflow/.local/lib/python3.6/site-packages/airflow/example_dags/example_xcomargs.py
[2026-09-23 11:54:50,668] {logging_mixin.py:104} INFO - [2026-09-23 11:54:50,667] {dag.py:1824} INFO - Sync 2 DAGs
[2026-09-23 11:54:50,695] {logging_mixin.py:104} INFO - [2026-09-23 11:54:50,695] {dag.py:2280} INFO - Setting next_dagrun for example_xcom_args to None
[2026-09-23 11:54:50,696] {logging_mixin.py:104} INFO - [2026-09-23 11:54:50,696] {dag.py:2280} INFO - Setting next_dagrun for example_xcom_args_with_operators to None
[2026-09-23 11:54:50,721] {scheduler_job.py:190} INFO - Processing /home/airflow/.local/lib/python3.6/site-packages/airflow/example_dags/example_xcomargs.py took 0.128 seconds
[2026-09-23 11:55:20,840] {scheduler_job.py:182} INFO - Started process (PID=1731) to work on /home/airflow/.local/lib/python3.6/site-packages/airflow/example_dags/example_xcomargs.py
[2026-09-23 11:55:20,841] {scheduler_job.py:629} INFO - Processing file /home/airflow/.local/lib/python3.6/site-packages/airflow/example_dags/example_xcomargs.py for tasks to queue
[2026-09-23 11:55:20,842] {logging_mixin.py:104} INFO - [2026-09-23 11:55:20,842] {dagbag.py:451} INFO - Filling up the DagBag from /home/airflow/.local/lib/python3.6/site-packages/airflow/example_dags/example_xcomargs.py
[2026-09-23 11:55:20,866] {scheduler_job.py:639} INFO - DAG(s) dict_keys(['example_xcom_args', 'example_xcom_args_with_operators']) retrieved from /home/airflow/.local/lib/python3.6/site-packages/airflow/example_dags/example_xcomargs.py
[2026-09-23 11:55:20,915] {logging_mixin.py:104} INFO - [2026-09-23 11:55:20,914] {dag.py:1824} INFO - Sync 2 DAGs
[2026-09-23 11:55:20,945] {logging_mixin.py:104} INFO - [2026-09-23 11:55:20,945] {dag.py:2280} INFO - Setting next_dagrun for example_xcom_args to None
[2026-09-23 11:55:20,947] {logging_mixin.py:104} INFO - [2026-09-23 11:55:20,947] {dag.py:2280} INFO - Setting next_dagrun for example_xcom_args_with_operators to None
[2026-09-23 11:55:20,966] {scheduler_job.py:190} INFO - Processing /home/airflow/.local/lib/python3.6/site-packages/airflow/example_dags/example_xcomargs.py took 0.130 seconds
[2026-09-23 11:55:51,461] {scheduler_job.py:182} INFO - Started process (PID=1756) to work on /home/airflow/.local/lib/python3.6/site-packages/airflow/example_dags/example_xcomargs.py
[2026-09-23 11:55:51,463] {scheduler_job.py:629} INFO - Processing file /home/airflow/.local/lib/python3.6/site-packages/airflow/example_dags/example_xcomargs.py for tasks to queue
[2026-09-23 11:55:51,463] {logging_mixin.py:104} INFO - [2026-09-23 11:55:51,463] {dagbag.py:451} INFO - Filling up the DagBag from /home/airflow/.local/lib/python3.6/site-packages/airflow/example_dags/example_xcomargs.py
[2026-09-23 11:55:51,484] {scheduler_job.py:639} INFO - DAG(s) dict_keys(['example_xcom_args', 'example_xcom_args_with_operators']) retrieved from /home/airflow/.local/lib/python3.6/site-packages/airflow/example_dags/example_xcomargs.py
[2026-09-23 11:55:51,531] {logging_mixin.py:104} INFO - [2026-09-23 11:55:51,531] {dag.py:1824} INFO - Sync 2 DAGs
[2026-09-23 11:55:51,559] {logging_mixin.py:104} INFO - [2026-09-23 11:55:51,559] {dag.py:2280} INFO - Setting next_dagrun for example_xcom_args to None
[2026-09-23 11:55:51,561] {logging_mixin.py:104} INFO - [2026-09-23 11:55:51,560] {dag.py:2280} INFO - Setting next_dagrun for example_xcom_args_with_operators to None
[2026-09-23 11:55:51,587] {scheduler_job.py:190} INFO - Processing /home/airflow/.local/lib/python3.6/site-packages/airflow/example_dags/example_xcomargs.py took 0.131 seconds
[2026-09-23 11:56:22,127] {scheduler_job.py:182} INFO - Started process (PID=1782) to work on /home/airflow/.local/lib/python3.6/site-packages/airflow/example_dags/example_xcomargs.py
[2026-09-23 11:56:22,128] {scheduler_job.py:629} INFO - Processing file /home/airflow/.local/lib/python3.6/site-packages/airflow/example_dags/example_xcomargs.py for tasks to queue
[2026-09-23 11:56:22,129] {logging_mixin.py:104} INFO - [2026-09-23 11:56:22,129] {dagbag.py:451} INFO - Filling up the DagBag from /home/airflow/.local/lib/python3.6/site-packages/airflow/example_dags/example_xcomargs.py
[2026-09-23 11:56:22,157] {scheduler_job.py:639} INFO - DAG(s) dict_keys(['example_xcom_args', 'example_xcom_args_with_operators']) retrieved from /home/airflow/.local/lib/python3.6/site-packages/airflow/example_dags/example_xcomargs.py
[2026-09-23 11:56:22,256] {logging_mixin.py:104} INFO - [2026-09-23 11:56:22,254] {dag.py:1824} INFO - Sync 2 DAGs
[2026-09-23 11:56:22,301] {logging_mixin.py:104} INFO - [2026-09-23 11:56:22,301] {dag.py:2280} INFO - Setting next_dagrun for example_xcom_args to None
[2026-09-23 11:56:22,303] {logging_mixin.py:104} INFO - [2026-09-23 11:56:22,303] {dag.py:2280} INFO - Setting next_dagrun for example_xcom_args_with_operators to None
[2026-09-23 11:56:22,338] {scheduler_job.py:190} INFO - Processing /home/airflow/.local/lib/python3.6/site-packages/airflow/example_dags/example_xcomargs.py took 0.216 seconds
[2026-09-23 11:56:52,986] {scheduler_job.py:182} INFO - Started process (PID=1808) to work on /home/airflow/.local/lib/python3.6/site-packages/airflow/example_dags/example_xcomargs.py
[2026-09-23 11:56:52,989] {scheduler_job.py:629} INFO - Processing file /home/airflow/.local/lib/python3.6/site-packages/airflow/example_dags/example_xcomargs.py for tasks to queue
[2026-09-23 11:56:52,989] {logging_mixin.py:104} INFO - [2026-09-23 11:56:52,989] {dagbag.py:451} INFO - Filling up the DagBag from /home/airflow/.local/lib/python3.6/site-packages/airflow/example_dags/example_xcomargs.py
[2026-09-23 11:56:53,011] {scheduler_job.py:639} INFO - DAG(s) dict_keys(['example_xcom_args', 'example_xcom_args_with_operators']) retrieved from /home/airflow/.local/lib/python3.6/site-packages/airflow/example_dags/example_xcomargs.py
[2026-09-23 11:56:53,052] {logging_mixin.py:104} INFO - [2026-09-23 11:56:53,051] {dag.py:1824} INFO - Sync 2 DAGs
[2026-09-23 11:56:53,072] {logging_mixin.py:104} INFO - [2026-09-23 11:56:53,072] {dag.py:2280} INFO - Setting next_dagrun for example_xcom_args to None
[2026-09-23 11:56:53,073] {logging_mixin.py:104} INFO - [2026-09-23 11:56:53,073] {dag.py:2280} INFO - Setting next_dagrun for example_xcom_args_with_operators to None
[2026-09-23 11:56:53,091] {scheduler_job.py:190} INFO - Processing /home/airflow/.local/lib/python3.6/site-packages/airflow/example_dags/example_xcomargs.py took 0.109 seconds
[2026-09-23 11:57:23,579] {scheduler_job.py:182} INFO - Started process (PID=1834) to work on /home/airflow/.local/lib/python3.6/site-packages/airflow/example_dags/example_xcomargs.py
[2026-09-23 11:57:23,580] {scheduler_job.py:629} INFO - Processing file /home/airflow/.local/lib/python3.6/site-packages/airflow/example_dags/example_xcomargs.py for tasks to queue
[2026-09-23 11:57:23,581] {logging_mixin.py:104} INFO - [2026-09-23 11:57:23,581] {dagbag.py:451} INFO - Filling up the DagBag from /home/airflow/.local/lib/python3.6/site-packages/airflow/example_dags/example_xcomargs.py
[2026-09-23 11:57:23,599] {scheduler_job.py:639} INFO - DAG(s) dict_keys(['example_xcom_args', 'example_xcom_args_with_operators']) retrieved from /home/airflow/.local/lib/python3.6/site-packages/airflow/example_dags/example_xcomargs.py
[2026-09-23 11:57:23,633] {logging_mixin.py:104} INFO - [2026-09-23 11:57:23,633] {dag.py:1824} INFO - Sync 2 DAGs
[2026-09-23 11:57:23,653] {logging_mixin.py:104} INFO - [2026-09-23 11:57:23,653] {dag.py:2280} INFO - Setting next_dagrun for example_xcom_args to None
[2026-09-23 11:57:23,654] {logging_mixin.py:104} INFO - [2026-09-23 11:57:23,654] {dag.py:2280} INFO - Setting next_dagrun for example_xcom_args_with_operators to None
[2026-09-23 11:57:23,671] {scheduler_job.py:190} INFO - Processing /home/airflow/.local/lib/python3.6/site-packages/airflow/example_dags/example_xcomargs.py took 0.096 seconds
[2026-09-23 11:57:54,459] {scheduler_job.py:182} INFO - Started process (PID=1860) to work on /home/airflow/.local/lib/python3.6/site-packages/airflow/example_dags/example_xcomargs.py
[2026-09-23 11:57:54,461] {scheduler_job.py:629} INFO - Processing file /home/airflow/.local/lib/python3.6/site-packages/airflow/example_dags/example_xcomargs.py for tasks to queue
[2026-09-23 11:57:54,462] {logging_mixin.py:104} INFO - [2026-09-23 11:57:54,462] {dagbag.py:451} INFO - Filling up the DagBag from /home/airflow/.local/lib/python3.6/site-packages/airflow/example_dags/example_xcomargs.py
[2026-09-23 11:57:54,496] {scheduler_job.py:639} INFO - DAG(s) dict_keys(['example_xcom_args', 'example_xcom_args_with_operators']) retrieved from /home/airflow/.local/lib/python3.6/site-packages/airflow/example_dags/example_xcomargs.py
[2026-09-23 11:57:54,554] {logging_mixin.py:104} INFO - [2026-09-23 11:57:54,553] {dag.py:1824} INFO - Sync 2 DAGs
[2026-09-23 11:57:54,585] {logging_mixin.py:104} INFO - [2026-09-23 11:57:54,585] {dag.py:2280} INFO - Setting next_dagrun for example_xcom_args to None
[2026-09-23 11:57:54,586] {logging_mixin.py:104} INFO - [2026-09-23 11:57:54,586] {dag.py:2280} INFO - Setting next_dagrun for example_xcom_args_with_operators to None
[2026-09-23 11:57:54,612] {scheduler_job.py:190} INFO - Processing /home/airflow/.local/lib/python3.6/site-packages/airflow/example_dags/example_xcomargs.py took 0.156 seconds
[2026-09-23 11:58:25,372] {scheduler_job.py:182} INFO - Started process (PID=1886) to work on /home/airflow/.local/lib/python3.6/site-packages/airflow/example_dags/example_xcomargs.py
[2026-09-23 11:58:25,375] {scheduler_job.py:629} INFO - Processing file /home/airflow/.local/lib/python3.6/site-packages/airflow/example_dags/example_xcomargs.py for tasks to queue
[2026-09-23 11:58:25,379] {logging_mixin.py:104} INFO - [2026-09-23 11:58:25,378] {dagbag.py:451} INFO - Filling up the DagBag from /home/airflow/.local/lib/python3.6/site-packages/airflow/example_dags/example_xcomargs.py
[2026-09-23 11:58:25,420] {scheduler_job.py:639} INFO - DAG(s) dict_keys(['example_xcom_args', 'example_xcom_args_with_operators']) retrieved from /home/airflow/.local/lib/python3.6/site-packages/airflow/example_dags/example_xcomargs.py
[2026-09-23 11:58:25,482] {logging_mixin.py:104} INFO - [2026-09-23 11:58:25,482] {dag.py:1824} INFO - Sync 2 DAGs
[2026-09-23 11:58:25,518] {logging_mixin.py:104} INFO - [2026-09-23 11:58:25,517] {dag.py:2280} INFO - Setting next_dagrun for example_xcom_args to None
[2026-09-23 11:58:25,524] {logging_mixin.py:104} INFO - [2026-09-23 11:58:25,524] {dag.py:2280} INFO - Setting next_dagrun for example_xcom_args_with_operators to None
[2026-09-23 11:58:25,556] {scheduler_job.py:190} INFO - Processing /home/airflow/.local/lib/python3.6/site-packages/airflow/example_dags/example_xcomargs.py took 0.200 seconds
[2026-09-23 11:58:55,720] {scheduler_job.py:182} INFO - Started process (PID=1912) to work on /home/airflow/.local/lib/python3.6/site-packages/airflow/example_dags/example_xcomargs.py
[2026-09-23 11:58:55,722] {scheduler_job.py:629} INFO - Processing file /home/airflow/.local/lib/python3.6/site-packages/airflow/example_dags/example_xcomargs.py for tasks to queue
[2026-09-23 11:58:55,724] {logging_mixin.py:104} INFO - [2026-09-23 11:58:55,724] {dagbag.py:451} INFO - Filling up the DagBag from /home/airflow/.local/lib/python3.6/site-packages/airflow/example_dags/example_xcomargs.py
[2026-09-23 11:58:55,751] {scheduler_job.py:639} INFO - DAG(s) dict_keys(['example_xcom_args', 'example_xcom_args_with_operators']) retrieved from /home/airflow/.local/lib/python3.6/site-packages/airflow/example_dags/example_xcomargs.py
[2026-09-23 11:58:55,800] {logging_mixin.py:104} INFO - [2026-09-23 11:58:55,799] {dag.py:1824} INFO - Sync 2 DAGs
[2026-09-23 11:58:55,829] {logging_mixin.py:104} INFO - [2026-09-23 11:58:55,829] {dag.py:2280} INFO - Setting next_dagrun for example_xcom_args to None
[2026-09-23 11:58:55,831] {logging_mixin.py:104} INFO - [2026-09-23 11:58:55,831] {dag.py:2280} INFO - Setting next_dagrun for example_xcom_args_with_operators to None
[2026-09-23 11:58:55,853] {scheduler_job.py:190} INFO - Processing /home/airflow/.local/lib/python3.6/site-packages/airflow/example_dags/example_xcomargs.py took 0.138 seconds
[2026-09-23 11:59:26,924] {scheduler_job.py:182} INFO - Started process (PID=1939) to work on /home/airflow/.local/lib/python3.6/site-packages/airflow/example_dags/example_xcomargs.py
[2026-09-23 11:59:26,926] {scheduler_job.py:629} INFO - Processing file /home/airflow/.local/lib/python3.6/site-packages/airflow/example_dags/example_xcomargs.py for tasks to queue
[2026-09-23 11:59:26,927] {logging_mixin.py:104} INFO - [2026-09-23 11:59:26,927] {dagbag.py:451} INFO - Filling up the DagBag from /home/airflow/.local/lib/python3.6/site-packages/airflow/example_dags/example_xcomargs.py
[2026-09-23 11:59:26,947] {scheduler_job.py:639} INFO - DAG(s) dict_keys(['example_xcom_args', 'example_xcom_args_with_operators']) retrieved from /home/airflow/.local/lib/python3.6/site-packages/airflow/example_dags/example_xcomargs.py
[2026-09-23 11:59:26,986] {logging_mixin.py:104} INFO - [2026-09-23 11:59:26,986] {dag.py:1824} INFO - Sync 2 DAGs
[2026-09-23 11:59:27,010] {logging_mixin.py:104} INFO - [2026-09-23 11:59:27,010] {dag.py:2280} INFO - Setting next_dagrun for example_xcom_args to None
[2026-09-23 11:59:27,012] {logging_mixin.py:104} INFO - [2026-09-23 11:59:27,011] {dag.py:2280} INFO - Setting next_dagrun for example_xcom_args_with_operators to None
[2026-09-23 11:59:27,030] {scheduler_job.py:190} INFO - Processing /home/airflow/.local/lib/python3.6/site-packages/airflow/example_dags/example_xcomargs.py took 0.110 seconds
[2026-09-23 11:59:57,658] {scheduler_job.py:182} INFO - Started process (PID=1964) to work on /home/airflow/.local/lib/python3.6/site-packages/airflow/example_dags/example_xcomargs.py
[2026-09-23 11:59:57,659] {scheduler_job.py:629} INFO - Processing file /home/airflow/.local/lib/python3.6/site-packages/airflow/example_dags/example_xcomargs.py for tasks to queue
[2026-09-23 11:59:57,660] {logging_mixin.py:104} INFO - [2026-09-23 11:59:57,660] {dagbag.py:451} INFO - Filling up the DagBag from /home/airflow/.local/lib/python3.6/site-packages/airflow/example_dags/example_xcomargs.py
[2026-09-23 11:59:57,685] {scheduler_job.py:639} INFO - DAG(s) dict_keys(['example_xcom_args', 'example_xcom_args_with_operators']) retrieved from /home/airflow/.local/lib/python3.6/site-packages/airflow/example_dags/example_xcomargs.py
[2026-09-23 11:59:57,716] {logging_mixin.py:104} INFO - [2026-09-23 11:59:57,716] {dag.py:1824} INFO - Sync 2 DAGs
[2026-09-23 11:59:57,733] {logging_mixin.py:104} INFO - [2026-09-23 11:59:57,733] {dag.py:2280} INFO - Setting next_dagrun for example_xcom_args to None
[2026-09-23 11:59:57,734] {logging_mixin.py:104} INFO - [2026-09-23 11:59:57,734] {dag.py:2280} INFO - Setting next_dagrun for example_xcom_args_with_operators to None
[2026-09-23 11:59:57,750] {scheduler_job.py:190} INFO - Processing /home/airflow/.local/lib/python3.6/site-packages/airflow/example_dags/example_xcomargs.py took 0.098 seconds
[2026-09-23 12:00:28,351] {scheduler_job.py:182} INFO - Started process (PID=1990) to work on /home/airflow/.local/lib/python3.6/site-packages/airflow/example_dags/example_xcomargs.py
[2026-09-23 12:00:28,353] {scheduler_job.py:629} INFO - Processing file /home/airflow/.local/lib/python3.6/site-packages/airflow/example_dags/example_xcomargs.py for tasks to queue
[2026-09-23 12:00:28,353] {logging_mixin.py:104} INFO - [2026-09-23 12:00:28,353] {dagbag.py:451} INFO - Filling up the DagBag from /home/airflow/.local/lib/python3.6/site-packages/airflow/example_dags/example_xcomargs.py
[2026-09-23 12:00:28,374] {scheduler_job.py:639} INFO - DAG(s) dict_keys(['example_xcom_args', 'example_xcom_args_with_operators']) retrieved from /home/airflow/.local/lib/python3.6/site-packages/airflow/example_dags/example_xcomargs.py
[2026-09-23 12:00:28,413] {logging_mixin.py:104} INFO - [2026-09-23 12:00:28,413] {dag.py:1824} INFO - Sync 2 DAGs
[2026-09-23 12:00:28,438] {logging_mixin.py:104} INFO - [2026-09-23 12:00:28,438] {dag.py:2280} INFO - Setting next_dagrun for example_xcom_args to None
[2026-09-23 12:00:28,439] {logging_mixin.py:104} INFO - [2026-09-23 12:00:28,439] {dag.py:2280} INFO - Setting next_dagrun for example_xcom_args_with_operators to None
[2026-09-23 12:00:28,455] {scheduler_job.py:190} INFO - Processing /home/airflow/.local/lib/python3.6/site-packages/airflow/example_dags/example_xcomargs.py took 0.108 seconds
[2026-09-23 12:00:58,886] {scheduler_job.py:182} INFO - Started process (PID=2016) to work on /home/airflow/.local/lib/python3.6/site-packages/airflow/example_dags/example_xcomargs.py
[2026-09-23 12:00:58,888] {scheduler_job.py:629} INFO - Processing file /home/airflow/.local/lib/python3.6/site-packages/airflow/example_dags/example_xcomargs.py for tasks to queue
[2026-09-23 12:00:58,888] {logging_mixin.py:104} INFO - [2026-09-23 12:00:58,888] {dagbag.py:451} INFO - Filling up the DagBag from /home/airflow/.local/lib/python3.6/site-packages/airflow/example_dags/example_xcomargs.py
[2026-09-23 12:00:58,908] {scheduler_job.py:639} INFO - DAG(s) dict_keys(['example_xcom_args', 'example_xcom_args_with_operators']) retrieved from /home/airflow/.local/lib/python3.6/site-packages/airflow/example_dags/example_xcomargs.py
[2026-09-23 12:00:58,942] {logging_mixin.py:104} INFO - [2026-09-23 12:00:58,942] {dag.py:1824} INFO - Sync 2 DAGs
[2026-09-23 12:00:58,969] {logging_mixin.py:104} INFO - [2026-09-23 12:00:58,969] {dag.py:2280} INFO - Setting next_dagrun for example_xcom_args to None
[2026-09-23 12:00:58,971] {logging_mixin.py:104} INFO - [2026-09-23 12:00:58,970] {dag.py:2280} INFO - Setting next_dagrun for example_xcom_args_with_operators to None
[2026-09-23 12:00:58,992] {scheduler_job.py:190} INFO - Processing /home/airflow/.local/lib/python3.6/site-packages/airflow/example_dags/example_xcomargs.py took 0.109 seconds
[2026-09-23 12:01:29,518] {scheduler_job.py:182} INFO - Started process (PID=2042) to work on /home/airflow/.local/lib/python3.6/site-packages/airflow/example_dags/example_xcomargs.py
[2026-09-23 12:01:29,519] {scheduler_job.py:629} INFO - Processing file /home/airflow/.local/lib/python3.6/site-packages/airflow/example_dags/example_xcomargs.py for tasks to queue
[2026-09-23 12:01:29,520] {logging_mixin.py:104} INFO - [2026-09-23 12:01:29,520] {dagbag.py:451} INFO - Filling up the DagBag from /home/airflow/.local/lib/python3.6/site-packages/airflow/example_dags/example_xcomargs.py
[2026-09-23 12:01:29,541] {scheduler_job.py:639} INFO - DAG(s) dict_keys(['example_xcom_args', 'example_xcom_args_with_operators']) retrieved from /home/airflow/.local/lib/python3.6/site-packages/airflow/example_dags/example_xcomargs.py
[2026-09-23 12:01:29,581] {logging_mixin.py:104} INFO - [2026-09-23 12:01:29,580] {dag.py:1824} INFO - Sync 2 DAGs
[2026-09-23 12:01:29,602] {logging_mixin.py:104} INFO - [2026-09-23 12:01:29,602] {dag.py:2280} INFO - Setting next_dagrun for example_xcom_args to None
[2026-09-23 12:01:29,604] {logging_mixin.py:104} INFO - [2026-09-23 12:01:29,604] {dag.py:2280} INFO - Setting next_dagrun for example_xcom_args_with_operators to None
[2026-09-23 12:01:29,623] {scheduler_job.py:190} INFO - Processing /home/airflow/.local/lib/python3.6/site-packages/airflow/example_dags/example_xcomargs.py took 0.111 seconds
[2026-09-23 12:02:00,175] {scheduler_job.py:182} INFO - Started process (PID=2068) to work on /home/airflow/.local/lib/python3.6/site-packages/airflow/example_dags/example_xcomargs.py
[2026-09-23 12:02:00,177] {scheduler_job.py:629} INFO - Processing file /home/airflow/.local/lib/python3.6/site-packages/airflow/example_dags/example_xcomargs.py for tasks to queue
[2026-09-23 12:02:00,178] {logging_mixin.py:104} INFO - [2026-09-23 12:02:00,178] {dagbag.py:451} INFO - Filling up the DagBag from /home/airflow/.local/lib/python3.6/site-packages/airflow/example_dags/example_xcomargs.py
[2026-09-23 12:02:00,204] {scheduler_job.py:639} INFO - DAG(s) dict_keys(['example_xcom_args', 'example_xcom_args_with_operators']) retrieved from /home/airflow/.local/lib/python3.6/site-packages/airflow/example_dags/example_xcomargs.py
[2026-09-23 12:02:00,248] {logging_mixin.py:104} INFO - [2026-09-23 12:02:00,247] {dag.py:1824} INFO - Sync 2 DAGs
[2026-09-23 12:02:00,271] {logging_mixin.py:104} INFO - [2026-09-23 12:02:00,270] {dag.py:2280} INFO - Setting next_dagrun for example_xcom_args to None
[2026-09-23 12:02:00,272] {logging_mixin.py:104} INFO - [2026-09-23 12:02:00,272] {dag.py:2280} INFO - Setting next_dagrun for example_xcom_args_with_operators to None
[2026-09-23 12:02:00,292] {scheduler_job.py:190} INFO - Processing /home/airflow/.local/lib/python3.6/site-packages/airflow/example_dags/example_xcomargs.py took 0.122 seconds
[2026-09-23 12:02:30,969] {scheduler_job.py:182} INFO - Started process (PID=2094) to work on /home/airflow/.local/lib/python3.6/site-packages/airflow/example_dags/example_xcomargs.py
[2026-09-23 12:02:30,971] {scheduler_job.py:629} INFO - Processing file /home/airflow/.local/lib/python3.6/site-packages/airflow/example_dags/example_xcomargs.py for tasks to queue
[2026-09-23 12:02:30,972] {logging_mixin.py:104} INFO - [2026-09-23 12:02:30,972] {dagbag.py:451} INFO - Filling up the DagBag from /home/airflow/.local/lib/python3.6/site-packages/airflow/example_dags/example_xcomargs.py
[2026-09-23 12:02:30,996] {scheduler_job.py:639} INFO - DAG(s) dict_keys(['example_xcom_args', 'example_xcom_args_with_operators']) retrieved from /home/airflow/.local/lib/python3.6/site-packages/airflow/example_dags/example_xcomargs.py
[2026-09-23 12:02:31,037] {logging_mixin.py:104} INFO - [2026-09-23 12:02:31,037] {dag.py:1824} INFO - Sync 2 DAGs
[2026-09-23 12:02:31,063] {logging_mixin.py:104} INFO - [2026-09-23 12:02:31,063] {dag.py:2280} INFO - Setting next_dagrun for example_xcom_args to None
[2026-09-23 12:02:31,064] {logging_mixin.py:104} INFO - [2026-09-23 12:02:31,064] {dag.py:2280} INFO - Setting next_dagrun for example_xcom_args_with_operators to None
[2026-09-23 12:02:31,089] {scheduler_job.py:190} INFO - Processing /home/airflow/.local/lib/python3.6/site-packages/airflow/example_dags/example_xcomargs.py took 0.125 seconds
[2026-09-23 12:03:01,978] {scheduler_job.py:182} INFO - Started process (PID=2120) to work on /home/airflow/.local/lib/python3.6/site-packages/airflow/example_dags/example_xcomargs.py
[2026-09-23 12:03:01,980] {scheduler_job.py:629} INFO - Processing file /home/airflow/.local/lib/python3.6/site-packages/airflow/example_dags/example_xcomargs.py for tasks to queue
[2026-09-23 12:03:01,981] {logging_mixin.py:104} INFO - [2026-09-23 12:03:01,981] {dagbag.py:451} INFO - Filling up the DagBag from /home/airflow/.local/lib/python3.6/site-packages/airflow/example_dags/example_xcomargs.py
[2026-09-23 12:03:02,003] {scheduler_job.py:639} INFO - DAG(s) dict_keys(['example_xcom_args', 'example_xcom_args_with_operators']) retrieved from /home/airflow/.local/lib/python3.6/site-packages/airflow/example_dags/example_xcomargs.py
[2026-09-23 12:03:02,038] {logging_mixin.py:104} INFO - [2026-09-23 12:03:02,037] {dag.py:1824} INFO - Sync 2 DAGs
[2026-09-23 12:03:02,059] {logging_mixin.py:104} INFO - [2026-09-23 12:03:02,059] {dag.py:2280} INFO - Setting next_dagrun for example_xcom_args to None
[2026-09-23 12:03:02,060] {logging_mixin.py:104} INFO - [2026-09-23 12:03:02,060] {dag.py:2280} INFO - Setting next_dagrun for example_xcom_args_with_operators to None
[2026-09-23 12:03:02,080] {scheduler_job.py:190} INFO - Processing /home/airflow/.local/lib/python3.6/site-packages/airflow/example_dags/example_xcomargs.py took 0.107 seconds
[2026-09-23 12:03:32,891] {scheduler_job.py:182} INFO - Started process (PID=2146) to work on /home/airflow/.local/lib/python3.6/site-packages/airflow/example_dags/example_xcomargs.py
[2026-09-23 12:03:32,892] {scheduler_job.py:629} INFO - Processing file /home/airflow/.local/lib/python3.6/site-packages/airflow/example_dags/example_xcomargs.py for tasks to queue
[2026-09-23 12:03:32,893] {logging_mixin.py:104} INFO - [2026-09-23 12:03:32,893] {dagbag.py:451} INFO - Filling up the DagBag from /home/airflow/.local/lib/python3.6/site-packages/airflow/example_dags/example_xcomargs.py
[2026-09-23 12:03:32,913] {scheduler_job.py:639} INFO - DAG(s) dict_keys(['example_xcom_args', 'example_xcom_args_with_operators']) retrieved from /home/airflow/.local/lib/python3.6/site-packages/airflow/example_dags/example_xcomargs.py
[2026-09-23 12:03:32,947] {logging_mixin.py:104} INFO - [2026-09-23 12:03:32,947] {dag.py:1824} INFO - Sync 2 DAGs
[2026-09-23 12:03:32,967] {logging_mixin.py:104} INFO - [2026-09-23 12:03:32,967] {dag.py:2280} INFO - Setting next_dagrun for example_xcom_args to None
[2026-09-23 12:03:32,968] {logging_mixin.py:104} INFO - [2026-09-23 12:03:32,968] {dag.py:2280} INFO - Setting next_dagrun for example_xcom_args_with_operators to None
[2026-09-23 12:03:32,990] {scheduler_job.py:190} INFO - Processing /home/airflow/.local/lib/python3.6/site-packages/airflow/example_dags/example_xcomargs.py took 0.103 seconds
[2026-09-23 12:04:03,679] {scheduler_job.py:182} INFO - Started process (PID=2172) to work on /home/airflow/.local/lib/python3.6/site-packages/airflow/example_dags/example_xcomargs.py
[2026-09-23 12:04:03,680] {scheduler_job.py:629} INFO - Processing file /home/airflow/.local/lib/python3.6/site-packages/airflow/example_dags/example_xcomargs.py for tasks to queue
[2026-09-23 12:04:03,681] {logging_mixin.py:104} INFO - [2026-09-23 12:04:03,681] {dagbag.py:451} INFO - Filling up the DagBag from /home/airflow/.local/lib/python3.6/site-packages/airflow/example_dags/example_xcomargs.py
[2026-09-23 12:04:03,709] {scheduler_job.py:639} INFO - DAG(s) dict_keys(['example_xcom_args', 'example_xcom_args_with_operators']) retrieved from /home/airflow/.local/lib/python3.6/site-packages/airflow/example_dags/example_xcomargs.py
[2026-09-23 12:04:03,754] {logging_mixin.py:104} INFO - [2026-09-23 12:04:03,753] {dag.py:1824} INFO - Sync 2 DAGs
[2026-09-23 12:04:03,778] {logging_mixin.py:104} INFO - [2026-09-23 12:04:03,777] {dag.py:2280} INFO - Setting next_dagrun for example_xcom_args to None
[2026-09-23 12:04:03,779] {logging_mixin.py:104} INFO - [2026-09-23 12:04:03,779] {dag.py:2280} INFO - Setting next_dagrun for example_xcom_args_with_operators to None
[2026-09-23 12:04:03,804] {scheduler_job.py:190} INFO - Processing /home/airflow/.local/lib/python3.6/site-packages/airflow/example_dags/example_xcomargs.py took 0.131 seconds
[2026-09-23 12:04:34,581] {scheduler_job.py:182} INFO - Started process (PID=2200) to work on /home/airflow/.local/lib/python3.6/site-packages/airflow/example_dags/example_xcomargs.py
[2026-09-23 12:04:34,583] {scheduler_job.py:629} INFO - Processing file /home/airflow/.local/lib/python3.6/site-packages/airflow/example_dags/example_xcomargs.py for tasks to queue
[2026-09-23 12:04:34,585] {logging_mixin.py:104} INFO - [2026-09-23 12:04:34,585] {dagbag.py:451} INFO - Filling up the DagBag from /home/airflow/.local/lib/python3.6/site-packages/airflow/example_dags/example_xcomargs.py
[2026-09-23 12:04:34,614] {scheduler_job.py:639} INFO - DAG(s) dict_keys(['example_xcom_args', 'example_xcom_args_with_operators']) retrieved from /home/airflow/.local/lib/python3.6/site-packages/airflow/example_dags/example_xcomargs.py
[2026-09-23 12:04:34,669] {logging_mixin.py:104} INFO - [2026-09-23 12:04:34,669] {dag.py:1824} INFO - Sync 2 DAGs
[2026-09-23 12:04:34,702] {logging_mixin.py:104} INFO - [2026-09-23 12:04:34,702] {dag.py:2280} INFO - Setting next_dagrun for example_xcom_args to None
[2026-09-23 12:04:34,704] {logging_mixin.py:104} INFO - [2026-09-23 12:04:34,704] {dag.py:2280} INFO - Setting next_dagrun for example_xcom_args_with_operators to None
[2026-09-23 12:04:34,732] {scheduler_job.py:190} INFO - Processing /home/airflow/.local/lib/python3.6/site-packages/airflow/example_dags/example_xcomargs.py took 0.157 seconds
[2026-09-23 12:05:04,838] {scheduler_job.py:182} INFO - Started process (PID=2226) to work on /home/airflow/.local/lib/python3.6/site-packages/airflow/example_dags/example_xcomargs.py
[2026-09-23 12:05:04,839] {scheduler_job.py:629} INFO - Processing file /home/airflow/.local/lib/python3.6/site-packages/airflow/example_dags/example_xcomargs.py for tasks to queue
[2026-09-23 12:05:04,840] {logging_mixin.py:104} INFO - [2026-09-23 12:05:04,840] {dagbag.py:451} INFO - Filling up the DagBag from /home/airflow/.local/lib/python3.6/site-packages/airflow/example_dags/example_xcomargs.py
[2026-09-23 12:05:04,871] {scheduler_job.py:639} INFO - DAG(s) dict_keys(['example_xcom_args', 'example_xcom_args_with_operators']) retrieved from /home/airflow/.local/lib/python3.6/site-packages/airflow/example_dags/example_xcomargs.py
[2026-09-23 12:05:04,930] {logging_mixin.py:104} INFO - [2026-09-23 12:05:04,930] {dag.py:1824} INFO - Sync 2 DAGs
[2026-09-23 12:05:04,967] {logging_mixin.py:104} INFO - [2026-09-23 12:05:04,967] {dag.py:2280} INFO - Setting next_dagrun for example_xcom_args to None
[2026-09-23 12:05:04,969] {logging_mixin.py:104} INFO - [2026-09-23 12:05:04,968] {dag.py:2280} INFO - Setting next_dagrun for example_xcom_args_with_operators to None
[2026-09-23 12:05:05,004] {scheduler_job.py:190} INFO - Processing /home/airflow/.local/lib/python3.6/site-packages/airflow/example_dags/example_xcomargs.py took 0.175 seconds
[2026-09-23 12:05:35,788] {scheduler_job.py:182} INFO - Started process (PID=2250) to work on /home/airflow/.local/lib/python3.6/site-packages/airflow/example_dags/example_xcomargs.py
[2026-09-23 12:05:35,792] {scheduler_job.py:629} INFO - Processing file /home/airflow/.local/lib/python3.6/site-packages/airflow/example_dags/example_xcomargs.py for tasks to queue
[2026-09-23 12:05:35,793] {logging_mixin.py:104} INFO - [2026-09-23 12:05:35,793] {dagbag.py:451} INFO - Filling up the DagBag from /home/airflow/.local/lib/python3.6/site-packages/airflow/example_dags/example_xcomargs.py
[2026-09-23 12:05:35,830] {scheduler_job.py:639} INFO - DAG(s) dict_keys(['example_xcom_args', 'example_xcom_args_with_operators']) retrieved from /home/airflow/.local/lib/python3.6/site-packages/airflow/example_dags/example_xcomargs.py
[2026-09-23 12:05:35,885] {logging_mixin.py:104} INFO - [2026-09-23 12:05:35,885] {dag.py:1824} INFO - Sync 2 DAGs
[2026-09-23 12:05:35,919] {logging_mixin.py:104} INFO - [2026-09-23 12:05:35,918] {dag.py:2280} INFO - Setting next_dagrun for example_xcom_args to None
[2026-09-23 12:05:35,920] {logging_mixin.py:104} INFO - [2026-09-23 12:05:35,920] {dag.py:2280} INFO - Setting next_dagrun for example_xcom_args_with_operators to None
[2026-09-23 12:05:35,948] {scheduler_job.py:190} INFO - Processing /home/airflow/.local/lib/python3.6/site-packages/airflow/example_dags/example_xcomargs.py took 0.170 seconds
[2026-09-23 12:06:05,985] {scheduler_job.py:182} INFO - Started process (PID=2276) to work on /home/airflow/.local/lib/python3.6/site-packages/airflow/example_dags/example_xcomargs.py
[2026-09-23 12:06:05,987] {scheduler_job.py:629} INFO - Processing file /home/airflow/.local/lib/python3.6/site-packages/airflow/example_dags/example_xcomargs.py for tasks to queue
[2026-09-23 12:06:05,988] {logging_mixin.py:104} INFO - [2026-09-23 12:06:05,988] {dagbag.py:451} INFO - Filling up the DagBag from /home/airflow/.local/lib/python3.6/site-packages/airflow/example_dags/example_xcomargs.py
[2026-09-23 12:06:06,007] {scheduler_job.py:639} INFO - DAG(s) dict_keys(['example_xcom_args', 'example_xcom_args_with_operators']) retrieved from /home/airflow/.local/lib/python3.6/site-packages/airflow/example_dags/example_xcomargs.py
[2026-09-23 12:06:06,038] {logging_mixin.py:104} INFO - [2026-09-23 12:06:06,038] {dag.py:1824} INFO - Sync 2 DAGs
[2026-09-23 12:06:06,057] {logging_mixin.py:104} INFO - [2026-09-23 12:06:06,057] {dag.py:2280} INFO - Setting next_dagrun for example_xcom_args to None
[2026-09-23 12:06:06,058] {logging_mixin.py:104} INFO - [2026-09-23 12:06:06,058] {dag.py:2280} INFO - Setting next_dagrun for example_xcom_args_with_operators to None
[2026-09-23 12:06:06,075] {scheduler_job.py:190} INFO - Processing /home/airflow/.local/lib/python3.6/site-packages/airflow/example_dags/example_xcomargs.py took 0.094 seconds
[2026-09-23 12:06:36,644] {scheduler_job.py:182} INFO - Started process (PID=2300) to work on /home/airflow/.local/lib/python3.6/site-packages/airflow/example_dags/example_xcomargs.py
[2026-09-23 12:06:36,645] {scheduler_job.py:629} INFO - Processing file /home/airflow/.local/lib/python3.6/site-packages/airflow/example_dags/example_xcomargs.py for tasks to queue
[2026-09-23 12:06:36,646] {logging_mixin.py:104} INFO - [2026-09-23 12:06:36,646] {dagbag.py:451} INFO - Filling up the DagBag from /home/airflow/.local/lib/python3.6/site-packages/airflow/example_dags/example_xcomargs.py
[2026-09-23 12:06:36,669] {scheduler_job.py:639} INFO - DAG(s) dict_keys(['example_xcom_args', 'example_xcom_args_with_operators']) retrieved from /home/airflow/.local/lib/python3.6/site-packages/airflow/example_dags/example_xcomargs.py
[2026-09-23 12:06:36,708] {logging_mixin.py:104} INFO - [2026-09-23 12:06:36,708] {dag.py:1824} INFO - Sync 2 DAGs
[2026-09-23 12:06:36,730] {logging_mixin.py:104} INFO - [2026-09-23 12:06:36,730] {dag.py:2280} INFO - Setting next_dagrun for example_xcom_args to None
[2026-09-23 12:06:36,731] {logging_mixin.py:104} INFO - [2026-09-23 12:06:36,731] {dag.py:2280} INFO - Setting next_dagrun for example_xcom_args_with_operators to None
[2026-09-23 12:06:36,751] {scheduler_job.py:190} INFO - Processing /home/airflow/.local/lib/python3.6/site-packages/airflow/example_dags/example_xcomargs.py took 0.112 seconds
[2026-09-23 12:07:07,423] {scheduler_job.py:182} INFO - Started process (PID=2326) to work on /home/airflow/.local/lib/python3.6/site-packages/airflow/example_dags/example_xcomargs.py
[2026-09-23 12:07:07,428] {scheduler_job.py:629} INFO - Processing file /home/airflow/.local/lib/python3.6/site-packages/airflow/example_dags/example_xcomargs.py for tasks to queue
[2026-09-23 12:07:07,429] {logging_mixin.py:104} INFO - [2026-09-23 12:07:07,429] {dagbag.py:451} INFO - Filling up the DagBag from /home/airflow/.local/lib/python3.6/site-packages/airflow/example_dags/example_xcomargs.py
[2026-09-23 12:07:07,453] {scheduler_job.py:639} INFO - DAG(s) dict_keys(['example_xcom_args', 'example_xcom_args_with_operators']) retrieved from /home/airflow/.local/lib/python3.6/site-packages/airflow/example_dags/example_xcomargs.py
[2026-09-23 12:07:07,500] {logging_mixin.py:104} INFO - [2026-09-23 12:07:07,500] {dag.py:1824} INFO - Sync 2 DAGs
[2026-09-23 12:07:07,524] {logging_mixin.py:104} INFO - [2026-09-23 12:07:07,523] {dag.py:2280} INFO - Setting next_dagrun for example_xcom_args to None
[2026-09-23 12:07:07,526] {logging_mixin.py:104} INFO - [2026-09-23 12:07:07,525] {dag.py:2280} INFO - Setting next_dagrun for example_xcom_args_with_operators to None
[2026-09-23 12:07:07,549] {scheduler_job.py:190} INFO - Processing /home/airflow/.local/lib/python3.6/site-packages/airflow/example_dags/example_xcomargs.py took 0.130 seconds
[2026-09-23 12:07:38,274] {scheduler_job.py:182} INFO - Started process (PID=2352) to work on /home/airflow/.local/lib/python3.6/site-packages/airflow/example_dags/example_xcomargs.py
[2026-09-23 12:07:38,275] {scheduler_job.py:629} INFO - Processing file /home/airflow/.local/lib/python3.6/site-packages/airflow/example_dags/example_xcomargs.py for tasks to queue
[2026-09-23 12:07:38,276] {logging_mixin.py:104} INFO - [2026-09-23 12:07:38,276] {dagbag.py:451} INFO - Filling up the DagBag from /home/airflow/.local/lib/python3.6/site-packages/airflow/example_dags/example_xcomargs.py
[2026-09-23 12:07:38,296] {scheduler_job.py:639} INFO - DAG(s) dict_keys(['example_xcom_args', 'example_xcom_args_with_operators']) retrieved from /home/airflow/.local/lib/python3.6/site-packages/airflow/example_dags/example_xcomargs.py
[2026-09-23 12:07:38,337] {logging_mixin.py:104} INFO - [2026-09-23 12:07:38,337] {dag.py:1824} INFO - Sync 2 DAGs
[2026-09-23 12:07:38,359] {logging_mixin.py:104} INFO - [2026-09-23 12:07:38,359] {dag.py:2280} INFO - Setting next_dagrun for example_xcom_args to None
[2026-09-23 12:07:38,361] {logging_mixin.py:104} INFO - [2026-09-23 12:07:38,360] {dag.py:2280} INFO - Setting next_dagrun for example_xcom_args_with_operators to None
[2026-09-23 12:07:38,383] {scheduler_job.py:190} INFO - Processing /home/airflow/.local/lib/python3.6/site-packages/airflow/example_dags/example_xcomargs.py took 0.113 seconds
[2026-09-23 12:08:08,980] {scheduler_job.py:182} INFO - Started process (PID=2378) to work on /home/airflow/.local/lib/python3.6/site-packages/airflow/example_dags/example_xcomargs.py
[2026-09-23 12:08:08,982] {scheduler_job.py:629} INFO - Processing file /home/airflow/.local/lib/python3.6/site-packages/airflow/example_dags/example_xcomargs.py for tasks to queue
[2026-09-23 12:08:08,983] {logging_mixin.py:104} INFO - [2026-09-23 12:08:08,983] {dagbag.py:451} INFO - Filling up the DagBag from /home/airflow/.local/lib/python3.6/site-packages/airflow/example_dags/example_xcomargs.py
[2026-09-23 12:08:09,014] {scheduler_job.py:639} INFO - DAG(s) dict_keys(['example_xcom_args', 'example_xcom_args_with_operators']) retrieved from /home/airflow/.local/lib/python3.6/site-packages/airflow/example_dags/example_xcomargs.py
[2026-09-23 12:08:09,058] {logging_mixin.py:104} INFO - [2026-09-23 12:08:09,058] {dag.py:1824} INFO - Sync 2 DAGs
[2026-09-23 12:08:09,082] {logging_mixin.py:104} INFO - [2026-09-23 12:08:09,082] {dag.py:2280} INFO - Setting next_dagrun for example_xcom_args to None
[2026-09-23 12:08:09,083] {logging_mixin.py:104} INFO - [2026-09-23 12:08:09,083] {dag.py:2280} INFO - Setting next_dagrun for example_xcom_args_with_operators to None
[2026-09-23 12:08:09,106] {scheduler_job.py:190} INFO - Processing /home/airflow/.local/lib/python3.6/site-packages/airflow/example_dags/example_xcomargs.py took 0.132 seconds
[2026-09-23 12:08:39,585] {scheduler_job.py:182} INFO - Started process (PID=2404) to work on /home/airflow/.local/lib/python3.6/site-packages/airflow/example_dags/example_xcomargs.py
[2026-09-23 12:08:39,586] {scheduler_job.py:629} INFO - Processing file /home/airflow/.local/lib/python3.6/site-packages/airflow/example_dags/example_xcomargs.py for tasks to queue
[2026-09-23 12:08:39,587] {logging_mixin.py:104} INFO - [2026-09-23 12:08:39,587] {dagbag.py:451} INFO - Filling up the DagBag from /home/airflow/.local/lib/python3.6/site-packages/airflow/example_dags/example_xcomargs.py
[2026-09-23 12:08:39,605] {scheduler_job.py:639} INFO - DAG(s) dict_keys(['example_xcom_args', 'example_xcom_args_with_operators']) retrieved from /home/airflow/.local/lib/python3.6/site-packages/airflow/example_dags/example_xcomargs.py
[2026-09-23 12:08:39,651] {logging_mixin.py:104} INFO - [2026-09-23 12:08:39,651] {dag.py:1824} INFO - Sync 2 DAGs
[2026-09-23 12:08:39,681] {logging_mixin.py:104} INFO - [2026-09-23 12:08:39,681] {dag.py:2280} INFO - Setting next_dagrun for example_xcom_args to None
[2026-09-23 12:08:39,683] {logging_mixin.py:104} INFO - [2026-09-23 12:08:39,683] {dag.py:2280} INFO - Setting next_dagrun for example_xcom_args_with_operators to None
[2026-09-23 12:08:39,710] {scheduler_job.py:190} INFO - Processing /home/airflow/.local/lib/python3.6/site-packages/airflow/example_dags/example_xcomargs.py took 0.129 seconds
[2026-09-23 12:09:10,450] {scheduler_job.py:182} INFO - Started process (PID=2430) to work on /home/airflow/.local/lib/python3.6/site-packages/airflow/example_dags/example_xcomargs.py
[2026-09-23 12:09:10,452] {scheduler_job.py:629} INFO - Processing file /home/airflow/.local/lib/python3.6/site-packages/airflow/example_dags/example_xcomargs.py for tasks to queue
[2026-09-23 12:09:10,453] {logging_mixin.py:104} INFO - [2026-09-23 12:09:10,452] {dagbag.py:451} INFO - Filling up the DagBag from /home/airflow/.local/lib/python3.6/site-packages/airflow/example_dags/example_xcomargs.py
[2026-09-23 12:09:10,475] {scheduler_job.py:639} INFO - DAG(s) dict_keys(['example_xcom_args', 'example_xcom_args_with_operators']) retrieved from /home/airflow/.local/lib/python3.6/site-packages/airflow/example_dags/example_xcomargs.py
[2026-09-23 12:09:10,522] {logging_mixin.py:104} INFO - [2026-09-23 12:09:10,521] {dag.py:1824} INFO - Sync 2 DAGs
[2026-09-23 12:09:10,548] {logging_mixin.py:104} INFO - [2026-09-23 12:09:10,548] {dag.py:2280} INFO - Setting next_dagrun for example_xcom_args to None
[2026-09-23 12:09:10,549] {logging_mixin.py:104} INFO - [2026-09-23 12:09:10,549] {dag.py:2280} INFO - Setting next_dagrun for example_xcom_args_with_operators to None
[2026-09-23 12:09:10,572] {scheduler_job.py:190} INFO - Processing /home/airflow/.local/lib/python3.6/site-packages/airflow/example_dags/example_xcomargs.py took 0.126 seconds
[2026-09-23 12:09:41,429] {scheduler_job.py:182} INFO - Started process (PID=2456) to work on /home/airflow/.local/lib/python3.6/site-packages/airflow/example_dags/example_xcomargs.py
[2026-09-23 12:09:41,432] {scheduler_job.py:629} INFO - Processing file /home/airflow/.local/lib/python3.6/site-packages/airflow/example_dags/example_xcomargs.py for tasks to queue
[2026-09-23 12:09:41,432] {logging_mixin.py:104} INFO - [2026-09-23 12:09:41,432] {dagbag.py:451} INFO - Filling up the DagBag from /home/airflow/.local/lib/python3.6/site-packages/airflow/example_dags/example_xcomargs.py
[2026-09-23 12:09:41,450] {scheduler_job.py:639} INFO - DAG(s) dict_keys(['example_xcom_args', 'example_xcom_args_with_operators']) retrieved from /home/airflow/.local/lib/python3.6/site-packages/airflow/example_dags/example_xcomargs.py
[2026-09-23 12:09:41,488] {logging_mixin.py:104} INFO - [2026-09-23 12:09:41,488] {dag.py:1824} INFO - Sync 2 DAGs
[2026-09-23 12:09:41,518] {logging_mixin.py:104} INFO - [2026-09-23 12:09:41,518] {dag.py:2280} INFO - Setting next_dagrun for example_xcom_args to None
[2026-09-23 12:09:41,520] {logging_mixin.py:104} INFO - [2026-09-23 12:09:41,520] {dag.py:2280} INFO - Setting next_dagrun for example_xcom_args_with_operators to None
[2026-09-23 12:09:41,548] {scheduler_job.py:190} INFO - Processing /home/airflow/.local/lib/python3.6/site-packages/airflow/example_dags/example_xcomargs.py took 0.122 seconds
[2026-09-23 12:10:11,978] {scheduler_job.py:182} INFO - Started process (PID=2482) to work on /home/airflow/.local/lib/python3.6/site-packages/airflow/example_dags/example_xcomargs.py
[2026-09-23 12:10:11,983] {scheduler_job.py:629} INFO - Processing file /home/airflow/.local/lib/python3.6/site-packages/airflow/example_dags/example_xcomargs.py for tasks to queue
[2026-09-23 12:10:11,986] {logging_mixin.py:104} INFO - [2026-09-23 12:10:11,986] {dagbag.py:451} INFO - Filling up the DagBag from /home/airflow/.local/lib/python3.6/site-packages/airflow/example_dags/example_xcomargs.py
[2026-09-23 12:10:12,023] {scheduler_job.py:639} INFO - DAG(s) dict_keys(['example_xcom_args', 'example_xcom_args_with_operators']) retrieved from /home/airflow/.local/lib/python3.6/site-packages/airflow/example_dags/example_xcomargs.py
[2026-09-23 12:10:12,063] {logging_mixin.py:104} INFO - [2026-09-23 12:10:12,063] {dag.py:1824} INFO - Sync 2 DAGs
[2026-09-23 12:10:12,099] {logging_mixin.py:104} INFO - [2026-09-23 12:10:12,098] {dag.py:2280} INFO - Setting next_dagrun for example_xcom_args to None
[2026-09-23 12:10:12,100] {logging_mixin.py:104} INFO - [2026-09-23 12:10:12,100] {dag.py:2280} INFO - Setting next_dagrun for example_xcom_args_with_operators to None
[2026-09-23 12:10:12,132] {scheduler_job.py:190} INFO - Processing /home/airflow/.local/lib/python3.6/site-packages/airflow/example_dags/example_xcomargs.py took 0.170 seconds
[2026-09-23 12:10:42,287] {scheduler_job.py:182} INFO - Started process (PID=2508) to work on /home/airflow/.local/lib/python3.6/site-packages/airflow/example_dags/example_xcomargs.py
[2026-09-23 12:10:42,288] {scheduler_job.py:629} INFO - Processing file /home/airflow/.local/lib/python3.6/site-packages/airflow/example_dags/example_xcomargs.py for tasks to queue
[2026-09-23 12:10:42,289] {logging_mixin.py:104} INFO - [2026-09-23 12:10:42,289] {dagbag.py:451} INFO - Filling up the DagBag from /home/airflow/.local/lib/python3.6/site-packages/airflow/example_dags/example_xcomargs.py
[2026-09-23 12:10:42,313] {scheduler_job.py:639} INFO - DAG(s) dict_keys(['example_xcom_args', 'example_xcom_args_with_operators']) retrieved from /home/airflow/.local/lib/python3.6/site-packages/airflow/example_dags/example_xcomargs.py
[2026-09-23 12:10:42,354] {logging_mixin.py:104} INFO - [2026-09-23 12:10:42,354] {dag.py:1824} INFO - Sync 2 DAGs
[2026-09-23 12:10:42,378] {logging_mixin.py:104} INFO - [2026-09-23 12:10:42,378] {dag.py:2280} INFO - Setting next_dagrun for example_xcom_args to None
[2026-09-23 12:10:42,379] {logging_mixin.py:104} INFO - [2026-09-23 12:10:42,379] {dag.py:2280} INFO - Setting next_dagrun for example_xcom_args_with_operators to None
[2026-09-23 12:10:42,396] {scheduler_job.py:190} INFO - Processing /home/airflow/.local/lib/python3.6/site-packages/airflow/example_dags/example_xcomargs.py took 0.113 seconds
[2026-09-23 12:11:13,252] {scheduler_job.py:182} INFO - Started process (PID=2536) to work on /home/airflow/.local/lib/python3.6/site-packages/airflow/example_dags/example_xcomargs.py
[2026-09-23 12:11:13,254] {scheduler_job.py:629} INFO - Processing file /home/airflow/.local/lib/python3.6/site-packages/airflow/example_dags/example_xcomargs.py for tasks to queue
[2026-09-23 12:11:13,255] {logging_mixin.py:104} INFO - [2026-09-23 12:11:13,255] {dagbag.py:451} INFO - Filling up the DagBag from /home/airflow/.local/lib/python3.6/site-packages/airflow/example_dags/example_xcomargs.py
[2026-09-23 12:11:13,286] {scheduler_job.py:639} INFO - DAG(s) dict_keys(['example_xcom_args', 'example_xcom_args_with_operators']) retrieved from /home/airflow/.local/lib/python3.6/site-packages/airflow/example_dags/example_xcomargs.py
[2026-09-23 12:11:13,348] {logging_mixin.py:104} INFO - [2026-09-23 12:11:13,348] {dag.py:1824} INFO - Sync 2 DAGs
[2026-09-23 12:11:13,374] {logging_mixin.py:104} INFO - [2026-09-23 12:11:13,374] {dag.py:2280} INFO - Setting next_dagrun for example_xcom_args to None
[2026-09-23 12:11:13,375] {logging_mixin.py:104} INFO - [2026-09-23 12:11:13,375] {dag.py:2280} INFO - Setting next_dagrun for example_xcom_args_with_operators to None
[2026-09-23 12:11:13,401] {scheduler_job.py:190} INFO - Processing /home/airflow/.local/lib/python3.6/site-packages/airflow/example_dags/example_xcomargs.py took 0.155 seconds
[2026-09-23 12:11:43,478] {scheduler_job.py:182} INFO - Started process (PID=2562) to work on /home/airflow/.local/lib/python3.6/site-packages/airflow/example_dags/example_xcomargs.py
[2026-09-23 12:11:43,480] {scheduler_job.py:629} INFO - Processing file /home/airflow/.local/lib/python3.6/site-packages/airflow/example_dags/example_xcomargs.py for tasks to queue
[2026-09-23 12:11:43,481] {logging_mixin.py:104} INFO - [2026-09-23 12:11:43,481] {dagbag.py:451} INFO - Filling up the DagBag from /home/airflow/.local/lib/python3.6/site-packages/airflow/example_dags/example_xcomargs.py
[2026-09-23 12:11:43,512] {scheduler_job.py:639} INFO - DAG(s) dict_keys(['example_xcom_args', 'example_xcom_args_with_operators']) retrieved from /home/airflow/.local/lib/python3.6/site-packages/airflow/example_dags/example_xcomargs.py
[2026-09-23 12:11:43,565] {logging_mixin.py:104} INFO - [2026-09-23 12:11:43,565] {dag.py:1824} INFO - Sync 2 DAGs
[2026-09-23 12:11:43,595] {logging_mixin.py:104} INFO - [2026-09-23 12:11:43,594] {dag.py:2280} INFO - Setting next_dagrun for example_xcom_args to None
[2026-09-23 12:11:43,596] {logging_mixin.py:104} INFO - [2026-09-23 12:11:43,596] {dag.py:2280} INFO - Setting next_dagrun for example_xcom_args_with_operators to None
[2026-09-23 12:11:43,619] {scheduler_job.py:190} INFO - Processing /home/airflow/.local/lib/python3.6/site-packages/airflow/example_dags/example_xcomargs.py took 0.145 seconds
[2026-09-23 12:12:13,847] {scheduler_job.py:182} INFO - Started process (PID=2588) to work on /home/airflow/.local/lib/python3.6/site-packages/airflow/example_dags/example_xcomargs.py
[2026-09-23 12:12:13,850] {scheduler_job.py:629} INFO - Processing file /home/airflow/.local/lib/python3.6/site-packages/airflow/example_dags/example_xcomargs.py for tasks to queue
[2026-09-23 12:12:13,851] {logging_mixin.py:104} INFO - [2026-09-23 12:12:13,851] {dagbag.py:451} INFO - Filling up the DagBag from /home/airflow/.local/lib/python3.6/site-packages/airflow/example_dags/example_xcomargs.py
[2026-09-23 12:12:13,883] {scheduler_job.py:639} INFO - DAG(s) dict_keys(['example_xcom_args', 'example_xcom_args_with_operators']) retrieved from /home/airflow/.local/lib/python3.6/site-packages/airflow/example_dags/example_xcomargs.py
[2026-09-23 12:12:13,943] {logging_mixin.py:104} INFO - [2026-09-23 12:12:13,943] {dag.py:1824} INFO - Sync 2 DAGs
[2026-09-23 12:12:13,987] {logging_mixin.py:104} INFO - [2026-09-23 12:12:13,987] {dag.py:2280} INFO - Setting next_dagrun for example_xcom_args to None
[2026-09-23 12:12:13,989] {logging_mixin.py:104} INFO - [2026-09-23 12:12:13,989] {dag.py:2280} INFO - Setting next_dagrun for example_xcom_args_with_operators to None
[2026-09-23 12:12:14,013] {scheduler_job.py:190} INFO - Processing /home/airflow/.local/lib/python3.6/site-packages/airflow/example_dags/example_xcomargs.py took 0.172 seconds
[2026-09-23 12:12:44,089] {scheduler_job.py:182} INFO - Started process (PID=2614) to work on /home/airflow/.local/lib/python3.6/site-packages/airflow/example_dags/example_xcomargs.py
[2026-09-23 12:12:44,091] {scheduler_job.py:629} INFO - Processing file /home/airflow/.local/lib/python3.6/site-packages/airflow/example_dags/example_xcomargs.py for tasks to queue
[2026-09-23 12:12:44,092] {logging_mixin.py:104} INFO - [2026-09-23 12:12:44,092] {dagbag.py:451} INFO - Filling up the DagBag from /home/airflow/.local/lib/python3.6/site-packages/airflow/example_dags/example_xcomargs.py
[2026-09-23 12:12:44,113] {scheduler_job.py:639} INFO - DAG(s) dict_keys(['example_xcom_args', 'example_xcom_args_with_operators']) retrieved from /home/airflow/.local/lib/python3.6/site-packages/airflow/example_dags/example_xcomargs.py
[2026-09-23 12:12:44,149] {logging_mixin.py:104} INFO - [2026-09-23 12:12:44,149] {dag.py:1824} INFO - Sync 2 DAGs
[2026-09-23 12:12:44,171] {logging_mixin.py:104} INFO - [2026-09-23 12:12:44,171] {dag.py:2280} INFO - Setting next_dagrun for example_xcom_args to None
[2026-09-23 12:12:44,172] {logging_mixin.py:104} INFO - [2026-09-23 12:12:44,172] {dag.py:2280} INFO - Setting next_dagrun for example_xcom_args_with_operators to None
[2026-09-23 12:12:44,188] {scheduler_job.py:190} INFO - Processing /home/airflow/.local/lib/python3.6/site-packages/airflow/example_dags/example_xcomargs.py took 0.103 seconds
[2026-09-23 12:13:14,211] {scheduler_job.py:182} INFO - Started process (PID=2640) to work on /home/airflow/.local/lib/python3.6/site-packages/airflow/example_dags/example_xcomargs.py
[2026-09-23 12:13:14,212] {scheduler_job.py:629} INFO - Processing file /home/airflow/.local/lib/python3.6/site-packages/airflow/example_dags/example_xcomargs.py for tasks to queue
[2026-09-23 12:13:14,213] {logging_mixin.py:104} INFO - [2026-09-23 12:13:14,213] {dagbag.py:451} INFO - Filling up the DagBag from /home/airflow/.local/lib/python3.6/site-packages/airflow/example_dags/example_xcomargs.py
[2026-09-23 12:13:14,233] {scheduler_job.py:639} INFO - DAG(s) dict_keys(['example_xcom_args', 'example_xcom_args_with_operators']) retrieved from /home/airflow/.local/lib/python3.6/site-packages/airflow/example_dags/example_xcomargs.py
[2026-09-23 12:13:14,269] {logging_mixin.py:104} INFO - [2026-09-23 12:13:14,269] {dag.py:1824} INFO - Sync 2 DAGs
[2026-09-23 12:13:14,292] {logging_mixin.py:104} INFO - [2026-09-23 12:13:14,291] {dag.py:2280} INFO - Setting next_dagrun for example_xcom_args to None
[2026-09-23 12:13:14,293] {logging_mixin.py:104} INFO - [2026-09-23 12:13:14,293] {dag.py:2280} INFO - Setting next_dagrun for example_xcom_args_with_operators to None
[2026-09-23 12:13:14,311] {scheduler_job.py:190} INFO - Processing /home/airflow/.local/lib/python3.6/site-packages/airflow/example_dags/example_xcomargs.py took 0.104 seconds
[2026-09-23 12:13:44,359] {scheduler_job.py:182} INFO - Started process (PID=2666) to work on /home/airflow/.local/lib/python3.6/site-packages/airflow/example_dags/example_xcomargs.py
[2026-09-23 12:13:44,360] {scheduler_job.py:629} INFO - Processing file /home/airflow/.local/lib/python3.6/site-packages/airflow/example_dags/example_xcomargs.py for tasks to queue
[2026-09-23 12:13:44,361] {logging_mixin.py:104} INFO - [2026-09-23 12:13:44,361] {dagbag.py:451} INFO - Filling up the DagBag from /home/airflow/.local/lib/python3.6/site-packages/airflow/example_dags/example_xcomargs.py
[2026-09-23 12:13:44,379] {scheduler_job.py:639} INFO - DAG(s) dict_keys(['example_xcom_args', 'example_xcom_args_with_operators']) retrieved from /home/airflow/.local/lib/python3.6/site-packages/airflow/example_dags/example_xcomargs.py
[2026-09-23 12:13:44,411] {logging_mixin.py:104} INFO - [2026-09-23 12:13:44,411] {dag.py:1824} INFO - Sync 2 DAGs
[2026-09-23 12:13:44,430] {logging_mixin.py:104} INFO - [2026-09-23 12:13:44,430] {dag.py:2280} INFO - Setting next_dagrun for example_xcom_args to None
[2026-09-23 12:13:44,432] {logging_mixin.py:104} INFO - [2026-09-23 12:13:44,432] {dag.py:2280} INFO - Setting next_dagrun for example_xcom_args_with_operators to None
[2026-09-23 12:13:44,450] {scheduler_job.py:190} INFO - Processing /home/airflow/.local/lib/python3.6/site-packages/airflow/example_dags/example_xcomargs.py took 0.095 seconds
