[2026-09-23 11:22:12,115] {scheduler_job.py:182} INFO - Started process (PID=33) to work on /home/airflow/.local/lib/python3.6/site-packages/airflow/example_dags/example_bash_operator.py
[2026-09-23 11:22:12,117] {scheduler_job.py:629} INFO - Processing file /home/airflow/.local/lib/python3.6/site-packages/airflow/example_dags/example_bash_operator.py for tasks to queue
[2026-09-23 11:22:12,119] {logging_mixin.py:104} INFO - [2026-09-23 11:22:12,119] {dagbag.py:451} INFO - Filling up the DagBag from /home/airflow/.local/lib/python3.6/site-packages/airflow/example_dags/example_bash_operator.py
[2026-09-23 11:22:12,153] {scheduler_job.py:639} INFO - DAG(s) dict_keys(['example_bash_operator']) retrieved from /home/airflow/.local/lib/python3.6/site-packages/airflow/example_dags/example_bash_operator.py
[2026-09-23 11:22:12,226] {logging_mixin.py:104} INFO - [2026-09-23 11:22:12,226] {dag.py:1824} INFO - Sync 1 DAGs
[2026-09-23 11:22:12,273] {logging_mixin.py:104} INFO - [2026-09-23 11:22:12,273] {dag.py:2280} INFO - Setting next_dagrun for example_bash_operator to 2026-09-21 00:00:00+00:00
[2026-09-23 11:22:12,300] {scheduler_job.py:190} INFO - Processing /home/airflow/.local/lib/python3.6/site-packages/airflow/example_dags/example_bash_operator.py took 0.192 seconds
[2026-09-23 11:22:42,403] {scheduler_job.py:182} INFO - Started process (PID=58) to work on /home/airflow/.local/lib/python3.6/site-packages/airflow/example_dags/example_bash_operator.py
[2026-09-23 11:22:42,404] {scheduler_job.py:629} INFO - Processing file /home/airflow/.local/lib/python3.6/site-packages/airflow/example_dags/example_bash_operator.py for tasks to queue
[2026-09-23 11:22:42,404] {logging_mixin.py:104} INFO - [2026-09-23 11:22:42,404] {dagbag.py:451} INFO - Filling up the DagBag from /home/airflow/.local/lib/python3.6/site-packages/airflow/example_dags/example_bash_operator.py
[2026-09-23 11:22:42,419] {scheduler_job.py:639} INFO - DAG(s) dict_keys(['example_bash_operator']) retrieved from /home/airflow/.local/lib/python3.6/site-packages/airflow/example_dags/example_bash_operator.py
[2026-09-23 11:22:42,442] {logging_mixin.py:104} INFO - [2026-09-23 11:22:42,442] {dag.py:1824} INFO - Sync 1 DAGs
[2026-09-23 11:22:42,466] {logging_mixin.py:104} INFO - [2026-09-23 11:22:42,466] {dag.py:2280} INFO - Setting next_dagrun for example_bash_operator to 2026-09-21 00:00:00+00:00
[2026-09-23 11:22:42,481] {scheduler_job.py:190} INFO - Processing /home/airflow/.local/lib/python3.6/site-packages/airflow/example_dags/example_bash_operator.py took 0.082 seconds
[2026-09-23 11:23:13,153] {scheduler_job.py:182} INFO - Started process (PID=85) to work on /home/airflow/.local/lib/python3.6/site-packages/airflow/example_dags/example_bash_operator.py
[2026-09-23 11:23:13,155] {scheduler_job.py:629} INFO - Processing file /home/airflow/.local/lib/python3.6/site-packages/airflow/example_dags/example_bash_operator.py for tasks to queue
[2026-09-23 11:23:13,156] {logging_mixin.py:104} INFO - [2026-09-23 11:23:13,156] {dagbag.py:451} INFO - Filling up the DagBag from /home/airflow/.local/lib/python3.6/site-packages/airflow/example_dags/example_bash_operator.py
[2026-09-23 11:23:13,180] {scheduler_job.py:639} INFO - DAG(s) dict_keys(['example_bash_operator']) retrieved from /home/airflow/.local/lib/python3.6/site-packages/airflow/example_dags/example_bash_operator.py
[2026-09-23 11:23:13,212] {logging_mixin.py:104} INFO - [2026-09-23 11:23:13,212] {dag.py:1824} INFO - Sync 1 DAGs
[2026-09-23 11:23:13,242] {logging_mixin.py:104} INFO - [2026-09-23 11:23:13,242] {dag.py:2280} INFO - Setting next_dagrun for example_bash_operator to 2026-09-21 00:00:00+00:00
[2026-09-23 11:23:13,257] {scheduler_job.py:190} INFO - Processing /home/airflow/.local/lib/python3.6/site-packages/airflow/example_dags/example_bash_operator.py took 0.109 seconds
[2026-09-23 11:23:44,195] {scheduler_job.py:182} INFO - Started process (PID=111) to work on /home/airflow/.local/lib/python3.6/site-packages/airflow/example_dags/example_bash_operator.py
[2026-09-23 11:23:44,197] {scheduler_job.py:629} INFO - Processing file /home/airflow/.local/lib/python3.6/site-packages/airflow/example_dags/example_bash_operator.py for tasks to queue
[2026-09-23 11:23:44,198] {logging_mixin.py:104} INFO - [2026-09-23 11:23:44,198] {dagbag.py:451} INFO - Filling up the DagBag from /home/airflow/.local/lib/python3.6/site-packages/airflow/example_dags/example_bash_operator.py
[2026-09-23 11:23:44,217] {scheduler_job.py:639} INFO - DAG(s) dict_keys(['example_bash_operator']) retrieved from /home/airflow/.local/lib/python3.6/site-packages/airflow/example_dags/example_bash_operator.py
[2026-09-23 11:23:44,247] {logging_mixin.py:104} INFO - [2026-09-23 11:23:44,247] {dag.py:1824} INFO - Sync 1 DAGs
[2026-09-23 11:23:44,279] {logging_mixin.py:104} INFO - [2026-09-23 11:23:44,279] {dag.py:2280} INFO - Setting next_dagrun for example_bash_operator to 2026-09-21 00:00:00+00:00
[2026-09-23 11:23:44,298] {scheduler_job.py:190} INFO - Processing /home/airflow/.local/lib/python3.6/site-packages/airflow/example_dags/example_bash_operator.py took 0.108 seconds
[2026-09-23 11:24:14,953] {scheduler_job.py:182} INFO - Started process (PID=137) to work on /home/airflow/.local/lib/python3.6/site-packages/airflow/example_dags/example_bash_operator.py
[2026-09-23 11:24:14,954] {scheduler_job.py:629} INFO - Processing file /home/airflow/.local/lib/python3.6/site-packages/airflow/example_dags/example_bash_operator.py for tasks to queue
[2026-09-23 11:24:14,955] {logging_mixin.py:104} INFO - [2026-09-23 11:24:14,955] {dagbag.py:451} INFO - Filling up the DagBag from /home/airflow/.local/lib/python3.6/site-packages/airflow/example_dags/example_bash_operator.py
[2026-09-23 11:24:14,971] {scheduler_job.py:639} INFO - DAG(s) dict_keys(['example_bash_operator']) retrieved from /home/airflow/.local/lib/python3.6/site-packages/airflow/example_dags/example_bash_operator.py
[2026-09-23 11:24:14,996] {logging_mixin.py:104} INFO - [2026-09-23 11:24:14,995] {dag.py:1824} INFO - Sync 1 DAGs
[2026-09-23 11:24:15,022] {logging_mixin.py:104} INFO - [2026-09-23 11:24:15,021] {dag.py:2280} INFO - Setting next_dagrun for example_bash_operator to 2026-09-21 00:00:00+00:00
[2026-09-23 11:24:15,039] {scheduler_job.py:190} INFO - Processing /home/airflow/.local/lib/python3.6/site-packages/airflow/example_dags/example_bash_operator.py took 0.090 seconds
[2026-09-23 11:24:45,579] {scheduler_job.py:182} INFO - Started process (PID=163) to work on /home/airflow/.local/lib/python3.6/site-packages/airflow/example_dags/example_bash_operator.py
[2026-09-23 11:24:45,581] {scheduler_job.py:629} INFO - Processing file /home/airflow/.local/lib/python3.6/site-packages/airflow/example_dags/example_bash_operator.py for tasks to queue
[2026-09-23 11:24:45,582] {logging_mixin.py:104} INFO - [2026-09-23 11:24:45,581] {dagbag.py:451} INFO - Filling up the DagBag from /home/airflow/.local/lib/python3.6/site-packages/airflow/example_dags/example_bash_operator.py
[2026-09-23 11:24:45,596] {scheduler_job.py:639} INFO - DAG(s) dict_keys(['example_bash_operator']) retrieved from /home/airflow/.local/lib/python3.6/site-packages/airflow/example_dags/example_bash_operator.py
[2026-09-23 11:24:45,626] {logging_mixin.py:104} INFO - [2026-09-23 11:24:45,626] {dag.py:1824} INFO - Sync 1 DAGs
[2026-09-23 11:24:45,669] {logging_mixin.py:104} INFO - [2026-09-23 11:24:45,669] {dag.py:2280} INFO - Setting next_dagrun for example_bash_operator to 2026-09-21 00:00:00+00:00
[2026-09-23 11:24:45,686] {scheduler_job.py:190} INFO - Processing /home/airflow/.local/lib/python3.6/site-packages/airflow/example_dags/example_bash_operator.py took 0.111 seconds
[2026-09-23 11:25:16,092] {scheduler_job.py:182} INFO - Started process (PID=189) to work on /home/airflow/.local/lib/python3.6/site-packages/airflow/example_dags/example_bash_operator.py
[2026-09-23 11:25:16,093] {scheduler_job.py:629} INFO - Processing file /home/airflow/.local/lib/python3.6/site-packages/airflow/example_dags/example_bash_operator.py for tasks to queue
[2026-09-23 11:25:16,094] {logging_mixin.py:104} INFO - [2026-09-23 11:25:16,094] {dagbag.py:451} INFO - Filling up the DagBag from /home/airflow/.local/lib/python3.6/site-packages/airflow/example_dags/example_bash_operator.py
[2026-09-23 11:25:16,110] {scheduler_job.py:639} INFO - DAG(s) dict_keys(['example_bash_operator']) retrieved from /home/airflow/.local/lib/python3.6/site-packages/airflow/example_dags/example_bash_operator.py
[2026-09-23 11:25:16,136] {logging_mixin.py:104} INFO - [2026-09-23 11:25:16,135] {dag.py:1824} INFO - Sync 1 DAGs
[2026-09-23 11:25:16,166] {logging_mixin.py:104} INFO - [2026-09-23 11:25:16,166] {dag.py:2280} INFO - Setting next_dagrun for example_bash_operator to 2026-09-21 00:00:00+00:00
[2026-09-23 11:25:16,180] {scheduler_job.py:190} INFO - Processing /home/airflow/.local/lib/python3.6/site-packages/airflow/example_dags/example_bash_operator.py took 0.092 seconds
[2026-09-23 11:25:46,663] {scheduler_job.py:182} INFO - Started process (PID=215) to work on /home/airflow/.local/lib/python3.6/site-packages/airflow/example_dags/example_bash_operator.py
[2026-09-23 11:25:46,664] {scheduler_job.py:629} INFO - Processing file /home/airflow/.local/lib/python3.6/site-packages/airflow/example_dags/example_bash_operator.py for tasks to queue
[2026-09-23 11:25:46,665] {logging_mixin.py:104} INFO - [2026-09-23 11:25:46,665] {dagbag.py:451} INFO - Filling up the DagBag from /home/airflow/.local/lib/python3.6/site-packages/airflow/example_dags/example_bash_operator.py
[2026-09-23 11:25:46,681] {scheduler_job.py:639} INFO - DAG(s) dict_keys(['example_bash_operator']) retrieved from /home/airflow/.local/lib/python3.6/site-packages/airflow/example_dags/example_bash_operator.py
[2026-09-23 11:25:46,706] {logging_mixin.py:104} INFO - [2026-09-23 11:25:46,706] {dag.py:1824} INFO - Sync 1 DAGs
[2026-09-23 11:25:46,734] {logging_mixin.py:104} INFO - [2026-09-23 11:25:46,734] {dag.py:2280} INFO - Setting next_dagrun for example_bash_operator to 2026-09-21 00:00:00+00:00
[2026-09-23 11:25:46,750] {scheduler_job.py:190} INFO - Processing /home/airflow/.local/lib/python3.6/site-packages/airflow/example_dags/example_bash_operator.py took 0.092 seconds
[2026-09-23 11:26:17,147] {scheduler_job.py:182} INFO - Started process (PID=241) to work on /home/airflow/.local/lib/python3.6/site-packages/airflow/example_dags/example_bash_operator.py
[2026-09-23 11:26:17,148] {scheduler_job.py:629} INFO - Processing file /home/airflow/.local/lib/python3.6/site-packages/airflow/example_dags/example_bash_operator.py for tasks to queue
[2026-09-23 11:26:17,149] {logging_mixin.py:104} INFO - [2026-09-23 11:26:17,148] {dagbag.py:451} INFO - Filling up the DagBag from /home/airflow/.local/lib/python3.6/site-packages/airflow/example_dags/example_bash_operator.py
[2026-09-23 11:26:17,168] {scheduler_job.py:639} INFO - DAG(s) dict_keys(['example_bash_operator']) retrieved from /home/airflow/.local/lib/python3.6/site-packages/airflow/example_dags/example_bash_operator.py
[2026-09-23 11:26:17,201] {logging_mixin.py:104} INFO - [2026-09-23 11:26:17,201] {dag.py:1824} INFO - Sync 1 DAGs
[2026-09-23 11:26:17,238] {logging_mixin.py:104} INFO - [2026-09-23 11:26:17,238] {dag.py:2280} INFO - Setting next_dagrun for example_bash_operator to 2026-09-21 00:00:00+00:00
[2026-09-23 11:26:17,254] {scheduler_job.py:190} INFO - Processing /home/airflow/.local/lib/python3.6/site-packages/airflow/example_dags/example_bash_operator.py took 0.111 seconds
[2026-09-23 11:26:47,832] {scheduler_job.py:182} INFO - Started process (PID=267) to work on /home/airflow/.local/lib/python3.6/site-packages/airflow/example_dags/example_bash_operator.py
[2026-09-23 11:26:47,833] {scheduler_job.py:629} INFO - Processing file /home/airflow/.local/lib/python3.6/site-packages/airflow/example_dags/example_bash_operator.py for tasks to queue
[2026-09-23 11:26:47,834] {logging_mixin.py:104} INFO - [2026-09-23 11:26:47,833] {dagbag.py:451} INFO - Filling up the DagBag from /home/airflow/.local/lib/python3.6/site-packages/airflow/example_dags/example_bash_operator.py
[2026-09-23 11:26:47,850] {scheduler_job.py:639} INFO - DAG(s) dict_keys(['example_bash_operator']) retrieved from /home/airflow/.local/lib/python3.6/site-packages/airflow/example_dags/example_bash_operator.py
[2026-09-23 11:26:47,879] {logging_mixin.py:104} INFO - [2026-09-23 11:26:47,878] {dag.py:1824} INFO - Sync 1 DAGs
[2026-09-23 11:26:47,906] {logging_mixin.py:104} INFO - [2026-09-23 11:26:47,906] {dag.py:2280} INFO - Setting next_dagrun for example_bash_operator to 2026-09-21 00:00:00+00:00
[2026-09-23 11:26:47,918] {scheduler_job.py:190} INFO - Processing /home/airflow/.local/lib/python3.6/site-packages/airflow/example_dags/example_bash_operator.py took 0.090 seconds
[2026-09-23 11:27:18,739] {scheduler_job.py:182} INFO - Started process (PID=293) to work on /home/airflow/.local/lib/python3.6/site-packages/airflow/example_dags/example_bash_operator.py
[2026-09-23 11:27:18,741] {scheduler_job.py:629} INFO - Processing file /home/airflow/.local/lib/python3.6/site-packages/airflow/example_dags/example_bash_operator.py for tasks to queue
[2026-09-23 11:27:18,742] {logging_mixin.py:104} INFO - [2026-09-23 11:27:18,741] {dagbag.py:451} INFO - Filling up the DagBag from /home/airflow/.local/lib/python3.6/site-packages/airflow/example_dags/example_bash_operator.py
[2026-09-23 11:27:18,759] {scheduler_job.py:639} INFO - DAG(s) dict_keys(['example_bash_operator']) retrieved from /home/airflow/.local/lib/python3.6/site-packages/airflow/example_dags/example_bash_operator.py
[2026-09-23 11:27:18,793] {logging_mixin.py:104} INFO - [2026-09-23 11:27:18,793] {dag.py:1824} INFO - Sync 1 DAGs
[2026-09-23 11:27:18,836] {logging_mixin.py:104} INFO - [2026-09-23 11:27:18,836] {dag.py:2280} INFO - Setting next_dagrun for example_bash_operator to 2026-09-21 00:00:00+00:00
[2026-09-23 11:27:18,858] {scheduler_job.py:190} INFO - Processing /home/airflow/.local/lib/python3.6/site-packages/airflow/example_dags/example_bash_operator.py took 0.122 seconds
[2026-09-23 11:27:49,687] {scheduler_job.py:182} INFO - Started process (PID=319) to work on /home/airflow/.local/lib/python3.6/site-packages/airflow/example_dags/example_bash_operator.py
[2026-09-23 11:27:49,688] {scheduler_job.py:629} INFO - Processing file /home/airflow/.local/lib/python3.6/site-packages/airflow/example_dags/example_bash_operator.py for tasks to queue
[2026-09-23 11:27:49,689] {logging_mixin.py:104} INFO - [2026-09-23 11:27:49,689] {dagbag.py:451} INFO - Filling up the DagBag from /home/airflow/.local/lib/python3.6/site-packages/airflow/example_dags/example_bash_operator.py
[2026-09-23 11:27:49,708] {scheduler_job.py:639} INFO - DAG(s) dict_keys(['example_bash_operator']) retrieved from /home/airflow/.local/lib/python3.6/site-packages/airflow/example_dags/example_bash_operator.py
[2026-09-23 11:27:49,736] {logging_mixin.py:104} INFO - [2026-09-23 11:27:49,736] {dag.py:1824} INFO - Sync 1 DAGs
[2026-09-23 11:27:49,766] {logging_mixin.py:104} INFO - [2026-09-23 11:27:49,766] {dag.py:2280} INFO - Setting next_dagrun for example_bash_operator to 2026-09-21 00:00:00+00:00
[2026-09-23 11:27:49,778] {scheduler_job.py:190} INFO - Processing /home/airflow/.local/lib/python3.6/site-packages/airflow/example_dags/example_bash_operator.py took 0.095 seconds
[2026-09-23 11:28:20,783] {scheduler_job.py:182} INFO - Started process (PID=345) to work on /home/airflow/.local/lib/python3.6/site-packages/airflow/example_dags/example_bash_operator.py
[2026-09-23 11:28:20,784] {scheduler_job.py:629} INFO - Processing file /home/airflow/.local/lib/python3.6/site-packages/airflow/example_dags/example_bash_operator.py for tasks to queue
[2026-09-23 11:28:20,785] {logging_mixin.py:104} INFO - [2026-09-23 11:28:20,785] {dagbag.py:451} INFO - Filling up the DagBag from /home/airflow/.local/lib/python3.6/site-packages/airflow/example_dags/example_bash_operator.py
[2026-09-23 11:28:20,807] {scheduler_job.py:639} INFO - DAG(s) dict_keys(['example_bash_operator']) retrieved from /home/airflow/.local/lib/python3.6/site-packages/airflow/example_dags/example_bash_operator.py
[2026-09-23 11:28:20,840] {logging_mixin.py:104} INFO - [2026-09-23 11:28:20,840] {dag.py:1824} INFO - Sync 1 DAGs
[2026-09-23 11:28:20,883] {logging_mixin.py:104} INFO - [2026-09-23 11:28:20,883] {dag.py:2280} INFO - Setting next_dagrun for example_bash_operator to 2026-09-21 00:00:00+00:00
[2026-09-23 11:28:20,906] {scheduler_job.py:190} INFO - Processing /home/airflow/.local/lib/python3.6/site-packages/airflow/example_dags/example_bash_operator.py took 0.129 seconds
[2026-09-23 11:28:51,869] {scheduler_job.py:182} INFO - Started process (PID=374) to work on /home/airflow/.local/lib/python3.6/site-packages/airflow/example_dags/example_bash_operator.py
[2026-09-23 11:28:51,871] {scheduler_job.py:629} INFO - Processing file /home/airflow/.local/lib/python3.6/site-packages/airflow/example_dags/example_bash_operator.py for tasks to queue
[2026-09-23 11:28:51,872] {logging_mixin.py:104} INFO - [2026-09-23 11:28:51,871] {dagbag.py:451} INFO - Filling up the DagBag from /home/airflow/.local/lib/python3.6/site-packages/airflow/example_dags/example_bash_operator.py
[2026-09-23 11:28:51,889] {scheduler_job.py:639} INFO - DAG(s) dict_keys(['example_bash_operator']) retrieved from /home/airflow/.local/lib/python3.6/site-packages/airflow/example_dags/example_bash_operator.py
[2026-09-23 11:28:51,920] {logging_mixin.py:104} INFO - [2026-09-23 11:28:51,919] {dag.py:1824} INFO - Sync 1 DAGs
[2026-09-23 11:28:51,955] {logging_mixin.py:104} INFO - [2026-09-23 11:28:51,955] {dag.py:2280} INFO - Setting next_dagrun for example_bash_operator to 2026-09-21 00:00:00+00:00
[2026-09-23 11:28:51,969] {scheduler_job.py:190} INFO - Processing /home/airflow/.local/lib/python3.6/site-packages/airflow/example_dags/example_bash_operator.py took 0.104 seconds
[2026-09-23 11:29:22,406] {scheduler_job.py:182} INFO - Started process (PID=400) to work on /home/airflow/.local/lib/python3.6/site-packages/airflow/example_dags/example_bash_operator.py
[2026-09-23 11:29:22,408] {scheduler_job.py:629} INFO - Processing file /home/airflow/.local/lib/python3.6/site-packages/airflow/example_dags/example_bash_operator.py for tasks to queue
[2026-09-23 11:29:22,409] {logging_mixin.py:104} INFO - [2026-09-23 11:29:22,409] {dagbag.py:451} INFO - Filling up the DagBag from /home/airflow/.local/lib/python3.6/site-packages/airflow/example_dags/example_bash_operator.py
[2026-09-23 11:29:22,424] {scheduler_job.py:639} INFO - DAG(s) dict_keys(['example_bash_operator']) retrieved from /home/airflow/.local/lib/python3.6/site-packages/airflow/example_dags/example_bash_operator.py
[2026-09-23 11:29:22,449] {logging_mixin.py:104} INFO - [2026-09-23 11:29:22,449] {dag.py:1824} INFO - Sync 1 DAGs
[2026-09-23 11:29:22,477] {logging_mixin.py:104} INFO - [2026-09-23 11:29:22,477] {dag.py:2280} INFO - Setting next_dagrun for example_bash_operator to 2026-09-21 00:00:00+00:00
[2026-09-23 11:29:22,492] {scheduler_job.py:190} INFO - Processing /home/airflow/.local/lib/python3.6/site-packages/airflow/example_dags/example_bash_operator.py took 0.089 seconds
[2026-09-23 11:29:53,004] {scheduler_job.py:182} INFO - Started process (PID=426) to work on /home/airflow/.local/lib/python3.6/site-packages/airflow/example_dags/example_bash_operator.py
[2026-09-23 11:29:53,006] {scheduler_job.py:629} INFO - Processing file /home/airflow/.local/lib/python3.6/site-packages/airflow/example_dags/example_bash_operator.py for tasks to queue
[2026-09-23 11:29:53,006] {logging_mixin.py:104} INFO - [2026-09-23 11:29:53,006] {dagbag.py:451} INFO - Filling up the DagBag from /home/airflow/.local/lib/python3.6/site-packages/airflow/example_dags/example_bash_operator.py
[2026-09-23 11:29:53,022] {scheduler_job.py:639} INFO - DAG(s) dict_keys(['example_bash_operator']) retrieved from /home/airflow/.local/lib/python3.6/site-packages/airflow/example_dags/example_bash_operator.py
[2026-09-23 11:29:53,054] {logging_mixin.py:104} INFO - [2026-09-23 11:29:53,053] {dag.py:1824} INFO - Sync 1 DAGs
[2026-09-23 11:29:53,093] {logging_mixin.py:104} INFO - [2026-09-23 11:29:53,093] {dag.py:2280} INFO - Setting next_dagrun for example_bash_operator to 2026-09-21 00:00:00+00:00
[2026-09-23 11:29:53,113] {scheduler_job.py:190} INFO - Processing /home/airflow/.local/lib/python3.6/site-packages/airflow/example_dags/example_bash_operator.py took 0.113 seconds
[2026-09-23 11:30:23,642] {scheduler_job.py:182} INFO - Started process (PID=452) to work on /home/airflow/.local/lib/python3.6/site-packages/airflow/example_dags/example_bash_operator.py
[2026-09-23 11:30:23,644] {scheduler_job.py:629} INFO - Processing file /home/airflow/.local/lib/python3.6/site-packages/airflow/example_dags/example_bash_operator.py for tasks to queue
[2026-09-23 11:30:23,645] {logging_mixin.py:104} INFO - [2026-09-23 11:30:23,645] {dagbag.py:451} INFO - Filling up the DagBag from /home/airflow/.local/lib/python3.6/site-packages/airflow/example_dags/example_bash_operator.py
[2026-09-23 11:30:23,673] {scheduler_job.py:639} INFO - DAG(s) dict_keys(['example_bash_operator']) retrieved from /home/airflow/.local/lib/python3.6/site-packages/airflow/example_dags/example_bash_operator.py
[2026-09-23 11:30:23,713] {logging_mixin.py:104} INFO - [2026-09-23 11:30:23,713] {dag.py:1824} INFO - Sync 1 DAGs
[2026-09-23 11:30:23,753] {logging_mixin.py:104} INFO - [2026-09-23 11:30:23,753] {dag.py:2280} INFO - Setting next_dagrun for example_bash_operator to 2026-09-21 00:00:00+00:00
[2026-09-23 11:30:23,772] {scheduler_job.py:190} INFO - Processing /home/airflow/.local/lib/python3.6/site-packages/airflow/example_dags/example_bash_operator.py took 0.136 seconds
[2026-09-23 11:30:54,287] {scheduler_job.py:182} INFO - Started process (PID=478) to work on /home/airflow/.local/lib/python3.6/site-packages/airflow/example_dags/example_bash_operator.py
[2026-09-23 11:30:54,288] {scheduler_job.py:629} INFO - Processing file /home/airflow/.local/lib/python3.6/site-packages/airflow/example_dags/example_bash_operator.py for tasks to queue
[2026-09-23 11:30:54,289] {logging_mixin.py:104} INFO - [2026-09-23 11:30:54,289] {dagbag.py:451} INFO - Filling up the DagBag from /home/airflow/.local/lib/python3.6/site-packages/airflow/example_dags/example_bash_operator.py
[2026-09-23 11:30:54,306] {scheduler_job.py:639} INFO - DAG(s) dict_keys(['example_bash_operator']) retrieved from /home/airflow/.local/lib/python3.6/site-packages/airflow/example_dags/example_bash_operator.py
[2026-09-23 11:30:54,330] {logging_mixin.py:104} INFO - [2026-09-23 11:30:54,330] {dag.py:1824} INFO - Sync 1 DAGs
[2026-09-23 11:30:54,363] {logging_mixin.py:104} INFO - [2026-09-23 11:30:54,362] {dag.py:2280} INFO - Setting next_dagrun for example_bash_operator to 2026-09-21 00:00:00+00:00
[2026-09-23 11:30:54,380] {scheduler_job.py:190} INFO - Processing /home/airflow/.local/lib/python3.6/site-packages/airflow/example_dags/example_bash_operator.py took 0.096 seconds
[2026-09-23 11:31:24,850] {scheduler_job.py:182} INFO - Started process (PID=504) to work on /home/airflow/.local/lib/python3.6/site-packages/airflow/example_dags/example_bash_operator.py
[2026-09-23 11:31:24,851] {scheduler_job.py:629} INFO - Processing file /home/airflow/.local/lib/python3.6/site-packages/airflow/example_dags/example_bash_operator.py for tasks to queue
[2026-09-23 11:31:24,852] {logging_mixin.py:104} INFO - [2026-09-23 11:31:24,852] {dagbag.py:451} INFO - Filling up the DagBag from /home/airflow/.local/lib/python3.6/site-packages/airflow/example_dags/example_bash_operator.py
[2026-09-23 11:31:24,872] {scheduler_job.py:639} INFO - DAG(s) dict_keys(['example_bash_operator']) retrieved from /home/airflow/.local/lib/python3.6/site-packages/airflow/example_dags/example_bash_operator.py
[2026-09-23 11:31:24,900] {logging_mixin.py:104} INFO - [2026-09-23 11:31:24,900] {dag.py:1824} INFO - Sync 1 DAGs
[2026-09-23 11:31:24,928] {logging_mixin.py:104} INFO - [2026-09-23 11:31:24,928] {dag.py:2280} INFO - Setting next_dagrun for example_bash_operator to 2026-09-21 00:00:00+00:00
[2026-09-23 11:31:24,943] {scheduler_job.py:190} INFO - Processing /home/airflow/.local/lib/python3.6/site-packages/airflow/example_dags/example_bash_operator.py took 0.097 seconds
[2026-09-23 11:31:55,366] {scheduler_job.py:182} INFO - Started process (PID=530) to work on /home/airflow/.local/lib/python3.6/site-packages/airflow/example_dags/example_bash_operator.py
[2026-09-23 11:31:55,368] {scheduler_job.py:629} INFO - Processing file /home/airflow/.local/lib/python3.6/site-packages/airflow/example_dags/example_bash_operator.py for tasks to queue
[2026-09-23 11:31:55,368] {logging_mixin.py:104} INFO - [2026-09-23 11:31:55,368] {dagbag.py:451} INFO - Filling up the DagBag from /home/airflow/.local/lib/python3.6/site-packages/airflow/example_dags/example_bash_operator.py
[2026-09-23 11:31:55,391] {scheduler_job.py:639} INFO - DAG(s) dict_keys(['example_bash_operator']) retrieved from /home/airflow/.local/lib/python3.6/site-packages/airflow/example_dags/example_bash_operator.py
[2026-09-23 11:31:55,422] {logging_mixin.py:104} INFO - [2026-09-23 11:31:55,422] {dag.py:1824} INFO - Sync 1 DAGs
[2026-09-23 11:31:55,454] {logging_mixin.py:104} INFO - [2026-09-23 11:31:55,454] {dag.py:2280} INFO - Setting next_dagrun for example_bash_operator to 2026-09-21 00:00:00+00:00
[2026-09-23 11:31:55,472] {scheduler_job.py:190} INFO - Processing /home/airflow/.local/lib/python3.6/site-packages/airflow/example_dags/example_bash_operator.py took 0.109 seconds
[2026-09-23 11:32:25,876] {scheduler_job.py:182} INFO - Started process (PID=556) to work on /home/airflow/.local/lib/python3.6/site-packages/airflow/example_dags/example_bash_operator.py
[2026-09-23 11:32:25,877] {scheduler_job.py:629} INFO - Processing file /home/airflow/.local/lib/python3.6/site-packages/airflow/example_dags/example_bash_operator.py for tasks to queue
[2026-09-23 11:32:25,878] {logging_mixin.py:104} INFO - [2026-09-23 11:32:25,878] {dagbag.py:451} INFO - Filling up the DagBag from /home/airflow/.local/lib/python3.6/site-packages/airflow/example_dags/example_bash_operator.py
[2026-09-23 11:32:25,895] {scheduler_job.py:639} INFO - DAG(s) dict_keys(['example_bash_operator']) retrieved from /home/airflow/.local/lib/python3.6/site-packages/airflow/example_dags/example_bash_operator.py
[2026-09-23 11:32:25,920] {logging_mixin.py:104} INFO - [2026-09-23 11:32:25,919] {dag.py:1824} INFO - Sync 1 DAGs
[2026-09-23 11:32:25,950] {logging_mixin.py:104} INFO - [2026-09-23 11:32:25,949] {dag.py:2280} INFO - Setting next_dagrun for example_bash_operator to 2026-09-21 00:00:00+00:00
[2026-09-23 11:32:25,963] {scheduler_job.py:190} INFO - Processing /home/airflow/.local/lib/python3.6/site-packages/airflow/example_dags/example_bash_operator.py took 0.091 seconds
[2026-09-23 11:32:56,397] {scheduler_job.py:182} INFO - Started process (PID=582) to work on /home/airflow/.local/lib/python3.6/site-packages/airflow/example_dags/example_bash_operator.py
[2026-09-23 11:32:56,399] {scheduler_job.py:629} INFO - Processing file /home/airflow/.local/lib/python3.6/site-packages/airflow/example_dags/example_bash_operator.py for tasks to queue
[2026-09-23 11:32:56,400] {logging_mixin.py:104} INFO - [2026-09-23 11:32:56,399] {dagbag.py:451} INFO - Filling up the DagBag from /home/airflow/.local/lib/python3.6/site-packages/airflow/example_dags/example_bash_operator.py
[2026-09-23 11:32:56,416] {scheduler_job.py:639} INFO - DAG(s) dict_keys(['example_bash_operator']) retrieved from /home/airflow/.local/lib/python3.6/site-packages/airflow/example_dags/example_bash_operator.py
[2026-09-23 11:32:56,443] {logging_mixin.py:104} INFO - [2026-09-23 11:32:56,443] {dag.py:1824} INFO - Sync 1 DAGs
[2026-09-23 11:32:56,477] {logging_mixin.py:104} INFO - [2026-09-23 11:32:56,476] {dag.py:2280} INFO - Setting next_dagrun for example_bash_operator to 2026-09-21 00:00:00+00:00
[2026-09-23 11:32:56,490] {scheduler_job.py:190} INFO - Processing /home/airflow/.local/lib/python3.6/site-packages/airflow/example_dags/example_bash_operator.py took 0.096 seconds
[2026-09-23 11:33:26,921] {scheduler_job.py:182} INFO - Started process (PID=608) to work on /home/airflow/.local/lib/python3.6/site-packages/airflow/example_dags/example_bash_operator.py
[2026-09-23 11:33:26,923] {scheduler_job.py:629} INFO - Processing file /home/airflow/.local/lib/python3.6/site-packages/airflow/example_dags/example_bash_operator.py for tasks to queue
[2026-09-23 11:33:26,924] {logging_mixin.py:104} INFO - [2026-09-23 11:33:26,924] {dagbag.py:451} INFO - Filling up the DagBag from /home/airflow/.local/lib/python3.6/site-packages/airflow/example_dags/example_bash_operator.py
[2026-09-23 11:33:26,949] {scheduler_job.py:639} INFO - DAG(s) dict_keys(['example_bash_operator']) retrieved from /home/airflow/.local/lib/python3.6/site-packages/airflow/example_dags/example_bash_operator.py
[2026-09-23 11:33:26,982] {logging_mixin.py:104} INFO - [2026-09-23 11:33:26,982] {dag.py:1824} INFO - Sync 1 DAGs
[2026-09-23 11:33:27,025] {logging_mixin.py:104} INFO - [2026-09-23 11:33:27,025] {dag.py:2280} INFO - Setting next_dagrun for example_bash_operator to 2026-09-21 00:00:00+00:00
[2026-09-23 11:33:27,043] {scheduler_job.py:190} INFO - Processing /home/airflow/.local/lib/python3.6/site-packages/airflow/example_dags/example_bash_operator.py took 0.127 seconds
[2026-09-23 11:33:57,606] {scheduler_job.py:182} INFO - Started process (PID=637) to work on /home/airflow/.local/lib/python3.6/site-packages/airflow/example_dags/example_bash_operator.py
[2026-09-23 11:33:57,607] {scheduler_job.py:629} INFO - Processing file /home/airflow/.local/lib/python3.6/site-packages/airflow/example_dags/example_bash_operator.py for tasks to queue
[2026-09-23 11:33:57,608] {logging_mixin.py:104} INFO - [2026-09-23 11:33:57,608] {dagbag.py:451} INFO - Filling up the DagBag from /home/airflow/.local/lib/python3.6/site-packages/airflow/example_dags/example_bash_operator.py
[2026-09-23 11:33:57,629] {scheduler_job.py:639} INFO - DAG(s) dict_keys(['example_bash_operator']) retrieved from /home/airflow/.local/lib/python3.6/site-packages/airflow/example_dags/example_bash_operator.py
[2026-09-23 11:33:57,661] {logging_mixin.py:104} INFO - [2026-09-23 11:33:57,661] {dag.py:1824} INFO - Sync 1 DAGs
[2026-09-23 11:33:57,696] {logging_mixin.py:104} INFO - [2026-09-23 11:33:57,696] {dag.py:2280} INFO - Setting next_dagrun for example_bash_operator to 2026-09-21 00:00:00+00:00
[2026-09-23 11:33:57,717] {scheduler_job.py:190} INFO - Processing /home/airflow/.local/lib/python3.6/site-packages/airflow/example_dags/example_bash_operator.py took 0.115 seconds
[2026-09-23 11:34:28,311] {scheduler_job.py:182} INFO - Started process (PID=665) to work on /home/airflow/.local/lib/python3.6/site-packages/airflow/example_dags/example_bash_operator.py
[2026-09-23 11:34:28,314] {scheduler_job.py:629} INFO - Processing file /home/airflow/.local/lib/python3.6/site-packages/airflow/example_dags/example_bash_operator.py for tasks to queue
[2026-09-23 11:34:28,314] {logging_mixin.py:104} INFO - [2026-09-23 11:34:28,314] {dagbag.py:451} INFO - Filling up the DagBag from /home/airflow/.local/lib/python3.6/site-packages/airflow/example_dags/example_bash_operator.py
[2026-09-23 11:34:28,333] {scheduler_job.py:639} INFO - DAG(s) dict_keys(['example_bash_operator']) retrieved from /home/airflow/.local/lib/python3.6/site-packages/airflow/example_dags/example_bash_operator.py
[2026-09-23 11:34:28,364] {logging_mixin.py:104} INFO - [2026-09-23 11:34:28,364] {dag.py:1824} INFO - Sync 1 DAGs
[2026-09-23 11:34:28,409] {logging_mixin.py:104} INFO - [2026-09-23 11:34:28,409] {dag.py:2280} INFO - Setting next_dagrun for example_bash_operator to 2026-09-21 00:00:00+00:00
[2026-09-23 11:34:28,426] {scheduler_job.py:190} INFO - Processing /home/airflow/.local/lib/python3.6/site-packages/airflow/example_dags/example_bash_operator.py took 0.120 seconds
[2026-09-23 11:34:58,858] {scheduler_job.py:182} INFO - Started process (PID=689) to work on /home/airflow/.local/lib/python3.6/site-packages/airflow/example_dags/example_bash_operator.py
[2026-09-23 11:34:58,859] {scheduler_job.py:629} INFO - Processing file /home/airflow/.local/lib/python3.6/site-packages/airflow/example_dags/example_bash_operator.py for tasks to queue
[2026-09-23 11:34:58,860] {logging_mixin.py:104} INFO - [2026-09-23 11:34:58,860] {dagbag.py:451} INFO - Filling up the DagBag from /home/airflow/.local/lib/python3.6/site-packages/airflow/example_dags/example_bash_operator.py
[2026-09-23 11:34:58,876] {scheduler_job.py:639} INFO - DAG(s) dict_keys(['example_bash_operator']) retrieved from /home/airflow/.local/lib/python3.6/site-packages/airflow/example_dags/example_bash_operator.py
[2026-09-23 11:34:58,903] {logging_mixin.py:104} INFO - [2026-09-23 11:34:58,903] {dag.py:1824} INFO - Sync 1 DAGs
[2026-09-23 11:34:58,929] {logging_mixin.py:104} INFO - [2026-09-23 11:34:58,929] {dag.py:2280} INFO - Setting next_dagrun for example_bash_operator to 2026-09-21 00:00:00+00:00
[2026-09-23 11:34:58,945] {scheduler_job.py:190} INFO - Processing /home/airflow/.local/lib/python3.6/site-packages/airflow/example_dags/example_bash_operator.py took 0.091 seconds
[2026-09-23 11:35:29,538] {scheduler_job.py:182} INFO - Started process (PID=714) to work on /home/airflow/.local/lib/python3.6/site-packages/airflow/example_dags/example_bash_operator.py
[2026-09-23 11:35:29,540] {scheduler_job.py:629} INFO - Processing file /home/airflow/.local/lib/python3.6/site-packages/airflow/example_dags/example_bash_operator.py for tasks to queue
[2026-09-23 11:35:29,541] {logging_mixin.py:104} INFO - [2026-09-23 11:35:29,540] {dagbag.py:451} INFO - Filling up the DagBag from /home/airflow/.local/lib/python3.6/site-packages/airflow/example_dags/example_bash_operator.py
[2026-09-23 11:35:29,567] {scheduler_job.py:639} INFO - DAG(s) dict_keys(['example_bash_operator']) retrieved from /home/airflow/.local/lib/python3.6/site-packages/airflow/example_dags/example_bash_operator.py
[2026-09-23 11:35:29,608] {logging_mixin.py:104} INFO - [2026-09-23 11:35:29,608] {dag.py:1824} INFO - Sync 1 DAGs
[2026-09-23 11:35:29,654] {logging_mixin.py:104} INFO - [2026-09-23 11:35:29,654] {dag.py:2280} INFO - Setting next_dagrun for example_bash_operator to 2026-09-21 00:00:00+00:00
[2026-09-23 11:35:29,676] {scheduler_job.py:190} INFO - Processing /home/airflow/.local/lib/python3.6/site-packages/airflow/example_dags/example_bash_operator.py took 0.144 seconds
[2026-09-23 11:35:59,821] {scheduler_job.py:182} INFO - Started process (PID=740) to work on /home/airflow/.local/lib/python3.6/site-packages/airflow/example_dags/example_bash_operator.py
[2026-09-23 11:35:59,822] {scheduler_job.py:629} INFO - Processing file /home/airflow/.local/lib/python3.6/site-packages/airflow/example_dags/example_bash_operator.py for tasks to queue
[2026-09-23 11:35:59,823] {logging_mixin.py:104} INFO - [2026-09-23 11:35:59,823] {dagbag.py:451} INFO - Filling up the DagBag from /home/airflow/.local/lib/python3.6/site-packages/airflow/example_dags/example_bash_operator.py
[2026-09-23 11:35:59,839] {scheduler_job.py:639} INFO - DAG(s) dict_keys(['example_bash_operator']) retrieved from /home/airflow/.local/lib/python3.6/site-packages/airflow/example_dags/example_bash_operator.py
[2026-09-23 11:35:59,872] {logging_mixin.py:104} INFO - [2026-09-23 11:35:59,872] {dag.py:1824} INFO - Sync 1 DAGs
[2026-09-23 11:35:59,908] {logging_mixin.py:104} INFO - [2026-09-23 11:35:59,908] {dag.py:2280} INFO - Setting next_dagrun for example_bash_operator to 2026-09-21 00:00:00+00:00
[2026-09-23 11:35:59,926] {scheduler_job.py:190} INFO - Processing /home/airflow/.local/lib/python3.6/site-packages/airflow/example_dags/example_bash_operator.py took 0.109 seconds
[2026-09-23 11:36:30,496] {scheduler_job.py:182} INFO - Started process (PID=766) to work on /home/airflow/.local/lib/python3.6/site-packages/airflow/example_dags/example_bash_operator.py
[2026-09-23 11:36:30,497] {scheduler_job.py:629} INFO - Processing file /home/airflow/.local/lib/python3.6/site-packages/airflow/example_dags/example_bash_operator.py for tasks to queue
[2026-09-23 11:36:30,498] {logging_mixin.py:104} INFO - [2026-09-23 11:36:30,498] {dagbag.py:451} INFO - Filling up the DagBag from /home/airflow/.local/lib/python3.6/site-packages/airflow/example_dags/example_bash_operator.py
[2026-09-23 11:36:30,543] {scheduler_job.py:639} INFO - DAG(s) dict_keys(['example_bash_operator']) retrieved from /home/airflow/.local/lib/python3.6/site-packages/airflow/example_dags/example_bash_operator.py
[2026-09-23 11:36:30,588] {logging_mixin.py:104} INFO - [2026-09-23 11:36:30,588] {dag.py:1824} INFO - Sync 1 DAGs
[2026-09-23 11:36:30,640] {logging_mixin.py:104} INFO - [2026-09-23 11:36:30,639] {dag.py:2280} INFO - Setting next_dagrun for example_bash_operator to 2026-09-21 00:00:00+00:00
[2026-09-23 11:36:30,669] {scheduler_job.py:190} INFO - Processing /home/airflow/.local/lib/python3.6/site-packages/airflow/example_dags/example_bash_operator.py took 0.179 seconds
[2026-09-23 11:37:00,948] {scheduler_job.py:182} INFO - Started process (PID=793) to work on /home/airflow/.local/lib/python3.6/site-packages/airflow/example_dags/example_bash_operator.py
[2026-09-23 11:37:00,950] {scheduler_job.py:629} INFO - Processing file /home/airflow/.local/lib/python3.6/site-packages/airflow/example_dags/example_bash_operator.py for tasks to queue
[2026-09-23 11:37:00,951] {logging_mixin.py:104} INFO - [2026-09-23 11:37:00,951] {dagbag.py:451} INFO - Filling up the DagBag from /home/airflow/.local/lib/python3.6/site-packages/airflow/example_dags/example_bash_operator.py
[2026-09-23 11:37:00,977] {scheduler_job.py:639} INFO - DAG(s) dict_keys(['example_bash_operator']) retrieved from /home/airflow/.local/lib/python3.6/site-packages/airflow/example_dags/example_bash_operator.py
[2026-09-23 11:37:01,011] {logging_mixin.py:104} INFO - [2026-09-23 11:37:01,011] {dag.py:1824} INFO - Sync 1 DAGs
[2026-09-23 11:37:01,041] {logging_mixin.py:104} INFO - [2026-09-23 11:37:01,041] {dag.py:2280} INFO - Setting next_dagrun for example_bash_operator to 2026-09-21 00:00:00+00:00
[2026-09-23 11:37:01,059] {scheduler_job.py:190} INFO - Processing /home/airflow/.local/lib/python3.6/site-packages/airflow/example_dags/example_bash_operator.py took 0.116 seconds
[2026-09-23 11:37:31,174] {scheduler_job.py:182} INFO - Started process (PID=819) to work on /home/airflow/.local/lib/python3.6/site-packages/airflow/example_dags/example_bash_operator.py
[2026-09-23 11:37:31,175] {scheduler_job.py:629} INFO - Processing file /home/airflow/.local/lib/python3.6/site-packages/airflow/example_dags/example_bash_operator.py for tasks to queue
[2026-09-23 11:37:31,176] {logging_mixin.py:104} INFO - [2026-09-23 11:37:31,176] {dagbag.py:451} INFO - Filling up the DagBag from /home/airflow/.local/lib/python3.6/site-packages/airflow/example_dags/example_bash_operator.py
[2026-09-23 11:37:31,197] {scheduler_job.py:639} INFO - DAG(s) dict_keys(['example_bash_operator']) retrieved from /home/airflow/.local/lib/python3.6/site-packages/airflow/example_dags/example_bash_operator.py
[2026-09-23 11:37:31,227] {logging_mixin.py:104} INFO - [2026-09-23 11:37:31,227] {dag.py:1824} INFO - Sync 1 DAGs
[2026-09-23 11:37:31,261] {logging_mixin.py:104} INFO - [2026-09-23 11:37:31,260] {dag.py:2280} INFO - Setting next_dagrun for example_bash_operator to 2026-09-21 00:00:00+00:00
[2026-09-23 11:37:31,281] {scheduler_job.py:190} INFO - Processing /home/airflow/.local/lib/python3.6/site-packages/airflow/example_dags/example_bash_operator.py took 0.112 seconds
[2026-09-23 11:38:01,459] {scheduler_job.py:182} INFO - Started process (PID=845) to work on /home/airflow/.local/lib/python3.6/site-packages/airflow/example_dags/example_bash_operator.py
[2026-09-23 11:38:01,460] {scheduler_job.py:629} INFO - Processing file /home/airflow/.local/lib/python3.6/site-packages/airflow/example_dags/example_bash_operator.py for tasks to queue
[2026-09-23 11:38:01,462] {logging_mixin.py:104} INFO - [2026-09-23 11:38:01,461] {dagbag.py:451} INFO - Filling up the DagBag from /home/airflow/.local/lib/python3.6/site-packages/airflow/example_dags/example_bash_operator.py
[2026-09-23 11:38:01,484] {scheduler_job.py:639} INFO - DAG(s) dict_keys(['example_bash_operator']) retrieved from /home/airflow/.local/lib/python3.6/site-packages/airflow/example_dags/example_bash_operator.py
[2026-09-23 11:38:01,516] {logging_mixin.py:104} INFO - [2026-09-23 11:38:01,516] {dag.py:1824} INFO - Sync 1 DAGs
[2026-09-23 11:38:01,562] {logging_mixin.py:104} INFO - [2026-09-23 11:38:01,562] {dag.py:2280} INFO - Setting next_dagrun for example_bash_operator to 2026-09-21 00:00:00+00:00
[2026-09-23 11:38:01,584] {scheduler_job.py:190} INFO - Processing /home/airflow/.local/lib/python3.6/site-packages/airflow/example_dags/example_bash_operator.py took 0.131 seconds
[2026-09-23 11:38:31,946] {scheduler_job.py:182} INFO - Started process (PID=872) to work on /home/airflow/.local/lib/python3.6/site-packages/airflow/example_dags/example_bash_operator.py
[2026-09-23 11:38:31,948] {scheduler_job.py:629} INFO - Processing file /home/airflow/.local/lib/python3.6/site-packages/airflow/example_dags/example_bash_operator.py for tasks to queue
[2026-09-23 11:38:31,949] {logging_mixin.py:104} INFO - [2026-09-23 11:38:31,949] {dagbag.py:451} INFO - Filling up the DagBag from /home/airflow/.local/lib/python3.6/site-packages/airflow/example_dags/example_bash_operator.py
[2026-09-23 11:38:31,976] {scheduler_job.py:639} INFO - DAG(s) dict_keys(['example_bash_operator']) retrieved from /home/airflow/.local/lib/python3.6/site-packages/airflow/example_dags/example_bash_operator.py
[2026-09-23 11:38:32,013] {logging_mixin.py:104} INFO - [2026-09-23 11:38:32,012] {dag.py:1824} INFO - Sync 1 DAGs
[2026-09-23 11:38:32,055] {logging_mixin.py:104} INFO - [2026-09-23 11:38:32,055] {dag.py:2280} INFO - Setting next_dagrun for example_bash_operator to 2026-09-21 00:00:00+00:00
[2026-09-23 11:38:32,076] {scheduler_job.py:190} INFO - Processing /home/airflow/.local/lib/python3.6/site-packages/airflow/example_dags/example_bash_operator.py took 0.136 seconds
[2026-09-23 11:39:02,885] {scheduler_job.py:182} INFO - Started process (PID=900) to work on /home/airflow/.local/lib/python3.6/site-packages/airflow/example_dags/example_bash_operator.py
[2026-09-23 11:39:02,887] {scheduler_job.py:629} INFO - Processing file /home/airflow/.local/lib/python3.6/site-packages/airflow/example_dags/example_bash_operator.py for tasks to queue
[2026-09-23 11:39:02,888] {logging_mixin.py:104} INFO - [2026-09-23 11:39:02,888] {dagbag.py:451} INFO - Filling up the DagBag from /home/airflow/.local/lib/python3.6/site-packages/airflow/example_dags/example_bash_operator.py
[2026-09-23 11:39:02,926] {scheduler_job.py:639} INFO - DAG(s) dict_keys(['example_bash_operator']) retrieved from /home/airflow/.local/lib/python3.6/site-packages/airflow/example_dags/example_bash_operator.py
[2026-09-23 11:39:02,963] {logging_mixin.py:104} INFO - [2026-09-23 11:39:02,963] {dag.py:1824} INFO - Sync 1 DAGs
[2026-09-23 11:39:03,009] {logging_mixin.py:104} INFO - [2026-09-23 11:39:03,009] {dag.py:2280} INFO - Setting next_dagrun for example_bash_operator to 2026-09-21 00:00:00+00:00
[2026-09-23 11:39:03,037] {scheduler_job.py:190} INFO - Processing /home/airflow/.local/lib/python3.6/site-packages/airflow/example_dags/example_bash_operator.py took 0.160 seconds
[2026-09-23 11:39:33,297] {scheduler_job.py:182} INFO - Started process (PID=927) to work on /home/airflow/.local/lib/python3.6/site-packages/airflow/example_dags/example_bash_operator.py
[2026-09-23 11:39:33,301] {scheduler_job.py:629} INFO - Processing file /home/airflow/.local/lib/python3.6/site-packages/airflow/example_dags/example_bash_operator.py for tasks to queue
[2026-09-23 11:39:33,302] {logging_mixin.py:104} INFO - [2026-09-23 11:39:33,302] {dagbag.py:451} INFO - Filling up the DagBag from /home/airflow/.local/lib/python3.6/site-packages/airflow/example_dags/example_bash_operator.py
[2026-09-23 11:39:33,324] {scheduler_job.py:639} INFO - DAG(s) dict_keys(['example_bash_operator']) retrieved from /home/airflow/.local/lib/python3.6/site-packages/airflow/example_dags/example_bash_operator.py
[2026-09-23 11:39:33,367] {logging_mixin.py:104} INFO - [2026-09-23 11:39:33,366] {dag.py:1824} INFO - Sync 1 DAGs
[2026-09-23 11:39:33,410] {logging_mixin.py:104} INFO - [2026-09-23 11:39:33,410] {dag.py:2280} INFO - Setting next_dagrun for example_bash_operator to 2026-09-21 00:00:00+00:00
[2026-09-23 11:39:33,424] {scheduler_job.py:190} INFO - Processing /home/airflow/.local/lib/python3.6/site-packages/airflow/example_dags/example_bash_operator.py took 0.133 seconds
[2026-09-23 11:40:03,806] {scheduler_job.py:182} INFO - Started process (PID=953) to work on /home/airflow/.local/lib/python3.6/site-packages/airflow/example_dags/example_bash_operator.py
[2026-09-23 11:40:03,807] {scheduler_job.py:629} INFO - Processing file /home/airflow/.local/lib/python3.6/site-packages/airflow/example_dags/example_bash_operator.py for tasks to queue
[2026-09-23 11:40:03,809] {logging_mixin.py:104} INFO - [2026-09-23 11:40:03,808] {dagbag.py:451} INFO - Filling up the DagBag from /home/airflow/.local/lib/python3.6/site-packages/airflow/example_dags/example_bash_operator.py
[2026-09-23 11:40:03,836] {scheduler_job.py:639} INFO - DAG(s) dict_keys(['example_bash_operator']) retrieved from /home/airflow/.local/lib/python3.6/site-packages/airflow/example_dags/example_bash_operator.py
[2026-09-23 11:40:03,880] {logging_mixin.py:104} INFO - [2026-09-23 11:40:03,880] {dag.py:1824} INFO - Sync 1 DAGs
[2026-09-23 11:40:03,927] {logging_mixin.py:104} INFO - [2026-09-23 11:40:03,927] {dag.py:2280} INFO - Setting next_dagrun for example_bash_operator to 2026-09-21 00:00:00+00:00
[2026-09-23 11:40:03,946] {scheduler_job.py:190} INFO - Processing /home/airflow/.local/lib/python3.6/site-packages/airflow/example_dags/example_bash_operator.py took 0.146 seconds
[2026-09-23 11:40:34,334] {scheduler_job.py:182} INFO - Started process (PID=980) to work on /home/airflow/.local/lib/python3.6/site-packages/airflow/example_dags/example_bash_operator.py
[2026-09-23 11:40:34,336] {scheduler_job.py:629} INFO - Processing file /home/airflow/.local/lib/python3.6/site-packages/airflow/example_dags/example_bash_operator.py for tasks to queue
[2026-09-23 11:40:34,337] {logging_mixin.py:104} INFO - [2026-09-23 11:40:34,337] {dagbag.py:451} INFO - Filling up the DagBag from /home/airflow/.local/lib/python3.6/site-packages/airflow/example_dags/example_bash_operator.py
[2026-09-23 11:40:34,354] {scheduler_job.py:639} INFO - DAG(s) dict_keys(['example_bash_operator']) retrieved from /home/airflow/.local/lib/python3.6/site-packages/airflow/example_dags/example_bash_operator.py
[2026-09-23 11:40:34,393] {logging_mixin.py:104} INFO - [2026-09-23 11:40:34,392] {dag.py:1824} INFO - Sync 1 DAGs
[2026-09-23 11:40:34,433] {logging_mixin.py:104} INFO - [2026-09-23 11:40:34,433] {dag.py:2280} INFO - Setting next_dagrun for example_bash_operator to 2026-09-21 00:00:00+00:00
[2026-09-23 11:40:34,450] {scheduler_job.py:190} INFO - Processing /home/airflow/.local/lib/python3.6/site-packages/airflow/example_dags/example_bash_operator.py took 0.120 seconds
[2026-09-23 11:41:04,889] {scheduler_job.py:182} INFO - Started process (PID=1007) to work on /home/airflow/.local/lib/python3.6/site-packages/airflow/example_dags/example_bash_operator.py
[2026-09-23 11:41:04,891] {scheduler_job.py:629} INFO - Processing file /home/airflow/.local/lib/python3.6/site-packages/airflow/example_dags/example_bash_operator.py for tasks to queue
[2026-09-23 11:41:04,892] {logging_mixin.py:104} INFO - [2026-09-23 11:41:04,892] {dagbag.py:451} INFO - Filling up the DagBag from /home/airflow/.local/lib/python3.6/site-packages/airflow/example_dags/example_bash_operator.py
[2026-09-23 11:41:04,934] {scheduler_job.py:639} INFO - DAG(s) dict_keys(['example_bash_operator']) retrieved from /home/airflow/.local/lib/python3.6/site-packages/airflow/example_dags/example_bash_operator.py
[2026-09-23 11:41:04,977] {logging_mixin.py:104} INFO - [2026-09-23 11:41:04,977] {dag.py:1824} INFO - Sync 1 DAGs
[2026-09-23 11:41:05,011] {logging_mixin.py:104} INFO - [2026-09-23 11:41:05,011] {dag.py:2280} INFO - Setting next_dagrun for example_bash_operator to 2026-09-21 00:00:00+00:00
[2026-09-23 11:41:05,038] {scheduler_job.py:190} INFO - Processing /home/airflow/.local/lib/python3.6/site-packages/airflow/example_dags/example_bash_operator.py took 0.159 seconds
[2026-09-23 11:41:35,580] {scheduler_job.py:182} INFO - Started process (PID=1032) to work on /home/airflow/.local/lib/python3.6/site-packages/airflow/example_dags/example_bash_operator.py
[2026-09-23 11:41:35,582] {scheduler_job.py:629} INFO - Processing file /home/airflow/.local/lib/python3.6/site-packages/airflow/example_dags/example_bash_operator.py for tasks to queue
[2026-09-23 11:41:35,583] {logging_mixin.py:104} INFO - [2026-09-23 11:41:35,583] {dagbag.py:451} INFO - Filling up the DagBag from /home/airflow/.local/lib/python3.6/site-packages/airflow/example_dags/example_bash_operator.py
[2026-09-23 11:41:35,609] {scheduler_job.py:639} INFO - DAG(s) dict_keys(['example_bash_operator']) retrieved from /home/airflow/.local/lib/python3.6/site-packages/airflow/example_dags/example_bash_operator.py
[2026-09-23 11:41:35,649] {logging_mixin.py:104} INFO - [2026-09-23 11:41:35,648] {dag.py:1824} INFO - Sync 1 DAGs
[2026-09-23 11:41:35,696] {logging_mixin.py:104} INFO - [2026-09-23 11:41:35,695] {dag.py:2280} INFO - Setting next_dagrun for example_bash_operator to 2026-09-21 00:00:00+00:00
[2026-09-23 11:41:35,722] {scheduler_job.py:190} INFO - Processing /home/airflow/.local/lib/python3.6/site-packages/airflow/example_dags/example_bash_operator.py took 0.148 seconds
[2026-09-23 11:42:06,174] {scheduler_job.py:182} INFO - Started process (PID=1057) to work on /home/airflow/.local/lib/python3.6/site-packages/airflow/example_dags/example_bash_operator.py
[2026-09-23 11:42:06,175] {scheduler_job.py:629} INFO - Processing file /home/airflow/.local/lib/python3.6/site-packages/airflow/example_dags/example_bash_operator.py for tasks to queue
[2026-09-23 11:42:06,176] {logging_mixin.py:104} INFO - [2026-09-23 11:42:06,176] {dagbag.py:451} INFO - Filling up the DagBag from /home/airflow/.local/lib/python3.6/site-packages/airflow/example_dags/example_bash_operator.py
[2026-09-23 11:42:06,206] {scheduler_job.py:639} INFO - DAG(s) dict_keys(['example_bash_operator']) retrieved from /home/airflow/.local/lib/python3.6/site-packages/airflow/example_dags/example_bash_operator.py
[2026-09-23 11:42:06,247] {logging_mixin.py:104} INFO - [2026-09-23 11:42:06,247] {dag.py:1824} INFO - Sync 1 DAGs
[2026-09-23 11:42:06,309] {logging_mixin.py:104} INFO - [2026-09-23 11:42:06,309] {dag.py:2280} INFO - Setting next_dagrun for example_bash_operator to 2026-09-21 00:00:00+00:00
[2026-09-23 11:42:06,341] {scheduler_job.py:190} INFO - Processing /home/airflow/.local/lib/python3.6/site-packages/airflow/example_dags/example_bash_operator.py took 0.175 seconds
[2026-09-23 11:42:36,447] {scheduler_job.py:182} INFO - Started process (PID=1082) to work on /home/airflow/.local/lib/python3.6/site-packages/airflow/example_dags/example_bash_operator.py
[2026-09-23 11:42:36,449] {scheduler_job.py:629} INFO - Processing file /home/airflow/.local/lib/python3.6/site-packages/airflow/example_dags/example_bash_operator.py for tasks to queue
[2026-09-23 11:42:36,450] {logging_mixin.py:104} INFO - [2026-09-23 11:42:36,450] {dagbag.py:451} INFO - Filling up the DagBag from /home/airflow/.local/lib/python3.6/site-packages/airflow/example_dags/example_bash_operator.py
[2026-09-23 11:42:36,471] {scheduler_job.py:639} INFO - DAG(s) dict_keys(['example_bash_operator']) retrieved from /home/airflow/.local/lib/python3.6/site-packages/airflow/example_dags/example_bash_operator.py
[2026-09-23 11:42:36,507] {logging_mixin.py:104} INFO - [2026-09-23 11:42:36,507] {dag.py:1824} INFO - Sync 1 DAGs
[2026-09-23 11:42:36,549] {logging_mixin.py:104} INFO - [2026-09-23 11:42:36,548] {dag.py:2280} INFO - Setting next_dagrun for example_bash_operator to 2026-09-21 00:00:00+00:00
[2026-09-23 11:42:36,567] {scheduler_job.py:190} INFO - Processing /home/airflow/.local/lib/python3.6/site-packages/airflow/example_dags/example_bash_operator.py took 0.124 seconds
[2026-09-23 11:43:07,526] {scheduler_job.py:182} INFO - Started process (PID=1106) to work on /home/airflow/.local/lib/python3.6/site-packages/airflow/example_dags/example_bash_operator.py
[2026-09-23 11:43:07,528] {scheduler_job.py:629} INFO - Processing file /home/airflow/.local/lib/python3.6/site-packages/airflow/example_dags/example_bash_operator.py for tasks to queue
[2026-09-23 11:43:07,529] {logging_mixin.py:104} INFO - [2026-09-23 11:43:07,529] {dagbag.py:451} INFO - Filling up the DagBag from /home/airflow/.local/lib/python3.6/site-packages/airflow/example_dags/example_bash_operator.py
[2026-09-23 11:43:07,566] {scheduler_job.py:639} INFO - DAG(s) dict_keys(['example_bash_operator']) retrieved from /home/airflow/.local/lib/python3.6/site-packages/airflow/example_dags/example_bash_operator.py
[2026-09-23 11:43:07,613] {logging_mixin.py:104} INFO - [2026-09-23 11:43:07,613] {dag.py:1824} INFO - Sync 1 DAGs
[2026-09-23 11:43:07,660] {logging_mixin.py:104} INFO - [2026-09-23 11:43:07,659] {dag.py:2280} INFO - Setting next_dagrun for example_bash_operator to 2026-09-21 00:00:00+00:00
[2026-09-23 11:43:07,691] {scheduler_job.py:190} INFO - Processing /home/airflow/.local/lib/python3.6/site-packages/airflow/example_dags/example_bash_operator.py took 0.173 seconds
[2026-09-23 11:43:37,789] {scheduler_job.py:182} INFO - Started process (PID=1132) to work on /home/airflow/.local/lib/python3.6/site-packages/airflow/example_dags/example_bash_operator.py
[2026-09-23 11:43:37,791] {scheduler_job.py:629} INFO - Processing file /home/airflow/.local/lib/python3.6/site-packages/airflow/example_dags/example_bash_operator.py for tasks to queue
[2026-09-23 11:43:37,794] {logging_mixin.py:104} INFO - [2026-09-23 11:43:37,794] {dagbag.py:451} INFO - Filling up the DagBag from /home/airflow/.local/lib/python3.6/site-packages/airflow/example_dags/example_bash_operator.py
[2026-09-23 11:43:37,831] {scheduler_job.py:639} INFO - DAG(s) dict_keys(['example_bash_operator']) retrieved from /home/airflow/.local/lib/python3.6/site-packages/airflow/example_dags/example_bash_operator.py
[2026-09-23 11:43:37,876] {logging_mixin.py:104} INFO - [2026-09-23 11:43:37,876] {dag.py:1824} INFO - Sync 1 DAGs
[2026-09-23 11:43:37,922] {logging_mixin.py:104} INFO - [2026-09-23 11:43:37,922] {dag.py:2280} INFO - Setting next_dagrun for example_bash_operator to 2026-09-21 00:00:00+00:00
[2026-09-23 11:43:37,948] {scheduler_job.py:190} INFO - Processing /home/airflow/.local/lib/python3.6/site-packages/airflow/example_dags/example_bash_operator.py took 0.171 seconds
[2026-09-23 11:44:08,014] {scheduler_job.py:182} INFO - Started process (PID=1158) to work on /home/airflow/.local/lib/python3.6/site-packages/airflow/example_dags/example_bash_operator.py
[2026-09-23 11:44:08,016] {scheduler_job.py:629} INFO - Processing file /home/airflow/.local/lib/python3.6/site-packages/airflow/example_dags/example_bash_operator.py for tasks to queue
[2026-09-23 11:44:08,018] {logging_mixin.py:104} INFO - [2026-09-23 11:44:08,018] {dagbag.py:451} INFO - Filling up the DagBag from /home/airflow/.local/lib/python3.6/site-packages/airflow/example_dags/example_bash_operator.py
[2026-09-23 11:44:08,041] {scheduler_job.py:639} INFO - DAG(s) dict_keys(['example_bash_operator']) retrieved from /home/airflow/.local/lib/python3.6/site-packages/airflow/example_dags/example_bash_operator.py
[2026-09-23 11:44:08,082] {logging_mixin.py:104} INFO - [2026-09-23 11:44:08,081] {dag.py:1824} INFO - Sync 1 DAGs
[2026-09-23 11:44:08,125] {logging_mixin.py:104} INFO - [2026-09-23 11:44:08,125] {dag.py:2280} INFO - Setting next_dagrun for example_bash_operator to 2026-09-21 00:00:00+00:00
[2026-09-23 11:44:08,144] {scheduler_job.py:190} INFO - Processing /home/airflow/.local/lib/python3.6/site-packages/airflow/example_dags/example_bash_operator.py took 0.136 seconds
[2026-09-23 11:44:38,246] {scheduler_job.py:182} INFO - Started process (PID=1183) to work on /home/airflow/.local/lib/python3.6/site-packages/airflow/example_dags/example_bash_operator.py
[2026-09-23 11:44:38,247] {scheduler_job.py:629} INFO - Processing file /home/airflow/.local/lib/python3.6/site-packages/airflow/example_dags/example_bash_operator.py for tasks to queue
[2026-09-23 11:44:38,248] {logging_mixin.py:104} INFO - [2026-09-23 11:44:38,248] {dagbag.py:451} INFO - Filling up the DagBag from /home/airflow/.local/lib/python3.6/site-packages/airflow/example_dags/example_bash_operator.py
[2026-09-23 11:44:38,269] {scheduler_job.py:639} INFO - DAG(s) dict_keys(['example_bash_operator']) retrieved from /home/airflow/.local/lib/python3.6/site-packages/airflow/example_dags/example_bash_operator.py
[2026-09-23 11:44:38,301] {logging_mixin.py:104} INFO - [2026-09-23 11:44:38,301] {dag.py:1824} INFO - Sync 1 DAGs
[2026-09-23 11:44:38,337] {logging_mixin.py:104} INFO - [2026-09-23 11:44:38,337] {dag.py:2280} INFO - Setting next_dagrun for example_bash_operator to 2026-09-21 00:00:00+00:00
[2026-09-23 11:44:38,362] {scheduler_job.py:190} INFO - Processing /home/airflow/.local/lib/python3.6/site-packages/airflow/example_dags/example_bash_operator.py took 0.121 seconds
[2026-09-23 11:45:08,406] {scheduler_job.py:182} INFO - Started process (PID=1209) to work on /home/airflow/.local/lib/python3.6/site-packages/airflow/example_dags/example_bash_operator.py
[2026-09-23 11:45:08,407] {scheduler_job.py:629} INFO - Processing file /home/airflow/.local/lib/python3.6/site-packages/airflow/example_dags/example_bash_operator.py for tasks to queue
[2026-09-23 11:45:08,409] {logging_mixin.py:104} INFO - [2026-09-23 11:45:08,408] {dagbag.py:451} INFO - Filling up the DagBag from /home/airflow/.local/lib/python3.6/site-packages/airflow/example_dags/example_bash_operator.py
[2026-09-23 11:45:08,436] {scheduler_job.py:639} INFO - DAG(s) dict_keys(['example_bash_operator']) retrieved from /home/airflow/.local/lib/python3.6/site-packages/airflow/example_dags/example_bash_operator.py
[2026-09-23 11:45:08,476] {logging_mixin.py:104} INFO - [2026-09-23 11:45:08,476] {dag.py:1824} INFO - Sync 1 DAGs
[2026-09-23 11:45:08,526] {logging_mixin.py:104} INFO - [2026-09-23 11:45:08,525] {dag.py:2280} INFO - Setting next_dagrun for example_bash_operator to 2026-09-21 00:00:00+00:00
[2026-09-23 11:45:08,548] {scheduler_job.py:190} INFO - Processing /home/airflow/.local/lib/python3.6/site-packages/airflow/example_dags/example_bash_operator.py took 0.147 seconds
[2026-09-23 11:45:38,846] {scheduler_job.py:182} INFO - Started process (PID=1235) to work on /home/airflow/.local/lib/python3.6/site-packages/airflow/example_dags/example_bash_operator.py
[2026-09-23 11:45:38,849] {scheduler_job.py:629} INFO - Processing file /home/airflow/.local/lib/python3.6/site-packages/airflow/example_dags/example_bash_operator.py for tasks to queue
[2026-09-23 11:45:38,850] {logging_mixin.py:104} INFO - [2026-09-23 11:45:38,850] {dagbag.py:451} INFO - Filling up the DagBag from /home/airflow/.local/lib/python3.6/site-packages/airflow/example_dags/example_bash_operator.py
[2026-09-23 11:45:38,880] {scheduler_job.py:639} INFO - DAG(s) dict_keys(['example_bash_operator']) retrieved from /home/airflow/.local/lib/python3.6/site-packages/airflow/example_dags/example_bash_operator.py
[2026-09-23 11:45:38,923] {logging_mixin.py:104} INFO - [2026-09-23 11:45:38,923] {dag.py:1824} INFO - Sync 1 DAGs
[2026-09-23 11:45:38,974] {logging_mixin.py:104} INFO - [2026-09-23 11:45:38,974] {dag.py:2280} INFO - Setting next_dagrun for example_bash_operator to 2026-09-21 00:00:00+00:00
[2026-09-23 11:45:38,994] {scheduler_job.py:190} INFO - Processing /home/airflow/.local/lib/python3.6/site-packages/airflow/example_dags/example_bash_operator.py took 0.156 seconds
[2026-09-23 11:46:09,918] {scheduler_job.py:182} INFO - Started process (PID=1260) to work on /home/airflow/.local/lib/python3.6/site-packages/airflow/example_dags/example_bash_operator.py
[2026-09-23 11:46:09,920] {scheduler_job.py:629} INFO - Processing file /home/airflow/.local/lib/python3.6/site-packages/airflow/example_dags/example_bash_operator.py for tasks to queue
[2026-09-23 11:46:09,921] {logging_mixin.py:104} INFO - [2026-09-23 11:46:09,920] {dagbag.py:451} INFO - Filling up the DagBag from /home/airflow/.local/lib/python3.6/site-packages/airflow/example_dags/example_bash_operator.py
[2026-09-23 11:46:09,948] {scheduler_job.py:639} INFO - DAG(s) dict_keys(['example_bash_operator']) retrieved from /home/airflow/.local/lib/python3.6/site-packages/airflow/example_dags/example_bash_operator.py
[2026-09-23 11:46:09,982] {logging_mixin.py:104} INFO - [2026-09-23 11:46:09,981] {dag.py:1824} INFO - Sync 1 DAGs
[2026-09-23 11:46:10,013] {logging_mixin.py:104} INFO - [2026-09-23 11:46:10,013] {dag.py:2280} INFO - Setting next_dagrun for example_bash_operator to 2026-09-21 00:00:00+00:00
[2026-09-23 11:46:10,035] {scheduler_job.py:190} INFO - Processing /home/airflow/.local/lib/python3.6/site-packages/airflow/example_dags/example_bash_operator.py took 0.122 seconds
[2026-09-23 11:46:40,295] {scheduler_job.py:182} INFO - Started process (PID=1286) to work on /home/airflow/.local/lib/python3.6/site-packages/airflow/example_dags/example_bash_operator.py
[2026-09-23 11:46:40,297] {scheduler_job.py:629} INFO - Processing file /home/airflow/.local/lib/python3.6/site-packages/airflow/example_dags/example_bash_operator.py for tasks to queue
[2026-09-23 11:46:40,298] {logging_mixin.py:104} INFO - [2026-09-23 11:46:40,298] {dagbag.py:451} INFO - Filling up the DagBag from /home/airflow/.local/lib/python3.6/site-packages/airflow/example_dags/example_bash_operator.py
[2026-09-23 11:46:40,324] {scheduler_job.py:639} INFO - DAG(s) dict_keys(['example_bash_operator']) retrieved from /home/airflow/.local/lib/python3.6/site-packages/airflow/example_dags/example_bash_operator.py
[2026-09-23 11:46:40,367] {logging_mixin.py:104} INFO - [2026-09-23 11:46:40,367] {dag.py:1824} INFO - Sync 1 DAGs
[2026-09-23 11:46:40,414] {logging_mixin.py:104} INFO - [2026-09-23 11:46:40,414] {dag.py:2280} INFO - Setting next_dagrun for example_bash_operator to 2026-09-21 00:00:00+00:00
[2026-09-23 11:46:40,444] {scheduler_job.py:190} INFO - Processing /home/airflow/.local/lib/python3.6/site-packages/airflow/example_dags/example_bash_operator.py took 0.154 seconds
[2026-09-23 11:47:10,890] {scheduler_job.py:182} INFO - Started process (PID=1312) to work on /home/airflow/.local/lib/python3.6/site-packages/airflow/example_dags/example_bash_operator.py
[2026-09-23 11:47:10,892] {scheduler_job.py:629} INFO - Processing file /home/airflow/.local/lib/python3.6/site-packages/airflow/example_dags/example_bash_operator.py for tasks to queue
[2026-09-23 11:47:10,893] {logging_mixin.py:104} INFO - [2026-09-23 11:47:10,893] {dagbag.py:451} INFO - Filling up the DagBag from /home/airflow/.local/lib/python3.6/site-packages/airflow/example_dags/example_bash_operator.py
[2026-09-23 11:47:10,914] {scheduler_job.py:639} INFO - DAG(s) dict_keys(['example_bash_operator']) retrieved from /home/airflow/.local/lib/python3.6/site-packages/airflow/example_dags/example_bash_operator.py
[2026-09-23 11:47:10,945] {logging_mixin.py:104} INFO - [2026-09-23 11:47:10,945] {dag.py:1824} INFO - Sync 1 DAGs
[2026-09-23 11:47:10,987] {logging_mixin.py:104} INFO - [2026-09-23 11:47:10,987] {dag.py:2280} INFO - Setting next_dagrun for example_bash_operator to 2026-09-21 00:00:00+00:00
[2026-09-23 11:47:11,008] {scheduler_job.py:190} INFO - Processing /home/airflow/.local/lib/python3.6/site-packages/airflow/example_dags/example_bash_operator.py took 0.123 seconds
[2026-09-23 11:47:41,427] {scheduler_job.py:182} INFO - Started process (PID=1338) to work on /home/airflow/.local/lib/python3.6/site-packages/airflow/example_dags/example_bash_operator.py
[2026-09-23 11:47:41,429] {scheduler_job.py:629} INFO - Processing file /home/airflow/.local/lib/python3.6/site-packages/airflow/example_dags/example_bash_operator.py for tasks to queue
[2026-09-23 11:47:41,431] {logging_mixin.py:104} INFO - [2026-09-23 11:47:41,431] {dagbag.py:451} INFO - Filling up the DagBag from /home/airflow/.local/lib/python3.6/site-packages/airflow/example_dags/example_bash_operator.py
[2026-09-23 11:47:41,459] {scheduler_job.py:639} INFO - DAG(s) dict_keys(['example_bash_operator']) retrieved from /home/airflow/.local/lib/python3.6/site-packages/airflow/example_dags/example_bash_operator.py
[2026-09-23 11:47:41,512] {logging_mixin.py:104} INFO - [2026-09-23 11:47:41,512] {dag.py:1824} INFO - Sync 1 DAGs
[2026-09-23 11:47:41,564] {logging_mixin.py:104} INFO - [2026-09-23 11:47:41,564] {dag.py:2280} INFO - Setting next_dagrun for example_bash_operator to 2026-09-21 00:00:00+00:00
[2026-09-23 11:47:41,591] {scheduler_job.py:190} INFO - Processing /home/airflow/.local/lib/python3.6/site-packages/airflow/example_dags/example_bash_operator.py took 0.170 seconds
[2026-09-23 11:48:11,915] {scheduler_job.py:182} INFO - Started process (PID=1364) to work on /home/airflow/.local/lib/python3.6/site-packages/airflow/example_dags/example_bash_operator.py
[2026-09-23 11:48:11,916] {scheduler_job.py:629} INFO - Processing file /home/airflow/.local/lib/python3.6/site-packages/airflow/example_dags/example_bash_operator.py for tasks to queue
[2026-09-23 11:48:11,917] {logging_mixin.py:104} INFO - [2026-09-23 11:48:11,917] {dagbag.py:451} INFO - Filling up the DagBag from /home/airflow/.local/lib/python3.6/site-packages/airflow/example_dags/example_bash_operator.py
[2026-09-23 11:48:11,941] {scheduler_job.py:639} INFO - DAG(s) dict_keys(['example_bash_operator']) retrieved from /home/airflow/.local/lib/python3.6/site-packages/airflow/example_dags/example_bash_operator.py
[2026-09-23 11:48:11,978] {logging_mixin.py:104} INFO - [2026-09-23 11:48:11,978] {dag.py:1824} INFO - Sync 1 DAGs
[2026-09-23 11:48:12,010] {logging_mixin.py:104} INFO - [2026-09-23 11:48:12,010] {dag.py:2280} INFO - Setting next_dagrun for example_bash_operator to 2026-09-21 00:00:00+00:00
[2026-09-23 11:48:12,028] {scheduler_job.py:190} INFO - Processing /home/airflow/.local/lib/python3.6/site-packages/airflow/example_dags/example_bash_operator.py took 0.118 seconds
[2026-09-23 11:48:42,574] {scheduler_job.py:182} INFO - Started process (PID=1390) to work on /home/airflow/.local/lib/python3.6/site-packages/airflow/example_dags/example_bash_operator.py
[2026-09-23 11:48:42,576] {scheduler_job.py:629} INFO - Processing file /home/airflow/.local/lib/python3.6/site-packages/airflow/example_dags/example_bash_operator.py for tasks to queue
[2026-09-23 11:48:42,577] {logging_mixin.py:104} INFO - [2026-09-23 11:48:42,577] {dagbag.py:451} INFO - Filling up the DagBag from /home/airflow/.local/lib/python3.6/site-packages/airflow/example_dags/example_bash_operator.py
[2026-09-23 11:48:42,602] {scheduler_job.py:639} INFO - DAG(s) dict_keys(['example_bash_operator']) retrieved from /home/airflow/.local/lib/python3.6/site-packages/airflow/example_dags/example_bash_operator.py
[2026-09-23 11:48:42,636] {logging_mixin.py:104} INFO - [2026-09-23 11:48:42,636] {dag.py:1824} INFO - Sync 1 DAGs
[2026-09-23 11:48:42,680] {logging_mixin.py:104} INFO - [2026-09-23 11:48:42,679] {dag.py:2280} INFO - Setting next_dagrun for example_bash_operator to 2026-09-21 00:00:00+00:00
[2026-09-23 11:48:42,700] {scheduler_job.py:190} INFO - Processing /home/airflow/.local/lib/python3.6/site-packages/airflow/example_dags/example_bash_operator.py took 0.132 seconds
[2026-09-23 11:49:13,456] {scheduler_job.py:182} INFO - Started process (PID=1416) to work on /home/airflow/.local/lib/python3.6/site-packages/airflow/example_dags/example_bash_operator.py
[2026-09-23 11:49:13,458] {scheduler_job.py:629} INFO - Processing file /home/airflow/.local/lib/python3.6/site-packages/airflow/example_dags/example_bash_operator.py for tasks to queue
[2026-09-23 11:49:13,459] {logging_mixin.py:104} INFO - [2026-09-23 11:49:13,459] {dagbag.py:451} INFO - Filling up the DagBag from /home/airflow/.local/lib/python3.6/site-packages/airflow/example_dags/example_bash_operator.py
[2026-09-23 11:49:13,483] {scheduler_job.py:639} INFO - DAG(s) dict_keys(['example_bash_operator']) retrieved from /home/airflow/.local/lib/python3.6/site-packages/airflow/example_dags/example_bash_operator.py
[2026-09-23 11:49:13,531] {logging_mixin.py:104} INFO - [2026-09-23 11:49:13,531] {dag.py:1824} INFO - Sync 1 DAGs
[2026-09-23 11:49:13,593] {logging_mixin.py:104} INFO - [2026-09-23 11:49:13,593] {dag.py:2280} INFO - Setting next_dagrun for example_bash_operator to 2026-09-21 00:00:00+00:00
[2026-09-23 11:49:13,623] {scheduler_job.py:190} INFO - Processing /home/airflow/.local/lib/python3.6/site-packages/airflow/example_dags/example_bash_operator.py took 0.173 seconds
[2026-09-23 11:49:44,220] {scheduler_job.py:182} INFO - Started process (PID=1442) to work on /home/airflow/.local/lib/python3.6/site-packages/airflow/example_dags/example_bash_operator.py
[2026-09-23 11:49:44,222] {scheduler_job.py:629} INFO - Processing file /home/airflow/.local/lib/python3.6/site-packages/airflow/example_dags/example_bash_operator.py for tasks to queue
[2026-09-23 11:49:44,223] {logging_mixin.py:104} INFO - [2026-09-23 11:49:44,223] {dagbag.py:451} INFO - Filling up the DagBag from /home/airflow/.local/lib/python3.6/site-packages/airflow/example_dags/example_bash_operator.py
[2026-09-23 11:49:44,248] {scheduler_job.py:639} INFO - DAG(s) dict_keys(['example_bash_operator']) retrieved from /home/airflow/.local/lib/python3.6/site-packages/airflow/example_dags/example_bash_operator.py
[2026-09-23 11:49:44,280] {logging_mixin.py:104} INFO - [2026-09-23 11:49:44,279] {dag.py:1824} INFO - Sync 1 DAGs
[2026-09-23 11:49:44,319] {logging_mixin.py:104} INFO - [2026-09-23 11:49:44,319] {dag.py:2280} INFO - Setting next_dagrun for example_bash_operator to 2026-09-21 00:00:00+00:00
[2026-09-23 11:49:44,338] {scheduler_job.py:190} INFO - Processing /home/airflow/.local/lib/python3.6/site-packages/airflow/example_dags/example_bash_operator.py took 0.123 seconds
[2026-09-23 11:50:14,957] {scheduler_job.py:182} INFO - Started process (PID=1467) to work on /home/airflow/.local/lib/python3.6/site-packages/airflow/example_dags/example_bash_operator.py
[2026-09-23 11:50:14,959] {scheduler_job.py:629} INFO - Processing file /home/airflow/.local/lib/python3.6/site-packages/airflow/example_dags/example_bash_operator.py for tasks to queue
[2026-09-23 11:50:14,960] {logging_mixin.py:104} INFO - [2026-09-23 11:50:14,960] {dagbag.py:451} INFO - Filling up the DagBag from /home/airflow/.local/lib/python3.6/site-packages/airflow/example_dags/example_bash_operator.py
[2026-09-23 11:50:14,978] {scheduler_job.py:639} INFO - DAG(s) dict_keys(['example_bash_operator']) retrieved from /home/airflow/.local/lib/python3.6/site-packages/airflow/example_dags/example_bash_operator.py
[2026-09-23 11:50:15,007] {logging_mixin.py:104} INFO - [2026-09-23 11:50:15,007] {dag.py:1824} INFO - Sync 1 DAGs
[2026-09-23 11:50:15,044] {logging_mixin.py:104} INFO - [2026-09-23 11:50:15,044] {dag.py:2280} INFO - Setting next_dagrun for example_bash_operator to 2026-09-21 00:00:00+00:00
[2026-09-23 11:50:15,074] {scheduler_job.py:190} INFO - Processing /home/airflow/.local/lib/python3.6/site-packages/airflow/example_dags/example_bash_operator.py took 0.121 seconds
[2026-09-23 11:50:45,832] {scheduler_job.py:182} INFO - Started process (PID=1493) to work on /home/airflow/.local/lib/python3.6/site-packages/airflow/example_dags/example_bash_operator.py
[2026-09-23 11:50:45,833] {scheduler_job.py:629} INFO - Processing file /home/airflow/.local/lib/python3.6/site-packages/airflow/example_dags/example_bash_operator.py for tasks to queue
[2026-09-23 11:50:45,834] {logging_mixin.py:104} INFO - [2026-09-23 11:50:45,834] {dagbag.py:451} INFO - Filling up the DagBag from /home/airflow/.local/lib/python3.6/site-packages/airflow/example_dags/example_bash_operator.py
[2026-09-23 11:50:45,854] {scheduler_job.py:639} INFO - DAG(s) dict_keys(['example_bash_operator']) retrieved from /home/airflow/.local/lib/python3.6/site-packages/airflow/example_dags/example_bash_operator.py
[2026-09-23 11:50:45,893] {logging_mixin.py:104} INFO - [2026-09-23 11:50:45,893] {dag.py:1824} INFO - Sync 1 DAGs
[2026-09-23 11:50:45,931] {logging_mixin.py:104} INFO - [2026-09-23 11:50:45,930] {dag.py:2280} INFO - Setting next_dagrun for example_bash_operator to 2026-09-21 00:00:00+00:00
[2026-09-23 11:50:45,948] {scheduler_job.py:190} INFO - Processing /home/airflow/.local/lib/python3.6/site-packages/airflow/example_dags/example_bash_operator.py took 0.121 seconds
[2026-09-23 11:51:16,454] {scheduler_job.py:182} INFO - Started process (PID=1519) to work on /home/airflow/.local/lib/python3.6/site-packages/airflow/example_dags/example_bash_operator.py
[2026-09-23 11:51:16,457] {scheduler_job.py:629} INFO - Processing file /home/airflow/.local/lib/python3.6/site-packages/airflow/example_dags/example_bash_operator.py for tasks to queue
[2026-09-23 11:51:16,459] {logging_mixin.py:104} INFO - [2026-09-23 11:51:16,458] {dagbag.py:451} INFO - Filling up the DagBag from /home/airflow/.local/lib/python3.6/site-packages/airflow/example_dags/example_bash_operator.py
[2026-09-23 11:51:16,485] {scheduler_job.py:639} INFO - DAG(s) dict_keys(['example_bash_operator']) retrieved from /home/airflow/.local/lib/python3.6/site-packages/airflow/example_dags/example_bash_operator.py
[2026-09-23 11:51:16,521] {logging_mixin.py:104} INFO - [2026-09-23 11:51:16,521] {dag.py:1824} INFO - Sync 1 DAGs
[2026-09-23 11:51:16,576] {logging_mixin.py:104} INFO - [2026-09-23 11:51:16,572] {dag.py:2280} INFO - Setting next_dagrun for example_bash_operator to 2026-09-21 00:00:00+00:00
[2026-09-23 11:51:16,605] {scheduler_job.py:190} INFO - Processing /home/airflow/.local/lib/python3.6/site-packages/airflow/example_dags/example_bash_operator.py took 0.155 seconds
[2026-09-23 11:51:47,587] {scheduler_job.py:182} INFO - Started process (PID=1545) to work on /home/airflow/.local/lib/python3.6/site-packages/airflow/example_dags/example_bash_operator.py
[2026-09-23 11:51:47,588] {scheduler_job.py:629} INFO - Processing file /home/airflow/.local/lib/python3.6/site-packages/airflow/example_dags/example_bash_operator.py for tasks to queue
[2026-09-23 11:51:47,589] {logging_mixin.py:104} INFO - [2026-09-23 11:51:47,589] {dagbag.py:451} INFO - Filling up the DagBag from /home/airflow/.local/lib/python3.6/site-packages/airflow/example_dags/example_bash_operator.py
[2026-09-23 11:51:47,608] {scheduler_job.py:639} INFO - DAG(s) dict_keys(['example_bash_operator']) retrieved from /home/airflow/.local/lib/python3.6/site-packages/airflow/example_dags/example_bash_operator.py
[2026-09-23 11:51:47,639] {logging_mixin.py:104} INFO - [2026-09-23 11:51:47,639] {dag.py:1824} INFO - Sync 1 DAGs
[2026-09-23 11:51:47,671] {logging_mixin.py:104} INFO - [2026-09-23 11:51:47,671] {dag.py:2280} INFO - Setting next_dagrun for example_bash_operator to 2026-09-21 00:00:00+00:00
[2026-09-23 11:51:47,688] {scheduler_job.py:190} INFO - Processing /home/airflow/.local/lib/python3.6/site-packages/airflow/example_dags/example_bash_operator.py took 0.106 seconds
[2026-09-23 11:52:18,475] {scheduler_job.py:182} INFO - Started process (PID=1571) to work on /home/airflow/.local/lib/python3.6/site-packages/airflow/example_dags/example_bash_operator.py
[2026-09-23 11:52:18,481] {scheduler_job.py:629} INFO - Processing file /home/airflow/.local/lib/python3.6/site-packages/airflow/example_dags/example_bash_operator.py for tasks to queue
[2026-09-23 11:52:18,482] {logging_mixin.py:104} INFO - [2026-09-23 11:52:18,482] {dagbag.py:451} INFO - Filling up the DagBag from /home/airflow/.local/lib/python3.6/site-packages/airflow/example_dags/example_bash_operator.py
[2026-09-23 11:52:18,509] {scheduler_job.py:639} INFO - DAG(s) dict_keys(['example_bash_operator']) retrieved from /home/airflow/.local/lib/python3.6/site-packages/airflow/example_dags/example_bash_operator.py
[2026-09-23 11:52:18,548] {logging_mixin.py:104} INFO - [2026-09-23 11:52:18,548] {dag.py:1824} INFO - Sync 1 DAGs
[2026-09-23 11:52:18,594] {logging_mixin.py:104} INFO - [2026-09-23 11:52:18,594] {dag.py:2280} INFO - Setting next_dagrun for example_bash_operator to 2026-09-21 00:00:00+00:00
[2026-09-23 11:52:18,617] {scheduler_job.py:190} INFO - Processing /home/airflow/.local/lib/python3.6/site-packages/airflow/example_dags/example_bash_operator.py took 0.146 seconds
[2026-09-23 11:52:48,859] {scheduler_job.py:182} INFO - Started process (PID=1598) to work on /home/airflow/.local/lib/python3.6/site-packages/airflow/example_dags/example_bash_operator.py
[2026-09-23 11:52:48,861] {scheduler_job.py:629} INFO - Processing file /home/airflow/.local/lib/python3.6/site-packages/airflow/example_dags/example_bash_operator.py for tasks to queue
[2026-09-23 11:52:48,863] {logging_mixin.py:104} INFO - [2026-09-23 11:52:48,862] {dagbag.py:451} INFO - Filling up the DagBag from /home/airflow/.local/lib/python3.6/site-packages/airflow/example_dags/example_bash_operator.py
[2026-09-23 11:52:48,893] {scheduler_job.py:639} INFO - DAG(s) dict_keys(['example_bash_operator']) retrieved from /home/airflow/.local/lib/python3.6/site-packages/airflow/example_dags/example_bash_operator.py
[2026-09-23 11:52:48,938] {logging_mixin.py:104} INFO - [2026-09-23 11:52:48,938] {dag.py:1824} INFO - Sync 1 DAGs
[2026-09-23 11:52:48,996] {logging_mixin.py:104} INFO - [2026-09-23 11:52:48,996] {dag.py:2280} INFO - Setting next_dagrun for example_bash_operator to 2026-09-21 00:00:00+00:00
[2026-09-23 11:52:49,028] {scheduler_job.py:190} INFO - Processing /home/airflow/.local/lib/python3.6/site-packages/airflow/example_dags/example_bash_operator.py took 0.176 seconds
[2026-09-23 11:53:19,139] {scheduler_job.py:182} INFO - Started process (PID=1624) to work on /home/airflow/.local/lib/python3.6/site-packages/airflow/example_dags/example_bash_operator.py
[2026-09-23 11:53:19,141] {scheduler_job.py:629} INFO - Processing file /home/airflow/.local/lib/python3.6/site-packages/airflow/example_dags/example_bash_operator.py for tasks to queue
[2026-09-23 11:53:19,142] {logging_mixin.py:104} INFO - [2026-09-23 11:53:19,142] {dagbag.py:451} INFO - Filling up the DagBag from /home/airflow/.local/lib/python3.6/site-packages/airflow/example_dags/example_bash_operator.py
[2026-09-23 11:53:19,169] {scheduler_job.py:639} INFO - DAG(s) dict_keys(['example_bash_operator']) retrieved from /home/airflow/.local/lib/python3.6/site-packages/airflow/example_dags/example_bash_operator.py
[2026-09-23 11:53:19,207] {logging_mixin.py:104} INFO - [2026-09-23 11:53:19,206] {dag.py:1824} INFO - Sync 1 DAGs
[2026-09-23 11:53:19,247] {logging_mixin.py:104} INFO - [2026-09-23 11:53:19,246] {dag.py:2280} INFO - Setting next_dagrun for example_bash_operator to 2026-09-21 00:00:00+00:00
[2026-09-23 11:53:19,266] {scheduler_job.py:190} INFO - Processing /home/airflow/.local/lib/python3.6/site-packages/airflow/example_dags/example_bash_operator.py took 0.132 seconds
[2026-09-23 11:53:49,373] {scheduler_job.py:182} INFO - Started process (PID=1650) to work on /home/airflow/.local/lib/python3.6/site-packages/airflow/example_dags/example_bash_operator.py
[2026-09-23 11:53:49,375] {scheduler_job.py:629} INFO - Processing file /home/airflow/.local/lib/python3.6/site-packages/airflow/example_dags/example_bash_operator.py for tasks to queue
[2026-09-23 11:53:49,377] {logging_mixin.py:104} INFO - [2026-09-23 11:53:49,377] {dagbag.py:451} INFO - Filling up the DagBag from /home/airflow/.local/lib/python3.6/site-packages/airflow/example_dags/example_bash_operator.py
[2026-09-23 11:53:49,403] {scheduler_job.py:639} INFO - DAG(s) dict_keys(['example_bash_operator']) retrieved from /home/airflow/.local/lib/python3.6/site-packages/airflow/example_dags/example_bash_operator.py
[2026-09-23 11:53:49,441] {logging_mixin.py:104} INFO - [2026-09-23 11:53:49,441] {dag.py:1824} INFO - Sync 1 DAGs
[2026-09-23 11:53:49,477] {logging_mixin.py:104} INFO - [2026-09-23 11:53:49,477] {dag.py:2280} INFO - Setting next_dagrun for example_bash_operator to 2026-09-21 00:00:00+00:00
[2026-09-23 11:53:49,499] {scheduler_job.py:190} INFO - Processing /home/airflow/.local/lib/python3.6/site-packages/airflow/example_dags/example_bash_operator.py took 0.132 seconds
[2026-09-23 11:54:20,106] {scheduler_job.py:182} INFO - Started process (PID=1676) to work on /home/airflow/.local/lib/python3.6/site-packages/airflow/example_dags/example_bash_operator.py
[2026-09-23 11:54:20,108] {scheduler_job.py:629} INFO - Processing file /home/airflow/.local/lib/python3.6/site-packages/airflow/example_dags/example_bash_operator.py for tasks to queue
[2026-09-23 11:54:20,111] {logging_mixin.py:104} INFO - [2026-09-23 11:54:20,110] {dagbag.py:451} INFO - Filling up the DagBag from /home/airflow/.local/lib/python3.6/site-packages/airflow/example_dags/example_bash_operator.py
[2026-09-23 11:54:20,139] {scheduler_job.py:639} INFO - DAG(s) dict_keys(['example_bash_operator']) retrieved from /home/airflow/.local/lib/python3.6/site-packages/airflow/example_dags/example_bash_operator.py
[2026-09-23 11:54:20,187] {logging_mixin.py:104} INFO - [2026-09-23 11:54:20,187] {dag.py:1824} INFO - Sync 1 DAGs
[2026-09-23 11:54:20,247] {logging_mixin.py:104} INFO - [2026-09-23 11:54:20,246] {dag.py:2280} INFO - Setting next_dagrun for example_bash_operator to 2026-09-21 00:00:00+00:00
[2026-09-23 11:54:20,287] {scheduler_job.py:190} INFO - Processing /home/airflow/.local/lib/python3.6/site-packages/airflow/example_dags/example_bash_operator.py took 0.188 seconds
[2026-09-23 11:54:50,357] {scheduler_job.py:182} INFO - Started process (PID=1702) to work on /home/airflow/.local/lib/python3.6/site-packages/airflow/example_dags/example_bash_operator.py
[2026-09-23 11:54:50,359] {scheduler_job.py:629} INFO - Processing file /home/airflow/.local/lib/python3.6/site-packages/airflow/example_dags/example_bash_operator.py for tasks to queue
[2026-09-23 11:54:50,359] {logging_mixin.py:104} INFO - [2026-09-23 11:54:50,359] {dagbag.py:451} INFO - Filling up the DagBag from /home/airflow/.local/lib/python3.6/site-packages/airflow/example_dags/example_bash_operator.py
[2026-09-23 11:54:50,376] {scheduler_job.py:639} INFO - DAG(s) dict_keys(['example_bash_operator']) retrieved from /home/airflow/.local/lib/python3.6/site-packages/airflow/example_dags/example_bash_operator.py
[2026-09-23 11:54:50,398] {logging_mixin.py:104} INFO - [2026-09-23 11:54:50,398] {dag.py:1824} INFO - Sync 1 DAGs
[2026-09-23 11:54:50,427] {logging_mixin.py:104} INFO - [2026-09-23 11:54:50,427] {dag.py:2280} INFO - Setting next_dagrun for example_bash_operator to 2026-09-21 00:00:00+00:00
[2026-09-23 11:54:50,443] {scheduler_job.py:190} INFO - Processing /home/airflow/.local/lib/python3.6/site-packages/airflow/example_dags/example_bash_operator.py took 0.089 seconds
[2026-09-23 11:55:20,524] {scheduler_job.py:182} INFO - Started process (PID=1728) to work on /home/airflow/.local/lib/python3.6/site-packages/airflow/example_dags/example_bash_operator.py
[2026-09-23 11:55:20,525] {scheduler_job.py:629} INFO - Processing file /home/airflow/.local/lib/python3.6/site-packages/airflow/example_dags/example_bash_operator.py for tasks to queue
[2026-09-23 11:55:20,526] {logging_mixin.py:104} INFO - [2026-09-23 11:55:20,526] {dagbag.py:451} INFO - Filling up the DagBag from /home/airflow/.local/lib/python3.6/site-packages/airflow/example_dags/example_bash_operator.py
[2026-09-23 11:55:20,544] {scheduler_job.py:639} INFO - DAG(s) dict_keys(['example_bash_operator']) retrieved from /home/airflow/.local/lib/python3.6/site-packages/airflow/example_dags/example_bash_operator.py
[2026-09-23 11:55:20,569] {logging_mixin.py:104} INFO - [2026-09-23 11:55:20,569] {dag.py:1824} INFO - Sync 1 DAGs
[2026-09-23 11:55:20,597] {logging_mixin.py:104} INFO - [2026-09-23 11:55:20,597] {dag.py:2280} INFO - Setting next_dagrun for example_bash_operator to 2026-09-21 00:00:00+00:00
[2026-09-23 11:55:20,613] {scheduler_job.py:190} INFO - Processing /home/airflow/.local/lib/python3.6/site-packages/airflow/example_dags/example_bash_operator.py took 0.093 seconds
[2026-09-23 11:55:51,332] {scheduler_job.py:182} INFO - Started process (PID=1754) to work on /home/airflow/.local/lib/python3.6/site-packages/airflow/example_dags/example_bash_operator.py
[2026-09-23 11:55:51,334] {scheduler_job.py:629} INFO - Processing file /home/airflow/.local/lib/python3.6/site-packages/airflow/example_dags/example_bash_operator.py for tasks to queue
[2026-09-23 11:55:51,335] {logging_mixin.py:104} INFO - [2026-09-23 11:55:51,335] {dagbag.py:451} INFO - Filling up the DagBag from /home/airflow/.local/lib/python3.6/site-packages/airflow/example_dags/example_bash_operator.py
[2026-09-23 11:55:51,357] {scheduler_job.py:639} INFO - DAG(s) dict_keys(['example_bash_operator']) retrieved from /home/airflow/.local/lib/python3.6/site-packages/airflow/example_dags/example_bash_operator.py
[2026-09-23 11:55:51,388] {logging_mixin.py:104} INFO - [2026-09-23 11:55:51,388] {dag.py:1824} INFO - Sync 1 DAGs
[2026-09-23 11:55:51,421] {logging_mixin.py:104} INFO - [2026-09-23 11:55:51,421] {dag.py:2280} INFO - Setting next_dagrun for example_bash_operator to 2026-09-21 00:00:00+00:00
[2026-09-23 11:55:51,435] {scheduler_job.py:190} INFO - Processing /home/airflow/.local/lib/python3.6/site-packages/airflow/example_dags/example_bash_operator.py took 0.109 seconds
[2026-09-23 11:56:21,956] {scheduler_job.py:182} INFO - Started process (PID=1780) to work on /home/airflow/.local/lib/python3.6/site-packages/airflow/example_dags/example_bash_operator.py
[2026-09-23 11:56:21,957] {scheduler_job.py:629} INFO - Processing file /home/airflow/.local/lib/python3.6/site-packages/airflow/example_dags/example_bash_operator.py for tasks to queue
[2026-09-23 11:56:21,959] {logging_mixin.py:104} INFO - [2026-09-23 11:56:21,958] {dagbag.py:451} INFO - Filling up the DagBag from /home/airflow/.local/lib/python3.6/site-packages/airflow/example_dags/example_bash_operator.py
[2026-09-23 11:56:21,986] {scheduler_job.py:639} INFO - DAG(s) dict_keys(['example_bash_operator']) retrieved from /home/airflow/.local/lib/python3.6/site-packages/airflow/example_dags/example_bash_operator.py
[2026-09-23 11:56:22,031] {logging_mixin.py:104} INFO - [2026-09-23 11:56:22,031] {dag.py:1824} INFO - Sync 1 DAGs
[2026-09-23 11:56:22,073] {logging_mixin.py:104} INFO - [2026-09-23 11:56:22,072] {dag.py:2280} INFO - Setting next_dagrun for example_bash_operator to 2026-09-21 00:00:00+00:00
[2026-09-23 11:56:22,097] {scheduler_job.py:190} INFO - Processing /home/airflow/.local/lib/python3.6/site-packages/airflow/example_dags/example_bash_operator.py took 0.151 seconds
[2026-09-23 11:56:52,857] {scheduler_job.py:182} INFO - Started process (PID=1806) to work on /home/airflow/.local/lib/python3.6/site-packages/airflow/example_dags/example_bash_operator.py
[2026-09-23 11:56:52,859] {scheduler_job.py:629} INFO - Processing file /home/airflow/.local/lib/python3.6/site-packages/airflow/example_dags/example_bash_operator.py for tasks to queue
[2026-09-23 11:56:52,860] {logging_mixin.py:104} INFO - [2026-09-23 11:56:52,860] {dagbag.py:451} INFO - Filling up the DagBag from /home/airflow/.local/lib/python3.6/site-packages/airflow/example_dags/example_bash_operator.py
[2026-09-23 11:56:52,882] {scheduler_job.py:639} INFO - DAG(s) dict_keys(['example_bash_operator']) retrieved from /home/airflow/.local/lib/python3.6/site-packages/airflow/example_dags/example_bash_operator.py
[2026-09-23 11:56:52,909] {logging_mixin.py:104} INFO - [2026-09-23 11:56:52,909] {dag.py:1824} INFO - Sync 1 DAGs
[2026-09-23 11:56:52,942] {logging_mixin.py:104} INFO - [2026-09-23 11:56:52,942] {dag.py:2280} INFO - Setting next_dagrun for example_bash_operator to 2026-09-21 00:00:00+00:00
[2026-09-23 11:56:52,960] {scheduler_job.py:190} INFO - Processing /home/airflow/.local/lib/python3.6/site-packages/airflow/example_dags/example_bash_operator.py took 0.106 seconds
[2026-09-23 11:57:23,469] {scheduler_job.py:182} INFO - Started process (PID=1832) to work on /home/airflow/.local/lib/python3.6/site-packages/airflow/example_dags/example_bash_operator.py
[2026-09-23 11:57:23,470] {scheduler_job.py:629} INFO - Processing file /home/airflow/.local/lib/python3.6/site-packages/airflow/example_dags/example_bash_operator.py for tasks to queue
[2026-09-23 11:57:23,471] {logging_mixin.py:104} INFO - [2026-09-23 11:57:23,471] {dagbag.py:451} INFO - Filling up the DagBag from /home/airflow/.local/lib/python3.6/site-packages/airflow/example_dags/example_bash_operator.py
[2026-09-23 11:57:23,488] {scheduler_job.py:639} INFO - DAG(s) dict_keys(['example_bash_operator']) retrieved from /home/airflow/.local/lib/python3.6/site-packages/airflow/example_dags/example_bash_operator.py
[2026-09-23 11:57:23,514] {logging_mixin.py:104} INFO - [2026-09-23 11:57:23,514] {dag.py:1824} INFO - Sync 1 DAGs
[2026-09-23 11:57:23,543] {logging_mixin.py:104} INFO - [2026-09-23 11:57:23,543] {dag.py:2280} INFO - Setting next_dagrun for example_bash_operator to 2026-09-21 00:00:00+00:00
[2026-09-23 11:57:23,558] {scheduler_job.py:190} INFO - Processing /home/airflow/.local/lib/python3.6/site-packages/airflow/example_dags/example_bash_operator.py took 0.094 seconds
[2026-09-23 11:57:54,158] {scheduler_job.py:182} INFO - Started process (PID=1858) to work on /home/airflow/.local/lib/python3.6/site-packages/airflow/example_dags/example_bash_operator.py
[2026-09-23 11:57:54,160] {scheduler_job.py:629} INFO - Processing file /home/airflow/.local/lib/python3.6/site-packages/airflow/example_dags/example_bash_operator.py for tasks to queue
[2026-09-23 11:57:54,161] {logging_mixin.py:104} INFO - [2026-09-23 11:57:54,161] {dagbag.py:451} INFO - Filling up the DagBag from /home/airflow/.local/lib/python3.6/site-packages/airflow/example_dags/example_bash_operator.py
[2026-09-23 11:57:54,188] {scheduler_job.py:639} INFO - DAG(s) dict_keys(['example_bash_operator']) retrieved from /home/airflow/.local/lib/python3.6/site-packages/airflow/example_dags/example_bash_operator.py
[2026-09-23 11:57:54,229] {logging_mixin.py:104} INFO - [2026-09-23 11:57:54,229] {dag.py:1824} INFO - Sync 1 DAGs
[2026-09-23 11:57:54,277] {logging_mixin.py:104} INFO - [2026-09-23 11:57:54,277] {dag.py:2280} INFO - Setting next_dagrun for example_bash_operator to 2026-09-21 00:00:00+00:00
[2026-09-23 11:57:54,302] {scheduler_job.py:190} INFO - Processing /home/airflow/.local/lib/python3.6/site-packages/airflow/example_dags/example_bash_operator.py took 0.150 seconds
[2026-09-23 11:58:25,128] {scheduler_job.py:182} INFO - Started process (PID=1884) to work on /home/airflow/.local/lib/python3.6/site-packages/airflow/example_dags/example_bash_operator.py
[2026-09-23 11:58:25,130] {scheduler_job.py:629} INFO - Processing file /home/airflow/.local/lib/python3.6/site-packages/airflow/example_dags/example_bash_operator.py for tasks to queue
[2026-09-23 11:58:25,133] {logging_mixin.py:104} INFO - [2026-09-23 11:58:25,133] {dagbag.py:451} INFO - Filling up the DagBag from /home/airflow/.local/lib/python3.6/site-packages/airflow/example_dags/example_bash_operator.py
[2026-09-23 11:58:25,178] {scheduler_job.py:639} INFO - DAG(s) dict_keys(['example_bash_operator']) retrieved from /home/airflow/.local/lib/python3.6/site-packages/airflow/example_dags/example_bash_operator.py
[2026-09-23 11:58:25,232] {logging_mixin.py:104} INFO - [2026-09-23 11:58:25,231] {dag.py:1824} INFO - Sync 1 DAGs
[2026-09-23 11:58:25,280] {logging_mixin.py:104} INFO - [2026-09-23 11:58:25,280] {dag.py:2280} INFO - Setting next_dagrun for example_bash_operator to 2026-09-21 00:00:00+00:00
[2026-09-23 11:58:25,308] {scheduler_job.py:190} INFO - Processing /home/airflow/.local/lib/python3.6/site-packages/airflow/example_dags/example_bash_operator.py took 0.190 seconds
[2026-09-23 11:58:55,501] {scheduler_job.py:182} INFO - Started process (PID=1910) to work on /home/airflow/.local/lib/python3.6/site-packages/airflow/example_dags/example_bash_operator.py
[2026-09-23 11:58:55,504] {scheduler_job.py:629} INFO - Processing file /home/airflow/.local/lib/python3.6/site-packages/airflow/example_dags/example_bash_operator.py for tasks to queue
[2026-09-23 11:58:55,507] {logging_mixin.py:104} INFO - [2026-09-23 11:58:55,507] {dagbag.py:451} INFO - Filling up the DagBag from /home/airflow/.local/lib/python3.6/site-packages/airflow/example_dags/example_bash_operator.py
[2026-09-23 11:58:55,541] {scheduler_job.py:639} INFO - DAG(s) dict_keys(['example_bash_operator']) retrieved from /home/airflow/.local/lib/python3.6/site-packages/airflow/example_dags/example_bash_operator.py
[2026-09-23 11:58:55,610] {logging_mixin.py:104} INFO - [2026-09-23 11:58:55,610] {dag.py:1824} INFO - Sync 1 DAGs
[2026-09-23 11:58:55,660] {logging_mixin.py:104} INFO - [2026-09-23 11:58:55,660] {dag.py:2280} INFO - Setting next_dagrun for example_bash_operator to 2026-09-21 00:00:00+00:00
[2026-09-23 11:58:55,685] {scheduler_job.py:190} INFO - Processing /home/airflow/.local/lib/python3.6/site-packages/airflow/example_dags/example_bash_operator.py took 0.191 seconds
[2026-09-23 11:59:26,678] {scheduler_job.py:182} INFO - Started process (PID=1937) to work on /home/airflow/.local/lib/python3.6/site-packages/airflow/example_dags/example_bash_operator.py
[2026-09-23 11:59:26,681] {scheduler_job.py:629} INFO - Processing file /home/airflow/.local/lib/python3.6/site-packages/airflow/example_dags/example_bash_operator.py for tasks to queue
[2026-09-23 11:59:26,682] {logging_mixin.py:104} INFO - [2026-09-23 11:59:26,682] {dagbag.py:451} INFO - Filling up the DagBag from /home/airflow/.local/lib/python3.6/site-packages/airflow/example_dags/example_bash_operator.py
[2026-09-23 11:59:26,702] {scheduler_job.py:639} INFO - DAG(s) dict_keys(['example_bash_operator']) retrieved from /home/airflow/.local/lib/python3.6/site-packages/airflow/example_dags/example_bash_operator.py
[2026-09-23 11:59:26,733] {logging_mixin.py:104} INFO - [2026-09-23 11:59:26,732] {dag.py:1824} INFO - Sync 1 DAGs
[2026-09-23 11:59:26,763] {logging_mixin.py:104} INFO - [2026-09-23 11:59:26,763] {dag.py:2280} INFO - Setting next_dagrun for example_bash_operator to 2026-09-21 00:00:00+00:00
[2026-09-23 11:59:26,780] {scheduler_job.py:190} INFO - Processing /home/airflow/.local/lib/python3.6/site-packages/airflow/example_dags/example_bash_operator.py took 0.107 seconds
[2026-09-23 11:59:57,540] {scheduler_job.py:182} INFO - Started process (PID=1962) to work on /home/airflow/.local/lib/python3.6/site-packages/airflow/example_dags/example_bash_operator.py
[2026-09-23 11:59:57,542] {scheduler_job.py:629} INFO - Processing file /home/airflow/.local/lib/python3.6/site-packages/airflow/example_dags/example_bash_operator.py for tasks to queue
[2026-09-23 11:59:57,542] {logging_mixin.py:104} INFO - [2026-09-23 11:59:57,542] {dagbag.py:451} INFO - Filling up the DagBag from /home/airflow/.local/lib/python3.6/site-packages/airflow/example_dags/example_bash_operator.py
[2026-09-23 11:59:57,558] {scheduler_job.py:639} INFO - DAG(s) dict_keys(['example_bash_operator']) retrieved from /home/airflow/.local/lib/python3.6/site-packages/airflow/example_dags/example_bash_operator.py
[2026-09-23 11:59:57,585] {logging_mixin.py:104} INFO - [2026-09-23 11:59:57,585] {dag.py:1824} INFO - Sync 1 DAGs
[2026-09-23 11:59:57,614] {logging_mixin.py:104} INFO - [2026-09-23 11:59:57,614] {dag.py:2280} INFO - Setting next_dagrun for example_bash_operator to 2026-09-21 00:00:00+00:00
[2026-09-23 11:59:57,633] {scheduler_job.py:190} INFO - Processing /home/airflow/.local/lib/python3.6/site-packages/airflow/example_dags/example_bash_operator.py took 0.096 seconds
[2026-09-23 12:00:28,226] {scheduler_job.py:182} INFO - Started process (PID=1988) to work on /home/airflow/.local/lib/python3.6/site-packages/airflow/example_dags/example_bash_operator.py
[2026-09-23 12:00:28,227] {scheduler_job.py:629} INFO - Processing file /home/airflow/.local/lib/python3.6/site-packages/airflow/example_dags/example_bash_operator.py for tasks to queue
[2026-09-23 12:00:28,228] {logging_mixin.py:104} INFO - [2026-09-23 12:00:28,228] {dagbag.py:451} INFO - Filling up the DagBag from /home/airflow/.local/lib/python3.6/site-packages/airflow/example_dags/example_bash_operator.py
[2026-09-23 12:00:28,249] {scheduler_job.py:639} INFO - DAG(s) dict_keys(['example_bash_operator']) retrieved from /home/airflow/.local/lib/python3.6/site-packages/airflow/example_dags/example_bash_operator.py
[2026-09-23 12:00:28,274] {logging_mixin.py:104} INFO - [2026-09-23 12:00:28,274] {dag.py:1824} INFO - Sync 1 DAGs
[2026-09-23 12:00:28,310] {logging_mixin.py:104} INFO - [2026-09-23 12:00:28,309] {dag.py:2280} INFO - Setting next_dagrun for example_bash_operator to 2026-09-21 00:00:00+00:00
[2026-09-23 12:00:28,329] {scheduler_job.py:190} INFO - Processing /home/airflow/.local/lib/python3.6/site-packages/airflow/example_dags/example_bash_operator.py took 0.108 seconds
[2026-09-23 12:00:58,765] {scheduler_job.py:182} INFO - Started process (PID=2014) to work on /home/airflow/.local/lib/python3.6/site-packages/airflow/example_dags/example_bash_operator.py
[2026-09-23 12:00:58,767] {scheduler_job.py:629} INFO - Processing file /home/airflow/.local/lib/python3.6/site-packages/airflow/example_dags/example_bash_operator.py for tasks to queue
[2026-09-23 12:00:58,768] {logging_mixin.py:104} INFO - [2026-09-23 12:00:58,768] {dagbag.py:451} INFO - Filling up the DagBag from /home/airflow/.local/lib/python3.6/site-packages/airflow/example_dags/example_bash_operator.py
[2026-09-23 12:00:58,792] {scheduler_job.py:639} INFO - DAG(s) dict_keys(['example_bash_operator']) retrieved from /home/airflow/.local/lib/python3.6/site-packages/airflow/example_dags/example_bash_operator.py
[2026-09-23 12:00:58,818] {logging_mixin.py:104} INFO - [2026-09-23 12:00:58,818] {dag.py:1824} INFO - Sync 1 DAGs
[2026-09-23 12:00:58,846] {logging_mixin.py:104} INFO - [2026-09-23 12:00:58,846] {dag.py:2280} INFO - Setting next_dagrun for example_bash_operator to 2026-09-21 00:00:00+00:00
[2026-09-23 12:00:58,864] {scheduler_job.py:190} INFO - Processing /home/airflow/.local/lib/python3.6/site-packages/airflow/example_dags/example_bash_operator.py took 0.103 seconds
[2026-09-23 12:01:29,399] {scheduler_job.py:182} INFO - Started process (PID=2040) to work on /home/airflow/.local/lib/python3.6/site-packages/airflow/example_dags/example_bash_operator.py
[2026-09-23 12:01:29,400] {scheduler_job.py:629} INFO - Processing file /home/airflow/.local/lib/python3.6/site-packages/airflow/example_dags/example_bash_operator.py for tasks to queue
[2026-09-23 12:01:29,401] {logging_mixin.py:104} INFO - [2026-09-23 12:01:29,401] {dagbag.py:451} INFO - Filling up the DagBag from /home/airflow/.local/lib/python3.6/site-packages/airflow/example_dags/example_bash_operator.py
[2026-09-23 12:01:29,417] {scheduler_job.py:639} INFO - DAG(s) dict_keys(['example_bash_operator']) retrieved from /home/airflow/.local/lib/python3.6/site-packages/airflow/example_dags/example_bash_operator.py
[2026-09-23 12:01:29,443] {logging_mixin.py:104} INFO - [2026-09-23 12:01:29,443] {dag.py:1824} INFO - Sync 1 DAGs
[2026-09-23 12:01:29,475] {logging_mixin.py:104} INFO - [2026-09-23 12:01:29,475] {dag.py:2280} INFO - Setting next_dagrun for example_bash_operator to 2026-09-21 00:00:00+00:00
[2026-09-23 12:01:29,495] {scheduler_job.py:190} INFO - Processing /home/airflow/.local/lib/python3.6/site-packages/airflow/example_dags/example_bash_operator.py took 0.100 seconds
[2026-09-23 12:02:00,019] {scheduler_job.py:182} INFO - Started process (PID=2066) to work on /home/airflow/.local/lib/python3.6/site-packages/airflow/example_dags/example_bash_operator.py
[2026-09-23 12:02:00,020] {scheduler_job.py:629} INFO - Processing file /home/airflow/.local/lib/python3.6/site-packages/airflow/example_dags/example_bash_operator.py for tasks to queue
[2026-09-23 12:02:00,021] {logging_mixin.py:104} INFO - [2026-09-23 12:02:00,021] {dagbag.py:451} INFO - Filling up the DagBag from /home/airflow/.local/lib/python3.6/site-packages/airflow/example_dags/example_bash_operator.py
[2026-09-23 12:02:00,043] {scheduler_job.py:639} INFO - DAG(s) dict_keys(['example_bash_operator']) retrieved from /home/airflow/.local/lib/python3.6/site-packages/airflow/example_dags/example_bash_operator.py
[2026-09-23 12:02:00,078] {logging_mixin.py:104} INFO - [2026-09-23 12:02:00,078] {dag.py:1824} INFO - Sync 1 DAGs
[2026-09-23 12:02:00,129] {logging_mixin.py:104} INFO - [2026-09-23 12:02:00,128] {dag.py:2280} INFO - Setting next_dagrun for example_bash_operator to 2026-09-21 00:00:00+00:00
[2026-09-23 12:02:00,151] {scheduler_job.py:190} INFO - Processing /home/airflow/.local/lib/python3.6/site-packages/airflow/example_dags/example_bash_operator.py took 0.136 seconds
[2026-09-23 12:02:30,798] {scheduler_job.py:182} INFO - Started process (PID=2092) to work on /home/airflow/.local/lib/python3.6/site-packages/airflow/example_dags/example_bash_operator.py
[2026-09-23 12:02:30,800] {scheduler_job.py:629} INFO - Processing file /home/airflow/.local/lib/python3.6/site-packages/airflow/example_dags/example_bash_operator.py for tasks to queue
[2026-09-23 12:02:30,801] {logging_mixin.py:104} INFO - [2026-09-23 12:02:30,801] {dagbag.py:451} INFO - Filling up the DagBag from /home/airflow/.local/lib/python3.6/site-packages/airflow/example_dags/example_bash_operator.py
[2026-09-23 12:02:30,826] {scheduler_job.py:639} INFO - DAG(s) dict_keys(['example_bash_operator']) retrieved from /home/airflow/.local/lib/python3.6/site-packages/airflow/example_dags/example_bash_operator.py
[2026-09-23 12:02:30,864] {logging_mixin.py:104} INFO - [2026-09-23 12:02:30,864] {dag.py:1824} INFO - Sync 1 DAGs
[2026-09-23 12:02:30,915] {logging_mixin.py:104} INFO - [2026-09-23 12:02:30,914] {dag.py:2280} INFO - Setting next_dagrun for example_bash_operator to 2026-09-21 00:00:00+00:00
[2026-09-23 12:02:30,940] {scheduler_job.py:190} INFO - Processing /home/airflow/.local/lib/python3.6/site-packages/airflow/example_dags/example_bash_operator.py took 0.147 seconds
[2026-09-23 12:03:01,841] {scheduler_job.py:182} INFO - Started process (PID=2118) to work on /home/airflow/.local/lib/python3.6/site-packages/airflow/example_dags/example_bash_operator.py
[2026-09-23 12:03:01,842] {scheduler_job.py:629} INFO - Processing file /home/airflow/.local/lib/python3.6/site-packages/airflow/example_dags/example_bash_operator.py for tasks to queue
[2026-09-23 12:03:01,843] {logging_mixin.py:104} INFO - [2026-09-23 12:03:01,843] {dagbag.py:451} INFO - Filling up the DagBag from /home/airflow/.local/lib/python3.6/site-packages/airflow/example_dags/example_bash_operator.py
[2026-09-23 12:03:01,861] {scheduler_job.py:639} INFO - DAG(s) dict_keys(['example_bash_operator']) retrieved from /home/airflow/.local/lib/python3.6/site-packages/airflow/example_dags/example_bash_operator.py
[2026-09-23 12:03:01,890] {logging_mixin.py:104} INFO - [2026-09-23 12:03:01,890] {dag.py:1824} INFO - Sync 1 DAGs
[2026-09-23 12:03:01,934] {logging_mixin.py:104} INFO - [2026-09-23 12:03:01,934] {dag.py:2280} INFO - Setting next_dagrun for example_bash_operator to 2026-09-21 00:00:00+00:00
[2026-09-23 12:03:01,955] {scheduler_job.py:190} INFO - Processing /home/airflow/.local/lib/python3.6/site-packages/airflow/example_dags/example_bash_operator.py took 0.117 seconds
[2026-09-23 12:03:32,776] {scheduler_job.py:182} INFO - Started process (PID=2144) to work on /home/airflow/.local/lib/python3.6/site-packages/airflow/example_dags/example_bash_operator.py
[2026-09-23 12:03:32,778] {scheduler_job.py:629} INFO - Processing file /home/airflow/.local/lib/python3.6/site-packages/airflow/example_dags/example_bash_operator.py for tasks to queue
[2026-09-23 12:03:32,778] {logging_mixin.py:104} INFO - [2026-09-23 12:03:32,778] {dagbag.py:451} INFO - Filling up the DagBag from /home/airflow/.local/lib/python3.6/site-packages/airflow/example_dags/example_bash_operator.py
[2026-09-23 12:03:32,794] {scheduler_job.py:639} INFO - DAG(s) dict_keys(['example_bash_operator']) retrieved from /home/airflow/.local/lib/python3.6/site-packages/airflow/example_dags/example_bash_operator.py
[2026-09-23 12:03:32,821] {logging_mixin.py:104} INFO - [2026-09-23 12:03:32,821] {dag.py:1824} INFO - Sync 1 DAGs
[2026-09-23 12:03:32,858] {logging_mixin.py:104} INFO - [2026-09-23 12:03:32,858] {dag.py:2280} INFO - Setting next_dagrun for example_bash_operator to 2026-09-21 00:00:00+00:00
[2026-09-23 12:03:32,871] {scheduler_job.py:190} INFO - Processing /home/airflow/.local/lib/python3.6/site-packages/airflow/example_dags/example_bash_operator.py took 0.099 seconds
[2026-09-23 12:04:03,516] {scheduler_job.py:182} INFO - Started process (PID=2170) to work on /home/airflow/.local/lib/python3.6/site-packages/airflow/example_dags/example_bash_operator.py
[2026-09-23 12:04:03,518] {scheduler_job.py:629} INFO - Processing file /home/airflow/.local/lib/python3.6/site-packages/airflow/example_dags/example_bash_operator.py for tasks to queue
[2026-09-23 12:04:03,519] {logging_mixin.py:104} INFO - [2026-09-23 12:04:03,519] {dagbag.py:451} INFO - Filling up the DagBag from /home/airflow/.local/lib/python3.6/site-packages/airflow/example_dags/example_bash_operator.py
[2026-09-23 12:04:03,547] {scheduler_job.py:639} INFO - DAG(s) dict_keys(['example_bash_operator']) retrieved from /home/airflow/.local/lib/python3.6/site-packages/airflow/example_dags/example_bash_operator.py
[2026-09-23 12:04:03,594] {logging_mixin.py:104} INFO - [2026-09-23 12:04:03,593] {dag.py:1824} INFO - Sync 1 DAGs
[2026-09-23 12:04:03,641] {logging_mixin.py:104} INFO - [2026-09-23 12:04:03,641] {dag.py:2280} INFO - Setting next_dagrun for example_bash_operator to 2026-09-21 00:00:00+00:00
[2026-09-23 12:04:03,660] {scheduler_job.py:190} INFO - Processing /home/airflow/.local/lib/python3.6/site-packages/airflow/example_dags/example_bash_operator.py took 0.151 seconds
[2026-09-23 12:04:34,375] {scheduler_job.py:182} INFO - Started process (PID=2198) to work on /home/airflow/.local/lib/python3.6/site-packages/airflow/example_dags/example_bash_operator.py
[2026-09-23 12:04:34,377] {scheduler_job.py:629} INFO - Processing file /home/airflow/.local/lib/python3.6/site-packages/airflow/example_dags/example_bash_operator.py for tasks to queue
[2026-09-23 12:04:34,379] {logging_mixin.py:104} INFO - [2026-09-23 12:04:34,378] {dagbag.py:451} INFO - Filling up the DagBag from /home/airflow/.local/lib/python3.6/site-packages/airflow/example_dags/example_bash_operator.py
[2026-09-23 12:04:34,404] {scheduler_job.py:639} INFO - DAG(s) dict_keys(['example_bash_operator']) retrieved from /home/airflow/.local/lib/python3.6/site-packages/airflow/example_dags/example_bash_operator.py
[2026-09-23 12:04:34,447] {logging_mixin.py:104} INFO - [2026-09-23 12:04:34,446] {dag.py:1824} INFO - Sync 1 DAGs
[2026-09-23 12:04:34,516] {logging_mixin.py:104} INFO - [2026-09-23 12:04:34,516] {dag.py:2280} INFO - Setting next_dagrun for example_bash_operator to 2026-09-21 00:00:00+00:00
[2026-09-23 12:04:34,541] {scheduler_job.py:190} INFO - Processing /home/airflow/.local/lib/python3.6/site-packages/airflow/example_dags/example_bash_operator.py took 0.173 seconds
[2026-09-23 12:05:04,587] {scheduler_job.py:182} INFO - Started process (PID=2224) to work on /home/airflow/.local/lib/python3.6/site-packages/airflow/example_dags/example_bash_operator.py
[2026-09-23 12:05:04,589] {scheduler_job.py:629} INFO - Processing file /home/airflow/.local/lib/python3.6/site-packages/airflow/example_dags/example_bash_operator.py for tasks to queue
[2026-09-23 12:05:04,591] {logging_mixin.py:104} INFO - [2026-09-23 12:05:04,590] {dagbag.py:451} INFO - Filling up the DagBag from /home/airflow/.local/lib/python3.6/site-packages/airflow/example_dags/example_bash_operator.py
[2026-09-23 12:05:04,618] {scheduler_job.py:639} INFO - DAG(s) dict_keys(['example_bash_operator']) retrieved from /home/airflow/.local/lib/python3.6/site-packages/airflow/example_dags/example_bash_operator.py
[2026-09-23 12:05:04,660] {logging_mixin.py:104} INFO - [2026-09-23 12:05:04,660] {dag.py:1824} INFO - Sync 1 DAGs
[2026-09-23 12:05:04,705] {logging_mixin.py:104} INFO - [2026-09-23 12:05:04,705] {dag.py:2280} INFO - Setting next_dagrun for example_bash_operator to 2026-09-21 00:00:00+00:00
[2026-09-23 12:05:04,730] {scheduler_job.py:190} INFO - Processing /home/airflow/.local/lib/python3.6/site-packages/airflow/example_dags/example_bash_operator.py took 0.148 seconds
[2026-09-23 12:05:35,474] {scheduler_job.py:182} INFO - Started process (PID=2248) to work on /home/airflow/.local/lib/python3.6/site-packages/airflow/example_dags/example_bash_operator.py
[2026-09-23 12:05:35,476] {scheduler_job.py:629} INFO - Processing file /home/airflow/.local/lib/python3.6/site-packages/airflow/example_dags/example_bash_operator.py for tasks to queue
[2026-09-23 12:05:35,479] {logging_mixin.py:104} INFO - [2026-09-23 12:05:35,479] {dagbag.py:451} INFO - Filling up the DagBag from /home/airflow/.local/lib/python3.6/site-packages/airflow/example_dags/example_bash_operator.py
[2026-09-23 12:05:35,525] {scheduler_job.py:639} INFO - DAG(s) dict_keys(['example_bash_operator']) retrieved from /home/airflow/.local/lib/python3.6/site-packages/airflow/example_dags/example_bash_operator.py
[2026-09-23 12:05:35,594] {logging_mixin.py:104} INFO - [2026-09-23 12:05:35,594] {dag.py:1824} INFO - Sync 1 DAGs
[2026-09-23 12:05:35,683] {logging_mixin.py:104} INFO - [2026-09-23 12:05:35,683] {dag.py:2280} INFO - Setting next_dagrun for example_bash_operator to 2026-09-21 00:00:00+00:00
[2026-09-23 12:05:35,720] {scheduler_job.py:190} INFO - Processing /home/airflow/.local/lib/python3.6/site-packages/airflow/example_dags/example_bash_operator.py took 0.255 seconds
[2026-09-23 12:06:05,877] {scheduler_job.py:182} INFO - Started process (PID=2275) to work on /home/airflow/.local/lib/python3.6/site-packages/airflow/example_dags/example_bash_operator.py
[2026-09-23 12:06:05,879] {scheduler_job.py:629} INFO - Processing file /home/airflow/.local/lib/python3.6/site-packages/airflow/example_dags/example_bash_operator.py for tasks to queue
[2026-09-23 12:06:05,879] {logging_mixin.py:104} INFO - [2026-09-23 12:06:05,879] {dagbag.py:451} INFO - Filling up the DagBag from /home/airflow/.local/lib/python3.6/site-packages/airflow/example_dags/example_bash_operator.py
[2026-09-23 12:06:05,897] {scheduler_job.py:639} INFO - DAG(s) dict_keys(['example_bash_operator']) retrieved from /home/airflow/.local/lib/python3.6/site-packages/airflow/example_dags/example_bash_operator.py
[2026-09-23 12:06:05,922] {logging_mixin.py:104} INFO - [2026-09-23 12:06:05,922] {dag.py:1824} INFO - Sync 1 DAGs
[2026-09-23 12:06:05,948] {logging_mixin.py:104} INFO - [2026-09-23 12:06:05,948] {dag.py:2280} INFO - Setting next_dagrun for example_bash_operator to 2026-09-21 00:00:00+00:00
[2026-09-23 12:06:05,965] {scheduler_job.py:190} INFO - Processing /home/airflow/.local/lib/python3.6/site-packages/airflow/example_dags/example_bash_operator.py took 0.091 seconds
[2026-09-23 12:06:36,651] {scheduler_job.py:182} INFO - Started process (PID=2301) to work on /home/airflow/.local/lib/python3.6/site-packages/airflow/example_dags/example_bash_operator.py
[2026-09-23 12:06:36,653] {scheduler_job.py:629} INFO - Processing file /home/airflow/.local/lib/python3.6/site-packages/airflow/example_dags/example_bash_operator.py for tasks to queue
[2026-09-23 12:06:36,654] {logging_mixin.py:104} INFO - [2026-09-23 12:06:36,654] {dagbag.py:451} INFO - Filling up the DagBag from /home/airflow/.local/lib/python3.6/site-packages/airflow/example_dags/example_bash_operator.py
[2026-09-23 12:06:36,675] {scheduler_job.py:639} INFO - DAG(s) dict_keys(['example_bash_operator']) retrieved from /home/airflow/.local/lib/python3.6/site-packages/airflow/example_dags/example_bash_operator.py
[2026-09-23 12:06:36,704] {logging_mixin.py:104} INFO - [2026-09-23 12:06:36,704] {dag.py:1824} INFO - Sync 1 DAGs
[2026-09-23 12:06:36,735] {logging_mixin.py:104} INFO - [2026-09-23 12:06:36,735] {dag.py:2280} INFO - Setting next_dagrun for example_bash_operator to 2026-09-21 00:00:00+00:00
[2026-09-23 12:06:36,753] {scheduler_job.py:190} INFO - Processing /home/airflow/.local/lib/python3.6/site-packages/airflow/example_dags/example_bash_operator.py took 0.106 seconds
[2026-09-23 12:07:07,430] {scheduler_job.py:182} INFO - Started process (PID=2327) to work on /home/airflow/.local/lib/python3.6/site-packages/airflow/example_dags/example_bash_operator.py
[2026-09-23 12:07:07,431] {scheduler_job.py:629} INFO - Processing file /home/airflow/.local/lib/python3.6/site-packages/airflow/example_dags/example_bash_operator.py for tasks to queue
[2026-09-23 12:07:07,432] {logging_mixin.py:104} INFO - [2026-09-23 12:07:07,432] {dagbag.py:451} INFO - Filling up the DagBag from /home/airflow/.local/lib/python3.6/site-packages/airflow/example_dags/example_bash_operator.py
[2026-09-23 12:07:07,453] {scheduler_job.py:639} INFO - DAG(s) dict_keys(['example_bash_operator']) retrieved from /home/airflow/.local/lib/python3.6/site-packages/airflow/example_dags/example_bash_operator.py
[2026-09-23 12:07:07,489] {logging_mixin.py:104} INFO - [2026-09-23 12:07:07,489] {dag.py:1824} INFO - Sync 1 DAGs
[2026-09-23 12:07:07,531] {logging_mixin.py:104} INFO - [2026-09-23 12:07:07,531] {dag.py:2280} INFO - Setting next_dagrun for example_bash_operator to 2026-09-21 00:00:00+00:00
[2026-09-23 12:07:07,552] {scheduler_job.py:190} INFO - Processing /home/airflow/.local/lib/python3.6/site-packages/airflow/example_dags/example_bash_operator.py took 0.127 seconds
[2026-09-23 12:07:38,279] {scheduler_job.py:182} INFO - Started process (PID=2353) to work on /home/airflow/.local/lib/python3.6/site-packages/airflow/example_dags/example_bash_operator.py
[2026-09-23 12:07:38,280] {scheduler_job.py:629} INFO - Processing file /home/airflow/.local/lib/python3.6/site-packages/airflow/example_dags/example_bash_operator.py for tasks to queue
[2026-09-23 12:07:38,282] {logging_mixin.py:104} INFO - [2026-09-23 12:07:38,281] {dagbag.py:451} INFO - Filling up the DagBag from /home/airflow/.local/lib/python3.6/site-packages/airflow/example_dags/example_bash_operator.py
[2026-09-23 12:07:38,301] {scheduler_job.py:639} INFO - DAG(s) dict_keys(['example_bash_operator']) retrieved from /home/airflow/.local/lib/python3.6/site-packages/airflow/example_dags/example_bash_operator.py
[2026-09-23 12:07:38,331] {logging_mixin.py:104} INFO - [2026-09-23 12:07:38,330] {dag.py:1824} INFO - Sync 1 DAGs
[2026-09-23 12:07:38,373] {logging_mixin.py:104} INFO - [2026-09-23 12:07:38,373] {dag.py:2280} INFO - Setting next_dagrun for example_bash_operator to 2026-09-21 00:00:00+00:00
[2026-09-23 12:07:38,392] {scheduler_job.py:190} INFO - Processing /home/airflow/.local/lib/python3.6/site-packages/airflow/example_dags/example_bash_operator.py took 0.117 seconds
[2026-09-23 12:08:08,986] {scheduler_job.py:182} INFO - Started process (PID=2379) to work on /home/airflow/.local/lib/python3.6/site-packages/airflow/example_dags/example_bash_operator.py
[2026-09-23 12:08:08,987] {scheduler_job.py:629} INFO - Processing file /home/airflow/.local/lib/python3.6/site-packages/airflow/example_dags/example_bash_operator.py for tasks to queue
[2026-09-23 12:08:08,987] {logging_mixin.py:104} INFO - [2026-09-23 12:08:08,987] {dagbag.py:451} INFO - Filling up the DagBag from /home/airflow/.local/lib/python3.6/site-packages/airflow/example_dags/example_bash_operator.py
[2026-09-23 12:08:09,006] {scheduler_job.py:639} INFO - DAG(s) dict_keys(['example_bash_operator']) retrieved from /home/airflow/.local/lib/python3.6/site-packages/airflow/example_dags/example_bash_operator.py
[2026-09-23 12:08:09,045] {logging_mixin.py:104} INFO - [2026-09-23 12:08:09,045] {dag.py:1824} INFO - Sync 1 DAGs
[2026-09-23 12:08:09,084] {logging_mixin.py:104} INFO - [2026-09-23 12:08:09,084] {dag.py:2280} INFO - Setting next_dagrun for example_bash_operator to 2026-09-21 00:00:00+00:00
[2026-09-23 12:08:09,102] {scheduler_job.py:190} INFO - Processing /home/airflow/.local/lib/python3.6/site-packages/airflow/example_dags/example_bash_operator.py took 0.121 seconds
[2026-09-23 12:08:39,595] {scheduler_job.py:182} INFO - Started process (PID=2405) to work on /home/airflow/.local/lib/python3.6/site-packages/airflow/example_dags/example_bash_operator.py
[2026-09-23 12:08:39,597] {scheduler_job.py:629} INFO - Processing file /home/airflow/.local/lib/python3.6/site-packages/airflow/example_dags/example_bash_operator.py for tasks to queue
[2026-09-23 12:08:39,598] {logging_mixin.py:104} INFO - [2026-09-23 12:08:39,598] {dagbag.py:451} INFO - Filling up the DagBag from /home/airflow/.local/lib/python3.6/site-packages/airflow/example_dags/example_bash_operator.py
[2026-09-23 12:08:39,622] {scheduler_job.py:639} INFO - DAG(s) dict_keys(['example_bash_operator']) retrieved from /home/airflow/.local/lib/python3.6/site-packages/airflow/example_dags/example_bash_operator.py
[2026-09-23 12:08:39,661] {logging_mixin.py:104} INFO - [2026-09-23 12:08:39,661] {dag.py:1824} INFO - Sync 1 DAGs
[2026-09-23 12:08:39,705] {logging_mixin.py:104} INFO - [2026-09-23 12:08:39,705] {dag.py:2280} INFO - Setting next_dagrun for example_bash_operator to 2026-09-21 00:00:00+00:00
[2026-09-23 12:08:39,725] {scheduler_job.py:190} INFO - Processing /home/airflow/.local/lib/python3.6/site-packages/airflow/example_dags/example_bash_operator.py took 0.135 seconds
[2026-09-23 12:09:10,455] {scheduler_job.py:182} INFO - Started process (PID=2431) to work on /home/airflow/.local/lib/python3.6/site-packages/airflow/example_dags/example_bash_operator.py
[2026-09-23 12:09:10,456] {scheduler_job.py:629} INFO - Processing file /home/airflow/.local/lib/python3.6/site-packages/airflow/example_dags/example_bash_operator.py for tasks to queue
[2026-09-23 12:09:10,457] {logging_mixin.py:104} INFO - [2026-09-23 12:09:10,457] {dagbag.py:451} INFO - Filling up the DagBag from /home/airflow/.local/lib/python3.6/site-packages/airflow/example_dags/example_bash_operator.py
[2026-09-23 12:09:10,475] {scheduler_job.py:639} INFO - DAG(s) dict_keys(['example_bash_operator']) retrieved from /home/airflow/.local/lib/python3.6/site-packages/airflow/example_dags/example_bash_operator.py
[2026-09-23 12:09:10,508] {logging_mixin.py:104} INFO - [2026-09-23 12:09:10,507] {dag.py:1824} INFO - Sync 1 DAGs
[2026-09-23 12:09:10,548] {logging_mixin.py:104} INFO - [2026-09-23 12:09:10,548] {dag.py:2280} INFO - Setting next_dagrun for example_bash_operator to 2026-09-21 00:00:00+00:00
[2026-09-23 12:09:10,569] {scheduler_job.py:190} INFO - Processing /home/airflow/.local/lib/python3.6/site-packages/airflow/example_dags/example_bash_operator.py took 0.118 seconds
[2026-09-23 12:09:41,437] {scheduler_job.py:182} INFO - Started process (PID=2457) to work on /home/airflow/.local/lib/python3.6/site-packages/airflow/example_dags/example_bash_operator.py
[2026-09-23 12:09:41,440] {scheduler_job.py:629} INFO - Processing file /home/airflow/.local/lib/python3.6/site-packages/airflow/example_dags/example_bash_operator.py for tasks to queue
[2026-09-23 12:09:41,441] {logging_mixin.py:104} INFO - [2026-09-23 12:09:41,441] {dagbag.py:451} INFO - Filling up the DagBag from /home/airflow/.local/lib/python3.6/site-packages/airflow/example_dags/example_bash_operator.py
[2026-09-23 12:09:41,458] {scheduler_job.py:639} INFO - DAG(s) dict_keys(['example_bash_operator']) retrieved from /home/airflow/.local/lib/python3.6/site-packages/airflow/example_dags/example_bash_operator.py
[2026-09-23 12:09:41,494] {logging_mixin.py:104} INFO - [2026-09-23 12:09:41,494] {dag.py:1824} INFO - Sync 1 DAGs
[2026-09-23 12:09:41,542] {logging_mixin.py:104} INFO - [2026-09-23 12:09:41,542] {dag.py:2280} INFO - Setting next_dagrun for example_bash_operator to 2026-09-21 00:00:00+00:00
[2026-09-23 12:09:41,563] {scheduler_job.py:190} INFO - Processing /home/airflow/.local/lib/python3.6/site-packages/airflow/example_dags/example_bash_operator.py took 0.130 seconds
[2026-09-23 12:10:12,202] {scheduler_job.py:182} INFO - Started process (PID=2484) to work on /home/airflow/.local/lib/python3.6/site-packages/airflow/example_dags/example_bash_operator.py
[2026-09-23 12:10:12,204] {scheduler_job.py:629} INFO - Processing file /home/airflow/.local/lib/python3.6/site-packages/airflow/example_dags/example_bash_operator.py for tasks to queue
[2026-09-23 12:10:12,205] {logging_mixin.py:104} INFO - [2026-09-23 12:10:12,205] {dagbag.py:451} INFO - Filling up the DagBag from /home/airflow/.local/lib/python3.6/site-packages/airflow/example_dags/example_bash_operator.py
[2026-09-23 12:10:12,230] {scheduler_job.py:639} INFO - DAG(s) dict_keys(['example_bash_operator']) retrieved from /home/airflow/.local/lib/python3.6/site-packages/airflow/example_dags/example_bash_operator.py
[2026-09-23 12:10:12,264] {logging_mixin.py:104} INFO - [2026-09-23 12:10:12,264] {dag.py:1824} INFO - Sync 1 DAGs
[2026-09-23 12:10:12,311] {logging_mixin.py:104} INFO - [2026-09-23 12:10:12,311] {dag.py:2280} INFO - Setting next_dagrun for example_bash_operator to 2026-09-21 00:00:00+00:00
[2026-09-23 12:10:12,334] {scheduler_job.py:190} INFO - Processing /home/airflow/.local/lib/python3.6/site-packages/airflow/example_dags/example_bash_operator.py took 0.139 seconds
[2026-09-23 12:10:42,411] {scheduler_job.py:182} INFO - Started process (PID=2510) to work on /home/airflow/.local/lib/python3.6/site-packages/airflow/example_dags/example_bash_operator.py
[2026-09-23 12:10:42,413] {scheduler_job.py:629} INFO - Processing file /home/airflow/.local/lib/python3.6/site-packages/airflow/example_dags/example_bash_operator.py for tasks to queue
[2026-09-23 12:10:42,414] {logging_mixin.py:104} INFO - [2026-09-23 12:10:42,414] {dagbag.py:451} INFO - Filling up the DagBag from /home/airflow/.local/lib/python3.6/site-packages/airflow/example_dags/example_bash_operator.py
[2026-09-23 12:10:42,436] {scheduler_job.py:639} INFO - DAG(s) dict_keys(['example_bash_operator']) retrieved from /home/airflow/.local/lib/python3.6/site-packages/airflow/example_dags/example_bash_operator.py
[2026-09-23 12:10:42,465] {logging_mixin.py:104} INFO - [2026-09-23 12:10:42,465] {dag.py:1824} INFO - Sync 1 DAGs
[2026-09-23 12:10:42,496] {logging_mixin.py:104} INFO - [2026-09-23 12:10:42,496] {dag.py:2280} INFO - Setting next_dagrun for example_bash_operator to 2026-09-21 00:00:00+00:00
[2026-09-23 12:10:42,513] {scheduler_job.py:190} INFO - Processing /home/airflow/.local/lib/python3.6/site-packages/airflow/example_dags/example_bash_operator.py took 0.108 seconds
[2026-09-23 12:11:13,081] {scheduler_job.py:182} INFO - Started process (PID=2534) to work on /home/airflow/.local/lib/python3.6/site-packages/airflow/example_dags/example_bash_operator.py
[2026-09-23 12:11:13,082] {scheduler_job.py:629} INFO - Processing file /home/airflow/.local/lib/python3.6/site-packages/airflow/example_dags/example_bash_operator.py for tasks to queue
[2026-09-23 12:11:13,084] {logging_mixin.py:104} INFO - [2026-09-23 12:11:13,083] {dagbag.py:451} INFO - Filling up the DagBag from /home/airflow/.local/lib/python3.6/site-packages/airflow/example_dags/example_bash_operator.py
[2026-09-23 12:11:13,104] {scheduler_job.py:639} INFO - DAG(s) dict_keys(['example_bash_operator']) retrieved from /home/airflow/.local/lib/python3.6/site-packages/airflow/example_dags/example_bash_operator.py
[2026-09-23 12:11:13,141] {logging_mixin.py:104} INFO - [2026-09-23 12:11:13,141] {dag.py:1824} INFO - Sync 1 DAGs
[2026-09-23 12:11:13,188] {logging_mixin.py:104} INFO - [2026-09-23 12:11:13,188] {dag.py:2280} INFO - Setting next_dagrun for example_bash_operator to 2026-09-21 00:00:00+00:00
[2026-09-23 12:11:13,213] {scheduler_job.py:190} INFO - Processing /home/airflow/.local/lib/python3.6/site-packages/airflow/example_dags/example_bash_operator.py took 0.137 seconds
[2026-09-23 12:11:43,302] {scheduler_job.py:182} INFO - Started process (PID=2560) to work on /home/airflow/.local/lib/python3.6/site-packages/airflow/example_dags/example_bash_operator.py
[2026-09-23 12:11:43,309] {scheduler_job.py:629} INFO - Processing file /home/airflow/.local/lib/python3.6/site-packages/airflow/example_dags/example_bash_operator.py for tasks to queue
[2026-09-23 12:11:43,311] {logging_mixin.py:104} INFO - [2026-09-23 12:11:43,311] {dagbag.py:451} INFO - Filling up the DagBag from /home/airflow/.local/lib/python3.6/site-packages/airflow/example_dags/example_bash_operator.py
[2026-09-23 12:11:43,339] {scheduler_job.py:639} INFO - DAG(s) dict_keys(['example_bash_operator']) retrieved from /home/airflow/.local/lib/python3.6/site-packages/airflow/example_dags/example_bash_operator.py
[2026-09-23 12:11:43,382] {logging_mixin.py:104} INFO - [2026-09-23 12:11:43,382] {dag.py:1824} INFO - Sync 1 DAGs
[2026-09-23 12:11:43,427] {logging_mixin.py:104} INFO - [2026-09-23 12:11:43,427] {dag.py:2280} INFO - Setting next_dagrun for example_bash_operator to 2026-09-21 00:00:00+00:00
[2026-09-23 12:11:43,451] {scheduler_job.py:190} INFO - Processing /home/airflow/.local/lib/python3.6/site-packages/airflow/example_dags/example_bash_operator.py took 0.157 seconds
[2026-09-23 12:12:13,612] {scheduler_job.py:182} INFO - Started process (PID=2586) to work on /home/airflow/.local/lib/python3.6/site-packages/airflow/example_dags/example_bash_operator.py
[2026-09-23 12:12:13,617] {scheduler_job.py:629} INFO - Processing file /home/airflow/.local/lib/python3.6/site-packages/airflow/example_dags/example_bash_operator.py for tasks to queue
[2026-09-23 12:12:13,621] {logging_mixin.py:104} INFO - [2026-09-23 12:12:13,621] {dagbag.py:451} INFO - Filling up the DagBag from /home/airflow/.local/lib/python3.6/site-packages/airflow/example_dags/example_bash_operator.py
[2026-09-23 12:12:13,671] {scheduler_job.py:639} INFO - DAG(s) dict_keys(['example_bash_operator']) retrieved from /home/airflow/.local/lib/python3.6/site-packages/airflow/example_dags/example_bash_operator.py
[2026-09-23 12:12:13,729] {logging_mixin.py:104} INFO - [2026-09-23 12:12:13,728] {dag.py:1824} INFO - Sync 1 DAGs
[2026-09-23 12:12:13,788] {logging_mixin.py:104} INFO - [2026-09-23 12:12:13,787] {dag.py:2280} INFO - Setting next_dagrun for example_bash_operator to 2026-09-21 00:00:00+00:00
[2026-09-23 12:12:13,814] {scheduler_job.py:190} INFO - Processing /home/airflow/.local/lib/python3.6/site-packages/airflow/example_dags/example_bash_operator.py took 0.211 seconds
[2026-09-23 12:12:43,978] {scheduler_job.py:182} INFO - Started process (PID=2613) to work on /home/airflow/.local/lib/python3.6/site-packages/airflow/example_dags/example_bash_operator.py
[2026-09-23 12:12:43,979] {scheduler_job.py:629} INFO - Processing file /home/airflow/.local/lib/python3.6/site-packages/airflow/example_dags/example_bash_operator.py for tasks to queue
[2026-09-23 12:12:43,980] {logging_mixin.py:104} INFO - [2026-09-23 12:12:43,980] {dagbag.py:451} INFO - Filling up the DagBag from /home/airflow/.local/lib/python3.6/site-packages/airflow/example_dags/example_bash_operator.py
[2026-09-23 12:12:43,998] {scheduler_job.py:639} INFO - DAG(s) dict_keys(['example_bash_operator']) retrieved from /home/airflow/.local/lib/python3.6/site-packages/airflow/example_dags/example_bash_operator.py
[2026-09-23 12:12:44,024] {logging_mixin.py:104} INFO - [2026-09-23 12:12:44,024] {dag.py:1824} INFO - Sync 1 DAGs
[2026-09-23 12:12:44,053] {logging_mixin.py:104} INFO - [2026-09-23 12:12:44,052] {dag.py:2280} INFO - Setting next_dagrun for example_bash_operator to 2026-09-21 00:00:00+00:00
[2026-09-23 12:12:44,069] {scheduler_job.py:190} INFO - Processing /home/airflow/.local/lib/python3.6/site-packages/airflow/example_dags/example_bash_operator.py took 0.096 seconds
[2026-09-23 12:13:14,102] {scheduler_job.py:182} INFO - Started process (PID=2639) to work on /home/airflow/.local/lib/python3.6/site-packages/airflow/example_dags/example_bash_operator.py
[2026-09-23 12:13:14,103] {scheduler_job.py:629} INFO - Processing file /home/airflow/.local/lib/python3.6/site-packages/airflow/example_dags/example_bash_operator.py for tasks to queue
[2026-09-23 12:13:14,104] {logging_mixin.py:104} INFO - [2026-09-23 12:13:14,104] {dagbag.py:451} INFO - Filling up the DagBag from /home/airflow/.local/lib/python3.6/site-packages/airflow/example_dags/example_bash_operator.py
[2026-09-23 12:13:14,121] {scheduler_job.py:639} INFO - DAG(s) dict_keys(['example_bash_operator']) retrieved from /home/airflow/.local/lib/python3.6/site-packages/airflow/example_dags/example_bash_operator.py
[2026-09-23 12:13:14,146] {logging_mixin.py:104} INFO - [2026-09-23 12:13:14,146] {dag.py:1824} INFO - Sync 1 DAGs
[2026-09-23 12:13:14,173] {logging_mixin.py:104} INFO - [2026-09-23 12:13:14,172] {dag.py:2280} INFO - Setting next_dagrun for example_bash_operator to 2026-09-21 00:00:00+00:00
[2026-09-23 12:13:14,190] {scheduler_job.py:190} INFO - Processing /home/airflow/.local/lib/python3.6/site-packages/airflow/example_dags/example_bash_operator.py took 0.092 seconds
[2026-09-23 12:13:44,244] {scheduler_job.py:182} INFO - Started process (PID=2664) to work on /home/airflow/.local/lib/python3.6/site-packages/airflow/example_dags/example_bash_operator.py
[2026-09-23 12:13:44,245] {scheduler_job.py:629} INFO - Processing file /home/airflow/.local/lib/python3.6/site-packages/airflow/example_dags/example_bash_operator.py for tasks to queue
[2026-09-23 12:13:44,246] {logging_mixin.py:104} INFO - [2026-09-23 12:13:44,246] {dagbag.py:451} INFO - Filling up the DagBag from /home/airflow/.local/lib/python3.6/site-packages/airflow/example_dags/example_bash_operator.py
[2026-09-23 12:13:44,263] {scheduler_job.py:639} INFO - DAG(s) dict_keys(['example_bash_operator']) retrieved from /home/airflow/.local/lib/python3.6/site-packages/airflow/example_dags/example_bash_operator.py
[2026-09-23 12:13:44,288] {logging_mixin.py:104} INFO - [2026-09-23 12:13:44,287] {dag.py:1824} INFO - Sync 1 DAGs
[2026-09-23 12:13:44,317] {logging_mixin.py:104} INFO - [2026-09-23 12:13:44,317] {dag.py:2280} INFO - Setting next_dagrun for example_bash_operator to 2026-09-21 00:00:00+00:00
[2026-09-23 12:13:44,335] {scheduler_job.py:190} INFO - Processing /home/airflow/.local/lib/python3.6/site-packages/airflow/example_dags/example_bash_operator.py took 0.094 seconds
[2026-09-23 12:14:14,725] {scheduler_job.py:182} INFO - Started process (PID=2692) to work on /home/airflow/.local/lib/python3.6/site-packages/airflow/example_dags/example_bash_operator.py
[2026-09-23 12:14:14,726] {scheduler_job.py:629} INFO - Processing file /home/airflow/.local/lib/python3.6/site-packages/airflow/example_dags/example_bash_operator.py for tasks to queue
[2026-09-23 12:14:14,727] {logging_mixin.py:104} INFO - [2026-09-23 12:14:14,726] {dagbag.py:451} INFO - Filling up the DagBag from /home/airflow/.local/lib/python3.6/site-packages/airflow/example_dags/example_bash_operator.py
[2026-09-23 12:14:14,743] {scheduler_job.py:639} INFO - DAG(s) dict_keys(['example_bash_operator']) retrieved from /home/airflow/.local/lib/python3.6/site-packages/airflow/example_dags/example_bash_operator.py
[2026-09-23 12:14:14,767] {logging_mixin.py:104} INFO - [2026-09-23 12:14:14,767] {dag.py:1824} INFO - Sync 1 DAGs
[2026-09-23 12:14:14,792] {logging_mixin.py:104} INFO - [2026-09-23 12:14:14,792] {dag.py:2280} INFO - Setting next_dagrun for example_bash_operator to 2026-09-21 00:00:00+00:00
[2026-09-23 12:14:14,807] {scheduler_job.py:190} INFO - Processing /home/airflow/.local/lib/python3.6/site-packages/airflow/example_dags/example_bash_operator.py took 0.087 seconds
[2026-09-23 12:14:45,567] {scheduler_job.py:182} INFO - Started process (PID=2718) to work on /home/airflow/.local/lib/python3.6/site-packages/airflow/example_dags/example_bash_operator.py
[2026-09-23 12:14:45,569] {scheduler_job.py:629} INFO - Processing file /home/airflow/.local/lib/python3.6/site-packages/airflow/example_dags/example_bash_operator.py for tasks to queue
[2026-09-23 12:14:45,569] {logging_mixin.py:104} INFO - [2026-09-23 12:14:45,569] {dagbag.py:451} INFO - Filling up the DagBag from /home/airflow/.local/lib/python3.6/site-packages/airflow/example_dags/example_bash_operator.py
[2026-09-23 12:14:45,588] {scheduler_job.py:639} INFO - DAG(s) dict_keys(['example_bash_operator']) retrieved from /home/airflow/.local/lib/python3.6/site-packages/airflow/example_dags/example_bash_operator.py
[2026-09-23 12:14:45,617] {logging_mixin.py:104} INFO - [2026-09-23 12:14:45,617] {dag.py:1824} INFO - Sync 1 DAGs
[2026-09-23 12:14:45,649] {logging_mixin.py:104} INFO - [2026-09-23 12:14:45,649] {dag.py:2280} INFO - Setting next_dagrun for example_bash_operator to 2026-09-21 00:00:00+00:00
[2026-09-23 12:14:45,668] {scheduler_job.py:190} INFO - Processing /home/airflow/.local/lib/python3.6/site-packages/airflow/example_dags/example_bash_operator.py took 0.107 seconds
[2026-09-23 12:15:16,232] {scheduler_job.py:182} INFO - Started process (PID=2744) to work on /home/airflow/.local/lib/python3.6/site-packages/airflow/example_dags/example_bash_operator.py
[2026-09-23 12:15:16,234] {scheduler_job.py:629} INFO - Processing file /home/airflow/.local/lib/python3.6/site-packages/airflow/example_dags/example_bash_operator.py for tasks to queue
[2026-09-23 12:15:16,235] {logging_mixin.py:104} INFO - [2026-09-23 12:15:16,235] {dagbag.py:451} INFO - Filling up the DagBag from /home/airflow/.local/lib/python3.6/site-packages/airflow/example_dags/example_bash_operator.py
[2026-09-23 12:15:16,260] {scheduler_job.py:639} INFO - DAG(s) dict_keys(['example_bash_operator']) retrieved from /home/airflow/.local/lib/python3.6/site-packages/airflow/example_dags/example_bash_operator.py
[2026-09-23 12:15:16,302] {logging_mixin.py:104} INFO - [2026-09-23 12:15:16,302] {dag.py:1824} INFO - Sync 1 DAGs
[2026-09-23 12:15:16,338] {logging_mixin.py:104} INFO - [2026-09-23 12:15:16,338] {dag.py:2280} INFO - Setting next_dagrun for example_bash_operator to 2026-09-21 00:00:00+00:00
[2026-09-23 12:15:16,352] {scheduler_job.py:190} INFO - Processing /home/airflow/.local/lib/python3.6/site-packages/airflow/example_dags/example_bash_operator.py took 0.125 seconds
[2026-09-23 12:15:46,808] {scheduler_job.py:182} INFO - Started process (PID=2770) to work on /home/airflow/.local/lib/python3.6/site-packages/airflow/example_dags/example_bash_operator.py
[2026-09-23 12:15:46,809] {scheduler_job.py:629} INFO - Processing file /home/airflow/.local/lib/python3.6/site-packages/airflow/example_dags/example_bash_operator.py for tasks to queue
[2026-09-23 12:15:46,810] {logging_mixin.py:104} INFO - [2026-09-23 12:15:46,810] {dagbag.py:451} INFO - Filling up the DagBag from /home/airflow/.local/lib/python3.6/site-packages/airflow/example_dags/example_bash_operator.py
[2026-09-23 12:15:46,837] {scheduler_job.py:639} INFO - DAG(s) dict_keys(['example_bash_operator']) retrieved from /home/airflow/.local/lib/python3.6/site-packages/airflow/example_dags/example_bash_operator.py
[2026-09-23 12:15:46,877] {logging_mixin.py:104} INFO - [2026-09-23 12:15:46,877] {dag.py:1824} INFO - Sync 1 DAGs
[2026-09-23 12:15:46,930] {logging_mixin.py:104} INFO - [2026-09-23 12:15:46,929] {dag.py:2280} INFO - Setting next_dagrun for example_bash_operator to 2026-09-21 00:00:00+00:00
[2026-09-23 12:15:46,957] {scheduler_job.py:190} INFO - Processing /home/airflow/.local/lib/python3.6/site-packages/airflow/example_dags/example_bash_operator.py took 0.155 seconds
[2026-09-23 12:16:17,465] {scheduler_job.py:182} INFO - Started process (PID=2796) to work on /home/airflow/.local/lib/python3.6/site-packages/airflow/example_dags/example_bash_operator.py
[2026-09-23 12:16:17,466] {scheduler_job.py:629} INFO - Processing file /home/airflow/.local/lib/python3.6/site-packages/airflow/example_dags/example_bash_operator.py for tasks to queue
[2026-09-23 12:16:17,467] {logging_mixin.py:104} INFO - [2026-09-23 12:16:17,467] {dagbag.py:451} INFO - Filling up the DagBag from /home/airflow/.local/lib/python3.6/site-packages/airflow/example_dags/example_bash_operator.py
[2026-09-23 12:16:17,487] {scheduler_job.py:639} INFO - DAG(s) dict_keys(['example_bash_operator']) retrieved from /home/airflow/.local/lib/python3.6/site-packages/airflow/example_dags/example_bash_operator.py
[2026-09-23 12:16:17,513] {logging_mixin.py:104} INFO - [2026-09-23 12:16:17,513] {dag.py:1824} INFO - Sync 1 DAGs
[2026-09-23 12:16:17,548] {logging_mixin.py:104} INFO - [2026-09-23 12:16:17,547] {dag.py:2280} INFO - Setting next_dagrun for example_bash_operator to 2026-09-21 00:00:00+00:00
[2026-09-23 12:16:17,570] {scheduler_job.py:190} INFO - Processing /home/airflow/.local/lib/python3.6/site-packages/airflow/example_dags/example_bash_operator.py took 0.109 seconds
[2026-09-23 12:16:48,121] {scheduler_job.py:182} INFO - Started process (PID=2822) to work on /home/airflow/.local/lib/python3.6/site-packages/airflow/example_dags/example_bash_operator.py
[2026-09-23 12:16:48,122] {scheduler_job.py:629} INFO - Processing file /home/airflow/.local/lib/python3.6/site-packages/airflow/example_dags/example_bash_operator.py for tasks to queue
[2026-09-23 12:16:48,124] {logging_mixin.py:104} INFO - [2026-09-23 12:16:48,123] {dagbag.py:451} INFO - Filling up the DagBag from /home/airflow/.local/lib/python3.6/site-packages/airflow/example_dags/example_bash_operator.py
[2026-09-23 12:16:48,142] {scheduler_job.py:639} INFO - DAG(s) dict_keys(['example_bash_operator']) retrieved from /home/airflow/.local/lib/python3.6/site-packages/airflow/example_dags/example_bash_operator.py
[2026-09-23 12:16:48,177] {logging_mixin.py:104} INFO - [2026-09-23 12:16:48,177] {dag.py:1824} INFO - Sync 1 DAGs
[2026-09-23 12:16:48,209] {logging_mixin.py:104} INFO - [2026-09-23 12:16:48,208] {dag.py:2280} INFO - Setting next_dagrun for example_bash_operator to 2026-09-21 00:00:00+00:00
[2026-09-23 12:16:48,230] {scheduler_job.py:190} INFO - Processing /home/airflow/.local/lib/python3.6/site-packages/airflow/example_dags/example_bash_operator.py took 0.115 seconds
[2026-09-23 12:17:18,828] {scheduler_job.py:182} INFO - Started process (PID=2848) to work on /home/airflow/.local/lib/python3.6/site-packages/airflow/example_dags/example_bash_operator.py
[2026-09-23 12:17:18,830] {scheduler_job.py:629} INFO - Processing file /home/airflow/.local/lib/python3.6/site-packages/airflow/example_dags/example_bash_operator.py for tasks to queue
[2026-09-23 12:17:18,832] {logging_mixin.py:104} INFO - [2026-09-23 12:17:18,831] {dagbag.py:451} INFO - Filling up the DagBag from /home/airflow/.local/lib/python3.6/site-packages/airflow/example_dags/example_bash_operator.py
[2026-09-23 12:17:18,852] {scheduler_job.py:639} INFO - DAG(s) dict_keys(['example_bash_operator']) retrieved from /home/airflow/.local/lib/python3.6/site-packages/airflow/example_dags/example_bash_operator.py
[2026-09-23 12:17:18,878] {logging_mixin.py:104} INFO - [2026-09-23 12:17:18,878] {dag.py:1824} INFO - Sync 1 DAGs
[2026-09-23 12:17:18,906] {logging_mixin.py:104} INFO - [2026-09-23 12:17:18,906] {dag.py:2280} INFO - Setting next_dagrun for example_bash_operator to 2026-09-21 00:00:00+00:00
[2026-09-23 12:17:18,925] {scheduler_job.py:190} INFO - Processing /home/airflow/.local/lib/python3.6/site-packages/airflow/example_dags/example_bash_operator.py took 0.104 seconds
[2026-09-23 12:17:49,410] {scheduler_job.py:182} INFO - Started process (PID=2874) to work on /home/airflow/.local/lib/python3.6/site-packages/airflow/example_dags/example_bash_operator.py
[2026-09-23 12:17:49,412] {scheduler_job.py:629} INFO - Processing file /home/airflow/.local/lib/python3.6/site-packages/airflow/example_dags/example_bash_operator.py for tasks to queue
[2026-09-23 12:17:49,413] {logging_mixin.py:104} INFO - [2026-09-23 12:17:49,412] {dagbag.py:451} INFO - Filling up the DagBag from /home/airflow/.local/lib/python3.6/site-packages/airflow/example_dags/example_bash_operator.py
[2026-09-23 12:17:49,431] {scheduler_job.py:639} INFO - DAG(s) dict_keys(['example_bash_operator']) retrieved from /home/airflow/.local/lib/python3.6/site-packages/airflow/example_dags/example_bash_operator.py
[2026-09-23 12:17:49,460] {logging_mixin.py:104} INFO - [2026-09-23 12:17:49,460] {dag.py:1824} INFO - Sync 1 DAGs
[2026-09-23 12:17:49,495] {logging_mixin.py:104} INFO - [2026-09-23 12:17:49,495] {dag.py:2280} INFO - Setting next_dagrun for example_bash_operator to 2026-09-21 00:00:00+00:00
[2026-09-23 12:17:49,510] {scheduler_job.py:190} INFO - Processing /home/airflow/.local/lib/python3.6/site-packages/airflow/example_dags/example_bash_operator.py took 0.105 seconds
[2026-09-23 12:18:19,980] {scheduler_job.py:182} INFO - Started process (PID=2900) to work on /home/airflow/.local/lib/python3.6/site-packages/airflow/example_dags/example_bash_operator.py
[2026-09-23 12:18:19,981] {scheduler_job.py:629} INFO - Processing file /home/airflow/.local/lib/python3.6/site-packages/airflow/example_dags/example_bash_operator.py for tasks to queue
[2026-09-23 12:18:19,982] {logging_mixin.py:104} INFO - [2026-09-23 12:18:19,982] {dagbag.py:451} INFO - Filling up the DagBag from /home/airflow/.local/lib/python3.6/site-packages/airflow/example_dags/example_bash_operator.py
[2026-09-23 12:18:20,001] {scheduler_job.py:639} INFO - DAG(s) dict_keys(['example_bash_operator']) retrieved from /home/airflow/.local/lib/python3.6/site-packages/airflow/example_dags/example_bash_operator.py
[2026-09-23 12:18:20,034] {logging_mixin.py:104} INFO - [2026-09-23 12:18:20,034] {dag.py:1824} INFO - Sync 1 DAGs
[2026-09-23 12:18:20,063] {logging_mixin.py:104} INFO - [2026-09-23 12:18:20,063] {dag.py:2280} INFO - Setting next_dagrun for example_bash_operator to 2026-09-21 00:00:00+00:00
[2026-09-23 12:18:20,082] {scheduler_job.py:190} INFO - Processing /home/airflow/.local/lib/python3.6/site-packages/airflow/example_dags/example_bash_operator.py took 0.106 seconds
[2026-09-23 12:18:50,502] {scheduler_job.py:182} INFO - Started process (PID=2926) to work on /home/airflow/.local/lib/python3.6/site-packages/airflow/example_dags/example_bash_operator.py
[2026-09-23 12:18:50,503] {scheduler_job.py:629} INFO - Processing file /home/airflow/.local/lib/python3.6/site-packages/airflow/example_dags/example_bash_operator.py for tasks to queue
[2026-09-23 12:18:50,504] {logging_mixin.py:104} INFO - [2026-09-23 12:18:50,504] {dagbag.py:451} INFO - Filling up the DagBag from /home/airflow/.local/lib/python3.6/site-packages/airflow/example_dags/example_bash_operator.py
[2026-09-23 12:18:50,521] {scheduler_job.py:639} INFO - DAG(s) dict_keys(['example_bash_operator']) retrieved from /home/airflow/.local/lib/python3.6/site-packages/airflow/example_dags/example_bash_operator.py
[2026-09-23 12:18:50,546] {logging_mixin.py:104} INFO - [2026-09-23 12:18:50,545] {dag.py:1824} INFO - Sync 1 DAGs
[2026-09-23 12:18:50,575] {logging_mixin.py:104} INFO - [2026-09-23 12:18:50,575] {dag.py:2280} INFO - Setting next_dagrun for example_bash_operator to 2026-09-21 00:00:00+00:00
[2026-09-23 12:18:50,591] {scheduler_job.py:190} INFO - Processing /home/airflow/.local/lib/python3.6/site-packages/airflow/example_dags/example_bash_operator.py took 0.092 seconds
[2026-09-23 12:19:21,379] {scheduler_job.py:182} INFO - Started process (PID=2952) to work on /home/airflow/.local/lib/python3.6/site-packages/airflow/example_dags/example_bash_operator.py
[2026-09-23 12:19:21,383] {scheduler_job.py:629} INFO - Processing file /home/airflow/.local/lib/python3.6/site-packages/airflow/example_dags/example_bash_operator.py for tasks to queue
[2026-09-23 12:19:21,387] {logging_mixin.py:104} INFO - [2026-09-23 12:19:21,385] {dagbag.py:451} INFO - Filling up the DagBag from /home/airflow/.local/lib/python3.6/site-packages/airflow/example_dags/example_bash_operator.py
[2026-09-23 12:19:21,415] {scheduler_job.py:639} INFO - DAG(s) dict_keys(['example_bash_operator']) retrieved from /home/airflow/.local/lib/python3.6/site-packages/airflow/example_dags/example_bash_operator.py
[2026-09-23 12:19:21,472] {logging_mixin.py:104} INFO - [2026-09-23 12:19:21,471] {dag.py:1824} INFO - Sync 1 DAGs
[2026-09-23 12:19:21,527] {logging_mixin.py:104} INFO - [2026-09-23 12:19:21,527] {dag.py:2280} INFO - Setting next_dagrun for example_bash_operator to 2026-09-21 00:00:00+00:00
[2026-09-23 12:19:21,553] {scheduler_job.py:190} INFO - Processing /home/airflow/.local/lib/python3.6/site-packages/airflow/example_dags/example_bash_operator.py took 0.186 seconds
[2026-09-23 12:19:52,005] {scheduler_job.py:182} INFO - Started process (PID=2978) to work on /home/airflow/.local/lib/python3.6/site-packages/airflow/example_dags/example_bash_operator.py
[2026-09-23 12:19:52,006] {scheduler_job.py:629} INFO - Processing file /home/airflow/.local/lib/python3.6/site-packages/airflow/example_dags/example_bash_operator.py for tasks to queue
[2026-09-23 12:19:52,007] {logging_mixin.py:104} INFO - [2026-09-23 12:19:52,007] {dagbag.py:451} INFO - Filling up the DagBag from /home/airflow/.local/lib/python3.6/site-packages/airflow/example_dags/example_bash_operator.py
[2026-09-23 12:19:52,028] {scheduler_job.py:639} INFO - DAG(s) dict_keys(['example_bash_operator']) retrieved from /home/airflow/.local/lib/python3.6/site-packages/airflow/example_dags/example_bash_operator.py
[2026-09-23 12:19:52,059] {logging_mixin.py:104} INFO - [2026-09-23 12:19:52,059] {dag.py:1824} INFO - Sync 1 DAGs
[2026-09-23 12:19:52,093] {logging_mixin.py:104} INFO - [2026-09-23 12:19:52,093] {dag.py:2280} INFO - Setting next_dagrun for example_bash_operator to 2026-09-21 00:00:00+00:00
[2026-09-23 12:19:52,112] {scheduler_job.py:190} INFO - Processing /home/airflow/.local/lib/python3.6/site-packages/airflow/example_dags/example_bash_operator.py took 0.112 seconds
[2026-09-23 12:20:22,920] {scheduler_job.py:182} INFO - Started process (PID=3004) to work on /home/airflow/.local/lib/python3.6/site-packages/airflow/example_dags/example_bash_operator.py
[2026-09-23 12:20:22,922] {scheduler_job.py:629} INFO - Processing file /home/airflow/.local/lib/python3.6/site-packages/airflow/example_dags/example_bash_operator.py for tasks to queue
[2026-09-23 12:20:22,923] {logging_mixin.py:104} INFO - [2026-09-23 12:20:22,923] {dagbag.py:451} INFO - Filling up the DagBag from /home/airflow/.local/lib/python3.6/site-packages/airflow/example_dags/example_bash_operator.py
[2026-09-23 12:20:22,942] {scheduler_job.py:639} INFO - DAG(s) dict_keys(['example_bash_operator']) retrieved from /home/airflow/.local/lib/python3.6/site-packages/airflow/example_dags/example_bash_operator.py
[2026-09-23 12:20:22,969] {logging_mixin.py:104} INFO - [2026-09-23 12:20:22,969] {dag.py:1824} INFO - Sync 1 DAGs
[2026-09-23 12:20:23,001] {logging_mixin.py:104} INFO - [2026-09-23 12:20:23,001] {dag.py:2280} INFO - Setting next_dagrun for example_bash_operator to 2026-09-21 00:00:00+00:00
[2026-09-23 12:20:23,018] {scheduler_job.py:190} INFO - Processing /home/airflow/.local/lib/python3.6/site-packages/airflow/example_dags/example_bash_operator.py took 0.103 seconds
[2026-09-23 12:20:53,601] {scheduler_job.py:182} INFO - Started process (PID=3030) to work on /home/airflow/.local/lib/python3.6/site-packages/airflow/example_dags/example_bash_operator.py
[2026-09-23 12:20:53,603] {scheduler_job.py:629} INFO - Processing file /home/airflow/.local/lib/python3.6/site-packages/airflow/example_dags/example_bash_operator.py for tasks to queue
[2026-09-23 12:20:53,604] {logging_mixin.py:104} INFO - [2026-09-23 12:20:53,604] {dagbag.py:451} INFO - Filling up the DagBag from /home/airflow/.local/lib/python3.6/site-packages/airflow/example_dags/example_bash_operator.py
[2026-09-23 12:20:53,631] {scheduler_job.py:639} INFO - DAG(s) dict_keys(['example_bash_operator']) retrieved from /home/airflow/.local/lib/python3.6/site-packages/airflow/example_dags/example_bash_operator.py
[2026-09-23 12:20:53,675] {logging_mixin.py:104} INFO - [2026-09-23 12:20:53,675] {dag.py:1824} INFO - Sync 1 DAGs
[2026-09-23 12:20:53,712] {logging_mixin.py:104} INFO - [2026-09-23 12:20:53,712] {dag.py:2280} INFO - Setting next_dagrun for example_bash_operator to 2026-09-21 00:00:00+00:00
[2026-09-23 12:20:53,737] {scheduler_job.py:190} INFO - Processing /home/airflow/.local/lib/python3.6/site-packages/airflow/example_dags/example_bash_operator.py took 0.143 seconds
[2026-09-23 12:21:24,237] {scheduler_job.py:182} INFO - Started process (PID=3056) to work on /home/airflow/.local/lib/python3.6/site-packages/airflow/example_dags/example_bash_operator.py
[2026-09-23 12:21:24,239] {scheduler_job.py:629} INFO - Processing file /home/airflow/.local/lib/python3.6/site-packages/airflow/example_dags/example_bash_operator.py for tasks to queue
[2026-09-23 12:21:24,240] {logging_mixin.py:104} INFO - [2026-09-23 12:21:24,240] {dagbag.py:451} INFO - Filling up the DagBag from /home/airflow/.local/lib/python3.6/site-packages/airflow/example_dags/example_bash_operator.py
[2026-09-23 12:21:24,263] {scheduler_job.py:639} INFO - DAG(s) dict_keys(['example_bash_operator']) retrieved from /home/airflow/.local/lib/python3.6/site-packages/airflow/example_dags/example_bash_operator.py
[2026-09-23 12:21:24,295] {logging_mixin.py:104} INFO - [2026-09-23 12:21:24,295] {dag.py:1824} INFO - Sync 1 DAGs
[2026-09-23 12:21:24,328] {logging_mixin.py:104} INFO - [2026-09-23 12:21:24,328] {dag.py:2280} INFO - Setting next_dagrun for example_bash_operator to 2026-09-21 00:00:00+00:00
[2026-09-23 12:21:24,346] {scheduler_job.py:190} INFO - Processing /home/airflow/.local/lib/python3.6/site-packages/airflow/example_dags/example_bash_operator.py took 0.113 seconds
[2026-09-23 12:21:54,727] {scheduler_job.py:182} INFO - Started process (PID=3082) to work on /home/airflow/.local/lib/python3.6/site-packages/airflow/example_dags/example_bash_operator.py
[2026-09-23 12:21:54,728] {scheduler_job.py:629} INFO - Processing file /home/airflow/.local/lib/python3.6/site-packages/airflow/example_dags/example_bash_operator.py for tasks to queue
[2026-09-23 12:21:54,729] {logging_mixin.py:104} INFO - [2026-09-23 12:21:54,729] {dagbag.py:451} INFO - Filling up the DagBag from /home/airflow/.local/lib/python3.6/site-packages/airflow/example_dags/example_bash_operator.py
[2026-09-23 12:21:54,747] {scheduler_job.py:639} INFO - DAG(s) dict_keys(['example_bash_operator']) retrieved from /home/airflow/.local/lib/python3.6/site-packages/airflow/example_dags/example_bash_operator.py
[2026-09-23 12:21:54,772] {logging_mixin.py:104} INFO - [2026-09-23 12:21:54,772] {dag.py:1824} INFO - Sync 1 DAGs
[2026-09-23 12:21:54,799] {logging_mixin.py:104} INFO - [2026-09-23 12:21:54,799] {dag.py:2280} INFO - Setting next_dagrun for example_bash_operator to 2026-09-21 00:00:00+00:00
[2026-09-23 12:21:54,815] {scheduler_job.py:190} INFO - Processing /home/airflow/.local/lib/python3.6/site-packages/airflow/example_dags/example_bash_operator.py took 0.092 seconds
[2026-09-23 12:22:25,209] {scheduler_job.py:182} INFO - Started process (PID=3108) to work on /home/airflow/.local/lib/python3.6/site-packages/airflow/example_dags/example_bash_operator.py
[2026-09-23 12:22:25,211] {scheduler_job.py:629} INFO - Processing file /home/airflow/.local/lib/python3.6/site-packages/airflow/example_dags/example_bash_operator.py for tasks to queue
[2026-09-23 12:22:25,212] {logging_mixin.py:104} INFO - [2026-09-23 12:22:25,212] {dagbag.py:451} INFO - Filling up the DagBag from /home/airflow/.local/lib/python3.6/site-packages/airflow/example_dags/example_bash_operator.py
[2026-09-23 12:22:25,230] {scheduler_job.py:639} INFO - DAG(s) dict_keys(['example_bash_operator']) retrieved from /home/airflow/.local/lib/python3.6/site-packages/airflow/example_dags/example_bash_operator.py
[2026-09-23 12:22:25,255] {logging_mixin.py:104} INFO - [2026-09-23 12:22:25,255] {dag.py:1824} INFO - Sync 1 DAGs
[2026-09-23 12:22:25,282] {logging_mixin.py:104} INFO - [2026-09-23 12:22:25,282] {dag.py:2280} INFO - Setting next_dagrun for example_bash_operator to 2026-09-21 00:00:00+00:00
[2026-09-23 12:22:25,297] {scheduler_job.py:190} INFO - Processing /home/airflow/.local/lib/python3.6/site-packages/airflow/example_dags/example_bash_operator.py took 0.092 seconds
[2026-09-23 12:22:55,734] {scheduler_job.py:182} INFO - Started process (PID=3134) to work on /home/airflow/.local/lib/python3.6/site-packages/airflow/example_dags/example_bash_operator.py
[2026-09-23 12:22:55,735] {scheduler_job.py:629} INFO - Processing file /home/airflow/.local/lib/python3.6/site-packages/airflow/example_dags/example_bash_operator.py for tasks to queue
[2026-09-23 12:22:55,736] {logging_mixin.py:104} INFO - [2026-09-23 12:22:55,736] {dagbag.py:451} INFO - Filling up the DagBag from /home/airflow/.local/lib/python3.6/site-packages/airflow/example_dags/example_bash_operator.py
[2026-09-23 12:22:55,756] {scheduler_job.py:639} INFO - DAG(s) dict_keys(['example_bash_operator']) retrieved from /home/airflow/.local/lib/python3.6/site-packages/airflow/example_dags/example_bash_operator.py
[2026-09-23 12:22:55,788] {logging_mixin.py:104} INFO - [2026-09-23 12:22:55,788] {dag.py:1824} INFO - Sync 1 DAGs
[2026-09-23 12:22:55,821] {logging_mixin.py:104} INFO - [2026-09-23 12:22:55,821] {dag.py:2280} INFO - Setting next_dagrun for example_bash_operator to 2026-09-21 00:00:00+00:00
[2026-09-23 12:22:55,844] {scheduler_job.py:190} INFO - Processing /home/airflow/.local/lib/python3.6/site-packages/airflow/example_dags/example_bash_operator.py took 0.115 seconds
[2026-09-23 12:23:26,321] {scheduler_job.py:182} INFO - Started process (PID=3160) to work on /home/airflow/.local/lib/python3.6/site-packages/airflow/example_dags/example_bash_operator.py
[2026-09-23 12:23:26,323] {scheduler_job.py:629} INFO - Processing file /home/airflow/.local/lib/python3.6/site-packages/airflow/example_dags/example_bash_operator.py for tasks to queue
[2026-09-23 12:23:26,324] {logging_mixin.py:104} INFO - [2026-09-23 12:23:26,324] {dagbag.py:451} INFO - Filling up the DagBag from /home/airflow/.local/lib/python3.6/site-packages/airflow/example_dags/example_bash_operator.py
[2026-09-23 12:23:26,345] {scheduler_job.py:639} INFO - DAG(s) dict_keys(['example_bash_operator']) retrieved from /home/airflow/.local/lib/python3.6/site-packages/airflow/example_dags/example_bash_operator.py
[2026-09-23 12:23:26,373] {logging_mixin.py:104} INFO - [2026-09-23 12:23:26,373] {dag.py:1824} INFO - Sync 1 DAGs
[2026-09-23 12:23:26,403] {logging_mixin.py:104} INFO - [2026-09-23 12:23:26,403] {dag.py:2280} INFO - Setting next_dagrun for example_bash_operator to 2026-09-21 00:00:00+00:00
[2026-09-23 12:23:26,420] {scheduler_job.py:190} INFO - Processing /home/airflow/.local/lib/python3.6/site-packages/airflow/example_dags/example_bash_operator.py took 0.103 seconds
[2026-09-23 12:23:56,841] {scheduler_job.py:182} INFO - Started process (PID=3186) to work on /home/airflow/.local/lib/python3.6/site-packages/airflow/example_dags/example_bash_operator.py
[2026-09-23 12:23:56,843] {scheduler_job.py:629} INFO - Processing file /home/airflow/.local/lib/python3.6/site-packages/airflow/example_dags/example_bash_operator.py for tasks to queue
[2026-09-23 12:23:56,843] {logging_mixin.py:104} INFO - [2026-09-23 12:23:56,843] {dagbag.py:451} INFO - Filling up the DagBag from /home/airflow/.local/lib/python3.6/site-packages/airflow/example_dags/example_bash_operator.py
[2026-09-23 12:23:56,861] {scheduler_job.py:639} INFO - DAG(s) dict_keys(['example_bash_operator']) retrieved from /home/airflow/.local/lib/python3.6/site-packages/airflow/example_dags/example_bash_operator.py
[2026-09-23 12:23:56,887] {logging_mixin.py:104} INFO - [2026-09-23 12:23:56,887] {dag.py:1824} INFO - Sync 1 DAGs
[2026-09-23 12:23:56,923] {logging_mixin.py:104} INFO - [2026-09-23 12:23:56,923] {dag.py:2280} INFO - Setting next_dagrun for example_bash_operator to 2026-09-21 00:00:00+00:00
[2026-09-23 12:23:56,941] {scheduler_job.py:190} INFO - Processing /home/airflow/.local/lib/python3.6/site-packages/airflow/example_dags/example_bash_operator.py took 0.104 seconds
[2026-09-23 12:24:27,078] {scheduler_job.py:182} INFO - Started process (PID=3212) to work on /home/airflow/.local/lib/python3.6/site-packages/airflow/example_dags/example_bash_operator.py
[2026-09-23 12:24:27,081] {scheduler_job.py:629} INFO - Processing file /home/airflow/.local/lib/python3.6/site-packages/airflow/example_dags/example_bash_operator.py for tasks to queue
[2026-09-23 12:24:27,082] {logging_mixin.py:104} INFO - [2026-09-23 12:24:27,082] {dagbag.py:451} INFO - Filling up the DagBag from /home/airflow/.local/lib/python3.6/site-packages/airflow/example_dags/example_bash_operator.py
[2026-09-23 12:24:27,107] {scheduler_job.py:639} INFO - DAG(s) dict_keys(['example_bash_operator']) retrieved from /home/airflow/.local/lib/python3.6/site-packages/airflow/example_dags/example_bash_operator.py
[2026-09-23 12:24:27,148] {logging_mixin.py:104} INFO - [2026-09-23 12:24:27,148] {dag.py:1824} INFO - Sync 1 DAGs
[2026-09-23 12:24:27,193] {logging_mixin.py:104} INFO - [2026-09-23 12:24:27,193] {dag.py:2280} INFO - Setting next_dagrun for example_bash_operator to 2026-09-21 00:00:00+00:00
[2026-09-23 12:24:27,217] {scheduler_job.py:190} INFO - Processing /home/airflow/.local/lib/python3.6/site-packages/airflow/example_dags/example_bash_operator.py took 0.144 seconds
[2026-09-23 12:24:57,659] {scheduler_job.py:182} INFO - Started process (PID=3238) to work on /home/airflow/.local/lib/python3.6/site-packages/airflow/example_dags/example_bash_operator.py
[2026-09-23 12:24:57,660] {scheduler_job.py:629} INFO - Processing file /home/airflow/.local/lib/python3.6/site-packages/airflow/example_dags/example_bash_operator.py for tasks to queue
[2026-09-23 12:24:57,661] {logging_mixin.py:104} INFO - [2026-09-23 12:24:57,661] {dagbag.py:451} INFO - Filling up the DagBag from /home/airflow/.local/lib/python3.6/site-packages/airflow/example_dags/example_bash_operator.py
[2026-09-23 12:24:57,678] {scheduler_job.py:639} INFO - DAG(s) dict_keys(['example_bash_operator']) retrieved from /home/airflow/.local/lib/python3.6/site-packages/airflow/example_dags/example_bash_operator.py
[2026-09-23 12:24:57,703] {logging_mixin.py:104} INFO - [2026-09-23 12:24:57,703] {dag.py:1824} INFO - Sync 1 DAGs
[2026-09-23 12:24:57,734] {logging_mixin.py:104} INFO - [2026-09-23 12:24:57,733] {dag.py:2280} INFO - Setting next_dagrun for example_bash_operator to 2026-09-21 00:00:00+00:00
[2026-09-23 12:24:57,747] {scheduler_job.py:190} INFO - Processing /home/airflow/.local/lib/python3.6/site-packages/airflow/example_dags/example_bash_operator.py took 0.092 seconds
[2026-09-23 12:25:28,190] {scheduler_job.py:182} INFO - Started process (PID=3264) to work on /home/airflow/.local/lib/python3.6/site-packages/airflow/example_dags/example_bash_operator.py
[2026-09-23 12:25:28,192] {scheduler_job.py:629} INFO - Processing file /home/airflow/.local/lib/python3.6/site-packages/airflow/example_dags/example_bash_operator.py for tasks to queue
[2026-09-23 12:25:28,193] {logging_mixin.py:104} INFO - [2026-09-23 12:25:28,193] {dagbag.py:451} INFO - Filling up the DagBag from /home/airflow/.local/lib/python3.6/site-packages/airflow/example_dags/example_bash_operator.py
[2026-09-23 12:25:28,224] {scheduler_job.py:639} INFO - DAG(s) dict_keys(['example_bash_operator']) retrieved from /home/airflow/.local/lib/python3.6/site-packages/airflow/example_dags/example_bash_operator.py
[2026-09-23 12:25:28,266] {logging_mixin.py:104} INFO - [2026-09-23 12:25:28,266] {dag.py:1824} INFO - Sync 1 DAGs
[2026-09-23 12:25:28,326] {logging_mixin.py:104} INFO - [2026-09-23 12:25:28,326] {dag.py:2280} INFO - Setting next_dagrun for example_bash_operator to 2026-09-21 00:00:00+00:00
[2026-09-23 12:25:28,345] {scheduler_job.py:190} INFO - Processing /home/airflow/.local/lib/python3.6/site-packages/airflow/example_dags/example_bash_operator.py took 0.162 seconds
[2026-09-23 12:47:00,526] {scheduler_job.py:182} INFO - Started process (PID=3269) to work on /home/airflow/.local/lib/python3.6/site-packages/airflow/example_dags/example_bash_operator.py
[2026-09-23 12:47:00,529] {scheduler_job.py:629} INFO - Processing file /home/airflow/.local/lib/python3.6/site-packages/airflow/example_dags/example_bash_operator.py for tasks to queue
[2026-09-23 12:47:00,539] {logging_mixin.py:104} INFO - [2026-09-23 12:47:00,537] {dagbag.py:451} INFO - Filling up the DagBag from /home/airflow/.local/lib/python3.6/site-packages/airflow/example_dags/example_bash_operator.py
[2026-09-23 12:47:00,608] {scheduler_job.py:639} INFO - DAG(s) dict_keys(['example_bash_operator']) retrieved from /home/airflow/.local/lib/python3.6/site-packages/airflow/example_dags/example_bash_operator.py
[2026-09-23 12:47:00,697] {logging_mixin.py:104} INFO - [2026-09-23 12:47:00,697] {dag.py:1824} INFO - Sync 1 DAGs
[2026-09-23 12:47:00,788] {logging_mixin.py:104} INFO - [2026-09-23 12:47:00,788] {dag.py:2280} INFO - Setting next_dagrun for example_bash_operator to 2026-09-21 00:00:00+00:00
[2026-09-23 12:47:00,850] {scheduler_job.py:190} INFO - Processing /home/airflow/.local/lib/python3.6/site-packages/airflow/example_dags/example_bash_operator.py took 0.338 seconds
