[2026-09-23 11:22:13,702] {scheduler_job.py:182} INFO - Started process (PID=44) to work on /home/airflow/.local/lib/python3.6/site-packages/airflow/example_dags/example_xcom.py
[2026-09-23 11:22:13,704] {scheduler_job.py:629} INFO - Processing file /home/airflow/.local/lib/python3.6/site-packages/airflow/example_dags/example_xcom.py for tasks to queue
[2026-09-23 11:22:13,705] {logging_mixin.py:104} INFO - [2026-09-23 11:22:13,705] {dagbag.py:451} INFO - Filling up the DagBag from /home/airflow/.local/lib/python3.6/site-packages/airflow/example_dags/example_xcom.py
[2026-09-23 11:22:13,730] {scheduler_job.py:639} INFO - DAG(s) dict_keys(['example_xcom']) retrieved from /home/airflow/.local/lib/python3.6/site-packages/airflow/example_dags/example_xcom.py
[2026-09-23 11:22:13,777] {logging_mixin.py:104} INFO - [2026-09-23 11:22:13,777] {dag.py:1824} INFO - Sync 1 DAGs
[2026-09-23 11:22:13,809] {logging_mixin.py:104} INFO - [2026-09-23 11:22:13,809] {dag.py:2280} INFO - Setting next_dagrun for example_xcom to 2026-09-21 00:00:00+00:00
[2026-09-23 11:22:13,836] {scheduler_job.py:190} INFO - Processing /home/airflow/.local/lib/python3.6/site-packages/airflow/example_dags/example_xcom.py took 0.141 seconds
[2026-09-23 11:22:44,024] {scheduler_job.py:182} INFO - Started process (PID=68) to work on /home/airflow/.local/lib/python3.6/site-packages/airflow/example_dags/example_xcom.py
[2026-09-23 11:22:44,025] {scheduler_job.py:629} INFO - Processing file /home/airflow/.local/lib/python3.6/site-packages/airflow/example_dags/example_xcom.py for tasks to queue
[2026-09-23 11:22:44,026] {logging_mixin.py:104} INFO - [2026-09-23 11:22:44,026] {dagbag.py:451} INFO - Filling up the DagBag from /home/airflow/.local/lib/python3.6/site-packages/airflow/example_dags/example_xcom.py
[2026-09-23 11:22:44,041] {scheduler_job.py:639} INFO - DAG(s) dict_keys(['example_xcom']) retrieved from /home/airflow/.local/lib/python3.6/site-packages/airflow/example_dags/example_xcom.py
[2026-09-23 11:22:44,073] {logging_mixin.py:104} INFO - [2026-09-23 11:22:44,073] {dag.py:1824} INFO - Sync 1 DAGs
[2026-09-23 11:22:44,100] {logging_mixin.py:104} INFO - [2026-09-23 11:22:44,099] {dag.py:2280} INFO - Setting next_dagrun for example_xcom to 2026-09-21 00:00:00+00:00
[2026-09-23 11:22:44,117] {scheduler_job.py:190} INFO - Processing /home/airflow/.local/lib/python3.6/site-packages/airflow/example_dags/example_xcom.py took 0.098 seconds
[2026-09-23 11:23:14,280] {scheduler_job.py:182} INFO - Started process (PID=87) to work on /home/airflow/.local/lib/python3.6/site-packages/airflow/example_dags/example_xcom.py
[2026-09-23 11:23:14,281] {scheduler_job.py:629} INFO - Processing file /home/airflow/.local/lib/python3.6/site-packages/airflow/example_dags/example_xcom.py for tasks to queue
[2026-09-23 11:23:14,281] {logging_mixin.py:104} INFO - [2026-09-23 11:23:14,281] {dagbag.py:451} INFO - Filling up the DagBag from /home/airflow/.local/lib/python3.6/site-packages/airflow/example_dags/example_xcom.py
[2026-09-23 11:23:14,296] {scheduler_job.py:639} INFO - DAG(s) dict_keys(['example_xcom']) retrieved from /home/airflow/.local/lib/python3.6/site-packages/airflow/example_dags/example_xcom.py
[2026-09-23 11:23:14,329] {logging_mixin.py:104} INFO - [2026-09-23 11:23:14,329] {dag.py:1824} INFO - Sync 1 DAGs
[2026-09-23 11:23:14,357] {logging_mixin.py:104} INFO - [2026-09-23 11:23:14,357] {dag.py:2280} INFO - Setting next_dagrun for example_xcom to 2026-09-21 00:00:00+00:00
[2026-09-23 11:23:14,375] {scheduler_job.py:190} INFO - Processing /home/airflow/.local/lib/python3.6/site-packages/airflow/example_dags/example_xcom.py took 0.099 seconds
[2026-09-23 11:23:45,321] {scheduler_job.py:182} INFO - Started process (PID=113) to work on /home/airflow/.local/lib/python3.6/site-packages/airflow/example_dags/example_xcom.py
[2026-09-23 11:23:45,323] {scheduler_job.py:629} INFO - Processing file /home/airflow/.local/lib/python3.6/site-packages/airflow/example_dags/example_xcom.py for tasks to queue
[2026-09-23 11:23:45,323] {logging_mixin.py:104} INFO - [2026-09-23 11:23:45,323] {dagbag.py:451} INFO - Filling up the DagBag from /home/airflow/.local/lib/python3.6/site-packages/airflow/example_dags/example_xcom.py
[2026-09-23 11:23:45,338] {scheduler_job.py:639} INFO - DAG(s) dict_keys(['example_xcom']) retrieved from /home/airflow/.local/lib/python3.6/site-packages/airflow/example_dags/example_xcom.py
[2026-09-23 11:23:45,363] {logging_mixin.py:104} INFO - [2026-09-23 11:23:45,363] {dag.py:1824} INFO - Sync 1 DAGs
[2026-09-23 11:23:45,383] {logging_mixin.py:104} INFO - [2026-09-23 11:23:45,383] {dag.py:2280} INFO - Setting next_dagrun for example_xcom to 2026-09-21 00:00:00+00:00
[2026-09-23 11:23:45,400] {scheduler_job.py:190} INFO - Processing /home/airflow/.local/lib/python3.6/site-packages/airflow/example_dags/example_xcom.py took 0.082 seconds
[2026-09-23 11:24:16,059] {scheduler_job.py:182} INFO - Started process (PID=139) to work on /home/airflow/.local/lib/python3.6/site-packages/airflow/example_dags/example_xcom.py
[2026-09-23 11:24:16,061] {scheduler_job.py:629} INFO - Processing file /home/airflow/.local/lib/python3.6/site-packages/airflow/example_dags/example_xcom.py for tasks to queue
[2026-09-23 11:24:16,062] {logging_mixin.py:104} INFO - [2026-09-23 11:24:16,062] {dagbag.py:451} INFO - Filling up the DagBag from /home/airflow/.local/lib/python3.6/site-packages/airflow/example_dags/example_xcom.py
[2026-09-23 11:24:16,079] {scheduler_job.py:639} INFO - DAG(s) dict_keys(['example_xcom']) retrieved from /home/airflow/.local/lib/python3.6/site-packages/airflow/example_dags/example_xcom.py
[2026-09-23 11:24:16,109] {logging_mixin.py:104} INFO - [2026-09-23 11:24:16,109] {dag.py:1824} INFO - Sync 1 DAGs
[2026-09-23 11:24:16,132] {logging_mixin.py:104} INFO - [2026-09-23 11:24:16,132] {dag.py:2280} INFO - Setting next_dagrun for example_xcom to 2026-09-21 00:00:00+00:00
[2026-09-23 11:24:16,150] {scheduler_job.py:190} INFO - Processing /home/airflow/.local/lib/python3.6/site-packages/airflow/example_dags/example_xcom.py took 0.095 seconds
[2026-09-23 11:24:46,711] {scheduler_job.py:182} INFO - Started process (PID=165) to work on /home/airflow/.local/lib/python3.6/site-packages/airflow/example_dags/example_xcom.py
[2026-09-23 11:24:46,713] {scheduler_job.py:629} INFO - Processing file /home/airflow/.local/lib/python3.6/site-packages/airflow/example_dags/example_xcom.py for tasks to queue
[2026-09-23 11:24:46,715] {logging_mixin.py:104} INFO - [2026-09-23 11:24:46,714] {dagbag.py:451} INFO - Filling up the DagBag from /home/airflow/.local/lib/python3.6/site-packages/airflow/example_dags/example_xcom.py
[2026-09-23 11:24:46,737] {scheduler_job.py:639} INFO - DAG(s) dict_keys(['example_xcom']) retrieved from /home/airflow/.local/lib/python3.6/site-packages/airflow/example_dags/example_xcom.py
[2026-09-23 11:24:46,773] {logging_mixin.py:104} INFO - [2026-09-23 11:24:46,773] {dag.py:1824} INFO - Sync 1 DAGs
[2026-09-23 11:24:46,802] {logging_mixin.py:104} INFO - [2026-09-23 11:24:46,802] {dag.py:2280} INFO - Setting next_dagrun for example_xcom to 2026-09-21 00:00:00+00:00
[2026-09-23 11:24:46,819] {scheduler_job.py:190} INFO - Processing /home/airflow/.local/lib/python3.6/site-packages/airflow/example_dags/example_xcom.py took 0.114 seconds
[2026-09-23 11:25:17,204] {scheduler_job.py:182} INFO - Started process (PID=191) to work on /home/airflow/.local/lib/python3.6/site-packages/airflow/example_dags/example_xcom.py
[2026-09-23 11:25:17,205] {scheduler_job.py:629} INFO - Processing file /home/airflow/.local/lib/python3.6/site-packages/airflow/example_dags/example_xcom.py for tasks to queue
[2026-09-23 11:25:17,206] {logging_mixin.py:104} INFO - [2026-09-23 11:25:17,206] {dagbag.py:451} INFO - Filling up the DagBag from /home/airflow/.local/lib/python3.6/site-packages/airflow/example_dags/example_xcom.py
[2026-09-23 11:25:17,221] {scheduler_job.py:639} INFO - DAG(s) dict_keys(['example_xcom']) retrieved from /home/airflow/.local/lib/python3.6/site-packages/airflow/example_dags/example_xcom.py
[2026-09-23 11:25:17,251] {logging_mixin.py:104} INFO - [2026-09-23 11:25:17,251] {dag.py:1824} INFO - Sync 1 DAGs
[2026-09-23 11:25:17,273] {logging_mixin.py:104} INFO - [2026-09-23 11:25:17,273] {dag.py:2280} INFO - Setting next_dagrun for example_xcom to 2026-09-21 00:00:00+00:00
[2026-09-23 11:25:17,287] {scheduler_job.py:190} INFO - Processing /home/airflow/.local/lib/python3.6/site-packages/airflow/example_dags/example_xcom.py took 0.088 seconds
[2026-09-23 11:25:47,772] {scheduler_job.py:182} INFO - Started process (PID=217) to work on /home/airflow/.local/lib/python3.6/site-packages/airflow/example_dags/example_xcom.py
[2026-09-23 11:25:47,774] {scheduler_job.py:629} INFO - Processing file /home/airflow/.local/lib/python3.6/site-packages/airflow/example_dags/example_xcom.py for tasks to queue
[2026-09-23 11:25:47,774] {logging_mixin.py:104} INFO - [2026-09-23 11:25:47,774] {dagbag.py:451} INFO - Filling up the DagBag from /home/airflow/.local/lib/python3.6/site-packages/airflow/example_dags/example_xcom.py
[2026-09-23 11:25:47,788] {scheduler_job.py:639} INFO - DAG(s) dict_keys(['example_xcom']) retrieved from /home/airflow/.local/lib/python3.6/site-packages/airflow/example_dags/example_xcom.py
[2026-09-23 11:25:47,813] {logging_mixin.py:104} INFO - [2026-09-23 11:25:47,813] {dag.py:1824} INFO - Sync 1 DAGs
[2026-09-23 11:25:47,831] {logging_mixin.py:104} INFO - [2026-09-23 11:25:47,831] {dag.py:2280} INFO - Setting next_dagrun for example_xcom to 2026-09-21 00:00:00+00:00
[2026-09-23 11:25:47,846] {scheduler_job.py:190} INFO - Processing /home/airflow/.local/lib/python3.6/site-packages/airflow/example_dags/example_xcom.py took 0.077 seconds
[2026-09-23 11:26:18,277] {scheduler_job.py:182} INFO - Started process (PID=243) to work on /home/airflow/.local/lib/python3.6/site-packages/airflow/example_dags/example_xcom.py
[2026-09-23 11:26:18,279] {scheduler_job.py:629} INFO - Processing file /home/airflow/.local/lib/python3.6/site-packages/airflow/example_dags/example_xcom.py for tasks to queue
[2026-09-23 11:26:18,279] {logging_mixin.py:104} INFO - [2026-09-23 11:26:18,279] {dagbag.py:451} INFO - Filling up the DagBag from /home/airflow/.local/lib/python3.6/site-packages/airflow/example_dags/example_xcom.py
[2026-09-23 11:26:18,294] {scheduler_job.py:639} INFO - DAG(s) dict_keys(['example_xcom']) retrieved from /home/airflow/.local/lib/python3.6/site-packages/airflow/example_dags/example_xcom.py
[2026-09-23 11:26:18,319] {logging_mixin.py:104} INFO - [2026-09-23 11:26:18,319] {dag.py:1824} INFO - Sync 1 DAGs
[2026-09-23 11:26:18,337] {logging_mixin.py:104} INFO - [2026-09-23 11:26:18,337] {dag.py:2280} INFO - Setting next_dagrun for example_xcom to 2026-09-21 00:00:00+00:00
[2026-09-23 11:26:18,353] {scheduler_job.py:190} INFO - Processing /home/airflow/.local/lib/python3.6/site-packages/airflow/example_dags/example_xcom.py took 0.080 seconds
[2026-09-23 11:26:48,942] {scheduler_job.py:182} INFO - Started process (PID=269) to work on /home/airflow/.local/lib/python3.6/site-packages/airflow/example_dags/example_xcom.py
[2026-09-23 11:26:48,943] {scheduler_job.py:629} INFO - Processing file /home/airflow/.local/lib/python3.6/site-packages/airflow/example_dags/example_xcom.py for tasks to queue
[2026-09-23 11:26:48,945] {logging_mixin.py:104} INFO - [2026-09-23 11:26:48,944] {dagbag.py:451} INFO - Filling up the DagBag from /home/airflow/.local/lib/python3.6/site-packages/airflow/example_dags/example_xcom.py
[2026-09-23 11:26:48,963] {scheduler_job.py:639} INFO - DAG(s) dict_keys(['example_xcom']) retrieved from /home/airflow/.local/lib/python3.6/site-packages/airflow/example_dags/example_xcom.py
[2026-09-23 11:26:48,996] {logging_mixin.py:104} INFO - [2026-09-23 11:26:48,996] {dag.py:1824} INFO - Sync 1 DAGs
[2026-09-23 11:26:49,020] {logging_mixin.py:104} INFO - [2026-09-23 11:26:49,020] {dag.py:2280} INFO - Setting next_dagrun for example_xcom to 2026-09-21 00:00:00+00:00
[2026-09-23 11:26:49,039] {scheduler_job.py:190} INFO - Processing /home/airflow/.local/lib/python3.6/site-packages/airflow/example_dags/example_xcom.py took 0.102 seconds
[2026-09-23 11:27:19,885] {scheduler_job.py:182} INFO - Started process (PID=295) to work on /home/airflow/.local/lib/python3.6/site-packages/airflow/example_dags/example_xcom.py
[2026-09-23 11:27:19,887] {scheduler_job.py:629} INFO - Processing file /home/airflow/.local/lib/python3.6/site-packages/airflow/example_dags/example_xcom.py for tasks to queue
[2026-09-23 11:27:19,888] {logging_mixin.py:104} INFO - [2026-09-23 11:27:19,887] {dagbag.py:451} INFO - Filling up the DagBag from /home/airflow/.local/lib/python3.6/site-packages/airflow/example_dags/example_xcom.py
[2026-09-23 11:27:19,904] {scheduler_job.py:639} INFO - DAG(s) dict_keys(['example_xcom']) retrieved from /home/airflow/.local/lib/python3.6/site-packages/airflow/example_dags/example_xcom.py
[2026-09-23 11:27:19,941] {logging_mixin.py:104} INFO - [2026-09-23 11:27:19,941] {dag.py:1824} INFO - Sync 1 DAGs
[2026-09-23 11:27:19,969] {logging_mixin.py:104} INFO - [2026-09-23 11:27:19,969] {dag.py:2280} INFO - Setting next_dagrun for example_xcom to 2026-09-21 00:00:00+00:00
[2026-09-23 11:27:19,990] {scheduler_job.py:190} INFO - Processing /home/airflow/.local/lib/python3.6/site-packages/airflow/example_dags/example_xcom.py took 0.108 seconds
[2026-09-23 11:27:50,802] {scheduler_job.py:182} INFO - Started process (PID=321) to work on /home/airflow/.local/lib/python3.6/site-packages/airflow/example_dags/example_xcom.py
[2026-09-23 11:27:50,803] {scheduler_job.py:629} INFO - Processing file /home/airflow/.local/lib/python3.6/site-packages/airflow/example_dags/example_xcom.py for tasks to queue
[2026-09-23 11:27:50,804] {logging_mixin.py:104} INFO - [2026-09-23 11:27:50,804] {dagbag.py:451} INFO - Filling up the DagBag from /home/airflow/.local/lib/python3.6/site-packages/airflow/example_dags/example_xcom.py
[2026-09-23 11:27:50,818] {scheduler_job.py:639} INFO - DAG(s) dict_keys(['example_xcom']) retrieved from /home/airflow/.local/lib/python3.6/site-packages/airflow/example_dags/example_xcom.py
[2026-09-23 11:27:50,846] {logging_mixin.py:104} INFO - [2026-09-23 11:27:50,846] {dag.py:1824} INFO - Sync 1 DAGs
[2026-09-23 11:27:50,870] {logging_mixin.py:104} INFO - [2026-09-23 11:27:50,870] {dag.py:2280} INFO - Setting next_dagrun for example_xcom to 2026-09-21 00:00:00+00:00
[2026-09-23 11:27:50,886] {scheduler_job.py:190} INFO - Processing /home/airflow/.local/lib/python3.6/site-packages/airflow/example_dags/example_xcom.py took 0.088 seconds
[2026-09-23 11:28:20,932] {scheduler_job.py:182} INFO - Started process (PID=347) to work on /home/airflow/.local/lib/python3.6/site-packages/airflow/example_dags/example_xcom.py
[2026-09-23 11:28:20,934] {scheduler_job.py:629} INFO - Processing file /home/airflow/.local/lib/python3.6/site-packages/airflow/example_dags/example_xcom.py for tasks to queue
[2026-09-23 11:28:20,935] {logging_mixin.py:104} INFO - [2026-09-23 11:28:20,935] {dagbag.py:451} INFO - Filling up the DagBag from /home/airflow/.local/lib/python3.6/site-packages/airflow/example_dags/example_xcom.py
[2026-09-23 11:28:20,959] {scheduler_job.py:639} INFO - DAG(s) dict_keys(['example_xcom']) retrieved from /home/airflow/.local/lib/python3.6/site-packages/airflow/example_dags/example_xcom.py
[2026-09-23 11:28:20,993] {logging_mixin.py:104} INFO - [2026-09-23 11:28:20,993] {dag.py:1824} INFO - Sync 1 DAGs
[2026-09-23 11:28:21,022] {logging_mixin.py:104} INFO - [2026-09-23 11:28:21,022] {dag.py:2280} INFO - Setting next_dagrun for example_xcom to 2026-09-21 00:00:00+00:00
[2026-09-23 11:28:21,037] {scheduler_job.py:190} INFO - Processing /home/airflow/.local/lib/python3.6/site-packages/airflow/example_dags/example_xcom.py took 0.109 seconds
[2026-09-23 11:28:51,491] {scheduler_job.py:182} INFO - Started process (PID=368) to work on /home/airflow/.local/lib/python3.6/site-packages/airflow/example_dags/example_xcom.py
[2026-09-23 11:28:51,493] {scheduler_job.py:629} INFO - Processing file /home/airflow/.local/lib/python3.6/site-packages/airflow/example_dags/example_xcom.py for tasks to queue
[2026-09-23 11:28:51,494] {logging_mixin.py:104} INFO - [2026-09-23 11:28:51,494] {dagbag.py:451} INFO - Filling up the DagBag from /home/airflow/.local/lib/python3.6/site-packages/airflow/example_dags/example_xcom.py
[2026-09-23 11:28:51,510] {scheduler_job.py:639} INFO - DAG(s) dict_keys(['example_xcom']) retrieved from /home/airflow/.local/lib/python3.6/site-packages/airflow/example_dags/example_xcom.py
[2026-09-23 11:28:51,539] {logging_mixin.py:104} INFO - [2026-09-23 11:28:51,539] {dag.py:1824} INFO - Sync 1 DAGs
[2026-09-23 11:28:51,568] {logging_mixin.py:104} INFO - [2026-09-23 11:28:51,568] {dag.py:2280} INFO - Setting next_dagrun for example_xcom to 2026-09-21 00:00:00+00:00
[2026-09-23 11:28:51,590] {scheduler_job.py:190} INFO - Processing /home/airflow/.local/lib/python3.6/site-packages/airflow/example_dags/example_xcom.py took 0.103 seconds
[2026-09-23 11:29:22,033] {scheduler_job.py:182} INFO - Started process (PID=394) to work on /home/airflow/.local/lib/python3.6/site-packages/airflow/example_dags/example_xcom.py
[2026-09-23 11:29:22,035] {scheduler_job.py:629} INFO - Processing file /home/airflow/.local/lib/python3.6/site-packages/airflow/example_dags/example_xcom.py for tasks to queue
[2026-09-23 11:29:22,036] {logging_mixin.py:104} INFO - [2026-09-23 11:29:22,036] {dagbag.py:451} INFO - Filling up the DagBag from /home/airflow/.local/lib/python3.6/site-packages/airflow/example_dags/example_xcom.py
[2026-09-23 11:29:22,051] {scheduler_job.py:639} INFO - DAG(s) dict_keys(['example_xcom']) retrieved from /home/airflow/.local/lib/python3.6/site-packages/airflow/example_dags/example_xcom.py
[2026-09-23 11:29:22,089] {logging_mixin.py:104} INFO - [2026-09-23 11:29:22,089] {dag.py:1824} INFO - Sync 1 DAGs
[2026-09-23 11:29:22,118] {logging_mixin.py:104} INFO - [2026-09-23 11:29:22,118] {dag.py:2280} INFO - Setting next_dagrun for example_xcom to 2026-09-21 00:00:00+00:00
[2026-09-23 11:29:22,145] {scheduler_job.py:190} INFO - Processing /home/airflow/.local/lib/python3.6/site-packages/airflow/example_dags/example_xcom.py took 0.115 seconds
[2026-09-23 11:29:52,582] {scheduler_job.py:182} INFO - Started process (PID=420) to work on /home/airflow/.local/lib/python3.6/site-packages/airflow/example_dags/example_xcom.py
[2026-09-23 11:29:52,584] {scheduler_job.py:629} INFO - Processing file /home/airflow/.local/lib/python3.6/site-packages/airflow/example_dags/example_xcom.py for tasks to queue
[2026-09-23 11:29:52,585] {logging_mixin.py:104} INFO - [2026-09-23 11:29:52,585] {dagbag.py:451} INFO - Filling up the DagBag from /home/airflow/.local/lib/python3.6/site-packages/airflow/example_dags/example_xcom.py
[2026-09-23 11:29:52,607] {scheduler_job.py:639} INFO - DAG(s) dict_keys(['example_xcom']) retrieved from /home/airflow/.local/lib/python3.6/site-packages/airflow/example_dags/example_xcom.py
[2026-09-23 11:29:52,637] {logging_mixin.py:104} INFO - [2026-09-23 11:29:52,636] {dag.py:1824} INFO - Sync 1 DAGs
[2026-09-23 11:29:52,657] {logging_mixin.py:104} INFO - [2026-09-23 11:29:52,657] {dag.py:2280} INFO - Setting next_dagrun for example_xcom to 2026-09-21 00:00:00+00:00
[2026-09-23 11:29:52,676] {scheduler_job.py:190} INFO - Processing /home/airflow/.local/lib/python3.6/site-packages/airflow/example_dags/example_xcom.py took 0.099 seconds
[2026-09-23 11:30:23,313] {scheduler_job.py:182} INFO - Started process (PID=446) to work on /home/airflow/.local/lib/python3.6/site-packages/airflow/example_dags/example_xcom.py
[2026-09-23 11:30:23,314] {scheduler_job.py:629} INFO - Processing file /home/airflow/.local/lib/python3.6/site-packages/airflow/example_dags/example_xcom.py for tasks to queue
[2026-09-23 11:30:23,315] {logging_mixin.py:104} INFO - [2026-09-23 11:30:23,315] {dagbag.py:451} INFO - Filling up the DagBag from /home/airflow/.local/lib/python3.6/site-packages/airflow/example_dags/example_xcom.py
[2026-09-23 11:30:23,329] {scheduler_job.py:639} INFO - DAG(s) dict_keys(['example_xcom']) retrieved from /home/airflow/.local/lib/python3.6/site-packages/airflow/example_dags/example_xcom.py
[2026-09-23 11:30:23,354] {logging_mixin.py:104} INFO - [2026-09-23 11:30:23,354] {dag.py:1824} INFO - Sync 1 DAGs
[2026-09-23 11:30:23,375] {logging_mixin.py:104} INFO - [2026-09-23 11:30:23,374] {dag.py:2280} INFO - Setting next_dagrun for example_xcom to 2026-09-21 00:00:00+00:00
[2026-09-23 11:30:23,390] {scheduler_job.py:190} INFO - Processing /home/airflow/.local/lib/python3.6/site-packages/airflow/example_dags/example_xcom.py took 0.081 seconds
[2026-09-23 11:30:53,946] {scheduler_job.py:182} INFO - Started process (PID=472) to work on /home/airflow/.local/lib/python3.6/site-packages/airflow/example_dags/example_xcom.py
[2026-09-23 11:30:53,948] {scheduler_job.py:629} INFO - Processing file /home/airflow/.local/lib/python3.6/site-packages/airflow/example_dags/example_xcom.py for tasks to queue
[2026-09-23 11:30:53,948] {logging_mixin.py:104} INFO - [2026-09-23 11:30:53,948] {dagbag.py:451} INFO - Filling up the DagBag from /home/airflow/.local/lib/python3.6/site-packages/airflow/example_dags/example_xcom.py
[2026-09-23 11:30:53,962] {scheduler_job.py:639} INFO - DAG(s) dict_keys(['example_xcom']) retrieved from /home/airflow/.local/lib/python3.6/site-packages/airflow/example_dags/example_xcom.py
[2026-09-23 11:30:53,986] {logging_mixin.py:104} INFO - [2026-09-23 11:30:53,986] {dag.py:1824} INFO - Sync 1 DAGs
[2026-09-23 11:30:54,004] {logging_mixin.py:104} INFO - [2026-09-23 11:30:54,004] {dag.py:2280} INFO - Setting next_dagrun for example_xcom to 2026-09-21 00:00:00+00:00
[2026-09-23 11:30:54,021] {scheduler_job.py:190} INFO - Processing /home/airflow/.local/lib/python3.6/site-packages/airflow/example_dags/example_xcom.py took 0.079 seconds
[2026-09-23 11:31:24,489] {scheduler_job.py:182} INFO - Started process (PID=498) to work on /home/airflow/.local/lib/python3.6/site-packages/airflow/example_dags/example_xcom.py
[2026-09-23 11:31:24,490] {scheduler_job.py:629} INFO - Processing file /home/airflow/.local/lib/python3.6/site-packages/airflow/example_dags/example_xcom.py for tasks to queue
[2026-09-23 11:31:24,491] {logging_mixin.py:104} INFO - [2026-09-23 11:31:24,491] {dagbag.py:451} INFO - Filling up the DagBag from /home/airflow/.local/lib/python3.6/site-packages/airflow/example_dags/example_xcom.py
[2026-09-23 11:31:24,506] {scheduler_job.py:639} INFO - DAG(s) dict_keys(['example_xcom']) retrieved from /home/airflow/.local/lib/python3.6/site-packages/airflow/example_dags/example_xcom.py
[2026-09-23 11:31:24,537] {logging_mixin.py:104} INFO - [2026-09-23 11:31:24,537] {dag.py:1824} INFO - Sync 1 DAGs
[2026-09-23 11:31:24,558] {logging_mixin.py:104} INFO - [2026-09-23 11:31:24,558] {dag.py:2280} INFO - Setting next_dagrun for example_xcom to 2026-09-21 00:00:00+00:00
[2026-09-23 11:31:24,574] {scheduler_job.py:190} INFO - Processing /home/airflow/.local/lib/python3.6/site-packages/airflow/example_dags/example_xcom.py took 0.089 seconds
[2026-09-23 11:31:55,018] {scheduler_job.py:182} INFO - Started process (PID=524) to work on /home/airflow/.local/lib/python3.6/site-packages/airflow/example_dags/example_xcom.py
[2026-09-23 11:31:55,019] {scheduler_job.py:629} INFO - Processing file /home/airflow/.local/lib/python3.6/site-packages/airflow/example_dags/example_xcom.py for tasks to queue
[2026-09-23 11:31:55,020] {logging_mixin.py:104} INFO - [2026-09-23 11:31:55,020] {dagbag.py:451} INFO - Filling up the DagBag from /home/airflow/.local/lib/python3.6/site-packages/airflow/example_dags/example_xcom.py
[2026-09-23 11:31:55,043] {scheduler_job.py:639} INFO - DAG(s) dict_keys(['example_xcom']) retrieved from /home/airflow/.local/lib/python3.6/site-packages/airflow/example_dags/example_xcom.py
[2026-09-23 11:31:55,076] {logging_mixin.py:104} INFO - [2026-09-23 11:31:55,076] {dag.py:1824} INFO - Sync 1 DAGs
[2026-09-23 11:31:55,105] {logging_mixin.py:104} INFO - [2026-09-23 11:31:55,105] {dag.py:2280} INFO - Setting next_dagrun for example_xcom to 2026-09-21 00:00:00+00:00
[2026-09-23 11:31:55,121] {scheduler_job.py:190} INFO - Processing /home/airflow/.local/lib/python3.6/site-packages/airflow/example_dags/example_xcom.py took 0.109 seconds
[2026-09-23 11:32:25,555] {scheduler_job.py:182} INFO - Started process (PID=550) to work on /home/airflow/.local/lib/python3.6/site-packages/airflow/example_dags/example_xcom.py
[2026-09-23 11:32:25,556] {scheduler_job.py:629} INFO - Processing file /home/airflow/.local/lib/python3.6/site-packages/airflow/example_dags/example_xcom.py for tasks to queue
[2026-09-23 11:32:25,557] {logging_mixin.py:104} INFO - [2026-09-23 11:32:25,557] {dagbag.py:451} INFO - Filling up the DagBag from /home/airflow/.local/lib/python3.6/site-packages/airflow/example_dags/example_xcom.py
[2026-09-23 11:32:25,572] {scheduler_job.py:639} INFO - DAG(s) dict_keys(['example_xcom']) retrieved from /home/airflow/.local/lib/python3.6/site-packages/airflow/example_dags/example_xcom.py
[2026-09-23 11:32:25,597] {logging_mixin.py:104} INFO - [2026-09-23 11:32:25,597] {dag.py:1824} INFO - Sync 1 DAGs
[2026-09-23 11:32:25,619] {logging_mixin.py:104} INFO - [2026-09-23 11:32:25,619] {dag.py:2280} INFO - Setting next_dagrun for example_xcom to 2026-09-21 00:00:00+00:00
[2026-09-23 11:32:25,636] {scheduler_job.py:190} INFO - Processing /home/airflow/.local/lib/python3.6/site-packages/airflow/example_dags/example_xcom.py took 0.085 seconds
[2026-09-23 11:32:56,060] {scheduler_job.py:182} INFO - Started process (PID=576) to work on /home/airflow/.local/lib/python3.6/site-packages/airflow/example_dags/example_xcom.py
[2026-09-23 11:32:56,061] {scheduler_job.py:629} INFO - Processing file /home/airflow/.local/lib/python3.6/site-packages/airflow/example_dags/example_xcom.py for tasks to queue
[2026-09-23 11:32:56,062] {logging_mixin.py:104} INFO - [2026-09-23 11:32:56,062] {dagbag.py:451} INFO - Filling up the DagBag from /home/airflow/.local/lib/python3.6/site-packages/airflow/example_dags/example_xcom.py
[2026-09-23 11:32:56,077] {scheduler_job.py:639} INFO - DAG(s) dict_keys(['example_xcom']) retrieved from /home/airflow/.local/lib/python3.6/site-packages/airflow/example_dags/example_xcom.py
[2026-09-23 11:32:56,101] {logging_mixin.py:104} INFO - [2026-09-23 11:32:56,100] {dag.py:1824} INFO - Sync 1 DAGs
[2026-09-23 11:32:56,122] {logging_mixin.py:104} INFO - [2026-09-23 11:32:56,122] {dag.py:2280} INFO - Setting next_dagrun for example_xcom to 2026-09-21 00:00:00+00:00
[2026-09-23 11:32:56,139] {scheduler_job.py:190} INFO - Processing /home/airflow/.local/lib/python3.6/site-packages/airflow/example_dags/example_xcom.py took 0.083 seconds
[2026-09-23 11:33:26,565] {scheduler_job.py:182} INFO - Started process (PID=602) to work on /home/airflow/.local/lib/python3.6/site-packages/airflow/example_dags/example_xcom.py
[2026-09-23 11:33:26,567] {scheduler_job.py:629} INFO - Processing file /home/airflow/.local/lib/python3.6/site-packages/airflow/example_dags/example_xcom.py for tasks to queue
[2026-09-23 11:33:26,568] {logging_mixin.py:104} INFO - [2026-09-23 11:33:26,568] {dagbag.py:451} INFO - Filling up the DagBag from /home/airflow/.local/lib/python3.6/site-packages/airflow/example_dags/example_xcom.py
[2026-09-23 11:33:26,585] {scheduler_job.py:639} INFO - DAG(s) dict_keys(['example_xcom']) retrieved from /home/airflow/.local/lib/python3.6/site-packages/airflow/example_dags/example_xcom.py
[2026-09-23 11:33:26,618] {logging_mixin.py:104} INFO - [2026-09-23 11:33:26,618] {dag.py:1824} INFO - Sync 1 DAGs
[2026-09-23 11:33:26,648] {logging_mixin.py:104} INFO - [2026-09-23 11:33:26,648] {dag.py:2280} INFO - Setting next_dagrun for example_xcom to 2026-09-21 00:00:00+00:00
[2026-09-23 11:33:26,663] {scheduler_job.py:190} INFO - Processing /home/airflow/.local/lib/python3.6/site-packages/airflow/example_dags/example_xcom.py took 0.103 seconds
[2026-09-23 11:33:57,060] {scheduler_job.py:182} INFO - Started process (PID=628) to work on /home/airflow/.local/lib/python3.6/site-packages/airflow/example_dags/example_xcom.py
[2026-09-23 11:33:57,061] {scheduler_job.py:629} INFO - Processing file /home/airflow/.local/lib/python3.6/site-packages/airflow/example_dags/example_xcom.py for tasks to queue
[2026-09-23 11:33:57,062] {logging_mixin.py:104} INFO - [2026-09-23 11:33:57,062] {dagbag.py:451} INFO - Filling up the DagBag from /home/airflow/.local/lib/python3.6/site-packages/airflow/example_dags/example_xcom.py
[2026-09-23 11:33:57,083] {scheduler_job.py:639} INFO - DAG(s) dict_keys(['example_xcom']) retrieved from /home/airflow/.local/lib/python3.6/site-packages/airflow/example_dags/example_xcom.py
[2026-09-23 11:33:57,113] {logging_mixin.py:104} INFO - [2026-09-23 11:33:57,113] {dag.py:1824} INFO - Sync 1 DAGs
[2026-09-23 11:33:57,142] {logging_mixin.py:104} INFO - [2026-09-23 11:33:57,142] {dag.py:2280} INFO - Setting next_dagrun for example_xcom to 2026-09-21 00:00:00+00:00
[2026-09-23 11:33:57,166] {scheduler_job.py:190} INFO - Processing /home/airflow/.local/lib/python3.6/site-packages/airflow/example_dags/example_xcom.py took 0.110 seconds
[2026-09-23 11:34:27,618] {scheduler_job.py:182} INFO - Started process (PID=654) to work on /home/airflow/.local/lib/python3.6/site-packages/airflow/example_dags/example_xcom.py
[2026-09-23 11:34:27,620] {scheduler_job.py:629} INFO - Processing file /home/airflow/.local/lib/python3.6/site-packages/airflow/example_dags/example_xcom.py for tasks to queue
[2026-09-23 11:34:27,621] {logging_mixin.py:104} INFO - [2026-09-23 11:34:27,620] {dagbag.py:451} INFO - Filling up the DagBag from /home/airflow/.local/lib/python3.6/site-packages/airflow/example_dags/example_xcom.py
[2026-09-23 11:34:27,635] {scheduler_job.py:639} INFO - DAG(s) dict_keys(['example_xcom']) retrieved from /home/airflow/.local/lib/python3.6/site-packages/airflow/example_dags/example_xcom.py
[2026-09-23 11:34:27,663] {logging_mixin.py:104} INFO - [2026-09-23 11:34:27,663] {dag.py:1824} INFO - Sync 1 DAGs
[2026-09-23 11:34:27,682] {logging_mixin.py:104} INFO - [2026-09-23 11:34:27,682] {dag.py:2280} INFO - Setting next_dagrun for example_xcom to 2026-09-21 00:00:00+00:00
[2026-09-23 11:34:27,698] {scheduler_job.py:190} INFO - Processing /home/airflow/.local/lib/python3.6/site-packages/airflow/example_dags/example_xcom.py took 0.083 seconds
[2026-09-23 11:34:58,220] {scheduler_job.py:182} INFO - Started process (PID=680) to work on /home/airflow/.local/lib/python3.6/site-packages/airflow/example_dags/example_xcom.py
[2026-09-23 11:34:58,221] {scheduler_job.py:629} INFO - Processing file /home/airflow/.local/lib/python3.6/site-packages/airflow/example_dags/example_xcom.py for tasks to queue
[2026-09-23 11:34:58,222] {logging_mixin.py:104} INFO - [2026-09-23 11:34:58,222] {dagbag.py:451} INFO - Filling up the DagBag from /home/airflow/.local/lib/python3.6/site-packages/airflow/example_dags/example_xcom.py
[2026-09-23 11:34:58,236] {scheduler_job.py:639} INFO - DAG(s) dict_keys(['example_xcom']) retrieved from /home/airflow/.local/lib/python3.6/site-packages/airflow/example_dags/example_xcom.py
[2026-09-23 11:34:58,262] {logging_mixin.py:104} INFO - [2026-09-23 11:34:58,262] {dag.py:1824} INFO - Sync 1 DAGs
[2026-09-23 11:34:58,280] {logging_mixin.py:104} INFO - [2026-09-23 11:34:58,280] {dag.py:2280} INFO - Setting next_dagrun for example_xcom to 2026-09-21 00:00:00+00:00
[2026-09-23 11:34:58,297] {scheduler_job.py:190} INFO - Processing /home/airflow/.local/lib/python3.6/site-packages/airflow/example_dags/example_xcom.py took 0.082 seconds
[2026-09-23 11:35:28,828] {scheduler_job.py:182} INFO - Started process (PID=706) to work on /home/airflow/.local/lib/python3.6/site-packages/airflow/example_dags/example_xcom.py
[2026-09-23 11:35:28,830] {scheduler_job.py:629} INFO - Processing file /home/airflow/.local/lib/python3.6/site-packages/airflow/example_dags/example_xcom.py for tasks to queue
[2026-09-23 11:35:28,831] {logging_mixin.py:104} INFO - [2026-09-23 11:35:28,831] {dagbag.py:451} INFO - Filling up the DagBag from /home/airflow/.local/lib/python3.6/site-packages/airflow/example_dags/example_xcom.py
[2026-09-23 11:35:28,861] {scheduler_job.py:639} INFO - DAG(s) dict_keys(['example_xcom']) retrieved from /home/airflow/.local/lib/python3.6/site-packages/airflow/example_dags/example_xcom.py
[2026-09-23 11:35:28,918] {logging_mixin.py:104} INFO - [2026-09-23 11:35:28,917] {dag.py:1824} INFO - Sync 1 DAGs
[2026-09-23 11:35:28,951] {logging_mixin.py:104} INFO - [2026-09-23 11:35:28,951] {dag.py:2280} INFO - Setting next_dagrun for example_xcom to 2026-09-21 00:00:00+00:00
[2026-09-23 11:35:28,978] {scheduler_job.py:190} INFO - Processing /home/airflow/.local/lib/python3.6/site-packages/airflow/example_dags/example_xcom.py took 0.163 seconds
[2026-09-23 11:35:59,131] {scheduler_job.py:182} INFO - Started process (PID=732) to work on /home/airflow/.local/lib/python3.6/site-packages/airflow/example_dags/example_xcom.py
[2026-09-23 11:35:59,132] {scheduler_job.py:629} INFO - Processing file /home/airflow/.local/lib/python3.6/site-packages/airflow/example_dags/example_xcom.py for tasks to queue
[2026-09-23 11:35:59,133] {logging_mixin.py:104} INFO - [2026-09-23 11:35:59,133] {dagbag.py:451} INFO - Filling up the DagBag from /home/airflow/.local/lib/python3.6/site-packages/airflow/example_dags/example_xcom.py
[2026-09-23 11:35:59,147] {scheduler_job.py:639} INFO - DAG(s) dict_keys(['example_xcom']) retrieved from /home/airflow/.local/lib/python3.6/site-packages/airflow/example_dags/example_xcom.py
[2026-09-23 11:35:59,171] {logging_mixin.py:104} INFO - [2026-09-23 11:35:59,171] {dag.py:1824} INFO - Sync 1 DAGs
[2026-09-23 11:35:59,189] {logging_mixin.py:104} INFO - [2026-09-23 11:35:59,189] {dag.py:2280} INFO - Setting next_dagrun for example_xcom to 2026-09-21 00:00:00+00:00
[2026-09-23 11:35:59,204] {scheduler_job.py:190} INFO - Processing /home/airflow/.local/lib/python3.6/site-packages/airflow/example_dags/example_xcom.py took 0.077 seconds
[2026-09-23 11:36:29,669] {scheduler_job.py:182} INFO - Started process (PID=758) to work on /home/airflow/.local/lib/python3.6/site-packages/airflow/example_dags/example_xcom.py
[2026-09-23 11:36:29,671] {scheduler_job.py:629} INFO - Processing file /home/airflow/.local/lib/python3.6/site-packages/airflow/example_dags/example_xcom.py for tasks to queue
[2026-09-23 11:36:29,672] {logging_mixin.py:104} INFO - [2026-09-23 11:36:29,672] {dagbag.py:451} INFO - Filling up the DagBag from /home/airflow/.local/lib/python3.6/site-packages/airflow/example_dags/example_xcom.py
[2026-09-23 11:36:29,696] {scheduler_job.py:639} INFO - DAG(s) dict_keys(['example_xcom']) retrieved from /home/airflow/.local/lib/python3.6/site-packages/airflow/example_dags/example_xcom.py
[2026-09-23 11:36:29,747] {logging_mixin.py:104} INFO - [2026-09-23 11:36:29,747] {dag.py:1824} INFO - Sync 1 DAGs
[2026-09-23 11:36:29,785] {logging_mixin.py:104} INFO - [2026-09-23 11:36:29,785] {dag.py:2280} INFO - Setting next_dagrun for example_xcom to 2026-09-21 00:00:00+00:00
[2026-09-23 11:36:29,809] {scheduler_job.py:190} INFO - Processing /home/airflow/.local/lib/python3.6/site-packages/airflow/example_dags/example_xcom.py took 0.154 seconds
[2026-09-23 11:36:59,902] {scheduler_job.py:182} INFO - Started process (PID=784) to work on /home/airflow/.local/lib/python3.6/site-packages/airflow/example_dags/example_xcom.py
[2026-09-23 11:36:59,904] {scheduler_job.py:629} INFO - Processing file /home/airflow/.local/lib/python3.6/site-packages/airflow/example_dags/example_xcom.py for tasks to queue
[2026-09-23 11:36:59,905] {logging_mixin.py:104} INFO - [2026-09-23 11:36:59,904] {dagbag.py:451} INFO - Filling up the DagBag from /home/airflow/.local/lib/python3.6/site-packages/airflow/example_dags/example_xcom.py
[2026-09-23 11:36:59,932] {scheduler_job.py:639} INFO - DAG(s) dict_keys(['example_xcom']) retrieved from /home/airflow/.local/lib/python3.6/site-packages/airflow/example_dags/example_xcom.py
[2026-09-23 11:36:59,975] {logging_mixin.py:104} INFO - [2026-09-23 11:36:59,975] {dag.py:1824} INFO - Sync 1 DAGs
[2026-09-23 11:37:00,007] {logging_mixin.py:104} INFO - [2026-09-23 11:37:00,006] {dag.py:2280} INFO - Setting next_dagrun for example_xcom to 2026-09-21 00:00:00+00:00
[2026-09-23 11:37:00,027] {scheduler_job.py:190} INFO - Processing /home/airflow/.local/lib/python3.6/site-packages/airflow/example_dags/example_xcom.py took 0.130 seconds
[2026-09-23 11:37:30,332] {scheduler_job.py:182} INFO - Started process (PID=810) to work on /home/airflow/.local/lib/python3.6/site-packages/airflow/example_dags/example_xcom.py
[2026-09-23 11:37:30,334] {scheduler_job.py:629} INFO - Processing file /home/airflow/.local/lib/python3.6/site-packages/airflow/example_dags/example_xcom.py for tasks to queue
[2026-09-23 11:37:30,335] {logging_mixin.py:104} INFO - [2026-09-23 11:37:30,335] {dagbag.py:451} INFO - Filling up the DagBag from /home/airflow/.local/lib/python3.6/site-packages/airflow/example_dags/example_xcom.py
[2026-09-23 11:37:30,359] {scheduler_job.py:639} INFO - DAG(s) dict_keys(['example_xcom']) retrieved from /home/airflow/.local/lib/python3.6/site-packages/airflow/example_dags/example_xcom.py
[2026-09-23 11:37:30,397] {logging_mixin.py:104} INFO - [2026-09-23 11:37:30,397] {dag.py:1824} INFO - Sync 1 DAGs
[2026-09-23 11:37:30,434] {logging_mixin.py:104} INFO - [2026-09-23 11:37:30,433] {dag.py:2280} INFO - Setting next_dagrun for example_xcom to 2026-09-21 00:00:00+00:00
[2026-09-23 11:37:30,452] {scheduler_job.py:190} INFO - Processing /home/airflow/.local/lib/python3.6/site-packages/airflow/example_dags/example_xcom.py took 0.126 seconds
[2026-09-23 11:38:00,789] {scheduler_job.py:182} INFO - Started process (PID=837) to work on /home/airflow/.local/lib/python3.6/site-packages/airflow/example_dags/example_xcom.py
[2026-09-23 11:38:00,791] {scheduler_job.py:629} INFO - Processing file /home/airflow/.local/lib/python3.6/site-packages/airflow/example_dags/example_xcom.py for tasks to queue
[2026-09-23 11:38:00,792] {logging_mixin.py:104} INFO - [2026-09-23 11:38:00,792] {dagbag.py:451} INFO - Filling up the DagBag from /home/airflow/.local/lib/python3.6/site-packages/airflow/example_dags/example_xcom.py
[2026-09-23 11:38:00,813] {scheduler_job.py:639} INFO - DAG(s) dict_keys(['example_xcom']) retrieved from /home/airflow/.local/lib/python3.6/site-packages/airflow/example_dags/example_xcom.py
[2026-09-23 11:38:00,844] {logging_mixin.py:104} INFO - [2026-09-23 11:38:00,844] {dag.py:1824} INFO - Sync 1 DAGs
[2026-09-23 11:38:00,868] {logging_mixin.py:104} INFO - [2026-09-23 11:38:00,868] {dag.py:2280} INFO - Setting next_dagrun for example_xcom to 2026-09-21 00:00:00+00:00
[2026-09-23 11:38:00,888] {scheduler_job.py:190} INFO - Processing /home/airflow/.local/lib/python3.6/site-packages/airflow/example_dags/example_xcom.py took 0.104 seconds
[2026-09-23 11:38:30,925] {scheduler_job.py:182} INFO - Started process (PID=862) to work on /home/airflow/.local/lib/python3.6/site-packages/airflow/example_dags/example_xcom.py
[2026-09-23 11:38:30,927] {scheduler_job.py:629} INFO - Processing file /home/airflow/.local/lib/python3.6/site-packages/airflow/example_dags/example_xcom.py for tasks to queue
[2026-09-23 11:38:30,928] {logging_mixin.py:104} INFO - [2026-09-23 11:38:30,928] {dagbag.py:451} INFO - Filling up the DagBag from /home/airflow/.local/lib/python3.6/site-packages/airflow/example_dags/example_xcom.py
[2026-09-23 11:38:30,954] {scheduler_job.py:639} INFO - DAG(s) dict_keys(['example_xcom']) retrieved from /home/airflow/.local/lib/python3.6/site-packages/airflow/example_dags/example_xcom.py
[2026-09-23 11:38:31,007] {logging_mixin.py:104} INFO - [2026-09-23 11:38:31,007] {dag.py:1824} INFO - Sync 1 DAGs
[2026-09-23 11:38:31,039] {logging_mixin.py:104} INFO - [2026-09-23 11:38:31,039] {dag.py:2280} INFO - Setting next_dagrun for example_xcom to 2026-09-21 00:00:00+00:00
[2026-09-23 11:38:31,065] {scheduler_job.py:190} INFO - Processing /home/airflow/.local/lib/python3.6/site-packages/airflow/example_dags/example_xcom.py took 0.145 seconds
[2026-09-23 11:39:01,365] {scheduler_job.py:182} INFO - Started process (PID=888) to work on /home/airflow/.local/lib/python3.6/site-packages/airflow/example_dags/example_xcom.py
[2026-09-23 11:39:01,367] {scheduler_job.py:629} INFO - Processing file /home/airflow/.local/lib/python3.6/site-packages/airflow/example_dags/example_xcom.py for tasks to queue
[2026-09-23 11:39:01,368] {logging_mixin.py:104} INFO - [2026-09-23 11:39:01,368] {dagbag.py:451} INFO - Filling up the DagBag from /home/airflow/.local/lib/python3.6/site-packages/airflow/example_dags/example_xcom.py
[2026-09-23 11:39:01,393] {scheduler_job.py:639} INFO - DAG(s) dict_keys(['example_xcom']) retrieved from /home/airflow/.local/lib/python3.6/site-packages/airflow/example_dags/example_xcom.py
[2026-09-23 11:39:01,432] {logging_mixin.py:104} INFO - [2026-09-23 11:39:01,431] {dag.py:1824} INFO - Sync 1 DAGs
[2026-09-23 11:39:01,464] {logging_mixin.py:104} INFO - [2026-09-23 11:39:01,464] {dag.py:2280} INFO - Setting next_dagrun for example_xcom to 2026-09-21 00:00:00+00:00
[2026-09-23 11:39:01,491] {scheduler_job.py:190} INFO - Processing /home/airflow/.local/lib/python3.6/site-packages/airflow/example_dags/example_xcom.py took 0.132 seconds
[2026-09-23 11:39:32,212] {scheduler_job.py:182} INFO - Started process (PID=914) to work on /home/airflow/.local/lib/python3.6/site-packages/airflow/example_dags/example_xcom.py
[2026-09-23 11:39:32,217] {scheduler_job.py:629} INFO - Processing file /home/airflow/.local/lib/python3.6/site-packages/airflow/example_dags/example_xcom.py for tasks to queue
[2026-09-23 11:39:32,218] {logging_mixin.py:104} INFO - [2026-09-23 11:39:32,218] {dagbag.py:451} INFO - Filling up the DagBag from /home/airflow/.local/lib/python3.6/site-packages/airflow/example_dags/example_xcom.py
[2026-09-23 11:39:32,240] {scheduler_job.py:639} INFO - DAG(s) dict_keys(['example_xcom']) retrieved from /home/airflow/.local/lib/python3.6/site-packages/airflow/example_dags/example_xcom.py
[2026-09-23 11:39:32,276] {logging_mixin.py:104} INFO - [2026-09-23 11:39:32,276] {dag.py:1824} INFO - Sync 1 DAGs
[2026-09-23 11:39:32,301] {logging_mixin.py:104} INFO - [2026-09-23 11:39:32,301] {dag.py:2280} INFO - Setting next_dagrun for example_xcom to 2026-09-21 00:00:00+00:00
[2026-09-23 11:39:32,319] {scheduler_job.py:190} INFO - Processing /home/airflow/.local/lib/python3.6/site-packages/airflow/example_dags/example_xcom.py took 0.112 seconds
[2026-09-23 11:40:02,493] {scheduler_job.py:182} INFO - Started process (PID=940) to work on /home/airflow/.local/lib/python3.6/site-packages/airflow/example_dags/example_xcom.py
[2026-09-23 11:40:02,494] {scheduler_job.py:629} INFO - Processing file /home/airflow/.local/lib/python3.6/site-packages/airflow/example_dags/example_xcom.py for tasks to queue
[2026-09-23 11:40:02,495] {logging_mixin.py:104} INFO - [2026-09-23 11:40:02,495] {dagbag.py:451} INFO - Filling up the DagBag from /home/airflow/.local/lib/python3.6/site-packages/airflow/example_dags/example_xcom.py
[2026-09-23 11:40:02,512] {scheduler_job.py:639} INFO - DAG(s) dict_keys(['example_xcom']) retrieved from /home/airflow/.local/lib/python3.6/site-packages/airflow/example_dags/example_xcom.py
[2026-09-23 11:40:02,543] {logging_mixin.py:104} INFO - [2026-09-23 11:40:02,543] {dag.py:1824} INFO - Sync 1 DAGs
[2026-09-23 11:40:02,566] {logging_mixin.py:104} INFO - [2026-09-23 11:40:02,565] {dag.py:2280} INFO - Setting next_dagrun for example_xcom to 2026-09-21 00:00:00+00:00
[2026-09-23 11:40:02,586] {scheduler_job.py:190} INFO - Processing /home/airflow/.local/lib/python3.6/site-packages/airflow/example_dags/example_xcom.py took 0.098 seconds
[2026-09-23 11:40:33,099] {scheduler_job.py:182} INFO - Started process (PID=966) to work on /home/airflow/.local/lib/python3.6/site-packages/airflow/example_dags/example_xcom.py
[2026-09-23 11:40:33,104] {scheduler_job.py:629} INFO - Processing file /home/airflow/.local/lib/python3.6/site-packages/airflow/example_dags/example_xcom.py for tasks to queue
[2026-09-23 11:40:33,105] {logging_mixin.py:104} INFO - [2026-09-23 11:40:33,105] {dagbag.py:451} INFO - Filling up the DagBag from /home/airflow/.local/lib/python3.6/site-packages/airflow/example_dags/example_xcom.py
[2026-09-23 11:40:33,132] {scheduler_job.py:639} INFO - DAG(s) dict_keys(['example_xcom']) retrieved from /home/airflow/.local/lib/python3.6/site-packages/airflow/example_dags/example_xcom.py
[2026-09-23 11:40:33,160] {logging_mixin.py:104} INFO - [2026-09-23 11:40:33,160] {dag.py:1824} INFO - Sync 1 DAGs
[2026-09-23 11:40:33,180] {logging_mixin.py:104} INFO - [2026-09-23 11:40:33,180] {dag.py:2280} INFO - Setting next_dagrun for example_xcom to 2026-09-21 00:00:00+00:00
[2026-09-23 11:40:33,202] {scheduler_job.py:190} INFO - Processing /home/airflow/.local/lib/python3.6/site-packages/airflow/example_dags/example_xcom.py took 0.115 seconds
[2026-09-23 11:41:03,417] {scheduler_job.py:182} INFO - Started process (PID=992) to work on /home/airflow/.local/lib/python3.6/site-packages/airflow/example_dags/example_xcom.py
[2026-09-23 11:41:03,419] {scheduler_job.py:629} INFO - Processing file /home/airflow/.local/lib/python3.6/site-packages/airflow/example_dags/example_xcom.py for tasks to queue
[2026-09-23 11:41:03,420] {logging_mixin.py:104} INFO - [2026-09-23 11:41:03,420] {dagbag.py:451} INFO - Filling up the DagBag from /home/airflow/.local/lib/python3.6/site-packages/airflow/example_dags/example_xcom.py
[2026-09-23 11:41:03,445] {scheduler_job.py:639} INFO - DAG(s) dict_keys(['example_xcom']) retrieved from /home/airflow/.local/lib/python3.6/site-packages/airflow/example_dags/example_xcom.py
[2026-09-23 11:41:03,478] {logging_mixin.py:104} INFO - [2026-09-23 11:41:03,478] {dag.py:1824} INFO - Sync 1 DAGs
[2026-09-23 11:41:03,503] {logging_mixin.py:104} INFO - [2026-09-23 11:41:03,503] {dag.py:2280} INFO - Setting next_dagrun for example_xcom to 2026-09-21 00:00:00+00:00
[2026-09-23 11:41:03,525] {scheduler_job.py:190} INFO - Processing /home/airflow/.local/lib/python3.6/site-packages/airflow/example_dags/example_xcom.py took 0.120 seconds
[2026-09-23 11:41:33,877] {scheduler_job.py:182} INFO - Started process (PID=1018) to work on /home/airflow/.local/lib/python3.6/site-packages/airflow/example_dags/example_xcom.py
[2026-09-23 11:41:33,879] {scheduler_job.py:629} INFO - Processing file /home/airflow/.local/lib/python3.6/site-packages/airflow/example_dags/example_xcom.py for tasks to queue
[2026-09-23 11:41:33,882] {logging_mixin.py:104} INFO - [2026-09-23 11:41:33,881] {dagbag.py:451} INFO - Filling up the DagBag from /home/airflow/.local/lib/python3.6/site-packages/airflow/example_dags/example_xcom.py
[2026-09-23 11:41:33,931] {scheduler_job.py:639} INFO - DAG(s) dict_keys(['example_xcom']) retrieved from /home/airflow/.local/lib/python3.6/site-packages/airflow/example_dags/example_xcom.py
[2026-09-23 11:41:33,991] {logging_mixin.py:104} INFO - [2026-09-23 11:41:33,991] {dag.py:1824} INFO - Sync 1 DAGs
[2026-09-23 11:41:34,033] {logging_mixin.py:104} INFO - [2026-09-23 11:41:34,033] {dag.py:2280} INFO - Setting next_dagrun for example_xcom to 2026-09-21 00:00:00+00:00
[2026-09-23 11:41:34,057] {scheduler_job.py:190} INFO - Processing /home/airflow/.local/lib/python3.6/site-packages/airflow/example_dags/example_xcom.py took 0.186 seconds
[2026-09-23 11:42:04,841] {scheduler_job.py:182} INFO - Started process (PID=1044) to work on /home/airflow/.local/lib/python3.6/site-packages/airflow/example_dags/example_xcom.py
[2026-09-23 11:42:04,844] {scheduler_job.py:629} INFO - Processing file /home/airflow/.local/lib/python3.6/site-packages/airflow/example_dags/example_xcom.py for tasks to queue
[2026-09-23 11:42:04,845] {logging_mixin.py:104} INFO - [2026-09-23 11:42:04,845] {dagbag.py:451} INFO - Filling up the DagBag from /home/airflow/.local/lib/python3.6/site-packages/airflow/example_dags/example_xcom.py
[2026-09-23 11:42:04,869] {scheduler_job.py:639} INFO - DAG(s) dict_keys(['example_xcom']) retrieved from /home/airflow/.local/lib/python3.6/site-packages/airflow/example_dags/example_xcom.py
[2026-09-23 11:42:04,904] {logging_mixin.py:104} INFO - [2026-09-23 11:42:04,904] {dag.py:1824} INFO - Sync 1 DAGs
[2026-09-23 11:42:04,933] {logging_mixin.py:104} INFO - [2026-09-23 11:42:04,933] {dag.py:2280} INFO - Setting next_dagrun for example_xcom to 2026-09-21 00:00:00+00:00
[2026-09-23 11:42:04,958] {scheduler_job.py:190} INFO - Processing /home/airflow/.local/lib/python3.6/site-packages/airflow/example_dags/example_xcom.py took 0.123 seconds
[2026-09-23 11:42:35,509] {scheduler_job.py:182} INFO - Started process (PID=1071) to work on /home/airflow/.local/lib/python3.6/site-packages/airflow/example_dags/example_xcom.py
[2026-09-23 11:42:35,515] {scheduler_job.py:629} INFO - Processing file /home/airflow/.local/lib/python3.6/site-packages/airflow/example_dags/example_xcom.py for tasks to queue
[2026-09-23 11:42:35,516] {logging_mixin.py:104} INFO - [2026-09-23 11:42:35,516] {dagbag.py:451} INFO - Filling up the DagBag from /home/airflow/.local/lib/python3.6/site-packages/airflow/example_dags/example_xcom.py
[2026-09-23 11:42:35,556] {scheduler_job.py:639} INFO - DAG(s) dict_keys(['example_xcom']) retrieved from /home/airflow/.local/lib/python3.6/site-packages/airflow/example_dags/example_xcom.py
[2026-09-23 11:42:35,605] {logging_mixin.py:104} INFO - [2026-09-23 11:42:35,605] {dag.py:1824} INFO - Sync 1 DAGs
[2026-09-23 11:42:35,634] {logging_mixin.py:104} INFO - [2026-09-23 11:42:35,634] {dag.py:2280} INFO - Setting next_dagrun for example_xcom to 2026-09-21 00:00:00+00:00
[2026-09-23 11:42:35,656] {scheduler_job.py:190} INFO - Processing /home/airflow/.local/lib/python3.6/site-packages/airflow/example_dags/example_xcom.py took 0.161 seconds
[2026-09-23 11:43:06,421] {scheduler_job.py:182} INFO - Started process (PID=1096) to work on /home/airflow/.local/lib/python3.6/site-packages/airflow/example_dags/example_xcom.py
[2026-09-23 11:43:06,422] {scheduler_job.py:629} INFO - Processing file /home/airflow/.local/lib/python3.6/site-packages/airflow/example_dags/example_xcom.py for tasks to queue
[2026-09-23 11:43:06,423] {logging_mixin.py:104} INFO - [2026-09-23 11:43:06,423] {dagbag.py:451} INFO - Filling up the DagBag from /home/airflow/.local/lib/python3.6/site-packages/airflow/example_dags/example_xcom.py
[2026-09-23 11:43:06,440] {scheduler_job.py:639} INFO - DAG(s) dict_keys(['example_xcom']) retrieved from /home/airflow/.local/lib/python3.6/site-packages/airflow/example_dags/example_xcom.py
[2026-09-23 11:43:06,480] {logging_mixin.py:104} INFO - [2026-09-23 11:43:06,479] {dag.py:1824} INFO - Sync 1 DAGs
[2026-09-23 11:43:06,506] {logging_mixin.py:104} INFO - [2026-09-23 11:43:06,506] {dag.py:2280} INFO - Setting next_dagrun for example_xcom to 2026-09-21 00:00:00+00:00
[2026-09-23 11:43:06,532] {scheduler_job.py:190} INFO - Processing /home/airflow/.local/lib/python3.6/site-packages/airflow/example_dags/example_xcom.py took 0.116 seconds
[2026-09-23 11:43:37,012] {scheduler_job.py:182} INFO - Started process (PID=1122) to work on /home/airflow/.local/lib/python3.6/site-packages/airflow/example_dags/example_xcom.py
[2026-09-23 11:43:37,014] {scheduler_job.py:629} INFO - Processing file /home/airflow/.local/lib/python3.6/site-packages/airflow/example_dags/example_xcom.py for tasks to queue
[2026-09-23 11:43:37,015] {logging_mixin.py:104} INFO - [2026-09-23 11:43:37,015] {dagbag.py:451} INFO - Filling up the DagBag from /home/airflow/.local/lib/python3.6/site-packages/airflow/example_dags/example_xcom.py
[2026-09-23 11:43:37,030] {scheduler_job.py:639} INFO - DAG(s) dict_keys(['example_xcom']) retrieved from /home/airflow/.local/lib/python3.6/site-packages/airflow/example_dags/example_xcom.py
[2026-09-23 11:43:37,058] {logging_mixin.py:104} INFO - [2026-09-23 11:43:37,058] {dag.py:1824} INFO - Sync 1 DAGs
[2026-09-23 11:43:37,086] {logging_mixin.py:104} INFO - [2026-09-23 11:43:37,086] {dag.py:2280} INFO - Setting next_dagrun for example_xcom to 2026-09-21 00:00:00+00:00
[2026-09-23 11:43:37,116] {scheduler_job.py:190} INFO - Processing /home/airflow/.local/lib/python3.6/site-packages/airflow/example_dags/example_xcom.py took 0.107 seconds
[2026-09-23 11:44:07,282] {scheduler_job.py:182} INFO - Started process (PID=1148) to work on /home/airflow/.local/lib/python3.6/site-packages/airflow/example_dags/example_xcom.py
[2026-09-23 11:44:07,284] {scheduler_job.py:629} INFO - Processing file /home/airflow/.local/lib/python3.6/site-packages/airflow/example_dags/example_xcom.py for tasks to queue
[2026-09-23 11:44:07,285] {logging_mixin.py:104} INFO - [2026-09-23 11:44:07,284] {dagbag.py:451} INFO - Filling up the DagBag from /home/airflow/.local/lib/python3.6/site-packages/airflow/example_dags/example_xcom.py
[2026-09-23 11:44:07,303] {scheduler_job.py:639} INFO - DAG(s) dict_keys(['example_xcom']) retrieved from /home/airflow/.local/lib/python3.6/site-packages/airflow/example_dags/example_xcom.py
[2026-09-23 11:44:07,333] {logging_mixin.py:104} INFO - [2026-09-23 11:44:07,333] {dag.py:1824} INFO - Sync 1 DAGs
[2026-09-23 11:44:07,358] {logging_mixin.py:104} INFO - [2026-09-23 11:44:07,358] {dag.py:2280} INFO - Setting next_dagrun for example_xcom to 2026-09-21 00:00:00+00:00
[2026-09-23 11:44:07,382] {scheduler_job.py:190} INFO - Processing /home/airflow/.local/lib/python3.6/site-packages/airflow/example_dags/example_xcom.py took 0.104 seconds
[2026-09-23 11:44:37,429] {scheduler_job.py:182} INFO - Started process (PID=1174) to work on /home/airflow/.local/lib/python3.6/site-packages/airflow/example_dags/example_xcom.py
[2026-09-23 11:44:37,431] {scheduler_job.py:629} INFO - Processing file /home/airflow/.local/lib/python3.6/site-packages/airflow/example_dags/example_xcom.py for tasks to queue
[2026-09-23 11:44:37,432] {logging_mixin.py:104} INFO - [2026-09-23 11:44:37,432] {dagbag.py:451} INFO - Filling up the DagBag from /home/airflow/.local/lib/python3.6/site-packages/airflow/example_dags/example_xcom.py
[2026-09-23 11:44:37,453] {scheduler_job.py:639} INFO - DAG(s) dict_keys(['example_xcom']) retrieved from /home/airflow/.local/lib/python3.6/site-packages/airflow/example_dags/example_xcom.py
[2026-09-23 11:44:37,510] {logging_mixin.py:104} INFO - [2026-09-23 11:44:37,510] {dag.py:1824} INFO - Sync 1 DAGs
[2026-09-23 11:44:37,540] {logging_mixin.py:104} INFO - [2026-09-23 11:44:37,539] {dag.py:2280} INFO - Setting next_dagrun for example_xcom to 2026-09-21 00:00:00+00:00
[2026-09-23 11:44:37,559] {scheduler_job.py:190} INFO - Processing /home/airflow/.local/lib/python3.6/site-packages/airflow/example_dags/example_xcom.py took 0.135 seconds
[2026-09-23 11:45:07,649] {scheduler_job.py:182} INFO - Started process (PID=1200) to work on /home/airflow/.local/lib/python3.6/site-packages/airflow/example_dags/example_xcom.py
[2026-09-23 11:45:07,650] {scheduler_job.py:629} INFO - Processing file /home/airflow/.local/lib/python3.6/site-packages/airflow/example_dags/example_xcom.py for tasks to queue
[2026-09-23 11:45:07,651] {logging_mixin.py:104} INFO - [2026-09-23 11:45:07,651] {dagbag.py:451} INFO - Filling up the DagBag from /home/airflow/.local/lib/python3.6/site-packages/airflow/example_dags/example_xcom.py
[2026-09-23 11:45:07,670] {scheduler_job.py:639} INFO - DAG(s) dict_keys(['example_xcom']) retrieved from /home/airflow/.local/lib/python3.6/site-packages/airflow/example_dags/example_xcom.py
[2026-09-23 11:45:07,709] {logging_mixin.py:104} INFO - [2026-09-23 11:45:07,709] {dag.py:1824} INFO - Sync 1 DAGs
[2026-09-23 11:45:07,740] {logging_mixin.py:104} INFO - [2026-09-23 11:45:07,739] {dag.py:2280} INFO - Setting next_dagrun for example_xcom to 2026-09-21 00:00:00+00:00
[2026-09-23 11:45:07,765] {scheduler_job.py:190} INFO - Processing /home/airflow/.local/lib/python3.6/site-packages/airflow/example_dags/example_xcom.py took 0.122 seconds
[2026-09-23 11:45:38,099] {scheduler_job.py:182} INFO - Started process (PID=1226) to work on /home/airflow/.local/lib/python3.6/site-packages/airflow/example_dags/example_xcom.py
[2026-09-23 11:45:38,101] {scheduler_job.py:629} INFO - Processing file /home/airflow/.local/lib/python3.6/site-packages/airflow/example_dags/example_xcom.py for tasks to queue
[2026-09-23 11:45:38,102] {logging_mixin.py:104} INFO - [2026-09-23 11:45:38,102] {dagbag.py:451} INFO - Filling up the DagBag from /home/airflow/.local/lib/python3.6/site-packages/airflow/example_dags/example_xcom.py
[2026-09-23 11:45:38,128] {scheduler_job.py:639} INFO - DAG(s) dict_keys(['example_xcom']) retrieved from /home/airflow/.local/lib/python3.6/site-packages/airflow/example_dags/example_xcom.py
[2026-09-23 11:45:38,171] {logging_mixin.py:104} INFO - [2026-09-23 11:45:38,170] {dag.py:1824} INFO - Sync 1 DAGs
[2026-09-23 11:45:38,205] {logging_mixin.py:104} INFO - [2026-09-23 11:45:38,204] {dag.py:2280} INFO - Setting next_dagrun for example_xcom to 2026-09-21 00:00:00+00:00
[2026-09-23 11:45:38,236] {scheduler_job.py:190} INFO - Processing /home/airflow/.local/lib/python3.6/site-packages/airflow/example_dags/example_xcom.py took 0.143 seconds
[2026-09-23 11:46:08,302] {scheduler_job.py:182} INFO - Started process (PID=1252) to work on /home/airflow/.local/lib/python3.6/site-packages/airflow/example_dags/example_xcom.py
[2026-09-23 11:46:08,304] {scheduler_job.py:629} INFO - Processing file /home/airflow/.local/lib/python3.6/site-packages/airflow/example_dags/example_xcom.py for tasks to queue
[2026-09-23 11:46:08,304] {logging_mixin.py:104} INFO - [2026-09-23 11:46:08,304] {dagbag.py:451} INFO - Filling up the DagBag from /home/airflow/.local/lib/python3.6/site-packages/airflow/example_dags/example_xcom.py
[2026-09-23 11:46:08,320] {scheduler_job.py:639} INFO - DAG(s) dict_keys(['example_xcom']) retrieved from /home/airflow/.local/lib/python3.6/site-packages/airflow/example_dags/example_xcom.py
[2026-09-23 11:46:08,353] {logging_mixin.py:104} INFO - [2026-09-23 11:46:08,353] {dag.py:1824} INFO - Sync 1 DAGs
[2026-09-23 11:46:08,378] {logging_mixin.py:104} INFO - [2026-09-23 11:46:08,378] {dag.py:2280} INFO - Setting next_dagrun for example_xcom to 2026-09-21 00:00:00+00:00
[2026-09-23 11:46:08,397] {scheduler_job.py:190} INFO - Processing /home/airflow/.local/lib/python3.6/site-packages/airflow/example_dags/example_xcom.py took 0.098 seconds
[2026-09-23 11:46:38,463] {scheduler_job.py:182} INFO - Started process (PID=1278) to work on /home/airflow/.local/lib/python3.6/site-packages/airflow/example_dags/example_xcom.py
[2026-09-23 11:46:38,465] {scheduler_job.py:629} INFO - Processing file /home/airflow/.local/lib/python3.6/site-packages/airflow/example_dags/example_xcom.py for tasks to queue
[2026-09-23 11:46:38,466] {logging_mixin.py:104} INFO - [2026-09-23 11:46:38,466] {dagbag.py:451} INFO - Filling up the DagBag from /home/airflow/.local/lib/python3.6/site-packages/airflow/example_dags/example_xcom.py
[2026-09-23 11:46:38,482] {scheduler_job.py:639} INFO - DAG(s) dict_keys(['example_xcom']) retrieved from /home/airflow/.local/lib/python3.6/site-packages/airflow/example_dags/example_xcom.py
[2026-09-23 11:46:38,510] {logging_mixin.py:104} INFO - [2026-09-23 11:46:38,510] {dag.py:1824} INFO - Sync 1 DAGs
[2026-09-23 11:46:38,530] {logging_mixin.py:104} INFO - [2026-09-23 11:46:38,529] {dag.py:2280} INFO - Setting next_dagrun for example_xcom to 2026-09-21 00:00:00+00:00
[2026-09-23 11:46:38,546] {scheduler_job.py:190} INFO - Processing /home/airflow/.local/lib/python3.6/site-packages/airflow/example_dags/example_xcom.py took 0.088 seconds
[2026-09-23 11:47:09,358] {scheduler_job.py:182} INFO - Started process (PID=1304) to work on /home/airflow/.local/lib/python3.6/site-packages/airflow/example_dags/example_xcom.py
[2026-09-23 11:47:09,359] {scheduler_job.py:629} INFO - Processing file /home/airflow/.local/lib/python3.6/site-packages/airflow/example_dags/example_xcom.py for tasks to queue
[2026-09-23 11:47:09,360] {logging_mixin.py:104} INFO - [2026-09-23 11:47:09,360] {dagbag.py:451} INFO - Filling up the DagBag from /home/airflow/.local/lib/python3.6/site-packages/airflow/example_dags/example_xcom.py
[2026-09-23 11:47:09,376] {scheduler_job.py:639} INFO - DAG(s) dict_keys(['example_xcom']) retrieved from /home/airflow/.local/lib/python3.6/site-packages/airflow/example_dags/example_xcom.py
[2026-09-23 11:47:09,403] {logging_mixin.py:104} INFO - [2026-09-23 11:47:09,403] {dag.py:1824} INFO - Sync 1 DAGs
[2026-09-23 11:47:09,426] {logging_mixin.py:104} INFO - [2026-09-23 11:47:09,426] {dag.py:2280} INFO - Setting next_dagrun for example_xcom to 2026-09-21 00:00:00+00:00
[2026-09-23 11:47:09,441] {scheduler_job.py:190} INFO - Processing /home/airflow/.local/lib/python3.6/site-packages/airflow/example_dags/example_xcom.py took 0.088 seconds
[2026-09-23 11:47:40,185] {scheduler_job.py:182} INFO - Started process (PID=1330) to work on /home/airflow/.local/lib/python3.6/site-packages/airflow/example_dags/example_xcom.py
[2026-09-23 11:47:40,188] {scheduler_job.py:629} INFO - Processing file /home/airflow/.local/lib/python3.6/site-packages/airflow/example_dags/example_xcom.py for tasks to queue
[2026-09-23 11:47:40,190] {logging_mixin.py:104} INFO - [2026-09-23 11:47:40,190] {dagbag.py:451} INFO - Filling up the DagBag from /home/airflow/.local/lib/python3.6/site-packages/airflow/example_dags/example_xcom.py
[2026-09-23 11:47:40,226] {scheduler_job.py:639} INFO - DAG(s) dict_keys(['example_xcom']) retrieved from /home/airflow/.local/lib/python3.6/site-packages/airflow/example_dags/example_xcom.py
[2026-09-23 11:47:40,276] {logging_mixin.py:104} INFO - [2026-09-23 11:47:40,276] {dag.py:1824} INFO - Sync 1 DAGs
[2026-09-23 11:47:40,314] {logging_mixin.py:104} INFO - [2026-09-23 11:47:40,314] {dag.py:2280} INFO - Setting next_dagrun for example_xcom to 2026-09-21 00:00:00+00:00
[2026-09-23 11:47:40,344] {scheduler_job.py:190} INFO - Processing /home/airflow/.local/lib/python3.6/site-packages/airflow/example_dags/example_xcom.py took 0.166 seconds
[2026-09-23 11:48:10,847] {scheduler_job.py:182} INFO - Started process (PID=1356) to work on /home/airflow/.local/lib/python3.6/site-packages/airflow/example_dags/example_xcom.py
[2026-09-23 11:48:10,849] {scheduler_job.py:629} INFO - Processing file /home/airflow/.local/lib/python3.6/site-packages/airflow/example_dags/example_xcom.py for tasks to queue
[2026-09-23 11:48:10,850] {logging_mixin.py:104} INFO - [2026-09-23 11:48:10,850] {dagbag.py:451} INFO - Filling up the DagBag from /home/airflow/.local/lib/python3.6/site-packages/airflow/example_dags/example_xcom.py
[2026-09-23 11:48:10,870] {scheduler_job.py:639} INFO - DAG(s) dict_keys(['example_xcom']) retrieved from /home/airflow/.local/lib/python3.6/site-packages/airflow/example_dags/example_xcom.py
[2026-09-23 11:48:10,906] {logging_mixin.py:104} INFO - [2026-09-23 11:48:10,905] {dag.py:1824} INFO - Sync 1 DAGs
[2026-09-23 11:48:10,937] {logging_mixin.py:104} INFO - [2026-09-23 11:48:10,937] {dag.py:2280} INFO - Setting next_dagrun for example_xcom to 2026-09-21 00:00:00+00:00
[2026-09-23 11:48:10,970] {scheduler_job.py:190} INFO - Processing /home/airflow/.local/lib/python3.6/site-packages/airflow/example_dags/example_xcom.py took 0.127 seconds
[2026-09-23 11:48:41,101] {scheduler_job.py:182} INFO - Started process (PID=1382) to work on /home/airflow/.local/lib/python3.6/site-packages/airflow/example_dags/example_xcom.py
[2026-09-23 11:48:41,103] {scheduler_job.py:629} INFO - Processing file /home/airflow/.local/lib/python3.6/site-packages/airflow/example_dags/example_xcom.py for tasks to queue
[2026-09-23 11:48:41,104] {logging_mixin.py:104} INFO - [2026-09-23 11:48:41,104] {dagbag.py:451} INFO - Filling up the DagBag from /home/airflow/.local/lib/python3.6/site-packages/airflow/example_dags/example_xcom.py
[2026-09-23 11:48:41,124] {scheduler_job.py:639} INFO - DAG(s) dict_keys(['example_xcom']) retrieved from /home/airflow/.local/lib/python3.6/site-packages/airflow/example_dags/example_xcom.py
[2026-09-23 11:48:41,158] {logging_mixin.py:104} INFO - [2026-09-23 11:48:41,158] {dag.py:1824} INFO - Sync 1 DAGs
[2026-09-23 11:48:41,185] {logging_mixin.py:104} INFO - [2026-09-23 11:48:41,185] {dag.py:2280} INFO - Setting next_dagrun for example_xcom to 2026-09-21 00:00:00+00:00
[2026-09-23 11:48:41,207] {scheduler_job.py:190} INFO - Processing /home/airflow/.local/lib/python3.6/site-packages/airflow/example_dags/example_xcom.py took 0.112 seconds
[2026-09-23 11:49:11,623] {scheduler_job.py:182} INFO - Started process (PID=1408) to work on /home/airflow/.local/lib/python3.6/site-packages/airflow/example_dags/example_xcom.py
[2026-09-23 11:49:11,625] {scheduler_job.py:629} INFO - Processing file /home/airflow/.local/lib/python3.6/site-packages/airflow/example_dags/example_xcom.py for tasks to queue
[2026-09-23 11:49:11,626] {logging_mixin.py:104} INFO - [2026-09-23 11:49:11,626] {dagbag.py:451} INFO - Filling up the DagBag from /home/airflow/.local/lib/python3.6/site-packages/airflow/example_dags/example_xcom.py
[2026-09-23 11:49:11,651] {scheduler_job.py:639} INFO - DAG(s) dict_keys(['example_xcom']) retrieved from /home/airflow/.local/lib/python3.6/site-packages/airflow/example_dags/example_xcom.py
[2026-09-23 11:49:11,691] {logging_mixin.py:104} INFO - [2026-09-23 11:49:11,691] {dag.py:1824} INFO - Sync 1 DAGs
[2026-09-23 11:49:11,722] {logging_mixin.py:104} INFO - [2026-09-23 11:49:11,722] {dag.py:2280} INFO - Setting next_dagrun for example_xcom to 2026-09-21 00:00:00+00:00
[2026-09-23 11:49:11,750] {scheduler_job.py:190} INFO - Processing /home/airflow/.local/lib/python3.6/site-packages/airflow/example_dags/example_xcom.py took 0.136 seconds
[2026-09-23 11:49:42,714] {scheduler_job.py:182} INFO - Started process (PID=1434) to work on /home/airflow/.local/lib/python3.6/site-packages/airflow/example_dags/example_xcom.py
[2026-09-23 11:49:42,715] {scheduler_job.py:629} INFO - Processing file /home/airflow/.local/lib/python3.6/site-packages/airflow/example_dags/example_xcom.py for tasks to queue
[2026-09-23 11:49:42,717] {logging_mixin.py:104} INFO - [2026-09-23 11:49:42,717] {dagbag.py:451} INFO - Filling up the DagBag from /home/airflow/.local/lib/python3.6/site-packages/airflow/example_dags/example_xcom.py
[2026-09-23 11:49:42,742] {scheduler_job.py:639} INFO - DAG(s) dict_keys(['example_xcom']) retrieved from /home/airflow/.local/lib/python3.6/site-packages/airflow/example_dags/example_xcom.py
[2026-09-23 11:49:42,787] {logging_mixin.py:104} INFO - [2026-09-23 11:49:42,787] {dag.py:1824} INFO - Sync 1 DAGs
[2026-09-23 11:49:42,834] {logging_mixin.py:104} INFO - [2026-09-23 11:49:42,834] {dag.py:2280} INFO - Setting next_dagrun for example_xcom to 2026-09-21 00:00:00+00:00
[2026-09-23 11:49:42,868] {scheduler_job.py:190} INFO - Processing /home/airflow/.local/lib/python3.6/site-packages/airflow/example_dags/example_xcom.py took 0.171 seconds
[2026-09-23 11:50:13,556] {scheduler_job.py:182} INFO - Started process (PID=1460) to work on /home/airflow/.local/lib/python3.6/site-packages/airflow/example_dags/example_xcom.py
[2026-09-23 11:50:13,558] {scheduler_job.py:629} INFO - Processing file /home/airflow/.local/lib/python3.6/site-packages/airflow/example_dags/example_xcom.py for tasks to queue
[2026-09-23 11:50:13,558] {logging_mixin.py:104} INFO - [2026-09-23 11:50:13,558] {dagbag.py:451} INFO - Filling up the DagBag from /home/airflow/.local/lib/python3.6/site-packages/airflow/example_dags/example_xcom.py
[2026-09-23 11:50:13,578] {scheduler_job.py:639} INFO - DAG(s) dict_keys(['example_xcom']) retrieved from /home/airflow/.local/lib/python3.6/site-packages/airflow/example_dags/example_xcom.py
[2026-09-23 11:50:13,613] {logging_mixin.py:104} INFO - [2026-09-23 11:50:13,612] {dag.py:1824} INFO - Sync 1 DAGs
[2026-09-23 11:50:13,638] {logging_mixin.py:104} INFO - [2026-09-23 11:50:13,638] {dag.py:2280} INFO - Setting next_dagrun for example_xcom to 2026-09-21 00:00:00+00:00
[2026-09-23 11:50:13,660] {scheduler_job.py:190} INFO - Processing /home/airflow/.local/lib/python3.6/site-packages/airflow/example_dags/example_xcom.py took 0.108 seconds
[2026-09-23 11:50:44,485] {scheduler_job.py:182} INFO - Started process (PID=1486) to work on /home/airflow/.local/lib/python3.6/site-packages/airflow/example_dags/example_xcom.py
[2026-09-23 11:50:44,486] {scheduler_job.py:629} INFO - Processing file /home/airflow/.local/lib/python3.6/site-packages/airflow/example_dags/example_xcom.py for tasks to queue
[2026-09-23 11:50:44,487] {logging_mixin.py:104} INFO - [2026-09-23 11:50:44,487] {dagbag.py:451} INFO - Filling up the DagBag from /home/airflow/.local/lib/python3.6/site-packages/airflow/example_dags/example_xcom.py
[2026-09-23 11:50:44,504] {scheduler_job.py:639} INFO - DAG(s) dict_keys(['example_xcom']) retrieved from /home/airflow/.local/lib/python3.6/site-packages/airflow/example_dags/example_xcom.py
[2026-09-23 11:50:44,530] {logging_mixin.py:104} INFO - [2026-09-23 11:50:44,530] {dag.py:1824} INFO - Sync 1 DAGs
[2026-09-23 11:50:44,551] {logging_mixin.py:104} INFO - [2026-09-23 11:50:44,551] {dag.py:2280} INFO - Setting next_dagrun for example_xcom to 2026-09-21 00:00:00+00:00
[2026-09-23 11:50:44,567] {scheduler_job.py:190} INFO - Processing /home/airflow/.local/lib/python3.6/site-packages/airflow/example_dags/example_xcom.py took 0.087 seconds
[2026-09-23 11:51:15,045] {scheduler_job.py:182} INFO - Started process (PID=1512) to work on /home/airflow/.local/lib/python3.6/site-packages/airflow/example_dags/example_xcom.py
[2026-09-23 11:51:15,046] {scheduler_job.py:629} INFO - Processing file /home/airflow/.local/lib/python3.6/site-packages/airflow/example_dags/example_xcom.py for tasks to queue
[2026-09-23 11:51:15,047] {logging_mixin.py:104} INFO - [2026-09-23 11:51:15,047] {dagbag.py:451} INFO - Filling up the DagBag from /home/airflow/.local/lib/python3.6/site-packages/airflow/example_dags/example_xcom.py
[2026-09-23 11:51:15,063] {scheduler_job.py:639} INFO - DAG(s) dict_keys(['example_xcom']) retrieved from /home/airflow/.local/lib/python3.6/site-packages/airflow/example_dags/example_xcom.py
[2026-09-23 11:51:15,097] {logging_mixin.py:104} INFO - [2026-09-23 11:51:15,097] {dag.py:1824} INFO - Sync 1 DAGs
[2026-09-23 11:51:15,122] {logging_mixin.py:104} INFO - [2026-09-23 11:51:15,121] {dag.py:2280} INFO - Setting next_dagrun for example_xcom to 2026-09-21 00:00:00+00:00
[2026-09-23 11:51:15,139] {scheduler_job.py:190} INFO - Processing /home/airflow/.local/lib/python3.6/site-packages/airflow/example_dags/example_xcom.py took 0.098 seconds
[2026-09-23 11:51:45,196] {scheduler_job.py:182} INFO - Started process (PID=1538) to work on /home/airflow/.local/lib/python3.6/site-packages/airflow/example_dags/example_xcom.py
[2026-09-23 11:51:45,200] {scheduler_job.py:629} INFO - Processing file /home/airflow/.local/lib/python3.6/site-packages/airflow/example_dags/example_xcom.py for tasks to queue
[2026-09-23 11:51:45,201] {logging_mixin.py:104} INFO - [2026-09-23 11:51:45,201] {dagbag.py:451} INFO - Filling up the DagBag from /home/airflow/.local/lib/python3.6/site-packages/airflow/example_dags/example_xcom.py
[2026-09-23 11:51:45,225] {scheduler_job.py:639} INFO - DAG(s) dict_keys(['example_xcom']) retrieved from /home/airflow/.local/lib/python3.6/site-packages/airflow/example_dags/example_xcom.py
[2026-09-23 11:51:45,264] {logging_mixin.py:104} INFO - [2026-09-23 11:51:45,264] {dag.py:1824} INFO - Sync 1 DAGs
[2026-09-23 11:51:45,288] {logging_mixin.py:104} INFO - [2026-09-23 11:51:45,288] {dag.py:2280} INFO - Setting next_dagrun for example_xcom to 2026-09-21 00:00:00+00:00
[2026-09-23 11:51:45,305] {scheduler_job.py:190} INFO - Processing /home/airflow/.local/lib/python3.6/site-packages/airflow/example_dags/example_xcom.py took 0.114 seconds
[2026-09-23 11:52:15,959] {scheduler_job.py:182} INFO - Started process (PID=1564) to work on /home/airflow/.local/lib/python3.6/site-packages/airflow/example_dags/example_xcom.py
[2026-09-23 11:52:15,965] {scheduler_job.py:629} INFO - Processing file /home/airflow/.local/lib/python3.6/site-packages/airflow/example_dags/example_xcom.py for tasks to queue
[2026-09-23 11:52:15,966] {logging_mixin.py:104} INFO - [2026-09-23 11:52:15,965] {dagbag.py:451} INFO - Filling up the DagBag from /home/airflow/.local/lib/python3.6/site-packages/airflow/example_dags/example_xcom.py
[2026-09-23 11:52:15,989] {scheduler_job.py:639} INFO - DAG(s) dict_keys(['example_xcom']) retrieved from /home/airflow/.local/lib/python3.6/site-packages/airflow/example_dags/example_xcom.py
[2026-09-23 11:52:16,032] {logging_mixin.py:104} INFO - [2026-09-23 11:52:16,032] {dag.py:1824} INFO - Sync 1 DAGs
[2026-09-23 11:52:16,068] {logging_mixin.py:104} INFO - [2026-09-23 11:52:16,068] {dag.py:2280} INFO - Setting next_dagrun for example_xcom to 2026-09-21 00:00:00+00:00
[2026-09-23 11:52:16,099] {scheduler_job.py:190} INFO - Processing /home/airflow/.local/lib/python3.6/site-packages/airflow/example_dags/example_xcom.py took 0.146 seconds
[2026-09-23 11:52:46,361] {scheduler_job.py:182} INFO - Started process (PID=1590) to work on /home/airflow/.local/lib/python3.6/site-packages/airflow/example_dags/example_xcom.py
[2026-09-23 11:52:46,363] {scheduler_job.py:629} INFO - Processing file /home/airflow/.local/lib/python3.6/site-packages/airflow/example_dags/example_xcom.py for tasks to queue
[2026-09-23 11:52:46,364] {logging_mixin.py:104} INFO - [2026-09-23 11:52:46,364] {dagbag.py:451} INFO - Filling up the DagBag from /home/airflow/.local/lib/python3.6/site-packages/airflow/example_dags/example_xcom.py
[2026-09-23 11:52:46,387] {scheduler_job.py:639} INFO - DAG(s) dict_keys(['example_xcom']) retrieved from /home/airflow/.local/lib/python3.6/site-packages/airflow/example_dags/example_xcom.py
[2026-09-23 11:52:46,428] {logging_mixin.py:104} INFO - [2026-09-23 11:52:46,427] {dag.py:1824} INFO - Sync 1 DAGs
[2026-09-23 11:52:46,463] {logging_mixin.py:104} INFO - [2026-09-23 11:52:46,462] {dag.py:2280} INFO - Setting next_dagrun for example_xcom to 2026-09-21 00:00:00+00:00
[2026-09-23 11:52:46,492] {scheduler_job.py:190} INFO - Processing /home/airflow/.local/lib/python3.6/site-packages/airflow/example_dags/example_xcom.py took 0.137 seconds
[2026-09-23 11:53:16,582] {scheduler_job.py:182} INFO - Started process (PID=1616) to work on /home/airflow/.local/lib/python3.6/site-packages/airflow/example_dags/example_xcom.py
[2026-09-23 11:53:16,584] {scheduler_job.py:629} INFO - Processing file /home/airflow/.local/lib/python3.6/site-packages/airflow/example_dags/example_xcom.py for tasks to queue
[2026-09-23 11:53:16,585] {logging_mixin.py:104} INFO - [2026-09-23 11:53:16,584] {dagbag.py:451} INFO - Filling up the DagBag from /home/airflow/.local/lib/python3.6/site-packages/airflow/example_dags/example_xcom.py
[2026-09-23 11:53:16,603] {scheduler_job.py:639} INFO - DAG(s) dict_keys(['example_xcom']) retrieved from /home/airflow/.local/lib/python3.6/site-packages/airflow/example_dags/example_xcom.py
[2026-09-23 11:53:16,640] {logging_mixin.py:104} INFO - [2026-09-23 11:53:16,640] {dag.py:1824} INFO - Sync 1 DAGs
[2026-09-23 11:53:16,667] {logging_mixin.py:104} INFO - [2026-09-23 11:53:16,667] {dag.py:2280} INFO - Setting next_dagrun for example_xcom to 2026-09-21 00:00:00+00:00
[2026-09-23 11:53:16,690] {scheduler_job.py:190} INFO - Processing /home/airflow/.local/lib/python3.6/site-packages/airflow/example_dags/example_xcom.py took 0.112 seconds
[2026-09-23 11:53:47,707] {scheduler_job.py:182} INFO - Started process (PID=1642) to work on /home/airflow/.local/lib/python3.6/site-packages/airflow/example_dags/example_xcom.py
[2026-09-23 11:53:47,708] {scheduler_job.py:629} INFO - Processing file /home/airflow/.local/lib/python3.6/site-packages/airflow/example_dags/example_xcom.py for tasks to queue
[2026-09-23 11:53:47,709] {logging_mixin.py:104} INFO - [2026-09-23 11:53:47,709] {dagbag.py:451} INFO - Filling up the DagBag from /home/airflow/.local/lib/python3.6/site-packages/airflow/example_dags/example_xcom.py
[2026-09-23 11:53:47,728] {scheduler_job.py:639} INFO - DAG(s) dict_keys(['example_xcom']) retrieved from /home/airflow/.local/lib/python3.6/site-packages/airflow/example_dags/example_xcom.py
[2026-09-23 11:53:47,753] {logging_mixin.py:104} INFO - [2026-09-23 11:53:47,753] {dag.py:1824} INFO - Sync 1 DAGs
[2026-09-23 11:53:47,773] {logging_mixin.py:104} INFO - [2026-09-23 11:53:47,772] {dag.py:2280} INFO - Setting next_dagrun for example_xcom to 2026-09-21 00:00:00+00:00
[2026-09-23 11:53:47,790] {scheduler_job.py:190} INFO - Processing /home/airflow/.local/lib/python3.6/site-packages/airflow/example_dags/example_xcom.py took 0.088 seconds
[2026-09-23 11:54:18,597] {scheduler_job.py:182} INFO - Started process (PID=1668) to work on /home/airflow/.local/lib/python3.6/site-packages/airflow/example_dags/example_xcom.py
[2026-09-23 11:54:18,599] {scheduler_job.py:629} INFO - Processing file /home/airflow/.local/lib/python3.6/site-packages/airflow/example_dags/example_xcom.py for tasks to queue
[2026-09-23 11:54:18,599] {logging_mixin.py:104} INFO - [2026-09-23 11:54:18,599] {dagbag.py:451} INFO - Filling up the DagBag from /home/airflow/.local/lib/python3.6/site-packages/airflow/example_dags/example_xcom.py
[2026-09-23 11:54:18,616] {scheduler_job.py:639} INFO - DAG(s) dict_keys(['example_xcom']) retrieved from /home/airflow/.local/lib/python3.6/site-packages/airflow/example_dags/example_xcom.py
[2026-09-23 11:54:18,648] {logging_mixin.py:104} INFO - [2026-09-23 11:54:18,647] {dag.py:1824} INFO - Sync 1 DAGs
[2026-09-23 11:54:18,680] {logging_mixin.py:104} INFO - [2026-09-23 11:54:18,679] {dag.py:2280} INFO - Setting next_dagrun for example_xcom to 2026-09-21 00:00:00+00:00
[2026-09-23 11:54:18,703] {scheduler_job.py:190} INFO - Processing /home/airflow/.local/lib/python3.6/site-packages/airflow/example_dags/example_xcom.py took 0.110 seconds
[2026-09-23 11:54:48,848] {scheduler_job.py:182} INFO - Started process (PID=1695) to work on /home/airflow/.local/lib/python3.6/site-packages/airflow/example_dags/example_xcom.py
[2026-09-23 11:54:48,849] {scheduler_job.py:629} INFO - Processing file /home/airflow/.local/lib/python3.6/site-packages/airflow/example_dags/example_xcom.py for tasks to queue
[2026-09-23 11:54:48,850] {logging_mixin.py:104} INFO - [2026-09-23 11:54:48,850] {dagbag.py:451} INFO - Filling up the DagBag from /home/airflow/.local/lib/python3.6/site-packages/airflow/example_dags/example_xcom.py
[2026-09-23 11:54:48,871] {scheduler_job.py:639} INFO - DAG(s) dict_keys(['example_xcom']) retrieved from /home/airflow/.local/lib/python3.6/site-packages/airflow/example_dags/example_xcom.py
[2026-09-23 11:54:48,904] {logging_mixin.py:104} INFO - [2026-09-23 11:54:48,904] {dag.py:1824} INFO - Sync 1 DAGs
[2026-09-23 11:54:48,940] {logging_mixin.py:104} INFO - [2026-09-23 11:54:48,940] {dag.py:2280} INFO - Setting next_dagrun for example_xcom to 2026-09-21 00:00:00+00:00
[2026-09-23 11:54:48,965] {scheduler_job.py:190} INFO - Processing /home/airflow/.local/lib/python3.6/site-packages/airflow/example_dags/example_xcom.py took 0.122 seconds
[2026-09-23 11:55:19,002] {scheduler_job.py:182} INFO - Started process (PID=1721) to work on /home/airflow/.local/lib/python3.6/site-packages/airflow/example_dags/example_xcom.py
[2026-09-23 11:55:19,003] {scheduler_job.py:629} INFO - Processing file /home/airflow/.local/lib/python3.6/site-packages/airflow/example_dags/example_xcom.py for tasks to queue
[2026-09-23 11:55:19,004] {logging_mixin.py:104} INFO - [2026-09-23 11:55:19,004] {dagbag.py:451} INFO - Filling up the DagBag from /home/airflow/.local/lib/python3.6/site-packages/airflow/example_dags/example_xcom.py
[2026-09-23 11:55:19,018] {scheduler_job.py:639} INFO - DAG(s) dict_keys(['example_xcom']) retrieved from /home/airflow/.local/lib/python3.6/site-packages/airflow/example_dags/example_xcom.py
[2026-09-23 11:55:19,040] {logging_mixin.py:104} INFO - [2026-09-23 11:55:19,040] {dag.py:1824} INFO - Sync 1 DAGs
[2026-09-23 11:55:19,057] {logging_mixin.py:104} INFO - [2026-09-23 11:55:19,057] {dag.py:2280} INFO - Setting next_dagrun for example_xcom to 2026-09-21 00:00:00+00:00
[2026-09-23 11:55:19,068] {scheduler_job.py:190} INFO - Processing /home/airflow/.local/lib/python3.6/site-packages/airflow/example_dags/example_xcom.py took 0.070 seconds
[2026-09-23 11:55:49,766] {scheduler_job.py:182} INFO - Started process (PID=1746) to work on /home/airflow/.local/lib/python3.6/site-packages/airflow/example_dags/example_xcom.py
[2026-09-23 11:55:49,768] {scheduler_job.py:629} INFO - Processing file /home/airflow/.local/lib/python3.6/site-packages/airflow/example_dags/example_xcom.py for tasks to queue
[2026-09-23 11:55:49,769] {logging_mixin.py:104} INFO - [2026-09-23 11:55:49,768] {dagbag.py:451} INFO - Filling up the DagBag from /home/airflow/.local/lib/python3.6/site-packages/airflow/example_dags/example_xcom.py
[2026-09-23 11:55:49,788] {scheduler_job.py:639} INFO - DAG(s) dict_keys(['example_xcom']) retrieved from /home/airflow/.local/lib/python3.6/site-packages/airflow/example_dags/example_xcom.py
[2026-09-23 11:55:49,822] {logging_mixin.py:104} INFO - [2026-09-23 11:55:49,822] {dag.py:1824} INFO - Sync 1 DAGs
[2026-09-23 11:55:49,854] {logging_mixin.py:104} INFO - [2026-09-23 11:55:49,854] {dag.py:2280} INFO - Setting next_dagrun for example_xcom to 2026-09-21 00:00:00+00:00
[2026-09-23 11:55:49,874] {scheduler_job.py:190} INFO - Processing /home/airflow/.local/lib/python3.6/site-packages/airflow/example_dags/example_xcom.py took 0.112 seconds
[2026-09-23 11:56:20,500] {scheduler_job.py:182} INFO - Started process (PID=1772) to work on /home/airflow/.local/lib/python3.6/site-packages/airflow/example_dags/example_xcom.py
[2026-09-23 11:56:20,501] {scheduler_job.py:629} INFO - Processing file /home/airflow/.local/lib/python3.6/site-packages/airflow/example_dags/example_xcom.py for tasks to queue
[2026-09-23 11:56:20,503] {logging_mixin.py:104} INFO - [2026-09-23 11:56:20,502] {dagbag.py:451} INFO - Filling up the DagBag from /home/airflow/.local/lib/python3.6/site-packages/airflow/example_dags/example_xcom.py
[2026-09-23 11:56:20,524] {scheduler_job.py:639} INFO - DAG(s) dict_keys(['example_xcom']) retrieved from /home/airflow/.local/lib/python3.6/site-packages/airflow/example_dags/example_xcom.py
[2026-09-23 11:56:20,552] {logging_mixin.py:104} INFO - [2026-09-23 11:56:20,551] {dag.py:1824} INFO - Sync 1 DAGs
[2026-09-23 11:56:20,573] {logging_mixin.py:104} INFO - [2026-09-23 11:56:20,573] {dag.py:2280} INFO - Setting next_dagrun for example_xcom to 2026-09-21 00:00:00+00:00
[2026-09-23 11:56:20,588] {scheduler_job.py:190} INFO - Processing /home/airflow/.local/lib/python3.6/site-packages/airflow/example_dags/example_xcom.py took 0.093 seconds
[2026-09-23 11:56:51,399] {scheduler_job.py:182} INFO - Started process (PID=1798) to work on /home/airflow/.local/lib/python3.6/site-packages/airflow/example_dags/example_xcom.py
[2026-09-23 11:56:51,401] {scheduler_job.py:629} INFO - Processing file /home/airflow/.local/lib/python3.6/site-packages/airflow/example_dags/example_xcom.py for tasks to queue
[2026-09-23 11:56:51,401] {logging_mixin.py:104} INFO - [2026-09-23 11:56:51,401] {dagbag.py:451} INFO - Filling up the DagBag from /home/airflow/.local/lib/python3.6/site-packages/airflow/example_dags/example_xcom.py
[2026-09-23 11:56:51,419] {scheduler_job.py:639} INFO - DAG(s) dict_keys(['example_xcom']) retrieved from /home/airflow/.local/lib/python3.6/site-packages/airflow/example_dags/example_xcom.py
[2026-09-23 11:56:51,447] {logging_mixin.py:104} INFO - [2026-09-23 11:56:51,447] {dag.py:1824} INFO - Sync 1 DAGs
[2026-09-23 11:56:51,473] {logging_mixin.py:104} INFO - [2026-09-23 11:56:51,473] {dag.py:2280} INFO - Setting next_dagrun for example_xcom to 2026-09-21 00:00:00+00:00
[2026-09-23 11:56:51,494] {scheduler_job.py:190} INFO - Processing /home/airflow/.local/lib/python3.6/site-packages/airflow/example_dags/example_xcom.py took 0.100 seconds
[2026-09-23 11:57:22,023] {scheduler_job.py:182} INFO - Started process (PID=1824) to work on /home/airflow/.local/lib/python3.6/site-packages/airflow/example_dags/example_xcom.py
[2026-09-23 11:57:22,025] {scheduler_job.py:629} INFO - Processing file /home/airflow/.local/lib/python3.6/site-packages/airflow/example_dags/example_xcom.py for tasks to queue
[2026-09-23 11:57:22,027] {logging_mixin.py:104} INFO - [2026-09-23 11:57:22,027] {dagbag.py:451} INFO - Filling up the DagBag from /home/airflow/.local/lib/python3.6/site-packages/airflow/example_dags/example_xcom.py
[2026-09-23 11:57:22,054] {scheduler_job.py:639} INFO - DAG(s) dict_keys(['example_xcom']) retrieved from /home/airflow/.local/lib/python3.6/site-packages/airflow/example_dags/example_xcom.py
[2026-09-23 11:57:22,097] {logging_mixin.py:104} INFO - [2026-09-23 11:57:22,097] {dag.py:1824} INFO - Sync 1 DAGs
[2026-09-23 11:57:22,132] {logging_mixin.py:104} INFO - [2026-09-23 11:57:22,132] {dag.py:2280} INFO - Setting next_dagrun for example_xcom to 2026-09-21 00:00:00+00:00
[2026-09-23 11:57:22,164] {scheduler_job.py:190} INFO - Processing /home/airflow/.local/lib/python3.6/site-packages/airflow/example_dags/example_xcom.py took 0.146 seconds
[2026-09-23 11:57:52,487] {scheduler_job.py:182} INFO - Started process (PID=1850) to work on /home/airflow/.local/lib/python3.6/site-packages/airflow/example_dags/example_xcom.py
[2026-09-23 11:57:52,488] {scheduler_job.py:629} INFO - Processing file /home/airflow/.local/lib/python3.6/site-packages/airflow/example_dags/example_xcom.py for tasks to queue
[2026-09-23 11:57:52,493] {logging_mixin.py:104} INFO - [2026-09-23 11:57:52,492] {dagbag.py:451} INFO - Filling up the DagBag from /home/airflow/.local/lib/python3.6/site-packages/airflow/example_dags/example_xcom.py
[2026-09-23 11:57:52,526] {scheduler_job.py:639} INFO - DAG(s) dict_keys(['example_xcom']) retrieved from /home/airflow/.local/lib/python3.6/site-packages/airflow/example_dags/example_xcom.py
[2026-09-23 11:57:52,583] {logging_mixin.py:104} INFO - [2026-09-23 11:57:52,583] {dag.py:1824} INFO - Sync 1 DAGs
[2026-09-23 11:57:52,617] {logging_mixin.py:104} INFO - [2026-09-23 11:57:52,616] {dag.py:2280} INFO - Setting next_dagrun for example_xcom to 2026-09-21 00:00:00+00:00
[2026-09-23 11:57:52,643] {scheduler_job.py:190} INFO - Processing /home/airflow/.local/lib/python3.6/site-packages/airflow/example_dags/example_xcom.py took 0.162 seconds
[2026-09-23 11:58:23,472] {scheduler_job.py:182} INFO - Started process (PID=1876) to work on /home/airflow/.local/lib/python3.6/site-packages/airflow/example_dags/example_xcom.py
[2026-09-23 11:58:23,473] {scheduler_job.py:629} INFO - Processing file /home/airflow/.local/lib/python3.6/site-packages/airflow/example_dags/example_xcom.py for tasks to queue
[2026-09-23 11:58:23,474] {logging_mixin.py:104} INFO - [2026-09-23 11:58:23,474] {dagbag.py:451} INFO - Filling up the DagBag from /home/airflow/.local/lib/python3.6/site-packages/airflow/example_dags/example_xcom.py
[2026-09-23 11:58:23,494] {scheduler_job.py:639} INFO - DAG(s) dict_keys(['example_xcom']) retrieved from /home/airflow/.local/lib/python3.6/site-packages/airflow/example_dags/example_xcom.py
[2026-09-23 11:58:23,524] {logging_mixin.py:104} INFO - [2026-09-23 11:58:23,523] {dag.py:1824} INFO - Sync 1 DAGs
[2026-09-23 11:58:23,554] {logging_mixin.py:104} INFO - [2026-09-23 11:58:23,554] {dag.py:2280} INFO - Setting next_dagrun for example_xcom to 2026-09-21 00:00:00+00:00
[2026-09-23 11:58:23,573] {scheduler_job.py:190} INFO - Processing /home/airflow/.local/lib/python3.6/site-packages/airflow/example_dags/example_xcom.py took 0.108 seconds
[2026-09-23 11:58:53,787] {scheduler_job.py:182} INFO - Started process (PID=1902) to work on /home/airflow/.local/lib/python3.6/site-packages/airflow/example_dags/example_xcom.py
[2026-09-23 11:58:53,793] {scheduler_job.py:629} INFO - Processing file /home/airflow/.local/lib/python3.6/site-packages/airflow/example_dags/example_xcom.py for tasks to queue
[2026-09-23 11:58:53,794] {logging_mixin.py:104} INFO - [2026-09-23 11:58:53,793] {dagbag.py:451} INFO - Filling up the DagBag from /home/airflow/.local/lib/python3.6/site-packages/airflow/example_dags/example_xcom.py
[2026-09-23 11:58:53,817] {scheduler_job.py:639} INFO - DAG(s) dict_keys(['example_xcom']) retrieved from /home/airflow/.local/lib/python3.6/site-packages/airflow/example_dags/example_xcom.py
[2026-09-23 11:58:53,858] {logging_mixin.py:104} INFO - [2026-09-23 11:58:53,858] {dag.py:1824} INFO - Sync 1 DAGs
[2026-09-23 11:58:53,892] {logging_mixin.py:104} INFO - [2026-09-23 11:58:53,892] {dag.py:2280} INFO - Setting next_dagrun for example_xcom to 2026-09-21 00:00:00+00:00
[2026-09-23 11:58:53,952] {scheduler_job.py:190} INFO - Processing /home/airflow/.local/lib/python3.6/site-packages/airflow/example_dags/example_xcom.py took 0.171 seconds
[2026-09-23 11:59:24,064] {scheduler_job.py:182} INFO - Started process (PID=1928) to work on /home/airflow/.local/lib/python3.6/site-packages/airflow/example_dags/example_xcom.py
[2026-09-23 11:59:24,066] {scheduler_job.py:629} INFO - Processing file /home/airflow/.local/lib/python3.6/site-packages/airflow/example_dags/example_xcom.py for tasks to queue
[2026-09-23 11:59:24,067] {logging_mixin.py:104} INFO - [2026-09-23 11:59:24,067] {dagbag.py:451} INFO - Filling up the DagBag from /home/airflow/.local/lib/python3.6/site-packages/airflow/example_dags/example_xcom.py
[2026-09-23 11:59:24,083] {scheduler_job.py:639} INFO - DAG(s) dict_keys(['example_xcom']) retrieved from /home/airflow/.local/lib/python3.6/site-packages/airflow/example_dags/example_xcom.py
[2026-09-23 11:59:24,111] {logging_mixin.py:104} INFO - [2026-09-23 11:59:24,111] {dag.py:1824} INFO - Sync 1 DAGs
[2026-09-23 11:59:24,136] {logging_mixin.py:104} INFO - [2026-09-23 11:59:24,136] {dag.py:2280} INFO - Setting next_dagrun for example_xcom to 2026-09-21 00:00:00+00:00
[2026-09-23 11:59:24,154] {scheduler_job.py:190} INFO - Processing /home/airflow/.local/lib/python3.6/site-packages/airflow/example_dags/example_xcom.py took 0.094 seconds
[2026-09-23 11:59:55,063] {scheduler_job.py:182} INFO - Started process (PID=1954) to work on /home/airflow/.local/lib/python3.6/site-packages/airflow/example_dags/example_xcom.py
[2026-09-23 11:59:55,064] {scheduler_job.py:629} INFO - Processing file /home/airflow/.local/lib/python3.6/site-packages/airflow/example_dags/example_xcom.py for tasks to queue
[2026-09-23 11:59:55,065] {logging_mixin.py:104} INFO - [2026-09-23 11:59:55,065] {dagbag.py:451} INFO - Filling up the DagBag from /home/airflow/.local/lib/python3.6/site-packages/airflow/example_dags/example_xcom.py
[2026-09-23 11:59:55,089] {scheduler_job.py:639} INFO - DAG(s) dict_keys(['example_xcom']) retrieved from /home/airflow/.local/lib/python3.6/site-packages/airflow/example_dags/example_xcom.py
[2026-09-23 11:59:55,122] {logging_mixin.py:104} INFO - [2026-09-23 11:59:55,122] {dag.py:1824} INFO - Sync 1 DAGs
[2026-09-23 11:59:55,147] {logging_mixin.py:104} INFO - [2026-09-23 11:59:55,146] {dag.py:2280} INFO - Setting next_dagrun for example_xcom to 2026-09-21 00:00:00+00:00
[2026-09-23 11:59:55,166] {scheduler_job.py:190} INFO - Processing /home/airflow/.local/lib/python3.6/site-packages/airflow/example_dags/example_xcom.py took 0.108 seconds
[2026-09-23 12:00:25,683] {scheduler_job.py:182} INFO - Started process (PID=1980) to work on /home/airflow/.local/lib/python3.6/site-packages/airflow/example_dags/example_xcom.py
[2026-09-23 12:00:25,685] {scheduler_job.py:629} INFO - Processing file /home/airflow/.local/lib/python3.6/site-packages/airflow/example_dags/example_xcom.py for tasks to queue
[2026-09-23 12:00:25,686] {logging_mixin.py:104} INFO - [2026-09-23 12:00:25,685] {dagbag.py:451} INFO - Filling up the DagBag from /home/airflow/.local/lib/python3.6/site-packages/airflow/example_dags/example_xcom.py
[2026-09-23 12:00:25,707] {scheduler_job.py:639} INFO - DAG(s) dict_keys(['example_xcom']) retrieved from /home/airflow/.local/lib/python3.6/site-packages/airflow/example_dags/example_xcom.py
[2026-09-23 12:00:25,741] {logging_mixin.py:104} INFO - [2026-09-23 12:00:25,741] {dag.py:1824} INFO - Sync 1 DAGs
[2026-09-23 12:00:25,767] {logging_mixin.py:104} INFO - [2026-09-23 12:00:25,766] {dag.py:2280} INFO - Setting next_dagrun for example_xcom to 2026-09-21 00:00:00+00:00
[2026-09-23 12:00:25,789] {scheduler_job.py:190} INFO - Processing /home/airflow/.local/lib/python3.6/site-packages/airflow/example_dags/example_xcom.py took 0.110 seconds
[2026-09-23 12:00:56,315] {scheduler_job.py:182} INFO - Started process (PID=2006) to work on /home/airflow/.local/lib/python3.6/site-packages/airflow/example_dags/example_xcom.py
[2026-09-23 12:00:56,317] {scheduler_job.py:629} INFO - Processing file /home/airflow/.local/lib/python3.6/site-packages/airflow/example_dags/example_xcom.py for tasks to queue
[2026-09-23 12:00:56,318] {logging_mixin.py:104} INFO - [2026-09-23 12:00:56,317] {dagbag.py:451} INFO - Filling up the DagBag from /home/airflow/.local/lib/python3.6/site-packages/airflow/example_dags/example_xcom.py
[2026-09-23 12:00:56,333] {scheduler_job.py:639} INFO - DAG(s) dict_keys(['example_xcom']) retrieved from /home/airflow/.local/lib/python3.6/site-packages/airflow/example_dags/example_xcom.py
[2026-09-23 12:00:56,361] {logging_mixin.py:104} INFO - [2026-09-23 12:00:56,361] {dag.py:1824} INFO - Sync 1 DAGs
[2026-09-23 12:00:56,385] {logging_mixin.py:104} INFO - [2026-09-23 12:00:56,385] {dag.py:2280} INFO - Setting next_dagrun for example_xcom to 2026-09-21 00:00:00+00:00
[2026-09-23 12:00:56,403] {scheduler_job.py:190} INFO - Processing /home/airflow/.local/lib/python3.6/site-packages/airflow/example_dags/example_xcom.py took 0.092 seconds
[2026-09-23 12:01:26,834] {scheduler_job.py:182} INFO - Started process (PID=2032) to work on /home/airflow/.local/lib/python3.6/site-packages/airflow/example_dags/example_xcom.py
[2026-09-23 12:01:26,835] {scheduler_job.py:629} INFO - Processing file /home/airflow/.local/lib/python3.6/site-packages/airflow/example_dags/example_xcom.py for tasks to queue
[2026-09-23 12:01:26,837] {logging_mixin.py:104} INFO - [2026-09-23 12:01:26,836] {dagbag.py:451} INFO - Filling up the DagBag from /home/airflow/.local/lib/python3.6/site-packages/airflow/example_dags/example_xcom.py
[2026-09-23 12:01:26,867] {scheduler_job.py:639} INFO - DAG(s) dict_keys(['example_xcom']) retrieved from /home/airflow/.local/lib/python3.6/site-packages/airflow/example_dags/example_xcom.py
[2026-09-23 12:01:26,902] {logging_mixin.py:104} INFO - [2026-09-23 12:01:26,902] {dag.py:1824} INFO - Sync 1 DAGs
[2026-09-23 12:01:26,924] {logging_mixin.py:104} INFO - [2026-09-23 12:01:26,924] {dag.py:2280} INFO - Setting next_dagrun for example_xcom to 2026-09-21 00:00:00+00:00
[2026-09-23 12:01:26,942] {scheduler_job.py:190} INFO - Processing /home/airflow/.local/lib/python3.6/site-packages/airflow/example_dags/example_xcom.py took 0.112 seconds
[2026-09-23 12:01:57,509] {scheduler_job.py:182} INFO - Started process (PID=2058) to work on /home/airflow/.local/lib/python3.6/site-packages/airflow/example_dags/example_xcom.py
[2026-09-23 12:01:57,510] {scheduler_job.py:629} INFO - Processing file /home/airflow/.local/lib/python3.6/site-packages/airflow/example_dags/example_xcom.py for tasks to queue
[2026-09-23 12:01:57,511] {logging_mixin.py:104} INFO - [2026-09-23 12:01:57,511] {dagbag.py:451} INFO - Filling up the DagBag from /home/airflow/.local/lib/python3.6/site-packages/airflow/example_dags/example_xcom.py
[2026-09-23 12:01:57,525] {scheduler_job.py:639} INFO - DAG(s) dict_keys(['example_xcom']) retrieved from /home/airflow/.local/lib/python3.6/site-packages/airflow/example_dags/example_xcom.py
[2026-09-23 12:01:57,552] {logging_mixin.py:104} INFO - [2026-09-23 12:01:57,552] {dag.py:1824} INFO - Sync 1 DAGs
[2026-09-23 12:01:57,573] {logging_mixin.py:104} INFO - [2026-09-23 12:01:57,573] {dag.py:2280} INFO - Setting next_dagrun for example_xcom to 2026-09-21 00:00:00+00:00
[2026-09-23 12:01:57,589] {scheduler_job.py:190} INFO - Processing /home/airflow/.local/lib/python3.6/site-packages/airflow/example_dags/example_xcom.py took 0.084 seconds
[2026-09-23 12:02:28,181] {scheduler_job.py:182} INFO - Started process (PID=2084) to work on /home/airflow/.local/lib/python3.6/site-packages/airflow/example_dags/example_xcom.py
[2026-09-23 12:02:28,183] {scheduler_job.py:629} INFO - Processing file /home/airflow/.local/lib/python3.6/site-packages/airflow/example_dags/example_xcom.py for tasks to queue
[2026-09-23 12:02:28,184] {logging_mixin.py:104} INFO - [2026-09-23 12:02:28,184] {dagbag.py:451} INFO - Filling up the DagBag from /home/airflow/.local/lib/python3.6/site-packages/airflow/example_dags/example_xcom.py
[2026-09-23 12:02:28,208] {scheduler_job.py:639} INFO - DAG(s) dict_keys(['example_xcom']) retrieved from /home/airflow/.local/lib/python3.6/site-packages/airflow/example_dags/example_xcom.py
[2026-09-23 12:02:28,252] {logging_mixin.py:104} INFO - [2026-09-23 12:02:28,252] {dag.py:1824} INFO - Sync 1 DAGs
[2026-09-23 12:02:28,283] {logging_mixin.py:104} INFO - [2026-09-23 12:02:28,283] {dag.py:2280} INFO - Setting next_dagrun for example_xcom to 2026-09-21 00:00:00+00:00
[2026-09-23 12:02:28,308] {scheduler_job.py:190} INFO - Processing /home/airflow/.local/lib/python3.6/site-packages/airflow/example_dags/example_xcom.py took 0.133 seconds
[2026-09-23 12:02:59,215] {scheduler_job.py:182} INFO - Started process (PID=2110) to work on /home/airflow/.local/lib/python3.6/site-packages/airflow/example_dags/example_xcom.py
[2026-09-23 12:02:59,217] {scheduler_job.py:629} INFO - Processing file /home/airflow/.local/lib/python3.6/site-packages/airflow/example_dags/example_xcom.py for tasks to queue
[2026-09-23 12:02:59,218] {logging_mixin.py:104} INFO - [2026-09-23 12:02:59,218] {dagbag.py:451} INFO - Filling up the DagBag from /home/airflow/.local/lib/python3.6/site-packages/airflow/example_dags/example_xcom.py
[2026-09-23 12:02:59,245] {scheduler_job.py:639} INFO - DAG(s) dict_keys(['example_xcom']) retrieved from /home/airflow/.local/lib/python3.6/site-packages/airflow/example_dags/example_xcom.py
[2026-09-23 12:02:59,283] {logging_mixin.py:104} INFO - [2026-09-23 12:02:59,283] {dag.py:1824} INFO - Sync 1 DAGs
[2026-09-23 12:02:59,314] {logging_mixin.py:104} INFO - [2026-09-23 12:02:59,314] {dag.py:2280} INFO - Setting next_dagrun for example_xcom to 2026-09-21 00:00:00+00:00
[2026-09-23 12:02:59,342] {scheduler_job.py:190} INFO - Processing /home/airflow/.local/lib/python3.6/site-packages/airflow/example_dags/example_xcom.py took 0.131 seconds
[2026-09-23 12:03:30,096] {scheduler_job.py:182} INFO - Started process (PID=2136) to work on /home/airflow/.local/lib/python3.6/site-packages/airflow/example_dags/example_xcom.py
[2026-09-23 12:03:30,097] {scheduler_job.py:629} INFO - Processing file /home/airflow/.local/lib/python3.6/site-packages/airflow/example_dags/example_xcom.py for tasks to queue
[2026-09-23 12:03:30,098] {logging_mixin.py:104} INFO - [2026-09-23 12:03:30,098] {dagbag.py:451} INFO - Filling up the DagBag from /home/airflow/.local/lib/python3.6/site-packages/airflow/example_dags/example_xcom.py
[2026-09-23 12:03:30,123] {scheduler_job.py:639} INFO - DAG(s) dict_keys(['example_xcom']) retrieved from /home/airflow/.local/lib/python3.6/site-packages/airflow/example_dags/example_xcom.py
[2026-09-23 12:03:30,162] {logging_mixin.py:104} INFO - [2026-09-23 12:03:30,162] {dag.py:1824} INFO - Sync 1 DAGs
[2026-09-23 12:03:30,186] {logging_mixin.py:104} INFO - [2026-09-23 12:03:30,186] {dag.py:2280} INFO - Setting next_dagrun for example_xcom to 2026-09-21 00:00:00+00:00
[2026-09-23 12:03:30,207] {scheduler_job.py:190} INFO - Processing /home/airflow/.local/lib/python3.6/site-packages/airflow/example_dags/example_xcom.py took 0.116 seconds
[2026-09-23 12:04:00,963] {scheduler_job.py:182} INFO - Started process (PID=2162) to work on /home/airflow/.local/lib/python3.6/site-packages/airflow/example_dags/example_xcom.py
[2026-09-23 12:04:00,964] {scheduler_job.py:629} INFO - Processing file /home/airflow/.local/lib/python3.6/site-packages/airflow/example_dags/example_xcom.py for tasks to queue
[2026-09-23 12:04:00,964] {logging_mixin.py:104} INFO - [2026-09-23 12:04:00,964] {dagbag.py:451} INFO - Filling up the DagBag from /home/airflow/.local/lib/python3.6/site-packages/airflow/example_dags/example_xcom.py
[2026-09-23 12:04:00,978] {scheduler_job.py:639} INFO - DAG(s) dict_keys(['example_xcom']) retrieved from /home/airflow/.local/lib/python3.6/site-packages/airflow/example_dags/example_xcom.py
[2026-09-23 12:04:01,000] {logging_mixin.py:104} INFO - [2026-09-23 12:04:01,000] {dag.py:1824} INFO - Sync 1 DAGs
[2026-09-23 12:04:01,018] {logging_mixin.py:104} INFO - [2026-09-23 12:04:01,018] {dag.py:2280} INFO - Setting next_dagrun for example_xcom to 2026-09-21 00:00:00+00:00
[2026-09-23 12:04:01,036] {scheduler_job.py:190} INFO - Processing /home/airflow/.local/lib/python3.6/site-packages/airflow/example_dags/example_xcom.py took 0.077 seconds
[2026-09-23 12:04:31,735] {scheduler_job.py:182} INFO - Started process (PID=2188) to work on /home/airflow/.local/lib/python3.6/site-packages/airflow/example_dags/example_xcom.py
[2026-09-23 12:04:31,737] {scheduler_job.py:629} INFO - Processing file /home/airflow/.local/lib/python3.6/site-packages/airflow/example_dags/example_xcom.py for tasks to queue
[2026-09-23 12:04:31,737] {logging_mixin.py:104} INFO - [2026-09-23 12:04:31,737] {dagbag.py:451} INFO - Filling up the DagBag from /home/airflow/.local/lib/python3.6/site-packages/airflow/example_dags/example_xcom.py
[2026-09-23 12:04:31,752] {scheduler_job.py:639} INFO - DAG(s) dict_keys(['example_xcom']) retrieved from /home/airflow/.local/lib/python3.6/site-packages/airflow/example_dags/example_xcom.py
[2026-09-23 12:04:31,777] {logging_mixin.py:104} INFO - [2026-09-23 12:04:31,777] {dag.py:1824} INFO - Sync 1 DAGs
[2026-09-23 12:04:31,797] {logging_mixin.py:104} INFO - [2026-09-23 12:04:31,797] {dag.py:2280} INFO - Setting next_dagrun for example_xcom to 2026-09-21 00:00:00+00:00
[2026-09-23 12:04:31,813] {scheduler_job.py:190} INFO - Processing /home/airflow/.local/lib/python3.6/site-packages/airflow/example_dags/example_xcom.py took 0.082 seconds
[2026-09-23 12:05:01,882] {scheduler_job.py:182} INFO - Started process (PID=2214) to work on /home/airflow/.local/lib/python3.6/site-packages/airflow/example_dags/example_xcom.py
[2026-09-23 12:05:01,884] {scheduler_job.py:629} INFO - Processing file /home/airflow/.local/lib/python3.6/site-packages/airflow/example_dags/example_xcom.py for tasks to queue
[2026-09-23 12:05:01,884] {logging_mixin.py:104} INFO - [2026-09-23 12:05:01,884] {dagbag.py:451} INFO - Filling up the DagBag from /home/airflow/.local/lib/python3.6/site-packages/airflow/example_dags/example_xcom.py
[2026-09-23 12:05:01,898] {scheduler_job.py:639} INFO - DAG(s) dict_keys(['example_xcom']) retrieved from /home/airflow/.local/lib/python3.6/site-packages/airflow/example_dags/example_xcom.py
[2026-09-23 12:05:01,923] {logging_mixin.py:104} INFO - [2026-09-23 12:05:01,923] {dag.py:1824} INFO - Sync 1 DAGs
[2026-09-23 12:05:01,943] {logging_mixin.py:104} INFO - [2026-09-23 12:05:01,942] {dag.py:2280} INFO - Setting next_dagrun for example_xcom to 2026-09-21 00:00:00+00:00
[2026-09-23 12:05:01,958] {scheduler_job.py:190} INFO - Processing /home/airflow/.local/lib/python3.6/site-packages/airflow/example_dags/example_xcom.py took 0.079 seconds
[2026-09-23 12:05:32,125] {scheduler_job.py:182} INFO - Started process (PID=2240) to work on /home/airflow/.local/lib/python3.6/site-packages/airflow/example_dags/example_xcom.py
[2026-09-23 12:05:32,126] {scheduler_job.py:629} INFO - Processing file /home/airflow/.local/lib/python3.6/site-packages/airflow/example_dags/example_xcom.py for tasks to queue
[2026-09-23 12:05:32,127] {logging_mixin.py:104} INFO - [2026-09-23 12:05:32,127] {dagbag.py:451} INFO - Filling up the DagBag from /home/airflow/.local/lib/python3.6/site-packages/airflow/example_dags/example_xcom.py
[2026-09-23 12:05:32,142] {scheduler_job.py:639} INFO - DAG(s) dict_keys(['example_xcom']) retrieved from /home/airflow/.local/lib/python3.6/site-packages/airflow/example_dags/example_xcom.py
[2026-09-23 12:05:32,172] {logging_mixin.py:104} INFO - [2026-09-23 12:05:32,171] {dag.py:1824} INFO - Sync 1 DAGs
[2026-09-23 12:05:32,191] {logging_mixin.py:104} INFO - [2026-09-23 12:05:32,191] {dag.py:2280} INFO - Setting next_dagrun for example_xcom to 2026-09-21 00:00:00+00:00
[2026-09-23 12:05:32,205] {scheduler_job.py:190} INFO - Processing /home/airflow/.local/lib/python3.6/site-packages/airflow/example_dags/example_xcom.py took 0.084 seconds
[2026-09-23 12:06:02,272] {scheduler_job.py:182} INFO - Started process (PID=2266) to work on /home/airflow/.local/lib/python3.6/site-packages/airflow/example_dags/example_xcom.py
[2026-09-23 12:06:02,274] {scheduler_job.py:629} INFO - Processing file /home/airflow/.local/lib/python3.6/site-packages/airflow/example_dags/example_xcom.py for tasks to queue
[2026-09-23 12:06:02,275] {logging_mixin.py:104} INFO - [2026-09-23 12:06:02,275] {dagbag.py:451} INFO - Filling up the DagBag from /home/airflow/.local/lib/python3.6/site-packages/airflow/example_dags/example_xcom.py
[2026-09-23 12:06:02,290] {scheduler_job.py:639} INFO - DAG(s) dict_keys(['example_xcom']) retrieved from /home/airflow/.local/lib/python3.6/site-packages/airflow/example_dags/example_xcom.py
[2026-09-23 12:06:02,320] {logging_mixin.py:104} INFO - [2026-09-23 12:06:02,320] {dag.py:1824} INFO - Sync 1 DAGs
[2026-09-23 12:06:02,343] {logging_mixin.py:104} INFO - [2026-09-23 12:06:02,343] {dag.py:2280} INFO - Setting next_dagrun for example_xcom to 2026-09-21 00:00:00+00:00
[2026-09-23 12:06:02,363] {scheduler_job.py:190} INFO - Processing /home/airflow/.local/lib/python3.6/site-packages/airflow/example_dags/example_xcom.py took 0.095 seconds
[2026-09-23 12:06:33,189] {scheduler_job.py:182} INFO - Started process (PID=2292) to work on /home/airflow/.local/lib/python3.6/site-packages/airflow/example_dags/example_xcom.py
[2026-09-23 12:06:33,190] {scheduler_job.py:629} INFO - Processing file /home/airflow/.local/lib/python3.6/site-packages/airflow/example_dags/example_xcom.py for tasks to queue
[2026-09-23 12:06:33,191] {logging_mixin.py:104} INFO - [2026-09-23 12:06:33,191] {dagbag.py:451} INFO - Filling up the DagBag from /home/airflow/.local/lib/python3.6/site-packages/airflow/example_dags/example_xcom.py
[2026-09-23 12:06:33,211] {scheduler_job.py:639} INFO - DAG(s) dict_keys(['example_xcom']) retrieved from /home/airflow/.local/lib/python3.6/site-packages/airflow/example_dags/example_xcom.py
[2026-09-23 12:06:33,238] {logging_mixin.py:104} INFO - [2026-09-23 12:06:33,237] {dag.py:1824} INFO - Sync 1 DAGs
[2026-09-23 12:06:33,258] {logging_mixin.py:104} INFO - [2026-09-23 12:06:33,258] {dag.py:2280} INFO - Setting next_dagrun for example_xcom to 2026-09-21 00:00:00+00:00
[2026-09-23 12:06:33,275] {scheduler_job.py:190} INFO - Processing /home/airflow/.local/lib/python3.6/site-packages/airflow/example_dags/example_xcom.py took 0.091 seconds
[2026-09-23 12:07:03,999] {scheduler_job.py:182} INFO - Started process (PID=2318) to work on /home/airflow/.local/lib/python3.6/site-packages/airflow/example_dags/example_xcom.py
[2026-09-23 12:07:04,005] {scheduler_job.py:629} INFO - Processing file /home/airflow/.local/lib/python3.6/site-packages/airflow/example_dags/example_xcom.py for tasks to queue
[2026-09-23 12:07:04,005] {logging_mixin.py:104} INFO - [2026-09-23 12:07:04,005] {dagbag.py:451} INFO - Filling up the DagBag from /home/airflow/.local/lib/python3.6/site-packages/airflow/example_dags/example_xcom.py
[2026-09-23 12:07:04,021] {scheduler_job.py:639} INFO - DAG(s) dict_keys(['example_xcom']) retrieved from /home/airflow/.local/lib/python3.6/site-packages/airflow/example_dags/example_xcom.py
[2026-09-23 12:07:04,045] {logging_mixin.py:104} INFO - [2026-09-23 12:07:04,044] {dag.py:1824} INFO - Sync 1 DAGs
[2026-09-23 12:07:04,065] {logging_mixin.py:104} INFO - [2026-09-23 12:07:04,065] {dag.py:2280} INFO - Setting next_dagrun for example_xcom to 2026-09-21 00:00:00+00:00
[2026-09-23 12:07:04,083] {scheduler_job.py:190} INFO - Processing /home/airflow/.local/lib/python3.6/site-packages/airflow/example_dags/example_xcom.py took 0.087 seconds
[2026-09-23 12:07:34,755] {scheduler_job.py:182} INFO - Started process (PID=2344) to work on /home/airflow/.local/lib/python3.6/site-packages/airflow/example_dags/example_xcom.py
[2026-09-23 12:07:34,756] {scheduler_job.py:629} INFO - Processing file /home/airflow/.local/lib/python3.6/site-packages/airflow/example_dags/example_xcom.py for tasks to queue
[2026-09-23 12:07:34,757] {logging_mixin.py:104} INFO - [2026-09-23 12:07:34,757] {dagbag.py:451} INFO - Filling up the DagBag from /home/airflow/.local/lib/python3.6/site-packages/airflow/example_dags/example_xcom.py
[2026-09-23 12:07:34,777] {scheduler_job.py:639} INFO - DAG(s) dict_keys(['example_xcom']) retrieved from /home/airflow/.local/lib/python3.6/site-packages/airflow/example_dags/example_xcom.py
[2026-09-23 12:07:34,805] {logging_mixin.py:104} INFO - [2026-09-23 12:07:34,805] {dag.py:1824} INFO - Sync 1 DAGs
[2026-09-23 12:07:34,827] {logging_mixin.py:104} INFO - [2026-09-23 12:07:34,827] {dag.py:2280} INFO - Setting next_dagrun for example_xcom to 2026-09-21 00:00:00+00:00
[2026-09-23 12:07:34,847] {scheduler_job.py:190} INFO - Processing /home/airflow/.local/lib/python3.6/site-packages/airflow/example_dags/example_xcom.py took 0.096 seconds
[2026-09-23 12:08:05,420] {scheduler_job.py:182} INFO - Started process (PID=2370) to work on /home/airflow/.local/lib/python3.6/site-packages/airflow/example_dags/example_xcom.py
[2026-09-23 12:08:05,421] {scheduler_job.py:629} INFO - Processing file /home/airflow/.local/lib/python3.6/site-packages/airflow/example_dags/example_xcom.py for tasks to queue
[2026-09-23 12:08:05,422] {logging_mixin.py:104} INFO - [2026-09-23 12:08:05,422] {dagbag.py:451} INFO - Filling up the DagBag from /home/airflow/.local/lib/python3.6/site-packages/airflow/example_dags/example_xcom.py
[2026-09-23 12:08:05,439] {scheduler_job.py:639} INFO - DAG(s) dict_keys(['example_xcom']) retrieved from /home/airflow/.local/lib/python3.6/site-packages/airflow/example_dags/example_xcom.py
[2026-09-23 12:08:05,469] {logging_mixin.py:104} INFO - [2026-09-23 12:08:05,468] {dag.py:1824} INFO - Sync 1 DAGs
[2026-09-23 12:08:05,495] {logging_mixin.py:104} INFO - [2026-09-23 12:08:05,495] {dag.py:2280} INFO - Setting next_dagrun for example_xcom to 2026-09-21 00:00:00+00:00
[2026-09-23 12:08:05,511] {scheduler_job.py:190} INFO - Processing /home/airflow/.local/lib/python3.6/site-packages/airflow/example_dags/example_xcom.py took 0.094 seconds
[2026-09-23 12:08:36,048] {scheduler_job.py:182} INFO - Started process (PID=2396) to work on /home/airflow/.local/lib/python3.6/site-packages/airflow/example_dags/example_xcom.py
[2026-09-23 12:08:36,049] {scheduler_job.py:629} INFO - Processing file /home/airflow/.local/lib/python3.6/site-packages/airflow/example_dags/example_xcom.py for tasks to queue
[2026-09-23 12:08:36,050] {logging_mixin.py:104} INFO - [2026-09-23 12:08:36,050] {dagbag.py:451} INFO - Filling up the DagBag from /home/airflow/.local/lib/python3.6/site-packages/airflow/example_dags/example_xcom.py
[2026-09-23 12:08:36,068] {scheduler_job.py:639} INFO - DAG(s) dict_keys(['example_xcom']) retrieved from /home/airflow/.local/lib/python3.6/site-packages/airflow/example_dags/example_xcom.py
[2026-09-23 12:08:36,101] {logging_mixin.py:104} INFO - [2026-09-23 12:08:36,101] {dag.py:1824} INFO - Sync 1 DAGs
[2026-09-23 12:08:36,124] {logging_mixin.py:104} INFO - [2026-09-23 12:08:36,124] {dag.py:2280} INFO - Setting next_dagrun for example_xcom to 2026-09-21 00:00:00+00:00
[2026-09-23 12:08:36,144] {scheduler_job.py:190} INFO - Processing /home/airflow/.local/lib/python3.6/site-packages/airflow/example_dags/example_xcom.py took 0.101 seconds
[2026-09-23 12:09:06,855] {scheduler_job.py:182} INFO - Started process (PID=2422) to work on /home/airflow/.local/lib/python3.6/site-packages/airflow/example_dags/example_xcom.py
[2026-09-23 12:09:06,856] {scheduler_job.py:629} INFO - Processing file /home/airflow/.local/lib/python3.6/site-packages/airflow/example_dags/example_xcom.py for tasks to queue
[2026-09-23 12:09:06,857] {logging_mixin.py:104} INFO - [2026-09-23 12:09:06,857] {dagbag.py:451} INFO - Filling up the DagBag from /home/airflow/.local/lib/python3.6/site-packages/airflow/example_dags/example_xcom.py
[2026-09-23 12:09:06,880] {scheduler_job.py:639} INFO - DAG(s) dict_keys(['example_xcom']) retrieved from /home/airflow/.local/lib/python3.6/site-packages/airflow/example_dags/example_xcom.py
[2026-09-23 12:09:06,918] {logging_mixin.py:104} INFO - [2026-09-23 12:09:06,917] {dag.py:1824} INFO - Sync 1 DAGs
[2026-09-23 12:09:06,942] {logging_mixin.py:104} INFO - [2026-09-23 12:09:06,942] {dag.py:2280} INFO - Setting next_dagrun for example_xcom to 2026-09-21 00:00:00+00:00
[2026-09-23 12:09:06,960] {scheduler_job.py:190} INFO - Processing /home/airflow/.local/lib/python3.6/site-packages/airflow/example_dags/example_xcom.py took 0.110 seconds
[2026-09-23 12:09:37,732] {scheduler_job.py:182} INFO - Started process (PID=2448) to work on /home/airflow/.local/lib/python3.6/site-packages/airflow/example_dags/example_xcom.py
[2026-09-23 12:09:37,740] {scheduler_job.py:629} INFO - Processing file /home/airflow/.local/lib/python3.6/site-packages/airflow/example_dags/example_xcom.py for tasks to queue
[2026-09-23 12:09:37,741] {logging_mixin.py:104} INFO - [2026-09-23 12:09:37,741] {dagbag.py:451} INFO - Filling up the DagBag from /home/airflow/.local/lib/python3.6/site-packages/airflow/example_dags/example_xcom.py
[2026-09-23 12:09:37,780] {scheduler_job.py:639} INFO - DAG(s) dict_keys(['example_xcom']) retrieved from /home/airflow/.local/lib/python3.6/site-packages/airflow/example_dags/example_xcom.py
[2026-09-23 12:09:37,820] {logging_mixin.py:104} INFO - [2026-09-23 12:09:37,820] {dag.py:1824} INFO - Sync 1 DAGs
[2026-09-23 12:09:37,850] {logging_mixin.py:104} INFO - [2026-09-23 12:09:37,850] {dag.py:2280} INFO - Setting next_dagrun for example_xcom to 2026-09-21 00:00:00+00:00
[2026-09-23 12:09:37,877] {scheduler_job.py:190} INFO - Processing /home/airflow/.local/lib/python3.6/site-packages/airflow/example_dags/example_xcom.py took 0.165 seconds
[2026-09-23 12:10:08,510] {scheduler_job.py:182} INFO - Started process (PID=2474) to work on /home/airflow/.local/lib/python3.6/site-packages/airflow/example_dags/example_xcom.py
[2026-09-23 12:10:08,511] {scheduler_job.py:629} INFO - Processing file /home/airflow/.local/lib/python3.6/site-packages/airflow/example_dags/example_xcom.py for tasks to queue
[2026-09-23 12:10:08,512] {logging_mixin.py:104} INFO - [2026-09-23 12:10:08,512] {dagbag.py:451} INFO - Filling up the DagBag from /home/airflow/.local/lib/python3.6/site-packages/airflow/example_dags/example_xcom.py
[2026-09-23 12:10:08,527] {scheduler_job.py:639} INFO - DAG(s) dict_keys(['example_xcom']) retrieved from /home/airflow/.local/lib/python3.6/site-packages/airflow/example_dags/example_xcom.py
[2026-09-23 12:10:08,554] {logging_mixin.py:104} INFO - [2026-09-23 12:10:08,554] {dag.py:1824} INFO - Sync 1 DAGs
[2026-09-23 12:10:08,576] {logging_mixin.py:104} INFO - [2026-09-23 12:10:08,575] {dag.py:2280} INFO - Setting next_dagrun for example_xcom to 2026-09-21 00:00:00+00:00
[2026-09-23 12:10:08,595] {scheduler_job.py:190} INFO - Processing /home/airflow/.local/lib/python3.6/site-packages/airflow/example_dags/example_xcom.py took 0.089 seconds
[2026-09-23 12:10:38,740] {scheduler_job.py:182} INFO - Started process (PID=2500) to work on /home/airflow/.local/lib/python3.6/site-packages/airflow/example_dags/example_xcom.py
[2026-09-23 12:10:38,742] {scheduler_job.py:629} INFO - Processing file /home/airflow/.local/lib/python3.6/site-packages/airflow/example_dags/example_xcom.py for tasks to queue
[2026-09-23 12:10:38,743] {logging_mixin.py:104} INFO - [2026-09-23 12:10:38,743] {dagbag.py:451} INFO - Filling up the DagBag from /home/airflow/.local/lib/python3.6/site-packages/airflow/example_dags/example_xcom.py
[2026-09-23 12:10:38,769] {scheduler_job.py:639} INFO - DAG(s) dict_keys(['example_xcom']) retrieved from /home/airflow/.local/lib/python3.6/site-packages/airflow/example_dags/example_xcom.py
[2026-09-23 12:10:38,834] {logging_mixin.py:104} INFO - [2026-09-23 12:10:38,834] {dag.py:1824} INFO - Sync 1 DAGs
[2026-09-23 12:10:38,874] {logging_mixin.py:104} INFO - [2026-09-23 12:10:38,874] {dag.py:2280} INFO - Setting next_dagrun for example_xcom to 2026-09-21 00:00:00+00:00
[2026-09-23 12:10:38,902] {scheduler_job.py:190} INFO - Processing /home/airflow/.local/lib/python3.6/site-packages/airflow/example_dags/example_xcom.py took 0.169 seconds
[2026-09-23 12:11:09,577] {scheduler_job.py:182} INFO - Started process (PID=2526) to work on /home/airflow/.local/lib/python3.6/site-packages/airflow/example_dags/example_xcom.py
[2026-09-23 12:11:09,582] {scheduler_job.py:629} INFO - Processing file /home/airflow/.local/lib/python3.6/site-packages/airflow/example_dags/example_xcom.py for tasks to queue
[2026-09-23 12:11:09,583] {logging_mixin.py:104} INFO - [2026-09-23 12:11:09,583] {dagbag.py:451} INFO - Filling up the DagBag from /home/airflow/.local/lib/python3.6/site-packages/airflow/example_dags/example_xcom.py
[2026-09-23 12:11:09,606] {scheduler_job.py:639} INFO - DAG(s) dict_keys(['example_xcom']) retrieved from /home/airflow/.local/lib/python3.6/site-packages/airflow/example_dags/example_xcom.py
[2026-09-23 12:11:09,643] {logging_mixin.py:104} INFO - [2026-09-23 12:11:09,643] {dag.py:1824} INFO - Sync 1 DAGs
[2026-09-23 12:11:09,670] {logging_mixin.py:104} INFO - [2026-09-23 12:11:09,670] {dag.py:2280} INFO - Setting next_dagrun for example_xcom to 2026-09-21 00:00:00+00:00
[2026-09-23 12:11:09,692] {scheduler_job.py:190} INFO - Processing /home/airflow/.local/lib/python3.6/site-packages/airflow/example_dags/example_xcom.py took 0.120 seconds
[2026-09-23 12:11:39,822] {scheduler_job.py:182} INFO - Started process (PID=2552) to work on /home/airflow/.local/lib/python3.6/site-packages/airflow/example_dags/example_xcom.py
[2026-09-23 12:11:39,828] {scheduler_job.py:629} INFO - Processing file /home/airflow/.local/lib/python3.6/site-packages/airflow/example_dags/example_xcom.py for tasks to queue
[2026-09-23 12:11:39,829] {logging_mixin.py:104} INFO - [2026-09-23 12:11:39,829] {dagbag.py:451} INFO - Filling up the DagBag from /home/airflow/.local/lib/python3.6/site-packages/airflow/example_dags/example_xcom.py
[2026-09-23 12:11:39,856] {scheduler_job.py:639} INFO - DAG(s) dict_keys(['example_xcom']) retrieved from /home/airflow/.local/lib/python3.6/site-packages/airflow/example_dags/example_xcom.py
[2026-09-23 12:11:39,885] {logging_mixin.py:104} INFO - [2026-09-23 12:11:39,885] {dag.py:1824} INFO - Sync 1 DAGs
[2026-09-23 12:11:39,910] {logging_mixin.py:104} INFO - [2026-09-23 12:11:39,910] {dag.py:2280} INFO - Setting next_dagrun for example_xcom to 2026-09-21 00:00:00+00:00
[2026-09-23 12:11:39,927] {scheduler_job.py:190} INFO - Processing /home/airflow/.local/lib/python3.6/site-packages/airflow/example_dags/example_xcom.py took 0.111 seconds
[2026-09-23 12:12:10,044] {scheduler_job.py:182} INFO - Started process (PID=2578) to work on /home/airflow/.local/lib/python3.6/site-packages/airflow/example_dags/example_xcom.py
[2026-09-23 12:12:10,050] {scheduler_job.py:629} INFO - Processing file /home/airflow/.local/lib/python3.6/site-packages/airflow/example_dags/example_xcom.py for tasks to queue
[2026-09-23 12:12:10,051] {logging_mixin.py:104} INFO - [2026-09-23 12:12:10,051] {dagbag.py:451} INFO - Filling up the DagBag from /home/airflow/.local/lib/python3.6/site-packages/airflow/example_dags/example_xcom.py
[2026-09-23 12:12:10,074] {scheduler_job.py:639} INFO - DAG(s) dict_keys(['example_xcom']) retrieved from /home/airflow/.local/lib/python3.6/site-packages/airflow/example_dags/example_xcom.py
[2026-09-23 12:12:10,104] {logging_mixin.py:104} INFO - [2026-09-23 12:12:10,103] {dag.py:1824} INFO - Sync 1 DAGs
[2026-09-23 12:12:10,127] {logging_mixin.py:104} INFO - [2026-09-23 12:12:10,127] {dag.py:2280} INFO - Setting next_dagrun for example_xcom to 2026-09-21 00:00:00+00:00
[2026-09-23 12:12:10,147] {scheduler_job.py:190} INFO - Processing /home/airflow/.local/lib/python3.6/site-packages/airflow/example_dags/example_xcom.py took 0.109 seconds
[2026-09-23 12:12:40,298] {scheduler_job.py:182} INFO - Started process (PID=2604) to work on /home/airflow/.local/lib/python3.6/site-packages/airflow/example_dags/example_xcom.py
[2026-09-23 12:12:40,303] {scheduler_job.py:629} INFO - Processing file /home/airflow/.local/lib/python3.6/site-packages/airflow/example_dags/example_xcom.py for tasks to queue
[2026-09-23 12:12:40,304] {logging_mixin.py:104} INFO - [2026-09-23 12:12:40,304] {dagbag.py:451} INFO - Filling up the DagBag from /home/airflow/.local/lib/python3.6/site-packages/airflow/example_dags/example_xcom.py
[2026-09-23 12:12:40,327] {scheduler_job.py:639} INFO - DAG(s) dict_keys(['example_xcom']) retrieved from /home/airflow/.local/lib/python3.6/site-packages/airflow/example_dags/example_xcom.py
[2026-09-23 12:12:40,356] {logging_mixin.py:104} INFO - [2026-09-23 12:12:40,356] {dag.py:1824} INFO - Sync 1 DAGs
[2026-09-23 12:12:40,382] {logging_mixin.py:104} INFO - [2026-09-23 12:12:40,382] {dag.py:2280} INFO - Setting next_dagrun for example_xcom to 2026-09-21 00:00:00+00:00
[2026-09-23 12:12:40,397] {scheduler_job.py:190} INFO - Processing /home/airflow/.local/lib/python3.6/site-packages/airflow/example_dags/example_xcom.py took 0.105 seconds
[2026-09-23 12:13:10,432] {scheduler_job.py:182} INFO - Started process (PID=2630) to work on /home/airflow/.local/lib/python3.6/site-packages/airflow/example_dags/example_xcom.py
[2026-09-23 12:13:10,434] {scheduler_job.py:629} INFO - Processing file /home/airflow/.local/lib/python3.6/site-packages/airflow/example_dags/example_xcom.py for tasks to queue
[2026-09-23 12:13:10,434] {logging_mixin.py:104} INFO - [2026-09-23 12:13:10,434] {dagbag.py:451} INFO - Filling up the DagBag from /home/airflow/.local/lib/python3.6/site-packages/airflow/example_dags/example_xcom.py
[2026-09-23 12:13:10,457] {scheduler_job.py:639} INFO - DAG(s) dict_keys(['example_xcom']) retrieved from /home/airflow/.local/lib/python3.6/site-packages/airflow/example_dags/example_xcom.py
[2026-09-23 12:13:10,491] {logging_mixin.py:104} INFO - [2026-09-23 12:13:10,491] {dag.py:1824} INFO - Sync 1 DAGs
[2026-09-23 12:13:10,517] {logging_mixin.py:104} INFO - [2026-09-23 12:13:10,517] {dag.py:2280} INFO - Setting next_dagrun for example_xcom to 2026-09-21 00:00:00+00:00
[2026-09-23 12:13:10,532] {scheduler_job.py:190} INFO - Processing /home/airflow/.local/lib/python3.6/site-packages/airflow/example_dags/example_xcom.py took 0.105 seconds
[2026-09-23 12:13:40,778] {scheduler_job.py:182} INFO - Started process (PID=2656) to work on /home/airflow/.local/lib/python3.6/site-packages/airflow/example_dags/example_xcom.py
[2026-09-23 12:13:40,779] {scheduler_job.py:629} INFO - Processing file /home/airflow/.local/lib/python3.6/site-packages/airflow/example_dags/example_xcom.py for tasks to queue
[2026-09-23 12:13:40,780] {logging_mixin.py:104} INFO - [2026-09-23 12:13:40,780] {dagbag.py:451} INFO - Filling up the DagBag from /home/airflow/.local/lib/python3.6/site-packages/airflow/example_dags/example_xcom.py
[2026-09-23 12:13:40,796] {scheduler_job.py:639} INFO - DAG(s) dict_keys(['example_xcom']) retrieved from /home/airflow/.local/lib/python3.6/site-packages/airflow/example_dags/example_xcom.py
[2026-09-23 12:13:40,821] {logging_mixin.py:104} INFO - [2026-09-23 12:13:40,821] {dag.py:1824} INFO - Sync 1 DAGs
[2026-09-23 12:13:40,840] {logging_mixin.py:104} INFO - [2026-09-23 12:13:40,839] {dag.py:2280} INFO - Setting next_dagrun for example_xcom to 2026-09-21 00:00:00+00:00
[2026-09-23 12:13:40,857] {scheduler_job.py:190} INFO - Processing /home/airflow/.local/lib/python3.6/site-packages/airflow/example_dags/example_xcom.py took 0.085 seconds
[2026-09-23 12:14:11,182] {scheduler_job.py:182} INFO - Started process (PID=2682) to work on /home/airflow/.local/lib/python3.6/site-packages/airflow/example_dags/example_xcom.py
[2026-09-23 12:14:11,183] {scheduler_job.py:629} INFO - Processing file /home/airflow/.local/lib/python3.6/site-packages/airflow/example_dags/example_xcom.py for tasks to queue
[2026-09-23 12:14:11,184] {logging_mixin.py:104} INFO - [2026-09-23 12:14:11,184] {dagbag.py:451} INFO - Filling up the DagBag from /home/airflow/.local/lib/python3.6/site-packages/airflow/example_dags/example_xcom.py
[2026-09-23 12:14:11,200] {scheduler_job.py:639} INFO - DAG(s) dict_keys(['example_xcom']) retrieved from /home/airflow/.local/lib/python3.6/site-packages/airflow/example_dags/example_xcom.py
[2026-09-23 12:14:11,224] {logging_mixin.py:104} INFO - [2026-09-23 12:14:11,224] {dag.py:1824} INFO - Sync 1 DAGs
[2026-09-23 12:14:11,243] {logging_mixin.py:104} INFO - [2026-09-23 12:14:11,243] {dag.py:2280} INFO - Setting next_dagrun for example_xcom to 2026-09-21 00:00:00+00:00
[2026-09-23 12:14:11,258] {scheduler_job.py:190} INFO - Processing /home/airflow/.local/lib/python3.6/site-packages/airflow/example_dags/example_xcom.py took 0.080 seconds
[2026-09-23 12:14:42,008] {scheduler_job.py:182} INFO - Started process (PID=2708) to work on /home/airflow/.local/lib/python3.6/site-packages/airflow/example_dags/example_xcom.py
[2026-09-23 12:14:42,009] {scheduler_job.py:629} INFO - Processing file /home/airflow/.local/lib/python3.6/site-packages/airflow/example_dags/example_xcom.py for tasks to queue
[2026-09-23 12:14:42,010] {logging_mixin.py:104} INFO - [2026-09-23 12:14:42,010] {dagbag.py:451} INFO - Filling up the DagBag from /home/airflow/.local/lib/python3.6/site-packages/airflow/example_dags/example_xcom.py
[2026-09-23 12:14:42,026] {scheduler_job.py:639} INFO - DAG(s) dict_keys(['example_xcom']) retrieved from /home/airflow/.local/lib/python3.6/site-packages/airflow/example_dags/example_xcom.py
[2026-09-23 12:14:42,055] {logging_mixin.py:104} INFO - [2026-09-23 12:14:42,054] {dag.py:1824} INFO - Sync 1 DAGs
[2026-09-23 12:14:42,075] {logging_mixin.py:104} INFO - [2026-09-23 12:14:42,075] {dag.py:2280} INFO - Setting next_dagrun for example_xcom to 2026-09-21 00:00:00+00:00
[2026-09-23 12:14:42,096] {scheduler_job.py:190} INFO - Processing /home/airflow/.local/lib/python3.6/site-packages/airflow/example_dags/example_xcom.py took 0.092 seconds
[2026-09-23 12:15:12,605] {scheduler_job.py:182} INFO - Started process (PID=2734) to work on /home/airflow/.local/lib/python3.6/site-packages/airflow/example_dags/example_xcom.py
[2026-09-23 12:15:12,606] {scheduler_job.py:629} INFO - Processing file /home/airflow/.local/lib/python3.6/site-packages/airflow/example_dags/example_xcom.py for tasks to queue
[2026-09-23 12:15:12,607] {logging_mixin.py:104} INFO - [2026-09-23 12:15:12,607] {dagbag.py:451} INFO - Filling up the DagBag from /home/airflow/.local/lib/python3.6/site-packages/airflow/example_dags/example_xcom.py
[2026-09-23 12:15:12,623] {scheduler_job.py:639} INFO - DAG(s) dict_keys(['example_xcom']) retrieved from /home/airflow/.local/lib/python3.6/site-packages/airflow/example_dags/example_xcom.py
[2026-09-23 12:15:12,653] {logging_mixin.py:104} INFO - [2026-09-23 12:15:12,653] {dag.py:1824} INFO - Sync 1 DAGs
[2026-09-23 12:15:12,675] {logging_mixin.py:104} INFO - [2026-09-23 12:15:12,675] {dag.py:2280} INFO - Setting next_dagrun for example_xcom to 2026-09-21 00:00:00+00:00
[2026-09-23 12:15:12,697] {scheduler_job.py:190} INFO - Processing /home/airflow/.local/lib/python3.6/site-packages/airflow/example_dags/example_xcom.py took 0.097 seconds
[2026-09-23 12:15:43,198] {scheduler_job.py:182} INFO - Started process (PID=2760) to work on /home/airflow/.local/lib/python3.6/site-packages/airflow/example_dags/example_xcom.py
[2026-09-23 12:15:43,200] {scheduler_job.py:629} INFO - Processing file /home/airflow/.local/lib/python3.6/site-packages/airflow/example_dags/example_xcom.py for tasks to queue
[2026-09-23 12:15:43,201] {logging_mixin.py:104} INFO - [2026-09-23 12:15:43,201] {dagbag.py:451} INFO - Filling up the DagBag from /home/airflow/.local/lib/python3.6/site-packages/airflow/example_dags/example_xcom.py
[2026-09-23 12:15:43,217] {scheduler_job.py:639} INFO - DAG(s) dict_keys(['example_xcom']) retrieved from /home/airflow/.local/lib/python3.6/site-packages/airflow/example_dags/example_xcom.py
[2026-09-23 12:15:43,249] {logging_mixin.py:104} INFO - [2026-09-23 12:15:43,249] {dag.py:1824} INFO - Sync 1 DAGs
[2026-09-23 12:15:43,277] {logging_mixin.py:104} INFO - [2026-09-23 12:15:43,277] {dag.py:2280} INFO - Setting next_dagrun for example_xcom to 2026-09-21 00:00:00+00:00
[2026-09-23 12:15:43,293] {scheduler_job.py:190} INFO - Processing /home/airflow/.local/lib/python3.6/site-packages/airflow/example_dags/example_xcom.py took 0.100 seconds
[2026-09-23 12:16:13,889] {scheduler_job.py:182} INFO - Started process (PID=2786) to work on /home/airflow/.local/lib/python3.6/site-packages/airflow/example_dags/example_xcom.py
[2026-09-23 12:16:13,890] {scheduler_job.py:629} INFO - Processing file /home/airflow/.local/lib/python3.6/site-packages/airflow/example_dags/example_xcom.py for tasks to queue
[2026-09-23 12:16:13,891] {logging_mixin.py:104} INFO - [2026-09-23 12:16:13,891] {dagbag.py:451} INFO - Filling up the DagBag from /home/airflow/.local/lib/python3.6/site-packages/airflow/example_dags/example_xcom.py
[2026-09-23 12:16:13,907] {scheduler_job.py:639} INFO - DAG(s) dict_keys(['example_xcom']) retrieved from /home/airflow/.local/lib/python3.6/site-packages/airflow/example_dags/example_xcom.py
[2026-09-23 12:16:13,938] {logging_mixin.py:104} INFO - [2026-09-23 12:16:13,938] {dag.py:1824} INFO - Sync 1 DAGs
[2026-09-23 12:16:13,970] {logging_mixin.py:104} INFO - [2026-09-23 12:16:13,970] {dag.py:2280} INFO - Setting next_dagrun for example_xcom to 2026-09-21 00:00:00+00:00
[2026-09-23 12:16:13,990] {scheduler_job.py:190} INFO - Processing /home/airflow/.local/lib/python3.6/site-packages/airflow/example_dags/example_xcom.py took 0.105 seconds
[2026-09-23 12:16:44,555] {scheduler_job.py:182} INFO - Started process (PID=2812) to work on /home/airflow/.local/lib/python3.6/site-packages/airflow/example_dags/example_xcom.py
[2026-09-23 12:16:44,556] {scheduler_job.py:629} INFO - Processing file /home/airflow/.local/lib/python3.6/site-packages/airflow/example_dags/example_xcom.py for tasks to queue
[2026-09-23 12:16:44,557] {logging_mixin.py:104} INFO - [2026-09-23 12:16:44,557] {dagbag.py:451} INFO - Filling up the DagBag from /home/airflow/.local/lib/python3.6/site-packages/airflow/example_dags/example_xcom.py
[2026-09-23 12:16:44,573] {scheduler_job.py:639} INFO - DAG(s) dict_keys(['example_xcom']) retrieved from /home/airflow/.local/lib/python3.6/site-packages/airflow/example_dags/example_xcom.py
[2026-09-23 12:16:44,598] {logging_mixin.py:104} INFO - [2026-09-23 12:16:44,598] {dag.py:1824} INFO - Sync 1 DAGs
[2026-09-23 12:16:44,618] {logging_mixin.py:104} INFO - [2026-09-23 12:16:44,618] {dag.py:2280} INFO - Setting next_dagrun for example_xcom to 2026-09-21 00:00:00+00:00
[2026-09-23 12:16:44,634] {scheduler_job.py:190} INFO - Processing /home/airflow/.local/lib/python3.6/site-packages/airflow/example_dags/example_xcom.py took 0.084 seconds
[2026-09-23 12:17:15,262] {scheduler_job.py:182} INFO - Started process (PID=2838) to work on /home/airflow/.local/lib/python3.6/site-packages/airflow/example_dags/example_xcom.py
[2026-09-23 12:17:15,263] {scheduler_job.py:629} INFO - Processing file /home/airflow/.local/lib/python3.6/site-packages/airflow/example_dags/example_xcom.py for tasks to queue
[2026-09-23 12:17:15,263] {logging_mixin.py:104} INFO - [2026-09-23 12:17:15,263] {dagbag.py:451} INFO - Filling up the DagBag from /home/airflow/.local/lib/python3.6/site-packages/airflow/example_dags/example_xcom.py
[2026-09-23 12:17:15,279] {scheduler_job.py:639} INFO - DAG(s) dict_keys(['example_xcom']) retrieved from /home/airflow/.local/lib/python3.6/site-packages/airflow/example_dags/example_xcom.py
[2026-09-23 12:17:15,304] {logging_mixin.py:104} INFO - [2026-09-23 12:17:15,304] {dag.py:1824} INFO - Sync 1 DAGs
[2026-09-23 12:17:15,326] {logging_mixin.py:104} INFO - [2026-09-23 12:17:15,326] {dag.py:2280} INFO - Setting next_dagrun for example_xcom to 2026-09-21 00:00:00+00:00
[2026-09-23 12:17:15,339] {scheduler_job.py:190} INFO - Processing /home/airflow/.local/lib/python3.6/site-packages/airflow/example_dags/example_xcom.py took 0.082 seconds
[2026-09-23 12:17:45,807] {scheduler_job.py:182} INFO - Started process (PID=2864) to work on /home/airflow/.local/lib/python3.6/site-packages/airflow/example_dags/example_xcom.py
[2026-09-23 12:17:45,808] {scheduler_job.py:629} INFO - Processing file /home/airflow/.local/lib/python3.6/site-packages/airflow/example_dags/example_xcom.py for tasks to queue
[2026-09-23 12:17:45,809] {logging_mixin.py:104} INFO - [2026-09-23 12:17:45,809] {dagbag.py:451} INFO - Filling up the DagBag from /home/airflow/.local/lib/python3.6/site-packages/airflow/example_dags/example_xcom.py
[2026-09-23 12:17:45,825] {scheduler_job.py:639} INFO - DAG(s) dict_keys(['example_xcom']) retrieved from /home/airflow/.local/lib/python3.6/site-packages/airflow/example_dags/example_xcom.py
[2026-09-23 12:17:45,855] {logging_mixin.py:104} INFO - [2026-09-23 12:17:45,854] {dag.py:1824} INFO - Sync 1 DAGs
[2026-09-23 12:17:45,881] {logging_mixin.py:104} INFO - [2026-09-23 12:17:45,881] {dag.py:2280} INFO - Setting next_dagrun for example_xcom to 2026-09-21 00:00:00+00:00
[2026-09-23 12:17:45,896] {scheduler_job.py:190} INFO - Processing /home/airflow/.local/lib/python3.6/site-packages/airflow/example_dags/example_xcom.py took 0.093 seconds
[2026-09-23 12:18:16,442] {scheduler_job.py:182} INFO - Started process (PID=2890) to work on /home/airflow/.local/lib/python3.6/site-packages/airflow/example_dags/example_xcom.py
[2026-09-23 12:18:16,443] {scheduler_job.py:629} INFO - Processing file /home/airflow/.local/lib/python3.6/site-packages/airflow/example_dags/example_xcom.py for tasks to queue
[2026-09-23 12:18:16,444] {logging_mixin.py:104} INFO - [2026-09-23 12:18:16,444] {dagbag.py:451} INFO - Filling up the DagBag from /home/airflow/.local/lib/python3.6/site-packages/airflow/example_dags/example_xcom.py
[2026-09-23 12:18:16,460] {scheduler_job.py:639} INFO - DAG(s) dict_keys(['example_xcom']) retrieved from /home/airflow/.local/lib/python3.6/site-packages/airflow/example_dags/example_xcom.py
[2026-09-23 12:18:16,485] {logging_mixin.py:104} INFO - [2026-09-23 12:18:16,485] {dag.py:1824} INFO - Sync 1 DAGs
[2026-09-23 12:18:16,506] {logging_mixin.py:104} INFO - [2026-09-23 12:18:16,505] {dag.py:2280} INFO - Setting next_dagrun for example_xcom to 2026-09-21 00:00:00+00:00
[2026-09-23 12:18:16,523] {scheduler_job.py:190} INFO - Processing /home/airflow/.local/lib/python3.6/site-packages/airflow/example_dags/example_xcom.py took 0.085 seconds
[2026-09-23 12:18:46,885] {scheduler_job.py:182} INFO - Started process (PID=2916) to work on /home/airflow/.local/lib/python3.6/site-packages/airflow/example_dags/example_xcom.py
[2026-09-23 12:18:46,887] {scheduler_job.py:629} INFO - Processing file /home/airflow/.local/lib/python3.6/site-packages/airflow/example_dags/example_xcom.py for tasks to queue
[2026-09-23 12:18:46,888] {logging_mixin.py:104} INFO - [2026-09-23 12:18:46,887] {dagbag.py:451} INFO - Filling up the DagBag from /home/airflow/.local/lib/python3.6/site-packages/airflow/example_dags/example_xcom.py
[2026-09-23 12:18:46,907] {scheduler_job.py:639} INFO - DAG(s) dict_keys(['example_xcom']) retrieved from /home/airflow/.local/lib/python3.6/site-packages/airflow/example_dags/example_xcom.py
[2026-09-23 12:18:46,941] {logging_mixin.py:104} INFO - [2026-09-23 12:18:46,941] {dag.py:1824} INFO - Sync 1 DAGs
[2026-09-23 12:18:46,969] {logging_mixin.py:104} INFO - [2026-09-23 12:18:46,968] {dag.py:2280} INFO - Setting next_dagrun for example_xcom to 2026-09-21 00:00:00+00:00
[2026-09-23 12:18:46,987] {scheduler_job.py:190} INFO - Processing /home/airflow/.local/lib/python3.6/site-packages/airflow/example_dags/example_xcom.py took 0.106 seconds
[2026-09-23 12:19:17,506] {scheduler_job.py:182} INFO - Started process (PID=2942) to work on /home/airflow/.local/lib/python3.6/site-packages/airflow/example_dags/example_xcom.py
[2026-09-23 12:19:17,508] {scheduler_job.py:629} INFO - Processing file /home/airflow/.local/lib/python3.6/site-packages/airflow/example_dags/example_xcom.py for tasks to queue
[2026-09-23 12:19:17,509] {logging_mixin.py:104} INFO - [2026-09-23 12:19:17,509] {dagbag.py:451} INFO - Filling up the DagBag from /home/airflow/.local/lib/python3.6/site-packages/airflow/example_dags/example_xcom.py
[2026-09-23 12:19:17,530] {scheduler_job.py:639} INFO - DAG(s) dict_keys(['example_xcom']) retrieved from /home/airflow/.local/lib/python3.6/site-packages/airflow/example_dags/example_xcom.py
[2026-09-23 12:19:17,564] {logging_mixin.py:104} INFO - [2026-09-23 12:19:17,564] {dag.py:1824} INFO - Sync 1 DAGs
[2026-09-23 12:19:17,588] {logging_mixin.py:104} INFO - [2026-09-23 12:19:17,588] {dag.py:2280} INFO - Setting next_dagrun for example_xcom to 2026-09-21 00:00:00+00:00
[2026-09-23 12:19:17,607] {scheduler_job.py:190} INFO - Processing /home/airflow/.local/lib/python3.6/site-packages/airflow/example_dags/example_xcom.py took 0.106 seconds
[2026-09-23 12:19:48,383] {scheduler_job.py:182} INFO - Started process (PID=2968) to work on /home/airflow/.local/lib/python3.6/site-packages/airflow/example_dags/example_xcom.py
[2026-09-23 12:19:48,384] {scheduler_job.py:629} INFO - Processing file /home/airflow/.local/lib/python3.6/site-packages/airflow/example_dags/example_xcom.py for tasks to queue
[2026-09-23 12:19:48,385] {logging_mixin.py:104} INFO - [2026-09-23 12:19:48,385] {dagbag.py:451} INFO - Filling up the DagBag from /home/airflow/.local/lib/python3.6/site-packages/airflow/example_dags/example_xcom.py
[2026-09-23 12:19:48,403] {scheduler_job.py:639} INFO - DAG(s) dict_keys(['example_xcom']) retrieved from /home/airflow/.local/lib/python3.6/site-packages/airflow/example_dags/example_xcom.py
[2026-09-23 12:19:48,430] {logging_mixin.py:104} INFO - [2026-09-23 12:19:48,430] {dag.py:1824} INFO - Sync 1 DAGs
[2026-09-23 12:19:48,451] {logging_mixin.py:104} INFO - [2026-09-23 12:19:48,450] {dag.py:2280} INFO - Setting next_dagrun for example_xcom to 2026-09-21 00:00:00+00:00
[2026-09-23 12:19:48,470] {scheduler_job.py:190} INFO - Processing /home/airflow/.local/lib/python3.6/site-packages/airflow/example_dags/example_xcom.py took 0.092 seconds
[2026-09-23 12:20:19,260] {scheduler_job.py:182} INFO - Started process (PID=2994) to work on /home/airflow/.local/lib/python3.6/site-packages/airflow/example_dags/example_xcom.py
[2026-09-23 12:20:19,262] {scheduler_job.py:629} INFO - Processing file /home/airflow/.local/lib/python3.6/site-packages/airflow/example_dags/example_xcom.py for tasks to queue
[2026-09-23 12:20:19,263] {logging_mixin.py:104} INFO - [2026-09-23 12:20:19,263] {dagbag.py:451} INFO - Filling up the DagBag from /home/airflow/.local/lib/python3.6/site-packages/airflow/example_dags/example_xcom.py
[2026-09-23 12:20:19,282] {scheduler_job.py:639} INFO - DAG(s) dict_keys(['example_xcom']) retrieved from /home/airflow/.local/lib/python3.6/site-packages/airflow/example_dags/example_xcom.py
[2026-09-23 12:20:19,312] {logging_mixin.py:104} INFO - [2026-09-23 12:20:19,312] {dag.py:1824} INFO - Sync 1 DAGs
[2026-09-23 12:20:19,335] {logging_mixin.py:104} INFO - [2026-09-23 12:20:19,335] {dag.py:2280} INFO - Setting next_dagrun for example_xcom to 2026-09-21 00:00:00+00:00
[2026-09-23 12:20:19,354] {scheduler_job.py:190} INFO - Processing /home/airflow/.local/lib/python3.6/site-packages/airflow/example_dags/example_xcom.py took 0.098 seconds
[2026-09-23 12:20:49,880] {scheduler_job.py:182} INFO - Started process (PID=3020) to work on /home/airflow/.local/lib/python3.6/site-packages/airflow/example_dags/example_xcom.py
[2026-09-23 12:20:49,881] {scheduler_job.py:629} INFO - Processing file /home/airflow/.local/lib/python3.6/site-packages/airflow/example_dags/example_xcom.py for tasks to queue
[2026-09-23 12:20:49,882] {logging_mixin.py:104} INFO - [2026-09-23 12:20:49,882] {dagbag.py:451} INFO - Filling up the DagBag from /home/airflow/.local/lib/python3.6/site-packages/airflow/example_dags/example_xcom.py
[2026-09-23 12:20:49,901] {scheduler_job.py:639} INFO - DAG(s) dict_keys(['example_xcom']) retrieved from /home/airflow/.local/lib/python3.6/site-packages/airflow/example_dags/example_xcom.py
[2026-09-23 12:20:49,933] {logging_mixin.py:104} INFO - [2026-09-23 12:20:49,932] {dag.py:1824} INFO - Sync 1 DAGs
[2026-09-23 12:20:49,961] {logging_mixin.py:104} INFO - [2026-09-23 12:20:49,961] {dag.py:2280} INFO - Setting next_dagrun for example_xcom to 2026-09-21 00:00:00+00:00
[2026-09-23 12:20:49,983] {scheduler_job.py:190} INFO - Processing /home/airflow/.local/lib/python3.6/site-packages/airflow/example_dags/example_xcom.py took 0.109 seconds
[2026-09-23 12:21:20,645] {scheduler_job.py:182} INFO - Started process (PID=3046) to work on /home/airflow/.local/lib/python3.6/site-packages/airflow/example_dags/example_xcom.py
[2026-09-23 12:21:20,646] {scheduler_job.py:629} INFO - Processing file /home/airflow/.local/lib/python3.6/site-packages/airflow/example_dags/example_xcom.py for tasks to queue
[2026-09-23 12:21:20,647] {logging_mixin.py:104} INFO - [2026-09-23 12:21:20,647] {dagbag.py:451} INFO - Filling up the DagBag from /home/airflow/.local/lib/python3.6/site-packages/airflow/example_dags/example_xcom.py
[2026-09-23 12:21:20,663] {scheduler_job.py:639} INFO - DAG(s) dict_keys(['example_xcom']) retrieved from /home/airflow/.local/lib/python3.6/site-packages/airflow/example_dags/example_xcom.py
[2026-09-23 12:21:20,690] {logging_mixin.py:104} INFO - [2026-09-23 12:21:20,689] {dag.py:1824} INFO - Sync 1 DAGs
[2026-09-23 12:21:20,710] {logging_mixin.py:104} INFO - [2026-09-23 12:21:20,710] {dag.py:2280} INFO - Setting next_dagrun for example_xcom to 2026-09-21 00:00:00+00:00
[2026-09-23 12:21:20,729] {scheduler_job.py:190} INFO - Processing /home/airflow/.local/lib/python3.6/site-packages/airflow/example_dags/example_xcom.py took 0.088 seconds
[2026-09-23 12:21:51,185] {scheduler_job.py:182} INFO - Started process (PID=3072) to work on /home/airflow/.local/lib/python3.6/site-packages/airflow/example_dags/example_xcom.py
[2026-09-23 12:21:51,187] {scheduler_job.py:629} INFO - Processing file /home/airflow/.local/lib/python3.6/site-packages/airflow/example_dags/example_xcom.py for tasks to queue
[2026-09-23 12:21:51,188] {logging_mixin.py:104} INFO - [2026-09-23 12:21:51,188] {dagbag.py:451} INFO - Filling up the DagBag from /home/airflow/.local/lib/python3.6/site-packages/airflow/example_dags/example_xcom.py
[2026-09-23 12:21:51,211] {scheduler_job.py:639} INFO - DAG(s) dict_keys(['example_xcom']) retrieved from /home/airflow/.local/lib/python3.6/site-packages/airflow/example_dags/example_xcom.py
[2026-09-23 12:21:51,236] {logging_mixin.py:104} INFO - [2026-09-23 12:21:51,236] {dag.py:1824} INFO - Sync 1 DAGs
[2026-09-23 12:21:51,255] {logging_mixin.py:104} INFO - [2026-09-23 12:21:51,255] {dag.py:2280} INFO - Setting next_dagrun for example_xcom to 2026-09-21 00:00:00+00:00
[2026-09-23 12:21:51,271] {scheduler_job.py:190} INFO - Processing /home/airflow/.local/lib/python3.6/site-packages/airflow/example_dags/example_xcom.py took 0.090 seconds
[2026-09-23 12:22:21,656] {scheduler_job.py:182} INFO - Started process (PID=3098) to work on /home/airflow/.local/lib/python3.6/site-packages/airflow/example_dags/example_xcom.py
[2026-09-23 12:22:21,657] {scheduler_job.py:629} INFO - Processing file /home/airflow/.local/lib/python3.6/site-packages/airflow/example_dags/example_xcom.py for tasks to queue
[2026-09-23 12:22:21,658] {logging_mixin.py:104} INFO - [2026-09-23 12:22:21,658] {dagbag.py:451} INFO - Filling up the DagBag from /home/airflow/.local/lib/python3.6/site-packages/airflow/example_dags/example_xcom.py
[2026-09-23 12:22:21,675] {scheduler_job.py:639} INFO - DAG(s) dict_keys(['example_xcom']) retrieved from /home/airflow/.local/lib/python3.6/site-packages/airflow/example_dags/example_xcom.py
[2026-09-23 12:22:21,706] {logging_mixin.py:104} INFO - [2026-09-23 12:22:21,706] {dag.py:1824} INFO - Sync 1 DAGs
[2026-09-23 12:22:21,735] {logging_mixin.py:104} INFO - [2026-09-23 12:22:21,735] {dag.py:2280} INFO - Setting next_dagrun for example_xcom to 2026-09-21 00:00:00+00:00
[2026-09-23 12:22:21,754] {scheduler_job.py:190} INFO - Processing /home/airflow/.local/lib/python3.6/site-packages/airflow/example_dags/example_xcom.py took 0.102 seconds
[2026-09-23 12:22:52,064] {scheduler_job.py:182} INFO - Started process (PID=3124) to work on /home/airflow/.local/lib/python3.6/site-packages/airflow/example_dags/example_xcom.py
[2026-09-23 12:22:52,065] {scheduler_job.py:629} INFO - Processing file /home/airflow/.local/lib/python3.6/site-packages/airflow/example_dags/example_xcom.py for tasks to queue
[2026-09-23 12:22:52,066] {logging_mixin.py:104} INFO - [2026-09-23 12:22:52,066] {dagbag.py:451} INFO - Filling up the DagBag from /home/airflow/.local/lib/python3.6/site-packages/airflow/example_dags/example_xcom.py
[2026-09-23 12:22:52,086] {scheduler_job.py:639} INFO - DAG(s) dict_keys(['example_xcom']) retrieved from /home/airflow/.local/lib/python3.6/site-packages/airflow/example_dags/example_xcom.py
[2026-09-23 12:22:52,120] {logging_mixin.py:104} INFO - [2026-09-23 12:22:52,119] {dag.py:1824} INFO - Sync 1 DAGs
[2026-09-23 12:22:52,147] {logging_mixin.py:104} INFO - [2026-09-23 12:22:52,146] {dag.py:2280} INFO - Setting next_dagrun for example_xcom to 2026-09-21 00:00:00+00:00
[2026-09-23 12:22:52,167] {scheduler_job.py:190} INFO - Processing /home/airflow/.local/lib/python3.6/site-packages/airflow/example_dags/example_xcom.py took 0.108 seconds
[2026-09-23 12:23:22,719] {scheduler_job.py:182} INFO - Started process (PID=3150) to work on /home/airflow/.local/lib/python3.6/site-packages/airflow/example_dags/example_xcom.py
[2026-09-23 12:23:22,721] {scheduler_job.py:629} INFO - Processing file /home/airflow/.local/lib/python3.6/site-packages/airflow/example_dags/example_xcom.py for tasks to queue
[2026-09-23 12:23:22,722] {logging_mixin.py:104} INFO - [2026-09-23 12:23:22,722] {dagbag.py:451} INFO - Filling up the DagBag from /home/airflow/.local/lib/python3.6/site-packages/airflow/example_dags/example_xcom.py
[2026-09-23 12:23:22,739] {scheduler_job.py:639} INFO - DAG(s) dict_keys(['example_xcom']) retrieved from /home/airflow/.local/lib/python3.6/site-packages/airflow/example_dags/example_xcom.py
[2026-09-23 12:23:22,768] {logging_mixin.py:104} INFO - [2026-09-23 12:23:22,768] {dag.py:1824} INFO - Sync 1 DAGs
[2026-09-23 12:23:22,790] {logging_mixin.py:104} INFO - [2026-09-23 12:23:22,790] {dag.py:2280} INFO - Setting next_dagrun for example_xcom to 2026-09-21 00:00:00+00:00
[2026-09-23 12:23:22,813] {scheduler_job.py:190} INFO - Processing /home/airflow/.local/lib/python3.6/site-packages/airflow/example_dags/example_xcom.py took 0.099 seconds
[2026-09-23 12:23:53,263] {scheduler_job.py:182} INFO - Started process (PID=3176) to work on /home/airflow/.local/lib/python3.6/site-packages/airflow/example_dags/example_xcom.py
[2026-09-23 12:23:53,265] {scheduler_job.py:629} INFO - Processing file /home/airflow/.local/lib/python3.6/site-packages/airflow/example_dags/example_xcom.py for tasks to queue
[2026-09-23 12:23:53,266] {logging_mixin.py:104} INFO - [2026-09-23 12:23:53,265] {dagbag.py:451} INFO - Filling up the DagBag from /home/airflow/.local/lib/python3.6/site-packages/airflow/example_dags/example_xcom.py
[2026-09-23 12:23:53,283] {scheduler_job.py:639} INFO - DAG(s) dict_keys(['example_xcom']) retrieved from /home/airflow/.local/lib/python3.6/site-packages/airflow/example_dags/example_xcom.py
[2026-09-23 12:23:53,311] {logging_mixin.py:104} INFO - [2026-09-23 12:23:53,311] {dag.py:1824} INFO - Sync 1 DAGs
[2026-09-23 12:23:53,336] {logging_mixin.py:104} INFO - [2026-09-23 12:23:53,335] {dag.py:2280} INFO - Setting next_dagrun for example_xcom to 2026-09-21 00:00:00+00:00
[2026-09-23 12:23:53,353] {scheduler_job.py:190} INFO - Processing /home/airflow/.local/lib/python3.6/site-packages/airflow/example_dags/example_xcom.py took 0.094 seconds
[2026-09-23 12:24:24,043] {scheduler_job.py:182} INFO - Started process (PID=3202) to work on /home/airflow/.local/lib/python3.6/site-packages/airflow/example_dags/example_xcom.py
[2026-09-23 12:24:24,046] {scheduler_job.py:629} INFO - Processing file /home/airflow/.local/lib/python3.6/site-packages/airflow/example_dags/example_xcom.py for tasks to queue
[2026-09-23 12:24:24,047] {logging_mixin.py:104} INFO - [2026-09-23 12:24:24,047] {dagbag.py:451} INFO - Filling up the DagBag from /home/airflow/.local/lib/python3.6/site-packages/airflow/example_dags/example_xcom.py
[2026-09-23 12:24:24,070] {scheduler_job.py:639} INFO - DAG(s) dict_keys(['example_xcom']) retrieved from /home/airflow/.local/lib/python3.6/site-packages/airflow/example_dags/example_xcom.py
[2026-09-23 12:24:24,115] {logging_mixin.py:104} INFO - [2026-09-23 12:24:24,115] {dag.py:1824} INFO - Sync 1 DAGs
[2026-09-23 12:24:24,148] {logging_mixin.py:104} INFO - [2026-09-23 12:24:24,148] {dag.py:2280} INFO - Setting next_dagrun for example_xcom to 2026-09-21 00:00:00+00:00
[2026-09-23 12:24:24,178] {scheduler_job.py:190} INFO - Processing /home/airflow/.local/lib/python3.6/site-packages/airflow/example_dags/example_xcom.py took 0.149 seconds
[2026-09-23 12:24:55,064] {scheduler_job.py:182} INFO - Started process (PID=3228) to work on /home/airflow/.local/lib/python3.6/site-packages/airflow/example_dags/example_xcom.py
[2026-09-23 12:24:55,066] {scheduler_job.py:629} INFO - Processing file /home/airflow/.local/lib/python3.6/site-packages/airflow/example_dags/example_xcom.py for tasks to queue
[2026-09-23 12:24:55,067] {logging_mixin.py:104} INFO - [2026-09-23 12:24:55,066] {dagbag.py:451} INFO - Filling up the DagBag from /home/airflow/.local/lib/python3.6/site-packages/airflow/example_dags/example_xcom.py
[2026-09-23 12:24:55,087] {scheduler_job.py:639} INFO - DAG(s) dict_keys(['example_xcom']) retrieved from /home/airflow/.local/lib/python3.6/site-packages/airflow/example_dags/example_xcom.py
[2026-09-23 12:24:55,120] {logging_mixin.py:104} INFO - [2026-09-23 12:24:55,120] {dag.py:1824} INFO - Sync 1 DAGs
[2026-09-23 12:24:55,144] {logging_mixin.py:104} INFO - [2026-09-23 12:24:55,144] {dag.py:2280} INFO - Setting next_dagrun for example_xcom to 2026-09-21 00:00:00+00:00
[2026-09-23 12:24:55,164] {scheduler_job.py:190} INFO - Processing /home/airflow/.local/lib/python3.6/site-packages/airflow/example_dags/example_xcom.py took 0.104 seconds
[2026-09-23 12:25:25,587] {scheduler_job.py:182} INFO - Started process (PID=3254) to work on /home/airflow/.local/lib/python3.6/site-packages/airflow/example_dags/example_xcom.py
[2026-09-23 12:25:25,589] {scheduler_job.py:629} INFO - Processing file /home/airflow/.local/lib/python3.6/site-packages/airflow/example_dags/example_xcom.py for tasks to queue
[2026-09-23 12:25:25,590] {logging_mixin.py:104} INFO - [2026-09-23 12:25:25,590] {dagbag.py:451} INFO - Filling up the DagBag from /home/airflow/.local/lib/python3.6/site-packages/airflow/example_dags/example_xcom.py
[2026-09-23 12:25:25,607] {scheduler_job.py:639} INFO - DAG(s) dict_keys(['example_xcom']) retrieved from /home/airflow/.local/lib/python3.6/site-packages/airflow/example_dags/example_xcom.py
[2026-09-23 12:25:25,635] {logging_mixin.py:104} INFO - [2026-09-23 12:25:25,635] {dag.py:1824} INFO - Sync 1 DAGs
[2026-09-23 12:25:25,660] {logging_mixin.py:104} INFO - [2026-09-23 12:25:25,659] {dag.py:2280} INFO - Setting next_dagrun for example_xcom to 2026-09-21 00:00:00+00:00
[2026-09-23 12:25:25,674] {scheduler_job.py:190} INFO - Processing /home/airflow/.local/lib/python3.6/site-packages/airflow/example_dags/example_xcom.py took 0.091 seconds
[2026-09-23 12:47:02,532] {scheduler_job.py:182} INFO - Started process (PID=3280) to work on /home/airflow/.local/lib/python3.6/site-packages/airflow/example_dags/example_xcom.py
[2026-09-23 12:47:02,534] {scheduler_job.py:629} INFO - Processing file /home/airflow/.local/lib/python3.6/site-packages/airflow/example_dags/example_xcom.py for tasks to queue
[2026-09-23 12:47:02,537] {logging_mixin.py:104} INFO - [2026-09-23 12:47:02,537] {dagbag.py:451} INFO - Filling up the DagBag from /home/airflow/.local/lib/python3.6/site-packages/airflow/example_dags/example_xcom.py
[2026-09-23 12:47:02,589] {scheduler_job.py:639} INFO - DAG(s) dict_keys(['example_xcom']) retrieved from /home/airflow/.local/lib/python3.6/site-packages/airflow/example_dags/example_xcom.py
[2026-09-23 12:47:02,650] {logging_mixin.py:104} INFO - [2026-09-23 12:47:02,649] {dag.py:1824} INFO - Sync 1 DAGs
[2026-09-23 12:47:02,706] {logging_mixin.py:104} INFO - [2026-09-23 12:47:02,706] {dag.py:2280} INFO - Setting next_dagrun for example_xcom to 2026-09-21 00:00:00+00:00
[2026-09-23 12:47:02,742] {scheduler_job.py:190} INFO - Processing /home/airflow/.local/lib/python3.6/site-packages/airflow/example_dags/example_xcom.py took 0.216 seconds
