[2026-09-23 11:22:14,206] {scheduler_job.py:182} INFO - Started process (PID=48) to work on /home/airflow/.local/lib/python3.6/site-packages/airflow/example_dags/example_task_group.py
[2026-09-23 11:22:14,213] {scheduler_job.py:629} INFO - Processing file /home/airflow/.local/lib/python3.6/site-packages/airflow/example_dags/example_task_group.py for tasks to queue
[2026-09-23 11:22:14,218] {logging_mixin.py:104} INFO - [2026-09-23 11:22:14,218] {dagbag.py:451} INFO - Filling up the DagBag from /home/airflow/.local/lib/python3.6/site-packages/airflow/example_dags/example_task_group.py
[2026-09-23 11:22:14,275] {scheduler_job.py:639} INFO - DAG(s) dict_keys(['example_task_group']) retrieved from /home/airflow/.local/lib/python3.6/site-packages/airflow/example_dags/example_task_group.py
[2026-09-23 11:22:14,340] {logging_mixin.py:104} INFO - [2026-09-23 11:22:14,340] {dag.py:1824} INFO - Sync 1 DAGs
[2026-09-23 11:22:14,373] {logging_mixin.py:104} INFO - [2026-09-23 11:22:14,373] {dag.py:2280} INFO - Setting next_dagrun for example_task_group to 2026-09-21 00:00:00+00:00
[2026-09-23 11:22:14,405] {scheduler_job.py:190} INFO - Processing /home/airflow/.local/lib/python3.6/site-packages/airflow/example_dags/example_task_group.py took 0.219 seconds
[2026-09-23 11:22:45,283] {scheduler_job.py:182} INFO - Started process (PID=74) to work on /home/airflow/.local/lib/python3.6/site-packages/airflow/example_dags/example_task_group.py
[2026-09-23 11:22:45,284] {scheduler_job.py:629} INFO - Processing file /home/airflow/.local/lib/python3.6/site-packages/airflow/example_dags/example_task_group.py for tasks to queue
[2026-09-23 11:22:45,285] {logging_mixin.py:104} INFO - [2026-09-23 11:22:45,285] {dagbag.py:451} INFO - Filling up the DagBag from /home/airflow/.local/lib/python3.6/site-packages/airflow/example_dags/example_task_group.py
[2026-09-23 11:22:45,303] {scheduler_job.py:639} INFO - DAG(s) dict_keys(['example_task_group']) retrieved from /home/airflow/.local/lib/python3.6/site-packages/airflow/example_dags/example_task_group.py
[2026-09-23 11:22:45,334] {logging_mixin.py:104} INFO - [2026-09-23 11:22:45,333] {dag.py:1824} INFO - Sync 1 DAGs
[2026-09-23 11:22:45,358] {logging_mixin.py:104} INFO - [2026-09-23 11:22:45,358] {dag.py:2280} INFO - Setting next_dagrun for example_task_group to 2026-09-21 00:00:00+00:00
[2026-09-23 11:22:45,379] {scheduler_job.py:190} INFO - Processing /home/airflow/.local/lib/python3.6/site-packages/airflow/example_dags/example_task_group.py took 0.100 seconds
[2026-09-23 11:23:16,224] {scheduler_job.py:182} INFO - Started process (PID=100) to work on /home/airflow/.local/lib/python3.6/site-packages/airflow/example_dags/example_task_group.py
[2026-09-23 11:23:16,226] {scheduler_job.py:629} INFO - Processing file /home/airflow/.local/lib/python3.6/site-packages/airflow/example_dags/example_task_group.py for tasks to queue
[2026-09-23 11:23:16,227] {logging_mixin.py:104} INFO - [2026-09-23 11:23:16,227] {dagbag.py:451} INFO - Filling up the DagBag from /home/airflow/.local/lib/python3.6/site-packages/airflow/example_dags/example_task_group.py
[2026-09-23 11:23:16,252] {scheduler_job.py:639} INFO - DAG(s) dict_keys(['example_task_group']) retrieved from /home/airflow/.local/lib/python3.6/site-packages/airflow/example_dags/example_task_group.py
[2026-09-23 11:23:16,300] {logging_mixin.py:104} INFO - [2026-09-23 11:23:16,299] {dag.py:1824} INFO - Sync 1 DAGs
[2026-09-23 11:23:16,328] {logging_mixin.py:104} INFO - [2026-09-23 11:23:16,328] {dag.py:2280} INFO - Setting next_dagrun for example_task_group to 2026-09-21 00:00:00+00:00
[2026-09-23 11:23:16,352] {scheduler_job.py:190} INFO - Processing /home/airflow/.local/lib/python3.6/site-packages/airflow/example_dags/example_task_group.py took 0.134 seconds
[2026-09-23 11:23:47,095] {scheduler_job.py:182} INFO - Started process (PID=126) to work on /home/airflow/.local/lib/python3.6/site-packages/airflow/example_dags/example_task_group.py
[2026-09-23 11:23:47,096] {scheduler_job.py:629} INFO - Processing file /home/airflow/.local/lib/python3.6/site-packages/airflow/example_dags/example_task_group.py for tasks to queue
[2026-09-23 11:23:47,097] {logging_mixin.py:104} INFO - [2026-09-23 11:23:47,096] {dagbag.py:451} INFO - Filling up the DagBag from /home/airflow/.local/lib/python3.6/site-packages/airflow/example_dags/example_task_group.py
[2026-09-23 11:23:47,113] {scheduler_job.py:639} INFO - DAG(s) dict_keys(['example_task_group']) retrieved from /home/airflow/.local/lib/python3.6/site-packages/airflow/example_dags/example_task_group.py
[2026-09-23 11:23:47,138] {logging_mixin.py:104} INFO - [2026-09-23 11:23:47,138] {dag.py:1824} INFO - Sync 1 DAGs
[2026-09-23 11:23:47,160] {logging_mixin.py:104} INFO - [2026-09-23 11:23:47,160] {dag.py:2280} INFO - Setting next_dagrun for example_task_group to 2026-09-21 00:00:00+00:00
[2026-09-23 11:23:47,177] {scheduler_job.py:190} INFO - Processing /home/airflow/.local/lib/python3.6/site-packages/airflow/example_dags/example_task_group.py took 0.086 seconds
[2026-09-23 11:24:17,855] {scheduler_job.py:182} INFO - Started process (PID=152) to work on /home/airflow/.local/lib/python3.6/site-packages/airflow/example_dags/example_task_group.py
[2026-09-23 11:24:17,857] {scheduler_job.py:629} INFO - Processing file /home/airflow/.local/lib/python3.6/site-packages/airflow/example_dags/example_task_group.py for tasks to queue
[2026-09-23 11:24:17,858] {logging_mixin.py:104} INFO - [2026-09-23 11:24:17,858] {dagbag.py:451} INFO - Filling up the DagBag from /home/airflow/.local/lib/python3.6/site-packages/airflow/example_dags/example_task_group.py
[2026-09-23 11:24:17,876] {scheduler_job.py:639} INFO - DAG(s) dict_keys(['example_task_group']) retrieved from /home/airflow/.local/lib/python3.6/site-packages/airflow/example_dags/example_task_group.py
[2026-09-23 11:24:17,905] {logging_mixin.py:104} INFO - [2026-09-23 11:24:17,905] {dag.py:1824} INFO - Sync 1 DAGs
[2026-09-23 11:24:17,926] {logging_mixin.py:104} INFO - [2026-09-23 11:24:17,926] {dag.py:2280} INFO - Setting next_dagrun for example_task_group to 2026-09-21 00:00:00+00:00
[2026-09-23 11:24:17,940] {scheduler_job.py:190} INFO - Processing /home/airflow/.local/lib/python3.6/site-packages/airflow/example_dags/example_task_group.py took 0.089 seconds
[2026-09-23 11:24:48,486] {scheduler_job.py:182} INFO - Started process (PID=178) to work on /home/airflow/.local/lib/python3.6/site-packages/airflow/example_dags/example_task_group.py
[2026-09-23 11:24:48,488] {scheduler_job.py:629} INFO - Processing file /home/airflow/.local/lib/python3.6/site-packages/airflow/example_dags/example_task_group.py for tasks to queue
[2026-09-23 11:24:48,489] {logging_mixin.py:104} INFO - [2026-09-23 11:24:48,489] {dagbag.py:451} INFO - Filling up the DagBag from /home/airflow/.local/lib/python3.6/site-packages/airflow/example_dags/example_task_group.py
[2026-09-23 11:24:48,504] {scheduler_job.py:639} INFO - DAG(s) dict_keys(['example_task_group']) retrieved from /home/airflow/.local/lib/python3.6/site-packages/airflow/example_dags/example_task_group.py
[2026-09-23 11:24:48,533] {logging_mixin.py:104} INFO - [2026-09-23 11:24:48,533] {dag.py:1824} INFO - Sync 1 DAGs
[2026-09-23 11:24:48,553] {logging_mixin.py:104} INFO - [2026-09-23 11:24:48,553] {dag.py:2280} INFO - Setting next_dagrun for example_task_group to 2026-09-21 00:00:00+00:00
[2026-09-23 11:24:48,569] {scheduler_job.py:190} INFO - Processing /home/airflow/.local/lib/python3.6/site-packages/airflow/example_dags/example_task_group.py took 0.087 seconds
[2026-09-23 11:25:18,968] {scheduler_job.py:182} INFO - Started process (PID=204) to work on /home/airflow/.local/lib/python3.6/site-packages/airflow/example_dags/example_task_group.py
[2026-09-23 11:25:18,969] {scheduler_job.py:629} INFO - Processing file /home/airflow/.local/lib/python3.6/site-packages/airflow/example_dags/example_task_group.py for tasks to queue
[2026-09-23 11:25:18,970] {logging_mixin.py:104} INFO - [2026-09-23 11:25:18,970] {dagbag.py:451} INFO - Filling up the DagBag from /home/airflow/.local/lib/python3.6/site-packages/airflow/example_dags/example_task_group.py
[2026-09-23 11:25:18,989] {scheduler_job.py:639} INFO - DAG(s) dict_keys(['example_task_group']) retrieved from /home/airflow/.local/lib/python3.6/site-packages/airflow/example_dags/example_task_group.py
[2026-09-23 11:25:19,024] {logging_mixin.py:104} INFO - [2026-09-23 11:25:19,024] {dag.py:1824} INFO - Sync 1 DAGs
[2026-09-23 11:25:19,044] {logging_mixin.py:104} INFO - [2026-09-23 11:25:19,044] {dag.py:2280} INFO - Setting next_dagrun for example_task_group to 2026-09-21 00:00:00+00:00
[2026-09-23 11:25:19,056] {scheduler_job.py:190} INFO - Processing /home/airflow/.local/lib/python3.6/site-packages/airflow/example_dags/example_task_group.py took 0.092 seconds
[2026-09-23 11:25:49,462] {scheduler_job.py:182} INFO - Started process (PID=230) to work on /home/airflow/.local/lib/python3.6/site-packages/airflow/example_dags/example_task_group.py
[2026-09-23 11:25:49,463] {scheduler_job.py:629} INFO - Processing file /home/airflow/.local/lib/python3.6/site-packages/airflow/example_dags/example_task_group.py for tasks to queue
[2026-09-23 11:25:49,464] {logging_mixin.py:104} INFO - [2026-09-23 11:25:49,464] {dagbag.py:451} INFO - Filling up the DagBag from /home/airflow/.local/lib/python3.6/site-packages/airflow/example_dags/example_task_group.py
[2026-09-23 11:25:49,483] {scheduler_job.py:639} INFO - DAG(s) dict_keys(['example_task_group']) retrieved from /home/airflow/.local/lib/python3.6/site-packages/airflow/example_dags/example_task_group.py
[2026-09-23 11:25:49,516] {logging_mixin.py:104} INFO - [2026-09-23 11:25:49,516] {dag.py:1824} INFO - Sync 1 DAGs
[2026-09-23 11:25:49,541] {logging_mixin.py:104} INFO - [2026-09-23 11:25:49,541] {dag.py:2280} INFO - Setting next_dagrun for example_task_group to 2026-09-21 00:00:00+00:00
[2026-09-23 11:25:49,560] {scheduler_job.py:190} INFO - Processing /home/airflow/.local/lib/python3.6/site-packages/airflow/example_dags/example_task_group.py took 0.103 seconds
[2026-09-23 11:26:20,051] {scheduler_job.py:182} INFO - Started process (PID=256) to work on /home/airflow/.local/lib/python3.6/site-packages/airflow/example_dags/example_task_group.py
[2026-09-23 11:26:20,052] {scheduler_job.py:629} INFO - Processing file /home/airflow/.local/lib/python3.6/site-packages/airflow/example_dags/example_task_group.py for tasks to queue
[2026-09-23 11:26:20,053] {logging_mixin.py:104} INFO - [2026-09-23 11:26:20,052] {dagbag.py:451} INFO - Filling up the DagBag from /home/airflow/.local/lib/python3.6/site-packages/airflow/example_dags/example_task_group.py
[2026-09-23 11:26:20,068] {scheduler_job.py:639} INFO - DAG(s) dict_keys(['example_task_group']) retrieved from /home/airflow/.local/lib/python3.6/site-packages/airflow/example_dags/example_task_group.py
[2026-09-23 11:26:20,094] {logging_mixin.py:104} INFO - [2026-09-23 11:26:20,094] {dag.py:1824} INFO - Sync 1 DAGs
[2026-09-23 11:26:20,115] {logging_mixin.py:104} INFO - [2026-09-23 11:26:20,115] {dag.py:2280} INFO - Setting next_dagrun for example_task_group to 2026-09-21 00:00:00+00:00
[2026-09-23 11:26:20,131] {scheduler_job.py:190} INFO - Processing /home/airflow/.local/lib/python3.6/site-packages/airflow/example_dags/example_task_group.py took 0.084 seconds
[2026-09-23 11:26:50,896] {scheduler_job.py:182} INFO - Started process (PID=282) to work on /home/airflow/.local/lib/python3.6/site-packages/airflow/example_dags/example_task_group.py
[2026-09-23 11:26:50,899] {scheduler_job.py:629} INFO - Processing file /home/airflow/.local/lib/python3.6/site-packages/airflow/example_dags/example_task_group.py for tasks to queue
[2026-09-23 11:26:50,900] {logging_mixin.py:104} INFO - [2026-09-23 11:26:50,900] {dagbag.py:451} INFO - Filling up the DagBag from /home/airflow/.local/lib/python3.6/site-packages/airflow/example_dags/example_task_group.py
[2026-09-23 11:26:50,925] {scheduler_job.py:639} INFO - DAG(s) dict_keys(['example_task_group']) retrieved from /home/airflow/.local/lib/python3.6/site-packages/airflow/example_dags/example_task_group.py
[2026-09-23 11:26:50,964] {logging_mixin.py:104} INFO - [2026-09-23 11:26:50,964] {dag.py:1824} INFO - Sync 1 DAGs
[2026-09-23 11:26:50,996] {logging_mixin.py:104} INFO - [2026-09-23 11:26:50,996] {dag.py:2280} INFO - Setting next_dagrun for example_task_group to 2026-09-21 00:00:00+00:00
[2026-09-23 11:26:51,011] {scheduler_job.py:190} INFO - Processing /home/airflow/.local/lib/python3.6/site-packages/airflow/example_dags/example_task_group.py took 0.121 seconds
[2026-09-23 11:27:21,724] {scheduler_job.py:182} INFO - Started process (PID=308) to work on /home/airflow/.local/lib/python3.6/site-packages/airflow/example_dags/example_task_group.py
[2026-09-23 11:27:21,725] {scheduler_job.py:629} INFO - Processing file /home/airflow/.local/lib/python3.6/site-packages/airflow/example_dags/example_task_group.py for tasks to queue
[2026-09-23 11:27:21,726] {logging_mixin.py:104} INFO - [2026-09-23 11:27:21,725] {dagbag.py:451} INFO - Filling up the DagBag from /home/airflow/.local/lib/python3.6/site-packages/airflow/example_dags/example_task_group.py
[2026-09-23 11:27:21,740] {scheduler_job.py:639} INFO - DAG(s) dict_keys(['example_task_group']) retrieved from /home/airflow/.local/lib/python3.6/site-packages/airflow/example_dags/example_task_group.py
[2026-09-23 11:27:21,765] {logging_mixin.py:104} INFO - [2026-09-23 11:27:21,765] {dag.py:1824} INFO - Sync 1 DAGs
[2026-09-23 11:27:21,784] {logging_mixin.py:104} INFO - [2026-09-23 11:27:21,784] {dag.py:2280} INFO - Setting next_dagrun for example_task_group to 2026-09-21 00:00:00+00:00
[2026-09-23 11:27:21,798] {scheduler_job.py:190} INFO - Processing /home/airflow/.local/lib/python3.6/site-packages/airflow/example_dags/example_task_group.py took 0.078 seconds
[2026-09-23 11:27:52,743] {scheduler_job.py:182} INFO - Started process (PID=334) to work on /home/airflow/.local/lib/python3.6/site-packages/airflow/example_dags/example_task_group.py
[2026-09-23 11:27:52,745] {scheduler_job.py:629} INFO - Processing file /home/airflow/.local/lib/python3.6/site-packages/airflow/example_dags/example_task_group.py for tasks to queue
[2026-09-23 11:27:52,746] {logging_mixin.py:104} INFO - [2026-09-23 11:27:52,746] {dagbag.py:451} INFO - Filling up the DagBag from /home/airflow/.local/lib/python3.6/site-packages/airflow/example_dags/example_task_group.py
[2026-09-23 11:27:52,765] {scheduler_job.py:639} INFO - DAG(s) dict_keys(['example_task_group']) retrieved from /home/airflow/.local/lib/python3.6/site-packages/airflow/example_dags/example_task_group.py
[2026-09-23 11:27:52,820] {logging_mixin.py:104} INFO - [2026-09-23 11:27:52,819] {dag.py:1824} INFO - Sync 1 DAGs
[2026-09-23 11:27:52,849] {logging_mixin.py:104} INFO - [2026-09-23 11:27:52,848] {dag.py:2280} INFO - Setting next_dagrun for example_task_group to 2026-09-21 00:00:00+00:00
[2026-09-23 11:27:52,873] {scheduler_job.py:190} INFO - Processing /home/airflow/.local/lib/python3.6/site-packages/airflow/example_dags/example_task_group.py took 0.135 seconds
[2026-09-23 11:28:22,909] {scheduler_job.py:182} INFO - Started process (PID=359) to work on /home/airflow/.local/lib/python3.6/site-packages/airflow/example_dags/example_task_group.py
[2026-09-23 11:28:22,910] {scheduler_job.py:629} INFO - Processing file /home/airflow/.local/lib/python3.6/site-packages/airflow/example_dags/example_task_group.py for tasks to queue
[2026-09-23 11:28:22,911] {logging_mixin.py:104} INFO - [2026-09-23 11:28:22,911] {dagbag.py:451} INFO - Filling up the DagBag from /home/airflow/.local/lib/python3.6/site-packages/airflow/example_dags/example_task_group.py
[2026-09-23 11:28:22,928] {scheduler_job.py:639} INFO - DAG(s) dict_keys(['example_task_group']) retrieved from /home/airflow/.local/lib/python3.6/site-packages/airflow/example_dags/example_task_group.py
[2026-09-23 11:28:22,959] {logging_mixin.py:104} INFO - [2026-09-23 11:28:22,959] {dag.py:1824} INFO - Sync 1 DAGs
[2026-09-23 11:28:22,987] {logging_mixin.py:104} INFO - [2026-09-23 11:28:22,987] {dag.py:2280} INFO - Setting next_dagrun for example_task_group to 2026-09-21 00:00:00+00:00
[2026-09-23 11:28:23,007] {scheduler_job.py:190} INFO - Processing /home/airflow/.local/lib/python3.6/site-packages/airflow/example_dags/example_task_group.py took 0.102 seconds
[2026-09-23 11:28:53,538] {scheduler_job.py:182} INFO - Started process (PID=385) to work on /home/airflow/.local/lib/python3.6/site-packages/airflow/example_dags/example_task_group.py
[2026-09-23 11:28:53,539] {scheduler_job.py:629} INFO - Processing file /home/airflow/.local/lib/python3.6/site-packages/airflow/example_dags/example_task_group.py for tasks to queue
[2026-09-23 11:28:53,540] {logging_mixin.py:104} INFO - [2026-09-23 11:28:53,540] {dagbag.py:451} INFO - Filling up the DagBag from /home/airflow/.local/lib/python3.6/site-packages/airflow/example_dags/example_task_group.py
[2026-09-23 11:28:53,556] {scheduler_job.py:639} INFO - DAG(s) dict_keys(['example_task_group']) retrieved from /home/airflow/.local/lib/python3.6/site-packages/airflow/example_dags/example_task_group.py
[2026-09-23 11:28:53,582] {logging_mixin.py:104} INFO - [2026-09-23 11:28:53,582] {dag.py:1824} INFO - Sync 1 DAGs
[2026-09-23 11:28:53,603] {logging_mixin.py:104} INFO - [2026-09-23 11:28:53,603] {dag.py:2280} INFO - Setting next_dagrun for example_task_group to 2026-09-21 00:00:00+00:00
[2026-09-23 11:28:53,620] {scheduler_job.py:190} INFO - Processing /home/airflow/.local/lib/python3.6/site-packages/airflow/example_dags/example_task_group.py took 0.086 seconds
[2026-09-23 11:29:24,038] {scheduler_job.py:182} INFO - Started process (PID=411) to work on /home/airflow/.local/lib/python3.6/site-packages/airflow/example_dags/example_task_group.py
[2026-09-23 11:29:24,040] {scheduler_job.py:629} INFO - Processing file /home/airflow/.local/lib/python3.6/site-packages/airflow/example_dags/example_task_group.py for tasks to queue
[2026-09-23 11:29:24,040] {logging_mixin.py:104} INFO - [2026-09-23 11:29:24,040] {dagbag.py:451} INFO - Filling up the DagBag from /home/airflow/.local/lib/python3.6/site-packages/airflow/example_dags/example_task_group.py
[2026-09-23 11:29:24,055] {scheduler_job.py:639} INFO - DAG(s) dict_keys(['example_task_group']) retrieved from /home/airflow/.local/lib/python3.6/site-packages/airflow/example_dags/example_task_group.py
[2026-09-23 11:29:24,079] {logging_mixin.py:104} INFO - [2026-09-23 11:29:24,079] {dag.py:1824} INFO - Sync 1 DAGs
[2026-09-23 11:29:24,097] {logging_mixin.py:104} INFO - [2026-09-23 11:29:24,096] {dag.py:2280} INFO - Setting next_dagrun for example_task_group to 2026-09-21 00:00:00+00:00
[2026-09-23 11:29:24,112] {scheduler_job.py:190} INFO - Processing /home/airflow/.local/lib/python3.6/site-packages/airflow/example_dags/example_task_group.py took 0.079 seconds
[2026-09-23 11:29:54,710] {scheduler_job.py:182} INFO - Started process (PID=437) to work on /home/airflow/.local/lib/python3.6/site-packages/airflow/example_dags/example_task_group.py
[2026-09-23 11:29:54,711] {scheduler_job.py:629} INFO - Processing file /home/airflow/.local/lib/python3.6/site-packages/airflow/example_dags/example_task_group.py for tasks to queue
[2026-09-23 11:29:54,712] {logging_mixin.py:104} INFO - [2026-09-23 11:29:54,712] {dagbag.py:451} INFO - Filling up the DagBag from /home/airflow/.local/lib/python3.6/site-packages/airflow/example_dags/example_task_group.py
[2026-09-23 11:29:54,731] {scheduler_job.py:639} INFO - DAG(s) dict_keys(['example_task_group']) retrieved from /home/airflow/.local/lib/python3.6/site-packages/airflow/example_dags/example_task_group.py
[2026-09-23 11:29:54,772] {logging_mixin.py:104} INFO - [2026-09-23 11:29:54,771] {dag.py:1824} INFO - Sync 1 DAGs
[2026-09-23 11:29:54,803] {logging_mixin.py:104} INFO - [2026-09-23 11:29:54,802] {dag.py:2280} INFO - Setting next_dagrun for example_task_group to 2026-09-21 00:00:00+00:00
[2026-09-23 11:29:54,827] {scheduler_job.py:190} INFO - Processing /home/airflow/.local/lib/python3.6/site-packages/airflow/example_dags/example_task_group.py took 0.121 seconds
[2026-09-23 11:30:25,379] {scheduler_job.py:182} INFO - Started process (PID=463) to work on /home/airflow/.local/lib/python3.6/site-packages/airflow/example_dags/example_task_group.py
[2026-09-23 11:30:25,381] {scheduler_job.py:629} INFO - Processing file /home/airflow/.local/lib/python3.6/site-packages/airflow/example_dags/example_task_group.py for tasks to queue
[2026-09-23 11:30:25,382] {logging_mixin.py:104} INFO - [2026-09-23 11:30:25,382] {dagbag.py:451} INFO - Filling up the DagBag from /home/airflow/.local/lib/python3.6/site-packages/airflow/example_dags/example_task_group.py
[2026-09-23 11:30:25,409] {scheduler_job.py:639} INFO - DAG(s) dict_keys(['example_task_group']) retrieved from /home/airflow/.local/lib/python3.6/site-packages/airflow/example_dags/example_task_group.py
[2026-09-23 11:30:25,452] {logging_mixin.py:104} INFO - [2026-09-23 11:30:25,451] {dag.py:1824} INFO - Sync 1 DAGs
[2026-09-23 11:30:25,484] {logging_mixin.py:104} INFO - [2026-09-23 11:30:25,484] {dag.py:2280} INFO - Setting next_dagrun for example_task_group to 2026-09-21 00:00:00+00:00
[2026-09-23 11:30:25,518] {scheduler_job.py:190} INFO - Processing /home/airflow/.local/lib/python3.6/site-packages/airflow/example_dags/example_task_group.py took 0.146 seconds
[2026-09-23 11:30:56,003] {scheduler_job.py:182} INFO - Started process (PID=489) to work on /home/airflow/.local/lib/python3.6/site-packages/airflow/example_dags/example_task_group.py
[2026-09-23 11:30:56,005] {scheduler_job.py:629} INFO - Processing file /home/airflow/.local/lib/python3.6/site-packages/airflow/example_dags/example_task_group.py for tasks to queue
[2026-09-23 11:30:56,006] {logging_mixin.py:104} INFO - [2026-09-23 11:30:56,006] {dagbag.py:451} INFO - Filling up the DagBag from /home/airflow/.local/lib/python3.6/site-packages/airflow/example_dags/example_task_group.py
[2026-09-23 11:30:56,022] {scheduler_job.py:639} INFO - DAG(s) dict_keys(['example_task_group']) retrieved from /home/airflow/.local/lib/python3.6/site-packages/airflow/example_dags/example_task_group.py
[2026-09-23 11:30:56,048] {logging_mixin.py:104} INFO - [2026-09-23 11:30:56,047] {dag.py:1824} INFO - Sync 1 DAGs
[2026-09-23 11:30:56,065] {logging_mixin.py:104} INFO - [2026-09-23 11:30:56,065] {dag.py:2280} INFO - Setting next_dagrun for example_task_group to 2026-09-21 00:00:00+00:00
[2026-09-23 11:30:56,078] {scheduler_job.py:190} INFO - Processing /home/airflow/.local/lib/python3.6/site-packages/airflow/example_dags/example_task_group.py took 0.079 seconds
[2026-09-23 11:31:26,492] {scheduler_job.py:182} INFO - Started process (PID=515) to work on /home/airflow/.local/lib/python3.6/site-packages/airflow/example_dags/example_task_group.py
[2026-09-23 11:31:26,494] {scheduler_job.py:629} INFO - Processing file /home/airflow/.local/lib/python3.6/site-packages/airflow/example_dags/example_task_group.py for tasks to queue
[2026-09-23 11:31:26,495] {logging_mixin.py:104} INFO - [2026-09-23 11:31:26,495] {dagbag.py:451} INFO - Filling up the DagBag from /home/airflow/.local/lib/python3.6/site-packages/airflow/example_dags/example_task_group.py
[2026-09-23 11:31:26,519] {scheduler_job.py:639} INFO - DAG(s) dict_keys(['example_task_group']) retrieved from /home/airflow/.local/lib/python3.6/site-packages/airflow/example_dags/example_task_group.py
[2026-09-23 11:31:26,545] {logging_mixin.py:104} INFO - [2026-09-23 11:31:26,545] {dag.py:1824} INFO - Sync 1 DAGs
[2026-09-23 11:31:26,564] {logging_mixin.py:104} INFO - [2026-09-23 11:31:26,563] {dag.py:2280} INFO - Setting next_dagrun for example_task_group to 2026-09-21 00:00:00+00:00
[2026-09-23 11:31:26,577] {scheduler_job.py:190} INFO - Processing /home/airflow/.local/lib/python3.6/site-packages/airflow/example_dags/example_task_group.py took 0.090 seconds
[2026-09-23 11:31:57,038] {scheduler_job.py:182} INFO - Started process (PID=541) to work on /home/airflow/.local/lib/python3.6/site-packages/airflow/example_dags/example_task_group.py
[2026-09-23 11:31:57,039] {scheduler_job.py:629} INFO - Processing file /home/airflow/.local/lib/python3.6/site-packages/airflow/example_dags/example_task_group.py for tasks to queue
[2026-09-23 11:31:57,040] {logging_mixin.py:104} INFO - [2026-09-23 11:31:57,040] {dagbag.py:451} INFO - Filling up the DagBag from /home/airflow/.local/lib/python3.6/site-packages/airflow/example_dags/example_task_group.py
[2026-09-23 11:31:57,056] {scheduler_job.py:639} INFO - DAG(s) dict_keys(['example_task_group']) retrieved from /home/airflow/.local/lib/python3.6/site-packages/airflow/example_dags/example_task_group.py
[2026-09-23 11:31:57,083] {logging_mixin.py:104} INFO - [2026-09-23 11:31:57,082] {dag.py:1824} INFO - Sync 1 DAGs
[2026-09-23 11:31:57,108] {logging_mixin.py:104} INFO - [2026-09-23 11:31:57,108] {dag.py:2280} INFO - Setting next_dagrun for example_task_group to 2026-09-21 00:00:00+00:00
[2026-09-23 11:31:57,124] {scheduler_job.py:190} INFO - Processing /home/airflow/.local/lib/python3.6/site-packages/airflow/example_dags/example_task_group.py took 0.090 seconds
[2026-09-23 11:32:27,495] {scheduler_job.py:182} INFO - Started process (PID=567) to work on /home/airflow/.local/lib/python3.6/site-packages/airflow/example_dags/example_task_group.py
[2026-09-23 11:32:27,496] {scheduler_job.py:629} INFO - Processing file /home/airflow/.local/lib/python3.6/site-packages/airflow/example_dags/example_task_group.py for tasks to queue
[2026-09-23 11:32:27,497] {logging_mixin.py:104} INFO - [2026-09-23 11:32:27,497] {dagbag.py:451} INFO - Filling up the DagBag from /home/airflow/.local/lib/python3.6/site-packages/airflow/example_dags/example_task_group.py
[2026-09-23 11:32:27,512] {scheduler_job.py:639} INFO - DAG(s) dict_keys(['example_task_group']) retrieved from /home/airflow/.local/lib/python3.6/site-packages/airflow/example_dags/example_task_group.py
[2026-09-23 11:32:27,540] {logging_mixin.py:104} INFO - [2026-09-23 11:32:27,540] {dag.py:1824} INFO - Sync 1 DAGs
[2026-09-23 11:32:27,562] {logging_mixin.py:104} INFO - [2026-09-23 11:32:27,562] {dag.py:2280} INFO - Setting next_dagrun for example_task_group to 2026-09-21 00:00:00+00:00
[2026-09-23 11:32:27,579] {scheduler_job.py:190} INFO - Processing /home/airflow/.local/lib/python3.6/site-packages/airflow/example_dags/example_task_group.py took 0.088 seconds
[2026-09-23 11:32:58,046] {scheduler_job.py:182} INFO - Started process (PID=593) to work on /home/airflow/.local/lib/python3.6/site-packages/airflow/example_dags/example_task_group.py
[2026-09-23 11:32:58,047] {scheduler_job.py:629} INFO - Processing file /home/airflow/.local/lib/python3.6/site-packages/airflow/example_dags/example_task_group.py for tasks to queue
[2026-09-23 11:32:58,048] {logging_mixin.py:104} INFO - [2026-09-23 11:32:58,048] {dagbag.py:451} INFO - Filling up the DagBag from /home/airflow/.local/lib/python3.6/site-packages/airflow/example_dags/example_task_group.py
[2026-09-23 11:32:58,064] {scheduler_job.py:639} INFO - DAG(s) dict_keys(['example_task_group']) retrieved from /home/airflow/.local/lib/python3.6/site-packages/airflow/example_dags/example_task_group.py
[2026-09-23 11:32:58,096] {logging_mixin.py:104} INFO - [2026-09-23 11:32:58,096] {dag.py:1824} INFO - Sync 1 DAGs
[2026-09-23 11:32:58,126] {logging_mixin.py:104} INFO - [2026-09-23 11:32:58,126] {dag.py:2280} INFO - Setting next_dagrun for example_task_group to 2026-09-21 00:00:00+00:00
[2026-09-23 11:32:58,143] {scheduler_job.py:190} INFO - Processing /home/airflow/.local/lib/python3.6/site-packages/airflow/example_dags/example_task_group.py took 0.102 seconds
[2026-09-23 11:33:28,552] {scheduler_job.py:182} INFO - Started process (PID=619) to work on /home/airflow/.local/lib/python3.6/site-packages/airflow/example_dags/example_task_group.py
[2026-09-23 11:33:28,554] {scheduler_job.py:629} INFO - Processing file /home/airflow/.local/lib/python3.6/site-packages/airflow/example_dags/example_task_group.py for tasks to queue
[2026-09-23 11:33:28,554] {logging_mixin.py:104} INFO - [2026-09-23 11:33:28,554] {dagbag.py:451} INFO - Filling up the DagBag from /home/airflow/.local/lib/python3.6/site-packages/airflow/example_dags/example_task_group.py
[2026-09-23 11:33:28,570] {scheduler_job.py:639} INFO - DAG(s) dict_keys(['example_task_group']) retrieved from /home/airflow/.local/lib/python3.6/site-packages/airflow/example_dags/example_task_group.py
[2026-09-23 11:33:28,600] {logging_mixin.py:104} INFO - [2026-09-23 11:33:28,599] {dag.py:1824} INFO - Sync 1 DAGs
[2026-09-23 11:33:28,626] {logging_mixin.py:104} INFO - [2026-09-23 11:33:28,626] {dag.py:2280} INFO - Setting next_dagrun for example_task_group to 2026-09-21 00:00:00+00:00
[2026-09-23 11:33:28,644] {scheduler_job.py:190} INFO - Processing /home/airflow/.local/lib/python3.6/site-packages/airflow/example_dags/example_task_group.py took 0.096 seconds
[2026-09-23 11:33:59,082] {scheduler_job.py:182} INFO - Started process (PID=645) to work on /home/airflow/.local/lib/python3.6/site-packages/airflow/example_dags/example_task_group.py
[2026-09-23 11:33:59,083] {scheduler_job.py:629} INFO - Processing file /home/airflow/.local/lib/python3.6/site-packages/airflow/example_dags/example_task_group.py for tasks to queue
[2026-09-23 11:33:59,085] {logging_mixin.py:104} INFO - [2026-09-23 11:33:59,084] {dagbag.py:451} INFO - Filling up the DagBag from /home/airflow/.local/lib/python3.6/site-packages/airflow/example_dags/example_task_group.py
[2026-09-23 11:33:59,108] {scheduler_job.py:639} INFO - DAG(s) dict_keys(['example_task_group']) retrieved from /home/airflow/.local/lib/python3.6/site-packages/airflow/example_dags/example_task_group.py
[2026-09-23 11:33:59,149] {logging_mixin.py:104} INFO - [2026-09-23 11:33:59,149] {dag.py:1824} INFO - Sync 1 DAGs
[2026-09-23 11:33:59,179] {logging_mixin.py:104} INFO - [2026-09-23 11:33:59,178] {dag.py:2280} INFO - Setting next_dagrun for example_task_group to 2026-09-21 00:00:00+00:00
[2026-09-23 11:33:59,199] {scheduler_job.py:190} INFO - Processing /home/airflow/.local/lib/python3.6/site-packages/airflow/example_dags/example_task_group.py took 0.122 seconds
[2026-09-23 11:34:29,728] {scheduler_job.py:182} INFO - Started process (PID=671) to work on /home/airflow/.local/lib/python3.6/site-packages/airflow/example_dags/example_task_group.py
[2026-09-23 11:34:29,731] {scheduler_job.py:629} INFO - Processing file /home/airflow/.local/lib/python3.6/site-packages/airflow/example_dags/example_task_group.py for tasks to queue
[2026-09-23 11:34:29,731] {logging_mixin.py:104} INFO - [2026-09-23 11:34:29,731] {dagbag.py:451} INFO - Filling up the DagBag from /home/airflow/.local/lib/python3.6/site-packages/airflow/example_dags/example_task_group.py
[2026-09-23 11:34:29,747] {scheduler_job.py:639} INFO - DAG(s) dict_keys(['example_task_group']) retrieved from /home/airflow/.local/lib/python3.6/site-packages/airflow/example_dags/example_task_group.py
[2026-09-23 11:34:29,780] {logging_mixin.py:104} INFO - [2026-09-23 11:34:29,780] {dag.py:1824} INFO - Sync 1 DAGs
[2026-09-23 11:34:29,808] {logging_mixin.py:104} INFO - [2026-09-23 11:34:29,808] {dag.py:2280} INFO - Setting next_dagrun for example_task_group to 2026-09-21 00:00:00+00:00
[2026-09-23 11:34:29,823] {scheduler_job.py:190} INFO - Processing /home/airflow/.local/lib/python3.6/site-packages/airflow/example_dags/example_task_group.py took 0.099 seconds
[2026-09-23 11:35:00,292] {scheduler_job.py:182} INFO - Started process (PID=697) to work on /home/airflow/.local/lib/python3.6/site-packages/airflow/example_dags/example_task_group.py
[2026-09-23 11:35:00,293] {scheduler_job.py:629} INFO - Processing file /home/airflow/.local/lib/python3.6/site-packages/airflow/example_dags/example_task_group.py for tasks to queue
[2026-09-23 11:35:00,294] {logging_mixin.py:104} INFO - [2026-09-23 11:35:00,293] {dagbag.py:451} INFO - Filling up the DagBag from /home/airflow/.local/lib/python3.6/site-packages/airflow/example_dags/example_task_group.py
[2026-09-23 11:35:00,308] {scheduler_job.py:639} INFO - DAG(s) dict_keys(['example_task_group']) retrieved from /home/airflow/.local/lib/python3.6/site-packages/airflow/example_dags/example_task_group.py
[2026-09-23 11:35:00,335] {logging_mixin.py:104} INFO - [2026-09-23 11:35:00,335] {dag.py:1824} INFO - Sync 1 DAGs
[2026-09-23 11:35:00,353] {logging_mixin.py:104} INFO - [2026-09-23 11:35:00,353] {dag.py:2280} INFO - Setting next_dagrun for example_task_group to 2026-09-21 00:00:00+00:00
[2026-09-23 11:35:00,370] {scheduler_job.py:190} INFO - Processing /home/airflow/.local/lib/python3.6/site-packages/airflow/example_dags/example_task_group.py took 0.083 seconds
[2026-09-23 11:35:31,317] {scheduler_job.py:182} INFO - Started process (PID=723) to work on /home/airflow/.local/lib/python3.6/site-packages/airflow/example_dags/example_task_group.py
[2026-09-23 11:35:31,321] {scheduler_job.py:629} INFO - Processing file /home/airflow/.local/lib/python3.6/site-packages/airflow/example_dags/example_task_group.py for tasks to queue
[2026-09-23 11:35:31,323] {logging_mixin.py:104} INFO - [2026-09-23 11:35:31,322] {dagbag.py:451} INFO - Filling up the DagBag from /home/airflow/.local/lib/python3.6/site-packages/airflow/example_dags/example_task_group.py
[2026-09-23 11:35:31,391] {scheduler_job.py:639} INFO - DAG(s) dict_keys(['example_task_group']) retrieved from /home/airflow/.local/lib/python3.6/site-packages/airflow/example_dags/example_task_group.py
[2026-09-23 11:35:31,452] {logging_mixin.py:104} INFO - [2026-09-23 11:35:31,452] {dag.py:1824} INFO - Sync 1 DAGs
[2026-09-23 11:35:31,486] {logging_mixin.py:104} INFO - [2026-09-23 11:35:31,485] {dag.py:2280} INFO - Setting next_dagrun for example_task_group to 2026-09-21 00:00:00+00:00
[2026-09-23 11:35:31,512] {scheduler_job.py:190} INFO - Processing /home/airflow/.local/lib/python3.6/site-packages/airflow/example_dags/example_task_group.py took 0.201 seconds
[2026-09-23 11:36:01,665] {scheduler_job.py:182} INFO - Started process (PID=749) to work on /home/airflow/.local/lib/python3.6/site-packages/airflow/example_dags/example_task_group.py
[2026-09-23 11:36:01,667] {scheduler_job.py:629} INFO - Processing file /home/airflow/.local/lib/python3.6/site-packages/airflow/example_dags/example_task_group.py for tasks to queue
[2026-09-23 11:36:01,668] {logging_mixin.py:104} INFO - [2026-09-23 11:36:01,668] {dagbag.py:451} INFO - Filling up the DagBag from /home/airflow/.local/lib/python3.6/site-packages/airflow/example_dags/example_task_group.py
[2026-09-23 11:36:01,692] {scheduler_job.py:639} INFO - DAG(s) dict_keys(['example_task_group']) retrieved from /home/airflow/.local/lib/python3.6/site-packages/airflow/example_dags/example_task_group.py
[2026-09-23 11:36:01,731] {logging_mixin.py:104} INFO - [2026-09-23 11:36:01,730] {dag.py:1824} INFO - Sync 1 DAGs
[2026-09-23 11:36:01,761] {logging_mixin.py:104} INFO - [2026-09-23 11:36:01,761] {dag.py:2280} INFO - Setting next_dagrun for example_task_group to 2026-09-21 00:00:00+00:00
[2026-09-23 11:36:01,787] {scheduler_job.py:190} INFO - Processing /home/airflow/.local/lib/python3.6/site-packages/airflow/example_dags/example_task_group.py took 0.131 seconds
[2026-09-23 11:36:32,446] {scheduler_job.py:182} INFO - Started process (PID=779) to work on /home/airflow/.local/lib/python3.6/site-packages/airflow/example_dags/example_task_group.py
[2026-09-23 11:36:32,447] {scheduler_job.py:629} INFO - Processing file /home/airflow/.local/lib/python3.6/site-packages/airflow/example_dags/example_task_group.py for tasks to queue
[2026-09-23 11:36:32,448] {logging_mixin.py:104} INFO - [2026-09-23 11:36:32,448] {dagbag.py:451} INFO - Filling up the DagBag from /home/airflow/.local/lib/python3.6/site-packages/airflow/example_dags/example_task_group.py
[2026-09-23 11:36:32,472] {scheduler_job.py:639} INFO - DAG(s) dict_keys(['example_task_group']) retrieved from /home/airflow/.local/lib/python3.6/site-packages/airflow/example_dags/example_task_group.py
[2026-09-23 11:36:32,514] {logging_mixin.py:104} INFO - [2026-09-23 11:36:32,513] {dag.py:1824} INFO - Sync 1 DAGs
[2026-09-23 11:36:32,538] {logging_mixin.py:104} INFO - [2026-09-23 11:36:32,537] {dag.py:2280} INFO - Setting next_dagrun for example_task_group to 2026-09-21 00:00:00+00:00
[2026-09-23 11:36:32,568] {scheduler_job.py:190} INFO - Processing /home/airflow/.local/lib/python3.6/site-packages/airflow/example_dags/example_task_group.py took 0.127 seconds
[2026-09-23 11:37:02,944] {scheduler_job.py:182} INFO - Started process (PID=806) to work on /home/airflow/.local/lib/python3.6/site-packages/airflow/example_dags/example_task_group.py
[2026-09-23 11:37:02,946] {scheduler_job.py:629} INFO - Processing file /home/airflow/.local/lib/python3.6/site-packages/airflow/example_dags/example_task_group.py for tasks to queue
[2026-09-23 11:37:02,946] {logging_mixin.py:104} INFO - [2026-09-23 11:37:02,946] {dagbag.py:451} INFO - Filling up the DagBag from /home/airflow/.local/lib/python3.6/site-packages/airflow/example_dags/example_task_group.py
[2026-09-23 11:37:02,964] {scheduler_job.py:639} INFO - DAG(s) dict_keys(['example_task_group']) retrieved from /home/airflow/.local/lib/python3.6/site-packages/airflow/example_dags/example_task_group.py
[2026-09-23 11:37:02,995] {logging_mixin.py:104} INFO - [2026-09-23 11:37:02,995] {dag.py:1824} INFO - Sync 1 DAGs
[2026-09-23 11:37:03,020] {logging_mixin.py:104} INFO - [2026-09-23 11:37:03,020] {dag.py:2280} INFO - Setting next_dagrun for example_task_group to 2026-09-21 00:00:00+00:00
[2026-09-23 11:37:03,039] {scheduler_job.py:190} INFO - Processing /home/airflow/.local/lib/python3.6/site-packages/airflow/example_dags/example_task_group.py took 0.101 seconds
[2026-09-23 11:37:33,313] {scheduler_job.py:182} INFO - Started process (PID=833) to work on /home/airflow/.local/lib/python3.6/site-packages/airflow/example_dags/example_task_group.py
[2026-09-23 11:37:33,315] {scheduler_job.py:629} INFO - Processing file /home/airflow/.local/lib/python3.6/site-packages/airflow/example_dags/example_task_group.py for tasks to queue
[2026-09-23 11:37:33,316] {logging_mixin.py:104} INFO - [2026-09-23 11:37:33,316] {dagbag.py:451} INFO - Filling up the DagBag from /home/airflow/.local/lib/python3.6/site-packages/airflow/example_dags/example_task_group.py
[2026-09-23 11:37:33,345] {scheduler_job.py:639} INFO - DAG(s) dict_keys(['example_task_group']) retrieved from /home/airflow/.local/lib/python3.6/site-packages/airflow/example_dags/example_task_group.py
[2026-09-23 11:37:33,423] {logging_mixin.py:104} INFO - [2026-09-23 11:37:33,423] {dag.py:1824} INFO - Sync 1 DAGs
[2026-09-23 11:37:33,462] {logging_mixin.py:104} INFO - [2026-09-23 11:37:33,462] {dag.py:2280} INFO - Setting next_dagrun for example_task_group to 2026-09-21 00:00:00+00:00
[2026-09-23 11:37:33,497] {scheduler_job.py:190} INFO - Processing /home/airflow/.local/lib/python3.6/site-packages/airflow/example_dags/example_task_group.py took 0.193 seconds
[2026-09-23 11:38:03,666] {scheduler_job.py:182} INFO - Started process (PID=859) to work on /home/airflow/.local/lib/python3.6/site-packages/airflow/example_dags/example_task_group.py
[2026-09-23 11:38:03,667] {scheduler_job.py:629} INFO - Processing file /home/airflow/.local/lib/python3.6/site-packages/airflow/example_dags/example_task_group.py for tasks to queue
[2026-09-23 11:38:03,668] {logging_mixin.py:104} INFO - [2026-09-23 11:38:03,668] {dagbag.py:451} INFO - Filling up the DagBag from /home/airflow/.local/lib/python3.6/site-packages/airflow/example_dags/example_task_group.py
[2026-09-23 11:38:03,690] {scheduler_job.py:639} INFO - DAG(s) dict_keys(['example_task_group']) retrieved from /home/airflow/.local/lib/python3.6/site-packages/airflow/example_dags/example_task_group.py
[2026-09-23 11:38:03,725] {logging_mixin.py:104} INFO - [2026-09-23 11:38:03,725] {dag.py:1824} INFO - Sync 1 DAGs
[2026-09-23 11:38:03,755] {logging_mixin.py:104} INFO - [2026-09-23 11:38:03,755] {dag.py:2280} INFO - Setting next_dagrun for example_task_group to 2026-09-21 00:00:00+00:00
[2026-09-23 11:38:03,778] {scheduler_job.py:190} INFO - Processing /home/airflow/.local/lib/python3.6/site-packages/airflow/example_dags/example_task_group.py took 0.117 seconds
[2026-09-23 11:38:34,058] {scheduler_job.py:182} INFO - Started process (PID=885) to work on /home/airflow/.local/lib/python3.6/site-packages/airflow/example_dags/example_task_group.py
[2026-09-23 11:38:34,060] {scheduler_job.py:629} INFO - Processing file /home/airflow/.local/lib/python3.6/site-packages/airflow/example_dags/example_task_group.py for tasks to queue
[2026-09-23 11:38:34,061] {logging_mixin.py:104} INFO - [2026-09-23 11:38:34,060] {dagbag.py:451} INFO - Filling up the DagBag from /home/airflow/.local/lib/python3.6/site-packages/airflow/example_dags/example_task_group.py
[2026-09-23 11:38:34,085] {scheduler_job.py:639} INFO - DAG(s) dict_keys(['example_task_group']) retrieved from /home/airflow/.local/lib/python3.6/site-packages/airflow/example_dags/example_task_group.py
[2026-09-23 11:38:34,118] {logging_mixin.py:104} INFO - [2026-09-23 11:38:34,118] {dag.py:1824} INFO - Sync 1 DAGs
[2026-09-23 11:38:34,145] {logging_mixin.py:104} INFO - [2026-09-23 11:38:34,145] {dag.py:2280} INFO - Setting next_dagrun for example_task_group to 2026-09-21 00:00:00+00:00
[2026-09-23 11:38:34,168] {scheduler_job.py:190} INFO - Processing /home/airflow/.local/lib/python3.6/site-packages/airflow/example_dags/example_task_group.py took 0.116 seconds
[2026-09-23 11:39:04,329] {scheduler_job.py:182} INFO - Started process (PID=906) to work on /home/airflow/.local/lib/python3.6/site-packages/airflow/example_dags/example_task_group.py
[2026-09-23 11:39:04,331] {scheduler_job.py:629} INFO - Processing file /home/airflow/.local/lib/python3.6/site-packages/airflow/example_dags/example_task_group.py for tasks to queue
[2026-09-23 11:39:04,333] {logging_mixin.py:104} INFO - [2026-09-23 11:39:04,332] {dagbag.py:451} INFO - Filling up the DagBag from /home/airflow/.local/lib/python3.6/site-packages/airflow/example_dags/example_task_group.py
[2026-09-23 11:39:04,359] {scheduler_job.py:639} INFO - DAG(s) dict_keys(['example_task_group']) retrieved from /home/airflow/.local/lib/python3.6/site-packages/airflow/example_dags/example_task_group.py
[2026-09-23 11:39:04,407] {logging_mixin.py:104} INFO - [2026-09-23 11:39:04,407] {dag.py:1824} INFO - Sync 1 DAGs
[2026-09-23 11:39:04,439] {logging_mixin.py:104} INFO - [2026-09-23 11:39:04,438] {dag.py:2280} INFO - Setting next_dagrun for example_task_group to 2026-09-21 00:00:00+00:00
[2026-09-23 11:39:04,463] {scheduler_job.py:190} INFO - Processing /home/airflow/.local/lib/python3.6/site-packages/airflow/example_dags/example_task_group.py took 0.140 seconds
[2026-09-23 11:39:34,626] {scheduler_job.py:182} INFO - Started process (PID=931) to work on /home/airflow/.local/lib/python3.6/site-packages/airflow/example_dags/example_task_group.py
[2026-09-23 11:39:34,630] {scheduler_job.py:629} INFO - Processing file /home/airflow/.local/lib/python3.6/site-packages/airflow/example_dags/example_task_group.py for tasks to queue
[2026-09-23 11:39:34,631] {logging_mixin.py:104} INFO - [2026-09-23 11:39:34,631] {dagbag.py:451} INFO - Filling up the DagBag from /home/airflow/.local/lib/python3.6/site-packages/airflow/example_dags/example_task_group.py
[2026-09-23 11:39:34,647] {scheduler_job.py:639} INFO - DAG(s) dict_keys(['example_task_group']) retrieved from /home/airflow/.local/lib/python3.6/site-packages/airflow/example_dags/example_task_group.py
[2026-09-23 11:39:34,674] {logging_mixin.py:104} INFO - [2026-09-23 11:39:34,674] {dag.py:1824} INFO - Sync 1 DAGs
[2026-09-23 11:39:34,693] {logging_mixin.py:104} INFO - [2026-09-23 11:39:34,693] {dag.py:2280} INFO - Setting next_dagrun for example_task_group to 2026-09-21 00:00:00+00:00
[2026-09-23 11:39:34,712] {scheduler_job.py:190} INFO - Processing /home/airflow/.local/lib/python3.6/site-packages/airflow/example_dags/example_task_group.py took 0.091 seconds
[2026-09-23 11:40:05,564] {scheduler_job.py:182} INFO - Started process (PID=961) to work on /home/airflow/.local/lib/python3.6/site-packages/airflow/example_dags/example_task_group.py
[2026-09-23 11:40:05,566] {scheduler_job.py:629} INFO - Processing file /home/airflow/.local/lib/python3.6/site-packages/airflow/example_dags/example_task_group.py for tasks to queue
[2026-09-23 11:40:05,567] {logging_mixin.py:104} INFO - [2026-09-23 11:40:05,567] {dagbag.py:451} INFO - Filling up the DagBag from /home/airflow/.local/lib/python3.6/site-packages/airflow/example_dags/example_task_group.py
[2026-09-23 11:40:05,591] {scheduler_job.py:639} INFO - DAG(s) dict_keys(['example_task_group']) retrieved from /home/airflow/.local/lib/python3.6/site-packages/airflow/example_dags/example_task_group.py
[2026-09-23 11:40:05,631] {logging_mixin.py:104} INFO - [2026-09-23 11:40:05,631] {dag.py:1824} INFO - Sync 1 DAGs
[2026-09-23 11:40:05,662] {logging_mixin.py:104} INFO - [2026-09-23 11:40:05,662] {dag.py:2280} INFO - Setting next_dagrun for example_task_group to 2026-09-21 00:00:00+00:00
[2026-09-23 11:40:05,683] {scheduler_job.py:190} INFO - Processing /home/airflow/.local/lib/python3.6/site-packages/airflow/example_dags/example_task_group.py took 0.125 seconds
[2026-09-23 11:40:35,916] {scheduler_job.py:182} INFO - Started process (PID=987) to work on /home/airflow/.local/lib/python3.6/site-packages/airflow/example_dags/example_task_group.py
[2026-09-23 11:40:35,917] {scheduler_job.py:629} INFO - Processing file /home/airflow/.local/lib/python3.6/site-packages/airflow/example_dags/example_task_group.py for tasks to queue
[2026-09-23 11:40:35,918] {logging_mixin.py:104} INFO - [2026-09-23 11:40:35,918] {dagbag.py:451} INFO - Filling up the DagBag from /home/airflow/.local/lib/python3.6/site-packages/airflow/example_dags/example_task_group.py
[2026-09-23 11:40:35,946] {scheduler_job.py:639} INFO - DAG(s) dict_keys(['example_task_group']) retrieved from /home/airflow/.local/lib/python3.6/site-packages/airflow/example_dags/example_task_group.py
[2026-09-23 11:40:35,984] {logging_mixin.py:104} INFO - [2026-09-23 11:40:35,984] {dag.py:1824} INFO - Sync 1 DAGs
[2026-09-23 11:40:36,016] {logging_mixin.py:104} INFO - [2026-09-23 11:40:36,016] {dag.py:2280} INFO - Setting next_dagrun for example_task_group to 2026-09-21 00:00:00+00:00
[2026-09-23 11:40:36,049] {scheduler_job.py:190} INFO - Processing /home/airflow/.local/lib/python3.6/site-packages/airflow/example_dags/example_task_group.py took 0.137 seconds
[2026-09-23 11:41:06,364] {scheduler_job.py:182} INFO - Started process (PID=1013) to work on /home/airflow/.local/lib/python3.6/site-packages/airflow/example_dags/example_task_group.py
[2026-09-23 11:41:06,368] {scheduler_job.py:629} INFO - Processing file /home/airflow/.local/lib/python3.6/site-packages/airflow/example_dags/example_task_group.py for tasks to queue
[2026-09-23 11:41:06,369] {logging_mixin.py:104} INFO - [2026-09-23 11:41:06,369] {dagbag.py:451} INFO - Filling up the DagBag from /home/airflow/.local/lib/python3.6/site-packages/airflow/example_dags/example_task_group.py
[2026-09-23 11:41:06,399] {scheduler_job.py:639} INFO - DAG(s) dict_keys(['example_task_group']) retrieved from /home/airflow/.local/lib/python3.6/site-packages/airflow/example_dags/example_task_group.py
[2026-09-23 11:41:06,462] {logging_mixin.py:104} INFO - [2026-09-23 11:41:06,461] {dag.py:1824} INFO - Sync 1 DAGs
[2026-09-23 11:41:06,494] {logging_mixin.py:104} INFO - [2026-09-23 11:41:06,493] {dag.py:2280} INFO - Setting next_dagrun for example_task_group to 2026-09-21 00:00:00+00:00
[2026-09-23 11:41:06,516] {scheduler_job.py:190} INFO - Processing /home/airflow/.local/lib/python3.6/site-packages/airflow/example_dags/example_task_group.py took 0.163 seconds
[2026-09-23 11:41:36,885] {scheduler_job.py:182} INFO - Started process (PID=1036) to work on /home/airflow/.local/lib/python3.6/site-packages/airflow/example_dags/example_task_group.py
[2026-09-23 11:41:36,886] {scheduler_job.py:629} INFO - Processing file /home/airflow/.local/lib/python3.6/site-packages/airflow/example_dags/example_task_group.py for tasks to queue
[2026-09-23 11:41:36,887] {logging_mixin.py:104} INFO - [2026-09-23 11:41:36,887] {dagbag.py:451} INFO - Filling up the DagBag from /home/airflow/.local/lib/python3.6/site-packages/airflow/example_dags/example_task_group.py
[2026-09-23 11:41:36,918] {scheduler_job.py:639} INFO - DAG(s) dict_keys(['example_task_group']) retrieved from /home/airflow/.local/lib/python3.6/site-packages/airflow/example_dags/example_task_group.py
[2026-09-23 11:41:36,964] {logging_mixin.py:104} INFO - [2026-09-23 11:41:36,964] {dag.py:1824} INFO - Sync 1 DAGs
[2026-09-23 11:41:36,994] {logging_mixin.py:104} INFO - [2026-09-23 11:41:36,994] {dag.py:2280} INFO - Setting next_dagrun for example_task_group to 2026-09-21 00:00:00+00:00
[2026-09-23 11:41:37,027] {scheduler_job.py:190} INFO - Processing /home/airflow/.local/lib/python3.6/site-packages/airflow/example_dags/example_task_group.py took 0.150 seconds
[2026-09-23 11:42:07,982] {scheduler_job.py:182} INFO - Started process (PID=1066) to work on /home/airflow/.local/lib/python3.6/site-packages/airflow/example_dags/example_task_group.py
[2026-09-23 11:42:07,984] {scheduler_job.py:629} INFO - Processing file /home/airflow/.local/lib/python3.6/site-packages/airflow/example_dags/example_task_group.py for tasks to queue
[2026-09-23 11:42:07,985] {logging_mixin.py:104} INFO - [2026-09-23 11:42:07,985] {dagbag.py:451} INFO - Filling up the DagBag from /home/airflow/.local/lib/python3.6/site-packages/airflow/example_dags/example_task_group.py
[2026-09-23 11:42:08,010] {scheduler_job.py:639} INFO - DAG(s) dict_keys(['example_task_group']) retrieved from /home/airflow/.local/lib/python3.6/site-packages/airflow/example_dags/example_task_group.py
[2026-09-23 11:42:08,049] {logging_mixin.py:104} INFO - [2026-09-23 11:42:08,049] {dag.py:1824} INFO - Sync 1 DAGs
[2026-09-23 11:42:08,079] {logging_mixin.py:104} INFO - [2026-09-23 11:42:08,078] {dag.py:2280} INFO - Setting next_dagrun for example_task_group to 2026-09-21 00:00:00+00:00
[2026-09-23 11:42:08,104] {scheduler_job.py:190} INFO - Processing /home/airflow/.local/lib/python3.6/site-packages/airflow/example_dags/example_task_group.py took 0.129 seconds
[2026-09-23 11:42:38,153] {scheduler_job.py:182} INFO - Started process (PID=1092) to work on /home/airflow/.local/lib/python3.6/site-packages/airflow/example_dags/example_task_group.py
[2026-09-23 11:42:38,155] {scheduler_job.py:629} INFO - Processing file /home/airflow/.local/lib/python3.6/site-packages/airflow/example_dags/example_task_group.py for tasks to queue
[2026-09-23 11:42:38,155] {logging_mixin.py:104} INFO - [2026-09-23 11:42:38,155] {dagbag.py:451} INFO - Filling up the DagBag from /home/airflow/.local/lib/python3.6/site-packages/airflow/example_dags/example_task_group.py
[2026-09-23 11:42:38,170] {scheduler_job.py:639} INFO - DAG(s) dict_keys(['example_task_group']) retrieved from /home/airflow/.local/lib/python3.6/site-packages/airflow/example_dags/example_task_group.py
[2026-09-23 11:42:38,195] {logging_mixin.py:104} INFO - [2026-09-23 11:42:38,195] {dag.py:1824} INFO - Sync 1 DAGs
[2026-09-23 11:42:38,213] {logging_mixin.py:104} INFO - [2026-09-23 11:42:38,213] {dag.py:2280} INFO - Setting next_dagrun for example_task_group to 2026-09-21 00:00:00+00:00
[2026-09-23 11:42:38,225] {scheduler_job.py:190} INFO - Processing /home/airflow/.local/lib/python3.6/site-packages/airflow/example_dags/example_task_group.py took 0.075 seconds
[2026-09-23 11:43:08,672] {scheduler_job.py:182} INFO - Started process (PID=1118) to work on /home/airflow/.local/lib/python3.6/site-packages/airflow/example_dags/example_task_group.py
[2026-09-23 11:43:08,673] {scheduler_job.py:629} INFO - Processing file /home/airflow/.local/lib/python3.6/site-packages/airflow/example_dags/example_task_group.py for tasks to queue
[2026-09-23 11:43:08,674] {logging_mixin.py:104} INFO - [2026-09-23 11:43:08,674] {dagbag.py:451} INFO - Filling up the DagBag from /home/airflow/.local/lib/python3.6/site-packages/airflow/example_dags/example_task_group.py
[2026-09-23 11:43:08,694] {scheduler_job.py:639} INFO - DAG(s) dict_keys(['example_task_group']) retrieved from /home/airflow/.local/lib/python3.6/site-packages/airflow/example_dags/example_task_group.py
[2026-09-23 11:43:08,734] {logging_mixin.py:104} INFO - [2026-09-23 11:43:08,733] {dag.py:1824} INFO - Sync 1 DAGs
[2026-09-23 11:43:08,757] {logging_mixin.py:104} INFO - [2026-09-23 11:43:08,757] {dag.py:2280} INFO - Setting next_dagrun for example_task_group to 2026-09-21 00:00:00+00:00
[2026-09-23 11:43:08,772] {scheduler_job.py:190} INFO - Processing /home/airflow/.local/lib/python3.6/site-packages/airflow/example_dags/example_task_group.py took 0.104 seconds
[2026-09-23 11:43:38,841] {scheduler_job.py:182} INFO - Started process (PID=1143) to work on /home/airflow/.local/lib/python3.6/site-packages/airflow/example_dags/example_task_group.py
[2026-09-23 11:43:38,842] {scheduler_job.py:629} INFO - Processing file /home/airflow/.local/lib/python3.6/site-packages/airflow/example_dags/example_task_group.py for tasks to queue
[2026-09-23 11:43:38,843] {logging_mixin.py:104} INFO - [2026-09-23 11:43:38,843] {dagbag.py:451} INFO - Filling up the DagBag from /home/airflow/.local/lib/python3.6/site-packages/airflow/example_dags/example_task_group.py
[2026-09-23 11:43:38,859] {scheduler_job.py:639} INFO - DAG(s) dict_keys(['example_task_group']) retrieved from /home/airflow/.local/lib/python3.6/site-packages/airflow/example_dags/example_task_group.py
[2026-09-23 11:43:38,888] {logging_mixin.py:104} INFO - [2026-09-23 11:43:38,888] {dag.py:1824} INFO - Sync 1 DAGs
[2026-09-23 11:43:38,910] {logging_mixin.py:104} INFO - [2026-09-23 11:43:38,909] {dag.py:2280} INFO - Setting next_dagrun for example_task_group to 2026-09-21 00:00:00+00:00
[2026-09-23 11:43:38,963] {scheduler_job.py:190} INFO - Processing /home/airflow/.local/lib/python3.6/site-packages/airflow/example_dags/example_task_group.py took 0.126 seconds
[2026-09-23 11:44:09,802] {scheduler_job.py:182} INFO - Started process (PID=1167) to work on /home/airflow/.local/lib/python3.6/site-packages/airflow/example_dags/example_task_group.py
[2026-09-23 11:44:09,803] {scheduler_job.py:629} INFO - Processing file /home/airflow/.local/lib/python3.6/site-packages/airflow/example_dags/example_task_group.py for tasks to queue
[2026-09-23 11:44:09,804] {logging_mixin.py:104} INFO - [2026-09-23 11:44:09,804] {dagbag.py:451} INFO - Filling up the DagBag from /home/airflow/.local/lib/python3.6/site-packages/airflow/example_dags/example_task_group.py
[2026-09-23 11:44:09,825] {scheduler_job.py:639} INFO - DAG(s) dict_keys(['example_task_group']) retrieved from /home/airflow/.local/lib/python3.6/site-packages/airflow/example_dags/example_task_group.py
[2026-09-23 11:44:09,864] {logging_mixin.py:104} INFO - [2026-09-23 11:44:09,864] {dag.py:1824} INFO - Sync 1 DAGs
[2026-09-23 11:44:09,890] {logging_mixin.py:104} INFO - [2026-09-23 11:44:09,890] {dag.py:2280} INFO - Setting next_dagrun for example_task_group to 2026-09-21 00:00:00+00:00
[2026-09-23 11:44:09,932] {scheduler_job.py:190} INFO - Processing /home/airflow/.local/lib/python3.6/site-packages/airflow/example_dags/example_task_group.py took 0.135 seconds
[2026-09-23 11:44:40,191] {scheduler_job.py:182} INFO - Started process (PID=1193) to work on /home/airflow/.local/lib/python3.6/site-packages/airflow/example_dags/example_task_group.py
[2026-09-23 11:44:40,192] {scheduler_job.py:629} INFO - Processing file /home/airflow/.local/lib/python3.6/site-packages/airflow/example_dags/example_task_group.py for tasks to queue
[2026-09-23 11:44:40,193] {logging_mixin.py:104} INFO - [2026-09-23 11:44:40,193] {dagbag.py:451} INFO - Filling up the DagBag from /home/airflow/.local/lib/python3.6/site-packages/airflow/example_dags/example_task_group.py
[2026-09-23 11:44:40,208] {scheduler_job.py:639} INFO - DAG(s) dict_keys(['example_task_group']) retrieved from /home/airflow/.local/lib/python3.6/site-packages/airflow/example_dags/example_task_group.py
[2026-09-23 11:44:40,235] {logging_mixin.py:104} INFO - [2026-09-23 11:44:40,235] {dag.py:1824} INFO - Sync 1 DAGs
[2026-09-23 11:44:40,259] {logging_mixin.py:104} INFO - [2026-09-23 11:44:40,258] {dag.py:2280} INFO - Setting next_dagrun for example_task_group to 2026-09-21 00:00:00+00:00
[2026-09-23 11:44:40,275] {scheduler_job.py:190} INFO - Processing /home/airflow/.local/lib/python3.6/site-packages/airflow/example_dags/example_task_group.py took 0.089 seconds
[2026-09-23 11:45:10,373] {scheduler_job.py:182} INFO - Started process (PID=1219) to work on /home/airflow/.local/lib/python3.6/site-packages/airflow/example_dags/example_task_group.py
[2026-09-23 11:45:10,375] {scheduler_job.py:629} INFO - Processing file /home/airflow/.local/lib/python3.6/site-packages/airflow/example_dags/example_task_group.py for tasks to queue
[2026-09-23 11:45:10,376] {logging_mixin.py:104} INFO - [2026-09-23 11:45:10,376] {dagbag.py:451} INFO - Filling up the DagBag from /home/airflow/.local/lib/python3.6/site-packages/airflow/example_dags/example_task_group.py
[2026-09-23 11:45:10,402] {scheduler_job.py:639} INFO - DAG(s) dict_keys(['example_task_group']) retrieved from /home/airflow/.local/lib/python3.6/site-packages/airflow/example_dags/example_task_group.py
[2026-09-23 11:45:10,444] {logging_mixin.py:104} INFO - [2026-09-23 11:45:10,443] {dag.py:1824} INFO - Sync 1 DAGs
[2026-09-23 11:45:10,476] {logging_mixin.py:104} INFO - [2026-09-23 11:45:10,476] {dag.py:2280} INFO - Setting next_dagrun for example_task_group to 2026-09-21 00:00:00+00:00
[2026-09-23 11:45:10,500] {scheduler_job.py:190} INFO - Processing /home/airflow/.local/lib/python3.6/site-packages/airflow/example_dags/example_task_group.py took 0.132 seconds
[2026-09-23 11:45:40,593] {scheduler_job.py:182} INFO - Started process (PID=1245) to work on /home/airflow/.local/lib/python3.6/site-packages/airflow/example_dags/example_task_group.py
[2026-09-23 11:45:40,594] {scheduler_job.py:629} INFO - Processing file /home/airflow/.local/lib/python3.6/site-packages/airflow/example_dags/example_task_group.py for tasks to queue
[2026-09-23 11:45:40,595] {logging_mixin.py:104} INFO - [2026-09-23 11:45:40,595] {dagbag.py:451} INFO - Filling up the DagBag from /home/airflow/.local/lib/python3.6/site-packages/airflow/example_dags/example_task_group.py
[2026-09-23 11:45:40,615] {scheduler_job.py:639} INFO - DAG(s) dict_keys(['example_task_group']) retrieved from /home/airflow/.local/lib/python3.6/site-packages/airflow/example_dags/example_task_group.py
[2026-09-23 11:45:40,642] {logging_mixin.py:104} INFO - [2026-09-23 11:45:40,642] {dag.py:1824} INFO - Sync 1 DAGs
[2026-09-23 11:45:40,667] {logging_mixin.py:104} INFO - [2026-09-23 11:45:40,667] {dag.py:2280} INFO - Setting next_dagrun for example_task_group to 2026-09-21 00:00:00+00:00
[2026-09-23 11:45:40,684] {scheduler_job.py:190} INFO - Processing /home/airflow/.local/lib/python3.6/site-packages/airflow/example_dags/example_task_group.py took 0.095 seconds
[2026-09-23 11:46:10,746] {scheduler_job.py:182} INFO - Started process (PID=1270) to work on /home/airflow/.local/lib/python3.6/site-packages/airflow/example_dags/example_task_group.py
[2026-09-23 11:46:10,749] {scheduler_job.py:629} INFO - Processing file /home/airflow/.local/lib/python3.6/site-packages/airflow/example_dags/example_task_group.py for tasks to queue
[2026-09-23 11:46:10,750] {logging_mixin.py:104} INFO - [2026-09-23 11:46:10,750] {dagbag.py:451} INFO - Filling up the DagBag from /home/airflow/.local/lib/python3.6/site-packages/airflow/example_dags/example_task_group.py
[2026-09-23 11:46:10,776] {scheduler_job.py:639} INFO - DAG(s) dict_keys(['example_task_group']) retrieved from /home/airflow/.local/lib/python3.6/site-packages/airflow/example_dags/example_task_group.py
[2026-09-23 11:46:10,820] {logging_mixin.py:104} INFO - [2026-09-23 11:46:10,819] {dag.py:1824} INFO - Sync 1 DAGs
[2026-09-23 11:46:10,850] {logging_mixin.py:104} INFO - [2026-09-23 11:46:10,850] {dag.py:2280} INFO - Setting next_dagrun for example_task_group to 2026-09-21 00:00:00+00:00
[2026-09-23 11:46:10,870] {scheduler_job.py:190} INFO - Processing /home/airflow/.local/lib/python3.6/site-packages/airflow/example_dags/example_task_group.py took 0.128 seconds
[2026-09-23 11:46:41,284] {scheduler_job.py:182} INFO - Started process (PID=1294) to work on /home/airflow/.local/lib/python3.6/site-packages/airflow/example_dags/example_task_group.py
[2026-09-23 11:46:41,289] {scheduler_job.py:629} INFO - Processing file /home/airflow/.local/lib/python3.6/site-packages/airflow/example_dags/example_task_group.py for tasks to queue
[2026-09-23 11:46:41,293] {logging_mixin.py:104} INFO - [2026-09-23 11:46:41,293] {dagbag.py:451} INFO - Filling up the DagBag from /home/airflow/.local/lib/python3.6/site-packages/airflow/example_dags/example_task_group.py
[2026-09-23 11:46:41,325] {scheduler_job.py:639} INFO - DAG(s) dict_keys(['example_task_group']) retrieved from /home/airflow/.local/lib/python3.6/site-packages/airflow/example_dags/example_task_group.py
[2026-09-23 11:46:41,396] {logging_mixin.py:104} INFO - [2026-09-23 11:46:41,395] {dag.py:1824} INFO - Sync 1 DAGs
[2026-09-23 11:46:41,473] {logging_mixin.py:104} INFO - [2026-09-23 11:46:41,473] {dag.py:2280} INFO - Setting next_dagrun for example_task_group to 2026-09-21 00:00:00+00:00
[2026-09-23 11:46:41,494] {scheduler_job.py:190} INFO - Processing /home/airflow/.local/lib/python3.6/site-packages/airflow/example_dags/example_task_group.py took 0.223 seconds
[2026-09-23 11:47:12,329] {scheduler_job.py:182} INFO - Started process (PID=1320) to work on /home/airflow/.local/lib/python3.6/site-packages/airflow/example_dags/example_task_group.py
[2026-09-23 11:47:12,331] {scheduler_job.py:629} INFO - Processing file /home/airflow/.local/lib/python3.6/site-packages/airflow/example_dags/example_task_group.py for tasks to queue
[2026-09-23 11:47:12,332] {logging_mixin.py:104} INFO - [2026-09-23 11:47:12,332] {dagbag.py:451} INFO - Filling up the DagBag from /home/airflow/.local/lib/python3.6/site-packages/airflow/example_dags/example_task_group.py
[2026-09-23 11:47:12,355] {scheduler_job.py:639} INFO - DAG(s) dict_keys(['example_task_group']) retrieved from /home/airflow/.local/lib/python3.6/site-packages/airflow/example_dags/example_task_group.py
[2026-09-23 11:47:12,393] {logging_mixin.py:104} INFO - [2026-09-23 11:47:12,393] {dag.py:1824} INFO - Sync 1 DAGs
[2026-09-23 11:47:12,424] {logging_mixin.py:104} INFO - [2026-09-23 11:47:12,424] {dag.py:2280} INFO - Setting next_dagrun for example_task_group to 2026-09-21 00:00:00+00:00
[2026-09-23 11:47:12,441] {scheduler_job.py:190} INFO - Processing /home/airflow/.local/lib/python3.6/site-packages/airflow/example_dags/example_task_group.py took 0.118 seconds
[2026-09-23 11:47:42,527] {scheduler_job.py:182} INFO - Started process (PID=1345) to work on /home/airflow/.local/lib/python3.6/site-packages/airflow/example_dags/example_task_group.py
[2026-09-23 11:47:42,533] {scheduler_job.py:629} INFO - Processing file /home/airflow/.local/lib/python3.6/site-packages/airflow/example_dags/example_task_group.py for tasks to queue
[2026-09-23 11:47:42,534] {logging_mixin.py:104} INFO - [2026-09-23 11:47:42,534] {dagbag.py:451} INFO - Filling up the DagBag from /home/airflow/.local/lib/python3.6/site-packages/airflow/example_dags/example_task_group.py
[2026-09-23 11:47:42,563] {scheduler_job.py:639} INFO - DAG(s) dict_keys(['example_task_group']) retrieved from /home/airflow/.local/lib/python3.6/site-packages/airflow/example_dags/example_task_group.py
[2026-09-23 11:47:42,610] {logging_mixin.py:104} INFO - [2026-09-23 11:47:42,610] {dag.py:1824} INFO - Sync 1 DAGs
[2026-09-23 11:47:42,646] {logging_mixin.py:104} INFO - [2026-09-23 11:47:42,645] {dag.py:2280} INFO - Setting next_dagrun for example_task_group to 2026-09-21 00:00:00+00:00
[2026-09-23 11:47:42,674] {scheduler_job.py:190} INFO - Processing /home/airflow/.local/lib/python3.6/site-packages/airflow/example_dags/example_task_group.py took 0.152 seconds
[2026-09-23 11:48:13,374] {scheduler_job.py:182} INFO - Started process (PID=1372) to work on /home/airflow/.local/lib/python3.6/site-packages/airflow/example_dags/example_task_group.py
[2026-09-23 11:48:13,375] {scheduler_job.py:629} INFO - Processing file /home/airflow/.local/lib/python3.6/site-packages/airflow/example_dags/example_task_group.py for tasks to queue
[2026-09-23 11:48:13,376] {logging_mixin.py:104} INFO - [2026-09-23 11:48:13,376] {dagbag.py:451} INFO - Filling up the DagBag from /home/airflow/.local/lib/python3.6/site-packages/airflow/example_dags/example_task_group.py
[2026-09-23 11:48:13,393] {scheduler_job.py:639} INFO - DAG(s) dict_keys(['example_task_group']) retrieved from /home/airflow/.local/lib/python3.6/site-packages/airflow/example_dags/example_task_group.py
[2026-09-23 11:48:13,427] {logging_mixin.py:104} INFO - [2026-09-23 11:48:13,426] {dag.py:1824} INFO - Sync 1 DAGs
[2026-09-23 11:48:13,448] {logging_mixin.py:104} INFO - [2026-09-23 11:48:13,447] {dag.py:2280} INFO - Setting next_dagrun for example_task_group to 2026-09-21 00:00:00+00:00
[2026-09-23 11:48:13,466] {scheduler_job.py:190} INFO - Processing /home/airflow/.local/lib/python3.6/site-packages/airflow/example_dags/example_task_group.py took 0.096 seconds
[2026-09-23 11:48:43,731] {scheduler_job.py:182} INFO - Started process (PID=1393) to work on /home/airflow/.local/lib/python3.6/site-packages/airflow/example_dags/example_task_group.py
[2026-09-23 11:48:43,732] {scheduler_job.py:629} INFO - Processing file /home/airflow/.local/lib/python3.6/site-packages/airflow/example_dags/example_task_group.py for tasks to queue
[2026-09-23 11:48:43,733] {logging_mixin.py:104} INFO - [2026-09-23 11:48:43,732] {dagbag.py:451} INFO - Filling up the DagBag from /home/airflow/.local/lib/python3.6/site-packages/airflow/example_dags/example_task_group.py
[2026-09-23 11:48:43,748] {scheduler_job.py:639} INFO - DAG(s) dict_keys(['example_task_group']) retrieved from /home/airflow/.local/lib/python3.6/site-packages/airflow/example_dags/example_task_group.py
[2026-09-23 11:48:43,772] {logging_mixin.py:104} INFO - [2026-09-23 11:48:43,772] {dag.py:1824} INFO - Sync 1 DAGs
[2026-09-23 11:48:43,790] {logging_mixin.py:104} INFO - [2026-09-23 11:48:43,790] {dag.py:2280} INFO - Setting next_dagrun for example_task_group to 2026-09-21 00:00:00+00:00
[2026-09-23 11:48:43,802] {scheduler_job.py:190} INFO - Processing /home/airflow/.local/lib/python3.6/site-packages/airflow/example_dags/example_task_group.py took 0.075 seconds
[2026-09-23 11:49:13,922] {scheduler_job.py:182} INFO - Started process (PID=1418) to work on /home/airflow/.local/lib/python3.6/site-packages/airflow/example_dags/example_task_group.py
[2026-09-23 11:49:13,924] {scheduler_job.py:629} INFO - Processing file /home/airflow/.local/lib/python3.6/site-packages/airflow/example_dags/example_task_group.py for tasks to queue
[2026-09-23 11:49:13,925] {logging_mixin.py:104} INFO - [2026-09-23 11:49:13,925] {dagbag.py:451} INFO - Filling up the DagBag from /home/airflow/.local/lib/python3.6/site-packages/airflow/example_dags/example_task_group.py
[2026-09-23 11:49:13,982] {scheduler_job.py:639} INFO - DAG(s) dict_keys(['example_task_group']) retrieved from /home/airflow/.local/lib/python3.6/site-packages/airflow/example_dags/example_task_group.py
[2026-09-23 11:49:14,038] {logging_mixin.py:104} INFO - [2026-09-23 11:49:14,038] {dag.py:1824} INFO - Sync 1 DAGs
[2026-09-23 11:49:14,098] {logging_mixin.py:104} INFO - [2026-09-23 11:49:14,098] {dag.py:2280} INFO - Setting next_dagrun for example_task_group to 2026-09-21 00:00:00+00:00
[2026-09-23 11:49:14,135] {scheduler_job.py:190} INFO - Processing /home/airflow/.local/lib/python3.6/site-packages/airflow/example_dags/example_task_group.py took 0.219 seconds
[2026-09-23 11:49:44,368] {scheduler_job.py:182} INFO - Started process (PID=1444) to work on /home/airflow/.local/lib/python3.6/site-packages/airflow/example_dags/example_task_group.py
[2026-09-23 11:49:44,370] {scheduler_job.py:629} INFO - Processing file /home/airflow/.local/lib/python3.6/site-packages/airflow/example_dags/example_task_group.py for tasks to queue
[2026-09-23 11:49:44,371] {logging_mixin.py:104} INFO - [2026-09-23 11:49:44,371] {dagbag.py:451} INFO - Filling up the DagBag from /home/airflow/.local/lib/python3.6/site-packages/airflow/example_dags/example_task_group.py
[2026-09-23 11:49:44,394] {scheduler_job.py:639} INFO - DAG(s) dict_keys(['example_task_group']) retrieved from /home/airflow/.local/lib/python3.6/site-packages/airflow/example_dags/example_task_group.py
[2026-09-23 11:49:44,424] {logging_mixin.py:104} INFO - [2026-09-23 11:49:44,424] {dag.py:1824} INFO - Sync 1 DAGs
[2026-09-23 11:49:44,452] {logging_mixin.py:104} INFO - [2026-09-23 11:49:44,452] {dag.py:2280} INFO - Setting next_dagrun for example_task_group to 2026-09-21 00:00:00+00:00
[2026-09-23 11:49:44,469] {scheduler_job.py:190} INFO - Processing /home/airflow/.local/lib/python3.6/site-packages/airflow/example_dags/example_task_group.py took 0.107 seconds
[2026-09-23 11:50:15,159] {scheduler_job.py:182} INFO - Started process (PID=1470) to work on /home/airflow/.local/lib/python3.6/site-packages/airflow/example_dags/example_task_group.py
[2026-09-23 11:50:15,161] {scheduler_job.py:629} INFO - Processing file /home/airflow/.local/lib/python3.6/site-packages/airflow/example_dags/example_task_group.py for tasks to queue
[2026-09-23 11:50:15,161] {logging_mixin.py:104} INFO - [2026-09-23 11:50:15,161] {dagbag.py:451} INFO - Filling up the DagBag from /home/airflow/.local/lib/python3.6/site-packages/airflow/example_dags/example_task_group.py
[2026-09-23 11:50:15,178] {scheduler_job.py:639} INFO - DAG(s) dict_keys(['example_task_group']) retrieved from /home/airflow/.local/lib/python3.6/site-packages/airflow/example_dags/example_task_group.py
[2026-09-23 11:50:15,204] {logging_mixin.py:104} INFO - [2026-09-23 11:50:15,203] {dag.py:1824} INFO - Sync 1 DAGs
[2026-09-23 11:50:15,224] {logging_mixin.py:104} INFO - [2026-09-23 11:50:15,224] {dag.py:2280} INFO - Setting next_dagrun for example_task_group to 2026-09-21 00:00:00+00:00
[2026-09-23 11:50:15,237] {scheduler_job.py:190} INFO - Processing /home/airflow/.local/lib/python3.6/site-packages/airflow/example_dags/example_task_group.py took 0.082 seconds
[2026-09-23 11:50:46,039] {scheduler_job.py:182} INFO - Started process (PID=1496) to work on /home/airflow/.local/lib/python3.6/site-packages/airflow/example_dags/example_task_group.py
[2026-09-23 11:50:46,040] {scheduler_job.py:629} INFO - Processing file /home/airflow/.local/lib/python3.6/site-packages/airflow/example_dags/example_task_group.py for tasks to queue
[2026-09-23 11:50:46,041] {logging_mixin.py:104} INFO - [2026-09-23 11:50:46,041] {dagbag.py:451} INFO - Filling up the DagBag from /home/airflow/.local/lib/python3.6/site-packages/airflow/example_dags/example_task_group.py
[2026-09-23 11:50:46,065] {scheduler_job.py:639} INFO - DAG(s) dict_keys(['example_task_group']) retrieved from /home/airflow/.local/lib/python3.6/site-packages/airflow/example_dags/example_task_group.py
[2026-09-23 11:50:46,097] {logging_mixin.py:104} INFO - [2026-09-23 11:50:46,097] {dag.py:1824} INFO - Sync 1 DAGs
[2026-09-23 11:50:46,125] {logging_mixin.py:104} INFO - [2026-09-23 11:50:46,124] {dag.py:2280} INFO - Setting next_dagrun for example_task_group to 2026-09-21 00:00:00+00:00
[2026-09-23 11:50:46,140] {scheduler_job.py:190} INFO - Processing /home/airflow/.local/lib/python3.6/site-packages/airflow/example_dags/example_task_group.py took 0.107 seconds
[2026-09-23 11:51:16,649] {scheduler_job.py:182} INFO - Started process (PID=1522) to work on /home/airflow/.local/lib/python3.6/site-packages/airflow/example_dags/example_task_group.py
[2026-09-23 11:51:16,651] {scheduler_job.py:629} INFO - Processing file /home/airflow/.local/lib/python3.6/site-packages/airflow/example_dags/example_task_group.py for tasks to queue
[2026-09-23 11:51:16,652] {logging_mixin.py:104} INFO - [2026-09-23 11:51:16,652] {dagbag.py:451} INFO - Filling up the DagBag from /home/airflow/.local/lib/python3.6/site-packages/airflow/example_dags/example_task_group.py
[2026-09-23 11:51:16,675] {scheduler_job.py:639} INFO - DAG(s) dict_keys(['example_task_group']) retrieved from /home/airflow/.local/lib/python3.6/site-packages/airflow/example_dags/example_task_group.py
[2026-09-23 11:51:16,716] {logging_mixin.py:104} INFO - [2026-09-23 11:51:16,716] {dag.py:1824} INFO - Sync 1 DAGs
[2026-09-23 11:51:16,746] {logging_mixin.py:104} INFO - [2026-09-23 11:51:16,746] {dag.py:2280} INFO - Setting next_dagrun for example_task_group to 2026-09-21 00:00:00+00:00
[2026-09-23 11:51:16,765] {scheduler_job.py:190} INFO - Processing /home/airflow/.local/lib/python3.6/site-packages/airflow/example_dags/example_task_group.py took 0.121 seconds
[2026-09-23 11:51:47,723] {scheduler_job.py:182} INFO - Started process (PID=1548) to work on /home/airflow/.local/lib/python3.6/site-packages/airflow/example_dags/example_task_group.py
[2026-09-23 11:51:47,725] {scheduler_job.py:629} INFO - Processing file /home/airflow/.local/lib/python3.6/site-packages/airflow/example_dags/example_task_group.py for tasks to queue
[2026-09-23 11:51:47,726] {logging_mixin.py:104} INFO - [2026-09-23 11:51:47,726] {dagbag.py:451} INFO - Filling up the DagBag from /home/airflow/.local/lib/python3.6/site-packages/airflow/example_dags/example_task_group.py
[2026-09-23 11:51:47,745] {scheduler_job.py:639} INFO - DAG(s) dict_keys(['example_task_group']) retrieved from /home/airflow/.local/lib/python3.6/site-packages/airflow/example_dags/example_task_group.py
[2026-09-23 11:51:47,782] {logging_mixin.py:104} INFO - [2026-09-23 11:51:47,782] {dag.py:1824} INFO - Sync 1 DAGs
[2026-09-23 11:51:47,807] {logging_mixin.py:104} INFO - [2026-09-23 11:51:47,807] {dag.py:2280} INFO - Setting next_dagrun for example_task_group to 2026-09-21 00:00:00+00:00
[2026-09-23 11:51:47,831] {scheduler_job.py:190} INFO - Processing /home/airflow/.local/lib/python3.6/site-packages/airflow/example_dags/example_task_group.py took 0.112 seconds
[2026-09-23 11:52:18,679] {scheduler_job.py:182} INFO - Started process (PID=1574) to work on /home/airflow/.local/lib/python3.6/site-packages/airflow/example_dags/example_task_group.py
[2026-09-23 11:52:18,681] {scheduler_job.py:629} INFO - Processing file /home/airflow/.local/lib/python3.6/site-packages/airflow/example_dags/example_task_group.py for tasks to queue
[2026-09-23 11:52:18,683] {logging_mixin.py:104} INFO - [2026-09-23 11:52:18,683] {dagbag.py:451} INFO - Filling up the DagBag from /home/airflow/.local/lib/python3.6/site-packages/airflow/example_dags/example_task_group.py
[2026-09-23 11:52:18,710] {scheduler_job.py:639} INFO - DAG(s) dict_keys(['example_task_group']) retrieved from /home/airflow/.local/lib/python3.6/site-packages/airflow/example_dags/example_task_group.py
[2026-09-23 11:52:18,756] {logging_mixin.py:104} INFO - [2026-09-23 11:52:18,755] {dag.py:1824} INFO - Sync 1 DAGs
[2026-09-23 11:52:18,792] {logging_mixin.py:104} INFO - [2026-09-23 11:52:18,791] {dag.py:2280} INFO - Setting next_dagrun for example_task_group to 2026-09-21 00:00:00+00:00
[2026-09-23 11:52:18,816] {scheduler_job.py:190} INFO - Processing /home/airflow/.local/lib/python3.6/site-packages/airflow/example_dags/example_task_group.py took 0.143 seconds
[2026-09-23 11:52:48,850] {scheduler_job.py:182} INFO - Started process (PID=1597) to work on /home/airflow/.local/lib/python3.6/site-packages/airflow/example_dags/example_task_group.py
[2026-09-23 11:52:48,852] {scheduler_job.py:629} INFO - Processing file /home/airflow/.local/lib/python3.6/site-packages/airflow/example_dags/example_task_group.py for tasks to queue
[2026-09-23 11:52:48,853] {logging_mixin.py:104} INFO - [2026-09-23 11:52:48,853] {dagbag.py:451} INFO - Filling up the DagBag from /home/airflow/.local/lib/python3.6/site-packages/airflow/example_dags/example_task_group.py
[2026-09-23 11:52:48,876] {scheduler_job.py:639} INFO - DAG(s) dict_keys(['example_task_group']) retrieved from /home/airflow/.local/lib/python3.6/site-packages/airflow/example_dags/example_task_group.py
[2026-09-23 11:52:48,924] {logging_mixin.py:104} INFO - [2026-09-23 11:52:48,924] {dag.py:1824} INFO - Sync 1 DAGs
[2026-09-23 11:52:48,963] {logging_mixin.py:104} INFO - [2026-09-23 11:52:48,962] {dag.py:2280} INFO - Setting next_dagrun for example_task_group to 2026-09-21 00:00:00+00:00
[2026-09-23 11:52:48,999] {scheduler_job.py:190} INFO - Processing /home/airflow/.local/lib/python3.6/site-packages/airflow/example_dags/example_task_group.py took 0.155 seconds
[2026-09-23 11:53:19,129] {scheduler_job.py:182} INFO - Started process (PID=1623) to work on /home/airflow/.local/lib/python3.6/site-packages/airflow/example_dags/example_task_group.py
[2026-09-23 11:53:19,131] {scheduler_job.py:629} INFO - Processing file /home/airflow/.local/lib/python3.6/site-packages/airflow/example_dags/example_task_group.py for tasks to queue
[2026-09-23 11:53:19,133] {logging_mixin.py:104} INFO - [2026-09-23 11:53:19,132] {dagbag.py:451} INFO - Filling up the DagBag from /home/airflow/.local/lib/python3.6/site-packages/airflow/example_dags/example_task_group.py
[2026-09-23 11:53:19,155] {scheduler_job.py:639} INFO - DAG(s) dict_keys(['example_task_group']) retrieved from /home/airflow/.local/lib/python3.6/site-packages/airflow/example_dags/example_task_group.py
[2026-09-23 11:53:19,195] {logging_mixin.py:104} INFO - [2026-09-23 11:53:19,195] {dag.py:1824} INFO - Sync 1 DAGs
[2026-09-23 11:53:19,223] {logging_mixin.py:104} INFO - [2026-09-23 11:53:19,223] {dag.py:2280} INFO - Setting next_dagrun for example_task_group to 2026-09-21 00:00:00+00:00
[2026-09-23 11:53:19,246] {scheduler_job.py:190} INFO - Processing /home/airflow/.local/lib/python3.6/site-packages/airflow/example_dags/example_task_group.py took 0.121 seconds
[2026-09-23 11:53:49,278] {scheduler_job.py:182} INFO - Started process (PID=1649) to work on /home/airflow/.local/lib/python3.6/site-packages/airflow/example_dags/example_task_group.py
[2026-09-23 11:53:49,280] {scheduler_job.py:629} INFO - Processing file /home/airflow/.local/lib/python3.6/site-packages/airflow/example_dags/example_task_group.py for tasks to queue
[2026-09-23 11:53:49,281] {logging_mixin.py:104} INFO - [2026-09-23 11:53:49,281] {dagbag.py:451} INFO - Filling up the DagBag from /home/airflow/.local/lib/python3.6/site-packages/airflow/example_dags/example_task_group.py
[2026-09-23 11:53:49,304] {scheduler_job.py:639} INFO - DAG(s) dict_keys(['example_task_group']) retrieved from /home/airflow/.local/lib/python3.6/site-packages/airflow/example_dags/example_task_group.py
[2026-09-23 11:53:49,340] {logging_mixin.py:104} INFO - [2026-09-23 11:53:49,339] {dag.py:1824} INFO - Sync 1 DAGs
[2026-09-23 11:53:49,368] {logging_mixin.py:104} INFO - [2026-09-23 11:53:49,368] {dag.py:2280} INFO - Setting next_dagrun for example_task_group to 2026-09-21 00:00:00+00:00
[2026-09-23 11:53:49,392] {scheduler_job.py:190} INFO - Processing /home/airflow/.local/lib/python3.6/site-packages/airflow/example_dags/example_task_group.py took 0.119 seconds
[2026-09-23 11:54:20,465] {scheduler_job.py:182} INFO - Started process (PID=1679) to work on /home/airflow/.local/lib/python3.6/site-packages/airflow/example_dags/example_task_group.py
[2026-09-23 11:54:20,466] {scheduler_job.py:629} INFO - Processing file /home/airflow/.local/lib/python3.6/site-packages/airflow/example_dags/example_task_group.py for tasks to queue
[2026-09-23 11:54:20,469] {logging_mixin.py:104} INFO - [2026-09-23 11:54:20,469] {dagbag.py:451} INFO - Filling up the DagBag from /home/airflow/.local/lib/python3.6/site-packages/airflow/example_dags/example_task_group.py
[2026-09-23 11:54:20,491] {scheduler_job.py:639} INFO - DAG(s) dict_keys(['example_task_group']) retrieved from /home/airflow/.local/lib/python3.6/site-packages/airflow/example_dags/example_task_group.py
[2026-09-23 11:54:20,520] {logging_mixin.py:104} INFO - [2026-09-23 11:54:20,519] {dag.py:1824} INFO - Sync 1 DAGs
[2026-09-23 11:54:20,541] {logging_mixin.py:104} INFO - [2026-09-23 11:54:20,541] {dag.py:2280} INFO - Setting next_dagrun for example_task_group to 2026-09-21 00:00:00+00:00
[2026-09-23 11:54:20,559] {scheduler_job.py:190} INFO - Processing /home/airflow/.local/lib/python3.6/site-packages/airflow/example_dags/example_task_group.py took 0.100 seconds
[2026-09-23 11:54:50,605] {scheduler_job.py:182} INFO - Started process (PID=1705) to work on /home/airflow/.local/lib/python3.6/site-packages/airflow/example_dags/example_task_group.py
[2026-09-23 11:54:50,607] {scheduler_job.py:629} INFO - Processing file /home/airflow/.local/lib/python3.6/site-packages/airflow/example_dags/example_task_group.py for tasks to queue
[2026-09-23 11:54:50,608] {logging_mixin.py:104} INFO - [2026-09-23 11:54:50,608] {dagbag.py:451} INFO - Filling up the DagBag from /home/airflow/.local/lib/python3.6/site-packages/airflow/example_dags/example_task_group.py
[2026-09-23 11:54:50,623] {scheduler_job.py:639} INFO - DAG(s) dict_keys(['example_task_group']) retrieved from /home/airflow/.local/lib/python3.6/site-packages/airflow/example_dags/example_task_group.py
[2026-09-23 11:54:50,658] {logging_mixin.py:104} INFO - [2026-09-23 11:54:50,658] {dag.py:1824} INFO - Sync 1 DAGs
[2026-09-23 11:54:50,685] {logging_mixin.py:104} INFO - [2026-09-23 11:54:50,685] {dag.py:2280} INFO - Setting next_dagrun for example_task_group to 2026-09-21 00:00:00+00:00
[2026-09-23 11:54:50,699] {scheduler_job.py:190} INFO - Processing /home/airflow/.local/lib/python3.6/site-packages/airflow/example_dags/example_task_group.py took 0.098 seconds
[2026-09-23 11:55:20,739] {scheduler_job.py:182} INFO - Started process (PID=1730) to work on /home/airflow/.local/lib/python3.6/site-packages/airflow/example_dags/example_task_group.py
[2026-09-23 11:55:20,740] {scheduler_job.py:629} INFO - Processing file /home/airflow/.local/lib/python3.6/site-packages/airflow/example_dags/example_task_group.py for tasks to queue
[2026-09-23 11:55:20,741] {logging_mixin.py:104} INFO - [2026-09-23 11:55:20,741] {dagbag.py:451} INFO - Filling up the DagBag from /home/airflow/.local/lib/python3.6/site-packages/airflow/example_dags/example_task_group.py
[2026-09-23 11:55:20,756] {scheduler_job.py:639} INFO - DAG(s) dict_keys(['example_task_group']) retrieved from /home/airflow/.local/lib/python3.6/site-packages/airflow/example_dags/example_task_group.py
[2026-09-23 11:55:20,779] {logging_mixin.py:104} INFO - [2026-09-23 11:55:20,779] {dag.py:1824} INFO - Sync 1 DAGs
[2026-09-23 11:55:20,798] {logging_mixin.py:104} INFO - [2026-09-23 11:55:20,798] {dag.py:2280} INFO - Setting next_dagrun for example_task_group to 2026-09-21 00:00:00+00:00
[2026-09-23 11:55:20,817] {scheduler_job.py:190} INFO - Processing /home/airflow/.local/lib/python3.6/site-packages/airflow/example_dags/example_task_group.py took 0.082 seconds
[2026-09-23 11:55:51,604] {scheduler_job.py:182} INFO - Started process (PID=1757) to work on /home/airflow/.local/lib/python3.6/site-packages/airflow/example_dags/example_task_group.py
[2026-09-23 11:55:51,605] {scheduler_job.py:629} INFO - Processing file /home/airflow/.local/lib/python3.6/site-packages/airflow/example_dags/example_task_group.py for tasks to queue
[2026-09-23 11:55:51,606] {logging_mixin.py:104} INFO - [2026-09-23 11:55:51,606] {dagbag.py:451} INFO - Filling up the DagBag from /home/airflow/.local/lib/python3.6/site-packages/airflow/example_dags/example_task_group.py
[2026-09-23 11:55:51,623] {scheduler_job.py:639} INFO - DAG(s) dict_keys(['example_task_group']) retrieved from /home/airflow/.local/lib/python3.6/site-packages/airflow/example_dags/example_task_group.py
[2026-09-23 11:55:51,649] {logging_mixin.py:104} INFO - [2026-09-23 11:55:51,649] {dag.py:1824} INFO - Sync 1 DAGs
[2026-09-23 11:55:51,668] {logging_mixin.py:104} INFO - [2026-09-23 11:55:51,668] {dag.py:2280} INFO - Setting next_dagrun for example_task_group to 2026-09-21 00:00:00+00:00
[2026-09-23 11:55:51,683] {scheduler_job.py:190} INFO - Processing /home/airflow/.local/lib/python3.6/site-packages/airflow/example_dags/example_task_group.py took 0.083 seconds
[2026-09-23 11:56:22,316] {scheduler_job.py:182} INFO - Started process (PID=1783) to work on /home/airflow/.local/lib/python3.6/site-packages/airflow/example_dags/example_task_group.py
[2026-09-23 11:56:22,318] {scheduler_job.py:629} INFO - Processing file /home/airflow/.local/lib/python3.6/site-packages/airflow/example_dags/example_task_group.py for tasks to queue
[2026-09-23 11:56:22,319] {logging_mixin.py:104} INFO - [2026-09-23 11:56:22,319] {dagbag.py:451} INFO - Filling up the DagBag from /home/airflow/.local/lib/python3.6/site-packages/airflow/example_dags/example_task_group.py
[2026-09-23 11:56:22,347] {scheduler_job.py:639} INFO - DAG(s) dict_keys(['example_task_group']) retrieved from /home/airflow/.local/lib/python3.6/site-packages/airflow/example_dags/example_task_group.py
[2026-09-23 11:56:22,422] {logging_mixin.py:104} INFO - [2026-09-23 11:56:22,422] {dag.py:1824} INFO - Sync 1 DAGs
[2026-09-23 11:56:22,468] {logging_mixin.py:104} INFO - [2026-09-23 11:56:22,468] {dag.py:2280} INFO - Setting next_dagrun for example_task_group to 2026-09-21 00:00:00+00:00
[2026-09-23 11:56:22,490] {scheduler_job.py:190} INFO - Processing /home/airflow/.local/lib/python3.6/site-packages/airflow/example_dags/example_task_group.py took 0.180 seconds
[2026-09-23 11:56:53,112] {scheduler_job.py:182} INFO - Started process (PID=1809) to work on /home/airflow/.local/lib/python3.6/site-packages/airflow/example_dags/example_task_group.py
[2026-09-23 11:56:53,114] {scheduler_job.py:629} INFO - Processing file /home/airflow/.local/lib/python3.6/site-packages/airflow/example_dags/example_task_group.py for tasks to queue
[2026-09-23 11:56:53,115] {logging_mixin.py:104} INFO - [2026-09-23 11:56:53,115] {dagbag.py:451} INFO - Filling up the DagBag from /home/airflow/.local/lib/python3.6/site-packages/airflow/example_dags/example_task_group.py
[2026-09-23 11:56:53,137] {scheduler_job.py:639} INFO - DAG(s) dict_keys(['example_task_group']) retrieved from /home/airflow/.local/lib/python3.6/site-packages/airflow/example_dags/example_task_group.py
[2026-09-23 11:56:53,163] {logging_mixin.py:104} INFO - [2026-09-23 11:56:53,163] {dag.py:1824} INFO - Sync 1 DAGs
[2026-09-23 11:56:53,180] {logging_mixin.py:104} INFO - [2026-09-23 11:56:53,180] {dag.py:2280} INFO - Setting next_dagrun for example_task_group to 2026-09-21 00:00:00+00:00
[2026-09-23 11:56:53,195] {scheduler_job.py:190} INFO - Processing /home/airflow/.local/lib/python3.6/site-packages/airflow/example_dags/example_task_group.py took 0.088 seconds
[2026-09-23 11:57:23,685] {scheduler_job.py:182} INFO - Started process (PID=1835) to work on /home/airflow/.local/lib/python3.6/site-packages/airflow/example_dags/example_task_group.py
[2026-09-23 11:57:23,686] {scheduler_job.py:629} INFO - Processing file /home/airflow/.local/lib/python3.6/site-packages/airflow/example_dags/example_task_group.py for tasks to queue
[2026-09-23 11:57:23,687] {logging_mixin.py:104} INFO - [2026-09-23 11:57:23,686] {dagbag.py:451} INFO - Filling up the DagBag from /home/airflow/.local/lib/python3.6/site-packages/airflow/example_dags/example_task_group.py
[2026-09-23 11:57:23,701] {scheduler_job.py:639} INFO - DAG(s) dict_keys(['example_task_group']) retrieved from /home/airflow/.local/lib/python3.6/site-packages/airflow/example_dags/example_task_group.py
[2026-09-23 11:57:23,725] {logging_mixin.py:104} INFO - [2026-09-23 11:57:23,725] {dag.py:1824} INFO - Sync 1 DAGs
[2026-09-23 11:57:23,742] {logging_mixin.py:104} INFO - [2026-09-23 11:57:23,742] {dag.py:2280} INFO - Setting next_dagrun for example_task_group to 2026-09-21 00:00:00+00:00
[2026-09-23 11:57:23,758] {scheduler_job.py:190} INFO - Processing /home/airflow/.local/lib/python3.6/site-packages/airflow/example_dags/example_task_group.py took 0.078 seconds
[2026-09-23 11:57:54,467] {scheduler_job.py:182} INFO - Started process (PID=1861) to work on /home/airflow/.local/lib/python3.6/site-packages/airflow/example_dags/example_task_group.py
[2026-09-23 11:57:54,469] {scheduler_job.py:629} INFO - Processing file /home/airflow/.local/lib/python3.6/site-packages/airflow/example_dags/example_task_group.py for tasks to queue
[2026-09-23 11:57:54,470] {logging_mixin.py:104} INFO - [2026-09-23 11:57:54,470] {dagbag.py:451} INFO - Filling up the DagBag from /home/airflow/.local/lib/python3.6/site-packages/airflow/example_dags/example_task_group.py
[2026-09-23 11:57:54,501] {scheduler_job.py:639} INFO - DAG(s) dict_keys(['example_task_group']) retrieved from /home/airflow/.local/lib/python3.6/site-packages/airflow/example_dags/example_task_group.py
[2026-09-23 11:57:54,549] {logging_mixin.py:104} INFO - [2026-09-23 11:57:54,549] {dag.py:1824} INFO - Sync 1 DAGs
[2026-09-23 11:57:54,585] {logging_mixin.py:104} INFO - [2026-09-23 11:57:54,584] {dag.py:2280} INFO - Setting next_dagrun for example_task_group to 2026-09-21 00:00:00+00:00
[2026-09-23 11:57:54,607] {scheduler_job.py:190} INFO - Processing /home/airflow/.local/lib/python3.6/site-packages/airflow/example_dags/example_task_group.py took 0.146 seconds
[2026-09-23 11:58:25,516] {scheduler_job.py:182} INFO - Started process (PID=1887) to work on /home/airflow/.local/lib/python3.6/site-packages/airflow/example_dags/example_task_group.py
[2026-09-23 11:58:25,518] {scheduler_job.py:629} INFO - Processing file /home/airflow/.local/lib/python3.6/site-packages/airflow/example_dags/example_task_group.py for tasks to queue
[2026-09-23 11:58:25,519] {logging_mixin.py:104} INFO - [2026-09-23 11:58:25,519] {dagbag.py:451} INFO - Filling up the DagBag from /home/airflow/.local/lib/python3.6/site-packages/airflow/example_dags/example_task_group.py
[2026-09-23 11:58:25,541] {scheduler_job.py:639} INFO - DAG(s) dict_keys(['example_task_group']) retrieved from /home/airflow/.local/lib/python3.6/site-packages/airflow/example_dags/example_task_group.py
[2026-09-23 11:58:25,576] {logging_mixin.py:104} INFO - [2026-09-23 11:58:25,576] {dag.py:1824} INFO - Sync 1 DAGs
[2026-09-23 11:58:25,599] {logging_mixin.py:104} INFO - [2026-09-23 11:58:25,599] {dag.py:2280} INFO - Setting next_dagrun for example_task_group to 2026-09-21 00:00:00+00:00
[2026-09-23 11:58:25,619] {scheduler_job.py:190} INFO - Processing /home/airflow/.local/lib/python3.6/site-packages/airflow/example_dags/example_task_group.py took 0.109 seconds
[2026-09-23 11:58:55,758] {scheduler_job.py:182} INFO - Started process (PID=1913) to work on /home/airflow/.local/lib/python3.6/site-packages/airflow/example_dags/example_task_group.py
[2026-09-23 11:58:55,759] {scheduler_job.py:629} INFO - Processing file /home/airflow/.local/lib/python3.6/site-packages/airflow/example_dags/example_task_group.py for tasks to queue
[2026-09-23 11:58:55,761] {logging_mixin.py:104} INFO - [2026-09-23 11:58:55,760] {dagbag.py:451} INFO - Filling up the DagBag from /home/airflow/.local/lib/python3.6/site-packages/airflow/example_dags/example_task_group.py
[2026-09-23 11:58:55,782] {scheduler_job.py:639} INFO - DAG(s) dict_keys(['example_task_group']) retrieved from /home/airflow/.local/lib/python3.6/site-packages/airflow/example_dags/example_task_group.py
[2026-09-23 11:58:55,829] {logging_mixin.py:104} INFO - [2026-09-23 11:58:55,829] {dag.py:1824} INFO - Sync 1 DAGs
[2026-09-23 11:58:55,860] {logging_mixin.py:104} INFO - [2026-09-23 11:58:55,859] {dag.py:2280} INFO - Setting next_dagrun for example_task_group to 2026-09-21 00:00:00+00:00
[2026-09-23 11:58:55,880] {scheduler_job.py:190} INFO - Processing /home/airflow/.local/lib/python3.6/site-packages/airflow/example_dags/example_task_group.py took 0.130 seconds
[2026-09-23 11:59:26,929] {scheduler_job.py:182} INFO - Started process (PID=1940) to work on /home/airflow/.local/lib/python3.6/site-packages/airflow/example_dags/example_task_group.py
[2026-09-23 11:59:26,932] {scheduler_job.py:629} INFO - Processing file /home/airflow/.local/lib/python3.6/site-packages/airflow/example_dags/example_task_group.py for tasks to queue
[2026-09-23 11:59:26,933] {logging_mixin.py:104} INFO - [2026-09-23 11:59:26,933] {dagbag.py:451} INFO - Filling up the DagBag from /home/airflow/.local/lib/python3.6/site-packages/airflow/example_dags/example_task_group.py
[2026-09-23 11:59:26,952] {scheduler_job.py:639} INFO - DAG(s) dict_keys(['example_task_group']) retrieved from /home/airflow/.local/lib/python3.6/site-packages/airflow/example_dags/example_task_group.py
[2026-09-23 11:59:26,981] {logging_mixin.py:104} INFO - [2026-09-23 11:59:26,981] {dag.py:1824} INFO - Sync 1 DAGs
[2026-09-23 11:59:27,003] {logging_mixin.py:104} INFO - [2026-09-23 11:59:27,003] {dag.py:2280} INFO - Setting next_dagrun for example_task_group to 2026-09-21 00:00:00+00:00
[2026-09-23 11:59:27,018] {scheduler_job.py:190} INFO - Processing /home/airflow/.local/lib/python3.6/site-packages/airflow/example_dags/example_task_group.py took 0.093 seconds
[2026-09-23 11:59:57,770] {scheduler_job.py:182} INFO - Started process (PID=1965) to work on /home/airflow/.local/lib/python3.6/site-packages/airflow/example_dags/example_task_group.py
[2026-09-23 11:59:57,771] {scheduler_job.py:629} INFO - Processing file /home/airflow/.local/lib/python3.6/site-packages/airflow/example_dags/example_task_group.py for tasks to queue
[2026-09-23 11:59:57,772] {logging_mixin.py:104} INFO - [2026-09-23 11:59:57,772] {dagbag.py:451} INFO - Filling up the DagBag from /home/airflow/.local/lib/python3.6/site-packages/airflow/example_dags/example_task_group.py
[2026-09-23 11:59:57,786] {scheduler_job.py:639} INFO - DAG(s) dict_keys(['example_task_group']) retrieved from /home/airflow/.local/lib/python3.6/site-packages/airflow/example_dags/example_task_group.py
[2026-09-23 11:59:57,818] {logging_mixin.py:104} INFO - [2026-09-23 11:59:57,818] {dag.py:1824} INFO - Sync 1 DAGs
[2026-09-23 11:59:57,846] {logging_mixin.py:104} INFO - [2026-09-23 11:59:57,845] {dag.py:2280} INFO - Setting next_dagrun for example_task_group to 2026-09-21 00:00:00+00:00
[2026-09-23 11:59:57,864] {scheduler_job.py:190} INFO - Processing /home/airflow/.local/lib/python3.6/site-packages/airflow/example_dags/example_task_group.py took 0.098 seconds
[2026-09-23 12:00:28,375] {scheduler_job.py:182} INFO - Started process (PID=1991) to work on /home/airflow/.local/lib/python3.6/site-packages/airflow/example_dags/example_task_group.py
[2026-09-23 12:00:28,376] {scheduler_job.py:629} INFO - Processing file /home/airflow/.local/lib/python3.6/site-packages/airflow/example_dags/example_task_group.py for tasks to queue
[2026-09-23 12:00:28,377] {logging_mixin.py:104} INFO - [2026-09-23 12:00:28,377] {dagbag.py:451} INFO - Filling up the DagBag from /home/airflow/.local/lib/python3.6/site-packages/airflow/example_dags/example_task_group.py
[2026-09-23 12:00:28,395] {scheduler_job.py:639} INFO - DAG(s) dict_keys(['example_task_group']) retrieved from /home/airflow/.local/lib/python3.6/site-packages/airflow/example_dags/example_task_group.py
[2026-09-23 12:00:28,424] {logging_mixin.py:104} INFO - [2026-09-23 12:00:28,424] {dag.py:1824} INFO - Sync 1 DAGs
[2026-09-23 12:00:28,445] {logging_mixin.py:104} INFO - [2026-09-23 12:00:28,445] {dag.py:2280} INFO - Setting next_dagrun for example_task_group to 2026-09-21 00:00:00+00:00
[2026-09-23 12:00:28,459] {scheduler_job.py:190} INFO - Processing /home/airflow/.local/lib/python3.6/site-packages/airflow/example_dags/example_task_group.py took 0.088 seconds
[2026-09-23 12:00:58,900] {scheduler_job.py:182} INFO - Started process (PID=2017) to work on /home/airflow/.local/lib/python3.6/site-packages/airflow/example_dags/example_task_group.py
[2026-09-23 12:00:58,901] {scheduler_job.py:629} INFO - Processing file /home/airflow/.local/lib/python3.6/site-packages/airflow/example_dags/example_task_group.py for tasks to queue
[2026-09-23 12:00:58,902] {logging_mixin.py:104} INFO - [2026-09-23 12:00:58,902] {dagbag.py:451} INFO - Filling up the DagBag from /home/airflow/.local/lib/python3.6/site-packages/airflow/example_dags/example_task_group.py
[2026-09-23 12:00:58,918] {scheduler_job.py:639} INFO - DAG(s) dict_keys(['example_task_group']) retrieved from /home/airflow/.local/lib/python3.6/site-packages/airflow/example_dags/example_task_group.py
[2026-09-23 12:00:58,942] {logging_mixin.py:104} INFO - [2026-09-23 12:00:58,942] {dag.py:1824} INFO - Sync 1 DAGs
[2026-09-23 12:00:58,963] {logging_mixin.py:104} INFO - [2026-09-23 12:00:58,963] {dag.py:2280} INFO - Setting next_dagrun for example_task_group to 2026-09-21 00:00:00+00:00
[2026-09-23 12:00:58,981] {scheduler_job.py:190} INFO - Processing /home/airflow/.local/lib/python3.6/site-packages/airflow/example_dags/example_task_group.py took 0.085 seconds
[2026-09-23 12:01:29,536] {scheduler_job.py:182} INFO - Started process (PID=2043) to work on /home/airflow/.local/lib/python3.6/site-packages/airflow/example_dags/example_task_group.py
[2026-09-23 12:01:29,537] {scheduler_job.py:629} INFO - Processing file /home/airflow/.local/lib/python3.6/site-packages/airflow/example_dags/example_task_group.py for tasks to queue
[2026-09-23 12:01:29,538] {logging_mixin.py:104} INFO - [2026-09-23 12:01:29,538] {dagbag.py:451} INFO - Filling up the DagBag from /home/airflow/.local/lib/python3.6/site-packages/airflow/example_dags/example_task_group.py
[2026-09-23 12:01:29,556] {scheduler_job.py:639} INFO - DAG(s) dict_keys(['example_task_group']) retrieved from /home/airflow/.local/lib/python3.6/site-packages/airflow/example_dags/example_task_group.py
[2026-09-23 12:01:29,584] {logging_mixin.py:104} INFO - [2026-09-23 12:01:29,584] {dag.py:1824} INFO - Sync 1 DAGs
[2026-09-23 12:01:29,603] {logging_mixin.py:104} INFO - [2026-09-23 12:01:29,603] {dag.py:2280} INFO - Setting next_dagrun for example_task_group to 2026-09-21 00:00:00+00:00
[2026-09-23 12:01:29,621] {scheduler_job.py:190} INFO - Processing /home/airflow/.local/lib/python3.6/site-packages/airflow/example_dags/example_task_group.py took 0.089 seconds
[2026-09-23 12:02:00,196] {scheduler_job.py:182} INFO - Started process (PID=2069) to work on /home/airflow/.local/lib/python3.6/site-packages/airflow/example_dags/example_task_group.py
[2026-09-23 12:02:00,198] {scheduler_job.py:629} INFO - Processing file /home/airflow/.local/lib/python3.6/site-packages/airflow/example_dags/example_task_group.py for tasks to queue
[2026-09-23 12:02:00,199] {logging_mixin.py:104} INFO - [2026-09-23 12:02:00,199] {dagbag.py:451} INFO - Filling up the DagBag from /home/airflow/.local/lib/python3.6/site-packages/airflow/example_dags/example_task_group.py
[2026-09-23 12:02:00,224] {scheduler_job.py:639} INFO - DAG(s) dict_keys(['example_task_group']) retrieved from /home/airflow/.local/lib/python3.6/site-packages/airflow/example_dags/example_task_group.py
[2026-09-23 12:02:00,261] {logging_mixin.py:104} INFO - [2026-09-23 12:02:00,261] {dag.py:1824} INFO - Sync 1 DAGs
[2026-09-23 12:02:00,290] {logging_mixin.py:104} INFO - [2026-09-23 12:02:00,290] {dag.py:2280} INFO - Setting next_dagrun for example_task_group to 2026-09-21 00:00:00+00:00
[2026-09-23 12:02:00,309] {scheduler_job.py:190} INFO - Processing /home/airflow/.local/lib/python3.6/site-packages/airflow/example_dags/example_task_group.py took 0.121 seconds
[2026-09-23 12:02:31,117] {scheduler_job.py:182} INFO - Started process (PID=2095) to work on /home/airflow/.local/lib/python3.6/site-packages/airflow/example_dags/example_task_group.py
[2026-09-23 12:02:31,119] {scheduler_job.py:629} INFO - Processing file /home/airflow/.local/lib/python3.6/site-packages/airflow/example_dags/example_task_group.py for tasks to queue
[2026-09-23 12:02:31,120] {logging_mixin.py:104} INFO - [2026-09-23 12:02:31,120] {dagbag.py:451} INFO - Filling up the DagBag from /home/airflow/.local/lib/python3.6/site-packages/airflow/example_dags/example_task_group.py
[2026-09-23 12:02:31,140] {scheduler_job.py:639} INFO - DAG(s) dict_keys(['example_task_group']) retrieved from /home/airflow/.local/lib/python3.6/site-packages/airflow/example_dags/example_task_group.py
[2026-09-23 12:02:31,175] {logging_mixin.py:104} INFO - [2026-09-23 12:02:31,175] {dag.py:1824} INFO - Sync 1 DAGs
[2026-09-23 12:02:31,199] {logging_mixin.py:104} INFO - [2026-09-23 12:02:31,199] {dag.py:2280} INFO - Setting next_dagrun for example_task_group to 2026-09-21 00:00:00+00:00
[2026-09-23 12:02:31,220] {scheduler_job.py:190} INFO - Processing /home/airflow/.local/lib/python3.6/site-packages/airflow/example_dags/example_task_group.py took 0.108 seconds
[2026-09-23 12:03:02,100] {scheduler_job.py:182} INFO - Started process (PID=2121) to work on /home/airflow/.local/lib/python3.6/site-packages/airflow/example_dags/example_task_group.py
[2026-09-23 12:03:02,101] {scheduler_job.py:629} INFO - Processing file /home/airflow/.local/lib/python3.6/site-packages/airflow/example_dags/example_task_group.py for tasks to queue
[2026-09-23 12:03:02,102] {logging_mixin.py:104} INFO - [2026-09-23 12:03:02,102] {dagbag.py:451} INFO - Filling up the DagBag from /home/airflow/.local/lib/python3.6/site-packages/airflow/example_dags/example_task_group.py
[2026-09-23 12:03:02,118] {scheduler_job.py:639} INFO - DAG(s) dict_keys(['example_task_group']) retrieved from /home/airflow/.local/lib/python3.6/site-packages/airflow/example_dags/example_task_group.py
[2026-09-23 12:03:02,147] {logging_mixin.py:104} INFO - [2026-09-23 12:03:02,147] {dag.py:1824} INFO - Sync 1 DAGs
[2026-09-23 12:03:02,168] {logging_mixin.py:104} INFO - [2026-09-23 12:03:02,168] {dag.py:2280} INFO - Setting next_dagrun for example_task_group to 2026-09-21 00:00:00+00:00
[2026-09-23 12:03:02,186] {scheduler_job.py:190} INFO - Processing /home/airflow/.local/lib/python3.6/site-packages/airflow/example_dags/example_task_group.py took 0.090 seconds
[2026-09-23 12:03:33,014] {scheduler_job.py:182} INFO - Started process (PID=2147) to work on /home/airflow/.local/lib/python3.6/site-packages/airflow/example_dags/example_task_group.py
[2026-09-23 12:03:33,015] {scheduler_job.py:629} INFO - Processing file /home/airflow/.local/lib/python3.6/site-packages/airflow/example_dags/example_task_group.py for tasks to queue
[2026-09-23 12:03:33,016] {logging_mixin.py:104} INFO - [2026-09-23 12:03:33,016] {dagbag.py:451} INFO - Filling up the DagBag from /home/airflow/.local/lib/python3.6/site-packages/airflow/example_dags/example_task_group.py
[2026-09-23 12:03:33,032] {scheduler_job.py:639} INFO - DAG(s) dict_keys(['example_task_group']) retrieved from /home/airflow/.local/lib/python3.6/site-packages/airflow/example_dags/example_task_group.py
[2026-09-23 12:03:33,067] {logging_mixin.py:104} INFO - [2026-09-23 12:03:33,066] {dag.py:1824} INFO - Sync 1 DAGs
[2026-09-23 12:03:33,095] {logging_mixin.py:104} INFO - [2026-09-23 12:03:33,095] {dag.py:2280} INFO - Setting next_dagrun for example_task_group to 2026-09-21 00:00:00+00:00
[2026-09-23 12:03:33,114] {scheduler_job.py:190} INFO - Processing /home/airflow/.local/lib/python3.6/site-packages/airflow/example_dags/example_task_group.py took 0.105 seconds
[2026-09-23 12:04:03,697] {scheduler_job.py:182} INFO - Started process (PID=2173) to work on /home/airflow/.local/lib/python3.6/site-packages/airflow/example_dags/example_task_group.py
[2026-09-23 12:04:03,699] {scheduler_job.py:629} INFO - Processing file /home/airflow/.local/lib/python3.6/site-packages/airflow/example_dags/example_task_group.py for tasks to queue
[2026-09-23 12:04:03,700] {logging_mixin.py:104} INFO - [2026-09-23 12:04:03,700] {dagbag.py:451} INFO - Filling up the DagBag from /home/airflow/.local/lib/python3.6/site-packages/airflow/example_dags/example_task_group.py
[2026-09-23 12:04:03,726] {scheduler_job.py:639} INFO - DAG(s) dict_keys(['example_task_group']) retrieved from /home/airflow/.local/lib/python3.6/site-packages/airflow/example_dags/example_task_group.py
[2026-09-23 12:04:03,757] {logging_mixin.py:104} INFO - [2026-09-23 12:04:03,757] {dag.py:1824} INFO - Sync 1 DAGs
[2026-09-23 12:04:03,782] {logging_mixin.py:104} INFO - [2026-09-23 12:04:03,781] {dag.py:2280} INFO - Setting next_dagrun for example_task_group to 2026-09-21 00:00:00+00:00
[2026-09-23 12:04:03,802] {scheduler_job.py:190} INFO - Processing /home/airflow/.local/lib/python3.6/site-packages/airflow/example_dags/example_task_group.py took 0.110 seconds
[2026-09-23 12:04:34,605] {scheduler_job.py:182} INFO - Started process (PID=2201) to work on /home/airflow/.local/lib/python3.6/site-packages/airflow/example_dags/example_task_group.py
[2026-09-23 12:04:34,609] {scheduler_job.py:629} INFO - Processing file /home/airflow/.local/lib/python3.6/site-packages/airflow/example_dags/example_task_group.py for tasks to queue
[2026-09-23 12:04:34,610] {logging_mixin.py:104} INFO - [2026-09-23 12:04:34,610] {dagbag.py:451} INFO - Filling up the DagBag from /home/airflow/.local/lib/python3.6/site-packages/airflow/example_dags/example_task_group.py
[2026-09-23 12:04:34,634] {scheduler_job.py:639} INFO - DAG(s) dict_keys(['example_task_group']) retrieved from /home/airflow/.local/lib/python3.6/site-packages/airflow/example_dags/example_task_group.py
[2026-09-23 12:04:34,678] {logging_mixin.py:104} INFO - [2026-09-23 12:04:34,678] {dag.py:1824} INFO - Sync 1 DAGs
[2026-09-23 12:04:34,716] {logging_mixin.py:104} INFO - [2026-09-23 12:04:34,716] {dag.py:2280} INFO - Setting next_dagrun for example_task_group to 2026-09-21 00:00:00+00:00
[2026-09-23 12:04:34,740] {scheduler_job.py:190} INFO - Processing /home/airflow/.local/lib/python3.6/site-packages/airflow/example_dags/example_task_group.py took 0.145 seconds
[2026-09-23 12:05:04,848] {scheduler_job.py:182} INFO - Started process (PID=2227) to work on /home/airflow/.local/lib/python3.6/site-packages/airflow/example_dags/example_task_group.py
[2026-09-23 12:05:04,852] {scheduler_job.py:629} INFO - Processing file /home/airflow/.local/lib/python3.6/site-packages/airflow/example_dags/example_task_group.py for tasks to queue
[2026-09-23 12:05:04,853] {logging_mixin.py:104} INFO - [2026-09-23 12:05:04,853] {dagbag.py:451} INFO - Filling up the DagBag from /home/airflow/.local/lib/python3.6/site-packages/airflow/example_dags/example_task_group.py
[2026-09-23 12:05:04,892] {scheduler_job.py:639} INFO - DAG(s) dict_keys(['example_task_group']) retrieved from /home/airflow/.local/lib/python3.6/site-packages/airflow/example_dags/example_task_group.py
[2026-09-23 12:05:04,971] {logging_mixin.py:104} INFO - [2026-09-23 12:05:04,971] {dag.py:1824} INFO - Sync 1 DAGs
[2026-09-23 12:05:05,008] {logging_mixin.py:104} INFO - [2026-09-23 12:05:05,008] {dag.py:2280} INFO - Setting next_dagrun for example_task_group to 2026-09-21 00:00:00+00:00
[2026-09-23 12:05:05,035] {scheduler_job.py:190} INFO - Processing /home/airflow/.local/lib/python3.6/site-packages/airflow/example_dags/example_task_group.py took 0.194 seconds
[2026-09-23 12:05:35,972] {scheduler_job.py:182} INFO - Started process (PID=2251) to work on /home/airflow/.local/lib/python3.6/site-packages/airflow/example_dags/example_task_group.py
[2026-09-23 12:05:35,974] {scheduler_job.py:629} INFO - Processing file /home/airflow/.local/lib/python3.6/site-packages/airflow/example_dags/example_task_group.py for tasks to queue
[2026-09-23 12:05:35,975] {logging_mixin.py:104} INFO - [2026-09-23 12:05:35,975] {dagbag.py:451} INFO - Filling up the DagBag from /home/airflow/.local/lib/python3.6/site-packages/airflow/example_dags/example_task_group.py
[2026-09-23 12:05:35,998] {scheduler_job.py:639} INFO - DAG(s) dict_keys(['example_task_group']) retrieved from /home/airflow/.local/lib/python3.6/site-packages/airflow/example_dags/example_task_group.py
[2026-09-23 12:05:36,047] {logging_mixin.py:104} INFO - [2026-09-23 12:05:36,047] {dag.py:1824} INFO - Sync 1 DAGs
[2026-09-23 12:05:36,080] {logging_mixin.py:104} INFO - [2026-09-23 12:05:36,080] {dag.py:2280} INFO - Setting next_dagrun for example_task_group to 2026-09-21 00:00:00+00:00
[2026-09-23 12:05:36,105] {scheduler_job.py:190} INFO - Processing /home/airflow/.local/lib/python3.6/site-packages/airflow/example_dags/example_task_group.py took 0.137 seconds
[2026-09-23 12:06:06,992] {scheduler_job.py:182} INFO - Started process (PID=2277) to work on /home/airflow/.local/lib/python3.6/site-packages/airflow/example_dags/example_task_group.py
[2026-09-23 12:06:06,993] {scheduler_job.py:629} INFO - Processing file /home/airflow/.local/lib/python3.6/site-packages/airflow/example_dags/example_task_group.py for tasks to queue
[2026-09-23 12:06:06,994] {logging_mixin.py:104} INFO - [2026-09-23 12:06:06,994] {dagbag.py:451} INFO - Filling up the DagBag from /home/airflow/.local/lib/python3.6/site-packages/airflow/example_dags/example_task_group.py
[2026-09-23 12:06:07,010] {scheduler_job.py:639} INFO - DAG(s) dict_keys(['example_task_group']) retrieved from /home/airflow/.local/lib/python3.6/site-packages/airflow/example_dags/example_task_group.py
[2026-09-23 12:06:07,039] {logging_mixin.py:104} INFO - [2026-09-23 12:06:07,038] {dag.py:1824} INFO - Sync 1 DAGs
[2026-09-23 12:06:07,060] {logging_mixin.py:104} INFO - [2026-09-23 12:06:07,060] {dag.py:2280} INFO - Setting next_dagrun for example_task_group to 2026-09-21 00:00:00+00:00
[2026-09-23 12:06:07,079] {scheduler_job.py:190} INFO - Processing /home/airflow/.local/lib/python3.6/site-packages/airflow/example_dags/example_task_group.py took 0.091 seconds
[2026-09-23 12:06:38,172] {scheduler_job.py:182} INFO - Started process (PID=2307) to work on /home/airflow/.local/lib/python3.6/site-packages/airflow/example_dags/example_task_group.py
[2026-09-23 12:06:38,174] {scheduler_job.py:629} INFO - Processing file /home/airflow/.local/lib/python3.6/site-packages/airflow/example_dags/example_task_group.py for tasks to queue
[2026-09-23 12:06:38,177] {logging_mixin.py:104} INFO - [2026-09-23 12:06:38,176] {dagbag.py:451} INFO - Filling up the DagBag from /home/airflow/.local/lib/python3.6/site-packages/airflow/example_dags/example_task_group.py
[2026-09-23 12:06:38,207] {scheduler_job.py:639} INFO - DAG(s) dict_keys(['example_task_group']) retrieved from /home/airflow/.local/lib/python3.6/site-packages/airflow/example_dags/example_task_group.py
[2026-09-23 12:06:38,260] {logging_mixin.py:104} INFO - [2026-09-23 12:06:38,260] {dag.py:1824} INFO - Sync 1 DAGs
[2026-09-23 12:06:38,295] {logging_mixin.py:104} INFO - [2026-09-23 12:06:38,295] {dag.py:2280} INFO - Setting next_dagrun for example_task_group to 2026-09-21 00:00:00+00:00
[2026-09-23 12:06:38,315] {scheduler_job.py:190} INFO - Processing /home/airflow/.local/lib/python3.6/site-packages/airflow/example_dags/example_task_group.py took 0.151 seconds
[2026-09-23 12:07:08,582] {scheduler_job.py:182} INFO - Started process (PID=2329) to work on /home/airflow/.local/lib/python3.6/site-packages/airflow/example_dags/example_task_group.py
[2026-09-23 12:07:08,587] {scheduler_job.py:629} INFO - Processing file /home/airflow/.local/lib/python3.6/site-packages/airflow/example_dags/example_task_group.py for tasks to queue
[2026-09-23 12:07:08,588] {logging_mixin.py:104} INFO - [2026-09-23 12:07:08,588] {dagbag.py:451} INFO - Filling up the DagBag from /home/airflow/.local/lib/python3.6/site-packages/airflow/example_dags/example_task_group.py
[2026-09-23 12:07:08,604] {scheduler_job.py:639} INFO - DAG(s) dict_keys(['example_task_group']) retrieved from /home/airflow/.local/lib/python3.6/site-packages/airflow/example_dags/example_task_group.py
[2026-09-23 12:07:08,639] {logging_mixin.py:104} INFO - [2026-09-23 12:07:08,639] {dag.py:1824} INFO - Sync 1 DAGs
[2026-09-23 12:07:08,667] {logging_mixin.py:104} INFO - [2026-09-23 12:07:08,666] {dag.py:2280} INFO - Setting next_dagrun for example_task_group to 2026-09-21 00:00:00+00:00
[2026-09-23 12:07:08,685] {scheduler_job.py:190} INFO - Processing /home/airflow/.local/lib/python3.6/site-packages/airflow/example_dags/example_task_group.py took 0.108 seconds
[2026-09-23 12:07:39,416] {scheduler_job.py:182} INFO - Started process (PID=2355) to work on /home/airflow/.local/lib/python3.6/site-packages/airflow/example_dags/example_task_group.py
[2026-09-23 12:07:39,417] {scheduler_job.py:629} INFO - Processing file /home/airflow/.local/lib/python3.6/site-packages/airflow/example_dags/example_task_group.py for tasks to queue
[2026-09-23 12:07:39,418] {logging_mixin.py:104} INFO - [2026-09-23 12:07:39,418] {dagbag.py:451} INFO - Filling up the DagBag from /home/airflow/.local/lib/python3.6/site-packages/airflow/example_dags/example_task_group.py
[2026-09-23 12:07:39,440] {scheduler_job.py:639} INFO - DAG(s) dict_keys(['example_task_group']) retrieved from /home/airflow/.local/lib/python3.6/site-packages/airflow/example_dags/example_task_group.py
[2026-09-23 12:07:39,480] {logging_mixin.py:104} INFO - [2026-09-23 12:07:39,479] {dag.py:1824} INFO - Sync 1 DAGs
[2026-09-23 12:07:39,509] {logging_mixin.py:104} INFO - [2026-09-23 12:07:39,509] {dag.py:2280} INFO - Setting next_dagrun for example_task_group to 2026-09-21 00:00:00+00:00
[2026-09-23 12:07:39,531] {scheduler_job.py:190} INFO - Processing /home/airflow/.local/lib/python3.6/site-packages/airflow/example_dags/example_task_group.py took 0.121 seconds
[2026-09-23 12:08:10,132] {scheduler_job.py:182} INFO - Started process (PID=2381) to work on /home/airflow/.local/lib/python3.6/site-packages/airflow/example_dags/example_task_group.py
[2026-09-23 12:08:10,133] {scheduler_job.py:629} INFO - Processing file /home/airflow/.local/lib/python3.6/site-packages/airflow/example_dags/example_task_group.py for tasks to queue
[2026-09-23 12:08:10,134] {logging_mixin.py:104} INFO - [2026-09-23 12:08:10,134] {dagbag.py:451} INFO - Filling up the DagBag from /home/airflow/.local/lib/python3.6/site-packages/airflow/example_dags/example_task_group.py
[2026-09-23 12:08:10,152] {scheduler_job.py:639} INFO - DAG(s) dict_keys(['example_task_group']) retrieved from /home/airflow/.local/lib/python3.6/site-packages/airflow/example_dags/example_task_group.py
[2026-09-23 12:08:10,183] {logging_mixin.py:104} INFO - [2026-09-23 12:08:10,183] {dag.py:1824} INFO - Sync 1 DAGs
[2026-09-23 12:08:10,204] {logging_mixin.py:104} INFO - [2026-09-23 12:08:10,203] {dag.py:2280} INFO - Setting next_dagrun for example_task_group to 2026-09-21 00:00:00+00:00
[2026-09-23 12:08:10,220] {scheduler_job.py:190} INFO - Processing /home/airflow/.local/lib/python3.6/site-packages/airflow/example_dags/example_task_group.py took 0.094 seconds
[2026-09-23 12:08:40,753] {scheduler_job.py:182} INFO - Started process (PID=2407) to work on /home/airflow/.local/lib/python3.6/site-packages/airflow/example_dags/example_task_group.py
[2026-09-23 12:08:40,755] {scheduler_job.py:629} INFO - Processing file /home/airflow/.local/lib/python3.6/site-packages/airflow/example_dags/example_task_group.py for tasks to queue
[2026-09-23 12:08:40,756] {logging_mixin.py:104} INFO - [2026-09-23 12:08:40,755] {dagbag.py:451} INFO - Filling up the DagBag from /home/airflow/.local/lib/python3.6/site-packages/airflow/example_dags/example_task_group.py
[2026-09-23 12:08:40,778] {scheduler_job.py:639} INFO - DAG(s) dict_keys(['example_task_group']) retrieved from /home/airflow/.local/lib/python3.6/site-packages/airflow/example_dags/example_task_group.py
[2026-09-23 12:08:40,808] {logging_mixin.py:104} INFO - [2026-09-23 12:08:40,808] {dag.py:1824} INFO - Sync 1 DAGs
[2026-09-23 12:08:40,828] {logging_mixin.py:104} INFO - [2026-09-23 12:08:40,828] {dag.py:2280} INFO - Setting next_dagrun for example_task_group to 2026-09-21 00:00:00+00:00
[2026-09-23 12:08:40,844] {scheduler_job.py:190} INFO - Processing /home/airflow/.local/lib/python3.6/site-packages/airflow/example_dags/example_task_group.py took 0.095 seconds
[2026-09-23 12:09:11,600] {scheduler_job.py:182} INFO - Started process (PID=2433) to work on /home/airflow/.local/lib/python3.6/site-packages/airflow/example_dags/example_task_group.py
[2026-09-23 12:09:11,602] {scheduler_job.py:629} INFO - Processing file /home/airflow/.local/lib/python3.6/site-packages/airflow/example_dags/example_task_group.py for tasks to queue
[2026-09-23 12:09:11,604] {logging_mixin.py:104} INFO - [2026-09-23 12:09:11,603] {dagbag.py:451} INFO - Filling up the DagBag from /home/airflow/.local/lib/python3.6/site-packages/airflow/example_dags/example_task_group.py
[2026-09-23 12:09:11,623] {scheduler_job.py:639} INFO - DAG(s) dict_keys(['example_task_group']) retrieved from /home/airflow/.local/lib/python3.6/site-packages/airflow/example_dags/example_task_group.py
[2026-09-23 12:09:11,656] {logging_mixin.py:104} INFO - [2026-09-23 12:09:11,656] {dag.py:1824} INFO - Sync 1 DAGs
[2026-09-23 12:09:11,686] {logging_mixin.py:104} INFO - [2026-09-23 12:09:11,685] {dag.py:2280} INFO - Setting next_dagrun for example_task_group to 2026-09-21 00:00:00+00:00
[2026-09-23 12:09:11,709] {scheduler_job.py:190} INFO - Processing /home/airflow/.local/lib/python3.6/site-packages/airflow/example_dags/example_task_group.py took 0.113 seconds
[2026-09-23 12:09:41,740] {scheduler_job.py:182} INFO - Started process (PID=2459) to work on /home/airflow/.local/lib/python3.6/site-packages/airflow/example_dags/example_task_group.py
[2026-09-23 12:09:41,744] {scheduler_job.py:629} INFO - Processing file /home/airflow/.local/lib/python3.6/site-packages/airflow/example_dags/example_task_group.py for tasks to queue
[2026-09-23 12:09:41,745] {logging_mixin.py:104} INFO - [2026-09-23 12:09:41,745] {dagbag.py:451} INFO - Filling up the DagBag from /home/airflow/.local/lib/python3.6/site-packages/airflow/example_dags/example_task_group.py
[2026-09-23 12:09:41,770] {scheduler_job.py:639} INFO - DAG(s) dict_keys(['example_task_group']) retrieved from /home/airflow/.local/lib/python3.6/site-packages/airflow/example_dags/example_task_group.py
[2026-09-23 12:09:41,808] {logging_mixin.py:104} INFO - [2026-09-23 12:09:41,808] {dag.py:1824} INFO - Sync 1 DAGs
[2026-09-23 12:09:41,835] {logging_mixin.py:104} INFO - [2026-09-23 12:09:41,835] {dag.py:2280} INFO - Setting next_dagrun for example_task_group to 2026-09-21 00:00:00+00:00
[2026-09-23 12:09:41,854] {scheduler_job.py:190} INFO - Processing /home/airflow/.local/lib/python3.6/site-packages/airflow/example_dags/example_task_group.py took 0.119 seconds
[2026-09-23 12:10:12,000] {scheduler_job.py:182} INFO - Started process (PID=2483) to work on /home/airflow/.local/lib/python3.6/site-packages/airflow/example_dags/example_task_group.py
[2026-09-23 12:10:12,002] {scheduler_job.py:629} INFO - Processing file /home/airflow/.local/lib/python3.6/site-packages/airflow/example_dags/example_task_group.py for tasks to queue
[2026-09-23 12:10:12,003] {logging_mixin.py:104} INFO - [2026-09-23 12:10:12,003] {dagbag.py:451} INFO - Filling up the DagBag from /home/airflow/.local/lib/python3.6/site-packages/airflow/example_dags/example_task_group.py
[2026-09-23 12:10:12,033] {scheduler_job.py:639} INFO - DAG(s) dict_keys(['example_task_group']) retrieved from /home/airflow/.local/lib/python3.6/site-packages/airflow/example_dags/example_task_group.py
[2026-09-23 12:10:12,070] {logging_mixin.py:104} INFO - [2026-09-23 12:10:12,070] {dag.py:1824} INFO - Sync 1 DAGs
[2026-09-23 12:10:12,106] {logging_mixin.py:104} INFO - [2026-09-23 12:10:12,106] {dag.py:2280} INFO - Setting next_dagrun for example_task_group to 2026-09-21 00:00:00+00:00
[2026-09-23 12:10:12,140] {scheduler_job.py:190} INFO - Processing /home/airflow/.local/lib/python3.6/site-packages/airflow/example_dags/example_task_group.py took 0.159 seconds
[2026-09-23 12:10:42,294] {scheduler_job.py:182} INFO - Started process (PID=2509) to work on /home/airflow/.local/lib/python3.6/site-packages/airflow/example_dags/example_task_group.py
[2026-09-23 12:10:42,296] {scheduler_job.py:629} INFO - Processing file /home/airflow/.local/lib/python3.6/site-packages/airflow/example_dags/example_task_group.py for tasks to queue
[2026-09-23 12:10:42,297] {logging_mixin.py:104} INFO - [2026-09-23 12:10:42,297] {dagbag.py:451} INFO - Filling up the DagBag from /home/airflow/.local/lib/python3.6/site-packages/airflow/example_dags/example_task_group.py
[2026-09-23 12:10:42,317] {scheduler_job.py:639} INFO - DAG(s) dict_keys(['example_task_group']) retrieved from /home/airflow/.local/lib/python3.6/site-packages/airflow/example_dags/example_task_group.py
[2026-09-23 12:10:42,346] {logging_mixin.py:104} INFO - [2026-09-23 12:10:42,346] {dag.py:1824} INFO - Sync 1 DAGs
[2026-09-23 12:10:42,370] {logging_mixin.py:104} INFO - [2026-09-23 12:10:42,370] {dag.py:2280} INFO - Setting next_dagrun for example_task_group to 2026-09-21 00:00:00+00:00
[2026-09-23 12:10:42,388] {scheduler_job.py:190} INFO - Processing /home/airflow/.local/lib/python3.6/site-packages/airflow/example_dags/example_task_group.py took 0.098 seconds
[2026-09-23 12:11:13,424] {scheduler_job.py:182} INFO - Started process (PID=2537) to work on /home/airflow/.local/lib/python3.6/site-packages/airflow/example_dags/example_task_group.py
[2026-09-23 12:11:13,426] {scheduler_job.py:629} INFO - Processing file /home/airflow/.local/lib/python3.6/site-packages/airflow/example_dags/example_task_group.py for tasks to queue
[2026-09-23 12:11:13,427] {logging_mixin.py:104} INFO - [2026-09-23 12:11:13,427] {dagbag.py:451} INFO - Filling up the DagBag from /home/airflow/.local/lib/python3.6/site-packages/airflow/example_dags/example_task_group.py
[2026-09-23 12:11:13,449] {scheduler_job.py:639} INFO - DAG(s) dict_keys(['example_task_group']) retrieved from /home/airflow/.local/lib/python3.6/site-packages/airflow/example_dags/example_task_group.py
[2026-09-23 12:11:13,491] {logging_mixin.py:104} INFO - [2026-09-23 12:11:13,490] {dag.py:1824} INFO - Sync 1 DAGs
[2026-09-23 12:11:13,526] {logging_mixin.py:104} INFO - [2026-09-23 12:11:13,526] {dag.py:2280} INFO - Setting next_dagrun for example_task_group to 2026-09-21 00:00:00+00:00
[2026-09-23 12:11:13,549] {scheduler_job.py:190} INFO - Processing /home/airflow/.local/lib/python3.6/site-packages/airflow/example_dags/example_task_group.py took 0.130 seconds
[2026-09-23 12:11:43,645] {scheduler_job.py:182} INFO - Started process (PID=2563) to work on /home/airflow/.local/lib/python3.6/site-packages/airflow/example_dags/example_task_group.py
[2026-09-23 12:11:43,647] {scheduler_job.py:629} INFO - Processing file /home/airflow/.local/lib/python3.6/site-packages/airflow/example_dags/example_task_group.py for tasks to queue
[2026-09-23 12:11:43,648] {logging_mixin.py:104} INFO - [2026-09-23 12:11:43,648] {dagbag.py:451} INFO - Filling up the DagBag from /home/airflow/.local/lib/python3.6/site-packages/airflow/example_dags/example_task_group.py
[2026-09-23 12:11:43,673] {scheduler_job.py:639} INFO - DAG(s) dict_keys(['example_task_group']) retrieved from /home/airflow/.local/lib/python3.6/site-packages/airflow/example_dags/example_task_group.py
[2026-09-23 12:11:43,713] {logging_mixin.py:104} INFO - [2026-09-23 12:11:43,713] {dag.py:1824} INFO - Sync 1 DAGs
[2026-09-23 12:11:43,744] {logging_mixin.py:104} INFO - [2026-09-23 12:11:43,744] {dag.py:2280} INFO - Setting next_dagrun for example_task_group to 2026-09-21 00:00:00+00:00
[2026-09-23 12:11:43,763] {scheduler_job.py:190} INFO - Processing /home/airflow/.local/lib/python3.6/site-packages/airflow/example_dags/example_task_group.py took 0.122 seconds
[2026-09-23 12:12:13,864] {scheduler_job.py:182} INFO - Started process (PID=2589) to work on /home/airflow/.local/lib/python3.6/site-packages/airflow/example_dags/example_task_group.py
[2026-09-23 12:12:13,866] {scheduler_job.py:629} INFO - Processing file /home/airflow/.local/lib/python3.6/site-packages/airflow/example_dags/example_task_group.py for tasks to queue
[2026-09-23 12:12:13,868] {logging_mixin.py:104} INFO - [2026-09-23 12:12:13,868] {dagbag.py:451} INFO - Filling up the DagBag from /home/airflow/.local/lib/python3.6/site-packages/airflow/example_dags/example_task_group.py
[2026-09-23 12:12:13,894] {scheduler_job.py:639} INFO - DAG(s) dict_keys(['example_task_group']) retrieved from /home/airflow/.local/lib/python3.6/site-packages/airflow/example_dags/example_task_group.py
[2026-09-23 12:12:13,955] {logging_mixin.py:104} INFO - [2026-09-23 12:12:13,955] {dag.py:1824} INFO - Sync 1 DAGs
[2026-09-23 12:12:13,987] {logging_mixin.py:104} INFO - [2026-09-23 12:12:13,987] {dag.py:2280} INFO - Setting next_dagrun for example_task_group to 2026-09-21 00:00:00+00:00
[2026-09-23 12:12:14,012] {scheduler_job.py:190} INFO - Processing /home/airflow/.local/lib/python3.6/site-packages/airflow/example_dags/example_task_group.py took 0.154 seconds
[2026-09-23 12:12:44,094] {scheduler_job.py:182} INFO - Started process (PID=2615) to work on /home/airflow/.local/lib/python3.6/site-packages/airflow/example_dags/example_task_group.py
[2026-09-23 12:12:44,096] {scheduler_job.py:629} INFO - Processing file /home/airflow/.local/lib/python3.6/site-packages/airflow/example_dags/example_task_group.py for tasks to queue
[2026-09-23 12:12:44,096] {logging_mixin.py:104} INFO - [2026-09-23 12:12:44,096] {dagbag.py:451} INFO - Filling up the DagBag from /home/airflow/.local/lib/python3.6/site-packages/airflow/example_dags/example_task_group.py
[2026-09-23 12:12:44,113] {scheduler_job.py:639} INFO - DAG(s) dict_keys(['example_task_group']) retrieved from /home/airflow/.local/lib/python3.6/site-packages/airflow/example_dags/example_task_group.py
[2026-09-23 12:12:44,141] {logging_mixin.py:104} INFO - [2026-09-23 12:12:44,141] {dag.py:1824} INFO - Sync 1 DAGs
[2026-09-23 12:12:44,163] {logging_mixin.py:104} INFO - [2026-09-23 12:12:44,163] {dag.py:2280} INFO - Setting next_dagrun for example_task_group to 2026-09-21 00:00:00+00:00
[2026-09-23 12:12:44,180] {scheduler_job.py:190} INFO - Processing /home/airflow/.local/lib/python3.6/site-packages/airflow/example_dags/example_task_group.py took 0.090 seconds
[2026-09-23 12:13:14,216] {scheduler_job.py:182} INFO - Started process (PID=2641) to work on /home/airflow/.local/lib/python3.6/site-packages/airflow/example_dags/example_task_group.py
[2026-09-23 12:13:14,217] {scheduler_job.py:629} INFO - Processing file /home/airflow/.local/lib/python3.6/site-packages/airflow/example_dags/example_task_group.py for tasks to queue
[2026-09-23 12:13:14,218] {logging_mixin.py:104} INFO - [2026-09-23 12:13:14,218] {dagbag.py:451} INFO - Filling up the DagBag from /home/airflow/.local/lib/python3.6/site-packages/airflow/example_dags/example_task_group.py
[2026-09-23 12:13:14,234] {scheduler_job.py:639} INFO - DAG(s) dict_keys(['example_task_group']) retrieved from /home/airflow/.local/lib/python3.6/site-packages/airflow/example_dags/example_task_group.py
[2026-09-23 12:13:14,261] {logging_mixin.py:104} INFO - [2026-09-23 12:13:14,260] {dag.py:1824} INFO - Sync 1 DAGs
[2026-09-23 12:13:14,281] {logging_mixin.py:104} INFO - [2026-09-23 12:13:14,281] {dag.py:2280} INFO - Setting next_dagrun for example_task_group to 2026-09-21 00:00:00+00:00
[2026-09-23 12:13:14,300] {scheduler_job.py:190} INFO - Processing /home/airflow/.local/lib/python3.6/site-packages/airflow/example_dags/example_task_group.py took 0.088 seconds
[2026-09-23 12:13:44,469] {scheduler_job.py:182} INFO - Started process (PID=2667) to work on /home/airflow/.local/lib/python3.6/site-packages/airflow/example_dags/example_task_group.py
[2026-09-23 12:13:44,470] {scheduler_job.py:629} INFO - Processing file /home/airflow/.local/lib/python3.6/site-packages/airflow/example_dags/example_task_group.py for tasks to queue
[2026-09-23 12:13:44,471] {logging_mixin.py:104} INFO - [2026-09-23 12:13:44,471] {dagbag.py:451} INFO - Filling up the DagBag from /home/airflow/.local/lib/python3.6/site-packages/airflow/example_dags/example_task_group.py
[2026-09-23 12:13:44,486] {scheduler_job.py:639} INFO - DAG(s) dict_keys(['example_task_group']) retrieved from /home/airflow/.local/lib/python3.6/site-packages/airflow/example_dags/example_task_group.py
[2026-09-23 12:13:44,510] {logging_mixin.py:104} INFO - [2026-09-23 12:13:44,510] {dag.py:1824} INFO - Sync 1 DAGs
[2026-09-23 12:13:44,529] {logging_mixin.py:104} INFO - [2026-09-23 12:13:44,529] {dag.py:2280} INFO - Setting next_dagrun for example_task_group to 2026-09-21 00:00:00+00:00
[2026-09-23 12:13:44,543] {scheduler_job.py:190} INFO - Processing /home/airflow/.local/lib/python3.6/site-packages/airflow/example_dags/example_task_group.py took 0.079 seconds
[2026-09-23 12:14:14,624] {scheduler_job.py:182} INFO - Started process (PID=2691) to work on /home/airflow/.local/lib/python3.6/site-packages/airflow/example_dags/example_task_group.py
[2026-09-23 12:14:14,625] {scheduler_job.py:629} INFO - Processing file /home/airflow/.local/lib/python3.6/site-packages/airflow/example_dags/example_task_group.py for tasks to queue
[2026-09-23 12:14:14,627] {logging_mixin.py:104} INFO - [2026-09-23 12:14:14,626] {dagbag.py:451} INFO - Filling up the DagBag from /home/airflow/.local/lib/python3.6/site-packages/airflow/example_dags/example_task_group.py
[2026-09-23 12:14:14,642] {scheduler_job.py:639} INFO - DAG(s) dict_keys(['example_task_group']) retrieved from /home/airflow/.local/lib/python3.6/site-packages/airflow/example_dags/example_task_group.py
[2026-09-23 12:14:14,667] {logging_mixin.py:104} INFO - [2026-09-23 12:14:14,667] {dag.py:1824} INFO - Sync 1 DAGs
[2026-09-23 12:14:14,686] {logging_mixin.py:104} INFO - [2026-09-23 12:14:14,686] {dag.py:2280} INFO - Setting next_dagrun for example_task_group to 2026-09-21 00:00:00+00:00
[2026-09-23 12:14:14,702] {scheduler_job.py:190} INFO - Processing /home/airflow/.local/lib/python3.6/site-packages/airflow/example_dags/example_task_group.py took 0.081 seconds
[2026-09-23 12:14:45,451] {scheduler_job.py:182} INFO - Started process (PID=2717) to work on /home/airflow/.local/lib/python3.6/site-packages/airflow/example_dags/example_task_group.py
[2026-09-23 12:14:45,453] {scheduler_job.py:629} INFO - Processing file /home/airflow/.local/lib/python3.6/site-packages/airflow/example_dags/example_task_group.py for tasks to queue
[2026-09-23 12:14:45,454] {logging_mixin.py:104} INFO - [2026-09-23 12:14:45,454] {dagbag.py:451} INFO - Filling up the DagBag from /home/airflow/.local/lib/python3.6/site-packages/airflow/example_dags/example_task_group.py
[2026-09-23 12:14:45,472] {scheduler_job.py:639} INFO - DAG(s) dict_keys(['example_task_group']) retrieved from /home/airflow/.local/lib/python3.6/site-packages/airflow/example_dags/example_task_group.py
[2026-09-23 12:14:45,500] {logging_mixin.py:104} INFO - [2026-09-23 12:14:45,500] {dag.py:1824} INFO - Sync 1 DAGs
[2026-09-23 12:14:45,522] {logging_mixin.py:104} INFO - [2026-09-23 12:14:45,522] {dag.py:2280} INFO - Setting next_dagrun for example_task_group to 2026-09-21 00:00:00+00:00
[2026-09-23 12:14:45,542] {scheduler_job.py:190} INFO - Processing /home/airflow/.local/lib/python3.6/site-packages/airflow/example_dags/example_task_group.py took 0.094 seconds
[2026-09-23 12:15:16,105] {scheduler_job.py:182} INFO - Started process (PID=2743) to work on /home/airflow/.local/lib/python3.6/site-packages/airflow/example_dags/example_task_group.py
[2026-09-23 12:15:16,106] {scheduler_job.py:629} INFO - Processing file /home/airflow/.local/lib/python3.6/site-packages/airflow/example_dags/example_task_group.py for tasks to queue
[2026-09-23 12:15:16,107] {logging_mixin.py:104} INFO - [2026-09-23 12:15:16,107] {dagbag.py:451} INFO - Filling up the DagBag from /home/airflow/.local/lib/python3.6/site-packages/airflow/example_dags/example_task_group.py
[2026-09-23 12:15:16,128] {scheduler_job.py:639} INFO - DAG(s) dict_keys(['example_task_group']) retrieved from /home/airflow/.local/lib/python3.6/site-packages/airflow/example_dags/example_task_group.py
[2026-09-23 12:15:16,160] {logging_mixin.py:104} INFO - [2026-09-23 12:15:16,159] {dag.py:1824} INFO - Sync 1 DAGs
[2026-09-23 12:15:16,189] {logging_mixin.py:104} INFO - [2026-09-23 12:15:16,189] {dag.py:2280} INFO - Setting next_dagrun for example_task_group to 2026-09-21 00:00:00+00:00
[2026-09-23 12:15:16,207] {scheduler_job.py:190} INFO - Processing /home/airflow/.local/lib/python3.6/site-packages/airflow/example_dags/example_task_group.py took 0.107 seconds
[2026-09-23 12:15:46,673] {scheduler_job.py:182} INFO - Started process (PID=2769) to work on /home/airflow/.local/lib/python3.6/site-packages/airflow/example_dags/example_task_group.py
[2026-09-23 12:15:46,674] {scheduler_job.py:629} INFO - Processing file /home/airflow/.local/lib/python3.6/site-packages/airflow/example_dags/example_task_group.py for tasks to queue
[2026-09-23 12:15:46,675] {logging_mixin.py:104} INFO - [2026-09-23 12:15:46,675] {dagbag.py:451} INFO - Filling up the DagBag from /home/airflow/.local/lib/python3.6/site-packages/airflow/example_dags/example_task_group.py
[2026-09-23 12:15:46,694] {scheduler_job.py:639} INFO - DAG(s) dict_keys(['example_task_group']) retrieved from /home/airflow/.local/lib/python3.6/site-packages/airflow/example_dags/example_task_group.py
[2026-09-23 12:15:46,725] {logging_mixin.py:104} INFO - [2026-09-23 12:15:46,725] {dag.py:1824} INFO - Sync 1 DAGs
[2026-09-23 12:15:46,758] {logging_mixin.py:104} INFO - [2026-09-23 12:15:46,757] {dag.py:2280} INFO - Setting next_dagrun for example_task_group to 2026-09-21 00:00:00+00:00
[2026-09-23 12:15:46,779] {scheduler_job.py:190} INFO - Processing /home/airflow/.local/lib/python3.6/site-packages/airflow/example_dags/example_task_group.py took 0.113 seconds
[2026-09-23 12:16:17,362] {scheduler_job.py:182} INFO - Started process (PID=2795) to work on /home/airflow/.local/lib/python3.6/site-packages/airflow/example_dags/example_task_group.py
[2026-09-23 12:16:17,363] {scheduler_job.py:629} INFO - Processing file /home/airflow/.local/lib/python3.6/site-packages/airflow/example_dags/example_task_group.py for tasks to queue
[2026-09-23 12:16:17,364] {logging_mixin.py:104} INFO - [2026-09-23 12:16:17,364] {dagbag.py:451} INFO - Filling up the DagBag from /home/airflow/.local/lib/python3.6/site-packages/airflow/example_dags/example_task_group.py
[2026-09-23 12:16:17,382] {scheduler_job.py:639} INFO - DAG(s) dict_keys(['example_task_group']) retrieved from /home/airflow/.local/lib/python3.6/site-packages/airflow/example_dags/example_task_group.py
[2026-09-23 12:16:17,411] {logging_mixin.py:104} INFO - [2026-09-23 12:16:17,410] {dag.py:1824} INFO - Sync 1 DAGs
[2026-09-23 12:16:17,431] {logging_mixin.py:104} INFO - [2026-09-23 12:16:17,431] {dag.py:2280} INFO - Setting next_dagrun for example_task_group to 2026-09-21 00:00:00+00:00
[2026-09-23 12:16:17,445] {scheduler_job.py:190} INFO - Processing /home/airflow/.local/lib/python3.6/site-packages/airflow/example_dags/example_task_group.py took 0.089 seconds
[2026-09-23 12:16:48,000] {scheduler_job.py:182} INFO - Started process (PID=2821) to work on /home/airflow/.local/lib/python3.6/site-packages/airflow/example_dags/example_task_group.py
[2026-09-23 12:16:48,002] {scheduler_job.py:629} INFO - Processing file /home/airflow/.local/lib/python3.6/site-packages/airflow/example_dags/example_task_group.py for tasks to queue
[2026-09-23 12:16:48,003] {logging_mixin.py:104} INFO - [2026-09-23 12:16:48,003] {dagbag.py:451} INFO - Filling up the DagBag from /home/airflow/.local/lib/python3.6/site-packages/airflow/example_dags/example_task_group.py
[2026-09-23 12:16:48,026] {scheduler_job.py:639} INFO - DAG(s) dict_keys(['example_task_group']) retrieved from /home/airflow/.local/lib/python3.6/site-packages/airflow/example_dags/example_task_group.py
[2026-09-23 12:16:48,056] {logging_mixin.py:104} INFO - [2026-09-23 12:16:48,056] {dag.py:1824} INFO - Sync 1 DAGs
[2026-09-23 12:16:48,078] {logging_mixin.py:104} INFO - [2026-09-23 12:16:48,078] {dag.py:2280} INFO - Setting next_dagrun for example_task_group to 2026-09-21 00:00:00+00:00
[2026-09-23 12:16:48,096] {scheduler_job.py:190} INFO - Processing /home/airflow/.local/lib/python3.6/site-packages/airflow/example_dags/example_task_group.py took 0.100 seconds
[2026-09-23 12:17:18,705] {scheduler_job.py:182} INFO - Started process (PID=2847) to work on /home/airflow/.local/lib/python3.6/site-packages/airflow/example_dags/example_task_group.py
[2026-09-23 12:17:18,706] {scheduler_job.py:629} INFO - Processing file /home/airflow/.local/lib/python3.6/site-packages/airflow/example_dags/example_task_group.py for tasks to queue
[2026-09-23 12:17:18,707] {logging_mixin.py:104} INFO - [2026-09-23 12:17:18,707] {dagbag.py:451} INFO - Filling up the DagBag from /home/airflow/.local/lib/python3.6/site-packages/airflow/example_dags/example_task_group.py
[2026-09-23 12:17:18,726] {scheduler_job.py:639} INFO - DAG(s) dict_keys(['example_task_group']) retrieved from /home/airflow/.local/lib/python3.6/site-packages/airflow/example_dags/example_task_group.py
[2026-09-23 12:17:18,756] {logging_mixin.py:104} INFO - [2026-09-23 12:17:18,755] {dag.py:1824} INFO - Sync 1 DAGs
[2026-09-23 12:17:18,782] {logging_mixin.py:104} INFO - [2026-09-23 12:17:18,781] {dag.py:2280} INFO - Setting next_dagrun for example_task_group to 2026-09-21 00:00:00+00:00
[2026-09-23 12:17:18,799] {scheduler_job.py:190} INFO - Processing /home/airflow/.local/lib/python3.6/site-packages/airflow/example_dags/example_task_group.py took 0.099 seconds
[2026-09-23 12:17:49,293] {scheduler_job.py:182} INFO - Started process (PID=2873) to work on /home/airflow/.local/lib/python3.6/site-packages/airflow/example_dags/example_task_group.py
[2026-09-23 12:17:49,294] {scheduler_job.py:629} INFO - Processing file /home/airflow/.local/lib/python3.6/site-packages/airflow/example_dags/example_task_group.py for tasks to queue
[2026-09-23 12:17:49,295] {logging_mixin.py:104} INFO - [2026-09-23 12:17:49,295] {dagbag.py:451} INFO - Filling up the DagBag from /home/airflow/.local/lib/python3.6/site-packages/airflow/example_dags/example_task_group.py
[2026-09-23 12:17:49,312] {scheduler_job.py:639} INFO - DAG(s) dict_keys(['example_task_group']) retrieved from /home/airflow/.local/lib/python3.6/site-packages/airflow/example_dags/example_task_group.py
[2026-09-23 12:17:49,339] {logging_mixin.py:104} INFO - [2026-09-23 12:17:49,339] {dag.py:1824} INFO - Sync 1 DAGs
[2026-09-23 12:17:49,364] {logging_mixin.py:104} INFO - [2026-09-23 12:17:49,364] {dag.py:2280} INFO - Setting next_dagrun for example_task_group to 2026-09-21 00:00:00+00:00
[2026-09-23 12:17:49,382] {scheduler_job.py:190} INFO - Processing /home/airflow/.local/lib/python3.6/site-packages/airflow/example_dags/example_task_group.py took 0.093 seconds
[2026-09-23 12:18:19,878] {scheduler_job.py:182} INFO - Started process (PID=2899) to work on /home/airflow/.local/lib/python3.6/site-packages/airflow/example_dags/example_task_group.py
[2026-09-23 12:18:19,880] {scheduler_job.py:629} INFO - Processing file /home/airflow/.local/lib/python3.6/site-packages/airflow/example_dags/example_task_group.py for tasks to queue
[2026-09-23 12:18:19,880] {logging_mixin.py:104} INFO - [2026-09-23 12:18:19,880] {dagbag.py:451} INFO - Filling up the DagBag from /home/airflow/.local/lib/python3.6/site-packages/airflow/example_dags/example_task_group.py
[2026-09-23 12:18:19,896] {scheduler_job.py:639} INFO - DAG(s) dict_keys(['example_task_group']) retrieved from /home/airflow/.local/lib/python3.6/site-packages/airflow/example_dags/example_task_group.py
[2026-09-23 12:18:19,922] {logging_mixin.py:104} INFO - [2026-09-23 12:18:19,922] {dag.py:1824} INFO - Sync 1 DAGs
[2026-09-23 12:18:19,943] {logging_mixin.py:104} INFO - [2026-09-23 12:18:19,943] {dag.py:2280} INFO - Setting next_dagrun for example_task_group to 2026-09-21 00:00:00+00:00
[2026-09-23 12:18:19,960] {scheduler_job.py:190} INFO - Processing /home/airflow/.local/lib/python3.6/site-packages/airflow/example_dags/example_task_group.py took 0.085 seconds
[2026-09-23 12:18:50,391] {scheduler_job.py:182} INFO - Started process (PID=2925) to work on /home/airflow/.local/lib/python3.6/site-packages/airflow/example_dags/example_task_group.py
[2026-09-23 12:18:50,393] {scheduler_job.py:629} INFO - Processing file /home/airflow/.local/lib/python3.6/site-packages/airflow/example_dags/example_task_group.py for tasks to queue
[2026-09-23 12:18:50,393] {logging_mixin.py:104} INFO - [2026-09-23 12:18:50,393] {dagbag.py:451} INFO - Filling up the DagBag from /home/airflow/.local/lib/python3.6/site-packages/airflow/example_dags/example_task_group.py
[2026-09-23 12:18:50,410] {scheduler_job.py:639} INFO - DAG(s) dict_keys(['example_task_group']) retrieved from /home/airflow/.local/lib/python3.6/site-packages/airflow/example_dags/example_task_group.py
[2026-09-23 12:18:50,442] {logging_mixin.py:104} INFO - [2026-09-23 12:18:50,442] {dag.py:1824} INFO - Sync 1 DAGs
[2026-09-23 12:18:50,468] {logging_mixin.py:104} INFO - [2026-09-23 12:18:50,467] {dag.py:2280} INFO - Setting next_dagrun for example_task_group to 2026-09-21 00:00:00+00:00
[2026-09-23 12:18:50,485] {scheduler_job.py:190} INFO - Processing /home/airflow/.local/lib/python3.6/site-packages/airflow/example_dags/example_task_group.py took 0.098 seconds
[2026-09-23 12:19:21,111] {scheduler_job.py:182} INFO - Started process (PID=2951) to work on /home/airflow/.local/lib/python3.6/site-packages/airflow/example_dags/example_task_group.py
[2026-09-23 12:19:21,115] {scheduler_job.py:629} INFO - Processing file /home/airflow/.local/lib/python3.6/site-packages/airflow/example_dags/example_task_group.py for tasks to queue
[2026-09-23 12:19:21,117] {logging_mixin.py:104} INFO - [2026-09-23 12:19:21,116] {dagbag.py:451} INFO - Filling up the DagBag from /home/airflow/.local/lib/python3.6/site-packages/airflow/example_dags/example_task_group.py
[2026-09-23 12:19:21,161] {scheduler_job.py:639} INFO - DAG(s) dict_keys(['example_task_group']) retrieved from /home/airflow/.local/lib/python3.6/site-packages/airflow/example_dags/example_task_group.py
[2026-09-23 12:19:21,242] {logging_mixin.py:104} INFO - [2026-09-23 12:19:21,242] {dag.py:1824} INFO - Sync 1 DAGs
[2026-09-23 12:19:21,316] {logging_mixin.py:104} INFO - [2026-09-23 12:19:21,313] {dag.py:2280} INFO - Setting next_dagrun for example_task_group to 2026-09-21 00:00:00+00:00
[2026-09-23 12:19:21,349] {scheduler_job.py:190} INFO - Processing /home/airflow/.local/lib/python3.6/site-packages/airflow/example_dags/example_task_group.py took 0.246 seconds
[2026-09-23 12:19:51,881] {scheduler_job.py:182} INFO - Started process (PID=2977) to work on /home/airflow/.local/lib/python3.6/site-packages/airflow/example_dags/example_task_group.py
[2026-09-23 12:19:51,882] {scheduler_job.py:629} INFO - Processing file /home/airflow/.local/lib/python3.6/site-packages/airflow/example_dags/example_task_group.py for tasks to queue
[2026-09-23 12:19:51,883] {logging_mixin.py:104} INFO - [2026-09-23 12:19:51,883] {dagbag.py:451} INFO - Filling up the DagBag from /home/airflow/.local/lib/python3.6/site-packages/airflow/example_dags/example_task_group.py
[2026-09-23 12:19:51,902] {scheduler_job.py:639} INFO - DAG(s) dict_keys(['example_task_group']) retrieved from /home/airflow/.local/lib/python3.6/site-packages/airflow/example_dags/example_task_group.py
[2026-09-23 12:19:51,933] {logging_mixin.py:104} INFO - [2026-09-23 12:19:51,932] {dag.py:1824} INFO - Sync 1 DAGs
[2026-09-23 12:19:51,963] {logging_mixin.py:104} INFO - [2026-09-23 12:19:51,963] {dag.py:2280} INFO - Setting next_dagrun for example_task_group to 2026-09-21 00:00:00+00:00
[2026-09-23 12:19:51,980] {scheduler_job.py:190} INFO - Processing /home/airflow/.local/lib/python3.6/site-packages/airflow/example_dags/example_task_group.py took 0.104 seconds
[2026-09-23 12:20:22,815] {scheduler_job.py:182} INFO - Started process (PID=3003) to work on /home/airflow/.local/lib/python3.6/site-packages/airflow/example_dags/example_task_group.py
[2026-09-23 12:20:22,816] {scheduler_job.py:629} INFO - Processing file /home/airflow/.local/lib/python3.6/site-packages/airflow/example_dags/example_task_group.py for tasks to queue
[2026-09-23 12:20:22,817] {logging_mixin.py:104} INFO - [2026-09-23 12:20:22,817] {dagbag.py:451} INFO - Filling up the DagBag from /home/airflow/.local/lib/python3.6/site-packages/airflow/example_dags/example_task_group.py
[2026-09-23 12:20:22,833] {scheduler_job.py:639} INFO - DAG(s) dict_keys(['example_task_group']) retrieved from /home/airflow/.local/lib/python3.6/site-packages/airflow/example_dags/example_task_group.py
[2026-09-23 12:20:22,859] {logging_mixin.py:104} INFO - [2026-09-23 12:20:22,859] {dag.py:1824} INFO - Sync 1 DAGs
[2026-09-23 12:20:22,880] {logging_mixin.py:104} INFO - [2026-09-23 12:20:22,880] {dag.py:2280} INFO - Setting next_dagrun for example_task_group to 2026-09-21 00:00:00+00:00
[2026-09-23 12:20:22,897] {scheduler_job.py:190} INFO - Processing /home/airflow/.local/lib/python3.6/site-packages/airflow/example_dags/example_task_group.py took 0.087 seconds
[2026-09-23 12:20:53,428] {scheduler_job.py:182} INFO - Started process (PID=3029) to work on /home/airflow/.local/lib/python3.6/site-packages/airflow/example_dags/example_task_group.py
[2026-09-23 12:20:53,430] {scheduler_job.py:629} INFO - Processing file /home/airflow/.local/lib/python3.6/site-packages/airflow/example_dags/example_task_group.py for tasks to queue
[2026-09-23 12:20:53,431] {logging_mixin.py:104} INFO - [2026-09-23 12:20:53,431] {dagbag.py:451} INFO - Filling up the DagBag from /home/airflow/.local/lib/python3.6/site-packages/airflow/example_dags/example_task_group.py
[2026-09-23 12:20:53,460] {scheduler_job.py:639} INFO - DAG(s) dict_keys(['example_task_group']) retrieved from /home/airflow/.local/lib/python3.6/site-packages/airflow/example_dags/example_task_group.py
[2026-09-23 12:20:53,528] {logging_mixin.py:104} INFO - [2026-09-23 12:20:53,528] {dag.py:1824} INFO - Sync 1 DAGs
[2026-09-23 12:20:53,568] {logging_mixin.py:104} INFO - [2026-09-23 12:20:53,568] {dag.py:2280} INFO - Setting next_dagrun for example_task_group to 2026-09-21 00:00:00+00:00
[2026-09-23 12:20:53,595] {scheduler_job.py:190} INFO - Processing /home/airflow/.local/lib/python3.6/site-packages/airflow/example_dags/example_task_group.py took 0.175 seconds
[2026-09-23 12:21:24,114] {scheduler_job.py:182} INFO - Started process (PID=3055) to work on /home/airflow/.local/lib/python3.6/site-packages/airflow/example_dags/example_task_group.py
[2026-09-23 12:21:24,115] {scheduler_job.py:629} INFO - Processing file /home/airflow/.local/lib/python3.6/site-packages/airflow/example_dags/example_task_group.py for tasks to queue
[2026-09-23 12:21:24,116] {logging_mixin.py:104} INFO - [2026-09-23 12:21:24,116] {dagbag.py:451} INFO - Filling up the DagBag from /home/airflow/.local/lib/python3.6/site-packages/airflow/example_dags/example_task_group.py
[2026-09-23 12:21:24,132] {scheduler_job.py:639} INFO - DAG(s) dict_keys(['example_task_group']) retrieved from /home/airflow/.local/lib/python3.6/site-packages/airflow/example_dags/example_task_group.py
[2026-09-23 12:21:24,167] {logging_mixin.py:104} INFO - [2026-09-23 12:21:24,167] {dag.py:1824} INFO - Sync 1 DAGs
[2026-09-23 12:21:24,197] {logging_mixin.py:104} INFO - [2026-09-23 12:21:24,196] {dag.py:2280} INFO - Setting next_dagrun for example_task_group to 2026-09-21 00:00:00+00:00
[2026-09-23 12:21:24,217] {scheduler_job.py:190} INFO - Processing /home/airflow/.local/lib/python3.6/site-packages/airflow/example_dags/example_task_group.py took 0.107 seconds
[2026-09-23 12:21:54,634] {scheduler_job.py:182} INFO - Started process (PID=3081) to work on /home/airflow/.local/lib/python3.6/site-packages/airflow/example_dags/example_task_group.py
[2026-09-23 12:21:54,635] {scheduler_job.py:629} INFO - Processing file /home/airflow/.local/lib/python3.6/site-packages/airflow/example_dags/example_task_group.py for tasks to queue
[2026-09-23 12:21:54,636] {logging_mixin.py:104} INFO - [2026-09-23 12:21:54,636] {dagbag.py:451} INFO - Filling up the DagBag from /home/airflow/.local/lib/python3.6/site-packages/airflow/example_dags/example_task_group.py
[2026-09-23 12:21:54,652] {scheduler_job.py:639} INFO - DAG(s) dict_keys(['example_task_group']) retrieved from /home/airflow/.local/lib/python3.6/site-packages/airflow/example_dags/example_task_group.py
[2026-09-23 12:21:54,677] {logging_mixin.py:104} INFO - [2026-09-23 12:21:54,677] {dag.py:1824} INFO - Sync 1 DAGs
[2026-09-23 12:21:54,696] {logging_mixin.py:104} INFO - [2026-09-23 12:21:54,695] {dag.py:2280} INFO - Setting next_dagrun for example_task_group to 2026-09-21 00:00:00+00:00
[2026-09-23 12:21:54,708] {scheduler_job.py:190} INFO - Processing /home/airflow/.local/lib/python3.6/site-packages/airflow/example_dags/example_task_group.py took 0.078 seconds
[2026-09-23 12:22:25,104] {scheduler_job.py:182} INFO - Started process (PID=3107) to work on /home/airflow/.local/lib/python3.6/site-packages/airflow/example_dags/example_task_group.py
[2026-09-23 12:22:25,106] {scheduler_job.py:629} INFO - Processing file /home/airflow/.local/lib/python3.6/site-packages/airflow/example_dags/example_task_group.py for tasks to queue
[2026-09-23 12:22:25,107] {logging_mixin.py:104} INFO - [2026-09-23 12:22:25,107] {dagbag.py:451} INFO - Filling up the DagBag from /home/airflow/.local/lib/python3.6/site-packages/airflow/example_dags/example_task_group.py
[2026-09-23 12:22:25,124] {scheduler_job.py:639} INFO - DAG(s) dict_keys(['example_task_group']) retrieved from /home/airflow/.local/lib/python3.6/site-packages/airflow/example_dags/example_task_group.py
[2026-09-23 12:22:25,152] {logging_mixin.py:104} INFO - [2026-09-23 12:22:25,151] {dag.py:1824} INFO - Sync 1 DAGs
[2026-09-23 12:22:25,173] {logging_mixin.py:104} INFO - [2026-09-23 12:22:25,172] {dag.py:2280} INFO - Setting next_dagrun for example_task_group to 2026-09-21 00:00:00+00:00
[2026-09-23 12:22:25,189] {scheduler_job.py:190} INFO - Processing /home/airflow/.local/lib/python3.6/site-packages/airflow/example_dags/example_task_group.py took 0.090 seconds
[2026-09-23 12:22:55,607] {scheduler_job.py:182} INFO - Started process (PID=3133) to work on /home/airflow/.local/lib/python3.6/site-packages/airflow/example_dags/example_task_group.py
[2026-09-23 12:22:55,608] {scheduler_job.py:629} INFO - Processing file /home/airflow/.local/lib/python3.6/site-packages/airflow/example_dags/example_task_group.py for tasks to queue
[2026-09-23 12:22:55,610] {logging_mixin.py:104} INFO - [2026-09-23 12:22:55,609] {dagbag.py:451} INFO - Filling up the DagBag from /home/airflow/.local/lib/python3.6/site-packages/airflow/example_dags/example_task_group.py
[2026-09-23 12:22:55,632] {scheduler_job.py:639} INFO - DAG(s) dict_keys(['example_task_group']) retrieved from /home/airflow/.local/lib/python3.6/site-packages/airflow/example_dags/example_task_group.py
[2026-09-23 12:22:55,666] {logging_mixin.py:104} INFO - [2026-09-23 12:22:55,666] {dag.py:1824} INFO - Sync 1 DAGs
[2026-09-23 12:22:55,692] {logging_mixin.py:104} INFO - [2026-09-23 12:22:55,692] {dag.py:2280} INFO - Setting next_dagrun for example_task_group to 2026-09-21 00:00:00+00:00
[2026-09-23 12:22:55,712] {scheduler_job.py:190} INFO - Processing /home/airflow/.local/lib/python3.6/site-packages/airflow/example_dags/example_task_group.py took 0.109 seconds
[2026-09-23 12:23:26,202] {scheduler_job.py:182} INFO - Started process (PID=3159) to work on /home/airflow/.local/lib/python3.6/site-packages/airflow/example_dags/example_task_group.py
[2026-09-23 12:23:26,203] {scheduler_job.py:629} INFO - Processing file /home/airflow/.local/lib/python3.6/site-packages/airflow/example_dags/example_task_group.py for tasks to queue
[2026-09-23 12:23:26,204] {logging_mixin.py:104} INFO - [2026-09-23 12:23:26,204] {dagbag.py:451} INFO - Filling up the DagBag from /home/airflow/.local/lib/python3.6/site-packages/airflow/example_dags/example_task_group.py
[2026-09-23 12:23:26,225] {scheduler_job.py:639} INFO - DAG(s) dict_keys(['example_task_group']) retrieved from /home/airflow/.local/lib/python3.6/site-packages/airflow/example_dags/example_task_group.py
[2026-09-23 12:23:26,256] {logging_mixin.py:104} INFO - [2026-09-23 12:23:26,256] {dag.py:1824} INFO - Sync 1 DAGs
[2026-09-23 12:23:26,276] {logging_mixin.py:104} INFO - [2026-09-23 12:23:26,276] {dag.py:2280} INFO - Setting next_dagrun for example_task_group to 2026-09-21 00:00:00+00:00
[2026-09-23 12:23:26,298] {scheduler_job.py:190} INFO - Processing /home/airflow/.local/lib/python3.6/site-packages/airflow/example_dags/example_task_group.py took 0.101 seconds
[2026-09-23 12:23:56,711] {scheduler_job.py:182} INFO - Started process (PID=3185) to work on /home/airflow/.local/lib/python3.6/site-packages/airflow/example_dags/example_task_group.py
[2026-09-23 12:23:56,712] {scheduler_job.py:629} INFO - Processing file /home/airflow/.local/lib/python3.6/site-packages/airflow/example_dags/example_task_group.py for tasks to queue
[2026-09-23 12:23:56,713] {logging_mixin.py:104} INFO - [2026-09-23 12:23:56,713] {dagbag.py:451} INFO - Filling up the DagBag from /home/airflow/.local/lib/python3.6/site-packages/airflow/example_dags/example_task_group.py
[2026-09-23 12:23:56,733] {scheduler_job.py:639} INFO - DAG(s) dict_keys(['example_task_group']) retrieved from /home/airflow/.local/lib/python3.6/site-packages/airflow/example_dags/example_task_group.py
[2026-09-23 12:23:56,769] {logging_mixin.py:104} INFO - [2026-09-23 12:23:56,768] {dag.py:1824} INFO - Sync 1 DAGs
[2026-09-23 12:23:56,798] {logging_mixin.py:104} INFO - [2026-09-23 12:23:56,798] {dag.py:2280} INFO - Setting next_dagrun for example_task_group to 2026-09-21 00:00:00+00:00
[2026-09-23 12:23:56,819] {scheduler_job.py:190} INFO - Processing /home/airflow/.local/lib/python3.6/site-packages/airflow/example_dags/example_task_group.py took 0.114 seconds
[2026-09-23 12:24:26,916] {scheduler_job.py:182} INFO - Started process (PID=3211) to work on /home/airflow/.local/lib/python3.6/site-packages/airflow/example_dags/example_task_group.py
[2026-09-23 12:24:26,919] {scheduler_job.py:629} INFO - Processing file /home/airflow/.local/lib/python3.6/site-packages/airflow/example_dags/example_task_group.py for tasks to queue
[2026-09-23 12:24:26,920] {logging_mixin.py:104} INFO - [2026-09-23 12:24:26,920] {dagbag.py:451} INFO - Filling up the DagBag from /home/airflow/.local/lib/python3.6/site-packages/airflow/example_dags/example_task_group.py
[2026-09-23 12:24:26,945] {scheduler_job.py:639} INFO - DAG(s) dict_keys(['example_task_group']) retrieved from /home/airflow/.local/lib/python3.6/site-packages/airflow/example_dags/example_task_group.py
[2026-09-23 12:24:26,987] {logging_mixin.py:104} INFO - [2026-09-23 12:24:26,986] {dag.py:1824} INFO - Sync 1 DAGs
[2026-09-23 12:24:27,020] {logging_mixin.py:104} INFO - [2026-09-23 12:24:27,020] {dag.py:2280} INFO - Setting next_dagrun for example_task_group to 2026-09-21 00:00:00+00:00
[2026-09-23 12:24:27,043] {scheduler_job.py:190} INFO - Processing /home/airflow/.local/lib/python3.6/site-packages/airflow/example_dags/example_task_group.py took 0.135 seconds
[2026-09-23 12:24:57,560] {scheduler_job.py:182} INFO - Started process (PID=3237) to work on /home/airflow/.local/lib/python3.6/site-packages/airflow/example_dags/example_task_group.py
[2026-09-23 12:24:57,561] {scheduler_job.py:629} INFO - Processing file /home/airflow/.local/lib/python3.6/site-packages/airflow/example_dags/example_task_group.py for tasks to queue
[2026-09-23 12:24:57,562] {logging_mixin.py:104} INFO - [2026-09-23 12:24:57,562] {dagbag.py:451} INFO - Filling up the DagBag from /home/airflow/.local/lib/python3.6/site-packages/airflow/example_dags/example_task_group.py
[2026-09-23 12:24:57,578] {scheduler_job.py:639} INFO - DAG(s) dict_keys(['example_task_group']) retrieved from /home/airflow/.local/lib/python3.6/site-packages/airflow/example_dags/example_task_group.py
[2026-09-23 12:24:57,603] {logging_mixin.py:104} INFO - [2026-09-23 12:24:57,603] {dag.py:1824} INFO - Sync 1 DAGs
[2026-09-23 12:24:57,623] {logging_mixin.py:104} INFO - [2026-09-23 12:24:57,623] {dag.py:2280} INFO - Setting next_dagrun for example_task_group to 2026-09-21 00:00:00+00:00
[2026-09-23 12:24:57,639] {scheduler_job.py:190} INFO - Processing /home/airflow/.local/lib/python3.6/site-packages/airflow/example_dags/example_task_group.py took 0.084 seconds
[2026-09-23 12:25:28,058] {scheduler_job.py:182} INFO - Started process (PID=3263) to work on /home/airflow/.local/lib/python3.6/site-packages/airflow/example_dags/example_task_group.py
[2026-09-23 12:25:28,060] {scheduler_job.py:629} INFO - Processing file /home/airflow/.local/lib/python3.6/site-packages/airflow/example_dags/example_task_group.py for tasks to queue
[2026-09-23 12:25:28,061] {logging_mixin.py:104} INFO - [2026-09-23 12:25:28,060] {dagbag.py:451} INFO - Filling up the DagBag from /home/airflow/.local/lib/python3.6/site-packages/airflow/example_dags/example_task_group.py
[2026-09-23 12:25:28,079] {scheduler_job.py:639} INFO - DAG(s) dict_keys(['example_task_group']) retrieved from /home/airflow/.local/lib/python3.6/site-packages/airflow/example_dags/example_task_group.py
[2026-09-23 12:25:28,110] {logging_mixin.py:104} INFO - [2026-09-23 12:25:28,110] {dag.py:1824} INFO - Sync 1 DAGs
[2026-09-23 12:25:28,133] {logging_mixin.py:104} INFO - [2026-09-23 12:25:28,133] {dag.py:2280} INFO - Setting next_dagrun for example_task_group to 2026-09-21 00:00:00+00:00
[2026-09-23 12:25:28,156] {scheduler_job.py:190} INFO - Processing /home/airflow/.local/lib/python3.6/site-packages/airflow/example_dags/example_task_group.py took 0.103 seconds
[2026-09-23 12:47:03,128] {scheduler_job.py:182} INFO - Started process (PID=3284) to work on /home/airflow/.local/lib/python3.6/site-packages/airflow/example_dags/example_task_group.py
[2026-09-23 12:47:03,134] {scheduler_job.py:629} INFO - Processing file /home/airflow/.local/lib/python3.6/site-packages/airflow/example_dags/example_task_group.py for tasks to queue
[2026-09-23 12:47:03,137] {logging_mixin.py:104} INFO - [2026-09-23 12:47:03,137] {dagbag.py:451} INFO - Filling up the DagBag from /home/airflow/.local/lib/python3.6/site-packages/airflow/example_dags/example_task_group.py
[2026-09-23 12:47:03,189] {scheduler_job.py:639} INFO - DAG(s) dict_keys(['example_task_group']) retrieved from /home/airflow/.local/lib/python3.6/site-packages/airflow/example_dags/example_task_group.py
[2026-09-23 12:47:03,251] {logging_mixin.py:104} INFO - [2026-09-23 12:47:03,251] {dag.py:1824} INFO - Sync 1 DAGs
[2026-09-23 12:47:03,281] {logging_mixin.py:104} INFO - [2026-09-23 12:47:03,281] {dag.py:2280} INFO - Setting next_dagrun for example_task_group to 2026-09-21 00:00:00+00:00
[2026-09-23 12:47:03,309] {scheduler_job.py:190} INFO - Processing /home/airflow/.local/lib/python3.6/site-packages/airflow/example_dags/example_task_group.py took 0.191 seconds
