[2026-09-23 11:22:14,761] {scheduler_job.py:182} INFO - Started process (PID=53) to work on /home/airflow/.local/lib/python3.6/site-packages/airflow/example_dags/example_short_circuit_operator.py
[2026-09-23 11:22:14,768] {scheduler_job.py:629} INFO - Processing file /home/airflow/.local/lib/python3.6/site-packages/airflow/example_dags/example_short_circuit_operator.py for tasks to queue
[2026-09-23 11:22:14,769] {logging_mixin.py:104} INFO - [2026-09-23 11:22:14,769] {dagbag.py:451} INFO - Filling up the DagBag from /home/airflow/.local/lib/python3.6/site-packages/airflow/example_dags/example_short_circuit_operator.py
[2026-09-23 11:22:14,832] {scheduler_job.py:639} INFO - DAG(s) dict_keys(['example_short_circuit_operator']) retrieved from /home/airflow/.local/lib/python3.6/site-packages/airflow/example_dags/example_short_circuit_operator.py
[2026-09-23 11:22:14,889] {logging_mixin.py:104} INFO - [2026-09-23 11:22:14,889] {dag.py:1824} INFO - Sync 1 DAGs
[2026-09-23 11:22:14,924] {logging_mixin.py:104} INFO - [2026-09-23 11:22:14,924] {dag.py:2280} INFO - Setting next_dagrun for example_short_circuit_operator to 2026-09-21 00:00:00+00:00
[2026-09-23 11:22:14,954] {scheduler_job.py:190} INFO - Processing /home/airflow/.local/lib/python3.6/site-packages/airflow/example_dags/example_short_circuit_operator.py took 0.207 seconds
[2026-09-23 11:22:45,552] {scheduler_job.py:182} INFO - Started process (PID=79) to work on /home/airflow/.local/lib/python3.6/site-packages/airflow/example_dags/example_short_circuit_operator.py
[2026-09-23 11:22:45,554] {scheduler_job.py:629} INFO - Processing file /home/airflow/.local/lib/python3.6/site-packages/airflow/example_dags/example_short_circuit_operator.py for tasks to queue
[2026-09-23 11:22:45,555] {logging_mixin.py:104} INFO - [2026-09-23 11:22:45,555] {dagbag.py:451} INFO - Filling up the DagBag from /home/airflow/.local/lib/python3.6/site-packages/airflow/example_dags/example_short_circuit_operator.py
[2026-09-23 11:22:45,581] {scheduler_job.py:639} INFO - DAG(s) dict_keys(['example_short_circuit_operator']) retrieved from /home/airflow/.local/lib/python3.6/site-packages/airflow/example_dags/example_short_circuit_operator.py
[2026-09-23 11:22:45,620] {logging_mixin.py:104} INFO - [2026-09-23 11:22:45,620] {dag.py:1824} INFO - Sync 1 DAGs
[2026-09-23 11:22:45,651] {logging_mixin.py:104} INFO - [2026-09-23 11:22:45,651] {dag.py:2280} INFO - Setting next_dagrun for example_short_circuit_operator to 2026-09-21 00:00:00+00:00
[2026-09-23 11:22:45,679] {scheduler_job.py:190} INFO - Processing /home/airflow/.local/lib/python3.6/site-packages/airflow/example_dags/example_short_circuit_operator.py took 0.133 seconds
[2026-09-23 11:23:16,567] {scheduler_job.py:182} INFO - Started process (PID=105) to work on /home/airflow/.local/lib/python3.6/site-packages/airflow/example_dags/example_short_circuit_operator.py
[2026-09-23 11:23:16,569] {scheduler_job.py:629} INFO - Processing file /home/airflow/.local/lib/python3.6/site-packages/airflow/example_dags/example_short_circuit_operator.py for tasks to queue
[2026-09-23 11:23:16,570] {logging_mixin.py:104} INFO - [2026-09-23 11:23:16,570] {dagbag.py:451} INFO - Filling up the DagBag from /home/airflow/.local/lib/python3.6/site-packages/airflow/example_dags/example_short_circuit_operator.py
[2026-09-23 11:23:16,595] {scheduler_job.py:639} INFO - DAG(s) dict_keys(['example_short_circuit_operator']) retrieved from /home/airflow/.local/lib/python3.6/site-packages/airflow/example_dags/example_short_circuit_operator.py
[2026-09-23 11:23:16,635] {logging_mixin.py:104} INFO - [2026-09-23 11:23:16,635] {dag.py:1824} INFO - Sync 1 DAGs
[2026-09-23 11:23:16,669] {logging_mixin.py:104} INFO - [2026-09-23 11:23:16,669] {dag.py:2280} INFO - Setting next_dagrun for example_short_circuit_operator to 2026-09-21 00:00:00+00:00
[2026-09-23 11:23:16,688] {scheduler_job.py:190} INFO - Processing /home/airflow/.local/lib/python3.6/site-packages/airflow/example_dags/example_short_circuit_operator.py took 0.126 seconds
[2026-09-23 11:23:47,338] {scheduler_job.py:182} INFO - Started process (PID=131) to work on /home/airflow/.local/lib/python3.6/site-packages/airflow/example_dags/example_short_circuit_operator.py
[2026-09-23 11:23:47,339] {scheduler_job.py:629} INFO - Processing file /home/airflow/.local/lib/python3.6/site-packages/airflow/example_dags/example_short_circuit_operator.py for tasks to queue
[2026-09-23 11:23:47,340] {logging_mixin.py:104} INFO - [2026-09-23 11:23:47,340] {dagbag.py:451} INFO - Filling up the DagBag from /home/airflow/.local/lib/python3.6/site-packages/airflow/example_dags/example_short_circuit_operator.py
[2026-09-23 11:23:47,359] {scheduler_job.py:639} INFO - DAG(s) dict_keys(['example_short_circuit_operator']) retrieved from /home/airflow/.local/lib/python3.6/site-packages/airflow/example_dags/example_short_circuit_operator.py
[2026-09-23 11:23:47,392] {logging_mixin.py:104} INFO - [2026-09-23 11:23:47,392] {dag.py:1824} INFO - Sync 1 DAGs
[2026-09-23 11:23:47,423] {logging_mixin.py:104} INFO - [2026-09-23 11:23:47,423] {dag.py:2280} INFO - Setting next_dagrun for example_short_circuit_operator to 2026-09-21 00:00:00+00:00
[2026-09-23 11:23:47,445] {scheduler_job.py:190} INFO - Processing /home/airflow/.local/lib/python3.6/site-packages/airflow/example_dags/example_short_circuit_operator.py took 0.111 seconds
[2026-09-23 11:24:18,101] {scheduler_job.py:182} INFO - Started process (PID=157) to work on /home/airflow/.local/lib/python3.6/site-packages/airflow/example_dags/example_short_circuit_operator.py
[2026-09-23 11:24:18,102] {scheduler_job.py:629} INFO - Processing file /home/airflow/.local/lib/python3.6/site-packages/airflow/example_dags/example_short_circuit_operator.py for tasks to queue
[2026-09-23 11:24:18,103] {logging_mixin.py:104} INFO - [2026-09-23 11:24:18,103] {dagbag.py:451} INFO - Filling up the DagBag from /home/airflow/.local/lib/python3.6/site-packages/airflow/example_dags/example_short_circuit_operator.py
[2026-09-23 11:24:18,120] {scheduler_job.py:639} INFO - DAG(s) dict_keys(['example_short_circuit_operator']) retrieved from /home/airflow/.local/lib/python3.6/site-packages/airflow/example_dags/example_short_circuit_operator.py
[2026-09-23 11:24:18,150] {logging_mixin.py:104} INFO - [2026-09-23 11:24:18,150] {dag.py:1824} INFO - Sync 1 DAGs
[2026-09-23 11:24:18,172] {logging_mixin.py:104} INFO - [2026-09-23 11:24:18,172] {dag.py:2280} INFO - Setting next_dagrun for example_short_circuit_operator to 2026-09-21 00:00:00+00:00
[2026-09-23 11:24:18,188] {scheduler_job.py:190} INFO - Processing /home/airflow/.local/lib/python3.6/site-packages/airflow/example_dags/example_short_circuit_operator.py took 0.091 seconds
[2026-09-23 11:24:48,717] {scheduler_job.py:182} INFO - Started process (PID=183) to work on /home/airflow/.local/lib/python3.6/site-packages/airflow/example_dags/example_short_circuit_operator.py
[2026-09-23 11:24:48,718] {scheduler_job.py:629} INFO - Processing file /home/airflow/.local/lib/python3.6/site-packages/airflow/example_dags/example_short_circuit_operator.py for tasks to queue
[2026-09-23 11:24:48,719] {logging_mixin.py:104} INFO - [2026-09-23 11:24:48,719] {dagbag.py:451} INFO - Filling up the DagBag from /home/airflow/.local/lib/python3.6/site-packages/airflow/example_dags/example_short_circuit_operator.py
[2026-09-23 11:24:48,735] {scheduler_job.py:639} INFO - DAG(s) dict_keys(['example_short_circuit_operator']) retrieved from /home/airflow/.local/lib/python3.6/site-packages/airflow/example_dags/example_short_circuit_operator.py
[2026-09-23 11:24:48,759] {logging_mixin.py:104} INFO - [2026-09-23 11:24:48,758] {dag.py:1824} INFO - Sync 1 DAGs
[2026-09-23 11:24:48,778] {logging_mixin.py:104} INFO - [2026-09-23 11:24:48,777] {dag.py:2280} INFO - Setting next_dagrun for example_short_circuit_operator to 2026-09-21 00:00:00+00:00
[2026-09-23 11:24:48,791] {scheduler_job.py:190} INFO - Processing /home/airflow/.local/lib/python3.6/site-packages/airflow/example_dags/example_short_circuit_operator.py took 0.079 seconds
[2026-09-23 11:25:19,198] {scheduler_job.py:182} INFO - Started process (PID=209) to work on /home/airflow/.local/lib/python3.6/site-packages/airflow/example_dags/example_short_circuit_operator.py
[2026-09-23 11:25:19,199] {scheduler_job.py:629} INFO - Processing file /home/airflow/.local/lib/python3.6/site-packages/airflow/example_dags/example_short_circuit_operator.py for tasks to queue
[2026-09-23 11:25:19,200] {logging_mixin.py:104} INFO - [2026-09-23 11:25:19,200] {dagbag.py:451} INFO - Filling up the DagBag from /home/airflow/.local/lib/python3.6/site-packages/airflow/example_dags/example_short_circuit_operator.py
[2026-09-23 11:25:19,216] {scheduler_job.py:639} INFO - DAG(s) dict_keys(['example_short_circuit_operator']) retrieved from /home/airflow/.local/lib/python3.6/site-packages/airflow/example_dags/example_short_circuit_operator.py
[2026-09-23 11:25:19,239] {logging_mixin.py:104} INFO - [2026-09-23 11:25:19,239] {dag.py:1824} INFO - Sync 1 DAGs
[2026-09-23 11:25:19,257] {logging_mixin.py:104} INFO - [2026-09-23 11:25:19,257] {dag.py:2280} INFO - Setting next_dagrun for example_short_circuit_operator to 2026-09-21 00:00:00+00:00
[2026-09-23 11:25:19,271] {scheduler_job.py:190} INFO - Processing /home/airflow/.local/lib/python3.6/site-packages/airflow/example_dags/example_short_circuit_operator.py took 0.077 seconds
[2026-09-23 11:25:49,771] {scheduler_job.py:182} INFO - Started process (PID=235) to work on /home/airflow/.local/lib/python3.6/site-packages/airflow/example_dags/example_short_circuit_operator.py
[2026-09-23 11:25:49,773] {scheduler_job.py:629} INFO - Processing file /home/airflow/.local/lib/python3.6/site-packages/airflow/example_dags/example_short_circuit_operator.py for tasks to queue
[2026-09-23 11:25:49,773] {logging_mixin.py:104} INFO - [2026-09-23 11:25:49,773] {dagbag.py:451} INFO - Filling up the DagBag from /home/airflow/.local/lib/python3.6/site-packages/airflow/example_dags/example_short_circuit_operator.py
[2026-09-23 11:25:49,790] {scheduler_job.py:639} INFO - DAG(s) dict_keys(['example_short_circuit_operator']) retrieved from /home/airflow/.local/lib/python3.6/site-packages/airflow/example_dags/example_short_circuit_operator.py
[2026-09-23 11:25:49,816] {logging_mixin.py:104} INFO - [2026-09-23 11:25:49,816] {dag.py:1824} INFO - Sync 1 DAGs
[2026-09-23 11:25:49,836] {logging_mixin.py:104} INFO - [2026-09-23 11:25:49,836] {dag.py:2280} INFO - Setting next_dagrun for example_short_circuit_operator to 2026-09-21 00:00:00+00:00
[2026-09-23 11:25:49,849] {scheduler_job.py:190} INFO - Processing /home/airflow/.local/lib/python3.6/site-packages/airflow/example_dags/example_short_circuit_operator.py took 0.081 seconds
[2026-09-23 11:26:20,318] {scheduler_job.py:182} INFO - Started process (PID=261) to work on /home/airflow/.local/lib/python3.6/site-packages/airflow/example_dags/example_short_circuit_operator.py
[2026-09-23 11:26:20,320] {scheduler_job.py:629} INFO - Processing file /home/airflow/.local/lib/python3.6/site-packages/airflow/example_dags/example_short_circuit_operator.py for tasks to queue
[2026-09-23 11:26:20,320] {logging_mixin.py:104} INFO - [2026-09-23 11:26:20,320] {dagbag.py:451} INFO - Filling up the DagBag from /home/airflow/.local/lib/python3.6/site-packages/airflow/example_dags/example_short_circuit_operator.py
[2026-09-23 11:26:20,337] {scheduler_job.py:639} INFO - DAG(s) dict_keys(['example_short_circuit_operator']) retrieved from /home/airflow/.local/lib/python3.6/site-packages/airflow/example_dags/example_short_circuit_operator.py
[2026-09-23 11:26:20,362] {logging_mixin.py:104} INFO - [2026-09-23 11:26:20,361] {dag.py:1824} INFO - Sync 1 DAGs
[2026-09-23 11:26:20,380] {logging_mixin.py:104} INFO - [2026-09-23 11:26:20,380] {dag.py:2280} INFO - Setting next_dagrun for example_short_circuit_operator to 2026-09-21 00:00:00+00:00
[2026-09-23 11:26:20,396] {scheduler_job.py:190} INFO - Processing /home/airflow/.local/lib/python3.6/site-packages/airflow/example_dags/example_short_circuit_operator.py took 0.082 seconds
[2026-09-23 11:26:51,203] {scheduler_job.py:182} INFO - Started process (PID=287) to work on /home/airflow/.local/lib/python3.6/site-packages/airflow/example_dags/example_short_circuit_operator.py
[2026-09-23 11:26:51,205] {scheduler_job.py:629} INFO - Processing file /home/airflow/.local/lib/python3.6/site-packages/airflow/example_dags/example_short_circuit_operator.py for tasks to queue
[2026-09-23 11:26:51,206] {logging_mixin.py:104} INFO - [2026-09-23 11:26:51,206] {dagbag.py:451} INFO - Filling up the DagBag from /home/airflow/.local/lib/python3.6/site-packages/airflow/example_dags/example_short_circuit_operator.py
[2026-09-23 11:26:51,227] {scheduler_job.py:639} INFO - DAG(s) dict_keys(['example_short_circuit_operator']) retrieved from /home/airflow/.local/lib/python3.6/site-packages/airflow/example_dags/example_short_circuit_operator.py
[2026-09-23 11:26:51,251] {logging_mixin.py:104} INFO - [2026-09-23 11:26:51,251] {dag.py:1824} INFO - Sync 1 DAGs
[2026-09-23 11:26:51,271] {logging_mixin.py:104} INFO - [2026-09-23 11:26:51,270] {dag.py:2280} INFO - Setting next_dagrun for example_short_circuit_operator to 2026-09-21 00:00:00+00:00
[2026-09-23 11:26:51,284] {scheduler_job.py:190} INFO - Processing /home/airflow/.local/lib/python3.6/site-packages/airflow/example_dags/example_short_circuit_operator.py took 0.086 seconds
[2026-09-23 11:27:22,154] {scheduler_job.py:182} INFO - Started process (PID=313) to work on /home/airflow/.local/lib/python3.6/site-packages/airflow/example_dags/example_short_circuit_operator.py
[2026-09-23 11:27:22,155] {scheduler_job.py:629} INFO - Processing file /home/airflow/.local/lib/python3.6/site-packages/airflow/example_dags/example_short_circuit_operator.py for tasks to queue
[2026-09-23 11:27:22,156] {logging_mixin.py:104} INFO - [2026-09-23 11:27:22,156] {dagbag.py:451} INFO - Filling up the DagBag from /home/airflow/.local/lib/python3.6/site-packages/airflow/example_dags/example_short_circuit_operator.py
[2026-09-23 11:27:22,175] {scheduler_job.py:639} INFO - DAG(s) dict_keys(['example_short_circuit_operator']) retrieved from /home/airflow/.local/lib/python3.6/site-packages/airflow/example_dags/example_short_circuit_operator.py
[2026-09-23 11:27:22,215] {logging_mixin.py:104} INFO - [2026-09-23 11:27:22,215] {dag.py:1824} INFO - Sync 1 DAGs
[2026-09-23 11:27:22,248] {logging_mixin.py:104} INFO - [2026-09-23 11:27:22,248] {dag.py:2280} INFO - Setting next_dagrun for example_short_circuit_operator to 2026-09-21 00:00:00+00:00
[2026-09-23 11:27:22,274] {scheduler_job.py:190} INFO - Processing /home/airflow/.local/lib/python3.6/site-packages/airflow/example_dags/example_short_circuit_operator.py took 0.125 seconds
[2026-09-23 11:27:53,117] {scheduler_job.py:182} INFO - Started process (PID=339) to work on /home/airflow/.local/lib/python3.6/site-packages/airflow/example_dags/example_short_circuit_operator.py
[2026-09-23 11:27:53,119] {scheduler_job.py:629} INFO - Processing file /home/airflow/.local/lib/python3.6/site-packages/airflow/example_dags/example_short_circuit_operator.py for tasks to queue
[2026-09-23 11:27:53,121] {logging_mixin.py:104} INFO - [2026-09-23 11:27:53,121] {dagbag.py:451} INFO - Filling up the DagBag from /home/airflow/.local/lib/python3.6/site-packages/airflow/example_dags/example_short_circuit_operator.py
[2026-09-23 11:27:53,143] {scheduler_job.py:639} INFO - DAG(s) dict_keys(['example_short_circuit_operator']) retrieved from /home/airflow/.local/lib/python3.6/site-packages/airflow/example_dags/example_short_circuit_operator.py
[2026-09-23 11:27:53,178] {logging_mixin.py:104} INFO - [2026-09-23 11:27:53,178] {dag.py:1824} INFO - Sync 1 DAGs
[2026-09-23 11:27:53,205] {logging_mixin.py:104} INFO - [2026-09-23 11:27:53,205] {dag.py:2280} INFO - Setting next_dagrun for example_short_circuit_operator to 2026-09-21 00:00:00+00:00
[2026-09-23 11:27:53,224] {scheduler_job.py:190} INFO - Processing /home/airflow/.local/lib/python3.6/site-packages/airflow/example_dags/example_short_circuit_operator.py took 0.112 seconds
[2026-09-23 11:28:24,139] {scheduler_job.py:182} INFO - Started process (PID=364) to work on /home/airflow/.local/lib/python3.6/site-packages/airflow/example_dags/example_short_circuit_operator.py
[2026-09-23 11:28:24,140] {scheduler_job.py:629} INFO - Processing file /home/airflow/.local/lib/python3.6/site-packages/airflow/example_dags/example_short_circuit_operator.py for tasks to queue
[2026-09-23 11:28:24,141] {logging_mixin.py:104} INFO - [2026-09-23 11:28:24,141] {dagbag.py:451} INFO - Filling up the DagBag from /home/airflow/.local/lib/python3.6/site-packages/airflow/example_dags/example_short_circuit_operator.py
[2026-09-23 11:28:24,166] {scheduler_job.py:639} INFO - DAG(s) dict_keys(['example_short_circuit_operator']) retrieved from /home/airflow/.local/lib/python3.6/site-packages/airflow/example_dags/example_short_circuit_operator.py
[2026-09-23 11:28:24,208] {logging_mixin.py:104} INFO - [2026-09-23 11:28:24,208] {dag.py:1824} INFO - Sync 1 DAGs
[2026-09-23 11:28:24,238] {logging_mixin.py:104} INFO - [2026-09-23 11:28:24,237] {dag.py:2280} INFO - Setting next_dagrun for example_short_circuit_operator to 2026-09-21 00:00:00+00:00
[2026-09-23 11:28:24,257] {scheduler_job.py:190} INFO - Processing /home/airflow/.local/lib/python3.6/site-packages/airflow/example_dags/example_short_circuit_operator.py took 0.123 seconds
[2026-09-23 11:28:54,734] {scheduler_job.py:182} INFO - Started process (PID=390) to work on /home/airflow/.local/lib/python3.6/site-packages/airflow/example_dags/example_short_circuit_operator.py
[2026-09-23 11:28:54,736] {scheduler_job.py:629} INFO - Processing file /home/airflow/.local/lib/python3.6/site-packages/airflow/example_dags/example_short_circuit_operator.py for tasks to queue
[2026-09-23 11:28:54,736] {logging_mixin.py:104} INFO - [2026-09-23 11:28:54,736] {dagbag.py:451} INFO - Filling up the DagBag from /home/airflow/.local/lib/python3.6/site-packages/airflow/example_dags/example_short_circuit_operator.py
[2026-09-23 11:28:54,753] {scheduler_job.py:639} INFO - DAG(s) dict_keys(['example_short_circuit_operator']) retrieved from /home/airflow/.local/lib/python3.6/site-packages/airflow/example_dags/example_short_circuit_operator.py
[2026-09-23 11:28:54,781] {logging_mixin.py:104} INFO - [2026-09-23 11:28:54,781] {dag.py:1824} INFO - Sync 1 DAGs
[2026-09-23 11:28:54,800] {logging_mixin.py:104} INFO - [2026-09-23 11:28:54,800] {dag.py:2280} INFO - Setting next_dagrun for example_short_circuit_operator to 2026-09-21 00:00:00+00:00
[2026-09-23 11:28:54,812] {scheduler_job.py:190} INFO - Processing /home/airflow/.local/lib/python3.6/site-packages/airflow/example_dags/example_short_circuit_operator.py took 0.082 seconds
[2026-09-23 11:29:25,240] {scheduler_job.py:182} INFO - Started process (PID=416) to work on /home/airflow/.local/lib/python3.6/site-packages/airflow/example_dags/example_short_circuit_operator.py
[2026-09-23 11:29:25,242] {scheduler_job.py:629} INFO - Processing file /home/airflow/.local/lib/python3.6/site-packages/airflow/example_dags/example_short_circuit_operator.py for tasks to queue
[2026-09-23 11:29:25,242] {logging_mixin.py:104} INFO - [2026-09-23 11:29:25,242] {dagbag.py:451} INFO - Filling up the DagBag from /home/airflow/.local/lib/python3.6/site-packages/airflow/example_dags/example_short_circuit_operator.py
[2026-09-23 11:29:25,258] {scheduler_job.py:639} INFO - DAG(s) dict_keys(['example_short_circuit_operator']) retrieved from /home/airflow/.local/lib/python3.6/site-packages/airflow/example_dags/example_short_circuit_operator.py
[2026-09-23 11:29:25,285] {logging_mixin.py:104} INFO - [2026-09-23 11:29:25,285] {dag.py:1824} INFO - Sync 1 DAGs
[2026-09-23 11:29:25,306] {logging_mixin.py:104} INFO - [2026-09-23 11:29:25,306] {dag.py:2280} INFO - Setting next_dagrun for example_short_circuit_operator to 2026-09-21 00:00:00+00:00
[2026-09-23 11:29:25,323] {scheduler_job.py:190} INFO - Processing /home/airflow/.local/lib/python3.6/site-packages/airflow/example_dags/example_short_circuit_operator.py took 0.087 seconds
[2026-09-23 11:29:55,966] {scheduler_job.py:182} INFO - Started process (PID=442) to work on /home/airflow/.local/lib/python3.6/site-packages/airflow/example_dags/example_short_circuit_operator.py
[2026-09-23 11:29:55,968] {scheduler_job.py:629} INFO - Processing file /home/airflow/.local/lib/python3.6/site-packages/airflow/example_dags/example_short_circuit_operator.py for tasks to queue
[2026-09-23 11:29:55,969] {logging_mixin.py:104} INFO - [2026-09-23 11:29:55,969] {dagbag.py:451} INFO - Filling up the DagBag from /home/airflow/.local/lib/python3.6/site-packages/airflow/example_dags/example_short_circuit_operator.py
[2026-09-23 11:29:55,987] {scheduler_job.py:639} INFO - DAG(s) dict_keys(['example_short_circuit_operator']) retrieved from /home/airflow/.local/lib/python3.6/site-packages/airflow/example_dags/example_short_circuit_operator.py
[2026-09-23 11:29:56,020] {logging_mixin.py:104} INFO - [2026-09-23 11:29:56,020] {dag.py:1824} INFO - Sync 1 DAGs
[2026-09-23 11:29:56,046] {logging_mixin.py:104} INFO - [2026-09-23 11:29:56,046] {dag.py:2280} INFO - Setting next_dagrun for example_short_circuit_operator to 2026-09-21 00:00:00+00:00
[2026-09-23 11:29:56,067] {scheduler_job.py:190} INFO - Processing /home/airflow/.local/lib/python3.6/site-packages/airflow/example_dags/example_short_circuit_operator.py took 0.106 seconds
[2026-09-23 11:30:26,637] {scheduler_job.py:182} INFO - Started process (PID=468) to work on /home/airflow/.local/lib/python3.6/site-packages/airflow/example_dags/example_short_circuit_operator.py
[2026-09-23 11:30:26,638] {scheduler_job.py:629} INFO - Processing file /home/airflow/.local/lib/python3.6/site-packages/airflow/example_dags/example_short_circuit_operator.py for tasks to queue
[2026-09-23 11:30:26,639] {logging_mixin.py:104} INFO - [2026-09-23 11:30:26,639] {dagbag.py:451} INFO - Filling up the DagBag from /home/airflow/.local/lib/python3.6/site-packages/airflow/example_dags/example_short_circuit_operator.py
[2026-09-23 11:30:26,655] {scheduler_job.py:639} INFO - DAG(s) dict_keys(['example_short_circuit_operator']) retrieved from /home/airflow/.local/lib/python3.6/site-packages/airflow/example_dags/example_short_circuit_operator.py
[2026-09-23 11:30:26,681] {logging_mixin.py:104} INFO - [2026-09-23 11:30:26,681] {dag.py:1824} INFO - Sync 1 DAGs
[2026-09-23 11:30:26,701] {logging_mixin.py:104} INFO - [2026-09-23 11:30:26,701] {dag.py:2280} INFO - Setting next_dagrun for example_short_circuit_operator to 2026-09-21 00:00:00+00:00
[2026-09-23 11:30:26,715] {scheduler_job.py:190} INFO - Processing /home/airflow/.local/lib/python3.6/site-packages/airflow/example_dags/example_short_circuit_operator.py took 0.082 seconds
[2026-09-23 11:30:57,194] {scheduler_job.py:182} INFO - Started process (PID=494) to work on /home/airflow/.local/lib/python3.6/site-packages/airflow/example_dags/example_short_circuit_operator.py
[2026-09-23 11:30:57,195] {scheduler_job.py:629} INFO - Processing file /home/airflow/.local/lib/python3.6/site-packages/airflow/example_dags/example_short_circuit_operator.py for tasks to queue
[2026-09-23 11:30:57,196] {logging_mixin.py:104} INFO - [2026-09-23 11:30:57,196] {dagbag.py:451} INFO - Filling up the DagBag from /home/airflow/.local/lib/python3.6/site-packages/airflow/example_dags/example_short_circuit_operator.py
[2026-09-23 11:30:57,213] {scheduler_job.py:639} INFO - DAG(s) dict_keys(['example_short_circuit_operator']) retrieved from /home/airflow/.local/lib/python3.6/site-packages/airflow/example_dags/example_short_circuit_operator.py
[2026-09-23 11:30:57,239] {logging_mixin.py:104} INFO - [2026-09-23 11:30:57,239] {dag.py:1824} INFO - Sync 1 DAGs
[2026-09-23 11:30:57,259] {logging_mixin.py:104} INFO - [2026-09-23 11:30:57,259] {dag.py:2280} INFO - Setting next_dagrun for example_short_circuit_operator to 2026-09-21 00:00:00+00:00
[2026-09-23 11:30:57,273] {scheduler_job.py:190} INFO - Processing /home/airflow/.local/lib/python3.6/site-packages/airflow/example_dags/example_short_circuit_operator.py took 0.083 seconds
[2026-09-23 11:31:27,692] {scheduler_job.py:182} INFO - Started process (PID=520) to work on /home/airflow/.local/lib/python3.6/site-packages/airflow/example_dags/example_short_circuit_operator.py
[2026-09-23 11:31:27,693] {scheduler_job.py:629} INFO - Processing file /home/airflow/.local/lib/python3.6/site-packages/airflow/example_dags/example_short_circuit_operator.py for tasks to queue
[2026-09-23 11:31:27,694] {logging_mixin.py:104} INFO - [2026-09-23 11:31:27,693] {dagbag.py:451} INFO - Filling up the DagBag from /home/airflow/.local/lib/python3.6/site-packages/airflow/example_dags/example_short_circuit_operator.py
[2026-09-23 11:31:27,710] {scheduler_job.py:639} INFO - DAG(s) dict_keys(['example_short_circuit_operator']) retrieved from /home/airflow/.local/lib/python3.6/site-packages/airflow/example_dags/example_short_circuit_operator.py
[2026-09-23 11:31:27,741] {logging_mixin.py:104} INFO - [2026-09-23 11:31:27,740] {dag.py:1824} INFO - Sync 1 DAGs
[2026-09-23 11:31:27,763] {logging_mixin.py:104} INFO - [2026-09-23 11:31:27,763] {dag.py:2280} INFO - Setting next_dagrun for example_short_circuit_operator to 2026-09-21 00:00:00+00:00
[2026-09-23 11:31:27,776] {scheduler_job.py:190} INFO - Processing /home/airflow/.local/lib/python3.6/site-packages/airflow/example_dags/example_short_circuit_operator.py took 0.089 seconds
[2026-09-23 11:31:58,234] {scheduler_job.py:182} INFO - Started process (PID=546) to work on /home/airflow/.local/lib/python3.6/site-packages/airflow/example_dags/example_short_circuit_operator.py
[2026-09-23 11:31:58,236] {scheduler_job.py:629} INFO - Processing file /home/airflow/.local/lib/python3.6/site-packages/airflow/example_dags/example_short_circuit_operator.py for tasks to queue
[2026-09-23 11:31:58,236] {logging_mixin.py:104} INFO - [2026-09-23 11:31:58,236] {dagbag.py:451} INFO - Filling up the DagBag from /home/airflow/.local/lib/python3.6/site-packages/airflow/example_dags/example_short_circuit_operator.py
[2026-09-23 11:31:58,253] {scheduler_job.py:639} INFO - DAG(s) dict_keys(['example_short_circuit_operator']) retrieved from /home/airflow/.local/lib/python3.6/site-packages/airflow/example_dags/example_short_circuit_operator.py
[2026-09-23 11:31:58,277] {logging_mixin.py:104} INFO - [2026-09-23 11:31:58,277] {dag.py:1824} INFO - Sync 1 DAGs
[2026-09-23 11:31:58,298] {logging_mixin.py:104} INFO - [2026-09-23 11:31:58,298] {dag.py:2280} INFO - Setting next_dagrun for example_short_circuit_operator to 2026-09-21 00:00:00+00:00
[2026-09-23 11:31:58,310] {scheduler_job.py:190} INFO - Processing /home/airflow/.local/lib/python3.6/site-packages/airflow/example_dags/example_short_circuit_operator.py took 0.079 seconds
[2026-09-23 11:32:28,699] {scheduler_job.py:182} INFO - Started process (PID=572) to work on /home/airflow/.local/lib/python3.6/site-packages/airflow/example_dags/example_short_circuit_operator.py
[2026-09-23 11:32:28,700] {scheduler_job.py:629} INFO - Processing file /home/airflow/.local/lib/python3.6/site-packages/airflow/example_dags/example_short_circuit_operator.py for tasks to queue
[2026-09-23 11:32:28,701] {logging_mixin.py:104} INFO - [2026-09-23 11:32:28,701] {dagbag.py:451} INFO - Filling up the DagBag from /home/airflow/.local/lib/python3.6/site-packages/airflow/example_dags/example_short_circuit_operator.py
[2026-09-23 11:32:28,722] {scheduler_job.py:639} INFO - DAG(s) dict_keys(['example_short_circuit_operator']) retrieved from /home/airflow/.local/lib/python3.6/site-packages/airflow/example_dags/example_short_circuit_operator.py
[2026-09-23 11:32:28,759] {logging_mixin.py:104} INFO - [2026-09-23 11:32:28,759] {dag.py:1824} INFO - Sync 1 DAGs
[2026-09-23 11:32:28,789] {logging_mixin.py:104} INFO - [2026-09-23 11:32:28,789] {dag.py:2280} INFO - Setting next_dagrun for example_short_circuit_operator to 2026-09-21 00:00:00+00:00
[2026-09-23 11:32:28,813] {scheduler_job.py:190} INFO - Processing /home/airflow/.local/lib/python3.6/site-packages/airflow/example_dags/example_short_circuit_operator.py took 0.117 seconds
[2026-09-23 11:32:59,261] {scheduler_job.py:182} INFO - Started process (PID=598) to work on /home/airflow/.local/lib/python3.6/site-packages/airflow/example_dags/example_short_circuit_operator.py
[2026-09-23 11:32:59,263] {scheduler_job.py:629} INFO - Processing file /home/airflow/.local/lib/python3.6/site-packages/airflow/example_dags/example_short_circuit_operator.py for tasks to queue
[2026-09-23 11:32:59,263] {logging_mixin.py:104} INFO - [2026-09-23 11:32:59,263] {dagbag.py:451} INFO - Filling up the DagBag from /home/airflow/.local/lib/python3.6/site-packages/airflow/example_dags/example_short_circuit_operator.py
[2026-09-23 11:32:59,280] {scheduler_job.py:639} INFO - DAG(s) dict_keys(['example_short_circuit_operator']) retrieved from /home/airflow/.local/lib/python3.6/site-packages/airflow/example_dags/example_short_circuit_operator.py
[2026-09-23 11:32:59,305] {logging_mixin.py:104} INFO - [2026-09-23 11:32:59,305] {dag.py:1824} INFO - Sync 1 DAGs
[2026-09-23 11:32:59,326] {logging_mixin.py:104} INFO - [2026-09-23 11:32:59,326] {dag.py:2280} INFO - Setting next_dagrun for example_short_circuit_operator to 2026-09-21 00:00:00+00:00
[2026-09-23 11:32:59,339] {scheduler_job.py:190} INFO - Processing /home/airflow/.local/lib/python3.6/site-packages/airflow/example_dags/example_short_circuit_operator.py took 0.082 seconds
[2026-09-23 11:33:29,758] {scheduler_job.py:182} INFO - Started process (PID=624) to work on /home/airflow/.local/lib/python3.6/site-packages/airflow/example_dags/example_short_circuit_operator.py
[2026-09-23 11:33:29,759] {scheduler_job.py:629} INFO - Processing file /home/airflow/.local/lib/python3.6/site-packages/airflow/example_dags/example_short_circuit_operator.py for tasks to queue
[2026-09-23 11:33:29,760] {logging_mixin.py:104} INFO - [2026-09-23 11:33:29,760] {dagbag.py:451} INFO - Filling up the DagBag from /home/airflow/.local/lib/python3.6/site-packages/airflow/example_dags/example_short_circuit_operator.py
[2026-09-23 11:33:29,777] {scheduler_job.py:639} INFO - DAG(s) dict_keys(['example_short_circuit_operator']) retrieved from /home/airflow/.local/lib/python3.6/site-packages/airflow/example_dags/example_short_circuit_operator.py
[2026-09-23 11:33:29,805] {logging_mixin.py:104} INFO - [2026-09-23 11:33:29,805] {dag.py:1824} INFO - Sync 1 DAGs
[2026-09-23 11:33:29,827] {logging_mixin.py:104} INFO - [2026-09-23 11:33:29,827] {dag.py:2280} INFO - Setting next_dagrun for example_short_circuit_operator to 2026-09-21 00:00:00+00:00
[2026-09-23 11:33:29,844] {scheduler_job.py:190} INFO - Processing /home/airflow/.local/lib/python3.6/site-packages/airflow/example_dags/example_short_circuit_operator.py took 0.089 seconds
[2026-09-23 11:34:00,320] {scheduler_job.py:182} INFO - Started process (PID=650) to work on /home/airflow/.local/lib/python3.6/site-packages/airflow/example_dags/example_short_circuit_operator.py
[2026-09-23 11:34:00,321] {scheduler_job.py:629} INFO - Processing file /home/airflow/.local/lib/python3.6/site-packages/airflow/example_dags/example_short_circuit_operator.py for tasks to queue
[2026-09-23 11:34:00,322] {logging_mixin.py:104} INFO - [2026-09-23 11:34:00,321] {dagbag.py:451} INFO - Filling up the DagBag from /home/airflow/.local/lib/python3.6/site-packages/airflow/example_dags/example_short_circuit_operator.py
[2026-09-23 11:34:00,338] {scheduler_job.py:639} INFO - DAG(s) dict_keys(['example_short_circuit_operator']) retrieved from /home/airflow/.local/lib/python3.6/site-packages/airflow/example_dags/example_short_circuit_operator.py
[2026-09-23 11:34:00,368] {logging_mixin.py:104} INFO - [2026-09-23 11:34:00,368] {dag.py:1824} INFO - Sync 1 DAGs
[2026-09-23 11:34:00,388] {logging_mixin.py:104} INFO - [2026-09-23 11:34:00,387] {dag.py:2280} INFO - Setting next_dagrun for example_short_circuit_operator to 2026-09-21 00:00:00+00:00
[2026-09-23 11:34:00,399] {scheduler_job.py:190} INFO - Processing /home/airflow/.local/lib/python3.6/site-packages/airflow/example_dags/example_short_circuit_operator.py took 0.084 seconds
[2026-09-23 11:34:30,924] {scheduler_job.py:182} INFO - Started process (PID=676) to work on /home/airflow/.local/lib/python3.6/site-packages/airflow/example_dags/example_short_circuit_operator.py
[2026-09-23 11:34:30,926] {scheduler_job.py:629} INFO - Processing file /home/airflow/.local/lib/python3.6/site-packages/airflow/example_dags/example_short_circuit_operator.py for tasks to queue
[2026-09-23 11:34:30,927] {logging_mixin.py:104} INFO - [2026-09-23 11:34:30,927] {dagbag.py:451} INFO - Filling up the DagBag from /home/airflow/.local/lib/python3.6/site-packages/airflow/example_dags/example_short_circuit_operator.py
[2026-09-23 11:34:30,943] {scheduler_job.py:639} INFO - DAG(s) dict_keys(['example_short_circuit_operator']) retrieved from /home/airflow/.local/lib/python3.6/site-packages/airflow/example_dags/example_short_circuit_operator.py
[2026-09-23 11:34:30,969] {logging_mixin.py:104} INFO - [2026-09-23 11:34:30,969] {dag.py:1824} INFO - Sync 1 DAGs
[2026-09-23 11:34:30,990] {logging_mixin.py:104} INFO - [2026-09-23 11:34:30,990] {dag.py:2280} INFO - Setting next_dagrun for example_short_circuit_operator to 2026-09-21 00:00:00+00:00
[2026-09-23 11:34:31,004] {scheduler_job.py:190} INFO - Processing /home/airflow/.local/lib/python3.6/site-packages/airflow/example_dags/example_short_circuit_operator.py took 0.084 seconds
[2026-09-23 11:35:01,492] {scheduler_job.py:182} INFO - Started process (PID=702) to work on /home/airflow/.local/lib/python3.6/site-packages/airflow/example_dags/example_short_circuit_operator.py
[2026-09-23 11:35:01,493] {scheduler_job.py:629} INFO - Processing file /home/airflow/.local/lib/python3.6/site-packages/airflow/example_dags/example_short_circuit_operator.py for tasks to queue
[2026-09-23 11:35:01,494] {logging_mixin.py:104} INFO - [2026-09-23 11:35:01,494] {dagbag.py:451} INFO - Filling up the DagBag from /home/airflow/.local/lib/python3.6/site-packages/airflow/example_dags/example_short_circuit_operator.py
[2026-09-23 11:35:01,512] {scheduler_job.py:639} INFO - DAG(s) dict_keys(['example_short_circuit_operator']) retrieved from /home/airflow/.local/lib/python3.6/site-packages/airflow/example_dags/example_short_circuit_operator.py
[2026-09-23 11:35:01,540] {logging_mixin.py:104} INFO - [2026-09-23 11:35:01,540] {dag.py:1824} INFO - Sync 1 DAGs
[2026-09-23 11:35:01,560] {logging_mixin.py:104} INFO - [2026-09-23 11:35:01,560] {dag.py:2280} INFO - Setting next_dagrun for example_short_circuit_operator to 2026-09-21 00:00:00+00:00
[2026-09-23 11:35:01,572] {scheduler_job.py:190} INFO - Processing /home/airflow/.local/lib/python3.6/site-packages/airflow/example_dags/example_short_circuit_operator.py took 0.086 seconds
[2026-09-23 11:35:31,705] {scheduler_job.py:182} INFO - Started process (PID=728) to work on /home/airflow/.local/lib/python3.6/site-packages/airflow/example_dags/example_short_circuit_operator.py
[2026-09-23 11:35:31,706] {scheduler_job.py:629} INFO - Processing file /home/airflow/.local/lib/python3.6/site-packages/airflow/example_dags/example_short_circuit_operator.py for tasks to queue
[2026-09-23 11:35:31,708] {logging_mixin.py:104} INFO - [2026-09-23 11:35:31,707] {dagbag.py:451} INFO - Filling up the DagBag from /home/airflow/.local/lib/python3.6/site-packages/airflow/example_dags/example_short_circuit_operator.py
[2026-09-23 11:35:31,733] {scheduler_job.py:639} INFO - DAG(s) dict_keys(['example_short_circuit_operator']) retrieved from /home/airflow/.local/lib/python3.6/site-packages/airflow/example_dags/example_short_circuit_operator.py
[2026-09-23 11:35:31,784] {logging_mixin.py:104} INFO - [2026-09-23 11:35:31,783] {dag.py:1824} INFO - Sync 1 DAGs
[2026-09-23 11:35:31,817] {logging_mixin.py:104} INFO - [2026-09-23 11:35:31,817] {dag.py:2280} INFO - Setting next_dagrun for example_short_circuit_operator to 2026-09-21 00:00:00+00:00
[2026-09-23 11:35:31,837] {scheduler_job.py:190} INFO - Processing /home/airflow/.local/lib/python3.6/site-packages/airflow/example_dags/example_short_circuit_operator.py took 0.139 seconds
[2026-09-23 11:36:02,162] {scheduler_job.py:182} INFO - Started process (PID=754) to work on /home/airflow/.local/lib/python3.6/site-packages/airflow/example_dags/example_short_circuit_operator.py
[2026-09-23 11:36:02,165] {scheduler_job.py:629} INFO - Processing file /home/airflow/.local/lib/python3.6/site-packages/airflow/example_dags/example_short_circuit_operator.py for tasks to queue
[2026-09-23 11:36:02,166] {logging_mixin.py:104} INFO - [2026-09-23 11:36:02,166] {dagbag.py:451} INFO - Filling up the DagBag from /home/airflow/.local/lib/python3.6/site-packages/airflow/example_dags/example_short_circuit_operator.py
[2026-09-23 11:36:02,192] {scheduler_job.py:639} INFO - DAG(s) dict_keys(['example_short_circuit_operator']) retrieved from /home/airflow/.local/lib/python3.6/site-packages/airflow/example_dags/example_short_circuit_operator.py
[2026-09-23 11:36:02,241] {logging_mixin.py:104} INFO - [2026-09-23 11:36:02,241] {dag.py:1824} INFO - Sync 1 DAGs
[2026-09-23 11:36:02,280] {logging_mixin.py:104} INFO - [2026-09-23 11:36:02,280] {dag.py:2280} INFO - Setting next_dagrun for example_short_circuit_operator to 2026-09-21 00:00:00+00:00
[2026-09-23 11:36:02,305] {scheduler_job.py:190} INFO - Processing /home/airflow/.local/lib/python3.6/site-packages/airflow/example_dags/example_short_circuit_operator.py took 0.157 seconds
[2026-09-23 11:36:32,508] {scheduler_job.py:182} INFO - Started process (PID=780) to work on /home/airflow/.local/lib/python3.6/site-packages/airflow/example_dags/example_short_circuit_operator.py
[2026-09-23 11:36:32,510] {scheduler_job.py:629} INFO - Processing file /home/airflow/.local/lib/python3.6/site-packages/airflow/example_dags/example_short_circuit_operator.py for tasks to queue
[2026-09-23 11:36:32,511] {logging_mixin.py:104} INFO - [2026-09-23 11:36:32,511] {dagbag.py:451} INFO - Filling up the DagBag from /home/airflow/.local/lib/python3.6/site-packages/airflow/example_dags/example_short_circuit_operator.py
[2026-09-23 11:36:32,535] {scheduler_job.py:639} INFO - DAG(s) dict_keys(['example_short_circuit_operator']) retrieved from /home/airflow/.local/lib/python3.6/site-packages/airflow/example_dags/example_short_circuit_operator.py
[2026-09-23 11:36:32,577] {logging_mixin.py:104} INFO - [2026-09-23 11:36:32,576] {dag.py:1824} INFO - Sync 1 DAGs
[2026-09-23 11:36:32,609] {logging_mixin.py:104} INFO - [2026-09-23 11:36:32,609] {dag.py:2280} INFO - Setting next_dagrun for example_short_circuit_operator to 2026-09-21 00:00:00+00:00
[2026-09-23 11:36:32,641] {scheduler_job.py:190} INFO - Processing /home/airflow/.local/lib/python3.6/site-packages/airflow/example_dags/example_short_circuit_operator.py took 0.138 seconds
[2026-09-23 11:37:02,882] {scheduler_job.py:182} INFO - Started process (PID=805) to work on /home/airflow/.local/lib/python3.6/site-packages/airflow/example_dags/example_short_circuit_operator.py
[2026-09-23 11:37:02,884] {scheduler_job.py:629} INFO - Processing file /home/airflow/.local/lib/python3.6/site-packages/airflow/example_dags/example_short_circuit_operator.py for tasks to queue
[2026-09-23 11:37:02,885] {logging_mixin.py:104} INFO - [2026-09-23 11:37:02,885] {dagbag.py:451} INFO - Filling up the DagBag from /home/airflow/.local/lib/python3.6/site-packages/airflow/example_dags/example_short_circuit_operator.py
[2026-09-23 11:37:02,914] {scheduler_job.py:639} INFO - DAG(s) dict_keys(['example_short_circuit_operator']) retrieved from /home/airflow/.local/lib/python3.6/site-packages/airflow/example_dags/example_short_circuit_operator.py
[2026-09-23 11:37:02,951] {logging_mixin.py:104} INFO - [2026-09-23 11:37:02,951] {dag.py:1824} INFO - Sync 1 DAGs
[2026-09-23 11:37:02,978] {logging_mixin.py:104} INFO - [2026-09-23 11:37:02,978] {dag.py:2280} INFO - Setting next_dagrun for example_short_circuit_operator to 2026-09-21 00:00:00+00:00
[2026-09-23 11:37:02,994] {scheduler_job.py:190} INFO - Processing /home/airflow/.local/lib/python3.6/site-packages/airflow/example_dags/example_short_circuit_operator.py took 0.117 seconds
[2026-09-23 11:37:33,155] {scheduler_job.py:182} INFO - Started process (PID=831) to work on /home/airflow/.local/lib/python3.6/site-packages/airflow/example_dags/example_short_circuit_operator.py
[2026-09-23 11:37:33,157] {scheduler_job.py:629} INFO - Processing file /home/airflow/.local/lib/python3.6/site-packages/airflow/example_dags/example_short_circuit_operator.py for tasks to queue
[2026-09-23 11:37:33,158] {logging_mixin.py:104} INFO - [2026-09-23 11:37:33,158] {dagbag.py:451} INFO - Filling up the DagBag from /home/airflow/.local/lib/python3.6/site-packages/airflow/example_dags/example_short_circuit_operator.py
[2026-09-23 11:37:33,184] {scheduler_job.py:639} INFO - DAG(s) dict_keys(['example_short_circuit_operator']) retrieved from /home/airflow/.local/lib/python3.6/site-packages/airflow/example_dags/example_short_circuit_operator.py
[2026-09-23 11:37:33,225] {logging_mixin.py:104} INFO - [2026-09-23 11:37:33,224] {dag.py:1824} INFO - Sync 1 DAGs
[2026-09-23 11:37:33,253] {logging_mixin.py:104} INFO - [2026-09-23 11:37:33,253] {dag.py:2280} INFO - Setting next_dagrun for example_short_circuit_operator to 2026-09-21 00:00:00+00:00
[2026-09-23 11:37:33,275] {scheduler_job.py:190} INFO - Processing /home/airflow/.local/lib/python3.6/site-packages/airflow/example_dags/example_short_circuit_operator.py took 0.125 seconds
[2026-09-23 11:38:03,399] {scheduler_job.py:182} INFO - Started process (PID=857) to work on /home/airflow/.local/lib/python3.6/site-packages/airflow/example_dags/example_short_circuit_operator.py
[2026-09-23 11:38:03,401] {scheduler_job.py:629} INFO - Processing file /home/airflow/.local/lib/python3.6/site-packages/airflow/example_dags/example_short_circuit_operator.py for tasks to queue
[2026-09-23 11:38:03,402] {logging_mixin.py:104} INFO - [2026-09-23 11:38:03,402] {dagbag.py:451} INFO - Filling up the DagBag from /home/airflow/.local/lib/python3.6/site-packages/airflow/example_dags/example_short_circuit_operator.py
[2026-09-23 11:38:03,427] {scheduler_job.py:639} INFO - DAG(s) dict_keys(['example_short_circuit_operator']) retrieved from /home/airflow/.local/lib/python3.6/site-packages/airflow/example_dags/example_short_circuit_operator.py
[2026-09-23 11:38:03,461] {logging_mixin.py:104} INFO - [2026-09-23 11:38:03,461] {dag.py:1824} INFO - Sync 1 DAGs
[2026-09-23 11:38:03,487] {logging_mixin.py:104} INFO - [2026-09-23 11:38:03,487] {dag.py:2280} INFO - Setting next_dagrun for example_short_circuit_operator to 2026-09-21 00:00:00+00:00
[2026-09-23 11:38:03,507] {scheduler_job.py:190} INFO - Processing /home/airflow/.local/lib/python3.6/site-packages/airflow/example_dags/example_short_circuit_operator.py took 0.113 seconds
[2026-09-23 11:38:33,914] {scheduler_job.py:182} INFO - Started process (PID=883) to work on /home/airflow/.local/lib/python3.6/site-packages/airflow/example_dags/example_short_circuit_operator.py
[2026-09-23 11:38:33,915] {scheduler_job.py:629} INFO - Processing file /home/airflow/.local/lib/python3.6/site-packages/airflow/example_dags/example_short_circuit_operator.py for tasks to queue
[2026-09-23 11:38:33,917] {logging_mixin.py:104} INFO - [2026-09-23 11:38:33,916] {dagbag.py:451} INFO - Filling up the DagBag from /home/airflow/.local/lib/python3.6/site-packages/airflow/example_dags/example_short_circuit_operator.py
[2026-09-23 11:38:33,942] {scheduler_job.py:639} INFO - DAG(s) dict_keys(['example_short_circuit_operator']) retrieved from /home/airflow/.local/lib/python3.6/site-packages/airflow/example_dags/example_short_circuit_operator.py
[2026-09-23 11:38:33,973] {logging_mixin.py:104} INFO - [2026-09-23 11:38:33,973] {dag.py:1824} INFO - Sync 1 DAGs
[2026-09-23 11:38:34,006] {logging_mixin.py:104} INFO - [2026-09-23 11:38:34,006] {dag.py:2280} INFO - Setting next_dagrun for example_short_circuit_operator to 2026-09-21 00:00:00+00:00
[2026-09-23 11:38:34,025] {scheduler_job.py:190} INFO - Processing /home/airflow/.local/lib/python3.6/site-packages/airflow/example_dags/example_short_circuit_operator.py took 0.116 seconds
[2026-09-23 11:39:04,723] {scheduler_job.py:182} INFO - Started process (PID=911) to work on /home/airflow/.local/lib/python3.6/site-packages/airflow/example_dags/example_short_circuit_operator.py
[2026-09-23 11:39:04,725] {scheduler_job.py:629} INFO - Processing file /home/airflow/.local/lib/python3.6/site-packages/airflow/example_dags/example_short_circuit_operator.py for tasks to queue
[2026-09-23 11:39:04,726] {logging_mixin.py:104} INFO - [2026-09-23 11:39:04,726] {dagbag.py:451} INFO - Filling up the DagBag from /home/airflow/.local/lib/python3.6/site-packages/airflow/example_dags/example_short_circuit_operator.py
[2026-09-23 11:39:04,756] {scheduler_job.py:639} INFO - DAG(s) dict_keys(['example_short_circuit_operator']) retrieved from /home/airflow/.local/lib/python3.6/site-packages/airflow/example_dags/example_short_circuit_operator.py
[2026-09-23 11:39:04,796] {logging_mixin.py:104} INFO - [2026-09-23 11:39:04,796] {dag.py:1824} INFO - Sync 1 DAGs
[2026-09-23 11:39:04,827] {logging_mixin.py:104} INFO - [2026-09-23 11:39:04,827] {dag.py:2280} INFO - Setting next_dagrun for example_short_circuit_operator to 2026-09-21 00:00:00+00:00
[2026-09-23 11:39:04,849] {scheduler_job.py:190} INFO - Processing /home/airflow/.local/lib/python3.6/site-packages/airflow/example_dags/example_short_circuit_operator.py took 0.132 seconds
[2026-09-23 11:39:35,104] {scheduler_job.py:182} INFO - Started process (PID=937) to work on /home/airflow/.local/lib/python3.6/site-packages/airflow/example_dags/example_short_circuit_operator.py
[2026-09-23 11:39:35,110] {scheduler_job.py:629} INFO - Processing file /home/airflow/.local/lib/python3.6/site-packages/airflow/example_dags/example_short_circuit_operator.py for tasks to queue
[2026-09-23 11:39:35,111] {logging_mixin.py:104} INFO - [2026-09-23 11:39:35,111] {dagbag.py:451} INFO - Filling up the DagBag from /home/airflow/.local/lib/python3.6/site-packages/airflow/example_dags/example_short_circuit_operator.py
[2026-09-23 11:39:35,137] {scheduler_job.py:639} INFO - DAG(s) dict_keys(['example_short_circuit_operator']) retrieved from /home/airflow/.local/lib/python3.6/site-packages/airflow/example_dags/example_short_circuit_operator.py
[2026-09-23 11:39:35,191] {logging_mixin.py:104} INFO - [2026-09-23 11:39:35,191] {dag.py:1824} INFO - Sync 1 DAGs
[2026-09-23 11:39:35,223] {logging_mixin.py:104} INFO - [2026-09-23 11:39:35,223] {dag.py:2280} INFO - Setting next_dagrun for example_short_circuit_operator to 2026-09-21 00:00:00+00:00
[2026-09-23 11:39:35,253] {scheduler_job.py:190} INFO - Processing /home/airflow/.local/lib/python3.6/site-packages/airflow/example_dags/example_short_circuit_operator.py took 0.155 seconds
[2026-09-23 11:40:05,850] {scheduler_job.py:182} INFO - Started process (PID=964) to work on /home/airflow/.local/lib/python3.6/site-packages/airflow/example_dags/example_short_circuit_operator.py
[2026-09-23 11:40:05,852] {scheduler_job.py:629} INFO - Processing file /home/airflow/.local/lib/python3.6/site-packages/airflow/example_dags/example_short_circuit_operator.py for tasks to queue
[2026-09-23 11:40:05,853] {logging_mixin.py:104} INFO - [2026-09-23 11:40:05,853] {dagbag.py:451} INFO - Filling up the DagBag from /home/airflow/.local/lib/python3.6/site-packages/airflow/example_dags/example_short_circuit_operator.py
[2026-09-23 11:40:05,875] {scheduler_job.py:639} INFO - DAG(s) dict_keys(['example_short_circuit_operator']) retrieved from /home/airflow/.local/lib/python3.6/site-packages/airflow/example_dags/example_short_circuit_operator.py
[2026-09-23 11:40:05,909] {logging_mixin.py:104} INFO - [2026-09-23 11:40:05,909] {dag.py:1824} INFO - Sync 1 DAGs
[2026-09-23 11:40:05,937] {logging_mixin.py:104} INFO - [2026-09-23 11:40:05,936] {dag.py:2280} INFO - Setting next_dagrun for example_short_circuit_operator to 2026-09-21 00:00:00+00:00
[2026-09-23 11:40:05,953] {scheduler_job.py:190} INFO - Processing /home/airflow/.local/lib/python3.6/site-packages/airflow/example_dags/example_short_circuit_operator.py took 0.107 seconds
[2026-09-23 11:40:36,178] {scheduler_job.py:182} INFO - Started process (PID=990) to work on /home/airflow/.local/lib/python3.6/site-packages/airflow/example_dags/example_short_circuit_operator.py
[2026-09-23 11:40:36,180] {scheduler_job.py:629} INFO - Processing file /home/airflow/.local/lib/python3.6/site-packages/airflow/example_dags/example_short_circuit_operator.py for tasks to queue
[2026-09-23 11:40:36,180] {logging_mixin.py:104} INFO - [2026-09-23 11:40:36,180] {dagbag.py:451} INFO - Filling up the DagBag from /home/airflow/.local/lib/python3.6/site-packages/airflow/example_dags/example_short_circuit_operator.py
[2026-09-23 11:40:36,206] {scheduler_job.py:639} INFO - DAG(s) dict_keys(['example_short_circuit_operator']) retrieved from /home/airflow/.local/lib/python3.6/site-packages/airflow/example_dags/example_short_circuit_operator.py
[2026-09-23 11:40:36,238] {logging_mixin.py:104} INFO - [2026-09-23 11:40:36,238] {dag.py:1824} INFO - Sync 1 DAGs
[2026-09-23 11:40:36,263] {logging_mixin.py:104} INFO - [2026-09-23 11:40:36,263] {dag.py:2280} INFO - Setting next_dagrun for example_short_circuit_operator to 2026-09-21 00:00:00+00:00
[2026-09-23 11:40:36,283] {scheduler_job.py:190} INFO - Processing /home/airflow/.local/lib/python3.6/site-packages/airflow/example_dags/example_short_circuit_operator.py took 0.109 seconds
[2026-09-23 11:41:06,590] {scheduler_job.py:182} INFO - Started process (PID=1016) to work on /home/airflow/.local/lib/python3.6/site-packages/airflow/example_dags/example_short_circuit_operator.py
[2026-09-23 11:41:06,592] {scheduler_job.py:629} INFO - Processing file /home/airflow/.local/lib/python3.6/site-packages/airflow/example_dags/example_short_circuit_operator.py for tasks to queue
[2026-09-23 11:41:06,593] {logging_mixin.py:104} INFO - [2026-09-23 11:41:06,593] {dagbag.py:451} INFO - Filling up the DagBag from /home/airflow/.local/lib/python3.6/site-packages/airflow/example_dags/example_short_circuit_operator.py
[2026-09-23 11:41:06,619] {scheduler_job.py:639} INFO - DAG(s) dict_keys(['example_short_circuit_operator']) retrieved from /home/airflow/.local/lib/python3.6/site-packages/airflow/example_dags/example_short_circuit_operator.py
[2026-09-23 11:41:06,657] {logging_mixin.py:104} INFO - [2026-09-23 11:41:06,656] {dag.py:1824} INFO - Sync 1 DAGs
[2026-09-23 11:41:06,694] {logging_mixin.py:104} INFO - [2026-09-23 11:41:06,694] {dag.py:2280} INFO - Setting next_dagrun for example_short_circuit_operator to 2026-09-21 00:00:00+00:00
[2026-09-23 11:41:06,715] {scheduler_job.py:190} INFO - Processing /home/airflow/.local/lib/python3.6/site-packages/airflow/example_dags/example_short_circuit_operator.py took 0.130 seconds
[2026-09-23 11:41:37,415] {scheduler_job.py:182} INFO - Started process (PID=1041) to work on /home/airflow/.local/lib/python3.6/site-packages/airflow/example_dags/example_short_circuit_operator.py
[2026-09-23 11:41:37,417] {scheduler_job.py:629} INFO - Processing file /home/airflow/.local/lib/python3.6/site-packages/airflow/example_dags/example_short_circuit_operator.py for tasks to queue
[2026-09-23 11:41:37,418] {logging_mixin.py:104} INFO - [2026-09-23 11:41:37,418] {dagbag.py:451} INFO - Filling up the DagBag from /home/airflow/.local/lib/python3.6/site-packages/airflow/example_dags/example_short_circuit_operator.py
[2026-09-23 11:41:37,444] {scheduler_job.py:639} INFO - DAG(s) dict_keys(['example_short_circuit_operator']) retrieved from /home/airflow/.local/lib/python3.6/site-packages/airflow/example_dags/example_short_circuit_operator.py
[2026-09-23 11:41:37,498] {logging_mixin.py:104} INFO - [2026-09-23 11:41:37,497] {dag.py:1824} INFO - Sync 1 DAGs
[2026-09-23 11:41:37,537] {logging_mixin.py:104} INFO - [2026-09-23 11:41:37,537] {dag.py:2280} INFO - Setting next_dagrun for example_short_circuit_operator to 2026-09-21 00:00:00+00:00
[2026-09-23 11:41:37,559] {scheduler_job.py:190} INFO - Processing /home/airflow/.local/lib/python3.6/site-packages/airflow/example_dags/example_short_circuit_operator.py took 0.150 seconds
[2026-09-23 11:42:07,894] {scheduler_job.py:182} INFO - Started process (PID=1065) to work on /home/airflow/.local/lib/python3.6/site-packages/airflow/example_dags/example_short_circuit_operator.py
[2026-09-23 11:42:07,896] {scheduler_job.py:629} INFO - Processing file /home/airflow/.local/lib/python3.6/site-packages/airflow/example_dags/example_short_circuit_operator.py for tasks to queue
[2026-09-23 11:42:07,897] {logging_mixin.py:104} INFO - [2026-09-23 11:42:07,897] {dagbag.py:451} INFO - Filling up the DagBag from /home/airflow/.local/lib/python3.6/site-packages/airflow/example_dags/example_short_circuit_operator.py
[2026-09-23 11:42:07,922] {scheduler_job.py:639} INFO - DAG(s) dict_keys(['example_short_circuit_operator']) retrieved from /home/airflow/.local/lib/python3.6/site-packages/airflow/example_dags/example_short_circuit_operator.py
[2026-09-23 11:42:07,961] {logging_mixin.py:104} INFO - [2026-09-23 11:42:07,960] {dag.py:1824} INFO - Sync 1 DAGs
[2026-09-23 11:42:07,995] {logging_mixin.py:104} INFO - [2026-09-23 11:42:07,995] {dag.py:2280} INFO - Setting next_dagrun for example_short_circuit_operator to 2026-09-21 00:00:00+00:00
[2026-09-23 11:42:08,020] {scheduler_job.py:190} INFO - Processing /home/airflow/.local/lib/python3.6/site-packages/airflow/example_dags/example_short_circuit_operator.py took 0.131 seconds
[2026-09-23 11:42:38,105] {scheduler_job.py:182} INFO - Started process (PID=1091) to work on /home/airflow/.local/lib/python3.6/site-packages/airflow/example_dags/example_short_circuit_operator.py
[2026-09-23 11:42:38,106] {scheduler_job.py:629} INFO - Processing file /home/airflow/.local/lib/python3.6/site-packages/airflow/example_dags/example_short_circuit_operator.py for tasks to queue
[2026-09-23 11:42:38,107] {logging_mixin.py:104} INFO - [2026-09-23 11:42:38,106] {dagbag.py:451} INFO - Filling up the DagBag from /home/airflow/.local/lib/python3.6/site-packages/airflow/example_dags/example_short_circuit_operator.py
[2026-09-23 11:42:38,125] {scheduler_job.py:639} INFO - DAG(s) dict_keys(['example_short_circuit_operator']) retrieved from /home/airflow/.local/lib/python3.6/site-packages/airflow/example_dags/example_short_circuit_operator.py
[2026-09-23 11:42:38,152] {logging_mixin.py:104} INFO - [2026-09-23 11:42:38,151] {dag.py:1824} INFO - Sync 1 DAGs
[2026-09-23 11:42:38,170] {logging_mixin.py:104} INFO - [2026-09-23 11:42:38,170] {dag.py:2280} INFO - Setting next_dagrun for example_short_circuit_operator to 2026-09-21 00:00:00+00:00
[2026-09-23 11:42:38,182] {scheduler_job.py:190} INFO - Processing /home/airflow/.local/lib/python3.6/site-packages/airflow/example_dags/example_short_circuit_operator.py took 0.081 seconds
[2026-09-23 11:43:08,664] {scheduler_job.py:182} INFO - Started process (PID=1117) to work on /home/airflow/.local/lib/python3.6/site-packages/airflow/example_dags/example_short_circuit_operator.py
[2026-09-23 11:43:08,666] {scheduler_job.py:629} INFO - Processing file /home/airflow/.local/lib/python3.6/site-packages/airflow/example_dags/example_short_circuit_operator.py for tasks to queue
[2026-09-23 11:43:08,667] {logging_mixin.py:104} INFO - [2026-09-23 11:43:08,667] {dagbag.py:451} INFO - Filling up the DagBag from /home/airflow/.local/lib/python3.6/site-packages/airflow/example_dags/example_short_circuit_operator.py
[2026-09-23 11:43:08,692] {scheduler_job.py:639} INFO - DAG(s) dict_keys(['example_short_circuit_operator']) retrieved from /home/airflow/.local/lib/python3.6/site-packages/airflow/example_dags/example_short_circuit_operator.py
[2026-09-23 11:43:08,732] {logging_mixin.py:104} INFO - [2026-09-23 11:43:08,731] {dag.py:1824} INFO - Sync 1 DAGs
[2026-09-23 11:43:08,761] {logging_mixin.py:104} INFO - [2026-09-23 11:43:08,761] {dag.py:2280} INFO - Setting next_dagrun for example_short_circuit_operator to 2026-09-21 00:00:00+00:00
[2026-09-23 11:43:08,779] {scheduler_job.py:190} INFO - Processing /home/airflow/.local/lib/python3.6/site-packages/airflow/example_dags/example_short_circuit_operator.py took 0.120 seconds
[2026-09-23 11:43:38,990] {scheduler_job.py:182} INFO - Started process (PID=1144) to work on /home/airflow/.local/lib/python3.6/site-packages/airflow/example_dags/example_short_circuit_operator.py
[2026-09-23 11:43:38,992] {scheduler_job.py:629} INFO - Processing file /home/airflow/.local/lib/python3.6/site-packages/airflow/example_dags/example_short_circuit_operator.py for tasks to queue
[2026-09-23 11:43:38,993] {logging_mixin.py:104} INFO - [2026-09-23 11:43:38,993] {dagbag.py:451} INFO - Filling up the DagBag from /home/airflow/.local/lib/python3.6/site-packages/airflow/example_dags/example_short_circuit_operator.py
[2026-09-23 11:43:39,010] {scheduler_job.py:639} INFO - DAG(s) dict_keys(['example_short_circuit_operator']) retrieved from /home/airflow/.local/lib/python3.6/site-packages/airflow/example_dags/example_short_circuit_operator.py
[2026-09-23 11:43:39,039] {logging_mixin.py:104} INFO - [2026-09-23 11:43:39,039] {dag.py:1824} INFO - Sync 1 DAGs
[2026-09-23 11:43:39,062] {logging_mixin.py:104} INFO - [2026-09-23 11:43:39,062] {dag.py:2280} INFO - Setting next_dagrun for example_short_circuit_operator to 2026-09-21 00:00:00+00:00
[2026-09-23 11:43:39,080] {scheduler_job.py:190} INFO - Processing /home/airflow/.local/lib/python3.6/site-packages/airflow/example_dags/example_short_circuit_operator.py took 0.094 seconds
[2026-09-23 11:44:10,104] {scheduler_job.py:182} INFO - Started process (PID=1170) to work on /home/airflow/.local/lib/python3.6/site-packages/airflow/example_dags/example_short_circuit_operator.py
[2026-09-23 11:44:10,106] {scheduler_job.py:629} INFO - Processing file /home/airflow/.local/lib/python3.6/site-packages/airflow/example_dags/example_short_circuit_operator.py for tasks to queue
[2026-09-23 11:44:10,106] {logging_mixin.py:104} INFO - [2026-09-23 11:44:10,106] {dagbag.py:451} INFO - Filling up the DagBag from /home/airflow/.local/lib/python3.6/site-packages/airflow/example_dags/example_short_circuit_operator.py
[2026-09-23 11:44:10,122] {scheduler_job.py:639} INFO - DAG(s) dict_keys(['example_short_circuit_operator']) retrieved from /home/airflow/.local/lib/python3.6/site-packages/airflow/example_dags/example_short_circuit_operator.py
[2026-09-23 11:44:10,150] {logging_mixin.py:104} INFO - [2026-09-23 11:44:10,150] {dag.py:1824} INFO - Sync 1 DAGs
[2026-09-23 11:44:10,169] {logging_mixin.py:104} INFO - [2026-09-23 11:44:10,169] {dag.py:2280} INFO - Setting next_dagrun for example_short_circuit_operator to 2026-09-21 00:00:00+00:00
[2026-09-23 11:44:10,182] {scheduler_job.py:190} INFO - Processing /home/airflow/.local/lib/python3.6/site-packages/airflow/example_dags/example_short_circuit_operator.py took 0.082 seconds
[2026-09-23 11:44:40,444] {scheduler_job.py:182} INFO - Started process (PID=1197) to work on /home/airflow/.local/lib/python3.6/site-packages/airflow/example_dags/example_short_circuit_operator.py
[2026-09-23 11:44:40,445] {scheduler_job.py:629} INFO - Processing file /home/airflow/.local/lib/python3.6/site-packages/airflow/example_dags/example_short_circuit_operator.py for tasks to queue
[2026-09-23 11:44:40,446] {logging_mixin.py:104} INFO - [2026-09-23 11:44:40,445] {dagbag.py:451} INFO - Filling up the DagBag from /home/airflow/.local/lib/python3.6/site-packages/airflow/example_dags/example_short_circuit_operator.py
[2026-09-23 11:44:40,461] {scheduler_job.py:639} INFO - DAG(s) dict_keys(['example_short_circuit_operator']) retrieved from /home/airflow/.local/lib/python3.6/site-packages/airflow/example_dags/example_short_circuit_operator.py
[2026-09-23 11:44:40,485] {logging_mixin.py:104} INFO - [2026-09-23 11:44:40,485] {dag.py:1824} INFO - Sync 1 DAGs
[2026-09-23 11:44:40,504] {logging_mixin.py:104} INFO - [2026-09-23 11:44:40,504] {dag.py:2280} INFO - Setting next_dagrun for example_short_circuit_operator to 2026-09-21 00:00:00+00:00
[2026-09-23 11:44:40,524] {scheduler_job.py:190} INFO - Processing /home/airflow/.local/lib/python3.6/site-packages/airflow/example_dags/example_short_circuit_operator.py took 0.084 seconds
[2026-09-23 11:45:10,836] {scheduler_job.py:182} INFO - Started process (PID=1224) to work on /home/airflow/.local/lib/python3.6/site-packages/airflow/example_dags/example_short_circuit_operator.py
[2026-09-23 11:45:10,838] {scheduler_job.py:629} INFO - Processing file /home/airflow/.local/lib/python3.6/site-packages/airflow/example_dags/example_short_circuit_operator.py for tasks to queue
[2026-09-23 11:45:10,839] {logging_mixin.py:104} INFO - [2026-09-23 11:45:10,839] {dagbag.py:451} INFO - Filling up the DagBag from /home/airflow/.local/lib/python3.6/site-packages/airflow/example_dags/example_short_circuit_operator.py
[2026-09-23 11:45:10,866] {scheduler_job.py:639} INFO - DAG(s) dict_keys(['example_short_circuit_operator']) retrieved from /home/airflow/.local/lib/python3.6/site-packages/airflow/example_dags/example_short_circuit_operator.py
[2026-09-23 11:45:10,905] {logging_mixin.py:104} INFO - [2026-09-23 11:45:10,905] {dag.py:1824} INFO - Sync 1 DAGs
[2026-09-23 11:45:10,942] {logging_mixin.py:104} INFO - [2026-09-23 11:45:10,942] {dag.py:2280} INFO - Setting next_dagrun for example_short_circuit_operator to 2026-09-21 00:00:00+00:00
[2026-09-23 11:45:10,964] {scheduler_job.py:190} INFO - Processing /home/airflow/.local/lib/python3.6/site-packages/airflow/example_dags/example_short_circuit_operator.py took 0.134 seconds
[2026-09-23 11:45:41,102] {scheduler_job.py:182} INFO - Started process (PID=1250) to work on /home/airflow/.local/lib/python3.6/site-packages/airflow/example_dags/example_short_circuit_operator.py
[2026-09-23 11:45:41,103] {scheduler_job.py:629} INFO - Processing file /home/airflow/.local/lib/python3.6/site-packages/airflow/example_dags/example_short_circuit_operator.py for tasks to queue
[2026-09-23 11:45:41,104] {logging_mixin.py:104} INFO - [2026-09-23 11:45:41,104] {dagbag.py:451} INFO - Filling up the DagBag from /home/airflow/.local/lib/python3.6/site-packages/airflow/example_dags/example_short_circuit_operator.py
[2026-09-23 11:45:41,121] {scheduler_job.py:639} INFO - DAG(s) dict_keys(['example_short_circuit_operator']) retrieved from /home/airflow/.local/lib/python3.6/site-packages/airflow/example_dags/example_short_circuit_operator.py
[2026-09-23 11:45:41,149] {logging_mixin.py:104} INFO - [2026-09-23 11:45:41,149] {dag.py:1824} INFO - Sync 1 DAGs
[2026-09-23 11:45:41,170] {logging_mixin.py:104} INFO - [2026-09-23 11:45:41,170] {dag.py:2280} INFO - Setting next_dagrun for example_short_circuit_operator to 2026-09-21 00:00:00+00:00
[2026-09-23 11:45:41,188] {scheduler_job.py:190} INFO - Processing /home/airflow/.local/lib/python3.6/site-packages/airflow/example_dags/example_short_circuit_operator.py took 0.090 seconds
[2026-09-23 11:46:11,261] {scheduler_job.py:182} INFO - Started process (PID=1276) to work on /home/airflow/.local/lib/python3.6/site-packages/airflow/example_dags/example_short_circuit_operator.py
[2026-09-23 11:46:11,262] {scheduler_job.py:629} INFO - Processing file /home/airflow/.local/lib/python3.6/site-packages/airflow/example_dags/example_short_circuit_operator.py for tasks to queue
[2026-09-23 11:46:11,262] {logging_mixin.py:104} INFO - [2026-09-23 11:46:11,262] {dagbag.py:451} INFO - Filling up the DagBag from /home/airflow/.local/lib/python3.6/site-packages/airflow/example_dags/example_short_circuit_operator.py
[2026-09-23 11:46:11,277] {scheduler_job.py:639} INFO - DAG(s) dict_keys(['example_short_circuit_operator']) retrieved from /home/airflow/.local/lib/python3.6/site-packages/airflow/example_dags/example_short_circuit_operator.py
[2026-09-23 11:46:11,300] {logging_mixin.py:104} INFO - [2026-09-23 11:46:11,299] {dag.py:1824} INFO - Sync 1 DAGs
[2026-09-23 11:46:11,317] {logging_mixin.py:104} INFO - [2026-09-23 11:46:11,317] {dag.py:2280} INFO - Setting next_dagrun for example_short_circuit_operator to 2026-09-21 00:00:00+00:00
[2026-09-23 11:46:11,332] {scheduler_job.py:190} INFO - Processing /home/airflow/.local/lib/python3.6/site-packages/airflow/example_dags/example_short_circuit_operator.py took 0.075 seconds
[2026-09-23 11:46:42,126] {scheduler_job.py:182} INFO - Started process (PID=1302) to work on /home/airflow/.local/lib/python3.6/site-packages/airflow/example_dags/example_short_circuit_operator.py
[2026-09-23 11:46:42,129] {scheduler_job.py:629} INFO - Processing file /home/airflow/.local/lib/python3.6/site-packages/airflow/example_dags/example_short_circuit_operator.py for tasks to queue
[2026-09-23 11:46:42,130] {logging_mixin.py:104} INFO - [2026-09-23 11:46:42,130] {dagbag.py:451} INFO - Filling up the DagBag from /home/airflow/.local/lib/python3.6/site-packages/airflow/example_dags/example_short_circuit_operator.py
[2026-09-23 11:46:42,158] {scheduler_job.py:639} INFO - DAG(s) dict_keys(['example_short_circuit_operator']) retrieved from /home/airflow/.local/lib/python3.6/site-packages/airflow/example_dags/example_short_circuit_operator.py
[2026-09-23 11:46:42,195] {logging_mixin.py:104} INFO - [2026-09-23 11:46:42,195] {dag.py:1824} INFO - Sync 1 DAGs
[2026-09-23 11:46:42,223] {logging_mixin.py:104} INFO - [2026-09-23 11:46:42,222] {dag.py:2280} INFO - Setting next_dagrun for example_short_circuit_operator to 2026-09-21 00:00:00+00:00
[2026-09-23 11:46:42,242] {scheduler_job.py:190} INFO - Processing /home/airflow/.local/lib/python3.6/site-packages/airflow/example_dags/example_short_circuit_operator.py took 0.122 seconds
[2026-09-23 11:47:12,956] {scheduler_job.py:182} INFO - Started process (PID=1328) to work on /home/airflow/.local/lib/python3.6/site-packages/airflow/example_dags/example_short_circuit_operator.py
[2026-09-23 11:47:12,958] {scheduler_job.py:629} INFO - Processing file /home/airflow/.local/lib/python3.6/site-packages/airflow/example_dags/example_short_circuit_operator.py for tasks to queue
[2026-09-23 11:47:12,959] {logging_mixin.py:104} INFO - [2026-09-23 11:47:12,959] {dagbag.py:451} INFO - Filling up the DagBag from /home/airflow/.local/lib/python3.6/site-packages/airflow/example_dags/example_short_circuit_operator.py
[2026-09-23 11:47:12,983] {scheduler_job.py:639} INFO - DAG(s) dict_keys(['example_short_circuit_operator']) retrieved from /home/airflow/.local/lib/python3.6/site-packages/airflow/example_dags/example_short_circuit_operator.py
[2026-09-23 11:47:13,014] {logging_mixin.py:104} INFO - [2026-09-23 11:47:13,014] {dag.py:1824} INFO - Sync 1 DAGs
[2026-09-23 11:47:13,042] {logging_mixin.py:104} INFO - [2026-09-23 11:47:13,041] {dag.py:2280} INFO - Setting next_dagrun for example_short_circuit_operator to 2026-09-21 00:00:00+00:00
[2026-09-23 11:47:13,054] {scheduler_job.py:190} INFO - Processing /home/airflow/.local/lib/python3.6/site-packages/airflow/example_dags/example_short_circuit_operator.py took 0.102 seconds
[2026-09-23 11:47:43,560] {scheduler_job.py:182} INFO - Started process (PID=1354) to work on /home/airflow/.local/lib/python3.6/site-packages/airflow/example_dags/example_short_circuit_operator.py
[2026-09-23 11:47:43,562] {scheduler_job.py:629} INFO - Processing file /home/airflow/.local/lib/python3.6/site-packages/airflow/example_dags/example_short_circuit_operator.py for tasks to queue
[2026-09-23 11:47:43,563] {logging_mixin.py:104} INFO - [2026-09-23 11:47:43,563] {dagbag.py:451} INFO - Filling up the DagBag from /home/airflow/.local/lib/python3.6/site-packages/airflow/example_dags/example_short_circuit_operator.py
[2026-09-23 11:47:43,597] {scheduler_job.py:639} INFO - DAG(s) dict_keys(['example_short_circuit_operator']) retrieved from /home/airflow/.local/lib/python3.6/site-packages/airflow/example_dags/example_short_circuit_operator.py
[2026-09-23 11:47:43,641] {logging_mixin.py:104} INFO - [2026-09-23 11:47:43,641] {dag.py:1824} INFO - Sync 1 DAGs
[2026-09-23 11:47:43,676] {logging_mixin.py:104} INFO - [2026-09-23 11:47:43,676] {dag.py:2280} INFO - Setting next_dagrun for example_short_circuit_operator to 2026-09-21 00:00:00+00:00
[2026-09-23 11:47:43,705] {scheduler_job.py:190} INFO - Processing /home/airflow/.local/lib/python3.6/site-packages/airflow/example_dags/example_short_circuit_operator.py took 0.152 seconds
[2026-09-23 11:48:13,893] {scheduler_job.py:182} INFO - Started process (PID=1380) to work on /home/airflow/.local/lib/python3.6/site-packages/airflow/example_dags/example_short_circuit_operator.py
[2026-09-23 11:48:13,894] {scheduler_job.py:629} INFO - Processing file /home/airflow/.local/lib/python3.6/site-packages/airflow/example_dags/example_short_circuit_operator.py for tasks to queue
[2026-09-23 11:48:13,895] {logging_mixin.py:104} INFO - [2026-09-23 11:48:13,895] {dagbag.py:451} INFO - Filling up the DagBag from /home/airflow/.local/lib/python3.6/site-packages/airflow/example_dags/example_short_circuit_operator.py
[2026-09-23 11:48:13,918] {scheduler_job.py:639} INFO - DAG(s) dict_keys(['example_short_circuit_operator']) retrieved from /home/airflow/.local/lib/python3.6/site-packages/airflow/example_dags/example_short_circuit_operator.py
[2026-09-23 11:48:13,952] {logging_mixin.py:104} INFO - [2026-09-23 11:48:13,952] {dag.py:1824} INFO - Sync 1 DAGs
[2026-09-23 11:48:13,977] {logging_mixin.py:104} INFO - [2026-09-23 11:48:13,977] {dag.py:2280} INFO - Setting next_dagrun for example_short_circuit_operator to 2026-09-21 00:00:00+00:00
[2026-09-23 11:48:13,993] {scheduler_job.py:190} INFO - Processing /home/airflow/.local/lib/python3.6/site-packages/airflow/example_dags/example_short_circuit_operator.py took 0.104 seconds
[2026-09-23 11:48:44,174] {scheduler_job.py:182} INFO - Started process (PID=1402) to work on /home/airflow/.local/lib/python3.6/site-packages/airflow/example_dags/example_short_circuit_operator.py
[2026-09-23 11:48:44,176] {scheduler_job.py:629} INFO - Processing file /home/airflow/.local/lib/python3.6/site-packages/airflow/example_dags/example_short_circuit_operator.py for tasks to queue
[2026-09-23 11:48:44,176] {logging_mixin.py:104} INFO - [2026-09-23 11:48:44,176] {dagbag.py:451} INFO - Filling up the DagBag from /home/airflow/.local/lib/python3.6/site-packages/airflow/example_dags/example_short_circuit_operator.py
[2026-09-23 11:48:44,194] {scheduler_job.py:639} INFO - DAG(s) dict_keys(['example_short_circuit_operator']) retrieved from /home/airflow/.local/lib/python3.6/site-packages/airflow/example_dags/example_short_circuit_operator.py
[2026-09-23 11:48:44,223] {logging_mixin.py:104} INFO - [2026-09-23 11:48:44,223] {dag.py:1824} INFO - Sync 1 DAGs
[2026-09-23 11:48:44,243] {logging_mixin.py:104} INFO - [2026-09-23 11:48:44,243] {dag.py:2280} INFO - Setting next_dagrun for example_short_circuit_operator to 2026-09-21 00:00:00+00:00
[2026-09-23 11:48:44,257] {scheduler_job.py:190} INFO - Processing /home/airflow/.local/lib/python3.6/site-packages/airflow/example_dags/example_short_circuit_operator.py took 0.087 seconds
[2026-09-23 11:49:14,904] {scheduler_job.py:182} INFO - Started process (PID=1428) to work on /home/airflow/.local/lib/python3.6/site-packages/airflow/example_dags/example_short_circuit_operator.py
[2026-09-23 11:49:14,911] {scheduler_job.py:629} INFO - Processing file /home/airflow/.local/lib/python3.6/site-packages/airflow/example_dags/example_short_circuit_operator.py for tasks to queue
[2026-09-23 11:49:14,913] {logging_mixin.py:104} INFO - [2026-09-23 11:49:14,913] {dagbag.py:451} INFO - Filling up the DagBag from /home/airflow/.local/lib/python3.6/site-packages/airflow/example_dags/example_short_circuit_operator.py
[2026-09-23 11:49:14,939] {scheduler_job.py:639} INFO - DAG(s) dict_keys(['example_short_circuit_operator']) retrieved from /home/airflow/.local/lib/python3.6/site-packages/airflow/example_dags/example_short_circuit_operator.py
[2026-09-23 11:49:14,980] {logging_mixin.py:104} INFO - [2026-09-23 11:49:14,979] {dag.py:1824} INFO - Sync 1 DAGs
[2026-09-23 11:49:15,011] {logging_mixin.py:104} INFO - [2026-09-23 11:49:15,010] {dag.py:2280} INFO - Setting next_dagrun for example_short_circuit_operator to 2026-09-21 00:00:00+00:00
[2026-09-23 11:49:15,031] {scheduler_job.py:190} INFO - Processing /home/airflow/.local/lib/python3.6/site-packages/airflow/example_dags/example_short_circuit_operator.py took 0.139 seconds
[2026-09-23 11:49:45,080] {scheduler_job.py:182} INFO - Started process (PID=1454) to work on /home/airflow/.local/lib/python3.6/site-packages/airflow/example_dags/example_short_circuit_operator.py
[2026-09-23 11:49:45,082] {scheduler_job.py:629} INFO - Processing file /home/airflow/.local/lib/python3.6/site-packages/airflow/example_dags/example_short_circuit_operator.py for tasks to queue
[2026-09-23 11:49:45,083] {logging_mixin.py:104} INFO - [2026-09-23 11:49:45,082] {dagbag.py:451} INFO - Filling up the DagBag from /home/airflow/.local/lib/python3.6/site-packages/airflow/example_dags/example_short_circuit_operator.py
[2026-09-23 11:49:45,099] {scheduler_job.py:639} INFO - DAG(s) dict_keys(['example_short_circuit_operator']) retrieved from /home/airflow/.local/lib/python3.6/site-packages/airflow/example_dags/example_short_circuit_operator.py
[2026-09-23 11:49:45,123] {logging_mixin.py:104} INFO - [2026-09-23 11:49:45,123] {dag.py:1824} INFO - Sync 1 DAGs
[2026-09-23 11:49:45,141] {logging_mixin.py:104} INFO - [2026-09-23 11:49:45,141] {dag.py:2280} INFO - Setting next_dagrun for example_short_circuit_operator to 2026-09-21 00:00:00+00:00
[2026-09-23 11:49:45,156] {scheduler_job.py:190} INFO - Processing /home/airflow/.local/lib/python3.6/site-packages/airflow/example_dags/example_short_circuit_operator.py took 0.080 seconds
[2026-09-23 11:50:16,040] {scheduler_job.py:182} INFO - Started process (PID=1480) to work on /home/airflow/.local/lib/python3.6/site-packages/airflow/example_dags/example_short_circuit_operator.py
[2026-09-23 11:50:16,043] {scheduler_job.py:629} INFO - Processing file /home/airflow/.local/lib/python3.6/site-packages/airflow/example_dags/example_short_circuit_operator.py for tasks to queue
[2026-09-23 11:50:16,044] {logging_mixin.py:104} INFO - [2026-09-23 11:50:16,044] {dagbag.py:451} INFO - Filling up the DagBag from /home/airflow/.local/lib/python3.6/site-packages/airflow/example_dags/example_short_circuit_operator.py
[2026-09-23 11:50:16,068] {scheduler_job.py:639} INFO - DAG(s) dict_keys(['example_short_circuit_operator']) retrieved from /home/airflow/.local/lib/python3.6/site-packages/airflow/example_dags/example_short_circuit_operator.py
[2026-09-23 11:50:16,115] {logging_mixin.py:104} INFO - [2026-09-23 11:50:16,115] {dag.py:1824} INFO - Sync 1 DAGs
[2026-09-23 11:50:16,149] {logging_mixin.py:104} INFO - [2026-09-23 11:50:16,149] {dag.py:2280} INFO - Setting next_dagrun for example_short_circuit_operator to 2026-09-21 00:00:00+00:00
[2026-09-23 11:50:16,172] {scheduler_job.py:190} INFO - Processing /home/airflow/.local/lib/python3.6/site-packages/airflow/example_dags/example_short_circuit_operator.py took 0.138 seconds
[2026-09-23 11:50:46,611] {scheduler_job.py:182} INFO - Started process (PID=1506) to work on /home/airflow/.local/lib/python3.6/site-packages/airflow/example_dags/example_short_circuit_operator.py
[2026-09-23 11:50:46,612] {scheduler_job.py:629} INFO - Processing file /home/airflow/.local/lib/python3.6/site-packages/airflow/example_dags/example_short_circuit_operator.py for tasks to queue
[2026-09-23 11:50:46,613] {logging_mixin.py:104} INFO - [2026-09-23 11:50:46,613] {dagbag.py:451} INFO - Filling up the DagBag from /home/airflow/.local/lib/python3.6/site-packages/airflow/example_dags/example_short_circuit_operator.py
[2026-09-23 11:50:46,630] {scheduler_job.py:639} INFO - DAG(s) dict_keys(['example_short_circuit_operator']) retrieved from /home/airflow/.local/lib/python3.6/site-packages/airflow/example_dags/example_short_circuit_operator.py
[2026-09-23 11:50:46,664] {logging_mixin.py:104} INFO - [2026-09-23 11:50:46,664] {dag.py:1824} INFO - Sync 1 DAGs
[2026-09-23 11:50:46,690] {logging_mixin.py:104} INFO - [2026-09-23 11:50:46,690] {dag.py:2280} INFO - Setting next_dagrun for example_short_circuit_operator to 2026-09-21 00:00:00+00:00
[2026-09-23 11:50:46,709] {scheduler_job.py:190} INFO - Processing /home/airflow/.local/lib/python3.6/site-packages/airflow/example_dags/example_short_circuit_operator.py took 0.102 seconds
[2026-09-23 11:51:17,584] {scheduler_job.py:182} INFO - Started process (PID=1532) to work on /home/airflow/.local/lib/python3.6/site-packages/airflow/example_dags/example_short_circuit_operator.py
[2026-09-23 11:51:17,586] {scheduler_job.py:629} INFO - Processing file /home/airflow/.local/lib/python3.6/site-packages/airflow/example_dags/example_short_circuit_operator.py for tasks to queue
[2026-09-23 11:51:17,587] {logging_mixin.py:104} INFO - [2026-09-23 11:51:17,587] {dagbag.py:451} INFO - Filling up the DagBag from /home/airflow/.local/lib/python3.6/site-packages/airflow/example_dags/example_short_circuit_operator.py
[2026-09-23 11:51:17,610] {scheduler_job.py:639} INFO - DAG(s) dict_keys(['example_short_circuit_operator']) retrieved from /home/airflow/.local/lib/python3.6/site-packages/airflow/example_dags/example_short_circuit_operator.py
[2026-09-23 11:51:17,648] {logging_mixin.py:104} INFO - [2026-09-23 11:51:17,648] {dag.py:1824} INFO - Sync 1 DAGs
[2026-09-23 11:51:17,679] {logging_mixin.py:104} INFO - [2026-09-23 11:51:17,679] {dag.py:2280} INFO - Setting next_dagrun for example_short_circuit_operator to 2026-09-21 00:00:00+00:00
[2026-09-23 11:51:17,701] {scheduler_job.py:190} INFO - Processing /home/airflow/.local/lib/python3.6/site-packages/airflow/example_dags/example_short_circuit_operator.py took 0.121 seconds
[2026-09-23 11:51:48,450] {scheduler_job.py:182} INFO - Started process (PID=1558) to work on /home/airflow/.local/lib/python3.6/site-packages/airflow/example_dags/example_short_circuit_operator.py
[2026-09-23 11:51:48,452] {scheduler_job.py:629} INFO - Processing file /home/airflow/.local/lib/python3.6/site-packages/airflow/example_dags/example_short_circuit_operator.py for tasks to queue
[2026-09-23 11:51:48,453] {logging_mixin.py:104} INFO - [2026-09-23 11:51:48,453] {dagbag.py:451} INFO - Filling up the DagBag from /home/airflow/.local/lib/python3.6/site-packages/airflow/example_dags/example_short_circuit_operator.py
[2026-09-23 11:51:48,473] {scheduler_job.py:639} INFO - DAG(s) dict_keys(['example_short_circuit_operator']) retrieved from /home/airflow/.local/lib/python3.6/site-packages/airflow/example_dags/example_short_circuit_operator.py
[2026-09-23 11:51:48,503] {logging_mixin.py:104} INFO - [2026-09-23 11:51:48,503] {dag.py:1824} INFO - Sync 1 DAGs
[2026-09-23 11:51:48,527] {logging_mixin.py:104} INFO - [2026-09-23 11:51:48,526] {dag.py:2280} INFO - Setting next_dagrun for example_short_circuit_operator to 2026-09-21 00:00:00+00:00
[2026-09-23 11:51:48,542] {scheduler_job.py:190} INFO - Processing /home/airflow/.local/lib/python3.6/site-packages/airflow/example_dags/example_short_circuit_operator.py took 0.097 seconds
[2026-09-23 11:52:19,645] {scheduler_job.py:182} INFO - Started process (PID=1584) to work on /home/airflow/.local/lib/python3.6/site-packages/airflow/example_dags/example_short_circuit_operator.py
[2026-09-23 11:52:19,648] {scheduler_job.py:629} INFO - Processing file /home/airflow/.local/lib/python3.6/site-packages/airflow/example_dags/example_short_circuit_operator.py for tasks to queue
[2026-09-23 11:52:19,649] {logging_mixin.py:104} INFO - [2026-09-23 11:52:19,649] {dagbag.py:451} INFO - Filling up the DagBag from /home/airflow/.local/lib/python3.6/site-packages/airflow/example_dags/example_short_circuit_operator.py
[2026-09-23 11:52:19,676] {scheduler_job.py:639} INFO - DAG(s) dict_keys(['example_short_circuit_operator']) retrieved from /home/airflow/.local/lib/python3.6/site-packages/airflow/example_dags/example_short_circuit_operator.py
[2026-09-23 11:52:19,716] {logging_mixin.py:104} INFO - [2026-09-23 11:52:19,715] {dag.py:1824} INFO - Sync 1 DAGs
[2026-09-23 11:52:19,752] {logging_mixin.py:104} INFO - [2026-09-23 11:52:19,752] {dag.py:2280} INFO - Setting next_dagrun for example_short_circuit_operator to 2026-09-21 00:00:00+00:00
[2026-09-23 11:52:19,773] {scheduler_job.py:190} INFO - Processing /home/airflow/.local/lib/python3.6/site-packages/airflow/example_dags/example_short_circuit_operator.py took 0.136 seconds
[2026-09-23 11:52:49,827] {scheduler_job.py:182} INFO - Started process (PID=1610) to work on /home/airflow/.local/lib/python3.6/site-packages/airflow/example_dags/example_short_circuit_operator.py
[2026-09-23 11:52:49,829] {scheduler_job.py:629} INFO - Processing file /home/airflow/.local/lib/python3.6/site-packages/airflow/example_dags/example_short_circuit_operator.py for tasks to queue
[2026-09-23 11:52:49,830] {logging_mixin.py:104} INFO - [2026-09-23 11:52:49,830] {dagbag.py:451} INFO - Filling up the DagBag from /home/airflow/.local/lib/python3.6/site-packages/airflow/example_dags/example_short_circuit_operator.py
[2026-09-23 11:52:49,850] {scheduler_job.py:639} INFO - DAG(s) dict_keys(['example_short_circuit_operator']) retrieved from /home/airflow/.local/lib/python3.6/site-packages/airflow/example_dags/example_short_circuit_operator.py
[2026-09-23 11:52:49,890] {logging_mixin.py:104} INFO - [2026-09-23 11:52:49,890] {dag.py:1824} INFO - Sync 1 DAGs
[2026-09-23 11:52:49,922] {logging_mixin.py:104} INFO - [2026-09-23 11:52:49,922] {dag.py:2280} INFO - Setting next_dagrun for example_short_circuit_operator to 2026-09-21 00:00:00+00:00
[2026-09-23 11:52:49,943] {scheduler_job.py:190} INFO - Processing /home/airflow/.local/lib/python3.6/site-packages/airflow/example_dags/example_short_circuit_operator.py took 0.120 seconds
[2026-09-23 11:53:20,165] {scheduler_job.py:182} INFO - Started process (PID=1636) to work on /home/airflow/.local/lib/python3.6/site-packages/airflow/example_dags/example_short_circuit_operator.py
[2026-09-23 11:53:20,167] {scheduler_job.py:629} INFO - Processing file /home/airflow/.local/lib/python3.6/site-packages/airflow/example_dags/example_short_circuit_operator.py for tasks to queue
[2026-09-23 11:53:20,169] {logging_mixin.py:104} INFO - [2026-09-23 11:53:20,168] {dagbag.py:451} INFO - Filling up the DagBag from /home/airflow/.local/lib/python3.6/site-packages/airflow/example_dags/example_short_circuit_operator.py
[2026-09-23 11:53:20,196] {scheduler_job.py:639} INFO - DAG(s) dict_keys(['example_short_circuit_operator']) retrieved from /home/airflow/.local/lib/python3.6/site-packages/airflow/example_dags/example_short_circuit_operator.py
[2026-09-23 11:53:20,234] {logging_mixin.py:104} INFO - [2026-09-23 11:53:20,234] {dag.py:1824} INFO - Sync 1 DAGs
[2026-09-23 11:53:20,263] {logging_mixin.py:104} INFO - [2026-09-23 11:53:20,263] {dag.py:2280} INFO - Setting next_dagrun for example_short_circuit_operator to 2026-09-21 00:00:00+00:00
[2026-09-23 11:53:20,287] {scheduler_job.py:190} INFO - Processing /home/airflow/.local/lib/python3.6/site-packages/airflow/example_dags/example_short_circuit_operator.py took 0.127 seconds
[2026-09-23 11:53:51,330] {scheduler_job.py:182} INFO - Started process (PID=1665) to work on /home/airflow/.local/lib/python3.6/site-packages/airflow/example_dags/example_short_circuit_operator.py
[2026-09-23 11:53:51,331] {scheduler_job.py:629} INFO - Processing file /home/airflow/.local/lib/python3.6/site-packages/airflow/example_dags/example_short_circuit_operator.py for tasks to queue
[2026-09-23 11:53:51,333] {logging_mixin.py:104} INFO - [2026-09-23 11:53:51,332] {dagbag.py:451} INFO - Filling up the DagBag from /home/airflow/.local/lib/python3.6/site-packages/airflow/example_dags/example_short_circuit_operator.py
[2026-09-23 11:53:51,359] {scheduler_job.py:639} INFO - DAG(s) dict_keys(['example_short_circuit_operator']) retrieved from /home/airflow/.local/lib/python3.6/site-packages/airflow/example_dags/example_short_circuit_operator.py
[2026-09-23 11:53:51,392] {logging_mixin.py:104} INFO - [2026-09-23 11:53:51,392] {dag.py:1824} INFO - Sync 1 DAGs
[2026-09-23 11:53:51,425] {logging_mixin.py:104} INFO - [2026-09-23 11:53:51,424] {dag.py:2280} INFO - Setting next_dagrun for example_short_circuit_operator to 2026-09-21 00:00:00+00:00
[2026-09-23 11:53:51,448] {scheduler_job.py:190} INFO - Processing /home/airflow/.local/lib/python3.6/site-packages/airflow/example_dags/example_short_circuit_operator.py took 0.124 seconds
[2026-09-23 11:54:22,376] {scheduler_job.py:182} INFO - Started process (PID=1691) to work on /home/airflow/.local/lib/python3.6/site-packages/airflow/example_dags/example_short_circuit_operator.py
[2026-09-23 11:54:22,379] {scheduler_job.py:629} INFO - Processing file /home/airflow/.local/lib/python3.6/site-packages/airflow/example_dags/example_short_circuit_operator.py for tasks to queue
[2026-09-23 11:54:22,381] {logging_mixin.py:104} INFO - [2026-09-23 11:54:22,381] {dagbag.py:451} INFO - Filling up the DagBag from /home/airflow/.local/lib/python3.6/site-packages/airflow/example_dags/example_short_circuit_operator.py
[2026-09-23 11:54:22,407] {scheduler_job.py:639} INFO - DAG(s) dict_keys(['example_short_circuit_operator']) retrieved from /home/airflow/.local/lib/python3.6/site-packages/airflow/example_dags/example_short_circuit_operator.py
[2026-09-23 11:54:22,450] {logging_mixin.py:104} INFO - [2026-09-23 11:54:22,450] {dag.py:1824} INFO - Sync 1 DAGs
[2026-09-23 11:54:22,491] {logging_mixin.py:104} INFO - [2026-09-23 11:54:22,490] {dag.py:2280} INFO - Setting next_dagrun for example_short_circuit_operator to 2026-09-21 00:00:00+00:00
[2026-09-23 11:54:22,509] {scheduler_job.py:190} INFO - Processing /home/airflow/.local/lib/python3.6/site-packages/airflow/example_dags/example_short_circuit_operator.py took 0.139 seconds
[2026-09-23 11:54:52,568] {scheduler_job.py:182} INFO - Started process (PID=1718) to work on /home/airflow/.local/lib/python3.6/site-packages/airflow/example_dags/example_short_circuit_operator.py
[2026-09-23 11:54:52,570] {scheduler_job.py:629} INFO - Processing file /home/airflow/.local/lib/python3.6/site-packages/airflow/example_dags/example_short_circuit_operator.py for tasks to queue
[2026-09-23 11:54:52,571] {logging_mixin.py:104} INFO - [2026-09-23 11:54:52,571] {dagbag.py:451} INFO - Filling up the DagBag from /home/airflow/.local/lib/python3.6/site-packages/airflow/example_dags/example_short_circuit_operator.py
[2026-09-23 11:54:52,594] {scheduler_job.py:639} INFO - DAG(s) dict_keys(['example_short_circuit_operator']) retrieved from /home/airflow/.local/lib/python3.6/site-packages/airflow/example_dags/example_short_circuit_operator.py
[2026-09-23 11:54:52,628] {logging_mixin.py:104} INFO - [2026-09-23 11:54:52,628] {dag.py:1824} INFO - Sync 1 DAGs
[2026-09-23 11:54:52,658] {logging_mixin.py:104} INFO - [2026-09-23 11:54:52,658] {dag.py:2280} INFO - Setting next_dagrun for example_short_circuit_operator to 2026-09-21 00:00:00+00:00
[2026-09-23 11:54:52,677] {scheduler_job.py:190} INFO - Processing /home/airflow/.local/lib/python3.6/site-packages/airflow/example_dags/example_short_circuit_operator.py took 0.114 seconds
[2026-09-23 11:55:23,594] {scheduler_job.py:182} INFO - Started process (PID=1744) to work on /home/airflow/.local/lib/python3.6/site-packages/airflow/example_dags/example_short_circuit_operator.py
[2026-09-23 11:55:23,595] {scheduler_job.py:629} INFO - Processing file /home/airflow/.local/lib/python3.6/site-packages/airflow/example_dags/example_short_circuit_operator.py for tasks to queue
[2026-09-23 11:55:23,596] {logging_mixin.py:104} INFO - [2026-09-23 11:55:23,596] {dagbag.py:451} INFO - Filling up the DagBag from /home/airflow/.local/lib/python3.6/site-packages/airflow/example_dags/example_short_circuit_operator.py
[2026-09-23 11:55:23,614] {scheduler_job.py:639} INFO - DAG(s) dict_keys(['example_short_circuit_operator']) retrieved from /home/airflow/.local/lib/python3.6/site-packages/airflow/example_dags/example_short_circuit_operator.py
[2026-09-23 11:55:23,638] {logging_mixin.py:104} INFO - [2026-09-23 11:55:23,638] {dag.py:1824} INFO - Sync 1 DAGs
[2026-09-23 11:55:23,655] {logging_mixin.py:104} INFO - [2026-09-23 11:55:23,655] {dag.py:2280} INFO - Setting next_dagrun for example_short_circuit_operator to 2026-09-21 00:00:00+00:00
[2026-09-23 11:55:23,671] {scheduler_job.py:190} INFO - Processing /home/airflow/.local/lib/python3.6/site-packages/airflow/example_dags/example_short_circuit_operator.py took 0.082 seconds
[2026-09-23 11:55:54,308] {scheduler_job.py:182} INFO - Started process (PID=1770) to work on /home/airflow/.local/lib/python3.6/site-packages/airflow/example_dags/example_short_circuit_operator.py
[2026-09-23 11:55:54,309] {scheduler_job.py:629} INFO - Processing file /home/airflow/.local/lib/python3.6/site-packages/airflow/example_dags/example_short_circuit_operator.py for tasks to queue
[2026-09-23 11:55:54,310] {logging_mixin.py:104} INFO - [2026-09-23 11:55:54,310] {dagbag.py:451} INFO - Filling up the DagBag from /home/airflow/.local/lib/python3.6/site-packages/airflow/example_dags/example_short_circuit_operator.py
[2026-09-23 11:55:54,332] {scheduler_job.py:639} INFO - DAG(s) dict_keys(['example_short_circuit_operator']) retrieved from /home/airflow/.local/lib/python3.6/site-packages/airflow/example_dags/example_short_circuit_operator.py
[2026-09-23 11:55:54,361] {logging_mixin.py:104} INFO - [2026-09-23 11:55:54,360] {dag.py:1824} INFO - Sync 1 DAGs
[2026-09-23 11:55:54,384] {logging_mixin.py:104} INFO - [2026-09-23 11:55:54,384] {dag.py:2280} INFO - Setting next_dagrun for example_short_circuit_operator to 2026-09-21 00:00:00+00:00
[2026-09-23 11:55:54,402] {scheduler_job.py:190} INFO - Processing /home/airflow/.local/lib/python3.6/site-packages/airflow/example_dags/example_short_circuit_operator.py took 0.099 seconds
[2026-09-23 11:56:25,198] {scheduler_job.py:182} INFO - Started process (PID=1796) to work on /home/airflow/.local/lib/python3.6/site-packages/airflow/example_dags/example_short_circuit_operator.py
[2026-09-23 11:56:25,199] {scheduler_job.py:629} INFO - Processing file /home/airflow/.local/lib/python3.6/site-packages/airflow/example_dags/example_short_circuit_operator.py for tasks to queue
[2026-09-23 11:56:25,200] {logging_mixin.py:104} INFO - [2026-09-23 11:56:25,200] {dagbag.py:451} INFO - Filling up the DagBag from /home/airflow/.local/lib/python3.6/site-packages/airflow/example_dags/example_short_circuit_operator.py
[2026-09-23 11:56:25,220] {scheduler_job.py:639} INFO - DAG(s) dict_keys(['example_short_circuit_operator']) retrieved from /home/airflow/.local/lib/python3.6/site-packages/airflow/example_dags/example_short_circuit_operator.py
[2026-09-23 11:56:25,251] {logging_mixin.py:104} INFO - [2026-09-23 11:56:25,251] {dag.py:1824} INFO - Sync 1 DAGs
[2026-09-23 11:56:25,276] {logging_mixin.py:104} INFO - [2026-09-23 11:56:25,276] {dag.py:2280} INFO - Setting next_dagrun for example_short_circuit_operator to 2026-09-21 00:00:00+00:00
[2026-09-23 11:56:25,296] {scheduler_job.py:190} INFO - Processing /home/airflow/.local/lib/python3.6/site-packages/airflow/example_dags/example_short_circuit_operator.py took 0.103 seconds
[2026-09-23 11:56:55,785] {scheduler_job.py:182} INFO - Started process (PID=1822) to work on /home/airflow/.local/lib/python3.6/site-packages/airflow/example_dags/example_short_circuit_operator.py
[2026-09-23 11:56:55,787] {scheduler_job.py:629} INFO - Processing file /home/airflow/.local/lib/python3.6/site-packages/airflow/example_dags/example_short_circuit_operator.py for tasks to queue
[2026-09-23 11:56:55,788] {logging_mixin.py:104} INFO - [2026-09-23 11:56:55,788] {dagbag.py:451} INFO - Filling up the DagBag from /home/airflow/.local/lib/python3.6/site-packages/airflow/example_dags/example_short_circuit_operator.py
[2026-09-23 11:56:55,814] {scheduler_job.py:639} INFO - DAG(s) dict_keys(['example_short_circuit_operator']) retrieved from /home/airflow/.local/lib/python3.6/site-packages/airflow/example_dags/example_short_circuit_operator.py
[2026-09-23 11:56:55,847] {logging_mixin.py:104} INFO - [2026-09-23 11:56:55,846] {dag.py:1824} INFO - Sync 1 DAGs
[2026-09-23 11:56:55,870] {logging_mixin.py:104} INFO - [2026-09-23 11:56:55,870] {dag.py:2280} INFO - Setting next_dagrun for example_short_circuit_operator to 2026-09-21 00:00:00+00:00
[2026-09-23 11:56:55,885] {scheduler_job.py:190} INFO - Processing /home/airflow/.local/lib/python3.6/site-packages/airflow/example_dags/example_short_circuit_operator.py took 0.106 seconds
[2026-09-23 11:57:26,303] {scheduler_job.py:182} INFO - Started process (PID=1848) to work on /home/airflow/.local/lib/python3.6/site-packages/airflow/example_dags/example_short_circuit_operator.py
[2026-09-23 11:57:26,304] {scheduler_job.py:629} INFO - Processing file /home/airflow/.local/lib/python3.6/site-packages/airflow/example_dags/example_short_circuit_operator.py for tasks to queue
[2026-09-23 11:57:26,305] {logging_mixin.py:104} INFO - [2026-09-23 11:57:26,305] {dagbag.py:451} INFO - Filling up the DagBag from /home/airflow/.local/lib/python3.6/site-packages/airflow/example_dags/example_short_circuit_operator.py
[2026-09-23 11:57:26,321] {scheduler_job.py:639} INFO - DAG(s) dict_keys(['example_short_circuit_operator']) retrieved from /home/airflow/.local/lib/python3.6/site-packages/airflow/example_dags/example_short_circuit_operator.py
[2026-09-23 11:57:26,345] {logging_mixin.py:104} INFO - [2026-09-23 11:57:26,345] {dag.py:1824} INFO - Sync 1 DAGs
[2026-09-23 11:57:26,364] {logging_mixin.py:104} INFO - [2026-09-23 11:57:26,364] {dag.py:2280} INFO - Setting next_dagrun for example_short_circuit_operator to 2026-09-21 00:00:00+00:00
[2026-09-23 11:57:26,377] {scheduler_job.py:190} INFO - Processing /home/airflow/.local/lib/python3.6/site-packages/airflow/example_dags/example_short_circuit_operator.py took 0.079 seconds
[2026-09-23 11:57:57,269] {scheduler_job.py:182} INFO - Started process (PID=1874) to work on /home/airflow/.local/lib/python3.6/site-packages/airflow/example_dags/example_short_circuit_operator.py
[2026-09-23 11:57:57,271] {scheduler_job.py:629} INFO - Processing file /home/airflow/.local/lib/python3.6/site-packages/airflow/example_dags/example_short_circuit_operator.py for tasks to queue
[2026-09-23 11:57:57,272] {logging_mixin.py:104} INFO - [2026-09-23 11:57:57,272] {dagbag.py:451} INFO - Filling up the DagBag from /home/airflow/.local/lib/python3.6/site-packages/airflow/example_dags/example_short_circuit_operator.py
[2026-09-23 11:57:57,299] {scheduler_job.py:639} INFO - DAG(s) dict_keys(['example_short_circuit_operator']) retrieved from /home/airflow/.local/lib/python3.6/site-packages/airflow/example_dags/example_short_circuit_operator.py
[2026-09-23 11:57:57,337] {logging_mixin.py:104} INFO - [2026-09-23 11:57:57,337] {dag.py:1824} INFO - Sync 1 DAGs
[2026-09-23 11:57:57,378] {logging_mixin.py:104} INFO - [2026-09-23 11:57:57,378] {dag.py:2280} INFO - Setting next_dagrun for example_short_circuit_operator to 2026-09-21 00:00:00+00:00
[2026-09-23 11:57:57,396] {scheduler_job.py:190} INFO - Processing /home/airflow/.local/lib/python3.6/site-packages/airflow/example_dags/example_short_circuit_operator.py took 0.133 seconds
[2026-09-23 11:58:27,553] {scheduler_job.py:182} INFO - Started process (PID=1900) to work on /home/airflow/.local/lib/python3.6/site-packages/airflow/example_dags/example_short_circuit_operator.py
[2026-09-23 11:58:27,555] {scheduler_job.py:629} INFO - Processing file /home/airflow/.local/lib/python3.6/site-packages/airflow/example_dags/example_short_circuit_operator.py for tasks to queue
[2026-09-23 11:58:27,556] {logging_mixin.py:104} INFO - [2026-09-23 11:58:27,556] {dagbag.py:451} INFO - Filling up the DagBag from /home/airflow/.local/lib/python3.6/site-packages/airflow/example_dags/example_short_circuit_operator.py
[2026-09-23 11:58:27,579] {scheduler_job.py:639} INFO - DAG(s) dict_keys(['example_short_circuit_operator']) retrieved from /home/airflow/.local/lib/python3.6/site-packages/airflow/example_dags/example_short_circuit_operator.py
[2026-09-23 11:58:27,625] {logging_mixin.py:104} INFO - [2026-09-23 11:58:27,625] {dag.py:1824} INFO - Sync 1 DAGs
[2026-09-23 11:58:27,651] {logging_mixin.py:104} INFO - [2026-09-23 11:58:27,651] {dag.py:2280} INFO - Setting next_dagrun for example_short_circuit_operator to 2026-09-21 00:00:00+00:00
[2026-09-23 11:58:27,667] {scheduler_job.py:190} INFO - Processing /home/airflow/.local/lib/python3.6/site-packages/airflow/example_dags/example_short_circuit_operator.py took 0.121 seconds
[2026-09-23 11:58:57,691] {scheduler_job.py:182} INFO - Started process (PID=1926) to work on /home/airflow/.local/lib/python3.6/site-packages/airflow/example_dags/example_short_circuit_operator.py
[2026-09-23 11:58:57,692] {scheduler_job.py:629} INFO - Processing file /home/airflow/.local/lib/python3.6/site-packages/airflow/example_dags/example_short_circuit_operator.py for tasks to queue
[2026-09-23 11:58:57,693] {logging_mixin.py:104} INFO - [2026-09-23 11:58:57,693] {dagbag.py:451} INFO - Filling up the DagBag from /home/airflow/.local/lib/python3.6/site-packages/airflow/example_dags/example_short_circuit_operator.py
[2026-09-23 11:58:57,711] {scheduler_job.py:639} INFO - DAG(s) dict_keys(['example_short_circuit_operator']) retrieved from /home/airflow/.local/lib/python3.6/site-packages/airflow/example_dags/example_short_circuit_operator.py
[2026-09-23 11:58:57,743] {logging_mixin.py:104} INFO - [2026-09-23 11:58:57,743] {dag.py:1824} INFO - Sync 1 DAGs
[2026-09-23 11:58:57,775] {logging_mixin.py:104} INFO - [2026-09-23 11:58:57,775] {dag.py:2280} INFO - Setting next_dagrun for example_short_circuit_operator to 2026-09-21 00:00:00+00:00
[2026-09-23 11:58:57,792] {scheduler_job.py:190} INFO - Processing /home/airflow/.local/lib/python3.6/site-packages/airflow/example_dags/example_short_circuit_operator.py took 0.106 seconds
[2026-09-23 11:59:28,863] {scheduler_job.py:182} INFO - Started process (PID=1952) to work on /home/airflow/.local/lib/python3.6/site-packages/airflow/example_dags/example_short_circuit_operator.py
[2026-09-23 11:59:28,865] {scheduler_job.py:629} INFO - Processing file /home/airflow/.local/lib/python3.6/site-packages/airflow/example_dags/example_short_circuit_operator.py for tasks to queue
[2026-09-23 11:59:28,866] {logging_mixin.py:104} INFO - [2026-09-23 11:59:28,866] {dagbag.py:451} INFO - Filling up the DagBag from /home/airflow/.local/lib/python3.6/site-packages/airflow/example_dags/example_short_circuit_operator.py
[2026-09-23 11:59:28,881] {scheduler_job.py:639} INFO - DAG(s) dict_keys(['example_short_circuit_operator']) retrieved from /home/airflow/.local/lib/python3.6/site-packages/airflow/example_dags/example_short_circuit_operator.py
[2026-09-23 11:59:28,907] {logging_mixin.py:104} INFO - [2026-09-23 11:59:28,907] {dag.py:1824} INFO - Sync 1 DAGs
[2026-09-23 11:59:28,936] {logging_mixin.py:104} INFO - [2026-09-23 11:59:28,936] {dag.py:2280} INFO - Setting next_dagrun for example_short_circuit_operator to 2026-09-21 00:00:00+00:00
[2026-09-23 11:59:28,950] {scheduler_job.py:190} INFO - Processing /home/airflow/.local/lib/python3.6/site-packages/airflow/example_dags/example_short_circuit_operator.py took 0.091 seconds
[2026-09-23 11:59:59,515] {scheduler_job.py:182} INFO - Started process (PID=1978) to work on /home/airflow/.local/lib/python3.6/site-packages/airflow/example_dags/example_short_circuit_operator.py
[2026-09-23 11:59:59,516] {scheduler_job.py:629} INFO - Processing file /home/airflow/.local/lib/python3.6/site-packages/airflow/example_dags/example_short_circuit_operator.py for tasks to queue
[2026-09-23 11:59:59,517] {logging_mixin.py:104} INFO - [2026-09-23 11:59:59,517] {dagbag.py:451} INFO - Filling up the DagBag from /home/airflow/.local/lib/python3.6/site-packages/airflow/example_dags/example_short_circuit_operator.py
[2026-09-23 11:59:59,533] {scheduler_job.py:639} INFO - DAG(s) dict_keys(['example_short_circuit_operator']) retrieved from /home/airflow/.local/lib/python3.6/site-packages/airflow/example_dags/example_short_circuit_operator.py
[2026-09-23 11:59:59,556] {logging_mixin.py:104} INFO - [2026-09-23 11:59:59,556] {dag.py:1824} INFO - Sync 1 DAGs
[2026-09-23 11:59:59,575] {logging_mixin.py:104} INFO - [2026-09-23 11:59:59,574] {dag.py:2280} INFO - Setting next_dagrun for example_short_circuit_operator to 2026-09-21 00:00:00+00:00
[2026-09-23 11:59:59,591] {scheduler_job.py:190} INFO - Processing /home/airflow/.local/lib/python3.6/site-packages/airflow/example_dags/example_short_circuit_operator.py took 0.080 seconds
[2026-09-23 12:00:30,145] {scheduler_job.py:182} INFO - Started process (PID=2004) to work on /home/airflow/.local/lib/python3.6/site-packages/airflow/example_dags/example_short_circuit_operator.py
[2026-09-23 12:00:30,146] {scheduler_job.py:629} INFO - Processing file /home/airflow/.local/lib/python3.6/site-packages/airflow/example_dags/example_short_circuit_operator.py for tasks to queue
[2026-09-23 12:00:30,147] {logging_mixin.py:104} INFO - [2026-09-23 12:00:30,147] {dagbag.py:451} INFO - Filling up the DagBag from /home/airflow/.local/lib/python3.6/site-packages/airflow/example_dags/example_short_circuit_operator.py
[2026-09-23 12:00:30,163] {scheduler_job.py:639} INFO - DAG(s) dict_keys(['example_short_circuit_operator']) retrieved from /home/airflow/.local/lib/python3.6/site-packages/airflow/example_dags/example_short_circuit_operator.py
[2026-09-23 12:00:30,186] {logging_mixin.py:104} INFO - [2026-09-23 12:00:30,186] {dag.py:1824} INFO - Sync 1 DAGs
[2026-09-23 12:00:30,205] {logging_mixin.py:104} INFO - [2026-09-23 12:00:30,205] {dag.py:2280} INFO - Setting next_dagrun for example_short_circuit_operator to 2026-09-21 00:00:00+00:00
[2026-09-23 12:00:30,218] {scheduler_job.py:190} INFO - Processing /home/airflow/.local/lib/python3.6/site-packages/airflow/example_dags/example_short_circuit_operator.py took 0.077 seconds
[2026-09-23 12:01:00,647] {scheduler_job.py:182} INFO - Started process (PID=2030) to work on /home/airflow/.local/lib/python3.6/site-packages/airflow/example_dags/example_short_circuit_operator.py
[2026-09-23 12:01:00,648] {scheduler_job.py:629} INFO - Processing file /home/airflow/.local/lib/python3.6/site-packages/airflow/example_dags/example_short_circuit_operator.py for tasks to queue
[2026-09-23 12:01:00,649] {logging_mixin.py:104} INFO - [2026-09-23 12:01:00,649] {dagbag.py:451} INFO - Filling up the DagBag from /home/airflow/.local/lib/python3.6/site-packages/airflow/example_dags/example_short_circuit_operator.py
[2026-09-23 12:01:00,666] {scheduler_job.py:639} INFO - DAG(s) dict_keys(['example_short_circuit_operator']) retrieved from /home/airflow/.local/lib/python3.6/site-packages/airflow/example_dags/example_short_circuit_operator.py
[2026-09-23 12:01:00,695] {logging_mixin.py:104} INFO - [2026-09-23 12:01:00,695] {dag.py:1824} INFO - Sync 1 DAGs
[2026-09-23 12:01:00,715] {logging_mixin.py:104} INFO - [2026-09-23 12:01:00,715] {dag.py:2280} INFO - Setting next_dagrun for example_short_circuit_operator to 2026-09-21 00:00:00+00:00
[2026-09-23 12:01:00,729] {scheduler_job.py:190} INFO - Processing /home/airflow/.local/lib/python3.6/site-packages/airflow/example_dags/example_short_circuit_operator.py took 0.087 seconds
[2026-09-23 12:01:31,307] {scheduler_job.py:182} INFO - Started process (PID=2056) to work on /home/airflow/.local/lib/python3.6/site-packages/airflow/example_dags/example_short_circuit_operator.py
[2026-09-23 12:01:31,309] {scheduler_job.py:629} INFO - Processing file /home/airflow/.local/lib/python3.6/site-packages/airflow/example_dags/example_short_circuit_operator.py for tasks to queue
[2026-09-23 12:01:31,309] {logging_mixin.py:104} INFO - [2026-09-23 12:01:31,309] {dagbag.py:451} INFO - Filling up the DagBag from /home/airflow/.local/lib/python3.6/site-packages/airflow/example_dags/example_short_circuit_operator.py
[2026-09-23 12:01:31,329] {scheduler_job.py:639} INFO - DAG(s) dict_keys(['example_short_circuit_operator']) retrieved from /home/airflow/.local/lib/python3.6/site-packages/airflow/example_dags/example_short_circuit_operator.py
[2026-09-23 12:01:31,358] {logging_mixin.py:104} INFO - [2026-09-23 12:01:31,358] {dag.py:1824} INFO - Sync 1 DAGs
[2026-09-23 12:01:31,383] {logging_mixin.py:104} INFO - [2026-09-23 12:01:31,383] {dag.py:2280} INFO - Setting next_dagrun for example_short_circuit_operator to 2026-09-21 00:00:00+00:00
[2026-09-23 12:01:31,398] {scheduler_job.py:190} INFO - Processing /home/airflow/.local/lib/python3.6/site-packages/airflow/example_dags/example_short_circuit_operator.py took 0.097 seconds
[2026-09-23 12:02:01,961] {scheduler_job.py:182} INFO - Started process (PID=2082) to work on /home/airflow/.local/lib/python3.6/site-packages/airflow/example_dags/example_short_circuit_operator.py
[2026-09-23 12:02:01,962] {scheduler_job.py:629} INFO - Processing file /home/airflow/.local/lib/python3.6/site-packages/airflow/example_dags/example_short_circuit_operator.py for tasks to queue
[2026-09-23 12:02:01,963] {logging_mixin.py:104} INFO - [2026-09-23 12:02:01,963] {dagbag.py:451} INFO - Filling up the DagBag from /home/airflow/.local/lib/python3.6/site-packages/airflow/example_dags/example_short_circuit_operator.py
[2026-09-23 12:02:01,977] {scheduler_job.py:639} INFO - DAG(s) dict_keys(['example_short_circuit_operator']) retrieved from /home/airflow/.local/lib/python3.6/site-packages/airflow/example_dags/example_short_circuit_operator.py
[2026-09-23 12:02:02,000] {logging_mixin.py:104} INFO - [2026-09-23 12:02:02,000] {dag.py:1824} INFO - Sync 1 DAGs
[2026-09-23 12:02:02,021] {logging_mixin.py:104} INFO - [2026-09-23 12:02:02,021] {dag.py:2280} INFO - Setting next_dagrun for example_short_circuit_operator to 2026-09-21 00:00:00+00:00
[2026-09-23 12:02:02,037] {scheduler_job.py:190} INFO - Processing /home/airflow/.local/lib/python3.6/site-packages/airflow/example_dags/example_short_circuit_operator.py took 0.080 seconds
[2026-09-23 12:02:33,010] {scheduler_job.py:182} INFO - Started process (PID=2108) to work on /home/airflow/.local/lib/python3.6/site-packages/airflow/example_dags/example_short_circuit_operator.py
[2026-09-23 12:02:33,011] {scheduler_job.py:629} INFO - Processing file /home/airflow/.local/lib/python3.6/site-packages/airflow/example_dags/example_short_circuit_operator.py for tasks to queue
[2026-09-23 12:02:33,012] {logging_mixin.py:104} INFO - [2026-09-23 12:02:33,012] {dagbag.py:451} INFO - Filling up the DagBag from /home/airflow/.local/lib/python3.6/site-packages/airflow/example_dags/example_short_circuit_operator.py
[2026-09-23 12:02:33,030] {scheduler_job.py:639} INFO - DAG(s) dict_keys(['example_short_circuit_operator']) retrieved from /home/airflow/.local/lib/python3.6/site-packages/airflow/example_dags/example_short_circuit_operator.py
[2026-09-23 12:02:33,062] {logging_mixin.py:104} INFO - [2026-09-23 12:02:33,062] {dag.py:1824} INFO - Sync 1 DAGs
[2026-09-23 12:02:33,085] {logging_mixin.py:104} INFO - [2026-09-23 12:02:33,084] {dag.py:2280} INFO - Setting next_dagrun for example_short_circuit_operator to 2026-09-21 00:00:00+00:00
[2026-09-23 12:02:33,099] {scheduler_job.py:190} INFO - Processing /home/airflow/.local/lib/python3.6/site-packages/airflow/example_dags/example_short_circuit_operator.py took 0.093 seconds
[2026-09-23 12:03:03,902] {scheduler_job.py:182} INFO - Started process (PID=2134) to work on /home/airflow/.local/lib/python3.6/site-packages/airflow/example_dags/example_short_circuit_operator.py
[2026-09-23 12:03:03,904] {scheduler_job.py:629} INFO - Processing file /home/airflow/.local/lib/python3.6/site-packages/airflow/example_dags/example_short_circuit_operator.py for tasks to queue
[2026-09-23 12:03:03,905] {logging_mixin.py:104} INFO - [2026-09-23 12:03:03,905] {dagbag.py:451} INFO - Filling up the DagBag from /home/airflow/.local/lib/python3.6/site-packages/airflow/example_dags/example_short_circuit_operator.py
[2026-09-23 12:03:03,926] {scheduler_job.py:639} INFO - DAG(s) dict_keys(['example_short_circuit_operator']) retrieved from /home/airflow/.local/lib/python3.6/site-packages/airflow/example_dags/example_short_circuit_operator.py
[2026-09-23 12:03:03,959] {logging_mixin.py:104} INFO - [2026-09-23 12:03:03,959] {dag.py:1824} INFO - Sync 1 DAGs
[2026-09-23 12:03:03,983] {logging_mixin.py:104} INFO - [2026-09-23 12:03:03,983] {dag.py:2280} INFO - Setting next_dagrun for example_short_circuit_operator to 2026-09-21 00:00:00+00:00
[2026-09-23 12:03:03,999] {scheduler_job.py:190} INFO - Processing /home/airflow/.local/lib/python3.6/site-packages/airflow/example_dags/example_short_circuit_operator.py took 0.102 seconds
[2026-09-23 12:03:34,794] {scheduler_job.py:182} INFO - Started process (PID=2160) to work on /home/airflow/.local/lib/python3.6/site-packages/airflow/example_dags/example_short_circuit_operator.py
[2026-09-23 12:03:34,795] {scheduler_job.py:629} INFO - Processing file /home/airflow/.local/lib/python3.6/site-packages/airflow/example_dags/example_short_circuit_operator.py for tasks to queue
[2026-09-23 12:03:34,796] {logging_mixin.py:104} INFO - [2026-09-23 12:03:34,796] {dagbag.py:451} INFO - Filling up the DagBag from /home/airflow/.local/lib/python3.6/site-packages/airflow/example_dags/example_short_circuit_operator.py
[2026-09-23 12:03:34,811] {scheduler_job.py:639} INFO - DAG(s) dict_keys(['example_short_circuit_operator']) retrieved from /home/airflow/.local/lib/python3.6/site-packages/airflow/example_dags/example_short_circuit_operator.py
[2026-09-23 12:03:34,833] {logging_mixin.py:104} INFO - [2026-09-23 12:03:34,833] {dag.py:1824} INFO - Sync 1 DAGs
[2026-09-23 12:03:34,850] {logging_mixin.py:104} INFO - [2026-09-23 12:03:34,850] {dag.py:2280} INFO - Setting next_dagrun for example_short_circuit_operator to 2026-09-21 00:00:00+00:00
[2026-09-23 12:03:34,866] {scheduler_job.py:190} INFO - Processing /home/airflow/.local/lib/python3.6/site-packages/airflow/example_dags/example_short_circuit_operator.py took 0.075 seconds
[2026-09-23 12:04:05,567] {scheduler_job.py:182} INFO - Started process (PID=2186) to work on /home/airflow/.local/lib/python3.6/site-packages/airflow/example_dags/example_short_circuit_operator.py
[2026-09-23 12:04:05,569] {scheduler_job.py:629} INFO - Processing file /home/airflow/.local/lib/python3.6/site-packages/airflow/example_dags/example_short_circuit_operator.py for tasks to queue
[2026-09-23 12:04:05,569] {logging_mixin.py:104} INFO - [2026-09-23 12:04:05,569] {dagbag.py:451} INFO - Filling up the DagBag from /home/airflow/.local/lib/python3.6/site-packages/airflow/example_dags/example_short_circuit_operator.py
[2026-09-23 12:04:05,584] {scheduler_job.py:639} INFO - DAG(s) dict_keys(['example_short_circuit_operator']) retrieved from /home/airflow/.local/lib/python3.6/site-packages/airflow/example_dags/example_short_circuit_operator.py
[2026-09-23 12:04:05,607] {logging_mixin.py:104} INFO - [2026-09-23 12:04:05,607] {dag.py:1824} INFO - Sync 1 DAGs
[2026-09-23 12:04:05,624] {logging_mixin.py:104} INFO - [2026-09-23 12:04:05,624] {dag.py:2280} INFO - Setting next_dagrun for example_short_circuit_operator to 2026-09-21 00:00:00+00:00
[2026-09-23 12:04:05,637] {scheduler_job.py:190} INFO - Processing /home/airflow/.local/lib/python3.6/site-packages/airflow/example_dags/example_short_circuit_operator.py took 0.073 seconds
[2026-09-23 12:04:36,693] {scheduler_job.py:182} INFO - Started process (PID=2212) to work on /home/airflow/.local/lib/python3.6/site-packages/airflow/example_dags/example_short_circuit_operator.py
[2026-09-23 12:04:36,695] {scheduler_job.py:629} INFO - Processing file /home/airflow/.local/lib/python3.6/site-packages/airflow/example_dags/example_short_circuit_operator.py for tasks to queue
[2026-09-23 12:04:36,696] {logging_mixin.py:104} INFO - [2026-09-23 12:04:36,696] {dagbag.py:451} INFO - Filling up the DagBag from /home/airflow/.local/lib/python3.6/site-packages/airflow/example_dags/example_short_circuit_operator.py
[2026-09-23 12:04:36,713] {scheduler_job.py:639} INFO - DAG(s) dict_keys(['example_short_circuit_operator']) retrieved from /home/airflow/.local/lib/python3.6/site-packages/airflow/example_dags/example_short_circuit_operator.py
[2026-09-23 12:04:36,741] {logging_mixin.py:104} INFO - [2026-09-23 12:04:36,741] {dag.py:1824} INFO - Sync 1 DAGs
[2026-09-23 12:04:36,759] {logging_mixin.py:104} INFO - [2026-09-23 12:04:36,758] {dag.py:2280} INFO - Setting next_dagrun for example_short_circuit_operator to 2026-09-21 00:00:00+00:00
[2026-09-23 12:04:36,775] {scheduler_job.py:190} INFO - Processing /home/airflow/.local/lib/python3.6/site-packages/airflow/example_dags/example_short_circuit_operator.py took 0.086 seconds
[2026-09-23 12:05:06,938] {scheduler_job.py:182} INFO - Started process (PID=2238) to work on /home/airflow/.local/lib/python3.6/site-packages/airflow/example_dags/example_short_circuit_operator.py
[2026-09-23 12:05:06,940] {scheduler_job.py:629} INFO - Processing file /home/airflow/.local/lib/python3.6/site-packages/airflow/example_dags/example_short_circuit_operator.py for tasks to queue
[2026-09-23 12:05:06,940] {logging_mixin.py:104} INFO - [2026-09-23 12:05:06,940] {dagbag.py:451} INFO - Filling up the DagBag from /home/airflow/.local/lib/python3.6/site-packages/airflow/example_dags/example_short_circuit_operator.py
[2026-09-23 12:05:06,958] {scheduler_job.py:639} INFO - DAG(s) dict_keys(['example_short_circuit_operator']) retrieved from /home/airflow/.local/lib/python3.6/site-packages/airflow/example_dags/example_short_circuit_operator.py
[2026-09-23 12:05:06,991] {logging_mixin.py:104} INFO - [2026-09-23 12:05:06,991] {dag.py:1824} INFO - Sync 1 DAGs
[2026-09-23 12:05:07,020] {logging_mixin.py:104} INFO - [2026-09-23 12:05:07,019] {dag.py:2280} INFO - Setting next_dagrun for example_short_circuit_operator to 2026-09-21 00:00:00+00:00
[2026-09-23 12:05:07,040] {scheduler_job.py:190} INFO - Processing /home/airflow/.local/lib/python3.6/site-packages/airflow/example_dags/example_short_circuit_operator.py took 0.106 seconds
[2026-09-23 12:05:37,832] {scheduler_job.py:182} INFO - Started process (PID=2262) to work on /home/airflow/.local/lib/python3.6/site-packages/airflow/example_dags/example_short_circuit_operator.py
[2026-09-23 12:05:37,834] {scheduler_job.py:629} INFO - Processing file /home/airflow/.local/lib/python3.6/site-packages/airflow/example_dags/example_short_circuit_operator.py for tasks to queue
[2026-09-23 12:05:37,835] {logging_mixin.py:104} INFO - [2026-09-23 12:05:37,835] {dagbag.py:451} INFO - Filling up the DagBag from /home/airflow/.local/lib/python3.6/site-packages/airflow/example_dags/example_short_circuit_operator.py
[2026-09-23 12:05:37,860] {scheduler_job.py:639} INFO - DAG(s) dict_keys(['example_short_circuit_operator']) retrieved from /home/airflow/.local/lib/python3.6/site-packages/airflow/example_dags/example_short_circuit_operator.py
[2026-09-23 12:05:37,895] {logging_mixin.py:104} INFO - [2026-09-23 12:05:37,895] {dag.py:1824} INFO - Sync 1 DAGs
[2026-09-23 12:05:37,922] {logging_mixin.py:104} INFO - [2026-09-23 12:05:37,922] {dag.py:2280} INFO - Setting next_dagrun for example_short_circuit_operator to 2026-09-21 00:00:00+00:00
[2026-09-23 12:05:37,937] {scheduler_job.py:190} INFO - Processing /home/airflow/.local/lib/python3.6/site-packages/airflow/example_dags/example_short_circuit_operator.py took 0.110 seconds
[2026-09-23 12:06:08,894] {scheduler_job.py:182} INFO - Started process (PID=2288) to work on /home/airflow/.local/lib/python3.6/site-packages/airflow/example_dags/example_short_circuit_operator.py
[2026-09-23 12:06:08,895] {scheduler_job.py:629} INFO - Processing file /home/airflow/.local/lib/python3.6/site-packages/airflow/example_dags/example_short_circuit_operator.py for tasks to queue
[2026-09-23 12:06:08,896] {logging_mixin.py:104} INFO - [2026-09-23 12:06:08,895] {dagbag.py:451} INFO - Filling up the DagBag from /home/airflow/.local/lib/python3.6/site-packages/airflow/example_dags/example_short_circuit_operator.py
[2026-09-23 12:06:08,912] {scheduler_job.py:639} INFO - DAG(s) dict_keys(['example_short_circuit_operator']) retrieved from /home/airflow/.local/lib/python3.6/site-packages/airflow/example_dags/example_short_circuit_operator.py
[2026-09-23 12:06:08,940] {logging_mixin.py:104} INFO - [2026-09-23 12:06:08,940] {dag.py:1824} INFO - Sync 1 DAGs
[2026-09-23 12:06:08,963] {logging_mixin.py:104} INFO - [2026-09-23 12:06:08,963] {dag.py:2280} INFO - Setting next_dagrun for example_short_circuit_operator to 2026-09-21 00:00:00+00:00
[2026-09-23 12:06:08,982] {scheduler_job.py:190} INFO - Processing /home/airflow/.local/lib/python3.6/site-packages/airflow/example_dags/example_short_circuit_operator.py took 0.093 seconds
[2026-09-23 12:06:39,580] {scheduler_job.py:182} INFO - Started process (PID=2314) to work on /home/airflow/.local/lib/python3.6/site-packages/airflow/example_dags/example_short_circuit_operator.py
[2026-09-23 12:06:39,581] {scheduler_job.py:629} INFO - Processing file /home/airflow/.local/lib/python3.6/site-packages/airflow/example_dags/example_short_circuit_operator.py for tasks to queue
[2026-09-23 12:06:39,583] {logging_mixin.py:104} INFO - [2026-09-23 12:06:39,582] {dagbag.py:451} INFO - Filling up the DagBag from /home/airflow/.local/lib/python3.6/site-packages/airflow/example_dags/example_short_circuit_operator.py
[2026-09-23 12:06:39,608] {scheduler_job.py:639} INFO - DAG(s) dict_keys(['example_short_circuit_operator']) retrieved from /home/airflow/.local/lib/python3.6/site-packages/airflow/example_dags/example_short_circuit_operator.py
[2026-09-23 12:06:39,645] {logging_mixin.py:104} INFO - [2026-09-23 12:06:39,645] {dag.py:1824} INFO - Sync 1 DAGs
[2026-09-23 12:06:39,678] {logging_mixin.py:104} INFO - [2026-09-23 12:06:39,678] {dag.py:2280} INFO - Setting next_dagrun for example_short_circuit_operator to 2026-09-21 00:00:00+00:00
[2026-09-23 12:06:39,702] {scheduler_job.py:190} INFO - Processing /home/airflow/.local/lib/python3.6/site-packages/airflow/example_dags/example_short_circuit_operator.py took 0.135 seconds
[2026-09-23 12:07:10,288] {scheduler_job.py:182} INFO - Started process (PID=2340) to work on /home/airflow/.local/lib/python3.6/site-packages/airflow/example_dags/example_short_circuit_operator.py
[2026-09-23 12:07:10,290] {scheduler_job.py:629} INFO - Processing file /home/airflow/.local/lib/python3.6/site-packages/airflow/example_dags/example_short_circuit_operator.py for tasks to queue
[2026-09-23 12:07:10,291] {logging_mixin.py:104} INFO - [2026-09-23 12:07:10,291] {dagbag.py:451} INFO - Filling up the DagBag from /home/airflow/.local/lib/python3.6/site-packages/airflow/example_dags/example_short_circuit_operator.py
[2026-09-23 12:07:10,322] {scheduler_job.py:639} INFO - DAG(s) dict_keys(['example_short_circuit_operator']) retrieved from /home/airflow/.local/lib/python3.6/site-packages/airflow/example_dags/example_short_circuit_operator.py
[2026-09-23 12:07:10,361] {logging_mixin.py:104} INFO - [2026-09-23 12:07:10,360] {dag.py:1824} INFO - Sync 1 DAGs
[2026-09-23 12:07:10,391] {logging_mixin.py:104} INFO - [2026-09-23 12:07:10,391] {dag.py:2280} INFO - Setting next_dagrun for example_short_circuit_operator to 2026-09-21 00:00:00+00:00
[2026-09-23 12:07:10,407] {scheduler_job.py:190} INFO - Processing /home/airflow/.local/lib/python3.6/site-packages/airflow/example_dags/example_short_circuit_operator.py took 0.126 seconds
[2026-09-23 12:07:41,100] {scheduler_job.py:182} INFO - Started process (PID=2366) to work on /home/airflow/.local/lib/python3.6/site-packages/airflow/example_dags/example_short_circuit_operator.py
[2026-09-23 12:07:41,102] {scheduler_job.py:629} INFO - Processing file /home/airflow/.local/lib/python3.6/site-packages/airflow/example_dags/example_short_circuit_operator.py for tasks to queue
[2026-09-23 12:07:41,102] {logging_mixin.py:104} INFO - [2026-09-23 12:07:41,102] {dagbag.py:451} INFO - Filling up the DagBag from /home/airflow/.local/lib/python3.6/site-packages/airflow/example_dags/example_short_circuit_operator.py
[2026-09-23 12:07:41,120] {scheduler_job.py:639} INFO - DAG(s) dict_keys(['example_short_circuit_operator']) retrieved from /home/airflow/.local/lib/python3.6/site-packages/airflow/example_dags/example_short_circuit_operator.py
[2026-09-23 12:07:41,152] {logging_mixin.py:104} INFO - [2026-09-23 12:07:41,151] {dag.py:1824} INFO - Sync 1 DAGs
[2026-09-23 12:07:41,173] {logging_mixin.py:104} INFO - [2026-09-23 12:07:41,173] {dag.py:2280} INFO - Setting next_dagrun for example_short_circuit_operator to 2026-09-21 00:00:00+00:00
[2026-09-23 12:07:41,191] {scheduler_job.py:190} INFO - Processing /home/airflow/.local/lib/python3.6/site-packages/airflow/example_dags/example_short_circuit_operator.py took 0.096 seconds
[2026-09-23 12:08:11,660] {scheduler_job.py:182} INFO - Started process (PID=2392) to work on /home/airflow/.local/lib/python3.6/site-packages/airflow/example_dags/example_short_circuit_operator.py
[2026-09-23 12:08:11,662] {scheduler_job.py:629} INFO - Processing file /home/airflow/.local/lib/python3.6/site-packages/airflow/example_dags/example_short_circuit_operator.py for tasks to queue
[2026-09-23 12:08:11,662] {logging_mixin.py:104} INFO - [2026-09-23 12:08:11,662] {dagbag.py:451} INFO - Filling up the DagBag from /home/airflow/.local/lib/python3.6/site-packages/airflow/example_dags/example_short_circuit_operator.py
[2026-09-23 12:08:11,681] {scheduler_job.py:639} INFO - DAG(s) dict_keys(['example_short_circuit_operator']) retrieved from /home/airflow/.local/lib/python3.6/site-packages/airflow/example_dags/example_short_circuit_operator.py
[2026-09-23 12:08:11,710] {logging_mixin.py:104} INFO - [2026-09-23 12:08:11,710] {dag.py:1824} INFO - Sync 1 DAGs
[2026-09-23 12:08:11,731] {logging_mixin.py:104} INFO - [2026-09-23 12:08:11,731] {dag.py:2280} INFO - Setting next_dagrun for example_short_circuit_operator to 2026-09-21 00:00:00+00:00
[2026-09-23 12:08:11,750] {scheduler_job.py:190} INFO - Processing /home/airflow/.local/lib/python3.6/site-packages/airflow/example_dags/example_short_circuit_operator.py took 0.095 seconds
[2026-09-23 12:08:42,381] {scheduler_job.py:182} INFO - Started process (PID=2418) to work on /home/airflow/.local/lib/python3.6/site-packages/airflow/example_dags/example_short_circuit_operator.py
[2026-09-23 12:08:42,383] {scheduler_job.py:629} INFO - Processing file /home/airflow/.local/lib/python3.6/site-packages/airflow/example_dags/example_short_circuit_operator.py for tasks to queue
[2026-09-23 12:08:42,385] {logging_mixin.py:104} INFO - [2026-09-23 12:08:42,384] {dagbag.py:451} INFO - Filling up the DagBag from /home/airflow/.local/lib/python3.6/site-packages/airflow/example_dags/example_short_circuit_operator.py
[2026-09-23 12:08:42,410] {scheduler_job.py:639} INFO - DAG(s) dict_keys(['example_short_circuit_operator']) retrieved from /home/airflow/.local/lib/python3.6/site-packages/airflow/example_dags/example_short_circuit_operator.py
[2026-09-23 12:08:42,448] {logging_mixin.py:104} INFO - [2026-09-23 12:08:42,448] {dag.py:1824} INFO - Sync 1 DAGs
[2026-09-23 12:08:42,477] {logging_mixin.py:104} INFO - [2026-09-23 12:08:42,477] {dag.py:2280} INFO - Setting next_dagrun for example_short_circuit_operator to 2026-09-21 00:00:00+00:00
[2026-09-23 12:08:42,498] {scheduler_job.py:190} INFO - Processing /home/airflow/.local/lib/python3.6/site-packages/airflow/example_dags/example_short_circuit_operator.py took 0.122 seconds
[2026-09-23 12:09:13,229] {scheduler_job.py:182} INFO - Started process (PID=2444) to work on /home/airflow/.local/lib/python3.6/site-packages/airflow/example_dags/example_short_circuit_operator.py
[2026-09-23 12:09:13,231] {scheduler_job.py:629} INFO - Processing file /home/airflow/.local/lib/python3.6/site-packages/airflow/example_dags/example_short_circuit_operator.py for tasks to queue
[2026-09-23 12:09:13,233] {logging_mixin.py:104} INFO - [2026-09-23 12:09:13,232] {dagbag.py:451} INFO - Filling up the DagBag from /home/airflow/.local/lib/python3.6/site-packages/airflow/example_dags/example_short_circuit_operator.py
[2026-09-23 12:09:13,249] {scheduler_job.py:639} INFO - DAG(s) dict_keys(['example_short_circuit_operator']) retrieved from /home/airflow/.local/lib/python3.6/site-packages/airflow/example_dags/example_short_circuit_operator.py
[2026-09-23 12:09:13,280] {logging_mixin.py:104} INFO - [2026-09-23 12:09:13,280] {dag.py:1824} INFO - Sync 1 DAGs
[2026-09-23 12:09:13,308] {logging_mixin.py:104} INFO - [2026-09-23 12:09:13,308] {dag.py:2280} INFO - Setting next_dagrun for example_short_circuit_operator to 2026-09-21 00:00:00+00:00
[2026-09-23 12:09:13,331] {scheduler_job.py:190} INFO - Processing /home/airflow/.local/lib/python3.6/site-packages/airflow/example_dags/example_short_circuit_operator.py took 0.107 seconds
[2026-09-23 12:09:43,863] {scheduler_job.py:182} INFO - Started process (PID=2470) to work on /home/airflow/.local/lib/python3.6/site-packages/airflow/example_dags/example_short_circuit_operator.py
[2026-09-23 12:09:43,866] {scheduler_job.py:629} INFO - Processing file /home/airflow/.local/lib/python3.6/site-packages/airflow/example_dags/example_short_circuit_operator.py for tasks to queue
[2026-09-23 12:09:43,868] {logging_mixin.py:104} INFO - [2026-09-23 12:09:43,868] {dagbag.py:451} INFO - Filling up the DagBag from /home/airflow/.local/lib/python3.6/site-packages/airflow/example_dags/example_short_circuit_operator.py
[2026-09-23 12:09:43,903] {scheduler_job.py:639} INFO - DAG(s) dict_keys(['example_short_circuit_operator']) retrieved from /home/airflow/.local/lib/python3.6/site-packages/airflow/example_dags/example_short_circuit_operator.py
[2026-09-23 12:09:43,948] {logging_mixin.py:104} INFO - [2026-09-23 12:09:43,948] {dag.py:1824} INFO - Sync 1 DAGs
[2026-09-23 12:09:43,977] {logging_mixin.py:104} INFO - [2026-09-23 12:09:43,977] {dag.py:2280} INFO - Setting next_dagrun for example_short_circuit_operator to 2026-09-21 00:00:00+00:00
[2026-09-23 12:09:44,000] {scheduler_job.py:190} INFO - Processing /home/airflow/.local/lib/python3.6/site-packages/airflow/example_dags/example_short_circuit_operator.py took 0.145 seconds
[2026-09-23 12:10:14,103] {scheduler_job.py:182} INFO - Started process (PID=2496) to work on /home/airflow/.local/lib/python3.6/site-packages/airflow/example_dags/example_short_circuit_operator.py
[2026-09-23 12:10:14,106] {scheduler_job.py:629} INFO - Processing file /home/airflow/.local/lib/python3.6/site-packages/airflow/example_dags/example_short_circuit_operator.py for tasks to queue
[2026-09-23 12:10:14,109] {logging_mixin.py:104} INFO - [2026-09-23 12:10:14,109] {dagbag.py:451} INFO - Filling up the DagBag from /home/airflow/.local/lib/python3.6/site-packages/airflow/example_dags/example_short_circuit_operator.py
[2026-09-23 12:10:14,146] {scheduler_job.py:639} INFO - DAG(s) dict_keys(['example_short_circuit_operator']) retrieved from /home/airflow/.local/lib/python3.6/site-packages/airflow/example_dags/example_short_circuit_operator.py
[2026-09-23 12:10:14,232] {logging_mixin.py:104} INFO - [2026-09-23 12:10:14,232] {dag.py:1824} INFO - Sync 1 DAGs
[2026-09-23 12:10:14,277] {logging_mixin.py:104} INFO - [2026-09-23 12:10:14,277] {dag.py:2280} INFO - Setting next_dagrun for example_short_circuit_operator to 2026-09-21 00:00:00+00:00
[2026-09-23 12:10:14,308] {scheduler_job.py:190} INFO - Processing /home/airflow/.local/lib/python3.6/site-packages/airflow/example_dags/example_short_circuit_operator.py took 0.216 seconds
[2026-09-23 12:10:45,143] {scheduler_job.py:182} INFO - Started process (PID=2522) to work on /home/airflow/.local/lib/python3.6/site-packages/airflow/example_dags/example_short_circuit_operator.py
[2026-09-23 12:10:45,145] {scheduler_job.py:629} INFO - Processing file /home/airflow/.local/lib/python3.6/site-packages/airflow/example_dags/example_short_circuit_operator.py for tasks to queue
[2026-09-23 12:10:45,146] {logging_mixin.py:104} INFO - [2026-09-23 12:10:45,146] {dagbag.py:451} INFO - Filling up the DagBag from /home/airflow/.local/lib/python3.6/site-packages/airflow/example_dags/example_short_circuit_operator.py
[2026-09-23 12:10:45,169] {scheduler_job.py:639} INFO - DAG(s) dict_keys(['example_short_circuit_operator']) retrieved from /home/airflow/.local/lib/python3.6/site-packages/airflow/example_dags/example_short_circuit_operator.py
[2026-09-23 12:10:45,209] {logging_mixin.py:104} INFO - [2026-09-23 12:10:45,208] {dag.py:1824} INFO - Sync 1 DAGs
[2026-09-23 12:10:45,233] {logging_mixin.py:104} INFO - [2026-09-23 12:10:45,233] {dag.py:2280} INFO - Setting next_dagrun for example_short_circuit_operator to 2026-09-21 00:00:00+00:00
[2026-09-23 12:10:45,249] {scheduler_job.py:190} INFO - Processing /home/airflow/.local/lib/python3.6/site-packages/airflow/example_dags/example_short_circuit_operator.py took 0.112 seconds
[2026-09-23 12:11:15,312] {scheduler_job.py:182} INFO - Started process (PID=2548) to work on /home/airflow/.local/lib/python3.6/site-packages/airflow/example_dags/example_short_circuit_operator.py
[2026-09-23 12:11:15,314] {scheduler_job.py:629} INFO - Processing file /home/airflow/.local/lib/python3.6/site-packages/airflow/example_dags/example_short_circuit_operator.py for tasks to queue
[2026-09-23 12:11:15,315] {logging_mixin.py:104} INFO - [2026-09-23 12:11:15,315] {dagbag.py:451} INFO - Filling up the DagBag from /home/airflow/.local/lib/python3.6/site-packages/airflow/example_dags/example_short_circuit_operator.py
[2026-09-23 12:11:15,339] {scheduler_job.py:639} INFO - DAG(s) dict_keys(['example_short_circuit_operator']) retrieved from /home/airflow/.local/lib/python3.6/site-packages/airflow/example_dags/example_short_circuit_operator.py
[2026-09-23 12:11:15,381] {logging_mixin.py:104} INFO - [2026-09-23 12:11:15,381] {dag.py:1824} INFO - Sync 1 DAGs
[2026-09-23 12:11:15,406] {logging_mixin.py:104} INFO - [2026-09-23 12:11:15,406] {dag.py:2280} INFO - Setting next_dagrun for example_short_circuit_operator to 2026-09-21 00:00:00+00:00
[2026-09-23 12:11:15,421] {scheduler_job.py:190} INFO - Processing /home/airflow/.local/lib/python3.6/site-packages/airflow/example_dags/example_short_circuit_operator.py took 0.115 seconds
[2026-09-23 12:11:45,756] {scheduler_job.py:182} INFO - Started process (PID=2575) to work on /home/airflow/.local/lib/python3.6/site-packages/airflow/example_dags/example_short_circuit_operator.py
[2026-09-23 12:11:45,760] {scheduler_job.py:629} INFO - Processing file /home/airflow/.local/lib/python3.6/site-packages/airflow/example_dags/example_short_circuit_operator.py for tasks to queue
[2026-09-23 12:11:45,761] {logging_mixin.py:104} INFO - [2026-09-23 12:11:45,761] {dagbag.py:451} INFO - Filling up the DagBag from /home/airflow/.local/lib/python3.6/site-packages/airflow/example_dags/example_short_circuit_operator.py
[2026-09-23 12:11:45,791] {scheduler_job.py:639} INFO - DAG(s) dict_keys(['example_short_circuit_operator']) retrieved from /home/airflow/.local/lib/python3.6/site-packages/airflow/example_dags/example_short_circuit_operator.py
[2026-09-23 12:11:45,828] {logging_mixin.py:104} INFO - [2026-09-23 12:11:45,828] {dag.py:1824} INFO - Sync 1 DAGs
[2026-09-23 12:11:45,867] {logging_mixin.py:104} INFO - [2026-09-23 12:11:45,867] {dag.py:2280} INFO - Setting next_dagrun for example_short_circuit_operator to 2026-09-21 00:00:00+00:00
[2026-09-23 12:11:45,892] {scheduler_job.py:190} INFO - Processing /home/airflow/.local/lib/python3.6/site-packages/airflow/example_dags/example_short_circuit_operator.py took 0.145 seconds
[2026-09-23 12:12:16,101] {scheduler_job.py:182} INFO - Started process (PID=2602) to work on /home/airflow/.local/lib/python3.6/site-packages/airflow/example_dags/example_short_circuit_operator.py
[2026-09-23 12:12:16,102] {scheduler_job.py:629} INFO - Processing file /home/airflow/.local/lib/python3.6/site-packages/airflow/example_dags/example_short_circuit_operator.py for tasks to queue
[2026-09-23 12:12:16,103] {logging_mixin.py:104} INFO - [2026-09-23 12:12:16,103] {dagbag.py:451} INFO - Filling up the DagBag from /home/airflow/.local/lib/python3.6/site-packages/airflow/example_dags/example_short_circuit_operator.py
[2026-09-23 12:12:16,121] {scheduler_job.py:639} INFO - DAG(s) dict_keys(['example_short_circuit_operator']) retrieved from /home/airflow/.local/lib/python3.6/site-packages/airflow/example_dags/example_short_circuit_operator.py
[2026-09-23 12:12:16,149] {logging_mixin.py:104} INFO - [2026-09-23 12:12:16,149] {dag.py:1824} INFO - Sync 1 DAGs
[2026-09-23 12:12:16,171] {logging_mixin.py:104} INFO - [2026-09-23 12:12:16,171] {dag.py:2280} INFO - Setting next_dagrun for example_short_circuit_operator to 2026-09-21 00:00:00+00:00
[2026-09-23 12:12:16,190] {scheduler_job.py:190} INFO - Processing /home/airflow/.local/lib/python3.6/site-packages/airflow/example_dags/example_short_circuit_operator.py took 0.093 seconds
[2026-09-23 12:12:46,849] {scheduler_job.py:182} INFO - Started process (PID=2626) to work on /home/airflow/.local/lib/python3.6/site-packages/airflow/example_dags/example_short_circuit_operator.py
[2026-09-23 12:12:46,851] {scheduler_job.py:629} INFO - Processing file /home/airflow/.local/lib/python3.6/site-packages/airflow/example_dags/example_short_circuit_operator.py for tasks to queue
[2026-09-23 12:12:46,852] {logging_mixin.py:104} INFO - [2026-09-23 12:12:46,852] {dagbag.py:451} INFO - Filling up the DagBag from /home/airflow/.local/lib/python3.6/site-packages/airflow/example_dags/example_short_circuit_operator.py
[2026-09-23 12:12:46,881] {scheduler_job.py:639} INFO - DAG(s) dict_keys(['example_short_circuit_operator']) retrieved from /home/airflow/.local/lib/python3.6/site-packages/airflow/example_dags/example_short_circuit_operator.py
[2026-09-23 12:12:46,927] {logging_mixin.py:104} INFO - [2026-09-23 12:12:46,927] {dag.py:1824} INFO - Sync 1 DAGs
[2026-09-23 12:12:46,960] {logging_mixin.py:104} INFO - [2026-09-23 12:12:46,960] {dag.py:2280} INFO - Setting next_dagrun for example_short_circuit_operator to 2026-09-21 00:00:00+00:00
[2026-09-23 12:12:46,989] {scheduler_job.py:190} INFO - Processing /home/airflow/.local/lib/python3.6/site-packages/airflow/example_dags/example_short_circuit_operator.py took 0.148 seconds
[2026-09-23 12:13:17,101] {scheduler_job.py:182} INFO - Started process (PID=2652) to work on /home/airflow/.local/lib/python3.6/site-packages/airflow/example_dags/example_short_circuit_operator.py
[2026-09-23 12:13:17,106] {scheduler_job.py:629} INFO - Processing file /home/airflow/.local/lib/python3.6/site-packages/airflow/example_dags/example_short_circuit_operator.py for tasks to queue
[2026-09-23 12:13:17,107] {logging_mixin.py:104} INFO - [2026-09-23 12:13:17,107] {dagbag.py:451} INFO - Filling up the DagBag from /home/airflow/.local/lib/python3.6/site-packages/airflow/example_dags/example_short_circuit_operator.py
[2026-09-23 12:13:17,144] {scheduler_job.py:639} INFO - DAG(s) dict_keys(['example_short_circuit_operator']) retrieved from /home/airflow/.local/lib/python3.6/site-packages/airflow/example_dags/example_short_circuit_operator.py
[2026-09-23 12:13:17,194] {logging_mixin.py:104} INFO - [2026-09-23 12:13:17,194] {dag.py:1824} INFO - Sync 1 DAGs
[2026-09-23 12:13:17,222] {logging_mixin.py:104} INFO - [2026-09-23 12:13:17,221] {dag.py:2280} INFO - Setting next_dagrun for example_short_circuit_operator to 2026-09-21 00:00:00+00:00
[2026-09-23 12:13:17,243] {scheduler_job.py:190} INFO - Processing /home/airflow/.local/lib/python3.6/site-packages/airflow/example_dags/example_short_circuit_operator.py took 0.155 seconds
[2026-09-23 12:13:47,992] {scheduler_job.py:182} INFO - Started process (PID=2679) to work on /home/airflow/.local/lib/python3.6/site-packages/airflow/example_dags/example_short_circuit_operator.py
[2026-09-23 12:13:47,993] {scheduler_job.py:629} INFO - Processing file /home/airflow/.local/lib/python3.6/site-packages/airflow/example_dags/example_short_circuit_operator.py for tasks to queue
[2026-09-23 12:13:47,994] {logging_mixin.py:104} INFO - [2026-09-23 12:13:47,994] {dagbag.py:451} INFO - Filling up the DagBag from /home/airflow/.local/lib/python3.6/site-packages/airflow/example_dags/example_short_circuit_operator.py
[2026-09-23 12:13:48,011] {scheduler_job.py:639} INFO - DAG(s) dict_keys(['example_short_circuit_operator']) retrieved from /home/airflow/.local/lib/python3.6/site-packages/airflow/example_dags/example_short_circuit_operator.py
[2026-09-23 12:13:48,034] {logging_mixin.py:104} INFO - [2026-09-23 12:13:48,034] {dag.py:1824} INFO - Sync 1 DAGs
[2026-09-23 12:13:48,056] {logging_mixin.py:104} INFO - [2026-09-23 12:13:48,056] {dag.py:2280} INFO - Setting next_dagrun for example_short_circuit_operator to 2026-09-21 00:00:00+00:00
[2026-09-23 12:13:48,072] {scheduler_job.py:190} INFO - Processing /home/airflow/.local/lib/python3.6/site-packages/airflow/example_dags/example_short_circuit_operator.py took 0.084 seconds
[2026-09-23 12:14:18,761] {scheduler_job.py:182} INFO - Started process (PID=2706) to work on /home/airflow/.local/lib/python3.6/site-packages/airflow/example_dags/example_short_circuit_operator.py
[2026-09-23 12:14:18,764] {scheduler_job.py:629} INFO - Processing file /home/airflow/.local/lib/python3.6/site-packages/airflow/example_dags/example_short_circuit_operator.py for tasks to queue
[2026-09-23 12:14:18,765] {logging_mixin.py:104} INFO - [2026-09-23 12:14:18,765] {dagbag.py:451} INFO - Filling up the DagBag from /home/airflow/.local/lib/python3.6/site-packages/airflow/example_dags/example_short_circuit_operator.py
[2026-09-23 12:14:18,795] {scheduler_job.py:639} INFO - DAG(s) dict_keys(['example_short_circuit_operator']) retrieved from /home/airflow/.local/lib/python3.6/site-packages/airflow/example_dags/example_short_circuit_operator.py
[2026-09-23 12:14:18,852] {logging_mixin.py:104} INFO - [2026-09-23 12:14:18,852] {dag.py:1824} INFO - Sync 1 DAGs
[2026-09-23 12:14:18,885] {logging_mixin.py:104} INFO - [2026-09-23 12:14:18,884] {dag.py:2280} INFO - Setting next_dagrun for example_short_circuit_operator to 2026-09-21 00:00:00+00:00
[2026-09-23 12:14:18,909] {scheduler_job.py:190} INFO - Processing /home/airflow/.local/lib/python3.6/site-packages/airflow/example_dags/example_short_circuit_operator.py took 0.155 seconds
[2026-09-23 12:14:49,414] {scheduler_job.py:182} INFO - Started process (PID=2732) to work on /home/airflow/.local/lib/python3.6/site-packages/airflow/example_dags/example_short_circuit_operator.py
[2026-09-23 12:14:49,415] {scheduler_job.py:629} INFO - Processing file /home/airflow/.local/lib/python3.6/site-packages/airflow/example_dags/example_short_circuit_operator.py for tasks to queue
[2026-09-23 12:14:49,416] {logging_mixin.py:104} INFO - [2026-09-23 12:14:49,416] {dagbag.py:451} INFO - Filling up the DagBag from /home/airflow/.local/lib/python3.6/site-packages/airflow/example_dags/example_short_circuit_operator.py
[2026-09-23 12:14:49,433] {scheduler_job.py:639} INFO - DAG(s) dict_keys(['example_short_circuit_operator']) retrieved from /home/airflow/.local/lib/python3.6/site-packages/airflow/example_dags/example_short_circuit_operator.py
[2026-09-23 12:14:49,458] {logging_mixin.py:104} INFO - [2026-09-23 12:14:49,458] {dag.py:1824} INFO - Sync 1 DAGs
[2026-09-23 12:14:49,478] {logging_mixin.py:104} INFO - [2026-09-23 12:14:49,478] {dag.py:2280} INFO - Setting next_dagrun for example_short_circuit_operator to 2026-09-21 00:00:00+00:00
[2026-09-23 12:14:49,493] {scheduler_job.py:190} INFO - Processing /home/airflow/.local/lib/python3.6/site-packages/airflow/example_dags/example_short_circuit_operator.py took 0.084 seconds
[2026-09-23 12:15:20,028] {scheduler_job.py:182} INFO - Started process (PID=2758) to work on /home/airflow/.local/lib/python3.6/site-packages/airflow/example_dags/example_short_circuit_operator.py
[2026-09-23 12:15:20,029] {scheduler_job.py:629} INFO - Processing file /home/airflow/.local/lib/python3.6/site-packages/airflow/example_dags/example_short_circuit_operator.py for tasks to queue
[2026-09-23 12:15:20,030] {logging_mixin.py:104} INFO - [2026-09-23 12:15:20,030] {dagbag.py:451} INFO - Filling up the DagBag from /home/airflow/.local/lib/python3.6/site-packages/airflow/example_dags/example_short_circuit_operator.py
[2026-09-23 12:15:20,047] {scheduler_job.py:639} INFO - DAG(s) dict_keys(['example_short_circuit_operator']) retrieved from /home/airflow/.local/lib/python3.6/site-packages/airflow/example_dags/example_short_circuit_operator.py
[2026-09-23 12:15:20,071] {logging_mixin.py:104} INFO - [2026-09-23 12:15:20,071] {dag.py:1824} INFO - Sync 1 DAGs
[2026-09-23 12:15:20,092] {logging_mixin.py:104} INFO - [2026-09-23 12:15:20,091] {dag.py:2280} INFO - Setting next_dagrun for example_short_circuit_operator to 2026-09-21 00:00:00+00:00
[2026-09-23 12:15:20,112] {scheduler_job.py:190} INFO - Processing /home/airflow/.local/lib/python3.6/site-packages/airflow/example_dags/example_short_circuit_operator.py took 0.088 seconds
[2026-09-23 12:15:50,679] {scheduler_job.py:182} INFO - Started process (PID=2784) to work on /home/airflow/.local/lib/python3.6/site-packages/airflow/example_dags/example_short_circuit_operator.py
[2026-09-23 12:15:50,680] {scheduler_job.py:629} INFO - Processing file /home/airflow/.local/lib/python3.6/site-packages/airflow/example_dags/example_short_circuit_operator.py for tasks to queue
[2026-09-23 12:15:50,681] {logging_mixin.py:104} INFO - [2026-09-23 12:15:50,681] {dagbag.py:451} INFO - Filling up the DagBag from /home/airflow/.local/lib/python3.6/site-packages/airflow/example_dags/example_short_circuit_operator.py
[2026-09-23 12:15:50,706] {scheduler_job.py:639} INFO - DAG(s) dict_keys(['example_short_circuit_operator']) retrieved from /home/airflow/.local/lib/python3.6/site-packages/airflow/example_dags/example_short_circuit_operator.py
[2026-09-23 12:15:50,742] {logging_mixin.py:104} INFO - [2026-09-23 12:15:50,742] {dag.py:1824} INFO - Sync 1 DAGs
[2026-09-23 12:15:50,773] {logging_mixin.py:104} INFO - [2026-09-23 12:15:50,773] {dag.py:2280} INFO - Setting next_dagrun for example_short_circuit_operator to 2026-09-21 00:00:00+00:00
[2026-09-23 12:15:50,790] {scheduler_job.py:190} INFO - Processing /home/airflow/.local/lib/python3.6/site-packages/airflow/example_dags/example_short_circuit_operator.py took 0.117 seconds
[2026-09-23 12:16:21,342] {scheduler_job.py:182} INFO - Started process (PID=2810) to work on /home/airflow/.local/lib/python3.6/site-packages/airflow/example_dags/example_short_circuit_operator.py
[2026-09-23 12:16:21,344] {scheduler_job.py:629} INFO - Processing file /home/airflow/.local/lib/python3.6/site-packages/airflow/example_dags/example_short_circuit_operator.py for tasks to queue
[2026-09-23 12:16:21,345] {logging_mixin.py:104} INFO - [2026-09-23 12:16:21,344] {dagbag.py:451} INFO - Filling up the DagBag from /home/airflow/.local/lib/python3.6/site-packages/airflow/example_dags/example_short_circuit_operator.py
[2026-09-23 12:16:21,370] {scheduler_job.py:639} INFO - DAG(s) dict_keys(['example_short_circuit_operator']) retrieved from /home/airflow/.local/lib/python3.6/site-packages/airflow/example_dags/example_short_circuit_operator.py
[2026-09-23 12:16:21,404] {logging_mixin.py:104} INFO - [2026-09-23 12:16:21,404] {dag.py:1824} INFO - Sync 1 DAGs
[2026-09-23 12:16:21,433] {logging_mixin.py:104} INFO - [2026-09-23 12:16:21,433] {dag.py:2280} INFO - Setting next_dagrun for example_short_circuit_operator to 2026-09-21 00:00:00+00:00
[2026-09-23 12:16:21,464] {scheduler_job.py:190} INFO - Processing /home/airflow/.local/lib/python3.6/site-packages/airflow/example_dags/example_short_circuit_operator.py took 0.127 seconds
[2026-09-23 12:16:52,057] {scheduler_job.py:182} INFO - Started process (PID=2836) to work on /home/airflow/.local/lib/python3.6/site-packages/airflow/example_dags/example_short_circuit_operator.py
[2026-09-23 12:16:52,059] {scheduler_job.py:629} INFO - Processing file /home/airflow/.local/lib/python3.6/site-packages/airflow/example_dags/example_short_circuit_operator.py for tasks to queue
[2026-09-23 12:16:52,060] {logging_mixin.py:104} INFO - [2026-09-23 12:16:52,060] {dagbag.py:451} INFO - Filling up the DagBag from /home/airflow/.local/lib/python3.6/site-packages/airflow/example_dags/example_short_circuit_operator.py
[2026-09-23 12:16:52,084] {scheduler_job.py:639} INFO - DAG(s) dict_keys(['example_short_circuit_operator']) retrieved from /home/airflow/.local/lib/python3.6/site-packages/airflow/example_dags/example_short_circuit_operator.py
[2026-09-23 12:16:52,116] {logging_mixin.py:104} INFO - [2026-09-23 12:16:52,116] {dag.py:1824} INFO - Sync 1 DAGs
[2026-09-23 12:16:52,147] {logging_mixin.py:104} INFO - [2026-09-23 12:16:52,147] {dag.py:2280} INFO - Setting next_dagrun for example_short_circuit_operator to 2026-09-21 00:00:00+00:00
[2026-09-23 12:16:52,165] {scheduler_job.py:190} INFO - Processing /home/airflow/.local/lib/python3.6/site-packages/airflow/example_dags/example_short_circuit_operator.py took 0.113 seconds
[2026-09-23 12:17:22,590] {scheduler_job.py:182} INFO - Started process (PID=2862) to work on /home/airflow/.local/lib/python3.6/site-packages/airflow/example_dags/example_short_circuit_operator.py
[2026-09-23 12:17:22,592] {scheduler_job.py:629} INFO - Processing file /home/airflow/.local/lib/python3.6/site-packages/airflow/example_dags/example_short_circuit_operator.py for tasks to queue
[2026-09-23 12:17:22,593] {logging_mixin.py:104} INFO - [2026-09-23 12:17:22,593] {dagbag.py:451} INFO - Filling up the DagBag from /home/airflow/.local/lib/python3.6/site-packages/airflow/example_dags/example_short_circuit_operator.py
[2026-09-23 12:17:22,626] {scheduler_job.py:639} INFO - DAG(s) dict_keys(['example_short_circuit_operator']) retrieved from /home/airflow/.local/lib/python3.6/site-packages/airflow/example_dags/example_short_circuit_operator.py
[2026-09-23 12:17:22,661] {logging_mixin.py:104} INFO - [2026-09-23 12:17:22,660] {dag.py:1824} INFO - Sync 1 DAGs
[2026-09-23 12:17:22,686] {logging_mixin.py:104} INFO - [2026-09-23 12:17:22,686] {dag.py:2280} INFO - Setting next_dagrun for example_short_circuit_operator to 2026-09-21 00:00:00+00:00
[2026-09-23 12:17:22,707] {scheduler_job.py:190} INFO - Processing /home/airflow/.local/lib/python3.6/site-packages/airflow/example_dags/example_short_circuit_operator.py took 0.125 seconds
[2026-09-23 12:17:53,253] {scheduler_job.py:182} INFO - Started process (PID=2888) to work on /home/airflow/.local/lib/python3.6/site-packages/airflow/example_dags/example_short_circuit_operator.py
[2026-09-23 12:17:53,255] {scheduler_job.py:629} INFO - Processing file /home/airflow/.local/lib/python3.6/site-packages/airflow/example_dags/example_short_circuit_operator.py for tasks to queue
[2026-09-23 12:17:53,256] {logging_mixin.py:104} INFO - [2026-09-23 12:17:53,256] {dagbag.py:451} INFO - Filling up the DagBag from /home/airflow/.local/lib/python3.6/site-packages/airflow/example_dags/example_short_circuit_operator.py
[2026-09-23 12:17:53,279] {scheduler_job.py:639} INFO - DAG(s) dict_keys(['example_short_circuit_operator']) retrieved from /home/airflow/.local/lib/python3.6/site-packages/airflow/example_dags/example_short_circuit_operator.py
[2026-09-23 12:17:53,312] {logging_mixin.py:104} INFO - [2026-09-23 12:17:53,311] {dag.py:1824} INFO - Sync 1 DAGs
[2026-09-23 12:17:53,334] {logging_mixin.py:104} INFO - [2026-09-23 12:17:53,334] {dag.py:2280} INFO - Setting next_dagrun for example_short_circuit_operator to 2026-09-21 00:00:00+00:00
[2026-09-23 12:17:53,352] {scheduler_job.py:190} INFO - Processing /home/airflow/.local/lib/python3.6/site-packages/airflow/example_dags/example_short_circuit_operator.py took 0.104 seconds
[2026-09-23 12:18:23,712] {scheduler_job.py:182} INFO - Started process (PID=2914) to work on /home/airflow/.local/lib/python3.6/site-packages/airflow/example_dags/example_short_circuit_operator.py
[2026-09-23 12:18:23,714] {scheduler_job.py:629} INFO - Processing file /home/airflow/.local/lib/python3.6/site-packages/airflow/example_dags/example_short_circuit_operator.py for tasks to queue
[2026-09-23 12:18:23,715] {logging_mixin.py:104} INFO - [2026-09-23 12:18:23,715] {dagbag.py:451} INFO - Filling up the DagBag from /home/airflow/.local/lib/python3.6/site-packages/airflow/example_dags/example_short_circuit_operator.py
[2026-09-23 12:18:23,735] {scheduler_job.py:639} INFO - DAG(s) dict_keys(['example_short_circuit_operator']) retrieved from /home/airflow/.local/lib/python3.6/site-packages/airflow/example_dags/example_short_circuit_operator.py
[2026-09-23 12:18:23,760] {logging_mixin.py:104} INFO - [2026-09-23 12:18:23,760] {dag.py:1824} INFO - Sync 1 DAGs
[2026-09-23 12:18:23,780] {logging_mixin.py:104} INFO - [2026-09-23 12:18:23,780] {dag.py:2280} INFO - Setting next_dagrun for example_short_circuit_operator to 2026-09-21 00:00:00+00:00
[2026-09-23 12:18:23,795] {scheduler_job.py:190} INFO - Processing /home/airflow/.local/lib/python3.6/site-packages/airflow/example_dags/example_short_circuit_operator.py took 0.087 seconds
[2026-09-23 12:18:54,322] {scheduler_job.py:182} INFO - Started process (PID=2940) to work on /home/airflow/.local/lib/python3.6/site-packages/airflow/example_dags/example_short_circuit_operator.py
[2026-09-23 12:18:54,324] {scheduler_job.py:629} INFO - Processing file /home/airflow/.local/lib/python3.6/site-packages/airflow/example_dags/example_short_circuit_operator.py for tasks to queue
[2026-09-23 12:18:54,324] {logging_mixin.py:104} INFO - [2026-09-23 12:18:54,324] {dagbag.py:451} INFO - Filling up the DagBag from /home/airflow/.local/lib/python3.6/site-packages/airflow/example_dags/example_short_circuit_operator.py
[2026-09-23 12:18:54,341] {scheduler_job.py:639} INFO - DAG(s) dict_keys(['example_short_circuit_operator']) retrieved from /home/airflow/.local/lib/python3.6/site-packages/airflow/example_dags/example_short_circuit_operator.py
[2026-09-23 12:18:54,367] {logging_mixin.py:104} INFO - [2026-09-23 12:18:54,366] {dag.py:1824} INFO - Sync 1 DAGs
[2026-09-23 12:18:54,388] {logging_mixin.py:104} INFO - [2026-09-23 12:18:54,388] {dag.py:2280} INFO - Setting next_dagrun for example_short_circuit_operator to 2026-09-21 00:00:00+00:00
[2026-09-23 12:18:54,406] {scheduler_job.py:190} INFO - Processing /home/airflow/.local/lib/python3.6/site-packages/airflow/example_dags/example_short_circuit_operator.py took 0.088 seconds
[2026-09-23 12:19:25,199] {scheduler_job.py:182} INFO - Started process (PID=2966) to work on /home/airflow/.local/lib/python3.6/site-packages/airflow/example_dags/example_short_circuit_operator.py
[2026-09-23 12:19:25,201] {scheduler_job.py:629} INFO - Processing file /home/airflow/.local/lib/python3.6/site-packages/airflow/example_dags/example_short_circuit_operator.py for tasks to queue
[2026-09-23 12:19:25,202] {logging_mixin.py:104} INFO - [2026-09-23 12:19:25,202] {dagbag.py:451} INFO - Filling up the DagBag from /home/airflow/.local/lib/python3.6/site-packages/airflow/example_dags/example_short_circuit_operator.py
[2026-09-23 12:19:25,219] {scheduler_job.py:639} INFO - DAG(s) dict_keys(['example_short_circuit_operator']) retrieved from /home/airflow/.local/lib/python3.6/site-packages/airflow/example_dags/example_short_circuit_operator.py
[2026-09-23 12:19:25,251] {logging_mixin.py:104} INFO - [2026-09-23 12:19:25,251] {dag.py:1824} INFO - Sync 1 DAGs
[2026-09-23 12:19:25,272] {logging_mixin.py:104} INFO - [2026-09-23 12:19:25,272] {dag.py:2280} INFO - Setting next_dagrun for example_short_circuit_operator to 2026-09-21 00:00:00+00:00
[2026-09-23 12:19:25,284] {scheduler_job.py:190} INFO - Processing /home/airflow/.local/lib/python3.6/site-packages/airflow/example_dags/example_short_circuit_operator.py took 0.090 seconds
[2026-09-23 12:19:56,013] {scheduler_job.py:182} INFO - Started process (PID=2992) to work on /home/airflow/.local/lib/python3.6/site-packages/airflow/example_dags/example_short_circuit_operator.py
[2026-09-23 12:19:56,015] {scheduler_job.py:629} INFO - Processing file /home/airflow/.local/lib/python3.6/site-packages/airflow/example_dags/example_short_circuit_operator.py for tasks to queue
[2026-09-23 12:19:56,019] {logging_mixin.py:104} INFO - [2026-09-23 12:19:56,019] {dagbag.py:451} INFO - Filling up the DagBag from /home/airflow/.local/lib/python3.6/site-packages/airflow/example_dags/example_short_circuit_operator.py
[2026-09-23 12:19:56,044] {scheduler_job.py:639} INFO - DAG(s) dict_keys(['example_short_circuit_operator']) retrieved from /home/airflow/.local/lib/python3.6/site-packages/airflow/example_dags/example_short_circuit_operator.py
[2026-09-23 12:19:56,089] {logging_mixin.py:104} INFO - [2026-09-23 12:19:56,088] {dag.py:1824} INFO - Sync 1 DAGs
[2026-09-23 12:19:56,123] {logging_mixin.py:104} INFO - [2026-09-23 12:19:56,123] {dag.py:2280} INFO - Setting next_dagrun for example_short_circuit_operator to 2026-09-21 00:00:00+00:00
[2026-09-23 12:19:56,146] {scheduler_job.py:190} INFO - Processing /home/airflow/.local/lib/python3.6/site-packages/airflow/example_dags/example_short_circuit_operator.py took 0.142 seconds
[2026-09-23 12:20:26,686] {scheduler_job.py:182} INFO - Started process (PID=3018) to work on /home/airflow/.local/lib/python3.6/site-packages/airflow/example_dags/example_short_circuit_operator.py
[2026-09-23 12:20:26,688] {scheduler_job.py:629} INFO - Processing file /home/airflow/.local/lib/python3.6/site-packages/airflow/example_dags/example_short_circuit_operator.py for tasks to queue
[2026-09-23 12:20:26,689] {logging_mixin.py:104} INFO - [2026-09-23 12:20:26,689] {dagbag.py:451} INFO - Filling up the DagBag from /home/airflow/.local/lib/python3.6/site-packages/airflow/example_dags/example_short_circuit_operator.py
[2026-09-23 12:20:26,709] {scheduler_job.py:639} INFO - DAG(s) dict_keys(['example_short_circuit_operator']) retrieved from /home/airflow/.local/lib/python3.6/site-packages/airflow/example_dags/example_short_circuit_operator.py
[2026-09-23 12:20:26,738] {logging_mixin.py:104} INFO - [2026-09-23 12:20:26,737] {dag.py:1824} INFO - Sync 1 DAGs
[2026-09-23 12:20:26,761] {logging_mixin.py:104} INFO - [2026-09-23 12:20:26,761] {dag.py:2280} INFO - Setting next_dagrun for example_short_circuit_operator to 2026-09-21 00:00:00+00:00
[2026-09-23 12:20:26,776] {scheduler_job.py:190} INFO - Processing /home/airflow/.local/lib/python3.6/site-packages/airflow/example_dags/example_short_circuit_operator.py took 0.095 seconds
[2026-09-23 12:20:57,451] {scheduler_job.py:182} INFO - Started process (PID=3044) to work on /home/airflow/.local/lib/python3.6/site-packages/airflow/example_dags/example_short_circuit_operator.py
[2026-09-23 12:20:57,452] {scheduler_job.py:629} INFO - Processing file /home/airflow/.local/lib/python3.6/site-packages/airflow/example_dags/example_short_circuit_operator.py for tasks to queue
[2026-09-23 12:20:57,453] {logging_mixin.py:104} INFO - [2026-09-23 12:20:57,453] {dagbag.py:451} INFO - Filling up the DagBag from /home/airflow/.local/lib/python3.6/site-packages/airflow/example_dags/example_short_circuit_operator.py
[2026-09-23 12:20:57,479] {scheduler_job.py:639} INFO - DAG(s) dict_keys(['example_short_circuit_operator']) retrieved from /home/airflow/.local/lib/python3.6/site-packages/airflow/example_dags/example_short_circuit_operator.py
[2026-09-23 12:20:57,509] {logging_mixin.py:104} INFO - [2026-09-23 12:20:57,508] {dag.py:1824} INFO - Sync 1 DAGs
[2026-09-23 12:20:57,534] {logging_mixin.py:104} INFO - [2026-09-23 12:20:57,534] {dag.py:2280} INFO - Setting next_dagrun for example_short_circuit_operator to 2026-09-21 00:00:00+00:00
[2026-09-23 12:20:57,549] {scheduler_job.py:190} INFO - Processing /home/airflow/.local/lib/python3.6/site-packages/airflow/example_dags/example_short_circuit_operator.py took 0.104 seconds
[2026-09-23 12:21:27,966] {scheduler_job.py:182} INFO - Started process (PID=3070) to work on /home/airflow/.local/lib/python3.6/site-packages/airflow/example_dags/example_short_circuit_operator.py
[2026-09-23 12:21:27,967] {scheduler_job.py:629} INFO - Processing file /home/airflow/.local/lib/python3.6/site-packages/airflow/example_dags/example_short_circuit_operator.py for tasks to queue
[2026-09-23 12:21:27,968] {logging_mixin.py:104} INFO - [2026-09-23 12:21:27,968] {dagbag.py:451} INFO - Filling up the DagBag from /home/airflow/.local/lib/python3.6/site-packages/airflow/example_dags/example_short_circuit_operator.py
[2026-09-23 12:21:27,987] {scheduler_job.py:639} INFO - DAG(s) dict_keys(['example_short_circuit_operator']) retrieved from /home/airflow/.local/lib/python3.6/site-packages/airflow/example_dags/example_short_circuit_operator.py
[2026-09-23 12:21:28,023] {logging_mixin.py:104} INFO - [2026-09-23 12:21:28,022] {dag.py:1824} INFO - Sync 1 DAGs
[2026-09-23 12:21:28,049] {logging_mixin.py:104} INFO - [2026-09-23 12:21:28,049] {dag.py:2280} INFO - Setting next_dagrun for example_short_circuit_operator to 2026-09-21 00:00:00+00:00
[2026-09-23 12:21:28,076] {scheduler_job.py:190} INFO - Processing /home/airflow/.local/lib/python3.6/site-packages/airflow/example_dags/example_short_circuit_operator.py took 0.115 seconds
[2026-09-23 12:21:58,475] {scheduler_job.py:182} INFO - Started process (PID=3096) to work on /home/airflow/.local/lib/python3.6/site-packages/airflow/example_dags/example_short_circuit_operator.py
[2026-09-23 12:21:58,476] {scheduler_job.py:629} INFO - Processing file /home/airflow/.local/lib/python3.6/site-packages/airflow/example_dags/example_short_circuit_operator.py for tasks to queue
[2026-09-23 12:21:58,477] {logging_mixin.py:104} INFO - [2026-09-23 12:21:58,477] {dagbag.py:451} INFO - Filling up the DagBag from /home/airflow/.local/lib/python3.6/site-packages/airflow/example_dags/example_short_circuit_operator.py
[2026-09-23 12:21:58,495] {scheduler_job.py:639} INFO - DAG(s) dict_keys(['example_short_circuit_operator']) retrieved from /home/airflow/.local/lib/python3.6/site-packages/airflow/example_dags/example_short_circuit_operator.py
[2026-09-23 12:21:58,523] {logging_mixin.py:104} INFO - [2026-09-23 12:21:58,523] {dag.py:1824} INFO - Sync 1 DAGs
[2026-09-23 12:21:58,547] {logging_mixin.py:104} INFO - [2026-09-23 12:21:58,547] {dag.py:2280} INFO - Setting next_dagrun for example_short_circuit_operator to 2026-09-21 00:00:00+00:00
[2026-09-23 12:21:58,568] {scheduler_job.py:190} INFO - Processing /home/airflow/.local/lib/python3.6/site-packages/airflow/example_dags/example_short_circuit_operator.py took 0.098 seconds
[2026-09-23 12:22:28,976] {scheduler_job.py:182} INFO - Started process (PID=3123) to work on /home/airflow/.local/lib/python3.6/site-packages/airflow/example_dags/example_short_circuit_operator.py
[2026-09-23 12:22:28,978] {scheduler_job.py:629} INFO - Processing file /home/airflow/.local/lib/python3.6/site-packages/airflow/example_dags/example_short_circuit_operator.py for tasks to queue
[2026-09-23 12:22:28,979] {logging_mixin.py:104} INFO - [2026-09-23 12:22:28,979] {dagbag.py:451} INFO - Filling up the DagBag from /home/airflow/.local/lib/python3.6/site-packages/airflow/example_dags/example_short_circuit_operator.py
[2026-09-23 12:22:28,997] {scheduler_job.py:639} INFO - DAG(s) dict_keys(['example_short_circuit_operator']) retrieved from /home/airflow/.local/lib/python3.6/site-packages/airflow/example_dags/example_short_circuit_operator.py
[2026-09-23 12:22:29,022] {logging_mixin.py:104} INFO - [2026-09-23 12:22:29,022] {dag.py:1824} INFO - Sync 1 DAGs
[2026-09-23 12:22:29,043] {logging_mixin.py:104} INFO - [2026-09-23 12:22:29,043] {dag.py:2280} INFO - Setting next_dagrun for example_short_circuit_operator to 2026-09-21 00:00:00+00:00
[2026-09-23 12:22:29,059] {scheduler_job.py:190} INFO - Processing /home/airflow/.local/lib/python3.6/site-packages/airflow/example_dags/example_short_circuit_operator.py took 0.089 seconds
[2026-09-23 12:22:59,606] {scheduler_job.py:182} INFO - Started process (PID=3149) to work on /home/airflow/.local/lib/python3.6/site-packages/airflow/example_dags/example_short_circuit_operator.py
[2026-09-23 12:22:59,607] {scheduler_job.py:629} INFO - Processing file /home/airflow/.local/lib/python3.6/site-packages/airflow/example_dags/example_short_circuit_operator.py for tasks to queue
[2026-09-23 12:22:59,608] {logging_mixin.py:104} INFO - [2026-09-23 12:22:59,608] {dagbag.py:451} INFO - Filling up the DagBag from /home/airflow/.local/lib/python3.6/site-packages/airflow/example_dags/example_short_circuit_operator.py
[2026-09-23 12:22:59,627] {scheduler_job.py:639} INFO - DAG(s) dict_keys(['example_short_circuit_operator']) retrieved from /home/airflow/.local/lib/python3.6/site-packages/airflow/example_dags/example_short_circuit_operator.py
[2026-09-23 12:22:59,653] {logging_mixin.py:104} INFO - [2026-09-23 12:22:59,653] {dag.py:1824} INFO - Sync 1 DAGs
[2026-09-23 12:22:59,676] {logging_mixin.py:104} INFO - [2026-09-23 12:22:59,676] {dag.py:2280} INFO - Setting next_dagrun for example_short_circuit_operator to 2026-09-21 00:00:00+00:00
[2026-09-23 12:22:59,702] {scheduler_job.py:190} INFO - Processing /home/airflow/.local/lib/python3.6/site-packages/airflow/example_dags/example_short_circuit_operator.py took 0.100 seconds
[2026-09-23 12:23:30,082] {scheduler_job.py:182} INFO - Started process (PID=3174) to work on /home/airflow/.local/lib/python3.6/site-packages/airflow/example_dags/example_short_circuit_operator.py
[2026-09-23 12:23:30,084] {scheduler_job.py:629} INFO - Processing file /home/airflow/.local/lib/python3.6/site-packages/airflow/example_dags/example_short_circuit_operator.py for tasks to queue
[2026-09-23 12:23:30,087] {logging_mixin.py:104} INFO - [2026-09-23 12:23:30,087] {dagbag.py:451} INFO - Filling up the DagBag from /home/airflow/.local/lib/python3.6/site-packages/airflow/example_dags/example_short_circuit_operator.py
[2026-09-23 12:23:30,113] {scheduler_job.py:639} INFO - DAG(s) dict_keys(['example_short_circuit_operator']) retrieved from /home/airflow/.local/lib/python3.6/site-packages/airflow/example_dags/example_short_circuit_operator.py
[2026-09-23 12:23:30,141] {logging_mixin.py:104} INFO - [2026-09-23 12:23:30,141] {dag.py:1824} INFO - Sync 1 DAGs
[2026-09-23 12:23:30,161] {logging_mixin.py:104} INFO - [2026-09-23 12:23:30,161] {dag.py:2280} INFO - Setting next_dagrun for example_short_circuit_operator to 2026-09-21 00:00:00+00:00
[2026-09-23 12:23:30,174] {scheduler_job.py:190} INFO - Processing /home/airflow/.local/lib/python3.6/site-packages/airflow/example_dags/example_short_circuit_operator.py took 0.098 seconds
[2026-09-23 12:24:00,838] {scheduler_job.py:182} INFO - Started process (PID=3200) to work on /home/airflow/.local/lib/python3.6/site-packages/airflow/example_dags/example_short_circuit_operator.py
[2026-09-23 12:24:00,840] {scheduler_job.py:629} INFO - Processing file /home/airflow/.local/lib/python3.6/site-packages/airflow/example_dags/example_short_circuit_operator.py for tasks to queue
[2026-09-23 12:24:00,841] {logging_mixin.py:104} INFO - [2026-09-23 12:24:00,841] {dagbag.py:451} INFO - Filling up the DagBag from /home/airflow/.local/lib/python3.6/site-packages/airflow/example_dags/example_short_circuit_operator.py
[2026-09-23 12:24:00,864] {scheduler_job.py:639} INFO - DAG(s) dict_keys(['example_short_circuit_operator']) retrieved from /home/airflow/.local/lib/python3.6/site-packages/airflow/example_dags/example_short_circuit_operator.py
[2026-09-23 12:24:00,899] {logging_mixin.py:104} INFO - [2026-09-23 12:24:00,899] {dag.py:1824} INFO - Sync 1 DAGs
[2026-09-23 12:24:00,926] {logging_mixin.py:104} INFO - [2026-09-23 12:24:00,925] {dag.py:2280} INFO - Setting next_dagrun for example_short_circuit_operator to 2026-09-21 00:00:00+00:00
[2026-09-23 12:24:00,942] {scheduler_job.py:190} INFO - Processing /home/airflow/.local/lib/python3.6/site-packages/airflow/example_dags/example_short_circuit_operator.py took 0.109 seconds
[2026-09-23 12:24:31,885] {scheduler_job.py:182} INFO - Started process (PID=3226) to work on /home/airflow/.local/lib/python3.6/site-packages/airflow/example_dags/example_short_circuit_operator.py
[2026-09-23 12:24:31,888] {scheduler_job.py:629} INFO - Processing file /home/airflow/.local/lib/python3.6/site-packages/airflow/example_dags/example_short_circuit_operator.py for tasks to queue
[2026-09-23 12:24:31,889] {logging_mixin.py:104} INFO - [2026-09-23 12:24:31,889] {dagbag.py:451} INFO - Filling up the DagBag from /home/airflow/.local/lib/python3.6/site-packages/airflow/example_dags/example_short_circuit_operator.py
[2026-09-23 12:24:31,911] {scheduler_job.py:639} INFO - DAG(s) dict_keys(['example_short_circuit_operator']) retrieved from /home/airflow/.local/lib/python3.6/site-packages/airflow/example_dags/example_short_circuit_operator.py
[2026-09-23 12:24:31,936] {logging_mixin.py:104} INFO - [2026-09-23 12:24:31,935] {dag.py:1824} INFO - Sync 1 DAGs
[2026-09-23 12:24:31,955] {logging_mixin.py:104} INFO - [2026-09-23 12:24:31,955] {dag.py:2280} INFO - Setting next_dagrun for example_short_circuit_operator to 2026-09-21 00:00:00+00:00
[2026-09-23 12:24:31,973] {scheduler_job.py:190} INFO - Processing /home/airflow/.local/lib/python3.6/site-packages/airflow/example_dags/example_short_circuit_operator.py took 0.093 seconds
[2026-09-23 12:25:02,398] {scheduler_job.py:182} INFO - Started process (PID=3252) to work on /home/airflow/.local/lib/python3.6/site-packages/airflow/example_dags/example_short_circuit_operator.py
[2026-09-23 12:25:02,400] {scheduler_job.py:629} INFO - Processing file /home/airflow/.local/lib/python3.6/site-packages/airflow/example_dags/example_short_circuit_operator.py for tasks to queue
[2026-09-23 12:25:02,401] {logging_mixin.py:104} INFO - [2026-09-23 12:25:02,401] {dagbag.py:451} INFO - Filling up the DagBag from /home/airflow/.local/lib/python3.6/site-packages/airflow/example_dags/example_short_circuit_operator.py
[2026-09-23 12:25:02,420] {scheduler_job.py:639} INFO - DAG(s) dict_keys(['example_short_circuit_operator']) retrieved from /home/airflow/.local/lib/python3.6/site-packages/airflow/example_dags/example_short_circuit_operator.py
[2026-09-23 12:25:02,448] {logging_mixin.py:104} INFO - [2026-09-23 12:25:02,448] {dag.py:1824} INFO - Sync 1 DAGs
[2026-09-23 12:25:02,470] {logging_mixin.py:104} INFO - [2026-09-23 12:25:02,470] {dag.py:2280} INFO - Setting next_dagrun for example_short_circuit_operator to 2026-09-21 00:00:00+00:00
[2026-09-23 12:25:02,484] {scheduler_job.py:190} INFO - Processing /home/airflow/.local/lib/python3.6/site-packages/airflow/example_dags/example_short_circuit_operator.py took 0.091 seconds
[2026-09-23 12:47:03,676] {scheduler_job.py:182} INFO - Started process (PID=3289) to work on /home/airflow/.local/lib/python3.6/site-packages/airflow/example_dags/example_short_circuit_operator.py
[2026-09-23 12:47:03,678] {scheduler_job.py:629} INFO - Processing file /home/airflow/.local/lib/python3.6/site-packages/airflow/example_dags/example_short_circuit_operator.py for tasks to queue
[2026-09-23 12:47:03,679] {logging_mixin.py:104} INFO - [2026-09-23 12:47:03,679] {dagbag.py:451} INFO - Filling up the DagBag from /home/airflow/.local/lib/python3.6/site-packages/airflow/example_dags/example_short_circuit_operator.py
[2026-09-23 12:47:03,709] {scheduler_job.py:639} INFO - DAG(s) dict_keys(['example_short_circuit_operator']) retrieved from /home/airflow/.local/lib/python3.6/site-packages/airflow/example_dags/example_short_circuit_operator.py
[2026-09-23 12:47:03,747] {logging_mixin.py:104} INFO - [2026-09-23 12:47:03,747] {dag.py:1824} INFO - Sync 1 DAGs
[2026-09-23 12:47:03,777] {logging_mixin.py:104} INFO - [2026-09-23 12:47:03,776] {dag.py:2280} INFO - Setting next_dagrun for example_short_circuit_operator to 2026-09-21 00:00:00+00:00
[2026-09-23 12:47:03,843] {scheduler_job.py:190} INFO - Processing /home/airflow/.local/lib/python3.6/site-packages/airflow/example_dags/example_short_circuit_operator.py took 0.173 seconds
