[2026-09-23 11:22:13,118] {scheduler_job.py:182} INFO - Started process (PID=39) to work on /home/airflow/.local/lib/python3.6/site-packages/airflow/example_dags/example_subdag_operator.py
[2026-09-23 11:22:13,121] {scheduler_job.py:629} INFO - Processing file /home/airflow/.local/lib/python3.6/site-packages/airflow/example_dags/example_subdag_operator.py for tasks to queue
[2026-09-23 11:22:13,123] {logging_mixin.py:104} INFO - [2026-09-23 11:22:13,122] {dagbag.py:451} INFO - Filling up the DagBag from /home/airflow/.local/lib/python3.6/site-packages/airflow/example_dags/example_subdag_operator.py
[2026-09-23 11:22:13,185] {scheduler_job.py:639} INFO - DAG(s) dict_keys(['example_subdag_operator.section-1', 'example_subdag_operator.section-2', 'example_subdag_operator']) retrieved from /home/airflow/.local/lib/python3.6/site-packages/airflow/example_dags/example_subdag_operator.py
[2026-09-23 11:22:13,222] {logging_mixin.py:104} INFO - [2026-09-23 11:22:13,222] {dag.py:1824} INFO - Sync 3 DAGs
[2026-09-23 11:22:13,255] {logging_mixin.py:104} INFO - [2026-09-23 11:22:13,255] {dag.py:2280} INFO - Setting next_dagrun for example_subdag_operator to 2026-09-21 00:00:00+00:00
[2026-09-23 11:22:13,257] {logging_mixin.py:104} INFO - [2026-09-23 11:22:13,257] {dag.py:2280} INFO - Setting next_dagrun for example_subdag_operator.section-1 to None
[2026-09-23 11:22:13,257] {logging_mixin.py:104} INFO - [2026-09-23 11:22:13,257] {dag.py:2280} INFO - Setting next_dagrun for example_subdag_operator.section-2 to None
[2026-09-23 11:22:13,286] {logging_mixin.py:104} INFO - [2026-09-23 11:22:13,285] {dag.py:1824} INFO - Sync 2 DAGs
[2026-09-23 11:22:13,305] {logging_mixin.py:104} INFO - [2026-09-23 11:22:13,305] {dag.py:2280} INFO - Setting next_dagrun for example_subdag_operator.section-1 to None
[2026-09-23 11:22:13,305] {logging_mixin.py:104} INFO - [2026-09-23 11:22:13,305] {dag.py:2280} INFO - Setting next_dagrun for example_subdag_operator.section-2 to None
[2026-09-23 11:22:13,325] {scheduler_job.py:190} INFO - Processing /home/airflow/.local/lib/python3.6/site-packages/airflow/example_dags/example_subdag_operator.py took 0.216 seconds
[2026-09-23 11:22:43,696] {scheduler_job.py:182} INFO - Started process (PID=63) to work on /home/airflow/.local/lib/python3.6/site-packages/airflow/example_dags/example_subdag_operator.py
[2026-09-23 11:22:43,697] {scheduler_job.py:629} INFO - Processing file /home/airflow/.local/lib/python3.6/site-packages/airflow/example_dags/example_subdag_operator.py for tasks to queue
[2026-09-23 11:22:43,698] {logging_mixin.py:104} INFO - [2026-09-23 11:22:43,697] {dagbag.py:451} INFO - Filling up the DagBag from /home/airflow/.local/lib/python3.6/site-packages/airflow/example_dags/example_subdag_operator.py
[2026-09-23 11:22:43,737] {scheduler_job.py:639} INFO - DAG(s) dict_keys(['example_subdag_operator.section-1', 'example_subdag_operator.section-2', 'example_subdag_operator']) retrieved from /home/airflow/.local/lib/python3.6/site-packages/airflow/example_dags/example_subdag_operator.py
[2026-09-23 11:22:43,753] {logging_mixin.py:104} INFO - [2026-09-23 11:22:43,753] {dag.py:1824} INFO - Sync 3 DAGs
[2026-09-23 11:22:43,774] {logging_mixin.py:104} INFO - [2026-09-23 11:22:43,773] {dag.py:2280} INFO - Setting next_dagrun for example_subdag_operator to 2026-09-21 00:00:00+00:00
[2026-09-23 11:22:43,775] {logging_mixin.py:104} INFO - [2026-09-23 11:22:43,774] {dag.py:2280} INFO - Setting next_dagrun for example_subdag_operator.section-1 to None
[2026-09-23 11:22:43,775] {logging_mixin.py:104} INFO - [2026-09-23 11:22:43,775] {dag.py:2280} INFO - Setting next_dagrun for example_subdag_operator.section-2 to None
[2026-09-23 11:22:43,789] {logging_mixin.py:104} INFO - [2026-09-23 11:22:43,789] {dag.py:1824} INFO - Sync 2 DAGs
[2026-09-23 11:22:43,799] {logging_mixin.py:104} INFO - [2026-09-23 11:22:43,799] {dag.py:2280} INFO - Setting next_dagrun for example_subdag_operator.section-1 to None
[2026-09-23 11:22:43,799] {logging_mixin.py:104} INFO - [2026-09-23 11:22:43,799] {dag.py:2280} INFO - Setting next_dagrun for example_subdag_operator.section-2 to None
[2026-09-23 11:22:43,808] {scheduler_job.py:190} INFO - Processing /home/airflow/.local/lib/python3.6/site-packages/airflow/example_dags/example_subdag_operator.py took 0.116 seconds
[2026-09-23 11:23:14,692] {scheduler_job.py:182} INFO - Started process (PID=92) to work on /home/airflow/.local/lib/python3.6/site-packages/airflow/example_dags/example_subdag_operator.py
[2026-09-23 11:23:14,693] {scheduler_job.py:629} INFO - Processing file /home/airflow/.local/lib/python3.6/site-packages/airflow/example_dags/example_subdag_operator.py for tasks to queue
[2026-09-23 11:23:14,694] {logging_mixin.py:104} INFO - [2026-09-23 11:23:14,694] {dagbag.py:451} INFO - Filling up the DagBag from /home/airflow/.local/lib/python3.6/site-packages/airflow/example_dags/example_subdag_operator.py
[2026-09-23 11:23:14,735] {scheduler_job.py:639} INFO - DAG(s) dict_keys(['example_subdag_operator.section-1', 'example_subdag_operator.section-2', 'example_subdag_operator']) retrieved from /home/airflow/.local/lib/python3.6/site-packages/airflow/example_dags/example_subdag_operator.py
[2026-09-23 11:23:14,752] {logging_mixin.py:104} INFO - [2026-09-23 11:23:14,752] {dag.py:1824} INFO - Sync 3 DAGs
[2026-09-23 11:23:14,775] {logging_mixin.py:104} INFO - [2026-09-23 11:23:14,775] {dag.py:2280} INFO - Setting next_dagrun for example_subdag_operator to 2026-09-21 00:00:00+00:00
[2026-09-23 11:23:14,777] {logging_mixin.py:104} INFO - [2026-09-23 11:23:14,777] {dag.py:2280} INFO - Setting next_dagrun for example_subdag_operator.section-1 to None
[2026-09-23 11:23:14,777] {logging_mixin.py:104} INFO - [2026-09-23 11:23:14,777] {dag.py:2280} INFO - Setting next_dagrun for example_subdag_operator.section-2 to None
[2026-09-23 11:23:14,830] {logging_mixin.py:104} INFO - [2026-09-23 11:23:14,830] {dag.py:1824} INFO - Sync 2 DAGs
[2026-09-23 11:23:14,842] {logging_mixin.py:104} INFO - [2026-09-23 11:23:14,842] {dag.py:2280} INFO - Setting next_dagrun for example_subdag_operator.section-1 to None
[2026-09-23 11:23:14,843] {logging_mixin.py:104} INFO - [2026-09-23 11:23:14,843] {dag.py:2280} INFO - Setting next_dagrun for example_subdag_operator.section-2 to None
[2026-09-23 11:23:14,861] {scheduler_job.py:190} INFO - Processing /home/airflow/.local/lib/python3.6/site-packages/airflow/example_dags/example_subdag_operator.py took 0.173 seconds
[2026-09-23 11:23:45,633] {scheduler_job.py:182} INFO - Started process (PID=119) to work on /home/airflow/.local/lib/python3.6/site-packages/airflow/example_dags/example_subdag_operator.py
[2026-09-23 11:23:45,634] {scheduler_job.py:629} INFO - Processing file /home/airflow/.local/lib/python3.6/site-packages/airflow/example_dags/example_subdag_operator.py for tasks to queue
[2026-09-23 11:23:45,635] {logging_mixin.py:104} INFO - [2026-09-23 11:23:45,635] {dagbag.py:451} INFO - Filling up the DagBag from /home/airflow/.local/lib/python3.6/site-packages/airflow/example_dags/example_subdag_operator.py
[2026-09-23 11:23:45,670] {scheduler_job.py:639} INFO - DAG(s) dict_keys(['example_subdag_operator.section-1', 'example_subdag_operator.section-2', 'example_subdag_operator']) retrieved from /home/airflow/.local/lib/python3.6/site-packages/airflow/example_dags/example_subdag_operator.py
[2026-09-23 11:23:45,686] {logging_mixin.py:104} INFO - [2026-09-23 11:23:45,686] {dag.py:1824} INFO - Sync 3 DAGs
[2026-09-23 11:23:45,708] {logging_mixin.py:104} INFO - [2026-09-23 11:23:45,708] {dag.py:2280} INFO - Setting next_dagrun for example_subdag_operator to 2026-09-21 00:00:00+00:00
[2026-09-23 11:23:45,709] {logging_mixin.py:104} INFO - [2026-09-23 11:23:45,709] {dag.py:2280} INFO - Setting next_dagrun for example_subdag_operator.section-1 to None
[2026-09-23 11:23:45,709] {logging_mixin.py:104} INFO - [2026-09-23 11:23:45,709] {dag.py:2280} INFO - Setting next_dagrun for example_subdag_operator.section-2 to None
[2026-09-23 11:23:45,724] {logging_mixin.py:104} INFO - [2026-09-23 11:23:45,724] {dag.py:1824} INFO - Sync 2 DAGs
[2026-09-23 11:23:45,735] {logging_mixin.py:104} INFO - [2026-09-23 11:23:45,734] {dag.py:2280} INFO - Setting next_dagrun for example_subdag_operator.section-1 to None
[2026-09-23 11:23:45,735] {logging_mixin.py:104} INFO - [2026-09-23 11:23:45,735] {dag.py:2280} INFO - Setting next_dagrun for example_subdag_operator.section-2 to None
[2026-09-23 11:23:45,744] {scheduler_job.py:190} INFO - Processing /home/airflow/.local/lib/python3.6/site-packages/airflow/example_dags/example_subdag_operator.py took 0.115 seconds
[2026-09-23 11:24:16,466] {scheduler_job.py:182} INFO - Started process (PID=145) to work on /home/airflow/.local/lib/python3.6/site-packages/airflow/example_dags/example_subdag_operator.py
[2026-09-23 11:24:16,467] {scheduler_job.py:629} INFO - Processing file /home/airflow/.local/lib/python3.6/site-packages/airflow/example_dags/example_subdag_operator.py for tasks to queue
[2026-09-23 11:24:16,468] {logging_mixin.py:104} INFO - [2026-09-23 11:24:16,468] {dagbag.py:451} INFO - Filling up the DagBag from /home/airflow/.local/lib/python3.6/site-packages/airflow/example_dags/example_subdag_operator.py
[2026-09-23 11:24:16,516] {scheduler_job.py:639} INFO - DAG(s) dict_keys(['example_subdag_operator.section-1', 'example_subdag_operator.section-2', 'example_subdag_operator']) retrieved from /home/airflow/.local/lib/python3.6/site-packages/airflow/example_dags/example_subdag_operator.py
[2026-09-23 11:24:16,533] {logging_mixin.py:104} INFO - [2026-09-23 11:24:16,533] {dag.py:1824} INFO - Sync 3 DAGs
[2026-09-23 11:24:16,557] {logging_mixin.py:104} INFO - [2026-09-23 11:24:16,557] {dag.py:2280} INFO - Setting next_dagrun for example_subdag_operator to 2026-09-21 00:00:00+00:00
[2026-09-23 11:24:16,558] {logging_mixin.py:104} INFO - [2026-09-23 11:24:16,558] {dag.py:2280} INFO - Setting next_dagrun for example_subdag_operator.section-1 to None
[2026-09-23 11:24:16,559] {logging_mixin.py:104} INFO - [2026-09-23 11:24:16,558] {dag.py:2280} INFO - Setting next_dagrun for example_subdag_operator.section-2 to None
[2026-09-23 11:24:16,573] {logging_mixin.py:104} INFO - [2026-09-23 11:24:16,573] {dag.py:1824} INFO - Sync 2 DAGs
[2026-09-23 11:24:16,586] {logging_mixin.py:104} INFO - [2026-09-23 11:24:16,586] {dag.py:2280} INFO - Setting next_dagrun for example_subdag_operator.section-1 to None
[2026-09-23 11:24:16,587] {logging_mixin.py:104} INFO - [2026-09-23 11:24:16,586] {dag.py:2280} INFO - Setting next_dagrun for example_subdag_operator.section-2 to None
[2026-09-23 11:24:16,599] {scheduler_job.py:190} INFO - Processing /home/airflow/.local/lib/python3.6/site-packages/airflow/example_dags/example_subdag_operator.py took 0.138 seconds
[2026-09-23 11:24:47,012] {scheduler_job.py:182} INFO - Started process (PID=170) to work on /home/airflow/.local/lib/python3.6/site-packages/airflow/example_dags/example_subdag_operator.py
[2026-09-23 11:24:47,015] {scheduler_job.py:629} INFO - Processing file /home/airflow/.local/lib/python3.6/site-packages/airflow/example_dags/example_subdag_operator.py for tasks to queue
[2026-09-23 11:24:47,016] {logging_mixin.py:104} INFO - [2026-09-23 11:24:47,016] {dagbag.py:451} INFO - Filling up the DagBag from /home/airflow/.local/lib/python3.6/site-packages/airflow/example_dags/example_subdag_operator.py
[2026-09-23 11:24:47,068] {scheduler_job.py:639} INFO - DAG(s) dict_keys(['example_subdag_operator.section-1', 'example_subdag_operator.section-2', 'example_subdag_operator']) retrieved from /home/airflow/.local/lib/python3.6/site-packages/airflow/example_dags/example_subdag_operator.py
[2026-09-23 11:24:47,091] {logging_mixin.py:104} INFO - [2026-09-23 11:24:47,090] {dag.py:1824} INFO - Sync 3 DAGs
[2026-09-23 11:24:47,118] {logging_mixin.py:104} INFO - [2026-09-23 11:24:47,117] {dag.py:2280} INFO - Setting next_dagrun for example_subdag_operator to 2026-09-21 00:00:00+00:00
[2026-09-23 11:24:47,119] {logging_mixin.py:104} INFO - [2026-09-23 11:24:47,119] {dag.py:2280} INFO - Setting next_dagrun for example_subdag_operator.section-1 to None
[2026-09-23 11:24:47,120] {logging_mixin.py:104} INFO - [2026-09-23 11:24:47,120] {dag.py:2280} INFO - Setting next_dagrun for example_subdag_operator.section-2 to None
[2026-09-23 11:24:47,135] {logging_mixin.py:104} INFO - [2026-09-23 11:24:47,134] {dag.py:1824} INFO - Sync 2 DAGs
[2026-09-23 11:24:47,151] {logging_mixin.py:104} INFO - [2026-09-23 11:24:47,151] {dag.py:2280} INFO - Setting next_dagrun for example_subdag_operator.section-1 to None
[2026-09-23 11:24:47,152] {logging_mixin.py:104} INFO - [2026-09-23 11:24:47,151] {dag.py:2280} INFO - Setting next_dagrun for example_subdag_operator.section-2 to None
[2026-09-23 11:24:47,163] {scheduler_job.py:190} INFO - Processing /home/airflow/.local/lib/python3.6/site-packages/airflow/example_dags/example_subdag_operator.py took 0.156 seconds
[2026-09-23 11:25:17,522] {scheduler_job.py:182} INFO - Started process (PID=196) to work on /home/airflow/.local/lib/python3.6/site-packages/airflow/example_dags/example_subdag_operator.py
[2026-09-23 11:25:17,523] {scheduler_job.py:629} INFO - Processing file /home/airflow/.local/lib/python3.6/site-packages/airflow/example_dags/example_subdag_operator.py for tasks to queue
[2026-09-23 11:25:17,524] {logging_mixin.py:104} INFO - [2026-09-23 11:25:17,523] {dagbag.py:451} INFO - Filling up the DagBag from /home/airflow/.local/lib/python3.6/site-packages/airflow/example_dags/example_subdag_operator.py
[2026-09-23 11:25:17,555] {scheduler_job.py:639} INFO - DAG(s) dict_keys(['example_subdag_operator.section-1', 'example_subdag_operator.section-2', 'example_subdag_operator']) retrieved from /home/airflow/.local/lib/python3.6/site-packages/airflow/example_dags/example_subdag_operator.py
[2026-09-23 11:25:17,568] {logging_mixin.py:104} INFO - [2026-09-23 11:25:17,567] {dag.py:1824} INFO - Sync 3 DAGs
[2026-09-23 11:25:17,584] {logging_mixin.py:104} INFO - [2026-09-23 11:25:17,584] {dag.py:2280} INFO - Setting next_dagrun for example_subdag_operator to 2026-09-21 00:00:00+00:00
[2026-09-23 11:25:17,585] {logging_mixin.py:104} INFO - [2026-09-23 11:25:17,585] {dag.py:2280} INFO - Setting next_dagrun for example_subdag_operator.section-1 to None
[2026-09-23 11:25:17,585] {logging_mixin.py:104} INFO - [2026-09-23 11:25:17,585] {dag.py:2280} INFO - Setting next_dagrun for example_subdag_operator.section-2 to None
[2026-09-23 11:25:17,598] {logging_mixin.py:104} INFO - [2026-09-23 11:25:17,598] {dag.py:1824} INFO - Sync 2 DAGs
[2026-09-23 11:25:17,606] {logging_mixin.py:104} INFO - [2026-09-23 11:25:17,606] {dag.py:2280} INFO - Setting next_dagrun for example_subdag_operator.section-1 to None
[2026-09-23 11:25:17,606] {logging_mixin.py:104} INFO - [2026-09-23 11:25:17,606] {dag.py:2280} INFO - Setting next_dagrun for example_subdag_operator.section-2 to None
[2026-09-23 11:25:17,614] {scheduler_job.py:190} INFO - Processing /home/airflow/.local/lib/python3.6/site-packages/airflow/example_dags/example_subdag_operator.py took 0.096 seconds
[2026-09-23 11:25:48,000] {scheduler_job.py:182} INFO - Started process (PID=222) to work on /home/airflow/.local/lib/python3.6/site-packages/airflow/example_dags/example_subdag_operator.py
[2026-09-23 11:25:48,001] {scheduler_job.py:629} INFO - Processing file /home/airflow/.local/lib/python3.6/site-packages/airflow/example_dags/example_subdag_operator.py for tasks to queue
[2026-09-23 11:25:48,002] {logging_mixin.py:104} INFO - [2026-09-23 11:25:48,002] {dagbag.py:451} INFO - Filling up the DagBag from /home/airflow/.local/lib/python3.6/site-packages/airflow/example_dags/example_subdag_operator.py
[2026-09-23 11:25:48,036] {scheduler_job.py:639} INFO - DAG(s) dict_keys(['example_subdag_operator.section-1', 'example_subdag_operator.section-2', 'example_subdag_operator']) retrieved from /home/airflow/.local/lib/python3.6/site-packages/airflow/example_dags/example_subdag_operator.py
[2026-09-23 11:25:48,051] {logging_mixin.py:104} INFO - [2026-09-23 11:25:48,051] {dag.py:1824} INFO - Sync 3 DAGs
[2026-09-23 11:25:48,070] {logging_mixin.py:104} INFO - [2026-09-23 11:25:48,069] {dag.py:2280} INFO - Setting next_dagrun for example_subdag_operator to 2026-09-21 00:00:00+00:00
[2026-09-23 11:25:48,071] {logging_mixin.py:104} INFO - [2026-09-23 11:25:48,071] {dag.py:2280} INFO - Setting next_dagrun for example_subdag_operator.section-1 to None
[2026-09-23 11:25:48,071] {logging_mixin.py:104} INFO - [2026-09-23 11:25:48,071] {dag.py:2280} INFO - Setting next_dagrun for example_subdag_operator.section-2 to None
[2026-09-23 11:25:48,085] {logging_mixin.py:104} INFO - [2026-09-23 11:25:48,084] {dag.py:1824} INFO - Sync 2 DAGs
[2026-09-23 11:25:48,095] {logging_mixin.py:104} INFO - [2026-09-23 11:25:48,095] {dag.py:2280} INFO - Setting next_dagrun for example_subdag_operator.section-1 to None
[2026-09-23 11:25:48,096] {logging_mixin.py:104} INFO - [2026-09-23 11:25:48,096] {dag.py:2280} INFO - Setting next_dagrun for example_subdag_operator.section-2 to None
[2026-09-23 11:25:48,105] {scheduler_job.py:190} INFO - Processing /home/airflow/.local/lib/python3.6/site-packages/airflow/example_dags/example_subdag_operator.py took 0.109 seconds
[2026-09-23 11:26:18,530] {scheduler_job.py:182} INFO - Started process (PID=248) to work on /home/airflow/.local/lib/python3.6/site-packages/airflow/example_dags/example_subdag_operator.py
[2026-09-23 11:26:18,532] {scheduler_job.py:629} INFO - Processing file /home/airflow/.local/lib/python3.6/site-packages/airflow/example_dags/example_subdag_operator.py for tasks to queue
[2026-09-23 11:26:18,534] {logging_mixin.py:104} INFO - [2026-09-23 11:26:18,533] {dagbag.py:451} INFO - Filling up the DagBag from /home/airflow/.local/lib/python3.6/site-packages/airflow/example_dags/example_subdag_operator.py
[2026-09-23 11:26:18,591] {scheduler_job.py:639} INFO - DAG(s) dict_keys(['example_subdag_operator.section-1', 'example_subdag_operator.section-2', 'example_subdag_operator']) retrieved from /home/airflow/.local/lib/python3.6/site-packages/airflow/example_dags/example_subdag_operator.py
[2026-09-23 11:26:18,616] {logging_mixin.py:104} INFO - [2026-09-23 11:26:18,616] {dag.py:1824} INFO - Sync 3 DAGs
[2026-09-23 11:26:18,642] {logging_mixin.py:104} INFO - [2026-09-23 11:26:18,642] {dag.py:2280} INFO - Setting next_dagrun for example_subdag_operator to 2026-09-21 00:00:00+00:00
[2026-09-23 11:26:18,644] {logging_mixin.py:104} INFO - [2026-09-23 11:26:18,644] {dag.py:2280} INFO - Setting next_dagrun for example_subdag_operator.section-1 to None
[2026-09-23 11:26:18,644] {logging_mixin.py:104} INFO - [2026-09-23 11:26:18,644] {dag.py:2280} INFO - Setting next_dagrun for example_subdag_operator.section-2 to None
[2026-09-23 11:26:18,657] {logging_mixin.py:104} INFO - [2026-09-23 11:26:18,657] {dag.py:1824} INFO - Sync 2 DAGs
[2026-09-23 11:26:18,667] {logging_mixin.py:104} INFO - [2026-09-23 11:26:18,667] {dag.py:2280} INFO - Setting next_dagrun for example_subdag_operator.section-1 to None
[2026-09-23 11:26:18,667] {logging_mixin.py:104} INFO - [2026-09-23 11:26:18,667] {dag.py:2280} INFO - Setting next_dagrun for example_subdag_operator.section-2 to None
[2026-09-23 11:26:18,676] {scheduler_job.py:190} INFO - Processing /home/airflow/.local/lib/python3.6/site-packages/airflow/example_dags/example_subdag_operator.py took 0.152 seconds
[2026-09-23 11:26:49,359] {scheduler_job.py:182} INFO - Started process (PID=274) to work on /home/airflow/.local/lib/python3.6/site-packages/airflow/example_dags/example_subdag_operator.py
[2026-09-23 11:26:49,360] {scheduler_job.py:629} INFO - Processing file /home/airflow/.local/lib/python3.6/site-packages/airflow/example_dags/example_subdag_operator.py for tasks to queue
[2026-09-23 11:26:49,360] {logging_mixin.py:104} INFO - [2026-09-23 11:26:49,360] {dagbag.py:451} INFO - Filling up the DagBag from /home/airflow/.local/lib/python3.6/site-packages/airflow/example_dags/example_subdag_operator.py
[2026-09-23 11:26:49,397] {scheduler_job.py:639} INFO - DAG(s) dict_keys(['example_subdag_operator.section-1', 'example_subdag_operator.section-2', 'example_subdag_operator']) retrieved from /home/airflow/.local/lib/python3.6/site-packages/airflow/example_dags/example_subdag_operator.py
[2026-09-23 11:26:49,420] {logging_mixin.py:104} INFO - [2026-09-23 11:26:49,420] {dag.py:1824} INFO - Sync 3 DAGs
[2026-09-23 11:26:49,451] {logging_mixin.py:104} INFO - [2026-09-23 11:26:49,451] {dag.py:2280} INFO - Setting next_dagrun for example_subdag_operator to 2026-09-21 00:00:00+00:00
[2026-09-23 11:26:49,453] {logging_mixin.py:104} INFO - [2026-09-23 11:26:49,452] {dag.py:2280} INFO - Setting next_dagrun for example_subdag_operator.section-1 to None
[2026-09-23 11:26:49,453] {logging_mixin.py:104} INFO - [2026-09-23 11:26:49,453] {dag.py:2280} INFO - Setting next_dagrun for example_subdag_operator.section-2 to None
[2026-09-23 11:26:49,471] {logging_mixin.py:104} INFO - [2026-09-23 11:26:49,471] {dag.py:1824} INFO - Sync 2 DAGs
[2026-09-23 11:26:49,482] {logging_mixin.py:104} INFO - [2026-09-23 11:26:49,482] {dag.py:2280} INFO - Setting next_dagrun for example_subdag_operator.section-1 to None
[2026-09-23 11:26:49,482] {logging_mixin.py:104} INFO - [2026-09-23 11:26:49,482] {dag.py:2280} INFO - Setting next_dagrun for example_subdag_operator.section-2 to None
[2026-09-23 11:26:49,492] {scheduler_job.py:190} INFO - Processing /home/airflow/.local/lib/python3.6/site-packages/airflow/example_dags/example_subdag_operator.py took 0.137 seconds
[2026-09-23 11:27:20,324] {scheduler_job.py:182} INFO - Started process (PID=301) to work on /home/airflow/.local/lib/python3.6/site-packages/airflow/example_dags/example_subdag_operator.py
[2026-09-23 11:27:20,325] {scheduler_job.py:629} INFO - Processing file /home/airflow/.local/lib/python3.6/site-packages/airflow/example_dags/example_subdag_operator.py for tasks to queue
[2026-09-23 11:27:20,326] {logging_mixin.py:104} INFO - [2026-09-23 11:27:20,326] {dagbag.py:451} INFO - Filling up the DagBag from /home/airflow/.local/lib/python3.6/site-packages/airflow/example_dags/example_subdag_operator.py
[2026-09-23 11:27:20,382] {scheduler_job.py:639} INFO - DAG(s) dict_keys(['example_subdag_operator.section-1', 'example_subdag_operator.section-2', 'example_subdag_operator']) retrieved from /home/airflow/.local/lib/python3.6/site-packages/airflow/example_dags/example_subdag_operator.py
[2026-09-23 11:27:20,402] {logging_mixin.py:104} INFO - [2026-09-23 11:27:20,402] {dag.py:1824} INFO - Sync 3 DAGs
[2026-09-23 11:27:20,428] {logging_mixin.py:104} INFO - [2026-09-23 11:27:20,428] {dag.py:2280} INFO - Setting next_dagrun for example_subdag_operator to 2026-09-21 00:00:00+00:00
[2026-09-23 11:27:20,429] {logging_mixin.py:104} INFO - [2026-09-23 11:27:20,429] {dag.py:2280} INFO - Setting next_dagrun for example_subdag_operator.section-1 to None
[2026-09-23 11:27:20,430] {logging_mixin.py:104} INFO - [2026-09-23 11:27:20,430] {dag.py:2280} INFO - Setting next_dagrun for example_subdag_operator.section-2 to None
[2026-09-23 11:27:20,442] {logging_mixin.py:104} INFO - [2026-09-23 11:27:20,441] {dag.py:1824} INFO - Sync 2 DAGs
[2026-09-23 11:27:20,453] {logging_mixin.py:104} INFO - [2026-09-23 11:27:20,453] {dag.py:2280} INFO - Setting next_dagrun for example_subdag_operator.section-1 to None
[2026-09-23 11:27:20,454] {logging_mixin.py:104} INFO - [2026-09-23 11:27:20,454] {dag.py:2280} INFO - Setting next_dagrun for example_subdag_operator.section-2 to None
[2026-09-23 11:27:20,464] {scheduler_job.py:190} INFO - Processing /home/airflow/.local/lib/python3.6/site-packages/airflow/example_dags/example_subdag_operator.py took 0.145 seconds
[2026-09-23 11:27:51,238] {scheduler_job.py:182} INFO - Started process (PID=327) to work on /home/airflow/.local/lib/python3.6/site-packages/airflow/example_dags/example_subdag_operator.py
[2026-09-23 11:27:51,239] {scheduler_job.py:629} INFO - Processing file /home/airflow/.local/lib/python3.6/site-packages/airflow/example_dags/example_subdag_operator.py for tasks to queue
[2026-09-23 11:27:51,240] {logging_mixin.py:104} INFO - [2026-09-23 11:27:51,240] {dagbag.py:451} INFO - Filling up the DagBag from /home/airflow/.local/lib/python3.6/site-packages/airflow/example_dags/example_subdag_operator.py
[2026-09-23 11:27:51,292] {scheduler_job.py:639} INFO - DAG(s) dict_keys(['example_subdag_operator.section-1', 'example_subdag_operator.section-2', 'example_subdag_operator']) retrieved from /home/airflow/.local/lib/python3.6/site-packages/airflow/example_dags/example_subdag_operator.py
[2026-09-23 11:27:51,319] {logging_mixin.py:104} INFO - [2026-09-23 11:27:51,319] {dag.py:1824} INFO - Sync 3 DAGs
[2026-09-23 11:27:51,351] {logging_mixin.py:104} INFO - [2026-09-23 11:27:51,350] {dag.py:2280} INFO - Setting next_dagrun for example_subdag_operator to 2026-09-21 00:00:00+00:00
[2026-09-23 11:27:51,352] {logging_mixin.py:104} INFO - [2026-09-23 11:27:51,352] {dag.py:2280} INFO - Setting next_dagrun for example_subdag_operator.section-1 to None
[2026-09-23 11:27:51,353] {logging_mixin.py:104} INFO - [2026-09-23 11:27:51,353] {dag.py:2280} INFO - Setting next_dagrun for example_subdag_operator.section-2 to None
[2026-09-23 11:27:51,371] {logging_mixin.py:104} INFO - [2026-09-23 11:27:51,371] {dag.py:1824} INFO - Sync 2 DAGs
[2026-09-23 11:27:51,391] {logging_mixin.py:104} INFO - [2026-09-23 11:27:51,391] {dag.py:2280} INFO - Setting next_dagrun for example_subdag_operator.section-1 to None
[2026-09-23 11:27:51,392] {logging_mixin.py:104} INFO - [2026-09-23 11:27:51,391] {dag.py:2280} INFO - Setting next_dagrun for example_subdag_operator.section-2 to None
[2026-09-23 11:27:51,404] {scheduler_job.py:190} INFO - Processing /home/airflow/.local/lib/python3.6/site-packages/airflow/example_dags/example_subdag_operator.py took 0.170 seconds
[2026-09-23 11:28:21,492] {scheduler_job.py:182} INFO - Started process (PID=354) to work on /home/airflow/.local/lib/python3.6/site-packages/airflow/example_dags/example_subdag_operator.py
[2026-09-23 11:28:21,494] {scheduler_job.py:629} INFO - Processing file /home/airflow/.local/lib/python3.6/site-packages/airflow/example_dags/example_subdag_operator.py for tasks to queue
[2026-09-23 11:28:21,494] {logging_mixin.py:104} INFO - [2026-09-23 11:28:21,494] {dagbag.py:451} INFO - Filling up the DagBag from /home/airflow/.local/lib/python3.6/site-packages/airflow/example_dags/example_subdag_operator.py
[2026-09-23 11:28:21,533] {scheduler_job.py:639} INFO - DAG(s) dict_keys(['example_subdag_operator.section-1', 'example_subdag_operator.section-2', 'example_subdag_operator']) retrieved from /home/airflow/.local/lib/python3.6/site-packages/airflow/example_dags/example_subdag_operator.py
[2026-09-23 11:28:21,554] {logging_mixin.py:104} INFO - [2026-09-23 11:28:21,554] {dag.py:1824} INFO - Sync 3 DAGs
[2026-09-23 11:28:21,584] {logging_mixin.py:104} INFO - [2026-09-23 11:28:21,583] {dag.py:2280} INFO - Setting next_dagrun for example_subdag_operator to 2026-09-21 00:00:00+00:00
[2026-09-23 11:28:21,585] {logging_mixin.py:104} INFO - [2026-09-23 11:28:21,585] {dag.py:2280} INFO - Setting next_dagrun for example_subdag_operator.section-1 to None
[2026-09-23 11:28:21,585] {logging_mixin.py:104} INFO - [2026-09-23 11:28:21,585] {dag.py:2280} INFO - Setting next_dagrun for example_subdag_operator.section-2 to None
[2026-09-23 11:28:21,596] {logging_mixin.py:104} INFO - [2026-09-23 11:28:21,596] {dag.py:1824} INFO - Sync 2 DAGs
[2026-09-23 11:28:21,607] {logging_mixin.py:104} INFO - [2026-09-23 11:28:21,607] {dag.py:2280} INFO - Setting next_dagrun for example_subdag_operator.section-1 to None
[2026-09-23 11:28:21,607] {logging_mixin.py:104} INFO - [2026-09-23 11:28:21,607] {dag.py:2280} INFO - Setting next_dagrun for example_subdag_operator.section-2 to None
[2026-09-23 11:28:21,618] {scheduler_job.py:190} INFO - Processing /home/airflow/.local/lib/python3.6/site-packages/airflow/example_dags/example_subdag_operator.py took 0.129 seconds
[2026-09-23 11:28:52,255] {scheduler_job.py:182} INFO - Started process (PID=380) to work on /home/airflow/.local/lib/python3.6/site-packages/airflow/example_dags/example_subdag_operator.py
[2026-09-23 11:28:52,256] {scheduler_job.py:629} INFO - Processing file /home/airflow/.local/lib/python3.6/site-packages/airflow/example_dags/example_subdag_operator.py for tasks to queue
[2026-09-23 11:28:52,257] {logging_mixin.py:104} INFO - [2026-09-23 11:28:52,257] {dagbag.py:451} INFO - Filling up the DagBag from /home/airflow/.local/lib/python3.6/site-packages/airflow/example_dags/example_subdag_operator.py
[2026-09-23 11:28:52,297] {scheduler_job.py:639} INFO - DAG(s) dict_keys(['example_subdag_operator.section-1', 'example_subdag_operator.section-2', 'example_subdag_operator']) retrieved from /home/airflow/.local/lib/python3.6/site-packages/airflow/example_dags/example_subdag_operator.py
[2026-09-23 11:28:52,314] {logging_mixin.py:104} INFO - [2026-09-23 11:28:52,314] {dag.py:1824} INFO - Sync 3 DAGs
[2026-09-23 11:28:52,338] {logging_mixin.py:104} INFO - [2026-09-23 11:28:52,337] {dag.py:2280} INFO - Setting next_dagrun for example_subdag_operator to 2026-09-21 00:00:00+00:00
[2026-09-23 11:28:52,339] {logging_mixin.py:104} INFO - [2026-09-23 11:28:52,339] {dag.py:2280} INFO - Setting next_dagrun for example_subdag_operator.section-1 to None
[2026-09-23 11:28:52,340] {logging_mixin.py:104} INFO - [2026-09-23 11:28:52,340] {dag.py:2280} INFO - Setting next_dagrun for example_subdag_operator.section-2 to None
[2026-09-23 11:28:52,354] {logging_mixin.py:104} INFO - [2026-09-23 11:28:52,354] {dag.py:1824} INFO - Sync 2 DAGs
[2026-09-23 11:28:52,366] {logging_mixin.py:104} INFO - [2026-09-23 11:28:52,366] {dag.py:2280} INFO - Setting next_dagrun for example_subdag_operator.section-1 to None
[2026-09-23 11:28:52,367] {logging_mixin.py:104} INFO - [2026-09-23 11:28:52,367] {dag.py:2280} INFO - Setting next_dagrun for example_subdag_operator.section-2 to None
[2026-09-23 11:28:52,377] {scheduler_job.py:190} INFO - Processing /home/airflow/.local/lib/python3.6/site-packages/airflow/example_dags/example_subdag_operator.py took 0.127 seconds
[2026-09-23 11:29:22,599] {scheduler_job.py:182} INFO - Started process (PID=403) to work on /home/airflow/.local/lib/python3.6/site-packages/airflow/example_dags/example_subdag_operator.py
[2026-09-23 11:29:22,601] {scheduler_job.py:629} INFO - Processing file /home/airflow/.local/lib/python3.6/site-packages/airflow/example_dags/example_subdag_operator.py for tasks to queue
[2026-09-23 11:29:22,602] {logging_mixin.py:104} INFO - [2026-09-23 11:29:22,602] {dagbag.py:451} INFO - Filling up the DagBag from /home/airflow/.local/lib/python3.6/site-packages/airflow/example_dags/example_subdag_operator.py
[2026-09-23 11:29:22,638] {scheduler_job.py:639} INFO - DAG(s) dict_keys(['example_subdag_operator.section-1', 'example_subdag_operator.section-2', 'example_subdag_operator']) retrieved from /home/airflow/.local/lib/python3.6/site-packages/airflow/example_dags/example_subdag_operator.py
[2026-09-23 11:29:22,653] {logging_mixin.py:104} INFO - [2026-09-23 11:29:22,653] {dag.py:1824} INFO - Sync 3 DAGs
[2026-09-23 11:29:22,673] {logging_mixin.py:104} INFO - [2026-09-23 11:29:22,673] {dag.py:2280} INFO - Setting next_dagrun for example_subdag_operator to 2026-09-21 00:00:00+00:00
[2026-09-23 11:29:22,674] {logging_mixin.py:104} INFO - [2026-09-23 11:29:22,674] {dag.py:2280} INFO - Setting next_dagrun for example_subdag_operator.section-1 to None
[2026-09-23 11:29:22,674] {logging_mixin.py:104} INFO - [2026-09-23 11:29:22,674] {dag.py:2280} INFO - Setting next_dagrun for example_subdag_operator.section-2 to None
[2026-09-23 11:29:22,684] {logging_mixin.py:104} INFO - [2026-09-23 11:29:22,684] {dag.py:1824} INFO - Sync 2 DAGs
[2026-09-23 11:29:22,696] {logging_mixin.py:104} INFO - [2026-09-23 11:29:22,696] {dag.py:2280} INFO - Setting next_dagrun for example_subdag_operator.section-1 to None
[2026-09-23 11:29:22,696] {logging_mixin.py:104} INFO - [2026-09-23 11:29:22,696] {dag.py:2280} INFO - Setting next_dagrun for example_subdag_operator.section-2 to None
[2026-09-23 11:29:22,707] {scheduler_job.py:190} INFO - Processing /home/airflow/.local/lib/python3.6/site-packages/airflow/example_dags/example_subdag_operator.py took 0.112 seconds
[2026-09-23 11:29:53,336] {scheduler_job.py:182} INFO - Started process (PID=431) to work on /home/airflow/.local/lib/python3.6/site-packages/airflow/example_dags/example_subdag_operator.py
[2026-09-23 11:29:53,338] {scheduler_job.py:629} INFO - Processing file /home/airflow/.local/lib/python3.6/site-packages/airflow/example_dags/example_subdag_operator.py for tasks to queue
[2026-09-23 11:29:53,339] {logging_mixin.py:104} INFO - [2026-09-23 11:29:53,339] {dagbag.py:451} INFO - Filling up the DagBag from /home/airflow/.local/lib/python3.6/site-packages/airflow/example_dags/example_subdag_operator.py
[2026-09-23 11:29:53,385] {scheduler_job.py:639} INFO - DAG(s) dict_keys(['example_subdag_operator.section-1', 'example_subdag_operator.section-2', 'example_subdag_operator']) retrieved from /home/airflow/.local/lib/python3.6/site-packages/airflow/example_dags/example_subdag_operator.py
[2026-09-23 11:29:53,401] {logging_mixin.py:104} INFO - [2026-09-23 11:29:53,400] {dag.py:1824} INFO - Sync 3 DAGs
[2026-09-23 11:29:53,420] {logging_mixin.py:104} INFO - [2026-09-23 11:29:53,420] {dag.py:2280} INFO - Setting next_dagrun for example_subdag_operator to 2026-09-21 00:00:00+00:00
[2026-09-23 11:29:53,421] {logging_mixin.py:104} INFO - [2026-09-23 11:29:53,421] {dag.py:2280} INFO - Setting next_dagrun for example_subdag_operator.section-1 to None
[2026-09-23 11:29:53,422] {logging_mixin.py:104} INFO - [2026-09-23 11:29:53,422] {dag.py:2280} INFO - Setting next_dagrun for example_subdag_operator.section-2 to None
[2026-09-23 11:29:53,433] {logging_mixin.py:104} INFO - [2026-09-23 11:29:53,433] {dag.py:1824} INFO - Sync 2 DAGs
[2026-09-23 11:29:53,443] {logging_mixin.py:104} INFO - [2026-09-23 11:29:53,442] {dag.py:2280} INFO - Setting next_dagrun for example_subdag_operator.section-1 to None
[2026-09-23 11:29:53,443] {logging_mixin.py:104} INFO - [2026-09-23 11:29:53,443] {dag.py:2280} INFO - Setting next_dagrun for example_subdag_operator.section-2 to None
[2026-09-23 11:29:53,452] {scheduler_job.py:190} INFO - Processing /home/airflow/.local/lib/python3.6/site-packages/airflow/example_dags/example_subdag_operator.py took 0.120 seconds
[2026-09-23 11:30:24,015] {scheduler_job.py:182} INFO - Started process (PID=457) to work on /home/airflow/.local/lib/python3.6/site-packages/airflow/example_dags/example_subdag_operator.py
[2026-09-23 11:30:24,017] {scheduler_job.py:629} INFO - Processing file /home/airflow/.local/lib/python3.6/site-packages/airflow/example_dags/example_subdag_operator.py for tasks to queue
[2026-09-23 11:30:24,018] {logging_mixin.py:104} INFO - [2026-09-23 11:30:24,017] {dagbag.py:451} INFO - Filling up the DagBag from /home/airflow/.local/lib/python3.6/site-packages/airflow/example_dags/example_subdag_operator.py
[2026-09-23 11:30:24,057] {scheduler_job.py:639} INFO - DAG(s) dict_keys(['example_subdag_operator.section-1', 'example_subdag_operator.section-2', 'example_subdag_operator']) retrieved from /home/airflow/.local/lib/python3.6/site-packages/airflow/example_dags/example_subdag_operator.py
[2026-09-23 11:30:24,072] {logging_mixin.py:104} INFO - [2026-09-23 11:30:24,072] {dag.py:1824} INFO - Sync 3 DAGs
[2026-09-23 11:30:24,092] {logging_mixin.py:104} INFO - [2026-09-23 11:30:24,092] {dag.py:2280} INFO - Setting next_dagrun for example_subdag_operator to 2026-09-21 00:00:00+00:00
[2026-09-23 11:30:24,093] {logging_mixin.py:104} INFO - [2026-09-23 11:30:24,093] {dag.py:2280} INFO - Setting next_dagrun for example_subdag_operator.section-1 to None
[2026-09-23 11:30:24,093] {logging_mixin.py:104} INFO - [2026-09-23 11:30:24,093] {dag.py:2280} INFO - Setting next_dagrun for example_subdag_operator.section-2 to None
[2026-09-23 11:30:24,109] {logging_mixin.py:104} INFO - [2026-09-23 11:30:24,109] {dag.py:1824} INFO - Sync 2 DAGs
[2026-09-23 11:30:24,118] {logging_mixin.py:104} INFO - [2026-09-23 11:30:24,117] {dag.py:2280} INFO - Setting next_dagrun for example_subdag_operator.section-1 to None
[2026-09-23 11:30:24,118] {logging_mixin.py:104} INFO - [2026-09-23 11:30:24,118] {dag.py:2280} INFO - Setting next_dagrun for example_subdag_operator.section-2 to None
[2026-09-23 11:30:24,126] {scheduler_job.py:190} INFO - Processing /home/airflow/.local/lib/python3.6/site-packages/airflow/example_dags/example_subdag_operator.py took 0.115 seconds
[2026-09-23 11:30:54,615] {scheduler_job.py:182} INFO - Started process (PID=483) to work on /home/airflow/.local/lib/python3.6/site-packages/airflow/example_dags/example_subdag_operator.py
[2026-09-23 11:30:54,616] {scheduler_job.py:629} INFO - Processing file /home/airflow/.local/lib/python3.6/site-packages/airflow/example_dags/example_subdag_operator.py for tasks to queue
[2026-09-23 11:30:54,617] {logging_mixin.py:104} INFO - [2026-09-23 11:30:54,617] {dagbag.py:451} INFO - Filling up the DagBag from /home/airflow/.local/lib/python3.6/site-packages/airflow/example_dags/example_subdag_operator.py
[2026-09-23 11:30:54,656] {scheduler_job.py:639} INFO - DAG(s) dict_keys(['example_subdag_operator.section-1', 'example_subdag_operator.section-2', 'example_subdag_operator']) retrieved from /home/airflow/.local/lib/python3.6/site-packages/airflow/example_dags/example_subdag_operator.py
[2026-09-23 11:30:54,680] {logging_mixin.py:104} INFO - [2026-09-23 11:30:54,680] {dag.py:1824} INFO - Sync 3 DAGs
[2026-09-23 11:30:54,703] {logging_mixin.py:104} INFO - [2026-09-23 11:30:54,703] {dag.py:2280} INFO - Setting next_dagrun for example_subdag_operator to 2026-09-21 00:00:00+00:00
[2026-09-23 11:30:54,704] {logging_mixin.py:104} INFO - [2026-09-23 11:30:54,704] {dag.py:2280} INFO - Setting next_dagrun for example_subdag_operator.section-1 to None
[2026-09-23 11:30:54,704] {logging_mixin.py:104} INFO - [2026-09-23 11:30:54,704] {dag.py:2280} INFO - Setting next_dagrun for example_subdag_operator.section-2 to None
[2026-09-23 11:30:54,718] {logging_mixin.py:104} INFO - [2026-09-23 11:30:54,718] {dag.py:1824} INFO - Sync 2 DAGs
[2026-09-23 11:30:54,731] {logging_mixin.py:104} INFO - [2026-09-23 11:30:54,731] {dag.py:2280} INFO - Setting next_dagrun for example_subdag_operator.section-1 to None
[2026-09-23 11:30:54,731] {logging_mixin.py:104} INFO - [2026-09-23 11:30:54,731] {dag.py:2280} INFO - Setting next_dagrun for example_subdag_operator.section-2 to None
[2026-09-23 11:30:54,741] {scheduler_job.py:190} INFO - Processing /home/airflow/.local/lib/python3.6/site-packages/airflow/example_dags/example_subdag_operator.py took 0.130 seconds
[2026-09-23 11:31:25,154] {scheduler_job.py:182} INFO - Started process (PID=509) to work on /home/airflow/.local/lib/python3.6/site-packages/airflow/example_dags/example_subdag_operator.py
[2026-09-23 11:31:25,155] {scheduler_job.py:629} INFO - Processing file /home/airflow/.local/lib/python3.6/site-packages/airflow/example_dags/example_subdag_operator.py for tasks to queue
[2026-09-23 11:31:25,156] {logging_mixin.py:104} INFO - [2026-09-23 11:31:25,156] {dagbag.py:451} INFO - Filling up the DagBag from /home/airflow/.local/lib/python3.6/site-packages/airflow/example_dags/example_subdag_operator.py
[2026-09-23 11:31:25,190] {scheduler_job.py:639} INFO - DAG(s) dict_keys(['example_subdag_operator.section-1', 'example_subdag_operator.section-2', 'example_subdag_operator']) retrieved from /home/airflow/.local/lib/python3.6/site-packages/airflow/example_dags/example_subdag_operator.py
[2026-09-23 11:31:25,204] {logging_mixin.py:104} INFO - [2026-09-23 11:31:25,204] {dag.py:1824} INFO - Sync 3 DAGs
[2026-09-23 11:31:25,226] {logging_mixin.py:104} INFO - [2026-09-23 11:31:25,226] {dag.py:2280} INFO - Setting next_dagrun for example_subdag_operator to 2026-09-21 00:00:00+00:00
[2026-09-23 11:31:25,227] {logging_mixin.py:104} INFO - [2026-09-23 11:31:25,227] {dag.py:2280} INFO - Setting next_dagrun for example_subdag_operator.section-1 to None
[2026-09-23 11:31:25,228] {logging_mixin.py:104} INFO - [2026-09-23 11:31:25,228] {dag.py:2280} INFO - Setting next_dagrun for example_subdag_operator.section-2 to None
[2026-09-23 11:31:25,238] {logging_mixin.py:104} INFO - [2026-09-23 11:31:25,238] {dag.py:1824} INFO - Sync 2 DAGs
[2026-09-23 11:31:25,247] {logging_mixin.py:104} INFO - [2026-09-23 11:31:25,247] {dag.py:2280} INFO - Setting next_dagrun for example_subdag_operator.section-1 to None
[2026-09-23 11:31:25,247] {logging_mixin.py:104} INFO - [2026-09-23 11:31:25,247] {dag.py:2280} INFO - Setting next_dagrun for example_subdag_operator.section-2 to None
[2026-09-23 11:31:25,255] {scheduler_job.py:190} INFO - Processing /home/airflow/.local/lib/python3.6/site-packages/airflow/example_dags/example_subdag_operator.py took 0.106 seconds
[2026-09-23 11:31:55,682] {scheduler_job.py:182} INFO - Started process (PID=535) to work on /home/airflow/.local/lib/python3.6/site-packages/airflow/example_dags/example_subdag_operator.py
[2026-09-23 11:31:55,683] {scheduler_job.py:629} INFO - Processing file /home/airflow/.local/lib/python3.6/site-packages/airflow/example_dags/example_subdag_operator.py for tasks to queue
[2026-09-23 11:31:55,684] {logging_mixin.py:104} INFO - [2026-09-23 11:31:55,684] {dagbag.py:451} INFO - Filling up the DagBag from /home/airflow/.local/lib/python3.6/site-packages/airflow/example_dags/example_subdag_operator.py
[2026-09-23 11:31:55,722] {scheduler_job.py:639} INFO - DAG(s) dict_keys(['example_subdag_operator.section-1', 'example_subdag_operator.section-2', 'example_subdag_operator']) retrieved from /home/airflow/.local/lib/python3.6/site-packages/airflow/example_dags/example_subdag_operator.py
[2026-09-23 11:31:55,745] {logging_mixin.py:104} INFO - [2026-09-23 11:31:55,745] {dag.py:1824} INFO - Sync 3 DAGs
[2026-09-23 11:31:55,770] {logging_mixin.py:104} INFO - [2026-09-23 11:31:55,770] {dag.py:2280} INFO - Setting next_dagrun for example_subdag_operator to 2026-09-21 00:00:00+00:00
[2026-09-23 11:31:55,771] {logging_mixin.py:104} INFO - [2026-09-23 11:31:55,771] {dag.py:2280} INFO - Setting next_dagrun for example_subdag_operator.section-1 to None
[2026-09-23 11:31:55,771] {logging_mixin.py:104} INFO - [2026-09-23 11:31:55,771] {dag.py:2280} INFO - Setting next_dagrun for example_subdag_operator.section-2 to None
[2026-09-23 11:31:55,783] {logging_mixin.py:104} INFO - [2026-09-23 11:31:55,783] {dag.py:1824} INFO - Sync 2 DAGs
[2026-09-23 11:31:55,792] {logging_mixin.py:104} INFO - [2026-09-23 11:31:55,792] {dag.py:2280} INFO - Setting next_dagrun for example_subdag_operator.section-1 to None
[2026-09-23 11:31:55,792] {logging_mixin.py:104} INFO - [2026-09-23 11:31:55,792] {dag.py:2280} INFO - Setting next_dagrun for example_subdag_operator.section-2 to None
[2026-09-23 11:31:55,800] {scheduler_job.py:190} INFO - Processing /home/airflow/.local/lib/python3.6/site-packages/airflow/example_dags/example_subdag_operator.py took 0.122 seconds
[2026-09-23 11:32:26,170] {scheduler_job.py:182} INFO - Started process (PID=561) to work on /home/airflow/.local/lib/python3.6/site-packages/airflow/example_dags/example_subdag_operator.py
[2026-09-23 11:32:26,171] {scheduler_job.py:629} INFO - Processing file /home/airflow/.local/lib/python3.6/site-packages/airflow/example_dags/example_subdag_operator.py for tasks to queue
[2026-09-23 11:32:26,172] {logging_mixin.py:104} INFO - [2026-09-23 11:32:26,172] {dagbag.py:451} INFO - Filling up the DagBag from /home/airflow/.local/lib/python3.6/site-packages/airflow/example_dags/example_subdag_operator.py
[2026-09-23 11:32:26,204] {scheduler_job.py:639} INFO - DAG(s) dict_keys(['example_subdag_operator.section-1', 'example_subdag_operator.section-2', 'example_subdag_operator']) retrieved from /home/airflow/.local/lib/python3.6/site-packages/airflow/example_dags/example_subdag_operator.py
[2026-09-23 11:32:26,217] {logging_mixin.py:104} INFO - [2026-09-23 11:32:26,217] {dag.py:1824} INFO - Sync 3 DAGs
[2026-09-23 11:32:26,240] {logging_mixin.py:104} INFO - [2026-09-23 11:32:26,240] {dag.py:2280} INFO - Setting next_dagrun for example_subdag_operator to 2026-09-21 00:00:00+00:00
[2026-09-23 11:32:26,242] {logging_mixin.py:104} INFO - [2026-09-23 11:32:26,241] {dag.py:2280} INFO - Setting next_dagrun for example_subdag_operator.section-1 to None
[2026-09-23 11:32:26,242] {logging_mixin.py:104} INFO - [2026-09-23 11:32:26,242] {dag.py:2280} INFO - Setting next_dagrun for example_subdag_operator.section-2 to None
[2026-09-23 11:32:26,252] {logging_mixin.py:104} INFO - [2026-09-23 11:32:26,251] {dag.py:1824} INFO - Sync 2 DAGs
[2026-09-23 11:32:26,260] {logging_mixin.py:104} INFO - [2026-09-23 11:32:26,260] {dag.py:2280} INFO - Setting next_dagrun for example_subdag_operator.section-1 to None
[2026-09-23 11:32:26,261] {logging_mixin.py:104} INFO - [2026-09-23 11:32:26,261] {dag.py:2280} INFO - Setting next_dagrun for example_subdag_operator.section-2 to None
[2026-09-23 11:32:26,272] {scheduler_job.py:190} INFO - Processing /home/airflow/.local/lib/python3.6/site-packages/airflow/example_dags/example_subdag_operator.py took 0.106 seconds
[2026-09-23 11:32:56,697] {scheduler_job.py:182} INFO - Started process (PID=587) to work on /home/airflow/.local/lib/python3.6/site-packages/airflow/example_dags/example_subdag_operator.py
[2026-09-23 11:32:56,699] {scheduler_job.py:629} INFO - Processing file /home/airflow/.local/lib/python3.6/site-packages/airflow/example_dags/example_subdag_operator.py for tasks to queue
[2026-09-23 11:32:56,699] {logging_mixin.py:104} INFO - [2026-09-23 11:32:56,699] {dagbag.py:451} INFO - Filling up the DagBag from /home/airflow/.local/lib/python3.6/site-packages/airflow/example_dags/example_subdag_operator.py
[2026-09-23 11:32:56,734] {scheduler_job.py:639} INFO - DAG(s) dict_keys(['example_subdag_operator.section-1', 'example_subdag_operator.section-2', 'example_subdag_operator']) retrieved from /home/airflow/.local/lib/python3.6/site-packages/airflow/example_dags/example_subdag_operator.py
[2026-09-23 11:32:56,748] {logging_mixin.py:104} INFO - [2026-09-23 11:32:56,748] {dag.py:1824} INFO - Sync 3 DAGs
[2026-09-23 11:32:56,769] {logging_mixin.py:104} INFO - [2026-09-23 11:32:56,769] {dag.py:2280} INFO - Setting next_dagrun for example_subdag_operator to 2026-09-21 00:00:00+00:00
[2026-09-23 11:32:56,770] {logging_mixin.py:104} INFO - [2026-09-23 11:32:56,770] {dag.py:2280} INFO - Setting next_dagrun for example_subdag_operator.section-1 to None
[2026-09-23 11:32:56,770] {logging_mixin.py:104} INFO - [2026-09-23 11:32:56,770] {dag.py:2280} INFO - Setting next_dagrun for example_subdag_operator.section-2 to None
[2026-09-23 11:32:56,784] {logging_mixin.py:104} INFO - [2026-09-23 11:32:56,784] {dag.py:1824} INFO - Sync 2 DAGs
[2026-09-23 11:32:56,793] {logging_mixin.py:104} INFO - [2026-09-23 11:32:56,793] {dag.py:2280} INFO - Setting next_dagrun for example_subdag_operator.section-1 to None
[2026-09-23 11:32:56,793] {logging_mixin.py:104} INFO - [2026-09-23 11:32:56,793] {dag.py:2280} INFO - Setting next_dagrun for example_subdag_operator.section-2 to None
[2026-09-23 11:32:56,801] {scheduler_job.py:190} INFO - Processing /home/airflow/.local/lib/python3.6/site-packages/airflow/example_dags/example_subdag_operator.py took 0.108 seconds
[2026-09-23 11:33:27,227] {scheduler_job.py:182} INFO - Started process (PID=613) to work on /home/airflow/.local/lib/python3.6/site-packages/airflow/example_dags/example_subdag_operator.py
[2026-09-23 11:33:27,228] {scheduler_job.py:629} INFO - Processing file /home/airflow/.local/lib/python3.6/site-packages/airflow/example_dags/example_subdag_operator.py for tasks to queue
[2026-09-23 11:33:27,229] {logging_mixin.py:104} INFO - [2026-09-23 11:33:27,229] {dagbag.py:451} INFO - Filling up the DagBag from /home/airflow/.local/lib/python3.6/site-packages/airflow/example_dags/example_subdag_operator.py
[2026-09-23 11:33:27,267] {scheduler_job.py:639} INFO - DAG(s) dict_keys(['example_subdag_operator.section-1', 'example_subdag_operator.section-2', 'example_subdag_operator']) retrieved from /home/airflow/.local/lib/python3.6/site-packages/airflow/example_dags/example_subdag_operator.py
[2026-09-23 11:33:27,282] {logging_mixin.py:104} INFO - [2026-09-23 11:33:27,281] {dag.py:1824} INFO - Sync 3 DAGs
[2026-09-23 11:33:27,307] {logging_mixin.py:104} INFO - [2026-09-23 11:33:27,307] {dag.py:2280} INFO - Setting next_dagrun for example_subdag_operator to 2026-09-21 00:00:00+00:00
[2026-09-23 11:33:27,308] {logging_mixin.py:104} INFO - [2026-09-23 11:33:27,308] {dag.py:2280} INFO - Setting next_dagrun for example_subdag_operator.section-1 to None
[2026-09-23 11:33:27,309] {logging_mixin.py:104} INFO - [2026-09-23 11:33:27,309] {dag.py:2280} INFO - Setting next_dagrun for example_subdag_operator.section-2 to None
[2026-09-23 11:33:27,319] {logging_mixin.py:104} INFO - [2026-09-23 11:33:27,319] {dag.py:1824} INFO - Sync 2 DAGs
[2026-09-23 11:33:27,329] {logging_mixin.py:104} INFO - [2026-09-23 11:33:27,329] {dag.py:2280} INFO - Setting next_dagrun for example_subdag_operator.section-1 to None
[2026-09-23 11:33:27,330] {logging_mixin.py:104} INFO - [2026-09-23 11:33:27,330] {dag.py:2280} INFO - Setting next_dagrun for example_subdag_operator.section-2 to None
[2026-09-23 11:33:27,339] {scheduler_job.py:190} INFO - Processing /home/airflow/.local/lib/python3.6/site-packages/airflow/example_dags/example_subdag_operator.py took 0.115 seconds
[2026-09-23 11:33:57,486] {scheduler_job.py:182} INFO - Started process (PID=636) to work on /home/airflow/.local/lib/python3.6/site-packages/airflow/example_dags/example_subdag_operator.py
[2026-09-23 11:33:57,488] {scheduler_job.py:629} INFO - Processing file /home/airflow/.local/lib/python3.6/site-packages/airflow/example_dags/example_subdag_operator.py for tasks to queue
[2026-09-23 11:33:57,488] {logging_mixin.py:104} INFO - [2026-09-23 11:33:57,488] {dagbag.py:451} INFO - Filling up the DagBag from /home/airflow/.local/lib/python3.6/site-packages/airflow/example_dags/example_subdag_operator.py
[2026-09-23 11:33:57,526] {scheduler_job.py:639} INFO - DAG(s) dict_keys(['example_subdag_operator.section-1', 'example_subdag_operator.section-2', 'example_subdag_operator']) retrieved from /home/airflow/.local/lib/python3.6/site-packages/airflow/example_dags/example_subdag_operator.py
[2026-09-23 11:33:57,542] {logging_mixin.py:104} INFO - [2026-09-23 11:33:57,542] {dag.py:1824} INFO - Sync 3 DAGs
[2026-09-23 11:33:57,563] {logging_mixin.py:104} INFO - [2026-09-23 11:33:57,563] {dag.py:2280} INFO - Setting next_dagrun for example_subdag_operator to 2026-09-21 00:00:00+00:00
[2026-09-23 11:33:57,564] {logging_mixin.py:104} INFO - [2026-09-23 11:33:57,564] {dag.py:2280} INFO - Setting next_dagrun for example_subdag_operator.section-1 to None
[2026-09-23 11:33:57,564] {logging_mixin.py:104} INFO - [2026-09-23 11:33:57,564] {dag.py:2280} INFO - Setting next_dagrun for example_subdag_operator.section-2 to None
[2026-09-23 11:33:57,580] {logging_mixin.py:104} INFO - [2026-09-23 11:33:57,580] {dag.py:1824} INFO - Sync 2 DAGs
[2026-09-23 11:33:57,596] {logging_mixin.py:104} INFO - [2026-09-23 11:33:57,595] {dag.py:2280} INFO - Setting next_dagrun for example_subdag_operator.section-1 to None
[2026-09-23 11:33:57,596] {logging_mixin.py:104} INFO - [2026-09-23 11:33:57,596] {dag.py:2280} INFO - Setting next_dagrun for example_subdag_operator.section-2 to None
[2026-09-23 11:33:57,608] {scheduler_job.py:190} INFO - Processing /home/airflow/.local/lib/python3.6/site-packages/airflow/example_dags/example_subdag_operator.py took 0.126 seconds
[2026-09-23 11:34:28,181] {scheduler_job.py:182} INFO - Started process (PID=663) to work on /home/airflow/.local/lib/python3.6/site-packages/airflow/example_dags/example_subdag_operator.py
[2026-09-23 11:34:28,183] {scheduler_job.py:629} INFO - Processing file /home/airflow/.local/lib/python3.6/site-packages/airflow/example_dags/example_subdag_operator.py for tasks to queue
[2026-09-23 11:34:28,184] {logging_mixin.py:104} INFO - [2026-09-23 11:34:28,184] {dagbag.py:451} INFO - Filling up the DagBag from /home/airflow/.local/lib/python3.6/site-packages/airflow/example_dags/example_subdag_operator.py
[2026-09-23 11:34:28,219] {scheduler_job.py:639} INFO - DAG(s) dict_keys(['example_subdag_operator.section-1', 'example_subdag_operator.section-2', 'example_subdag_operator']) retrieved from /home/airflow/.local/lib/python3.6/site-packages/airflow/example_dags/example_subdag_operator.py
[2026-09-23 11:34:28,240] {logging_mixin.py:104} INFO - [2026-09-23 11:34:28,240] {dag.py:1824} INFO - Sync 3 DAGs
[2026-09-23 11:34:28,259] {logging_mixin.py:104} INFO - [2026-09-23 11:34:28,259] {dag.py:2280} INFO - Setting next_dagrun for example_subdag_operator to 2026-09-21 00:00:00+00:00
[2026-09-23 11:34:28,260] {logging_mixin.py:104} INFO - [2026-09-23 11:34:28,260] {dag.py:2280} INFO - Setting next_dagrun for example_subdag_operator.section-1 to None
[2026-09-23 11:34:28,260] {logging_mixin.py:104} INFO - [2026-09-23 11:34:28,260] {dag.py:2280} INFO - Setting next_dagrun for example_subdag_operator.section-2 to None
[2026-09-23 11:34:28,269] {logging_mixin.py:104} INFO - [2026-09-23 11:34:28,269] {dag.py:1824} INFO - Sync 2 DAGs
[2026-09-23 11:34:28,278] {logging_mixin.py:104} INFO - [2026-09-23 11:34:28,277] {dag.py:2280} INFO - Setting next_dagrun for example_subdag_operator.section-1 to None
[2026-09-23 11:34:28,278] {logging_mixin.py:104} INFO - [2026-09-23 11:34:28,278] {dag.py:2280} INFO - Setting next_dagrun for example_subdag_operator.section-2 to None
[2026-09-23 11:34:28,285] {scheduler_job.py:190} INFO - Processing /home/airflow/.local/lib/python3.6/site-packages/airflow/example_dags/example_subdag_operator.py took 0.107 seconds
[2026-09-23 11:34:59,064] {scheduler_job.py:182} INFO - Started process (PID=692) to work on /home/airflow/.local/lib/python3.6/site-packages/airflow/example_dags/example_subdag_operator.py
[2026-09-23 11:34:59,065] {scheduler_job.py:629} INFO - Processing file /home/airflow/.local/lib/python3.6/site-packages/airflow/example_dags/example_subdag_operator.py for tasks to queue
[2026-09-23 11:34:59,066] {logging_mixin.py:104} INFO - [2026-09-23 11:34:59,066] {dagbag.py:451} INFO - Filling up the DagBag from /home/airflow/.local/lib/python3.6/site-packages/airflow/example_dags/example_subdag_operator.py
[2026-09-23 11:34:59,101] {scheduler_job.py:639} INFO - DAG(s) dict_keys(['example_subdag_operator.section-1', 'example_subdag_operator.section-2', 'example_subdag_operator']) retrieved from /home/airflow/.local/lib/python3.6/site-packages/airflow/example_dags/example_subdag_operator.py
[2026-09-23 11:34:59,116] {logging_mixin.py:104} INFO - [2026-09-23 11:34:59,116] {dag.py:1824} INFO - Sync 3 DAGs
[2026-09-23 11:34:59,135] {logging_mixin.py:104} INFO - [2026-09-23 11:34:59,134] {dag.py:2280} INFO - Setting next_dagrun for example_subdag_operator to 2026-09-21 00:00:00+00:00
[2026-09-23 11:34:59,136] {logging_mixin.py:104} INFO - [2026-09-23 11:34:59,136] {dag.py:2280} INFO - Setting next_dagrun for example_subdag_operator.section-1 to None
[2026-09-23 11:34:59,136] {logging_mixin.py:104} INFO - [2026-09-23 11:34:59,136] {dag.py:2280} INFO - Setting next_dagrun for example_subdag_operator.section-2 to None
[2026-09-23 11:34:59,146] {logging_mixin.py:104} INFO - [2026-09-23 11:34:59,146] {dag.py:1824} INFO - Sync 2 DAGs
[2026-09-23 11:34:59,156] {logging_mixin.py:104} INFO - [2026-09-23 11:34:59,156] {dag.py:2280} INFO - Setting next_dagrun for example_subdag_operator.section-1 to None
[2026-09-23 11:34:59,157] {logging_mixin.py:104} INFO - [2026-09-23 11:34:59,157] {dag.py:2280} INFO - Setting next_dagrun for example_subdag_operator.section-2 to None
[2026-09-23 11:34:59,166] {scheduler_job.py:190} INFO - Processing /home/airflow/.local/lib/python3.6/site-packages/airflow/example_dags/example_subdag_operator.py took 0.106 seconds
[2026-09-23 11:35:29,864] {scheduler_job.py:182} INFO - Started process (PID=718) to work on /home/airflow/.local/lib/python3.6/site-packages/airflow/example_dags/example_subdag_operator.py
[2026-09-23 11:35:29,865] {scheduler_job.py:629} INFO - Processing file /home/airflow/.local/lib/python3.6/site-packages/airflow/example_dags/example_subdag_operator.py for tasks to queue
[2026-09-23 11:35:29,866] {logging_mixin.py:104} INFO - [2026-09-23 11:35:29,866] {dagbag.py:451} INFO - Filling up the DagBag from /home/airflow/.local/lib/python3.6/site-packages/airflow/example_dags/example_subdag_operator.py
[2026-09-23 11:35:29,908] {scheduler_job.py:639} INFO - DAG(s) dict_keys(['example_subdag_operator.section-1', 'example_subdag_operator.section-2', 'example_subdag_operator']) retrieved from /home/airflow/.local/lib/python3.6/site-packages/airflow/example_dags/example_subdag_operator.py
[2026-09-23 11:35:29,930] {logging_mixin.py:104} INFO - [2026-09-23 11:35:29,930] {dag.py:1824} INFO - Sync 3 DAGs
[2026-09-23 11:35:29,959] {logging_mixin.py:104} INFO - [2026-09-23 11:35:29,959] {dag.py:2280} INFO - Setting next_dagrun for example_subdag_operator to 2026-09-21 00:00:00+00:00
[2026-09-23 11:35:29,961] {logging_mixin.py:104} INFO - [2026-09-23 11:35:29,960] {dag.py:2280} INFO - Setting next_dagrun for example_subdag_operator.section-1 to None
[2026-09-23 11:35:29,961] {logging_mixin.py:104} INFO - [2026-09-23 11:35:29,961] {dag.py:2280} INFO - Setting next_dagrun for example_subdag_operator.section-2 to None
[2026-09-23 11:35:29,980] {logging_mixin.py:104} INFO - [2026-09-23 11:35:29,980] {dag.py:1824} INFO - Sync 2 DAGs
[2026-09-23 11:35:29,999] {logging_mixin.py:104} INFO - [2026-09-23 11:35:29,999] {dag.py:2280} INFO - Setting next_dagrun for example_subdag_operator.section-1 to None
[2026-09-23 11:35:30,000] {logging_mixin.py:104} INFO - [2026-09-23 11:35:29,999] {dag.py:2280} INFO - Setting next_dagrun for example_subdag_operator.section-2 to None
[2026-09-23 11:35:30,013] {scheduler_job.py:190} INFO - Processing /home/airflow/.local/lib/python3.6/site-packages/airflow/example_dags/example_subdag_operator.py took 0.154 seconds
[2026-09-23 11:36:00,269] {scheduler_job.py:182} INFO - Started process (PID=744) to work on /home/airflow/.local/lib/python3.6/site-packages/airflow/example_dags/example_subdag_operator.py
[2026-09-23 11:36:00,271] {scheduler_job.py:629} INFO - Processing file /home/airflow/.local/lib/python3.6/site-packages/airflow/example_dags/example_subdag_operator.py for tasks to queue
[2026-09-23 11:36:00,272] {logging_mixin.py:104} INFO - [2026-09-23 11:36:00,272] {dagbag.py:451} INFO - Filling up the DagBag from /home/airflow/.local/lib/python3.6/site-packages/airflow/example_dags/example_subdag_operator.py
[2026-09-23 11:36:00,330] {scheduler_job.py:639} INFO - DAG(s) dict_keys(['example_subdag_operator.section-1', 'example_subdag_operator.section-2', 'example_subdag_operator']) retrieved from /home/airflow/.local/lib/python3.6/site-packages/airflow/example_dags/example_subdag_operator.py
[2026-09-23 11:36:00,345] {logging_mixin.py:104} INFO - [2026-09-23 11:36:00,345] {dag.py:1824} INFO - Sync 3 DAGs
[2026-09-23 11:36:00,368] {logging_mixin.py:104} INFO - [2026-09-23 11:36:00,368] {dag.py:2280} INFO - Setting next_dagrun for example_subdag_operator to 2026-09-21 00:00:00+00:00
[2026-09-23 11:36:00,370] {logging_mixin.py:104} INFO - [2026-09-23 11:36:00,369] {dag.py:2280} INFO - Setting next_dagrun for example_subdag_operator.section-1 to None
[2026-09-23 11:36:00,370] {logging_mixin.py:104} INFO - [2026-09-23 11:36:00,370] {dag.py:2280} INFO - Setting next_dagrun for example_subdag_operator.section-2 to None
[2026-09-23 11:36:00,385] {logging_mixin.py:104} INFO - [2026-09-23 11:36:00,385] {dag.py:1824} INFO - Sync 2 DAGs
[2026-09-23 11:36:00,395] {logging_mixin.py:104} INFO - [2026-09-23 11:36:00,395] {dag.py:2280} INFO - Setting next_dagrun for example_subdag_operator.section-1 to None
[2026-09-23 11:36:00,396] {logging_mixin.py:104} INFO - [2026-09-23 11:36:00,396] {dag.py:2280} INFO - Setting next_dagrun for example_subdag_operator.section-2 to None
[2026-09-23 11:36:00,409] {scheduler_job.py:190} INFO - Processing /home/airflow/.local/lib/python3.6/site-packages/airflow/example_dags/example_subdag_operator.py took 0.146 seconds
[2026-09-23 11:36:30,734] {scheduler_job.py:182} INFO - Started process (PID=769) to work on /home/airflow/.local/lib/python3.6/site-packages/airflow/example_dags/example_subdag_operator.py
[2026-09-23 11:36:30,736] {scheduler_job.py:629} INFO - Processing file /home/airflow/.local/lib/python3.6/site-packages/airflow/example_dags/example_subdag_operator.py for tasks to queue
[2026-09-23 11:36:30,737] {logging_mixin.py:104} INFO - [2026-09-23 11:36:30,737] {dagbag.py:451} INFO - Filling up the DagBag from /home/airflow/.local/lib/python3.6/site-packages/airflow/example_dags/example_subdag_operator.py
[2026-09-23 11:36:30,812] {scheduler_job.py:639} INFO - DAG(s) dict_keys(['example_subdag_operator.section-1', 'example_subdag_operator.section-2', 'example_subdag_operator']) retrieved from /home/airflow/.local/lib/python3.6/site-packages/airflow/example_dags/example_subdag_operator.py
[2026-09-23 11:36:30,841] {logging_mixin.py:104} INFO - [2026-09-23 11:36:30,841] {dag.py:1824} INFO - Sync 3 DAGs
[2026-09-23 11:36:30,875] {logging_mixin.py:104} INFO - [2026-09-23 11:36:30,875] {dag.py:2280} INFO - Setting next_dagrun for example_subdag_operator to 2026-09-21 00:00:00+00:00
[2026-09-23 11:36:30,877] {logging_mixin.py:104} INFO - [2026-09-23 11:36:30,877] {dag.py:2280} INFO - Setting next_dagrun for example_subdag_operator.section-1 to None
[2026-09-23 11:36:30,878] {logging_mixin.py:104} INFO - [2026-09-23 11:36:30,878] {dag.py:2280} INFO - Setting next_dagrun for example_subdag_operator.section-2 to None
[2026-09-23 11:36:30,894] {logging_mixin.py:104} INFO - [2026-09-23 11:36:30,894] {dag.py:1824} INFO - Sync 2 DAGs
[2026-09-23 11:36:30,910] {logging_mixin.py:104} INFO - [2026-09-23 11:36:30,910] {dag.py:2280} INFO - Setting next_dagrun for example_subdag_operator.section-1 to None
[2026-09-23 11:36:30,910] {logging_mixin.py:104} INFO - [2026-09-23 11:36:30,910] {dag.py:2280} INFO - Setting next_dagrun for example_subdag_operator.section-2 to None
[2026-09-23 11:36:30,923] {scheduler_job.py:190} INFO - Processing /home/airflow/.local/lib/python3.6/site-packages/airflow/example_dags/example_subdag_operator.py took 0.196 seconds
[2026-09-23 11:37:01,093] {scheduler_job.py:182} INFO - Started process (PID=795) to work on /home/airflow/.local/lib/python3.6/site-packages/airflow/example_dags/example_subdag_operator.py
[2026-09-23 11:37:01,095] {scheduler_job.py:629} INFO - Processing file /home/airflow/.local/lib/python3.6/site-packages/airflow/example_dags/example_subdag_operator.py for tasks to queue
[2026-09-23 11:37:01,096] {logging_mixin.py:104} INFO - [2026-09-23 11:37:01,096] {dagbag.py:451} INFO - Filling up the DagBag from /home/airflow/.local/lib/python3.6/site-packages/airflow/example_dags/example_subdag_operator.py
[2026-09-23 11:37:01,158] {scheduler_job.py:639} INFO - DAG(s) dict_keys(['example_subdag_operator.section-1', 'example_subdag_operator.section-2', 'example_subdag_operator']) retrieved from /home/airflow/.local/lib/python3.6/site-packages/airflow/example_dags/example_subdag_operator.py
[2026-09-23 11:37:01,181] {logging_mixin.py:104} INFO - [2026-09-23 11:37:01,181] {dag.py:1824} INFO - Sync 3 DAGs
[2026-09-23 11:37:01,215] {logging_mixin.py:104} INFO - [2026-09-23 11:37:01,215] {dag.py:2280} INFO - Setting next_dagrun for example_subdag_operator to 2026-09-21 00:00:00+00:00
[2026-09-23 11:37:01,217] {logging_mixin.py:104} INFO - [2026-09-23 11:37:01,217] {dag.py:2280} INFO - Setting next_dagrun for example_subdag_operator.section-1 to None
[2026-09-23 11:37:01,217] {logging_mixin.py:104} INFO - [2026-09-23 11:37:01,217] {dag.py:2280} INFO - Setting next_dagrun for example_subdag_operator.section-2 to None
[2026-09-23 11:37:01,232] {logging_mixin.py:104} INFO - [2026-09-23 11:37:01,232] {dag.py:1824} INFO - Sync 2 DAGs
[2026-09-23 11:37:01,251] {logging_mixin.py:104} INFO - [2026-09-23 11:37:01,250] {dag.py:2280} INFO - Setting next_dagrun for example_subdag_operator.section-1 to None
[2026-09-23 11:37:01,251] {logging_mixin.py:104} INFO - [2026-09-23 11:37:01,251] {dag.py:2280} INFO - Setting next_dagrun for example_subdag_operator.section-2 to None
[2026-09-23 11:37:01,268] {scheduler_job.py:190} INFO - Processing /home/airflow/.local/lib/python3.6/site-packages/airflow/example_dags/example_subdag_operator.py took 0.182 seconds
[2026-09-23 11:37:31,311] {scheduler_job.py:182} INFO - Started process (PID=821) to work on /home/airflow/.local/lib/python3.6/site-packages/airflow/example_dags/example_subdag_operator.py
[2026-09-23 11:37:31,313] {scheduler_job.py:629} INFO - Processing file /home/airflow/.local/lib/python3.6/site-packages/airflow/example_dags/example_subdag_operator.py for tasks to queue
[2026-09-23 11:37:31,314] {logging_mixin.py:104} INFO - [2026-09-23 11:37:31,314] {dagbag.py:451} INFO - Filling up the DagBag from /home/airflow/.local/lib/python3.6/site-packages/airflow/example_dags/example_subdag_operator.py
[2026-09-23 11:37:31,364] {scheduler_job.py:639} INFO - DAG(s) dict_keys(['example_subdag_operator.section-1', 'example_subdag_operator.section-2', 'example_subdag_operator']) retrieved from /home/airflow/.local/lib/python3.6/site-packages/airflow/example_dags/example_subdag_operator.py
[2026-09-23 11:37:31,389] {logging_mixin.py:104} INFO - [2026-09-23 11:37:31,389] {dag.py:1824} INFO - Sync 3 DAGs
[2026-09-23 11:37:31,423] {logging_mixin.py:104} INFO - [2026-09-23 11:37:31,423] {dag.py:2280} INFO - Setting next_dagrun for example_subdag_operator to 2026-09-21 00:00:00+00:00
[2026-09-23 11:37:31,424] {logging_mixin.py:104} INFO - [2026-09-23 11:37:31,424] {dag.py:2280} INFO - Setting next_dagrun for example_subdag_operator.section-1 to None
[2026-09-23 11:37:31,425] {logging_mixin.py:104} INFO - [2026-09-23 11:37:31,424] {dag.py:2280} INFO - Setting next_dagrun for example_subdag_operator.section-2 to None
[2026-09-23 11:37:31,441] {logging_mixin.py:104} INFO - [2026-09-23 11:37:31,441] {dag.py:1824} INFO - Sync 2 DAGs
[2026-09-23 11:37:31,455] {logging_mixin.py:104} INFO - [2026-09-23 11:37:31,455] {dag.py:2280} INFO - Setting next_dagrun for example_subdag_operator.section-1 to None
[2026-09-23 11:37:31,456] {logging_mixin.py:104} INFO - [2026-09-23 11:37:31,456] {dag.py:2280} INFO - Setting next_dagrun for example_subdag_operator.section-2 to None
[2026-09-23 11:37:31,470] {scheduler_job.py:190} INFO - Processing /home/airflow/.local/lib/python3.6/site-packages/airflow/example_dags/example_subdag_operator.py took 0.164 seconds
[2026-09-23 11:38:01,615] {scheduler_job.py:182} INFO - Started process (PID=847) to work on /home/airflow/.local/lib/python3.6/site-packages/airflow/example_dags/example_subdag_operator.py
[2026-09-23 11:38:01,617] {scheduler_job.py:629} INFO - Processing file /home/airflow/.local/lib/python3.6/site-packages/airflow/example_dags/example_subdag_operator.py for tasks to queue
[2026-09-23 11:38:01,618] {logging_mixin.py:104} INFO - [2026-09-23 11:38:01,617] {dagbag.py:451} INFO - Filling up the DagBag from /home/airflow/.local/lib/python3.6/site-packages/airflow/example_dags/example_subdag_operator.py
[2026-09-23 11:38:01,668] {scheduler_job.py:639} INFO - DAG(s) dict_keys(['example_subdag_operator.section-1', 'example_subdag_operator.section-2', 'example_subdag_operator']) retrieved from /home/airflow/.local/lib/python3.6/site-packages/airflow/example_dags/example_subdag_operator.py
[2026-09-23 11:38:01,686] {logging_mixin.py:104} INFO - [2026-09-23 11:38:01,685] {dag.py:1824} INFO - Sync 3 DAGs
[2026-09-23 11:38:01,709] {logging_mixin.py:104} INFO - [2026-09-23 11:38:01,709] {dag.py:2280} INFO - Setting next_dagrun for example_subdag_operator to 2026-09-21 00:00:00+00:00
[2026-09-23 11:38:01,711] {logging_mixin.py:104} INFO - [2026-09-23 11:38:01,711] {dag.py:2280} INFO - Setting next_dagrun for example_subdag_operator.section-1 to None
[2026-09-23 11:38:01,711] {logging_mixin.py:104} INFO - [2026-09-23 11:38:01,711] {dag.py:2280} INFO - Setting next_dagrun for example_subdag_operator.section-2 to None
[2026-09-23 11:38:01,726] {logging_mixin.py:104} INFO - [2026-09-23 11:38:01,726] {dag.py:1824} INFO - Sync 2 DAGs
[2026-09-23 11:38:01,738] {logging_mixin.py:104} INFO - [2026-09-23 11:38:01,738] {dag.py:2280} INFO - Setting next_dagrun for example_subdag_operator.section-1 to None
[2026-09-23 11:38:01,738] {logging_mixin.py:104} INFO - [2026-09-23 11:38:01,738] {dag.py:2280} INFO - Setting next_dagrun for example_subdag_operator.section-2 to None
[2026-09-23 11:38:01,748] {scheduler_job.py:190} INFO - Processing /home/airflow/.local/lib/python3.6/site-packages/airflow/example_dags/example_subdag_operator.py took 0.138 seconds
[2026-09-23 11:38:32,075] {scheduler_job.py:182} INFO - Started process (PID=873) to work on /home/airflow/.local/lib/python3.6/site-packages/airflow/example_dags/example_subdag_operator.py
[2026-09-23 11:38:32,076] {scheduler_job.py:629} INFO - Processing file /home/airflow/.local/lib/python3.6/site-packages/airflow/example_dags/example_subdag_operator.py for tasks to queue
[2026-09-23 11:38:32,077] {logging_mixin.py:104} INFO - [2026-09-23 11:38:32,077] {dagbag.py:451} INFO - Filling up the DagBag from /home/airflow/.local/lib/python3.6/site-packages/airflow/example_dags/example_subdag_operator.py
[2026-09-23 11:38:32,154] {scheduler_job.py:639} INFO - DAG(s) dict_keys(['example_subdag_operator.section-1', 'example_subdag_operator.section-2', 'example_subdag_operator']) retrieved from /home/airflow/.local/lib/python3.6/site-packages/airflow/example_dags/example_subdag_operator.py
[2026-09-23 11:38:32,178] {logging_mixin.py:104} INFO - [2026-09-23 11:38:32,177] {dag.py:1824} INFO - Sync 3 DAGs
[2026-09-23 11:38:32,202] {logging_mixin.py:104} INFO - [2026-09-23 11:38:32,201] {dag.py:2280} INFO - Setting next_dagrun for example_subdag_operator to 2026-09-21 00:00:00+00:00
[2026-09-23 11:38:32,204] {logging_mixin.py:104} INFO - [2026-09-23 11:38:32,204] {dag.py:2280} INFO - Setting next_dagrun for example_subdag_operator.section-1 to None
[2026-09-23 11:38:32,204] {logging_mixin.py:104} INFO - [2026-09-23 11:38:32,204] {dag.py:2280} INFO - Setting next_dagrun for example_subdag_operator.section-2 to None
[2026-09-23 11:38:32,216] {logging_mixin.py:104} INFO - [2026-09-23 11:38:32,216] {dag.py:1824} INFO - Sync 2 DAGs
[2026-09-23 11:38:32,228] {logging_mixin.py:104} INFO - [2026-09-23 11:38:32,228] {dag.py:2280} INFO - Setting next_dagrun for example_subdag_operator.section-1 to None
[2026-09-23 11:38:32,229] {logging_mixin.py:104} INFO - [2026-09-23 11:38:32,228] {dag.py:2280} INFO - Setting next_dagrun for example_subdag_operator.section-2 to None
[2026-09-23 11:38:32,239] {scheduler_job.py:190} INFO - Processing /home/airflow/.local/lib/python3.6/site-packages/airflow/example_dags/example_subdag_operator.py took 0.170 seconds
[2026-09-23 11:39:02,471] {scheduler_job.py:182} INFO - Started process (PID=898) to work on /home/airflow/.local/lib/python3.6/site-packages/airflow/example_dags/example_subdag_operator.py
[2026-09-23 11:39:02,478] {scheduler_job.py:629} INFO - Processing file /home/airflow/.local/lib/python3.6/site-packages/airflow/example_dags/example_subdag_operator.py for tasks to queue
[2026-09-23 11:39:02,480] {logging_mixin.py:104} INFO - [2026-09-23 11:39:02,480] {dagbag.py:451} INFO - Filling up the DagBag from /home/airflow/.local/lib/python3.6/site-packages/airflow/example_dags/example_subdag_operator.py
[2026-09-23 11:39:02,652] {scheduler_job.py:639} INFO - DAG(s) dict_keys(['example_subdag_operator.section-1', 'example_subdag_operator.section-2', 'example_subdag_operator']) retrieved from /home/airflow/.local/lib/python3.6/site-packages/airflow/example_dags/example_subdag_operator.py
[2026-09-23 11:39:02,729] {logging_mixin.py:104} INFO - [2026-09-23 11:39:02,729] {dag.py:1824} INFO - Sync 3 DAGs
[2026-09-23 11:39:02,778] {logging_mixin.py:104} INFO - [2026-09-23 11:39:02,778] {dag.py:2280} INFO - Setting next_dagrun for example_subdag_operator to 2026-09-21 00:00:00+00:00
[2026-09-23 11:39:02,782] {logging_mixin.py:104} INFO - [2026-09-23 11:39:02,782] {dag.py:2280} INFO - Setting next_dagrun for example_subdag_operator.section-1 to None
[2026-09-23 11:39:02,783] {logging_mixin.py:104} INFO - [2026-09-23 11:39:02,783] {dag.py:2280} INFO - Setting next_dagrun for example_subdag_operator.section-2 to None
[2026-09-23 11:39:02,808] {logging_mixin.py:104} INFO - [2026-09-23 11:39:02,808] {dag.py:1824} INFO - Sync 2 DAGs
[2026-09-23 11:39:02,828] {logging_mixin.py:104} INFO - [2026-09-23 11:39:02,826] {dag.py:2280} INFO - Setting next_dagrun for example_subdag_operator.section-1 to None
[2026-09-23 11:39:02,829] {logging_mixin.py:104} INFO - [2026-09-23 11:39:02,829] {dag.py:2280} INFO - Setting next_dagrun for example_subdag_operator.section-2 to None
[2026-09-23 11:39:02,846] {scheduler_job.py:190} INFO - Processing /home/airflow/.local/lib/python3.6/site-packages/airflow/example_dags/example_subdag_operator.py took 0.388 seconds
[2026-09-23 11:39:33,077] {scheduler_job.py:182} INFO - Started process (PID=924) to work on /home/airflow/.local/lib/python3.6/site-packages/airflow/example_dags/example_subdag_operator.py
[2026-09-23 11:39:33,082] {scheduler_job.py:629} INFO - Processing file /home/airflow/.local/lib/python3.6/site-packages/airflow/example_dags/example_subdag_operator.py for tasks to queue
[2026-09-23 11:39:33,084] {logging_mixin.py:104} INFO - [2026-09-23 11:39:33,083] {dagbag.py:451} INFO - Filling up the DagBag from /home/airflow/.local/lib/python3.6/site-packages/airflow/example_dags/example_subdag_operator.py
[2026-09-23 11:39:33,146] {scheduler_job.py:639} INFO - DAG(s) dict_keys(['example_subdag_operator.section-1', 'example_subdag_operator.section-2', 'example_subdag_operator']) retrieved from /home/airflow/.local/lib/python3.6/site-packages/airflow/example_dags/example_subdag_operator.py
[2026-09-23 11:39:33,171] {logging_mixin.py:104} INFO - [2026-09-23 11:39:33,171] {dag.py:1824} INFO - Sync 3 DAGs
[2026-09-23 11:39:33,204] {logging_mixin.py:104} INFO - [2026-09-23 11:39:33,204] {dag.py:2280} INFO - Setting next_dagrun for example_subdag_operator to 2026-09-21 00:00:00+00:00
[2026-09-23 11:39:33,205] {logging_mixin.py:104} INFO - [2026-09-23 11:39:33,205] {dag.py:2280} INFO - Setting next_dagrun for example_subdag_operator.section-1 to None
[2026-09-23 11:39:33,206] {logging_mixin.py:104} INFO - [2026-09-23 11:39:33,206] {dag.py:2280} INFO - Setting next_dagrun for example_subdag_operator.section-2 to None
[2026-09-23 11:39:33,223] {logging_mixin.py:104} INFO - [2026-09-23 11:39:33,223] {dag.py:1824} INFO - Sync 2 DAGs
[2026-09-23 11:39:33,242] {logging_mixin.py:104} INFO - [2026-09-23 11:39:33,242] {dag.py:2280} INFO - Setting next_dagrun for example_subdag_operator.section-1 to None
[2026-09-23 11:39:33,243] {logging_mixin.py:104} INFO - [2026-09-23 11:39:33,243] {dag.py:2280} INFO - Setting next_dagrun for example_subdag_operator.section-2 to None
[2026-09-23 11:39:33,257] {scheduler_job.py:190} INFO - Processing /home/airflow/.local/lib/python3.6/site-packages/airflow/example_dags/example_subdag_operator.py took 0.191 seconds
[2026-09-23 11:40:03,369] {scheduler_job.py:182} INFO - Started process (PID=949) to work on /home/airflow/.local/lib/python3.6/site-packages/airflow/example_dags/example_subdag_operator.py
[2026-09-23 11:40:03,371] {scheduler_job.py:629} INFO - Processing file /home/airflow/.local/lib/python3.6/site-packages/airflow/example_dags/example_subdag_operator.py for tasks to queue
[2026-09-23 11:40:03,372] {logging_mixin.py:104} INFO - [2026-09-23 11:40:03,372] {dagbag.py:451} INFO - Filling up the DagBag from /home/airflow/.local/lib/python3.6/site-packages/airflow/example_dags/example_subdag_operator.py
[2026-09-23 11:40:03,432] {scheduler_job.py:639} INFO - DAG(s) dict_keys(['example_subdag_operator.section-1', 'example_subdag_operator.section-2', 'example_subdag_operator']) retrieved from /home/airflow/.local/lib/python3.6/site-packages/airflow/example_dags/example_subdag_operator.py
[2026-09-23 11:40:03,457] {logging_mixin.py:104} INFO - [2026-09-23 11:40:03,457] {dag.py:1824} INFO - Sync 3 DAGs
[2026-09-23 11:40:03,489] {logging_mixin.py:104} INFO - [2026-09-23 11:40:03,488] {dag.py:2280} INFO - Setting next_dagrun for example_subdag_operator to 2026-09-21 00:00:00+00:00
[2026-09-23 11:40:03,490] {logging_mixin.py:104} INFO - [2026-09-23 11:40:03,490] {dag.py:2280} INFO - Setting next_dagrun for example_subdag_operator.section-1 to None
[2026-09-23 11:40:03,491] {logging_mixin.py:104} INFO - [2026-09-23 11:40:03,491] {dag.py:2280} INFO - Setting next_dagrun for example_subdag_operator.section-2 to None
[2026-09-23 11:40:03,513] {logging_mixin.py:104} INFO - [2026-09-23 11:40:03,512] {dag.py:1824} INFO - Sync 2 DAGs
[2026-09-23 11:40:03,537] {logging_mixin.py:104} INFO - [2026-09-23 11:40:03,537] {dag.py:2280} INFO - Setting next_dagrun for example_subdag_operator.section-1 to None
[2026-09-23 11:40:03,538] {logging_mixin.py:104} INFO - [2026-09-23 11:40:03,538] {dag.py:2280} INFO - Setting next_dagrun for example_subdag_operator.section-2 to None
[2026-09-23 11:40:03,555] {scheduler_job.py:190} INFO - Processing /home/airflow/.local/lib/python3.6/site-packages/airflow/example_dags/example_subdag_operator.py took 0.191 seconds
[2026-09-23 11:40:33,862] {scheduler_job.py:182} INFO - Started process (PID=975) to work on /home/airflow/.local/lib/python3.6/site-packages/airflow/example_dags/example_subdag_operator.py
[2026-09-23 11:40:33,863] {scheduler_job.py:629} INFO - Processing file /home/airflow/.local/lib/python3.6/site-packages/airflow/example_dags/example_subdag_operator.py for tasks to queue
[2026-09-23 11:40:33,864] {logging_mixin.py:104} INFO - [2026-09-23 11:40:33,864] {dagbag.py:451} INFO - Filling up the DagBag from /home/airflow/.local/lib/python3.6/site-packages/airflow/example_dags/example_subdag_operator.py
[2026-09-23 11:40:33,907] {scheduler_job.py:639} INFO - DAG(s) dict_keys(['example_subdag_operator.section-1', 'example_subdag_operator.section-2', 'example_subdag_operator']) retrieved from /home/airflow/.local/lib/python3.6/site-packages/airflow/example_dags/example_subdag_operator.py
[2026-09-23 11:40:33,925] {logging_mixin.py:104} INFO - [2026-09-23 11:40:33,925] {dag.py:1824} INFO - Sync 3 DAGs
[2026-09-23 11:40:33,946] {logging_mixin.py:104} INFO - [2026-09-23 11:40:33,946] {dag.py:2280} INFO - Setting next_dagrun for example_subdag_operator to 2026-09-21 00:00:00+00:00
[2026-09-23 11:40:33,948] {logging_mixin.py:104} INFO - [2026-09-23 11:40:33,948] {dag.py:2280} INFO - Setting next_dagrun for example_subdag_operator.section-1 to None
[2026-09-23 11:40:33,948] {logging_mixin.py:104} INFO - [2026-09-23 11:40:33,948] {dag.py:2280} INFO - Setting next_dagrun for example_subdag_operator.section-2 to None
[2026-09-23 11:40:33,966] {logging_mixin.py:104} INFO - [2026-09-23 11:40:33,966] {dag.py:1824} INFO - Sync 2 DAGs
[2026-09-23 11:40:33,978] {logging_mixin.py:104} INFO - [2026-09-23 11:40:33,977] {dag.py:2280} INFO - Setting next_dagrun for example_subdag_operator.section-1 to None
[2026-09-23 11:40:33,978] {logging_mixin.py:104} INFO - [2026-09-23 11:40:33,978] {dag.py:2280} INFO - Setting next_dagrun for example_subdag_operator.section-2 to None
[2026-09-23 11:40:33,990] {scheduler_job.py:190} INFO - Processing /home/airflow/.local/lib/python3.6/site-packages/airflow/example_dags/example_subdag_operator.py took 0.133 seconds
[2026-09-23 11:41:04,212] {scheduler_job.py:182} INFO - Started process (PID=1001) to work on /home/airflow/.local/lib/python3.6/site-packages/airflow/example_dags/example_subdag_operator.py
[2026-09-23 11:41:04,214] {scheduler_job.py:629} INFO - Processing file /home/airflow/.local/lib/python3.6/site-packages/airflow/example_dags/example_subdag_operator.py for tasks to queue
[2026-09-23 11:41:04,215] {logging_mixin.py:104} INFO - [2026-09-23 11:41:04,215] {dagbag.py:451} INFO - Filling up the DagBag from /home/airflow/.local/lib/python3.6/site-packages/airflow/example_dags/example_subdag_operator.py
[2026-09-23 11:41:04,270] {scheduler_job.py:639} INFO - DAG(s) dict_keys(['example_subdag_operator.section-1', 'example_subdag_operator.section-2', 'example_subdag_operator']) retrieved from /home/airflow/.local/lib/python3.6/site-packages/airflow/example_dags/example_subdag_operator.py
[2026-09-23 11:41:04,293] {logging_mixin.py:104} INFO - [2026-09-23 11:41:04,293] {dag.py:1824} INFO - Sync 3 DAGs
[2026-09-23 11:41:04,324] {logging_mixin.py:104} INFO - [2026-09-23 11:41:04,324] {dag.py:2280} INFO - Setting next_dagrun for example_subdag_operator to 2026-09-21 00:00:00+00:00
[2026-09-23 11:41:04,325] {logging_mixin.py:104} INFO - [2026-09-23 11:41:04,325] {dag.py:2280} INFO - Setting next_dagrun for example_subdag_operator.section-1 to None
[2026-09-23 11:41:04,326] {logging_mixin.py:104} INFO - [2026-09-23 11:41:04,326] {dag.py:2280} INFO - Setting next_dagrun for example_subdag_operator.section-2 to None
[2026-09-23 11:41:04,352] {logging_mixin.py:104} INFO - [2026-09-23 11:41:04,352] {dag.py:1824} INFO - Sync 2 DAGs
[2026-09-23 11:41:04,391] {logging_mixin.py:104} INFO - [2026-09-23 11:41:04,391] {dag.py:2280} INFO - Setting next_dagrun for example_subdag_operator.section-1 to None
[2026-09-23 11:41:04,392] {logging_mixin.py:104} INFO - [2026-09-23 11:41:04,392] {dag.py:2280} INFO - Setting next_dagrun for example_subdag_operator.section-2 to None
[2026-09-23 11:41:04,421] {scheduler_job.py:190} INFO - Processing /home/airflow/.local/lib/python3.6/site-packages/airflow/example_dags/example_subdag_operator.py took 0.215 seconds
[2026-09-23 11:41:35,025] {scheduler_job.py:182} INFO - Started process (PID=1027) to work on /home/airflow/.local/lib/python3.6/site-packages/airflow/example_dags/example_subdag_operator.py
[2026-09-23 11:41:35,033] {scheduler_job.py:629} INFO - Processing file /home/airflow/.local/lib/python3.6/site-packages/airflow/example_dags/example_subdag_operator.py for tasks to queue
[2026-09-23 11:41:35,040] {logging_mixin.py:104} INFO - [2026-09-23 11:41:35,038] {dagbag.py:451} INFO - Filling up the DagBag from /home/airflow/.local/lib/python3.6/site-packages/airflow/example_dags/example_subdag_operator.py
[2026-09-23 11:41:35,130] {scheduler_job.py:639} INFO - DAG(s) dict_keys(['example_subdag_operator.section-1', 'example_subdag_operator.section-2', 'example_subdag_operator']) retrieved from /home/airflow/.local/lib/python3.6/site-packages/airflow/example_dags/example_subdag_operator.py
[2026-09-23 11:41:35,155] {logging_mixin.py:104} INFO - [2026-09-23 11:41:35,155] {dag.py:1824} INFO - Sync 3 DAGs
[2026-09-23 11:41:35,187] {logging_mixin.py:104} INFO - [2026-09-23 11:41:35,187] {dag.py:2280} INFO - Setting next_dagrun for example_subdag_operator to 2026-09-21 00:00:00+00:00
[2026-09-23 11:41:35,188] {logging_mixin.py:104} INFO - [2026-09-23 11:41:35,188] {dag.py:2280} INFO - Setting next_dagrun for example_subdag_operator.section-1 to None
[2026-09-23 11:41:35,189] {logging_mixin.py:104} INFO - [2026-09-23 11:41:35,189] {dag.py:2280} INFO - Setting next_dagrun for example_subdag_operator.section-2 to None
[2026-09-23 11:41:35,204] {logging_mixin.py:104} INFO - [2026-09-23 11:41:35,204] {dag.py:1824} INFO - Sync 2 DAGs
[2026-09-23 11:41:35,220] {logging_mixin.py:104} INFO - [2026-09-23 11:41:35,219] {dag.py:2280} INFO - Setting next_dagrun for example_subdag_operator.section-1 to None
[2026-09-23 11:41:35,220] {logging_mixin.py:104} INFO - [2026-09-23 11:41:35,220] {dag.py:2280} INFO - Setting next_dagrun for example_subdag_operator.section-2 to None
[2026-09-23 11:41:35,233] {scheduler_job.py:190} INFO - Processing /home/airflow/.local/lib/python3.6/site-packages/airflow/example_dags/example_subdag_operator.py took 0.224 seconds
[2026-09-23 11:42:05,789] {scheduler_job.py:182} INFO - Started process (PID=1053) to work on /home/airflow/.local/lib/python3.6/site-packages/airflow/example_dags/example_subdag_operator.py
[2026-09-23 11:42:05,791] {scheduler_job.py:629} INFO - Processing file /home/airflow/.local/lib/python3.6/site-packages/airflow/example_dags/example_subdag_operator.py for tasks to queue
[2026-09-23 11:42:05,792] {logging_mixin.py:104} INFO - [2026-09-23 11:42:05,792] {dagbag.py:451} INFO - Filling up the DagBag from /home/airflow/.local/lib/python3.6/site-packages/airflow/example_dags/example_subdag_operator.py
[2026-09-23 11:42:05,854] {scheduler_job.py:639} INFO - DAG(s) dict_keys(['example_subdag_operator.section-1', 'example_subdag_operator.section-2', 'example_subdag_operator']) retrieved from /home/airflow/.local/lib/python3.6/site-packages/airflow/example_dags/example_subdag_operator.py
[2026-09-23 11:42:05,879] {logging_mixin.py:104} INFO - [2026-09-23 11:42:05,879] {dag.py:1824} INFO - Sync 3 DAGs
[2026-09-23 11:42:05,909] {logging_mixin.py:104} INFO - [2026-09-23 11:42:05,909] {dag.py:2280} INFO - Setting next_dagrun for example_subdag_operator to 2026-09-21 00:00:00+00:00
[2026-09-23 11:42:05,911] {logging_mixin.py:104} INFO - [2026-09-23 11:42:05,911] {dag.py:2280} INFO - Setting next_dagrun for example_subdag_operator.section-1 to None
[2026-09-23 11:42:05,911] {logging_mixin.py:104} INFO - [2026-09-23 11:42:05,911] {dag.py:2280} INFO - Setting next_dagrun for example_subdag_operator.section-2 to None
[2026-09-23 11:42:05,930] {logging_mixin.py:104} INFO - [2026-09-23 11:42:05,929] {dag.py:1824} INFO - Sync 2 DAGs
[2026-09-23 11:42:05,949] {logging_mixin.py:104} INFO - [2026-09-23 11:42:05,949] {dag.py:2280} INFO - Setting next_dagrun for example_subdag_operator.section-1 to None
[2026-09-23 11:42:05,949] {logging_mixin.py:104} INFO - [2026-09-23 11:42:05,949] {dag.py:2280} INFO - Setting next_dagrun for example_subdag_operator.section-2 to None
[2026-09-23 11:42:05,964] {scheduler_job.py:190} INFO - Processing /home/airflow/.local/lib/python3.6/site-packages/airflow/example_dags/example_subdag_operator.py took 0.180 seconds
[2026-09-23 11:42:36,292] {scheduler_job.py:182} INFO - Started process (PID=1079) to work on /home/airflow/.local/lib/python3.6/site-packages/airflow/example_dags/example_subdag_operator.py
[2026-09-23 11:42:36,294] {scheduler_job.py:629} INFO - Processing file /home/airflow/.local/lib/python3.6/site-packages/airflow/example_dags/example_subdag_operator.py for tasks to queue
[2026-09-23 11:42:36,294] {logging_mixin.py:104} INFO - [2026-09-23 11:42:36,294] {dagbag.py:451} INFO - Filling up the DagBag from /home/airflow/.local/lib/python3.6/site-packages/airflow/example_dags/example_subdag_operator.py
[2026-09-23 11:42:36,334] {scheduler_job.py:639} INFO - DAG(s) dict_keys(['example_subdag_operator.section-1', 'example_subdag_operator.section-2', 'example_subdag_operator']) retrieved from /home/airflow/.local/lib/python3.6/site-packages/airflow/example_dags/example_subdag_operator.py
[2026-09-23 11:42:36,355] {logging_mixin.py:104} INFO - [2026-09-23 11:42:36,355] {dag.py:1824} INFO - Sync 3 DAGs
[2026-09-23 11:42:36,379] {logging_mixin.py:104} INFO - [2026-09-23 11:42:36,379] {dag.py:2280} INFO - Setting next_dagrun for example_subdag_operator to 2026-09-21 00:00:00+00:00
[2026-09-23 11:42:36,381] {logging_mixin.py:104} INFO - [2026-09-23 11:42:36,381] {dag.py:2280} INFO - Setting next_dagrun for example_subdag_operator.section-1 to None
[2026-09-23 11:42:36,381] {logging_mixin.py:104} INFO - [2026-09-23 11:42:36,381] {dag.py:2280} INFO - Setting next_dagrun for example_subdag_operator.section-2 to None
[2026-09-23 11:42:36,397] {logging_mixin.py:104} INFO - [2026-09-23 11:42:36,397] {dag.py:1824} INFO - Sync 2 DAGs
[2026-09-23 11:42:36,410] {logging_mixin.py:104} INFO - [2026-09-23 11:42:36,410] {dag.py:2280} INFO - Setting next_dagrun for example_subdag_operator.section-1 to None
[2026-09-23 11:42:36,410] {logging_mixin.py:104} INFO - [2026-09-23 11:42:36,410] {dag.py:2280} INFO - Setting next_dagrun for example_subdag_operator.section-2 to None
[2026-09-23 11:42:36,422] {scheduler_job.py:190} INFO - Processing /home/airflow/.local/lib/python3.6/site-packages/airflow/example_dags/example_subdag_operator.py took 0.134 seconds
[2026-09-23 11:43:07,744] {scheduler_job.py:182} INFO - Started process (PID=1108) to work on /home/airflow/.local/lib/python3.6/site-packages/airflow/example_dags/example_subdag_operator.py
[2026-09-23 11:43:07,746] {scheduler_job.py:629} INFO - Processing file /home/airflow/.local/lib/python3.6/site-packages/airflow/example_dags/example_subdag_operator.py for tasks to queue
[2026-09-23 11:43:07,747] {logging_mixin.py:104} INFO - [2026-09-23 11:43:07,747] {dagbag.py:451} INFO - Filling up the DagBag from /home/airflow/.local/lib/python3.6/site-packages/airflow/example_dags/example_subdag_operator.py
[2026-09-23 11:43:07,843] {scheduler_job.py:639} INFO - DAG(s) dict_keys(['example_subdag_operator.section-1', 'example_subdag_operator.section-2', 'example_subdag_operator']) retrieved from /home/airflow/.local/lib/python3.6/site-packages/airflow/example_dags/example_subdag_operator.py
[2026-09-23 11:43:07,893] {logging_mixin.py:104} INFO - [2026-09-23 11:43:07,893] {dag.py:1824} INFO - Sync 3 DAGs
[2026-09-23 11:43:07,957] {logging_mixin.py:104} INFO - [2026-09-23 11:43:07,956] {dag.py:2280} INFO - Setting next_dagrun for example_subdag_operator to 2026-09-21 00:00:00+00:00
[2026-09-23 11:43:07,958] {logging_mixin.py:104} INFO - [2026-09-23 11:43:07,958] {dag.py:2280} INFO - Setting next_dagrun for example_subdag_operator.section-1 to None
[2026-09-23 11:43:07,959] {logging_mixin.py:104} INFO - [2026-09-23 11:43:07,959] {dag.py:2280} INFO - Setting next_dagrun for example_subdag_operator.section-2 to None
[2026-09-23 11:43:07,981] {logging_mixin.py:104} INFO - [2026-09-23 11:43:07,981] {dag.py:1824} INFO - Sync 2 DAGs
[2026-09-23 11:43:07,997] {logging_mixin.py:104} INFO - [2026-09-23 11:43:07,996] {dag.py:2280} INFO - Setting next_dagrun for example_subdag_operator.section-1 to None
[2026-09-23 11:43:07,997] {logging_mixin.py:104} INFO - [2026-09-23 11:43:07,997] {dag.py:2280} INFO - Setting next_dagrun for example_subdag_operator.section-2 to None
[2026-09-23 11:43:08,012] {scheduler_job.py:190} INFO - Processing /home/airflow/.local/lib/python3.6/site-packages/airflow/example_dags/example_subdag_operator.py took 0.277 seconds
[2026-09-23 11:43:38,163] {scheduler_job.py:182} INFO - Started process (PID=1134) to work on /home/airflow/.local/lib/python3.6/site-packages/airflow/example_dags/example_subdag_operator.py
[2026-09-23 11:43:38,165] {scheduler_job.py:629} INFO - Processing file /home/airflow/.local/lib/python3.6/site-packages/airflow/example_dags/example_subdag_operator.py for tasks to queue
[2026-09-23 11:43:38,166] {logging_mixin.py:104} INFO - [2026-09-23 11:43:38,165] {dagbag.py:451} INFO - Filling up the DagBag from /home/airflow/.local/lib/python3.6/site-packages/airflow/example_dags/example_subdag_operator.py
[2026-09-23 11:43:38,219] {scheduler_job.py:639} INFO - DAG(s) dict_keys(['example_subdag_operator.section-1', 'example_subdag_operator.section-2', 'example_subdag_operator']) retrieved from /home/airflow/.local/lib/python3.6/site-packages/airflow/example_dags/example_subdag_operator.py
[2026-09-23 11:43:38,234] {logging_mixin.py:104} INFO - [2026-09-23 11:43:38,234] {dag.py:1824} INFO - Sync 3 DAGs
[2026-09-23 11:43:38,257] {logging_mixin.py:104} INFO - [2026-09-23 11:43:38,257] {dag.py:2280} INFO - Setting next_dagrun for example_subdag_operator to 2026-09-21 00:00:00+00:00
[2026-09-23 11:43:38,258] {logging_mixin.py:104} INFO - [2026-09-23 11:43:38,258] {dag.py:2280} INFO - Setting next_dagrun for example_subdag_operator.section-1 to None
[2026-09-23 11:43:38,258] {logging_mixin.py:104} INFO - [2026-09-23 11:43:38,258] {dag.py:2280} INFO - Setting next_dagrun for example_subdag_operator.section-2 to None
[2026-09-23 11:43:38,269] {logging_mixin.py:104} INFO - [2026-09-23 11:43:38,269] {dag.py:1824} INFO - Sync 2 DAGs
[2026-09-23 11:43:38,281] {logging_mixin.py:104} INFO - [2026-09-23 11:43:38,280] {dag.py:2280} INFO - Setting next_dagrun for example_subdag_operator.section-1 to None
[2026-09-23 11:43:38,281] {logging_mixin.py:104} INFO - [2026-09-23 11:43:38,281] {dag.py:2280} INFO - Setting next_dagrun for example_subdag_operator.section-2 to None
[2026-09-23 11:43:38,295] {scheduler_job.py:190} INFO - Processing /home/airflow/.local/lib/python3.6/site-packages/airflow/example_dags/example_subdag_operator.py took 0.138 seconds
[2026-09-23 11:44:08,452] {scheduler_job.py:182} INFO - Started process (PID=1161) to work on /home/airflow/.local/lib/python3.6/site-packages/airflow/example_dags/example_subdag_operator.py
[2026-09-23 11:44:08,454] {scheduler_job.py:629} INFO - Processing file /home/airflow/.local/lib/python3.6/site-packages/airflow/example_dags/example_subdag_operator.py for tasks to queue
[2026-09-23 11:44:08,455] {logging_mixin.py:104} INFO - [2026-09-23 11:44:08,455] {dagbag.py:451} INFO - Filling up the DagBag from /home/airflow/.local/lib/python3.6/site-packages/airflow/example_dags/example_subdag_operator.py
[2026-09-23 11:44:08,496] {scheduler_job.py:639} INFO - DAG(s) dict_keys(['example_subdag_operator.section-1', 'example_subdag_operator.section-2', 'example_subdag_operator']) retrieved from /home/airflow/.local/lib/python3.6/site-packages/airflow/example_dags/example_subdag_operator.py
[2026-09-23 11:44:08,514] {logging_mixin.py:104} INFO - [2026-09-23 11:44:08,514] {dag.py:1824} INFO - Sync 3 DAGs
[2026-09-23 11:44:08,543] {logging_mixin.py:104} INFO - [2026-09-23 11:44:08,542] {dag.py:2280} INFO - Setting next_dagrun for example_subdag_operator to 2026-09-21 00:00:00+00:00
[2026-09-23 11:44:08,544] {logging_mixin.py:104} INFO - [2026-09-23 11:44:08,544] {dag.py:2280} INFO - Setting next_dagrun for example_subdag_operator.section-1 to None
[2026-09-23 11:44:08,544] {logging_mixin.py:104} INFO - [2026-09-23 11:44:08,544] {dag.py:2280} INFO - Setting next_dagrun for example_subdag_operator.section-2 to None
[2026-09-23 11:44:08,559] {logging_mixin.py:104} INFO - [2026-09-23 11:44:08,559] {dag.py:1824} INFO - Sync 2 DAGs
[2026-09-23 11:44:08,573] {logging_mixin.py:104} INFO - [2026-09-23 11:44:08,572] {dag.py:2280} INFO - Setting next_dagrun for example_subdag_operator.section-1 to None
[2026-09-23 11:44:08,573] {logging_mixin.py:104} INFO - [2026-09-23 11:44:08,573] {dag.py:2280} INFO - Setting next_dagrun for example_subdag_operator.section-2 to None
[2026-09-23 11:44:08,587] {scheduler_job.py:190} INFO - Processing /home/airflow/.local/lib/python3.6/site-packages/airflow/example_dags/example_subdag_operator.py took 0.139 seconds
[2026-09-23 11:44:38,756] {scheduler_job.py:182} INFO - Started process (PID=1188) to work on /home/airflow/.local/lib/python3.6/site-packages/airflow/example_dags/example_subdag_operator.py
[2026-09-23 11:44:38,758] {scheduler_job.py:629} INFO - Processing file /home/airflow/.local/lib/python3.6/site-packages/airflow/example_dags/example_subdag_operator.py for tasks to queue
[2026-09-23 11:44:38,761] {logging_mixin.py:104} INFO - [2026-09-23 11:44:38,759] {dagbag.py:451} INFO - Filling up the DagBag from /home/airflow/.local/lib/python3.6/site-packages/airflow/example_dags/example_subdag_operator.py
[2026-09-23 11:44:38,870] {scheduler_job.py:639} INFO - DAG(s) dict_keys(['example_subdag_operator.section-1', 'example_subdag_operator.section-2', 'example_subdag_operator']) retrieved from /home/airflow/.local/lib/python3.6/site-packages/airflow/example_dags/example_subdag_operator.py
[2026-09-23 11:44:38,895] {logging_mixin.py:104} INFO - [2026-09-23 11:44:38,894] {dag.py:1824} INFO - Sync 3 DAGs
[2026-09-23 11:44:38,930] {logging_mixin.py:104} INFO - [2026-09-23 11:44:38,930] {dag.py:2280} INFO - Setting next_dagrun for example_subdag_operator to 2026-09-21 00:00:00+00:00
[2026-09-23 11:44:38,932] {logging_mixin.py:104} INFO - [2026-09-23 11:44:38,931] {dag.py:2280} INFO - Setting next_dagrun for example_subdag_operator.section-1 to None
[2026-09-23 11:44:38,932] {logging_mixin.py:104} INFO - [2026-09-23 11:44:38,932] {dag.py:2280} INFO - Setting next_dagrun for example_subdag_operator.section-2 to None
[2026-09-23 11:44:38,957] {logging_mixin.py:104} INFO - [2026-09-23 11:44:38,956] {dag.py:1824} INFO - Sync 2 DAGs
[2026-09-23 11:44:38,973] {logging_mixin.py:104} INFO - [2026-09-23 11:44:38,973] {dag.py:2280} INFO - Setting next_dagrun for example_subdag_operator.section-1 to None
[2026-09-23 11:44:38,974] {logging_mixin.py:104} INFO - [2026-09-23 11:44:38,974] {dag.py:2280} INFO - Setting next_dagrun for example_subdag_operator.section-2 to None
[2026-09-23 11:44:38,988] {scheduler_job.py:190} INFO - Processing /home/airflow/.local/lib/python3.6/site-packages/airflow/example_dags/example_subdag_operator.py took 0.244 seconds
[2026-09-23 11:45:09,958] {scheduler_job.py:182} INFO - Started process (PID=1215) to work on /home/airflow/.local/lib/python3.6/site-packages/airflow/example_dags/example_subdag_operator.py
[2026-09-23 11:45:09,960] {scheduler_job.py:629} INFO - Processing file /home/airflow/.local/lib/python3.6/site-packages/airflow/example_dags/example_subdag_operator.py for tasks to queue
[2026-09-23 11:45:09,961] {logging_mixin.py:104} INFO - [2026-09-23 11:45:09,961] {dagbag.py:451} INFO - Filling up the DagBag from /home/airflow/.local/lib/python3.6/site-packages/airflow/example_dags/example_subdag_operator.py
[2026-09-23 11:45:10,034] {scheduler_job.py:639} INFO - DAG(s) dict_keys(['example_subdag_operator.section-1', 'example_subdag_operator.section-2', 'example_subdag_operator']) retrieved from /home/airflow/.local/lib/python3.6/site-packages/airflow/example_dags/example_subdag_operator.py
[2026-09-23 11:45:10,058] {logging_mixin.py:104} INFO - [2026-09-23 11:45:10,058] {dag.py:1824} INFO - Sync 3 DAGs
[2026-09-23 11:45:10,089] {logging_mixin.py:104} INFO - [2026-09-23 11:45:10,088] {dag.py:2280} INFO - Setting next_dagrun for example_subdag_operator to 2026-09-21 00:00:00+00:00
[2026-09-23 11:45:10,090] {logging_mixin.py:104} INFO - [2026-09-23 11:45:10,090] {dag.py:2280} INFO - Setting next_dagrun for example_subdag_operator.section-1 to None
[2026-09-23 11:45:10,091] {logging_mixin.py:104} INFO - [2026-09-23 11:45:10,091] {dag.py:2280} INFO - Setting next_dagrun for example_subdag_operator.section-2 to None
[2026-09-23 11:45:10,110] {logging_mixin.py:104} INFO - [2026-09-23 11:45:10,109] {dag.py:1824} INFO - Sync 2 DAGs
[2026-09-23 11:45:10,141] {logging_mixin.py:104} INFO - [2026-09-23 11:45:10,140] {dag.py:2280} INFO - Setting next_dagrun for example_subdag_operator.section-1 to None
[2026-09-23 11:45:10,141] {logging_mixin.py:104} INFO - [2026-09-23 11:45:10,141] {dag.py:2280} INFO - Setting next_dagrun for example_subdag_operator.section-2 to None
[2026-09-23 11:45:10,158] {scheduler_job.py:190} INFO - Processing /home/airflow/.local/lib/python3.6/site-packages/airflow/example_dags/example_subdag_operator.py took 0.208 seconds
[2026-09-23 11:45:40,210] {scheduler_job.py:182} INFO - Started process (PID=1241) to work on /home/airflow/.local/lib/python3.6/site-packages/airflow/example_dags/example_subdag_operator.py
[2026-09-23 11:45:40,211] {scheduler_job.py:629} INFO - Processing file /home/airflow/.local/lib/python3.6/site-packages/airflow/example_dags/example_subdag_operator.py for tasks to queue
[2026-09-23 11:45:40,212] {logging_mixin.py:104} INFO - [2026-09-23 11:45:40,212] {dagbag.py:451} INFO - Filling up the DagBag from /home/airflow/.local/lib/python3.6/site-packages/airflow/example_dags/example_subdag_operator.py
[2026-09-23 11:45:40,254] {scheduler_job.py:639} INFO - DAG(s) dict_keys(['example_subdag_operator.section-1', 'example_subdag_operator.section-2', 'example_subdag_operator']) retrieved from /home/airflow/.local/lib/python3.6/site-packages/airflow/example_dags/example_subdag_operator.py
[2026-09-23 11:45:40,269] {logging_mixin.py:104} INFO - [2026-09-23 11:45:40,269] {dag.py:1824} INFO - Sync 3 DAGs
[2026-09-23 11:45:40,290] {logging_mixin.py:104} INFO - [2026-09-23 11:45:40,290] {dag.py:2280} INFO - Setting next_dagrun for example_subdag_operator to 2026-09-21 00:00:00+00:00
[2026-09-23 11:45:40,291] {logging_mixin.py:104} INFO - [2026-09-23 11:45:40,291] {dag.py:2280} INFO - Setting next_dagrun for example_subdag_operator.section-1 to None
[2026-09-23 11:45:40,291] {logging_mixin.py:104} INFO - [2026-09-23 11:45:40,291] {dag.py:2280} INFO - Setting next_dagrun for example_subdag_operator.section-2 to None
[2026-09-23 11:45:40,302] {logging_mixin.py:104} INFO - [2026-09-23 11:45:40,301] {dag.py:1824} INFO - Sync 2 DAGs
[2026-09-23 11:45:40,311] {logging_mixin.py:104} INFO - [2026-09-23 11:45:40,311] {dag.py:2280} INFO - Setting next_dagrun for example_subdag_operator.section-1 to None
[2026-09-23 11:45:40,311] {logging_mixin.py:104} INFO - [2026-09-23 11:45:40,311] {dag.py:2280} INFO - Setting next_dagrun for example_subdag_operator.section-2 to None
[2026-09-23 11:45:40,319] {scheduler_job.py:190} INFO - Processing /home/airflow/.local/lib/python3.6/site-packages/airflow/example_dags/example_subdag_operator.py took 0.114 seconds
[2026-09-23 11:46:10,443] {scheduler_job.py:182} INFO - Started process (PID=1267) to work on /home/airflow/.local/lib/python3.6/site-packages/airflow/example_dags/example_subdag_operator.py
[2026-09-23 11:46:10,444] {scheduler_job.py:629} INFO - Processing file /home/airflow/.local/lib/python3.6/site-packages/airflow/example_dags/example_subdag_operator.py for tasks to queue
[2026-09-23 11:46:10,445] {logging_mixin.py:104} INFO - [2026-09-23 11:46:10,445] {dagbag.py:451} INFO - Filling up the DagBag from /home/airflow/.local/lib/python3.6/site-packages/airflow/example_dags/example_subdag_operator.py
[2026-09-23 11:46:10,497] {scheduler_job.py:639} INFO - DAG(s) dict_keys(['example_subdag_operator.section-1', 'example_subdag_operator.section-2', 'example_subdag_operator']) retrieved from /home/airflow/.local/lib/python3.6/site-packages/airflow/example_dags/example_subdag_operator.py
[2026-09-23 11:46:10,513] {logging_mixin.py:104} INFO - [2026-09-23 11:46:10,513] {dag.py:1824} INFO - Sync 3 DAGs
[2026-09-23 11:46:10,537] {logging_mixin.py:104} INFO - [2026-09-23 11:46:10,536] {dag.py:2280} INFO - Setting next_dagrun for example_subdag_operator to 2026-09-21 00:00:00+00:00
[2026-09-23 11:46:10,538] {logging_mixin.py:104} INFO - [2026-09-23 11:46:10,538] {dag.py:2280} INFO - Setting next_dagrun for example_subdag_operator.section-1 to None
[2026-09-23 11:46:10,538] {logging_mixin.py:104} INFO - [2026-09-23 11:46:10,538] {dag.py:2280} INFO - Setting next_dagrun for example_subdag_operator.section-2 to None
[2026-09-23 11:46:10,554] {logging_mixin.py:104} INFO - [2026-09-23 11:46:10,554] {dag.py:1824} INFO - Sync 2 DAGs
[2026-09-23 11:46:10,571] {logging_mixin.py:104} INFO - [2026-09-23 11:46:10,571] {dag.py:2280} INFO - Setting next_dagrun for example_subdag_operator.section-1 to None
[2026-09-23 11:46:10,572] {logging_mixin.py:104} INFO - [2026-09-23 11:46:10,572] {dag.py:2280} INFO - Setting next_dagrun for example_subdag_operator.section-2 to None
[2026-09-23 11:46:10,584] {scheduler_job.py:190} INFO - Processing /home/airflow/.local/lib/python3.6/site-packages/airflow/example_dags/example_subdag_operator.py took 0.146 seconds
[2026-09-23 11:46:41,515] {scheduler_job.py:182} INFO - Started process (PID=1295) to work on /home/airflow/.local/lib/python3.6/site-packages/airflow/example_dags/example_subdag_operator.py
[2026-09-23 11:46:41,520] {scheduler_job.py:629} INFO - Processing file /home/airflow/.local/lib/python3.6/site-packages/airflow/example_dags/example_subdag_operator.py for tasks to queue
[2026-09-23 11:46:41,521] {logging_mixin.py:104} INFO - [2026-09-23 11:46:41,521] {dagbag.py:451} INFO - Filling up the DagBag from /home/airflow/.local/lib/python3.6/site-packages/airflow/example_dags/example_subdag_operator.py
[2026-09-23 11:46:41,594] {scheduler_job.py:639} INFO - DAG(s) dict_keys(['example_subdag_operator.section-1', 'example_subdag_operator.section-2', 'example_subdag_operator']) retrieved from /home/airflow/.local/lib/python3.6/site-packages/airflow/example_dags/example_subdag_operator.py
[2026-09-23 11:46:41,622] {logging_mixin.py:104} INFO - [2026-09-23 11:46:41,621] {dag.py:1824} INFO - Sync 3 DAGs
[2026-09-23 11:46:41,656] {logging_mixin.py:104} INFO - [2026-09-23 11:46:41,655] {dag.py:2280} INFO - Setting next_dagrun for example_subdag_operator to 2026-09-21 00:00:00+00:00
[2026-09-23 11:46:41,657] {logging_mixin.py:104} INFO - [2026-09-23 11:46:41,657] {dag.py:2280} INFO - Setting next_dagrun for example_subdag_operator.section-1 to None
[2026-09-23 11:46:41,658] {logging_mixin.py:104} INFO - [2026-09-23 11:46:41,658] {dag.py:2280} INFO - Setting next_dagrun for example_subdag_operator.section-2 to None
[2026-09-23 11:46:41,683] {logging_mixin.py:104} INFO - [2026-09-23 11:46:41,683] {dag.py:1824} INFO - Sync 2 DAGs
[2026-09-23 11:46:41,696] {logging_mixin.py:104} INFO - [2026-09-23 11:46:41,696] {dag.py:2280} INFO - Setting next_dagrun for example_subdag_operator.section-1 to None
[2026-09-23 11:46:41,696] {logging_mixin.py:104} INFO - [2026-09-23 11:46:41,696] {dag.py:2280} INFO - Setting next_dagrun for example_subdag_operator.section-2 to None
[2026-09-23 11:46:41,712] {scheduler_job.py:190} INFO - Processing /home/airflow/.local/lib/python3.6/site-packages/airflow/example_dags/example_subdag_operator.py took 0.206 seconds
[2026-09-23 11:47:12,588] {scheduler_job.py:182} INFO - Started process (PID=1322) to work on /home/airflow/.local/lib/python3.6/site-packages/airflow/example_dags/example_subdag_operator.py
[2026-09-23 11:47:12,589] {scheduler_job.py:629} INFO - Processing file /home/airflow/.local/lib/python3.6/site-packages/airflow/example_dags/example_subdag_operator.py for tasks to queue
[2026-09-23 11:47:12,590] {logging_mixin.py:104} INFO - [2026-09-23 11:47:12,590] {dagbag.py:451} INFO - Filling up the DagBag from /home/airflow/.local/lib/python3.6/site-packages/airflow/example_dags/example_subdag_operator.py
[2026-09-23 11:47:12,630] {scheduler_job.py:639} INFO - DAG(s) dict_keys(['example_subdag_operator.section-1', 'example_subdag_operator.section-2', 'example_subdag_operator']) retrieved from /home/airflow/.local/lib/python3.6/site-packages/airflow/example_dags/example_subdag_operator.py
[2026-09-23 11:47:12,644] {logging_mixin.py:104} INFO - [2026-09-23 11:47:12,644] {dag.py:1824} INFO - Sync 3 DAGs
[2026-09-23 11:47:12,662] {logging_mixin.py:104} INFO - [2026-09-23 11:47:12,662] {dag.py:2280} INFO - Setting next_dagrun for example_subdag_operator to 2026-09-21 00:00:00+00:00
[2026-09-23 11:47:12,663] {logging_mixin.py:104} INFO - [2026-09-23 11:47:12,663] {dag.py:2280} INFO - Setting next_dagrun for example_subdag_operator.section-1 to None
[2026-09-23 11:47:12,663] {logging_mixin.py:104} INFO - [2026-09-23 11:47:12,663] {dag.py:2280} INFO - Setting next_dagrun for example_subdag_operator.section-2 to None
[2026-09-23 11:47:12,677] {logging_mixin.py:104} INFO - [2026-09-23 11:47:12,677] {dag.py:1824} INFO - Sync 2 DAGs
[2026-09-23 11:47:12,687] {logging_mixin.py:104} INFO - [2026-09-23 11:47:12,687] {dag.py:2280} INFO - Setting next_dagrun for example_subdag_operator.section-1 to None
[2026-09-23 11:47:12,687] {logging_mixin.py:104} INFO - [2026-09-23 11:47:12,687] {dag.py:2280} INFO - Setting next_dagrun for example_subdag_operator.section-2 to None
[2026-09-23 11:47:12,697] {scheduler_job.py:190} INFO - Processing /home/airflow/.local/lib/python3.6/site-packages/airflow/example_dags/example_subdag_operator.py took 0.116 seconds
[2026-09-23 11:47:42,922] {scheduler_job.py:182} INFO - Started process (PID=1348) to work on /home/airflow/.local/lib/python3.6/site-packages/airflow/example_dags/example_subdag_operator.py
[2026-09-23 11:47:42,926] {scheduler_job.py:629} INFO - Processing file /home/airflow/.local/lib/python3.6/site-packages/airflow/example_dags/example_subdag_operator.py for tasks to queue
[2026-09-23 11:47:42,933] {logging_mixin.py:104} INFO - [2026-09-23 11:47:42,930] {dagbag.py:451} INFO - Filling up the DagBag from /home/airflow/.local/lib/python3.6/site-packages/airflow/example_dags/example_subdag_operator.py
[2026-09-23 11:47:43,003] {scheduler_job.py:639} INFO - DAG(s) dict_keys(['example_subdag_operator.section-1', 'example_subdag_operator.section-2', 'example_subdag_operator']) retrieved from /home/airflow/.local/lib/python3.6/site-packages/airflow/example_dags/example_subdag_operator.py
[2026-09-23 11:47:43,040] {logging_mixin.py:104} INFO - [2026-09-23 11:47:43,040] {dag.py:1824} INFO - Sync 3 DAGs
[2026-09-23 11:47:43,076] {logging_mixin.py:104} INFO - [2026-09-23 11:47:43,075] {dag.py:2280} INFO - Setting next_dagrun for example_subdag_operator to 2026-09-21 00:00:00+00:00
[2026-09-23 11:47:43,077] {logging_mixin.py:104} INFO - [2026-09-23 11:47:43,077] {dag.py:2280} INFO - Setting next_dagrun for example_subdag_operator.section-1 to None
[2026-09-23 11:47:43,078] {logging_mixin.py:104} INFO - [2026-09-23 11:47:43,078] {dag.py:2280} INFO - Setting next_dagrun for example_subdag_operator.section-2 to None
[2026-09-23 11:47:43,097] {logging_mixin.py:104} INFO - [2026-09-23 11:47:43,097] {dag.py:1824} INFO - Sync 2 DAGs
[2026-09-23 11:47:43,123] {logging_mixin.py:104} INFO - [2026-09-23 11:47:43,123] {dag.py:2280} INFO - Setting next_dagrun for example_subdag_operator.section-1 to None
[2026-09-23 11:47:43,124] {logging_mixin.py:104} INFO - [2026-09-23 11:47:43,124] {dag.py:2280} INFO - Setting next_dagrun for example_subdag_operator.section-2 to None
[2026-09-23 11:47:43,146] {scheduler_job.py:190} INFO - Processing /home/airflow/.local/lib/python3.6/site-packages/airflow/example_dags/example_subdag_operator.py took 0.241 seconds
[2026-09-23 11:48:13,490] {scheduler_job.py:182} INFO - Started process (PID=1374) to work on /home/airflow/.local/lib/python3.6/site-packages/airflow/example_dags/example_subdag_operator.py
[2026-09-23 11:48:13,491] {scheduler_job.py:629} INFO - Processing file /home/airflow/.local/lib/python3.6/site-packages/airflow/example_dags/example_subdag_operator.py for tasks to queue
[2026-09-23 11:48:13,492] {logging_mixin.py:104} INFO - [2026-09-23 11:48:13,492] {dagbag.py:451} INFO - Filling up the DagBag from /home/airflow/.local/lib/python3.6/site-packages/airflow/example_dags/example_subdag_operator.py
[2026-09-23 11:48:13,532] {scheduler_job.py:639} INFO - DAG(s) dict_keys(['example_subdag_operator.section-1', 'example_subdag_operator.section-2', 'example_subdag_operator']) retrieved from /home/airflow/.local/lib/python3.6/site-packages/airflow/example_dags/example_subdag_operator.py
[2026-09-23 11:48:13,548] {logging_mixin.py:104} INFO - [2026-09-23 11:48:13,548] {dag.py:1824} INFO - Sync 3 DAGs
[2026-09-23 11:48:13,577] {logging_mixin.py:104} INFO - [2026-09-23 11:48:13,577] {dag.py:2280} INFO - Setting next_dagrun for example_subdag_operator to 2026-09-21 00:00:00+00:00
[2026-09-23 11:48:13,579] {logging_mixin.py:104} INFO - [2026-09-23 11:48:13,579] {dag.py:2280} INFO - Setting next_dagrun for example_subdag_operator.section-1 to None
[2026-09-23 11:48:13,579] {logging_mixin.py:104} INFO - [2026-09-23 11:48:13,579] {dag.py:2280} INFO - Setting next_dagrun for example_subdag_operator.section-2 to None
[2026-09-23 11:48:13,595] {logging_mixin.py:104} INFO - [2026-09-23 11:48:13,594] {dag.py:1824} INFO - Sync 2 DAGs
[2026-09-23 11:48:13,607] {logging_mixin.py:104} INFO - [2026-09-23 11:48:13,607] {dag.py:2280} INFO - Setting next_dagrun for example_subdag_operator.section-1 to None
[2026-09-23 11:48:13,607] {logging_mixin.py:104} INFO - [2026-09-23 11:48:13,607] {dag.py:2280} INFO - Setting next_dagrun for example_subdag_operator.section-2 to None
[2026-09-23 11:48:13,617] {scheduler_job.py:190} INFO - Processing /home/airflow/.local/lib/python3.6/site-packages/airflow/example_dags/example_subdag_operator.py took 0.132 seconds
[2026-09-23 11:48:43,915] {scheduler_job.py:182} INFO - Started process (PID=1396) to work on /home/airflow/.local/lib/python3.6/site-packages/airflow/example_dags/example_subdag_operator.py
[2026-09-23 11:48:43,916] {scheduler_job.py:629} INFO - Processing file /home/airflow/.local/lib/python3.6/site-packages/airflow/example_dags/example_subdag_operator.py for tasks to queue
[2026-09-23 11:48:43,917] {logging_mixin.py:104} INFO - [2026-09-23 11:48:43,917] {dagbag.py:451} INFO - Filling up the DagBag from /home/airflow/.local/lib/python3.6/site-packages/airflow/example_dags/example_subdag_operator.py
[2026-09-23 11:48:43,955] {scheduler_job.py:639} INFO - DAG(s) dict_keys(['example_subdag_operator.section-1', 'example_subdag_operator.section-2', 'example_subdag_operator']) retrieved from /home/airflow/.local/lib/python3.6/site-packages/airflow/example_dags/example_subdag_operator.py
[2026-09-23 11:48:43,978] {logging_mixin.py:104} INFO - [2026-09-23 11:48:43,977] {dag.py:1824} INFO - Sync 3 DAGs
[2026-09-23 11:48:44,003] {logging_mixin.py:104} INFO - [2026-09-23 11:48:44,003] {dag.py:2280} INFO - Setting next_dagrun for example_subdag_operator to 2026-09-21 00:00:00+00:00
[2026-09-23 11:48:44,004] {logging_mixin.py:104} INFO - [2026-09-23 11:48:44,004] {dag.py:2280} INFO - Setting next_dagrun for example_subdag_operator.section-1 to None
[2026-09-23 11:48:44,004] {logging_mixin.py:104} INFO - [2026-09-23 11:48:44,004] {dag.py:2280} INFO - Setting next_dagrun for example_subdag_operator.section-2 to None
[2026-09-23 11:48:44,014] {logging_mixin.py:104} INFO - [2026-09-23 11:48:44,014] {dag.py:1824} INFO - Sync 2 DAGs
[2026-09-23 11:48:44,024] {logging_mixin.py:104} INFO - [2026-09-23 11:48:44,024] {dag.py:2280} INFO - Setting next_dagrun for example_subdag_operator.section-1 to None
[2026-09-23 11:48:44,024] {logging_mixin.py:104} INFO - [2026-09-23 11:48:44,024] {dag.py:2280} INFO - Setting next_dagrun for example_subdag_operator.section-2 to None
[2026-09-23 11:48:44,033] {scheduler_job.py:190} INFO - Processing /home/airflow/.local/lib/python3.6/site-packages/airflow/example_dags/example_subdag_operator.py took 0.122 seconds
[2026-09-23 11:49:14,399] {scheduler_job.py:182} INFO - Started process (PID=1422) to work on /home/airflow/.local/lib/python3.6/site-packages/airflow/example_dags/example_subdag_operator.py
[2026-09-23 11:49:14,401] {scheduler_job.py:629} INFO - Processing file /home/airflow/.local/lib/python3.6/site-packages/airflow/example_dags/example_subdag_operator.py for tasks to queue
[2026-09-23 11:49:14,406] {logging_mixin.py:104} INFO - [2026-09-23 11:49:14,402] {dagbag.py:451} INFO - Filling up the DagBag from /home/airflow/.local/lib/python3.6/site-packages/airflow/example_dags/example_subdag_operator.py
[2026-09-23 11:49:14,471] {scheduler_job.py:639} INFO - DAG(s) dict_keys(['example_subdag_operator.section-1', 'example_subdag_operator.section-2', 'example_subdag_operator']) retrieved from /home/airflow/.local/lib/python3.6/site-packages/airflow/example_dags/example_subdag_operator.py
[2026-09-23 11:49:14,500] {logging_mixin.py:104} INFO - [2026-09-23 11:49:14,499] {dag.py:1824} INFO - Sync 3 DAGs
[2026-09-23 11:49:14,539] {logging_mixin.py:104} INFO - [2026-09-23 11:49:14,538] {dag.py:2280} INFO - Setting next_dagrun for example_subdag_operator to 2026-09-21 00:00:00+00:00
[2026-09-23 11:49:14,540] {logging_mixin.py:104} INFO - [2026-09-23 11:49:14,540] {dag.py:2280} INFO - Setting next_dagrun for example_subdag_operator.section-1 to None
[2026-09-23 11:49:14,541] {logging_mixin.py:104} INFO - [2026-09-23 11:49:14,541] {dag.py:2280} INFO - Setting next_dagrun for example_subdag_operator.section-2 to None
[2026-09-23 11:49:14,563] {logging_mixin.py:104} INFO - [2026-09-23 11:49:14,562] {dag.py:1824} INFO - Sync 2 DAGs
[2026-09-23 11:49:14,584] {logging_mixin.py:104} INFO - [2026-09-23 11:49:14,584] {dag.py:2280} INFO - Setting next_dagrun for example_subdag_operator.section-1 to None
[2026-09-23 11:49:14,585] {logging_mixin.py:104} INFO - [2026-09-23 11:49:14,585] {dag.py:2280} INFO - Setting next_dagrun for example_subdag_operator.section-2 to None
[2026-09-23 11:49:14,598] {scheduler_job.py:190} INFO - Processing /home/airflow/.local/lib/python3.6/site-packages/airflow/example_dags/example_subdag_operator.py took 0.208 seconds
[2026-09-23 11:49:44,718] {scheduler_job.py:182} INFO - Started process (PID=1448) to work on /home/airflow/.local/lib/python3.6/site-packages/airflow/example_dags/example_subdag_operator.py
[2026-09-23 11:49:44,719] {scheduler_job.py:629} INFO - Processing file /home/airflow/.local/lib/python3.6/site-packages/airflow/example_dags/example_subdag_operator.py for tasks to queue
[2026-09-23 11:49:44,720] {logging_mixin.py:104} INFO - [2026-09-23 11:49:44,720] {dagbag.py:451} INFO - Filling up the DagBag from /home/airflow/.local/lib/python3.6/site-packages/airflow/example_dags/example_subdag_operator.py
[2026-09-23 11:49:44,752] {scheduler_job.py:639} INFO - DAG(s) dict_keys(['example_subdag_operator.section-1', 'example_subdag_operator.section-2', 'example_subdag_operator']) retrieved from /home/airflow/.local/lib/python3.6/site-packages/airflow/example_dags/example_subdag_operator.py
[2026-09-23 11:49:44,765] {logging_mixin.py:104} INFO - [2026-09-23 11:49:44,765] {dag.py:1824} INFO - Sync 3 DAGs
[2026-09-23 11:49:44,784] {logging_mixin.py:104} INFO - [2026-09-23 11:49:44,783] {dag.py:2280} INFO - Setting next_dagrun for example_subdag_operator to 2026-09-21 00:00:00+00:00
[2026-09-23 11:49:44,785] {logging_mixin.py:104} INFO - [2026-09-23 11:49:44,785] {dag.py:2280} INFO - Setting next_dagrun for example_subdag_operator.section-1 to None
[2026-09-23 11:49:44,785] {logging_mixin.py:104} INFO - [2026-09-23 11:49:44,785] {dag.py:2280} INFO - Setting next_dagrun for example_subdag_operator.section-2 to None
[2026-09-23 11:49:44,798] {logging_mixin.py:104} INFO - [2026-09-23 11:49:44,798] {dag.py:1824} INFO - Sync 2 DAGs
[2026-09-23 11:49:44,807] {logging_mixin.py:104} INFO - [2026-09-23 11:49:44,807] {dag.py:2280} INFO - Setting next_dagrun for example_subdag_operator.section-1 to None
[2026-09-23 11:49:44,807] {logging_mixin.py:104} INFO - [2026-09-23 11:49:44,807] {dag.py:2280} INFO - Setting next_dagrun for example_subdag_operator.section-2 to None
[2026-09-23 11:49:44,815] {scheduler_job.py:190} INFO - Processing /home/airflow/.local/lib/python3.6/site-packages/airflow/example_dags/example_subdag_operator.py took 0.100 seconds
[2026-09-23 11:50:15,581] {scheduler_job.py:182} INFO - Started process (PID=1475) to work on /home/airflow/.local/lib/python3.6/site-packages/airflow/example_dags/example_subdag_operator.py
[2026-09-23 11:50:15,583] {scheduler_job.py:629} INFO - Processing file /home/airflow/.local/lib/python3.6/site-packages/airflow/example_dags/example_subdag_operator.py for tasks to queue
[2026-09-23 11:50:15,584] {logging_mixin.py:104} INFO - [2026-09-23 11:50:15,584] {dagbag.py:451} INFO - Filling up the DagBag from /home/airflow/.local/lib/python3.6/site-packages/airflow/example_dags/example_subdag_operator.py
[2026-09-23 11:50:15,681] {scheduler_job.py:639} INFO - DAG(s) dict_keys(['example_subdag_operator.section-1', 'example_subdag_operator.section-2', 'example_subdag_operator']) retrieved from /home/airflow/.local/lib/python3.6/site-packages/airflow/example_dags/example_subdag_operator.py
[2026-09-23 11:50:15,711] {logging_mixin.py:104} INFO - [2026-09-23 11:50:15,710] {dag.py:1824} INFO - Sync 3 DAGs
[2026-09-23 11:50:15,746] {logging_mixin.py:104} INFO - [2026-09-23 11:50:15,746] {dag.py:2280} INFO - Setting next_dagrun for example_subdag_operator to 2026-09-21 00:00:00+00:00
[2026-09-23 11:50:15,748] {logging_mixin.py:104} INFO - [2026-09-23 11:50:15,748] {dag.py:2280} INFO - Setting next_dagrun for example_subdag_operator.section-1 to None
[2026-09-23 11:50:15,749] {logging_mixin.py:104} INFO - [2026-09-23 11:50:15,748] {dag.py:2280} INFO - Setting next_dagrun for example_subdag_operator.section-2 to None
[2026-09-23 11:50:15,764] {logging_mixin.py:104} INFO - [2026-09-23 11:50:15,764] {dag.py:1824} INFO - Sync 2 DAGs
[2026-09-23 11:50:15,784] {logging_mixin.py:104} INFO - [2026-09-23 11:50:15,784] {dag.py:2280} INFO - Setting next_dagrun for example_subdag_operator.section-1 to None
[2026-09-23 11:50:15,784] {logging_mixin.py:104} INFO - [2026-09-23 11:50:15,784] {dag.py:2280} INFO - Setting next_dagrun for example_subdag_operator.section-2 to None
[2026-09-23 11:50:15,803] {scheduler_job.py:190} INFO - Processing /home/airflow/.local/lib/python3.6/site-packages/airflow/example_dags/example_subdag_operator.py took 0.228 seconds
[2026-09-23 11:50:46,351] {scheduler_job.py:182} INFO - Started process (PID=1501) to work on /home/airflow/.local/lib/python3.6/site-packages/airflow/example_dags/example_subdag_operator.py
[2026-09-23 11:50:46,353] {scheduler_job.py:629} INFO - Processing file /home/airflow/.local/lib/python3.6/site-packages/airflow/example_dags/example_subdag_operator.py for tasks to queue
[2026-09-23 11:50:46,354] {logging_mixin.py:104} INFO - [2026-09-23 11:50:46,353] {dagbag.py:451} INFO - Filling up the DagBag from /home/airflow/.local/lib/python3.6/site-packages/airflow/example_dags/example_subdag_operator.py
[2026-09-23 11:50:46,399] {scheduler_job.py:639} INFO - DAG(s) dict_keys(['example_subdag_operator.section-1', 'example_subdag_operator.section-2', 'example_subdag_operator']) retrieved from /home/airflow/.local/lib/python3.6/site-packages/airflow/example_dags/example_subdag_operator.py
[2026-09-23 11:50:46,418] {logging_mixin.py:104} INFO - [2026-09-23 11:50:46,418] {dag.py:1824} INFO - Sync 3 DAGs
[2026-09-23 11:50:46,445] {logging_mixin.py:104} INFO - [2026-09-23 11:50:46,444] {dag.py:2280} INFO - Setting next_dagrun for example_subdag_operator to 2026-09-21 00:00:00+00:00
[2026-09-23 11:50:46,446] {logging_mixin.py:104} INFO - [2026-09-23 11:50:46,446] {dag.py:2280} INFO - Setting next_dagrun for example_subdag_operator.section-1 to None
[2026-09-23 11:50:46,446] {logging_mixin.py:104} INFO - [2026-09-23 11:50:46,446] {dag.py:2280} INFO - Setting next_dagrun for example_subdag_operator.section-2 to None
[2026-09-23 11:50:46,460] {logging_mixin.py:104} INFO - [2026-09-23 11:50:46,459] {dag.py:1824} INFO - Sync 2 DAGs
[2026-09-23 11:50:46,471] {logging_mixin.py:104} INFO - [2026-09-23 11:50:46,471] {dag.py:2280} INFO - Setting next_dagrun for example_subdag_operator.section-1 to None
[2026-09-23 11:50:46,471] {logging_mixin.py:104} INFO - [2026-09-23 11:50:46,471] {dag.py:2280} INFO - Setting next_dagrun for example_subdag_operator.section-2 to None
[2026-09-23 11:50:46,482] {scheduler_job.py:190} INFO - Processing /home/airflow/.local/lib/python3.6/site-packages/airflow/example_dags/example_subdag_operator.py took 0.136 seconds
[2026-09-23 11:51:16,960] {scheduler_job.py:182} INFO - Started process (PID=1525) to work on /home/airflow/.local/lib/python3.6/site-packages/airflow/example_dags/example_subdag_operator.py
[2026-09-23 11:51:16,962] {scheduler_job.py:629} INFO - Processing file /home/airflow/.local/lib/python3.6/site-packages/airflow/example_dags/example_subdag_operator.py for tasks to queue
[2026-09-23 11:51:16,963] {logging_mixin.py:104} INFO - [2026-09-23 11:51:16,963] {dagbag.py:451} INFO - Filling up the DagBag from /home/airflow/.local/lib/python3.6/site-packages/airflow/example_dags/example_subdag_operator.py
[2026-09-23 11:51:17,027] {scheduler_job.py:639} INFO - DAG(s) dict_keys(['example_subdag_operator.section-1', 'example_subdag_operator.section-2', 'example_subdag_operator']) retrieved from /home/airflow/.local/lib/python3.6/site-packages/airflow/example_dags/example_subdag_operator.py
[2026-09-23 11:51:17,052] {logging_mixin.py:104} INFO - [2026-09-23 11:51:17,052] {dag.py:1824} INFO - Sync 3 DAGs
[2026-09-23 11:51:17,108] {logging_mixin.py:104} INFO - [2026-09-23 11:51:17,105] {dag.py:2280} INFO - Setting next_dagrun for example_subdag_operator to 2026-09-21 00:00:00+00:00
[2026-09-23 11:51:17,112] {logging_mixin.py:104} INFO - [2026-09-23 11:51:17,112] {dag.py:2280} INFO - Setting next_dagrun for example_subdag_operator.section-1 to None
[2026-09-23 11:51:17,112] {logging_mixin.py:104} INFO - [2026-09-23 11:51:17,112] {dag.py:2280} INFO - Setting next_dagrun for example_subdag_operator.section-2 to None
[2026-09-23 11:51:17,156] {logging_mixin.py:104} INFO - [2026-09-23 11:51:17,156] {dag.py:1824} INFO - Sync 2 DAGs
[2026-09-23 11:51:17,193] {logging_mixin.py:104} INFO - [2026-09-23 11:51:17,192] {dag.py:2280} INFO - Setting next_dagrun for example_subdag_operator.section-1 to None
[2026-09-23 11:51:17,195] {logging_mixin.py:104} INFO - [2026-09-23 11:51:17,195] {dag.py:2280} INFO - Setting next_dagrun for example_subdag_operator.section-2 to None
[2026-09-23 11:51:17,236] {scheduler_job.py:190} INFO - Processing /home/airflow/.local/lib/python3.6/site-packages/airflow/example_dags/example_subdag_operator.py took 0.282 seconds
[2026-09-23 11:51:47,975] {scheduler_job.py:182} INFO - Started process (PID=1551) to work on /home/airflow/.local/lib/python3.6/site-packages/airflow/example_dags/example_subdag_operator.py
[2026-09-23 11:51:47,976] {scheduler_job.py:629} INFO - Processing file /home/airflow/.local/lib/python3.6/site-packages/airflow/example_dags/example_subdag_operator.py for tasks to queue
[2026-09-23 11:51:47,977] {logging_mixin.py:104} INFO - [2026-09-23 11:51:47,977] {dagbag.py:451} INFO - Filling up the DagBag from /home/airflow/.local/lib/python3.6/site-packages/airflow/example_dags/example_subdag_operator.py
[2026-09-23 11:51:48,017] {scheduler_job.py:639} INFO - DAG(s) dict_keys(['example_subdag_operator.section-1', 'example_subdag_operator.section-2', 'example_subdag_operator']) retrieved from /home/airflow/.local/lib/python3.6/site-packages/airflow/example_dags/example_subdag_operator.py
[2026-09-23 11:51:48,034] {logging_mixin.py:104} INFO - [2026-09-23 11:51:48,033] {dag.py:1824} INFO - Sync 3 DAGs
[2026-09-23 11:51:48,055] {logging_mixin.py:104} INFO - [2026-09-23 11:51:48,055] {dag.py:2280} INFO - Setting next_dagrun for example_subdag_operator to 2026-09-21 00:00:00+00:00
[2026-09-23 11:51:48,056] {logging_mixin.py:104} INFO - [2026-09-23 11:51:48,056] {dag.py:2280} INFO - Setting next_dagrun for example_subdag_operator.section-1 to None
[2026-09-23 11:51:48,056] {logging_mixin.py:104} INFO - [2026-09-23 11:51:48,056] {dag.py:2280} INFO - Setting next_dagrun for example_subdag_operator.section-2 to None
[2026-09-23 11:51:48,070] {logging_mixin.py:104} INFO - [2026-09-23 11:51:48,070] {dag.py:1824} INFO - Sync 2 DAGs
[2026-09-23 11:51:48,082] {logging_mixin.py:104} INFO - [2026-09-23 11:51:48,082] {dag.py:2280} INFO - Setting next_dagrun for example_subdag_operator.section-1 to None
[2026-09-23 11:51:48,083] {logging_mixin.py:104} INFO - [2026-09-23 11:51:48,083] {dag.py:2280} INFO - Setting next_dagrun for example_subdag_operator.section-2 to None
[2026-09-23 11:51:48,093] {scheduler_job.py:190} INFO - Processing /home/airflow/.local/lib/python3.6/site-packages/airflow/example_dags/example_subdag_operator.py took 0.123 seconds
[2026-09-23 11:52:19,007] {scheduler_job.py:182} INFO - Started process (PID=1577) to work on /home/airflow/.local/lib/python3.6/site-packages/airflow/example_dags/example_subdag_operator.py
[2026-09-23 11:52:19,009] {scheduler_job.py:629} INFO - Processing file /home/airflow/.local/lib/python3.6/site-packages/airflow/example_dags/example_subdag_operator.py for tasks to queue
[2026-09-23 11:52:19,011] {logging_mixin.py:104} INFO - [2026-09-23 11:52:19,011] {dagbag.py:451} INFO - Filling up the DagBag from /home/airflow/.local/lib/python3.6/site-packages/airflow/example_dags/example_subdag_operator.py
[2026-09-23 11:52:19,072] {scheduler_job.py:639} INFO - DAG(s) dict_keys(['example_subdag_operator.section-1', 'example_subdag_operator.section-2', 'example_subdag_operator']) retrieved from /home/airflow/.local/lib/python3.6/site-packages/airflow/example_dags/example_subdag_operator.py
[2026-09-23 11:52:19,098] {logging_mixin.py:104} INFO - [2026-09-23 11:52:19,098] {dag.py:1824} INFO - Sync 3 DAGs
[2026-09-23 11:52:19,134] {logging_mixin.py:104} INFO - [2026-09-23 11:52:19,133] {dag.py:2280} INFO - Setting next_dagrun for example_subdag_operator to 2026-09-21 00:00:00+00:00
[2026-09-23 11:52:19,136] {logging_mixin.py:104} INFO - [2026-09-23 11:52:19,136] {dag.py:2280} INFO - Setting next_dagrun for example_subdag_operator.section-1 to None
[2026-09-23 11:52:19,137] {logging_mixin.py:104} INFO - [2026-09-23 11:52:19,136] {dag.py:2280} INFO - Setting next_dagrun for example_subdag_operator.section-2 to None
[2026-09-23 11:52:19,156] {logging_mixin.py:104} INFO - [2026-09-23 11:52:19,155] {dag.py:1824} INFO - Sync 2 DAGs
[2026-09-23 11:52:19,177] {logging_mixin.py:104} INFO - [2026-09-23 11:52:19,177] {dag.py:2280} INFO - Setting next_dagrun for example_subdag_operator.section-1 to None
[2026-09-23 11:52:19,179] {logging_mixin.py:104} INFO - [2026-09-23 11:52:19,178] {dag.py:2280} INFO - Setting next_dagrun for example_subdag_operator.section-2 to None
[2026-09-23 11:52:19,195] {scheduler_job.py:190} INFO - Processing /home/airflow/.local/lib/python3.6/site-packages/airflow/example_dags/example_subdag_operator.py took 0.194 seconds
[2026-09-23 11:52:49,404] {scheduler_job.py:182} INFO - Started process (PID=1603) to work on /home/airflow/.local/lib/python3.6/site-packages/airflow/example_dags/example_subdag_operator.py
[2026-09-23 11:52:49,405] {scheduler_job.py:629} INFO - Processing file /home/airflow/.local/lib/python3.6/site-packages/airflow/example_dags/example_subdag_operator.py for tasks to queue
[2026-09-23 11:52:49,406] {logging_mixin.py:104} INFO - [2026-09-23 11:52:49,406] {dagbag.py:451} INFO - Filling up the DagBag from /home/airflow/.local/lib/python3.6/site-packages/airflow/example_dags/example_subdag_operator.py
[2026-09-23 11:52:49,453] {scheduler_job.py:639} INFO - DAG(s) dict_keys(['example_subdag_operator.section-1', 'example_subdag_operator.section-2', 'example_subdag_operator']) retrieved from /home/airflow/.local/lib/python3.6/site-packages/airflow/example_dags/example_subdag_operator.py
[2026-09-23 11:52:49,471] {logging_mixin.py:104} INFO - [2026-09-23 11:52:49,471] {dag.py:1824} INFO - Sync 3 DAGs
[2026-09-23 11:52:49,498] {logging_mixin.py:104} INFO - [2026-09-23 11:52:49,497] {dag.py:2280} INFO - Setting next_dagrun for example_subdag_operator to 2026-09-21 00:00:00+00:00
[2026-09-23 11:52:49,499] {logging_mixin.py:104} INFO - [2026-09-23 11:52:49,499] {dag.py:2280} INFO - Setting next_dagrun for example_subdag_operator.section-1 to None
[2026-09-23 11:52:49,499] {logging_mixin.py:104} INFO - [2026-09-23 11:52:49,499] {dag.py:2280} INFO - Setting next_dagrun for example_subdag_operator.section-2 to None
[2026-09-23 11:52:49,517] {logging_mixin.py:104} INFO - [2026-09-23 11:52:49,517] {dag.py:1824} INFO - Sync 2 DAGs
[2026-09-23 11:52:49,530] {logging_mixin.py:104} INFO - [2026-09-23 11:52:49,530] {dag.py:2280} INFO - Setting next_dagrun for example_subdag_operator.section-1 to None
[2026-09-23 11:52:49,530] {logging_mixin.py:104} INFO - [2026-09-23 11:52:49,530] {dag.py:2280} INFO - Setting next_dagrun for example_subdag_operator.section-2 to None
[2026-09-23 11:52:49,542] {scheduler_job.py:190} INFO - Processing /home/airflow/.local/lib/python3.6/site-packages/airflow/example_dags/example_subdag_operator.py took 0.143 seconds
[2026-09-23 11:53:19,573] {scheduler_job.py:182} INFO - Started process (PID=1629) to work on /home/airflow/.local/lib/python3.6/site-packages/airflow/example_dags/example_subdag_operator.py
[2026-09-23 11:53:19,575] {scheduler_job.py:629} INFO - Processing file /home/airflow/.local/lib/python3.6/site-packages/airflow/example_dags/example_subdag_operator.py for tasks to queue
[2026-09-23 11:53:19,577] {logging_mixin.py:104} INFO - [2026-09-23 11:53:19,577] {dagbag.py:451} INFO - Filling up the DagBag from /home/airflow/.local/lib/python3.6/site-packages/airflow/example_dags/example_subdag_operator.py
[2026-09-23 11:53:19,637] {scheduler_job.py:639} INFO - DAG(s) dict_keys(['example_subdag_operator.section-1', 'example_subdag_operator.section-2', 'example_subdag_operator']) retrieved from /home/airflow/.local/lib/python3.6/site-packages/airflow/example_dags/example_subdag_operator.py
[2026-09-23 11:53:19,657] {logging_mixin.py:104} INFO - [2026-09-23 11:53:19,656] {dag.py:1824} INFO - Sync 3 DAGs
[2026-09-23 11:53:19,688] {logging_mixin.py:104} INFO - [2026-09-23 11:53:19,688] {dag.py:2280} INFO - Setting next_dagrun for example_subdag_operator to 2026-09-21 00:00:00+00:00
[2026-09-23 11:53:19,691] {logging_mixin.py:104} INFO - [2026-09-23 11:53:19,690] {dag.py:2280} INFO - Setting next_dagrun for example_subdag_operator.section-1 to None
[2026-09-23 11:53:19,691] {logging_mixin.py:104} INFO - [2026-09-23 11:53:19,691] {dag.py:2280} INFO - Setting next_dagrun for example_subdag_operator.section-2 to None
[2026-09-23 11:53:19,708] {logging_mixin.py:104} INFO - [2026-09-23 11:53:19,708] {dag.py:1824} INFO - Sync 2 DAGs
[2026-09-23 11:53:19,722] {logging_mixin.py:104} INFO - [2026-09-23 11:53:19,722] {dag.py:2280} INFO - Setting next_dagrun for example_subdag_operator.section-1 to None
[2026-09-23 11:53:19,723] {logging_mixin.py:104} INFO - [2026-09-23 11:53:19,723] {dag.py:2280} INFO - Setting next_dagrun for example_subdag_operator.section-2 to None
[2026-09-23 11:53:19,735] {scheduler_job.py:190} INFO - Processing /home/airflow/.local/lib/python3.6/site-packages/airflow/example_dags/example_subdag_operator.py took 0.168 seconds
[2026-09-23 11:53:50,932] {scheduler_job.py:182} INFO - Started process (PID=1657) to work on /home/airflow/.local/lib/python3.6/site-packages/airflow/example_dags/example_subdag_operator.py
[2026-09-23 11:53:50,933] {scheduler_job.py:629} INFO - Processing file /home/airflow/.local/lib/python3.6/site-packages/airflow/example_dags/example_subdag_operator.py for tasks to queue
[2026-09-23 11:53:50,934] {logging_mixin.py:104} INFO - [2026-09-23 11:53:50,933] {dagbag.py:451} INFO - Filling up the DagBag from /home/airflow/.local/lib/python3.6/site-packages/airflow/example_dags/example_subdag_operator.py
[2026-09-23 11:53:50,968] {scheduler_job.py:639} INFO - DAG(s) dict_keys(['example_subdag_operator.section-1', 'example_subdag_operator.section-2', 'example_subdag_operator']) retrieved from /home/airflow/.local/lib/python3.6/site-packages/airflow/example_dags/example_subdag_operator.py
[2026-09-23 11:53:50,982] {logging_mixin.py:104} INFO - [2026-09-23 11:53:50,982] {dag.py:1824} INFO - Sync 3 DAGs
[2026-09-23 11:53:51,004] {logging_mixin.py:104} INFO - [2026-09-23 11:53:51,003] {dag.py:2280} INFO - Setting next_dagrun for example_subdag_operator to 2026-09-21 00:00:00+00:00
[2026-09-23 11:53:51,005] {logging_mixin.py:104} INFO - [2026-09-23 11:53:51,005] {dag.py:2280} INFO - Setting next_dagrun for example_subdag_operator.section-1 to None
[2026-09-23 11:53:51,005] {logging_mixin.py:104} INFO - [2026-09-23 11:53:51,005] {dag.py:2280} INFO - Setting next_dagrun for example_subdag_operator.section-2 to None
[2026-09-23 11:53:51,016] {logging_mixin.py:104} INFO - [2026-09-23 11:53:51,015] {dag.py:1824} INFO - Sync 2 DAGs
[2026-09-23 11:53:51,027] {logging_mixin.py:104} INFO - [2026-09-23 11:53:51,027] {dag.py:2280} INFO - Setting next_dagrun for example_subdag_operator.section-1 to None
[2026-09-23 11:53:51,028] {logging_mixin.py:104} INFO - [2026-09-23 11:53:51,028] {dag.py:2280} INFO - Setting next_dagrun for example_subdag_operator.section-2 to None
[2026-09-23 11:53:51,039] {scheduler_job.py:190} INFO - Processing /home/airflow/.local/lib/python3.6/site-packages/airflow/example_dags/example_subdag_operator.py took 0.111 seconds
[2026-09-23 11:54:21,756] {scheduler_job.py:182} INFO - Started process (PID=1683) to work on /home/airflow/.local/lib/python3.6/site-packages/airflow/example_dags/example_subdag_operator.py
[2026-09-23 11:54:21,758] {scheduler_job.py:629} INFO - Processing file /home/airflow/.local/lib/python3.6/site-packages/airflow/example_dags/example_subdag_operator.py for tasks to queue
[2026-09-23 11:54:21,758] {logging_mixin.py:104} INFO - [2026-09-23 11:54:21,758] {dagbag.py:451} INFO - Filling up the DagBag from /home/airflow/.local/lib/python3.6/site-packages/airflow/example_dags/example_subdag_operator.py
[2026-09-23 11:54:21,805] {scheduler_job.py:639} INFO - DAG(s) dict_keys(['example_subdag_operator.section-1', 'example_subdag_operator.section-2', 'example_subdag_operator']) retrieved from /home/airflow/.local/lib/python3.6/site-packages/airflow/example_dags/example_subdag_operator.py
[2026-09-23 11:54:21,834] {logging_mixin.py:104} INFO - [2026-09-23 11:54:21,833] {dag.py:1824} INFO - Sync 3 DAGs
[2026-09-23 11:54:21,868] {logging_mixin.py:104} INFO - [2026-09-23 11:54:21,867] {dag.py:2280} INFO - Setting next_dagrun for example_subdag_operator to 2026-09-21 00:00:00+00:00
[2026-09-23 11:54:21,869] {logging_mixin.py:104} INFO - [2026-09-23 11:54:21,869] {dag.py:2280} INFO - Setting next_dagrun for example_subdag_operator.section-1 to None
[2026-09-23 11:54:21,870] {logging_mixin.py:104} INFO - [2026-09-23 11:54:21,870] {dag.py:2280} INFO - Setting next_dagrun for example_subdag_operator.section-2 to None
[2026-09-23 11:54:21,890] {logging_mixin.py:104} INFO - [2026-09-23 11:54:21,890] {dag.py:1824} INFO - Sync 2 DAGs
[2026-09-23 11:54:21,910] {logging_mixin.py:104} INFO - [2026-09-23 11:54:21,910] {dag.py:2280} INFO - Setting next_dagrun for example_subdag_operator.section-1 to None
[2026-09-23 11:54:21,910] {logging_mixin.py:104} INFO - [2026-09-23 11:54:21,910] {dag.py:2280} INFO - Setting next_dagrun for example_subdag_operator.section-2 to None
[2026-09-23 11:54:21,932] {scheduler_job.py:190} INFO - Processing /home/airflow/.local/lib/python3.6/site-packages/airflow/example_dags/example_subdag_operator.py took 0.181 seconds
[2026-09-23 11:54:51,981] {scheduler_job.py:182} INFO - Started process (PID=1710) to work on /home/airflow/.local/lib/python3.6/site-packages/airflow/example_dags/example_subdag_operator.py
[2026-09-23 11:54:51,982] {scheduler_job.py:629} INFO - Processing file /home/airflow/.local/lib/python3.6/site-packages/airflow/example_dags/example_subdag_operator.py for tasks to queue
[2026-09-23 11:54:51,983] {logging_mixin.py:104} INFO - [2026-09-23 11:54:51,983] {dagbag.py:451} INFO - Filling up the DagBag from /home/airflow/.local/lib/python3.6/site-packages/airflow/example_dags/example_subdag_operator.py
[2026-09-23 11:54:52,032] {scheduler_job.py:639} INFO - DAG(s) dict_keys(['example_subdag_operator.section-1', 'example_subdag_operator.section-2', 'example_subdag_operator']) retrieved from /home/airflow/.local/lib/python3.6/site-packages/airflow/example_dags/example_subdag_operator.py
[2026-09-23 11:54:52,052] {logging_mixin.py:104} INFO - [2026-09-23 11:54:52,052] {dag.py:1824} INFO - Sync 3 DAGs
[2026-09-23 11:54:52,080] {logging_mixin.py:104} INFO - [2026-09-23 11:54:52,080] {dag.py:2280} INFO - Setting next_dagrun for example_subdag_operator to 2026-09-21 00:00:00+00:00
[2026-09-23 11:54:52,082] {logging_mixin.py:104} INFO - [2026-09-23 11:54:52,081] {dag.py:2280} INFO - Setting next_dagrun for example_subdag_operator.section-1 to None
[2026-09-23 11:54:52,082] {logging_mixin.py:104} INFO - [2026-09-23 11:54:52,082] {dag.py:2280} INFO - Setting next_dagrun for example_subdag_operator.section-2 to None
[2026-09-23 11:54:52,096] {logging_mixin.py:104} INFO - [2026-09-23 11:54:52,096] {dag.py:1824} INFO - Sync 2 DAGs
[2026-09-23 11:54:52,112] {logging_mixin.py:104} INFO - [2026-09-23 11:54:52,112] {dag.py:2280} INFO - Setting next_dagrun for example_subdag_operator.section-1 to None
[2026-09-23 11:54:52,113] {logging_mixin.py:104} INFO - [2026-09-23 11:54:52,113] {dag.py:2280} INFO - Setting next_dagrun for example_subdag_operator.section-2 to None
[2026-09-23 11:54:52,131] {scheduler_job.py:190} INFO - Processing /home/airflow/.local/lib/python3.6/site-packages/airflow/example_dags/example_subdag_operator.py took 0.155 seconds
[2026-09-23 11:55:23,068] {scheduler_job.py:182} INFO - Started process (PID=1736) to work on /home/airflow/.local/lib/python3.6/site-packages/airflow/example_dags/example_subdag_operator.py
[2026-09-23 11:55:23,069] {scheduler_job.py:629} INFO - Processing file /home/airflow/.local/lib/python3.6/site-packages/airflow/example_dags/example_subdag_operator.py for tasks to queue
[2026-09-23 11:55:23,070] {logging_mixin.py:104} INFO - [2026-09-23 11:55:23,070] {dagbag.py:451} INFO - Filling up the DagBag from /home/airflow/.local/lib/python3.6/site-packages/airflow/example_dags/example_subdag_operator.py
[2026-09-23 11:55:23,116] {scheduler_job.py:639} INFO - DAG(s) dict_keys(['example_subdag_operator.section-1', 'example_subdag_operator.section-2', 'example_subdag_operator']) retrieved from /home/airflow/.local/lib/python3.6/site-packages/airflow/example_dags/example_subdag_operator.py
[2026-09-23 11:55:23,133] {logging_mixin.py:104} INFO - [2026-09-23 11:55:23,133] {dag.py:1824} INFO - Sync 3 DAGs
[2026-09-23 11:55:23,158] {logging_mixin.py:104} INFO - [2026-09-23 11:55:23,158] {dag.py:2280} INFO - Setting next_dagrun for example_subdag_operator to 2026-09-21 00:00:00+00:00
[2026-09-23 11:55:23,159] {logging_mixin.py:104} INFO - [2026-09-23 11:55:23,159] {dag.py:2280} INFO - Setting next_dagrun for example_subdag_operator.section-1 to None
[2026-09-23 11:55:23,160] {logging_mixin.py:104} INFO - [2026-09-23 11:55:23,160] {dag.py:2280} INFO - Setting next_dagrun for example_subdag_operator.section-2 to None
[2026-09-23 11:55:23,176] {logging_mixin.py:104} INFO - [2026-09-23 11:55:23,176] {dag.py:1824} INFO - Sync 2 DAGs
[2026-09-23 11:55:23,190] {logging_mixin.py:104} INFO - [2026-09-23 11:55:23,190] {dag.py:2280} INFO - Setting next_dagrun for example_subdag_operator.section-1 to None
[2026-09-23 11:55:23,190] {logging_mixin.py:104} INFO - [2026-09-23 11:55:23,190] {dag.py:2280} INFO - Setting next_dagrun for example_subdag_operator.section-2 to None
[2026-09-23 11:55:23,204] {scheduler_job.py:190} INFO - Processing /home/airflow/.local/lib/python3.6/site-packages/airflow/example_dags/example_subdag_operator.py took 0.141 seconds
[2026-09-23 11:55:53,823] {scheduler_job.py:182} INFO - Started process (PID=1762) to work on /home/airflow/.local/lib/python3.6/site-packages/airflow/example_dags/example_subdag_operator.py
[2026-09-23 11:55:53,825] {scheduler_job.py:629} INFO - Processing file /home/airflow/.local/lib/python3.6/site-packages/airflow/example_dags/example_subdag_operator.py for tasks to queue
[2026-09-23 11:55:53,826] {logging_mixin.py:104} INFO - [2026-09-23 11:55:53,825] {dagbag.py:451} INFO - Filling up the DagBag from /home/airflow/.local/lib/python3.6/site-packages/airflow/example_dags/example_subdag_operator.py
[2026-09-23 11:55:53,864] {scheduler_job.py:639} INFO - DAG(s) dict_keys(['example_subdag_operator.section-1', 'example_subdag_operator.section-2', 'example_subdag_operator']) retrieved from /home/airflow/.local/lib/python3.6/site-packages/airflow/example_dags/example_subdag_operator.py
[2026-09-23 11:55:53,880] {logging_mixin.py:104} INFO - [2026-09-23 11:55:53,880] {dag.py:1824} INFO - Sync 3 DAGs
[2026-09-23 11:55:53,905] {logging_mixin.py:104} INFO - [2026-09-23 11:55:53,904] {dag.py:2280} INFO - Setting next_dagrun for example_subdag_operator to 2026-09-21 00:00:00+00:00
[2026-09-23 11:55:53,906] {logging_mixin.py:104} INFO - [2026-09-23 11:55:53,906] {dag.py:2280} INFO - Setting next_dagrun for example_subdag_operator.section-1 to None
[2026-09-23 11:55:53,906] {logging_mixin.py:104} INFO - [2026-09-23 11:55:53,906] {dag.py:2280} INFO - Setting next_dagrun for example_subdag_operator.section-2 to None
[2026-09-23 11:55:53,921] {logging_mixin.py:104} INFO - [2026-09-23 11:55:53,921] {dag.py:1824} INFO - Sync 2 DAGs
[2026-09-23 11:55:53,932] {logging_mixin.py:104} INFO - [2026-09-23 11:55:53,931] {dag.py:2280} INFO - Setting next_dagrun for example_subdag_operator.section-1 to None
[2026-09-23 11:55:53,932] {logging_mixin.py:104} INFO - [2026-09-23 11:55:53,932] {dag.py:2280} INFO - Setting next_dagrun for example_subdag_operator.section-2 to None
[2026-09-23 11:55:53,941] {scheduler_job.py:190} INFO - Processing /home/airflow/.local/lib/python3.6/site-packages/airflow/example_dags/example_subdag_operator.py took 0.122 seconds
[2026-09-23 11:56:24,654] {scheduler_job.py:182} INFO - Started process (PID=1788) to work on /home/airflow/.local/lib/python3.6/site-packages/airflow/example_dags/example_subdag_operator.py
[2026-09-23 11:56:24,656] {scheduler_job.py:629} INFO - Processing file /home/airflow/.local/lib/python3.6/site-packages/airflow/example_dags/example_subdag_operator.py for tasks to queue
[2026-09-23 11:56:24,657] {logging_mixin.py:104} INFO - [2026-09-23 11:56:24,657] {dagbag.py:451} INFO - Filling up the DagBag from /home/airflow/.local/lib/python3.6/site-packages/airflow/example_dags/example_subdag_operator.py
[2026-09-23 11:56:24,702] {scheduler_job.py:639} INFO - DAG(s) dict_keys(['example_subdag_operator.section-1', 'example_subdag_operator.section-2', 'example_subdag_operator']) retrieved from /home/airflow/.local/lib/python3.6/site-packages/airflow/example_dags/example_subdag_operator.py
[2026-09-23 11:56:24,721] {logging_mixin.py:104} INFO - [2026-09-23 11:56:24,721] {dag.py:1824} INFO - Sync 3 DAGs
[2026-09-23 11:56:24,749] {logging_mixin.py:104} INFO - [2026-09-23 11:56:24,749] {dag.py:2280} INFO - Setting next_dagrun for example_subdag_operator to 2026-09-21 00:00:00+00:00
[2026-09-23 11:56:24,750] {logging_mixin.py:104} INFO - [2026-09-23 11:56:24,750] {dag.py:2280} INFO - Setting next_dagrun for example_subdag_operator.section-1 to None
[2026-09-23 11:56:24,750] {logging_mixin.py:104} INFO - [2026-09-23 11:56:24,750] {dag.py:2280} INFO - Setting next_dagrun for example_subdag_operator.section-2 to None
[2026-09-23 11:56:24,767] {logging_mixin.py:104} INFO - [2026-09-23 11:56:24,767] {dag.py:1824} INFO - Sync 2 DAGs
[2026-09-23 11:56:24,781] {logging_mixin.py:104} INFO - [2026-09-23 11:56:24,781] {dag.py:2280} INFO - Setting next_dagrun for example_subdag_operator.section-1 to None
[2026-09-23 11:56:24,781] {logging_mixin.py:104} INFO - [2026-09-23 11:56:24,781] {dag.py:2280} INFO - Setting next_dagrun for example_subdag_operator.section-2 to None
[2026-09-23 11:56:24,795] {scheduler_job.py:190} INFO - Processing /home/airflow/.local/lib/python3.6/site-packages/airflow/example_dags/example_subdag_operator.py took 0.146 seconds
[2026-09-23 11:56:55,367] {scheduler_job.py:182} INFO - Started process (PID=1814) to work on /home/airflow/.local/lib/python3.6/site-packages/airflow/example_dags/example_subdag_operator.py
[2026-09-23 11:56:55,368] {scheduler_job.py:629} INFO - Processing file /home/airflow/.local/lib/python3.6/site-packages/airflow/example_dags/example_subdag_operator.py for tasks to queue
[2026-09-23 11:56:55,369] {logging_mixin.py:104} INFO - [2026-09-23 11:56:55,369] {dagbag.py:451} INFO - Filling up the DagBag from /home/airflow/.local/lib/python3.6/site-packages/airflow/example_dags/example_subdag_operator.py
[2026-09-23 11:56:55,410] {scheduler_job.py:639} INFO - DAG(s) dict_keys(['example_subdag_operator.section-1', 'example_subdag_operator.section-2', 'example_subdag_operator']) retrieved from /home/airflow/.local/lib/python3.6/site-packages/airflow/example_dags/example_subdag_operator.py
[2026-09-23 11:56:55,426] {logging_mixin.py:104} INFO - [2026-09-23 11:56:55,426] {dag.py:1824} INFO - Sync 3 DAGs
[2026-09-23 11:56:55,449] {logging_mixin.py:104} INFO - [2026-09-23 11:56:55,449] {dag.py:2280} INFO - Setting next_dagrun for example_subdag_operator to 2026-09-21 00:00:00+00:00
[2026-09-23 11:56:55,450] {logging_mixin.py:104} INFO - [2026-09-23 11:56:55,450] {dag.py:2280} INFO - Setting next_dagrun for example_subdag_operator.section-1 to None
[2026-09-23 11:56:55,450] {logging_mixin.py:104} INFO - [2026-09-23 11:56:55,450] {dag.py:2280} INFO - Setting next_dagrun for example_subdag_operator.section-2 to None
[2026-09-23 11:56:55,461] {logging_mixin.py:104} INFO - [2026-09-23 11:56:55,461] {dag.py:1824} INFO - Sync 2 DAGs
[2026-09-23 11:56:55,473] {logging_mixin.py:104} INFO - [2026-09-23 11:56:55,473] {dag.py:2280} INFO - Setting next_dagrun for example_subdag_operator.section-1 to None
[2026-09-23 11:56:55,473] {logging_mixin.py:104} INFO - [2026-09-23 11:56:55,473] {dag.py:2280} INFO - Setting next_dagrun for example_subdag_operator.section-2 to None
[2026-09-23 11:56:55,482] {scheduler_job.py:190} INFO - Processing /home/airflow/.local/lib/python3.6/site-packages/airflow/example_dags/example_subdag_operator.py took 0.119 seconds
[2026-09-23 11:57:25,912] {scheduler_job.py:182} INFO - Started process (PID=1840) to work on /home/airflow/.local/lib/python3.6/site-packages/airflow/example_dags/example_subdag_operator.py
[2026-09-23 11:57:25,913] {scheduler_job.py:629} INFO - Processing file /home/airflow/.local/lib/python3.6/site-packages/airflow/example_dags/example_subdag_operator.py for tasks to queue
[2026-09-23 11:57:25,914] {logging_mixin.py:104} INFO - [2026-09-23 11:57:25,914] {dagbag.py:451} INFO - Filling up the DagBag from /home/airflow/.local/lib/python3.6/site-packages/airflow/example_dags/example_subdag_operator.py
[2026-09-23 11:57:25,953] {scheduler_job.py:639} INFO - DAG(s) dict_keys(['example_subdag_operator.section-1', 'example_subdag_operator.section-2', 'example_subdag_operator']) retrieved from /home/airflow/.local/lib/python3.6/site-packages/airflow/example_dags/example_subdag_operator.py
[2026-09-23 11:57:25,969] {logging_mixin.py:104} INFO - [2026-09-23 11:57:25,969] {dag.py:1824} INFO - Sync 3 DAGs
[2026-09-23 11:57:25,991] {logging_mixin.py:104} INFO - [2026-09-23 11:57:25,991] {dag.py:2280} INFO - Setting next_dagrun for example_subdag_operator to 2026-09-21 00:00:00+00:00
[2026-09-23 11:57:25,992] {logging_mixin.py:104} INFO - [2026-09-23 11:57:25,992] {dag.py:2280} INFO - Setting next_dagrun for example_subdag_operator.section-1 to None
[2026-09-23 11:57:25,992] {logging_mixin.py:104} INFO - [2026-09-23 11:57:25,992] {dag.py:2280} INFO - Setting next_dagrun for example_subdag_operator.section-2 to None
[2026-09-23 11:57:26,007] {logging_mixin.py:104} INFO - [2026-09-23 11:57:26,007] {dag.py:1824} INFO - Sync 2 DAGs
[2026-09-23 11:57:26,018] {logging_mixin.py:104} INFO - [2026-09-23 11:57:26,018] {dag.py:2280} INFO - Setting next_dagrun for example_subdag_operator.section-1 to None
[2026-09-23 11:57:26,018] {logging_mixin.py:104} INFO - [2026-09-23 11:57:26,018] {dag.py:2280} INFO - Setting next_dagrun for example_subdag_operator.section-2 to None
[2026-09-23 11:57:26,026] {scheduler_job.py:190} INFO - Processing /home/airflow/.local/lib/python3.6/site-packages/airflow/example_dags/example_subdag_operator.py took 0.118 seconds
[2026-09-23 11:57:56,719] {scheduler_job.py:182} INFO - Started process (PID=1866) to work on /home/airflow/.local/lib/python3.6/site-packages/airflow/example_dags/example_subdag_operator.py
[2026-09-23 11:57:56,720] {scheduler_job.py:629} INFO - Processing file /home/airflow/.local/lib/python3.6/site-packages/airflow/example_dags/example_subdag_operator.py for tasks to queue
[2026-09-23 11:57:56,721] {logging_mixin.py:104} INFO - [2026-09-23 11:57:56,721] {dagbag.py:451} INFO - Filling up the DagBag from /home/airflow/.local/lib/python3.6/site-packages/airflow/example_dags/example_subdag_operator.py
[2026-09-23 11:57:56,766] {scheduler_job.py:639} INFO - DAG(s) dict_keys(['example_subdag_operator.section-1', 'example_subdag_operator.section-2', 'example_subdag_operator']) retrieved from /home/airflow/.local/lib/python3.6/site-packages/airflow/example_dags/example_subdag_operator.py
[2026-09-23 11:57:56,781] {logging_mixin.py:104} INFO - [2026-09-23 11:57:56,781] {dag.py:1824} INFO - Sync 3 DAGs
[2026-09-23 11:57:56,805] {logging_mixin.py:104} INFO - [2026-09-23 11:57:56,805] {dag.py:2280} INFO - Setting next_dagrun for example_subdag_operator to 2026-09-21 00:00:00+00:00
[2026-09-23 11:57:56,806] {logging_mixin.py:104} INFO - [2026-09-23 11:57:56,806] {dag.py:2280} INFO - Setting next_dagrun for example_subdag_operator.section-1 to None
[2026-09-23 11:57:56,806] {logging_mixin.py:104} INFO - [2026-09-23 11:57:56,806] {dag.py:2280} INFO - Setting next_dagrun for example_subdag_operator.section-2 to None
[2026-09-23 11:57:56,821] {logging_mixin.py:104} INFO - [2026-09-23 11:57:56,821] {dag.py:1824} INFO - Sync 2 DAGs
[2026-09-23 11:57:56,831] {logging_mixin.py:104} INFO - [2026-09-23 11:57:56,831] {dag.py:2280} INFO - Setting next_dagrun for example_subdag_operator.section-1 to None
[2026-09-23 11:57:56,832] {logging_mixin.py:104} INFO - [2026-09-23 11:57:56,832] {dag.py:2280} INFO - Setting next_dagrun for example_subdag_operator.section-2 to None
[2026-09-23 11:57:56,843] {scheduler_job.py:190} INFO - Processing /home/airflow/.local/lib/python3.6/site-packages/airflow/example_dags/example_subdag_operator.py took 0.128 seconds
[2026-09-23 11:58:27,041] {scheduler_job.py:182} INFO - Started process (PID=1893) to work on /home/airflow/.local/lib/python3.6/site-packages/airflow/example_dags/example_subdag_operator.py
[2026-09-23 11:58:27,042] {scheduler_job.py:629} INFO - Processing file /home/airflow/.local/lib/python3.6/site-packages/airflow/example_dags/example_subdag_operator.py for tasks to queue
[2026-09-23 11:58:27,043] {logging_mixin.py:104} INFO - [2026-09-23 11:58:27,043] {dagbag.py:451} INFO - Filling up the DagBag from /home/airflow/.local/lib/python3.6/site-packages/airflow/example_dags/example_subdag_operator.py
[2026-09-23 11:58:27,099] {scheduler_job.py:639} INFO - DAG(s) dict_keys(['example_subdag_operator.section-1', 'example_subdag_operator.section-2', 'example_subdag_operator']) retrieved from /home/airflow/.local/lib/python3.6/site-packages/airflow/example_dags/example_subdag_operator.py
[2026-09-23 11:58:27,122] {logging_mixin.py:104} INFO - [2026-09-23 11:58:27,121] {dag.py:1824} INFO - Sync 3 DAGs
[2026-09-23 11:58:27,151] {logging_mixin.py:104} INFO - [2026-09-23 11:58:27,151] {dag.py:2280} INFO - Setting next_dagrun for example_subdag_operator to 2026-09-21 00:00:00+00:00
[2026-09-23 11:58:27,153] {logging_mixin.py:104} INFO - [2026-09-23 11:58:27,153] {dag.py:2280} INFO - Setting next_dagrun for example_subdag_operator.section-1 to None
[2026-09-23 11:58:27,153] {logging_mixin.py:104} INFO - [2026-09-23 11:58:27,153] {dag.py:2280} INFO - Setting next_dagrun for example_subdag_operator.section-2 to None
[2026-09-23 11:58:27,167] {logging_mixin.py:104} INFO - [2026-09-23 11:58:27,167] {dag.py:1824} INFO - Sync 2 DAGs
[2026-09-23 11:58:27,182] {logging_mixin.py:104} INFO - [2026-09-23 11:58:27,182] {dag.py:2280} INFO - Setting next_dagrun for example_subdag_operator.section-1 to None
[2026-09-23 11:58:27,183] {logging_mixin.py:104} INFO - [2026-09-23 11:58:27,182] {dag.py:2280} INFO - Setting next_dagrun for example_subdag_operator.section-2 to None
[2026-09-23 11:58:27,194] {scheduler_job.py:190} INFO - Processing /home/airflow/.local/lib/python3.6/site-packages/airflow/example_dags/example_subdag_operator.py took 0.160 seconds
[2026-09-23 11:58:57,221] {scheduler_job.py:182} INFO - Started process (PID=1920) to work on /home/airflow/.local/lib/python3.6/site-packages/airflow/example_dags/example_subdag_operator.py
[2026-09-23 11:58:57,223] {scheduler_job.py:629} INFO - Processing file /home/airflow/.local/lib/python3.6/site-packages/airflow/example_dags/example_subdag_operator.py for tasks to queue
[2026-09-23 11:58:57,224] {logging_mixin.py:104} INFO - [2026-09-23 11:58:57,224] {dagbag.py:451} INFO - Filling up the DagBag from /home/airflow/.local/lib/python3.6/site-packages/airflow/example_dags/example_subdag_operator.py
[2026-09-23 11:58:57,270] {scheduler_job.py:639} INFO - DAG(s) dict_keys(['example_subdag_operator.section-1', 'example_subdag_operator.section-2', 'example_subdag_operator']) retrieved from /home/airflow/.local/lib/python3.6/site-packages/airflow/example_dags/example_subdag_operator.py
[2026-09-23 11:58:57,293] {logging_mixin.py:104} INFO - [2026-09-23 11:58:57,293] {dag.py:1824} INFO - Sync 3 DAGs
[2026-09-23 11:58:57,319] {logging_mixin.py:104} INFO - [2026-09-23 11:58:57,319] {dag.py:2280} INFO - Setting next_dagrun for example_subdag_operator to 2026-09-21 00:00:00+00:00
[2026-09-23 11:58:57,321] {logging_mixin.py:104} INFO - [2026-09-23 11:58:57,321] {dag.py:2280} INFO - Setting next_dagrun for example_subdag_operator.section-1 to None
[2026-09-23 11:58:57,321] {logging_mixin.py:104} INFO - [2026-09-23 11:58:57,321] {dag.py:2280} INFO - Setting next_dagrun for example_subdag_operator.section-2 to None
[2026-09-23 11:58:57,332] {logging_mixin.py:104} INFO - [2026-09-23 11:58:57,332] {dag.py:1824} INFO - Sync 2 DAGs
[2026-09-23 11:58:57,347] {logging_mixin.py:104} INFO - [2026-09-23 11:58:57,346] {dag.py:2280} INFO - Setting next_dagrun for example_subdag_operator.section-1 to None
[2026-09-23 11:58:57,347] {logging_mixin.py:104} INFO - [2026-09-23 11:58:57,347] {dag.py:2280} INFO - Setting next_dagrun for example_subdag_operator.section-2 to None
[2026-09-23 11:58:57,358] {scheduler_job.py:190} INFO - Processing /home/airflow/.local/lib/python3.6/site-packages/airflow/example_dags/example_subdag_operator.py took 0.143 seconds
[2026-09-23 11:59:27,414] {scheduler_job.py:182} INFO - Started process (PID=1945) to work on /home/airflow/.local/lib/python3.6/site-packages/airflow/example_dags/example_subdag_operator.py
[2026-09-23 11:59:27,416] {scheduler_job.py:629} INFO - Processing file /home/airflow/.local/lib/python3.6/site-packages/airflow/example_dags/example_subdag_operator.py for tasks to queue
[2026-09-23 11:59:27,417] {logging_mixin.py:104} INFO - [2026-09-23 11:59:27,417] {dagbag.py:451} INFO - Filling up the DagBag from /home/airflow/.local/lib/python3.6/site-packages/airflow/example_dags/example_subdag_operator.py
[2026-09-23 11:59:27,462] {scheduler_job.py:639} INFO - DAG(s) dict_keys(['example_subdag_operator.section-1', 'example_subdag_operator.section-2', 'example_subdag_operator']) retrieved from /home/airflow/.local/lib/python3.6/site-packages/airflow/example_dags/example_subdag_operator.py
[2026-09-23 11:59:27,484] {logging_mixin.py:104} INFO - [2026-09-23 11:59:27,484] {dag.py:1824} INFO - Sync 3 DAGs
[2026-09-23 11:59:27,508] {logging_mixin.py:104} INFO - [2026-09-23 11:59:27,508] {dag.py:2280} INFO - Setting next_dagrun for example_subdag_operator to 2026-09-21 00:00:00+00:00
[2026-09-23 11:59:27,510] {logging_mixin.py:104} INFO - [2026-09-23 11:59:27,510] {dag.py:2280} INFO - Setting next_dagrun for example_subdag_operator.section-1 to None
[2026-09-23 11:59:27,510] {logging_mixin.py:104} INFO - [2026-09-23 11:59:27,510] {dag.py:2280} INFO - Setting next_dagrun for example_subdag_operator.section-2 to None
[2026-09-23 11:59:27,523] {logging_mixin.py:104} INFO - [2026-09-23 11:59:27,523] {dag.py:1824} INFO - Sync 2 DAGs
[2026-09-23 11:59:27,534] {logging_mixin.py:104} INFO - [2026-09-23 11:59:27,534] {dag.py:2280} INFO - Setting next_dagrun for example_subdag_operator.section-1 to None
[2026-09-23 11:59:27,534] {logging_mixin.py:104} INFO - [2026-09-23 11:59:27,534] {dag.py:2280} INFO - Setting next_dagrun for example_subdag_operator.section-2 to None
[2026-09-23 11:59:27,543] {scheduler_job.py:190} INFO - Processing /home/airflow/.local/lib/python3.6/site-packages/airflow/example_dags/example_subdag_operator.py took 0.133 seconds
[2026-09-23 11:59:58,139] {scheduler_job.py:182} INFO - Started process (PID=1972) to work on /home/airflow/.local/lib/python3.6/site-packages/airflow/example_dags/example_subdag_operator.py
[2026-09-23 11:59:58,140] {scheduler_job.py:629} INFO - Processing file /home/airflow/.local/lib/python3.6/site-packages/airflow/example_dags/example_subdag_operator.py for tasks to queue
[2026-09-23 11:59:58,141] {logging_mixin.py:104} INFO - [2026-09-23 11:59:58,141] {dagbag.py:451} INFO - Filling up the DagBag from /home/airflow/.local/lib/python3.6/site-packages/airflow/example_dags/example_subdag_operator.py
[2026-09-23 11:59:58,179] {scheduler_job.py:639} INFO - DAG(s) dict_keys(['example_subdag_operator.section-1', 'example_subdag_operator.section-2', 'example_subdag_operator']) retrieved from /home/airflow/.local/lib/python3.6/site-packages/airflow/example_dags/example_subdag_operator.py
[2026-09-23 11:59:58,197] {logging_mixin.py:104} INFO - [2026-09-23 11:59:58,197] {dag.py:1824} INFO - Sync 3 DAGs
[2026-09-23 11:59:58,222] {logging_mixin.py:104} INFO - [2026-09-23 11:59:58,222] {dag.py:2280} INFO - Setting next_dagrun for example_subdag_operator to 2026-09-21 00:00:00+00:00
[2026-09-23 11:59:58,223] {logging_mixin.py:104} INFO - [2026-09-23 11:59:58,223] {dag.py:2280} INFO - Setting next_dagrun for example_subdag_operator.section-1 to None
[2026-09-23 11:59:58,223] {logging_mixin.py:104} INFO - [2026-09-23 11:59:58,223] {dag.py:2280} INFO - Setting next_dagrun for example_subdag_operator.section-2 to None
[2026-09-23 11:59:58,239] {logging_mixin.py:104} INFO - [2026-09-23 11:59:58,239] {dag.py:1824} INFO - Sync 2 DAGs
[2026-09-23 11:59:58,252] {logging_mixin.py:104} INFO - [2026-09-23 11:59:58,252] {dag.py:2280} INFO - Setting next_dagrun for example_subdag_operator.section-1 to None
[2026-09-23 11:59:58,252] {logging_mixin.py:104} INFO - [2026-09-23 11:59:58,252] {dag.py:2280} INFO - Setting next_dagrun for example_subdag_operator.section-2 to None
[2026-09-23 11:59:58,263] {scheduler_job.py:190} INFO - Processing /home/airflow/.local/lib/python3.6/site-packages/airflow/example_dags/example_subdag_operator.py took 0.128 seconds
[2026-09-23 12:00:28,820] {scheduler_job.py:182} INFO - Started process (PID=1998) to work on /home/airflow/.local/lib/python3.6/site-packages/airflow/example_dags/example_subdag_operator.py
[2026-09-23 12:00:28,822] {scheduler_job.py:629} INFO - Processing file /home/airflow/.local/lib/python3.6/site-packages/airflow/example_dags/example_subdag_operator.py for tasks to queue
[2026-09-23 12:00:28,823] {logging_mixin.py:104} INFO - [2026-09-23 12:00:28,823] {dagbag.py:451} INFO - Filling up the DagBag from /home/airflow/.local/lib/python3.6/site-packages/airflow/example_dags/example_subdag_operator.py
[2026-09-23 12:00:28,870] {scheduler_job.py:639} INFO - DAG(s) dict_keys(['example_subdag_operator.section-1', 'example_subdag_operator.section-2', 'example_subdag_operator']) retrieved from /home/airflow/.local/lib/python3.6/site-packages/airflow/example_dags/example_subdag_operator.py
[2026-09-23 12:00:28,888] {logging_mixin.py:104} INFO - [2026-09-23 12:00:28,888] {dag.py:1824} INFO - Sync 3 DAGs
[2026-09-23 12:00:28,916] {logging_mixin.py:104} INFO - [2026-09-23 12:00:28,916] {dag.py:2280} INFO - Setting next_dagrun for example_subdag_operator to 2026-09-21 00:00:00+00:00
[2026-09-23 12:00:28,918] {logging_mixin.py:104} INFO - [2026-09-23 12:00:28,918] {dag.py:2280} INFO - Setting next_dagrun for example_subdag_operator.section-1 to None
[2026-09-23 12:00:28,919] {logging_mixin.py:104} INFO - [2026-09-23 12:00:28,919] {dag.py:2280} INFO - Setting next_dagrun for example_subdag_operator.section-2 to None
[2026-09-23 12:00:28,941] {logging_mixin.py:104} INFO - [2026-09-23 12:00:28,940] {dag.py:1824} INFO - Sync 2 DAGs
[2026-09-23 12:00:28,956] {logging_mixin.py:104} INFO - [2026-09-23 12:00:28,956] {dag.py:2280} INFO - Setting next_dagrun for example_subdag_operator.section-1 to None
[2026-09-23 12:00:28,956] {logging_mixin.py:104} INFO - [2026-09-23 12:00:28,956] {dag.py:2280} INFO - Setting next_dagrun for example_subdag_operator.section-2 to None
[2026-09-23 12:00:28,968] {scheduler_job.py:190} INFO - Processing /home/airflow/.local/lib/python3.6/site-packages/airflow/example_dags/example_subdag_operator.py took 0.153 seconds
[2026-09-23 12:00:59,273] {scheduler_job.py:182} INFO - Started process (PID=2023) to work on /home/airflow/.local/lib/python3.6/site-packages/airflow/example_dags/example_subdag_operator.py
[2026-09-23 12:00:59,275] {scheduler_job.py:629} INFO - Processing file /home/airflow/.local/lib/python3.6/site-packages/airflow/example_dags/example_subdag_operator.py for tasks to queue
[2026-09-23 12:00:59,276] {logging_mixin.py:104} INFO - [2026-09-23 12:00:59,276] {dagbag.py:451} INFO - Filling up the DagBag from /home/airflow/.local/lib/python3.6/site-packages/airflow/example_dags/example_subdag_operator.py
[2026-09-23 12:00:59,322] {scheduler_job.py:639} INFO - DAG(s) dict_keys(['example_subdag_operator.section-1', 'example_subdag_operator.section-2', 'example_subdag_operator']) retrieved from /home/airflow/.local/lib/python3.6/site-packages/airflow/example_dags/example_subdag_operator.py
[2026-09-23 12:00:59,345] {logging_mixin.py:104} INFO - [2026-09-23 12:00:59,345] {dag.py:1824} INFO - Sync 3 DAGs
[2026-09-23 12:00:59,372] {logging_mixin.py:104} INFO - [2026-09-23 12:00:59,372] {dag.py:2280} INFO - Setting next_dagrun for example_subdag_operator to 2026-09-21 00:00:00+00:00
[2026-09-23 12:00:59,373] {logging_mixin.py:104} INFO - [2026-09-23 12:00:59,373] {dag.py:2280} INFO - Setting next_dagrun for example_subdag_operator.section-1 to None
[2026-09-23 12:00:59,373] {logging_mixin.py:104} INFO - [2026-09-23 12:00:59,373] {dag.py:2280} INFO - Setting next_dagrun for example_subdag_operator.section-2 to None
[2026-09-23 12:00:59,384] {logging_mixin.py:104} INFO - [2026-09-23 12:00:59,384] {dag.py:1824} INFO - Sync 2 DAGs
[2026-09-23 12:00:59,395] {logging_mixin.py:104} INFO - [2026-09-23 12:00:59,395] {dag.py:2280} INFO - Setting next_dagrun for example_subdag_operator.section-1 to None
[2026-09-23 12:00:59,395] {logging_mixin.py:104} INFO - [2026-09-23 12:00:59,395] {dag.py:2280} INFO - Setting next_dagrun for example_subdag_operator.section-2 to None
[2026-09-23 12:00:59,405] {scheduler_job.py:190} INFO - Processing /home/airflow/.local/lib/python3.6/site-packages/airflow/example_dags/example_subdag_operator.py took 0.138 seconds
[2026-09-23 12:01:29,933] {scheduler_job.py:182} INFO - Started process (PID=2050) to work on /home/airflow/.local/lib/python3.6/site-packages/airflow/example_dags/example_subdag_operator.py
[2026-09-23 12:01:29,935] {scheduler_job.py:629} INFO - Processing file /home/airflow/.local/lib/python3.6/site-packages/airflow/example_dags/example_subdag_operator.py for tasks to queue
[2026-09-23 12:01:29,936] {logging_mixin.py:104} INFO - [2026-09-23 12:01:29,936] {dagbag.py:451} INFO - Filling up the DagBag from /home/airflow/.local/lib/python3.6/site-packages/airflow/example_dags/example_subdag_operator.py
[2026-09-23 12:01:29,980] {scheduler_job.py:639} INFO - DAG(s) dict_keys(['example_subdag_operator.section-1', 'example_subdag_operator.section-2', 'example_subdag_operator']) retrieved from /home/airflow/.local/lib/python3.6/site-packages/airflow/example_dags/example_subdag_operator.py
[2026-09-23 12:01:30,000] {logging_mixin.py:104} INFO - [2026-09-23 12:01:29,999] {dag.py:1824} INFO - Sync 3 DAGs
[2026-09-23 12:01:30,029] {logging_mixin.py:104} INFO - [2026-09-23 12:01:30,029] {dag.py:2280} INFO - Setting next_dagrun for example_subdag_operator to 2026-09-21 00:00:00+00:00
[2026-09-23 12:01:30,030] {logging_mixin.py:104} INFO - [2026-09-23 12:01:30,030] {dag.py:2280} INFO - Setting next_dagrun for example_subdag_operator.section-1 to None
[2026-09-23 12:01:30,031] {logging_mixin.py:104} INFO - [2026-09-23 12:01:30,031] {dag.py:2280} INFO - Setting next_dagrun for example_subdag_operator.section-2 to None
[2026-09-23 12:01:30,044] {logging_mixin.py:104} INFO - [2026-09-23 12:01:30,044] {dag.py:1824} INFO - Sync 2 DAGs
[2026-09-23 12:01:30,056] {logging_mixin.py:104} INFO - [2026-09-23 12:01:30,056] {dag.py:2280} INFO - Setting next_dagrun for example_subdag_operator.section-1 to None
[2026-09-23 12:01:30,057] {logging_mixin.py:104} INFO - [2026-09-23 12:01:30,057] {dag.py:2280} INFO - Setting next_dagrun for example_subdag_operator.section-2 to None
[2026-09-23 12:01:30,067] {scheduler_job.py:190} INFO - Processing /home/airflow/.local/lib/python3.6/site-packages/airflow/example_dags/example_subdag_operator.py took 0.138 seconds
[2026-09-23 12:02:00,588] {scheduler_job.py:182} INFO - Started process (PID=2076) to work on /home/airflow/.local/lib/python3.6/site-packages/airflow/example_dags/example_subdag_operator.py
[2026-09-23 12:02:00,589] {scheduler_job.py:629} INFO - Processing file /home/airflow/.local/lib/python3.6/site-packages/airflow/example_dags/example_subdag_operator.py for tasks to queue
[2026-09-23 12:02:00,590] {logging_mixin.py:104} INFO - [2026-09-23 12:02:00,590] {dagbag.py:451} INFO - Filling up the DagBag from /home/airflow/.local/lib/python3.6/site-packages/airflow/example_dags/example_subdag_operator.py
[2026-09-23 12:02:00,631] {scheduler_job.py:639} INFO - DAG(s) dict_keys(['example_subdag_operator.section-1', 'example_subdag_operator.section-2', 'example_subdag_operator']) retrieved from /home/airflow/.local/lib/python3.6/site-packages/airflow/example_dags/example_subdag_operator.py
[2026-09-23 12:02:00,646] {logging_mixin.py:104} INFO - [2026-09-23 12:02:00,646] {dag.py:1824} INFO - Sync 3 DAGs
[2026-09-23 12:02:00,669] {logging_mixin.py:104} INFO - [2026-09-23 12:02:00,669] {dag.py:2280} INFO - Setting next_dagrun for example_subdag_operator to 2026-09-21 00:00:00+00:00
[2026-09-23 12:02:00,670] {logging_mixin.py:104} INFO - [2026-09-23 12:02:00,670] {dag.py:2280} INFO - Setting next_dagrun for example_subdag_operator.section-1 to None
[2026-09-23 12:02:00,670] {logging_mixin.py:104} INFO - [2026-09-23 12:02:00,670] {dag.py:2280} INFO - Setting next_dagrun for example_subdag_operator.section-2 to None
[2026-09-23 12:02:00,681] {logging_mixin.py:104} INFO - [2026-09-23 12:02:00,681] {dag.py:1824} INFO - Sync 2 DAGs
[2026-09-23 12:02:00,694] {logging_mixin.py:104} INFO - [2026-09-23 12:02:00,694] {dag.py:2280} INFO - Setting next_dagrun for example_subdag_operator.section-1 to None
[2026-09-23 12:02:00,694] {logging_mixin.py:104} INFO - [2026-09-23 12:02:00,694] {dag.py:2280} INFO - Setting next_dagrun for example_subdag_operator.section-2 to None
[2026-09-23 12:02:00,705] {scheduler_job.py:190} INFO - Processing /home/airflow/.local/lib/python3.6/site-packages/airflow/example_dags/example_subdag_operator.py took 0.121 seconds
[2026-09-23 12:02:31,396] {scheduler_job.py:182} INFO - Started process (PID=2099) to work on /home/airflow/.local/lib/python3.6/site-packages/airflow/example_dags/example_subdag_operator.py
[2026-09-23 12:02:31,397] {scheduler_job.py:629} INFO - Processing file /home/airflow/.local/lib/python3.6/site-packages/airflow/example_dags/example_subdag_operator.py for tasks to queue
[2026-09-23 12:02:31,398] {logging_mixin.py:104} INFO - [2026-09-23 12:02:31,398] {dagbag.py:451} INFO - Filling up the DagBag from /home/airflow/.local/lib/python3.6/site-packages/airflow/example_dags/example_subdag_operator.py
[2026-09-23 12:02:31,440] {scheduler_job.py:639} INFO - DAG(s) dict_keys(['example_subdag_operator.section-1', 'example_subdag_operator.section-2', 'example_subdag_operator']) retrieved from /home/airflow/.local/lib/python3.6/site-packages/airflow/example_dags/example_subdag_operator.py
[2026-09-23 12:02:31,462] {logging_mixin.py:104} INFO - [2026-09-23 12:02:31,462] {dag.py:1824} INFO - Sync 3 DAGs
[2026-09-23 12:02:31,490] {logging_mixin.py:104} INFO - [2026-09-23 12:02:31,490] {dag.py:2280} INFO - Setting next_dagrun for example_subdag_operator to 2026-09-21 00:00:00+00:00
[2026-09-23 12:02:31,491] {logging_mixin.py:104} INFO - [2026-09-23 12:02:31,491] {dag.py:2280} INFO - Setting next_dagrun for example_subdag_operator.section-1 to None
[2026-09-23 12:02:31,492] {logging_mixin.py:104} INFO - [2026-09-23 12:02:31,492] {dag.py:2280} INFO - Setting next_dagrun for example_subdag_operator.section-2 to None
[2026-09-23 12:02:31,507] {logging_mixin.py:104} INFO - [2026-09-23 12:02:31,507] {dag.py:1824} INFO - Sync 2 DAGs
[2026-09-23 12:02:31,518] {logging_mixin.py:104} INFO - [2026-09-23 12:02:31,518] {dag.py:2280} INFO - Setting next_dagrun for example_subdag_operator.section-1 to None
[2026-09-23 12:02:31,518] {logging_mixin.py:104} INFO - [2026-09-23 12:02:31,518] {dag.py:2280} INFO - Setting next_dagrun for example_subdag_operator.section-2 to None
[2026-09-23 12:02:31,529] {scheduler_job.py:190} INFO - Processing /home/airflow/.local/lib/python3.6/site-packages/airflow/example_dags/example_subdag_operator.py took 0.137 seconds
[2026-09-23 12:03:02,340] {scheduler_job.py:182} INFO - Started process (PID=2125) to work on /home/airflow/.local/lib/python3.6/site-packages/airflow/example_dags/example_subdag_operator.py
[2026-09-23 12:03:02,342] {scheduler_job.py:629} INFO - Processing file /home/airflow/.local/lib/python3.6/site-packages/airflow/example_dags/example_subdag_operator.py for tasks to queue
[2026-09-23 12:03:02,342] {logging_mixin.py:104} INFO - [2026-09-23 12:03:02,342] {dagbag.py:451} INFO - Filling up the DagBag from /home/airflow/.local/lib/python3.6/site-packages/airflow/example_dags/example_subdag_operator.py
[2026-09-23 12:03:02,386] {scheduler_job.py:639} INFO - DAG(s) dict_keys(['example_subdag_operator.section-1', 'example_subdag_operator.section-2', 'example_subdag_operator']) retrieved from /home/airflow/.local/lib/python3.6/site-packages/airflow/example_dags/example_subdag_operator.py
[2026-09-23 12:03:02,409] {logging_mixin.py:104} INFO - [2026-09-23 12:03:02,409] {dag.py:1824} INFO - Sync 3 DAGs
[2026-09-23 12:03:02,431] {logging_mixin.py:104} INFO - [2026-09-23 12:03:02,430] {dag.py:2280} INFO - Setting next_dagrun for example_subdag_operator to 2026-09-21 00:00:00+00:00
[2026-09-23 12:03:02,432] {logging_mixin.py:104} INFO - [2026-09-23 12:03:02,432] {dag.py:2280} INFO - Setting next_dagrun for example_subdag_operator.section-1 to None
[2026-09-23 12:03:02,432] {logging_mixin.py:104} INFO - [2026-09-23 12:03:02,432] {dag.py:2280} INFO - Setting next_dagrun for example_subdag_operator.section-2 to None
[2026-09-23 12:03:02,444] {logging_mixin.py:104} INFO - [2026-09-23 12:03:02,443] {dag.py:1824} INFO - Sync 2 DAGs
[2026-09-23 12:03:02,455] {logging_mixin.py:104} INFO - [2026-09-23 12:03:02,455] {dag.py:2280} INFO - Setting next_dagrun for example_subdag_operator.section-1 to None
[2026-09-23 12:03:02,455] {logging_mixin.py:104} INFO - [2026-09-23 12:03:02,455] {dag.py:2280} INFO - Setting next_dagrun for example_subdag_operator.section-2 to None
[2026-09-23 12:03:02,464] {scheduler_job.py:190} INFO - Processing /home/airflow/.local/lib/python3.6/site-packages/airflow/example_dags/example_subdag_operator.py took 0.129 seconds
[2026-09-23 12:03:33,257] {scheduler_job.py:182} INFO - Started process (PID=2151) to work on /home/airflow/.local/lib/python3.6/site-packages/airflow/example_dags/example_subdag_operator.py
[2026-09-23 12:03:33,258] {scheduler_job.py:629} INFO - Processing file /home/airflow/.local/lib/python3.6/site-packages/airflow/example_dags/example_subdag_operator.py for tasks to queue
[2026-09-23 12:03:33,259] {logging_mixin.py:104} INFO - [2026-09-23 12:03:33,259] {dagbag.py:451} INFO - Filling up the DagBag from /home/airflow/.local/lib/python3.6/site-packages/airflow/example_dags/example_subdag_operator.py
[2026-09-23 12:03:33,299] {scheduler_job.py:639} INFO - DAG(s) dict_keys(['example_subdag_operator.section-1', 'example_subdag_operator.section-2', 'example_subdag_operator']) retrieved from /home/airflow/.local/lib/python3.6/site-packages/airflow/example_dags/example_subdag_operator.py
[2026-09-23 12:03:33,318] {logging_mixin.py:104} INFO - [2026-09-23 12:03:33,318] {dag.py:1824} INFO - Sync 3 DAGs
[2026-09-23 12:03:33,339] {logging_mixin.py:104} INFO - [2026-09-23 12:03:33,339] {dag.py:2280} INFO - Setting next_dagrun for example_subdag_operator to 2026-09-21 00:00:00+00:00
[2026-09-23 12:03:33,340] {logging_mixin.py:104} INFO - [2026-09-23 12:03:33,340] {dag.py:2280} INFO - Setting next_dagrun for example_subdag_operator.section-1 to None
[2026-09-23 12:03:33,340] {logging_mixin.py:104} INFO - [2026-09-23 12:03:33,340] {dag.py:2280} INFO - Setting next_dagrun for example_subdag_operator.section-2 to None
[2026-09-23 12:03:33,355] {logging_mixin.py:104} INFO - [2026-09-23 12:03:33,354] {dag.py:1824} INFO - Sync 2 DAGs
[2026-09-23 12:03:33,367] {logging_mixin.py:104} INFO - [2026-09-23 12:03:33,367] {dag.py:2280} INFO - Setting next_dagrun for example_subdag_operator.section-1 to None
[2026-09-23 12:03:33,367] {logging_mixin.py:104} INFO - [2026-09-23 12:03:33,367] {dag.py:2280} INFO - Setting next_dagrun for example_subdag_operator.section-2 to None
[2026-09-23 12:03:33,377] {scheduler_job.py:190} INFO - Processing /home/airflow/.local/lib/python3.6/site-packages/airflow/example_dags/example_subdag_operator.py took 0.124 seconds
[2026-09-23 12:04:04,066] {scheduler_job.py:182} INFO - Started process (PID=2177) to work on /home/airflow/.local/lib/python3.6/site-packages/airflow/example_dags/example_subdag_operator.py
[2026-09-23 12:04:04,068] {scheduler_job.py:629} INFO - Processing file /home/airflow/.local/lib/python3.6/site-packages/airflow/example_dags/example_subdag_operator.py for tasks to queue
[2026-09-23 12:04:04,069] {logging_mixin.py:104} INFO - [2026-09-23 12:04:04,069] {dagbag.py:451} INFO - Filling up the DagBag from /home/airflow/.local/lib/python3.6/site-packages/airflow/example_dags/example_subdag_operator.py
[2026-09-23 12:04:04,107] {scheduler_job.py:639} INFO - DAG(s) dict_keys(['example_subdag_operator.section-1', 'example_subdag_operator.section-2', 'example_subdag_operator']) retrieved from /home/airflow/.local/lib/python3.6/site-packages/airflow/example_dags/example_subdag_operator.py
[2026-09-23 12:04:04,122] {logging_mixin.py:104} INFO - [2026-09-23 12:04:04,122] {dag.py:1824} INFO - Sync 3 DAGs
[2026-09-23 12:04:04,144] {logging_mixin.py:104} INFO - [2026-09-23 12:04:04,144] {dag.py:2280} INFO - Setting next_dagrun for example_subdag_operator to 2026-09-21 00:00:00+00:00
[2026-09-23 12:04:04,146] {logging_mixin.py:104} INFO - [2026-09-23 12:04:04,146] {dag.py:2280} INFO - Setting next_dagrun for example_subdag_operator.section-1 to None
[2026-09-23 12:04:04,146] {logging_mixin.py:104} INFO - [2026-09-23 12:04:04,146] {dag.py:2280} INFO - Setting next_dagrun for example_subdag_operator.section-2 to None
[2026-09-23 12:04:04,162] {logging_mixin.py:104} INFO - [2026-09-23 12:04:04,162] {dag.py:1824} INFO - Sync 2 DAGs
[2026-09-23 12:04:04,176] {logging_mixin.py:104} INFO - [2026-09-23 12:04:04,176] {dag.py:2280} INFO - Setting next_dagrun for example_subdag_operator.section-1 to None
[2026-09-23 12:04:04,176] {logging_mixin.py:104} INFO - [2026-09-23 12:04:04,176] {dag.py:2280} INFO - Setting next_dagrun for example_subdag_operator.section-2 to None
[2026-09-23 12:04:04,185] {scheduler_job.py:190} INFO - Processing /home/airflow/.local/lib/python3.6/site-packages/airflow/example_dags/example_subdag_operator.py took 0.123 seconds
[2026-09-23 12:04:35,025] {scheduler_job.py:182} INFO - Started process (PID=2205) to work on /home/airflow/.local/lib/python3.6/site-packages/airflow/example_dags/example_subdag_operator.py
[2026-09-23 12:04:35,028] {scheduler_job.py:629} INFO - Processing file /home/airflow/.local/lib/python3.6/site-packages/airflow/example_dags/example_subdag_operator.py for tasks to queue
[2026-09-23 12:04:35,029] {logging_mixin.py:104} INFO - [2026-09-23 12:04:35,029] {dagbag.py:451} INFO - Filling up the DagBag from /home/airflow/.local/lib/python3.6/site-packages/airflow/example_dags/example_subdag_operator.py
[2026-09-23 12:04:35,085] {scheduler_job.py:639} INFO - DAG(s) dict_keys(['example_subdag_operator.section-1', 'example_subdag_operator.section-2', 'example_subdag_operator']) retrieved from /home/airflow/.local/lib/python3.6/site-packages/airflow/example_dags/example_subdag_operator.py
[2026-09-23 12:04:35,107] {logging_mixin.py:104} INFO - [2026-09-23 12:04:35,107] {dag.py:1824} INFO - Sync 3 DAGs
[2026-09-23 12:04:35,138] {logging_mixin.py:104} INFO - [2026-09-23 12:04:35,138] {dag.py:2280} INFO - Setting next_dagrun for example_subdag_operator to 2026-09-21 00:00:00+00:00
[2026-09-23 12:04:35,140] {logging_mixin.py:104} INFO - [2026-09-23 12:04:35,140] {dag.py:2280} INFO - Setting next_dagrun for example_subdag_operator.section-1 to None
[2026-09-23 12:04:35,141] {logging_mixin.py:104} INFO - [2026-09-23 12:04:35,141] {dag.py:2280} INFO - Setting next_dagrun for example_subdag_operator.section-2 to None
[2026-09-23 12:04:35,162] {logging_mixin.py:104} INFO - [2026-09-23 12:04:35,162] {dag.py:1824} INFO - Sync 2 DAGs
[2026-09-23 12:04:35,192] {logging_mixin.py:104} INFO - [2026-09-23 12:04:35,191] {dag.py:2280} INFO - Setting next_dagrun for example_subdag_operator.section-1 to None
[2026-09-23 12:04:35,192] {logging_mixin.py:104} INFO - [2026-09-23 12:04:35,192] {dag.py:2280} INFO - Setting next_dagrun for example_subdag_operator.section-2 to None
[2026-09-23 12:04:35,216] {scheduler_job.py:190} INFO - Processing /home/airflow/.local/lib/python3.6/site-packages/airflow/example_dags/example_subdag_operator.py took 0.201 seconds
[2026-09-23 12:05:05,293] {scheduler_job.py:182} INFO - Started process (PID=2231) to work on /home/airflow/.local/lib/python3.6/site-packages/airflow/example_dags/example_subdag_operator.py
[2026-09-23 12:05:05,297] {scheduler_job.py:629} INFO - Processing file /home/airflow/.local/lib/python3.6/site-packages/airflow/example_dags/example_subdag_operator.py for tasks to queue
[2026-09-23 12:05:05,298] {logging_mixin.py:104} INFO - [2026-09-23 12:05:05,298] {dagbag.py:451} INFO - Filling up the DagBag from /home/airflow/.local/lib/python3.6/site-packages/airflow/example_dags/example_subdag_operator.py
[2026-09-23 12:05:05,376] {scheduler_job.py:639} INFO - DAG(s) dict_keys(['example_subdag_operator.section-1', 'example_subdag_operator.section-2', 'example_subdag_operator']) retrieved from /home/airflow/.local/lib/python3.6/site-packages/airflow/example_dags/example_subdag_operator.py
[2026-09-23 12:05:05,400] {logging_mixin.py:104} INFO - [2026-09-23 12:05:05,400] {dag.py:1824} INFO - Sync 3 DAGs
[2026-09-23 12:05:05,433] {logging_mixin.py:104} INFO - [2026-09-23 12:05:05,433] {dag.py:2280} INFO - Setting next_dagrun for example_subdag_operator to 2026-09-21 00:00:00+00:00
[2026-09-23 12:05:05,435] {logging_mixin.py:104} INFO - [2026-09-23 12:05:05,435] {dag.py:2280} INFO - Setting next_dagrun for example_subdag_operator.section-1 to None
[2026-09-23 12:05:05,435] {logging_mixin.py:104} INFO - [2026-09-23 12:05:05,435] {dag.py:2280} INFO - Setting next_dagrun for example_subdag_operator.section-2 to None
[2026-09-23 12:05:05,454] {logging_mixin.py:104} INFO - [2026-09-23 12:05:05,454] {dag.py:1824} INFO - Sync 2 DAGs
[2026-09-23 12:05:05,481] {logging_mixin.py:104} INFO - [2026-09-23 12:05:05,481] {dag.py:2280} INFO - Setting next_dagrun for example_subdag_operator.section-1 to None
[2026-09-23 12:05:05,482] {logging_mixin.py:104} INFO - [2026-09-23 12:05:05,482] {dag.py:2280} INFO - Setting next_dagrun for example_subdag_operator.section-2 to None
[2026-09-23 12:05:05,500] {scheduler_job.py:190} INFO - Processing /home/airflow/.local/lib/python3.6/site-packages/airflow/example_dags/example_subdag_operator.py took 0.216 seconds
[2026-09-23 12:05:36,560] {scheduler_job.py:182} INFO - Started process (PID=2257) to work on /home/airflow/.local/lib/python3.6/site-packages/airflow/example_dags/example_subdag_operator.py
[2026-09-23 12:05:36,562] {scheduler_job.py:629} INFO - Processing file /home/airflow/.local/lib/python3.6/site-packages/airflow/example_dags/example_subdag_operator.py for tasks to queue
[2026-09-23 12:05:36,563] {logging_mixin.py:104} INFO - [2026-09-23 12:05:36,563] {dagbag.py:451} INFO - Filling up the DagBag from /home/airflow/.local/lib/python3.6/site-packages/airflow/example_dags/example_subdag_operator.py
[2026-09-23 12:05:36,617] {scheduler_job.py:639} INFO - DAG(s) dict_keys(['example_subdag_operator.section-1', 'example_subdag_operator.section-2', 'example_subdag_operator']) retrieved from /home/airflow/.local/lib/python3.6/site-packages/airflow/example_dags/example_subdag_operator.py
[2026-09-23 12:05:36,635] {logging_mixin.py:104} INFO - [2026-09-23 12:05:36,635] {dag.py:1824} INFO - Sync 3 DAGs
[2026-09-23 12:05:36,658] {logging_mixin.py:104} INFO - [2026-09-23 12:05:36,658] {dag.py:2280} INFO - Setting next_dagrun for example_subdag_operator to 2026-09-21 00:00:00+00:00
[2026-09-23 12:05:36,659] {logging_mixin.py:104} INFO - [2026-09-23 12:05:36,659] {dag.py:2280} INFO - Setting next_dagrun for example_subdag_operator.section-1 to None
[2026-09-23 12:05:36,660] {logging_mixin.py:104} INFO - [2026-09-23 12:05:36,660] {dag.py:2280} INFO - Setting next_dagrun for example_subdag_operator.section-2 to None
[2026-09-23 12:05:36,671] {logging_mixin.py:104} INFO - [2026-09-23 12:05:36,671] {dag.py:1824} INFO - Sync 2 DAGs
[2026-09-23 12:05:36,681] {logging_mixin.py:104} INFO - [2026-09-23 12:05:36,681] {dag.py:2280} INFO - Setting next_dagrun for example_subdag_operator.section-1 to None
[2026-09-23 12:05:36,681] {logging_mixin.py:104} INFO - [2026-09-23 12:05:36,681] {dag.py:2280} INFO - Setting next_dagrun for example_subdag_operator.section-2 to None
[2026-09-23 12:05:36,691] {scheduler_job.py:190} INFO - Processing /home/airflow/.local/lib/python3.6/site-packages/airflow/example_dags/example_subdag_operator.py took 0.136 seconds
[2026-09-23 12:06:07,396] {scheduler_job.py:182} INFO - Started process (PID=2281) to work on /home/airflow/.local/lib/python3.6/site-packages/airflow/example_dags/example_subdag_operator.py
[2026-09-23 12:06:07,401] {scheduler_job.py:629} INFO - Processing file /home/airflow/.local/lib/python3.6/site-packages/airflow/example_dags/example_subdag_operator.py for tasks to queue
[2026-09-23 12:06:07,402] {logging_mixin.py:104} INFO - [2026-09-23 12:06:07,402] {dagbag.py:451} INFO - Filling up the DagBag from /home/airflow/.local/lib/python3.6/site-packages/airflow/example_dags/example_subdag_operator.py
[2026-09-23 12:06:07,472] {scheduler_job.py:639} INFO - DAG(s) dict_keys(['example_subdag_operator.section-1', 'example_subdag_operator.section-2', 'example_subdag_operator']) retrieved from /home/airflow/.local/lib/python3.6/site-packages/airflow/example_dags/example_subdag_operator.py
[2026-09-23 12:06:07,494] {logging_mixin.py:104} INFO - [2026-09-23 12:06:07,494] {dag.py:1824} INFO - Sync 3 DAGs
[2026-09-23 12:06:07,522] {logging_mixin.py:104} INFO - [2026-09-23 12:06:07,522] {dag.py:2280} INFO - Setting next_dagrun for example_subdag_operator to 2026-09-21 00:00:00+00:00
[2026-09-23 12:06:07,524] {logging_mixin.py:104} INFO - [2026-09-23 12:06:07,524] {dag.py:2280} INFO - Setting next_dagrun for example_subdag_operator.section-1 to None
[2026-09-23 12:06:07,524] {logging_mixin.py:104} INFO - [2026-09-23 12:06:07,524] {dag.py:2280} INFO - Setting next_dagrun for example_subdag_operator.section-2 to None
[2026-09-23 12:06:07,543] {logging_mixin.py:104} INFO - [2026-09-23 12:06:07,543] {dag.py:1824} INFO - Sync 2 DAGs
[2026-09-23 12:06:07,565] {logging_mixin.py:104} INFO - [2026-09-23 12:06:07,565] {dag.py:2280} INFO - Setting next_dagrun for example_subdag_operator.section-1 to None
[2026-09-23 12:06:07,566] {logging_mixin.py:104} INFO - [2026-09-23 12:06:07,565] {dag.py:2280} INFO - Setting next_dagrun for example_subdag_operator.section-2 to None
[2026-09-23 12:06:07,581] {scheduler_job.py:190} INFO - Processing /home/airflow/.local/lib/python3.6/site-packages/airflow/example_dags/example_subdag_operator.py took 0.193 seconds
[2026-09-23 12:06:38,005] {scheduler_job.py:182} INFO - Started process (PID=2305) to work on /home/airflow/.local/lib/python3.6/site-packages/airflow/example_dags/example_subdag_operator.py
[2026-09-23 12:06:38,007] {scheduler_job.py:629} INFO - Processing file /home/airflow/.local/lib/python3.6/site-packages/airflow/example_dags/example_subdag_operator.py for tasks to queue
[2026-09-23 12:06:38,008] {logging_mixin.py:104} INFO - [2026-09-23 12:06:38,008] {dagbag.py:451} INFO - Filling up the DagBag from /home/airflow/.local/lib/python3.6/site-packages/airflow/example_dags/example_subdag_operator.py
[2026-09-23 12:06:38,063] {scheduler_job.py:639} INFO - DAG(s) dict_keys(['example_subdag_operator.section-1', 'example_subdag_operator.section-2', 'example_subdag_operator']) retrieved from /home/airflow/.local/lib/python3.6/site-packages/airflow/example_dags/example_subdag_operator.py
[2026-09-23 12:06:38,084] {logging_mixin.py:104} INFO - [2026-09-23 12:06:38,083] {dag.py:1824} INFO - Sync 3 DAGs
[2026-09-23 12:06:38,118] {logging_mixin.py:104} INFO - [2026-09-23 12:06:38,117] {dag.py:2280} INFO - Setting next_dagrun for example_subdag_operator to 2026-09-21 00:00:00+00:00
[2026-09-23 12:06:38,120] {logging_mixin.py:104} INFO - [2026-09-23 12:06:38,119] {dag.py:2280} INFO - Setting next_dagrun for example_subdag_operator.section-1 to None
[2026-09-23 12:06:38,120] {logging_mixin.py:104} INFO - [2026-09-23 12:06:38,120] {dag.py:2280} INFO - Setting next_dagrun for example_subdag_operator.section-2 to None
[2026-09-23 12:06:38,138] {logging_mixin.py:104} INFO - [2026-09-23 12:06:38,137] {dag.py:1824} INFO - Sync 2 DAGs
[2026-09-23 12:06:38,155] {logging_mixin.py:104} INFO - [2026-09-23 12:06:38,154] {dag.py:2280} INFO - Setting next_dagrun for example_subdag_operator.section-1 to None
[2026-09-23 12:06:38,155] {logging_mixin.py:104} INFO - [2026-09-23 12:06:38,155] {dag.py:2280} INFO - Setting next_dagrun for example_subdag_operator.section-2 to None
[2026-09-23 12:06:38,177] {scheduler_job.py:190} INFO - Processing /home/airflow/.local/lib/python3.6/site-packages/airflow/example_dags/example_subdag_operator.py took 0.179 seconds
[2026-09-23 12:07:08,837] {scheduler_job.py:182} INFO - Started process (PID=2333) to work on /home/airflow/.local/lib/python3.6/site-packages/airflow/example_dags/example_subdag_operator.py
[2026-09-23 12:07:08,839] {scheduler_job.py:629} INFO - Processing file /home/airflow/.local/lib/python3.6/site-packages/airflow/example_dags/example_subdag_operator.py for tasks to queue
[2026-09-23 12:07:08,840] {logging_mixin.py:104} INFO - [2026-09-23 12:07:08,840] {dagbag.py:451} INFO - Filling up the DagBag from /home/airflow/.local/lib/python3.6/site-packages/airflow/example_dags/example_subdag_operator.py
[2026-09-23 12:07:08,889] {scheduler_job.py:639} INFO - DAG(s) dict_keys(['example_subdag_operator.section-1', 'example_subdag_operator.section-2', 'example_subdag_operator']) retrieved from /home/airflow/.local/lib/python3.6/site-packages/airflow/example_dags/example_subdag_operator.py
[2026-09-23 12:07:08,914] {logging_mixin.py:104} INFO - [2026-09-23 12:07:08,914] {dag.py:1824} INFO - Sync 3 DAGs
[2026-09-23 12:07:08,946] {logging_mixin.py:104} INFO - [2026-09-23 12:07:08,946] {dag.py:2280} INFO - Setting next_dagrun for example_subdag_operator to 2026-09-21 00:00:00+00:00
[2026-09-23 12:07:08,947] {logging_mixin.py:104} INFO - [2026-09-23 12:07:08,947] {dag.py:2280} INFO - Setting next_dagrun for example_subdag_operator.section-1 to None
[2026-09-23 12:07:08,948] {logging_mixin.py:104} INFO - [2026-09-23 12:07:08,948] {dag.py:2280} INFO - Setting next_dagrun for example_subdag_operator.section-2 to None
[2026-09-23 12:07:08,961] {logging_mixin.py:104} INFO - [2026-09-23 12:07:08,961] {dag.py:1824} INFO - Sync 2 DAGs
[2026-09-23 12:07:08,974] {logging_mixin.py:104} INFO - [2026-09-23 12:07:08,974] {dag.py:2280} INFO - Setting next_dagrun for example_subdag_operator.section-1 to None
[2026-09-23 12:07:08,974] {logging_mixin.py:104} INFO - [2026-09-23 12:07:08,974] {dag.py:2280} INFO - Setting next_dagrun for example_subdag_operator.section-2 to None
[2026-09-23 12:07:08,987] {scheduler_job.py:190} INFO - Processing /home/airflow/.local/lib/python3.6/site-packages/airflow/example_dags/example_subdag_operator.py took 0.154 seconds
[2026-09-23 12:07:39,693] {scheduler_job.py:182} INFO - Started process (PID=2359) to work on /home/airflow/.local/lib/python3.6/site-packages/airflow/example_dags/example_subdag_operator.py
[2026-09-23 12:07:39,695] {scheduler_job.py:629} INFO - Processing file /home/airflow/.local/lib/python3.6/site-packages/airflow/example_dags/example_subdag_operator.py for tasks to queue
[2026-09-23 12:07:39,695] {logging_mixin.py:104} INFO - [2026-09-23 12:07:39,695] {dagbag.py:451} INFO - Filling up the DagBag from /home/airflow/.local/lib/python3.6/site-packages/airflow/example_dags/example_subdag_operator.py
[2026-09-23 12:07:39,740] {scheduler_job.py:639} INFO - DAG(s) dict_keys(['example_subdag_operator.section-1', 'example_subdag_operator.section-2', 'example_subdag_operator']) retrieved from /home/airflow/.local/lib/python3.6/site-packages/airflow/example_dags/example_subdag_operator.py
[2026-09-23 12:07:39,758] {logging_mixin.py:104} INFO - [2026-09-23 12:07:39,758] {dag.py:1824} INFO - Sync 3 DAGs
[2026-09-23 12:07:39,782] {logging_mixin.py:104} INFO - [2026-09-23 12:07:39,782] {dag.py:2280} INFO - Setting next_dagrun for example_subdag_operator to 2026-09-21 00:00:00+00:00
[2026-09-23 12:07:39,784] {logging_mixin.py:104} INFO - [2026-09-23 12:07:39,784] {dag.py:2280} INFO - Setting next_dagrun for example_subdag_operator.section-1 to None
[2026-09-23 12:07:39,784] {logging_mixin.py:104} INFO - [2026-09-23 12:07:39,784] {dag.py:2280} INFO - Setting next_dagrun for example_subdag_operator.section-2 to None
[2026-09-23 12:07:39,801] {logging_mixin.py:104} INFO - [2026-09-23 12:07:39,801] {dag.py:1824} INFO - Sync 2 DAGs
[2026-09-23 12:07:39,815] {logging_mixin.py:104} INFO - [2026-09-23 12:07:39,815] {dag.py:2280} INFO - Setting next_dagrun for example_subdag_operator.section-1 to None
[2026-09-23 12:07:39,815] {logging_mixin.py:104} INFO - [2026-09-23 12:07:39,815] {dag.py:2280} INFO - Setting next_dagrun for example_subdag_operator.section-2 to None
[2026-09-23 12:07:39,826] {scheduler_job.py:190} INFO - Processing /home/airflow/.local/lib/python3.6/site-packages/airflow/example_dags/example_subdag_operator.py took 0.137 seconds
[2026-09-23 12:08:10,354] {scheduler_job.py:182} INFO - Started process (PID=2385) to work on /home/airflow/.local/lib/python3.6/site-packages/airflow/example_dags/example_subdag_operator.py
[2026-09-23 12:08:10,355] {scheduler_job.py:629} INFO - Processing file /home/airflow/.local/lib/python3.6/site-packages/airflow/example_dags/example_subdag_operator.py for tasks to queue
[2026-09-23 12:08:10,356] {logging_mixin.py:104} INFO - [2026-09-23 12:08:10,356] {dagbag.py:451} INFO - Filling up the DagBag from /home/airflow/.local/lib/python3.6/site-packages/airflow/example_dags/example_subdag_operator.py
[2026-09-23 12:08:10,391] {scheduler_job.py:639} INFO - DAG(s) dict_keys(['example_subdag_operator.section-1', 'example_subdag_operator.section-2', 'example_subdag_operator']) retrieved from /home/airflow/.local/lib/python3.6/site-packages/airflow/example_dags/example_subdag_operator.py
[2026-09-23 12:08:10,406] {logging_mixin.py:104} INFO - [2026-09-23 12:08:10,406] {dag.py:1824} INFO - Sync 3 DAGs
[2026-09-23 12:08:10,426] {logging_mixin.py:104} INFO - [2026-09-23 12:08:10,426] {dag.py:2280} INFO - Setting next_dagrun for example_subdag_operator to 2026-09-21 00:00:00+00:00
[2026-09-23 12:08:10,427] {logging_mixin.py:104} INFO - [2026-09-23 12:08:10,427] {dag.py:2280} INFO - Setting next_dagrun for example_subdag_operator.section-1 to None
[2026-09-23 12:08:10,428] {logging_mixin.py:104} INFO - [2026-09-23 12:08:10,427] {dag.py:2280} INFO - Setting next_dagrun for example_subdag_operator.section-2 to None
[2026-09-23 12:08:10,442] {logging_mixin.py:104} INFO - [2026-09-23 12:08:10,442] {dag.py:1824} INFO - Sync 2 DAGs
[2026-09-23 12:08:10,452] {logging_mixin.py:104} INFO - [2026-09-23 12:08:10,452] {dag.py:2280} INFO - Setting next_dagrun for example_subdag_operator.section-1 to None
[2026-09-23 12:08:10,453] {logging_mixin.py:104} INFO - [2026-09-23 12:08:10,453] {dag.py:2280} INFO - Setting next_dagrun for example_subdag_operator.section-2 to None
[2026-09-23 12:08:10,465] {scheduler_job.py:190} INFO - Processing /home/airflow/.local/lib/python3.6/site-packages/airflow/example_dags/example_subdag_operator.py took 0.115 seconds
[2026-09-23 12:08:40,985] {scheduler_job.py:182} INFO - Started process (PID=2411) to work on /home/airflow/.local/lib/python3.6/site-packages/airflow/example_dags/example_subdag_operator.py
[2026-09-23 12:08:40,986] {scheduler_job.py:629} INFO - Processing file /home/airflow/.local/lib/python3.6/site-packages/airflow/example_dags/example_subdag_operator.py for tasks to queue
[2026-09-23 12:08:40,987] {logging_mixin.py:104} INFO - [2026-09-23 12:08:40,987] {dagbag.py:451} INFO - Filling up the DagBag from /home/airflow/.local/lib/python3.6/site-packages/airflow/example_dags/example_subdag_operator.py
[2026-09-23 12:08:41,023] {scheduler_job.py:639} INFO - DAG(s) dict_keys(['example_subdag_operator.section-1', 'example_subdag_operator.section-2', 'example_subdag_operator']) retrieved from /home/airflow/.local/lib/python3.6/site-packages/airflow/example_dags/example_subdag_operator.py
[2026-09-23 12:08:41,036] {logging_mixin.py:104} INFO - [2026-09-23 12:08:41,036] {dag.py:1824} INFO - Sync 3 DAGs
[2026-09-23 12:08:41,058] {logging_mixin.py:104} INFO - [2026-09-23 12:08:41,058] {dag.py:2280} INFO - Setting next_dagrun for example_subdag_operator to 2026-09-21 00:00:00+00:00
[2026-09-23 12:08:41,059] {logging_mixin.py:104} INFO - [2026-09-23 12:08:41,059] {dag.py:2280} INFO - Setting next_dagrun for example_subdag_operator.section-1 to None
[2026-09-23 12:08:41,060] {logging_mixin.py:104} INFO - [2026-09-23 12:08:41,060] {dag.py:2280} INFO - Setting next_dagrun for example_subdag_operator.section-2 to None
[2026-09-23 12:08:41,073] {logging_mixin.py:104} INFO - [2026-09-23 12:08:41,073] {dag.py:1824} INFO - Sync 2 DAGs
[2026-09-23 12:08:41,090] {logging_mixin.py:104} INFO - [2026-09-23 12:08:41,090] {dag.py:2280} INFO - Setting next_dagrun for example_subdag_operator.section-1 to None
[2026-09-23 12:08:41,091] {logging_mixin.py:104} INFO - [2026-09-23 12:08:41,091] {dag.py:2280} INFO - Setting next_dagrun for example_subdag_operator.section-2 to None
[2026-09-23 12:08:41,103] {scheduler_job.py:190} INFO - Processing /home/airflow/.local/lib/python3.6/site-packages/airflow/example_dags/example_subdag_operator.py took 0.122 seconds
[2026-09-23 12:09:11,852] {scheduler_job.py:182} INFO - Started process (PID=2437) to work on /home/airflow/.local/lib/python3.6/site-packages/airflow/example_dags/example_subdag_operator.py
[2026-09-23 12:09:11,853] {scheduler_job.py:629} INFO - Processing file /home/airflow/.local/lib/python3.6/site-packages/airflow/example_dags/example_subdag_operator.py for tasks to queue
[2026-09-23 12:09:11,854] {logging_mixin.py:104} INFO - [2026-09-23 12:09:11,854] {dagbag.py:451} INFO - Filling up the DagBag from /home/airflow/.local/lib/python3.6/site-packages/airflow/example_dags/example_subdag_operator.py
[2026-09-23 12:09:11,898] {scheduler_job.py:639} INFO - DAG(s) dict_keys(['example_subdag_operator.section-1', 'example_subdag_operator.section-2', 'example_subdag_operator']) retrieved from /home/airflow/.local/lib/python3.6/site-packages/airflow/example_dags/example_subdag_operator.py
[2026-09-23 12:09:11,926] {logging_mixin.py:104} INFO - [2026-09-23 12:09:11,926] {dag.py:1824} INFO - Sync 3 DAGs
[2026-09-23 12:09:11,960] {logging_mixin.py:104} INFO - [2026-09-23 12:09:11,960] {dag.py:2280} INFO - Setting next_dagrun for example_subdag_operator to 2026-09-21 00:00:00+00:00
[2026-09-23 12:09:11,962] {logging_mixin.py:104} INFO - [2026-09-23 12:09:11,962] {dag.py:2280} INFO - Setting next_dagrun for example_subdag_operator.section-1 to None
[2026-09-23 12:09:11,962] {logging_mixin.py:104} INFO - [2026-09-23 12:09:11,962] {dag.py:2280} INFO - Setting next_dagrun for example_subdag_operator.section-2 to None
[2026-09-23 12:09:11,976] {logging_mixin.py:104} INFO - [2026-09-23 12:09:11,976] {dag.py:1824} INFO - Sync 2 DAGs
[2026-09-23 12:09:11,992] {logging_mixin.py:104} INFO - [2026-09-23 12:09:11,992] {dag.py:2280} INFO - Setting next_dagrun for example_subdag_operator.section-1 to None
[2026-09-23 12:09:11,992] {logging_mixin.py:104} INFO - [2026-09-23 12:09:11,992] {dag.py:2280} INFO - Setting next_dagrun for example_subdag_operator.section-2 to None
[2026-09-23 12:09:12,007] {scheduler_job.py:190} INFO - Processing /home/airflow/.local/lib/python3.6/site-packages/airflow/example_dags/example_subdag_operator.py took 0.159 seconds
[2026-09-23 12:09:42,273] {scheduler_job.py:182} INFO - Started process (PID=2464) to work on /home/airflow/.local/lib/python3.6/site-packages/airflow/example_dags/example_subdag_operator.py
[2026-09-23 12:09:42,276] {scheduler_job.py:629} INFO - Processing file /home/airflow/.local/lib/python3.6/site-packages/airflow/example_dags/example_subdag_operator.py for tasks to queue
[2026-09-23 12:09:42,278] {logging_mixin.py:104} INFO - [2026-09-23 12:09:42,278] {dagbag.py:451} INFO - Filling up the DagBag from /home/airflow/.local/lib/python3.6/site-packages/airflow/example_dags/example_subdag_operator.py
[2026-09-23 12:09:42,360] {scheduler_job.py:639} INFO - DAG(s) dict_keys(['example_subdag_operator.section-1', 'example_subdag_operator.section-2', 'example_subdag_operator']) retrieved from /home/airflow/.local/lib/python3.6/site-packages/airflow/example_dags/example_subdag_operator.py
[2026-09-23 12:09:42,395] {logging_mixin.py:104} INFO - [2026-09-23 12:09:42,395] {dag.py:1824} INFO - Sync 3 DAGs
[2026-09-23 12:09:42,436] {logging_mixin.py:104} INFO - [2026-09-23 12:09:42,436] {dag.py:2280} INFO - Setting next_dagrun for example_subdag_operator to 2026-09-21 00:00:00+00:00
[2026-09-23 12:09:42,439] {logging_mixin.py:104} INFO - [2026-09-23 12:09:42,439] {dag.py:2280} INFO - Setting next_dagrun for example_subdag_operator.section-1 to None
[2026-09-23 12:09:42,440] {logging_mixin.py:104} INFO - [2026-09-23 12:09:42,440] {dag.py:2280} INFO - Setting next_dagrun for example_subdag_operator.section-2 to None
[2026-09-23 12:09:42,458] {logging_mixin.py:104} INFO - [2026-09-23 12:09:42,458] {dag.py:1824} INFO - Sync 2 DAGs
[2026-09-23 12:09:42,480] {logging_mixin.py:104} INFO - [2026-09-23 12:09:42,479] {dag.py:2280} INFO - Setting next_dagrun for example_subdag_operator.section-1 to None
[2026-09-23 12:09:42,480] {logging_mixin.py:104} INFO - [2026-09-23 12:09:42,480] {dag.py:2280} INFO - Setting next_dagrun for example_subdag_operator.section-2 to None
[2026-09-23 12:09:42,503] {scheduler_job.py:190} INFO - Processing /home/airflow/.local/lib/python3.6/site-packages/airflow/example_dags/example_subdag_operator.py took 0.236 seconds
[2026-09-23 12:10:12,713] {scheduler_job.py:182} INFO - Started process (PID=2491) to work on /home/airflow/.local/lib/python3.6/site-packages/airflow/example_dags/example_subdag_operator.py
[2026-09-23 12:10:12,715] {scheduler_job.py:629} INFO - Processing file /home/airflow/.local/lib/python3.6/site-packages/airflow/example_dags/example_subdag_operator.py for tasks to queue
[2026-09-23 12:10:12,715] {logging_mixin.py:104} INFO - [2026-09-23 12:10:12,715] {dagbag.py:451} INFO - Filling up the DagBag from /home/airflow/.local/lib/python3.6/site-packages/airflow/example_dags/example_subdag_operator.py
[2026-09-23 12:10:12,759] {scheduler_job.py:639} INFO - DAG(s) dict_keys(['example_subdag_operator.section-1', 'example_subdag_operator.section-2', 'example_subdag_operator']) retrieved from /home/airflow/.local/lib/python3.6/site-packages/airflow/example_dags/example_subdag_operator.py
[2026-09-23 12:10:12,786] {logging_mixin.py:104} INFO - [2026-09-23 12:10:12,786] {dag.py:1824} INFO - Sync 3 DAGs
[2026-09-23 12:10:12,816] {logging_mixin.py:104} INFO - [2026-09-23 12:10:12,816] {dag.py:2280} INFO - Setting next_dagrun for example_subdag_operator to 2026-09-21 00:00:00+00:00
[2026-09-23 12:10:12,818] {logging_mixin.py:104} INFO - [2026-09-23 12:10:12,818] {dag.py:2280} INFO - Setting next_dagrun for example_subdag_operator.section-1 to None
[2026-09-23 12:10:12,818] {logging_mixin.py:104} INFO - [2026-09-23 12:10:12,818] {dag.py:2280} INFO - Setting next_dagrun for example_subdag_operator.section-2 to None
[2026-09-23 12:10:12,838] {logging_mixin.py:104} INFO - [2026-09-23 12:10:12,838] {dag.py:1824} INFO - Sync 2 DAGs
[2026-09-23 12:10:12,848] {logging_mixin.py:104} INFO - [2026-09-23 12:10:12,848] {dag.py:2280} INFO - Setting next_dagrun for example_subdag_operator.section-1 to None
[2026-09-23 12:10:12,849] {logging_mixin.py:104} INFO - [2026-09-23 12:10:12,849] {dag.py:2280} INFO - Setting next_dagrun for example_subdag_operator.section-2 to None
[2026-09-23 12:10:12,859] {scheduler_job.py:190} INFO - Processing /home/airflow/.local/lib/python3.6/site-packages/airflow/example_dags/example_subdag_operator.py took 0.150 seconds
[2026-09-23 12:10:42,887] {scheduler_job.py:182} INFO - Started process (PID=2517) to work on /home/airflow/.local/lib/python3.6/site-packages/airflow/example_dags/example_subdag_operator.py
[2026-09-23 12:10:42,888] {scheduler_job.py:629} INFO - Processing file /home/airflow/.local/lib/python3.6/site-packages/airflow/example_dags/example_subdag_operator.py for tasks to queue
[2026-09-23 12:10:42,889] {logging_mixin.py:104} INFO - [2026-09-23 12:10:42,889] {dagbag.py:451} INFO - Filling up the DagBag from /home/airflow/.local/lib/python3.6/site-packages/airflow/example_dags/example_subdag_operator.py
[2026-09-23 12:10:42,929] {scheduler_job.py:639} INFO - DAG(s) dict_keys(['example_subdag_operator.section-1', 'example_subdag_operator.section-2', 'example_subdag_operator']) retrieved from /home/airflow/.local/lib/python3.6/site-packages/airflow/example_dags/example_subdag_operator.py
[2026-09-23 12:10:42,951] {logging_mixin.py:104} INFO - [2026-09-23 12:10:42,951] {dag.py:1824} INFO - Sync 3 DAGs
[2026-09-23 12:10:42,977] {logging_mixin.py:104} INFO - [2026-09-23 12:10:42,977] {dag.py:2280} INFO - Setting next_dagrun for example_subdag_operator to 2026-09-21 00:00:00+00:00
[2026-09-23 12:10:42,979] {logging_mixin.py:104} INFO - [2026-09-23 12:10:42,979] {dag.py:2280} INFO - Setting next_dagrun for example_subdag_operator.section-1 to None
[2026-09-23 12:10:42,979] {logging_mixin.py:104} INFO - [2026-09-23 12:10:42,979] {dag.py:2280} INFO - Setting next_dagrun for example_subdag_operator.section-2 to None
[2026-09-23 12:10:42,991] {logging_mixin.py:104} INFO - [2026-09-23 12:10:42,991] {dag.py:1824} INFO - Sync 2 DAGs
[2026-09-23 12:10:43,001] {logging_mixin.py:104} INFO - [2026-09-23 12:10:43,001] {dag.py:2280} INFO - Setting next_dagrun for example_subdag_operator.section-1 to None
[2026-09-23 12:10:43,001] {logging_mixin.py:104} INFO - [2026-09-23 12:10:43,001] {dag.py:2280} INFO - Setting next_dagrun for example_subdag_operator.section-2 to None
[2026-09-23 12:10:43,014] {scheduler_job.py:190} INFO - Processing /home/airflow/.local/lib/python3.6/site-packages/airflow/example_dags/example_subdag_operator.py took 0.131 seconds
[2026-09-23 12:11:13,756] {scheduler_job.py:182} INFO - Started process (PID=2541) to work on /home/airflow/.local/lib/python3.6/site-packages/airflow/example_dags/example_subdag_operator.py
[2026-09-23 12:11:13,758] {scheduler_job.py:629} INFO - Processing file /home/airflow/.local/lib/python3.6/site-packages/airflow/example_dags/example_subdag_operator.py for tasks to queue
[2026-09-23 12:11:13,759] {logging_mixin.py:104} INFO - [2026-09-23 12:11:13,759] {dagbag.py:451} INFO - Filling up the DagBag from /home/airflow/.local/lib/python3.6/site-packages/airflow/example_dags/example_subdag_operator.py
[2026-09-23 12:11:13,821] {scheduler_job.py:639} INFO - DAG(s) dict_keys(['example_subdag_operator.section-1', 'example_subdag_operator.section-2', 'example_subdag_operator']) retrieved from /home/airflow/.local/lib/python3.6/site-packages/airflow/example_dags/example_subdag_operator.py
[2026-09-23 12:11:13,846] {logging_mixin.py:104} INFO - [2026-09-23 12:11:13,846] {dag.py:1824} INFO - Sync 3 DAGs
[2026-09-23 12:11:13,884] {logging_mixin.py:104} INFO - [2026-09-23 12:11:13,884] {dag.py:2280} INFO - Setting next_dagrun for example_subdag_operator to 2026-09-21 00:00:00+00:00
[2026-09-23 12:11:13,886] {logging_mixin.py:104} INFO - [2026-09-23 12:11:13,886] {dag.py:2280} INFO - Setting next_dagrun for example_subdag_operator.section-1 to None
[2026-09-23 12:11:13,886] {logging_mixin.py:104} INFO - [2026-09-23 12:11:13,886] {dag.py:2280} INFO - Setting next_dagrun for example_subdag_operator.section-2 to None
[2026-09-23 12:11:13,906] {logging_mixin.py:104} INFO - [2026-09-23 12:11:13,905] {dag.py:1824} INFO - Sync 2 DAGs
[2026-09-23 12:11:13,922] {logging_mixin.py:104} INFO - [2026-09-23 12:11:13,922] {dag.py:2280} INFO - Setting next_dagrun for example_subdag_operator.section-1 to None
[2026-09-23 12:11:13,923] {logging_mixin.py:104} INFO - [2026-09-23 12:11:13,923] {dag.py:2280} INFO - Setting next_dagrun for example_subdag_operator.section-2 to None
[2026-09-23 12:11:13,938] {scheduler_job.py:190} INFO - Processing /home/airflow/.local/lib/python3.6/site-packages/airflow/example_dags/example_subdag_operator.py took 0.187 seconds
[2026-09-23 12:11:44,098] {scheduler_job.py:182} INFO - Started process (PID=2568) to work on /home/airflow/.local/lib/python3.6/site-packages/airflow/example_dags/example_subdag_operator.py
[2026-09-23 12:11:44,101] {scheduler_job.py:629} INFO - Processing file /home/airflow/.local/lib/python3.6/site-packages/airflow/example_dags/example_subdag_operator.py for tasks to queue
[2026-09-23 12:11:44,103] {logging_mixin.py:104} INFO - [2026-09-23 12:11:44,102] {dagbag.py:451} INFO - Filling up the DagBag from /home/airflow/.local/lib/python3.6/site-packages/airflow/example_dags/example_subdag_operator.py
[2026-09-23 12:11:44,166] {scheduler_job.py:639} INFO - DAG(s) dict_keys(['example_subdag_operator.section-1', 'example_subdag_operator.section-2', 'example_subdag_operator']) retrieved from /home/airflow/.local/lib/python3.6/site-packages/airflow/example_dags/example_subdag_operator.py
[2026-09-23 12:11:44,190] {logging_mixin.py:104} INFO - [2026-09-23 12:11:44,190] {dag.py:1824} INFO - Sync 3 DAGs
[2026-09-23 12:11:44,220] {logging_mixin.py:104} INFO - [2026-09-23 12:11:44,219] {dag.py:2280} INFO - Setting next_dagrun for example_subdag_operator to 2026-09-21 00:00:00+00:00
[2026-09-23 12:11:44,221] {logging_mixin.py:104} INFO - [2026-09-23 12:11:44,221] {dag.py:2280} INFO - Setting next_dagrun for example_subdag_operator.section-1 to None
[2026-09-23 12:11:44,222] {logging_mixin.py:104} INFO - [2026-09-23 12:11:44,222] {dag.py:2280} INFO - Setting next_dagrun for example_subdag_operator.section-2 to None
[2026-09-23 12:11:44,238] {logging_mixin.py:104} INFO - [2026-09-23 12:11:44,237] {dag.py:1824} INFO - Sync 2 DAGs
[2026-09-23 12:11:44,254] {logging_mixin.py:104} INFO - [2026-09-23 12:11:44,254] {dag.py:2280} INFO - Setting next_dagrun for example_subdag_operator.section-1 to None
[2026-09-23 12:11:44,255] {logging_mixin.py:104} INFO - [2026-09-23 12:11:44,255] {dag.py:2280} INFO - Setting next_dagrun for example_subdag_operator.section-2 to None
[2026-09-23 12:11:44,267] {scheduler_job.py:190} INFO - Processing /home/airflow/.local/lib/python3.6/site-packages/airflow/example_dags/example_subdag_operator.py took 0.176 seconds
[2026-09-23 12:12:14,494] {scheduler_job.py:182} INFO - Started process (PID=2595) to work on /home/airflow/.local/lib/python3.6/site-packages/airflow/example_dags/example_subdag_operator.py
[2026-09-23 12:12:14,496] {scheduler_job.py:629} INFO - Processing file /home/airflow/.local/lib/python3.6/site-packages/airflow/example_dags/example_subdag_operator.py for tasks to queue
[2026-09-23 12:12:14,497] {logging_mixin.py:104} INFO - [2026-09-23 12:12:14,497] {dagbag.py:451} INFO - Filling up the DagBag from /home/airflow/.local/lib/python3.6/site-packages/airflow/example_dags/example_subdag_operator.py
[2026-09-23 12:12:14,553] {scheduler_job.py:639} INFO - DAG(s) dict_keys(['example_subdag_operator.section-1', 'example_subdag_operator.section-2', 'example_subdag_operator']) retrieved from /home/airflow/.local/lib/python3.6/site-packages/airflow/example_dags/example_subdag_operator.py
[2026-09-23 12:12:14,576] {logging_mixin.py:104} INFO - [2026-09-23 12:12:14,576] {dag.py:1824} INFO - Sync 3 DAGs
[2026-09-23 12:12:14,613] {logging_mixin.py:104} INFO - [2026-09-23 12:12:14,612] {dag.py:2280} INFO - Setting next_dagrun for example_subdag_operator to 2026-09-21 00:00:00+00:00
[2026-09-23 12:12:14,614] {logging_mixin.py:104} INFO - [2026-09-23 12:12:14,614] {dag.py:2280} INFO - Setting next_dagrun for example_subdag_operator.section-1 to None
[2026-09-23 12:12:14,615] {logging_mixin.py:104} INFO - [2026-09-23 12:12:14,615] {dag.py:2280} INFO - Setting next_dagrun for example_subdag_operator.section-2 to None
[2026-09-23 12:12:14,636] {logging_mixin.py:104} INFO - [2026-09-23 12:12:14,636] {dag.py:1824} INFO - Sync 2 DAGs
[2026-09-23 12:12:14,659] {logging_mixin.py:104} INFO - [2026-09-23 12:12:14,659] {dag.py:2280} INFO - Setting next_dagrun for example_subdag_operator.section-1 to None
[2026-09-23 12:12:14,659] {logging_mixin.py:104} INFO - [2026-09-23 12:12:14,659] {dag.py:2280} INFO - Setting next_dagrun for example_subdag_operator.section-2 to None
[2026-09-23 12:12:14,679] {scheduler_job.py:190} INFO - Processing /home/airflow/.local/lib/python3.6/site-packages/airflow/example_dags/example_subdag_operator.py took 0.191 seconds
[2026-09-23 12:12:45,371] {scheduler_job.py:182} INFO - Started process (PID=2619) to work on /home/airflow/.local/lib/python3.6/site-packages/airflow/example_dags/example_subdag_operator.py
[2026-09-23 12:12:45,372] {scheduler_job.py:629} INFO - Processing file /home/airflow/.local/lib/python3.6/site-packages/airflow/example_dags/example_subdag_operator.py for tasks to queue
[2026-09-23 12:12:45,373] {logging_mixin.py:104} INFO - [2026-09-23 12:12:45,373] {dagbag.py:451} INFO - Filling up the DagBag from /home/airflow/.local/lib/python3.6/site-packages/airflow/example_dags/example_subdag_operator.py
[2026-09-23 12:12:45,427] {scheduler_job.py:639} INFO - DAG(s) dict_keys(['example_subdag_operator.section-1', 'example_subdag_operator.section-2', 'example_subdag_operator']) retrieved from /home/airflow/.local/lib/python3.6/site-packages/airflow/example_dags/example_subdag_operator.py
[2026-09-23 12:12:45,451] {logging_mixin.py:104} INFO - [2026-09-23 12:12:45,451] {dag.py:1824} INFO - Sync 3 DAGs
[2026-09-23 12:12:45,484] {logging_mixin.py:104} INFO - [2026-09-23 12:12:45,483] {dag.py:2280} INFO - Setting next_dagrun for example_subdag_operator to 2026-09-21 00:00:00+00:00
[2026-09-23 12:12:45,485] {logging_mixin.py:104} INFO - [2026-09-23 12:12:45,485] {dag.py:2280} INFO - Setting next_dagrun for example_subdag_operator.section-1 to None
[2026-09-23 12:12:45,485] {logging_mixin.py:104} INFO - [2026-09-23 12:12:45,485] {dag.py:2280} INFO - Setting next_dagrun for example_subdag_operator.section-2 to None
[2026-09-23 12:12:45,502] {logging_mixin.py:104} INFO - [2026-09-23 12:12:45,502] {dag.py:1824} INFO - Sync 2 DAGs
[2026-09-23 12:12:45,518] {logging_mixin.py:104} INFO - [2026-09-23 12:12:45,518] {dag.py:2280} INFO - Setting next_dagrun for example_subdag_operator.section-1 to None
[2026-09-23 12:12:45,519] {logging_mixin.py:104} INFO - [2026-09-23 12:12:45,519] {dag.py:2280} INFO - Setting next_dagrun for example_subdag_operator.section-2 to None
[2026-09-23 12:12:45,534] {scheduler_job.py:190} INFO - Processing /home/airflow/.local/lib/python3.6/site-packages/airflow/example_dags/example_subdag_operator.py took 0.170 seconds
[2026-09-23 12:13:16,577] {scheduler_job.py:182} INFO - Started process (PID=2645) to work on /home/airflow/.local/lib/python3.6/site-packages/airflow/example_dags/example_subdag_operator.py
[2026-09-23 12:13:16,579] {scheduler_job.py:629} INFO - Processing file /home/airflow/.local/lib/python3.6/site-packages/airflow/example_dags/example_subdag_operator.py for tasks to queue
[2026-09-23 12:13:16,580] {logging_mixin.py:104} INFO - [2026-09-23 12:13:16,580] {dagbag.py:451} INFO - Filling up the DagBag from /home/airflow/.local/lib/python3.6/site-packages/airflow/example_dags/example_subdag_operator.py
[2026-09-23 12:13:16,626] {scheduler_job.py:639} INFO - DAG(s) dict_keys(['example_subdag_operator.section-1', 'example_subdag_operator.section-2', 'example_subdag_operator']) retrieved from /home/airflow/.local/lib/python3.6/site-packages/airflow/example_dags/example_subdag_operator.py
[2026-09-23 12:13:16,653] {logging_mixin.py:104} INFO - [2026-09-23 12:13:16,653] {dag.py:1824} INFO - Sync 3 DAGs
[2026-09-23 12:13:16,688] {logging_mixin.py:104} INFO - [2026-09-23 12:13:16,687] {dag.py:2280} INFO - Setting next_dagrun for example_subdag_operator to 2026-09-21 00:00:00+00:00
[2026-09-23 12:13:16,693] {logging_mixin.py:104} INFO - [2026-09-23 12:13:16,692] {dag.py:2280} INFO - Setting next_dagrun for example_subdag_operator.section-1 to None
[2026-09-23 12:13:16,693] {logging_mixin.py:104} INFO - [2026-09-23 12:13:16,693] {dag.py:2280} INFO - Setting next_dagrun for example_subdag_operator.section-2 to None
[2026-09-23 12:13:16,711] {logging_mixin.py:104} INFO - [2026-09-23 12:13:16,711] {dag.py:1824} INFO - Sync 2 DAGs
[2026-09-23 12:13:16,734] {logging_mixin.py:104} INFO - [2026-09-23 12:13:16,733] {dag.py:2280} INFO - Setting next_dagrun for example_subdag_operator.section-1 to None
[2026-09-23 12:13:16,734] {logging_mixin.py:104} INFO - [2026-09-23 12:13:16,734] {dag.py:2280} INFO - Setting next_dagrun for example_subdag_operator.section-2 to None
[2026-09-23 12:13:16,747] {scheduler_job.py:190} INFO - Processing /home/airflow/.local/lib/python3.6/site-packages/airflow/example_dags/example_subdag_operator.py took 0.174 seconds
[2026-09-23 12:13:47,646] {scheduler_job.py:182} INFO - Started process (PID=2673) to work on /home/airflow/.local/lib/python3.6/site-packages/airflow/example_dags/example_subdag_operator.py
[2026-09-23 12:13:47,647] {scheduler_job.py:629} INFO - Processing file /home/airflow/.local/lib/python3.6/site-packages/airflow/example_dags/example_subdag_operator.py for tasks to queue
[2026-09-23 12:13:47,648] {logging_mixin.py:104} INFO - [2026-09-23 12:13:47,648] {dagbag.py:451} INFO - Filling up the DagBag from /home/airflow/.local/lib/python3.6/site-packages/airflow/example_dags/example_subdag_operator.py
[2026-09-23 12:13:47,689] {scheduler_job.py:639} INFO - DAG(s) dict_keys(['example_subdag_operator.section-1', 'example_subdag_operator.section-2', 'example_subdag_operator']) retrieved from /home/airflow/.local/lib/python3.6/site-packages/airflow/example_dags/example_subdag_operator.py
[2026-09-23 12:13:47,709] {logging_mixin.py:104} INFO - [2026-09-23 12:13:47,709] {dag.py:1824} INFO - Sync 3 DAGs
[2026-09-23 12:13:47,731] {logging_mixin.py:104} INFO - [2026-09-23 12:13:47,731] {dag.py:2280} INFO - Setting next_dagrun for example_subdag_operator to 2026-09-21 00:00:00+00:00
[2026-09-23 12:13:47,733] {logging_mixin.py:104} INFO - [2026-09-23 12:13:47,733] {dag.py:2280} INFO - Setting next_dagrun for example_subdag_operator.section-1 to None
[2026-09-23 12:13:47,733] {logging_mixin.py:104} INFO - [2026-09-23 12:13:47,733] {dag.py:2280} INFO - Setting next_dagrun for example_subdag_operator.section-2 to None
[2026-09-23 12:13:47,748] {logging_mixin.py:104} INFO - [2026-09-23 12:13:47,748] {dag.py:1824} INFO - Sync 2 DAGs
[2026-09-23 12:13:47,761] {logging_mixin.py:104} INFO - [2026-09-23 12:13:47,761] {dag.py:2280} INFO - Setting next_dagrun for example_subdag_operator.section-1 to None
[2026-09-23 12:13:47,761] {logging_mixin.py:104} INFO - [2026-09-23 12:13:47,761] {dag.py:2280} INFO - Setting next_dagrun for example_subdag_operator.section-2 to None
[2026-09-23 12:13:47,769] {scheduler_job.py:190} INFO - Processing /home/airflow/.local/lib/python3.6/site-packages/airflow/example_dags/example_subdag_operator.py took 0.128 seconds
[2026-09-23 12:14:18,034] {scheduler_job.py:182} INFO - Started process (PID=2699) to work on /home/airflow/.local/lib/python3.6/site-packages/airflow/example_dags/example_subdag_operator.py
[2026-09-23 12:14:18,036] {scheduler_job.py:629} INFO - Processing file /home/airflow/.local/lib/python3.6/site-packages/airflow/example_dags/example_subdag_operator.py for tasks to queue
[2026-09-23 12:14:18,038] {logging_mixin.py:104} INFO - [2026-09-23 12:14:18,037] {dagbag.py:451} INFO - Filling up the DagBag from /home/airflow/.local/lib/python3.6/site-packages/airflow/example_dags/example_subdag_operator.py
[2026-09-23 12:14:18,084] {scheduler_job.py:639} INFO - DAG(s) dict_keys(['example_subdag_operator.section-1', 'example_subdag_operator.section-2', 'example_subdag_operator']) retrieved from /home/airflow/.local/lib/python3.6/site-packages/airflow/example_dags/example_subdag_operator.py
[2026-09-23 12:14:18,103] {logging_mixin.py:104} INFO - [2026-09-23 12:14:18,102] {dag.py:1824} INFO - Sync 3 DAGs
[2026-09-23 12:14:18,130] {logging_mixin.py:104} INFO - [2026-09-23 12:14:18,129] {dag.py:2280} INFO - Setting next_dagrun for example_subdag_operator to 2026-09-21 00:00:00+00:00
[2026-09-23 12:14:18,131] {logging_mixin.py:104} INFO - [2026-09-23 12:14:18,131] {dag.py:2280} INFO - Setting next_dagrun for example_subdag_operator.section-1 to None
[2026-09-23 12:14:18,132] {logging_mixin.py:104} INFO - [2026-09-23 12:14:18,132] {dag.py:2280} INFO - Setting next_dagrun for example_subdag_operator.section-2 to None
[2026-09-23 12:14:18,148] {logging_mixin.py:104} INFO - [2026-09-23 12:14:18,148] {dag.py:1824} INFO - Sync 2 DAGs
[2026-09-23 12:14:18,165] {logging_mixin.py:104} INFO - [2026-09-23 12:14:18,165] {dag.py:2280} INFO - Setting next_dagrun for example_subdag_operator.section-1 to None
[2026-09-23 12:14:18,166] {logging_mixin.py:104} INFO - [2026-09-23 12:14:18,166] {dag.py:2280} INFO - Setting next_dagrun for example_subdag_operator.section-2 to None
[2026-09-23 12:14:18,177] {scheduler_job.py:190} INFO - Processing /home/airflow/.local/lib/python3.6/site-packages/airflow/example_dags/example_subdag_operator.py took 0.150 seconds
[2026-09-23 12:14:48,897] {scheduler_job.py:182} INFO - Started process (PID=2725) to work on /home/airflow/.local/lib/python3.6/site-packages/airflow/example_dags/example_subdag_operator.py
[2026-09-23 12:14:48,898] {scheduler_job.py:629} INFO - Processing file /home/airflow/.local/lib/python3.6/site-packages/airflow/example_dags/example_subdag_operator.py for tasks to queue
[2026-09-23 12:14:48,899] {logging_mixin.py:104} INFO - [2026-09-23 12:14:48,899] {dagbag.py:451} INFO - Filling up the DagBag from /home/airflow/.local/lib/python3.6/site-packages/airflow/example_dags/example_subdag_operator.py
[2026-09-23 12:14:48,948] {scheduler_job.py:639} INFO - DAG(s) dict_keys(['example_subdag_operator.section-1', 'example_subdag_operator.section-2', 'example_subdag_operator']) retrieved from /home/airflow/.local/lib/python3.6/site-packages/airflow/example_dags/example_subdag_operator.py
[2026-09-23 12:14:48,967] {logging_mixin.py:104} INFO - [2026-09-23 12:14:48,967] {dag.py:1824} INFO - Sync 3 DAGs
[2026-09-23 12:14:48,995] {logging_mixin.py:104} INFO - [2026-09-23 12:14:48,994] {dag.py:2280} INFO - Setting next_dagrun for example_subdag_operator to 2026-09-21 00:00:00+00:00
[2026-09-23 12:14:48,996] {logging_mixin.py:104} INFO - [2026-09-23 12:14:48,996] {dag.py:2280} INFO - Setting next_dagrun for example_subdag_operator.section-1 to None
[2026-09-23 12:14:48,997] {logging_mixin.py:104} INFO - [2026-09-23 12:14:48,997] {dag.py:2280} INFO - Setting next_dagrun for example_subdag_operator.section-2 to None
[2026-09-23 12:14:49,014] {logging_mixin.py:104} INFO - [2026-09-23 12:14:49,014] {dag.py:1824} INFO - Sync 2 DAGs
[2026-09-23 12:14:49,028] {logging_mixin.py:104} INFO - [2026-09-23 12:14:49,028] {dag.py:2280} INFO - Setting next_dagrun for example_subdag_operator.section-1 to None
[2026-09-23 12:14:49,028] {logging_mixin.py:104} INFO - [2026-09-23 12:14:49,028] {dag.py:2280} INFO - Setting next_dagrun for example_subdag_operator.section-2 to None
[2026-09-23 12:14:49,040] {scheduler_job.py:190} INFO - Processing /home/airflow/.local/lib/python3.6/site-packages/airflow/example_dags/example_subdag_operator.py took 0.148 seconds
[2026-09-23 12:15:19,582] {scheduler_job.py:182} INFO - Started process (PID=2751) to work on /home/airflow/.local/lib/python3.6/site-packages/airflow/example_dags/example_subdag_operator.py
[2026-09-23 12:15:19,584] {scheduler_job.py:629} INFO - Processing file /home/airflow/.local/lib/python3.6/site-packages/airflow/example_dags/example_subdag_operator.py for tasks to queue
[2026-09-23 12:15:19,585] {logging_mixin.py:104} INFO - [2026-09-23 12:15:19,585] {dagbag.py:451} INFO - Filling up the DagBag from /home/airflow/.local/lib/python3.6/site-packages/airflow/example_dags/example_subdag_operator.py
[2026-09-23 12:15:19,634] {scheduler_job.py:639} INFO - DAG(s) dict_keys(['example_subdag_operator.section-1', 'example_subdag_operator.section-2', 'example_subdag_operator']) retrieved from /home/airflow/.local/lib/python3.6/site-packages/airflow/example_dags/example_subdag_operator.py
[2026-09-23 12:15:19,657] {logging_mixin.py:104} INFO - [2026-09-23 12:15:19,656] {dag.py:1824} INFO - Sync 3 DAGs
[2026-09-23 12:15:19,682] {logging_mixin.py:104} INFO - [2026-09-23 12:15:19,681] {dag.py:2280} INFO - Setting next_dagrun for example_subdag_operator to 2026-09-21 00:00:00+00:00
[2026-09-23 12:15:19,683] {logging_mixin.py:104} INFO - [2026-09-23 12:15:19,683] {dag.py:2280} INFO - Setting next_dagrun for example_subdag_operator.section-1 to None
[2026-09-23 12:15:19,683] {logging_mixin.py:104} INFO - [2026-09-23 12:15:19,683] {dag.py:2280} INFO - Setting next_dagrun for example_subdag_operator.section-2 to None
[2026-09-23 12:15:19,695] {logging_mixin.py:104} INFO - [2026-09-23 12:15:19,695] {dag.py:1824} INFO - Sync 2 DAGs
[2026-09-23 12:15:19,706] {logging_mixin.py:104} INFO - [2026-09-23 12:15:19,705] {dag.py:2280} INFO - Setting next_dagrun for example_subdag_operator.section-1 to None
[2026-09-23 12:15:19,706] {logging_mixin.py:104} INFO - [2026-09-23 12:15:19,706] {dag.py:2280} INFO - Setting next_dagrun for example_subdag_operator.section-2 to None
[2026-09-23 12:15:19,715] {scheduler_job.py:190} INFO - Processing /home/airflow/.local/lib/python3.6/site-packages/airflow/example_dags/example_subdag_operator.py took 0.139 seconds
[2026-09-23 12:15:50,174] {scheduler_job.py:182} INFO - Started process (PID=2777) to work on /home/airflow/.local/lib/python3.6/site-packages/airflow/example_dags/example_subdag_operator.py
[2026-09-23 12:15:50,176] {scheduler_job.py:629} INFO - Processing file /home/airflow/.local/lib/python3.6/site-packages/airflow/example_dags/example_subdag_operator.py for tasks to queue
[2026-09-23 12:15:50,178] {logging_mixin.py:104} INFO - [2026-09-23 12:15:50,178] {dagbag.py:451} INFO - Filling up the DagBag from /home/airflow/.local/lib/python3.6/site-packages/airflow/example_dags/example_subdag_operator.py
[2026-09-23 12:15:50,239] {scheduler_job.py:639} INFO - DAG(s) dict_keys(['example_subdag_operator.section-1', 'example_subdag_operator.section-2', 'example_subdag_operator']) retrieved from /home/airflow/.local/lib/python3.6/site-packages/airflow/example_dags/example_subdag_operator.py
[2026-09-23 12:15:50,258] {logging_mixin.py:104} INFO - [2026-09-23 12:15:50,258] {dag.py:1824} INFO - Sync 3 DAGs
[2026-09-23 12:15:50,295] {logging_mixin.py:104} INFO - [2026-09-23 12:15:50,295] {dag.py:2280} INFO - Setting next_dagrun for example_subdag_operator to 2026-09-21 00:00:00+00:00
[2026-09-23 12:15:50,296] {logging_mixin.py:104} INFO - [2026-09-23 12:15:50,296] {dag.py:2280} INFO - Setting next_dagrun for example_subdag_operator.section-1 to None
[2026-09-23 12:15:50,297] {logging_mixin.py:104} INFO - [2026-09-23 12:15:50,297] {dag.py:2280} INFO - Setting next_dagrun for example_subdag_operator.section-2 to None
[2026-09-23 12:15:50,317] {logging_mixin.py:104} INFO - [2026-09-23 12:15:50,316] {dag.py:1824} INFO - Sync 2 DAGs
[2026-09-23 12:15:50,331] {logging_mixin.py:104} INFO - [2026-09-23 12:15:50,331] {dag.py:2280} INFO - Setting next_dagrun for example_subdag_operator.section-1 to None
[2026-09-23 12:15:50,332] {logging_mixin.py:104} INFO - [2026-09-23 12:15:50,332] {dag.py:2280} INFO - Setting next_dagrun for example_subdag_operator.section-2 to None
[2026-09-23 12:15:50,343] {scheduler_job.py:190} INFO - Processing /home/airflow/.local/lib/python3.6/site-packages/airflow/example_dags/example_subdag_operator.py took 0.176 seconds
[2026-09-23 12:16:20,822] {scheduler_job.py:182} INFO - Started process (PID=2803) to work on /home/airflow/.local/lib/python3.6/site-packages/airflow/example_dags/example_subdag_operator.py
[2026-09-23 12:16:20,824] {scheduler_job.py:629} INFO - Processing file /home/airflow/.local/lib/python3.6/site-packages/airflow/example_dags/example_subdag_operator.py for tasks to queue
[2026-09-23 12:16:20,825] {logging_mixin.py:104} INFO - [2026-09-23 12:16:20,825] {dagbag.py:451} INFO - Filling up the DagBag from /home/airflow/.local/lib/python3.6/site-packages/airflow/example_dags/example_subdag_operator.py
[2026-09-23 12:16:20,880] {scheduler_job.py:639} INFO - DAG(s) dict_keys(['example_subdag_operator.section-1', 'example_subdag_operator.section-2', 'example_subdag_operator']) retrieved from /home/airflow/.local/lib/python3.6/site-packages/airflow/example_dags/example_subdag_operator.py
[2026-09-23 12:16:20,898] {logging_mixin.py:104} INFO - [2026-09-23 12:16:20,897] {dag.py:1824} INFO - Sync 3 DAGs
[2026-09-23 12:16:20,923] {logging_mixin.py:104} INFO - [2026-09-23 12:16:20,923] {dag.py:2280} INFO - Setting next_dagrun for example_subdag_operator to 2026-09-21 00:00:00+00:00
[2026-09-23 12:16:20,925] {logging_mixin.py:104} INFO - [2026-09-23 12:16:20,925] {dag.py:2280} INFO - Setting next_dagrun for example_subdag_operator.section-1 to None
[2026-09-23 12:16:20,925] {logging_mixin.py:104} INFO - [2026-09-23 12:16:20,925] {dag.py:2280} INFO - Setting next_dagrun for example_subdag_operator.section-2 to None
[2026-09-23 12:16:20,941] {logging_mixin.py:104} INFO - [2026-09-23 12:16:20,941] {dag.py:1824} INFO - Sync 2 DAGs
[2026-09-23 12:16:20,951] {logging_mixin.py:104} INFO - [2026-09-23 12:16:20,951] {dag.py:2280} INFO - Setting next_dagrun for example_subdag_operator.section-1 to None
[2026-09-23 12:16:20,952] {logging_mixin.py:104} INFO - [2026-09-23 12:16:20,952] {dag.py:2280} INFO - Setting next_dagrun for example_subdag_operator.section-2 to None
[2026-09-23 12:16:20,961] {scheduler_job.py:190} INFO - Processing /home/airflow/.local/lib/python3.6/site-packages/airflow/example_dags/example_subdag_operator.py took 0.145 seconds
[2026-09-23 12:16:51,497] {scheduler_job.py:182} INFO - Started process (PID=2829) to work on /home/airflow/.local/lib/python3.6/site-packages/airflow/example_dags/example_subdag_operator.py
[2026-09-23 12:16:51,502] {scheduler_job.py:629} INFO - Processing file /home/airflow/.local/lib/python3.6/site-packages/airflow/example_dags/example_subdag_operator.py for tasks to queue
[2026-09-23 12:16:51,503] {logging_mixin.py:104} INFO - [2026-09-23 12:16:51,503] {dagbag.py:451} INFO - Filling up the DagBag from /home/airflow/.local/lib/python3.6/site-packages/airflow/example_dags/example_subdag_operator.py
[2026-09-23 12:16:51,554] {scheduler_job.py:639} INFO - DAG(s) dict_keys(['example_subdag_operator.section-1', 'example_subdag_operator.section-2', 'example_subdag_operator']) retrieved from /home/airflow/.local/lib/python3.6/site-packages/airflow/example_dags/example_subdag_operator.py
[2026-09-23 12:16:51,582] {logging_mixin.py:104} INFO - [2026-09-23 12:16:51,582] {dag.py:1824} INFO - Sync 3 DAGs
[2026-09-23 12:16:51,617] {logging_mixin.py:104} INFO - [2026-09-23 12:16:51,617] {dag.py:2280} INFO - Setting next_dagrun for example_subdag_operator to 2026-09-21 00:00:00+00:00
[2026-09-23 12:16:51,619] {logging_mixin.py:104} INFO - [2026-09-23 12:16:51,618] {dag.py:2280} INFO - Setting next_dagrun for example_subdag_operator.section-1 to None
[2026-09-23 12:16:51,619] {logging_mixin.py:104} INFO - [2026-09-23 12:16:51,619] {dag.py:2280} INFO - Setting next_dagrun for example_subdag_operator.section-2 to None
[2026-09-23 12:16:51,635] {logging_mixin.py:104} INFO - [2026-09-23 12:16:51,635] {dag.py:1824} INFO - Sync 2 DAGs
[2026-09-23 12:16:51,651] {logging_mixin.py:104} INFO - [2026-09-23 12:16:51,650] {dag.py:2280} INFO - Setting next_dagrun for example_subdag_operator.section-1 to None
[2026-09-23 12:16:51,651] {logging_mixin.py:104} INFO - [2026-09-23 12:16:51,651] {dag.py:2280} INFO - Setting next_dagrun for example_subdag_operator.section-2 to None
[2026-09-23 12:16:51,668] {scheduler_job.py:190} INFO - Processing /home/airflow/.local/lib/python3.6/site-packages/airflow/example_dags/example_subdag_operator.py took 0.178 seconds
[2026-09-23 12:17:22,161] {scheduler_job.py:182} INFO - Started process (PID=2855) to work on /home/airflow/.local/lib/python3.6/site-packages/airflow/example_dags/example_subdag_operator.py
[2026-09-23 12:17:22,162] {scheduler_job.py:629} INFO - Processing file /home/airflow/.local/lib/python3.6/site-packages/airflow/example_dags/example_subdag_operator.py for tasks to queue
[2026-09-23 12:17:22,163] {logging_mixin.py:104} INFO - [2026-09-23 12:17:22,163] {dagbag.py:451} INFO - Filling up the DagBag from /home/airflow/.local/lib/python3.6/site-packages/airflow/example_dags/example_subdag_operator.py
[2026-09-23 12:17:22,201] {scheduler_job.py:639} INFO - DAG(s) dict_keys(['example_subdag_operator.section-1', 'example_subdag_operator.section-2', 'example_subdag_operator']) retrieved from /home/airflow/.local/lib/python3.6/site-packages/airflow/example_dags/example_subdag_operator.py
[2026-09-23 12:17:22,218] {logging_mixin.py:104} INFO - [2026-09-23 12:17:22,217] {dag.py:1824} INFO - Sync 3 DAGs
[2026-09-23 12:17:22,240] {logging_mixin.py:104} INFO - [2026-09-23 12:17:22,240] {dag.py:2280} INFO - Setting next_dagrun for example_subdag_operator to 2026-09-21 00:00:00+00:00
[2026-09-23 12:17:22,242] {logging_mixin.py:104} INFO - [2026-09-23 12:17:22,242] {dag.py:2280} INFO - Setting next_dagrun for example_subdag_operator.section-1 to None
[2026-09-23 12:17:22,242] {logging_mixin.py:104} INFO - [2026-09-23 12:17:22,242] {dag.py:2280} INFO - Setting next_dagrun for example_subdag_operator.section-2 to None
[2026-09-23 12:17:22,254] {logging_mixin.py:104} INFO - [2026-09-23 12:17:22,254] {dag.py:1824} INFO - Sync 2 DAGs
[2026-09-23 12:17:22,264] {logging_mixin.py:104} INFO - [2026-09-23 12:17:22,264] {dag.py:2280} INFO - Setting next_dagrun for example_subdag_operator.section-1 to None
[2026-09-23 12:17:22,265] {logging_mixin.py:104} INFO - [2026-09-23 12:17:22,265] {dag.py:2280} INFO - Setting next_dagrun for example_subdag_operator.section-2 to None
[2026-09-23 12:17:22,276] {scheduler_job.py:190} INFO - Processing /home/airflow/.local/lib/python3.6/site-packages/airflow/example_dags/example_subdag_operator.py took 0.119 seconds
[2026-09-23 12:17:52,742] {scheduler_job.py:182} INFO - Started process (PID=2881) to work on /home/airflow/.local/lib/python3.6/site-packages/airflow/example_dags/example_subdag_operator.py
[2026-09-23 12:17:52,743] {scheduler_job.py:629} INFO - Processing file /home/airflow/.local/lib/python3.6/site-packages/airflow/example_dags/example_subdag_operator.py for tasks to queue
[2026-09-23 12:17:52,744] {logging_mixin.py:104} INFO - [2026-09-23 12:17:52,744] {dagbag.py:451} INFO - Filling up the DagBag from /home/airflow/.local/lib/python3.6/site-packages/airflow/example_dags/example_subdag_operator.py
[2026-09-23 12:17:52,787] {scheduler_job.py:639} INFO - DAG(s) dict_keys(['example_subdag_operator.section-1', 'example_subdag_operator.section-2', 'example_subdag_operator']) retrieved from /home/airflow/.local/lib/python3.6/site-packages/airflow/example_dags/example_subdag_operator.py
[2026-09-23 12:17:52,811] {logging_mixin.py:104} INFO - [2026-09-23 12:17:52,811] {dag.py:1824} INFO - Sync 3 DAGs
[2026-09-23 12:17:52,841] {logging_mixin.py:104} INFO - [2026-09-23 12:17:52,841] {dag.py:2280} INFO - Setting next_dagrun for example_subdag_operator to 2026-09-21 00:00:00+00:00
[2026-09-23 12:17:52,843] {logging_mixin.py:104} INFO - [2026-09-23 12:17:52,843] {dag.py:2280} INFO - Setting next_dagrun for example_subdag_operator.section-1 to None
[2026-09-23 12:17:52,843] {logging_mixin.py:104} INFO - [2026-09-23 12:17:52,843] {dag.py:2280} INFO - Setting next_dagrun for example_subdag_operator.section-2 to None
[2026-09-23 12:17:52,859] {logging_mixin.py:104} INFO - [2026-09-23 12:17:52,859] {dag.py:1824} INFO - Sync 2 DAGs
[2026-09-23 12:17:52,874] {logging_mixin.py:104} INFO - [2026-09-23 12:17:52,874] {dag.py:2280} INFO - Setting next_dagrun for example_subdag_operator.section-1 to None
[2026-09-23 12:17:52,875] {logging_mixin.py:104} INFO - [2026-09-23 12:17:52,875] {dag.py:2280} INFO - Setting next_dagrun for example_subdag_operator.section-2 to None
[2026-09-23 12:17:52,887] {scheduler_job.py:190} INFO - Processing /home/airflow/.local/lib/python3.6/site-packages/airflow/example_dags/example_subdag_operator.py took 0.149 seconds
[2026-09-23 12:18:23,332] {scheduler_job.py:182} INFO - Started process (PID=2907) to work on /home/airflow/.local/lib/python3.6/site-packages/airflow/example_dags/example_subdag_operator.py
[2026-09-23 12:18:23,333] {scheduler_job.py:629} INFO - Processing file /home/airflow/.local/lib/python3.6/site-packages/airflow/example_dags/example_subdag_operator.py for tasks to queue
[2026-09-23 12:18:23,334] {logging_mixin.py:104} INFO - [2026-09-23 12:18:23,334] {dagbag.py:451} INFO - Filling up the DagBag from /home/airflow/.local/lib/python3.6/site-packages/airflow/example_dags/example_subdag_operator.py
[2026-09-23 12:18:23,376] {scheduler_job.py:639} INFO - DAG(s) dict_keys(['example_subdag_operator.section-1', 'example_subdag_operator.section-2', 'example_subdag_operator']) retrieved from /home/airflow/.local/lib/python3.6/site-packages/airflow/example_dags/example_subdag_operator.py
[2026-09-23 12:18:23,393] {logging_mixin.py:104} INFO - [2026-09-23 12:18:23,393] {dag.py:1824} INFO - Sync 3 DAGs
[2026-09-23 12:18:23,414] {logging_mixin.py:104} INFO - [2026-09-23 12:18:23,414] {dag.py:2280} INFO - Setting next_dagrun for example_subdag_operator to 2026-09-21 00:00:00+00:00
[2026-09-23 12:18:23,415] {logging_mixin.py:104} INFO - [2026-09-23 12:18:23,415] {dag.py:2280} INFO - Setting next_dagrun for example_subdag_operator.section-1 to None
[2026-09-23 12:18:23,415] {logging_mixin.py:104} INFO - [2026-09-23 12:18:23,415] {dag.py:2280} INFO - Setting next_dagrun for example_subdag_operator.section-2 to None
[2026-09-23 12:18:23,430] {logging_mixin.py:104} INFO - [2026-09-23 12:18:23,430] {dag.py:1824} INFO - Sync 2 DAGs
[2026-09-23 12:18:23,440] {logging_mixin.py:104} INFO - [2026-09-23 12:18:23,440] {dag.py:2280} INFO - Setting next_dagrun for example_subdag_operator.section-1 to None
[2026-09-23 12:18:23,440] {logging_mixin.py:104} INFO - [2026-09-23 12:18:23,440] {dag.py:2280} INFO - Setting next_dagrun for example_subdag_operator.section-2 to None
[2026-09-23 12:18:23,450] {scheduler_job.py:190} INFO - Processing /home/airflow/.local/lib/python3.6/site-packages/airflow/example_dags/example_subdag_operator.py took 0.122 seconds
[2026-09-23 12:18:53,822] {scheduler_job.py:182} INFO - Started process (PID=2933) to work on /home/airflow/.local/lib/python3.6/site-packages/airflow/example_dags/example_subdag_operator.py
[2026-09-23 12:18:53,824] {scheduler_job.py:629} INFO - Processing file /home/airflow/.local/lib/python3.6/site-packages/airflow/example_dags/example_subdag_operator.py for tasks to queue
[2026-09-23 12:18:53,825] {logging_mixin.py:104} INFO - [2026-09-23 12:18:53,825] {dagbag.py:451} INFO - Filling up the DagBag from /home/airflow/.local/lib/python3.6/site-packages/airflow/example_dags/example_subdag_operator.py
[2026-09-23 12:18:53,869] {scheduler_job.py:639} INFO - DAG(s) dict_keys(['example_subdag_operator.section-1', 'example_subdag_operator.section-2', 'example_subdag_operator']) retrieved from /home/airflow/.local/lib/python3.6/site-packages/airflow/example_dags/example_subdag_operator.py
[2026-09-23 12:18:53,888] {logging_mixin.py:104} INFO - [2026-09-23 12:18:53,888] {dag.py:1824} INFO - Sync 3 DAGs
[2026-09-23 12:18:53,916] {logging_mixin.py:104} INFO - [2026-09-23 12:18:53,916] {dag.py:2280} INFO - Setting next_dagrun for example_subdag_operator to 2026-09-21 00:00:00+00:00
[2026-09-23 12:18:53,918] {logging_mixin.py:104} INFO - [2026-09-23 12:18:53,918] {dag.py:2280} INFO - Setting next_dagrun for example_subdag_operator.section-1 to None
[2026-09-23 12:18:53,918] {logging_mixin.py:104} INFO - [2026-09-23 12:18:53,918] {dag.py:2280} INFO - Setting next_dagrun for example_subdag_operator.section-2 to None
[2026-09-23 12:18:53,935] {logging_mixin.py:104} INFO - [2026-09-23 12:18:53,935] {dag.py:1824} INFO - Sync 2 DAGs
[2026-09-23 12:18:53,949] {logging_mixin.py:104} INFO - [2026-09-23 12:18:53,948] {dag.py:2280} INFO - Setting next_dagrun for example_subdag_operator.section-1 to None
[2026-09-23 12:18:53,949] {logging_mixin.py:104} INFO - [2026-09-23 12:18:53,949] {dag.py:2280} INFO - Setting next_dagrun for example_subdag_operator.section-2 to None
[2026-09-23 12:18:53,960] {scheduler_job.py:190} INFO - Processing /home/airflow/.local/lib/python3.6/site-packages/airflow/example_dags/example_subdag_operator.py took 0.144 seconds
[2026-09-23 12:19:24,779] {scheduler_job.py:182} INFO - Started process (PID=2959) to work on /home/airflow/.local/lib/python3.6/site-packages/airflow/example_dags/example_subdag_operator.py
[2026-09-23 12:19:24,781] {scheduler_job.py:629} INFO - Processing file /home/airflow/.local/lib/python3.6/site-packages/airflow/example_dags/example_subdag_operator.py for tasks to queue
[2026-09-23 12:19:24,781] {logging_mixin.py:104} INFO - [2026-09-23 12:19:24,781] {dagbag.py:451} INFO - Filling up the DagBag from /home/airflow/.local/lib/python3.6/site-packages/airflow/example_dags/example_subdag_operator.py
[2026-09-23 12:19:24,826] {scheduler_job.py:639} INFO - DAG(s) dict_keys(['example_subdag_operator.section-1', 'example_subdag_operator.section-2', 'example_subdag_operator']) retrieved from /home/airflow/.local/lib/python3.6/site-packages/airflow/example_dags/example_subdag_operator.py
[2026-09-23 12:19:24,849] {logging_mixin.py:104} INFO - [2026-09-23 12:19:24,849] {dag.py:1824} INFO - Sync 3 DAGs
[2026-09-23 12:19:24,875] {logging_mixin.py:104} INFO - [2026-09-23 12:19:24,875] {dag.py:2280} INFO - Setting next_dagrun for example_subdag_operator to 2026-09-21 00:00:00+00:00
[2026-09-23 12:19:24,877] {logging_mixin.py:104} INFO - [2026-09-23 12:19:24,877] {dag.py:2280} INFO - Setting next_dagrun for example_subdag_operator.section-1 to None
[2026-09-23 12:19:24,877] {logging_mixin.py:104} INFO - [2026-09-23 12:19:24,877] {dag.py:2280} INFO - Setting next_dagrun for example_subdag_operator.section-2 to None
[2026-09-23 12:19:24,894] {logging_mixin.py:104} INFO - [2026-09-23 12:19:24,894] {dag.py:1824} INFO - Sync 2 DAGs
[2026-09-23 12:19:24,907] {logging_mixin.py:104} INFO - [2026-09-23 12:19:24,907] {dag.py:2280} INFO - Setting next_dagrun for example_subdag_operator.section-1 to None
[2026-09-23 12:19:24,907] {logging_mixin.py:104} INFO - [2026-09-23 12:19:24,907] {dag.py:2280} INFO - Setting next_dagrun for example_subdag_operator.section-2 to None
[2026-09-23 12:19:24,918] {scheduler_job.py:190} INFO - Processing /home/airflow/.local/lib/python3.6/site-packages/airflow/example_dags/example_subdag_operator.py took 0.143 seconds
[2026-09-23 12:19:55,413] {scheduler_job.py:182} INFO - Started process (PID=2985) to work on /home/airflow/.local/lib/python3.6/site-packages/airflow/example_dags/example_subdag_operator.py
[2026-09-23 12:19:55,415] {scheduler_job.py:629} INFO - Processing file /home/airflow/.local/lib/python3.6/site-packages/airflow/example_dags/example_subdag_operator.py for tasks to queue
[2026-09-23 12:19:55,416] {logging_mixin.py:104} INFO - [2026-09-23 12:19:55,415] {dagbag.py:451} INFO - Filling up the DagBag from /home/airflow/.local/lib/python3.6/site-packages/airflow/example_dags/example_subdag_operator.py
[2026-09-23 12:19:55,465] {scheduler_job.py:639} INFO - DAG(s) dict_keys(['example_subdag_operator.section-1', 'example_subdag_operator.section-2', 'example_subdag_operator']) retrieved from /home/airflow/.local/lib/python3.6/site-packages/airflow/example_dags/example_subdag_operator.py
[2026-09-23 12:19:55,491] {logging_mixin.py:104} INFO - [2026-09-23 12:19:55,491] {dag.py:1824} INFO - Sync 3 DAGs
[2026-09-23 12:19:55,523] {logging_mixin.py:104} INFO - [2026-09-23 12:19:55,522] {dag.py:2280} INFO - Setting next_dagrun for example_subdag_operator to 2026-09-21 00:00:00+00:00
[2026-09-23 12:19:55,525] {logging_mixin.py:104} INFO - [2026-09-23 12:19:55,525] {dag.py:2280} INFO - Setting next_dagrun for example_subdag_operator.section-1 to None
[2026-09-23 12:19:55,525] {logging_mixin.py:104} INFO - [2026-09-23 12:19:55,525] {dag.py:2280} INFO - Setting next_dagrun for example_subdag_operator.section-2 to None
[2026-09-23 12:19:55,548] {logging_mixin.py:104} INFO - [2026-09-23 12:19:55,548] {dag.py:1824} INFO - Sync 2 DAGs
[2026-09-23 12:19:55,565] {logging_mixin.py:104} INFO - [2026-09-23 12:19:55,565] {dag.py:2280} INFO - Setting next_dagrun for example_subdag_operator.section-1 to None
[2026-09-23 12:19:55,566] {logging_mixin.py:104} INFO - [2026-09-23 12:19:55,566] {dag.py:2280} INFO - Setting next_dagrun for example_subdag_operator.section-2 to None
[2026-09-23 12:19:55,580] {scheduler_job.py:190} INFO - Processing /home/airflow/.local/lib/python3.6/site-packages/airflow/example_dags/example_subdag_operator.py took 0.171 seconds
[2026-09-23 12:20:26,250] {scheduler_job.py:182} INFO - Started process (PID=3011) to work on /home/airflow/.local/lib/python3.6/site-packages/airflow/example_dags/example_subdag_operator.py
[2026-09-23 12:20:26,251] {scheduler_job.py:629} INFO - Processing file /home/airflow/.local/lib/python3.6/site-packages/airflow/example_dags/example_subdag_operator.py for tasks to queue
[2026-09-23 12:20:26,252] {logging_mixin.py:104} INFO - [2026-09-23 12:20:26,252] {dagbag.py:451} INFO - Filling up the DagBag from /home/airflow/.local/lib/python3.6/site-packages/airflow/example_dags/example_subdag_operator.py
[2026-09-23 12:20:26,294] {scheduler_job.py:639} INFO - DAG(s) dict_keys(['example_subdag_operator.section-1', 'example_subdag_operator.section-2', 'example_subdag_operator']) retrieved from /home/airflow/.local/lib/python3.6/site-packages/airflow/example_dags/example_subdag_operator.py
[2026-09-23 12:20:26,312] {logging_mixin.py:104} INFO - [2026-09-23 12:20:26,312] {dag.py:1824} INFO - Sync 3 DAGs
[2026-09-23 12:20:26,338] {logging_mixin.py:104} INFO - [2026-09-23 12:20:26,337] {dag.py:2280} INFO - Setting next_dagrun for example_subdag_operator to 2026-09-21 00:00:00+00:00
[2026-09-23 12:20:26,339] {logging_mixin.py:104} INFO - [2026-09-23 12:20:26,339] {dag.py:2280} INFO - Setting next_dagrun for example_subdag_operator.section-1 to None
[2026-09-23 12:20:26,339] {logging_mixin.py:104} INFO - [2026-09-23 12:20:26,339] {dag.py:2280} INFO - Setting next_dagrun for example_subdag_operator.section-2 to None
[2026-09-23 12:20:26,356] {logging_mixin.py:104} INFO - [2026-09-23 12:20:26,356] {dag.py:1824} INFO - Sync 2 DAGs
[2026-09-23 12:20:26,371] {logging_mixin.py:104} INFO - [2026-09-23 12:20:26,371] {dag.py:2280} INFO - Setting next_dagrun for example_subdag_operator.section-1 to None
[2026-09-23 12:20:26,371] {logging_mixin.py:104} INFO - [2026-09-23 12:20:26,371] {dag.py:2280} INFO - Setting next_dagrun for example_subdag_operator.section-2 to None
[2026-09-23 12:20:26,382] {scheduler_job.py:190} INFO - Processing /home/airflow/.local/lib/python3.6/site-packages/airflow/example_dags/example_subdag_operator.py took 0.137 seconds
[2026-09-23 12:20:56,974] {scheduler_job.py:182} INFO - Started process (PID=3037) to work on /home/airflow/.local/lib/python3.6/site-packages/airflow/example_dags/example_subdag_operator.py
[2026-09-23 12:20:56,975] {scheduler_job.py:629} INFO - Processing file /home/airflow/.local/lib/python3.6/site-packages/airflow/example_dags/example_subdag_operator.py for tasks to queue
[2026-09-23 12:20:56,976] {logging_mixin.py:104} INFO - [2026-09-23 12:20:56,976] {dagbag.py:451} INFO - Filling up the DagBag from /home/airflow/.local/lib/python3.6/site-packages/airflow/example_dags/example_subdag_operator.py
[2026-09-23 12:20:57,021] {scheduler_job.py:639} INFO - DAG(s) dict_keys(['example_subdag_operator.section-1', 'example_subdag_operator.section-2', 'example_subdag_operator']) retrieved from /home/airflow/.local/lib/python3.6/site-packages/airflow/example_dags/example_subdag_operator.py
[2026-09-23 12:20:57,039] {logging_mixin.py:104} INFO - [2026-09-23 12:20:57,039] {dag.py:1824} INFO - Sync 3 DAGs
[2026-09-23 12:20:57,066] {logging_mixin.py:104} INFO - [2026-09-23 12:20:57,066] {dag.py:2280} INFO - Setting next_dagrun for example_subdag_operator to 2026-09-21 00:00:00+00:00
[2026-09-23 12:20:57,067] {logging_mixin.py:104} INFO - [2026-09-23 12:20:57,067] {dag.py:2280} INFO - Setting next_dagrun for example_subdag_operator.section-1 to None
[2026-09-23 12:20:57,068] {logging_mixin.py:104} INFO - [2026-09-23 12:20:57,068] {dag.py:2280} INFO - Setting next_dagrun for example_subdag_operator.section-2 to None
[2026-09-23 12:20:57,083] {logging_mixin.py:104} INFO - [2026-09-23 12:20:57,083] {dag.py:1824} INFO - Sync 2 DAGs
[2026-09-23 12:20:57,095] {logging_mixin.py:104} INFO - [2026-09-23 12:20:57,095] {dag.py:2280} INFO - Setting next_dagrun for example_subdag_operator.section-1 to None
[2026-09-23 12:20:57,096] {logging_mixin.py:104} INFO - [2026-09-23 12:20:57,096] {dag.py:2280} INFO - Setting next_dagrun for example_subdag_operator.section-2 to None
[2026-09-23 12:20:57,106] {scheduler_job.py:190} INFO - Processing /home/airflow/.local/lib/python3.6/site-packages/airflow/example_dags/example_subdag_operator.py took 0.137 seconds
[2026-09-23 12:21:27,577] {scheduler_job.py:182} INFO - Started process (PID=3063) to work on /home/airflow/.local/lib/python3.6/site-packages/airflow/example_dags/example_subdag_operator.py
[2026-09-23 12:21:27,578] {scheduler_job.py:629} INFO - Processing file /home/airflow/.local/lib/python3.6/site-packages/airflow/example_dags/example_subdag_operator.py for tasks to queue
[2026-09-23 12:21:27,579] {logging_mixin.py:104} INFO - [2026-09-23 12:21:27,579] {dagbag.py:451} INFO - Filling up the DagBag from /home/airflow/.local/lib/python3.6/site-packages/airflow/example_dags/example_subdag_operator.py
[2026-09-23 12:21:27,620] {scheduler_job.py:639} INFO - DAG(s) dict_keys(['example_subdag_operator.section-1', 'example_subdag_operator.section-2', 'example_subdag_operator']) retrieved from /home/airflow/.local/lib/python3.6/site-packages/airflow/example_dags/example_subdag_operator.py
[2026-09-23 12:21:27,636] {logging_mixin.py:104} INFO - [2026-09-23 12:21:27,635] {dag.py:1824} INFO - Sync 3 DAGs
[2026-09-23 12:21:27,658] {logging_mixin.py:104} INFO - [2026-09-23 12:21:27,658] {dag.py:2280} INFO - Setting next_dagrun for example_subdag_operator to 2026-09-21 00:00:00+00:00
[2026-09-23 12:21:27,659] {logging_mixin.py:104} INFO - [2026-09-23 12:21:27,659] {dag.py:2280} INFO - Setting next_dagrun for example_subdag_operator.section-1 to None
[2026-09-23 12:21:27,659] {logging_mixin.py:104} INFO - [2026-09-23 12:21:27,659] {dag.py:2280} INFO - Setting next_dagrun for example_subdag_operator.section-2 to None
[2026-09-23 12:21:27,673] {logging_mixin.py:104} INFO - [2026-09-23 12:21:27,673] {dag.py:1824} INFO - Sync 2 DAGs
[2026-09-23 12:21:27,683] {logging_mixin.py:104} INFO - [2026-09-23 12:21:27,682] {dag.py:2280} INFO - Setting next_dagrun for example_subdag_operator.section-1 to None
[2026-09-23 12:21:27,683] {logging_mixin.py:104} INFO - [2026-09-23 12:21:27,683] {dag.py:2280} INFO - Setting next_dagrun for example_subdag_operator.section-2 to None
[2026-09-23 12:21:27,691] {scheduler_job.py:190} INFO - Processing /home/airflow/.local/lib/python3.6/site-packages/airflow/example_dags/example_subdag_operator.py took 0.119 seconds
[2026-09-23 12:21:58,027] {scheduler_job.py:182} INFO - Started process (PID=3089) to work on /home/airflow/.local/lib/python3.6/site-packages/airflow/example_dags/example_subdag_operator.py
[2026-09-23 12:21:58,029] {scheduler_job.py:629} INFO - Processing file /home/airflow/.local/lib/python3.6/site-packages/airflow/example_dags/example_subdag_operator.py for tasks to queue
[2026-09-23 12:21:58,030] {logging_mixin.py:104} INFO - [2026-09-23 12:21:58,030] {dagbag.py:451} INFO - Filling up the DagBag from /home/airflow/.local/lib/python3.6/site-packages/airflow/example_dags/example_subdag_operator.py
[2026-09-23 12:21:58,076] {scheduler_job.py:639} INFO - DAG(s) dict_keys(['example_subdag_operator.section-1', 'example_subdag_operator.section-2', 'example_subdag_operator']) retrieved from /home/airflow/.local/lib/python3.6/site-packages/airflow/example_dags/example_subdag_operator.py
[2026-09-23 12:21:58,093] {logging_mixin.py:104} INFO - [2026-09-23 12:21:58,092] {dag.py:1824} INFO - Sync 3 DAGs
[2026-09-23 12:21:58,114] {logging_mixin.py:104} INFO - [2026-09-23 12:21:58,114] {dag.py:2280} INFO - Setting next_dagrun for example_subdag_operator to 2026-09-21 00:00:00+00:00
[2026-09-23 12:21:58,116] {logging_mixin.py:104} INFO - [2026-09-23 12:21:58,116] {dag.py:2280} INFO - Setting next_dagrun for example_subdag_operator.section-1 to None
[2026-09-23 12:21:58,116] {logging_mixin.py:104} INFO - [2026-09-23 12:21:58,116] {dag.py:2280} INFO - Setting next_dagrun for example_subdag_operator.section-2 to None
[2026-09-23 12:21:58,128] {logging_mixin.py:104} INFO - [2026-09-23 12:21:58,128] {dag.py:1824} INFO - Sync 2 DAGs
[2026-09-23 12:21:58,137] {logging_mixin.py:104} INFO - [2026-09-23 12:21:58,137] {dag.py:2280} INFO - Setting next_dagrun for example_subdag_operator.section-1 to None
[2026-09-23 12:21:58,138] {logging_mixin.py:104} INFO - [2026-09-23 12:21:58,137] {dag.py:2280} INFO - Setting next_dagrun for example_subdag_operator.section-2 to None
[2026-09-23 12:21:58,148] {scheduler_job.py:190} INFO - Processing /home/airflow/.local/lib/python3.6/site-packages/airflow/example_dags/example_subdag_operator.py took 0.125 seconds
[2026-09-23 12:22:28,512] {scheduler_job.py:182} INFO - Started process (PID=3115) to work on /home/airflow/.local/lib/python3.6/site-packages/airflow/example_dags/example_subdag_operator.py
[2026-09-23 12:22:28,513] {scheduler_job.py:629} INFO - Processing file /home/airflow/.local/lib/python3.6/site-packages/airflow/example_dags/example_subdag_operator.py for tasks to queue
[2026-09-23 12:22:28,514] {logging_mixin.py:104} INFO - [2026-09-23 12:22:28,514] {dagbag.py:451} INFO - Filling up the DagBag from /home/airflow/.local/lib/python3.6/site-packages/airflow/example_dags/example_subdag_operator.py
[2026-09-23 12:22:28,551] {scheduler_job.py:639} INFO - DAG(s) dict_keys(['example_subdag_operator.section-1', 'example_subdag_operator.section-2', 'example_subdag_operator']) retrieved from /home/airflow/.local/lib/python3.6/site-packages/airflow/example_dags/example_subdag_operator.py
[2026-09-23 12:22:28,567] {logging_mixin.py:104} INFO - [2026-09-23 12:22:28,567] {dag.py:1824} INFO - Sync 3 DAGs
[2026-09-23 12:22:28,587] {logging_mixin.py:104} INFO - [2026-09-23 12:22:28,587] {dag.py:2280} INFO - Setting next_dagrun for example_subdag_operator to 2026-09-21 00:00:00+00:00
[2026-09-23 12:22:28,589] {logging_mixin.py:104} INFO - [2026-09-23 12:22:28,589] {dag.py:2280} INFO - Setting next_dagrun for example_subdag_operator.section-1 to None
[2026-09-23 12:22:28,589] {logging_mixin.py:104} INFO - [2026-09-23 12:22:28,589] {dag.py:2280} INFO - Setting next_dagrun for example_subdag_operator.section-2 to None
[2026-09-23 12:22:28,602] {logging_mixin.py:104} INFO - [2026-09-23 12:22:28,602] {dag.py:1824} INFO - Sync 2 DAGs
[2026-09-23 12:22:28,611] {logging_mixin.py:104} INFO - [2026-09-23 12:22:28,611] {dag.py:2280} INFO - Setting next_dagrun for example_subdag_operator.section-1 to None
[2026-09-23 12:22:28,611] {logging_mixin.py:104} INFO - [2026-09-23 12:22:28,611] {dag.py:2280} INFO - Setting next_dagrun for example_subdag_operator.section-2 to None
[2026-09-23 12:22:28,619] {scheduler_job.py:190} INFO - Processing /home/airflow/.local/lib/python3.6/site-packages/airflow/example_dags/example_subdag_operator.py took 0.112 seconds
[2026-09-23 12:22:59,084] {scheduler_job.py:182} INFO - Started process (PID=3141) to work on /home/airflow/.local/lib/python3.6/site-packages/airflow/example_dags/example_subdag_operator.py
[2026-09-23 12:22:59,086] {scheduler_job.py:629} INFO - Processing file /home/airflow/.local/lib/python3.6/site-packages/airflow/example_dags/example_subdag_operator.py for tasks to queue
[2026-09-23 12:22:59,086] {logging_mixin.py:104} INFO - [2026-09-23 12:22:59,086] {dagbag.py:451} INFO - Filling up the DagBag from /home/airflow/.local/lib/python3.6/site-packages/airflow/example_dags/example_subdag_operator.py
[2026-09-23 12:22:59,129] {scheduler_job.py:639} INFO - DAG(s) dict_keys(['example_subdag_operator.section-1', 'example_subdag_operator.section-2', 'example_subdag_operator']) retrieved from /home/airflow/.local/lib/python3.6/site-packages/airflow/example_dags/example_subdag_operator.py
[2026-09-23 12:22:59,146] {logging_mixin.py:104} INFO - [2026-09-23 12:22:59,146] {dag.py:1824} INFO - Sync 3 DAGs
[2026-09-23 12:22:59,177] {logging_mixin.py:104} INFO - [2026-09-23 12:22:59,177] {dag.py:2280} INFO - Setting next_dagrun for example_subdag_operator to 2026-09-21 00:00:00+00:00
[2026-09-23 12:22:59,178] {logging_mixin.py:104} INFO - [2026-09-23 12:22:59,178] {dag.py:2280} INFO - Setting next_dagrun for example_subdag_operator.section-1 to None
[2026-09-23 12:22:59,179] {logging_mixin.py:104} INFO - [2026-09-23 12:22:59,179] {dag.py:2280} INFO - Setting next_dagrun for example_subdag_operator.section-2 to None
[2026-09-23 12:22:59,190] {logging_mixin.py:104} INFO - [2026-09-23 12:22:59,190] {dag.py:1824} INFO - Sync 2 DAGs
[2026-09-23 12:22:59,202] {logging_mixin.py:104} INFO - [2026-09-23 12:22:59,201] {dag.py:2280} INFO - Setting next_dagrun for example_subdag_operator.section-1 to None
[2026-09-23 12:22:59,202] {logging_mixin.py:104} INFO - [2026-09-23 12:22:59,202] {dag.py:2280} INFO - Setting next_dagrun for example_subdag_operator.section-2 to None
[2026-09-23 12:22:59,212] {scheduler_job.py:190} INFO - Processing /home/airflow/.local/lib/python3.6/site-packages/airflow/example_dags/example_subdag_operator.py took 0.132 seconds
[2026-09-23 12:23:29,636] {scheduler_job.py:182} INFO - Started process (PID=3167) to work on /home/airflow/.local/lib/python3.6/site-packages/airflow/example_dags/example_subdag_operator.py
[2026-09-23 12:23:29,638] {scheduler_job.py:629} INFO - Processing file /home/airflow/.local/lib/python3.6/site-packages/airflow/example_dags/example_subdag_operator.py for tasks to queue
[2026-09-23 12:23:29,639] {logging_mixin.py:104} INFO - [2026-09-23 12:23:29,638] {dagbag.py:451} INFO - Filling up the DagBag from /home/airflow/.local/lib/python3.6/site-packages/airflow/example_dags/example_subdag_operator.py
[2026-09-23 12:23:29,677] {scheduler_job.py:639} INFO - DAG(s) dict_keys(['example_subdag_operator.section-1', 'example_subdag_operator.section-2', 'example_subdag_operator']) retrieved from /home/airflow/.local/lib/python3.6/site-packages/airflow/example_dags/example_subdag_operator.py
[2026-09-23 12:23:29,693] {logging_mixin.py:104} INFO - [2026-09-23 12:23:29,693] {dag.py:1824} INFO - Sync 3 DAGs
[2026-09-23 12:23:29,722] {logging_mixin.py:104} INFO - [2026-09-23 12:23:29,722] {dag.py:2280} INFO - Setting next_dagrun for example_subdag_operator to 2026-09-21 00:00:00+00:00
[2026-09-23 12:23:29,723] {logging_mixin.py:104} INFO - [2026-09-23 12:23:29,723] {dag.py:2280} INFO - Setting next_dagrun for example_subdag_operator.section-1 to None
[2026-09-23 12:23:29,723] {logging_mixin.py:104} INFO - [2026-09-23 12:23:29,723] {dag.py:2280} INFO - Setting next_dagrun for example_subdag_operator.section-2 to None
[2026-09-23 12:23:29,738] {logging_mixin.py:104} INFO - [2026-09-23 12:23:29,737] {dag.py:1824} INFO - Sync 2 DAGs
[2026-09-23 12:23:29,747] {logging_mixin.py:104} INFO - [2026-09-23 12:23:29,747] {dag.py:2280} INFO - Setting next_dagrun for example_subdag_operator.section-1 to None
[2026-09-23 12:23:29,748] {logging_mixin.py:104} INFO - [2026-09-23 12:23:29,748] {dag.py:2280} INFO - Setting next_dagrun for example_subdag_operator.section-2 to None
[2026-09-23 12:23:29,756] {scheduler_job.py:190} INFO - Processing /home/airflow/.local/lib/python3.6/site-packages/airflow/example_dags/example_subdag_operator.py took 0.125 seconds
[2026-09-23 12:24:00,161] {scheduler_job.py:182} INFO - Started process (PID=3193) to work on /home/airflow/.local/lib/python3.6/site-packages/airflow/example_dags/example_subdag_operator.py
[2026-09-23 12:24:00,163] {scheduler_job.py:629} INFO - Processing file /home/airflow/.local/lib/python3.6/site-packages/airflow/example_dags/example_subdag_operator.py for tasks to queue
[2026-09-23 12:24:00,164] {logging_mixin.py:104} INFO - [2026-09-23 12:24:00,164] {dagbag.py:451} INFO - Filling up the DagBag from /home/airflow/.local/lib/python3.6/site-packages/airflow/example_dags/example_subdag_operator.py
[2026-09-23 12:24:00,223] {scheduler_job.py:639} INFO - DAG(s) dict_keys(['example_subdag_operator.section-1', 'example_subdag_operator.section-2', 'example_subdag_operator']) retrieved from /home/airflow/.local/lib/python3.6/site-packages/airflow/example_dags/example_subdag_operator.py
[2026-09-23 12:24:00,244] {logging_mixin.py:104} INFO - [2026-09-23 12:24:00,244] {dag.py:1824} INFO - Sync 3 DAGs
[2026-09-23 12:24:00,279] {logging_mixin.py:104} INFO - [2026-09-23 12:24:00,279] {dag.py:2280} INFO - Setting next_dagrun for example_subdag_operator to 2026-09-21 00:00:00+00:00
[2026-09-23 12:24:00,281] {logging_mixin.py:104} INFO - [2026-09-23 12:24:00,281] {dag.py:2280} INFO - Setting next_dagrun for example_subdag_operator.section-1 to None
[2026-09-23 12:24:00,281] {logging_mixin.py:104} INFO - [2026-09-23 12:24:00,281] {dag.py:2280} INFO - Setting next_dagrun for example_subdag_operator.section-2 to None
[2026-09-23 12:24:00,301] {logging_mixin.py:104} INFO - [2026-09-23 12:24:00,301] {dag.py:1824} INFO - Sync 2 DAGs
[2026-09-23 12:24:00,321] {logging_mixin.py:104} INFO - [2026-09-23 12:24:00,320] {dag.py:2280} INFO - Setting next_dagrun for example_subdag_operator.section-1 to None
[2026-09-23 12:24:00,322] {logging_mixin.py:104} INFO - [2026-09-23 12:24:00,321] {dag.py:2280} INFO - Setting next_dagrun for example_subdag_operator.section-2 to None
[2026-09-23 12:24:00,337] {scheduler_job.py:190} INFO - Processing /home/airflow/.local/lib/python3.6/site-packages/airflow/example_dags/example_subdag_operator.py took 0.182 seconds
[2026-09-23 12:24:30,439] {scheduler_job.py:182} INFO - Started process (PID=3219) to work on /home/airflow/.local/lib/python3.6/site-packages/airflow/example_dags/example_subdag_operator.py
[2026-09-23 12:24:30,441] {scheduler_job.py:629} INFO - Processing file /home/airflow/.local/lib/python3.6/site-packages/airflow/example_dags/example_subdag_operator.py for tasks to queue
[2026-09-23 12:24:30,442] {logging_mixin.py:104} INFO - [2026-09-23 12:24:30,442] {dagbag.py:451} INFO - Filling up the DagBag from /home/airflow/.local/lib/python3.6/site-packages/airflow/example_dags/example_subdag_operator.py
[2026-09-23 12:24:30,486] {scheduler_job.py:639} INFO - DAG(s) dict_keys(['example_subdag_operator.section-1', 'example_subdag_operator.section-2', 'example_subdag_operator']) retrieved from /home/airflow/.local/lib/python3.6/site-packages/airflow/example_dags/example_subdag_operator.py
[2026-09-23 12:24:30,505] {logging_mixin.py:104} INFO - [2026-09-23 12:24:30,505] {dag.py:1824} INFO - Sync 3 DAGs
[2026-09-23 12:24:30,528] {logging_mixin.py:104} INFO - [2026-09-23 12:24:30,528] {dag.py:2280} INFO - Setting next_dagrun for example_subdag_operator to 2026-09-21 00:00:00+00:00
[2026-09-23 12:24:30,529] {logging_mixin.py:104} INFO - [2026-09-23 12:24:30,529] {dag.py:2280} INFO - Setting next_dagrun for example_subdag_operator.section-1 to None
[2026-09-23 12:24:30,529] {logging_mixin.py:104} INFO - [2026-09-23 12:24:30,529] {dag.py:2280} INFO - Setting next_dagrun for example_subdag_operator.section-2 to None
[2026-09-23 12:24:30,546] {logging_mixin.py:104} INFO - [2026-09-23 12:24:30,546] {dag.py:1824} INFO - Sync 2 DAGs
[2026-09-23 12:24:30,560] {logging_mixin.py:104} INFO - [2026-09-23 12:24:30,560] {dag.py:2280} INFO - Setting next_dagrun for example_subdag_operator.section-1 to None
[2026-09-23 12:24:30,561] {logging_mixin.py:104} INFO - [2026-09-23 12:24:30,561] {dag.py:2280} INFO - Setting next_dagrun for example_subdag_operator.section-2 to None
[2026-09-23 12:24:30,574] {scheduler_job.py:190} INFO - Processing /home/airflow/.local/lib/python3.6/site-packages/airflow/example_dags/example_subdag_operator.py took 0.140 seconds
[2026-09-23 12:25:00,965] {scheduler_job.py:182} INFO - Started process (PID=3245) to work on /home/airflow/.local/lib/python3.6/site-packages/airflow/example_dags/example_subdag_operator.py
[2026-09-23 12:25:00,966] {scheduler_job.py:629} INFO - Processing file /home/airflow/.local/lib/python3.6/site-packages/airflow/example_dags/example_subdag_operator.py for tasks to queue
[2026-09-23 12:25:00,967] {logging_mixin.py:104} INFO - [2026-09-23 12:25:00,966] {dagbag.py:451} INFO - Filling up the DagBag from /home/airflow/.local/lib/python3.6/site-packages/airflow/example_dags/example_subdag_operator.py
[2026-09-23 12:25:01,013] {scheduler_job.py:639} INFO - DAG(s) dict_keys(['example_subdag_operator.section-1', 'example_subdag_operator.section-2', 'example_subdag_operator']) retrieved from /home/airflow/.local/lib/python3.6/site-packages/airflow/example_dags/example_subdag_operator.py
[2026-09-23 12:25:01,040] {logging_mixin.py:104} INFO - [2026-09-23 12:25:01,040] {dag.py:1824} INFO - Sync 3 DAGs
[2026-09-23 12:25:01,071] {logging_mixin.py:104} INFO - [2026-09-23 12:25:01,071] {dag.py:2280} INFO - Setting next_dagrun for example_subdag_operator to 2026-09-21 00:00:00+00:00
[2026-09-23 12:25:01,072] {logging_mixin.py:104} INFO - [2026-09-23 12:25:01,072] {dag.py:2280} INFO - Setting next_dagrun for example_subdag_operator.section-1 to None
[2026-09-23 12:25:01,072] {logging_mixin.py:104} INFO - [2026-09-23 12:25:01,072] {dag.py:2280} INFO - Setting next_dagrun for example_subdag_operator.section-2 to None
[2026-09-23 12:25:01,082] {logging_mixin.py:104} INFO - [2026-09-23 12:25:01,082] {dag.py:1824} INFO - Sync 2 DAGs
[2026-09-23 12:25:01,091] {logging_mixin.py:104} INFO - [2026-09-23 12:25:01,091] {dag.py:2280} INFO - Setting next_dagrun for example_subdag_operator.section-1 to None
[2026-09-23 12:25:01,092] {logging_mixin.py:104} INFO - [2026-09-23 12:25:01,092] {dag.py:2280} INFO - Setting next_dagrun for example_subdag_operator.section-2 to None
[2026-09-23 12:25:01,103] {scheduler_job.py:190} INFO - Processing /home/airflow/.local/lib/python3.6/site-packages/airflow/example_dags/example_subdag_operator.py took 0.142 seconds
[2026-09-23 12:47:01,679] {scheduler_job.py:182} INFO - Started process (PID=3275) to work on /home/airflow/.local/lib/python3.6/site-packages/airflow/example_dags/example_subdag_operator.py
[2026-09-23 12:47:01,688] {scheduler_job.py:629} INFO - Processing file /home/airflow/.local/lib/python3.6/site-packages/airflow/example_dags/example_subdag_operator.py for tasks to queue
[2026-09-23 12:47:01,698] {logging_mixin.py:104} INFO - [2026-09-23 12:47:01,697] {dagbag.py:451} INFO - Filling up the DagBag from /home/airflow/.local/lib/python3.6/site-packages/airflow/example_dags/example_subdag_operator.py
[2026-09-23 12:47:01,881] {scheduler_job.py:639} INFO - DAG(s) dict_keys(['example_subdag_operator.section-1', 'example_subdag_operator.section-2', 'example_subdag_operator']) retrieved from /home/airflow/.local/lib/python3.6/site-packages/airflow/example_dags/example_subdag_operator.py
[2026-09-23 12:47:01,935] {logging_mixin.py:104} INFO - [2026-09-23 12:47:01,935] {dag.py:1824} INFO - Sync 3 DAGs
[2026-09-23 12:47:02,018] {logging_mixin.py:104} INFO - [2026-09-23 12:47:02,018] {dag.py:2280} INFO - Setting next_dagrun for example_subdag_operator to 2026-09-21 00:00:00+00:00
[2026-09-23 12:47:02,028] {logging_mixin.py:104} INFO - [2026-09-23 12:47:02,028] {dag.py:2280} INFO - Setting next_dagrun for example_subdag_operator.section-1 to None
[2026-09-23 12:47:02,029] {logging_mixin.py:104} INFO - [2026-09-23 12:47:02,029] {dag.py:2280} INFO - Setting next_dagrun for example_subdag_operator.section-2 to None
[2026-09-23 12:47:02,113] {logging_mixin.py:104} INFO - [2026-09-23 12:47:02,112] {dag.py:1824} INFO - Sync 2 DAGs
[2026-09-23 12:47:02,163] {logging_mixin.py:104} INFO - [2026-09-23 12:47:02,163] {dag.py:2280} INFO - Setting next_dagrun for example_subdag_operator.section-1 to None
[2026-09-23 12:47:02,165] {logging_mixin.py:104} INFO - [2026-09-23 12:47:02,165] {dag.py:2280} INFO - Setting next_dagrun for example_subdag_operator.section-2 to None
[2026-09-23 12:47:02,207] {scheduler_job.py:190} INFO - Processing /home/airflow/.local/lib/python3.6/site-packages/airflow/example_dags/example_subdag_operator.py took 0.542 seconds
