[2026-09-23 11:22:14,745] {scheduler_job.py:182} INFO - Started process (PID=52) to work on /home/airflow/.local/lib/python3.6/site-packages/airflow/example_dags/example_external_task_marker_dag.py
[2026-09-23 11:22:14,746] {scheduler_job.py:629} INFO - Processing file /home/airflow/.local/lib/python3.6/site-packages/airflow/example_dags/example_external_task_marker_dag.py for tasks to queue
[2026-09-23 11:22:14,750] {logging_mixin.py:104} INFO - [2026-09-23 11:22:14,750] {dagbag.py:451} INFO - Filling up the DagBag from /home/airflow/.local/lib/python3.6/site-packages/airflow/example_dags/example_external_task_marker_dag.py
[2026-09-23 11:22:14,817] {scheduler_job.py:639} INFO - DAG(s) dict_keys(['example_external_task_marker_parent', 'example_external_task_marker_child']) retrieved from /home/airflow/.local/lib/python3.6/site-packages/airflow/example_dags/example_external_task_marker_dag.py
[2026-09-23 11:22:14,882] {logging_mixin.py:104} INFO - [2026-09-23 11:22:14,882] {dag.py:1824} INFO - Sync 2 DAGs
[2026-09-23 11:22:14,933] {logging_mixin.py:104} INFO - [2026-09-23 11:22:14,933] {dag.py:2280} INFO - Setting next_dagrun for example_external_task_marker_child to None
[2026-09-23 11:22:14,935] {logging_mixin.py:104} INFO - [2026-09-23 11:22:14,934] {dag.py:2280} INFO - Setting next_dagrun for example_external_task_marker_parent to None
[2026-09-23 11:22:14,968] {scheduler_job.py:190} INFO - Processing /home/airflow/.local/lib/python3.6/site-packages/airflow/example_dags/example_external_task_marker_dag.py took 0.238 seconds
[2026-09-23 11:22:45,520] {scheduler_job.py:182} INFO - Started process (PID=78) to work on /home/airflow/.local/lib/python3.6/site-packages/airflow/example_dags/example_external_task_marker_dag.py
[2026-09-23 11:22:45,522] {scheduler_job.py:629} INFO - Processing file /home/airflow/.local/lib/python3.6/site-packages/airflow/example_dags/example_external_task_marker_dag.py for tasks to queue
[2026-09-23 11:22:45,523] {logging_mixin.py:104} INFO - [2026-09-23 11:22:45,522] {dagbag.py:451} INFO - Filling up the DagBag from /home/airflow/.local/lib/python3.6/site-packages/airflow/example_dags/example_external_task_marker_dag.py
[2026-09-23 11:22:45,542] {scheduler_job.py:639} INFO - DAG(s) dict_keys(['example_external_task_marker_parent', 'example_external_task_marker_child']) retrieved from /home/airflow/.local/lib/python3.6/site-packages/airflow/example_dags/example_external_task_marker_dag.py
[2026-09-23 11:22:45,593] {logging_mixin.py:104} INFO - [2026-09-23 11:22:45,592] {dag.py:1824} INFO - Sync 2 DAGs
[2026-09-23 11:22:45,623] {logging_mixin.py:104} INFO - [2026-09-23 11:22:45,623] {dag.py:2280} INFO - Setting next_dagrun for example_external_task_marker_child to None
[2026-09-23 11:22:45,625] {logging_mixin.py:104} INFO - [2026-09-23 11:22:45,625] {dag.py:2280} INFO - Setting next_dagrun for example_external_task_marker_parent to None
[2026-09-23 11:22:45,651] {scheduler_job.py:190} INFO - Processing /home/airflow/.local/lib/python3.6/site-packages/airflow/example_dags/example_external_task_marker_dag.py took 0.136 seconds
[2026-09-23 11:23:16,561] {scheduler_job.py:182} INFO - Started process (PID=104) to work on /home/airflow/.local/lib/python3.6/site-packages/airflow/example_dags/example_external_task_marker_dag.py
[2026-09-23 11:23:16,562] {scheduler_job.py:629} INFO - Processing file /home/airflow/.local/lib/python3.6/site-packages/airflow/example_dags/example_external_task_marker_dag.py for tasks to queue
[2026-09-23 11:23:16,564] {logging_mixin.py:104} INFO - [2026-09-23 11:23:16,563] {dagbag.py:451} INFO - Filling up the DagBag from /home/airflow/.local/lib/python3.6/site-packages/airflow/example_dags/example_external_task_marker_dag.py
[2026-09-23 11:23:16,588] {scheduler_job.py:639} INFO - DAG(s) dict_keys(['example_external_task_marker_parent', 'example_external_task_marker_child']) retrieved from /home/airflow/.local/lib/python3.6/site-packages/airflow/example_dags/example_external_task_marker_dag.py
[2026-09-23 11:23:16,656] {logging_mixin.py:104} INFO - [2026-09-23 11:23:16,655] {dag.py:1824} INFO - Sync 2 DAGs
[2026-09-23 11:23:16,688] {logging_mixin.py:104} INFO - [2026-09-23 11:23:16,688] {dag.py:2280} INFO - Setting next_dagrun for example_external_task_marker_child to None
[2026-09-23 11:23:16,690] {logging_mixin.py:104} INFO - [2026-09-23 11:23:16,690] {dag.py:2280} INFO - Setting next_dagrun for example_external_task_marker_parent to None
[2026-09-23 11:23:16,709] {scheduler_job.py:190} INFO - Processing /home/airflow/.local/lib/python3.6/site-packages/airflow/example_dags/example_external_task_marker_dag.py took 0.154 seconds
[2026-09-23 11:23:47,330] {scheduler_job.py:182} INFO - Started process (PID=130) to work on /home/airflow/.local/lib/python3.6/site-packages/airflow/example_dags/example_external_task_marker_dag.py
[2026-09-23 11:23:47,332] {scheduler_job.py:629} INFO - Processing file /home/airflow/.local/lib/python3.6/site-packages/airflow/example_dags/example_external_task_marker_dag.py for tasks to queue
[2026-09-23 11:23:47,333] {logging_mixin.py:104} INFO - [2026-09-23 11:23:47,332] {dagbag.py:451} INFO - Filling up the DagBag from /home/airflow/.local/lib/python3.6/site-packages/airflow/example_dags/example_external_task_marker_dag.py
[2026-09-23 11:23:47,349] {scheduler_job.py:639} INFO - DAG(s) dict_keys(['example_external_task_marker_parent', 'example_external_task_marker_child']) retrieved from /home/airflow/.local/lib/python3.6/site-packages/airflow/example_dags/example_external_task_marker_dag.py
[2026-09-23 11:23:47,387] {logging_mixin.py:104} INFO - [2026-09-23 11:23:47,387] {dag.py:1824} INFO - Sync 2 DAGs
[2026-09-23 11:23:47,410] {logging_mixin.py:104} INFO - [2026-09-23 11:23:47,410] {dag.py:2280} INFO - Setting next_dagrun for example_external_task_marker_child to None
[2026-09-23 11:23:47,412] {logging_mixin.py:104} INFO - [2026-09-23 11:23:47,412] {dag.py:2280} INFO - Setting next_dagrun for example_external_task_marker_parent to None
[2026-09-23 11:23:47,440] {scheduler_job.py:190} INFO - Processing /home/airflow/.local/lib/python3.6/site-packages/airflow/example_dags/example_external_task_marker_dag.py took 0.114 seconds
[2026-09-23 11:24:18,068] {scheduler_job.py:182} INFO - Started process (PID=156) to work on /home/airflow/.local/lib/python3.6/site-packages/airflow/example_dags/example_external_task_marker_dag.py
[2026-09-23 11:24:18,069] {scheduler_job.py:629} INFO - Processing file /home/airflow/.local/lib/python3.6/site-packages/airflow/example_dags/example_external_task_marker_dag.py for tasks to queue
[2026-09-23 11:24:18,070] {logging_mixin.py:104} INFO - [2026-09-23 11:24:18,070] {dagbag.py:451} INFO - Filling up the DagBag from /home/airflow/.local/lib/python3.6/site-packages/airflow/example_dags/example_external_task_marker_dag.py
[2026-09-23 11:24:18,087] {scheduler_job.py:639} INFO - DAG(s) dict_keys(['example_external_task_marker_parent', 'example_external_task_marker_child']) retrieved from /home/airflow/.local/lib/python3.6/site-packages/airflow/example_dags/example_external_task_marker_dag.py
[2026-09-23 11:24:18,117] {logging_mixin.py:104} INFO - [2026-09-23 11:24:18,117] {dag.py:1824} INFO - Sync 2 DAGs
[2026-09-23 11:24:18,139] {logging_mixin.py:104} INFO - [2026-09-23 11:24:18,139] {dag.py:2280} INFO - Setting next_dagrun for example_external_task_marker_child to None
[2026-09-23 11:24:18,140] {logging_mixin.py:104} INFO - [2026-09-23 11:24:18,140] {dag.py:2280} INFO - Setting next_dagrun for example_external_task_marker_parent to None
[2026-09-23 11:24:18,157] {scheduler_job.py:190} INFO - Processing /home/airflow/.local/lib/python3.6/site-packages/airflow/example_dags/example_external_task_marker_dag.py took 0.093 seconds
[2026-09-23 11:24:48,686] {scheduler_job.py:182} INFO - Started process (PID=182) to work on /home/airflow/.local/lib/python3.6/site-packages/airflow/example_dags/example_external_task_marker_dag.py
[2026-09-23 11:24:48,687] {scheduler_job.py:629} INFO - Processing file /home/airflow/.local/lib/python3.6/site-packages/airflow/example_dags/example_external_task_marker_dag.py for tasks to queue
[2026-09-23 11:24:48,688] {logging_mixin.py:104} INFO - [2026-09-23 11:24:48,688] {dagbag.py:451} INFO - Filling up the DagBag from /home/airflow/.local/lib/python3.6/site-packages/airflow/example_dags/example_external_task_marker_dag.py
[2026-09-23 11:24:48,703] {scheduler_job.py:639} INFO - DAG(s) dict_keys(['example_external_task_marker_parent', 'example_external_task_marker_child']) retrieved from /home/airflow/.local/lib/python3.6/site-packages/airflow/example_dags/example_external_task_marker_dag.py
[2026-09-23 11:24:48,736] {logging_mixin.py:104} INFO - [2026-09-23 11:24:48,736] {dag.py:1824} INFO - Sync 2 DAGs
[2026-09-23 11:24:48,754] {logging_mixin.py:104} INFO - [2026-09-23 11:24:48,754] {dag.py:2280} INFO - Setting next_dagrun for example_external_task_marker_child to None
[2026-09-23 11:24:48,755] {logging_mixin.py:104} INFO - [2026-09-23 11:24:48,755] {dag.py:2280} INFO - Setting next_dagrun for example_external_task_marker_parent to None
[2026-09-23 11:24:48,774] {scheduler_job.py:190} INFO - Processing /home/airflow/.local/lib/python3.6/site-packages/airflow/example_dags/example_external_task_marker_dag.py took 0.092 seconds
[2026-09-23 11:25:19,173] {scheduler_job.py:182} INFO - Started process (PID=208) to work on /home/airflow/.local/lib/python3.6/site-packages/airflow/example_dags/example_external_task_marker_dag.py
[2026-09-23 11:25:19,174] {scheduler_job.py:629} INFO - Processing file /home/airflow/.local/lib/python3.6/site-packages/airflow/example_dags/example_external_task_marker_dag.py for tasks to queue
[2026-09-23 11:25:19,175] {logging_mixin.py:104} INFO - [2026-09-23 11:25:19,175] {dagbag.py:451} INFO - Filling up the DagBag from /home/airflow/.local/lib/python3.6/site-packages/airflow/example_dags/example_external_task_marker_dag.py
[2026-09-23 11:25:19,189] {scheduler_job.py:639} INFO - DAG(s) dict_keys(['example_external_task_marker_parent', 'example_external_task_marker_child']) retrieved from /home/airflow/.local/lib/python3.6/site-packages/airflow/example_dags/example_external_task_marker_dag.py
[2026-09-23 11:25:19,220] {logging_mixin.py:104} INFO - [2026-09-23 11:25:19,220] {dag.py:1824} INFO - Sync 2 DAGs
[2026-09-23 11:25:19,238] {logging_mixin.py:104} INFO - [2026-09-23 11:25:19,238] {dag.py:2280} INFO - Setting next_dagrun for example_external_task_marker_child to None
[2026-09-23 11:25:19,239] {logging_mixin.py:104} INFO - [2026-09-23 11:25:19,239] {dag.py:2280} INFO - Setting next_dagrun for example_external_task_marker_parent to None
[2026-09-23 11:25:19,257] {scheduler_job.py:190} INFO - Processing /home/airflow/.local/lib/python3.6/site-packages/airflow/example_dags/example_external_task_marker_dag.py took 0.088 seconds
[2026-09-23 11:25:49,725] {scheduler_job.py:182} INFO - Started process (PID=234) to work on /home/airflow/.local/lib/python3.6/site-packages/airflow/example_dags/example_external_task_marker_dag.py
[2026-09-23 11:25:49,726] {scheduler_job.py:629} INFO - Processing file /home/airflow/.local/lib/python3.6/site-packages/airflow/example_dags/example_external_task_marker_dag.py for tasks to queue
[2026-09-23 11:25:49,728] {logging_mixin.py:104} INFO - [2026-09-23 11:25:49,727] {dagbag.py:451} INFO - Filling up the DagBag from /home/airflow/.local/lib/python3.6/site-packages/airflow/example_dags/example_external_task_marker_dag.py
[2026-09-23 11:25:49,746] {scheduler_job.py:639} INFO - DAG(s) dict_keys(['example_external_task_marker_parent', 'example_external_task_marker_child']) retrieved from /home/airflow/.local/lib/python3.6/site-packages/airflow/example_dags/example_external_task_marker_dag.py
[2026-09-23 11:25:49,778] {logging_mixin.py:104} INFO - [2026-09-23 11:25:49,778] {dag.py:1824} INFO - Sync 2 DAGs
[2026-09-23 11:25:49,798] {logging_mixin.py:104} INFO - [2026-09-23 11:25:49,798] {dag.py:2280} INFO - Setting next_dagrun for example_external_task_marker_child to None
[2026-09-23 11:25:49,799] {logging_mixin.py:104} INFO - [2026-09-23 11:25:49,799] {dag.py:2280} INFO - Setting next_dagrun for example_external_task_marker_parent to None
[2026-09-23 11:25:49,815] {scheduler_job.py:190} INFO - Processing /home/airflow/.local/lib/python3.6/site-packages/airflow/example_dags/example_external_task_marker_dag.py took 0.095 seconds
[2026-09-23 11:26:20,314] {scheduler_job.py:182} INFO - Started process (PID=260) to work on /home/airflow/.local/lib/python3.6/site-packages/airflow/example_dags/example_external_task_marker_dag.py
[2026-09-23 11:26:20,315] {scheduler_job.py:629} INFO - Processing file /home/airflow/.local/lib/python3.6/site-packages/airflow/example_dags/example_external_task_marker_dag.py for tasks to queue
[2026-09-23 11:26:20,316] {logging_mixin.py:104} INFO - [2026-09-23 11:26:20,316] {dagbag.py:451} INFO - Filling up the DagBag from /home/airflow/.local/lib/python3.6/site-packages/airflow/example_dags/example_external_task_marker_dag.py
[2026-09-23 11:26:20,331] {scheduler_job.py:639} INFO - DAG(s) dict_keys(['example_external_task_marker_parent', 'example_external_task_marker_child']) retrieved from /home/airflow/.local/lib/python3.6/site-packages/airflow/example_dags/example_external_task_marker_dag.py
[2026-09-23 11:26:20,363] {logging_mixin.py:104} INFO - [2026-09-23 11:26:20,363] {dag.py:1824} INFO - Sync 2 DAGs
[2026-09-23 11:26:20,382] {logging_mixin.py:104} INFO - [2026-09-23 11:26:20,382] {dag.py:2280} INFO - Setting next_dagrun for example_external_task_marker_child to None
[2026-09-23 11:26:20,383] {logging_mixin.py:104} INFO - [2026-09-23 11:26:20,383] {dag.py:2280} INFO - Setting next_dagrun for example_external_task_marker_parent to None
[2026-09-23 11:26:20,398] {scheduler_job.py:190} INFO - Processing /home/airflow/.local/lib/python3.6/site-packages/airflow/example_dags/example_external_task_marker_dag.py took 0.089 seconds
[2026-09-23 11:26:51,169] {scheduler_job.py:182} INFO - Started process (PID=286) to work on /home/airflow/.local/lib/python3.6/site-packages/airflow/example_dags/example_external_task_marker_dag.py
[2026-09-23 11:26:51,170] {scheduler_job.py:629} INFO - Processing file /home/airflow/.local/lib/python3.6/site-packages/airflow/example_dags/example_external_task_marker_dag.py for tasks to queue
[2026-09-23 11:26:51,171] {logging_mixin.py:104} INFO - [2026-09-23 11:26:51,171] {dagbag.py:451} INFO - Filling up the DagBag from /home/airflow/.local/lib/python3.6/site-packages/airflow/example_dags/example_external_task_marker_dag.py
[2026-09-23 11:26:51,186] {scheduler_job.py:639} INFO - DAG(s) dict_keys(['example_external_task_marker_parent', 'example_external_task_marker_child']) retrieved from /home/airflow/.local/lib/python3.6/site-packages/airflow/example_dags/example_external_task_marker_dag.py
[2026-09-23 11:26:51,222] {logging_mixin.py:104} INFO - [2026-09-23 11:26:51,222] {dag.py:1824} INFO - Sync 2 DAGs
[2026-09-23 11:26:51,241] {logging_mixin.py:104} INFO - [2026-09-23 11:26:51,241] {dag.py:2280} INFO - Setting next_dagrun for example_external_task_marker_child to None
[2026-09-23 11:26:51,242] {logging_mixin.py:104} INFO - [2026-09-23 11:26:51,242] {dag.py:2280} INFO - Setting next_dagrun for example_external_task_marker_parent to None
[2026-09-23 11:26:51,258] {scheduler_job.py:190} INFO - Processing /home/airflow/.local/lib/python3.6/site-packages/airflow/example_dags/example_external_task_marker_dag.py took 0.093 seconds
[2026-09-23 11:27:22,065] {scheduler_job.py:182} INFO - Started process (PID=312) to work on /home/airflow/.local/lib/python3.6/site-packages/airflow/example_dags/example_external_task_marker_dag.py
[2026-09-23 11:27:22,070] {scheduler_job.py:629} INFO - Processing file /home/airflow/.local/lib/python3.6/site-packages/airflow/example_dags/example_external_task_marker_dag.py for tasks to queue
[2026-09-23 11:27:22,072] {logging_mixin.py:104} INFO - [2026-09-23 11:27:22,072] {dagbag.py:451} INFO - Filling up the DagBag from /home/airflow/.local/lib/python3.6/site-packages/airflow/example_dags/example_external_task_marker_dag.py
[2026-09-23 11:27:22,102] {scheduler_job.py:639} INFO - DAG(s) dict_keys(['example_external_task_marker_parent', 'example_external_task_marker_child']) retrieved from /home/airflow/.local/lib/python3.6/site-packages/airflow/example_dags/example_external_task_marker_dag.py
[2026-09-23 11:27:22,153] {logging_mixin.py:104} INFO - [2026-09-23 11:27:22,153] {dag.py:1824} INFO - Sync 2 DAGs
[2026-09-23 11:27:22,175] {logging_mixin.py:104} INFO - [2026-09-23 11:27:22,175] {dag.py:2280} INFO - Setting next_dagrun for example_external_task_marker_child to None
[2026-09-23 11:27:22,176] {logging_mixin.py:104} INFO - [2026-09-23 11:27:22,176] {dag.py:2280} INFO - Setting next_dagrun for example_external_task_marker_parent to None
[2026-09-23 11:27:22,209] {scheduler_job.py:190} INFO - Processing /home/airflow/.local/lib/python3.6/site-packages/airflow/example_dags/example_external_task_marker_dag.py took 0.152 seconds
[2026-09-23 11:27:53,077] {scheduler_job.py:182} INFO - Started process (PID=338) to work on /home/airflow/.local/lib/python3.6/site-packages/airflow/example_dags/example_external_task_marker_dag.py
[2026-09-23 11:27:53,079] {scheduler_job.py:629} INFO - Processing file /home/airflow/.local/lib/python3.6/site-packages/airflow/example_dags/example_external_task_marker_dag.py for tasks to queue
[2026-09-23 11:27:53,080] {logging_mixin.py:104} INFO - [2026-09-23 11:27:53,080] {dagbag.py:451} INFO - Filling up the DagBag from /home/airflow/.local/lib/python3.6/site-packages/airflow/example_dags/example_external_task_marker_dag.py
[2026-09-23 11:27:53,102] {scheduler_job.py:639} INFO - DAG(s) dict_keys(['example_external_task_marker_parent', 'example_external_task_marker_child']) retrieved from /home/airflow/.local/lib/python3.6/site-packages/airflow/example_dags/example_external_task_marker_dag.py
[2026-09-23 11:27:53,142] {logging_mixin.py:104} INFO - [2026-09-23 11:27:53,142] {dag.py:1824} INFO - Sync 2 DAGs
[2026-09-23 11:27:53,165] {logging_mixin.py:104} INFO - [2026-09-23 11:27:53,165] {dag.py:2280} INFO - Setting next_dagrun for example_external_task_marker_child to None
[2026-09-23 11:27:53,167] {logging_mixin.py:104} INFO - [2026-09-23 11:27:53,167] {dag.py:2280} INFO - Setting next_dagrun for example_external_task_marker_parent to None
[2026-09-23 11:27:53,189] {scheduler_job.py:190} INFO - Processing /home/airflow/.local/lib/python3.6/site-packages/airflow/example_dags/example_external_task_marker_dag.py took 0.117 seconds
[2026-09-23 11:28:24,074] {scheduler_job.py:182} INFO - Started process (PID=363) to work on /home/airflow/.local/lib/python3.6/site-packages/airflow/example_dags/example_external_task_marker_dag.py
[2026-09-23 11:28:24,076] {scheduler_job.py:629} INFO - Processing file /home/airflow/.local/lib/python3.6/site-packages/airflow/example_dags/example_external_task_marker_dag.py for tasks to queue
[2026-09-23 11:28:24,077] {logging_mixin.py:104} INFO - [2026-09-23 11:28:24,077] {dagbag.py:451} INFO - Filling up the DagBag from /home/airflow/.local/lib/python3.6/site-packages/airflow/example_dags/example_external_task_marker_dag.py
[2026-09-23 11:28:24,093] {scheduler_job.py:639} INFO - DAG(s) dict_keys(['example_external_task_marker_parent', 'example_external_task_marker_child']) retrieved from /home/airflow/.local/lib/python3.6/site-packages/airflow/example_dags/example_external_task_marker_dag.py
[2026-09-23 11:28:24,130] {logging_mixin.py:104} INFO - [2026-09-23 11:28:24,130] {dag.py:1824} INFO - Sync 2 DAGs
[2026-09-23 11:28:24,160] {logging_mixin.py:104} INFO - [2026-09-23 11:28:24,160] {dag.py:2280} INFO - Setting next_dagrun for example_external_task_marker_child to None
[2026-09-23 11:28:24,162] {logging_mixin.py:104} INFO - [2026-09-23 11:28:24,162] {dag.py:2280} INFO - Setting next_dagrun for example_external_task_marker_parent to None
[2026-09-23 11:28:24,180] {scheduler_job.py:190} INFO - Processing /home/airflow/.local/lib/python3.6/site-packages/airflow/example_dags/example_external_task_marker_dag.py took 0.111 seconds
[2026-09-23 11:28:54,677] {scheduler_job.py:182} INFO - Started process (PID=389) to work on /home/airflow/.local/lib/python3.6/site-packages/airflow/example_dags/example_external_task_marker_dag.py
[2026-09-23 11:28:54,678] {scheduler_job.py:629} INFO - Processing file /home/airflow/.local/lib/python3.6/site-packages/airflow/example_dags/example_external_task_marker_dag.py for tasks to queue
[2026-09-23 11:28:54,679] {logging_mixin.py:104} INFO - [2026-09-23 11:28:54,679] {dagbag.py:451} INFO - Filling up the DagBag from /home/airflow/.local/lib/python3.6/site-packages/airflow/example_dags/example_external_task_marker_dag.py
[2026-09-23 11:28:54,694] {scheduler_job.py:639} INFO - DAG(s) dict_keys(['example_external_task_marker_parent', 'example_external_task_marker_child']) retrieved from /home/airflow/.local/lib/python3.6/site-packages/airflow/example_dags/example_external_task_marker_dag.py
[2026-09-23 11:28:54,732] {logging_mixin.py:104} INFO - [2026-09-23 11:28:54,731] {dag.py:1824} INFO - Sync 2 DAGs
[2026-09-23 11:28:54,752] {logging_mixin.py:104} INFO - [2026-09-23 11:28:54,752] {dag.py:2280} INFO - Setting next_dagrun for example_external_task_marker_child to None
[2026-09-23 11:28:54,753] {logging_mixin.py:104} INFO - [2026-09-23 11:28:54,753] {dag.py:2280} INFO - Setting next_dagrun for example_external_task_marker_parent to None
[2026-09-23 11:28:54,769] {scheduler_job.py:190} INFO - Processing /home/airflow/.local/lib/python3.6/site-packages/airflow/example_dags/example_external_task_marker_dag.py took 0.096 seconds
[2026-09-23 11:29:25,183] {scheduler_job.py:182} INFO - Started process (PID=415) to work on /home/airflow/.local/lib/python3.6/site-packages/airflow/example_dags/example_external_task_marker_dag.py
[2026-09-23 11:29:25,186] {scheduler_job.py:629} INFO - Processing file /home/airflow/.local/lib/python3.6/site-packages/airflow/example_dags/example_external_task_marker_dag.py for tasks to queue
[2026-09-23 11:29:25,186] {logging_mixin.py:104} INFO - [2026-09-23 11:29:25,186] {dagbag.py:451} INFO - Filling up the DagBag from /home/airflow/.local/lib/python3.6/site-packages/airflow/example_dags/example_external_task_marker_dag.py
[2026-09-23 11:29:25,201] {scheduler_job.py:639} INFO - DAG(s) dict_keys(['example_external_task_marker_parent', 'example_external_task_marker_child']) retrieved from /home/airflow/.local/lib/python3.6/site-packages/airflow/example_dags/example_external_task_marker_dag.py
[2026-09-23 11:29:25,231] {logging_mixin.py:104} INFO - [2026-09-23 11:29:25,231] {dag.py:1824} INFO - Sync 2 DAGs
[2026-09-23 11:29:25,250] {logging_mixin.py:104} INFO - [2026-09-23 11:29:25,250] {dag.py:2280} INFO - Setting next_dagrun for example_external_task_marker_child to None
[2026-09-23 11:29:25,251] {logging_mixin.py:104} INFO - [2026-09-23 11:29:25,251] {dag.py:2280} INFO - Setting next_dagrun for example_external_task_marker_parent to None
[2026-09-23 11:29:25,263] {scheduler_job.py:190} INFO - Processing /home/airflow/.local/lib/python3.6/site-packages/airflow/example_dags/example_external_task_marker_dag.py took 0.084 seconds
[2026-09-23 11:29:55,905] {scheduler_job.py:182} INFO - Started process (PID=441) to work on /home/airflow/.local/lib/python3.6/site-packages/airflow/example_dags/example_external_task_marker_dag.py
[2026-09-23 11:29:55,906] {scheduler_job.py:629} INFO - Processing file /home/airflow/.local/lib/python3.6/site-packages/airflow/example_dags/example_external_task_marker_dag.py for tasks to queue
[2026-09-23 11:29:55,907] {logging_mixin.py:104} INFO - [2026-09-23 11:29:55,907] {dagbag.py:451} INFO - Filling up the DagBag from /home/airflow/.local/lib/python3.6/site-packages/airflow/example_dags/example_external_task_marker_dag.py
[2026-09-23 11:29:55,923] {scheduler_job.py:639} INFO - DAG(s) dict_keys(['example_external_task_marker_parent', 'example_external_task_marker_child']) retrieved from /home/airflow/.local/lib/python3.6/site-packages/airflow/example_dags/example_external_task_marker_dag.py
[2026-09-23 11:29:55,953] {logging_mixin.py:104} INFO - [2026-09-23 11:29:55,953] {dag.py:1824} INFO - Sync 2 DAGs
[2026-09-23 11:29:55,978] {logging_mixin.py:104} INFO - [2026-09-23 11:29:55,978] {dag.py:2280} INFO - Setting next_dagrun for example_external_task_marker_child to None
[2026-09-23 11:29:55,979] {logging_mixin.py:104} INFO - [2026-09-23 11:29:55,979] {dag.py:2280} INFO - Setting next_dagrun for example_external_task_marker_parent to None
[2026-09-23 11:29:55,998] {scheduler_job.py:190} INFO - Processing /home/airflow/.local/lib/python3.6/site-packages/airflow/example_dags/example_external_task_marker_dag.py took 0.098 seconds
[2026-09-23 11:30:26,592] {scheduler_job.py:182} INFO - Started process (PID=467) to work on /home/airflow/.local/lib/python3.6/site-packages/airflow/example_dags/example_external_task_marker_dag.py
[2026-09-23 11:30:26,593] {scheduler_job.py:629} INFO - Processing file /home/airflow/.local/lib/python3.6/site-packages/airflow/example_dags/example_external_task_marker_dag.py for tasks to queue
[2026-09-23 11:30:26,594] {logging_mixin.py:104} INFO - [2026-09-23 11:30:26,594] {dagbag.py:451} INFO - Filling up the DagBag from /home/airflow/.local/lib/python3.6/site-packages/airflow/example_dags/example_external_task_marker_dag.py
[2026-09-23 11:30:26,608] {scheduler_job.py:639} INFO - DAG(s) dict_keys(['example_external_task_marker_parent', 'example_external_task_marker_child']) retrieved from /home/airflow/.local/lib/python3.6/site-packages/airflow/example_dags/example_external_task_marker_dag.py
[2026-09-23 11:30:26,640] {logging_mixin.py:104} INFO - [2026-09-23 11:30:26,640] {dag.py:1824} INFO - Sync 2 DAGs
[2026-09-23 11:30:26,661] {logging_mixin.py:104} INFO - [2026-09-23 11:30:26,661] {dag.py:2280} INFO - Setting next_dagrun for example_external_task_marker_child to None
[2026-09-23 11:30:26,663] {logging_mixin.py:104} INFO - [2026-09-23 11:30:26,662] {dag.py:2280} INFO - Setting next_dagrun for example_external_task_marker_parent to None
[2026-09-23 11:30:26,682] {scheduler_job.py:190} INFO - Processing /home/airflow/.local/lib/python3.6/site-packages/airflow/example_dags/example_external_task_marker_dag.py took 0.094 seconds
[2026-09-23 11:30:57,143] {scheduler_job.py:182} INFO - Started process (PID=493) to work on /home/airflow/.local/lib/python3.6/site-packages/airflow/example_dags/example_external_task_marker_dag.py
[2026-09-23 11:30:57,144] {scheduler_job.py:629} INFO - Processing file /home/airflow/.local/lib/python3.6/site-packages/airflow/example_dags/example_external_task_marker_dag.py for tasks to queue
[2026-09-23 11:30:57,145] {logging_mixin.py:104} INFO - [2026-09-23 11:30:57,144] {dagbag.py:451} INFO - Filling up the DagBag from /home/airflow/.local/lib/python3.6/site-packages/airflow/example_dags/example_external_task_marker_dag.py
[2026-09-23 11:30:57,160] {scheduler_job.py:639} INFO - DAG(s) dict_keys(['example_external_task_marker_parent', 'example_external_task_marker_child']) retrieved from /home/airflow/.local/lib/python3.6/site-packages/airflow/example_dags/example_external_task_marker_dag.py
[2026-09-23 11:30:57,192] {logging_mixin.py:104} INFO - [2026-09-23 11:30:57,192] {dag.py:1824} INFO - Sync 2 DAGs
[2026-09-23 11:30:57,213] {logging_mixin.py:104} INFO - [2026-09-23 11:30:57,213] {dag.py:2280} INFO - Setting next_dagrun for example_external_task_marker_child to None
[2026-09-23 11:30:57,215] {logging_mixin.py:104} INFO - [2026-09-23 11:30:57,214] {dag.py:2280} INFO - Setting next_dagrun for example_external_task_marker_parent to None
[2026-09-23 11:30:57,233] {scheduler_job.py:190} INFO - Processing /home/airflow/.local/lib/python3.6/site-packages/airflow/example_dags/example_external_task_marker_dag.py took 0.094 seconds
[2026-09-23 11:31:27,636] {scheduler_job.py:182} INFO - Started process (PID=519) to work on /home/airflow/.local/lib/python3.6/site-packages/airflow/example_dags/example_external_task_marker_dag.py
[2026-09-23 11:31:27,637] {scheduler_job.py:629} INFO - Processing file /home/airflow/.local/lib/python3.6/site-packages/airflow/example_dags/example_external_task_marker_dag.py for tasks to queue
[2026-09-23 11:31:27,638] {logging_mixin.py:104} INFO - [2026-09-23 11:31:27,638] {dagbag.py:451} INFO - Filling up the DagBag from /home/airflow/.local/lib/python3.6/site-packages/airflow/example_dags/example_external_task_marker_dag.py
[2026-09-23 11:31:27,652] {scheduler_job.py:639} INFO - DAG(s) dict_keys(['example_external_task_marker_parent', 'example_external_task_marker_child']) retrieved from /home/airflow/.local/lib/python3.6/site-packages/airflow/example_dags/example_external_task_marker_dag.py
[2026-09-23 11:31:27,688] {logging_mixin.py:104} INFO - [2026-09-23 11:31:27,688] {dag.py:1824} INFO - Sync 2 DAGs
[2026-09-23 11:31:27,710] {logging_mixin.py:104} INFO - [2026-09-23 11:31:27,710] {dag.py:2280} INFO - Setting next_dagrun for example_external_task_marker_child to None
[2026-09-23 11:31:27,711] {logging_mixin.py:104} INFO - [2026-09-23 11:31:27,711] {dag.py:2280} INFO - Setting next_dagrun for example_external_task_marker_parent to None
[2026-09-23 11:31:27,733] {scheduler_job.py:190} INFO - Processing /home/airflow/.local/lib/python3.6/site-packages/airflow/example_dags/example_external_task_marker_dag.py took 0.101 seconds
[2026-09-23 11:31:58,182] {scheduler_job.py:182} INFO - Started process (PID=545) to work on /home/airflow/.local/lib/python3.6/site-packages/airflow/example_dags/example_external_task_marker_dag.py
[2026-09-23 11:31:58,183] {scheduler_job.py:629} INFO - Processing file /home/airflow/.local/lib/python3.6/site-packages/airflow/example_dags/example_external_task_marker_dag.py for tasks to queue
[2026-09-23 11:31:58,184] {logging_mixin.py:104} INFO - [2026-09-23 11:31:58,184] {dagbag.py:451} INFO - Filling up the DagBag from /home/airflow/.local/lib/python3.6/site-packages/airflow/example_dags/example_external_task_marker_dag.py
[2026-09-23 11:31:58,199] {scheduler_job.py:639} INFO - DAG(s) dict_keys(['example_external_task_marker_parent', 'example_external_task_marker_child']) retrieved from /home/airflow/.local/lib/python3.6/site-packages/airflow/example_dags/example_external_task_marker_dag.py
[2026-09-23 11:31:58,242] {logging_mixin.py:104} INFO - [2026-09-23 11:31:58,241] {dag.py:1824} INFO - Sync 2 DAGs
[2026-09-23 11:31:58,270] {logging_mixin.py:104} INFO - [2026-09-23 11:31:58,270] {dag.py:2280} INFO - Setting next_dagrun for example_external_task_marker_child to None
[2026-09-23 11:31:58,271] {logging_mixin.py:104} INFO - [2026-09-23 11:31:58,271] {dag.py:2280} INFO - Setting next_dagrun for example_external_task_marker_parent to None
[2026-09-23 11:31:58,290] {scheduler_job.py:190} INFO - Processing /home/airflow/.local/lib/python3.6/site-packages/airflow/example_dags/example_external_task_marker_dag.py took 0.112 seconds
[2026-09-23 11:32:28,646] {scheduler_job.py:182} INFO - Started process (PID=571) to work on /home/airflow/.local/lib/python3.6/site-packages/airflow/example_dags/example_external_task_marker_dag.py
[2026-09-23 11:32:28,647] {scheduler_job.py:629} INFO - Processing file /home/airflow/.local/lib/python3.6/site-packages/airflow/example_dags/example_external_task_marker_dag.py for tasks to queue
[2026-09-23 11:32:28,648] {logging_mixin.py:104} INFO - [2026-09-23 11:32:28,648] {dagbag.py:451} INFO - Filling up the DagBag from /home/airflow/.local/lib/python3.6/site-packages/airflow/example_dags/example_external_task_marker_dag.py
[2026-09-23 11:32:28,663] {scheduler_job.py:639} INFO - DAG(s) dict_keys(['example_external_task_marker_parent', 'example_external_task_marker_child']) retrieved from /home/airflow/.local/lib/python3.6/site-packages/airflow/example_dags/example_external_task_marker_dag.py
[2026-09-23 11:32:28,696] {logging_mixin.py:104} INFO - [2026-09-23 11:32:28,695] {dag.py:1824} INFO - Sync 2 DAGs
[2026-09-23 11:32:28,728] {logging_mixin.py:104} INFO - [2026-09-23 11:32:28,727] {dag.py:2280} INFO - Setting next_dagrun for example_external_task_marker_child to None
[2026-09-23 11:32:28,729] {logging_mixin.py:104} INFO - [2026-09-23 11:32:28,729] {dag.py:2280} INFO - Setting next_dagrun for example_external_task_marker_parent to None
[2026-09-23 11:32:28,754] {scheduler_job.py:190} INFO - Processing /home/airflow/.local/lib/python3.6/site-packages/airflow/example_dags/example_external_task_marker_dag.py took 0.112 seconds
[2026-09-23 11:32:59,214] {scheduler_job.py:182} INFO - Started process (PID=597) to work on /home/airflow/.local/lib/python3.6/site-packages/airflow/example_dags/example_external_task_marker_dag.py
[2026-09-23 11:32:59,215] {scheduler_job.py:629} INFO - Processing file /home/airflow/.local/lib/python3.6/site-packages/airflow/example_dags/example_external_task_marker_dag.py for tasks to queue
[2026-09-23 11:32:59,216] {logging_mixin.py:104} INFO - [2026-09-23 11:32:59,216] {dagbag.py:451} INFO - Filling up the DagBag from /home/airflow/.local/lib/python3.6/site-packages/airflow/example_dags/example_external_task_marker_dag.py
[2026-09-23 11:32:59,232] {scheduler_job.py:639} INFO - DAG(s) dict_keys(['example_external_task_marker_parent', 'example_external_task_marker_child']) retrieved from /home/airflow/.local/lib/python3.6/site-packages/airflow/example_dags/example_external_task_marker_dag.py
[2026-09-23 11:32:59,265] {logging_mixin.py:104} INFO - [2026-09-23 11:32:59,265] {dag.py:1824} INFO - Sync 2 DAGs
[2026-09-23 11:32:59,292] {logging_mixin.py:104} INFO - [2026-09-23 11:32:59,292] {dag.py:2280} INFO - Setting next_dagrun for example_external_task_marker_child to None
[2026-09-23 11:32:59,293] {logging_mixin.py:104} INFO - [2026-09-23 11:32:59,293] {dag.py:2280} INFO - Setting next_dagrun for example_external_task_marker_parent to None
[2026-09-23 11:32:59,311] {scheduler_job.py:190} INFO - Processing /home/airflow/.local/lib/python3.6/site-packages/airflow/example_dags/example_external_task_marker_dag.py took 0.102 seconds
[2026-09-23 11:33:29,709] {scheduler_job.py:182} INFO - Started process (PID=623) to work on /home/airflow/.local/lib/python3.6/site-packages/airflow/example_dags/example_external_task_marker_dag.py
[2026-09-23 11:33:29,710] {scheduler_job.py:629} INFO - Processing file /home/airflow/.local/lib/python3.6/site-packages/airflow/example_dags/example_external_task_marker_dag.py for tasks to queue
[2026-09-23 11:33:29,711] {logging_mixin.py:104} INFO - [2026-09-23 11:33:29,711] {dagbag.py:451} INFO - Filling up the DagBag from /home/airflow/.local/lib/python3.6/site-packages/airflow/example_dags/example_external_task_marker_dag.py
[2026-09-23 11:33:29,726] {scheduler_job.py:639} INFO - DAG(s) dict_keys(['example_external_task_marker_parent', 'example_external_task_marker_child']) retrieved from /home/airflow/.local/lib/python3.6/site-packages/airflow/example_dags/example_external_task_marker_dag.py
[2026-09-23 11:33:29,754] {logging_mixin.py:104} INFO - [2026-09-23 11:33:29,754] {dag.py:1824} INFO - Sync 2 DAGs
[2026-09-23 11:33:29,775] {logging_mixin.py:104} INFO - [2026-09-23 11:33:29,775] {dag.py:2280} INFO - Setting next_dagrun for example_external_task_marker_child to None
[2026-09-23 11:33:29,776] {logging_mixin.py:104} INFO - [2026-09-23 11:33:29,776] {dag.py:2280} INFO - Setting next_dagrun for example_external_task_marker_parent to None
[2026-09-23 11:33:29,792] {scheduler_job.py:190} INFO - Processing /home/airflow/.local/lib/python3.6/site-packages/airflow/example_dags/example_external_task_marker_dag.py took 0.087 seconds
[2026-09-23 11:34:00,268] {scheduler_job.py:182} INFO - Started process (PID=649) to work on /home/airflow/.local/lib/python3.6/site-packages/airflow/example_dags/example_external_task_marker_dag.py
[2026-09-23 11:34:00,270] {scheduler_job.py:629} INFO - Processing file /home/airflow/.local/lib/python3.6/site-packages/airflow/example_dags/example_external_task_marker_dag.py for tasks to queue
[2026-09-23 11:34:00,270] {logging_mixin.py:104} INFO - [2026-09-23 11:34:00,270] {dagbag.py:451} INFO - Filling up the DagBag from /home/airflow/.local/lib/python3.6/site-packages/airflow/example_dags/example_external_task_marker_dag.py
[2026-09-23 11:34:00,285] {scheduler_job.py:639} INFO - DAG(s) dict_keys(['example_external_task_marker_parent', 'example_external_task_marker_child']) retrieved from /home/airflow/.local/lib/python3.6/site-packages/airflow/example_dags/example_external_task_marker_dag.py
[2026-09-23 11:34:00,317] {logging_mixin.py:104} INFO - [2026-09-23 11:34:00,316] {dag.py:1824} INFO - Sync 2 DAGs
[2026-09-23 11:34:00,336] {logging_mixin.py:104} INFO - [2026-09-23 11:34:00,336] {dag.py:2280} INFO - Setting next_dagrun for example_external_task_marker_child to None
[2026-09-23 11:34:00,337] {logging_mixin.py:104} INFO - [2026-09-23 11:34:00,337] {dag.py:2280} INFO - Setting next_dagrun for example_external_task_marker_parent to None
[2026-09-23 11:34:00,351] {scheduler_job.py:190} INFO - Processing /home/airflow/.local/lib/python3.6/site-packages/airflow/example_dags/example_external_task_marker_dag.py took 0.087 seconds
[2026-09-23 11:34:30,880] {scheduler_job.py:182} INFO - Started process (PID=675) to work on /home/airflow/.local/lib/python3.6/site-packages/airflow/example_dags/example_external_task_marker_dag.py
[2026-09-23 11:34:30,882] {scheduler_job.py:629} INFO - Processing file /home/airflow/.local/lib/python3.6/site-packages/airflow/example_dags/example_external_task_marker_dag.py for tasks to queue
[2026-09-23 11:34:30,883] {logging_mixin.py:104} INFO - [2026-09-23 11:34:30,883] {dagbag.py:451} INFO - Filling up the DagBag from /home/airflow/.local/lib/python3.6/site-packages/airflow/example_dags/example_external_task_marker_dag.py
[2026-09-23 11:34:30,897] {scheduler_job.py:639} INFO - DAG(s) dict_keys(['example_external_task_marker_parent', 'example_external_task_marker_child']) retrieved from /home/airflow/.local/lib/python3.6/site-packages/airflow/example_dags/example_external_task_marker_dag.py
[2026-09-23 11:34:30,928] {logging_mixin.py:104} INFO - [2026-09-23 11:34:30,928] {dag.py:1824} INFO - Sync 2 DAGs
[2026-09-23 11:34:30,948] {logging_mixin.py:104} INFO - [2026-09-23 11:34:30,948] {dag.py:2280} INFO - Setting next_dagrun for example_external_task_marker_child to None
[2026-09-23 11:34:30,949] {logging_mixin.py:104} INFO - [2026-09-23 11:34:30,949] {dag.py:2280} INFO - Setting next_dagrun for example_external_task_marker_parent to None
[2026-09-23 11:34:30,965] {scheduler_job.py:190} INFO - Processing /home/airflow/.local/lib/python3.6/site-packages/airflow/example_dags/example_external_task_marker_dag.py took 0.089 seconds
[2026-09-23 11:35:01,434] {scheduler_job.py:182} INFO - Started process (PID=701) to work on /home/airflow/.local/lib/python3.6/site-packages/airflow/example_dags/example_external_task_marker_dag.py
[2026-09-23 11:35:01,435] {scheduler_job.py:629} INFO - Processing file /home/airflow/.local/lib/python3.6/site-packages/airflow/example_dags/example_external_task_marker_dag.py for tasks to queue
[2026-09-23 11:35:01,436] {logging_mixin.py:104} INFO - [2026-09-23 11:35:01,436] {dagbag.py:451} INFO - Filling up the DagBag from /home/airflow/.local/lib/python3.6/site-packages/airflow/example_dags/example_external_task_marker_dag.py
[2026-09-23 11:35:01,451] {scheduler_job.py:639} INFO - DAG(s) dict_keys(['example_external_task_marker_parent', 'example_external_task_marker_child']) retrieved from /home/airflow/.local/lib/python3.6/site-packages/airflow/example_dags/example_external_task_marker_dag.py
[2026-09-23 11:35:01,485] {logging_mixin.py:104} INFO - [2026-09-23 11:35:01,485] {dag.py:1824} INFO - Sync 2 DAGs
[2026-09-23 11:35:01,507] {logging_mixin.py:104} INFO - [2026-09-23 11:35:01,507] {dag.py:2280} INFO - Setting next_dagrun for example_external_task_marker_child to None
[2026-09-23 11:35:01,509] {logging_mixin.py:104} INFO - [2026-09-23 11:35:01,509] {dag.py:2280} INFO - Setting next_dagrun for example_external_task_marker_parent to None
[2026-09-23 11:35:01,529] {scheduler_job.py:190} INFO - Processing /home/airflow/.local/lib/python3.6/site-packages/airflow/example_dags/example_external_task_marker_dag.py took 0.099 seconds
[2026-09-23 11:35:31,660] {scheduler_job.py:182} INFO - Started process (PID=727) to work on /home/airflow/.local/lib/python3.6/site-packages/airflow/example_dags/example_external_task_marker_dag.py
[2026-09-23 11:35:31,661] {scheduler_job.py:629} INFO - Processing file /home/airflow/.local/lib/python3.6/site-packages/airflow/example_dags/example_external_task_marker_dag.py for tasks to queue
[2026-09-23 11:35:31,662] {logging_mixin.py:104} INFO - [2026-09-23 11:35:31,662] {dagbag.py:451} INFO - Filling up the DagBag from /home/airflow/.local/lib/python3.6/site-packages/airflow/example_dags/example_external_task_marker_dag.py
[2026-09-23 11:35:31,690] {scheduler_job.py:639} INFO - DAG(s) dict_keys(['example_external_task_marker_parent', 'example_external_task_marker_child']) retrieved from /home/airflow/.local/lib/python3.6/site-packages/airflow/example_dags/example_external_task_marker_dag.py
[2026-09-23 11:35:31,745] {logging_mixin.py:104} INFO - [2026-09-23 11:35:31,745] {dag.py:1824} INFO - Sync 2 DAGs
[2026-09-23 11:35:31,775] {logging_mixin.py:104} INFO - [2026-09-23 11:35:31,775] {dag.py:2280} INFO - Setting next_dagrun for example_external_task_marker_child to None
[2026-09-23 11:35:31,777] {logging_mixin.py:104} INFO - [2026-09-23 11:35:31,776] {dag.py:2280} INFO - Setting next_dagrun for example_external_task_marker_parent to None
[2026-09-23 11:35:31,806] {scheduler_job.py:190} INFO - Processing /home/airflow/.local/lib/python3.6/site-packages/airflow/example_dags/example_external_task_marker_dag.py took 0.152 seconds
[2026-09-23 11:36:01,979] {scheduler_job.py:182} INFO - Started process (PID=753) to work on /home/airflow/.local/lib/python3.6/site-packages/airflow/example_dags/example_external_task_marker_dag.py
[2026-09-23 11:36:01,981] {scheduler_job.py:629} INFO - Processing file /home/airflow/.local/lib/python3.6/site-packages/airflow/example_dags/example_external_task_marker_dag.py for tasks to queue
[2026-09-23 11:36:01,982] {logging_mixin.py:104} INFO - [2026-09-23 11:36:01,982] {dagbag.py:451} INFO - Filling up the DagBag from /home/airflow/.local/lib/python3.6/site-packages/airflow/example_dags/example_external_task_marker_dag.py
[2026-09-23 11:36:02,006] {scheduler_job.py:639} INFO - DAG(s) dict_keys(['example_external_task_marker_parent', 'example_external_task_marker_child']) retrieved from /home/airflow/.local/lib/python3.6/site-packages/airflow/example_dags/example_external_task_marker_dag.py
[2026-09-23 11:36:02,056] {logging_mixin.py:104} INFO - [2026-09-23 11:36:02,056] {dag.py:1824} INFO - Sync 2 DAGs
[2026-09-23 11:36:02,087] {logging_mixin.py:104} INFO - [2026-09-23 11:36:02,087] {dag.py:2280} INFO - Setting next_dagrun for example_external_task_marker_child to None
[2026-09-23 11:36:02,089] {logging_mixin.py:104} INFO - [2026-09-23 11:36:02,088] {dag.py:2280} INFO - Setting next_dagrun for example_external_task_marker_parent to None
[2026-09-23 11:36:02,112] {scheduler_job.py:190} INFO - Processing /home/airflow/.local/lib/python3.6/site-packages/airflow/example_dags/example_external_task_marker_dag.py took 0.139 seconds
[2026-09-23 11:36:32,292] {scheduler_job.py:182} INFO - Started process (PID=777) to work on /home/airflow/.local/lib/python3.6/site-packages/airflow/example_dags/example_external_task_marker_dag.py
[2026-09-23 11:36:32,294] {scheduler_job.py:629} INFO - Processing file /home/airflow/.local/lib/python3.6/site-packages/airflow/example_dags/example_external_task_marker_dag.py for tasks to queue
[2026-09-23 11:36:32,295] {logging_mixin.py:104} INFO - [2026-09-23 11:36:32,295] {dagbag.py:451} INFO - Filling up the DagBag from /home/airflow/.local/lib/python3.6/site-packages/airflow/example_dags/example_external_task_marker_dag.py
[2026-09-23 11:36:32,318] {scheduler_job.py:639} INFO - DAG(s) dict_keys(['example_external_task_marker_parent', 'example_external_task_marker_child']) retrieved from /home/airflow/.local/lib/python3.6/site-packages/airflow/example_dags/example_external_task_marker_dag.py
[2026-09-23 11:36:32,371] {logging_mixin.py:104} INFO - [2026-09-23 11:36:32,371] {dag.py:1824} INFO - Sync 2 DAGs
[2026-09-23 11:36:32,400] {logging_mixin.py:104} INFO - [2026-09-23 11:36:32,399] {dag.py:2280} INFO - Setting next_dagrun for example_external_task_marker_child to None
[2026-09-23 11:36:32,402] {logging_mixin.py:104} INFO - [2026-09-23 11:36:32,401] {dag.py:2280} INFO - Setting next_dagrun for example_external_task_marker_parent to None
[2026-09-23 11:36:32,423] {scheduler_job.py:190} INFO - Processing /home/airflow/.local/lib/python3.6/site-packages/airflow/example_dags/example_external_task_marker_dag.py took 0.137 seconds
[2026-09-23 11:37:02,757] {scheduler_job.py:182} INFO - Started process (PID=803) to work on /home/airflow/.local/lib/python3.6/site-packages/airflow/example_dags/example_external_task_marker_dag.py
[2026-09-23 11:37:02,758] {scheduler_job.py:629} INFO - Processing file /home/airflow/.local/lib/python3.6/site-packages/airflow/example_dags/example_external_task_marker_dag.py for tasks to queue
[2026-09-23 11:37:02,759] {logging_mixin.py:104} INFO - [2026-09-23 11:37:02,759] {dagbag.py:451} INFO - Filling up the DagBag from /home/airflow/.local/lib/python3.6/site-packages/airflow/example_dags/example_external_task_marker_dag.py
[2026-09-23 11:37:02,777] {scheduler_job.py:639} INFO - DAG(s) dict_keys(['example_external_task_marker_parent', 'example_external_task_marker_child']) retrieved from /home/airflow/.local/lib/python3.6/site-packages/airflow/example_dags/example_external_task_marker_dag.py
[2026-09-23 11:37:02,815] {logging_mixin.py:104} INFO - [2026-09-23 11:37:02,815] {dag.py:1824} INFO - Sync 2 DAGs
[2026-09-23 11:37:02,841] {logging_mixin.py:104} INFO - [2026-09-23 11:37:02,841] {dag.py:2280} INFO - Setting next_dagrun for example_external_task_marker_child to None
[2026-09-23 11:37:02,843] {logging_mixin.py:104} INFO - [2026-09-23 11:37:02,843] {dag.py:2280} INFO - Setting next_dagrun for example_external_task_marker_parent to None
[2026-09-23 11:37:02,861] {scheduler_job.py:190} INFO - Processing /home/airflow/.local/lib/python3.6/site-packages/airflow/example_dags/example_external_task_marker_dag.py took 0.109 seconds
[2026-09-23 11:37:32,951] {scheduler_job.py:182} INFO - Started process (PID=829) to work on /home/airflow/.local/lib/python3.6/site-packages/airflow/example_dags/example_external_task_marker_dag.py
[2026-09-23 11:37:32,953] {scheduler_job.py:629} INFO - Processing file /home/airflow/.local/lib/python3.6/site-packages/airflow/example_dags/example_external_task_marker_dag.py for tasks to queue
[2026-09-23 11:37:32,954] {logging_mixin.py:104} INFO - [2026-09-23 11:37:32,954] {dagbag.py:451} INFO - Filling up the DagBag from /home/airflow/.local/lib/python3.6/site-packages/airflow/example_dags/example_external_task_marker_dag.py
[2026-09-23 11:37:32,983] {scheduler_job.py:639} INFO - DAG(s) dict_keys(['example_external_task_marker_parent', 'example_external_task_marker_child']) retrieved from /home/airflow/.local/lib/python3.6/site-packages/airflow/example_dags/example_external_task_marker_dag.py
[2026-09-23 11:37:33,057] {logging_mixin.py:104} INFO - [2026-09-23 11:37:33,057] {dag.py:1824} INFO - Sync 2 DAGs
[2026-09-23 11:37:33,094] {logging_mixin.py:104} INFO - [2026-09-23 11:37:33,093] {dag.py:2280} INFO - Setting next_dagrun for example_external_task_marker_child to None
[2026-09-23 11:37:33,095] {logging_mixin.py:104} INFO - [2026-09-23 11:37:33,095] {dag.py:2280} INFO - Setting next_dagrun for example_external_task_marker_parent to None
[2026-09-23 11:37:33,125] {scheduler_job.py:190} INFO - Processing /home/airflow/.local/lib/python3.6/site-packages/airflow/example_dags/example_external_task_marker_dag.py took 0.182 seconds
[2026-09-23 11:38:03,233] {scheduler_job.py:182} INFO - Started process (PID=855) to work on /home/airflow/.local/lib/python3.6/site-packages/airflow/example_dags/example_external_task_marker_dag.py
[2026-09-23 11:38:03,235] {scheduler_job.py:629} INFO - Processing file /home/airflow/.local/lib/python3.6/site-packages/airflow/example_dags/example_external_task_marker_dag.py for tasks to queue
[2026-09-23 11:38:03,237] {logging_mixin.py:104} INFO - [2026-09-23 11:38:03,236] {dagbag.py:451} INFO - Filling up the DagBag from /home/airflow/.local/lib/python3.6/site-packages/airflow/example_dags/example_external_task_marker_dag.py
[2026-09-23 11:38:03,261] {scheduler_job.py:639} INFO - DAG(s) dict_keys(['example_external_task_marker_parent', 'example_external_task_marker_child']) retrieved from /home/airflow/.local/lib/python3.6/site-packages/airflow/example_dags/example_external_task_marker_dag.py
[2026-09-23 11:38:03,314] {logging_mixin.py:104} INFO - [2026-09-23 11:38:03,313] {dag.py:1824} INFO - Sync 2 DAGs
[2026-09-23 11:38:03,347] {logging_mixin.py:104} INFO - [2026-09-23 11:38:03,347] {dag.py:2280} INFO - Setting next_dagrun for example_external_task_marker_child to None
[2026-09-23 11:38:03,348] {logging_mixin.py:104} INFO - [2026-09-23 11:38:03,348] {dag.py:2280} INFO - Setting next_dagrun for example_external_task_marker_parent to None
[2026-09-23 11:38:03,371] {scheduler_job.py:190} INFO - Processing /home/airflow/.local/lib/python3.6/site-packages/airflow/example_dags/example_external_task_marker_dag.py took 0.144 seconds
[2026-09-23 11:38:33,781] {scheduler_job.py:182} INFO - Started process (PID=881) to work on /home/airflow/.local/lib/python3.6/site-packages/airflow/example_dags/example_external_task_marker_dag.py
[2026-09-23 11:38:33,783] {scheduler_job.py:629} INFO - Processing file /home/airflow/.local/lib/python3.6/site-packages/airflow/example_dags/example_external_task_marker_dag.py for tasks to queue
[2026-09-23 11:38:33,783] {logging_mixin.py:104} INFO - [2026-09-23 11:38:33,783] {dagbag.py:451} INFO - Filling up the DagBag from /home/airflow/.local/lib/python3.6/site-packages/airflow/example_dags/example_external_task_marker_dag.py
[2026-09-23 11:38:33,802] {scheduler_job.py:639} INFO - DAG(s) dict_keys(['example_external_task_marker_parent', 'example_external_task_marker_child']) retrieved from /home/airflow/.local/lib/python3.6/site-packages/airflow/example_dags/example_external_task_marker_dag.py
[2026-09-23 11:38:33,842] {logging_mixin.py:104} INFO - [2026-09-23 11:38:33,842] {dag.py:1824} INFO - Sync 2 DAGs
[2026-09-23 11:38:33,867] {logging_mixin.py:104} INFO - [2026-09-23 11:38:33,867] {dag.py:2280} INFO - Setting next_dagrun for example_external_task_marker_child to None
[2026-09-23 11:38:33,869] {logging_mixin.py:104} INFO - [2026-09-23 11:38:33,869] {dag.py:2280} INFO - Setting next_dagrun for example_external_task_marker_parent to None
[2026-09-23 11:38:33,888] {scheduler_job.py:190} INFO - Processing /home/airflow/.local/lib/python3.6/site-packages/airflow/example_dags/example_external_task_marker_dag.py took 0.111 seconds
[2026-09-23 11:39:04,722] {scheduler_job.py:182} INFO - Started process (PID=910) to work on /home/airflow/.local/lib/python3.6/site-packages/airflow/example_dags/example_external_task_marker_dag.py
[2026-09-23 11:39:04,725] {scheduler_job.py:629} INFO - Processing file /home/airflow/.local/lib/python3.6/site-packages/airflow/example_dags/example_external_task_marker_dag.py for tasks to queue
[2026-09-23 11:39:04,726] {logging_mixin.py:104} INFO - [2026-09-23 11:39:04,726] {dagbag.py:451} INFO - Filling up the DagBag from /home/airflow/.local/lib/python3.6/site-packages/airflow/example_dags/example_external_task_marker_dag.py
[2026-09-23 11:39:04,764] {scheduler_job.py:639} INFO - DAG(s) dict_keys(['example_external_task_marker_parent', 'example_external_task_marker_child']) retrieved from /home/airflow/.local/lib/python3.6/site-packages/airflow/example_dags/example_external_task_marker_dag.py
[2026-09-23 11:39:04,827] {logging_mixin.py:104} INFO - [2026-09-23 11:39:04,826] {dag.py:1824} INFO - Sync 2 DAGs
[2026-09-23 11:39:04,866] {logging_mixin.py:104} INFO - [2026-09-23 11:39:04,866] {dag.py:2280} INFO - Setting next_dagrun for example_external_task_marker_child to None
[2026-09-23 11:39:04,868] {logging_mixin.py:104} INFO - [2026-09-23 11:39:04,868] {dag.py:2280} INFO - Setting next_dagrun for example_external_task_marker_parent to None
[2026-09-23 11:39:04,896] {scheduler_job.py:190} INFO - Processing /home/airflow/.local/lib/python3.6/site-packages/airflow/example_dags/example_external_task_marker_dag.py took 0.184 seconds
[2026-09-23 11:39:35,037] {scheduler_job.py:182} INFO - Started process (PID=936) to work on /home/airflow/.local/lib/python3.6/site-packages/airflow/example_dags/example_external_task_marker_dag.py
[2026-09-23 11:39:35,042] {scheduler_job.py:629} INFO - Processing file /home/airflow/.local/lib/python3.6/site-packages/airflow/example_dags/example_external_task_marker_dag.py for tasks to queue
[2026-09-23 11:39:35,043] {logging_mixin.py:104} INFO - [2026-09-23 11:39:35,043] {dagbag.py:451} INFO - Filling up the DagBag from /home/airflow/.local/lib/python3.6/site-packages/airflow/example_dags/example_external_task_marker_dag.py
[2026-09-23 11:39:35,066] {scheduler_job.py:639} INFO - DAG(s) dict_keys(['example_external_task_marker_parent', 'example_external_task_marker_child']) retrieved from /home/airflow/.local/lib/python3.6/site-packages/airflow/example_dags/example_external_task_marker_dag.py
[2026-09-23 11:39:35,110] {logging_mixin.py:104} INFO - [2026-09-23 11:39:35,110] {dag.py:1824} INFO - Sync 2 DAGs
[2026-09-23 11:39:35,150] {logging_mixin.py:104} INFO - [2026-09-23 11:39:35,149] {dag.py:2280} INFO - Setting next_dagrun for example_external_task_marker_child to None
[2026-09-23 11:39:35,151] {logging_mixin.py:104} INFO - [2026-09-23 11:39:35,151] {dag.py:2280} INFO - Setting next_dagrun for example_external_task_marker_parent to None
[2026-09-23 11:39:35,209] {scheduler_job.py:190} INFO - Processing /home/airflow/.local/lib/python3.6/site-packages/airflow/example_dags/example_external_task_marker_dag.py took 0.178 seconds
[2026-09-23 11:40:05,357] {scheduler_job.py:182} INFO - Started process (PID=959) to work on /home/airflow/.local/lib/python3.6/site-packages/airflow/example_dags/example_external_task_marker_dag.py
[2026-09-23 11:40:05,361] {scheduler_job.py:629} INFO - Processing file /home/airflow/.local/lib/python3.6/site-packages/airflow/example_dags/example_external_task_marker_dag.py for tasks to queue
[2026-09-23 11:40:05,362] {logging_mixin.py:104} INFO - [2026-09-23 11:40:05,362] {dagbag.py:451} INFO - Filling up the DagBag from /home/airflow/.local/lib/python3.6/site-packages/airflow/example_dags/example_external_task_marker_dag.py
[2026-09-23 11:40:05,389] {scheduler_job.py:639} INFO - DAG(s) dict_keys(['example_external_task_marker_parent', 'example_external_task_marker_child']) retrieved from /home/airflow/.local/lib/python3.6/site-packages/airflow/example_dags/example_external_task_marker_dag.py
[2026-09-23 11:40:05,438] {logging_mixin.py:104} INFO - [2026-09-23 11:40:05,438] {dag.py:1824} INFO - Sync 2 DAGs
[2026-09-23 11:40:05,474] {logging_mixin.py:104} INFO - [2026-09-23 11:40:05,474] {dag.py:2280} INFO - Setting next_dagrun for example_external_task_marker_child to None
[2026-09-23 11:40:05,478] {logging_mixin.py:104} INFO - [2026-09-23 11:40:05,478] {dag.py:2280} INFO - Setting next_dagrun for example_external_task_marker_parent to None
[2026-09-23 11:40:05,521] {scheduler_job.py:190} INFO - Processing /home/airflow/.local/lib/python3.6/site-packages/airflow/example_dags/example_external_task_marker_dag.py took 0.171 seconds
[2026-09-23 11:40:35,743] {scheduler_job.py:182} INFO - Started process (PID=985) to work on /home/airflow/.local/lib/python3.6/site-packages/airflow/example_dags/example_external_task_marker_dag.py
[2026-09-23 11:40:35,745] {scheduler_job.py:629} INFO - Processing file /home/airflow/.local/lib/python3.6/site-packages/airflow/example_dags/example_external_task_marker_dag.py for tasks to queue
[2026-09-23 11:40:35,746] {logging_mixin.py:104} INFO - [2026-09-23 11:40:35,745] {dagbag.py:451} INFO - Filling up the DagBag from /home/airflow/.local/lib/python3.6/site-packages/airflow/example_dags/example_external_task_marker_dag.py
[2026-09-23 11:40:35,767] {scheduler_job.py:639} INFO - DAG(s) dict_keys(['example_external_task_marker_parent', 'example_external_task_marker_child']) retrieved from /home/airflow/.local/lib/python3.6/site-packages/airflow/example_dags/example_external_task_marker_dag.py
[2026-09-23 11:40:35,824] {logging_mixin.py:104} INFO - [2026-09-23 11:40:35,824] {dag.py:1824} INFO - Sync 2 DAGs
[2026-09-23 11:40:35,855] {logging_mixin.py:104} INFO - [2026-09-23 11:40:35,855] {dag.py:2280} INFO - Setting next_dagrun for example_external_task_marker_child to None
[2026-09-23 11:40:35,857] {logging_mixin.py:104} INFO - [2026-09-23 11:40:35,857] {dag.py:2280} INFO - Setting next_dagrun for example_external_task_marker_parent to None
[2026-09-23 11:40:35,886] {scheduler_job.py:190} INFO - Processing /home/airflow/.local/lib/python3.6/site-packages/airflow/example_dags/example_external_task_marker_dag.py took 0.150 seconds
[2026-09-23 11:41:06,182] {scheduler_job.py:182} INFO - Started process (PID=1011) to work on /home/airflow/.local/lib/python3.6/site-packages/airflow/example_dags/example_external_task_marker_dag.py
[2026-09-23 11:41:06,184] {scheduler_job.py:629} INFO - Processing file /home/airflow/.local/lib/python3.6/site-packages/airflow/example_dags/example_external_task_marker_dag.py for tasks to queue
[2026-09-23 11:41:06,186] {logging_mixin.py:104} INFO - [2026-09-23 11:41:06,185] {dagbag.py:451} INFO - Filling up the DagBag from /home/airflow/.local/lib/python3.6/site-packages/airflow/example_dags/example_external_task_marker_dag.py
[2026-09-23 11:41:06,211] {scheduler_job.py:639} INFO - DAG(s) dict_keys(['example_external_task_marker_parent', 'example_external_task_marker_child']) retrieved from /home/airflow/.local/lib/python3.6/site-packages/airflow/example_dags/example_external_task_marker_dag.py
[2026-09-23 11:41:06,257] {logging_mixin.py:104} INFO - [2026-09-23 11:41:06,256] {dag.py:1824} INFO - Sync 2 DAGs
[2026-09-23 11:41:06,288] {logging_mixin.py:104} INFO - [2026-09-23 11:41:06,287] {dag.py:2280} INFO - Setting next_dagrun for example_external_task_marker_child to None
[2026-09-23 11:41:06,289] {logging_mixin.py:104} INFO - [2026-09-23 11:41:06,289] {dag.py:2280} INFO - Setting next_dagrun for example_external_task_marker_parent to None
[2026-09-23 11:41:06,316] {scheduler_job.py:190} INFO - Processing /home/airflow/.local/lib/python3.6/site-packages/airflow/example_dags/example_external_task_marker_dag.py took 0.143 seconds
[2026-09-23 11:41:37,339] {scheduler_job.py:182} INFO - Started process (PID=1040) to work on /home/airflow/.local/lib/python3.6/site-packages/airflow/example_dags/example_external_task_marker_dag.py
[2026-09-23 11:41:37,341] {scheduler_job.py:629} INFO - Processing file /home/airflow/.local/lib/python3.6/site-packages/airflow/example_dags/example_external_task_marker_dag.py for tasks to queue
[2026-09-23 11:41:37,343] {logging_mixin.py:104} INFO - [2026-09-23 11:41:37,342] {dagbag.py:451} INFO - Filling up the DagBag from /home/airflow/.local/lib/python3.6/site-packages/airflow/example_dags/example_external_task_marker_dag.py
[2026-09-23 11:41:37,381] {scheduler_job.py:639} INFO - DAG(s) dict_keys(['example_external_task_marker_parent', 'example_external_task_marker_child']) retrieved from /home/airflow/.local/lib/python3.6/site-packages/airflow/example_dags/example_external_task_marker_dag.py
[2026-09-23 11:41:37,440] {logging_mixin.py:104} INFO - [2026-09-23 11:41:37,440] {dag.py:1824} INFO - Sync 2 DAGs
[2026-09-23 11:41:37,477] {logging_mixin.py:104} INFO - [2026-09-23 11:41:37,477] {dag.py:2280} INFO - Setting next_dagrun for example_external_task_marker_child to None
[2026-09-23 11:41:37,479] {logging_mixin.py:104} INFO - [2026-09-23 11:41:37,479] {dag.py:2280} INFO - Setting next_dagrun for example_external_task_marker_parent to None
[2026-09-23 11:41:37,507] {scheduler_job.py:190} INFO - Processing /home/airflow/.local/lib/python3.6/site-packages/airflow/example_dags/example_external_task_marker_dag.py took 0.175 seconds
[2026-09-23 11:42:07,742] {scheduler_job.py:182} INFO - Started process (PID=1063) to work on /home/airflow/.local/lib/python3.6/site-packages/airflow/example_dags/example_external_task_marker_dag.py
[2026-09-23 11:42:07,743] {scheduler_job.py:629} INFO - Processing file /home/airflow/.local/lib/python3.6/site-packages/airflow/example_dags/example_external_task_marker_dag.py for tasks to queue
[2026-09-23 11:42:07,745] {logging_mixin.py:104} INFO - [2026-09-23 11:42:07,744] {dagbag.py:451} INFO - Filling up the DagBag from /home/airflow/.local/lib/python3.6/site-packages/airflow/example_dags/example_external_task_marker_dag.py
[2026-09-23 11:42:07,769] {scheduler_job.py:639} INFO - DAG(s) dict_keys(['example_external_task_marker_parent', 'example_external_task_marker_child']) retrieved from /home/airflow/.local/lib/python3.6/site-packages/airflow/example_dags/example_external_task_marker_dag.py
[2026-09-23 11:42:07,812] {logging_mixin.py:104} INFO - [2026-09-23 11:42:07,811] {dag.py:1824} INFO - Sync 2 DAGs
[2026-09-23 11:42:07,841] {logging_mixin.py:104} INFO - [2026-09-23 11:42:07,841] {dag.py:2280} INFO - Setting next_dagrun for example_external_task_marker_child to None
[2026-09-23 11:42:07,843] {logging_mixin.py:104} INFO - [2026-09-23 11:42:07,843] {dag.py:2280} INFO - Setting next_dagrun for example_external_task_marker_parent to None
[2026-09-23 11:42:07,864] {scheduler_job.py:190} INFO - Processing /home/airflow/.local/lib/python3.6/site-packages/airflow/example_dags/example_external_task_marker_dag.py took 0.130 seconds
[2026-09-23 11:42:37,967] {scheduler_job.py:182} INFO - Started process (PID=1089) to work on /home/airflow/.local/lib/python3.6/site-packages/airflow/example_dags/example_external_task_marker_dag.py
[2026-09-23 11:42:37,968] {scheduler_job.py:629} INFO - Processing file /home/airflow/.local/lib/python3.6/site-packages/airflow/example_dags/example_external_task_marker_dag.py for tasks to queue
[2026-09-23 11:42:37,969] {logging_mixin.py:104} INFO - [2026-09-23 11:42:37,969] {dagbag.py:451} INFO - Filling up the DagBag from /home/airflow/.local/lib/python3.6/site-packages/airflow/example_dags/example_external_task_marker_dag.py
[2026-09-23 11:42:37,994] {scheduler_job.py:639} INFO - DAG(s) dict_keys(['example_external_task_marker_parent', 'example_external_task_marker_child']) retrieved from /home/airflow/.local/lib/python3.6/site-packages/airflow/example_dags/example_external_task_marker_dag.py
[2026-09-23 11:42:38,036] {logging_mixin.py:104} INFO - [2026-09-23 11:42:38,036] {dag.py:1824} INFO - Sync 2 DAGs
[2026-09-23 11:42:38,058] {logging_mixin.py:104} INFO - [2026-09-23 11:42:38,058] {dag.py:2280} INFO - Setting next_dagrun for example_external_task_marker_child to None
[2026-09-23 11:42:38,059] {logging_mixin.py:104} INFO - [2026-09-23 11:42:38,059] {dag.py:2280} INFO - Setting next_dagrun for example_external_task_marker_parent to None
[2026-09-23 11:42:38,084] {scheduler_job.py:190} INFO - Processing /home/airflow/.local/lib/python3.6/site-packages/airflow/example_dags/example_external_task_marker_dag.py took 0.122 seconds
[2026-09-23 11:43:08,492] {scheduler_job.py:182} INFO - Started process (PID=1115) to work on /home/airflow/.local/lib/python3.6/site-packages/airflow/example_dags/example_external_task_marker_dag.py
[2026-09-23 11:43:08,494] {scheduler_job.py:629} INFO - Processing file /home/airflow/.local/lib/python3.6/site-packages/airflow/example_dags/example_external_task_marker_dag.py for tasks to queue
[2026-09-23 11:43:08,496] {logging_mixin.py:104} INFO - [2026-09-23 11:43:08,496] {dagbag.py:451} INFO - Filling up the DagBag from /home/airflow/.local/lib/python3.6/site-packages/airflow/example_dags/example_external_task_marker_dag.py
[2026-09-23 11:43:08,529] {scheduler_job.py:639} INFO - DAG(s) dict_keys(['example_external_task_marker_parent', 'example_external_task_marker_child']) retrieved from /home/airflow/.local/lib/python3.6/site-packages/airflow/example_dags/example_external_task_marker_dag.py
[2026-09-23 11:43:08,579] {logging_mixin.py:104} INFO - [2026-09-23 11:43:08,578] {dag.py:1824} INFO - Sync 2 DAGs
[2026-09-23 11:43:08,610] {logging_mixin.py:104} INFO - [2026-09-23 11:43:08,609] {dag.py:2280} INFO - Setting next_dagrun for example_external_task_marker_child to None
[2026-09-23 11:43:08,611] {logging_mixin.py:104} INFO - [2026-09-23 11:43:08,611] {dag.py:2280} INFO - Setting next_dagrun for example_external_task_marker_parent to None
[2026-09-23 11:43:08,637] {scheduler_job.py:190} INFO - Processing /home/airflow/.local/lib/python3.6/site-packages/airflow/example_dags/example_external_task_marker_dag.py took 0.150 seconds
[2026-09-23 11:43:38,690] {scheduler_job.py:182} INFO - Started process (PID=1141) to work on /home/airflow/.local/lib/python3.6/site-packages/airflow/example_dags/example_external_task_marker_dag.py
[2026-09-23 11:43:38,692] {scheduler_job.py:629} INFO - Processing file /home/airflow/.local/lib/python3.6/site-packages/airflow/example_dags/example_external_task_marker_dag.py for tasks to queue
[2026-09-23 11:43:38,693] {logging_mixin.py:104} INFO - [2026-09-23 11:43:38,693] {dagbag.py:451} INFO - Filling up the DagBag from /home/airflow/.local/lib/python3.6/site-packages/airflow/example_dags/example_external_task_marker_dag.py
[2026-09-23 11:43:38,716] {scheduler_job.py:639} INFO - DAG(s) dict_keys(['example_external_task_marker_parent', 'example_external_task_marker_child']) retrieved from /home/airflow/.local/lib/python3.6/site-packages/airflow/example_dags/example_external_task_marker_dag.py
[2026-09-23 11:43:38,766] {logging_mixin.py:104} INFO - [2026-09-23 11:43:38,766] {dag.py:1824} INFO - Sync 2 DAGs
[2026-09-23 11:43:38,799] {logging_mixin.py:104} INFO - [2026-09-23 11:43:38,798] {dag.py:2280} INFO - Setting next_dagrun for example_external_task_marker_child to None
[2026-09-23 11:43:38,800] {logging_mixin.py:104} INFO - [2026-09-23 11:43:38,800] {dag.py:2280} INFO - Setting next_dagrun for example_external_task_marker_parent to None
[2026-09-23 11:43:38,825] {scheduler_job.py:190} INFO - Processing /home/airflow/.local/lib/python3.6/site-packages/airflow/example_dags/example_external_task_marker_dag.py took 0.141 seconds
[2026-09-23 11:44:09,982] {scheduler_job.py:182} INFO - Started process (PID=1169) to work on /home/airflow/.local/lib/python3.6/site-packages/airflow/example_dags/example_external_task_marker_dag.py
[2026-09-23 11:44:09,983] {scheduler_job.py:629} INFO - Processing file /home/airflow/.local/lib/python3.6/site-packages/airflow/example_dags/example_external_task_marker_dag.py for tasks to queue
[2026-09-23 11:44:09,985] {logging_mixin.py:104} INFO - [2026-09-23 11:44:09,984] {dagbag.py:451} INFO - Filling up the DagBag from /home/airflow/.local/lib/python3.6/site-packages/airflow/example_dags/example_external_task_marker_dag.py
[2026-09-23 11:44:10,015] {scheduler_job.py:639} INFO - DAG(s) dict_keys(['example_external_task_marker_parent', 'example_external_task_marker_child']) retrieved from /home/airflow/.local/lib/python3.6/site-packages/airflow/example_dags/example_external_task_marker_dag.py
[2026-09-23 11:44:10,051] {logging_mixin.py:104} INFO - [2026-09-23 11:44:10,051] {dag.py:1824} INFO - Sync 2 DAGs
[2026-09-23 11:44:10,070] {logging_mixin.py:104} INFO - [2026-09-23 11:44:10,070] {dag.py:2280} INFO - Setting next_dagrun for example_external_task_marker_child to None
[2026-09-23 11:44:10,071] {logging_mixin.py:104} INFO - [2026-09-23 11:44:10,071] {dag.py:2280} INFO - Setting next_dagrun for example_external_task_marker_parent to None
[2026-09-23 11:44:10,084] {scheduler_job.py:190} INFO - Processing /home/airflow/.local/lib/python3.6/site-packages/airflow/example_dags/example_external_task_marker_dag.py took 0.111 seconds
[2026-09-23 11:44:40,297] {scheduler_job.py:182} INFO - Started process (PID=1195) to work on /home/airflow/.local/lib/python3.6/site-packages/airflow/example_dags/example_external_task_marker_dag.py
[2026-09-23 11:44:40,299] {scheduler_job.py:629} INFO - Processing file /home/airflow/.local/lib/python3.6/site-packages/airflow/example_dags/example_external_task_marker_dag.py for tasks to queue
[2026-09-23 11:44:40,300] {logging_mixin.py:104} INFO - [2026-09-23 11:44:40,300] {dagbag.py:451} INFO - Filling up the DagBag from /home/airflow/.local/lib/python3.6/site-packages/airflow/example_dags/example_external_task_marker_dag.py
[2026-09-23 11:44:40,317] {scheduler_job.py:639} INFO - DAG(s) dict_keys(['example_external_task_marker_parent', 'example_external_task_marker_child']) retrieved from /home/airflow/.local/lib/python3.6/site-packages/airflow/example_dags/example_external_task_marker_dag.py
[2026-09-23 11:44:40,365] {logging_mixin.py:104} INFO - [2026-09-23 11:44:40,364] {dag.py:1824} INFO - Sync 2 DAGs
[2026-09-23 11:44:40,394] {logging_mixin.py:104} INFO - [2026-09-23 11:44:40,394] {dag.py:2280} INFO - Setting next_dagrun for example_external_task_marker_child to None
[2026-09-23 11:44:40,396] {logging_mixin.py:104} INFO - [2026-09-23 11:44:40,396] {dag.py:2280} INFO - Setting next_dagrun for example_external_task_marker_parent to None
[2026-09-23 11:44:40,421] {scheduler_job.py:190} INFO - Processing /home/airflow/.local/lib/python3.6/site-packages/airflow/example_dags/example_external_task_marker_dag.py took 0.128 seconds
[2026-09-23 11:45:10,693] {scheduler_job.py:182} INFO - Started process (PID=1222) to work on /home/airflow/.local/lib/python3.6/site-packages/airflow/example_dags/example_external_task_marker_dag.py
[2026-09-23 11:45:10,695] {scheduler_job.py:629} INFO - Processing file /home/airflow/.local/lib/python3.6/site-packages/airflow/example_dags/example_external_task_marker_dag.py for tasks to queue
[2026-09-23 11:45:10,696] {logging_mixin.py:104} INFO - [2026-09-23 11:45:10,695] {dagbag.py:451} INFO - Filling up the DagBag from /home/airflow/.local/lib/python3.6/site-packages/airflow/example_dags/example_external_task_marker_dag.py
[2026-09-23 11:45:10,714] {scheduler_job.py:639} INFO - DAG(s) dict_keys(['example_external_task_marker_parent', 'example_external_task_marker_child']) retrieved from /home/airflow/.local/lib/python3.6/site-packages/airflow/example_dags/example_external_task_marker_dag.py
[2026-09-23 11:45:10,753] {logging_mixin.py:104} INFO - [2026-09-23 11:45:10,753] {dag.py:1824} INFO - Sync 2 DAGs
[2026-09-23 11:45:10,776] {logging_mixin.py:104} INFO - [2026-09-23 11:45:10,776] {dag.py:2280} INFO - Setting next_dagrun for example_external_task_marker_child to None
[2026-09-23 11:45:10,777] {logging_mixin.py:104} INFO - [2026-09-23 11:45:10,777] {dag.py:2280} INFO - Setting next_dagrun for example_external_task_marker_parent to None
[2026-09-23 11:45:10,798] {scheduler_job.py:190} INFO - Processing /home/airflow/.local/lib/python3.6/site-packages/airflow/example_dags/example_external_task_marker_dag.py took 0.110 seconds
[2026-09-23 11:45:40,858] {scheduler_job.py:182} INFO - Started process (PID=1248) to work on /home/airflow/.local/lib/python3.6/site-packages/airflow/example_dags/example_external_task_marker_dag.py
[2026-09-23 11:45:40,859] {scheduler_job.py:629} INFO - Processing file /home/airflow/.local/lib/python3.6/site-packages/airflow/example_dags/example_external_task_marker_dag.py for tasks to queue
[2026-09-23 11:45:40,860] {logging_mixin.py:104} INFO - [2026-09-23 11:45:40,860] {dagbag.py:451} INFO - Filling up the DagBag from /home/airflow/.local/lib/python3.6/site-packages/airflow/example_dags/example_external_task_marker_dag.py
[2026-09-23 11:45:40,875] {scheduler_job.py:639} INFO - DAG(s) dict_keys(['example_external_task_marker_parent', 'example_external_task_marker_child']) retrieved from /home/airflow/.local/lib/python3.6/site-packages/airflow/example_dags/example_external_task_marker_dag.py
[2026-09-23 11:45:40,914] {logging_mixin.py:104} INFO - [2026-09-23 11:45:40,914] {dag.py:1824} INFO - Sync 2 DAGs
[2026-09-23 11:45:40,935] {logging_mixin.py:104} INFO - [2026-09-23 11:45:40,934] {dag.py:2280} INFO - Setting next_dagrun for example_external_task_marker_child to None
[2026-09-23 11:45:40,936] {logging_mixin.py:104} INFO - [2026-09-23 11:45:40,936] {dag.py:2280} INFO - Setting next_dagrun for example_external_task_marker_parent to None
[2026-09-23 11:45:40,959] {scheduler_job.py:190} INFO - Processing /home/airflow/.local/lib/python3.6/site-packages/airflow/example_dags/example_external_task_marker_dag.py took 0.106 seconds
[2026-09-23 11:46:11,033] {scheduler_job.py:182} INFO - Started process (PID=1274) to work on /home/airflow/.local/lib/python3.6/site-packages/airflow/example_dags/example_external_task_marker_dag.py
[2026-09-23 11:46:11,035] {scheduler_job.py:629} INFO - Processing file /home/airflow/.local/lib/python3.6/site-packages/airflow/example_dags/example_external_task_marker_dag.py for tasks to queue
[2026-09-23 11:46:11,036] {logging_mixin.py:104} INFO - [2026-09-23 11:46:11,035] {dagbag.py:451} INFO - Filling up the DagBag from /home/airflow/.local/lib/python3.6/site-packages/airflow/example_dags/example_external_task_marker_dag.py
[2026-09-23 11:46:11,052] {scheduler_job.py:639} INFO - DAG(s) dict_keys(['example_external_task_marker_parent', 'example_external_task_marker_child']) retrieved from /home/airflow/.local/lib/python3.6/site-packages/airflow/example_dags/example_external_task_marker_dag.py
[2026-09-23 11:46:11,089] {logging_mixin.py:104} INFO - [2026-09-23 11:46:11,089] {dag.py:1824} INFO - Sync 2 DAGs
[2026-09-23 11:46:11,109] {logging_mixin.py:104} INFO - [2026-09-23 11:46:11,109] {dag.py:2280} INFO - Setting next_dagrun for example_external_task_marker_child to None
[2026-09-23 11:46:11,110] {logging_mixin.py:104} INFO - [2026-09-23 11:46:11,110] {dag.py:2280} INFO - Setting next_dagrun for example_external_task_marker_parent to None
[2026-09-23 11:46:11,129] {scheduler_job.py:190} INFO - Processing /home/airflow/.local/lib/python3.6/site-packages/airflow/example_dags/example_external_task_marker_dag.py took 0.100 seconds
[2026-09-23 11:46:41,537] {scheduler_job.py:182} INFO - Started process (PID=1296) to work on /home/airflow/.local/lib/python3.6/site-packages/airflow/example_dags/example_external_task_marker_dag.py
[2026-09-23 11:46:41,542] {scheduler_job.py:629} INFO - Processing file /home/airflow/.local/lib/python3.6/site-packages/airflow/example_dags/example_external_task_marker_dag.py for tasks to queue
[2026-09-23 11:46:41,544] {logging_mixin.py:104} INFO - [2026-09-23 11:46:41,543] {dagbag.py:451} INFO - Filling up the DagBag from /home/airflow/.local/lib/python3.6/site-packages/airflow/example_dags/example_external_task_marker_dag.py
[2026-09-23 11:46:41,588] {scheduler_job.py:639} INFO - DAG(s) dict_keys(['example_external_task_marker_parent', 'example_external_task_marker_child']) retrieved from /home/airflow/.local/lib/python3.6/site-packages/airflow/example_dags/example_external_task_marker_dag.py
[2026-09-23 11:46:41,677] {logging_mixin.py:104} INFO - [2026-09-23 11:46:41,677] {dag.py:1824} INFO - Sync 2 DAGs
[2026-09-23 11:46:41,712] {logging_mixin.py:104} INFO - [2026-09-23 11:46:41,712] {dag.py:2280} INFO - Setting next_dagrun for example_external_task_marker_child to None
[2026-09-23 11:46:41,714] {logging_mixin.py:104} INFO - [2026-09-23 11:46:41,714] {dag.py:2280} INFO - Setting next_dagrun for example_external_task_marker_parent to None
[2026-09-23 11:46:41,738] {scheduler_job.py:190} INFO - Processing /home/airflow/.local/lib/python3.6/site-packages/airflow/example_dags/example_external_task_marker_dag.py took 0.209 seconds
[2026-09-23 11:47:12,594] {scheduler_job.py:182} INFO - Started process (PID=1323) to work on /home/airflow/.local/lib/python3.6/site-packages/airflow/example_dags/example_external_task_marker_dag.py
[2026-09-23 11:47:12,596] {scheduler_job.py:629} INFO - Processing file /home/airflow/.local/lib/python3.6/site-packages/airflow/example_dags/example_external_task_marker_dag.py for tasks to queue
[2026-09-23 11:47:12,597] {logging_mixin.py:104} INFO - [2026-09-23 11:47:12,597] {dagbag.py:451} INFO - Filling up the DagBag from /home/airflow/.local/lib/python3.6/site-packages/airflow/example_dags/example_external_task_marker_dag.py
[2026-09-23 11:47:12,613] {scheduler_job.py:639} INFO - DAG(s) dict_keys(['example_external_task_marker_parent', 'example_external_task_marker_child']) retrieved from /home/airflow/.local/lib/python3.6/site-packages/airflow/example_dags/example_external_task_marker_dag.py
[2026-09-23 11:47:12,651] {logging_mixin.py:104} INFO - [2026-09-23 11:47:12,651] {dag.py:1824} INFO - Sync 2 DAGs
[2026-09-23 11:47:12,674] {logging_mixin.py:104} INFO - [2026-09-23 11:47:12,674] {dag.py:2280} INFO - Setting next_dagrun for example_external_task_marker_child to None
[2026-09-23 11:47:12,677] {logging_mixin.py:104} INFO - [2026-09-23 11:47:12,676] {dag.py:2280} INFO - Setting next_dagrun for example_external_task_marker_parent to None
[2026-09-23 11:47:12,692] {scheduler_job.py:190} INFO - Processing /home/airflow/.local/lib/python3.6/site-packages/airflow/example_dags/example_external_task_marker_dag.py took 0.103 seconds
[2026-09-23 11:47:42,904] {scheduler_job.py:182} INFO - Started process (PID=1347) to work on /home/airflow/.local/lib/python3.6/site-packages/airflow/example_dags/example_external_task_marker_dag.py
[2026-09-23 11:47:42,908] {scheduler_job.py:629} INFO - Processing file /home/airflow/.local/lib/python3.6/site-packages/airflow/example_dags/example_external_task_marker_dag.py for tasks to queue
[2026-09-23 11:47:42,911] {logging_mixin.py:104} INFO - [2026-09-23 11:47:42,911] {dagbag.py:451} INFO - Filling up the DagBag from /home/airflow/.local/lib/python3.6/site-packages/airflow/example_dags/example_external_task_marker_dag.py
[2026-09-23 11:47:42,947] {scheduler_job.py:639} INFO - DAG(s) dict_keys(['example_external_task_marker_parent', 'example_external_task_marker_child']) retrieved from /home/airflow/.local/lib/python3.6/site-packages/airflow/example_dags/example_external_task_marker_dag.py
[2026-09-23 11:47:42,990] {logging_mixin.py:104} INFO - [2026-09-23 11:47:42,990] {dag.py:1824} INFO - Sync 2 DAGs
[2026-09-23 11:47:43,024] {logging_mixin.py:104} INFO - [2026-09-23 11:47:43,024] {dag.py:2280} INFO - Setting next_dagrun for example_external_task_marker_child to None
[2026-09-23 11:47:43,027] {logging_mixin.py:104} INFO - [2026-09-23 11:47:43,026] {dag.py:2280} INFO - Setting next_dagrun for example_external_task_marker_parent to None
[2026-09-23 11:47:43,058] {scheduler_job.py:190} INFO - Processing /home/airflow/.local/lib/python3.6/site-packages/airflow/example_dags/example_external_task_marker_dag.py took 0.175 seconds
[2026-09-23 11:48:13,433] {scheduler_job.py:182} INFO - Started process (PID=1373) to work on /home/airflow/.local/lib/python3.6/site-packages/airflow/example_dags/example_external_task_marker_dag.py
[2026-09-23 11:48:13,435] {scheduler_job.py:629} INFO - Processing file /home/airflow/.local/lib/python3.6/site-packages/airflow/example_dags/example_external_task_marker_dag.py for tasks to queue
[2026-09-23 11:48:13,435] {logging_mixin.py:104} INFO - [2026-09-23 11:48:13,435] {dagbag.py:451} INFO - Filling up the DagBag from /home/airflow/.local/lib/python3.6/site-packages/airflow/example_dags/example_external_task_marker_dag.py
[2026-09-23 11:48:13,451] {scheduler_job.py:639} INFO - DAG(s) dict_keys(['example_external_task_marker_parent', 'example_external_task_marker_child']) retrieved from /home/airflow/.local/lib/python3.6/site-packages/airflow/example_dags/example_external_task_marker_dag.py
[2026-09-23 11:48:13,499] {logging_mixin.py:104} INFO - [2026-09-23 11:48:13,498] {dag.py:1824} INFO - Sync 2 DAGs
[2026-09-23 11:48:13,525] {logging_mixin.py:104} INFO - [2026-09-23 11:48:13,525] {dag.py:2280} INFO - Setting next_dagrun for example_external_task_marker_child to None
[2026-09-23 11:48:13,526] {logging_mixin.py:104} INFO - [2026-09-23 11:48:13,526] {dag.py:2280} INFO - Setting next_dagrun for example_external_task_marker_parent to None
[2026-09-23 11:48:13,546] {scheduler_job.py:190} INFO - Processing /home/airflow/.local/lib/python3.6/site-packages/airflow/example_dags/example_external_task_marker_dag.py took 0.117 seconds
[2026-09-23 11:48:44,148] {scheduler_job.py:182} INFO - Started process (PID=1401) to work on /home/airflow/.local/lib/python3.6/site-packages/airflow/example_dags/example_external_task_marker_dag.py
[2026-09-23 11:48:44,149] {scheduler_job.py:629} INFO - Processing file /home/airflow/.local/lib/python3.6/site-packages/airflow/example_dags/example_external_task_marker_dag.py for tasks to queue
[2026-09-23 11:48:44,150] {logging_mixin.py:104} INFO - [2026-09-23 11:48:44,150] {dagbag.py:451} INFO - Filling up the DagBag from /home/airflow/.local/lib/python3.6/site-packages/airflow/example_dags/example_external_task_marker_dag.py
[2026-09-23 11:48:44,166] {scheduler_job.py:639} INFO - DAG(s) dict_keys(['example_external_task_marker_parent', 'example_external_task_marker_child']) retrieved from /home/airflow/.local/lib/python3.6/site-packages/airflow/example_dags/example_external_task_marker_dag.py
[2026-09-23 11:48:44,198] {logging_mixin.py:104} INFO - [2026-09-23 11:48:44,198] {dag.py:1824} INFO - Sync 2 DAGs
[2026-09-23 11:48:44,219] {logging_mixin.py:104} INFO - [2026-09-23 11:48:44,218] {dag.py:2280} INFO - Setting next_dagrun for example_external_task_marker_child to None
[2026-09-23 11:48:44,220] {logging_mixin.py:104} INFO - [2026-09-23 11:48:44,220] {dag.py:2280} INFO - Setting next_dagrun for example_external_task_marker_parent to None
[2026-09-23 11:48:44,238] {scheduler_job.py:190} INFO - Processing /home/airflow/.local/lib/python3.6/site-packages/airflow/example_dags/example_external_task_marker_dag.py took 0.095 seconds
[2026-09-23 11:49:14,860] {scheduler_job.py:182} INFO - Started process (PID=1427) to work on /home/airflow/.local/lib/python3.6/site-packages/airflow/example_dags/example_external_task_marker_dag.py
[2026-09-23 11:49:14,863] {scheduler_job.py:629} INFO - Processing file /home/airflow/.local/lib/python3.6/site-packages/airflow/example_dags/example_external_task_marker_dag.py for tasks to queue
[2026-09-23 11:49:14,864] {logging_mixin.py:104} INFO - [2026-09-23 11:49:14,864] {dagbag.py:451} INFO - Filling up the DagBag from /home/airflow/.local/lib/python3.6/site-packages/airflow/example_dags/example_external_task_marker_dag.py
[2026-09-23 11:49:14,901] {scheduler_job.py:639} INFO - DAG(s) dict_keys(['example_external_task_marker_parent', 'example_external_task_marker_child']) retrieved from /home/airflow/.local/lib/python3.6/site-packages/airflow/example_dags/example_external_task_marker_dag.py
[2026-09-23 11:49:14,962] {logging_mixin.py:104} INFO - [2026-09-23 11:49:14,961] {dag.py:1824} INFO - Sync 2 DAGs
[2026-09-23 11:49:14,992] {logging_mixin.py:104} INFO - [2026-09-23 11:49:14,992] {dag.py:2280} INFO - Setting next_dagrun for example_external_task_marker_child to None
[2026-09-23 11:49:14,994] {logging_mixin.py:104} INFO - [2026-09-23 11:49:14,994] {dag.py:2280} INFO - Setting next_dagrun for example_external_task_marker_parent to None
[2026-09-23 11:49:15,023] {scheduler_job.py:190} INFO - Processing /home/airflow/.local/lib/python3.6/site-packages/airflow/example_dags/example_external_task_marker_dag.py took 0.168 seconds
[2026-09-23 11:49:45,072] {scheduler_job.py:182} INFO - Started process (PID=1453) to work on /home/airflow/.local/lib/python3.6/site-packages/airflow/example_dags/example_external_task_marker_dag.py
[2026-09-23 11:49:45,073] {scheduler_job.py:629} INFO - Processing file /home/airflow/.local/lib/python3.6/site-packages/airflow/example_dags/example_external_task_marker_dag.py for tasks to queue
[2026-09-23 11:49:45,074] {logging_mixin.py:104} INFO - [2026-09-23 11:49:45,074] {dagbag.py:451} INFO - Filling up the DagBag from /home/airflow/.local/lib/python3.6/site-packages/airflow/example_dags/example_external_task_marker_dag.py
[2026-09-23 11:49:45,089] {scheduler_job.py:639} INFO - DAG(s) dict_keys(['example_external_task_marker_parent', 'example_external_task_marker_child']) retrieved from /home/airflow/.local/lib/python3.6/site-packages/airflow/example_dags/example_external_task_marker_dag.py
[2026-09-23 11:49:45,131] {logging_mixin.py:104} INFO - [2026-09-23 11:49:45,130] {dag.py:1824} INFO - Sync 2 DAGs
[2026-09-23 11:49:45,155] {logging_mixin.py:104} INFO - [2026-09-23 11:49:45,155] {dag.py:2280} INFO - Setting next_dagrun for example_external_task_marker_child to None
[2026-09-23 11:49:45,156] {logging_mixin.py:104} INFO - [2026-09-23 11:49:45,156] {dag.py:2280} INFO - Setting next_dagrun for example_external_task_marker_parent to None
[2026-09-23 11:49:45,173] {scheduler_job.py:190} INFO - Processing /home/airflow/.local/lib/python3.6/site-packages/airflow/example_dags/example_external_task_marker_dag.py took 0.104 seconds
[2026-09-23 11:50:15,966] {scheduler_job.py:182} INFO - Started process (PID=1479) to work on /home/airflow/.local/lib/python3.6/site-packages/airflow/example_dags/example_external_task_marker_dag.py
[2026-09-23 11:50:15,968] {scheduler_job.py:629} INFO - Processing file /home/airflow/.local/lib/python3.6/site-packages/airflow/example_dags/example_external_task_marker_dag.py for tasks to queue
[2026-09-23 11:50:15,969] {logging_mixin.py:104} INFO - [2026-09-23 11:50:15,969] {dagbag.py:451} INFO - Filling up the DagBag from /home/airflow/.local/lib/python3.6/site-packages/airflow/example_dags/example_external_task_marker_dag.py
[2026-09-23 11:50:15,994] {scheduler_job.py:639} INFO - DAG(s) dict_keys(['example_external_task_marker_parent', 'example_external_task_marker_child']) retrieved from /home/airflow/.local/lib/python3.6/site-packages/airflow/example_dags/example_external_task_marker_dag.py
[2026-09-23 11:50:16,050] {logging_mixin.py:104} INFO - [2026-09-23 11:50:16,050] {dag.py:1824} INFO - Sync 2 DAGs
[2026-09-23 11:50:16,083] {logging_mixin.py:104} INFO - [2026-09-23 11:50:16,083] {dag.py:2280} INFO - Setting next_dagrun for example_external_task_marker_child to None
[2026-09-23 11:50:16,085] {logging_mixin.py:104} INFO - [2026-09-23 11:50:16,084] {dag.py:2280} INFO - Setting next_dagrun for example_external_task_marker_parent to None
[2026-09-23 11:50:16,118] {scheduler_job.py:190} INFO - Processing /home/airflow/.local/lib/python3.6/site-packages/airflow/example_dags/example_external_task_marker_dag.py took 0.158 seconds
[2026-09-23 11:50:46,604] {scheduler_job.py:182} INFO - Started process (PID=1505) to work on /home/airflow/.local/lib/python3.6/site-packages/airflow/example_dags/example_external_task_marker_dag.py
[2026-09-23 11:50:46,605] {scheduler_job.py:629} INFO - Processing file /home/airflow/.local/lib/python3.6/site-packages/airflow/example_dags/example_external_task_marker_dag.py for tasks to queue
[2026-09-23 11:50:46,606] {logging_mixin.py:104} INFO - [2026-09-23 11:50:46,605] {dagbag.py:451} INFO - Filling up the DagBag from /home/airflow/.local/lib/python3.6/site-packages/airflow/example_dags/example_external_task_marker_dag.py
[2026-09-23 11:50:46,623] {scheduler_job.py:639} INFO - DAG(s) dict_keys(['example_external_task_marker_parent', 'example_external_task_marker_child']) retrieved from /home/airflow/.local/lib/python3.6/site-packages/airflow/example_dags/example_external_task_marker_dag.py
[2026-09-23 11:50:46,666] {logging_mixin.py:104} INFO - [2026-09-23 11:50:46,665] {dag.py:1824} INFO - Sync 2 DAGs
[2026-09-23 11:50:46,691] {logging_mixin.py:104} INFO - [2026-09-23 11:50:46,691] {dag.py:2280} INFO - Setting next_dagrun for example_external_task_marker_child to None
[2026-09-23 11:50:46,692] {logging_mixin.py:104} INFO - [2026-09-23 11:50:46,692] {dag.py:2280} INFO - Setting next_dagrun for example_external_task_marker_parent to None
[2026-09-23 11:50:46,711] {scheduler_job.py:190} INFO - Processing /home/airflow/.local/lib/python3.6/site-packages/airflow/example_dags/example_external_task_marker_dag.py took 0.112 seconds
[2026-09-23 11:51:17,537] {scheduler_job.py:182} INFO - Started process (PID=1531) to work on /home/airflow/.local/lib/python3.6/site-packages/airflow/example_dags/example_external_task_marker_dag.py
[2026-09-23 11:51:17,538] {scheduler_job.py:629} INFO - Processing file /home/airflow/.local/lib/python3.6/site-packages/airflow/example_dags/example_external_task_marker_dag.py for tasks to queue
[2026-09-23 11:51:17,539] {logging_mixin.py:104} INFO - [2026-09-23 11:51:17,539] {dagbag.py:451} INFO - Filling up the DagBag from /home/airflow/.local/lib/python3.6/site-packages/airflow/example_dags/example_external_task_marker_dag.py
[2026-09-23 11:51:17,560] {scheduler_job.py:639} INFO - DAG(s) dict_keys(['example_external_task_marker_parent', 'example_external_task_marker_child']) retrieved from /home/airflow/.local/lib/python3.6/site-packages/airflow/example_dags/example_external_task_marker_dag.py
[2026-09-23 11:51:17,610] {logging_mixin.py:104} INFO - [2026-09-23 11:51:17,610] {dag.py:1824} INFO - Sync 2 DAGs
[2026-09-23 11:51:17,637] {logging_mixin.py:104} INFO - [2026-09-23 11:51:17,637] {dag.py:2280} INFO - Setting next_dagrun for example_external_task_marker_child to None
[2026-09-23 11:51:17,638] {logging_mixin.py:104} INFO - [2026-09-23 11:51:17,638] {dag.py:2280} INFO - Setting next_dagrun for example_external_task_marker_parent to None
[2026-09-23 11:51:17,657] {scheduler_job.py:190} INFO - Processing /home/airflow/.local/lib/python3.6/site-packages/airflow/example_dags/example_external_task_marker_dag.py took 0.124 seconds
[2026-09-23 11:51:48,391] {scheduler_job.py:182} INFO - Started process (PID=1557) to work on /home/airflow/.local/lib/python3.6/site-packages/airflow/example_dags/example_external_task_marker_dag.py
[2026-09-23 11:51:48,393] {scheduler_job.py:629} INFO - Processing file /home/airflow/.local/lib/python3.6/site-packages/airflow/example_dags/example_external_task_marker_dag.py for tasks to queue
[2026-09-23 11:51:48,394] {logging_mixin.py:104} INFO - [2026-09-23 11:51:48,394] {dagbag.py:451} INFO - Filling up the DagBag from /home/airflow/.local/lib/python3.6/site-packages/airflow/example_dags/example_external_task_marker_dag.py
[2026-09-23 11:51:48,413] {scheduler_job.py:639} INFO - DAG(s) dict_keys(['example_external_task_marker_parent', 'example_external_task_marker_child']) retrieved from /home/airflow/.local/lib/python3.6/site-packages/airflow/example_dags/example_external_task_marker_dag.py
[2026-09-23 11:51:48,451] {logging_mixin.py:104} INFO - [2026-09-23 11:51:48,451] {dag.py:1824} INFO - Sync 2 DAGs
[2026-09-23 11:51:48,476] {logging_mixin.py:104} INFO - [2026-09-23 11:51:48,476] {dag.py:2280} INFO - Setting next_dagrun for example_external_task_marker_child to None
[2026-09-23 11:51:48,478] {logging_mixin.py:104} INFO - [2026-09-23 11:51:48,478] {dag.py:2280} INFO - Setting next_dagrun for example_external_task_marker_parent to None
[2026-09-23 11:51:48,499] {scheduler_job.py:190} INFO - Processing /home/airflow/.local/lib/python3.6/site-packages/airflow/example_dags/example_external_task_marker_dag.py took 0.113 seconds
[2026-09-23 11:52:19,635] {scheduler_job.py:182} INFO - Started process (PID=1583) to work on /home/airflow/.local/lib/python3.6/site-packages/airflow/example_dags/example_external_task_marker_dag.py
[2026-09-23 11:52:19,642] {scheduler_job.py:629} INFO - Processing file /home/airflow/.local/lib/python3.6/site-packages/airflow/example_dags/example_external_task_marker_dag.py for tasks to queue
[2026-09-23 11:52:19,644] {logging_mixin.py:104} INFO - [2026-09-23 11:52:19,644] {dagbag.py:451} INFO - Filling up the DagBag from /home/airflow/.local/lib/python3.6/site-packages/airflow/example_dags/example_external_task_marker_dag.py
[2026-09-23 11:52:19,665] {scheduler_job.py:639} INFO - DAG(s) dict_keys(['example_external_task_marker_parent', 'example_external_task_marker_child']) retrieved from /home/airflow/.local/lib/python3.6/site-packages/airflow/example_dags/example_external_task_marker_dag.py
[2026-09-23 11:52:19,716] {logging_mixin.py:104} INFO - [2026-09-23 11:52:19,716] {dag.py:1824} INFO - Sync 2 DAGs
[2026-09-23 11:52:19,752] {logging_mixin.py:104} INFO - [2026-09-23 11:52:19,752] {dag.py:2280} INFO - Setting next_dagrun for example_external_task_marker_child to None
[2026-09-23 11:52:19,754] {logging_mixin.py:104} INFO - [2026-09-23 11:52:19,754] {dag.py:2280} INFO - Setting next_dagrun for example_external_task_marker_parent to None
[2026-09-23 11:52:19,786] {scheduler_job.py:190} INFO - Processing /home/airflow/.local/lib/python3.6/site-packages/airflow/example_dags/example_external_task_marker_dag.py took 0.157 seconds
[2026-09-23 11:52:49,821] {scheduler_job.py:182} INFO - Started process (PID=1609) to work on /home/airflow/.local/lib/python3.6/site-packages/airflow/example_dags/example_external_task_marker_dag.py
[2026-09-23 11:52:49,823] {scheduler_job.py:629} INFO - Processing file /home/airflow/.local/lib/python3.6/site-packages/airflow/example_dags/example_external_task_marker_dag.py for tasks to queue
[2026-09-23 11:52:49,824] {logging_mixin.py:104} INFO - [2026-09-23 11:52:49,824] {dagbag.py:451} INFO - Filling up the DagBag from /home/airflow/.local/lib/python3.6/site-packages/airflow/example_dags/example_external_task_marker_dag.py
[2026-09-23 11:52:49,843] {scheduler_job.py:639} INFO - DAG(s) dict_keys(['example_external_task_marker_parent', 'example_external_task_marker_child']) retrieved from /home/airflow/.local/lib/python3.6/site-packages/airflow/example_dags/example_external_task_marker_dag.py
[2026-09-23 11:52:49,891] {logging_mixin.py:104} INFO - [2026-09-23 11:52:49,891] {dag.py:1824} INFO - Sync 2 DAGs
[2026-09-23 11:52:49,926] {logging_mixin.py:104} INFO - [2026-09-23 11:52:49,926] {dag.py:2280} INFO - Setting next_dagrun for example_external_task_marker_child to None
[2026-09-23 11:52:49,928] {logging_mixin.py:104} INFO - [2026-09-23 11:52:49,927] {dag.py:2280} INFO - Setting next_dagrun for example_external_task_marker_parent to None
[2026-09-23 11:52:49,952] {scheduler_job.py:190} INFO - Processing /home/airflow/.local/lib/python3.6/site-packages/airflow/example_dags/example_external_task_marker_dag.py took 0.135 seconds
[2026-09-23 11:53:20,002] {scheduler_job.py:182} INFO - Started process (PID=1634) to work on /home/airflow/.local/lib/python3.6/site-packages/airflow/example_dags/example_external_task_marker_dag.py
[2026-09-23 11:53:20,004] {scheduler_job.py:629} INFO - Processing file /home/airflow/.local/lib/python3.6/site-packages/airflow/example_dags/example_external_task_marker_dag.py for tasks to queue
[2026-09-23 11:53:20,005] {logging_mixin.py:104} INFO - [2026-09-23 11:53:20,004] {dagbag.py:451} INFO - Filling up the DagBag from /home/airflow/.local/lib/python3.6/site-packages/airflow/example_dags/example_external_task_marker_dag.py
[2026-09-23 11:53:20,025] {scheduler_job.py:639} INFO - DAG(s) dict_keys(['example_external_task_marker_parent', 'example_external_task_marker_child']) retrieved from /home/airflow/.local/lib/python3.6/site-packages/airflow/example_dags/example_external_task_marker_dag.py
[2026-09-23 11:53:20,074] {logging_mixin.py:104} INFO - [2026-09-23 11:53:20,073] {dag.py:1824} INFO - Sync 2 DAGs
[2026-09-23 11:53:20,107] {logging_mixin.py:104} INFO - [2026-09-23 11:53:20,107] {dag.py:2280} INFO - Setting next_dagrun for example_external_task_marker_child to None
[2026-09-23 11:53:20,109] {logging_mixin.py:104} INFO - [2026-09-23 11:53:20,109] {dag.py:2280} INFO - Setting next_dagrun for example_external_task_marker_parent to None
[2026-09-23 11:53:20,136] {scheduler_job.py:190} INFO - Processing /home/airflow/.local/lib/python3.6/site-packages/airflow/example_dags/example_external_task_marker_dag.py took 0.140 seconds
[2026-09-23 11:53:51,198] {scheduler_job.py:182} INFO - Started process (PID=1663) to work on /home/airflow/.local/lib/python3.6/site-packages/airflow/example_dags/example_external_task_marker_dag.py
[2026-09-23 11:53:51,200] {scheduler_job.py:629} INFO - Processing file /home/airflow/.local/lib/python3.6/site-packages/airflow/example_dags/example_external_task_marker_dag.py for tasks to queue
[2026-09-23 11:53:51,201] {logging_mixin.py:104} INFO - [2026-09-23 11:53:51,200] {dagbag.py:451} INFO - Filling up the DagBag from /home/airflow/.local/lib/python3.6/site-packages/airflow/example_dags/example_external_task_marker_dag.py
[2026-09-23 11:53:51,216] {scheduler_job.py:639} INFO - DAG(s) dict_keys(['example_external_task_marker_parent', 'example_external_task_marker_child']) retrieved from /home/airflow/.local/lib/python3.6/site-packages/airflow/example_dags/example_external_task_marker_dag.py
[2026-09-23 11:53:51,248] {logging_mixin.py:104} INFO - [2026-09-23 11:53:51,248] {dag.py:1824} INFO - Sync 2 DAGs
[2026-09-23 11:53:51,280] {logging_mixin.py:104} INFO - [2026-09-23 11:53:51,280] {dag.py:2280} INFO - Setting next_dagrun for example_external_task_marker_child to None
[2026-09-23 11:53:51,282] {logging_mixin.py:104} INFO - [2026-09-23 11:53:51,282] {dag.py:2280} INFO - Setting next_dagrun for example_external_task_marker_parent to None
[2026-09-23 11:53:51,302] {scheduler_job.py:190} INFO - Processing /home/airflow/.local/lib/python3.6/site-packages/airflow/example_dags/example_external_task_marker_dag.py took 0.108 seconds
[2026-09-23 11:54:22,229] {scheduler_job.py:182} INFO - Started process (PID=1689) to work on /home/airflow/.local/lib/python3.6/site-packages/airflow/example_dags/example_external_task_marker_dag.py
[2026-09-23 11:54:22,232] {scheduler_job.py:629} INFO - Processing file /home/airflow/.local/lib/python3.6/site-packages/airflow/example_dags/example_external_task_marker_dag.py for tasks to queue
[2026-09-23 11:54:22,233] {logging_mixin.py:104} INFO - [2026-09-23 11:54:22,233] {dagbag.py:451} INFO - Filling up the DagBag from /home/airflow/.local/lib/python3.6/site-packages/airflow/example_dags/example_external_task_marker_dag.py
[2026-09-23 11:54:22,257] {scheduler_job.py:639} INFO - DAG(s) dict_keys(['example_external_task_marker_parent', 'example_external_task_marker_child']) retrieved from /home/airflow/.local/lib/python3.6/site-packages/airflow/example_dags/example_external_task_marker_dag.py
[2026-09-23 11:54:22,301] {logging_mixin.py:104} INFO - [2026-09-23 11:54:22,301] {dag.py:1824} INFO - Sync 2 DAGs
[2026-09-23 11:54:22,332] {logging_mixin.py:104} INFO - [2026-09-23 11:54:22,332] {dag.py:2280} INFO - Setting next_dagrun for example_external_task_marker_child to None
[2026-09-23 11:54:22,334] {logging_mixin.py:104} INFO - [2026-09-23 11:54:22,334] {dag.py:2280} INFO - Setting next_dagrun for example_external_task_marker_parent to None
[2026-09-23 11:54:22,360] {scheduler_job.py:190} INFO - Processing /home/airflow/.local/lib/python3.6/site-packages/airflow/example_dags/example_external_task_marker_dag.py took 0.137 seconds
[2026-09-23 11:54:52,425] {scheduler_job.py:182} INFO - Started process (PID=1715) to work on /home/airflow/.local/lib/python3.6/site-packages/airflow/example_dags/example_external_task_marker_dag.py
[2026-09-23 11:54:52,427] {scheduler_job.py:629} INFO - Processing file /home/airflow/.local/lib/python3.6/site-packages/airflow/example_dags/example_external_task_marker_dag.py for tasks to queue
[2026-09-23 11:54:52,428] {logging_mixin.py:104} INFO - [2026-09-23 11:54:52,428] {dagbag.py:451} INFO - Filling up the DagBag from /home/airflow/.local/lib/python3.6/site-packages/airflow/example_dags/example_external_task_marker_dag.py
[2026-09-23 11:54:52,456] {scheduler_job.py:639} INFO - DAG(s) dict_keys(['example_external_task_marker_parent', 'example_external_task_marker_child']) retrieved from /home/airflow/.local/lib/python3.6/site-packages/airflow/example_dags/example_external_task_marker_dag.py
[2026-09-23 11:54:52,495] {logging_mixin.py:104} INFO - [2026-09-23 11:54:52,495] {dag.py:1824} INFO - Sync 2 DAGs
[2026-09-23 11:54:52,521] {logging_mixin.py:104} INFO - [2026-09-23 11:54:52,521] {dag.py:2280} INFO - Setting next_dagrun for example_external_task_marker_child to None
[2026-09-23 11:54:52,523] {logging_mixin.py:104} INFO - [2026-09-23 11:54:52,523] {dag.py:2280} INFO - Setting next_dagrun for example_external_task_marker_parent to None
[2026-09-23 11:54:52,543] {scheduler_job.py:190} INFO - Processing /home/airflow/.local/lib/python3.6/site-packages/airflow/example_dags/example_external_task_marker_dag.py took 0.124 seconds
[2026-09-23 11:55:23,364] {scheduler_job.py:182} INFO - Started process (PID=1741) to work on /home/airflow/.local/lib/python3.6/site-packages/airflow/example_dags/example_external_task_marker_dag.py
[2026-09-23 11:55:23,366] {scheduler_job.py:629} INFO - Processing file /home/airflow/.local/lib/python3.6/site-packages/airflow/example_dags/example_external_task_marker_dag.py for tasks to queue
[2026-09-23 11:55:23,367] {logging_mixin.py:104} INFO - [2026-09-23 11:55:23,367] {dagbag.py:451} INFO - Filling up the DagBag from /home/airflow/.local/lib/python3.6/site-packages/airflow/example_dags/example_external_task_marker_dag.py
[2026-09-23 11:55:23,386] {scheduler_job.py:639} INFO - DAG(s) dict_keys(['example_external_task_marker_parent', 'example_external_task_marker_child']) retrieved from /home/airflow/.local/lib/python3.6/site-packages/airflow/example_dags/example_external_task_marker_dag.py
[2026-09-23 11:55:23,426] {logging_mixin.py:104} INFO - [2026-09-23 11:55:23,426] {dag.py:1824} INFO - Sync 2 DAGs
[2026-09-23 11:55:23,460] {logging_mixin.py:104} INFO - [2026-09-23 11:55:23,460] {dag.py:2280} INFO - Setting next_dagrun for example_external_task_marker_child to None
[2026-09-23 11:55:23,462] {logging_mixin.py:104} INFO - [2026-09-23 11:55:23,462] {dag.py:2280} INFO - Setting next_dagrun for example_external_task_marker_parent to None
[2026-09-23 11:55:23,490] {scheduler_job.py:190} INFO - Processing /home/airflow/.local/lib/python3.6/site-packages/airflow/example_dags/example_external_task_marker_dag.py took 0.131 seconds
[2026-09-23 11:55:54,097] {scheduler_job.py:182} INFO - Started process (PID=1767) to work on /home/airflow/.local/lib/python3.6/site-packages/airflow/example_dags/example_external_task_marker_dag.py
[2026-09-23 11:55:54,099] {scheduler_job.py:629} INFO - Processing file /home/airflow/.local/lib/python3.6/site-packages/airflow/example_dags/example_external_task_marker_dag.py for tasks to queue
[2026-09-23 11:55:54,100] {logging_mixin.py:104} INFO - [2026-09-23 11:55:54,100] {dagbag.py:451} INFO - Filling up the DagBag from /home/airflow/.local/lib/python3.6/site-packages/airflow/example_dags/example_external_task_marker_dag.py
[2026-09-23 11:55:54,118] {scheduler_job.py:639} INFO - DAG(s) dict_keys(['example_external_task_marker_parent', 'example_external_task_marker_child']) retrieved from /home/airflow/.local/lib/python3.6/site-packages/airflow/example_dags/example_external_task_marker_dag.py
[2026-09-23 11:55:54,163] {logging_mixin.py:104} INFO - [2026-09-23 11:55:54,163] {dag.py:1824} INFO - Sync 2 DAGs
[2026-09-23 11:55:54,193] {logging_mixin.py:104} INFO - [2026-09-23 11:55:54,193] {dag.py:2280} INFO - Setting next_dagrun for example_external_task_marker_child to None
[2026-09-23 11:55:54,195] {logging_mixin.py:104} INFO - [2026-09-23 11:55:54,194] {dag.py:2280} INFO - Setting next_dagrun for example_external_task_marker_parent to None
[2026-09-23 11:55:54,224] {scheduler_job.py:190} INFO - Processing /home/airflow/.local/lib/python3.6/site-packages/airflow/example_dags/example_external_task_marker_dag.py took 0.131 seconds
[2026-09-23 11:56:24,940] {scheduler_job.py:182} INFO - Started process (PID=1793) to work on /home/airflow/.local/lib/python3.6/site-packages/airflow/example_dags/example_external_task_marker_dag.py
[2026-09-23 11:56:24,942] {scheduler_job.py:629} INFO - Processing file /home/airflow/.local/lib/python3.6/site-packages/airflow/example_dags/example_external_task_marker_dag.py for tasks to queue
[2026-09-23 11:56:24,943] {logging_mixin.py:104} INFO - [2026-09-23 11:56:24,943] {dagbag.py:451} INFO - Filling up the DagBag from /home/airflow/.local/lib/python3.6/site-packages/airflow/example_dags/example_external_task_marker_dag.py
[2026-09-23 11:56:24,965] {scheduler_job.py:639} INFO - DAG(s) dict_keys(['example_external_task_marker_parent', 'example_external_task_marker_child']) retrieved from /home/airflow/.local/lib/python3.6/site-packages/airflow/example_dags/example_external_task_marker_dag.py
[2026-09-23 11:56:25,014] {logging_mixin.py:104} INFO - [2026-09-23 11:56:25,014] {dag.py:1824} INFO - Sync 2 DAGs
[2026-09-23 11:56:25,048] {logging_mixin.py:104} INFO - [2026-09-23 11:56:25,048] {dag.py:2280} INFO - Setting next_dagrun for example_external_task_marker_child to None
[2026-09-23 11:56:25,050] {logging_mixin.py:104} INFO - [2026-09-23 11:56:25,050] {dag.py:2280} INFO - Setting next_dagrun for example_external_task_marker_parent to None
[2026-09-23 11:56:25,080] {scheduler_job.py:190} INFO - Processing /home/airflow/.local/lib/python3.6/site-packages/airflow/example_dags/example_external_task_marker_dag.py took 0.146 seconds
[2026-09-23 11:56:55,610] {scheduler_job.py:182} INFO - Started process (PID=1819) to work on /home/airflow/.local/lib/python3.6/site-packages/airflow/example_dags/example_external_task_marker_dag.py
[2026-09-23 11:56:55,612] {scheduler_job.py:629} INFO - Processing file /home/airflow/.local/lib/python3.6/site-packages/airflow/example_dags/example_external_task_marker_dag.py for tasks to queue
[2026-09-23 11:56:55,613] {logging_mixin.py:104} INFO - [2026-09-23 11:56:55,612] {dagbag.py:451} INFO - Filling up the DagBag from /home/airflow/.local/lib/python3.6/site-packages/airflow/example_dags/example_external_task_marker_dag.py
[2026-09-23 11:56:55,629] {scheduler_job.py:639} INFO - DAG(s) dict_keys(['example_external_task_marker_parent', 'example_external_task_marker_child']) retrieved from /home/airflow/.local/lib/python3.6/site-packages/airflow/example_dags/example_external_task_marker_dag.py
[2026-09-23 11:56:55,667] {logging_mixin.py:104} INFO - [2026-09-23 11:56:55,667] {dag.py:1824} INFO - Sync 2 DAGs
[2026-09-23 11:56:55,690] {logging_mixin.py:104} INFO - [2026-09-23 11:56:55,690] {dag.py:2280} INFO - Setting next_dagrun for example_external_task_marker_child to None
[2026-09-23 11:56:55,691] {logging_mixin.py:104} INFO - [2026-09-23 11:56:55,691] {dag.py:2280} INFO - Setting next_dagrun for example_external_task_marker_parent to None
[2026-09-23 11:56:55,710] {scheduler_job.py:190} INFO - Processing /home/airflow/.local/lib/python3.6/site-packages/airflow/example_dags/example_external_task_marker_dag.py took 0.104 seconds
[2026-09-23 11:57:26,151] {scheduler_job.py:182} INFO - Started process (PID=1845) to work on /home/airflow/.local/lib/python3.6/site-packages/airflow/example_dags/example_external_task_marker_dag.py
[2026-09-23 11:57:26,153] {scheduler_job.py:629} INFO - Processing file /home/airflow/.local/lib/python3.6/site-packages/airflow/example_dags/example_external_task_marker_dag.py for tasks to queue
[2026-09-23 11:57:26,153] {logging_mixin.py:104} INFO - [2026-09-23 11:57:26,153] {dagbag.py:451} INFO - Filling up the DagBag from /home/airflow/.local/lib/python3.6/site-packages/airflow/example_dags/example_external_task_marker_dag.py
[2026-09-23 11:57:26,168] {scheduler_job.py:639} INFO - DAG(s) dict_keys(['example_external_task_marker_parent', 'example_external_task_marker_child']) retrieved from /home/airflow/.local/lib/python3.6/site-packages/airflow/example_dags/example_external_task_marker_dag.py
[2026-09-23 11:57:26,209] {logging_mixin.py:104} INFO - [2026-09-23 11:57:26,209] {dag.py:1824} INFO - Sync 2 DAGs
[2026-09-23 11:57:26,239] {logging_mixin.py:104} INFO - [2026-09-23 11:57:26,239] {dag.py:2280} INFO - Setting next_dagrun for example_external_task_marker_child to None
[2026-09-23 11:57:26,241] {logging_mixin.py:104} INFO - [2026-09-23 11:57:26,240] {dag.py:2280} INFO - Setting next_dagrun for example_external_task_marker_parent to None
[2026-09-23 11:57:26,261] {scheduler_job.py:190} INFO - Processing /home/airflow/.local/lib/python3.6/site-packages/airflow/example_dags/example_external_task_marker_dag.py took 0.114 seconds
[2026-09-23 11:57:57,057] {scheduler_job.py:182} INFO - Started process (PID=1871) to work on /home/airflow/.local/lib/python3.6/site-packages/airflow/example_dags/example_external_task_marker_dag.py
[2026-09-23 11:57:57,062] {scheduler_job.py:629} INFO - Processing file /home/airflow/.local/lib/python3.6/site-packages/airflow/example_dags/example_external_task_marker_dag.py for tasks to queue
[2026-09-23 11:57:57,063] {logging_mixin.py:104} INFO - [2026-09-23 11:57:57,063] {dagbag.py:451} INFO - Filling up the DagBag from /home/airflow/.local/lib/python3.6/site-packages/airflow/example_dags/example_external_task_marker_dag.py
[2026-09-23 11:57:57,098] {scheduler_job.py:639} INFO - DAG(s) dict_keys(['example_external_task_marker_parent', 'example_external_task_marker_child']) retrieved from /home/airflow/.local/lib/python3.6/site-packages/airflow/example_dags/example_external_task_marker_dag.py
[2026-09-23 11:57:57,153] {logging_mixin.py:104} INFO - [2026-09-23 11:57:57,153] {dag.py:1824} INFO - Sync 2 DAGs
[2026-09-23 11:57:57,185] {logging_mixin.py:104} INFO - [2026-09-23 11:57:57,185] {dag.py:2280} INFO - Setting next_dagrun for example_external_task_marker_child to None
[2026-09-23 11:57:57,187] {logging_mixin.py:104} INFO - [2026-09-23 11:57:57,187] {dag.py:2280} INFO - Setting next_dagrun for example_external_task_marker_parent to None
[2026-09-23 11:57:57,217] {scheduler_job.py:190} INFO - Processing /home/airflow/.local/lib/python3.6/site-packages/airflow/example_dags/example_external_task_marker_dag.py took 0.167 seconds
[2026-09-23 11:58:27,397] {scheduler_job.py:182} INFO - Started process (PID=1898) to work on /home/airflow/.local/lib/python3.6/site-packages/airflow/example_dags/example_external_task_marker_dag.py
[2026-09-23 11:58:27,399] {scheduler_job.py:629} INFO - Processing file /home/airflow/.local/lib/python3.6/site-packages/airflow/example_dags/example_external_task_marker_dag.py for tasks to queue
[2026-09-23 11:58:27,400] {logging_mixin.py:104} INFO - [2026-09-23 11:58:27,400] {dagbag.py:451} INFO - Filling up the DagBag from /home/airflow/.local/lib/python3.6/site-packages/airflow/example_dags/example_external_task_marker_dag.py
[2026-09-23 11:58:27,422] {scheduler_job.py:639} INFO - DAG(s) dict_keys(['example_external_task_marker_parent', 'example_external_task_marker_child']) retrieved from /home/airflow/.local/lib/python3.6/site-packages/airflow/example_dags/example_external_task_marker_dag.py
[2026-09-23 11:58:27,462] {logging_mixin.py:104} INFO - [2026-09-23 11:58:27,462] {dag.py:1824} INFO - Sync 2 DAGs
[2026-09-23 11:58:27,494] {logging_mixin.py:104} INFO - [2026-09-23 11:58:27,494] {dag.py:2280} INFO - Setting next_dagrun for example_external_task_marker_child to None
[2026-09-23 11:58:27,496] {logging_mixin.py:104} INFO - [2026-09-23 11:58:27,496] {dag.py:2280} INFO - Setting next_dagrun for example_external_task_marker_parent to None
[2026-09-23 11:58:27,520] {scheduler_job.py:190} INFO - Processing /home/airflow/.local/lib/python3.6/site-packages/airflow/example_dags/example_external_task_marker_dag.py took 0.129 seconds
[2026-09-23 11:58:57,554] {scheduler_job.py:182} INFO - Started process (PID=1924) to work on /home/airflow/.local/lib/python3.6/site-packages/airflow/example_dags/example_external_task_marker_dag.py
[2026-09-23 11:58:57,555] {scheduler_job.py:629} INFO - Processing file /home/airflow/.local/lib/python3.6/site-packages/airflow/example_dags/example_external_task_marker_dag.py for tasks to queue
[2026-09-23 11:58:57,556] {logging_mixin.py:104} INFO - [2026-09-23 11:58:57,556] {dagbag.py:451} INFO - Filling up the DagBag from /home/airflow/.local/lib/python3.6/site-packages/airflow/example_dags/example_external_task_marker_dag.py
[2026-09-23 11:58:57,573] {scheduler_job.py:639} INFO - DAG(s) dict_keys(['example_external_task_marker_parent', 'example_external_task_marker_child']) retrieved from /home/airflow/.local/lib/python3.6/site-packages/airflow/example_dags/example_external_task_marker_dag.py
[2026-09-23 11:58:57,610] {logging_mixin.py:104} INFO - [2026-09-23 11:58:57,610] {dag.py:1824} INFO - Sync 2 DAGs
[2026-09-23 11:58:57,634] {logging_mixin.py:104} INFO - [2026-09-23 11:58:57,634] {dag.py:2280} INFO - Setting next_dagrun for example_external_task_marker_child to None
[2026-09-23 11:58:57,636] {logging_mixin.py:104} INFO - [2026-09-23 11:58:57,636] {dag.py:2280} INFO - Setting next_dagrun for example_external_task_marker_parent to None
[2026-09-23 11:58:57,657] {scheduler_job.py:190} INFO - Processing /home/airflow/.local/lib/python3.6/site-packages/airflow/example_dags/example_external_task_marker_dag.py took 0.107 seconds
[2026-09-23 11:59:28,652] {scheduler_job.py:182} INFO - Started process (PID=1950) to work on /home/airflow/.local/lib/python3.6/site-packages/airflow/example_dags/example_external_task_marker_dag.py
[2026-09-23 11:59:28,654] {scheduler_job.py:629} INFO - Processing file /home/airflow/.local/lib/python3.6/site-packages/airflow/example_dags/example_external_task_marker_dag.py for tasks to queue
[2026-09-23 11:59:28,654] {logging_mixin.py:104} INFO - [2026-09-23 11:59:28,654] {dagbag.py:451} INFO - Filling up the DagBag from /home/airflow/.local/lib/python3.6/site-packages/airflow/example_dags/example_external_task_marker_dag.py
[2026-09-23 11:59:28,668] {scheduler_job.py:639} INFO - DAG(s) dict_keys(['example_external_task_marker_parent', 'example_external_task_marker_child']) retrieved from /home/airflow/.local/lib/python3.6/site-packages/airflow/example_dags/example_external_task_marker_dag.py
[2026-09-23 11:59:28,706] {logging_mixin.py:104} INFO - [2026-09-23 11:59:28,706] {dag.py:1824} INFO - Sync 2 DAGs
[2026-09-23 11:59:28,728] {logging_mixin.py:104} INFO - [2026-09-23 11:59:28,728] {dag.py:2280} INFO - Setting next_dagrun for example_external_task_marker_child to None
[2026-09-23 11:59:28,729] {logging_mixin.py:104} INFO - [2026-09-23 11:59:28,729] {dag.py:2280} INFO - Setting next_dagrun for example_external_task_marker_parent to None
[2026-09-23 11:59:28,747] {scheduler_job.py:190} INFO - Processing /home/airflow/.local/lib/python3.6/site-packages/airflow/example_dags/example_external_task_marker_dag.py took 0.099 seconds
[2026-09-23 11:59:59,317] {scheduler_job.py:182} INFO - Started process (PID=1976) to work on /home/airflow/.local/lib/python3.6/site-packages/airflow/example_dags/example_external_task_marker_dag.py
[2026-09-23 11:59:59,318] {scheduler_job.py:629} INFO - Processing file /home/airflow/.local/lib/python3.6/site-packages/airflow/example_dags/example_external_task_marker_dag.py for tasks to queue
[2026-09-23 11:59:59,319] {logging_mixin.py:104} INFO - [2026-09-23 11:59:59,319] {dagbag.py:451} INFO - Filling up the DagBag from /home/airflow/.local/lib/python3.6/site-packages/airflow/example_dags/example_external_task_marker_dag.py
[2026-09-23 11:59:59,333] {scheduler_job.py:639} INFO - DAG(s) dict_keys(['example_external_task_marker_parent', 'example_external_task_marker_child']) retrieved from /home/airflow/.local/lib/python3.6/site-packages/airflow/example_dags/example_external_task_marker_dag.py
[2026-09-23 11:59:59,364] {logging_mixin.py:104} INFO - [2026-09-23 11:59:59,364] {dag.py:1824} INFO - Sync 2 DAGs
[2026-09-23 11:59:59,384] {logging_mixin.py:104} INFO - [2026-09-23 11:59:59,384] {dag.py:2280} INFO - Setting next_dagrun for example_external_task_marker_child to None
[2026-09-23 11:59:59,385] {logging_mixin.py:104} INFO - [2026-09-23 11:59:59,385] {dag.py:2280} INFO - Setting next_dagrun for example_external_task_marker_parent to None
[2026-09-23 11:59:59,402] {scheduler_job.py:190} INFO - Processing /home/airflow/.local/lib/python3.6/site-packages/airflow/example_dags/example_external_task_marker_dag.py took 0.090 seconds
[2026-09-23 12:00:30,027] {scheduler_job.py:182} INFO - Started process (PID=2002) to work on /home/airflow/.local/lib/python3.6/site-packages/airflow/example_dags/example_external_task_marker_dag.py
[2026-09-23 12:00:30,029] {scheduler_job.py:629} INFO - Processing file /home/airflow/.local/lib/python3.6/site-packages/airflow/example_dags/example_external_task_marker_dag.py for tasks to queue
[2026-09-23 12:00:30,029] {logging_mixin.py:104} INFO - [2026-09-23 12:00:30,029] {dagbag.py:451} INFO - Filling up the DagBag from /home/airflow/.local/lib/python3.6/site-packages/airflow/example_dags/example_external_task_marker_dag.py
[2026-09-23 12:00:30,044] {scheduler_job.py:639} INFO - DAG(s) dict_keys(['example_external_task_marker_parent', 'example_external_task_marker_child']) retrieved from /home/airflow/.local/lib/python3.6/site-packages/airflow/example_dags/example_external_task_marker_dag.py
[2026-09-23 12:00:30,080] {logging_mixin.py:104} INFO - [2026-09-23 12:00:30,080] {dag.py:1824} INFO - Sync 2 DAGs
[2026-09-23 12:00:30,103] {logging_mixin.py:104} INFO - [2026-09-23 12:00:30,102] {dag.py:2280} INFO - Setting next_dagrun for example_external_task_marker_child to None
[2026-09-23 12:00:30,104] {logging_mixin.py:104} INFO - [2026-09-23 12:00:30,104] {dag.py:2280} INFO - Setting next_dagrun for example_external_task_marker_parent to None
[2026-09-23 12:00:30,120] {scheduler_job.py:190} INFO - Processing /home/airflow/.local/lib/python3.6/site-packages/airflow/example_dags/example_external_task_marker_dag.py took 0.096 seconds
[2026-09-23 12:01:00,524] {scheduler_job.py:182} INFO - Started process (PID=2028) to work on /home/airflow/.local/lib/python3.6/site-packages/airflow/example_dags/example_external_task_marker_dag.py
[2026-09-23 12:01:00,525] {scheduler_job.py:629} INFO - Processing file /home/airflow/.local/lib/python3.6/site-packages/airflow/example_dags/example_external_task_marker_dag.py for tasks to queue
[2026-09-23 12:01:00,526] {logging_mixin.py:104} INFO - [2026-09-23 12:01:00,525] {dagbag.py:451} INFO - Filling up the DagBag from /home/airflow/.local/lib/python3.6/site-packages/airflow/example_dags/example_external_task_marker_dag.py
[2026-09-23 12:01:00,541] {scheduler_job.py:639} INFO - DAG(s) dict_keys(['example_external_task_marker_parent', 'example_external_task_marker_child']) retrieved from /home/airflow/.local/lib/python3.6/site-packages/airflow/example_dags/example_external_task_marker_dag.py
[2026-09-23 12:01:00,576] {logging_mixin.py:104} INFO - [2026-09-23 12:01:00,576] {dag.py:1824} INFO - Sync 2 DAGs
[2026-09-23 12:01:00,598] {logging_mixin.py:104} INFO - [2026-09-23 12:01:00,598] {dag.py:2280} INFO - Setting next_dagrun for example_external_task_marker_child to None
[2026-09-23 12:01:00,599] {logging_mixin.py:104} INFO - [2026-09-23 12:01:00,599] {dag.py:2280} INFO - Setting next_dagrun for example_external_task_marker_parent to None
[2026-09-23 12:01:00,619] {scheduler_job.py:190} INFO - Processing /home/airflow/.local/lib/python3.6/site-packages/airflow/example_dags/example_external_task_marker_dag.py took 0.099 seconds
[2026-09-23 12:01:31,154] {scheduler_job.py:182} INFO - Started process (PID=2054) to work on /home/airflow/.local/lib/python3.6/site-packages/airflow/example_dags/example_external_task_marker_dag.py
[2026-09-23 12:01:31,156] {scheduler_job.py:629} INFO - Processing file /home/airflow/.local/lib/python3.6/site-packages/airflow/example_dags/example_external_task_marker_dag.py for tasks to queue
[2026-09-23 12:01:31,157] {logging_mixin.py:104} INFO - [2026-09-23 12:01:31,157] {dagbag.py:451} INFO - Filling up the DagBag from /home/airflow/.local/lib/python3.6/site-packages/airflow/example_dags/example_external_task_marker_dag.py
[2026-09-23 12:01:31,178] {scheduler_job.py:639} INFO - DAG(s) dict_keys(['example_external_task_marker_parent', 'example_external_task_marker_child']) retrieved from /home/airflow/.local/lib/python3.6/site-packages/airflow/example_dags/example_external_task_marker_dag.py
[2026-09-23 12:01:31,223] {logging_mixin.py:104} INFO - [2026-09-23 12:01:31,223] {dag.py:1824} INFO - Sync 2 DAGs
[2026-09-23 12:01:31,256] {logging_mixin.py:104} INFO - [2026-09-23 12:01:31,256] {dag.py:2280} INFO - Setting next_dagrun for example_external_task_marker_child to None
[2026-09-23 12:01:31,258] {logging_mixin.py:104} INFO - [2026-09-23 12:01:31,257] {dag.py:2280} INFO - Setting next_dagrun for example_external_task_marker_parent to None
[2026-09-23 12:01:31,279] {scheduler_job.py:190} INFO - Processing /home/airflow/.local/lib/python3.6/site-packages/airflow/example_dags/example_external_task_marker_dag.py took 0.130 seconds
[2026-09-23 12:02:01,769] {scheduler_job.py:182} INFO - Started process (PID=2080) to work on /home/airflow/.local/lib/python3.6/site-packages/airflow/example_dags/example_external_task_marker_dag.py
[2026-09-23 12:02:01,770] {scheduler_job.py:629} INFO - Processing file /home/airflow/.local/lib/python3.6/site-packages/airflow/example_dags/example_external_task_marker_dag.py for tasks to queue
[2026-09-23 12:02:01,771] {logging_mixin.py:104} INFO - [2026-09-23 12:02:01,771] {dagbag.py:451} INFO - Filling up the DagBag from /home/airflow/.local/lib/python3.6/site-packages/airflow/example_dags/example_external_task_marker_dag.py
[2026-09-23 12:02:01,785] {scheduler_job.py:639} INFO - DAG(s) dict_keys(['example_external_task_marker_parent', 'example_external_task_marker_child']) retrieved from /home/airflow/.local/lib/python3.6/site-packages/airflow/example_dags/example_external_task_marker_dag.py
[2026-09-23 12:02:01,825] {logging_mixin.py:104} INFO - [2026-09-23 12:02:01,825] {dag.py:1824} INFO - Sync 2 DAGs
[2026-09-23 12:02:01,843] {logging_mixin.py:104} INFO - [2026-09-23 12:02:01,843] {dag.py:2280} INFO - Setting next_dagrun for example_external_task_marker_child to None
[2026-09-23 12:02:01,844] {logging_mixin.py:104} INFO - [2026-09-23 12:02:01,844] {dag.py:2280} INFO - Setting next_dagrun for example_external_task_marker_parent to None
[2026-09-23 12:02:01,859] {scheduler_job.py:190} INFO - Processing /home/airflow/.local/lib/python3.6/site-packages/airflow/example_dags/example_external_task_marker_dag.py took 0.093 seconds
[2026-09-23 12:02:32,750] {scheduler_job.py:182} INFO - Started process (PID=2106) to work on /home/airflow/.local/lib/python3.6/site-packages/airflow/example_dags/example_external_task_marker_dag.py
[2026-09-23 12:02:32,752] {scheduler_job.py:629} INFO - Processing file /home/airflow/.local/lib/python3.6/site-packages/airflow/example_dags/example_external_task_marker_dag.py for tasks to queue
[2026-09-23 12:02:32,753] {logging_mixin.py:104} INFO - [2026-09-23 12:02:32,753] {dagbag.py:451} INFO - Filling up the DagBag from /home/airflow/.local/lib/python3.6/site-packages/airflow/example_dags/example_external_task_marker_dag.py
[2026-09-23 12:02:32,773] {scheduler_job.py:639} INFO - DAG(s) dict_keys(['example_external_task_marker_parent', 'example_external_task_marker_child']) retrieved from /home/airflow/.local/lib/python3.6/site-packages/airflow/example_dags/example_external_task_marker_dag.py
[2026-09-23 12:02:32,814] {logging_mixin.py:104} INFO - [2026-09-23 12:02:32,813] {dag.py:1824} INFO - Sync 2 DAGs
[2026-09-23 12:02:32,843] {logging_mixin.py:104} INFO - [2026-09-23 12:02:32,843] {dag.py:2280} INFO - Setting next_dagrun for example_external_task_marker_child to None
[2026-09-23 12:02:32,845] {logging_mixin.py:104} INFO - [2026-09-23 12:02:32,844] {dag.py:2280} INFO - Setting next_dagrun for example_external_task_marker_parent to None
[2026-09-23 12:02:32,869] {scheduler_job.py:190} INFO - Processing /home/airflow/.local/lib/python3.6/site-packages/airflow/example_dags/example_external_task_marker_dag.py took 0.124 seconds
[2026-09-23 12:03:03,629] {scheduler_job.py:182} INFO - Started process (PID=2132) to work on /home/airflow/.local/lib/python3.6/site-packages/airflow/example_dags/example_external_task_marker_dag.py
[2026-09-23 12:03:03,631] {scheduler_job.py:629} INFO - Processing file /home/airflow/.local/lib/python3.6/site-packages/airflow/example_dags/example_external_task_marker_dag.py for tasks to queue
[2026-09-23 12:03:03,632] {logging_mixin.py:104} INFO - [2026-09-23 12:03:03,632] {dagbag.py:451} INFO - Filling up the DagBag from /home/airflow/.local/lib/python3.6/site-packages/airflow/example_dags/example_external_task_marker_dag.py
[2026-09-23 12:03:03,650] {scheduler_job.py:639} INFO - DAG(s) dict_keys(['example_external_task_marker_parent', 'example_external_task_marker_child']) retrieved from /home/airflow/.local/lib/python3.6/site-packages/airflow/example_dags/example_external_task_marker_dag.py
[2026-09-23 12:03:03,685] {logging_mixin.py:104} INFO - [2026-09-23 12:03:03,685] {dag.py:1824} INFO - Sync 2 DAGs
[2026-09-23 12:03:03,716] {logging_mixin.py:104} INFO - [2026-09-23 12:03:03,715] {dag.py:2280} INFO - Setting next_dagrun for example_external_task_marker_child to None
[2026-09-23 12:03:03,717] {logging_mixin.py:104} INFO - [2026-09-23 12:03:03,717] {dag.py:2280} INFO - Setting next_dagrun for example_external_task_marker_parent to None
[2026-09-23 12:03:03,738] {scheduler_job.py:190} INFO - Processing /home/airflow/.local/lib/python3.6/site-packages/airflow/example_dags/example_external_task_marker_dag.py took 0.114 seconds
[2026-09-23 12:03:34,613] {scheduler_job.py:182} INFO - Started process (PID=2158) to work on /home/airflow/.local/lib/python3.6/site-packages/airflow/example_dags/example_external_task_marker_dag.py
[2026-09-23 12:03:34,614] {scheduler_job.py:629} INFO - Processing file /home/airflow/.local/lib/python3.6/site-packages/airflow/example_dags/example_external_task_marker_dag.py for tasks to queue
[2026-09-23 12:03:34,615] {logging_mixin.py:104} INFO - [2026-09-23 12:03:34,615] {dagbag.py:451} INFO - Filling up the DagBag from /home/airflow/.local/lib/python3.6/site-packages/airflow/example_dags/example_external_task_marker_dag.py
[2026-09-23 12:03:34,629] {scheduler_job.py:639} INFO - DAG(s) dict_keys(['example_external_task_marker_parent', 'example_external_task_marker_child']) retrieved from /home/airflow/.local/lib/python3.6/site-packages/airflow/example_dags/example_external_task_marker_dag.py
[2026-09-23 12:03:34,655] {logging_mixin.py:104} INFO - [2026-09-23 12:03:34,655] {dag.py:1824} INFO - Sync 2 DAGs
[2026-09-23 12:03:34,673] {logging_mixin.py:104} INFO - [2026-09-23 12:03:34,673] {dag.py:2280} INFO - Setting next_dagrun for example_external_task_marker_child to None
[2026-09-23 12:03:34,674] {logging_mixin.py:104} INFO - [2026-09-23 12:03:34,674] {dag.py:2280} INFO - Setting next_dagrun for example_external_task_marker_parent to None
[2026-09-23 12:03:34,689] {scheduler_job.py:190} INFO - Processing /home/airflow/.local/lib/python3.6/site-packages/airflow/example_dags/example_external_task_marker_dag.py took 0.080 seconds
[2026-09-23 12:04:05,370] {scheduler_job.py:182} INFO - Started process (PID=2184) to work on /home/airflow/.local/lib/python3.6/site-packages/airflow/example_dags/example_external_task_marker_dag.py
[2026-09-23 12:04:05,371] {scheduler_job.py:629} INFO - Processing file /home/airflow/.local/lib/python3.6/site-packages/airflow/example_dags/example_external_task_marker_dag.py for tasks to queue
[2026-09-23 12:04:05,372] {logging_mixin.py:104} INFO - [2026-09-23 12:04:05,372] {dagbag.py:451} INFO - Filling up the DagBag from /home/airflow/.local/lib/python3.6/site-packages/airflow/example_dags/example_external_task_marker_dag.py
[2026-09-23 12:04:05,385] {scheduler_job.py:639} INFO - DAG(s) dict_keys(['example_external_task_marker_parent', 'example_external_task_marker_child']) retrieved from /home/airflow/.local/lib/python3.6/site-packages/airflow/example_dags/example_external_task_marker_dag.py
[2026-09-23 12:04:05,415] {logging_mixin.py:104} INFO - [2026-09-23 12:04:05,415] {dag.py:1824} INFO - Sync 2 DAGs
[2026-09-23 12:04:05,433] {logging_mixin.py:104} INFO - [2026-09-23 12:04:05,433] {dag.py:2280} INFO - Setting next_dagrun for example_external_task_marker_child to None
[2026-09-23 12:04:05,434] {logging_mixin.py:104} INFO - [2026-09-23 12:04:05,434] {dag.py:2280} INFO - Setting next_dagrun for example_external_task_marker_parent to None
[2026-09-23 12:04:05,454] {scheduler_job.py:190} INFO - Processing /home/airflow/.local/lib/python3.6/site-packages/airflow/example_dags/example_external_task_marker_dag.py took 0.088 seconds
[2026-09-23 12:04:36,436] {scheduler_job.py:182} INFO - Started process (PID=2210) to work on /home/airflow/.local/lib/python3.6/site-packages/airflow/example_dags/example_external_task_marker_dag.py
[2026-09-23 12:04:36,439] {scheduler_job.py:629} INFO - Processing file /home/airflow/.local/lib/python3.6/site-packages/airflow/example_dags/example_external_task_marker_dag.py for tasks to queue
[2026-09-23 12:04:36,440] {logging_mixin.py:104} INFO - [2026-09-23 12:04:36,440] {dagbag.py:451} INFO - Filling up the DagBag from /home/airflow/.local/lib/python3.6/site-packages/airflow/example_dags/example_external_task_marker_dag.py
[2026-09-23 12:04:36,462] {scheduler_job.py:639} INFO - DAG(s) dict_keys(['example_external_task_marker_parent', 'example_external_task_marker_child']) retrieved from /home/airflow/.local/lib/python3.6/site-packages/airflow/example_dags/example_external_task_marker_dag.py
[2026-09-23 12:04:36,512] {logging_mixin.py:104} INFO - [2026-09-23 12:04:36,511] {dag.py:1824} INFO - Sync 2 DAGs
[2026-09-23 12:04:36,540] {logging_mixin.py:104} INFO - [2026-09-23 12:04:36,539] {dag.py:2280} INFO - Setting next_dagrun for example_external_task_marker_child to None
[2026-09-23 12:04:36,541] {logging_mixin.py:104} INFO - [2026-09-23 12:04:36,541] {dag.py:2280} INFO - Setting next_dagrun for example_external_task_marker_parent to None
[2026-09-23 12:04:36,565] {scheduler_job.py:190} INFO - Processing /home/airflow/.local/lib/python3.6/site-packages/airflow/example_dags/example_external_task_marker_dag.py took 0.135 seconds
[2026-09-23 12:05:06,700] {scheduler_job.py:182} INFO - Started process (PID=2236) to work on /home/airflow/.local/lib/python3.6/site-packages/airflow/example_dags/example_external_task_marker_dag.py
[2026-09-23 12:05:06,701] {scheduler_job.py:629} INFO - Processing file /home/airflow/.local/lib/python3.6/site-packages/airflow/example_dags/example_external_task_marker_dag.py for tasks to queue
[2026-09-23 12:05:06,702] {logging_mixin.py:104} INFO - [2026-09-23 12:05:06,702] {dagbag.py:451} INFO - Filling up the DagBag from /home/airflow/.local/lib/python3.6/site-packages/airflow/example_dags/example_external_task_marker_dag.py
[2026-09-23 12:05:06,718] {scheduler_job.py:639} INFO - DAG(s) dict_keys(['example_external_task_marker_parent', 'example_external_task_marker_child']) retrieved from /home/airflow/.local/lib/python3.6/site-packages/airflow/example_dags/example_external_task_marker_dag.py
[2026-09-23 12:05:06,751] {logging_mixin.py:104} INFO - [2026-09-23 12:05:06,751] {dag.py:1824} INFO - Sync 2 DAGs
[2026-09-23 12:05:06,777] {logging_mixin.py:104} INFO - [2026-09-23 12:05:06,777] {dag.py:2280} INFO - Setting next_dagrun for example_external_task_marker_child to None
[2026-09-23 12:05:06,779] {logging_mixin.py:104} INFO - [2026-09-23 12:05:06,779] {dag.py:2280} INFO - Setting next_dagrun for example_external_task_marker_parent to None
[2026-09-23 12:05:06,800] {scheduler_job.py:190} INFO - Processing /home/airflow/.local/lib/python3.6/site-packages/airflow/example_dags/example_external_task_marker_dag.py took 0.104 seconds
[2026-09-23 12:05:37,829] {scheduler_job.py:182} INFO - Started process (PID=2261) to work on /home/airflow/.local/lib/python3.6/site-packages/airflow/example_dags/example_external_task_marker_dag.py
[2026-09-23 12:05:37,830] {scheduler_job.py:629} INFO - Processing file /home/airflow/.local/lib/python3.6/site-packages/airflow/example_dags/example_external_task_marker_dag.py for tasks to queue
[2026-09-23 12:05:37,831] {logging_mixin.py:104} INFO - [2026-09-23 12:05:37,831] {dagbag.py:451} INFO - Filling up the DagBag from /home/airflow/.local/lib/python3.6/site-packages/airflow/example_dags/example_external_task_marker_dag.py
[2026-09-23 12:05:37,848] {scheduler_job.py:639} INFO - DAG(s) dict_keys(['example_external_task_marker_parent', 'example_external_task_marker_child']) retrieved from /home/airflow/.local/lib/python3.6/site-packages/airflow/example_dags/example_external_task_marker_dag.py
[2026-09-23 12:05:37,886] {logging_mixin.py:104} INFO - [2026-09-23 12:05:37,885] {dag.py:1824} INFO - Sync 2 DAGs
[2026-09-23 12:05:37,915] {logging_mixin.py:104} INFO - [2026-09-23 12:05:37,915] {dag.py:2280} INFO - Setting next_dagrun for example_external_task_marker_child to None
[2026-09-23 12:05:37,917] {logging_mixin.py:104} INFO - [2026-09-23 12:05:37,917] {dag.py:2280} INFO - Setting next_dagrun for example_external_task_marker_parent to None
[2026-09-23 12:05:37,935] {scheduler_job.py:190} INFO - Processing /home/airflow/.local/lib/python3.6/site-packages/airflow/example_dags/example_external_task_marker_dag.py took 0.112 seconds
[2026-09-23 12:06:08,888] {scheduler_job.py:182} INFO - Started process (PID=2287) to work on /home/airflow/.local/lib/python3.6/site-packages/airflow/example_dags/example_external_task_marker_dag.py
[2026-09-23 12:06:08,889] {scheduler_job.py:629} INFO - Processing file /home/airflow/.local/lib/python3.6/site-packages/airflow/example_dags/example_external_task_marker_dag.py for tasks to queue
[2026-09-23 12:06:08,890] {logging_mixin.py:104} INFO - [2026-09-23 12:06:08,890] {dagbag.py:451} INFO - Filling up the DagBag from /home/airflow/.local/lib/python3.6/site-packages/airflow/example_dags/example_external_task_marker_dag.py
[2026-09-23 12:06:08,904] {scheduler_job.py:639} INFO - DAG(s) dict_keys(['example_external_task_marker_parent', 'example_external_task_marker_child']) retrieved from /home/airflow/.local/lib/python3.6/site-packages/airflow/example_dags/example_external_task_marker_dag.py
[2026-09-23 12:06:08,940] {logging_mixin.py:104} INFO - [2026-09-23 12:06:08,940] {dag.py:1824} INFO - Sync 2 DAGs
[2026-09-23 12:06:08,964] {logging_mixin.py:104} INFO - [2026-09-23 12:06:08,964] {dag.py:2280} INFO - Setting next_dagrun for example_external_task_marker_child to None
[2026-09-23 12:06:08,966] {logging_mixin.py:104} INFO - [2026-09-23 12:06:08,966] {dag.py:2280} INFO - Setting next_dagrun for example_external_task_marker_parent to None
[2026-09-23 12:06:08,985] {scheduler_job.py:190} INFO - Processing /home/airflow/.local/lib/python3.6/site-packages/airflow/example_dags/example_external_task_marker_dag.py took 0.100 seconds
[2026-09-23 12:06:39,564] {scheduler_job.py:182} INFO - Started process (PID=2313) to work on /home/airflow/.local/lib/python3.6/site-packages/airflow/example_dags/example_external_task_marker_dag.py
[2026-09-23 12:06:39,568] {scheduler_job.py:629} INFO - Processing file /home/airflow/.local/lib/python3.6/site-packages/airflow/example_dags/example_external_task_marker_dag.py for tasks to queue
[2026-09-23 12:06:39,569] {logging_mixin.py:104} INFO - [2026-09-23 12:06:39,569] {dagbag.py:451} INFO - Filling up the DagBag from /home/airflow/.local/lib/python3.6/site-packages/airflow/example_dags/example_external_task_marker_dag.py
[2026-09-23 12:06:39,597] {scheduler_job.py:639} INFO - DAG(s) dict_keys(['example_external_task_marker_parent', 'example_external_task_marker_child']) retrieved from /home/airflow/.local/lib/python3.6/site-packages/airflow/example_dags/example_external_task_marker_dag.py
[2026-09-23 12:06:39,663] {logging_mixin.py:104} INFO - [2026-09-23 12:06:39,662] {dag.py:1824} INFO - Sync 2 DAGs
[2026-09-23 12:06:39,696] {logging_mixin.py:104} INFO - [2026-09-23 12:06:39,696] {dag.py:2280} INFO - Setting next_dagrun for example_external_task_marker_child to None
[2026-09-23 12:06:39,698] {logging_mixin.py:104} INFO - [2026-09-23 12:06:39,698] {dag.py:2280} INFO - Setting next_dagrun for example_external_task_marker_parent to None
[2026-09-23 12:06:39,729] {scheduler_job.py:190} INFO - Processing /home/airflow/.local/lib/python3.6/site-packages/airflow/example_dags/example_external_task_marker_dag.py took 0.179 seconds
[2026-09-23 12:07:10,280] {scheduler_job.py:182} INFO - Started process (PID=2339) to work on /home/airflow/.local/lib/python3.6/site-packages/airflow/example_dags/example_external_task_marker_dag.py
[2026-09-23 12:07:10,286] {scheduler_job.py:629} INFO - Processing file /home/airflow/.local/lib/python3.6/site-packages/airflow/example_dags/example_external_task_marker_dag.py for tasks to queue
[2026-09-23 12:07:10,288] {logging_mixin.py:104} INFO - [2026-09-23 12:07:10,288] {dagbag.py:451} INFO - Filling up the DagBag from /home/airflow/.local/lib/python3.6/site-packages/airflow/example_dags/example_external_task_marker_dag.py
[2026-09-23 12:07:10,310] {scheduler_job.py:639} INFO - DAG(s) dict_keys(['example_external_task_marker_parent', 'example_external_task_marker_child']) retrieved from /home/airflow/.local/lib/python3.6/site-packages/airflow/example_dags/example_external_task_marker_dag.py
[2026-09-23 12:07:10,356] {logging_mixin.py:104} INFO - [2026-09-23 12:07:10,355] {dag.py:1824} INFO - Sync 2 DAGs
[2026-09-23 12:07:10,379] {logging_mixin.py:104} INFO - [2026-09-23 12:07:10,379] {dag.py:2280} INFO - Setting next_dagrun for example_external_task_marker_child to None
[2026-09-23 12:07:10,380] {logging_mixin.py:104} INFO - [2026-09-23 12:07:10,380] {dag.py:2280} INFO - Setting next_dagrun for example_external_task_marker_parent to None
[2026-09-23 12:07:10,400] {scheduler_job.py:190} INFO - Processing /home/airflow/.local/lib/python3.6/site-packages/airflow/example_dags/example_external_task_marker_dag.py took 0.127 seconds
[2026-09-23 12:07:41,094] {scheduler_job.py:182} INFO - Started process (PID=2365) to work on /home/airflow/.local/lib/python3.6/site-packages/airflow/example_dags/example_external_task_marker_dag.py
[2026-09-23 12:07:41,095] {scheduler_job.py:629} INFO - Processing file /home/airflow/.local/lib/python3.6/site-packages/airflow/example_dags/example_external_task_marker_dag.py for tasks to queue
[2026-09-23 12:07:41,096] {logging_mixin.py:104} INFO - [2026-09-23 12:07:41,096] {dagbag.py:451} INFO - Filling up the DagBag from /home/airflow/.local/lib/python3.6/site-packages/airflow/example_dags/example_external_task_marker_dag.py
[2026-09-23 12:07:41,112] {scheduler_job.py:639} INFO - DAG(s) dict_keys(['example_external_task_marker_parent', 'example_external_task_marker_child']) retrieved from /home/airflow/.local/lib/python3.6/site-packages/airflow/example_dags/example_external_task_marker_dag.py
[2026-09-23 12:07:41,150] {logging_mixin.py:104} INFO - [2026-09-23 12:07:41,149] {dag.py:1824} INFO - Sync 2 DAGs
[2026-09-23 12:07:41,180] {logging_mixin.py:104} INFO - [2026-09-23 12:07:41,180] {dag.py:2280} INFO - Setting next_dagrun for example_external_task_marker_child to None
[2026-09-23 12:07:41,182] {logging_mixin.py:104} INFO - [2026-09-23 12:07:41,182] {dag.py:2280} INFO - Setting next_dagrun for example_external_task_marker_parent to None
[2026-09-23 12:07:41,203] {scheduler_job.py:190} INFO - Processing /home/airflow/.local/lib/python3.6/site-packages/airflow/example_dags/example_external_task_marker_dag.py took 0.113 seconds
[2026-09-23 12:08:11,655] {scheduler_job.py:182} INFO - Started process (PID=2391) to work on /home/airflow/.local/lib/python3.6/site-packages/airflow/example_dags/example_external_task_marker_dag.py
[2026-09-23 12:08:11,656] {scheduler_job.py:629} INFO - Processing file /home/airflow/.local/lib/python3.6/site-packages/airflow/example_dags/example_external_task_marker_dag.py for tasks to queue
[2026-09-23 12:08:11,657] {logging_mixin.py:104} INFO - [2026-09-23 12:08:11,657] {dagbag.py:451} INFO - Filling up the DagBag from /home/airflow/.local/lib/python3.6/site-packages/airflow/example_dags/example_external_task_marker_dag.py
[2026-09-23 12:08:11,675] {scheduler_job.py:639} INFO - DAG(s) dict_keys(['example_external_task_marker_parent', 'example_external_task_marker_child']) retrieved from /home/airflow/.local/lib/python3.6/site-packages/airflow/example_dags/example_external_task_marker_dag.py
[2026-09-23 12:08:11,713] {logging_mixin.py:104} INFO - [2026-09-23 12:08:11,713] {dag.py:1824} INFO - Sync 2 DAGs
[2026-09-23 12:08:11,736] {logging_mixin.py:104} INFO - [2026-09-23 12:08:11,736] {dag.py:2280} INFO - Setting next_dagrun for example_external_task_marker_child to None
[2026-09-23 12:08:11,738] {logging_mixin.py:104} INFO - [2026-09-23 12:08:11,738] {dag.py:2280} INFO - Setting next_dagrun for example_external_task_marker_parent to None
[2026-09-23 12:08:11,753] {scheduler_job.py:190} INFO - Processing /home/airflow/.local/lib/python3.6/site-packages/airflow/example_dags/example_external_task_marker_dag.py took 0.102 seconds
[2026-09-23 12:08:42,370] {scheduler_job.py:182} INFO - Started process (PID=2417) to work on /home/airflow/.local/lib/python3.6/site-packages/airflow/example_dags/example_external_task_marker_dag.py
[2026-09-23 12:08:42,372] {scheduler_job.py:629} INFO - Processing file /home/airflow/.local/lib/python3.6/site-packages/airflow/example_dags/example_external_task_marker_dag.py for tasks to queue
[2026-09-23 12:08:42,373] {logging_mixin.py:104} INFO - [2026-09-23 12:08:42,373] {dagbag.py:451} INFO - Filling up the DagBag from /home/airflow/.local/lib/python3.6/site-packages/airflow/example_dags/example_external_task_marker_dag.py
[2026-09-23 12:08:42,396] {scheduler_job.py:639} INFO - DAG(s) dict_keys(['example_external_task_marker_parent', 'example_external_task_marker_child']) retrieved from /home/airflow/.local/lib/python3.6/site-packages/airflow/example_dags/example_external_task_marker_dag.py
[2026-09-23 12:08:42,441] {logging_mixin.py:104} INFO - [2026-09-23 12:08:42,441] {dag.py:1824} INFO - Sync 2 DAGs
[2026-09-23 12:08:42,472] {logging_mixin.py:104} INFO - [2026-09-23 12:08:42,472] {dag.py:2280} INFO - Setting next_dagrun for example_external_task_marker_child to None
[2026-09-23 12:08:42,474] {logging_mixin.py:104} INFO - [2026-09-23 12:08:42,474] {dag.py:2280} INFO - Setting next_dagrun for example_external_task_marker_parent to None
[2026-09-23 12:08:42,499] {scheduler_job.py:190} INFO - Processing /home/airflow/.local/lib/python3.6/site-packages/airflow/example_dags/example_external_task_marker_dag.py took 0.135 seconds
[2026-09-23 12:09:13,222] {scheduler_job.py:182} INFO - Started process (PID=2443) to work on /home/airflow/.local/lib/python3.6/site-packages/airflow/example_dags/example_external_task_marker_dag.py
[2026-09-23 12:09:13,223] {scheduler_job.py:629} INFO - Processing file /home/airflow/.local/lib/python3.6/site-packages/airflow/example_dags/example_external_task_marker_dag.py for tasks to queue
[2026-09-23 12:09:13,224] {logging_mixin.py:104} INFO - [2026-09-23 12:09:13,224] {dagbag.py:451} INFO - Filling up the DagBag from /home/airflow/.local/lib/python3.6/site-packages/airflow/example_dags/example_external_task_marker_dag.py
[2026-09-23 12:09:13,239] {scheduler_job.py:639} INFO - DAG(s) dict_keys(['example_external_task_marker_parent', 'example_external_task_marker_child']) retrieved from /home/airflow/.local/lib/python3.6/site-packages/airflow/example_dags/example_external_task_marker_dag.py
[2026-09-23 12:09:13,279] {logging_mixin.py:104} INFO - [2026-09-23 12:09:13,279] {dag.py:1824} INFO - Sync 2 DAGs
[2026-09-23 12:09:13,310] {logging_mixin.py:104} INFO - [2026-09-23 12:09:13,310] {dag.py:2280} INFO - Setting next_dagrun for example_external_task_marker_child to None
[2026-09-23 12:09:13,312] {logging_mixin.py:104} INFO - [2026-09-23 12:09:13,311] {dag.py:2280} INFO - Setting next_dagrun for example_external_task_marker_parent to None
[2026-09-23 12:09:13,334] {scheduler_job.py:190} INFO - Processing /home/airflow/.local/lib/python3.6/site-packages/airflow/example_dags/example_external_task_marker_dag.py took 0.117 seconds
[2026-09-23 12:09:43,832] {scheduler_job.py:182} INFO - Started process (PID=2469) to work on /home/airflow/.local/lib/python3.6/site-packages/airflow/example_dags/example_external_task_marker_dag.py
[2026-09-23 12:09:43,837] {scheduler_job.py:629} INFO - Processing file /home/airflow/.local/lib/python3.6/site-packages/airflow/example_dags/example_external_task_marker_dag.py for tasks to queue
[2026-09-23 12:09:43,842] {logging_mixin.py:104} INFO - [2026-09-23 12:09:43,838] {dagbag.py:451} INFO - Filling up the DagBag from /home/airflow/.local/lib/python3.6/site-packages/airflow/example_dags/example_external_task_marker_dag.py
[2026-09-23 12:09:43,872] {scheduler_job.py:639} INFO - DAG(s) dict_keys(['example_external_task_marker_parent', 'example_external_task_marker_child']) retrieved from /home/airflow/.local/lib/python3.6/site-packages/airflow/example_dags/example_external_task_marker_dag.py
[2026-09-23 12:09:43,930] {logging_mixin.py:104} INFO - [2026-09-23 12:09:43,929] {dag.py:1824} INFO - Sync 2 DAGs
[2026-09-23 12:09:43,968] {logging_mixin.py:104} INFO - [2026-09-23 12:09:43,968] {dag.py:2280} INFO - Setting next_dagrun for example_external_task_marker_child to None
[2026-09-23 12:09:43,970] {logging_mixin.py:104} INFO - [2026-09-23 12:09:43,970] {dag.py:2280} INFO - Setting next_dagrun for example_external_task_marker_parent to None
[2026-09-23 12:09:43,998] {scheduler_job.py:190} INFO - Processing /home/airflow/.local/lib/python3.6/site-packages/airflow/example_dags/example_external_task_marker_dag.py took 0.176 seconds
[2026-09-23 12:10:14,088] {scheduler_job.py:182} INFO - Started process (PID=2495) to work on /home/airflow/.local/lib/python3.6/site-packages/airflow/example_dags/example_external_task_marker_dag.py
[2026-09-23 12:10:14,090] {scheduler_job.py:629} INFO - Processing file /home/airflow/.local/lib/python3.6/site-packages/airflow/example_dags/example_external_task_marker_dag.py for tasks to queue
[2026-09-23 12:10:14,092] {logging_mixin.py:104} INFO - [2026-09-23 12:10:14,091] {dagbag.py:451} INFO - Filling up the DagBag from /home/airflow/.local/lib/python3.6/site-packages/airflow/example_dags/example_external_task_marker_dag.py
[2026-09-23 12:10:14,115] {scheduler_job.py:639} INFO - DAG(s) dict_keys(['example_external_task_marker_parent', 'example_external_task_marker_child']) retrieved from /home/airflow/.local/lib/python3.6/site-packages/airflow/example_dags/example_external_task_marker_dag.py
[2026-09-23 12:10:14,170] {logging_mixin.py:104} INFO - [2026-09-23 12:10:14,169] {dag.py:1824} INFO - Sync 2 DAGs
[2026-09-23 12:10:14,203] {logging_mixin.py:104} INFO - [2026-09-23 12:10:14,203] {dag.py:2280} INFO - Setting next_dagrun for example_external_task_marker_child to None
[2026-09-23 12:10:14,205] {logging_mixin.py:104} INFO - [2026-09-23 12:10:14,205] {dag.py:2280} INFO - Setting next_dagrun for example_external_task_marker_parent to None
[2026-09-23 12:10:14,238] {scheduler_job.py:190} INFO - Processing /home/airflow/.local/lib/python3.6/site-packages/airflow/example_dags/example_external_task_marker_dag.py took 0.155 seconds
[2026-09-23 12:10:45,136] {scheduler_job.py:182} INFO - Started process (PID=2521) to work on /home/airflow/.local/lib/python3.6/site-packages/airflow/example_dags/example_external_task_marker_dag.py
[2026-09-23 12:10:45,137] {scheduler_job.py:629} INFO - Processing file /home/airflow/.local/lib/python3.6/site-packages/airflow/example_dags/example_external_task_marker_dag.py for tasks to queue
[2026-09-23 12:10:45,139] {logging_mixin.py:104} INFO - [2026-09-23 12:10:45,138] {dagbag.py:451} INFO - Filling up the DagBag from /home/airflow/.local/lib/python3.6/site-packages/airflow/example_dags/example_external_task_marker_dag.py
[2026-09-23 12:10:45,159] {scheduler_job.py:639} INFO - DAG(s) dict_keys(['example_external_task_marker_parent', 'example_external_task_marker_child']) retrieved from /home/airflow/.local/lib/python3.6/site-packages/airflow/example_dags/example_external_task_marker_dag.py
[2026-09-23 12:10:45,204] {logging_mixin.py:104} INFO - [2026-09-23 12:10:45,204] {dag.py:1824} INFO - Sync 2 DAGs
[2026-09-23 12:10:45,234] {logging_mixin.py:104} INFO - [2026-09-23 12:10:45,233] {dag.py:2280} INFO - Setting next_dagrun for example_external_task_marker_child to None
[2026-09-23 12:10:45,235] {logging_mixin.py:104} INFO - [2026-09-23 12:10:45,235] {dag.py:2280} INFO - Setting next_dagrun for example_external_task_marker_parent to None
[2026-09-23 12:10:45,255] {scheduler_job.py:190} INFO - Processing /home/airflow/.local/lib/python3.6/site-packages/airflow/example_dags/example_external_task_marker_dag.py took 0.124 seconds
[2026-09-23 12:11:15,306] {scheduler_job.py:182} INFO - Started process (PID=2547) to work on /home/airflow/.local/lib/python3.6/site-packages/airflow/example_dags/example_external_task_marker_dag.py
[2026-09-23 12:11:15,307] {scheduler_job.py:629} INFO - Processing file /home/airflow/.local/lib/python3.6/site-packages/airflow/example_dags/example_external_task_marker_dag.py for tasks to queue
[2026-09-23 12:11:15,308] {logging_mixin.py:104} INFO - [2026-09-23 12:11:15,308] {dagbag.py:451} INFO - Filling up the DagBag from /home/airflow/.local/lib/python3.6/site-packages/airflow/example_dags/example_external_task_marker_dag.py
[2026-09-23 12:11:15,325] {scheduler_job.py:639} INFO - DAG(s) dict_keys(['example_external_task_marker_parent', 'example_external_task_marker_child']) retrieved from /home/airflow/.local/lib/python3.6/site-packages/airflow/example_dags/example_external_task_marker_dag.py
[2026-09-23 12:11:15,367] {logging_mixin.py:104} INFO - [2026-09-23 12:11:15,367] {dag.py:1824} INFO - Sync 2 DAGs
[2026-09-23 12:11:15,393] {logging_mixin.py:104} INFO - [2026-09-23 12:11:15,393] {dag.py:2280} INFO - Setting next_dagrun for example_external_task_marker_child to None
[2026-09-23 12:11:15,394] {logging_mixin.py:104} INFO - [2026-09-23 12:11:15,394] {dag.py:2280} INFO - Setting next_dagrun for example_external_task_marker_parent to None
[2026-09-23 12:11:15,410] {scheduler_job.py:190} INFO - Processing /home/airflow/.local/lib/python3.6/site-packages/airflow/example_dags/example_external_task_marker_dag.py took 0.108 seconds
[2026-09-23 12:11:45,605] {scheduler_job.py:182} INFO - Started process (PID=2574) to work on /home/airflow/.local/lib/python3.6/site-packages/airflow/example_dags/example_external_task_marker_dag.py
[2026-09-23 12:11:45,607] {scheduler_job.py:629} INFO - Processing file /home/airflow/.local/lib/python3.6/site-packages/airflow/example_dags/example_external_task_marker_dag.py for tasks to queue
[2026-09-23 12:11:45,608] {logging_mixin.py:104} INFO - [2026-09-23 12:11:45,607] {dagbag.py:451} INFO - Filling up the DagBag from /home/airflow/.local/lib/python3.6/site-packages/airflow/example_dags/example_external_task_marker_dag.py
[2026-09-23 12:11:45,624] {scheduler_job.py:639} INFO - DAG(s) dict_keys(['example_external_task_marker_parent', 'example_external_task_marker_child']) retrieved from /home/airflow/.local/lib/python3.6/site-packages/airflow/example_dags/example_external_task_marker_dag.py
[2026-09-23 12:11:45,661] {logging_mixin.py:104} INFO - [2026-09-23 12:11:45,660] {dag.py:1824} INFO - Sync 2 DAGs
[2026-09-23 12:11:45,691] {logging_mixin.py:104} INFO - [2026-09-23 12:11:45,691] {dag.py:2280} INFO - Setting next_dagrun for example_external_task_marker_child to None
[2026-09-23 12:11:45,693] {logging_mixin.py:104} INFO - [2026-09-23 12:11:45,693] {dag.py:2280} INFO - Setting next_dagrun for example_external_task_marker_parent to None
[2026-09-23 12:11:45,717] {scheduler_job.py:190} INFO - Processing /home/airflow/.local/lib/python3.6/site-packages/airflow/example_dags/example_external_task_marker_dag.py took 0.116 seconds
[2026-09-23 12:12:15,877] {scheduler_job.py:182} INFO - Started process (PID=2600) to work on /home/airflow/.local/lib/python3.6/site-packages/airflow/example_dags/example_external_task_marker_dag.py
[2026-09-23 12:12:15,879] {scheduler_job.py:629} INFO - Processing file /home/airflow/.local/lib/python3.6/site-packages/airflow/example_dags/example_external_task_marker_dag.py for tasks to queue
[2026-09-23 12:12:15,879] {logging_mixin.py:104} INFO - [2026-09-23 12:12:15,879] {dagbag.py:451} INFO - Filling up the DagBag from /home/airflow/.local/lib/python3.6/site-packages/airflow/example_dags/example_external_task_marker_dag.py
[2026-09-23 12:12:15,894] {scheduler_job.py:639} INFO - DAG(s) dict_keys(['example_external_task_marker_parent', 'example_external_task_marker_child']) retrieved from /home/airflow/.local/lib/python3.6/site-packages/airflow/example_dags/example_external_task_marker_dag.py
[2026-09-23 12:12:15,930] {logging_mixin.py:104} INFO - [2026-09-23 12:12:15,930] {dag.py:1824} INFO - Sync 2 DAGs
[2026-09-23 12:12:15,951] {logging_mixin.py:104} INFO - [2026-09-23 12:12:15,951] {dag.py:2280} INFO - Setting next_dagrun for example_external_task_marker_child to None
[2026-09-23 12:12:15,953] {logging_mixin.py:104} INFO - [2026-09-23 12:12:15,953] {dag.py:2280} INFO - Setting next_dagrun for example_external_task_marker_parent to None
[2026-09-23 12:12:15,974] {scheduler_job.py:190} INFO - Processing /home/airflow/.local/lib/python3.6/site-packages/airflow/example_dags/example_external_task_marker_dag.py took 0.101 seconds
[2026-09-23 12:12:46,835] {scheduler_job.py:182} INFO - Started process (PID=2625) to work on /home/airflow/.local/lib/python3.6/site-packages/airflow/example_dags/example_external_task_marker_dag.py
[2026-09-23 12:12:46,838] {scheduler_job.py:629} INFO - Processing file /home/airflow/.local/lib/python3.6/site-packages/airflow/example_dags/example_external_task_marker_dag.py for tasks to queue
[2026-09-23 12:12:46,839] {logging_mixin.py:104} INFO - [2026-09-23 12:12:46,839] {dagbag.py:451} INFO - Filling up the DagBag from /home/airflow/.local/lib/python3.6/site-packages/airflow/example_dags/example_external_task_marker_dag.py
[2026-09-23 12:12:46,863] {scheduler_job.py:639} INFO - DAG(s) dict_keys(['example_external_task_marker_parent', 'example_external_task_marker_child']) retrieved from /home/airflow/.local/lib/python3.6/site-packages/airflow/example_dags/example_external_task_marker_dag.py
[2026-09-23 12:12:46,921] {logging_mixin.py:104} INFO - [2026-09-23 12:12:46,920] {dag.py:1824} INFO - Sync 2 DAGs
[2026-09-23 12:12:46,957] {logging_mixin.py:104} INFO - [2026-09-23 12:12:46,957] {dag.py:2280} INFO - Setting next_dagrun for example_external_task_marker_child to None
[2026-09-23 12:12:46,959] {logging_mixin.py:104} INFO - [2026-09-23 12:12:46,959] {dag.py:2280} INFO - Setting next_dagrun for example_external_task_marker_parent to None
[2026-09-23 12:12:46,992] {scheduler_job.py:190} INFO - Processing /home/airflow/.local/lib/python3.6/site-packages/airflow/example_dags/example_external_task_marker_dag.py took 0.163 seconds
[2026-09-23 12:13:17,090] {scheduler_job.py:182} INFO - Started process (PID=2651) to work on /home/airflow/.local/lib/python3.6/site-packages/airflow/example_dags/example_external_task_marker_dag.py
[2026-09-23 12:13:17,094] {scheduler_job.py:629} INFO - Processing file /home/airflow/.local/lib/python3.6/site-packages/airflow/example_dags/example_external_task_marker_dag.py for tasks to queue
[2026-09-23 12:13:17,095] {logging_mixin.py:104} INFO - [2026-09-23 12:13:17,095] {dagbag.py:451} INFO - Filling up the DagBag from /home/airflow/.local/lib/python3.6/site-packages/airflow/example_dags/example_external_task_marker_dag.py
[2026-09-23 12:13:17,140] {scheduler_job.py:639} INFO - DAG(s) dict_keys(['example_external_task_marker_parent', 'example_external_task_marker_child']) retrieved from /home/airflow/.local/lib/python3.6/site-packages/airflow/example_dags/example_external_task_marker_dag.py
[2026-09-23 12:13:17,200] {logging_mixin.py:104} INFO - [2026-09-23 12:13:17,200] {dag.py:1824} INFO - Sync 2 DAGs
[2026-09-23 12:13:17,231] {logging_mixin.py:104} INFO - [2026-09-23 12:13:17,231] {dag.py:2280} INFO - Setting next_dagrun for example_external_task_marker_child to None
[2026-09-23 12:13:17,232] {logging_mixin.py:104} INFO - [2026-09-23 12:13:17,232] {dag.py:2280} INFO - Setting next_dagrun for example_external_task_marker_parent to None
[2026-09-23 12:13:17,277] {scheduler_job.py:190} INFO - Processing /home/airflow/.local/lib/python3.6/site-packages/airflow/example_dags/example_external_task_marker_dag.py took 0.204 seconds
[2026-09-23 12:13:47,699] {scheduler_job.py:182} INFO - Started process (PID=2674) to work on /home/airflow/.local/lib/python3.6/site-packages/airflow/example_dags/example_external_task_marker_dag.py
[2026-09-23 12:13:47,700] {scheduler_job.py:629} INFO - Processing file /home/airflow/.local/lib/python3.6/site-packages/airflow/example_dags/example_external_task_marker_dag.py for tasks to queue
[2026-09-23 12:13:47,701] {logging_mixin.py:104} INFO - [2026-09-23 12:13:47,701] {dagbag.py:451} INFO - Filling up the DagBag from /home/airflow/.local/lib/python3.6/site-packages/airflow/example_dags/example_external_task_marker_dag.py
[2026-09-23 12:13:47,719] {scheduler_job.py:639} INFO - DAG(s) dict_keys(['example_external_task_marker_parent', 'example_external_task_marker_child']) retrieved from /home/airflow/.local/lib/python3.6/site-packages/airflow/example_dags/example_external_task_marker_dag.py
[2026-09-23 12:13:47,759] {logging_mixin.py:104} INFO - [2026-09-23 12:13:47,758] {dag.py:1824} INFO - Sync 2 DAGs
[2026-09-23 12:13:47,782] {logging_mixin.py:104} INFO - [2026-09-23 12:13:47,782] {dag.py:2280} INFO - Setting next_dagrun for example_external_task_marker_child to None
[2026-09-23 12:13:47,784] {logging_mixin.py:104} INFO - [2026-09-23 12:13:47,784] {dag.py:2280} INFO - Setting next_dagrun for example_external_task_marker_parent to None
[2026-09-23 12:13:47,801] {scheduler_job.py:190} INFO - Processing /home/airflow/.local/lib/python3.6/site-packages/airflow/example_dags/example_external_task_marker_dag.py took 0.107 seconds
[2026-09-23 12:14:18,099] {scheduler_job.py:182} INFO - Started process (PID=2700) to work on /home/airflow/.local/lib/python3.6/site-packages/airflow/example_dags/example_external_task_marker_dag.py
[2026-09-23 12:14:18,100] {scheduler_job.py:629} INFO - Processing file /home/airflow/.local/lib/python3.6/site-packages/airflow/example_dags/example_external_task_marker_dag.py for tasks to queue
[2026-09-23 12:14:18,103] {logging_mixin.py:104} INFO - [2026-09-23 12:14:18,102] {dagbag.py:451} INFO - Filling up the DagBag from /home/airflow/.local/lib/python3.6/site-packages/airflow/example_dags/example_external_task_marker_dag.py
[2026-09-23 12:14:18,122] {scheduler_job.py:639} INFO - DAG(s) dict_keys(['example_external_task_marker_parent', 'example_external_task_marker_child']) retrieved from /home/airflow/.local/lib/python3.6/site-packages/airflow/example_dags/example_external_task_marker_dag.py
[2026-09-23 12:14:18,163] {logging_mixin.py:104} INFO - [2026-09-23 12:14:18,163] {dag.py:1824} INFO - Sync 2 DAGs
[2026-09-23 12:14:18,192] {logging_mixin.py:104} INFO - [2026-09-23 12:14:18,191] {dag.py:2280} INFO - Setting next_dagrun for example_external_task_marker_child to None
[2026-09-23 12:14:18,193] {logging_mixin.py:104} INFO - [2026-09-23 12:14:18,193] {dag.py:2280} INFO - Setting next_dagrun for example_external_task_marker_parent to None
[2026-09-23 12:14:18,210] {scheduler_job.py:190} INFO - Processing /home/airflow/.local/lib/python3.6/site-packages/airflow/example_dags/example_external_task_marker_dag.py took 0.115 seconds
[2026-09-23 12:14:48,955] {scheduler_job.py:182} INFO - Started process (PID=2726) to work on /home/airflow/.local/lib/python3.6/site-packages/airflow/example_dags/example_external_task_marker_dag.py
[2026-09-23 12:14:48,957] {scheduler_job.py:629} INFO - Processing file /home/airflow/.local/lib/python3.6/site-packages/airflow/example_dags/example_external_task_marker_dag.py for tasks to queue
[2026-09-23 12:14:48,958] {logging_mixin.py:104} INFO - [2026-09-23 12:14:48,958] {dagbag.py:451} INFO - Filling up the DagBag from /home/airflow/.local/lib/python3.6/site-packages/airflow/example_dags/example_external_task_marker_dag.py
[2026-09-23 12:14:48,975] {scheduler_job.py:639} INFO - DAG(s) dict_keys(['example_external_task_marker_parent', 'example_external_task_marker_child']) retrieved from /home/airflow/.local/lib/python3.6/site-packages/airflow/example_dags/example_external_task_marker_dag.py
[2026-09-23 12:14:49,015] {logging_mixin.py:104} INFO - [2026-09-23 12:14:49,014] {dag.py:1824} INFO - Sync 2 DAGs
[2026-09-23 12:14:49,041] {logging_mixin.py:104} INFO - [2026-09-23 12:14:49,041] {dag.py:2280} INFO - Setting next_dagrun for example_external_task_marker_child to None
[2026-09-23 12:14:49,042] {logging_mixin.py:104} INFO - [2026-09-23 12:14:49,042] {dag.py:2280} INFO - Setting next_dagrun for example_external_task_marker_parent to None
[2026-09-23 12:14:49,062] {scheduler_job.py:190} INFO - Processing /home/airflow/.local/lib/python3.6/site-packages/airflow/example_dags/example_external_task_marker_dag.py took 0.112 seconds
[2026-09-23 12:15:19,656] {scheduler_job.py:182} INFO - Started process (PID=2752) to work on /home/airflow/.local/lib/python3.6/site-packages/airflow/example_dags/example_external_task_marker_dag.py
[2026-09-23 12:15:19,658] {scheduler_job.py:629} INFO - Processing file /home/airflow/.local/lib/python3.6/site-packages/airflow/example_dags/example_external_task_marker_dag.py for tasks to queue
[2026-09-23 12:15:19,659] {logging_mixin.py:104} INFO - [2026-09-23 12:15:19,659] {dagbag.py:451} INFO - Filling up the DagBag from /home/airflow/.local/lib/python3.6/site-packages/airflow/example_dags/example_external_task_marker_dag.py
[2026-09-23 12:15:19,678] {scheduler_job.py:639} INFO - DAG(s) dict_keys(['example_external_task_marker_parent', 'example_external_task_marker_child']) retrieved from /home/airflow/.local/lib/python3.6/site-packages/airflow/example_dags/example_external_task_marker_dag.py
[2026-09-23 12:15:19,723] {logging_mixin.py:104} INFO - [2026-09-23 12:15:19,723] {dag.py:1824} INFO - Sync 2 DAGs
[2026-09-23 12:15:19,755] {logging_mixin.py:104} INFO - [2026-09-23 12:15:19,755] {dag.py:2280} INFO - Setting next_dagrun for example_external_task_marker_child to None
[2026-09-23 12:15:19,756] {logging_mixin.py:104} INFO - [2026-09-23 12:15:19,756] {dag.py:2280} INFO - Setting next_dagrun for example_external_task_marker_parent to None
[2026-09-23 12:15:19,783] {scheduler_job.py:190} INFO - Processing /home/airflow/.local/lib/python3.6/site-packages/airflow/example_dags/example_external_task_marker_dag.py took 0.132 seconds
[2026-09-23 12:15:50,259] {scheduler_job.py:182} INFO - Started process (PID=2778) to work on /home/airflow/.local/lib/python3.6/site-packages/airflow/example_dags/example_external_task_marker_dag.py
[2026-09-23 12:15:50,260] {scheduler_job.py:629} INFO - Processing file /home/airflow/.local/lib/python3.6/site-packages/airflow/example_dags/example_external_task_marker_dag.py for tasks to queue
[2026-09-23 12:15:50,261] {logging_mixin.py:104} INFO - [2026-09-23 12:15:50,261] {dagbag.py:451} INFO - Filling up the DagBag from /home/airflow/.local/lib/python3.6/site-packages/airflow/example_dags/example_external_task_marker_dag.py
[2026-09-23 12:15:50,286] {scheduler_job.py:639} INFO - DAG(s) dict_keys(['example_external_task_marker_parent', 'example_external_task_marker_child']) retrieved from /home/airflow/.local/lib/python3.6/site-packages/airflow/example_dags/example_external_task_marker_dag.py
[2026-09-23 12:15:50,342] {logging_mixin.py:104} INFO - [2026-09-23 12:15:50,342] {dag.py:1824} INFO - Sync 2 DAGs
[2026-09-23 12:15:50,369] {logging_mixin.py:104} INFO - [2026-09-23 12:15:50,369] {dag.py:2280} INFO - Setting next_dagrun for example_external_task_marker_child to None
[2026-09-23 12:15:50,370] {logging_mixin.py:104} INFO - [2026-09-23 12:15:50,370] {dag.py:2280} INFO - Setting next_dagrun for example_external_task_marker_parent to None
[2026-09-23 12:15:50,388] {scheduler_job.py:190} INFO - Processing /home/airflow/.local/lib/python3.6/site-packages/airflow/example_dags/example_external_task_marker_dag.py took 0.134 seconds
[2026-09-23 12:16:20,869] {scheduler_job.py:182} INFO - Started process (PID=2804) to work on /home/airflow/.local/lib/python3.6/site-packages/airflow/example_dags/example_external_task_marker_dag.py
[2026-09-23 12:16:20,871] {scheduler_job.py:629} INFO - Processing file /home/airflow/.local/lib/python3.6/site-packages/airflow/example_dags/example_external_task_marker_dag.py for tasks to queue
[2026-09-23 12:16:20,872] {logging_mixin.py:104} INFO - [2026-09-23 12:16:20,872] {dagbag.py:451} INFO - Filling up the DagBag from /home/airflow/.local/lib/python3.6/site-packages/airflow/example_dags/example_external_task_marker_dag.py
[2026-09-23 12:16:20,891] {scheduler_job.py:639} INFO - DAG(s) dict_keys(['example_external_task_marker_parent', 'example_external_task_marker_child']) retrieved from /home/airflow/.local/lib/python3.6/site-packages/airflow/example_dags/example_external_task_marker_dag.py
[2026-09-23 12:16:20,929] {logging_mixin.py:104} INFO - [2026-09-23 12:16:20,929] {dag.py:1824} INFO - Sync 2 DAGs
[2026-09-23 12:16:20,950] {logging_mixin.py:104} INFO - [2026-09-23 12:16:20,950] {dag.py:2280} INFO - Setting next_dagrun for example_external_task_marker_child to None
[2026-09-23 12:16:20,951] {logging_mixin.py:104} INFO - [2026-09-23 12:16:20,951] {dag.py:2280} INFO - Setting next_dagrun for example_external_task_marker_parent to None
[2026-09-23 12:16:20,969] {scheduler_job.py:190} INFO - Processing /home/airflow/.local/lib/python3.6/site-packages/airflow/example_dags/example_external_task_marker_dag.py took 0.105 seconds
[2026-09-23 12:16:51,576] {scheduler_job.py:182} INFO - Started process (PID=2830) to work on /home/airflow/.local/lib/python3.6/site-packages/airflow/example_dags/example_external_task_marker_dag.py
[2026-09-23 12:16:51,579] {scheduler_job.py:629} INFO - Processing file /home/airflow/.local/lib/python3.6/site-packages/airflow/example_dags/example_external_task_marker_dag.py for tasks to queue
[2026-09-23 12:16:51,580] {logging_mixin.py:104} INFO - [2026-09-23 12:16:51,580] {dagbag.py:451} INFO - Filling up the DagBag from /home/airflow/.local/lib/python3.6/site-packages/airflow/example_dags/example_external_task_marker_dag.py
[2026-09-23 12:16:51,609] {scheduler_job.py:639} INFO - DAG(s) dict_keys(['example_external_task_marker_parent', 'example_external_task_marker_child']) retrieved from /home/airflow/.local/lib/python3.6/site-packages/airflow/example_dags/example_external_task_marker_dag.py
[2026-09-23 12:16:51,662] {logging_mixin.py:104} INFO - [2026-09-23 12:16:51,661] {dag.py:1824} INFO - Sync 2 DAGs
[2026-09-23 12:16:51,703] {logging_mixin.py:104} INFO - [2026-09-23 12:16:51,703] {dag.py:2280} INFO - Setting next_dagrun for example_external_task_marker_child to None
[2026-09-23 12:16:51,706] {logging_mixin.py:104} INFO - [2026-09-23 12:16:51,706] {dag.py:2280} INFO - Setting next_dagrun for example_external_task_marker_parent to None
[2026-09-23 12:16:51,737] {scheduler_job.py:190} INFO - Processing /home/airflow/.local/lib/python3.6/site-packages/airflow/example_dags/example_external_task_marker_dag.py took 0.167 seconds
[2026-09-23 12:17:22,225] {scheduler_job.py:182} INFO - Started process (PID=2856) to work on /home/airflow/.local/lib/python3.6/site-packages/airflow/example_dags/example_external_task_marker_dag.py
[2026-09-23 12:17:22,227] {scheduler_job.py:629} INFO - Processing file /home/airflow/.local/lib/python3.6/site-packages/airflow/example_dags/example_external_task_marker_dag.py for tasks to queue
[2026-09-23 12:17:22,227] {logging_mixin.py:104} INFO - [2026-09-23 12:17:22,227] {dagbag.py:451} INFO - Filling up the DagBag from /home/airflow/.local/lib/python3.6/site-packages/airflow/example_dags/example_external_task_marker_dag.py
[2026-09-23 12:17:22,248] {scheduler_job.py:639} INFO - DAG(s) dict_keys(['example_external_task_marker_parent', 'example_external_task_marker_child']) retrieved from /home/airflow/.local/lib/python3.6/site-packages/airflow/example_dags/example_external_task_marker_dag.py
[2026-09-23 12:17:22,285] {logging_mixin.py:104} INFO - [2026-09-23 12:17:22,284] {dag.py:1824} INFO - Sync 2 DAGs
[2026-09-23 12:17:22,306] {logging_mixin.py:104} INFO - [2026-09-23 12:17:22,306] {dag.py:2280} INFO - Setting next_dagrun for example_external_task_marker_child to None
[2026-09-23 12:17:22,307] {logging_mixin.py:104} INFO - [2026-09-23 12:17:22,307] {dag.py:2280} INFO - Setting next_dagrun for example_external_task_marker_parent to None
[2026-09-23 12:17:22,322] {scheduler_job.py:190} INFO - Processing /home/airflow/.local/lib/python3.6/site-packages/airflow/example_dags/example_external_task_marker_dag.py took 0.101 seconds
[2026-09-23 12:17:52,816] {scheduler_job.py:182} INFO - Started process (PID=2882) to work on /home/airflow/.local/lib/python3.6/site-packages/airflow/example_dags/example_external_task_marker_dag.py
[2026-09-23 12:17:52,818] {scheduler_job.py:629} INFO - Processing file /home/airflow/.local/lib/python3.6/site-packages/airflow/example_dags/example_external_task_marker_dag.py for tasks to queue
[2026-09-23 12:17:52,819] {logging_mixin.py:104} INFO - [2026-09-23 12:17:52,819] {dagbag.py:451} INFO - Filling up the DagBag from /home/airflow/.local/lib/python3.6/site-packages/airflow/example_dags/example_external_task_marker_dag.py
[2026-09-23 12:17:52,836] {scheduler_job.py:639} INFO - DAG(s) dict_keys(['example_external_task_marker_parent', 'example_external_task_marker_child']) retrieved from /home/airflow/.local/lib/python3.6/site-packages/airflow/example_dags/example_external_task_marker_dag.py
[2026-09-23 12:17:52,870] {logging_mixin.py:104} INFO - [2026-09-23 12:17:52,870] {dag.py:1824} INFO - Sync 2 DAGs
[2026-09-23 12:17:52,892] {logging_mixin.py:104} INFO - [2026-09-23 12:17:52,892] {dag.py:2280} INFO - Setting next_dagrun for example_external_task_marker_child to None
[2026-09-23 12:17:52,894] {logging_mixin.py:104} INFO - [2026-09-23 12:17:52,894] {dag.py:2280} INFO - Setting next_dagrun for example_external_task_marker_parent to None
[2026-09-23 12:17:52,908] {scheduler_job.py:190} INFO - Processing /home/airflow/.local/lib/python3.6/site-packages/airflow/example_dags/example_external_task_marker_dag.py took 0.097 seconds
[2026-09-23 12:18:23,386] {scheduler_job.py:182} INFO - Started process (PID=2908) to work on /home/airflow/.local/lib/python3.6/site-packages/airflow/example_dags/example_external_task_marker_dag.py
[2026-09-23 12:18:23,387] {scheduler_job.py:629} INFO - Processing file /home/airflow/.local/lib/python3.6/site-packages/airflow/example_dags/example_external_task_marker_dag.py for tasks to queue
[2026-09-23 12:18:23,388] {logging_mixin.py:104} INFO - [2026-09-23 12:18:23,388] {dagbag.py:451} INFO - Filling up the DagBag from /home/airflow/.local/lib/python3.6/site-packages/airflow/example_dags/example_external_task_marker_dag.py
[2026-09-23 12:18:23,404] {scheduler_job.py:639} INFO - DAG(s) dict_keys(['example_external_task_marker_parent', 'example_external_task_marker_child']) retrieved from /home/airflow/.local/lib/python3.6/site-packages/airflow/example_dags/example_external_task_marker_dag.py
[2026-09-23 12:18:23,434] {logging_mixin.py:104} INFO - [2026-09-23 12:18:23,434] {dag.py:1824} INFO - Sync 2 DAGs
[2026-09-23 12:18:23,458] {logging_mixin.py:104} INFO - [2026-09-23 12:18:23,458] {dag.py:2280} INFO - Setting next_dagrun for example_external_task_marker_child to None
[2026-09-23 12:18:23,460] {logging_mixin.py:104} INFO - [2026-09-23 12:18:23,459] {dag.py:2280} INFO - Setting next_dagrun for example_external_task_marker_parent to None
[2026-09-23 12:18:23,475] {scheduler_job.py:190} INFO - Processing /home/airflow/.local/lib/python3.6/site-packages/airflow/example_dags/example_external_task_marker_dag.py took 0.094 seconds
[2026-09-23 12:18:53,871] {scheduler_job.py:182} INFO - Started process (PID=2934) to work on /home/airflow/.local/lib/python3.6/site-packages/airflow/example_dags/example_external_task_marker_dag.py
[2026-09-23 12:18:53,873] {scheduler_job.py:629} INFO - Processing file /home/airflow/.local/lib/python3.6/site-packages/airflow/example_dags/example_external_task_marker_dag.py for tasks to queue
[2026-09-23 12:18:53,874] {logging_mixin.py:104} INFO - [2026-09-23 12:18:53,874] {dagbag.py:451} INFO - Filling up the DagBag from /home/airflow/.local/lib/python3.6/site-packages/airflow/example_dags/example_external_task_marker_dag.py
[2026-09-23 12:18:53,893] {scheduler_job.py:639} INFO - DAG(s) dict_keys(['example_external_task_marker_parent', 'example_external_task_marker_child']) retrieved from /home/airflow/.local/lib/python3.6/site-packages/airflow/example_dags/example_external_task_marker_dag.py
[2026-09-23 12:18:53,931] {logging_mixin.py:104} INFO - [2026-09-23 12:18:53,931] {dag.py:1824} INFO - Sync 2 DAGs
[2026-09-23 12:18:53,955] {logging_mixin.py:104} INFO - [2026-09-23 12:18:53,955] {dag.py:2280} INFO - Setting next_dagrun for example_external_task_marker_child to None
[2026-09-23 12:18:53,956] {logging_mixin.py:104} INFO - [2026-09-23 12:18:53,956] {dag.py:2280} INFO - Setting next_dagrun for example_external_task_marker_parent to None
[2026-09-23 12:18:53,972] {scheduler_job.py:190} INFO - Processing /home/airflow/.local/lib/python3.6/site-packages/airflow/example_dags/example_external_task_marker_dag.py took 0.106 seconds
[2026-09-23 12:19:24,844] {scheduler_job.py:182} INFO - Started process (PID=2960) to work on /home/airflow/.local/lib/python3.6/site-packages/airflow/example_dags/example_external_task_marker_dag.py
[2026-09-23 12:19:24,847] {scheduler_job.py:629} INFO - Processing file /home/airflow/.local/lib/python3.6/site-packages/airflow/example_dags/example_external_task_marker_dag.py for tasks to queue
[2026-09-23 12:19:24,848] {logging_mixin.py:104} INFO - [2026-09-23 12:19:24,848] {dagbag.py:451} INFO - Filling up the DagBag from /home/airflow/.local/lib/python3.6/site-packages/airflow/example_dags/example_external_task_marker_dag.py
[2026-09-23 12:19:24,866] {scheduler_job.py:639} INFO - DAG(s) dict_keys(['example_external_task_marker_parent', 'example_external_task_marker_child']) retrieved from /home/airflow/.local/lib/python3.6/site-packages/airflow/example_dags/example_external_task_marker_dag.py
[2026-09-23 12:19:24,904] {logging_mixin.py:104} INFO - [2026-09-23 12:19:24,904] {dag.py:1824} INFO - Sync 2 DAGs
[2026-09-23 12:19:24,930] {logging_mixin.py:104} INFO - [2026-09-23 12:19:24,930] {dag.py:2280} INFO - Setting next_dagrun for example_external_task_marker_child to None
[2026-09-23 12:19:24,932] {logging_mixin.py:104} INFO - [2026-09-23 12:19:24,931] {dag.py:2280} INFO - Setting next_dagrun for example_external_task_marker_parent to None
[2026-09-23 12:19:24,950] {scheduler_job.py:190} INFO - Processing /home/airflow/.local/lib/python3.6/site-packages/airflow/example_dags/example_external_task_marker_dag.py took 0.112 seconds
[2026-09-23 12:19:55,489] {scheduler_job.py:182} INFO - Started process (PID=2986) to work on /home/airflow/.local/lib/python3.6/site-packages/airflow/example_dags/example_external_task_marker_dag.py
[2026-09-23 12:19:55,490] {scheduler_job.py:629} INFO - Processing file /home/airflow/.local/lib/python3.6/site-packages/airflow/example_dags/example_external_task_marker_dag.py for tasks to queue
[2026-09-23 12:19:55,492] {logging_mixin.py:104} INFO - [2026-09-23 12:19:55,491] {dagbag.py:451} INFO - Filling up the DagBag from /home/airflow/.local/lib/python3.6/site-packages/airflow/example_dags/example_external_task_marker_dag.py
[2026-09-23 12:19:55,515] {scheduler_job.py:639} INFO - DAG(s) dict_keys(['example_external_task_marker_parent', 'example_external_task_marker_child']) retrieved from /home/airflow/.local/lib/python3.6/site-packages/airflow/example_dags/example_external_task_marker_dag.py
[2026-09-23 12:19:55,576] {logging_mixin.py:104} INFO - [2026-09-23 12:19:55,576] {dag.py:1824} INFO - Sync 2 DAGs
[2026-09-23 12:19:55,604] {logging_mixin.py:104} INFO - [2026-09-23 12:19:55,603] {dag.py:2280} INFO - Setting next_dagrun for example_external_task_marker_child to None
[2026-09-23 12:19:55,605] {logging_mixin.py:104} INFO - [2026-09-23 12:19:55,605] {dag.py:2280} INFO - Setting next_dagrun for example_external_task_marker_parent to None
[2026-09-23 12:19:55,630] {scheduler_job.py:190} INFO - Processing /home/airflow/.local/lib/python3.6/site-packages/airflow/example_dags/example_external_task_marker_dag.py took 0.147 seconds
[2026-09-23 12:20:26,321] {scheduler_job.py:182} INFO - Started process (PID=3012) to work on /home/airflow/.local/lib/python3.6/site-packages/airflow/example_dags/example_external_task_marker_dag.py
[2026-09-23 12:20:26,322] {scheduler_job.py:629} INFO - Processing file /home/airflow/.local/lib/python3.6/site-packages/airflow/example_dags/example_external_task_marker_dag.py for tasks to queue
[2026-09-23 12:20:26,323] {logging_mixin.py:104} INFO - [2026-09-23 12:20:26,323] {dagbag.py:451} INFO - Filling up the DagBag from /home/airflow/.local/lib/python3.6/site-packages/airflow/example_dags/example_external_task_marker_dag.py
[2026-09-23 12:20:26,343] {scheduler_job.py:639} INFO - DAG(s) dict_keys(['example_external_task_marker_parent', 'example_external_task_marker_child']) retrieved from /home/airflow/.local/lib/python3.6/site-packages/airflow/example_dags/example_external_task_marker_dag.py
[2026-09-23 12:20:26,378] {logging_mixin.py:104} INFO - [2026-09-23 12:20:26,378] {dag.py:1824} INFO - Sync 2 DAGs
[2026-09-23 12:20:26,402] {logging_mixin.py:104} INFO - [2026-09-23 12:20:26,402] {dag.py:2280} INFO - Setting next_dagrun for example_external_task_marker_child to None
[2026-09-23 12:20:26,403] {logging_mixin.py:104} INFO - [2026-09-23 12:20:26,403] {dag.py:2280} INFO - Setting next_dagrun for example_external_task_marker_parent to None
[2026-09-23 12:20:26,421] {scheduler_job.py:190} INFO - Processing /home/airflow/.local/lib/python3.6/site-packages/airflow/example_dags/example_external_task_marker_dag.py took 0.105 seconds
[2026-09-23 12:20:57,026] {scheduler_job.py:182} INFO - Started process (PID=3038) to work on /home/airflow/.local/lib/python3.6/site-packages/airflow/example_dags/example_external_task_marker_dag.py
[2026-09-23 12:20:57,027] {scheduler_job.py:629} INFO - Processing file /home/airflow/.local/lib/python3.6/site-packages/airflow/example_dags/example_external_task_marker_dag.py for tasks to queue
[2026-09-23 12:20:57,028] {logging_mixin.py:104} INFO - [2026-09-23 12:20:57,028] {dagbag.py:451} INFO - Filling up the DagBag from /home/airflow/.local/lib/python3.6/site-packages/airflow/example_dags/example_external_task_marker_dag.py
[2026-09-23 12:20:57,046] {scheduler_job.py:639} INFO - DAG(s) dict_keys(['example_external_task_marker_parent', 'example_external_task_marker_child']) retrieved from /home/airflow/.local/lib/python3.6/site-packages/airflow/example_dags/example_external_task_marker_dag.py
[2026-09-23 12:20:57,083] {logging_mixin.py:104} INFO - [2026-09-23 12:20:57,083] {dag.py:1824} INFO - Sync 2 DAGs
[2026-09-23 12:20:57,109] {logging_mixin.py:104} INFO - [2026-09-23 12:20:57,109] {dag.py:2280} INFO - Setting next_dagrun for example_external_task_marker_child to None
[2026-09-23 12:20:57,111] {logging_mixin.py:104} INFO - [2026-09-23 12:20:57,111] {dag.py:2280} INFO - Setting next_dagrun for example_external_task_marker_parent to None
[2026-09-23 12:20:57,133] {scheduler_job.py:190} INFO - Processing /home/airflow/.local/lib/python3.6/site-packages/airflow/example_dags/example_external_task_marker_dag.py took 0.112 seconds
[2026-09-23 12:21:27,630] {scheduler_job.py:182} INFO - Started process (PID=3064) to work on /home/airflow/.local/lib/python3.6/site-packages/airflow/example_dags/example_external_task_marker_dag.py
[2026-09-23 12:21:27,631] {scheduler_job.py:629} INFO - Processing file /home/airflow/.local/lib/python3.6/site-packages/airflow/example_dags/example_external_task_marker_dag.py for tasks to queue
[2026-09-23 12:21:27,632] {logging_mixin.py:104} INFO - [2026-09-23 12:21:27,632] {dagbag.py:451} INFO - Filling up the DagBag from /home/airflow/.local/lib/python3.6/site-packages/airflow/example_dags/example_external_task_marker_dag.py
[2026-09-23 12:21:27,648] {scheduler_job.py:639} INFO - DAG(s) dict_keys(['example_external_task_marker_parent', 'example_external_task_marker_child']) retrieved from /home/airflow/.local/lib/python3.6/site-packages/airflow/example_dags/example_external_task_marker_dag.py
[2026-09-23 12:21:27,681] {logging_mixin.py:104} INFO - [2026-09-23 12:21:27,681] {dag.py:1824} INFO - Sync 2 DAGs
[2026-09-23 12:21:27,702] {logging_mixin.py:104} INFO - [2026-09-23 12:21:27,702] {dag.py:2280} INFO - Setting next_dagrun for example_external_task_marker_child to None
[2026-09-23 12:21:27,704] {logging_mixin.py:104} INFO - [2026-09-23 12:21:27,703] {dag.py:2280} INFO - Setting next_dagrun for example_external_task_marker_parent to None
[2026-09-23 12:21:27,720] {scheduler_job.py:190} INFO - Processing /home/airflow/.local/lib/python3.6/site-packages/airflow/example_dags/example_external_task_marker_dag.py took 0.095 seconds
[2026-09-23 12:21:58,088] {scheduler_job.py:182} INFO - Started process (PID=3090) to work on /home/airflow/.local/lib/python3.6/site-packages/airflow/example_dags/example_external_task_marker_dag.py
[2026-09-23 12:21:58,089] {scheduler_job.py:629} INFO - Processing file /home/airflow/.local/lib/python3.6/site-packages/airflow/example_dags/example_external_task_marker_dag.py for tasks to queue
[2026-09-23 12:21:58,090] {logging_mixin.py:104} INFO - [2026-09-23 12:21:58,090] {dagbag.py:451} INFO - Filling up the DagBag from /home/airflow/.local/lib/python3.6/site-packages/airflow/example_dags/example_external_task_marker_dag.py
[2026-09-23 12:21:58,106] {scheduler_job.py:639} INFO - DAG(s) dict_keys(['example_external_task_marker_parent', 'example_external_task_marker_child']) retrieved from /home/airflow/.local/lib/python3.6/site-packages/airflow/example_dags/example_external_task_marker_dag.py
[2026-09-23 12:21:58,141] {logging_mixin.py:104} INFO - [2026-09-23 12:21:58,141] {dag.py:1824} INFO - Sync 2 DAGs
[2026-09-23 12:21:58,168] {logging_mixin.py:104} INFO - [2026-09-23 12:21:58,167] {dag.py:2280} INFO - Setting next_dagrun for example_external_task_marker_child to None
[2026-09-23 12:21:58,169] {logging_mixin.py:104} INFO - [2026-09-23 12:21:58,169] {dag.py:2280} INFO - Setting next_dagrun for example_external_task_marker_parent to None
[2026-09-23 12:21:58,189] {scheduler_job.py:190} INFO - Processing /home/airflow/.local/lib/python3.6/site-packages/airflow/example_dags/example_external_task_marker_dag.py took 0.106 seconds
[2026-09-23 12:22:28,562] {scheduler_job.py:182} INFO - Started process (PID=3116) to work on /home/airflow/.local/lib/python3.6/site-packages/airflow/example_dags/example_external_task_marker_dag.py
[2026-09-23 12:22:28,564] {scheduler_job.py:629} INFO - Processing file /home/airflow/.local/lib/python3.6/site-packages/airflow/example_dags/example_external_task_marker_dag.py for tasks to queue
[2026-09-23 12:22:28,564] {logging_mixin.py:104} INFO - [2026-09-23 12:22:28,564] {dagbag.py:451} INFO - Filling up the DagBag from /home/airflow/.local/lib/python3.6/site-packages/airflow/example_dags/example_external_task_marker_dag.py
[2026-09-23 12:22:28,580] {scheduler_job.py:639} INFO - DAG(s) dict_keys(['example_external_task_marker_parent', 'example_external_task_marker_child']) retrieved from /home/airflow/.local/lib/python3.6/site-packages/airflow/example_dags/example_external_task_marker_dag.py
[2026-09-23 12:22:28,609] {logging_mixin.py:104} INFO - [2026-09-23 12:22:28,609] {dag.py:1824} INFO - Sync 2 DAGs
[2026-09-23 12:22:28,630] {logging_mixin.py:104} INFO - [2026-09-23 12:22:28,630] {dag.py:2280} INFO - Setting next_dagrun for example_external_task_marker_child to None
[2026-09-23 12:22:28,631] {logging_mixin.py:104} INFO - [2026-09-23 12:22:28,631] {dag.py:2280} INFO - Setting next_dagrun for example_external_task_marker_parent to None
[2026-09-23 12:22:28,644] {scheduler_job.py:190} INFO - Processing /home/airflow/.local/lib/python3.6/site-packages/airflow/example_dags/example_external_task_marker_dag.py took 0.086 seconds
[2026-09-23 12:22:59,132] {scheduler_job.py:182} INFO - Started process (PID=3142) to work on /home/airflow/.local/lib/python3.6/site-packages/airflow/example_dags/example_external_task_marker_dag.py
[2026-09-23 12:22:59,134] {scheduler_job.py:629} INFO - Processing file /home/airflow/.local/lib/python3.6/site-packages/airflow/example_dags/example_external_task_marker_dag.py for tasks to queue
[2026-09-23 12:22:59,134] {logging_mixin.py:104} INFO - [2026-09-23 12:22:59,134] {dagbag.py:451} INFO - Filling up the DagBag from /home/airflow/.local/lib/python3.6/site-packages/airflow/example_dags/example_external_task_marker_dag.py
[2026-09-23 12:22:59,151] {scheduler_job.py:639} INFO - DAG(s) dict_keys(['example_external_task_marker_parent', 'example_external_task_marker_child']) retrieved from /home/airflow/.local/lib/python3.6/site-packages/airflow/example_dags/example_external_task_marker_dag.py
[2026-09-23 12:22:59,189] {logging_mixin.py:104} INFO - [2026-09-23 12:22:59,189] {dag.py:1824} INFO - Sync 2 DAGs
[2026-09-23 12:22:59,214] {logging_mixin.py:104} INFO - [2026-09-23 12:22:59,214] {dag.py:2280} INFO - Setting next_dagrun for example_external_task_marker_child to None
[2026-09-23 12:22:59,216] {logging_mixin.py:104} INFO - [2026-09-23 12:22:59,215] {dag.py:2280} INFO - Setting next_dagrun for example_external_task_marker_parent to None
[2026-09-23 12:22:59,238] {scheduler_job.py:190} INFO - Processing /home/airflow/.local/lib/python3.6/site-packages/airflow/example_dags/example_external_task_marker_dag.py took 0.111 seconds
[2026-09-23 12:23:29,688] {scheduler_job.py:182} INFO - Started process (PID=3168) to work on /home/airflow/.local/lib/python3.6/site-packages/airflow/example_dags/example_external_task_marker_dag.py
[2026-09-23 12:23:29,690] {scheduler_job.py:629} INFO - Processing file /home/airflow/.local/lib/python3.6/site-packages/airflow/example_dags/example_external_task_marker_dag.py for tasks to queue
[2026-09-23 12:23:29,690] {logging_mixin.py:104} INFO - [2026-09-23 12:23:29,690] {dagbag.py:451} INFO - Filling up the DagBag from /home/airflow/.local/lib/python3.6/site-packages/airflow/example_dags/example_external_task_marker_dag.py
[2026-09-23 12:23:29,706] {scheduler_job.py:639} INFO - DAG(s) dict_keys(['example_external_task_marker_parent', 'example_external_task_marker_child']) retrieved from /home/airflow/.local/lib/python3.6/site-packages/airflow/example_dags/example_external_task_marker_dag.py
[2026-09-23 12:23:29,740] {logging_mixin.py:104} INFO - [2026-09-23 12:23:29,739] {dag.py:1824} INFO - Sync 2 DAGs
[2026-09-23 12:23:29,763] {logging_mixin.py:104} INFO - [2026-09-23 12:23:29,762] {dag.py:2280} INFO - Setting next_dagrun for example_external_task_marker_child to None
[2026-09-23 12:23:29,764] {logging_mixin.py:104} INFO - [2026-09-23 12:23:29,764] {dag.py:2280} INFO - Setting next_dagrun for example_external_task_marker_parent to None
[2026-09-23 12:23:29,783] {scheduler_job.py:190} INFO - Processing /home/airflow/.local/lib/python3.6/site-packages/airflow/example_dags/example_external_task_marker_dag.py took 0.099 seconds
[2026-09-23 12:24:00,238] {scheduler_job.py:182} INFO - Started process (PID=3194) to work on /home/airflow/.local/lib/python3.6/site-packages/airflow/example_dags/example_external_task_marker_dag.py
[2026-09-23 12:24:00,240] {scheduler_job.py:629} INFO - Processing file /home/airflow/.local/lib/python3.6/site-packages/airflow/example_dags/example_external_task_marker_dag.py for tasks to queue
[2026-09-23 12:24:00,241] {logging_mixin.py:104} INFO - [2026-09-23 12:24:00,240] {dagbag.py:451} INFO - Filling up the DagBag from /home/airflow/.local/lib/python3.6/site-packages/airflow/example_dags/example_external_task_marker_dag.py
[2026-09-23 12:24:00,262] {scheduler_job.py:639} INFO - DAG(s) dict_keys(['example_external_task_marker_parent', 'example_external_task_marker_child']) retrieved from /home/airflow/.local/lib/python3.6/site-packages/airflow/example_dags/example_external_task_marker_dag.py
[2026-09-23 12:24:00,317] {logging_mixin.py:104} INFO - [2026-09-23 12:24:00,316] {dag.py:1824} INFO - Sync 2 DAGs
[2026-09-23 12:24:00,351] {logging_mixin.py:104} INFO - [2026-09-23 12:24:00,351] {dag.py:2280} INFO - Setting next_dagrun for example_external_task_marker_child to None
[2026-09-23 12:24:00,353] {logging_mixin.py:104} INFO - [2026-09-23 12:24:00,353] {dag.py:2280} INFO - Setting next_dagrun for example_external_task_marker_parent to None
[2026-09-23 12:24:00,381] {scheduler_job.py:190} INFO - Processing /home/airflow/.local/lib/python3.6/site-packages/airflow/example_dags/example_external_task_marker_dag.py took 0.149 seconds
[2026-09-23 12:24:30,499] {scheduler_job.py:182} INFO - Started process (PID=3220) to work on /home/airflow/.local/lib/python3.6/site-packages/airflow/example_dags/example_external_task_marker_dag.py
[2026-09-23 12:24:30,501] {scheduler_job.py:629} INFO - Processing file /home/airflow/.local/lib/python3.6/site-packages/airflow/example_dags/example_external_task_marker_dag.py for tasks to queue
[2026-09-23 12:24:30,502] {logging_mixin.py:104} INFO - [2026-09-23 12:24:30,502] {dagbag.py:451} INFO - Filling up the DagBag from /home/airflow/.local/lib/python3.6/site-packages/airflow/example_dags/example_external_task_marker_dag.py
[2026-09-23 12:24:30,519] {scheduler_job.py:639} INFO - DAG(s) dict_keys(['example_external_task_marker_parent', 'example_external_task_marker_child']) retrieved from /home/airflow/.local/lib/python3.6/site-packages/airflow/example_dags/example_external_task_marker_dag.py
[2026-09-23 12:24:30,561] {logging_mixin.py:104} INFO - [2026-09-23 12:24:30,560] {dag.py:1824} INFO - Sync 2 DAGs
[2026-09-23 12:24:30,587] {logging_mixin.py:104} INFO - [2026-09-23 12:24:30,587] {dag.py:2280} INFO - Setting next_dagrun for example_external_task_marker_child to None
[2026-09-23 12:24:30,589] {logging_mixin.py:104} INFO - [2026-09-23 12:24:30,589] {dag.py:2280} INFO - Setting next_dagrun for example_external_task_marker_parent to None
[2026-09-23 12:24:30,606] {scheduler_job.py:190} INFO - Processing /home/airflow/.local/lib/python3.6/site-packages/airflow/example_dags/example_external_task_marker_dag.py took 0.112 seconds
[2026-09-23 12:25:01,037] {scheduler_job.py:182} INFO - Started process (PID=3246) to work on /home/airflow/.local/lib/python3.6/site-packages/airflow/example_dags/example_external_task_marker_dag.py
[2026-09-23 12:25:01,039] {scheduler_job.py:629} INFO - Processing file /home/airflow/.local/lib/python3.6/site-packages/airflow/example_dags/example_external_task_marker_dag.py for tasks to queue
[2026-09-23 12:25:01,040] {logging_mixin.py:104} INFO - [2026-09-23 12:25:01,040] {dagbag.py:451} INFO - Filling up the DagBag from /home/airflow/.local/lib/python3.6/site-packages/airflow/example_dags/example_external_task_marker_dag.py
[2026-09-23 12:25:01,061] {scheduler_job.py:639} INFO - DAG(s) dict_keys(['example_external_task_marker_parent', 'example_external_task_marker_child']) retrieved from /home/airflow/.local/lib/python3.6/site-packages/airflow/example_dags/example_external_task_marker_dag.py
[2026-09-23 12:25:01,092] {logging_mixin.py:104} INFO - [2026-09-23 12:25:01,092] {dag.py:1824} INFO - Sync 2 DAGs
[2026-09-23 12:25:01,119] {logging_mixin.py:104} INFO - [2026-09-23 12:25:01,118] {dag.py:2280} INFO - Setting next_dagrun for example_external_task_marker_child to None
[2026-09-23 12:25:01,120] {logging_mixin.py:104} INFO - [2026-09-23 12:25:01,120] {dag.py:2280} INFO - Setting next_dagrun for example_external_task_marker_parent to None
[2026-09-23 12:25:01,135] {scheduler_job.py:190} INFO - Processing /home/airflow/.local/lib/python3.6/site-packages/airflow/example_dags/example_external_task_marker_dag.py took 0.105 seconds
[2026-09-23 12:47:03,671] {scheduler_job.py:182} INFO - Started process (PID=3288) to work on /home/airflow/.local/lib/python3.6/site-packages/airflow/example_dags/example_external_task_marker_dag.py
[2026-09-23 12:47:03,676] {scheduler_job.py:629} INFO - Processing file /home/airflow/.local/lib/python3.6/site-packages/airflow/example_dags/example_external_task_marker_dag.py for tasks to queue
[2026-09-23 12:47:03,677] {logging_mixin.py:104} INFO - [2026-09-23 12:47:03,677] {dagbag.py:451} INFO - Filling up the DagBag from /home/airflow/.local/lib/python3.6/site-packages/airflow/example_dags/example_external_task_marker_dag.py
[2026-09-23 12:47:03,711] {scheduler_job.py:639} INFO - DAG(s) dict_keys(['example_external_task_marker_parent', 'example_external_task_marker_child']) retrieved from /home/airflow/.local/lib/python3.6/site-packages/airflow/example_dags/example_external_task_marker_dag.py
[2026-09-23 12:47:03,789] {logging_mixin.py:104} INFO - [2026-09-23 12:47:03,789] {dag.py:1824} INFO - Sync 2 DAGs
[2026-09-23 12:47:03,859] {logging_mixin.py:104} INFO - [2026-09-23 12:47:03,859] {dag.py:2280} INFO - Setting next_dagrun for example_external_task_marker_child to None
[2026-09-23 12:47:03,862] {logging_mixin.py:104} INFO - [2026-09-23 12:47:03,862] {dag.py:2280} INFO - Setting next_dagrun for example_external_task_marker_parent to None
[2026-09-23 12:47:03,893] {scheduler_job.py:190} INFO - Processing /home/airflow/.local/lib/python3.6/site-packages/airflow/example_dags/example_external_task_marker_dag.py took 0.229 seconds
