[2026-09-23 11:22:13,381] {scheduler_job.py:182} INFO - Started process (PID=41) to work on /home/airflow/.local/lib/python3.6/site-packages/airflow/example_dags/example_skip_dag.py
[2026-09-23 11:22:13,385] {scheduler_job.py:629} INFO - Processing file /home/airflow/.local/lib/python3.6/site-packages/airflow/example_dags/example_skip_dag.py for tasks to queue
[2026-09-23 11:22:13,387] {logging_mixin.py:104} INFO - [2026-09-23 11:22:13,386] {dagbag.py:451} INFO - Filling up the DagBag from /home/airflow/.local/lib/python3.6/site-packages/airflow/example_dags/example_skip_dag.py
[2026-09-23 11:22:13,438] {scheduler_job.py:639} INFO - DAG(s) dict_keys(['example_skip_dag']) retrieved from /home/airflow/.local/lib/python3.6/site-packages/airflow/example_dags/example_skip_dag.py
[2026-09-23 11:22:13,498] {logging_mixin.py:104} INFO - [2026-09-23 11:22:13,498] {dag.py:1824} INFO - Sync 1 DAGs
[2026-09-23 11:22:13,529] {logging_mixin.py:104} INFO - [2026-09-23 11:22:13,529] {dag.py:2280} INFO - Setting next_dagrun for example_skip_dag to 2026-09-21 00:00:00+00:00
[2026-09-23 11:22:13,563] {scheduler_job.py:190} INFO - Processing /home/airflow/.local/lib/python3.6/site-packages/airflow/example_dags/example_skip_dag.py took 0.197 seconds
[2026-09-23 11:22:43,826] {scheduler_job.py:182} INFO - Started process (PID=65) to work on /home/airflow/.local/lib/python3.6/site-packages/airflow/example_dags/example_skip_dag.py
[2026-09-23 11:22:43,827] {scheduler_job.py:629} INFO - Processing file /home/airflow/.local/lib/python3.6/site-packages/airflow/example_dags/example_skip_dag.py for tasks to queue
[2026-09-23 11:22:43,827] {logging_mixin.py:104} INFO - [2026-09-23 11:22:43,827] {dagbag.py:451} INFO - Filling up the DagBag from /home/airflow/.local/lib/python3.6/site-packages/airflow/example_dags/example_skip_dag.py
[2026-09-23 11:22:43,840] {scheduler_job.py:639} INFO - DAG(s) dict_keys(['example_skip_dag']) retrieved from /home/airflow/.local/lib/python3.6/site-packages/airflow/example_dags/example_skip_dag.py
[2026-09-23 11:22:43,863] {logging_mixin.py:104} INFO - [2026-09-23 11:22:43,863] {dag.py:1824} INFO - Sync 1 DAGs
[2026-09-23 11:22:43,880] {logging_mixin.py:104} INFO - [2026-09-23 11:22:43,880] {dag.py:2280} INFO - Setting next_dagrun for example_skip_dag to 2026-09-21 00:00:00+00:00
[2026-09-23 11:22:43,897] {scheduler_job.py:190} INFO - Processing /home/airflow/.local/lib/python3.6/site-packages/airflow/example_dags/example_skip_dag.py took 0.075 seconds
[2026-09-23 11:23:14,876] {scheduler_job.py:182} INFO - Started process (PID=94) to work on /home/airflow/.local/lib/python3.6/site-packages/airflow/example_dags/example_skip_dag.py
[2026-09-23 11:23:14,878] {scheduler_job.py:629} INFO - Processing file /home/airflow/.local/lib/python3.6/site-packages/airflow/example_dags/example_skip_dag.py for tasks to queue
[2026-09-23 11:23:14,878] {logging_mixin.py:104} INFO - [2026-09-23 11:23:14,878] {dagbag.py:451} INFO - Filling up the DagBag from /home/airflow/.local/lib/python3.6/site-packages/airflow/example_dags/example_skip_dag.py
[2026-09-23 11:23:14,894] {scheduler_job.py:639} INFO - DAG(s) dict_keys(['example_skip_dag']) retrieved from /home/airflow/.local/lib/python3.6/site-packages/airflow/example_dags/example_skip_dag.py
[2026-09-23 11:23:14,918] {logging_mixin.py:104} INFO - [2026-09-23 11:23:14,917] {dag.py:1824} INFO - Sync 1 DAGs
[2026-09-23 11:23:14,939] {logging_mixin.py:104} INFO - [2026-09-23 11:23:14,939] {dag.py:2280} INFO - Setting next_dagrun for example_skip_dag to 2026-09-21 00:00:00+00:00
[2026-09-23 11:23:14,956] {scheduler_job.py:190} INFO - Processing /home/airflow/.local/lib/python3.6/site-packages/airflow/example_dags/example_skip_dag.py took 0.085 seconds
[2026-09-23 11:23:45,766] {scheduler_job.py:182} INFO - Started process (PID=121) to work on /home/airflow/.local/lib/python3.6/site-packages/airflow/example_dags/example_skip_dag.py
[2026-09-23 11:23:45,767] {scheduler_job.py:629} INFO - Processing file /home/airflow/.local/lib/python3.6/site-packages/airflow/example_dags/example_skip_dag.py for tasks to queue
[2026-09-23 11:23:45,768] {logging_mixin.py:104} INFO - [2026-09-23 11:23:45,768] {dagbag.py:451} INFO - Filling up the DagBag from /home/airflow/.local/lib/python3.6/site-packages/airflow/example_dags/example_skip_dag.py
[2026-09-23 11:23:45,784] {scheduler_job.py:639} INFO - DAG(s) dict_keys(['example_skip_dag']) retrieved from /home/airflow/.local/lib/python3.6/site-packages/airflow/example_dags/example_skip_dag.py
[2026-09-23 11:23:45,809] {logging_mixin.py:104} INFO - [2026-09-23 11:23:45,809] {dag.py:1824} INFO - Sync 1 DAGs
[2026-09-23 11:23:45,828] {logging_mixin.py:104} INFO - [2026-09-23 11:23:45,828] {dag.py:2280} INFO - Setting next_dagrun for example_skip_dag to 2026-09-21 00:00:00+00:00
[2026-09-23 11:23:45,845] {scheduler_job.py:190} INFO - Processing /home/airflow/.local/lib/python3.6/site-packages/airflow/example_dags/example_skip_dag.py took 0.083 seconds
[2026-09-23 11:24:16,622] {scheduler_job.py:182} INFO - Started process (PID=147) to work on /home/airflow/.local/lib/python3.6/site-packages/airflow/example_dags/example_skip_dag.py
[2026-09-23 11:24:16,623] {scheduler_job.py:629} INFO - Processing file /home/airflow/.local/lib/python3.6/site-packages/airflow/example_dags/example_skip_dag.py for tasks to queue
[2026-09-23 11:24:16,624] {logging_mixin.py:104} INFO - [2026-09-23 11:24:16,624] {dagbag.py:451} INFO - Filling up the DagBag from /home/airflow/.local/lib/python3.6/site-packages/airflow/example_dags/example_skip_dag.py
[2026-09-23 11:24:16,640] {scheduler_job.py:639} INFO - DAG(s) dict_keys(['example_skip_dag']) retrieved from /home/airflow/.local/lib/python3.6/site-packages/airflow/example_dags/example_skip_dag.py
[2026-09-23 11:24:16,676] {logging_mixin.py:104} INFO - [2026-09-23 11:24:16,675] {dag.py:1824} INFO - Sync 1 DAGs
[2026-09-23 11:24:16,701] {logging_mixin.py:104} INFO - [2026-09-23 11:24:16,701] {dag.py:2280} INFO - Setting next_dagrun for example_skip_dag to 2026-09-21 00:00:00+00:00
[2026-09-23 11:24:16,714] {scheduler_job.py:190} INFO - Processing /home/airflow/.local/lib/python3.6/site-packages/airflow/example_dags/example_skip_dag.py took 0.097 seconds
[2026-09-23 11:24:47,262] {scheduler_job.py:182} INFO - Started process (PID=173) to work on /home/airflow/.local/lib/python3.6/site-packages/airflow/example_dags/example_skip_dag.py
[2026-09-23 11:24:47,264] {scheduler_job.py:629} INFO - Processing file /home/airflow/.local/lib/python3.6/site-packages/airflow/example_dags/example_skip_dag.py for tasks to queue
[2026-09-23 11:24:47,265] {logging_mixin.py:104} INFO - [2026-09-23 11:24:47,265] {dagbag.py:451} INFO - Filling up the DagBag from /home/airflow/.local/lib/python3.6/site-packages/airflow/example_dags/example_skip_dag.py
[2026-09-23 11:24:47,281] {scheduler_job.py:639} INFO - DAG(s) dict_keys(['example_skip_dag']) retrieved from /home/airflow/.local/lib/python3.6/site-packages/airflow/example_dags/example_skip_dag.py
[2026-09-23 11:24:47,313] {logging_mixin.py:104} INFO - [2026-09-23 11:24:47,313] {dag.py:1824} INFO - Sync 1 DAGs
[2026-09-23 11:24:47,337] {logging_mixin.py:104} INFO - [2026-09-23 11:24:47,337] {dag.py:2280} INFO - Setting next_dagrun for example_skip_dag to 2026-09-21 00:00:00+00:00
[2026-09-23 11:24:47,354] {scheduler_job.py:190} INFO - Processing /home/airflow/.local/lib/python3.6/site-packages/airflow/example_dags/example_skip_dag.py took 0.097 seconds
[2026-09-23 11:25:17,635] {scheduler_job.py:182} INFO - Started process (PID=198) to work on /home/airflow/.local/lib/python3.6/site-packages/airflow/example_dags/example_skip_dag.py
[2026-09-23 11:25:17,637] {scheduler_job.py:629} INFO - Processing file /home/airflow/.local/lib/python3.6/site-packages/airflow/example_dags/example_skip_dag.py for tasks to queue
[2026-09-23 11:25:17,637] {logging_mixin.py:104} INFO - [2026-09-23 11:25:17,637] {dagbag.py:451} INFO - Filling up the DagBag from /home/airflow/.local/lib/python3.6/site-packages/airflow/example_dags/example_skip_dag.py
[2026-09-23 11:25:17,650] {scheduler_job.py:639} INFO - DAG(s) dict_keys(['example_skip_dag']) retrieved from /home/airflow/.local/lib/python3.6/site-packages/airflow/example_dags/example_skip_dag.py
[2026-09-23 11:25:17,679] {logging_mixin.py:104} INFO - [2026-09-23 11:25:17,678] {dag.py:1824} INFO - Sync 1 DAGs
[2026-09-23 11:25:17,698] {logging_mixin.py:104} INFO - [2026-09-23 11:25:17,698] {dag.py:2280} INFO - Setting next_dagrun for example_skip_dag to 2026-09-21 00:00:00+00:00
[2026-09-23 11:25:17,714] {scheduler_job.py:190} INFO - Processing /home/airflow/.local/lib/python3.6/site-packages/airflow/example_dags/example_skip_dag.py took 0.082 seconds
[2026-09-23 11:25:48,126] {scheduler_job.py:182} INFO - Started process (PID=224) to work on /home/airflow/.local/lib/python3.6/site-packages/airflow/example_dags/example_skip_dag.py
[2026-09-23 11:25:48,128] {scheduler_job.py:629} INFO - Processing file /home/airflow/.local/lib/python3.6/site-packages/airflow/example_dags/example_skip_dag.py for tasks to queue
[2026-09-23 11:25:48,128] {logging_mixin.py:104} INFO - [2026-09-23 11:25:48,128] {dagbag.py:451} INFO - Filling up the DagBag from /home/airflow/.local/lib/python3.6/site-packages/airflow/example_dags/example_skip_dag.py
[2026-09-23 11:25:48,142] {scheduler_job.py:639} INFO - DAG(s) dict_keys(['example_skip_dag']) retrieved from /home/airflow/.local/lib/python3.6/site-packages/airflow/example_dags/example_skip_dag.py
[2026-09-23 11:25:48,166] {logging_mixin.py:104} INFO - [2026-09-23 11:25:48,166] {dag.py:1824} INFO - Sync 1 DAGs
[2026-09-23 11:25:48,185] {logging_mixin.py:104} INFO - [2026-09-23 11:25:48,185] {dag.py:2280} INFO - Setting next_dagrun for example_skip_dag to 2026-09-21 00:00:00+00:00
[2026-09-23 11:25:48,199] {scheduler_job.py:190} INFO - Processing /home/airflow/.local/lib/python3.6/site-packages/airflow/example_dags/example_skip_dag.py took 0.076 seconds
[2026-09-23 11:26:18,695] {scheduler_job.py:182} INFO - Started process (PID=250) to work on /home/airflow/.local/lib/python3.6/site-packages/airflow/example_dags/example_skip_dag.py
[2026-09-23 11:26:18,697] {scheduler_job.py:629} INFO - Processing file /home/airflow/.local/lib/python3.6/site-packages/airflow/example_dags/example_skip_dag.py for tasks to queue
[2026-09-23 11:26:18,698] {logging_mixin.py:104} INFO - [2026-09-23 11:26:18,697] {dagbag.py:451} INFO - Filling up the DagBag from /home/airflow/.local/lib/python3.6/site-packages/airflow/example_dags/example_skip_dag.py
[2026-09-23 11:26:18,711] {scheduler_job.py:639} INFO - DAG(s) dict_keys(['example_skip_dag']) retrieved from /home/airflow/.local/lib/python3.6/site-packages/airflow/example_dags/example_skip_dag.py
[2026-09-23 11:26:18,740] {logging_mixin.py:104} INFO - [2026-09-23 11:26:18,740] {dag.py:1824} INFO - Sync 1 DAGs
[2026-09-23 11:26:18,763] {logging_mixin.py:104} INFO - [2026-09-23 11:26:18,763] {dag.py:2280} INFO - Setting next_dagrun for example_skip_dag to 2026-09-21 00:00:00+00:00
[2026-09-23 11:26:18,779] {scheduler_job.py:190} INFO - Processing /home/airflow/.local/lib/python3.6/site-packages/airflow/example_dags/example_skip_dag.py took 0.088 seconds
[2026-09-23 11:26:49,514] {scheduler_job.py:182} INFO - Started process (PID=276) to work on /home/airflow/.local/lib/python3.6/site-packages/airflow/example_dags/example_skip_dag.py
[2026-09-23 11:26:49,516] {scheduler_job.py:629} INFO - Processing file /home/airflow/.local/lib/python3.6/site-packages/airflow/example_dags/example_skip_dag.py for tasks to queue
[2026-09-23 11:26:49,517] {logging_mixin.py:104} INFO - [2026-09-23 11:26:49,517] {dagbag.py:451} INFO - Filling up the DagBag from /home/airflow/.local/lib/python3.6/site-packages/airflow/example_dags/example_skip_dag.py
[2026-09-23 11:26:49,532] {scheduler_job.py:639} INFO - DAG(s) dict_keys(['example_skip_dag']) retrieved from /home/airflow/.local/lib/python3.6/site-packages/airflow/example_dags/example_skip_dag.py
[2026-09-23 11:26:49,562] {logging_mixin.py:104} INFO - [2026-09-23 11:26:49,562] {dag.py:1824} INFO - Sync 1 DAGs
[2026-09-23 11:26:49,585] {logging_mixin.py:104} INFO - [2026-09-23 11:26:49,585] {dag.py:2280} INFO - Setting next_dagrun for example_skip_dag to 2026-09-21 00:00:00+00:00
[2026-09-23 11:26:49,605] {scheduler_job.py:190} INFO - Processing /home/airflow/.local/lib/python3.6/site-packages/airflow/example_dags/example_skip_dag.py took 0.096 seconds
[2026-09-23 11:27:20,492] {scheduler_job.py:182} INFO - Started process (PID=303) to work on /home/airflow/.local/lib/python3.6/site-packages/airflow/example_dags/example_skip_dag.py
[2026-09-23 11:27:20,493] {scheduler_job.py:629} INFO - Processing file /home/airflow/.local/lib/python3.6/site-packages/airflow/example_dags/example_skip_dag.py for tasks to queue
[2026-09-23 11:27:20,494] {logging_mixin.py:104} INFO - [2026-09-23 11:27:20,494] {dagbag.py:451} INFO - Filling up the DagBag from /home/airflow/.local/lib/python3.6/site-packages/airflow/example_dags/example_skip_dag.py
[2026-09-23 11:27:20,508] {scheduler_job.py:639} INFO - DAG(s) dict_keys(['example_skip_dag']) retrieved from /home/airflow/.local/lib/python3.6/site-packages/airflow/example_dags/example_skip_dag.py
[2026-09-23 11:27:20,537] {logging_mixin.py:104} INFO - [2026-09-23 11:27:20,537] {dag.py:1824} INFO - Sync 1 DAGs
[2026-09-23 11:27:20,561] {logging_mixin.py:104} INFO - [2026-09-23 11:27:20,561] {dag.py:2280} INFO - Setting next_dagrun for example_skip_dag to 2026-09-21 00:00:00+00:00
[2026-09-23 11:27:20,580] {scheduler_job.py:190} INFO - Processing /home/airflow/.local/lib/python3.6/site-packages/airflow/example_dags/example_skip_dag.py took 0.092 seconds
[2026-09-23 11:27:51,423] {scheduler_job.py:182} INFO - Started process (PID=329) to work on /home/airflow/.local/lib/python3.6/site-packages/airflow/example_dags/example_skip_dag.py
[2026-09-23 11:27:51,426] {scheduler_job.py:629} INFO - Processing file /home/airflow/.local/lib/python3.6/site-packages/airflow/example_dags/example_skip_dag.py for tasks to queue
[2026-09-23 11:27:51,428] {logging_mixin.py:104} INFO - [2026-09-23 11:27:51,428] {dagbag.py:451} INFO - Filling up the DagBag from /home/airflow/.local/lib/python3.6/site-packages/airflow/example_dags/example_skip_dag.py
[2026-09-23 11:27:51,450] {scheduler_job.py:639} INFO - DAG(s) dict_keys(['example_skip_dag']) retrieved from /home/airflow/.local/lib/python3.6/site-packages/airflow/example_dags/example_skip_dag.py
[2026-09-23 11:27:51,486] {logging_mixin.py:104} INFO - [2026-09-23 11:27:51,486] {dag.py:1824} INFO - Sync 1 DAGs
[2026-09-23 11:27:51,513] {logging_mixin.py:104} INFO - [2026-09-23 11:27:51,513] {dag.py:2280} INFO - Setting next_dagrun for example_skip_dag to 2026-09-21 00:00:00+00:00
[2026-09-23 11:27:51,538] {scheduler_job.py:190} INFO - Processing /home/airflow/.local/lib/python3.6/site-packages/airflow/example_dags/example_skip_dag.py took 0.121 seconds
[2026-09-23 11:28:21,592] {scheduler_job.py:182} INFO - Started process (PID=355) to work on /home/airflow/.local/lib/python3.6/site-packages/airflow/example_dags/example_skip_dag.py
[2026-09-23 11:28:21,594] {scheduler_job.py:629} INFO - Processing file /home/airflow/.local/lib/python3.6/site-packages/airflow/example_dags/example_skip_dag.py for tasks to queue
[2026-09-23 11:28:21,595] {logging_mixin.py:104} INFO - [2026-09-23 11:28:21,595] {dagbag.py:451} INFO - Filling up the DagBag from /home/airflow/.local/lib/python3.6/site-packages/airflow/example_dags/example_skip_dag.py
[2026-09-23 11:28:21,609] {scheduler_job.py:639} INFO - DAG(s) dict_keys(['example_skip_dag']) retrieved from /home/airflow/.local/lib/python3.6/site-packages/airflow/example_dags/example_skip_dag.py
[2026-09-23 11:28:21,644] {logging_mixin.py:104} INFO - [2026-09-23 11:28:21,644] {dag.py:1824} INFO - Sync 1 DAGs
[2026-09-23 11:28:21,675] {logging_mixin.py:104} INFO - [2026-09-23 11:28:21,674] {dag.py:2280} INFO - Setting next_dagrun for example_skip_dag to 2026-09-21 00:00:00+00:00
[2026-09-23 11:28:21,695] {scheduler_job.py:190} INFO - Processing /home/airflow/.local/lib/python3.6/site-packages/airflow/example_dags/example_skip_dag.py took 0.107 seconds
[2026-09-23 11:28:52,303] {scheduler_job.py:182} INFO - Started process (PID=381) to work on /home/airflow/.local/lib/python3.6/site-packages/airflow/example_dags/example_skip_dag.py
[2026-09-23 11:28:52,305] {scheduler_job.py:629} INFO - Processing file /home/airflow/.local/lib/python3.6/site-packages/airflow/example_dags/example_skip_dag.py for tasks to queue
[2026-09-23 11:28:52,306] {logging_mixin.py:104} INFO - [2026-09-23 11:28:52,306] {dagbag.py:451} INFO - Filling up the DagBag from /home/airflow/.local/lib/python3.6/site-packages/airflow/example_dags/example_skip_dag.py
[2026-09-23 11:28:52,322] {scheduler_job.py:639} INFO - DAG(s) dict_keys(['example_skip_dag']) retrieved from /home/airflow/.local/lib/python3.6/site-packages/airflow/example_dags/example_skip_dag.py
[2026-09-23 11:28:52,352] {logging_mixin.py:104} INFO - [2026-09-23 11:28:52,352] {dag.py:1824} INFO - Sync 1 DAGs
[2026-09-23 11:28:52,374] {logging_mixin.py:104} INFO - [2026-09-23 11:28:52,374] {dag.py:2280} INFO - Setting next_dagrun for example_skip_dag to 2026-09-21 00:00:00+00:00
[2026-09-23 11:28:52,390] {scheduler_job.py:190} INFO - Processing /home/airflow/.local/lib/python3.6/site-packages/airflow/example_dags/example_skip_dag.py took 0.091 seconds
[2026-09-23 11:29:22,731] {scheduler_job.py:182} INFO - Started process (PID=405) to work on /home/airflow/.local/lib/python3.6/site-packages/airflow/example_dags/example_skip_dag.py
[2026-09-23 11:29:22,733] {scheduler_job.py:629} INFO - Processing file /home/airflow/.local/lib/python3.6/site-packages/airflow/example_dags/example_skip_dag.py for tasks to queue
[2026-09-23 11:29:22,734] {logging_mixin.py:104} INFO - [2026-09-23 11:29:22,734] {dagbag.py:451} INFO - Filling up the DagBag from /home/airflow/.local/lib/python3.6/site-packages/airflow/example_dags/example_skip_dag.py
[2026-09-23 11:29:22,747] {scheduler_job.py:639} INFO - DAG(s) dict_keys(['example_skip_dag']) retrieved from /home/airflow/.local/lib/python3.6/site-packages/airflow/example_dags/example_skip_dag.py
[2026-09-23 11:29:22,770] {logging_mixin.py:104} INFO - [2026-09-23 11:29:22,770] {dag.py:1824} INFO - Sync 1 DAGs
[2026-09-23 11:29:22,791] {logging_mixin.py:104} INFO - [2026-09-23 11:29:22,791] {dag.py:2280} INFO - Setting next_dagrun for example_skip_dag to 2026-09-21 00:00:00+00:00
[2026-09-23 11:29:22,809] {scheduler_job.py:190} INFO - Processing /home/airflow/.local/lib/python3.6/site-packages/airflow/example_dags/example_skip_dag.py took 0.082 seconds
[2026-09-23 11:29:53,479] {scheduler_job.py:182} INFO - Started process (PID=433) to work on /home/airflow/.local/lib/python3.6/site-packages/airflow/example_dags/example_skip_dag.py
[2026-09-23 11:29:53,480] {scheduler_job.py:629} INFO - Processing file /home/airflow/.local/lib/python3.6/site-packages/airflow/example_dags/example_skip_dag.py for tasks to queue
[2026-09-23 11:29:53,481] {logging_mixin.py:104} INFO - [2026-09-23 11:29:53,481] {dagbag.py:451} INFO - Filling up the DagBag from /home/airflow/.local/lib/python3.6/site-packages/airflow/example_dags/example_skip_dag.py
[2026-09-23 11:29:53,495] {scheduler_job.py:639} INFO - DAG(s) dict_keys(['example_skip_dag']) retrieved from /home/airflow/.local/lib/python3.6/site-packages/airflow/example_dags/example_skip_dag.py
[2026-09-23 11:29:53,526] {logging_mixin.py:104} INFO - [2026-09-23 11:29:53,526] {dag.py:1824} INFO - Sync 1 DAGs
[2026-09-23 11:29:53,546] {logging_mixin.py:104} INFO - [2026-09-23 11:29:53,546] {dag.py:2280} INFO - Setting next_dagrun for example_skip_dag to 2026-09-21 00:00:00+00:00
[2026-09-23 11:29:53,560] {scheduler_job.py:190} INFO - Processing /home/airflow/.local/lib/python3.6/site-packages/airflow/example_dags/example_skip_dag.py took 0.086 seconds
[2026-09-23 11:30:24,146] {scheduler_job.py:182} INFO - Started process (PID=459) to work on /home/airflow/.local/lib/python3.6/site-packages/airflow/example_dags/example_skip_dag.py
[2026-09-23 11:30:24,147] {scheduler_job.py:629} INFO - Processing file /home/airflow/.local/lib/python3.6/site-packages/airflow/example_dags/example_skip_dag.py for tasks to queue
[2026-09-23 11:30:24,148] {logging_mixin.py:104} INFO - [2026-09-23 11:30:24,148] {dagbag.py:451} INFO - Filling up the DagBag from /home/airflow/.local/lib/python3.6/site-packages/airflow/example_dags/example_skip_dag.py
[2026-09-23 11:30:24,163] {scheduler_job.py:639} INFO - DAG(s) dict_keys(['example_skip_dag']) retrieved from /home/airflow/.local/lib/python3.6/site-packages/airflow/example_dags/example_skip_dag.py
[2026-09-23 11:30:24,189] {logging_mixin.py:104} INFO - [2026-09-23 11:30:24,188] {dag.py:1824} INFO - Sync 1 DAGs
[2026-09-23 11:30:24,210] {logging_mixin.py:104} INFO - [2026-09-23 11:30:24,210] {dag.py:2280} INFO - Setting next_dagrun for example_skip_dag to 2026-09-21 00:00:00+00:00
[2026-09-23 11:30:24,226] {scheduler_job.py:190} INFO - Processing /home/airflow/.local/lib/python3.6/site-packages/airflow/example_dags/example_skip_dag.py took 0.085 seconds
[2026-09-23 11:30:54,762] {scheduler_job.py:182} INFO - Started process (PID=485) to work on /home/airflow/.local/lib/python3.6/site-packages/airflow/example_dags/example_skip_dag.py
[2026-09-23 11:30:54,763] {scheduler_job.py:629} INFO - Processing file /home/airflow/.local/lib/python3.6/site-packages/airflow/example_dags/example_skip_dag.py for tasks to queue
[2026-09-23 11:30:54,764] {logging_mixin.py:104} INFO - [2026-09-23 11:30:54,764] {dagbag.py:451} INFO - Filling up the DagBag from /home/airflow/.local/lib/python3.6/site-packages/airflow/example_dags/example_skip_dag.py
[2026-09-23 11:30:54,784] {scheduler_job.py:639} INFO - DAG(s) dict_keys(['example_skip_dag']) retrieved from /home/airflow/.local/lib/python3.6/site-packages/airflow/example_dags/example_skip_dag.py
[2026-09-23 11:30:54,821] {logging_mixin.py:104} INFO - [2026-09-23 11:30:54,821] {dag.py:1824} INFO - Sync 1 DAGs
[2026-09-23 11:30:54,843] {logging_mixin.py:104} INFO - [2026-09-23 11:30:54,843] {dag.py:2280} INFO - Setting next_dagrun for example_skip_dag to 2026-09-21 00:00:00+00:00
[2026-09-23 11:30:54,862] {scheduler_job.py:190} INFO - Processing /home/airflow/.local/lib/python3.6/site-packages/airflow/example_dags/example_skip_dag.py took 0.105 seconds
[2026-09-23 11:31:25,277] {scheduler_job.py:182} INFO - Started process (PID=511) to work on /home/airflow/.local/lib/python3.6/site-packages/airflow/example_dags/example_skip_dag.py
[2026-09-23 11:31:25,278] {scheduler_job.py:629} INFO - Processing file /home/airflow/.local/lib/python3.6/site-packages/airflow/example_dags/example_skip_dag.py for tasks to queue
[2026-09-23 11:31:25,279] {logging_mixin.py:104} INFO - [2026-09-23 11:31:25,279] {dagbag.py:451} INFO - Filling up the DagBag from /home/airflow/.local/lib/python3.6/site-packages/airflow/example_dags/example_skip_dag.py
[2026-09-23 11:31:25,296] {scheduler_job.py:639} INFO - DAG(s) dict_keys(['example_skip_dag']) retrieved from /home/airflow/.local/lib/python3.6/site-packages/airflow/example_dags/example_skip_dag.py
[2026-09-23 11:31:25,327] {logging_mixin.py:104} INFO - [2026-09-23 11:31:25,327] {dag.py:1824} INFO - Sync 1 DAGs
[2026-09-23 11:31:25,349] {logging_mixin.py:104} INFO - [2026-09-23 11:31:25,349] {dag.py:2280} INFO - Setting next_dagrun for example_skip_dag to 2026-09-21 00:00:00+00:00
[2026-09-23 11:31:25,365] {scheduler_job.py:190} INFO - Processing /home/airflow/.local/lib/python3.6/site-packages/airflow/example_dags/example_skip_dag.py took 0.094 seconds
[2026-09-23 11:31:55,821] {scheduler_job.py:182} INFO - Started process (PID=537) to work on /home/airflow/.local/lib/python3.6/site-packages/airflow/example_dags/example_skip_dag.py
[2026-09-23 11:31:55,822] {scheduler_job.py:629} INFO - Processing file /home/airflow/.local/lib/python3.6/site-packages/airflow/example_dags/example_skip_dag.py for tasks to queue
[2026-09-23 11:31:55,823] {logging_mixin.py:104} INFO - [2026-09-23 11:31:55,823] {dagbag.py:451} INFO - Filling up the DagBag from /home/airflow/.local/lib/python3.6/site-packages/airflow/example_dags/example_skip_dag.py
[2026-09-23 11:31:55,836] {scheduler_job.py:639} INFO - DAG(s) dict_keys(['example_skip_dag']) retrieved from /home/airflow/.local/lib/python3.6/site-packages/airflow/example_dags/example_skip_dag.py
[2026-09-23 11:31:55,861] {logging_mixin.py:104} INFO - [2026-09-23 11:31:55,861] {dag.py:1824} INFO - Sync 1 DAGs
[2026-09-23 11:31:55,880] {logging_mixin.py:104} INFO - [2026-09-23 11:31:55,880] {dag.py:2280} INFO - Setting next_dagrun for example_skip_dag to 2026-09-21 00:00:00+00:00
[2026-09-23 11:31:55,898] {scheduler_job.py:190} INFO - Processing /home/airflow/.local/lib/python3.6/site-packages/airflow/example_dags/example_skip_dag.py took 0.081 seconds
[2026-09-23 11:32:26,293] {scheduler_job.py:182} INFO - Started process (PID=563) to work on /home/airflow/.local/lib/python3.6/site-packages/airflow/example_dags/example_skip_dag.py
[2026-09-23 11:32:26,294] {scheduler_job.py:629} INFO - Processing file /home/airflow/.local/lib/python3.6/site-packages/airflow/example_dags/example_skip_dag.py for tasks to queue
[2026-09-23 11:32:26,295] {logging_mixin.py:104} INFO - [2026-09-23 11:32:26,294] {dagbag.py:451} INFO - Filling up the DagBag from /home/airflow/.local/lib/python3.6/site-packages/airflow/example_dags/example_skip_dag.py
[2026-09-23 11:32:26,308] {scheduler_job.py:639} INFO - DAG(s) dict_keys(['example_skip_dag']) retrieved from /home/airflow/.local/lib/python3.6/site-packages/airflow/example_dags/example_skip_dag.py
[2026-09-23 11:32:26,334] {logging_mixin.py:104} INFO - [2026-09-23 11:32:26,334] {dag.py:1824} INFO - Sync 1 DAGs
[2026-09-23 11:32:26,362] {logging_mixin.py:104} INFO - [2026-09-23 11:32:26,361] {dag.py:2280} INFO - Setting next_dagrun for example_skip_dag to 2026-09-21 00:00:00+00:00
[2026-09-23 11:32:26,375] {scheduler_job.py:190} INFO - Processing /home/airflow/.local/lib/python3.6/site-packages/airflow/example_dags/example_skip_dag.py took 0.086 seconds
[2026-09-23 11:32:56,823] {scheduler_job.py:182} INFO - Started process (PID=589) to work on /home/airflow/.local/lib/python3.6/site-packages/airflow/example_dags/example_skip_dag.py
[2026-09-23 11:32:56,824] {scheduler_job.py:629} INFO - Processing file /home/airflow/.local/lib/python3.6/site-packages/airflow/example_dags/example_skip_dag.py for tasks to queue
[2026-09-23 11:32:56,825] {logging_mixin.py:104} INFO - [2026-09-23 11:32:56,825] {dagbag.py:451} INFO - Filling up the DagBag from /home/airflow/.local/lib/python3.6/site-packages/airflow/example_dags/example_skip_dag.py
[2026-09-23 11:32:56,842] {scheduler_job.py:639} INFO - DAG(s) dict_keys(['example_skip_dag']) retrieved from /home/airflow/.local/lib/python3.6/site-packages/airflow/example_dags/example_skip_dag.py
[2026-09-23 11:32:56,878] {logging_mixin.py:104} INFO - [2026-09-23 11:32:56,877] {dag.py:1824} INFO - Sync 1 DAGs
[2026-09-23 11:32:56,902] {logging_mixin.py:104} INFO - [2026-09-23 11:32:56,902] {dag.py:2280} INFO - Setting next_dagrun for example_skip_dag to 2026-09-21 00:00:00+00:00
[2026-09-23 11:32:56,918] {scheduler_job.py:190} INFO - Processing /home/airflow/.local/lib/python3.6/site-packages/airflow/example_dags/example_skip_dag.py took 0.100 seconds
[2026-09-23 11:33:27,358] {scheduler_job.py:182} INFO - Started process (PID=615) to work on /home/airflow/.local/lib/python3.6/site-packages/airflow/example_dags/example_skip_dag.py
[2026-09-23 11:33:27,360] {scheduler_job.py:629} INFO - Processing file /home/airflow/.local/lib/python3.6/site-packages/airflow/example_dags/example_skip_dag.py for tasks to queue
[2026-09-23 11:33:27,361] {logging_mixin.py:104} INFO - [2026-09-23 11:33:27,360] {dagbag.py:451} INFO - Filling up the DagBag from /home/airflow/.local/lib/python3.6/site-packages/airflow/example_dags/example_skip_dag.py
[2026-09-23 11:33:27,374] {scheduler_job.py:639} INFO - DAG(s) dict_keys(['example_skip_dag']) retrieved from /home/airflow/.local/lib/python3.6/site-packages/airflow/example_dags/example_skip_dag.py
[2026-09-23 11:33:27,399] {logging_mixin.py:104} INFO - [2026-09-23 11:33:27,399] {dag.py:1824} INFO - Sync 1 DAGs
[2026-09-23 11:33:27,420] {logging_mixin.py:104} INFO - [2026-09-23 11:33:27,419] {dag.py:2280} INFO - Setting next_dagrun for example_skip_dag to 2026-09-21 00:00:00+00:00
[2026-09-23 11:33:27,432] {scheduler_job.py:190} INFO - Processing /home/airflow/.local/lib/python3.6/site-packages/airflow/example_dags/example_skip_dag.py took 0.077 seconds
[2026-09-23 11:33:57,861] {scheduler_job.py:182} INFO - Started process (PID=641) to work on /home/airflow/.local/lib/python3.6/site-packages/airflow/example_dags/example_skip_dag.py
[2026-09-23 11:33:57,862] {scheduler_job.py:629} INFO - Processing file /home/airflow/.local/lib/python3.6/site-packages/airflow/example_dags/example_skip_dag.py for tasks to queue
[2026-09-23 11:33:57,863] {logging_mixin.py:104} INFO - [2026-09-23 11:33:57,863] {dagbag.py:451} INFO - Filling up the DagBag from /home/airflow/.local/lib/python3.6/site-packages/airflow/example_dags/example_skip_dag.py
[2026-09-23 11:33:57,879] {scheduler_job.py:639} INFO - DAG(s) dict_keys(['example_skip_dag']) retrieved from /home/airflow/.local/lib/python3.6/site-packages/airflow/example_dags/example_skip_dag.py
[2026-09-23 11:33:57,912] {logging_mixin.py:104} INFO - [2026-09-23 11:33:57,911] {dag.py:1824} INFO - Sync 1 DAGs
[2026-09-23 11:33:57,935] {logging_mixin.py:104} INFO - [2026-09-23 11:33:57,935] {dag.py:2280} INFO - Setting next_dagrun for example_skip_dag to 2026-09-21 00:00:00+00:00
[2026-09-23 11:33:57,948] {scheduler_job.py:190} INFO - Processing /home/airflow/.local/lib/python3.6/site-packages/airflow/example_dags/example_skip_dag.py took 0.092 seconds
[2026-09-23 11:34:28,305] {scheduler_job.py:182} INFO - Started process (PID=664) to work on /home/airflow/.local/lib/python3.6/site-packages/airflow/example_dags/example_skip_dag.py
[2026-09-23 11:34:28,308] {scheduler_job.py:629} INFO - Processing file /home/airflow/.local/lib/python3.6/site-packages/airflow/example_dags/example_skip_dag.py for tasks to queue
[2026-09-23 11:34:28,309] {logging_mixin.py:104} INFO - [2026-09-23 11:34:28,309] {dagbag.py:451} INFO - Filling up the DagBag from /home/airflow/.local/lib/python3.6/site-packages/airflow/example_dags/example_skip_dag.py
[2026-09-23 11:34:28,328] {scheduler_job.py:639} INFO - DAG(s) dict_keys(['example_skip_dag']) retrieved from /home/airflow/.local/lib/python3.6/site-packages/airflow/example_dags/example_skip_dag.py
[2026-09-23 11:34:28,353] {logging_mixin.py:104} INFO - [2026-09-23 11:34:28,353] {dag.py:1824} INFO - Sync 1 DAGs
[2026-09-23 11:34:28,373] {logging_mixin.py:104} INFO - [2026-09-23 11:34:28,373] {dag.py:2280} INFO - Setting next_dagrun for example_skip_dag to 2026-09-21 00:00:00+00:00
[2026-09-23 11:34:28,386] {scheduler_job.py:190} INFO - Processing /home/airflow/.local/lib/python3.6/site-packages/airflow/example_dags/example_skip_dag.py took 0.086 seconds
[2026-09-23 11:34:59,068] {scheduler_job.py:182} INFO - Started process (PID=693) to work on /home/airflow/.local/lib/python3.6/site-packages/airflow/example_dags/example_skip_dag.py
[2026-09-23 11:34:59,069] {scheduler_job.py:629} INFO - Processing file /home/airflow/.local/lib/python3.6/site-packages/airflow/example_dags/example_skip_dag.py for tasks to queue
[2026-09-23 11:34:59,070] {logging_mixin.py:104} INFO - [2026-09-23 11:34:59,070] {dagbag.py:451} INFO - Filling up the DagBag from /home/airflow/.local/lib/python3.6/site-packages/airflow/example_dags/example_skip_dag.py
[2026-09-23 11:34:59,083] {scheduler_job.py:639} INFO - DAG(s) dict_keys(['example_skip_dag']) retrieved from /home/airflow/.local/lib/python3.6/site-packages/airflow/example_dags/example_skip_dag.py
[2026-09-23 11:34:59,108] {logging_mixin.py:104} INFO - [2026-09-23 11:34:59,108] {dag.py:1824} INFO - Sync 1 DAGs
[2026-09-23 11:34:59,126] {logging_mixin.py:104} INFO - [2026-09-23 11:34:59,126] {dag.py:2280} INFO - Setting next_dagrun for example_skip_dag to 2026-09-21 00:00:00+00:00
[2026-09-23 11:34:59,145] {scheduler_job.py:190} INFO - Processing /home/airflow/.local/lib/python3.6/site-packages/airflow/example_dags/example_skip_dag.py took 0.080 seconds
[2026-09-23 11:35:29,980] {scheduler_job.py:182} INFO - Started process (PID=719) to work on /home/airflow/.local/lib/python3.6/site-packages/airflow/example_dags/example_skip_dag.py
[2026-09-23 11:35:29,981] {scheduler_job.py:629} INFO - Processing file /home/airflow/.local/lib/python3.6/site-packages/airflow/example_dags/example_skip_dag.py for tasks to queue
[2026-09-23 11:35:29,982] {logging_mixin.py:104} INFO - [2026-09-23 11:35:29,982] {dagbag.py:451} INFO - Filling up the DagBag from /home/airflow/.local/lib/python3.6/site-packages/airflow/example_dags/example_skip_dag.py
[2026-09-23 11:35:30,003] {scheduler_job.py:639} INFO - DAG(s) dict_keys(['example_skip_dag']) retrieved from /home/airflow/.local/lib/python3.6/site-packages/airflow/example_dags/example_skip_dag.py
[2026-09-23 11:35:30,053] {logging_mixin.py:104} INFO - [2026-09-23 11:35:30,053] {dag.py:1824} INFO - Sync 1 DAGs
[2026-09-23 11:35:30,090] {logging_mixin.py:104} INFO - [2026-09-23 11:35:30,090] {dag.py:2280} INFO - Setting next_dagrun for example_skip_dag to 2026-09-21 00:00:00+00:00
[2026-09-23 11:35:30,119] {scheduler_job.py:190} INFO - Processing /home/airflow/.local/lib/python3.6/site-packages/airflow/example_dags/example_skip_dag.py took 0.146 seconds
[2026-09-23 11:36:00,437] {scheduler_job.py:182} INFO - Started process (PID=746) to work on /home/airflow/.local/lib/python3.6/site-packages/airflow/example_dags/example_skip_dag.py
[2026-09-23 11:36:00,438] {scheduler_job.py:629} INFO - Processing file /home/airflow/.local/lib/python3.6/site-packages/airflow/example_dags/example_skip_dag.py for tasks to queue
[2026-09-23 11:36:00,439] {logging_mixin.py:104} INFO - [2026-09-23 11:36:00,439] {dagbag.py:451} INFO - Filling up the DagBag from /home/airflow/.local/lib/python3.6/site-packages/airflow/example_dags/example_skip_dag.py
[2026-09-23 11:36:00,454] {scheduler_job.py:639} INFO - DAG(s) dict_keys(['example_skip_dag']) retrieved from /home/airflow/.local/lib/python3.6/site-packages/airflow/example_dags/example_skip_dag.py
[2026-09-23 11:36:00,482] {logging_mixin.py:104} INFO - [2026-09-23 11:36:00,482] {dag.py:1824} INFO - Sync 1 DAGs
[2026-09-23 11:36:00,500] {logging_mixin.py:104} INFO - [2026-09-23 11:36:00,500] {dag.py:2280} INFO - Setting next_dagrun for example_skip_dag to 2026-09-21 00:00:00+00:00
[2026-09-23 11:36:00,517] {scheduler_job.py:190} INFO - Processing /home/airflow/.local/lib/python3.6/site-packages/airflow/example_dags/example_skip_dag.py took 0.084 seconds
[2026-09-23 11:36:31,036] {scheduler_job.py:182} INFO - Started process (PID=772) to work on /home/airflow/.local/lib/python3.6/site-packages/airflow/example_dags/example_skip_dag.py
[2026-09-23 11:36:31,038] {scheduler_job.py:629} INFO - Processing file /home/airflow/.local/lib/python3.6/site-packages/airflow/example_dags/example_skip_dag.py for tasks to queue
[2026-09-23 11:36:31,039] {logging_mixin.py:104} INFO - [2026-09-23 11:36:31,039] {dagbag.py:451} INFO - Filling up the DagBag from /home/airflow/.local/lib/python3.6/site-packages/airflow/example_dags/example_skip_dag.py
[2026-09-23 11:36:31,054] {scheduler_job.py:639} INFO - DAG(s) dict_keys(['example_skip_dag']) retrieved from /home/airflow/.local/lib/python3.6/site-packages/airflow/example_dags/example_skip_dag.py
[2026-09-23 11:36:31,099] {logging_mixin.py:104} INFO - [2026-09-23 11:36:31,099] {dag.py:1824} INFO - Sync 1 DAGs
[2026-09-23 11:36:31,145] {logging_mixin.py:104} INFO - [2026-09-23 11:36:31,144] {dag.py:2280} INFO - Setting next_dagrun for example_skip_dag to 2026-09-21 00:00:00+00:00
[2026-09-23 11:36:31,171] {scheduler_job.py:190} INFO - Processing /home/airflow/.local/lib/python3.6/site-packages/airflow/example_dags/example_skip_dag.py took 0.140 seconds
[2026-09-23 11:37:01,421] {scheduler_job.py:182} INFO - Started process (PID=798) to work on /home/airflow/.local/lib/python3.6/site-packages/airflow/example_dags/example_skip_dag.py
[2026-09-23 11:37:01,423] {scheduler_job.py:629} INFO - Processing file /home/airflow/.local/lib/python3.6/site-packages/airflow/example_dags/example_skip_dag.py for tasks to queue
[2026-09-23 11:37:01,424] {logging_mixin.py:104} INFO - [2026-09-23 11:37:01,424] {dagbag.py:451} INFO - Filling up the DagBag from /home/airflow/.local/lib/python3.6/site-packages/airflow/example_dags/example_skip_dag.py
[2026-09-23 11:37:01,441] {scheduler_job.py:639} INFO - DAG(s) dict_keys(['example_skip_dag']) retrieved from /home/airflow/.local/lib/python3.6/site-packages/airflow/example_dags/example_skip_dag.py
[2026-09-23 11:37:01,479] {logging_mixin.py:104} INFO - [2026-09-23 11:37:01,479] {dag.py:1824} INFO - Sync 1 DAGs
[2026-09-23 11:37:01,514] {logging_mixin.py:104} INFO - [2026-09-23 11:37:01,514] {dag.py:2280} INFO - Setting next_dagrun for example_skip_dag to 2026-09-21 00:00:00+00:00
[2026-09-23 11:37:01,547] {scheduler_job.py:190} INFO - Processing /home/airflow/.local/lib/python3.6/site-packages/airflow/example_dags/example_skip_dag.py took 0.131 seconds
[2026-09-23 11:37:31,706] {scheduler_job.py:182} INFO - Started process (PID=824) to work on /home/airflow/.local/lib/python3.6/site-packages/airflow/example_dags/example_skip_dag.py
[2026-09-23 11:37:31,708] {scheduler_job.py:629} INFO - Processing file /home/airflow/.local/lib/python3.6/site-packages/airflow/example_dags/example_skip_dag.py for tasks to queue
[2026-09-23 11:37:31,709] {logging_mixin.py:104} INFO - [2026-09-23 11:37:31,709] {dagbag.py:451} INFO - Filling up the DagBag from /home/airflow/.local/lib/python3.6/site-packages/airflow/example_dags/example_skip_dag.py
[2026-09-23 11:37:31,728] {scheduler_job.py:639} INFO - DAG(s) dict_keys(['example_skip_dag']) retrieved from /home/airflow/.local/lib/python3.6/site-packages/airflow/example_dags/example_skip_dag.py
[2026-09-23 11:37:31,770] {logging_mixin.py:104} INFO - [2026-09-23 11:37:31,770] {dag.py:1824} INFO - Sync 1 DAGs
[2026-09-23 11:37:31,802] {logging_mixin.py:104} INFO - [2026-09-23 11:37:31,802] {dag.py:2280} INFO - Setting next_dagrun for example_skip_dag to 2026-09-21 00:00:00+00:00
[2026-09-23 11:37:31,827] {scheduler_job.py:190} INFO - Processing /home/airflow/.local/lib/python3.6/site-packages/airflow/example_dags/example_skip_dag.py took 0.125 seconds
[2026-09-23 11:38:01,881] {scheduler_job.py:182} INFO - Started process (PID=849) to work on /home/airflow/.local/lib/python3.6/site-packages/airflow/example_dags/example_skip_dag.py
[2026-09-23 11:38:01,883] {scheduler_job.py:629} INFO - Processing file /home/airflow/.local/lib/python3.6/site-packages/airflow/example_dags/example_skip_dag.py for tasks to queue
[2026-09-23 11:38:01,883] {logging_mixin.py:104} INFO - [2026-09-23 11:38:01,883] {dagbag.py:451} INFO - Filling up the DagBag from /home/airflow/.local/lib/python3.6/site-packages/airflow/example_dags/example_skip_dag.py
[2026-09-23 11:38:01,907] {scheduler_job.py:639} INFO - DAG(s) dict_keys(['example_skip_dag']) retrieved from /home/airflow/.local/lib/python3.6/site-packages/airflow/example_dags/example_skip_dag.py
[2026-09-23 11:38:01,941] {logging_mixin.py:104} INFO - [2026-09-23 11:38:01,941] {dag.py:1824} INFO - Sync 1 DAGs
[2026-09-23 11:38:01,963] {logging_mixin.py:104} INFO - [2026-09-23 11:38:01,963] {dag.py:2280} INFO - Setting next_dagrun for example_skip_dag to 2026-09-21 00:00:00+00:00
[2026-09-23 11:38:01,982] {scheduler_job.py:190} INFO - Processing /home/airflow/.local/lib/python3.6/site-packages/airflow/example_dags/example_skip_dag.py took 0.105 seconds
[2026-09-23 11:38:32,256] {scheduler_job.py:182} INFO - Started process (PID=875) to work on /home/airflow/.local/lib/python3.6/site-packages/airflow/example_dags/example_skip_dag.py
[2026-09-23 11:38:32,257] {scheduler_job.py:629} INFO - Processing file /home/airflow/.local/lib/python3.6/site-packages/airflow/example_dags/example_skip_dag.py for tasks to queue
[2026-09-23 11:38:32,258] {logging_mixin.py:104} INFO - [2026-09-23 11:38:32,258] {dagbag.py:451} INFO - Filling up the DagBag from /home/airflow/.local/lib/python3.6/site-packages/airflow/example_dags/example_skip_dag.py
[2026-09-23 11:38:32,282] {scheduler_job.py:639} INFO - DAG(s) dict_keys(['example_skip_dag']) retrieved from /home/airflow/.local/lib/python3.6/site-packages/airflow/example_dags/example_skip_dag.py
[2026-09-23 11:38:32,319] {logging_mixin.py:104} INFO - [2026-09-23 11:38:32,319] {dag.py:1824} INFO - Sync 1 DAGs
[2026-09-23 11:38:32,349] {logging_mixin.py:104} INFO - [2026-09-23 11:38:32,349] {dag.py:2280} INFO - Setting next_dagrun for example_skip_dag to 2026-09-21 00:00:00+00:00
[2026-09-23 11:38:32,371] {scheduler_job.py:190} INFO - Processing /home/airflow/.local/lib/python3.6/site-packages/airflow/example_dags/example_skip_dag.py took 0.121 seconds
[2026-09-23 11:39:03,071] {scheduler_job.py:182} INFO - Started process (PID=902) to work on /home/airflow/.local/lib/python3.6/site-packages/airflow/example_dags/example_skip_dag.py
[2026-09-23 11:39:03,073] {scheduler_job.py:629} INFO - Processing file /home/airflow/.local/lib/python3.6/site-packages/airflow/example_dags/example_skip_dag.py for tasks to queue
[2026-09-23 11:39:03,074] {logging_mixin.py:104} INFO - [2026-09-23 11:39:03,074] {dagbag.py:451} INFO - Filling up the DagBag from /home/airflow/.local/lib/python3.6/site-packages/airflow/example_dags/example_skip_dag.py
[2026-09-23 11:39:03,097] {scheduler_job.py:639} INFO - DAG(s) dict_keys(['example_skip_dag']) retrieved from /home/airflow/.local/lib/python3.6/site-packages/airflow/example_dags/example_skip_dag.py
[2026-09-23 11:39:03,148] {logging_mixin.py:104} INFO - [2026-09-23 11:39:03,148] {dag.py:1824} INFO - Sync 1 DAGs
[2026-09-23 11:39:03,180] {logging_mixin.py:104} INFO - [2026-09-23 11:39:03,179] {dag.py:2280} INFO - Setting next_dagrun for example_skip_dag to 2026-09-21 00:00:00+00:00
[2026-09-23 11:39:03,203] {scheduler_job.py:190} INFO - Processing /home/airflow/.local/lib/python3.6/site-packages/airflow/example_dags/example_skip_dag.py took 0.138 seconds
[2026-09-23 11:39:33,285] {scheduler_job.py:182} INFO - Started process (PID=926) to work on /home/airflow/.local/lib/python3.6/site-packages/airflow/example_dags/example_skip_dag.py
[2026-09-23 11:39:33,289] {scheduler_job.py:629} INFO - Processing file /home/airflow/.local/lib/python3.6/site-packages/airflow/example_dags/example_skip_dag.py for tasks to queue
[2026-09-23 11:39:33,290] {logging_mixin.py:104} INFO - [2026-09-23 11:39:33,290] {dagbag.py:451} INFO - Filling up the DagBag from /home/airflow/.local/lib/python3.6/site-packages/airflow/example_dags/example_skip_dag.py
[2026-09-23 11:39:33,303] {scheduler_job.py:639} INFO - DAG(s) dict_keys(['example_skip_dag']) retrieved from /home/airflow/.local/lib/python3.6/site-packages/airflow/example_dags/example_skip_dag.py
[2026-09-23 11:39:33,337] {logging_mixin.py:104} INFO - [2026-09-23 11:39:33,337] {dag.py:1824} INFO - Sync 1 DAGs
[2026-09-23 11:39:33,366] {logging_mixin.py:104} INFO - [2026-09-23 11:39:33,366] {dag.py:2280} INFO - Setting next_dagrun for example_skip_dag to 2026-09-21 00:00:00+00:00
[2026-09-23 11:39:33,389] {scheduler_job.py:190} INFO - Processing /home/airflow/.local/lib/python3.6/site-packages/airflow/example_dags/example_skip_dag.py took 0.110 seconds
[2026-09-23 11:40:03,637] {scheduler_job.py:182} INFO - Started process (PID=952) to work on /home/airflow/.local/lib/python3.6/site-packages/airflow/example_dags/example_skip_dag.py
[2026-09-23 11:40:03,638] {scheduler_job.py:629} INFO - Processing file /home/airflow/.local/lib/python3.6/site-packages/airflow/example_dags/example_skip_dag.py for tasks to queue
[2026-09-23 11:40:03,642] {logging_mixin.py:104} INFO - [2026-09-23 11:40:03,641] {dagbag.py:451} INFO - Filling up the DagBag from /home/airflow/.local/lib/python3.6/site-packages/airflow/example_dags/example_skip_dag.py
[2026-09-23 11:40:03,673] {scheduler_job.py:639} INFO - DAG(s) dict_keys(['example_skip_dag']) retrieved from /home/airflow/.local/lib/python3.6/site-packages/airflow/example_dags/example_skip_dag.py
[2026-09-23 11:40:03,711] {logging_mixin.py:104} INFO - [2026-09-23 11:40:03,711] {dag.py:1824} INFO - Sync 1 DAGs
[2026-09-23 11:40:03,739] {logging_mixin.py:104} INFO - [2026-09-23 11:40:03,739] {dag.py:2280} INFO - Setting next_dagrun for example_skip_dag to 2026-09-21 00:00:00+00:00
[2026-09-23 11:40:03,766] {scheduler_job.py:190} INFO - Processing /home/airflow/.local/lib/python3.6/site-packages/airflow/example_dags/example_skip_dag.py took 0.140 seconds
[2026-09-23 11:40:34,035] {scheduler_job.py:182} INFO - Started process (PID=977) to work on /home/airflow/.local/lib/python3.6/site-packages/airflow/example_dags/example_skip_dag.py
[2026-09-23 11:40:34,038] {scheduler_job.py:629} INFO - Processing file /home/airflow/.local/lib/python3.6/site-packages/airflow/example_dags/example_skip_dag.py for tasks to queue
[2026-09-23 11:40:34,040] {logging_mixin.py:104} INFO - [2026-09-23 11:40:34,040] {dagbag.py:451} INFO - Filling up the DagBag from /home/airflow/.local/lib/python3.6/site-packages/airflow/example_dags/example_skip_dag.py
[2026-09-23 11:40:34,078] {scheduler_job.py:639} INFO - DAG(s) dict_keys(['example_skip_dag']) retrieved from /home/airflow/.local/lib/python3.6/site-packages/airflow/example_dags/example_skip_dag.py
[2026-09-23 11:40:34,123] {logging_mixin.py:104} INFO - [2026-09-23 11:40:34,123] {dag.py:1824} INFO - Sync 1 DAGs
[2026-09-23 11:40:34,157] {logging_mixin.py:104} INFO - [2026-09-23 11:40:34,157] {dag.py:2280} INFO - Setting next_dagrun for example_skip_dag to 2026-09-21 00:00:00+00:00
[2026-09-23 11:40:34,175] {scheduler_job.py:190} INFO - Processing /home/airflow/.local/lib/python3.6/site-packages/airflow/example_dags/example_skip_dag.py took 0.148 seconds
[2026-09-23 11:41:04,465] {scheduler_job.py:182} INFO - Started process (PID=1003) to work on /home/airflow/.local/lib/python3.6/site-packages/airflow/example_dags/example_skip_dag.py
[2026-09-23 11:41:04,472] {scheduler_job.py:629} INFO - Processing file /home/airflow/.local/lib/python3.6/site-packages/airflow/example_dags/example_skip_dag.py for tasks to queue
[2026-09-23 11:41:04,474] {logging_mixin.py:104} INFO - [2026-09-23 11:41:04,474] {dagbag.py:451} INFO - Filling up the DagBag from /home/airflow/.local/lib/python3.6/site-packages/airflow/example_dags/example_skip_dag.py
[2026-09-23 11:41:04,523] {scheduler_job.py:639} INFO - DAG(s) dict_keys(['example_skip_dag']) retrieved from /home/airflow/.local/lib/python3.6/site-packages/airflow/example_dags/example_skip_dag.py
[2026-09-23 11:41:04,574] {logging_mixin.py:104} INFO - [2026-09-23 11:41:04,574] {dag.py:1824} INFO - Sync 1 DAGs
[2026-09-23 11:41:04,606] {logging_mixin.py:104} INFO - [2026-09-23 11:41:04,606] {dag.py:2280} INFO - Setting next_dagrun for example_skip_dag to 2026-09-21 00:00:00+00:00
[2026-09-23 11:41:04,635] {scheduler_job.py:190} INFO - Processing /home/airflow/.local/lib/python3.6/site-packages/airflow/example_dags/example_skip_dag.py took 0.183 seconds
[2026-09-23 11:41:35,222] {scheduler_job.py:182} INFO - Started process (PID=1028) to work on /home/airflow/.local/lib/python3.6/site-packages/airflow/example_dags/example_skip_dag.py
[2026-09-23 11:41:35,224] {scheduler_job.py:629} INFO - Processing file /home/airflow/.local/lib/python3.6/site-packages/airflow/example_dags/example_skip_dag.py for tasks to queue
[2026-09-23 11:41:35,225] {logging_mixin.py:104} INFO - [2026-09-23 11:41:35,225] {dagbag.py:451} INFO - Filling up the DagBag from /home/airflow/.local/lib/python3.6/site-packages/airflow/example_dags/example_skip_dag.py
[2026-09-23 11:41:35,245] {scheduler_job.py:639} INFO - DAG(s) dict_keys(['example_skip_dag']) retrieved from /home/airflow/.local/lib/python3.6/site-packages/airflow/example_dags/example_skip_dag.py
[2026-09-23 11:41:35,286] {logging_mixin.py:104} INFO - [2026-09-23 11:41:35,285] {dag.py:1824} INFO - Sync 1 DAGs
[2026-09-23 11:41:35,316] {logging_mixin.py:104} INFO - [2026-09-23 11:41:35,316] {dag.py:2280} INFO - Setting next_dagrun for example_skip_dag to 2026-09-21 00:00:00+00:00
[2026-09-23 11:41:35,338] {scheduler_job.py:190} INFO - Processing /home/airflow/.local/lib/python3.6/site-packages/airflow/example_dags/example_skip_dag.py took 0.120 seconds
[2026-09-23 11:42:05,813] {scheduler_job.py:182} INFO - Started process (PID=1054) to work on /home/airflow/.local/lib/python3.6/site-packages/airflow/example_dags/example_skip_dag.py
[2026-09-23 11:42:05,815] {scheduler_job.py:629} INFO - Processing file /home/airflow/.local/lib/python3.6/site-packages/airflow/example_dags/example_skip_dag.py for tasks to queue
[2026-09-23 11:42:05,816] {logging_mixin.py:104} INFO - [2026-09-23 11:42:05,816] {dagbag.py:451} INFO - Filling up the DagBag from /home/airflow/.local/lib/python3.6/site-packages/airflow/example_dags/example_skip_dag.py
[2026-09-23 11:42:05,842] {scheduler_job.py:639} INFO - DAG(s) dict_keys(['example_skip_dag']) retrieved from /home/airflow/.local/lib/python3.6/site-packages/airflow/example_dags/example_skip_dag.py
[2026-09-23 11:42:05,897] {logging_mixin.py:104} INFO - [2026-09-23 11:42:05,897] {dag.py:1824} INFO - Sync 1 DAGs
[2026-09-23 11:42:05,931] {logging_mixin.py:104} INFO - [2026-09-23 11:42:05,930] {dag.py:2280} INFO - Setting next_dagrun for example_skip_dag to 2026-09-21 00:00:00+00:00
[2026-09-23 11:42:05,954] {scheduler_job.py:190} INFO - Processing /home/airflow/.local/lib/python3.6/site-packages/airflow/example_dags/example_skip_dag.py took 0.148 seconds
[2026-09-23 11:42:36,300] {scheduler_job.py:182} INFO - Started process (PID=1080) to work on /home/airflow/.local/lib/python3.6/site-packages/airflow/example_dags/example_skip_dag.py
[2026-09-23 11:42:36,302] {scheduler_job.py:629} INFO - Processing file /home/airflow/.local/lib/python3.6/site-packages/airflow/example_dags/example_skip_dag.py for tasks to queue
[2026-09-23 11:42:36,303] {logging_mixin.py:104} INFO - [2026-09-23 11:42:36,302] {dagbag.py:451} INFO - Filling up the DagBag from /home/airflow/.local/lib/python3.6/site-packages/airflow/example_dags/example_skip_dag.py
[2026-09-23 11:42:36,322] {scheduler_job.py:639} INFO - DAG(s) dict_keys(['example_skip_dag']) retrieved from /home/airflow/.local/lib/python3.6/site-packages/airflow/example_dags/example_skip_dag.py
[2026-09-23 11:42:36,354] {logging_mixin.py:104} INFO - [2026-09-23 11:42:36,354] {dag.py:1824} INFO - Sync 1 DAGs
[2026-09-23 11:42:36,379] {logging_mixin.py:104} INFO - [2026-09-23 11:42:36,379] {dag.py:2280} INFO - Setting next_dagrun for example_skip_dag to 2026-09-21 00:00:00+00:00
[2026-09-23 11:42:36,399] {scheduler_job.py:190} INFO - Processing /home/airflow/.local/lib/python3.6/site-packages/airflow/example_dags/example_skip_dag.py took 0.104 seconds
[2026-09-23 11:43:07,778] {scheduler_job.py:182} INFO - Started process (PID=1109) to work on /home/airflow/.local/lib/python3.6/site-packages/airflow/example_dags/example_skip_dag.py
[2026-09-23 11:43:07,783] {scheduler_job.py:629} INFO - Processing file /home/airflow/.local/lib/python3.6/site-packages/airflow/example_dags/example_skip_dag.py for tasks to queue
[2026-09-23 11:43:07,785] {logging_mixin.py:104} INFO - [2026-09-23 11:43:07,785] {dagbag.py:451} INFO - Filling up the DagBag from /home/airflow/.local/lib/python3.6/site-packages/airflow/example_dags/example_skip_dag.py
[2026-09-23 11:43:07,820] {scheduler_job.py:639} INFO - DAG(s) dict_keys(['example_skip_dag']) retrieved from /home/airflow/.local/lib/python3.6/site-packages/airflow/example_dags/example_skip_dag.py
[2026-09-23 11:43:07,883] {logging_mixin.py:104} INFO - [2026-09-23 11:43:07,883] {dag.py:1824} INFO - Sync 1 DAGs
[2026-09-23 11:43:07,913] {logging_mixin.py:104} INFO - [2026-09-23 11:43:07,913] {dag.py:2280} INFO - Setting next_dagrun for example_skip_dag to 2026-09-21 00:00:00+00:00
[2026-09-23 11:43:07,938] {scheduler_job.py:190} INFO - Processing /home/airflow/.local/lib/python3.6/site-packages/airflow/example_dags/example_skip_dag.py took 0.172 seconds
[2026-09-23 11:43:38,175] {scheduler_job.py:182} INFO - Started process (PID=1135) to work on /home/airflow/.local/lib/python3.6/site-packages/airflow/example_dags/example_skip_dag.py
[2026-09-23 11:43:38,178] {scheduler_job.py:629} INFO - Processing file /home/airflow/.local/lib/python3.6/site-packages/airflow/example_dags/example_skip_dag.py for tasks to queue
[2026-09-23 11:43:38,179] {logging_mixin.py:104} INFO - [2026-09-23 11:43:38,179] {dagbag.py:451} INFO - Filling up the DagBag from /home/airflow/.local/lib/python3.6/site-packages/airflow/example_dags/example_skip_dag.py
[2026-09-23 11:43:38,200] {scheduler_job.py:639} INFO - DAG(s) dict_keys(['example_skip_dag']) retrieved from /home/airflow/.local/lib/python3.6/site-packages/airflow/example_dags/example_skip_dag.py
[2026-09-23 11:43:38,231] {logging_mixin.py:104} INFO - [2026-09-23 11:43:38,230] {dag.py:1824} INFO - Sync 1 DAGs
[2026-09-23 11:43:38,251] {logging_mixin.py:104} INFO - [2026-09-23 11:43:38,251] {dag.py:2280} INFO - Setting next_dagrun for example_skip_dag to 2026-09-21 00:00:00+00:00
[2026-09-23 11:43:38,264] {scheduler_job.py:190} INFO - Processing /home/airflow/.local/lib/python3.6/site-packages/airflow/example_dags/example_skip_dag.py took 0.098 seconds
[2026-09-23 11:44:08,310] {scheduler_job.py:182} INFO - Started process (PID=1160) to work on /home/airflow/.local/lib/python3.6/site-packages/airflow/example_dags/example_skip_dag.py
[2026-09-23 11:44:08,311] {scheduler_job.py:629} INFO - Processing file /home/airflow/.local/lib/python3.6/site-packages/airflow/example_dags/example_skip_dag.py for tasks to queue
[2026-09-23 11:44:08,312] {logging_mixin.py:104} INFO - [2026-09-23 11:44:08,312] {dagbag.py:451} INFO - Filling up the DagBag from /home/airflow/.local/lib/python3.6/site-packages/airflow/example_dags/example_skip_dag.py
[2026-09-23 11:44:08,330] {scheduler_job.py:639} INFO - DAG(s) dict_keys(['example_skip_dag']) retrieved from /home/airflow/.local/lib/python3.6/site-packages/airflow/example_dags/example_skip_dag.py
[2026-09-23 11:44:08,371] {logging_mixin.py:104} INFO - [2026-09-23 11:44:08,371] {dag.py:1824} INFO - Sync 1 DAGs
[2026-09-23 11:44:08,400] {logging_mixin.py:104} INFO - [2026-09-23 11:44:08,399] {dag.py:2280} INFO - Setting next_dagrun for example_skip_dag to 2026-09-21 00:00:00+00:00
[2026-09-23 11:44:08,424] {scheduler_job.py:190} INFO - Processing /home/airflow/.local/lib/python3.6/site-packages/airflow/example_dags/example_skip_dag.py took 0.118 seconds
[2026-09-23 11:44:38,589] {scheduler_job.py:182} INFO - Started process (PID=1186) to work on /home/airflow/.local/lib/python3.6/site-packages/airflow/example_dags/example_skip_dag.py
[2026-09-23 11:44:38,591] {scheduler_job.py:629} INFO - Processing file /home/airflow/.local/lib/python3.6/site-packages/airflow/example_dags/example_skip_dag.py for tasks to queue
[2026-09-23 11:44:38,593] {logging_mixin.py:104} INFO - [2026-09-23 11:44:38,592] {dagbag.py:451} INFO - Filling up the DagBag from /home/airflow/.local/lib/python3.6/site-packages/airflow/example_dags/example_skip_dag.py
[2026-09-23 11:44:38,611] {scheduler_job.py:639} INFO - DAG(s) dict_keys(['example_skip_dag']) retrieved from /home/airflow/.local/lib/python3.6/site-packages/airflow/example_dags/example_skip_dag.py
[2026-09-23 11:44:38,649] {logging_mixin.py:104} INFO - [2026-09-23 11:44:38,649] {dag.py:1824} INFO - Sync 1 DAGs
[2026-09-23 11:44:38,677] {logging_mixin.py:104} INFO - [2026-09-23 11:44:38,677] {dag.py:2280} INFO - Setting next_dagrun for example_skip_dag to 2026-09-21 00:00:00+00:00
[2026-09-23 11:44:38,702] {scheduler_job.py:190} INFO - Processing /home/airflow/.local/lib/python3.6/site-packages/airflow/example_dags/example_skip_dag.py took 0.118 seconds
[2026-09-23 11:45:08,745] {scheduler_job.py:182} INFO - Started process (PID=1211) to work on /home/airflow/.local/lib/python3.6/site-packages/airflow/example_dags/example_skip_dag.py
[2026-09-23 11:45:08,747] {scheduler_job.py:629} INFO - Processing file /home/airflow/.local/lib/python3.6/site-packages/airflow/example_dags/example_skip_dag.py for tasks to queue
[2026-09-23 11:45:08,748] {logging_mixin.py:104} INFO - [2026-09-23 11:45:08,748] {dagbag.py:451} INFO - Filling up the DagBag from /home/airflow/.local/lib/python3.6/site-packages/airflow/example_dags/example_skip_dag.py
[2026-09-23 11:45:08,774] {scheduler_job.py:639} INFO - DAG(s) dict_keys(['example_skip_dag']) retrieved from /home/airflow/.local/lib/python3.6/site-packages/airflow/example_dags/example_skip_dag.py
[2026-09-23 11:45:08,823] {logging_mixin.py:104} INFO - [2026-09-23 11:45:08,823] {dag.py:1824} INFO - Sync 1 DAGs
[2026-09-23 11:45:08,860] {logging_mixin.py:104} INFO - [2026-09-23 11:45:08,860] {dag.py:2280} INFO - Setting next_dagrun for example_skip_dag to 2026-09-21 00:00:00+00:00
[2026-09-23 11:45:08,881] {scheduler_job.py:190} INFO - Processing /home/airflow/.local/lib/python3.6/site-packages/airflow/example_dags/example_skip_dag.py took 0.143 seconds
[2026-09-23 11:45:39,074] {scheduler_job.py:182} INFO - Started process (PID=1238) to work on /home/airflow/.local/lib/python3.6/site-packages/airflow/example_dags/example_skip_dag.py
[2026-09-23 11:45:39,076] {scheduler_job.py:629} INFO - Processing file /home/airflow/.local/lib/python3.6/site-packages/airflow/example_dags/example_skip_dag.py for tasks to queue
[2026-09-23 11:45:39,077] {logging_mixin.py:104} INFO - [2026-09-23 11:45:39,077] {dagbag.py:451} INFO - Filling up the DagBag from /home/airflow/.local/lib/python3.6/site-packages/airflow/example_dags/example_skip_dag.py
[2026-09-23 11:45:39,095] {scheduler_job.py:639} INFO - DAG(s) dict_keys(['example_skip_dag']) retrieved from /home/airflow/.local/lib/python3.6/site-packages/airflow/example_dags/example_skip_dag.py
[2026-09-23 11:45:39,134] {logging_mixin.py:104} INFO - [2026-09-23 11:45:39,134] {dag.py:1824} INFO - Sync 1 DAGs
[2026-09-23 11:45:39,159] {logging_mixin.py:104} INFO - [2026-09-23 11:45:39,159] {dag.py:2280} INFO - Setting next_dagrun for example_skip_dag to 2026-09-21 00:00:00+00:00
[2026-09-23 11:45:39,180] {scheduler_job.py:190} INFO - Processing /home/airflow/.local/lib/python3.6/site-packages/airflow/example_dags/example_skip_dag.py took 0.112 seconds
[2026-09-23 11:46:10,284] {scheduler_job.py:182} INFO - Started process (PID=1265) to work on /home/airflow/.local/lib/python3.6/site-packages/airflow/example_dags/example_skip_dag.py
[2026-09-23 11:46:10,286] {scheduler_job.py:629} INFO - Processing file /home/airflow/.local/lib/python3.6/site-packages/airflow/example_dags/example_skip_dag.py for tasks to queue
[2026-09-23 11:46:10,287] {logging_mixin.py:104} INFO - [2026-09-23 11:46:10,287] {dagbag.py:451} INFO - Filling up the DagBag from /home/airflow/.local/lib/python3.6/site-packages/airflow/example_dags/example_skip_dag.py
[2026-09-23 11:46:10,313] {scheduler_job.py:639} INFO - DAG(s) dict_keys(['example_skip_dag']) retrieved from /home/airflow/.local/lib/python3.6/site-packages/airflow/example_dags/example_skip_dag.py
[2026-09-23 11:46:10,358] {logging_mixin.py:104} INFO - [2026-09-23 11:46:10,358] {dag.py:1824} INFO - Sync 1 DAGs
[2026-09-23 11:46:10,387] {logging_mixin.py:104} INFO - [2026-09-23 11:46:10,387] {dag.py:2280} INFO - Setting next_dagrun for example_skip_dag to 2026-09-21 00:00:00+00:00
[2026-09-23 11:46:10,407] {scheduler_job.py:190} INFO - Processing /home/airflow/.local/lib/python3.6/site-packages/airflow/example_dags/example_skip_dag.py took 0.132 seconds
[2026-09-23 11:46:41,055] {scheduler_job.py:182} INFO - Started process (PID=1292) to work on /home/airflow/.local/lib/python3.6/site-packages/airflow/example_dags/example_skip_dag.py
[2026-09-23 11:46:41,059] {scheduler_job.py:629} INFO - Processing file /home/airflow/.local/lib/python3.6/site-packages/airflow/example_dags/example_skip_dag.py for tasks to queue
[2026-09-23 11:46:41,060] {logging_mixin.py:104} INFO - [2026-09-23 11:46:41,060] {dagbag.py:451} INFO - Filling up the DagBag from /home/airflow/.local/lib/python3.6/site-packages/airflow/example_dags/example_skip_dag.py
[2026-09-23 11:46:41,097] {scheduler_job.py:639} INFO - DAG(s) dict_keys(['example_skip_dag']) retrieved from /home/airflow/.local/lib/python3.6/site-packages/airflow/example_dags/example_skip_dag.py
[2026-09-23 11:46:41,156] {logging_mixin.py:104} INFO - [2026-09-23 11:46:41,156] {dag.py:1824} INFO - Sync 1 DAGs
[2026-09-23 11:46:41,188] {logging_mixin.py:104} INFO - [2026-09-23 11:46:41,188] {dag.py:2280} INFO - Setting next_dagrun for example_skip_dag to 2026-09-21 00:00:00+00:00
[2026-09-23 11:46:41,219] {scheduler_job.py:190} INFO - Processing /home/airflow/.local/lib/python3.6/site-packages/airflow/example_dags/example_skip_dag.py took 0.175 seconds
[2026-09-23 11:47:11,305] {scheduler_job.py:182} INFO - Started process (PID=1318) to work on /home/airflow/.local/lib/python3.6/site-packages/airflow/example_dags/example_skip_dag.py
[2026-09-23 11:47:11,307] {scheduler_job.py:629} INFO - Processing file /home/airflow/.local/lib/python3.6/site-packages/airflow/example_dags/example_skip_dag.py for tasks to queue
[2026-09-23 11:47:11,307] {logging_mixin.py:104} INFO - [2026-09-23 11:47:11,307] {dagbag.py:451} INFO - Filling up the DagBag from /home/airflow/.local/lib/python3.6/site-packages/airflow/example_dags/example_skip_dag.py
[2026-09-23 11:47:11,323] {scheduler_job.py:639} INFO - DAG(s) dict_keys(['example_skip_dag']) retrieved from /home/airflow/.local/lib/python3.6/site-packages/airflow/example_dags/example_skip_dag.py
[2026-09-23 11:47:11,349] {logging_mixin.py:104} INFO - [2026-09-23 11:47:11,349] {dag.py:1824} INFO - Sync 1 DAGs
[2026-09-23 11:47:11,369] {logging_mixin.py:104} INFO - [2026-09-23 11:47:11,369] {dag.py:2280} INFO - Setting next_dagrun for example_skip_dag to 2026-09-21 00:00:00+00:00
[2026-09-23 11:47:11,386] {scheduler_job.py:190} INFO - Processing /home/airflow/.local/lib/python3.6/site-packages/airflow/example_dags/example_skip_dag.py took 0.085 seconds
[2026-09-23 11:47:42,296] {scheduler_job.py:182} INFO - Started process (PID=1344) to work on /home/airflow/.local/lib/python3.6/site-packages/airflow/example_dags/example_skip_dag.py
[2026-09-23 11:47:42,300] {scheduler_job.py:629} INFO - Processing file /home/airflow/.local/lib/python3.6/site-packages/airflow/example_dags/example_skip_dag.py for tasks to queue
[2026-09-23 11:47:42,304] {logging_mixin.py:104} INFO - [2026-09-23 11:47:42,303] {dagbag.py:451} INFO - Filling up the DagBag from /home/airflow/.local/lib/python3.6/site-packages/airflow/example_dags/example_skip_dag.py
[2026-09-23 11:47:42,348] {scheduler_job.py:639} INFO - DAG(s) dict_keys(['example_skip_dag']) retrieved from /home/airflow/.local/lib/python3.6/site-packages/airflow/example_dags/example_skip_dag.py
[2026-09-23 11:47:42,405] {logging_mixin.py:104} INFO - [2026-09-23 11:47:42,405] {dag.py:1824} INFO - Sync 1 DAGs
[2026-09-23 11:47:42,437] {logging_mixin.py:104} INFO - [2026-09-23 11:47:42,436] {dag.py:2280} INFO - Setting next_dagrun for example_skip_dag to 2026-09-21 00:00:00+00:00
[2026-09-23 11:47:42,460] {scheduler_job.py:190} INFO - Processing /home/airflow/.local/lib/python3.6/site-packages/airflow/example_dags/example_skip_dag.py took 0.180 seconds
[2026-09-23 11:48:13,324] {scheduler_job.py:182} INFO - Started process (PID=1371) to work on /home/airflow/.local/lib/python3.6/site-packages/airflow/example_dags/example_skip_dag.py
[2026-09-23 11:48:13,325] {scheduler_job.py:629} INFO - Processing file /home/airflow/.local/lib/python3.6/site-packages/airflow/example_dags/example_skip_dag.py for tasks to queue
[2026-09-23 11:48:13,326] {logging_mixin.py:104} INFO - [2026-09-23 11:48:13,326] {dagbag.py:451} INFO - Filling up the DagBag from /home/airflow/.local/lib/python3.6/site-packages/airflow/example_dags/example_skip_dag.py
[2026-09-23 11:48:13,340] {scheduler_job.py:639} INFO - DAG(s) dict_keys(['example_skip_dag']) retrieved from /home/airflow/.local/lib/python3.6/site-packages/airflow/example_dags/example_skip_dag.py
[2026-09-23 11:48:13,371] {logging_mixin.py:104} INFO - [2026-09-23 11:48:13,371] {dag.py:1824} INFO - Sync 1 DAGs
[2026-09-23 11:48:13,390] {logging_mixin.py:104} INFO - [2026-09-23 11:48:13,390] {dag.py:2280} INFO - Setting next_dagrun for example_skip_dag to 2026-09-21 00:00:00+00:00
[2026-09-23 11:48:13,410] {scheduler_job.py:190} INFO - Processing /home/airflow/.local/lib/python3.6/site-packages/airflow/example_dags/example_skip_dag.py took 0.091 seconds
[2026-09-23 11:48:44,034] {scheduler_job.py:182} INFO - Started process (PID=1398) to work on /home/airflow/.local/lib/python3.6/site-packages/airflow/example_dags/example_skip_dag.py
[2026-09-23 11:48:44,036] {scheduler_job.py:629} INFO - Processing file /home/airflow/.local/lib/python3.6/site-packages/airflow/example_dags/example_skip_dag.py for tasks to queue
[2026-09-23 11:48:44,036] {logging_mixin.py:104} INFO - [2026-09-23 11:48:44,036] {dagbag.py:451} INFO - Filling up the DagBag from /home/airflow/.local/lib/python3.6/site-packages/airflow/example_dags/example_skip_dag.py
[2026-09-23 11:48:44,050] {scheduler_job.py:639} INFO - DAG(s) dict_keys(['example_skip_dag']) retrieved from /home/airflow/.local/lib/python3.6/site-packages/airflow/example_dags/example_skip_dag.py
[2026-09-23 11:48:44,075] {logging_mixin.py:104} INFO - [2026-09-23 11:48:44,075] {dag.py:1824} INFO - Sync 1 DAGs
[2026-09-23 11:48:44,097] {logging_mixin.py:104} INFO - [2026-09-23 11:48:44,097] {dag.py:2280} INFO - Setting next_dagrun for example_skip_dag to 2026-09-21 00:00:00+00:00
[2026-09-23 11:48:44,113] {scheduler_job.py:190} INFO - Processing /home/airflow/.local/lib/python3.6/site-packages/airflow/example_dags/example_skip_dag.py took 0.083 seconds
[2026-09-23 11:49:14,638] {scheduler_job.py:182} INFO - Started process (PID=1424) to work on /home/airflow/.local/lib/python3.6/site-packages/airflow/example_dags/example_skip_dag.py
[2026-09-23 11:49:14,639] {scheduler_job.py:629} INFO - Processing file /home/airflow/.local/lib/python3.6/site-packages/airflow/example_dags/example_skip_dag.py for tasks to queue
[2026-09-23 11:49:14,644] {logging_mixin.py:104} INFO - [2026-09-23 11:49:14,644] {dagbag.py:451} INFO - Filling up the DagBag from /home/airflow/.local/lib/python3.6/site-packages/airflow/example_dags/example_skip_dag.py
[2026-09-23 11:49:14,667] {scheduler_job.py:639} INFO - DAG(s) dict_keys(['example_skip_dag']) retrieved from /home/airflow/.local/lib/python3.6/site-packages/airflow/example_dags/example_skip_dag.py
[2026-09-23 11:49:14,707] {logging_mixin.py:104} INFO - [2026-09-23 11:49:14,707] {dag.py:1824} INFO - Sync 1 DAGs
[2026-09-23 11:49:14,730] {logging_mixin.py:104} INFO - [2026-09-23 11:49:14,730] {dag.py:2280} INFO - Setting next_dagrun for example_skip_dag to 2026-09-21 00:00:00+00:00
[2026-09-23 11:49:14,747] {scheduler_job.py:190} INFO - Processing /home/airflow/.local/lib/python3.6/site-packages/airflow/example_dags/example_skip_dag.py took 0.116 seconds
[2026-09-23 11:49:44,842] {scheduler_job.py:182} INFO - Started process (PID=1450) to work on /home/airflow/.local/lib/python3.6/site-packages/airflow/example_dags/example_skip_dag.py
[2026-09-23 11:49:44,843] {scheduler_job.py:629} INFO - Processing file /home/airflow/.local/lib/python3.6/site-packages/airflow/example_dags/example_skip_dag.py for tasks to queue
[2026-09-23 11:49:44,843] {logging_mixin.py:104} INFO - [2026-09-23 11:49:44,843] {dagbag.py:451} INFO - Filling up the DagBag from /home/airflow/.local/lib/python3.6/site-packages/airflow/example_dags/example_skip_dag.py
[2026-09-23 11:49:44,858] {scheduler_job.py:639} INFO - DAG(s) dict_keys(['example_skip_dag']) retrieved from /home/airflow/.local/lib/python3.6/site-packages/airflow/example_dags/example_skip_dag.py
[2026-09-23 11:49:44,883] {logging_mixin.py:104} INFO - [2026-09-23 11:49:44,883] {dag.py:1824} INFO - Sync 1 DAGs
[2026-09-23 11:49:44,902] {logging_mixin.py:104} INFO - [2026-09-23 11:49:44,901] {dag.py:2280} INFO - Setting next_dagrun for example_skip_dag to 2026-09-21 00:00:00+00:00
[2026-09-23 11:49:44,917] {scheduler_job.py:190} INFO - Processing /home/airflow/.local/lib/python3.6/site-packages/airflow/example_dags/example_skip_dag.py took 0.080 seconds
[2026-09-23 11:50:15,800] {scheduler_job.py:182} INFO - Started process (PID=1477) to work on /home/airflow/.local/lib/python3.6/site-packages/airflow/example_dags/example_skip_dag.py
[2026-09-23 11:50:15,803] {scheduler_job.py:629} INFO - Processing file /home/airflow/.local/lib/python3.6/site-packages/airflow/example_dags/example_skip_dag.py for tasks to queue
[2026-09-23 11:50:15,804] {logging_mixin.py:104} INFO - [2026-09-23 11:50:15,804] {dagbag.py:451} INFO - Filling up the DagBag from /home/airflow/.local/lib/python3.6/site-packages/airflow/example_dags/example_skip_dag.py
[2026-09-23 11:50:15,825] {scheduler_job.py:639} INFO - DAG(s) dict_keys(['example_skip_dag']) retrieved from /home/airflow/.local/lib/python3.6/site-packages/airflow/example_dags/example_skip_dag.py
[2026-09-23 11:50:15,866] {logging_mixin.py:104} INFO - [2026-09-23 11:50:15,865] {dag.py:1824} INFO - Sync 1 DAGs
[2026-09-23 11:50:15,898] {logging_mixin.py:104} INFO - [2026-09-23 11:50:15,898] {dag.py:2280} INFO - Setting next_dagrun for example_skip_dag to 2026-09-21 00:00:00+00:00
[2026-09-23 11:50:15,923] {scheduler_job.py:190} INFO - Processing /home/airflow/.local/lib/python3.6/site-packages/airflow/example_dags/example_skip_dag.py took 0.128 seconds
[2026-09-23 11:50:46,493] {scheduler_job.py:182} INFO - Started process (PID=1503) to work on /home/airflow/.local/lib/python3.6/site-packages/airflow/example_dags/example_skip_dag.py
[2026-09-23 11:50:46,494] {scheduler_job.py:629} INFO - Processing file /home/airflow/.local/lib/python3.6/site-packages/airflow/example_dags/example_skip_dag.py for tasks to queue
[2026-09-23 11:50:46,495] {logging_mixin.py:104} INFO - [2026-09-23 11:50:46,495] {dagbag.py:451} INFO - Filling up the DagBag from /home/airflow/.local/lib/python3.6/site-packages/airflow/example_dags/example_skip_dag.py
[2026-09-23 11:50:46,512] {scheduler_job.py:639} INFO - DAG(s) dict_keys(['example_skip_dag']) retrieved from /home/airflow/.local/lib/python3.6/site-packages/airflow/example_dags/example_skip_dag.py
[2026-09-23 11:50:46,541] {logging_mixin.py:104} INFO - [2026-09-23 11:50:46,541] {dag.py:1824} INFO - Sync 1 DAGs
[2026-09-23 11:50:46,561] {logging_mixin.py:104} INFO - [2026-09-23 11:50:46,561] {dag.py:2280} INFO - Setting next_dagrun for example_skip_dag to 2026-09-21 00:00:00+00:00
[2026-09-23 11:50:46,579] {scheduler_job.py:190} INFO - Processing /home/airflow/.local/lib/python3.6/site-packages/airflow/example_dags/example_skip_dag.py took 0.090 seconds
[2026-09-23 11:51:17,271] {scheduler_job.py:182} INFO - Started process (PID=1527) to work on /home/airflow/.local/lib/python3.6/site-packages/airflow/example_dags/example_skip_dag.py
[2026-09-23 11:51:17,273] {scheduler_job.py:629} INFO - Processing file /home/airflow/.local/lib/python3.6/site-packages/airflow/example_dags/example_skip_dag.py for tasks to queue
[2026-09-23 11:51:17,275] {logging_mixin.py:104} INFO - [2026-09-23 11:51:17,275] {dagbag.py:451} INFO - Filling up the DagBag from /home/airflow/.local/lib/python3.6/site-packages/airflow/example_dags/example_skip_dag.py
[2026-09-23 11:51:17,309] {scheduler_job.py:639} INFO - DAG(s) dict_keys(['example_skip_dag']) retrieved from /home/airflow/.local/lib/python3.6/site-packages/airflow/example_dags/example_skip_dag.py
[2026-09-23 11:51:17,355] {logging_mixin.py:104} INFO - [2026-09-23 11:51:17,355] {dag.py:1824} INFO - Sync 1 DAGs
[2026-09-23 11:51:17,390] {logging_mixin.py:104} INFO - [2026-09-23 11:51:17,390] {dag.py:2280} INFO - Setting next_dagrun for example_skip_dag to 2026-09-21 00:00:00+00:00
[2026-09-23 11:51:17,411] {scheduler_job.py:190} INFO - Processing /home/airflow/.local/lib/python3.6/site-packages/airflow/example_dags/example_skip_dag.py took 0.148 seconds
[2026-09-23 11:51:48,114] {scheduler_job.py:182} INFO - Started process (PID=1553) to work on /home/airflow/.local/lib/python3.6/site-packages/airflow/example_dags/example_skip_dag.py
[2026-09-23 11:51:48,115] {scheduler_job.py:629} INFO - Processing file /home/airflow/.local/lib/python3.6/site-packages/airflow/example_dags/example_skip_dag.py for tasks to queue
[2026-09-23 11:51:48,116] {logging_mixin.py:104} INFO - [2026-09-23 11:51:48,116] {dagbag.py:451} INFO - Filling up the DagBag from /home/airflow/.local/lib/python3.6/site-packages/airflow/example_dags/example_skip_dag.py
[2026-09-23 11:51:48,132] {scheduler_job.py:639} INFO - DAG(s) dict_keys(['example_skip_dag']) retrieved from /home/airflow/.local/lib/python3.6/site-packages/airflow/example_dags/example_skip_dag.py
[2026-09-23 11:51:48,164] {logging_mixin.py:104} INFO - [2026-09-23 11:51:48,164] {dag.py:1824} INFO - Sync 1 DAGs
[2026-09-23 11:51:48,186] {logging_mixin.py:104} INFO - [2026-09-23 11:51:48,186] {dag.py:2280} INFO - Setting next_dagrun for example_skip_dag to 2026-09-21 00:00:00+00:00
[2026-09-23 11:51:48,201] {scheduler_job.py:190} INFO - Processing /home/airflow/.local/lib/python3.6/site-packages/airflow/example_dags/example_skip_dag.py took 0.092 seconds
[2026-09-23 11:52:19,240] {scheduler_job.py:182} INFO - Started process (PID=1579) to work on /home/airflow/.local/lib/python3.6/site-packages/airflow/example_dags/example_skip_dag.py
[2026-09-23 11:52:19,243] {scheduler_job.py:629} INFO - Processing file /home/airflow/.local/lib/python3.6/site-packages/airflow/example_dags/example_skip_dag.py for tasks to queue
[2026-09-23 11:52:19,245] {logging_mixin.py:104} INFO - [2026-09-23 11:52:19,245] {dagbag.py:451} INFO - Filling up the DagBag from /home/airflow/.local/lib/python3.6/site-packages/airflow/example_dags/example_skip_dag.py
[2026-09-23 11:52:19,275] {scheduler_job.py:639} INFO - DAG(s) dict_keys(['example_skip_dag']) retrieved from /home/airflow/.local/lib/python3.6/site-packages/airflow/example_dags/example_skip_dag.py
[2026-09-23 11:52:19,331] {logging_mixin.py:104} INFO - [2026-09-23 11:52:19,331] {dag.py:1824} INFO - Sync 1 DAGs
[2026-09-23 11:52:19,368] {logging_mixin.py:104} INFO - [2026-09-23 11:52:19,367] {dag.py:2280} INFO - Setting next_dagrun for example_skip_dag to 2026-09-21 00:00:00+00:00
[2026-09-23 11:52:19,391] {scheduler_job.py:190} INFO - Processing /home/airflow/.local/lib/python3.6/site-packages/airflow/example_dags/example_skip_dag.py took 0.158 seconds
[2026-09-23 11:52:49,564] {scheduler_job.py:182} INFO - Started process (PID=1605) to work on /home/airflow/.local/lib/python3.6/site-packages/airflow/example_dags/example_skip_dag.py
[2026-09-23 11:52:49,566] {scheduler_job.py:629} INFO - Processing file /home/airflow/.local/lib/python3.6/site-packages/airflow/example_dags/example_skip_dag.py for tasks to queue
[2026-09-23 11:52:49,567] {logging_mixin.py:104} INFO - [2026-09-23 11:52:49,566] {dagbag.py:451} INFO - Filling up the DagBag from /home/airflow/.local/lib/python3.6/site-packages/airflow/example_dags/example_skip_dag.py
[2026-09-23 11:52:49,586] {scheduler_job.py:639} INFO - DAG(s) dict_keys(['example_skip_dag']) retrieved from /home/airflow/.local/lib/python3.6/site-packages/airflow/example_dags/example_skip_dag.py
[2026-09-23 11:52:49,623] {logging_mixin.py:104} INFO - [2026-09-23 11:52:49,623] {dag.py:1824} INFO - Sync 1 DAGs
[2026-09-23 11:52:49,650] {logging_mixin.py:104} INFO - [2026-09-23 11:52:49,650] {dag.py:2280} INFO - Setting next_dagrun for example_skip_dag to 2026-09-21 00:00:00+00:00
[2026-09-23 11:52:49,671] {scheduler_job.py:190} INFO - Processing /home/airflow/.local/lib/python3.6/site-packages/airflow/example_dags/example_skip_dag.py took 0.112 seconds
[2026-09-23 11:53:19,875] {scheduler_job.py:182} INFO - Started process (PID=1632) to work on /home/airflow/.local/lib/python3.6/site-packages/airflow/example_dags/example_skip_dag.py
[2026-09-23 11:53:19,877] {scheduler_job.py:629} INFO - Processing file /home/airflow/.local/lib/python3.6/site-packages/airflow/example_dags/example_skip_dag.py for tasks to queue
[2026-09-23 11:53:19,878] {logging_mixin.py:104} INFO - [2026-09-23 11:53:19,878] {dagbag.py:451} INFO - Filling up the DagBag from /home/airflow/.local/lib/python3.6/site-packages/airflow/example_dags/example_skip_dag.py
[2026-09-23 11:53:19,895] {scheduler_job.py:639} INFO - DAG(s) dict_keys(['example_skip_dag']) retrieved from /home/airflow/.local/lib/python3.6/site-packages/airflow/example_dags/example_skip_dag.py
[2026-09-23 11:53:19,925] {logging_mixin.py:104} INFO - [2026-09-23 11:53:19,925] {dag.py:1824} INFO - Sync 1 DAGs
[2026-09-23 11:53:19,948] {logging_mixin.py:104} INFO - [2026-09-23 11:53:19,948] {dag.py:2280} INFO - Setting next_dagrun for example_skip_dag to 2026-09-21 00:00:00+00:00
[2026-09-23 11:53:19,967] {scheduler_job.py:190} INFO - Processing /home/airflow/.local/lib/python3.6/site-packages/airflow/example_dags/example_skip_dag.py took 0.096 seconds
[2026-09-23 11:53:51,034] {scheduler_job.py:182} INFO - Started process (PID=1659) to work on /home/airflow/.local/lib/python3.6/site-packages/airflow/example_dags/example_skip_dag.py
[2026-09-23 11:53:51,036] {scheduler_job.py:629} INFO - Processing file /home/airflow/.local/lib/python3.6/site-packages/airflow/example_dags/example_skip_dag.py for tasks to queue
[2026-09-23 11:53:51,037] {logging_mixin.py:104} INFO - [2026-09-23 11:53:51,037] {dagbag.py:451} INFO - Filling up the DagBag from /home/airflow/.local/lib/python3.6/site-packages/airflow/example_dags/example_skip_dag.py
[2026-09-23 11:53:51,054] {scheduler_job.py:639} INFO - DAG(s) dict_keys(['example_skip_dag']) retrieved from /home/airflow/.local/lib/python3.6/site-packages/airflow/example_dags/example_skip_dag.py
[2026-09-23 11:53:51,079] {logging_mixin.py:104} INFO - [2026-09-23 11:53:51,079] {dag.py:1824} INFO - Sync 1 DAGs
[2026-09-23 11:53:51,099] {logging_mixin.py:104} INFO - [2026-09-23 11:53:51,099] {dag.py:2280} INFO - Setting next_dagrun for example_skip_dag to 2026-09-21 00:00:00+00:00
[2026-09-23 11:53:51,115] {scheduler_job.py:190} INFO - Processing /home/airflow/.local/lib/python3.6/site-packages/airflow/example_dags/example_skip_dag.py took 0.087 seconds
[2026-09-23 11:54:21,905] {scheduler_job.py:182} INFO - Started process (PID=1685) to work on /home/airflow/.local/lib/python3.6/site-packages/airflow/example_dags/example_skip_dag.py
[2026-09-23 11:54:21,907] {scheduler_job.py:629} INFO - Processing file /home/airflow/.local/lib/python3.6/site-packages/airflow/example_dags/example_skip_dag.py for tasks to queue
[2026-09-23 11:54:21,909] {logging_mixin.py:104} INFO - [2026-09-23 11:54:21,908] {dagbag.py:451} INFO - Filling up the DagBag from /home/airflow/.local/lib/python3.6/site-packages/airflow/example_dags/example_skip_dag.py
[2026-09-23 11:54:21,934] {scheduler_job.py:639} INFO - DAG(s) dict_keys(['example_skip_dag']) retrieved from /home/airflow/.local/lib/python3.6/site-packages/airflow/example_dags/example_skip_dag.py
[2026-09-23 11:54:21,978] {logging_mixin.py:104} INFO - [2026-09-23 11:54:21,978] {dag.py:1824} INFO - Sync 1 DAGs
[2026-09-23 11:54:22,009] {logging_mixin.py:104} INFO - [2026-09-23 11:54:22,009] {dag.py:2280} INFO - Setting next_dagrun for example_skip_dag to 2026-09-21 00:00:00+00:00
[2026-09-23 11:54:22,032] {scheduler_job.py:190} INFO - Processing /home/airflow/.local/lib/python3.6/site-packages/airflow/example_dags/example_skip_dag.py took 0.134 seconds
[2026-09-23 11:54:52,101] {scheduler_job.py:182} INFO - Started process (PID=1711) to work on /home/airflow/.local/lib/python3.6/site-packages/airflow/example_dags/example_skip_dag.py
[2026-09-23 11:54:52,103] {scheduler_job.py:629} INFO - Processing file /home/airflow/.local/lib/python3.6/site-packages/airflow/example_dags/example_skip_dag.py for tasks to queue
[2026-09-23 11:54:52,104] {logging_mixin.py:104} INFO - [2026-09-23 11:54:52,104] {dagbag.py:451} INFO - Filling up the DagBag from /home/airflow/.local/lib/python3.6/site-packages/airflow/example_dags/example_skip_dag.py
[2026-09-23 11:54:52,129] {scheduler_job.py:639} INFO - DAG(s) dict_keys(['example_skip_dag']) retrieved from /home/airflow/.local/lib/python3.6/site-packages/airflow/example_dags/example_skip_dag.py
[2026-09-23 11:54:52,175] {logging_mixin.py:104} INFO - [2026-09-23 11:54:52,175] {dag.py:1824} INFO - Sync 1 DAGs
[2026-09-23 11:54:52,212] {logging_mixin.py:104} INFO - [2026-09-23 11:54:52,212] {dag.py:2280} INFO - Setting next_dagrun for example_skip_dag to 2026-09-21 00:00:00+00:00
[2026-09-23 11:54:52,235] {scheduler_job.py:190} INFO - Processing /home/airflow/.local/lib/python3.6/site-packages/airflow/example_dags/example_skip_dag.py took 0.140 seconds
[2026-09-23 11:55:23,165] {scheduler_job.py:182} INFO - Started process (PID=1738) to work on /home/airflow/.local/lib/python3.6/site-packages/airflow/example_dags/example_skip_dag.py
[2026-09-23 11:55:23,167] {scheduler_job.py:629} INFO - Processing file /home/airflow/.local/lib/python3.6/site-packages/airflow/example_dags/example_skip_dag.py for tasks to queue
[2026-09-23 11:55:23,168] {logging_mixin.py:104} INFO - [2026-09-23 11:55:23,168] {dagbag.py:451} INFO - Filling up the DagBag from /home/airflow/.local/lib/python3.6/site-packages/airflow/example_dags/example_skip_dag.py
[2026-09-23 11:55:23,187] {scheduler_job.py:639} INFO - DAG(s) dict_keys(['example_skip_dag']) retrieved from /home/airflow/.local/lib/python3.6/site-packages/airflow/example_dags/example_skip_dag.py
[2026-09-23 11:55:23,224] {logging_mixin.py:104} INFO - [2026-09-23 11:55:23,224] {dag.py:1824} INFO - Sync 1 DAGs
[2026-09-23 11:55:23,249] {logging_mixin.py:104} INFO - [2026-09-23 11:55:23,249] {dag.py:2280} INFO - Setting next_dagrun for example_skip_dag to 2026-09-21 00:00:00+00:00
[2026-09-23 11:55:23,268] {scheduler_job.py:190} INFO - Processing /home/airflow/.local/lib/python3.6/site-packages/airflow/example_dags/example_skip_dag.py took 0.108 seconds
[2026-09-23 11:55:53,900] {scheduler_job.py:182} INFO - Started process (PID=1764) to work on /home/airflow/.local/lib/python3.6/site-packages/airflow/example_dags/example_skip_dag.py
[2026-09-23 11:55:53,901] {scheduler_job.py:629} INFO - Processing file /home/airflow/.local/lib/python3.6/site-packages/airflow/example_dags/example_skip_dag.py for tasks to queue
[2026-09-23 11:55:53,902] {logging_mixin.py:104} INFO - [2026-09-23 11:55:53,902] {dagbag.py:451} INFO - Filling up the DagBag from /home/airflow/.local/lib/python3.6/site-packages/airflow/example_dags/example_skip_dag.py
[2026-09-23 11:55:53,918] {scheduler_job.py:639} INFO - DAG(s) dict_keys(['example_skip_dag']) retrieved from /home/airflow/.local/lib/python3.6/site-packages/airflow/example_dags/example_skip_dag.py
[2026-09-23 11:55:53,945] {logging_mixin.py:104} INFO - [2026-09-23 11:55:53,945] {dag.py:1824} INFO - Sync 1 DAGs
[2026-09-23 11:55:53,969] {logging_mixin.py:104} INFO - [2026-09-23 11:55:53,969] {dag.py:2280} INFO - Setting next_dagrun for example_skip_dag to 2026-09-21 00:00:00+00:00
[2026-09-23 11:55:53,989] {scheduler_job.py:190} INFO - Processing /home/airflow/.local/lib/python3.6/site-packages/airflow/example_dags/example_skip_dag.py took 0.093 seconds
[2026-09-23 11:56:24,756] {scheduler_job.py:182} INFO - Started process (PID=1790) to work on /home/airflow/.local/lib/python3.6/site-packages/airflow/example_dags/example_skip_dag.py
[2026-09-23 11:56:24,758] {scheduler_job.py:629} INFO - Processing file /home/airflow/.local/lib/python3.6/site-packages/airflow/example_dags/example_skip_dag.py for tasks to queue
[2026-09-23 11:56:24,759] {logging_mixin.py:104} INFO - [2026-09-23 11:56:24,759] {dagbag.py:451} INFO - Filling up the DagBag from /home/airflow/.local/lib/python3.6/site-packages/airflow/example_dags/example_skip_dag.py
[2026-09-23 11:56:24,783] {scheduler_job.py:639} INFO - DAG(s) dict_keys(['example_skip_dag']) retrieved from /home/airflow/.local/lib/python3.6/site-packages/airflow/example_dags/example_skip_dag.py
[2026-09-23 11:56:24,821] {logging_mixin.py:104} INFO - [2026-09-23 11:56:24,821] {dag.py:1824} INFO - Sync 1 DAGs
[2026-09-23 11:56:24,846] {logging_mixin.py:104} INFO - [2026-09-23 11:56:24,846] {dag.py:2280} INFO - Setting next_dagrun for example_skip_dag to 2026-09-21 00:00:00+00:00
[2026-09-23 11:56:24,867] {scheduler_job.py:190} INFO - Processing /home/airflow/.local/lib/python3.6/site-packages/airflow/example_dags/example_skip_dag.py took 0.117 seconds
[2026-09-23 11:56:55,443] {scheduler_job.py:182} INFO - Started process (PID=1816) to work on /home/airflow/.local/lib/python3.6/site-packages/airflow/example_dags/example_skip_dag.py
[2026-09-23 11:56:55,445] {scheduler_job.py:629} INFO - Processing file /home/airflow/.local/lib/python3.6/site-packages/airflow/example_dags/example_skip_dag.py for tasks to queue
[2026-09-23 11:56:55,446] {logging_mixin.py:104} INFO - [2026-09-23 11:56:55,446] {dagbag.py:451} INFO - Filling up the DagBag from /home/airflow/.local/lib/python3.6/site-packages/airflow/example_dags/example_skip_dag.py
[2026-09-23 11:56:55,460] {scheduler_job.py:639} INFO - DAG(s) dict_keys(['example_skip_dag']) retrieved from /home/airflow/.local/lib/python3.6/site-packages/airflow/example_dags/example_skip_dag.py
[2026-09-23 11:56:55,489] {logging_mixin.py:104} INFO - [2026-09-23 11:56:55,489] {dag.py:1824} INFO - Sync 1 DAGs
[2026-09-23 11:56:55,509] {logging_mixin.py:104} INFO - [2026-09-23 11:56:55,509] {dag.py:2280} INFO - Setting next_dagrun for example_skip_dag to 2026-09-21 00:00:00+00:00
[2026-09-23 11:56:55,523] {scheduler_job.py:190} INFO - Processing /home/airflow/.local/lib/python3.6/site-packages/airflow/example_dags/example_skip_dag.py took 0.084 seconds
[2026-09-23 11:57:25,983] {scheduler_job.py:182} INFO - Started process (PID=1842) to work on /home/airflow/.local/lib/python3.6/site-packages/airflow/example_dags/example_skip_dag.py
[2026-09-23 11:57:25,984] {scheduler_job.py:629} INFO - Processing file /home/airflow/.local/lib/python3.6/site-packages/airflow/example_dags/example_skip_dag.py for tasks to queue
[2026-09-23 11:57:25,985] {logging_mixin.py:104} INFO - [2026-09-23 11:57:25,985] {dagbag.py:451} INFO - Filling up the DagBag from /home/airflow/.local/lib/python3.6/site-packages/airflow/example_dags/example_skip_dag.py
[2026-09-23 11:57:25,999] {scheduler_job.py:639} INFO - DAG(s) dict_keys(['example_skip_dag']) retrieved from /home/airflow/.local/lib/python3.6/site-packages/airflow/example_dags/example_skip_dag.py
[2026-09-23 11:57:26,026] {logging_mixin.py:104} INFO - [2026-09-23 11:57:26,026] {dag.py:1824} INFO - Sync 1 DAGs
[2026-09-23 11:57:26,046] {logging_mixin.py:104} INFO - [2026-09-23 11:57:26,046] {dag.py:2280} INFO - Setting next_dagrun for example_skip_dag to 2026-09-21 00:00:00+00:00
[2026-09-23 11:57:26,061] {scheduler_job.py:190} INFO - Processing /home/airflow/.local/lib/python3.6/site-packages/airflow/example_dags/example_skip_dag.py took 0.082 seconds
[2026-09-23 11:57:56,801] {scheduler_job.py:182} INFO - Started process (PID=1868) to work on /home/airflow/.local/lib/python3.6/site-packages/airflow/example_dags/example_skip_dag.py
[2026-09-23 11:57:56,803] {scheduler_job.py:629} INFO - Processing file /home/airflow/.local/lib/python3.6/site-packages/airflow/example_dags/example_skip_dag.py for tasks to queue
[2026-09-23 11:57:56,804] {logging_mixin.py:104} INFO - [2026-09-23 11:57:56,803] {dagbag.py:451} INFO - Filling up the DagBag from /home/airflow/.local/lib/python3.6/site-packages/airflow/example_dags/example_skip_dag.py
[2026-09-23 11:57:56,818] {scheduler_job.py:639} INFO - DAG(s) dict_keys(['example_skip_dag']) retrieved from /home/airflow/.local/lib/python3.6/site-packages/airflow/example_dags/example_skip_dag.py
[2026-09-23 11:57:56,853] {logging_mixin.py:104} INFO - [2026-09-23 11:57:56,853] {dag.py:1824} INFO - Sync 1 DAGs
[2026-09-23 11:57:56,878] {logging_mixin.py:104} INFO - [2026-09-23 11:57:56,877] {dag.py:2280} INFO - Setting next_dagrun for example_skip_dag to 2026-09-21 00:00:00+00:00
[2026-09-23 11:57:56,892] {scheduler_job.py:190} INFO - Processing /home/airflow/.local/lib/python3.6/site-packages/airflow/example_dags/example_skip_dag.py took 0.095 seconds
[2026-09-23 11:58:27,058] {scheduler_job.py:182} INFO - Started process (PID=1894) to work on /home/airflow/.local/lib/python3.6/site-packages/airflow/example_dags/example_skip_dag.py
[2026-09-23 11:58:27,060] {scheduler_job.py:629} INFO - Processing file /home/airflow/.local/lib/python3.6/site-packages/airflow/example_dags/example_skip_dag.py for tasks to queue
[2026-09-23 11:58:27,061] {logging_mixin.py:104} INFO - [2026-09-23 11:58:27,061] {dagbag.py:451} INFO - Filling up the DagBag from /home/airflow/.local/lib/python3.6/site-packages/airflow/example_dags/example_skip_dag.py
[2026-09-23 11:58:27,081] {scheduler_job.py:639} INFO - DAG(s) dict_keys(['example_skip_dag']) retrieved from /home/airflow/.local/lib/python3.6/site-packages/airflow/example_dags/example_skip_dag.py
[2026-09-23 11:58:27,119] {logging_mixin.py:104} INFO - [2026-09-23 11:58:27,118] {dag.py:1824} INFO - Sync 1 DAGs
[2026-09-23 11:58:27,147] {logging_mixin.py:104} INFO - [2026-09-23 11:58:27,146] {dag.py:2280} INFO - Setting next_dagrun for example_skip_dag to 2026-09-21 00:00:00+00:00
[2026-09-23 11:58:27,169] {scheduler_job.py:190} INFO - Processing /home/airflow/.local/lib/python3.6/site-packages/airflow/example_dags/example_skip_dag.py took 0.116 seconds
[2026-09-23 11:58:57,211] {scheduler_job.py:182} INFO - Started process (PID=1919) to work on /home/airflow/.local/lib/python3.6/site-packages/airflow/example_dags/example_skip_dag.py
[2026-09-23 11:58:57,212] {scheduler_job.py:629} INFO - Processing file /home/airflow/.local/lib/python3.6/site-packages/airflow/example_dags/example_skip_dag.py for tasks to queue
[2026-09-23 11:58:57,213] {logging_mixin.py:104} INFO - [2026-09-23 11:58:57,213] {dagbag.py:451} INFO - Filling up the DagBag from /home/airflow/.local/lib/python3.6/site-packages/airflow/example_dags/example_skip_dag.py
[2026-09-23 11:58:57,232] {scheduler_job.py:639} INFO - DAG(s) dict_keys(['example_skip_dag']) retrieved from /home/airflow/.local/lib/python3.6/site-packages/airflow/example_dags/example_skip_dag.py
[2026-09-23 11:58:57,265] {logging_mixin.py:104} INFO - [2026-09-23 11:58:57,265] {dag.py:1824} INFO - Sync 1 DAGs
[2026-09-23 11:58:57,287] {logging_mixin.py:104} INFO - [2026-09-23 11:58:57,286] {dag.py:2280} INFO - Setting next_dagrun for example_skip_dag to 2026-09-21 00:00:00+00:00
[2026-09-23 11:58:57,305] {scheduler_job.py:190} INFO - Processing /home/airflow/.local/lib/python3.6/site-packages/airflow/example_dags/example_skip_dag.py took 0.098 seconds
[2026-09-23 11:59:27,422] {scheduler_job.py:182} INFO - Started process (PID=1946) to work on /home/airflow/.local/lib/python3.6/site-packages/airflow/example_dags/example_skip_dag.py
[2026-09-23 11:59:27,424] {scheduler_job.py:629} INFO - Processing file /home/airflow/.local/lib/python3.6/site-packages/airflow/example_dags/example_skip_dag.py for tasks to queue
[2026-09-23 11:59:27,425] {logging_mixin.py:104} INFO - [2026-09-23 11:59:27,425] {dagbag.py:451} INFO - Filling up the DagBag from /home/airflow/.local/lib/python3.6/site-packages/airflow/example_dags/example_skip_dag.py
[2026-09-23 11:59:27,443] {scheduler_job.py:639} INFO - DAG(s) dict_keys(['example_skip_dag']) retrieved from /home/airflow/.local/lib/python3.6/site-packages/airflow/example_dags/example_skip_dag.py
[2026-09-23 11:59:27,470] {logging_mixin.py:104} INFO - [2026-09-23 11:59:27,470] {dag.py:1824} INFO - Sync 1 DAGs
[2026-09-23 11:59:27,492] {logging_mixin.py:104} INFO - [2026-09-23 11:59:27,492] {dag.py:2280} INFO - Setting next_dagrun for example_skip_dag to 2026-09-21 00:00:00+00:00
[2026-09-23 11:59:27,511] {scheduler_job.py:190} INFO - Processing /home/airflow/.local/lib/python3.6/site-packages/airflow/example_dags/example_skip_dag.py took 0.095 seconds
[2026-09-23 11:59:58,107] {scheduler_job.py:182} INFO - Started process (PID=1971) to work on /home/airflow/.local/lib/python3.6/site-packages/airflow/example_dags/example_skip_dag.py
[2026-09-23 11:59:58,109] {scheduler_job.py:629} INFO - Processing file /home/airflow/.local/lib/python3.6/site-packages/airflow/example_dags/example_skip_dag.py for tasks to queue
[2026-09-23 11:59:58,110] {logging_mixin.py:104} INFO - [2026-09-23 11:59:58,109] {dagbag.py:451} INFO - Filling up the DagBag from /home/airflow/.local/lib/python3.6/site-packages/airflow/example_dags/example_skip_dag.py
[2026-09-23 11:59:58,123] {scheduler_job.py:639} INFO - DAG(s) dict_keys(['example_skip_dag']) retrieved from /home/airflow/.local/lib/python3.6/site-packages/airflow/example_dags/example_skip_dag.py
[2026-09-23 11:59:58,148] {logging_mixin.py:104} INFO - [2026-09-23 11:59:58,147] {dag.py:1824} INFO - Sync 1 DAGs
[2026-09-23 11:59:58,167] {logging_mixin.py:104} INFO - [2026-09-23 11:59:58,167] {dag.py:2280} INFO - Setting next_dagrun for example_skip_dag to 2026-09-21 00:00:00+00:00
[2026-09-23 11:59:58,183] {scheduler_job.py:190} INFO - Processing /home/airflow/.local/lib/python3.6/site-packages/airflow/example_dags/example_skip_dag.py took 0.080 seconds
[2026-09-23 12:00:28,762] {scheduler_job.py:182} INFO - Started process (PID=1997) to work on /home/airflow/.local/lib/python3.6/site-packages/airflow/example_dags/example_skip_dag.py
[2026-09-23 12:00:28,763] {scheduler_job.py:629} INFO - Processing file /home/airflow/.local/lib/python3.6/site-packages/airflow/example_dags/example_skip_dag.py for tasks to queue
[2026-09-23 12:00:28,764] {logging_mixin.py:104} INFO - [2026-09-23 12:00:28,764] {dagbag.py:451} INFO - Filling up the DagBag from /home/airflow/.local/lib/python3.6/site-packages/airflow/example_dags/example_skip_dag.py
[2026-09-23 12:00:28,783] {scheduler_job.py:639} INFO - DAG(s) dict_keys(['example_skip_dag']) retrieved from /home/airflow/.local/lib/python3.6/site-packages/airflow/example_dags/example_skip_dag.py
[2026-09-23 12:00:28,823] {logging_mixin.py:104} INFO - [2026-09-23 12:00:28,822] {dag.py:1824} INFO - Sync 1 DAGs
[2026-09-23 12:00:28,851] {logging_mixin.py:104} INFO - [2026-09-23 12:00:28,851] {dag.py:2280} INFO - Setting next_dagrun for example_skip_dag to 2026-09-21 00:00:00+00:00
[2026-09-23 12:00:28,871] {scheduler_job.py:190} INFO - Processing /home/airflow/.local/lib/python3.6/site-packages/airflow/example_dags/example_skip_dag.py took 0.113 seconds
[2026-09-23 12:00:59,282] {scheduler_job.py:182} INFO - Started process (PID=2024) to work on /home/airflow/.local/lib/python3.6/site-packages/airflow/example_dags/example_skip_dag.py
[2026-09-23 12:00:59,283] {scheduler_job.py:629} INFO - Processing file /home/airflow/.local/lib/python3.6/site-packages/airflow/example_dags/example_skip_dag.py for tasks to queue
[2026-09-23 12:00:59,284] {logging_mixin.py:104} INFO - [2026-09-23 12:00:59,284] {dagbag.py:451} INFO - Filling up the DagBag from /home/airflow/.local/lib/python3.6/site-packages/airflow/example_dags/example_skip_dag.py
[2026-09-23 12:00:59,298] {scheduler_job.py:639} INFO - DAG(s) dict_keys(['example_skip_dag']) retrieved from /home/airflow/.local/lib/python3.6/site-packages/airflow/example_dags/example_skip_dag.py
[2026-09-23 12:00:59,329] {logging_mixin.py:104} INFO - [2026-09-23 12:00:59,328] {dag.py:1824} INFO - Sync 1 DAGs
[2026-09-23 12:00:59,358] {logging_mixin.py:104} INFO - [2026-09-23 12:00:59,358] {dag.py:2280} INFO - Setting next_dagrun for example_skip_dag to 2026-09-21 00:00:00+00:00
[2026-09-23 12:00:59,374] {scheduler_job.py:190} INFO - Processing /home/airflow/.local/lib/python3.6/site-packages/airflow/example_dags/example_skip_dag.py took 0.096 seconds
[2026-09-23 12:01:29,903] {scheduler_job.py:182} INFO - Started process (PID=2049) to work on /home/airflow/.local/lib/python3.6/site-packages/airflow/example_dags/example_skip_dag.py
[2026-09-23 12:01:29,904] {scheduler_job.py:629} INFO - Processing file /home/airflow/.local/lib/python3.6/site-packages/airflow/example_dags/example_skip_dag.py for tasks to queue
[2026-09-23 12:01:29,905] {logging_mixin.py:104} INFO - [2026-09-23 12:01:29,905] {dagbag.py:451} INFO - Filling up the DagBag from /home/airflow/.local/lib/python3.6/site-packages/airflow/example_dags/example_skip_dag.py
[2026-09-23 12:01:29,921] {scheduler_job.py:639} INFO - DAG(s) dict_keys(['example_skip_dag']) retrieved from /home/airflow/.local/lib/python3.6/site-packages/airflow/example_dags/example_skip_dag.py
[2026-09-23 12:01:29,952] {logging_mixin.py:104} INFO - [2026-09-23 12:01:29,952] {dag.py:1824} INFO - Sync 1 DAGs
[2026-09-23 12:01:29,974] {logging_mixin.py:104} INFO - [2026-09-23 12:01:29,974] {dag.py:2280} INFO - Setting next_dagrun for example_skip_dag to 2026-09-21 00:00:00+00:00
[2026-09-23 12:01:29,993] {scheduler_job.py:190} INFO - Processing /home/airflow/.local/lib/python3.6/site-packages/airflow/example_dags/example_skip_dag.py took 0.095 seconds
[2026-09-23 12:02:00,567] {scheduler_job.py:182} INFO - Started process (PID=2075) to work on /home/airflow/.local/lib/python3.6/site-packages/airflow/example_dags/example_skip_dag.py
[2026-09-23 12:02:00,568] {scheduler_job.py:629} INFO - Processing file /home/airflow/.local/lib/python3.6/site-packages/airflow/example_dags/example_skip_dag.py for tasks to queue
[2026-09-23 12:02:00,569] {logging_mixin.py:104} INFO - [2026-09-23 12:02:00,569] {dagbag.py:451} INFO - Filling up the DagBag from /home/airflow/.local/lib/python3.6/site-packages/airflow/example_dags/example_skip_dag.py
[2026-09-23 12:02:00,582] {scheduler_job.py:639} INFO - DAG(s) dict_keys(['example_skip_dag']) retrieved from /home/airflow/.local/lib/python3.6/site-packages/airflow/example_dags/example_skip_dag.py
[2026-09-23 12:02:00,608] {logging_mixin.py:104} INFO - [2026-09-23 12:02:00,608] {dag.py:1824} INFO - Sync 1 DAGs
[2026-09-23 12:02:00,628] {logging_mixin.py:104} INFO - [2026-09-23 12:02:00,628] {dag.py:2280} INFO - Setting next_dagrun for example_skip_dag to 2026-09-21 00:00:00+00:00
[2026-09-23 12:02:00,646] {scheduler_job.py:190} INFO - Processing /home/airflow/.local/lib/python3.6/site-packages/airflow/example_dags/example_skip_dag.py took 0.083 seconds
[2026-09-23 12:02:31,557] {scheduler_job.py:182} INFO - Started process (PID=2101) to work on /home/airflow/.local/lib/python3.6/site-packages/airflow/example_dags/example_skip_dag.py
[2026-09-23 12:02:31,558] {scheduler_job.py:629} INFO - Processing file /home/airflow/.local/lib/python3.6/site-packages/airflow/example_dags/example_skip_dag.py for tasks to queue
[2026-09-23 12:02:31,560] {logging_mixin.py:104} INFO - [2026-09-23 12:02:31,560] {dagbag.py:451} INFO - Filling up the DagBag from /home/airflow/.local/lib/python3.6/site-packages/airflow/example_dags/example_skip_dag.py
[2026-09-23 12:02:31,583] {scheduler_job.py:639} INFO - DAG(s) dict_keys(['example_skip_dag']) retrieved from /home/airflow/.local/lib/python3.6/site-packages/airflow/example_dags/example_skip_dag.py
[2026-09-23 12:02:31,622] {logging_mixin.py:104} INFO - [2026-09-23 12:02:31,622] {dag.py:1824} INFO - Sync 1 DAGs
[2026-09-23 12:02:31,653] {logging_mixin.py:104} INFO - [2026-09-23 12:02:31,652] {dag.py:2280} INFO - Setting next_dagrun for example_skip_dag to 2026-09-21 00:00:00+00:00
[2026-09-23 12:02:31,674] {scheduler_job.py:190} INFO - Processing /home/airflow/.local/lib/python3.6/site-packages/airflow/example_dags/example_skip_dag.py took 0.124 seconds
[2026-09-23 12:03:02,464] {scheduler_job.py:182} INFO - Started process (PID=2127) to work on /home/airflow/.local/lib/python3.6/site-packages/airflow/example_dags/example_skip_dag.py
[2026-09-23 12:03:02,465] {scheduler_job.py:629} INFO - Processing file /home/airflow/.local/lib/python3.6/site-packages/airflow/example_dags/example_skip_dag.py for tasks to queue
[2026-09-23 12:03:02,466] {logging_mixin.py:104} INFO - [2026-09-23 12:03:02,466] {dagbag.py:451} INFO - Filling up the DagBag from /home/airflow/.local/lib/python3.6/site-packages/airflow/example_dags/example_skip_dag.py
[2026-09-23 12:03:02,481] {scheduler_job.py:639} INFO - DAG(s) dict_keys(['example_skip_dag']) retrieved from /home/airflow/.local/lib/python3.6/site-packages/airflow/example_dags/example_skip_dag.py
[2026-09-23 12:03:02,514] {logging_mixin.py:104} INFO - [2026-09-23 12:03:02,514] {dag.py:1824} INFO - Sync 1 DAGs
[2026-09-23 12:03:02,543] {logging_mixin.py:104} INFO - [2026-09-23 12:03:02,543] {dag.py:2280} INFO - Setting next_dagrun for example_skip_dag to 2026-09-21 00:00:00+00:00
[2026-09-23 12:03:02,556] {scheduler_job.py:190} INFO - Processing /home/airflow/.local/lib/python3.6/site-packages/airflow/example_dags/example_skip_dag.py took 0.096 seconds
[2026-09-23 12:03:33,394] {scheduler_job.py:182} INFO - Started process (PID=2153) to work on /home/airflow/.local/lib/python3.6/site-packages/airflow/example_dags/example_skip_dag.py
[2026-09-23 12:03:33,395] {scheduler_job.py:629} INFO - Processing file /home/airflow/.local/lib/python3.6/site-packages/airflow/example_dags/example_skip_dag.py for tasks to queue
[2026-09-23 12:03:33,396] {logging_mixin.py:104} INFO - [2026-09-23 12:03:33,396] {dagbag.py:451} INFO - Filling up the DagBag from /home/airflow/.local/lib/python3.6/site-packages/airflow/example_dags/example_skip_dag.py
[2026-09-23 12:03:33,412] {scheduler_job.py:639} INFO - DAG(s) dict_keys(['example_skip_dag']) retrieved from /home/airflow/.local/lib/python3.6/site-packages/airflow/example_dags/example_skip_dag.py
[2026-09-23 12:03:33,442] {logging_mixin.py:104} INFO - [2026-09-23 12:03:33,442] {dag.py:1824} INFO - Sync 1 DAGs
[2026-09-23 12:03:33,461] {logging_mixin.py:104} INFO - [2026-09-23 12:03:33,461] {dag.py:2280} INFO - Setting next_dagrun for example_skip_dag to 2026-09-21 00:00:00+00:00
[2026-09-23 12:03:33,477] {scheduler_job.py:190} INFO - Processing /home/airflow/.local/lib/python3.6/site-packages/airflow/example_dags/example_skip_dag.py took 0.088 seconds
[2026-09-23 12:04:04,185] {scheduler_job.py:182} INFO - Started process (PID=2179) to work on /home/airflow/.local/lib/python3.6/site-packages/airflow/example_dags/example_skip_dag.py
[2026-09-23 12:04:04,186] {scheduler_job.py:629} INFO - Processing file /home/airflow/.local/lib/python3.6/site-packages/airflow/example_dags/example_skip_dag.py for tasks to queue
[2026-09-23 12:04:04,186] {logging_mixin.py:104} INFO - [2026-09-23 12:04:04,186] {dagbag.py:451} INFO - Filling up the DagBag from /home/airflow/.local/lib/python3.6/site-packages/airflow/example_dags/example_skip_dag.py
[2026-09-23 12:04:04,200] {scheduler_job.py:639} INFO - DAG(s) dict_keys(['example_skip_dag']) retrieved from /home/airflow/.local/lib/python3.6/site-packages/airflow/example_dags/example_skip_dag.py
[2026-09-23 12:04:04,227] {logging_mixin.py:104} INFO - [2026-09-23 12:04:04,227] {dag.py:1824} INFO - Sync 1 DAGs
[2026-09-23 12:04:04,249] {logging_mixin.py:104} INFO - [2026-09-23 12:04:04,249] {dag.py:2280} INFO - Setting next_dagrun for example_skip_dag to 2026-09-21 00:00:00+00:00
[2026-09-23 12:04:04,263] {scheduler_job.py:190} INFO - Processing /home/airflow/.local/lib/python3.6/site-packages/airflow/example_dags/example_skip_dag.py took 0.082 seconds
[2026-09-23 12:04:35,070] {scheduler_job.py:182} INFO - Started process (PID=2206) to work on /home/airflow/.local/lib/python3.6/site-packages/airflow/example_dags/example_skip_dag.py
[2026-09-23 12:04:35,073] {scheduler_job.py:629} INFO - Processing file /home/airflow/.local/lib/python3.6/site-packages/airflow/example_dags/example_skip_dag.py for tasks to queue
[2026-09-23 12:04:35,074] {logging_mixin.py:104} INFO - [2026-09-23 12:04:35,074] {dagbag.py:451} INFO - Filling up the DagBag from /home/airflow/.local/lib/python3.6/site-packages/airflow/example_dags/example_skip_dag.py
[2026-09-23 12:04:35,100] {scheduler_job.py:639} INFO - DAG(s) dict_keys(['example_skip_dag']) retrieved from /home/airflow/.local/lib/python3.6/site-packages/airflow/example_dags/example_skip_dag.py
[2026-09-23 12:04:35,135] {logging_mixin.py:104} INFO - [2026-09-23 12:04:35,134] {dag.py:1824} INFO - Sync 1 DAGs
[2026-09-23 12:04:35,178] {logging_mixin.py:104} INFO - [2026-09-23 12:04:35,178] {dag.py:2280} INFO - Setting next_dagrun for example_skip_dag to 2026-09-21 00:00:00+00:00
[2026-09-23 12:04:35,208] {scheduler_job.py:190} INFO - Processing /home/airflow/.local/lib/python3.6/site-packages/airflow/example_dags/example_skip_dag.py took 0.144 seconds
[2026-09-23 12:05:05,374] {scheduler_job.py:182} INFO - Started process (PID=2232) to work on /home/airflow/.local/lib/python3.6/site-packages/airflow/example_dags/example_skip_dag.py
[2026-09-23 12:05:05,376] {scheduler_job.py:629} INFO - Processing file /home/airflow/.local/lib/python3.6/site-packages/airflow/example_dags/example_skip_dag.py for tasks to queue
[2026-09-23 12:05:05,377] {logging_mixin.py:104} INFO - [2026-09-23 12:05:05,377] {dagbag.py:451} INFO - Filling up the DagBag from /home/airflow/.local/lib/python3.6/site-packages/airflow/example_dags/example_skip_dag.py
[2026-09-23 12:05:05,398] {scheduler_job.py:639} INFO - DAG(s) dict_keys(['example_skip_dag']) retrieved from /home/airflow/.local/lib/python3.6/site-packages/airflow/example_dags/example_skip_dag.py
[2026-09-23 12:05:05,454] {logging_mixin.py:104} INFO - [2026-09-23 12:05:05,453] {dag.py:1824} INFO - Sync 1 DAGs
[2026-09-23 12:05:05,487] {logging_mixin.py:104} INFO - [2026-09-23 12:05:05,487] {dag.py:2280} INFO - Setting next_dagrun for example_skip_dag to 2026-09-21 00:00:00+00:00
[2026-09-23 12:05:05,510] {scheduler_job.py:190} INFO - Processing /home/airflow/.local/lib/python3.6/site-packages/airflow/example_dags/example_skip_dag.py took 0.145 seconds
[2026-09-23 12:05:36,569] {scheduler_job.py:182} INFO - Started process (PID=2258) to work on /home/airflow/.local/lib/python3.6/site-packages/airflow/example_dags/example_skip_dag.py
[2026-09-23 12:05:36,571] {scheduler_job.py:629} INFO - Processing file /home/airflow/.local/lib/python3.6/site-packages/airflow/example_dags/example_skip_dag.py for tasks to queue
[2026-09-23 12:05:36,572] {logging_mixin.py:104} INFO - [2026-09-23 12:05:36,572] {dagbag.py:451} INFO - Filling up the DagBag from /home/airflow/.local/lib/python3.6/site-packages/airflow/example_dags/example_skip_dag.py
[2026-09-23 12:05:36,594] {scheduler_job.py:639} INFO - DAG(s) dict_keys(['example_skip_dag']) retrieved from /home/airflow/.local/lib/python3.6/site-packages/airflow/example_dags/example_skip_dag.py
[2026-09-23 12:05:36,625] {logging_mixin.py:104} INFO - [2026-09-23 12:05:36,625] {dag.py:1824} INFO - Sync 1 DAGs
[2026-09-23 12:05:36,650] {logging_mixin.py:104} INFO - [2026-09-23 12:05:36,650] {dag.py:2280} INFO - Setting next_dagrun for example_skip_dag to 2026-09-21 00:00:00+00:00
[2026-09-23 12:05:36,672] {scheduler_job.py:190} INFO - Processing /home/airflow/.local/lib/python3.6/site-packages/airflow/example_dags/example_skip_dag.py took 0.110 seconds
[2026-09-23 12:06:07,637] {scheduler_job.py:182} INFO - Started process (PID=2283) to work on /home/airflow/.local/lib/python3.6/site-packages/airflow/example_dags/example_skip_dag.py
[2026-09-23 12:06:07,639] {scheduler_job.py:629} INFO - Processing file /home/airflow/.local/lib/python3.6/site-packages/airflow/example_dags/example_skip_dag.py for tasks to queue
[2026-09-23 12:06:07,640] {logging_mixin.py:104} INFO - [2026-09-23 12:06:07,640] {dagbag.py:451} INFO - Filling up the DagBag from /home/airflow/.local/lib/python3.6/site-packages/airflow/example_dags/example_skip_dag.py
[2026-09-23 12:06:07,660] {scheduler_job.py:639} INFO - DAG(s) dict_keys(['example_skip_dag']) retrieved from /home/airflow/.local/lib/python3.6/site-packages/airflow/example_dags/example_skip_dag.py
[2026-09-23 12:06:07,699] {logging_mixin.py:104} INFO - [2026-09-23 12:06:07,699] {dag.py:1824} INFO - Sync 1 DAGs
[2026-09-23 12:06:07,731] {logging_mixin.py:104} INFO - [2026-09-23 12:06:07,731] {dag.py:2280} INFO - Setting next_dagrun for example_skip_dag to 2026-09-21 00:00:00+00:00
[2026-09-23 12:06:07,760] {scheduler_job.py:190} INFO - Processing /home/airflow/.local/lib/python3.6/site-packages/airflow/example_dags/example_skip_dag.py took 0.127 seconds
[2026-09-23 12:06:38,382] {scheduler_job.py:182} INFO - Started process (PID=2310) to work on /home/airflow/.local/lib/python3.6/site-packages/airflow/example_dags/example_skip_dag.py
[2026-09-23 12:06:38,384] {scheduler_job.py:629} INFO - Processing file /home/airflow/.local/lib/python3.6/site-packages/airflow/example_dags/example_skip_dag.py for tasks to queue
[2026-09-23 12:06:38,386] {logging_mixin.py:104} INFO - [2026-09-23 12:06:38,385] {dagbag.py:451} INFO - Filling up the DagBag from /home/airflow/.local/lib/python3.6/site-packages/airflow/example_dags/example_skip_dag.py
[2026-09-23 12:06:38,407] {scheduler_job.py:639} INFO - DAG(s) dict_keys(['example_skip_dag']) retrieved from /home/airflow/.local/lib/python3.6/site-packages/airflow/example_dags/example_skip_dag.py
[2026-09-23 12:06:38,441] {logging_mixin.py:104} INFO - [2026-09-23 12:06:38,441] {dag.py:1824} INFO - Sync 1 DAGs
[2026-09-23 12:06:38,476] {logging_mixin.py:104} INFO - [2026-09-23 12:06:38,475] {dag.py:2280} INFO - Setting next_dagrun for example_skip_dag to 2026-09-21 00:00:00+00:00
[2026-09-23 12:06:38,499] {scheduler_job.py:190} INFO - Processing /home/airflow/.local/lib/python3.6/site-packages/airflow/example_dags/example_skip_dag.py took 0.123 seconds
[2026-09-23 12:07:09,017] {scheduler_job.py:182} INFO - Started process (PID=2335) to work on /home/airflow/.local/lib/python3.6/site-packages/airflow/example_dags/example_skip_dag.py
[2026-09-23 12:07:09,019] {scheduler_job.py:629} INFO - Processing file /home/airflow/.local/lib/python3.6/site-packages/airflow/example_dags/example_skip_dag.py for tasks to queue
[2026-09-23 12:07:09,020] {logging_mixin.py:104} INFO - [2026-09-23 12:07:09,020] {dagbag.py:451} INFO - Filling up the DagBag from /home/airflow/.local/lib/python3.6/site-packages/airflow/example_dags/example_skip_dag.py
[2026-09-23 12:07:09,038] {scheduler_job.py:639} INFO - DAG(s) dict_keys(['example_skip_dag']) retrieved from /home/airflow/.local/lib/python3.6/site-packages/airflow/example_dags/example_skip_dag.py
[2026-09-23 12:07:09,075] {logging_mixin.py:104} INFO - [2026-09-23 12:07:09,075] {dag.py:1824} INFO - Sync 1 DAGs
[2026-09-23 12:07:09,102] {logging_mixin.py:104} INFO - [2026-09-23 12:07:09,102] {dag.py:2280} INFO - Setting next_dagrun for example_skip_dag to 2026-09-21 00:00:00+00:00
[2026-09-23 12:07:09,123] {scheduler_job.py:190} INFO - Processing /home/airflow/.local/lib/python3.6/site-packages/airflow/example_dags/example_skip_dag.py took 0.110 seconds
[2026-09-23 12:07:39,848] {scheduler_job.py:182} INFO - Started process (PID=2361) to work on /home/airflow/.local/lib/python3.6/site-packages/airflow/example_dags/example_skip_dag.py
[2026-09-23 12:07:39,850] {scheduler_job.py:629} INFO - Processing file /home/airflow/.local/lib/python3.6/site-packages/airflow/example_dags/example_skip_dag.py for tasks to queue
[2026-09-23 12:07:39,851] {logging_mixin.py:104} INFO - [2026-09-23 12:07:39,850] {dagbag.py:451} INFO - Filling up the DagBag from /home/airflow/.local/lib/python3.6/site-packages/airflow/example_dags/example_skip_dag.py
[2026-09-23 12:07:39,865] {scheduler_job.py:639} INFO - DAG(s) dict_keys(['example_skip_dag']) retrieved from /home/airflow/.local/lib/python3.6/site-packages/airflow/example_dags/example_skip_dag.py
[2026-09-23 12:07:39,891] {logging_mixin.py:104} INFO - [2026-09-23 12:07:39,891] {dag.py:1824} INFO - Sync 1 DAGs
[2026-09-23 12:07:39,912] {logging_mixin.py:104} INFO - [2026-09-23 12:07:39,912] {dag.py:2280} INFO - Setting next_dagrun for example_skip_dag to 2026-09-21 00:00:00+00:00
[2026-09-23 12:07:39,934] {scheduler_job.py:190} INFO - Processing /home/airflow/.local/lib/python3.6/site-packages/airflow/example_dags/example_skip_dag.py took 0.092 seconds
[2026-09-23 12:08:10,478] {scheduler_job.py:182} INFO - Started process (PID=2387) to work on /home/airflow/.local/lib/python3.6/site-packages/airflow/example_dags/example_skip_dag.py
[2026-09-23 12:08:10,479] {scheduler_job.py:629} INFO - Processing file /home/airflow/.local/lib/python3.6/site-packages/airflow/example_dags/example_skip_dag.py for tasks to queue
[2026-09-23 12:08:10,480] {logging_mixin.py:104} INFO - [2026-09-23 12:08:10,480] {dagbag.py:451} INFO - Filling up the DagBag from /home/airflow/.local/lib/python3.6/site-packages/airflow/example_dags/example_skip_dag.py
[2026-09-23 12:08:10,494] {scheduler_job.py:639} INFO - DAG(s) dict_keys(['example_skip_dag']) retrieved from /home/airflow/.local/lib/python3.6/site-packages/airflow/example_dags/example_skip_dag.py
[2026-09-23 12:08:10,524] {logging_mixin.py:104} INFO - [2026-09-23 12:08:10,524] {dag.py:1824} INFO - Sync 1 DAGs
[2026-09-23 12:08:10,546] {logging_mixin.py:104} INFO - [2026-09-23 12:08:10,546] {dag.py:2280} INFO - Setting next_dagrun for example_skip_dag to 2026-09-21 00:00:00+00:00
[2026-09-23 12:08:10,563] {scheduler_job.py:190} INFO - Processing /home/airflow/.local/lib/python3.6/site-packages/airflow/example_dags/example_skip_dag.py took 0.089 seconds
[2026-09-23 12:08:41,124] {scheduler_job.py:182} INFO - Started process (PID=2413) to work on /home/airflow/.local/lib/python3.6/site-packages/airflow/example_dags/example_skip_dag.py
[2026-09-23 12:08:41,126] {scheduler_job.py:629} INFO - Processing file /home/airflow/.local/lib/python3.6/site-packages/airflow/example_dags/example_skip_dag.py for tasks to queue
[2026-09-23 12:08:41,127] {logging_mixin.py:104} INFO - [2026-09-23 12:08:41,127] {dagbag.py:451} INFO - Filling up the DagBag from /home/airflow/.local/lib/python3.6/site-packages/airflow/example_dags/example_skip_dag.py
[2026-09-23 12:08:41,142] {scheduler_job.py:639} INFO - DAG(s) dict_keys(['example_skip_dag']) retrieved from /home/airflow/.local/lib/python3.6/site-packages/airflow/example_dags/example_skip_dag.py
[2026-09-23 12:08:41,175] {logging_mixin.py:104} INFO - [2026-09-23 12:08:41,175] {dag.py:1824} INFO - Sync 1 DAGs
[2026-09-23 12:08:41,199] {logging_mixin.py:104} INFO - [2026-09-23 12:08:41,199] {dag.py:2280} INFO - Setting next_dagrun for example_skip_dag to 2026-09-21 00:00:00+00:00
[2026-09-23 12:08:41,214] {scheduler_job.py:190} INFO - Processing /home/airflow/.local/lib/python3.6/site-packages/airflow/example_dags/example_skip_dag.py took 0.094 seconds
[2026-09-23 12:09:12,004] {scheduler_job.py:182} INFO - Started process (PID=2439) to work on /home/airflow/.local/lib/python3.6/site-packages/airflow/example_dags/example_skip_dag.py
[2026-09-23 12:09:12,006] {scheduler_job.py:629} INFO - Processing file /home/airflow/.local/lib/python3.6/site-packages/airflow/example_dags/example_skip_dag.py for tasks to queue
[2026-09-23 12:09:12,007] {logging_mixin.py:104} INFO - [2026-09-23 12:09:12,006] {dagbag.py:451} INFO - Filling up the DagBag from /home/airflow/.local/lib/python3.6/site-packages/airflow/example_dags/example_skip_dag.py
[2026-09-23 12:09:12,027] {scheduler_job.py:639} INFO - DAG(s) dict_keys(['example_skip_dag']) retrieved from /home/airflow/.local/lib/python3.6/site-packages/airflow/example_dags/example_skip_dag.py
[2026-09-23 12:09:12,060] {logging_mixin.py:104} INFO - [2026-09-23 12:09:12,060] {dag.py:1824} INFO - Sync 1 DAGs
[2026-09-23 12:09:12,087] {logging_mixin.py:104} INFO - [2026-09-23 12:09:12,087] {dag.py:2280} INFO - Setting next_dagrun for example_skip_dag to 2026-09-21 00:00:00+00:00
[2026-09-23 12:09:12,108] {scheduler_job.py:190} INFO - Processing /home/airflow/.local/lib/python3.6/site-packages/airflow/example_dags/example_skip_dag.py took 0.110 seconds
[2026-09-23 12:09:42,381] {scheduler_job.py:182} INFO - Started process (PID=2466) to work on /home/airflow/.local/lib/python3.6/site-packages/airflow/example_dags/example_skip_dag.py
[2026-09-23 12:09:42,384] {scheduler_job.py:629} INFO - Processing file /home/airflow/.local/lib/python3.6/site-packages/airflow/example_dags/example_skip_dag.py for tasks to queue
[2026-09-23 12:09:42,385] {logging_mixin.py:104} INFO - [2026-09-23 12:09:42,385] {dagbag.py:451} INFO - Filling up the DagBag from /home/airflow/.local/lib/python3.6/site-packages/airflow/example_dags/example_skip_dag.py
[2026-09-23 12:09:42,409] {scheduler_job.py:639} INFO - DAG(s) dict_keys(['example_skip_dag']) retrieved from /home/airflow/.local/lib/python3.6/site-packages/airflow/example_dags/example_skip_dag.py
[2026-09-23 12:09:42,458] {logging_mixin.py:104} INFO - [2026-09-23 12:09:42,458] {dag.py:1824} INFO - Sync 1 DAGs
[2026-09-23 12:09:42,491] {logging_mixin.py:104} INFO - [2026-09-23 12:09:42,491] {dag.py:2280} INFO - Setting next_dagrun for example_skip_dag to 2026-09-21 00:00:00+00:00
[2026-09-23 12:09:42,536] {scheduler_job.py:190} INFO - Processing /home/airflow/.local/lib/python3.6/site-packages/airflow/example_dags/example_skip_dag.py took 0.162 seconds
[2026-09-23 12:10:12,756] {scheduler_job.py:182} INFO - Started process (PID=2492) to work on /home/airflow/.local/lib/python3.6/site-packages/airflow/example_dags/example_skip_dag.py
[2026-09-23 12:10:12,757] {scheduler_job.py:629} INFO - Processing file /home/airflow/.local/lib/python3.6/site-packages/airflow/example_dags/example_skip_dag.py for tasks to queue
[2026-09-23 12:10:12,758] {logging_mixin.py:104} INFO - [2026-09-23 12:10:12,758] {dagbag.py:451} INFO - Filling up the DagBag from /home/airflow/.local/lib/python3.6/site-packages/airflow/example_dags/example_skip_dag.py
[2026-09-23 12:10:12,784] {scheduler_job.py:639} INFO - DAG(s) dict_keys(['example_skip_dag']) retrieved from /home/airflow/.local/lib/python3.6/site-packages/airflow/example_dags/example_skip_dag.py
[2026-09-23 12:10:12,817] {logging_mixin.py:104} INFO - [2026-09-23 12:10:12,817] {dag.py:1824} INFO - Sync 1 DAGs
[2026-09-23 12:10:12,840] {logging_mixin.py:104} INFO - [2026-09-23 12:10:12,840] {dag.py:2280} INFO - Setting next_dagrun for example_skip_dag to 2026-09-21 00:00:00+00:00
[2026-09-23 12:10:12,854] {scheduler_job.py:190} INFO - Processing /home/airflow/.local/lib/python3.6/site-packages/airflow/example_dags/example_skip_dag.py took 0.102 seconds
[2026-09-23 12:10:42,891] {scheduler_job.py:182} INFO - Started process (PID=2518) to work on /home/airflow/.local/lib/python3.6/site-packages/airflow/example_dags/example_skip_dag.py
[2026-09-23 12:10:42,893] {scheduler_job.py:629} INFO - Processing file /home/airflow/.local/lib/python3.6/site-packages/airflow/example_dags/example_skip_dag.py for tasks to queue
[2026-09-23 12:10:42,893] {logging_mixin.py:104} INFO - [2026-09-23 12:10:42,893] {dagbag.py:451} INFO - Filling up the DagBag from /home/airflow/.local/lib/python3.6/site-packages/airflow/example_dags/example_skip_dag.py
[2026-09-23 12:10:42,909] {scheduler_job.py:639} INFO - DAG(s) dict_keys(['example_skip_dag']) retrieved from /home/airflow/.local/lib/python3.6/site-packages/airflow/example_dags/example_skip_dag.py
[2026-09-23 12:10:42,941] {logging_mixin.py:104} INFO - [2026-09-23 12:10:42,940] {dag.py:1824} INFO - Sync 1 DAGs
[2026-09-23 12:10:42,967] {logging_mixin.py:104} INFO - [2026-09-23 12:10:42,967] {dag.py:2280} INFO - Setting next_dagrun for example_skip_dag to 2026-09-21 00:00:00+00:00
[2026-09-23 12:10:42,988] {scheduler_job.py:190} INFO - Processing /home/airflow/.local/lib/python3.6/site-packages/airflow/example_dags/example_skip_dag.py took 0.101 seconds
[2026-09-23 12:11:13,970] {scheduler_job.py:182} INFO - Started process (PID=2543) to work on /home/airflow/.local/lib/python3.6/site-packages/airflow/example_dags/example_skip_dag.py
[2026-09-23 12:11:13,972] {scheduler_job.py:629} INFO - Processing file /home/airflow/.local/lib/python3.6/site-packages/airflow/example_dags/example_skip_dag.py for tasks to queue
[2026-09-23 12:11:13,973] {logging_mixin.py:104} INFO - [2026-09-23 12:11:13,973] {dagbag.py:451} INFO - Filling up the DagBag from /home/airflow/.local/lib/python3.6/site-packages/airflow/example_dags/example_skip_dag.py
[2026-09-23 12:11:13,995] {scheduler_job.py:639} INFO - DAG(s) dict_keys(['example_skip_dag']) retrieved from /home/airflow/.local/lib/python3.6/site-packages/airflow/example_dags/example_skip_dag.py
[2026-09-23 12:11:14,027] {logging_mixin.py:104} INFO - [2026-09-23 12:11:14,027] {dag.py:1824} INFO - Sync 1 DAGs
[2026-09-23 12:11:14,057] {logging_mixin.py:104} INFO - [2026-09-23 12:11:14,056] {dag.py:2280} INFO - Setting next_dagrun for example_skip_dag to 2026-09-21 00:00:00+00:00
[2026-09-23 12:11:14,079] {scheduler_job.py:190} INFO - Processing /home/airflow/.local/lib/python3.6/site-packages/airflow/example_dags/example_skip_dag.py took 0.115 seconds
[2026-09-23 12:11:44,325] {scheduler_job.py:182} INFO - Started process (PID=2570) to work on /home/airflow/.local/lib/python3.6/site-packages/airflow/example_dags/example_skip_dag.py
[2026-09-23 12:11:44,327] {scheduler_job.py:629} INFO - Processing file /home/airflow/.local/lib/python3.6/site-packages/airflow/example_dags/example_skip_dag.py for tasks to queue
[2026-09-23 12:11:44,328] {logging_mixin.py:104} INFO - [2026-09-23 12:11:44,328] {dagbag.py:451} INFO - Filling up the DagBag from /home/airflow/.local/lib/python3.6/site-packages/airflow/example_dags/example_skip_dag.py
[2026-09-23 12:11:44,347] {scheduler_job.py:639} INFO - DAG(s) dict_keys(['example_skip_dag']) retrieved from /home/airflow/.local/lib/python3.6/site-packages/airflow/example_dags/example_skip_dag.py
[2026-09-23 12:11:44,382] {logging_mixin.py:104} INFO - [2026-09-23 12:11:44,382] {dag.py:1824} INFO - Sync 1 DAGs
[2026-09-23 12:11:44,406] {logging_mixin.py:104} INFO - [2026-09-23 12:11:44,406] {dag.py:2280} INFO - Setting next_dagrun for example_skip_dag to 2026-09-21 00:00:00+00:00
[2026-09-23 12:11:44,424] {scheduler_job.py:190} INFO - Processing /home/airflow/.local/lib/python3.6/site-packages/airflow/example_dags/example_skip_dag.py took 0.104 seconds
[2026-09-23 12:12:14,537] {scheduler_job.py:182} INFO - Started process (PID=2596) to work on /home/airflow/.local/lib/python3.6/site-packages/airflow/example_dags/example_skip_dag.py
[2026-09-23 12:12:14,539] {scheduler_job.py:629} INFO - Processing file /home/airflow/.local/lib/python3.6/site-packages/airflow/example_dags/example_skip_dag.py for tasks to queue
[2026-09-23 12:12:14,539] {logging_mixin.py:104} INFO - [2026-09-23 12:12:14,539] {dagbag.py:451} INFO - Filling up the DagBag from /home/airflow/.local/lib/python3.6/site-packages/airflow/example_dags/example_skip_dag.py
[2026-09-23 12:12:14,554] {scheduler_job.py:639} INFO - DAG(s) dict_keys(['example_skip_dag']) retrieved from /home/airflow/.local/lib/python3.6/site-packages/airflow/example_dags/example_skip_dag.py
[2026-09-23 12:12:14,595] {logging_mixin.py:104} INFO - [2026-09-23 12:12:14,595] {dag.py:1824} INFO - Sync 1 DAGs
[2026-09-23 12:12:14,632] {logging_mixin.py:104} INFO - [2026-09-23 12:12:14,632] {dag.py:2280} INFO - Setting next_dagrun for example_skip_dag to 2026-09-21 00:00:00+00:00
[2026-09-23 12:12:14,659] {scheduler_job.py:190} INFO - Processing /home/airflow/.local/lib/python3.6/site-packages/airflow/example_dags/example_skip_dag.py took 0.127 seconds
[2026-09-23 12:12:45,560] {scheduler_job.py:182} INFO - Started process (PID=2621) to work on /home/airflow/.local/lib/python3.6/site-packages/airflow/example_dags/example_skip_dag.py
[2026-09-23 12:12:45,561] {scheduler_job.py:629} INFO - Processing file /home/airflow/.local/lib/python3.6/site-packages/airflow/example_dags/example_skip_dag.py for tasks to queue
[2026-09-23 12:12:45,563] {logging_mixin.py:104} INFO - [2026-09-23 12:12:45,563] {dagbag.py:451} INFO - Filling up the DagBag from /home/airflow/.local/lib/python3.6/site-packages/airflow/example_dags/example_skip_dag.py
[2026-09-23 12:12:45,584] {scheduler_job.py:639} INFO - DAG(s) dict_keys(['example_skip_dag']) retrieved from /home/airflow/.local/lib/python3.6/site-packages/airflow/example_dags/example_skip_dag.py
[2026-09-23 12:12:45,621] {logging_mixin.py:104} INFO - [2026-09-23 12:12:45,621] {dag.py:1824} INFO - Sync 1 DAGs
[2026-09-23 12:12:45,649] {logging_mixin.py:104} INFO - [2026-09-23 12:12:45,649] {dag.py:2280} INFO - Setting next_dagrun for example_skip_dag to 2026-09-21 00:00:00+00:00
[2026-09-23 12:12:45,668] {scheduler_job.py:190} INFO - Processing /home/airflow/.local/lib/python3.6/site-packages/airflow/example_dags/example_skip_dag.py took 0.114 seconds
[2026-09-23 12:13:16,737] {scheduler_job.py:182} INFO - Started process (PID=2647) to work on /home/airflow/.local/lib/python3.6/site-packages/airflow/example_dags/example_skip_dag.py
[2026-09-23 12:13:16,739] {scheduler_job.py:629} INFO - Processing file /home/airflow/.local/lib/python3.6/site-packages/airflow/example_dags/example_skip_dag.py for tasks to queue
[2026-09-23 12:13:16,740] {logging_mixin.py:104} INFO - [2026-09-23 12:13:16,740] {dagbag.py:451} INFO - Filling up the DagBag from /home/airflow/.local/lib/python3.6/site-packages/airflow/example_dags/example_skip_dag.py
[2026-09-23 12:13:16,761] {scheduler_job.py:639} INFO - DAG(s) dict_keys(['example_skip_dag']) retrieved from /home/airflow/.local/lib/python3.6/site-packages/airflow/example_dags/example_skip_dag.py
[2026-09-23 12:13:16,797] {logging_mixin.py:104} INFO - [2026-09-23 12:13:16,797] {dag.py:1824} INFO - Sync 1 DAGs
[2026-09-23 12:13:16,827] {logging_mixin.py:104} INFO - [2026-09-23 12:13:16,826] {dag.py:2280} INFO - Setting next_dagrun for example_skip_dag to 2026-09-21 00:00:00+00:00
[2026-09-23 12:13:16,850] {scheduler_job.py:190} INFO - Processing /home/airflow/.local/lib/python3.6/site-packages/airflow/example_dags/example_skip_dag.py took 0.121 seconds
[2026-09-23 12:13:47,800] {scheduler_job.py:182} INFO - Started process (PID=2675) to work on /home/airflow/.local/lib/python3.6/site-packages/airflow/example_dags/example_skip_dag.py
[2026-09-23 12:13:47,801] {scheduler_job.py:629} INFO - Processing file /home/airflow/.local/lib/python3.6/site-packages/airflow/example_dags/example_skip_dag.py for tasks to queue
[2026-09-23 12:13:47,802] {logging_mixin.py:104} INFO - [2026-09-23 12:13:47,802] {dagbag.py:451} INFO - Filling up the DagBag from /home/airflow/.local/lib/python3.6/site-packages/airflow/example_dags/example_skip_dag.py
[2026-09-23 12:13:47,816] {scheduler_job.py:639} INFO - DAG(s) dict_keys(['example_skip_dag']) retrieved from /home/airflow/.local/lib/python3.6/site-packages/airflow/example_dags/example_skip_dag.py
[2026-09-23 12:13:47,841] {logging_mixin.py:104} INFO - [2026-09-23 12:13:47,840] {dag.py:1824} INFO - Sync 1 DAGs
[2026-09-23 12:13:47,860] {logging_mixin.py:104} INFO - [2026-09-23 12:13:47,860] {dag.py:2280} INFO - Setting next_dagrun for example_skip_dag to 2026-09-21 00:00:00+00:00
[2026-09-23 12:13:47,876] {scheduler_job.py:190} INFO - Processing /home/airflow/.local/lib/python3.6/site-packages/airflow/example_dags/example_skip_dag.py took 0.080 seconds
