[2026-09-23 11:22:12,829] {scheduler_job.py:182} INFO - Started process (PID=38) to work on /home/airflow/.local/lib/python3.6/site-packages/airflow/example_dags/example_branch_python_dop_operator_3.py
[2026-09-23 11:22:12,830] {scheduler_job.py:629} INFO - Processing file /home/airflow/.local/lib/python3.6/site-packages/airflow/example_dags/example_branch_python_dop_operator_3.py for tasks to queue
[2026-09-23 11:22:12,832] {logging_mixin.py:104} INFO - [2026-09-23 11:22:12,831] {dagbag.py:451} INFO - Filling up the DagBag from /home/airflow/.local/lib/python3.6/site-packages/airflow/example_dags/example_branch_python_dop_operator_3.py
[2026-09-23 11:22:12,865] {scheduler_job.py:639} INFO - DAG(s) dict_keys(['example_branch_dop_operator_v3']) retrieved from /home/airflow/.local/lib/python3.6/site-packages/airflow/example_dags/example_branch_python_dop_operator_3.py
[2026-09-23 11:22:12,916] {logging_mixin.py:104} INFO - [2026-09-23 11:22:12,916] {dag.py:1824} INFO - Sync 1 DAGs
[2026-09-23 11:22:12,990] {logging_mixin.py:104} INFO - [2026-09-23 11:22:12,990] {dag.py:2280} INFO - Setting next_dagrun for example_branch_dop_operator_v3 to 2026-09-21 00:00:00+00:00
[2026-09-23 11:22:13,041] {scheduler_job.py:190} INFO - Processing /home/airflow/.local/lib/python3.6/site-packages/airflow/example_dags/example_branch_python_dop_operator_3.py took 0.219 seconds
[2026-09-23 11:22:43,610] {scheduler_job.py:182} INFO - Started process (PID=62) to work on /home/airflow/.local/lib/python3.6/site-packages/airflow/example_dags/example_branch_python_dop_operator_3.py
[2026-09-23 11:22:43,612] {scheduler_job.py:629} INFO - Processing file /home/airflow/.local/lib/python3.6/site-packages/airflow/example_dags/example_branch_python_dop_operator_3.py for tasks to queue
[2026-09-23 11:22:43,612] {logging_mixin.py:104} INFO - [2026-09-23 11:22:43,612] {dagbag.py:451} INFO - Filling up the DagBag from /home/airflow/.local/lib/python3.6/site-packages/airflow/example_dags/example_branch_python_dop_operator_3.py
[2026-09-23 11:22:43,630] {scheduler_job.py:639} INFO - DAG(s) dict_keys(['example_branch_dop_operator_v3']) retrieved from /home/airflow/.local/lib/python3.6/site-packages/airflow/example_dags/example_branch_python_dop_operator_3.py
[2026-09-23 11:22:43,654] {logging_mixin.py:104} INFO - [2026-09-23 11:22:43,654] {dag.py:1824} INFO - Sync 1 DAGs
[2026-09-23 11:22:43,692] {logging_mixin.py:104} INFO - [2026-09-23 11:22:43,692] {dag.py:2280} INFO - Setting next_dagrun for example_branch_dop_operator_v3 to 2026-09-21 00:00:00+00:00
[2026-09-23 11:22:43,704] {scheduler_job.py:190} INFO - Processing /home/airflow/.local/lib/python3.6/site-packages/airflow/example_dags/example_branch_python_dop_operator_3.py took 0.097 seconds
[2026-09-23 11:23:14,551] {scheduler_job.py:182} INFO - Started process (PID=91) to work on /home/airflow/.local/lib/python3.6/site-packages/airflow/example_dags/example_branch_python_dop_operator_3.py
[2026-09-23 11:23:14,552] {scheduler_job.py:629} INFO - Processing file /home/airflow/.local/lib/python3.6/site-packages/airflow/example_dags/example_branch_python_dop_operator_3.py for tasks to queue
[2026-09-23 11:23:14,553] {logging_mixin.py:104} INFO - [2026-09-23 11:23:14,552] {dagbag.py:451} INFO - Filling up the DagBag from /home/airflow/.local/lib/python3.6/site-packages/airflow/example_dags/example_branch_python_dop_operator_3.py
[2026-09-23 11:23:14,573] {scheduler_job.py:639} INFO - DAG(s) dict_keys(['example_branch_dop_operator_v3']) retrieved from /home/airflow/.local/lib/python3.6/site-packages/airflow/example_dags/example_branch_python_dop_operator_3.py
[2026-09-23 11:23:14,601] {logging_mixin.py:104} INFO - [2026-09-23 11:23:14,601] {dag.py:1824} INFO - Sync 1 DAGs
[2026-09-23 11:23:14,650] {logging_mixin.py:104} INFO - [2026-09-23 11:23:14,650] {dag.py:2280} INFO - Setting next_dagrun for example_branch_dop_operator_v3 to 2026-09-21 00:00:00+00:00
[2026-09-23 11:23:14,671] {scheduler_job.py:190} INFO - Processing /home/airflow/.local/lib/python3.6/site-packages/airflow/example_dags/example_branch_python_dop_operator_3.py took 0.125 seconds
[2026-09-23 11:23:45,626] {scheduler_job.py:182} INFO - Started process (PID=118) to work on /home/airflow/.local/lib/python3.6/site-packages/airflow/example_dags/example_branch_python_dop_operator_3.py
[2026-09-23 11:23:45,627] {scheduler_job.py:629} INFO - Processing file /home/airflow/.local/lib/python3.6/site-packages/airflow/example_dags/example_branch_python_dop_operator_3.py for tasks to queue
[2026-09-23 11:23:45,628] {logging_mixin.py:104} INFO - [2026-09-23 11:23:45,628] {dagbag.py:451} INFO - Filling up the DagBag from /home/airflow/.local/lib/python3.6/site-packages/airflow/example_dags/example_branch_python_dop_operator_3.py
[2026-09-23 11:23:45,649] {scheduler_job.py:639} INFO - DAG(s) dict_keys(['example_branch_dop_operator_v3']) retrieved from /home/airflow/.local/lib/python3.6/site-packages/airflow/example_dags/example_branch_python_dop_operator_3.py
[2026-09-23 11:23:45,672] {logging_mixin.py:104} INFO - [2026-09-23 11:23:45,672] {dag.py:1824} INFO - Sync 1 DAGs
[2026-09-23 11:23:45,715] {logging_mixin.py:104} INFO - [2026-09-23 11:23:45,715] {dag.py:2280} INFO - Setting next_dagrun for example_branch_dop_operator_v3 to 2026-09-21 00:00:00+00:00
[2026-09-23 11:23:45,729] {scheduler_job.py:190} INFO - Processing /home/airflow/.local/lib/python3.6/site-packages/airflow/example_dags/example_branch_python_dop_operator_3.py took 0.106 seconds
[2026-09-23 11:24:16,449] {scheduler_job.py:182} INFO - Started process (PID=144) to work on /home/airflow/.local/lib/python3.6/site-packages/airflow/example_dags/example_branch_python_dop_operator_3.py
[2026-09-23 11:24:16,450] {scheduler_job.py:629} INFO - Processing file /home/airflow/.local/lib/python3.6/site-packages/airflow/example_dags/example_branch_python_dop_operator_3.py for tasks to queue
[2026-09-23 11:24:16,451] {logging_mixin.py:104} INFO - [2026-09-23 11:24:16,451] {dagbag.py:451} INFO - Filling up the DagBag from /home/airflow/.local/lib/python3.6/site-packages/airflow/example_dags/example_branch_python_dop_operator_3.py
[2026-09-23 11:24:16,472] {scheduler_job.py:639} INFO - DAG(s) dict_keys(['example_branch_dop_operator_v3']) retrieved from /home/airflow/.local/lib/python3.6/site-packages/airflow/example_dags/example_branch_python_dop_operator_3.py
[2026-09-23 11:24:16,498] {logging_mixin.py:104} INFO - [2026-09-23 11:24:16,498] {dag.py:1824} INFO - Sync 1 DAGs
[2026-09-23 11:24:16,548] {logging_mixin.py:104} INFO - [2026-09-23 11:24:16,548] {dag.py:2280} INFO - Setting next_dagrun for example_branch_dop_operator_v3 to 2026-09-21 00:00:00+00:00
[2026-09-23 11:24:16,567] {scheduler_job.py:190} INFO - Processing /home/airflow/.local/lib/python3.6/site-packages/airflow/example_dags/example_branch_python_dop_operator_3.py took 0.124 seconds
[2026-09-23 11:24:46,962] {scheduler_job.py:182} INFO - Started process (PID=169) to work on /home/airflow/.local/lib/python3.6/site-packages/airflow/example_dags/example_branch_python_dop_operator_3.py
[2026-09-23 11:24:46,964] {scheduler_job.py:629} INFO - Processing file /home/airflow/.local/lib/python3.6/site-packages/airflow/example_dags/example_branch_python_dop_operator_3.py for tasks to queue
[2026-09-23 11:24:46,965] {logging_mixin.py:104} INFO - [2026-09-23 11:24:46,965] {dagbag.py:451} INFO - Filling up the DagBag from /home/airflow/.local/lib/python3.6/site-packages/airflow/example_dags/example_branch_python_dop_operator_3.py
[2026-09-23 11:24:46,991] {scheduler_job.py:639} INFO - DAG(s) dict_keys(['example_branch_dop_operator_v3']) retrieved from /home/airflow/.local/lib/python3.6/site-packages/airflow/example_dags/example_branch_python_dop_operator_3.py
[2026-09-23 11:24:47,029] {logging_mixin.py:104} INFO - [2026-09-23 11:24:47,029] {dag.py:1824} INFO - Sync 1 DAGs
[2026-09-23 11:24:47,077] {logging_mixin.py:104} INFO - [2026-09-23 11:24:47,076] {dag.py:2280} INFO - Setting next_dagrun for example_branch_dop_operator_v3 to 2026-09-21 00:00:00+00:00
[2026-09-23 11:24:47,091] {scheduler_job.py:190} INFO - Processing /home/airflow/.local/lib/python3.6/site-packages/airflow/example_dags/example_branch_python_dop_operator_3.py took 0.134 seconds
[2026-09-23 11:25:17,410] {scheduler_job.py:182} INFO - Started process (PID=195) to work on /home/airflow/.local/lib/python3.6/site-packages/airflow/example_dags/example_branch_python_dop_operator_3.py
[2026-09-23 11:25:17,411] {scheduler_job.py:629} INFO - Processing file /home/airflow/.local/lib/python3.6/site-packages/airflow/example_dags/example_branch_python_dop_operator_3.py for tasks to queue
[2026-09-23 11:25:17,412] {logging_mixin.py:104} INFO - [2026-09-23 11:25:17,411] {dagbag.py:451} INFO - Filling up the DagBag from /home/airflow/.local/lib/python3.6/site-packages/airflow/example_dags/example_branch_python_dop_operator_3.py
[2026-09-23 11:25:17,430] {scheduler_job.py:639} INFO - DAG(s) dict_keys(['example_branch_dop_operator_v3']) retrieved from /home/airflow/.local/lib/python3.6/site-packages/airflow/example_dags/example_branch_python_dop_operator_3.py
[2026-09-23 11:25:17,454] {logging_mixin.py:104} INFO - [2026-09-23 11:25:17,454] {dag.py:1824} INFO - Sync 1 DAGs
[2026-09-23 11:25:17,489] {logging_mixin.py:104} INFO - [2026-09-23 11:25:17,489] {dag.py:2280} INFO - Setting next_dagrun for example_branch_dop_operator_v3 to 2026-09-21 00:00:00+00:00
[2026-09-23 11:25:17,505] {scheduler_job.py:190} INFO - Processing /home/airflow/.local/lib/python3.6/site-packages/airflow/example_dags/example_branch_python_dop_operator_3.py took 0.099 seconds
[2026-09-23 11:25:47,971] {scheduler_job.py:182} INFO - Started process (PID=221) to work on /home/airflow/.local/lib/python3.6/site-packages/airflow/example_dags/example_branch_python_dop_operator_3.py
[2026-09-23 11:25:47,972] {scheduler_job.py:629} INFO - Processing file /home/airflow/.local/lib/python3.6/site-packages/airflow/example_dags/example_branch_python_dop_operator_3.py for tasks to queue
[2026-09-23 11:25:47,973] {logging_mixin.py:104} INFO - [2026-09-23 11:25:47,973] {dagbag.py:451} INFO - Filling up the DagBag from /home/airflow/.local/lib/python3.6/site-packages/airflow/example_dags/example_branch_python_dop_operator_3.py
[2026-09-23 11:25:47,992] {scheduler_job.py:639} INFO - DAG(s) dict_keys(['example_branch_dop_operator_v3']) retrieved from /home/airflow/.local/lib/python3.6/site-packages/airflow/example_dags/example_branch_python_dop_operator_3.py
[2026-09-23 11:25:48,016] {logging_mixin.py:104} INFO - [2026-09-23 11:25:48,016] {dag.py:1824} INFO - Sync 1 DAGs
[2026-09-23 11:25:48,054] {logging_mixin.py:104} INFO - [2026-09-23 11:25:48,054] {dag.py:2280} INFO - Setting next_dagrun for example_branch_dop_operator_v3 to 2026-09-21 00:00:00+00:00
[2026-09-23 11:25:48,070] {scheduler_job.py:190} INFO - Processing /home/airflow/.local/lib/python3.6/site-packages/airflow/example_dags/example_branch_python_dop_operator_3.py took 0.103 seconds
[2026-09-23 11:26:18,502] {scheduler_job.py:182} INFO - Started process (PID=247) to work on /home/airflow/.local/lib/python3.6/site-packages/airflow/example_dags/example_branch_python_dop_operator_3.py
[2026-09-23 11:26:18,504] {scheduler_job.py:629} INFO - Processing file /home/airflow/.local/lib/python3.6/site-packages/airflow/example_dags/example_branch_python_dop_operator_3.py for tasks to queue
[2026-09-23 11:26:18,505] {logging_mixin.py:104} INFO - [2026-09-23 11:26:18,505] {dagbag.py:451} INFO - Filling up the DagBag from /home/airflow/.local/lib/python3.6/site-packages/airflow/example_dags/example_branch_python_dop_operator_3.py
[2026-09-23 11:26:18,534] {scheduler_job.py:639} INFO - DAG(s) dict_keys(['example_branch_dop_operator_v3']) retrieved from /home/airflow/.local/lib/python3.6/site-packages/airflow/example_dags/example_branch_python_dop_operator_3.py
[2026-09-23 11:26:18,576] {logging_mixin.py:104} INFO - [2026-09-23 11:26:18,576] {dag.py:1824} INFO - Sync 1 DAGs
[2026-09-23 11:26:18,637] {logging_mixin.py:104} INFO - [2026-09-23 11:26:18,637] {dag.py:2280} INFO - Setting next_dagrun for example_branch_dop_operator_v3 to 2026-09-21 00:00:00+00:00
[2026-09-23 11:26:18,653] {scheduler_job.py:190} INFO - Processing /home/airflow/.local/lib/python3.6/site-packages/airflow/example_dags/example_branch_python_dop_operator_3.py took 0.156 seconds
[2026-09-23 11:26:49,244] {scheduler_job.py:182} INFO - Started process (PID=273) to work on /home/airflow/.local/lib/python3.6/site-packages/airflow/example_dags/example_branch_python_dop_operator_3.py
[2026-09-23 11:26:49,246] {scheduler_job.py:629} INFO - Processing file /home/airflow/.local/lib/python3.6/site-packages/airflow/example_dags/example_branch_python_dop_operator_3.py for tasks to queue
[2026-09-23 11:26:49,247] {logging_mixin.py:104} INFO - [2026-09-23 11:26:49,247] {dagbag.py:451} INFO - Filling up the DagBag from /home/airflow/.local/lib/python3.6/site-packages/airflow/example_dags/example_branch_python_dop_operator_3.py
[2026-09-23 11:26:49,274] {scheduler_job.py:639} INFO - DAG(s) dict_keys(['example_branch_dop_operator_v3']) retrieved from /home/airflow/.local/lib/python3.6/site-packages/airflow/example_dags/example_branch_python_dop_operator_3.py
[2026-09-23 11:26:49,307] {logging_mixin.py:104} INFO - [2026-09-23 11:26:49,307] {dag.py:1824} INFO - Sync 1 DAGs
[2026-09-23 11:26:49,357] {logging_mixin.py:104} INFO - [2026-09-23 11:26:49,357] {dag.py:2280} INFO - Setting next_dagrun for example_branch_dop_operator_v3 to 2026-09-21 00:00:00+00:00
[2026-09-23 11:26:49,370] {scheduler_job.py:190} INFO - Processing /home/airflow/.local/lib/python3.6/site-packages/airflow/example_dags/example_branch_python_dop_operator_3.py took 0.131 seconds
[2026-09-23 11:27:20,212] {scheduler_job.py:182} INFO - Started process (PID=300) to work on /home/airflow/.local/lib/python3.6/site-packages/airflow/example_dags/example_branch_python_dop_operator_3.py
[2026-09-23 11:27:20,214] {scheduler_job.py:629} INFO - Processing file /home/airflow/.local/lib/python3.6/site-packages/airflow/example_dags/example_branch_python_dop_operator_3.py for tasks to queue
[2026-09-23 11:27:20,215] {logging_mixin.py:104} INFO - [2026-09-23 11:27:20,215] {dagbag.py:451} INFO - Filling up the DagBag from /home/airflow/.local/lib/python3.6/site-packages/airflow/example_dags/example_branch_python_dop_operator_3.py
[2026-09-23 11:27:20,244] {scheduler_job.py:639} INFO - DAG(s) dict_keys(['example_branch_dop_operator_v3']) retrieved from /home/airflow/.local/lib/python3.6/site-packages/airflow/example_dags/example_branch_python_dop_operator_3.py
[2026-09-23 11:27:20,279] {logging_mixin.py:104} INFO - [2026-09-23 11:27:20,278] {dag.py:1824} INFO - Sync 1 DAGs
[2026-09-23 11:27:20,348] {logging_mixin.py:104} INFO - [2026-09-23 11:27:20,348] {dag.py:2280} INFO - Setting next_dagrun for example_branch_dop_operator_v3 to 2026-09-21 00:00:00+00:00
[2026-09-23 11:27:20,380] {scheduler_job.py:190} INFO - Processing /home/airflow/.local/lib/python3.6/site-packages/airflow/example_dags/example_branch_python_dop_operator_3.py took 0.174 seconds
[2026-09-23 11:27:51,128] {scheduler_job.py:182} INFO - Started process (PID=326) to work on /home/airflow/.local/lib/python3.6/site-packages/airflow/example_dags/example_branch_python_dop_operator_3.py
[2026-09-23 11:27:51,130] {scheduler_job.py:629} INFO - Processing file /home/airflow/.local/lib/python3.6/site-packages/airflow/example_dags/example_branch_python_dop_operator_3.py for tasks to queue
[2026-09-23 11:27:51,130] {logging_mixin.py:104} INFO - [2026-09-23 11:27:51,130] {dagbag.py:451} INFO - Filling up the DagBag from /home/airflow/.local/lib/python3.6/site-packages/airflow/example_dags/example_branch_python_dop_operator_3.py
[2026-09-23 11:27:51,147] {scheduler_job.py:639} INFO - DAG(s) dict_keys(['example_branch_dop_operator_v3']) retrieved from /home/airflow/.local/lib/python3.6/site-packages/airflow/example_dags/example_branch_python_dop_operator_3.py
[2026-09-23 11:27:51,170] {logging_mixin.py:104} INFO - [2026-09-23 11:27:51,170] {dag.py:1824} INFO - Sync 1 DAGs
[2026-09-23 11:27:51,205] {logging_mixin.py:104} INFO - [2026-09-23 11:27:51,205] {dag.py:2280} INFO - Setting next_dagrun for example_branch_dop_operator_v3 to 2026-09-21 00:00:00+00:00
[2026-09-23 11:27:51,221] {scheduler_job.py:190} INFO - Processing /home/airflow/.local/lib/python3.6/site-packages/airflow/example_dags/example_branch_python_dop_operator_3.py took 0.096 seconds
[2026-09-23 11:28:21,341] {scheduler_job.py:182} INFO - Started process (PID=352) to work on /home/airflow/.local/lib/python3.6/site-packages/airflow/example_dags/example_branch_python_dop_operator_3.py
[2026-09-23 11:28:21,342] {scheduler_job.py:629} INFO - Processing file /home/airflow/.local/lib/python3.6/site-packages/airflow/example_dags/example_branch_python_dop_operator_3.py for tasks to queue
[2026-09-23 11:28:21,344] {logging_mixin.py:104} INFO - [2026-09-23 11:28:21,343] {dagbag.py:451} INFO - Filling up the DagBag from /home/airflow/.local/lib/python3.6/site-packages/airflow/example_dags/example_branch_python_dop_operator_3.py
[2026-09-23 11:28:21,363] {scheduler_job.py:639} INFO - DAG(s) dict_keys(['example_branch_dop_operator_v3']) retrieved from /home/airflow/.local/lib/python3.6/site-packages/airflow/example_dags/example_branch_python_dop_operator_3.py
[2026-09-23 11:28:21,394] {logging_mixin.py:104} INFO - [2026-09-23 11:28:21,394] {dag.py:1824} INFO - Sync 1 DAGs
[2026-09-23 11:28:21,441] {logging_mixin.py:104} INFO - [2026-09-23 11:28:21,441] {dag.py:2280} INFO - Setting next_dagrun for example_branch_dop_operator_v3 to 2026-09-21 00:00:00+00:00
[2026-09-23 11:28:21,465] {scheduler_job.py:190} INFO - Processing /home/airflow/.local/lib/python3.6/site-packages/airflow/example_dags/example_branch_python_dop_operator_3.py took 0.129 seconds
[2026-09-23 11:28:52,112] {scheduler_job.py:182} INFO - Started process (PID=378) to work on /home/airflow/.local/lib/python3.6/site-packages/airflow/example_dags/example_branch_python_dop_operator_3.py
[2026-09-23 11:28:52,114] {scheduler_job.py:629} INFO - Processing file /home/airflow/.local/lib/python3.6/site-packages/airflow/example_dags/example_branch_python_dop_operator_3.py for tasks to queue
[2026-09-23 11:28:52,114] {logging_mixin.py:104} INFO - [2026-09-23 11:28:52,114] {dagbag.py:451} INFO - Filling up the DagBag from /home/airflow/.local/lib/python3.6/site-packages/airflow/example_dags/example_branch_python_dop_operator_3.py
[2026-09-23 11:28:52,137] {scheduler_job.py:639} INFO - DAG(s) dict_keys(['example_branch_dop_operator_v3']) retrieved from /home/airflow/.local/lib/python3.6/site-packages/airflow/example_dags/example_branch_python_dop_operator_3.py
[2026-09-23 11:28:52,166] {logging_mixin.py:104} INFO - [2026-09-23 11:28:52,166] {dag.py:1824} INFO - Sync 1 DAGs
[2026-09-23 11:28:52,215] {logging_mixin.py:104} INFO - [2026-09-23 11:28:52,215] {dag.py:2280} INFO - Setting next_dagrun for example_branch_dop_operator_v3 to 2026-09-21 00:00:00+00:00
[2026-09-23 11:28:52,232] {scheduler_job.py:190} INFO - Processing /home/airflow/.local/lib/python3.6/site-packages/airflow/example_dags/example_branch_python_dop_operator_3.py took 0.124 seconds
[2026-09-23 11:29:22,516] {scheduler_job.py:182} INFO - Started process (PID=402) to work on /home/airflow/.local/lib/python3.6/site-packages/airflow/example_dags/example_branch_python_dop_operator_3.py
[2026-09-23 11:29:22,519] {scheduler_job.py:629} INFO - Processing file /home/airflow/.local/lib/python3.6/site-packages/airflow/example_dags/example_branch_python_dop_operator_3.py for tasks to queue
[2026-09-23 11:29:22,520] {logging_mixin.py:104} INFO - [2026-09-23 11:29:22,520] {dagbag.py:451} INFO - Filling up the DagBag from /home/airflow/.local/lib/python3.6/site-packages/airflow/example_dags/example_branch_python_dop_operator_3.py
[2026-09-23 11:29:22,541] {scheduler_job.py:639} INFO - DAG(s) dict_keys(['example_branch_dop_operator_v3']) retrieved from /home/airflow/.local/lib/python3.6/site-packages/airflow/example_dags/example_branch_python_dop_operator_3.py
[2026-09-23 11:29:22,567] {logging_mixin.py:104} INFO - [2026-09-23 11:29:22,567] {dag.py:1824} INFO - Sync 1 DAGs
[2026-09-23 11:29:22,607] {logging_mixin.py:104} INFO - [2026-09-23 11:29:22,607] {dag.py:2280} INFO - Setting next_dagrun for example_branch_dop_operator_v3 to 2026-09-21 00:00:00+00:00
[2026-09-23 11:29:22,620] {scheduler_job.py:190} INFO - Processing /home/airflow/.local/lib/python3.6/site-packages/airflow/example_dags/example_branch_python_dop_operator_3.py took 0.110 seconds
[2026-09-23 11:29:53,303] {scheduler_job.py:182} INFO - Started process (PID=430) to work on /home/airflow/.local/lib/python3.6/site-packages/airflow/example_dags/example_branch_python_dop_operator_3.py
[2026-09-23 11:29:53,305] {scheduler_job.py:629} INFO - Processing file /home/airflow/.local/lib/python3.6/site-packages/airflow/example_dags/example_branch_python_dop_operator_3.py for tasks to queue
[2026-09-23 11:29:53,306] {logging_mixin.py:104} INFO - [2026-09-23 11:29:53,306] {dagbag.py:451} INFO - Filling up the DagBag from /home/airflow/.local/lib/python3.6/site-packages/airflow/example_dags/example_branch_python_dop_operator_3.py
[2026-09-23 11:29:53,332] {scheduler_job.py:639} INFO - DAG(s) dict_keys(['example_branch_dop_operator_v3']) retrieved from /home/airflow/.local/lib/python3.6/site-packages/airflow/example_dags/example_branch_python_dop_operator_3.py
[2026-09-23 11:29:53,370] {logging_mixin.py:104} INFO - [2026-09-23 11:29:53,370] {dag.py:1824} INFO - Sync 1 DAGs
[2026-09-23 11:29:53,416] {logging_mixin.py:104} INFO - [2026-09-23 11:29:53,416] {dag.py:2280} INFO - Setting next_dagrun for example_branch_dop_operator_v3 to 2026-09-21 00:00:00+00:00
[2026-09-23 11:29:53,434] {scheduler_job.py:190} INFO - Processing /home/airflow/.local/lib/python3.6/site-packages/airflow/example_dags/example_branch_python_dop_operator_3.py took 0.135 seconds
[2026-09-23 11:30:23,936] {scheduler_job.py:182} INFO - Started process (PID=456) to work on /home/airflow/.local/lib/python3.6/site-packages/airflow/example_dags/example_branch_python_dop_operator_3.py
[2026-09-23 11:30:23,938] {scheduler_job.py:629} INFO - Processing file /home/airflow/.local/lib/python3.6/site-packages/airflow/example_dags/example_branch_python_dop_operator_3.py for tasks to queue
[2026-09-23 11:30:23,940] {logging_mixin.py:104} INFO - [2026-09-23 11:30:23,939] {dagbag.py:451} INFO - Filling up the DagBag from /home/airflow/.local/lib/python3.6/site-packages/airflow/example_dags/example_branch_python_dop_operator_3.py
[2026-09-23 11:30:23,963] {scheduler_job.py:639} INFO - DAG(s) dict_keys(['example_branch_dop_operator_v3']) retrieved from /home/airflow/.local/lib/python3.6/site-packages/airflow/example_dags/example_branch_python_dop_operator_3.py
[2026-09-23 11:30:23,991] {logging_mixin.py:104} INFO - [2026-09-23 11:30:23,991] {dag.py:1824} INFO - Sync 1 DAGs
[2026-09-23 11:30:24,035] {logging_mixin.py:104} INFO - [2026-09-23 11:30:24,034] {dag.py:2280} INFO - Setting next_dagrun for example_branch_dop_operator_v3 to 2026-09-21 00:00:00+00:00
[2026-09-23 11:30:24,052] {scheduler_job.py:190} INFO - Processing /home/airflow/.local/lib/python3.6/site-packages/airflow/example_dags/example_branch_python_dop_operator_3.py took 0.122 seconds
[2026-09-23 11:30:54,516] {scheduler_job.py:182} INFO - Started process (PID=482) to work on /home/airflow/.local/lib/python3.6/site-packages/airflow/example_dags/example_branch_python_dop_operator_3.py
[2026-09-23 11:30:54,517] {scheduler_job.py:629} INFO - Processing file /home/airflow/.local/lib/python3.6/site-packages/airflow/example_dags/example_branch_python_dop_operator_3.py for tasks to queue
[2026-09-23 11:30:54,518] {logging_mixin.py:104} INFO - [2026-09-23 11:30:54,518] {dagbag.py:451} INFO - Filling up the DagBag from /home/airflow/.local/lib/python3.6/site-packages/airflow/example_dags/example_branch_python_dop_operator_3.py
[2026-09-23 11:30:54,543] {scheduler_job.py:639} INFO - DAG(s) dict_keys(['example_branch_dop_operator_v3']) retrieved from /home/airflow/.local/lib/python3.6/site-packages/airflow/example_dags/example_branch_python_dop_operator_3.py
[2026-09-23 11:30:54,574] {logging_mixin.py:104} INFO - [2026-09-23 11:30:54,574] {dag.py:1824} INFO - Sync 1 DAGs
[2026-09-23 11:30:54,622] {logging_mixin.py:104} INFO - [2026-09-23 11:30:54,622] {dag.py:2280} INFO - Setting next_dagrun for example_branch_dop_operator_v3 to 2026-09-21 00:00:00+00:00
[2026-09-23 11:30:54,637] {scheduler_job.py:190} INFO - Processing /home/airflow/.local/lib/python3.6/site-packages/airflow/example_dags/example_branch_python_dop_operator_3.py took 0.125 seconds
[2026-09-23 11:31:25,081] {scheduler_job.py:182} INFO - Started process (PID=508) to work on /home/airflow/.local/lib/python3.6/site-packages/airflow/example_dags/example_branch_python_dop_operator_3.py
[2026-09-23 11:31:25,082] {scheduler_job.py:629} INFO - Processing file /home/airflow/.local/lib/python3.6/site-packages/airflow/example_dags/example_branch_python_dop_operator_3.py for tasks to queue
[2026-09-23 11:31:25,083] {logging_mixin.py:104} INFO - [2026-09-23 11:31:25,083] {dagbag.py:451} INFO - Filling up the DagBag from /home/airflow/.local/lib/python3.6/site-packages/airflow/example_dags/example_branch_python_dop_operator_3.py
[2026-09-23 11:31:25,101] {scheduler_job.py:639} INFO - DAG(s) dict_keys(['example_branch_dop_operator_v3']) retrieved from /home/airflow/.local/lib/python3.6/site-packages/airflow/example_dags/example_branch_python_dop_operator_3.py
[2026-09-23 11:31:25,132] {logging_mixin.py:104} INFO - [2026-09-23 11:31:25,131] {dag.py:1824} INFO - Sync 1 DAGs
[2026-09-23 11:31:25,178] {logging_mixin.py:104} INFO - [2026-09-23 11:31:25,177] {dag.py:2280} INFO - Setting next_dagrun for example_branch_dop_operator_v3 to 2026-09-21 00:00:00+00:00
[2026-09-23 11:31:25,191] {scheduler_job.py:190} INFO - Processing /home/airflow/.local/lib/python3.6/site-packages/airflow/example_dags/example_branch_python_dop_operator_3.py took 0.113 seconds
[2026-09-23 11:31:55,601] {scheduler_job.py:182} INFO - Started process (PID=534) to work on /home/airflow/.local/lib/python3.6/site-packages/airflow/example_dags/example_branch_python_dop_operator_3.py
[2026-09-23 11:31:55,602] {scheduler_job.py:629} INFO - Processing file /home/airflow/.local/lib/python3.6/site-packages/airflow/example_dags/example_branch_python_dop_operator_3.py for tasks to queue
[2026-09-23 11:31:55,602] {logging_mixin.py:104} INFO - [2026-09-23 11:31:55,602] {dagbag.py:451} INFO - Filling up the DagBag from /home/airflow/.local/lib/python3.6/site-packages/airflow/example_dags/example_branch_python_dop_operator_3.py
[2026-09-23 11:31:55,621] {scheduler_job.py:639} INFO - DAG(s) dict_keys(['example_branch_dop_operator_v3']) retrieved from /home/airflow/.local/lib/python3.6/site-packages/airflow/example_dags/example_branch_python_dop_operator_3.py
[2026-09-23 11:31:55,646] {logging_mixin.py:104} INFO - [2026-09-23 11:31:55,646] {dag.py:1824} INFO - Sync 1 DAGs
[2026-09-23 11:31:55,686] {logging_mixin.py:104} INFO - [2026-09-23 11:31:55,686] {dag.py:2280} INFO - Setting next_dagrun for example_branch_dop_operator_v3 to 2026-09-21 00:00:00+00:00
[2026-09-23 11:31:55,699] {scheduler_job.py:190} INFO - Processing /home/airflow/.local/lib/python3.6/site-packages/airflow/example_dags/example_branch_python_dop_operator_3.py took 0.102 seconds
[2026-09-23 11:32:26,108] {scheduler_job.py:182} INFO - Started process (PID=560) to work on /home/airflow/.local/lib/python3.6/site-packages/airflow/example_dags/example_branch_python_dop_operator_3.py
[2026-09-23 11:32:26,110] {scheduler_job.py:629} INFO - Processing file /home/airflow/.local/lib/python3.6/site-packages/airflow/example_dags/example_branch_python_dop_operator_3.py for tasks to queue
[2026-09-23 11:32:26,111] {logging_mixin.py:104} INFO - [2026-09-23 11:32:26,111] {dagbag.py:451} INFO - Filling up the DagBag from /home/airflow/.local/lib/python3.6/site-packages/airflow/example_dags/example_branch_python_dop_operator_3.py
[2026-09-23 11:32:26,130] {scheduler_job.py:639} INFO - DAG(s) dict_keys(['example_branch_dop_operator_v3']) retrieved from /home/airflow/.local/lib/python3.6/site-packages/airflow/example_dags/example_branch_python_dop_operator_3.py
[2026-09-23 11:32:26,159] {logging_mixin.py:104} INFO - [2026-09-23 11:32:26,159] {dag.py:1824} INFO - Sync 1 DAGs
[2026-09-23 11:32:26,210] {logging_mixin.py:104} INFO - [2026-09-23 11:32:26,209] {dag.py:2280} INFO - Setting next_dagrun for example_branch_dop_operator_v3 to 2026-09-21 00:00:00+00:00
[2026-09-23 11:32:26,227] {scheduler_job.py:190} INFO - Processing /home/airflow/.local/lib/python3.6/site-packages/airflow/example_dags/example_branch_python_dop_operator_3.py took 0.123 seconds
[2026-09-23 11:32:56,616] {scheduler_job.py:182} INFO - Started process (PID=586) to work on /home/airflow/.local/lib/python3.6/site-packages/airflow/example_dags/example_branch_python_dop_operator_3.py
[2026-09-23 11:32:56,618] {scheduler_job.py:629} INFO - Processing file /home/airflow/.local/lib/python3.6/site-packages/airflow/example_dags/example_branch_python_dop_operator_3.py for tasks to queue
[2026-09-23 11:32:56,618] {logging_mixin.py:104} INFO - [2026-09-23 11:32:56,618] {dagbag.py:451} INFO - Filling up the DagBag from /home/airflow/.local/lib/python3.6/site-packages/airflow/example_dags/example_branch_python_dop_operator_3.py
[2026-09-23 11:32:56,637] {scheduler_job.py:639} INFO - DAG(s) dict_keys(['example_branch_dop_operator_v3']) retrieved from /home/airflow/.local/lib/python3.6/site-packages/airflow/example_dags/example_branch_python_dop_operator_3.py
[2026-09-23 11:32:56,662] {logging_mixin.py:104} INFO - [2026-09-23 11:32:56,662] {dag.py:1824} INFO - Sync 1 DAGs
[2026-09-23 11:32:56,703] {logging_mixin.py:104} INFO - [2026-09-23 11:32:56,703] {dag.py:2280} INFO - Setting next_dagrun for example_branch_dop_operator_v3 to 2026-09-21 00:00:00+00:00
[2026-09-23 11:32:56,715] {scheduler_job.py:190} INFO - Processing /home/airflow/.local/lib/python3.6/site-packages/airflow/example_dags/example_branch_python_dop_operator_3.py took 0.103 seconds
[2026-09-23 11:33:27,176] {scheduler_job.py:182} INFO - Started process (PID=612) to work on /home/airflow/.local/lib/python3.6/site-packages/airflow/example_dags/example_branch_python_dop_operator_3.py
[2026-09-23 11:33:27,178] {scheduler_job.py:629} INFO - Processing file /home/airflow/.local/lib/python3.6/site-packages/airflow/example_dags/example_branch_python_dop_operator_3.py for tasks to queue
[2026-09-23 11:33:27,179] {logging_mixin.py:104} INFO - [2026-09-23 11:33:27,179] {dagbag.py:451} INFO - Filling up the DagBag from /home/airflow/.local/lib/python3.6/site-packages/airflow/example_dags/example_branch_python_dop_operator_3.py
[2026-09-23 11:33:27,202] {scheduler_job.py:639} INFO - DAG(s) dict_keys(['example_branch_dop_operator_v3']) retrieved from /home/airflow/.local/lib/python3.6/site-packages/airflow/example_dags/example_branch_python_dop_operator_3.py
[2026-09-23 11:33:27,229] {logging_mixin.py:104} INFO - [2026-09-23 11:33:27,229] {dag.py:1824} INFO - Sync 1 DAGs
[2026-09-23 11:33:27,278] {logging_mixin.py:104} INFO - [2026-09-23 11:33:27,278] {dag.py:2280} INFO - Setting next_dagrun for example_branch_dop_operator_v3 to 2026-09-21 00:00:00+00:00
[2026-09-23 11:33:27,293] {scheduler_job.py:190} INFO - Processing /home/airflow/.local/lib/python3.6/site-packages/airflow/example_dags/example_branch_python_dop_operator_3.py took 0.121 seconds
[2026-09-23 11:33:57,473] {scheduler_job.py:182} INFO - Started process (PID=635) to work on /home/airflow/.local/lib/python3.6/site-packages/airflow/example_dags/example_branch_python_dop_operator_3.py
[2026-09-23 11:33:57,474] {scheduler_job.py:629} INFO - Processing file /home/airflow/.local/lib/python3.6/site-packages/airflow/example_dags/example_branch_python_dop_operator_3.py for tasks to queue
[2026-09-23 11:33:57,475] {logging_mixin.py:104} INFO - [2026-09-23 11:33:57,474] {dagbag.py:451} INFO - Filling up the DagBag from /home/airflow/.local/lib/python3.6/site-packages/airflow/example_dags/example_branch_python_dop_operator_3.py
[2026-09-23 11:33:57,494] {scheduler_job.py:639} INFO - DAG(s) dict_keys(['example_branch_dop_operator_v3']) retrieved from /home/airflow/.local/lib/python3.6/site-packages/airflow/example_dags/example_branch_python_dop_operator_3.py
[2026-09-23 11:33:57,522] {logging_mixin.py:104} INFO - [2026-09-23 11:33:57,522] {dag.py:1824} INFO - Sync 1 DAGs
[2026-09-23 11:33:57,562] {logging_mixin.py:104} INFO - [2026-09-23 11:33:57,562] {dag.py:2280} INFO - Setting next_dagrun for example_branch_dop_operator_v3 to 2026-09-21 00:00:00+00:00
[2026-09-23 11:33:57,581] {scheduler_job.py:190} INFO - Processing /home/airflow/.local/lib/python3.6/site-packages/airflow/example_dags/example_branch_python_dop_operator_3.py took 0.113 seconds
[2026-09-23 11:34:28,051] {scheduler_job.py:182} INFO - Started process (PID=661) to work on /home/airflow/.local/lib/python3.6/site-packages/airflow/example_dags/example_branch_python_dop_operator_3.py
[2026-09-23 11:34:28,052] {scheduler_job.py:629} INFO - Processing file /home/airflow/.local/lib/python3.6/site-packages/airflow/example_dags/example_branch_python_dop_operator_3.py for tasks to queue
[2026-09-23 11:34:28,053] {logging_mixin.py:104} INFO - [2026-09-23 11:34:28,053] {dagbag.py:451} INFO - Filling up the DagBag from /home/airflow/.local/lib/python3.6/site-packages/airflow/example_dags/example_branch_python_dop_operator_3.py
[2026-09-23 11:34:28,073] {scheduler_job.py:639} INFO - DAG(s) dict_keys(['example_branch_dop_operator_v3']) retrieved from /home/airflow/.local/lib/python3.6/site-packages/airflow/example_dags/example_branch_python_dop_operator_3.py
[2026-09-23 11:34:28,105] {logging_mixin.py:104} INFO - [2026-09-23 11:34:28,105] {dag.py:1824} INFO - Sync 1 DAGs
[2026-09-23 11:34:28,149] {logging_mixin.py:104} INFO - [2026-09-23 11:34:28,148] {dag.py:2280} INFO - Setting next_dagrun for example_branch_dop_operator_v3 to 2026-09-21 00:00:00+00:00
[2026-09-23 11:34:28,162] {scheduler_job.py:190} INFO - Processing /home/airflow/.local/lib/python3.6/site-packages/airflow/example_dags/example_branch_python_dop_operator_3.py took 0.115 seconds
[2026-09-23 11:34:58,633] {scheduler_job.py:182} INFO - Started process (PID=687) to work on /home/airflow/.local/lib/python3.6/site-packages/airflow/example_dags/example_branch_python_dop_operator_3.py
[2026-09-23 11:34:58,635] {scheduler_job.py:629} INFO - Processing file /home/airflow/.local/lib/python3.6/site-packages/airflow/example_dags/example_branch_python_dop_operator_3.py for tasks to queue
[2026-09-23 11:34:58,636] {logging_mixin.py:104} INFO - [2026-09-23 11:34:58,636] {dagbag.py:451} INFO - Filling up the DagBag from /home/airflow/.local/lib/python3.6/site-packages/airflow/example_dags/example_branch_python_dop_operator_3.py
[2026-09-23 11:34:58,662] {scheduler_job.py:639} INFO - DAG(s) dict_keys(['example_branch_dop_operator_v3']) retrieved from /home/airflow/.local/lib/python3.6/site-packages/airflow/example_dags/example_branch_python_dop_operator_3.py
[2026-09-23 11:34:58,689] {logging_mixin.py:104} INFO - [2026-09-23 11:34:58,689] {dag.py:1824} INFO - Sync 1 DAGs
[2026-09-23 11:34:58,729] {logging_mixin.py:104} INFO - [2026-09-23 11:34:58,729] {dag.py:2280} INFO - Setting next_dagrun for example_branch_dop_operator_v3 to 2026-09-21 00:00:00+00:00
[2026-09-23 11:34:58,741] {scheduler_job.py:190} INFO - Processing /home/airflow/.local/lib/python3.6/site-packages/airflow/example_dags/example_branch_python_dop_operator_3.py took 0.114 seconds
[2026-09-23 11:35:29,489] {scheduler_job.py:182} INFO - Started process (PID=713) to work on /home/airflow/.local/lib/python3.6/site-packages/airflow/example_dags/example_branch_python_dop_operator_3.py
[2026-09-23 11:35:29,491] {scheduler_job.py:629} INFO - Processing file /home/airflow/.local/lib/python3.6/site-packages/airflow/example_dags/example_branch_python_dop_operator_3.py for tasks to queue
[2026-09-23 11:35:29,492] {logging_mixin.py:104} INFO - [2026-09-23 11:35:29,492] {dagbag.py:451} INFO - Filling up the DagBag from /home/airflow/.local/lib/python3.6/site-packages/airflow/example_dags/example_branch_python_dop_operator_3.py
[2026-09-23 11:35:29,521] {scheduler_job.py:639} INFO - DAG(s) dict_keys(['example_branch_dop_operator_v3']) retrieved from /home/airflow/.local/lib/python3.6/site-packages/airflow/example_dags/example_branch_python_dop_operator_3.py
[2026-09-23 11:35:29,561] {logging_mixin.py:104} INFO - [2026-09-23 11:35:29,560] {dag.py:1824} INFO - Sync 1 DAGs
[2026-09-23 11:35:29,629] {logging_mixin.py:104} INFO - [2026-09-23 11:35:29,629] {dag.py:2280} INFO - Setting next_dagrun for example_branch_dop_operator_v3 to 2026-09-21 00:00:00+00:00
[2026-09-23 11:35:29,649] {scheduler_job.py:190} INFO - Processing /home/airflow/.local/lib/python3.6/site-packages/airflow/example_dags/example_branch_python_dop_operator_3.py took 0.165 seconds
[2026-09-23 11:35:59,681] {scheduler_job.py:182} INFO - Started process (PID=739) to work on /home/airflow/.local/lib/python3.6/site-packages/airflow/example_dags/example_branch_python_dop_operator_3.py
[2026-09-23 11:35:59,682] {scheduler_job.py:629} INFO - Processing file /home/airflow/.local/lib/python3.6/site-packages/airflow/example_dags/example_branch_python_dop_operator_3.py for tasks to queue
[2026-09-23 11:35:59,684] {logging_mixin.py:104} INFO - [2026-09-23 11:35:59,683] {dagbag.py:451} INFO - Filling up the DagBag from /home/airflow/.local/lib/python3.6/site-packages/airflow/example_dags/example_branch_python_dop_operator_3.py
[2026-09-23 11:35:59,712] {scheduler_job.py:639} INFO - DAG(s) dict_keys(['example_branch_dop_operator_v3']) retrieved from /home/airflow/.local/lib/python3.6/site-packages/airflow/example_dags/example_branch_python_dop_operator_3.py
[2026-09-23 11:35:59,746] {logging_mixin.py:104} INFO - [2026-09-23 11:35:59,746] {dag.py:1824} INFO - Sync 1 DAGs
[2026-09-23 11:35:59,789] {logging_mixin.py:104} INFO - [2026-09-23 11:35:59,789] {dag.py:2280} INFO - Setting next_dagrun for example_branch_dop_operator_v3 to 2026-09-21 00:00:00+00:00
[2026-09-23 11:35:59,803] {scheduler_job.py:190} INFO - Processing /home/airflow/.local/lib/python3.6/site-packages/airflow/example_dags/example_branch_python_dop_operator_3.py took 0.128 seconds
[2026-09-23 11:36:30,270] {scheduler_job.py:182} INFO - Started process (PID=764) to work on /home/airflow/.local/lib/python3.6/site-packages/airflow/example_dags/example_branch_python_dop_operator_3.py
[2026-09-23 11:36:30,272] {scheduler_job.py:629} INFO - Processing file /home/airflow/.local/lib/python3.6/site-packages/airflow/example_dags/example_branch_python_dop_operator_3.py for tasks to queue
[2026-09-23 11:36:30,273] {logging_mixin.py:104} INFO - [2026-09-23 11:36:30,273] {dagbag.py:451} INFO - Filling up the DagBag from /home/airflow/.local/lib/python3.6/site-packages/airflow/example_dags/example_branch_python_dop_operator_3.py
[2026-09-23 11:36:30,307] {scheduler_job.py:639} INFO - DAG(s) dict_keys(['example_branch_dop_operator_v3']) retrieved from /home/airflow/.local/lib/python3.6/site-packages/airflow/example_dags/example_branch_python_dop_operator_3.py
[2026-09-23 11:36:30,356] {logging_mixin.py:104} INFO - [2026-09-23 11:36:30,356] {dag.py:1824} INFO - Sync 1 DAGs
[2026-09-23 11:36:30,427] {logging_mixin.py:104} INFO - [2026-09-23 11:36:30,427] {dag.py:2280} INFO - Setting next_dagrun for example_branch_dop_operator_v3 to 2026-09-21 00:00:00+00:00
[2026-09-23 11:36:30,457] {scheduler_job.py:190} INFO - Processing /home/airflow/.local/lib/python3.6/site-packages/airflow/example_dags/example_branch_python_dop_operator_3.py took 0.195 seconds
[2026-09-23 11:37:00,649] {scheduler_job.py:182} INFO - Started process (PID=790) to work on /home/airflow/.local/lib/python3.6/site-packages/airflow/example_dags/example_branch_python_dop_operator_3.py
[2026-09-23 11:37:00,650] {scheduler_job.py:629} INFO - Processing file /home/airflow/.local/lib/python3.6/site-packages/airflow/example_dags/example_branch_python_dop_operator_3.py for tasks to queue
[2026-09-23 11:37:00,651] {logging_mixin.py:104} INFO - [2026-09-23 11:37:00,651] {dagbag.py:451} INFO - Filling up the DagBag from /home/airflow/.local/lib/python3.6/site-packages/airflow/example_dags/example_branch_python_dop_operator_3.py
[2026-09-23 11:37:00,676] {scheduler_job.py:639} INFO - DAG(s) dict_keys(['example_branch_dop_operator_v3']) retrieved from /home/airflow/.local/lib/python3.6/site-packages/airflow/example_dags/example_branch_python_dop_operator_3.py
[2026-09-23 11:37:00,709] {logging_mixin.py:104} INFO - [2026-09-23 11:37:00,708] {dag.py:1824} INFO - Sync 1 DAGs
[2026-09-23 11:37:00,761] {logging_mixin.py:104} INFO - [2026-09-23 11:37:00,760] {dag.py:2280} INFO - Setting next_dagrun for example_branch_dop_operator_v3 to 2026-09-21 00:00:00+00:00
[2026-09-23 11:37:00,776] {scheduler_job.py:190} INFO - Processing /home/airflow/.local/lib/python3.6/site-packages/airflow/example_dags/example_branch_python_dop_operator_3.py took 0.133 seconds
[2026-09-23 11:37:30,882] {scheduler_job.py:182} INFO - Started process (PID=816) to work on /home/airflow/.local/lib/python3.6/site-packages/airflow/example_dags/example_branch_python_dop_operator_3.py
[2026-09-23 11:37:30,883] {scheduler_job.py:629} INFO - Processing file /home/airflow/.local/lib/python3.6/site-packages/airflow/example_dags/example_branch_python_dop_operator_3.py for tasks to queue
[2026-09-23 11:37:30,884] {logging_mixin.py:104} INFO - [2026-09-23 11:37:30,884] {dagbag.py:451} INFO - Filling up the DagBag from /home/airflow/.local/lib/python3.6/site-packages/airflow/example_dags/example_branch_python_dop_operator_3.py
[2026-09-23 11:37:30,909] {scheduler_job.py:639} INFO - DAG(s) dict_keys(['example_branch_dop_operator_v3']) retrieved from /home/airflow/.local/lib/python3.6/site-packages/airflow/example_dags/example_branch_python_dop_operator_3.py
[2026-09-23 11:37:30,949] {logging_mixin.py:104} INFO - [2026-09-23 11:37:30,948] {dag.py:1824} INFO - Sync 1 DAGs
[2026-09-23 11:37:31,011] {logging_mixin.py:104} INFO - [2026-09-23 11:37:31,011] {dag.py:2280} INFO - Setting next_dagrun for example_branch_dop_operator_v3 to 2026-09-21 00:00:00+00:00
[2026-09-23 11:37:31,029] {scheduler_job.py:190} INFO - Processing /home/airflow/.local/lib/python3.6/site-packages/airflow/example_dags/example_branch_python_dop_operator_3.py took 0.153 seconds
[2026-09-23 11:38:01,172] {scheduler_job.py:182} INFO - Started process (PID=841) to work on /home/airflow/.local/lib/python3.6/site-packages/airflow/example_dags/example_branch_python_dop_operator_3.py
[2026-09-23 11:38:01,173] {scheduler_job.py:629} INFO - Processing file /home/airflow/.local/lib/python3.6/site-packages/airflow/example_dags/example_branch_python_dop_operator_3.py for tasks to queue
[2026-09-23 11:38:01,174] {logging_mixin.py:104} INFO - [2026-09-23 11:38:01,174] {dagbag.py:451} INFO - Filling up the DagBag from /home/airflow/.local/lib/python3.6/site-packages/airflow/example_dags/example_branch_python_dop_operator_3.py
[2026-09-23 11:38:01,198] {scheduler_job.py:639} INFO - DAG(s) dict_keys(['example_branch_dop_operator_v3']) retrieved from /home/airflow/.local/lib/python3.6/site-packages/airflow/example_dags/example_branch_python_dop_operator_3.py
[2026-09-23 11:38:01,230] {logging_mixin.py:104} INFO - [2026-09-23 11:38:01,230] {dag.py:1824} INFO - Sync 1 DAGs
[2026-09-23 11:38:01,279] {logging_mixin.py:104} INFO - [2026-09-23 11:38:01,279] {dag.py:2280} INFO - Setting next_dagrun for example_branch_dop_operator_v3 to 2026-09-21 00:00:00+00:00
[2026-09-23 11:38:01,298] {scheduler_job.py:190} INFO - Processing /home/airflow/.local/lib/python3.6/site-packages/airflow/example_dags/example_branch_python_dop_operator_3.py took 0.131 seconds
[2026-09-23 11:38:31,485] {scheduler_job.py:182} INFO - Started process (PID=867) to work on /home/airflow/.local/lib/python3.6/site-packages/airflow/example_dags/example_branch_python_dop_operator_3.py
[2026-09-23 11:38:31,487] {scheduler_job.py:629} INFO - Processing file /home/airflow/.local/lib/python3.6/site-packages/airflow/example_dags/example_branch_python_dop_operator_3.py for tasks to queue
[2026-09-23 11:38:31,489] {logging_mixin.py:104} INFO - [2026-09-23 11:38:31,489] {dagbag.py:451} INFO - Filling up the DagBag from /home/airflow/.local/lib/python3.6/site-packages/airflow/example_dags/example_branch_python_dop_operator_3.py
[2026-09-23 11:38:31,522] {scheduler_job.py:639} INFO - DAG(s) dict_keys(['example_branch_dop_operator_v3']) retrieved from /home/airflow/.local/lib/python3.6/site-packages/airflow/example_dags/example_branch_python_dop_operator_3.py
[2026-09-23 11:38:31,560] {logging_mixin.py:104} INFO - [2026-09-23 11:38:31,559] {dag.py:1824} INFO - Sync 1 DAGs
[2026-09-23 11:38:31,623] {logging_mixin.py:104} INFO - [2026-09-23 11:38:31,623] {dag.py:2280} INFO - Setting next_dagrun for example_branch_dop_operator_v3 to 2026-09-21 00:00:00+00:00
[2026-09-23 11:38:31,650] {scheduler_job.py:190} INFO - Processing /home/airflow/.local/lib/python3.6/site-packages/airflow/example_dags/example_branch_python_dop_operator_3.py took 0.178 seconds
[2026-09-23 11:39:01,767] {scheduler_job.py:182} INFO - Started process (PID=893) to work on /home/airflow/.local/lib/python3.6/site-packages/airflow/example_dags/example_branch_python_dop_operator_3.py
[2026-09-23 11:39:01,768] {scheduler_job.py:629} INFO - Processing file /home/airflow/.local/lib/python3.6/site-packages/airflow/example_dags/example_branch_python_dop_operator_3.py for tasks to queue
[2026-09-23 11:39:01,769] {logging_mixin.py:104} INFO - [2026-09-23 11:39:01,769] {dagbag.py:451} INFO - Filling up the DagBag from /home/airflow/.local/lib/python3.6/site-packages/airflow/example_dags/example_branch_python_dop_operator_3.py
[2026-09-23 11:39:01,801] {scheduler_job.py:639} INFO - DAG(s) dict_keys(['example_branch_dop_operator_v3']) retrieved from /home/airflow/.local/lib/python3.6/site-packages/airflow/example_dags/example_branch_python_dop_operator_3.py
[2026-09-23 11:39:01,846] {logging_mixin.py:104} INFO - [2026-09-23 11:39:01,846] {dag.py:1824} INFO - Sync 1 DAGs
[2026-09-23 11:39:01,911] {logging_mixin.py:104} INFO - [2026-09-23 11:39:01,911] {dag.py:2280} INFO - Setting next_dagrun for example_branch_dop_operator_v3 to 2026-09-21 00:00:00+00:00
[2026-09-23 11:39:01,936] {scheduler_job.py:190} INFO - Processing /home/airflow/.local/lib/python3.6/site-packages/airflow/example_dags/example_branch_python_dop_operator_3.py took 0.175 seconds
[2026-09-23 11:39:32,666] {scheduler_job.py:182} INFO - Started process (PID=920) to work on /home/airflow/.local/lib/python3.6/site-packages/airflow/example_dags/example_branch_python_dop_operator_3.py
[2026-09-23 11:39:32,675] {scheduler_job.py:629} INFO - Processing file /home/airflow/.local/lib/python3.6/site-packages/airflow/example_dags/example_branch_python_dop_operator_3.py for tasks to queue
[2026-09-23 11:39:32,676] {logging_mixin.py:104} INFO - [2026-09-23 11:39:32,676] {dagbag.py:451} INFO - Filling up the DagBag from /home/airflow/.local/lib/python3.6/site-packages/airflow/example_dags/example_branch_python_dop_operator_3.py
[2026-09-23 11:39:32,712] {scheduler_job.py:639} INFO - DAG(s) dict_keys(['example_branch_dop_operator_v3']) retrieved from /home/airflow/.local/lib/python3.6/site-packages/airflow/example_dags/example_branch_python_dop_operator_3.py
[2026-09-23 11:39:32,752] {logging_mixin.py:104} INFO - [2026-09-23 11:39:32,751] {dag.py:1824} INFO - Sync 1 DAGs
[2026-09-23 11:39:32,816] {logging_mixin.py:104} INFO - [2026-09-23 11:39:32,816] {dag.py:2280} INFO - Setting next_dagrun for example_branch_dop_operator_v3 to 2026-09-21 00:00:00+00:00
[2026-09-23 11:39:32,846] {scheduler_job.py:190} INFO - Processing /home/airflow/.local/lib/python3.6/site-packages/airflow/example_dags/example_branch_python_dop_operator_3.py took 0.189 seconds
[2026-09-23 11:40:03,031] {scheduler_job.py:182} INFO - Started process (PID=946) to work on /home/airflow/.local/lib/python3.6/site-packages/airflow/example_dags/example_branch_python_dop_operator_3.py
[2026-09-23 11:40:03,033] {scheduler_job.py:629} INFO - Processing file /home/airflow/.local/lib/python3.6/site-packages/airflow/example_dags/example_branch_python_dop_operator_3.py for tasks to queue
[2026-09-23 11:40:03,033] {logging_mixin.py:104} INFO - [2026-09-23 11:40:03,033] {dagbag.py:451} INFO - Filling up the DagBag from /home/airflow/.local/lib/python3.6/site-packages/airflow/example_dags/example_branch_python_dop_operator_3.py
[2026-09-23 11:40:03,062] {scheduler_job.py:639} INFO - DAG(s) dict_keys(['example_branch_dop_operator_v3']) retrieved from /home/airflow/.local/lib/python3.6/site-packages/airflow/example_dags/example_branch_python_dop_operator_3.py
[2026-09-23 11:40:03,103] {logging_mixin.py:104} INFO - [2026-09-23 11:40:03,103] {dag.py:1824} INFO - Sync 1 DAGs
[2026-09-23 11:40:03,175] {logging_mixin.py:104} INFO - [2026-09-23 11:40:03,175] {dag.py:2280} INFO - Setting next_dagrun for example_branch_dop_operator_v3 to 2026-09-21 00:00:00+00:00
[2026-09-23 11:40:03,201] {scheduler_job.py:190} INFO - Processing /home/airflow/.local/lib/python3.6/site-packages/airflow/example_dags/example_branch_python_dop_operator_3.py took 0.174 seconds
[2026-09-23 11:40:33,725] {scheduler_job.py:182} INFO - Started process (PID=973) to work on /home/airflow/.local/lib/python3.6/site-packages/airflow/example_dags/example_branch_python_dop_operator_3.py
[2026-09-23 11:40:33,727] {scheduler_job.py:629} INFO - Processing file /home/airflow/.local/lib/python3.6/site-packages/airflow/example_dags/example_branch_python_dop_operator_3.py for tasks to queue
[2026-09-23 11:40:33,728] {logging_mixin.py:104} INFO - [2026-09-23 11:40:33,727] {dagbag.py:451} INFO - Filling up the DagBag from /home/airflow/.local/lib/python3.6/site-packages/airflow/example_dags/example_branch_python_dop_operator_3.py
[2026-09-23 11:40:33,748] {scheduler_job.py:639} INFO - DAG(s) dict_keys(['example_branch_dop_operator_v3']) retrieved from /home/airflow/.local/lib/python3.6/site-packages/airflow/example_dags/example_branch_python_dop_operator_3.py
[2026-09-23 11:40:33,776] {logging_mixin.py:104} INFO - [2026-09-23 11:40:33,776] {dag.py:1824} INFO - Sync 1 DAGs
[2026-09-23 11:40:33,820] {logging_mixin.py:104} INFO - [2026-09-23 11:40:33,820] {dag.py:2280} INFO - Setting next_dagrun for example_branch_dop_operator_v3 to 2026-09-21 00:00:00+00:00
[2026-09-23 11:40:33,840] {scheduler_job.py:190} INFO - Processing /home/airflow/.local/lib/python3.6/site-packages/airflow/example_dags/example_branch_python_dop_operator_3.py took 0.121 seconds
[2026-09-23 11:41:04,083] {scheduler_job.py:182} INFO - Started process (PID=1000) to work on /home/airflow/.local/lib/python3.6/site-packages/airflow/example_dags/example_branch_python_dop_operator_3.py
[2026-09-23 11:41:04,084] {scheduler_job.py:629} INFO - Processing file /home/airflow/.local/lib/python3.6/site-packages/airflow/example_dags/example_branch_python_dop_operator_3.py for tasks to queue
[2026-09-23 11:41:04,086] {logging_mixin.py:104} INFO - [2026-09-23 11:41:04,085] {dagbag.py:451} INFO - Filling up the DagBag from /home/airflow/.local/lib/python3.6/site-packages/airflow/example_dags/example_branch_python_dop_operator_3.py
[2026-09-23 11:41:04,121] {scheduler_job.py:639} INFO - DAG(s) dict_keys(['example_branch_dop_operator_v3']) retrieved from /home/airflow/.local/lib/python3.6/site-packages/airflow/example_dags/example_branch_python_dop_operator_3.py
[2026-09-23 11:41:04,156] {logging_mixin.py:104} INFO - [2026-09-23 11:41:04,156] {dag.py:1824} INFO - Sync 1 DAGs
[2026-09-23 11:41:04,226] {logging_mixin.py:104} INFO - [2026-09-23 11:41:04,226] {dag.py:2280} INFO - Setting next_dagrun for example_branch_dop_operator_v3 to 2026-09-21 00:00:00+00:00
[2026-09-23 11:41:04,259] {scheduler_job.py:190} INFO - Processing /home/airflow/.local/lib/python3.6/site-packages/airflow/example_dags/example_branch_python_dop_operator_3.py took 0.182 seconds
[2026-09-23 11:41:34,881] {scheduler_job.py:182} INFO - Started process (PID=1026) to work on /home/airflow/.local/lib/python3.6/site-packages/airflow/example_dags/example_branch_python_dop_operator_3.py
[2026-09-23 11:41:34,888] {scheduler_job.py:629} INFO - Processing file /home/airflow/.local/lib/python3.6/site-packages/airflow/example_dags/example_branch_python_dop_operator_3.py for tasks to queue
[2026-09-23 11:41:34,890] {logging_mixin.py:104} INFO - [2026-09-23 11:41:34,889] {dagbag.py:451} INFO - Filling up the DagBag from /home/airflow/.local/lib/python3.6/site-packages/airflow/example_dags/example_branch_python_dop_operator_3.py
[2026-09-23 11:41:34,973] {scheduler_job.py:639} INFO - DAG(s) dict_keys(['example_branch_dop_operator_v3']) retrieved from /home/airflow/.local/lib/python3.6/site-packages/airflow/example_dags/example_branch_python_dop_operator_3.py
[2026-09-23 11:41:35,066] {logging_mixin.py:104} INFO - [2026-09-23 11:41:35,066] {dag.py:1824} INFO - Sync 1 DAGs
[2026-09-23 11:41:35,172] {logging_mixin.py:104} INFO - [2026-09-23 11:41:35,171] {dag.py:2280} INFO - Setting next_dagrun for example_branch_dop_operator_v3 to 2026-09-21 00:00:00+00:00
[2026-09-23 11:41:35,193] {scheduler_job.py:190} INFO - Processing /home/airflow/.local/lib/python3.6/site-packages/airflow/example_dags/example_branch_python_dop_operator_3.py took 0.324 seconds
[2026-09-23 11:42:05,561] {scheduler_job.py:182} INFO - Started process (PID=1051) to work on /home/airflow/.local/lib/python3.6/site-packages/airflow/example_dags/example_branch_python_dop_operator_3.py
[2026-09-23 11:42:05,563] {scheduler_job.py:629} INFO - Processing file /home/airflow/.local/lib/python3.6/site-packages/airflow/example_dags/example_branch_python_dop_operator_3.py for tasks to queue
[2026-09-23 11:42:05,565] {logging_mixin.py:104} INFO - [2026-09-23 11:42:05,563] {dagbag.py:451} INFO - Filling up the DagBag from /home/airflow/.local/lib/python3.6/site-packages/airflow/example_dags/example_branch_python_dop_operator_3.py
[2026-09-23 11:42:05,596] {scheduler_job.py:639} INFO - DAG(s) dict_keys(['example_branch_dop_operator_v3']) retrieved from /home/airflow/.local/lib/python3.6/site-packages/airflow/example_dags/example_branch_python_dop_operator_3.py
[2026-09-23 11:42:05,652] {logging_mixin.py:104} INFO - [2026-09-23 11:42:05,652] {dag.py:1824} INFO - Sync 1 DAGs
[2026-09-23 11:42:05,742] {logging_mixin.py:104} INFO - [2026-09-23 11:42:05,741] {dag.py:2280} INFO - Setting next_dagrun for example_branch_dop_operator_v3 to 2026-09-21 00:00:00+00:00
[2026-09-23 11:42:05,766] {scheduler_job.py:190} INFO - Processing /home/airflow/.local/lib/python3.6/site-packages/airflow/example_dags/example_branch_python_dop_operator_3.py took 0.214 seconds
[2026-09-23 11:42:36,051] {scheduler_job.py:182} INFO - Started process (PID=1077) to work on /home/airflow/.local/lib/python3.6/site-packages/airflow/example_dags/example_branch_python_dop_operator_3.py
[2026-09-23 11:42:36,052] {scheduler_job.py:629} INFO - Processing file /home/airflow/.local/lib/python3.6/site-packages/airflow/example_dags/example_branch_python_dop_operator_3.py for tasks to queue
[2026-09-23 11:42:36,053] {logging_mixin.py:104} INFO - [2026-09-23 11:42:36,052] {dagbag.py:451} INFO - Filling up the DagBag from /home/airflow/.local/lib/python3.6/site-packages/airflow/example_dags/example_branch_python_dop_operator_3.py
[2026-09-23 11:42:36,069] {scheduler_job.py:639} INFO - DAG(s) dict_keys(['example_branch_dop_operator_v3']) retrieved from /home/airflow/.local/lib/python3.6/site-packages/airflow/example_dags/example_branch_python_dop_operator_3.py
[2026-09-23 11:42:36,093] {logging_mixin.py:104} INFO - [2026-09-23 11:42:36,093] {dag.py:1824} INFO - Sync 1 DAGs
[2026-09-23 11:42:36,128] {logging_mixin.py:104} INFO - [2026-09-23 11:42:36,128] {dag.py:2280} INFO - Setting next_dagrun for example_branch_dop_operator_v3 to 2026-09-21 00:00:00+00:00
[2026-09-23 11:42:36,143] {scheduler_job.py:190} INFO - Processing /home/airflow/.local/lib/python3.6/site-packages/airflow/example_dags/example_branch_python_dop_operator_3.py took 0.096 seconds
[2026-09-23 11:43:07,096] {scheduler_job.py:182} INFO - Started process (PID=1103) to work on /home/airflow/.local/lib/python3.6/site-packages/airflow/example_dags/example_branch_python_dop_operator_3.py
[2026-09-23 11:43:07,097] {scheduler_job.py:629} INFO - Processing file /home/airflow/.local/lib/python3.6/site-packages/airflow/example_dags/example_branch_python_dop_operator_3.py for tasks to queue
[2026-09-23 11:43:07,098] {logging_mixin.py:104} INFO - [2026-09-23 11:43:07,098] {dagbag.py:451} INFO - Filling up the DagBag from /home/airflow/.local/lib/python3.6/site-packages/airflow/example_dags/example_branch_python_dop_operator_3.py
[2026-09-23 11:43:07,132] {scheduler_job.py:639} INFO - DAG(s) dict_keys(['example_branch_dop_operator_v3']) retrieved from /home/airflow/.local/lib/python3.6/site-packages/airflow/example_dags/example_branch_python_dop_operator_3.py
[2026-09-23 11:43:07,174] {logging_mixin.py:104} INFO - [2026-09-23 11:43:07,174] {dag.py:1824} INFO - Sync 1 DAGs
[2026-09-23 11:43:07,248] {logging_mixin.py:104} INFO - [2026-09-23 11:43:07,247] {dag.py:2280} INFO - Setting next_dagrun for example_branch_dop_operator_v3 to 2026-09-21 00:00:00+00:00
[2026-09-23 11:43:07,279] {scheduler_job.py:190} INFO - Processing /home/airflow/.local/lib/python3.6/site-packages/airflow/example_dags/example_branch_python_dop_operator_3.py took 0.192 seconds
[2026-09-23 11:43:37,525] {scheduler_job.py:182} INFO - Started process (PID=1130) to work on /home/airflow/.local/lib/python3.6/site-packages/airflow/example_dags/example_branch_python_dop_operator_3.py
[2026-09-23 11:43:37,526] {scheduler_job.py:629} INFO - Processing file /home/airflow/.local/lib/python3.6/site-packages/airflow/example_dags/example_branch_python_dop_operator_3.py for tasks to queue
[2026-09-23 11:43:37,527] {logging_mixin.py:104} INFO - [2026-09-23 11:43:37,527] {dagbag.py:451} INFO - Filling up the DagBag from /home/airflow/.local/lib/python3.6/site-packages/airflow/example_dags/example_branch_python_dop_operator_3.py
[2026-09-23 11:43:37,556] {scheduler_job.py:639} INFO - DAG(s) dict_keys(['example_branch_dop_operator_v3']) retrieved from /home/airflow/.local/lib/python3.6/site-packages/airflow/example_dags/example_branch_python_dop_operator_3.py
[2026-09-23 11:43:37,595] {logging_mixin.py:104} INFO - [2026-09-23 11:43:37,594] {dag.py:1824} INFO - Sync 1 DAGs
[2026-09-23 11:43:37,662] {logging_mixin.py:104} INFO - [2026-09-23 11:43:37,661] {dag.py:2280} INFO - Setting next_dagrun for example_branch_dop_operator_v3 to 2026-09-21 00:00:00+00:00
[2026-09-23 11:43:37,693] {scheduler_job.py:190} INFO - Processing /home/airflow/.local/lib/python3.6/site-packages/airflow/example_dags/example_branch_python_dop_operator_3.py took 0.173 seconds
[2026-09-23 11:44:07,832] {scheduler_job.py:182} INFO - Started process (PID=1156) to work on /home/airflow/.local/lib/python3.6/site-packages/airflow/example_dags/example_branch_python_dop_operator_3.py
[2026-09-23 11:44:07,834] {scheduler_job.py:629} INFO - Processing file /home/airflow/.local/lib/python3.6/site-packages/airflow/example_dags/example_branch_python_dop_operator_3.py for tasks to queue
[2026-09-23 11:44:07,836] {logging_mixin.py:104} INFO - [2026-09-23 11:44:07,835] {dagbag.py:451} INFO - Filling up the DagBag from /home/airflow/.local/lib/python3.6/site-packages/airflow/example_dags/example_branch_python_dop_operator_3.py
[2026-09-23 11:44:07,857] {scheduler_job.py:639} INFO - DAG(s) dict_keys(['example_branch_dop_operator_v3']) retrieved from /home/airflow/.local/lib/python3.6/site-packages/airflow/example_dags/example_branch_python_dop_operator_3.py
[2026-09-23 11:44:07,914] {logging_mixin.py:104} INFO - [2026-09-23 11:44:07,914] {dag.py:1824} INFO - Sync 1 DAGs
[2026-09-23 11:44:07,973] {logging_mixin.py:104} INFO - [2026-09-23 11:44:07,973] {dag.py:2280} INFO - Setting next_dagrun for example_branch_dop_operator_v3 to 2026-09-21 00:00:00+00:00
[2026-09-23 11:44:07,988] {scheduler_job.py:190} INFO - Processing /home/airflow/.local/lib/python3.6/site-packages/airflow/example_dags/example_branch_python_dop_operator_3.py took 0.161 seconds
[2026-09-23 11:44:38,098] {scheduler_job.py:182} INFO - Started process (PID=1182) to work on /home/airflow/.local/lib/python3.6/site-packages/airflow/example_dags/example_branch_python_dop_operator_3.py
[2026-09-23 11:44:38,103] {scheduler_job.py:629} INFO - Processing file /home/airflow/.local/lib/python3.6/site-packages/airflow/example_dags/example_branch_python_dop_operator_3.py for tasks to queue
[2026-09-23 11:44:38,108] {logging_mixin.py:104} INFO - [2026-09-23 11:44:38,107] {dagbag.py:451} INFO - Filling up the DagBag from /home/airflow/.local/lib/python3.6/site-packages/airflow/example_dags/example_branch_python_dop_operator_3.py
[2026-09-23 11:44:38,136] {scheduler_job.py:639} INFO - DAG(s) dict_keys(['example_branch_dop_operator_v3']) retrieved from /home/airflow/.local/lib/python3.6/site-packages/airflow/example_dags/example_branch_python_dop_operator_3.py
[2026-09-23 11:44:38,183] {logging_mixin.py:104} INFO - [2026-09-23 11:44:38,183] {dag.py:1824} INFO - Sync 1 DAGs
[2026-09-23 11:44:38,246] {logging_mixin.py:104} INFO - [2026-09-23 11:44:38,246] {dag.py:2280} INFO - Setting next_dagrun for example_branch_dop_operator_v3 to 2026-09-21 00:00:00+00:00
[2026-09-23 11:44:38,267] {scheduler_job.py:190} INFO - Processing /home/airflow/.local/lib/python3.6/site-packages/airflow/example_dags/example_branch_python_dop_operator_3.py took 0.175 seconds
[2026-09-23 11:45:08,375] {scheduler_job.py:182} INFO - Started process (PID=1208) to work on /home/airflow/.local/lib/python3.6/site-packages/airflow/example_dags/example_branch_python_dop_operator_3.py
[2026-09-23 11:45:08,377] {scheduler_job.py:629} INFO - Processing file /home/airflow/.local/lib/python3.6/site-packages/airflow/example_dags/example_branch_python_dop_operator_3.py for tasks to queue
[2026-09-23 11:45:08,378] {logging_mixin.py:104} INFO - [2026-09-23 11:45:08,378] {dagbag.py:451} INFO - Filling up the DagBag from /home/airflow/.local/lib/python3.6/site-packages/airflow/example_dags/example_branch_python_dop_operator_3.py
[2026-09-23 11:45:08,406] {scheduler_job.py:639} INFO - DAG(s) dict_keys(['example_branch_dop_operator_v3']) retrieved from /home/airflow/.local/lib/python3.6/site-packages/airflow/example_dags/example_branch_python_dop_operator_3.py
[2026-09-23 11:45:08,443] {logging_mixin.py:104} INFO - [2026-09-23 11:45:08,443] {dag.py:1824} INFO - Sync 1 DAGs
[2026-09-23 11:45:08,523] {logging_mixin.py:104} INFO - [2026-09-23 11:45:08,522] {dag.py:2280} INFO - Setting next_dagrun for example_branch_dop_operator_v3 to 2026-09-21 00:00:00+00:00
[2026-09-23 11:45:08,545] {scheduler_job.py:190} INFO - Processing /home/airflow/.local/lib/python3.6/site-packages/airflow/example_dags/example_branch_python_dop_operator_3.py took 0.175 seconds
[2026-09-23 11:45:38,817] {scheduler_job.py:182} INFO - Started process (PID=1234) to work on /home/airflow/.local/lib/python3.6/site-packages/airflow/example_dags/example_branch_python_dop_operator_3.py
[2026-09-23 11:45:38,819] {scheduler_job.py:629} INFO - Processing file /home/airflow/.local/lib/python3.6/site-packages/airflow/example_dags/example_branch_python_dop_operator_3.py for tasks to queue
[2026-09-23 11:45:38,820] {logging_mixin.py:104} INFO - [2026-09-23 11:45:38,820] {dagbag.py:451} INFO - Filling up the DagBag from /home/airflow/.local/lib/python3.6/site-packages/airflow/example_dags/example_branch_python_dop_operator_3.py
[2026-09-23 11:45:38,854] {scheduler_job.py:639} INFO - DAG(s) dict_keys(['example_branch_dop_operator_v3']) retrieved from /home/airflow/.local/lib/python3.6/site-packages/airflow/example_dags/example_branch_python_dop_operator_3.py
[2026-09-23 11:45:38,891] {logging_mixin.py:104} INFO - [2026-09-23 11:45:38,891] {dag.py:1824} INFO - Sync 1 DAGs
[2026-09-23 11:45:38,953] {logging_mixin.py:104} INFO - [2026-09-23 11:45:38,953] {dag.py:2280} INFO - Setting next_dagrun for example_branch_dop_operator_v3 to 2026-09-21 00:00:00+00:00
[2026-09-23 11:45:38,974] {scheduler_job.py:190} INFO - Processing /home/airflow/.local/lib/python3.6/site-packages/airflow/example_dags/example_branch_python_dop_operator_3.py took 0.164 seconds
[2026-09-23 11:46:10,078] {scheduler_job.py:182} INFO - Started process (PID=1263) to work on /home/airflow/.local/lib/python3.6/site-packages/airflow/example_dags/example_branch_python_dop_operator_3.py
[2026-09-23 11:46:10,080] {scheduler_job.py:629} INFO - Processing file /home/airflow/.local/lib/python3.6/site-packages/airflow/example_dags/example_branch_python_dop_operator_3.py for tasks to queue
[2026-09-23 11:46:10,082] {logging_mixin.py:104} INFO - [2026-09-23 11:46:10,081] {dagbag.py:451} INFO - Filling up the DagBag from /home/airflow/.local/lib/python3.6/site-packages/airflow/example_dags/example_branch_python_dop_operator_3.py
[2026-09-23 11:46:10,114] {scheduler_job.py:639} INFO - DAG(s) dict_keys(['example_branch_dop_operator_v3']) retrieved from /home/airflow/.local/lib/python3.6/site-packages/airflow/example_dags/example_branch_python_dop_operator_3.py
[2026-09-23 11:46:10,152] {logging_mixin.py:104} INFO - [2026-09-23 11:46:10,152] {dag.py:1824} INFO - Sync 1 DAGs
[2026-09-23 11:46:10,218] {logging_mixin.py:104} INFO - [2026-09-23 11:46:10,217] {dag.py:2280} INFO - Setting next_dagrun for example_branch_dop_operator_v3 to 2026-09-21 00:00:00+00:00
[2026-09-23 11:46:10,239] {scheduler_job.py:190} INFO - Processing /home/airflow/.local/lib/python3.6/site-packages/airflow/example_dags/example_branch_python_dop_operator_3.py took 0.168 seconds
[2026-09-23 11:46:40,586] {scheduler_job.py:182} INFO - Started process (PID=1289) to work on /home/airflow/.local/lib/python3.6/site-packages/airflow/example_dags/example_branch_python_dop_operator_3.py
[2026-09-23 11:46:40,592] {scheduler_job.py:629} INFO - Processing file /home/airflow/.local/lib/python3.6/site-packages/airflow/example_dags/example_branch_python_dop_operator_3.py for tasks to queue
[2026-09-23 11:46:40,594] {logging_mixin.py:104} INFO - [2026-09-23 11:46:40,593] {dagbag.py:451} INFO - Filling up the DagBag from /home/airflow/.local/lib/python3.6/site-packages/airflow/example_dags/example_branch_python_dop_operator_3.py
[2026-09-23 11:46:40,679] {scheduler_job.py:639} INFO - DAG(s) dict_keys(['example_branch_dop_operator_v3']) retrieved from /home/airflow/.local/lib/python3.6/site-packages/airflow/example_dags/example_branch_python_dop_operator_3.py
[2026-09-23 11:46:40,725] {logging_mixin.py:104} INFO - [2026-09-23 11:46:40,724] {dag.py:1824} INFO - Sync 1 DAGs
[2026-09-23 11:46:40,795] {logging_mixin.py:104} INFO - [2026-09-23 11:46:40,795] {dag.py:2280} INFO - Setting next_dagrun for example_branch_dop_operator_v3 to 2026-09-21 00:00:00+00:00
[2026-09-23 11:46:40,820] {scheduler_job.py:190} INFO - Processing /home/airflow/.local/lib/python3.6/site-packages/airflow/example_dags/example_branch_python_dop_operator_3.py took 0.240 seconds
[2026-09-23 11:47:11,082] {scheduler_job.py:182} INFO - Started process (PID=1315) to work on /home/airflow/.local/lib/python3.6/site-packages/airflow/example_dags/example_branch_python_dop_operator_3.py
[2026-09-23 11:47:11,084] {scheduler_job.py:629} INFO - Processing file /home/airflow/.local/lib/python3.6/site-packages/airflow/example_dags/example_branch_python_dop_operator_3.py for tasks to queue
[2026-09-23 11:47:11,085] {logging_mixin.py:104} INFO - [2026-09-23 11:47:11,085] {dagbag.py:451} INFO - Filling up the DagBag from /home/airflow/.local/lib/python3.6/site-packages/airflow/example_dags/example_branch_python_dop_operator_3.py
[2026-09-23 11:47:11,108] {scheduler_job.py:639} INFO - DAG(s) dict_keys(['example_branch_dop_operator_v3']) retrieved from /home/airflow/.local/lib/python3.6/site-packages/airflow/example_dags/example_branch_python_dop_operator_3.py
[2026-09-23 11:47:11,138] {logging_mixin.py:104} INFO - [2026-09-23 11:47:11,138] {dag.py:1824} INFO - Sync 1 DAGs
[2026-09-23 11:47:11,184] {logging_mixin.py:104} INFO - [2026-09-23 11:47:11,184] {dag.py:2280} INFO - Setting next_dagrun for example_branch_dop_operator_v3 to 2026-09-21 00:00:00+00:00
[2026-09-23 11:47:11,199] {scheduler_job.py:190} INFO - Processing /home/airflow/.local/lib/python3.6/site-packages/airflow/example_dags/example_branch_python_dop_operator_3.py took 0.123 seconds
[2026-09-23 11:47:41,924] {scheduler_job.py:182} INFO - Started process (PID=1341) to work on /home/airflow/.local/lib/python3.6/site-packages/airflow/example_dags/example_branch_python_dop_operator_3.py
[2026-09-23 11:47:41,928] {scheduler_job.py:629} INFO - Processing file /home/airflow/.local/lib/python3.6/site-packages/airflow/example_dags/example_branch_python_dop_operator_3.py for tasks to queue
[2026-09-23 11:47:41,930] {logging_mixin.py:104} INFO - [2026-09-23 11:47:41,929] {dagbag.py:451} INFO - Filling up the DagBag from /home/airflow/.local/lib/python3.6/site-packages/airflow/example_dags/example_branch_python_dop_operator_3.py
[2026-09-23 11:47:41,981] {scheduler_job.py:639} INFO - DAG(s) dict_keys(['example_branch_dop_operator_v3']) retrieved from /home/airflow/.local/lib/python3.6/site-packages/airflow/example_dags/example_branch_python_dop_operator_3.py
[2026-09-23 11:47:42,023] {logging_mixin.py:104} INFO - [2026-09-23 11:47:42,023] {dag.py:1824} INFO - Sync 1 DAGs
[2026-09-23 11:47:42,094] {logging_mixin.py:104} INFO - [2026-09-23 11:47:42,094] {dag.py:2280} INFO - Setting next_dagrun for example_branch_dop_operator_v3 to 2026-09-21 00:00:00+00:00
[2026-09-23 11:47:42,123] {scheduler_job.py:190} INFO - Processing /home/airflow/.local/lib/python3.6/site-packages/airflow/example_dags/example_branch_python_dop_operator_3.py took 0.208 seconds
[2026-09-23 11:48:13,062] {scheduler_job.py:182} INFO - Started process (PID=1367) to work on /home/airflow/.local/lib/python3.6/site-packages/airflow/example_dags/example_branch_python_dop_operator_3.py
[2026-09-23 11:48:13,063] {scheduler_job.py:629} INFO - Processing file /home/airflow/.local/lib/python3.6/site-packages/airflow/example_dags/example_branch_python_dop_operator_3.py for tasks to queue
[2026-09-23 11:48:13,064] {logging_mixin.py:104} INFO - [2026-09-23 11:48:13,064] {dagbag.py:451} INFO - Filling up the DagBag from /home/airflow/.local/lib/python3.6/site-packages/airflow/example_dags/example_branch_python_dop_operator_3.py
[2026-09-23 11:48:13,083] {scheduler_job.py:639} INFO - DAG(s) dict_keys(['example_branch_dop_operator_v3']) retrieved from /home/airflow/.local/lib/python3.6/site-packages/airflow/example_dags/example_branch_python_dop_operator_3.py
[2026-09-23 11:48:13,108] {logging_mixin.py:104} INFO - [2026-09-23 11:48:13,108] {dag.py:1824} INFO - Sync 1 DAGs
[2026-09-23 11:48:13,149] {logging_mixin.py:104} INFO - [2026-09-23 11:48:13,148] {dag.py:2280} INFO - Setting next_dagrun for example_branch_dop_operator_v3 to 2026-09-21 00:00:00+00:00
[2026-09-23 11:48:13,162] {scheduler_job.py:190} INFO - Processing /home/airflow/.local/lib/python3.6/site-packages/airflow/example_dags/example_branch_python_dop_operator_3.py took 0.104 seconds
[2026-09-23 11:48:43,823] {scheduler_job.py:182} INFO - Started process (PID=1395) to work on /home/airflow/.local/lib/python3.6/site-packages/airflow/example_dags/example_branch_python_dop_operator_3.py
[2026-09-23 11:48:43,824] {scheduler_job.py:629} INFO - Processing file /home/airflow/.local/lib/python3.6/site-packages/airflow/example_dags/example_branch_python_dop_operator_3.py for tasks to queue
[2026-09-23 11:48:43,825] {logging_mixin.py:104} INFO - [2026-09-23 11:48:43,825] {dagbag.py:451} INFO - Filling up the DagBag from /home/airflow/.local/lib/python3.6/site-packages/airflow/example_dags/example_branch_python_dop_operator_3.py
[2026-09-23 11:48:43,844] {scheduler_job.py:639} INFO - DAG(s) dict_keys(['example_branch_dop_operator_v3']) retrieved from /home/airflow/.local/lib/python3.6/site-packages/airflow/example_dags/example_branch_python_dop_operator_3.py
[2026-09-23 11:48:43,867] {logging_mixin.py:104} INFO - [2026-09-23 11:48:43,867] {dag.py:1824} INFO - Sync 1 DAGs
[2026-09-23 11:48:43,907] {logging_mixin.py:104} INFO - [2026-09-23 11:48:43,907] {dag.py:2280} INFO - Setting next_dagrun for example_branch_dop_operator_v3 to 2026-09-21 00:00:00+00:00
[2026-09-23 11:48:43,921] {scheduler_job.py:190} INFO - Processing /home/airflow/.local/lib/python3.6/site-packages/airflow/example_dags/example_branch_python_dop_operator_3.py took 0.102 seconds
[2026-09-23 11:49:14,382] {scheduler_job.py:182} INFO - Started process (PID=1421) to work on /home/airflow/.local/lib/python3.6/site-packages/airflow/example_dags/example_branch_python_dop_operator_3.py
[2026-09-23 11:49:14,384] {scheduler_job.py:629} INFO - Processing file /home/airflow/.local/lib/python3.6/site-packages/airflow/example_dags/example_branch_python_dop_operator_3.py for tasks to queue
[2026-09-23 11:49:14,385] {logging_mixin.py:104} INFO - [2026-09-23 11:49:14,385] {dagbag.py:451} INFO - Filling up the DagBag from /home/airflow/.local/lib/python3.6/site-packages/airflow/example_dags/example_branch_python_dop_operator_3.py
[2026-09-23 11:49:14,421] {scheduler_job.py:639} INFO - DAG(s) dict_keys(['example_branch_dop_operator_v3']) retrieved from /home/airflow/.local/lib/python3.6/site-packages/airflow/example_dags/example_branch_python_dop_operator_3.py
[2026-09-23 11:49:14,467] {logging_mixin.py:104} INFO - [2026-09-23 11:49:14,467] {dag.py:1824} INFO - Sync 1 DAGs
[2026-09-23 11:49:14,541] {logging_mixin.py:104} INFO - [2026-09-23 11:49:14,541] {dag.py:2280} INFO - Setting next_dagrun for example_branch_dop_operator_v3 to 2026-09-21 00:00:00+00:00
[2026-09-23 11:49:14,566] {scheduler_job.py:190} INFO - Processing /home/airflow/.local/lib/python3.6/site-packages/airflow/example_dags/example_branch_python_dop_operator_3.py took 0.190 seconds
[2026-09-23 11:49:44,608] {scheduler_job.py:182} INFO - Started process (PID=1447) to work on /home/airflow/.local/lib/python3.6/site-packages/airflow/example_dags/example_branch_python_dop_operator_3.py
[2026-09-23 11:49:44,609] {scheduler_job.py:629} INFO - Processing file /home/airflow/.local/lib/python3.6/site-packages/airflow/example_dags/example_branch_python_dop_operator_3.py for tasks to queue
[2026-09-23 11:49:44,610] {logging_mixin.py:104} INFO - [2026-09-23 11:49:44,610] {dagbag.py:451} INFO - Filling up the DagBag from /home/airflow/.local/lib/python3.6/site-packages/airflow/example_dags/example_branch_python_dop_operator_3.py
[2026-09-23 11:49:44,628] {scheduler_job.py:639} INFO - DAG(s) dict_keys(['example_branch_dop_operator_v3']) retrieved from /home/airflow/.local/lib/python3.6/site-packages/airflow/example_dags/example_branch_python_dop_operator_3.py
[2026-09-23 11:49:44,650] {logging_mixin.py:104} INFO - [2026-09-23 11:49:44,650] {dag.py:1824} INFO - Sync 1 DAGs
[2026-09-23 11:49:44,685] {logging_mixin.py:104} INFO - [2026-09-23 11:49:44,685] {dag.py:2280} INFO - Setting next_dagrun for example_branch_dop_operator_v3 to 2026-09-21 00:00:00+00:00
[2026-09-23 11:49:44,700] {scheduler_job.py:190} INFO - Processing /home/airflow/.local/lib/python3.6/site-packages/airflow/example_dags/example_branch_python_dop_operator_3.py took 0.097 seconds
[2026-09-23 11:50:15,432] {scheduler_job.py:182} INFO - Started process (PID=1474) to work on /home/airflow/.local/lib/python3.6/site-packages/airflow/example_dags/example_branch_python_dop_operator_3.py
[2026-09-23 11:50:15,436] {scheduler_job.py:629} INFO - Processing file /home/airflow/.local/lib/python3.6/site-packages/airflow/example_dags/example_branch_python_dop_operator_3.py for tasks to queue
[2026-09-23 11:50:15,437] {logging_mixin.py:104} INFO - [2026-09-23 11:50:15,437] {dagbag.py:451} INFO - Filling up the DagBag from /home/airflow/.local/lib/python3.6/site-packages/airflow/example_dags/example_branch_python_dop_operator_3.py
[2026-09-23 11:50:15,473] {scheduler_job.py:639} INFO - DAG(s) dict_keys(['example_branch_dop_operator_v3']) retrieved from /home/airflow/.local/lib/python3.6/site-packages/airflow/example_dags/example_branch_python_dop_operator_3.py
[2026-09-23 11:50:15,565] {logging_mixin.py:104} INFO - [2026-09-23 11:50:15,562] {dag.py:1824} INFO - Sync 1 DAGs
[2026-09-23 11:50:15,661] {logging_mixin.py:104} INFO - [2026-09-23 11:50:15,657] {dag.py:2280} INFO - Setting next_dagrun for example_branch_dop_operator_v3 to 2026-09-21 00:00:00+00:00
[2026-09-23 11:50:15,691] {scheduler_job.py:190} INFO - Processing /home/airflow/.local/lib/python3.6/site-packages/airflow/example_dags/example_branch_python_dop_operator_3.py took 0.265 seconds
[2026-09-23 11:50:46,294] {scheduler_job.py:182} INFO - Started process (PID=1500) to work on /home/airflow/.local/lib/python3.6/site-packages/airflow/example_dags/example_branch_python_dop_operator_3.py
[2026-09-23 11:50:46,295] {scheduler_job.py:629} INFO - Processing file /home/airflow/.local/lib/python3.6/site-packages/airflow/example_dags/example_branch_python_dop_operator_3.py for tasks to queue
[2026-09-23 11:50:46,296] {logging_mixin.py:104} INFO - [2026-09-23 11:50:46,296] {dagbag.py:451} INFO - Filling up the DagBag from /home/airflow/.local/lib/python3.6/site-packages/airflow/example_dags/example_branch_python_dop_operator_3.py
[2026-09-23 11:50:46,321] {scheduler_job.py:639} INFO - DAG(s) dict_keys(['example_branch_dop_operator_v3']) retrieved from /home/airflow/.local/lib/python3.6/site-packages/airflow/example_dags/example_branch_python_dop_operator_3.py
[2026-09-23 11:50:46,352] {logging_mixin.py:104} INFO - [2026-09-23 11:50:46,352] {dag.py:1824} INFO - Sync 1 DAGs
[2026-09-23 11:50:46,406] {logging_mixin.py:104} INFO - [2026-09-23 11:50:46,406] {dag.py:2280} INFO - Setting next_dagrun for example_branch_dop_operator_v3 to 2026-09-21 00:00:00+00:00
[2026-09-23 11:50:46,422] {scheduler_job.py:190} INFO - Processing /home/airflow/.local/lib/python3.6/site-packages/airflow/example_dags/example_branch_python_dop_operator_3.py took 0.132 seconds
[2026-09-23 11:51:16,808] {scheduler_job.py:182} INFO - Started process (PID=1524) to work on /home/airflow/.local/lib/python3.6/site-packages/airflow/example_dags/example_branch_python_dop_operator_3.py
[2026-09-23 11:51:16,809] {scheduler_job.py:629} INFO - Processing file /home/airflow/.local/lib/python3.6/site-packages/airflow/example_dags/example_branch_python_dop_operator_3.py for tasks to queue
[2026-09-23 11:51:16,811] {logging_mixin.py:104} INFO - [2026-09-23 11:51:16,810] {dagbag.py:451} INFO - Filling up the DagBag from /home/airflow/.local/lib/python3.6/site-packages/airflow/example_dags/example_branch_python_dop_operator_3.py
[2026-09-23 11:51:16,837] {scheduler_job.py:639} INFO - DAG(s) dict_keys(['example_branch_dop_operator_v3']) retrieved from /home/airflow/.local/lib/python3.6/site-packages/airflow/example_dags/example_branch_python_dop_operator_3.py
[2026-09-23 11:51:16,878] {logging_mixin.py:104} INFO - [2026-09-23 11:51:16,878] {dag.py:1824} INFO - Sync 1 DAGs
[2026-09-23 11:51:16,993] {logging_mixin.py:104} INFO - [2026-09-23 11:51:16,992] {dag.py:2280} INFO - Setting next_dagrun for example_branch_dop_operator_v3 to 2026-09-21 00:00:00+00:00
[2026-09-23 11:51:17,036] {scheduler_job.py:190} INFO - Processing /home/airflow/.local/lib/python3.6/site-packages/airflow/example_dags/example_branch_python_dop_operator_3.py took 0.234 seconds
[2026-09-23 11:51:47,969] {scheduler_job.py:182} INFO - Started process (PID=1550) to work on /home/airflow/.local/lib/python3.6/site-packages/airflow/example_dags/example_branch_python_dop_operator_3.py
[2026-09-23 11:51:47,971] {scheduler_job.py:629} INFO - Processing file /home/airflow/.local/lib/python3.6/site-packages/airflow/example_dags/example_branch_python_dop_operator_3.py for tasks to queue
[2026-09-23 11:51:47,971] {logging_mixin.py:104} INFO - [2026-09-23 11:51:47,971] {dagbag.py:451} INFO - Filling up the DagBag from /home/airflow/.local/lib/python3.6/site-packages/airflow/example_dags/example_branch_python_dop_operator_3.py
[2026-09-23 11:51:47,992] {scheduler_job.py:639} INFO - DAG(s) dict_keys(['example_branch_dop_operator_v3']) retrieved from /home/airflow/.local/lib/python3.6/site-packages/airflow/example_dags/example_branch_python_dop_operator_3.py
[2026-09-23 11:51:48,018] {logging_mixin.py:104} INFO - [2026-09-23 11:51:48,018] {dag.py:1824} INFO - Sync 1 DAGs
[2026-09-23 11:51:48,062] {logging_mixin.py:104} INFO - [2026-09-23 11:51:48,062] {dag.py:2280} INFO - Setting next_dagrun for example_branch_dop_operator_v3 to 2026-09-21 00:00:00+00:00
[2026-09-23 11:51:48,075] {scheduler_job.py:190} INFO - Processing /home/airflow/.local/lib/python3.6/site-packages/airflow/example_dags/example_branch_python_dop_operator_3.py took 0.110 seconds
[2026-09-23 11:52:18,999] {scheduler_job.py:182} INFO - Started process (PID=1576) to work on /home/airflow/.local/lib/python3.6/site-packages/airflow/example_dags/example_branch_python_dop_operator_3.py
[2026-09-23 11:52:19,000] {scheduler_job.py:629} INFO - Processing file /home/airflow/.local/lib/python3.6/site-packages/airflow/example_dags/example_branch_python_dop_operator_3.py for tasks to queue
[2026-09-23 11:52:19,002] {logging_mixin.py:104} INFO - [2026-09-23 11:52:19,001] {dagbag.py:451} INFO - Filling up the DagBag from /home/airflow/.local/lib/python3.6/site-packages/airflow/example_dags/example_branch_python_dop_operator_3.py
[2026-09-23 11:52:19,037] {scheduler_job.py:639} INFO - DAG(s) dict_keys(['example_branch_dop_operator_v3']) retrieved from /home/airflow/.local/lib/python3.6/site-packages/airflow/example_dags/example_branch_python_dop_operator_3.py
[2026-09-23 11:52:19,075] {logging_mixin.py:104} INFO - [2026-09-23 11:52:19,074] {dag.py:1824} INFO - Sync 1 DAGs
[2026-09-23 11:52:19,145] {logging_mixin.py:104} INFO - [2026-09-23 11:52:19,145] {dag.py:2280} INFO - Setting next_dagrun for example_branch_dop_operator_v3 to 2026-09-21 00:00:00+00:00
[2026-09-23 11:52:19,170] {scheduler_job.py:190} INFO - Processing /home/airflow/.local/lib/python3.6/site-packages/airflow/example_dags/example_branch_python_dop_operator_3.py took 0.176 seconds
[2026-09-23 11:52:49,330] {scheduler_job.py:182} INFO - Started process (PID=1602) to work on /home/airflow/.local/lib/python3.6/site-packages/airflow/example_dags/example_branch_python_dop_operator_3.py
[2026-09-23 11:52:49,332] {scheduler_job.py:629} INFO - Processing file /home/airflow/.local/lib/python3.6/site-packages/airflow/example_dags/example_branch_python_dop_operator_3.py for tasks to queue
[2026-09-23 11:52:49,333] {logging_mixin.py:104} INFO - [2026-09-23 11:52:49,333] {dagbag.py:451} INFO - Filling up the DagBag from /home/airflow/.local/lib/python3.6/site-packages/airflow/example_dags/example_branch_python_dop_operator_3.py
[2026-09-23 11:52:49,359] {scheduler_job.py:639} INFO - DAG(s) dict_keys(['example_branch_dop_operator_v3']) retrieved from /home/airflow/.local/lib/python3.6/site-packages/airflow/example_dags/example_branch_python_dop_operator_3.py
[2026-09-23 11:52:49,392] {logging_mixin.py:104} INFO - [2026-09-23 11:52:49,392] {dag.py:1824} INFO - Sync 1 DAGs
[2026-09-23 11:52:49,442] {logging_mixin.py:104} INFO - [2026-09-23 11:52:49,442] {dag.py:2280} INFO - Setting next_dagrun for example_branch_dop_operator_v3 to 2026-09-21 00:00:00+00:00
[2026-09-23 11:52:49,462] {scheduler_job.py:190} INFO - Processing /home/airflow/.local/lib/python3.6/site-packages/airflow/example_dags/example_branch_python_dop_operator_3.py took 0.138 seconds
[2026-09-23 11:53:19,558] {scheduler_job.py:182} INFO - Started process (PID=1628) to work on /home/airflow/.local/lib/python3.6/site-packages/airflow/example_dags/example_branch_python_dop_operator_3.py
[2026-09-23 11:53:19,560] {scheduler_job.py:629} INFO - Processing file /home/airflow/.local/lib/python3.6/site-packages/airflow/example_dags/example_branch_python_dop_operator_3.py for tasks to queue
[2026-09-23 11:53:19,562] {logging_mixin.py:104} INFO - [2026-09-23 11:53:19,561] {dagbag.py:451} INFO - Filling up the DagBag from /home/airflow/.local/lib/python3.6/site-packages/airflow/example_dags/example_branch_python_dop_operator_3.py
[2026-09-23 11:53:19,602] {scheduler_job.py:639} INFO - DAG(s) dict_keys(['example_branch_dop_operator_v3']) retrieved from /home/airflow/.local/lib/python3.6/site-packages/airflow/example_dags/example_branch_python_dop_operator_3.py
[2026-09-23 11:53:19,645] {logging_mixin.py:104} INFO - [2026-09-23 11:53:19,645] {dag.py:1824} INFO - Sync 1 DAGs
[2026-09-23 11:53:19,705] {logging_mixin.py:104} INFO - [2026-09-23 11:53:19,705] {dag.py:2280} INFO - Setting next_dagrun for example_branch_dop_operator_v3 to 2026-09-21 00:00:00+00:00
[2026-09-23 11:53:19,722] {scheduler_job.py:190} INFO - Processing /home/airflow/.local/lib/python3.6/site-packages/airflow/example_dags/example_branch_python_dop_operator_3.py took 0.171 seconds
[2026-09-23 11:53:50,816] {scheduler_job.py:182} INFO - Started process (PID=1656) to work on /home/airflow/.local/lib/python3.6/site-packages/airflow/example_dags/example_branch_python_dop_operator_3.py
[2026-09-23 11:53:50,817] {scheduler_job.py:629} INFO - Processing file /home/airflow/.local/lib/python3.6/site-packages/airflow/example_dags/example_branch_python_dop_operator_3.py for tasks to queue
[2026-09-23 11:53:50,818] {logging_mixin.py:104} INFO - [2026-09-23 11:53:50,818] {dagbag.py:451} INFO - Filling up the DagBag from /home/airflow/.local/lib/python3.6/site-packages/airflow/example_dags/example_branch_python_dop_operator_3.py
[2026-09-23 11:53:50,837] {scheduler_job.py:639} INFO - DAG(s) dict_keys(['example_branch_dop_operator_v3']) retrieved from /home/airflow/.local/lib/python3.6/site-packages/airflow/example_dags/example_branch_python_dop_operator_3.py
[2026-09-23 11:53:50,859] {logging_mixin.py:104} INFO - [2026-09-23 11:53:50,859] {dag.py:1824} INFO - Sync 1 DAGs
[2026-09-23 11:53:50,895] {logging_mixin.py:104} INFO - [2026-09-23 11:53:50,895] {dag.py:2280} INFO - Setting next_dagrun for example_branch_dop_operator_v3 to 2026-09-21 00:00:00+00:00
[2026-09-23 11:53:50,911] {scheduler_job.py:190} INFO - Processing /home/airflow/.local/lib/python3.6/site-packages/airflow/example_dags/example_branch_python_dop_operator_3.py took 0.100 seconds
[2026-09-23 11:54:21,637] {scheduler_job.py:182} INFO - Started process (PID=1682) to work on /home/airflow/.local/lib/python3.6/site-packages/airflow/example_dags/example_branch_python_dop_operator_3.py
[2026-09-23 11:54:21,638] {scheduler_job.py:629} INFO - Processing file /home/airflow/.local/lib/python3.6/site-packages/airflow/example_dags/example_branch_python_dop_operator_3.py for tasks to queue
[2026-09-23 11:54:21,639] {logging_mixin.py:104} INFO - [2026-09-23 11:54:21,638] {dagbag.py:451} INFO - Filling up the DagBag from /home/airflow/.local/lib/python3.6/site-packages/airflow/example_dags/example_branch_python_dop_operator_3.py
[2026-09-23 11:54:21,656] {scheduler_job.py:639} INFO - DAG(s) dict_keys(['example_branch_dop_operator_v3']) retrieved from /home/airflow/.local/lib/python3.6/site-packages/airflow/example_dags/example_branch_python_dop_operator_3.py
[2026-09-23 11:54:21,679] {logging_mixin.py:104} INFO - [2026-09-23 11:54:21,679] {dag.py:1824} INFO - Sync 1 DAGs
[2026-09-23 11:54:21,716] {logging_mixin.py:104} INFO - [2026-09-23 11:54:21,715] {dag.py:2280} INFO - Setting next_dagrun for example_branch_dop_operator_v3 to 2026-09-21 00:00:00+00:00
[2026-09-23 11:54:21,733] {scheduler_job.py:190} INFO - Processing /home/airflow/.local/lib/python3.6/site-packages/airflow/example_dags/example_branch_python_dop_operator_3.py took 0.100 seconds
[2026-09-23 11:54:51,839] {scheduler_job.py:182} INFO - Started process (PID=1708) to work on /home/airflow/.local/lib/python3.6/site-packages/airflow/example_dags/example_branch_python_dop_operator_3.py
[2026-09-23 11:54:51,840] {scheduler_job.py:629} INFO - Processing file /home/airflow/.local/lib/python3.6/site-packages/airflow/example_dags/example_branch_python_dop_operator_3.py for tasks to queue
[2026-09-23 11:54:51,841] {logging_mixin.py:104} INFO - [2026-09-23 11:54:51,841] {dagbag.py:451} INFO - Filling up the DagBag from /home/airflow/.local/lib/python3.6/site-packages/airflow/example_dags/example_branch_python_dop_operator_3.py
[2026-09-23 11:54:51,859] {scheduler_job.py:639} INFO - DAG(s) dict_keys(['example_branch_dop_operator_v3']) retrieved from /home/airflow/.local/lib/python3.6/site-packages/airflow/example_dags/example_branch_python_dop_operator_3.py
[2026-09-23 11:54:51,883] {logging_mixin.py:104} INFO - [2026-09-23 11:54:51,883] {dag.py:1824} INFO - Sync 1 DAGs
[2026-09-23 11:54:51,928] {logging_mixin.py:104} INFO - [2026-09-23 11:54:51,927] {dag.py:2280} INFO - Setting next_dagrun for example_branch_dop_operator_v3 to 2026-09-21 00:00:00+00:00
[2026-09-23 11:54:51,949] {scheduler_job.py:190} INFO - Processing /home/airflow/.local/lib/python3.6/site-packages/airflow/example_dags/example_branch_python_dop_operator_3.py took 0.114 seconds
[2026-09-23 11:55:22,959] {scheduler_job.py:182} INFO - Started process (PID=1735) to work on /home/airflow/.local/lib/python3.6/site-packages/airflow/example_dags/example_branch_python_dop_operator_3.py
[2026-09-23 11:55:22,961] {scheduler_job.py:629} INFO - Processing file /home/airflow/.local/lib/python3.6/site-packages/airflow/example_dags/example_branch_python_dop_operator_3.py for tasks to queue
[2026-09-23 11:55:22,961] {logging_mixin.py:104} INFO - [2026-09-23 11:55:22,961] {dagbag.py:451} INFO - Filling up the DagBag from /home/airflow/.local/lib/python3.6/site-packages/airflow/example_dags/example_branch_python_dop_operator_3.py
[2026-09-23 11:55:22,984] {scheduler_job.py:639} INFO - DAG(s) dict_keys(['example_branch_dop_operator_v3']) retrieved from /home/airflow/.local/lib/python3.6/site-packages/airflow/example_dags/example_branch_python_dop_operator_3.py
[2026-09-23 11:55:23,018] {logging_mixin.py:104} INFO - [2026-09-23 11:55:23,018] {dag.py:1824} INFO - Sync 1 DAGs
[2026-09-23 11:55:23,071] {logging_mixin.py:104} INFO - [2026-09-23 11:55:23,071] {dag.py:2280} INFO - Setting next_dagrun for example_branch_dop_operator_v3 to 2026-09-21 00:00:00+00:00
[2026-09-23 11:55:23,086] {scheduler_job.py:190} INFO - Processing /home/airflow/.local/lib/python3.6/site-packages/airflow/example_dags/example_branch_python_dop_operator_3.py took 0.131 seconds
[2026-09-23 11:55:53,729] {scheduler_job.py:182} INFO - Started process (PID=1761) to work on /home/airflow/.local/lib/python3.6/site-packages/airflow/example_dags/example_branch_python_dop_operator_3.py
[2026-09-23 11:55:53,730] {scheduler_job.py:629} INFO - Processing file /home/airflow/.local/lib/python3.6/site-packages/airflow/example_dags/example_branch_python_dop_operator_3.py for tasks to queue
[2026-09-23 11:55:53,730] {logging_mixin.py:104} INFO - [2026-09-23 11:55:53,730] {dagbag.py:451} INFO - Filling up the DagBag from /home/airflow/.local/lib/python3.6/site-packages/airflow/example_dags/example_branch_python_dop_operator_3.py
[2026-09-23 11:55:53,749] {scheduler_job.py:639} INFO - DAG(s) dict_keys(['example_branch_dop_operator_v3']) retrieved from /home/airflow/.local/lib/python3.6/site-packages/airflow/example_dags/example_branch_python_dop_operator_3.py
[2026-09-23 11:55:53,774] {logging_mixin.py:104} INFO - [2026-09-23 11:55:53,773] {dag.py:1824} INFO - Sync 1 DAGs
[2026-09-23 11:55:53,821] {logging_mixin.py:104} INFO - [2026-09-23 11:55:53,821] {dag.py:2280} INFO - Setting next_dagrun for example_branch_dop_operator_v3 to 2026-09-21 00:00:00+00:00
[2026-09-23 11:55:53,835] {scheduler_job.py:190} INFO - Processing /home/airflow/.local/lib/python3.6/site-packages/airflow/example_dags/example_branch_python_dop_operator_3.py took 0.110 seconds
[2026-09-23 11:56:24,541] {scheduler_job.py:182} INFO - Started process (PID=1787) to work on /home/airflow/.local/lib/python3.6/site-packages/airflow/example_dags/example_branch_python_dop_operator_3.py
[2026-09-23 11:56:24,543] {scheduler_job.py:629} INFO - Processing file /home/airflow/.local/lib/python3.6/site-packages/airflow/example_dags/example_branch_python_dop_operator_3.py for tasks to queue
[2026-09-23 11:56:24,544] {logging_mixin.py:104} INFO - [2026-09-23 11:56:24,544] {dagbag.py:451} INFO - Filling up the DagBag from /home/airflow/.local/lib/python3.6/site-packages/airflow/example_dags/example_branch_python_dop_operator_3.py
[2026-09-23 11:56:24,566] {scheduler_job.py:639} INFO - DAG(s) dict_keys(['example_branch_dop_operator_v3']) retrieved from /home/airflow/.local/lib/python3.6/site-packages/airflow/example_dags/example_branch_python_dop_operator_3.py
[2026-09-23 11:56:24,602] {logging_mixin.py:104} INFO - [2026-09-23 11:56:24,601] {dag.py:1824} INFO - Sync 1 DAGs
[2026-09-23 11:56:24,652] {logging_mixin.py:104} INFO - [2026-09-23 11:56:24,652] {dag.py:2280} INFO - Setting next_dagrun for example_branch_dop_operator_v3 to 2026-09-21 00:00:00+00:00
[2026-09-23 11:56:24,668] {scheduler_job.py:190} INFO - Processing /home/airflow/.local/lib/python3.6/site-packages/airflow/example_dags/example_branch_python_dop_operator_3.py took 0.132 seconds
[2026-09-23 11:56:55,279] {scheduler_job.py:182} INFO - Started process (PID=1813) to work on /home/airflow/.local/lib/python3.6/site-packages/airflow/example_dags/example_branch_python_dop_operator_3.py
[2026-09-23 11:56:55,281] {scheduler_job.py:629} INFO - Processing file /home/airflow/.local/lib/python3.6/site-packages/airflow/example_dags/example_branch_python_dop_operator_3.py for tasks to queue
[2026-09-23 11:56:55,282] {logging_mixin.py:104} INFO - [2026-09-23 11:56:55,282] {dagbag.py:451} INFO - Filling up the DagBag from /home/airflow/.local/lib/python3.6/site-packages/airflow/example_dags/example_branch_python_dop_operator_3.py
[2026-09-23 11:56:55,302] {scheduler_job.py:639} INFO - DAG(s) dict_keys(['example_branch_dop_operator_v3']) retrieved from /home/airflow/.local/lib/python3.6/site-packages/airflow/example_dags/example_branch_python_dop_operator_3.py
[2026-09-23 11:56:55,328] {logging_mixin.py:104} INFO - [2026-09-23 11:56:55,327] {dag.py:1824} INFO - Sync 1 DAGs
[2026-09-23 11:56:55,366] {logging_mixin.py:104} INFO - [2026-09-23 11:56:55,366] {dag.py:2280} INFO - Setting next_dagrun for example_branch_dop_operator_v3 to 2026-09-21 00:00:00+00:00
[2026-09-23 11:56:55,379] {scheduler_job.py:190} INFO - Processing /home/airflow/.local/lib/python3.6/site-packages/airflow/example_dags/example_branch_python_dop_operator_3.py took 0.104 seconds
[2026-09-23 11:57:25,825] {scheduler_job.py:182} INFO - Started process (PID=1839) to work on /home/airflow/.local/lib/python3.6/site-packages/airflow/example_dags/example_branch_python_dop_operator_3.py
[2026-09-23 11:57:25,826] {scheduler_job.py:629} INFO - Processing file /home/airflow/.local/lib/python3.6/site-packages/airflow/example_dags/example_branch_python_dop_operator_3.py for tasks to queue
[2026-09-23 11:57:25,827] {logging_mixin.py:104} INFO - [2026-09-23 11:57:25,827] {dagbag.py:451} INFO - Filling up the DagBag from /home/airflow/.local/lib/python3.6/site-packages/airflow/example_dags/example_branch_python_dop_operator_3.py
[2026-09-23 11:57:25,846] {scheduler_job.py:639} INFO - DAG(s) dict_keys(['example_branch_dop_operator_v3']) retrieved from /home/airflow/.local/lib/python3.6/site-packages/airflow/example_dags/example_branch_python_dop_operator_3.py
[2026-09-23 11:57:25,870] {logging_mixin.py:104} INFO - [2026-09-23 11:57:25,870] {dag.py:1824} INFO - Sync 1 DAGs
[2026-09-23 11:57:25,909] {logging_mixin.py:104} INFO - [2026-09-23 11:57:25,909] {dag.py:2280} INFO - Setting next_dagrun for example_branch_dop_operator_v3 to 2026-09-21 00:00:00+00:00
[2026-09-23 11:57:25,922] {scheduler_job.py:190} INFO - Processing /home/airflow/.local/lib/python3.6/site-packages/airflow/example_dags/example_branch_python_dop_operator_3.py took 0.101 seconds
[2026-09-23 11:57:56,613] {scheduler_job.py:182} INFO - Started process (PID=1865) to work on /home/airflow/.local/lib/python3.6/site-packages/airflow/example_dags/example_branch_python_dop_operator_3.py
[2026-09-23 11:57:56,614] {scheduler_job.py:629} INFO - Processing file /home/airflow/.local/lib/python3.6/site-packages/airflow/example_dags/example_branch_python_dop_operator_3.py for tasks to queue
[2026-09-23 11:57:56,615] {logging_mixin.py:104} INFO - [2026-09-23 11:57:56,614] {dagbag.py:451} INFO - Filling up the DagBag from /home/airflow/.local/lib/python3.6/site-packages/airflow/example_dags/example_branch_python_dop_operator_3.py
[2026-09-23 11:57:56,636] {scheduler_job.py:639} INFO - DAG(s) dict_keys(['example_branch_dop_operator_v3']) retrieved from /home/airflow/.local/lib/python3.6/site-packages/airflow/example_dags/example_branch_python_dop_operator_3.py
[2026-09-23 11:57:56,663] {logging_mixin.py:104} INFO - [2026-09-23 11:57:56,662] {dag.py:1824} INFO - Sync 1 DAGs
[2026-09-23 11:57:56,721] {logging_mixin.py:104} INFO - [2026-09-23 11:57:56,720] {dag.py:2280} INFO - Setting next_dagrun for example_branch_dop_operator_v3 to 2026-09-21 00:00:00+00:00
[2026-09-23 11:57:56,740] {scheduler_job.py:190} INFO - Processing /home/airflow/.local/lib/python3.6/site-packages/airflow/example_dags/example_branch_python_dop_operator_3.py took 0.131 seconds
[2026-09-23 11:58:26,843] {scheduler_job.py:182} INFO - Started process (PID=1891) to work on /home/airflow/.local/lib/python3.6/site-packages/airflow/example_dags/example_branch_python_dop_operator_3.py
[2026-09-23 11:58:26,845] {scheduler_job.py:629} INFO - Processing file /home/airflow/.local/lib/python3.6/site-packages/airflow/example_dags/example_branch_python_dop_operator_3.py for tasks to queue
[2026-09-23 11:58:26,846] {logging_mixin.py:104} INFO - [2026-09-23 11:58:26,846] {dagbag.py:451} INFO - Filling up the DagBag from /home/airflow/.local/lib/python3.6/site-packages/airflow/example_dags/example_branch_python_dop_operator_3.py
[2026-09-23 11:58:26,875] {scheduler_job.py:639} INFO - DAG(s) dict_keys(['example_branch_dop_operator_v3']) retrieved from /home/airflow/.local/lib/python3.6/site-packages/airflow/example_dags/example_branch_python_dop_operator_3.py
[2026-09-23 11:58:26,917] {logging_mixin.py:104} INFO - [2026-09-23 11:58:26,917] {dag.py:1824} INFO - Sync 1 DAGs
[2026-09-23 11:58:26,987] {logging_mixin.py:104} INFO - [2026-09-23 11:58:26,987] {dag.py:2280} INFO - Setting next_dagrun for example_branch_dop_operator_v3 to 2026-09-21 00:00:00+00:00
[2026-09-23 11:58:27,007] {scheduler_job.py:190} INFO - Processing /home/airflow/.local/lib/python3.6/site-packages/airflow/example_dags/example_branch_python_dop_operator_3.py took 0.169 seconds
[2026-09-23 11:58:57,055] {scheduler_job.py:182} INFO - Started process (PID=1917) to work on /home/airflow/.local/lib/python3.6/site-packages/airflow/example_dags/example_branch_python_dop_operator_3.py
[2026-09-23 11:58:57,056] {scheduler_job.py:629} INFO - Processing file /home/airflow/.local/lib/python3.6/site-packages/airflow/example_dags/example_branch_python_dop_operator_3.py for tasks to queue
[2026-09-23 11:58:57,057] {logging_mixin.py:104} INFO - [2026-09-23 11:58:57,057] {dagbag.py:451} INFO - Filling up the DagBag from /home/airflow/.local/lib/python3.6/site-packages/airflow/example_dags/example_branch_python_dop_operator_3.py
[2026-09-23 11:58:57,079] {scheduler_job.py:639} INFO - DAG(s) dict_keys(['example_branch_dop_operator_v3']) retrieved from /home/airflow/.local/lib/python3.6/site-packages/airflow/example_dags/example_branch_python_dop_operator_3.py
[2026-09-23 11:58:57,106] {logging_mixin.py:104} INFO - [2026-09-23 11:58:57,106] {dag.py:1824} INFO - Sync 1 DAGs
[2026-09-23 11:58:57,161] {logging_mixin.py:104} INFO - [2026-09-23 11:58:57,160] {dag.py:2280} INFO - Setting next_dagrun for example_branch_dop_operator_v3 to 2026-09-21 00:00:00+00:00
[2026-09-23 11:58:57,180] {scheduler_job.py:190} INFO - Processing /home/airflow/.local/lib/python3.6/site-packages/airflow/example_dags/example_branch_python_dop_operator_3.py took 0.129 seconds
[2026-09-23 11:59:27,267] {scheduler_job.py:182} INFO - Started process (PID=1943) to work on /home/airflow/.local/lib/python3.6/site-packages/airflow/example_dags/example_branch_python_dop_operator_3.py
[2026-09-23 11:59:27,270] {scheduler_job.py:629} INFO - Processing file /home/airflow/.local/lib/python3.6/site-packages/airflow/example_dags/example_branch_python_dop_operator_3.py for tasks to queue
[2026-09-23 11:59:27,271] {logging_mixin.py:104} INFO - [2026-09-23 11:59:27,271] {dagbag.py:451} INFO - Filling up the DagBag from /home/airflow/.local/lib/python3.6/site-packages/airflow/example_dags/example_branch_python_dop_operator_3.py
[2026-09-23 11:59:27,298] {scheduler_job.py:639} INFO - DAG(s) dict_keys(['example_branch_dop_operator_v3']) retrieved from /home/airflow/.local/lib/python3.6/site-packages/airflow/example_dags/example_branch_python_dop_operator_3.py
[2026-09-23 11:59:27,323] {logging_mixin.py:104} INFO - [2026-09-23 11:59:27,323] {dag.py:1824} INFO - Sync 1 DAGs
[2026-09-23 11:59:27,376] {logging_mixin.py:104} INFO - [2026-09-23 11:59:27,376] {dag.py:2280} INFO - Setting next_dagrun for example_branch_dop_operator_v3 to 2026-09-21 00:00:00+00:00
[2026-09-23 11:59:27,391] {scheduler_job.py:190} INFO - Processing /home/airflow/.local/lib/python3.6/site-packages/airflow/example_dags/example_branch_python_dop_operator_3.py took 0.129 seconds
[2026-09-23 11:59:57,984] {scheduler_job.py:182} INFO - Started process (PID=1968) to work on /home/airflow/.local/lib/python3.6/site-packages/airflow/example_dags/example_branch_python_dop_operator_3.py
[2026-09-23 11:59:57,986] {scheduler_job.py:629} INFO - Processing file /home/airflow/.local/lib/python3.6/site-packages/airflow/example_dags/example_branch_python_dop_operator_3.py for tasks to queue
[2026-09-23 11:59:57,986] {logging_mixin.py:104} INFO - [2026-09-23 11:59:57,986] {dagbag.py:451} INFO - Filling up the DagBag from /home/airflow/.local/lib/python3.6/site-packages/airflow/example_dags/example_branch_python_dop_operator_3.py
[2026-09-23 11:59:58,004] {scheduler_job.py:639} INFO - DAG(s) dict_keys(['example_branch_dop_operator_v3']) retrieved from /home/airflow/.local/lib/python3.6/site-packages/airflow/example_dags/example_branch_python_dop_operator_3.py
[2026-09-23 11:59:58,031] {logging_mixin.py:104} INFO - [2026-09-23 11:59:58,031] {dag.py:1824} INFO - Sync 1 DAGs
[2026-09-23 11:59:58,070] {logging_mixin.py:104} INFO - [2026-09-23 11:59:58,070] {dag.py:2280} INFO - Setting next_dagrun for example_branch_dop_operator_v3 to 2026-09-21 00:00:00+00:00
[2026-09-23 11:59:58,085] {scheduler_job.py:190} INFO - Processing /home/airflow/.local/lib/python3.6/site-packages/airflow/example_dags/example_branch_python_dop_operator_3.py took 0.105 seconds
[2026-09-23 12:00:28,596] {scheduler_job.py:182} INFO - Started process (PID=1994) to work on /home/airflow/.local/lib/python3.6/site-packages/airflow/example_dags/example_branch_python_dop_operator_3.py
[2026-09-23 12:00:28,597] {scheduler_job.py:629} INFO - Processing file /home/airflow/.local/lib/python3.6/site-packages/airflow/example_dags/example_branch_python_dop_operator_3.py for tasks to queue
[2026-09-23 12:00:28,597] {logging_mixin.py:104} INFO - [2026-09-23 12:00:28,597] {dagbag.py:451} INFO - Filling up the DagBag from /home/airflow/.local/lib/python3.6/site-packages/airflow/example_dags/example_branch_python_dop_operator_3.py
[2026-09-23 12:00:28,617] {scheduler_job.py:639} INFO - DAG(s) dict_keys(['example_branch_dop_operator_v3']) retrieved from /home/airflow/.local/lib/python3.6/site-packages/airflow/example_dags/example_branch_python_dop_operator_3.py
[2026-09-23 12:00:28,645] {logging_mixin.py:104} INFO - [2026-09-23 12:00:28,644] {dag.py:1824} INFO - Sync 1 DAGs
[2026-09-23 12:00:28,686] {logging_mixin.py:104} INFO - [2026-09-23 12:00:28,686] {dag.py:2280} INFO - Setting next_dagrun for example_branch_dop_operator_v3 to 2026-09-21 00:00:00+00:00
[2026-09-23 12:00:28,701] {scheduler_job.py:190} INFO - Processing /home/airflow/.local/lib/python3.6/site-packages/airflow/example_dags/example_branch_python_dop_operator_3.py took 0.110 seconds
[2026-09-23 12:00:59,119] {scheduler_job.py:182} INFO - Started process (PID=2020) to work on /home/airflow/.local/lib/python3.6/site-packages/airflow/example_dags/example_branch_python_dop_operator_3.py
[2026-09-23 12:00:59,120] {scheduler_job.py:629} INFO - Processing file /home/airflow/.local/lib/python3.6/site-packages/airflow/example_dags/example_branch_python_dop_operator_3.py for tasks to queue
[2026-09-23 12:00:59,121] {logging_mixin.py:104} INFO - [2026-09-23 12:00:59,121] {dagbag.py:451} INFO - Filling up the DagBag from /home/airflow/.local/lib/python3.6/site-packages/airflow/example_dags/example_branch_python_dop_operator_3.py
[2026-09-23 12:00:59,140] {scheduler_job.py:639} INFO - DAG(s) dict_keys(['example_branch_dop_operator_v3']) retrieved from /home/airflow/.local/lib/python3.6/site-packages/airflow/example_dags/example_branch_python_dop_operator_3.py
[2026-09-23 12:00:59,169] {logging_mixin.py:104} INFO - [2026-09-23 12:00:59,169] {dag.py:1824} INFO - Sync 1 DAGs
[2026-09-23 12:00:59,227] {logging_mixin.py:104} INFO - [2026-09-23 12:00:59,227] {dag.py:2280} INFO - Setting next_dagrun for example_branch_dop_operator_v3 to 2026-09-21 00:00:00+00:00
[2026-09-23 12:00:59,246] {scheduler_job.py:190} INFO - Processing /home/airflow/.local/lib/python3.6/site-packages/airflow/example_dags/example_branch_python_dop_operator_3.py took 0.131 seconds
[2026-09-23 12:01:29,768] {scheduler_job.py:182} INFO - Started process (PID=2046) to work on /home/airflow/.local/lib/python3.6/site-packages/airflow/example_dags/example_branch_python_dop_operator_3.py
[2026-09-23 12:01:29,769] {scheduler_job.py:629} INFO - Processing file /home/airflow/.local/lib/python3.6/site-packages/airflow/example_dags/example_branch_python_dop_operator_3.py for tasks to queue
[2026-09-23 12:01:29,770] {logging_mixin.py:104} INFO - [2026-09-23 12:01:29,770] {dagbag.py:451} INFO - Filling up the DagBag from /home/airflow/.local/lib/python3.6/site-packages/airflow/example_dags/example_branch_python_dop_operator_3.py
[2026-09-23 12:01:29,789] {scheduler_job.py:639} INFO - DAG(s) dict_keys(['example_branch_dop_operator_v3']) retrieved from /home/airflow/.local/lib/python3.6/site-packages/airflow/example_dags/example_branch_python_dop_operator_3.py
[2026-09-23 12:01:29,815] {logging_mixin.py:104} INFO - [2026-09-23 12:01:29,815] {dag.py:1824} INFO - Sync 1 DAGs
[2026-09-23 12:01:29,865] {logging_mixin.py:104} INFO - [2026-09-23 12:01:29,865] {dag.py:2280} INFO - Setting next_dagrun for example_branch_dop_operator_v3 to 2026-09-21 00:00:00+00:00
[2026-09-23 12:01:29,881] {scheduler_job.py:190} INFO - Processing /home/airflow/.local/lib/python3.6/site-packages/airflow/example_dags/example_branch_python_dop_operator_3.py took 0.117 seconds
[2026-09-23 12:02:00,437] {scheduler_job.py:182} INFO - Started process (PID=2072) to work on /home/airflow/.local/lib/python3.6/site-packages/airflow/example_dags/example_branch_python_dop_operator_3.py
[2026-09-23 12:02:00,438] {scheduler_job.py:629} INFO - Processing file /home/airflow/.local/lib/python3.6/site-packages/airflow/example_dags/example_branch_python_dop_operator_3.py for tasks to queue
[2026-09-23 12:02:00,439] {logging_mixin.py:104} INFO - [2026-09-23 12:02:00,439] {dagbag.py:451} INFO - Filling up the DagBag from /home/airflow/.local/lib/python3.6/site-packages/airflow/example_dags/example_branch_python_dop_operator_3.py
[2026-09-23 12:02:00,467] {scheduler_job.py:639} INFO - DAG(s) dict_keys(['example_branch_dop_operator_v3']) retrieved from /home/airflow/.local/lib/python3.6/site-packages/airflow/example_dags/example_branch_python_dop_operator_3.py
[2026-09-23 12:02:00,492] {logging_mixin.py:104} INFO - [2026-09-23 12:02:00,492] {dag.py:1824} INFO - Sync 1 DAGs
[2026-09-23 12:02:00,534] {logging_mixin.py:104} INFO - [2026-09-23 12:02:00,534] {dag.py:2280} INFO - Setting next_dagrun for example_branch_dop_operator_v3 to 2026-09-21 00:00:00+00:00
[2026-09-23 12:02:00,547] {scheduler_job.py:190} INFO - Processing /home/airflow/.local/lib/python3.6/site-packages/airflow/example_dags/example_branch_python_dop_operator_3.py took 0.114 seconds
[2026-09-23 12:02:31,273] {scheduler_job.py:182} INFO - Started process (PID=2098) to work on /home/airflow/.local/lib/python3.6/site-packages/airflow/example_dags/example_branch_python_dop_operator_3.py
[2026-09-23 12:02:31,275] {scheduler_job.py:629} INFO - Processing file /home/airflow/.local/lib/python3.6/site-packages/airflow/example_dags/example_branch_python_dop_operator_3.py for tasks to queue
[2026-09-23 12:02:31,276] {logging_mixin.py:104} INFO - [2026-09-23 12:02:31,276] {dagbag.py:451} INFO - Filling up the DagBag from /home/airflow/.local/lib/python3.6/site-packages/airflow/example_dags/example_branch_python_dop_operator_3.py
[2026-09-23 12:02:31,303] {scheduler_job.py:639} INFO - DAG(s) dict_keys(['example_branch_dop_operator_v3']) retrieved from /home/airflow/.local/lib/python3.6/site-packages/airflow/example_dags/example_branch_python_dop_operator_3.py
[2026-09-23 12:02:31,337] {logging_mixin.py:104} INFO - [2026-09-23 12:02:31,337] {dag.py:1824} INFO - Sync 1 DAGs
[2026-09-23 12:02:31,415] {logging_mixin.py:104} INFO - [2026-09-23 12:02:31,415] {dag.py:2280} INFO - Setting next_dagrun for example_branch_dop_operator_v3 to 2026-09-21 00:00:00+00:00
[2026-09-23 12:02:31,439] {scheduler_job.py:190} INFO - Processing /home/airflow/.local/lib/python3.6/site-packages/airflow/example_dags/example_branch_python_dop_operator_3.py took 0.173 seconds
[2026-09-23 12:03:02,225] {scheduler_job.py:182} INFO - Started process (PID=2124) to work on /home/airflow/.local/lib/python3.6/site-packages/airflow/example_dags/example_branch_python_dop_operator_3.py
[2026-09-23 12:03:02,227] {scheduler_job.py:629} INFO - Processing file /home/airflow/.local/lib/python3.6/site-packages/airflow/example_dags/example_branch_python_dop_operator_3.py for tasks to queue
[2026-09-23 12:03:02,228] {logging_mixin.py:104} INFO - [2026-09-23 12:03:02,228] {dagbag.py:451} INFO - Filling up the DagBag from /home/airflow/.local/lib/python3.6/site-packages/airflow/example_dags/example_branch_python_dop_operator_3.py
[2026-09-23 12:03:02,253] {scheduler_job.py:639} INFO - DAG(s) dict_keys(['example_branch_dop_operator_v3']) retrieved from /home/airflow/.local/lib/python3.6/site-packages/airflow/example_dags/example_branch_python_dop_operator_3.py
[2026-09-23 12:03:02,278] {logging_mixin.py:104} INFO - [2026-09-23 12:03:02,278] {dag.py:1824} INFO - Sync 1 DAGs
[2026-09-23 12:03:02,321] {logging_mixin.py:104} INFO - [2026-09-23 12:03:02,321] {dag.py:2280} INFO - Setting next_dagrun for example_branch_dop_operator_v3 to 2026-09-21 00:00:00+00:00
[2026-09-23 12:03:02,337] {scheduler_job.py:190} INFO - Processing /home/airflow/.local/lib/python3.6/site-packages/airflow/example_dags/example_branch_python_dop_operator_3.py took 0.117 seconds
[2026-09-23 12:03:33,159] {scheduler_job.py:182} INFO - Started process (PID=2150) to work on /home/airflow/.local/lib/python3.6/site-packages/airflow/example_dags/example_branch_python_dop_operator_3.py
[2026-09-23 12:03:33,161] {scheduler_job.py:629} INFO - Processing file /home/airflow/.local/lib/python3.6/site-packages/airflow/example_dags/example_branch_python_dop_operator_3.py for tasks to queue
[2026-09-23 12:03:33,162] {logging_mixin.py:104} INFO - [2026-09-23 12:03:33,162] {dagbag.py:451} INFO - Filling up the DagBag from /home/airflow/.local/lib/python3.6/site-packages/airflow/example_dags/example_branch_python_dop_operator_3.py
[2026-09-23 12:03:33,182] {scheduler_job.py:639} INFO - DAG(s) dict_keys(['example_branch_dop_operator_v3']) retrieved from /home/airflow/.local/lib/python3.6/site-packages/airflow/example_dags/example_branch_python_dop_operator_3.py
[2026-09-23 12:03:33,211] {logging_mixin.py:104} INFO - [2026-09-23 12:03:33,211] {dag.py:1824} INFO - Sync 1 DAGs
[2026-09-23 12:03:33,259] {logging_mixin.py:104} INFO - [2026-09-23 12:03:33,259] {dag.py:2280} INFO - Setting next_dagrun for example_branch_dop_operator_v3 to 2026-09-21 00:00:00+00:00
[2026-09-23 12:03:33,274] {scheduler_job.py:190} INFO - Processing /home/airflow/.local/lib/python3.6/site-packages/airflow/example_dags/example_branch_python_dop_operator_3.py took 0.119 seconds
[2026-09-23 12:04:03,961] {scheduler_job.py:182} INFO - Started process (PID=2176) to work on /home/airflow/.local/lib/python3.6/site-packages/airflow/example_dags/example_branch_python_dop_operator_3.py
[2026-09-23 12:04:03,963] {scheduler_job.py:629} INFO - Processing file /home/airflow/.local/lib/python3.6/site-packages/airflow/example_dags/example_branch_python_dop_operator_3.py for tasks to queue
[2026-09-23 12:04:03,964] {logging_mixin.py:104} INFO - [2026-09-23 12:04:03,963] {dagbag.py:451} INFO - Filling up the DagBag from /home/airflow/.local/lib/python3.6/site-packages/airflow/example_dags/example_branch_python_dop_operator_3.py
[2026-09-23 12:04:03,984] {scheduler_job.py:639} INFO - DAG(s) dict_keys(['example_branch_dop_operator_v3']) retrieved from /home/airflow/.local/lib/python3.6/site-packages/airflow/example_dags/example_branch_python_dop_operator_3.py
[2026-09-23 12:04:04,009] {logging_mixin.py:104} INFO - [2026-09-23 12:04:04,008] {dag.py:1824} INFO - Sync 1 DAGs
[2026-09-23 12:04:04,046] {logging_mixin.py:104} INFO - [2026-09-23 12:04:04,046] {dag.py:2280} INFO - Setting next_dagrun for example_branch_dop_operator_v3 to 2026-09-21 00:00:00+00:00
[2026-09-23 12:04:04,060] {scheduler_job.py:190} INFO - Processing /home/airflow/.local/lib/python3.6/site-packages/airflow/example_dags/example_branch_python_dop_operator_3.py took 0.102 seconds
[2026-09-23 12:04:34,186] {scheduler_job.py:182} INFO - Started process (PID=2197) to work on /home/airflow/.local/lib/python3.6/site-packages/airflow/example_dags/example_branch_python_dop_operator_3.py
[2026-09-23 12:04:34,189] {scheduler_job.py:629} INFO - Processing file /home/airflow/.local/lib/python3.6/site-packages/airflow/example_dags/example_branch_python_dop_operator_3.py for tasks to queue
[2026-09-23 12:04:34,190] {logging_mixin.py:104} INFO - [2026-09-23 12:04:34,190] {dagbag.py:451} INFO - Filling up the DagBag from /home/airflow/.local/lib/python3.6/site-packages/airflow/example_dags/example_branch_python_dop_operator_3.py
[2026-09-23 12:04:34,222] {scheduler_job.py:639} INFO - DAG(s) dict_keys(['example_branch_dop_operator_v3']) retrieved from /home/airflow/.local/lib/python3.6/site-packages/airflow/example_dags/example_branch_python_dop_operator_3.py
[2026-09-23 12:04:34,264] {logging_mixin.py:104} INFO - [2026-09-23 12:04:34,263] {dag.py:1824} INFO - Sync 1 DAGs
[2026-09-23 12:04:34,330] {logging_mixin.py:104} INFO - [2026-09-23 12:04:34,330] {dag.py:2280} INFO - Setting next_dagrun for example_branch_dop_operator_v3 to 2026-09-21 00:00:00+00:00
[2026-09-23 12:04:34,352] {scheduler_job.py:190} INFO - Processing /home/airflow/.local/lib/python3.6/site-packages/airflow/example_dags/example_branch_python_dop_operator_3.py took 0.173 seconds
[2026-09-23 12:05:04,422] {scheduler_job.py:182} INFO - Started process (PID=2223) to work on /home/airflow/.local/lib/python3.6/site-packages/airflow/example_dags/example_branch_python_dop_operator_3.py
[2026-09-23 12:05:04,424] {scheduler_job.py:629} INFO - Processing file /home/airflow/.local/lib/python3.6/site-packages/airflow/example_dags/example_branch_python_dop_operator_3.py for tasks to queue
[2026-09-23 12:05:04,425] {logging_mixin.py:104} INFO - [2026-09-23 12:05:04,425] {dagbag.py:451} INFO - Filling up the DagBag from /home/airflow/.local/lib/python3.6/site-packages/airflow/example_dags/example_branch_python_dop_operator_3.py
[2026-09-23 12:05:04,455] {scheduler_job.py:639} INFO - DAG(s) dict_keys(['example_branch_dop_operator_v3']) retrieved from /home/airflow/.local/lib/python3.6/site-packages/airflow/example_dags/example_branch_python_dop_operator_3.py
[2026-09-23 12:05:04,493] {logging_mixin.py:104} INFO - [2026-09-23 12:05:04,493] {dag.py:1824} INFO - Sync 1 DAGs
[2026-09-23 12:05:04,581] {logging_mixin.py:104} INFO - [2026-09-23 12:05:04,580] {dag.py:2280} INFO - Setting next_dagrun for example_branch_dop_operator_v3 to 2026-09-21 00:00:00+00:00
[2026-09-23 12:05:04,616] {scheduler_job.py:190} INFO - Processing /home/airflow/.local/lib/python3.6/site-packages/airflow/example_dags/example_branch_python_dop_operator_3.py took 0.204 seconds
[2026-09-23 12:05:36,290] {scheduler_job.py:182} INFO - Started process (PID=2254) to work on /home/airflow/.local/lib/python3.6/site-packages/airflow/example_dags/example_branch_python_dop_operator_3.py
[2026-09-23 12:05:36,292] {scheduler_job.py:629} INFO - Processing file /home/airflow/.local/lib/python3.6/site-packages/airflow/example_dags/example_branch_python_dop_operator_3.py for tasks to queue
[2026-09-23 12:05:36,294] {logging_mixin.py:104} INFO - [2026-09-23 12:05:36,293] {dagbag.py:451} INFO - Filling up the DagBag from /home/airflow/.local/lib/python3.6/site-packages/airflow/example_dags/example_branch_python_dop_operator_3.py
[2026-09-23 12:05:36,329] {scheduler_job.py:639} INFO - DAG(s) dict_keys(['example_branch_dop_operator_v3']) retrieved from /home/airflow/.local/lib/python3.6/site-packages/airflow/example_dags/example_branch_python_dop_operator_3.py
[2026-09-23 12:05:36,371] {logging_mixin.py:104} INFO - [2026-09-23 12:05:36,371] {dag.py:1824} INFO - Sync 1 DAGs
[2026-09-23 12:05:36,444] {logging_mixin.py:104} INFO - [2026-09-23 12:05:36,443] {dag.py:2280} INFO - Setting next_dagrun for example_branch_dop_operator_v3 to 2026-09-21 00:00:00+00:00
[2026-09-23 12:05:36,471] {scheduler_job.py:190} INFO - Processing /home/airflow/.local/lib/python3.6/site-packages/airflow/example_dags/example_branch_python_dop_operator_3.py took 0.190 seconds
[2026-09-23 12:06:07,166] {scheduler_job.py:182} INFO - Started process (PID=2280) to work on /home/airflow/.local/lib/python3.6/site-packages/airflow/example_dags/example_branch_python_dop_operator_3.py
[2026-09-23 12:06:07,167] {scheduler_job.py:629} INFO - Processing file /home/airflow/.local/lib/python3.6/site-packages/airflow/example_dags/example_branch_python_dop_operator_3.py for tasks to queue
[2026-09-23 12:06:07,169] {logging_mixin.py:104} INFO - [2026-09-23 12:06:07,168] {dagbag.py:451} INFO - Filling up the DagBag from /home/airflow/.local/lib/python3.6/site-packages/airflow/example_dags/example_branch_python_dop_operator_3.py
[2026-09-23 12:06:07,211] {scheduler_job.py:639} INFO - DAG(s) dict_keys(['example_branch_dop_operator_v3']) retrieved from /home/airflow/.local/lib/python3.6/site-packages/airflow/example_dags/example_branch_python_dop_operator_3.py
[2026-09-23 12:06:07,283] {logging_mixin.py:104} INFO - [2026-09-23 12:06:07,283] {dag.py:1824} INFO - Sync 1 DAGs
[2026-09-23 12:06:07,413] {logging_mixin.py:104} INFO - [2026-09-23 12:06:07,413] {dag.py:2280} INFO - Setting next_dagrun for example_branch_dop_operator_v3 to 2026-09-21 00:00:00+00:00
[2026-09-23 12:06:07,442] {scheduler_job.py:190} INFO - Processing /home/airflow/.local/lib/python3.6/site-packages/airflow/example_dags/example_branch_python_dop_operator_3.py took 0.286 seconds
[2026-09-23 12:06:37,792] {scheduler_job.py:182} INFO - Started process (PID=2304) to work on /home/airflow/.local/lib/python3.6/site-packages/airflow/example_dags/example_branch_python_dop_operator_3.py
[2026-09-23 12:06:37,794] {scheduler_job.py:629} INFO - Processing file /home/airflow/.local/lib/python3.6/site-packages/airflow/example_dags/example_branch_python_dop_operator_3.py for tasks to queue
[2026-09-23 12:06:37,795] {logging_mixin.py:104} INFO - [2026-09-23 12:06:37,795] {dagbag.py:451} INFO - Filling up the DagBag from /home/airflow/.local/lib/python3.6/site-packages/airflow/example_dags/example_branch_python_dop_operator_3.py
[2026-09-23 12:06:37,844] {scheduler_job.py:639} INFO - DAG(s) dict_keys(['example_branch_dop_operator_v3']) retrieved from /home/airflow/.local/lib/python3.6/site-packages/airflow/example_dags/example_branch_python_dop_operator_3.py
[2026-09-23 12:06:37,897] {logging_mixin.py:104} INFO - [2026-09-23 12:06:37,896] {dag.py:1824} INFO - Sync 1 DAGs
[2026-09-23 12:06:37,965] {logging_mixin.py:104} INFO - [2026-09-23 12:06:37,965] {dag.py:2280} INFO - Setting next_dagrun for example_branch_dop_operator_v3 to 2026-09-21 00:00:00+00:00
[2026-09-23 12:06:38,003] {scheduler_job.py:190} INFO - Processing /home/airflow/.local/lib/python3.6/site-packages/airflow/example_dags/example_branch_python_dop_operator_3.py took 0.216 seconds
[2026-09-23 12:07:08,830] {scheduler_job.py:182} INFO - Started process (PID=2332) to work on /home/airflow/.local/lib/python3.6/site-packages/airflow/example_dags/example_branch_python_dop_operator_3.py
[2026-09-23 12:07:08,832] {scheduler_job.py:629} INFO - Processing file /home/airflow/.local/lib/python3.6/site-packages/airflow/example_dags/example_branch_python_dop_operator_3.py for tasks to queue
[2026-09-23 12:07:08,833] {logging_mixin.py:104} INFO - [2026-09-23 12:07:08,833] {dagbag.py:451} INFO - Filling up the DagBag from /home/airflow/.local/lib/python3.6/site-packages/airflow/example_dags/example_branch_python_dop_operator_3.py
[2026-09-23 12:07:08,855] {scheduler_job.py:639} INFO - DAG(s) dict_keys(['example_branch_dop_operator_v3']) retrieved from /home/airflow/.local/lib/python3.6/site-packages/airflow/example_dags/example_branch_python_dop_operator_3.py
[2026-09-23 12:07:08,886] {logging_mixin.py:104} INFO - [2026-09-23 12:07:08,886] {dag.py:1824} INFO - Sync 1 DAGs
[2026-09-23 12:07:08,939] {logging_mixin.py:104} INFO - [2026-09-23 12:07:08,939] {dag.py:2280} INFO - Setting next_dagrun for example_branch_dop_operator_v3 to 2026-09-21 00:00:00+00:00
[2026-09-23 12:07:08,961] {scheduler_job.py:190} INFO - Processing /home/airflow/.local/lib/python3.6/site-packages/airflow/example_dags/example_branch_python_dop_operator_3.py took 0.136 seconds
[2026-09-23 12:07:39,574] {scheduler_job.py:182} INFO - Started process (PID=2358) to work on /home/airflow/.local/lib/python3.6/site-packages/airflow/example_dags/example_branch_python_dop_operator_3.py
[2026-09-23 12:07:39,575] {scheduler_job.py:629} INFO - Processing file /home/airflow/.local/lib/python3.6/site-packages/airflow/example_dags/example_branch_python_dop_operator_3.py for tasks to queue
[2026-09-23 12:07:39,576] {logging_mixin.py:104} INFO - [2026-09-23 12:07:39,576] {dagbag.py:451} INFO - Filling up the DagBag from /home/airflow/.local/lib/python3.6/site-packages/airflow/example_dags/example_branch_python_dop_operator_3.py
[2026-09-23 12:07:39,599] {scheduler_job.py:639} INFO - DAG(s) dict_keys(['example_branch_dop_operator_v3']) retrieved from /home/airflow/.local/lib/python3.6/site-packages/airflow/example_dags/example_branch_python_dop_operator_3.py
[2026-09-23 12:07:39,637] {logging_mixin.py:104} INFO - [2026-09-23 12:07:39,637] {dag.py:1824} INFO - Sync 1 DAGs
[2026-09-23 12:07:39,696] {logging_mixin.py:104} INFO - [2026-09-23 12:07:39,696] {dag.py:2280} INFO - Setting next_dagrun for example_branch_dop_operator_v3 to 2026-09-21 00:00:00+00:00
[2026-09-23 12:07:39,714] {scheduler_job.py:190} INFO - Processing /home/airflow/.local/lib/python3.6/site-packages/airflow/example_dags/example_branch_python_dop_operator_3.py took 0.145 seconds
[2026-09-23 12:08:10,260] {scheduler_job.py:182} INFO - Started process (PID=2384) to work on /home/airflow/.local/lib/python3.6/site-packages/airflow/example_dags/example_branch_python_dop_operator_3.py
[2026-09-23 12:08:10,261] {scheduler_job.py:629} INFO - Processing file /home/airflow/.local/lib/python3.6/site-packages/airflow/example_dags/example_branch_python_dop_operator_3.py for tasks to queue
[2026-09-23 12:08:10,262] {logging_mixin.py:104} INFO - [2026-09-23 12:08:10,262] {dagbag.py:451} INFO - Filling up the DagBag from /home/airflow/.local/lib/python3.6/site-packages/airflow/example_dags/example_branch_python_dop_operator_3.py
[2026-09-23 12:08:10,283] {scheduler_job.py:639} INFO - DAG(s) dict_keys(['example_branch_dop_operator_v3']) retrieved from /home/airflow/.local/lib/python3.6/site-packages/airflow/example_dags/example_branch_python_dop_operator_3.py
[2026-09-23 12:08:10,309] {logging_mixin.py:104} INFO - [2026-09-23 12:08:10,309] {dag.py:1824} INFO - Sync 1 DAGs
[2026-09-23 12:08:10,351] {logging_mixin.py:104} INFO - [2026-09-23 12:08:10,351] {dag.py:2280} INFO - Setting next_dagrun for example_branch_dop_operator_v3 to 2026-09-21 00:00:00+00:00
[2026-09-23 12:08:10,364] {scheduler_job.py:190} INFO - Processing /home/airflow/.local/lib/python3.6/site-packages/airflow/example_dags/example_branch_python_dop_operator_3.py took 0.108 seconds
[2026-09-23 12:08:40,920] {scheduler_job.py:182} INFO - Started process (PID=2410) to work on /home/airflow/.local/lib/python3.6/site-packages/airflow/example_dags/example_branch_python_dop_operator_3.py
[2026-09-23 12:08:40,921] {scheduler_job.py:629} INFO - Processing file /home/airflow/.local/lib/python3.6/site-packages/airflow/example_dags/example_branch_python_dop_operator_3.py for tasks to queue
[2026-09-23 12:08:40,923] {logging_mixin.py:104} INFO - [2026-09-23 12:08:40,923] {dagbag.py:451} INFO - Filling up the DagBag from /home/airflow/.local/lib/python3.6/site-packages/airflow/example_dags/example_branch_python_dop_operator_3.py
[2026-09-23 12:08:40,955] {scheduler_job.py:639} INFO - DAG(s) dict_keys(['example_branch_dop_operator_v3']) retrieved from /home/airflow/.local/lib/python3.6/site-packages/airflow/example_dags/example_branch_python_dop_operator_3.py
[2026-09-23 12:08:40,986] {logging_mixin.py:104} INFO - [2026-09-23 12:08:40,986] {dag.py:1824} INFO - Sync 1 DAGs
[2026-09-23 12:08:41,034] {logging_mixin.py:104} INFO - [2026-09-23 12:08:41,034] {dag.py:2280} INFO - Setting next_dagrun for example_branch_dop_operator_v3 to 2026-09-21 00:00:00+00:00
[2026-09-23 12:08:41,051] {scheduler_job.py:190} INFO - Processing /home/airflow/.local/lib/python3.6/site-packages/airflow/example_dags/example_branch_python_dop_operator_3.py took 0.137 seconds
[2026-09-23 12:09:11,745] {scheduler_job.py:182} INFO - Started process (PID=2436) to work on /home/airflow/.local/lib/python3.6/site-packages/airflow/example_dags/example_branch_python_dop_operator_3.py
[2026-09-23 12:09:11,747] {scheduler_job.py:629} INFO - Processing file /home/airflow/.local/lib/python3.6/site-packages/airflow/example_dags/example_branch_python_dop_operator_3.py for tasks to queue
[2026-09-23 12:09:11,748] {logging_mixin.py:104} INFO - [2026-09-23 12:09:11,747] {dagbag.py:451} INFO - Filling up the DagBag from /home/airflow/.local/lib/python3.6/site-packages/airflow/example_dags/example_branch_python_dop_operator_3.py
[2026-09-23 12:09:11,768] {scheduler_job.py:639} INFO - DAG(s) dict_keys(['example_branch_dop_operator_v3']) retrieved from /home/airflow/.local/lib/python3.6/site-packages/airflow/example_dags/example_branch_python_dop_operator_3.py
[2026-09-23 12:09:11,797] {logging_mixin.py:104} INFO - [2026-09-23 12:09:11,796] {dag.py:1824} INFO - Sync 1 DAGs
[2026-09-23 12:09:11,837] {logging_mixin.py:104} INFO - [2026-09-23 12:09:11,837] {dag.py:2280} INFO - Setting next_dagrun for example_branch_dop_operator_v3 to 2026-09-21 00:00:00+00:00
[2026-09-23 12:09:11,851] {scheduler_job.py:190} INFO - Processing /home/airflow/.local/lib/python3.6/site-packages/airflow/example_dags/example_branch_python_dop_operator_3.py took 0.110 seconds
[2026-09-23 12:09:41,907] {scheduler_job.py:182} INFO - Started process (PID=2461) to work on /home/airflow/.local/lib/python3.6/site-packages/airflow/example_dags/example_branch_python_dop_operator_3.py
[2026-09-23 12:09:41,910] {scheduler_job.py:629} INFO - Processing file /home/airflow/.local/lib/python3.6/site-packages/airflow/example_dags/example_branch_python_dop_operator_3.py for tasks to queue
[2026-09-23 12:09:41,912] {logging_mixin.py:104} INFO - [2026-09-23 12:09:41,911] {dagbag.py:451} INFO - Filling up the DagBag from /home/airflow/.local/lib/python3.6/site-packages/airflow/example_dags/example_branch_python_dop_operator_3.py
[2026-09-23 12:09:41,940] {scheduler_job.py:639} INFO - DAG(s) dict_keys(['example_branch_dop_operator_v3']) retrieved from /home/airflow/.local/lib/python3.6/site-packages/airflow/example_dags/example_branch_python_dop_operator_3.py
[2026-09-23 12:09:41,982] {logging_mixin.py:104} INFO - [2026-09-23 12:09:41,982] {dag.py:1824} INFO - Sync 1 DAGs
[2026-09-23 12:09:42,051] {logging_mixin.py:104} INFO - [2026-09-23 12:09:42,051] {dag.py:2280} INFO - Setting next_dagrun for example_branch_dop_operator_v3 to 2026-09-21 00:00:00+00:00
[2026-09-23 12:09:42,077] {scheduler_job.py:190} INFO - Processing /home/airflow/.local/lib/python3.6/site-packages/airflow/example_dags/example_branch_python_dop_operator_3.py took 0.176 seconds
[2026-09-23 12:10:12,477] {scheduler_job.py:182} INFO - Started process (PID=2487) to work on /home/airflow/.local/lib/python3.6/site-packages/airflow/example_dags/example_branch_python_dop_operator_3.py
[2026-09-23 12:10:12,479] {scheduler_job.py:629} INFO - Processing file /home/airflow/.local/lib/python3.6/site-packages/airflow/example_dags/example_branch_python_dop_operator_3.py for tasks to queue
[2026-09-23 12:10:12,480] {logging_mixin.py:104} INFO - [2026-09-23 12:10:12,480] {dagbag.py:451} INFO - Filling up the DagBag from /home/airflow/.local/lib/python3.6/site-packages/airflow/example_dags/example_branch_python_dop_operator_3.py
[2026-09-23 12:10:12,508] {scheduler_job.py:639} INFO - DAG(s) dict_keys(['example_branch_dop_operator_v3']) retrieved from /home/airflow/.local/lib/python3.6/site-packages/airflow/example_dags/example_branch_python_dop_operator_3.py
[2026-09-23 12:10:12,539] {logging_mixin.py:104} INFO - [2026-09-23 12:10:12,539] {dag.py:1824} INFO - Sync 1 DAGs
[2026-09-23 12:10:12,580] {logging_mixin.py:104} INFO - [2026-09-23 12:10:12,580] {dag.py:2280} INFO - Setting next_dagrun for example_branch_dop_operator_v3 to 2026-09-21 00:00:00+00:00
[2026-09-23 12:10:12,594] {scheduler_job.py:190} INFO - Processing /home/airflow/.local/lib/python3.6/site-packages/airflow/example_dags/example_branch_python_dop_operator_3.py took 0.121 seconds
[2026-09-23 12:10:42,636] {scheduler_job.py:182} INFO - Started process (PID=2513) to work on /home/airflow/.local/lib/python3.6/site-packages/airflow/example_dags/example_branch_python_dop_operator_3.py
[2026-09-23 12:10:42,637] {scheduler_job.py:629} INFO - Processing file /home/airflow/.local/lib/python3.6/site-packages/airflow/example_dags/example_branch_python_dop_operator_3.py for tasks to queue
[2026-09-23 12:10:42,638] {logging_mixin.py:104} INFO - [2026-09-23 12:10:42,638] {dagbag.py:451} INFO - Filling up the DagBag from /home/airflow/.local/lib/python3.6/site-packages/airflow/example_dags/example_branch_python_dop_operator_3.py
[2026-09-23 12:10:42,656] {scheduler_job.py:639} INFO - DAG(s) dict_keys(['example_branch_dop_operator_v3']) retrieved from /home/airflow/.local/lib/python3.6/site-packages/airflow/example_dags/example_branch_python_dop_operator_3.py
[2026-09-23 12:10:42,683] {logging_mixin.py:104} INFO - [2026-09-23 12:10:42,683] {dag.py:1824} INFO - Sync 1 DAGs
[2026-09-23 12:10:42,725] {logging_mixin.py:104} INFO - [2026-09-23 12:10:42,725] {dag.py:2280} INFO - Setting next_dagrun for example_branch_dop_operator_v3 to 2026-09-21 00:00:00+00:00
[2026-09-23 12:10:42,739] {scheduler_job.py:190} INFO - Processing /home/airflow/.local/lib/python3.6/site-packages/airflow/example_dags/example_branch_python_dop_operator_3.py took 0.107 seconds
[2026-09-23 12:11:13,629] {scheduler_job.py:182} INFO - Started process (PID=2540) to work on /home/airflow/.local/lib/python3.6/site-packages/airflow/example_dags/example_branch_python_dop_operator_3.py
[2026-09-23 12:11:13,631] {scheduler_job.py:629} INFO - Processing file /home/airflow/.local/lib/python3.6/site-packages/airflow/example_dags/example_branch_python_dop_operator_3.py for tasks to queue
[2026-09-23 12:11:13,633] {logging_mixin.py:104} INFO - [2026-09-23 12:11:13,632] {dagbag.py:451} INFO - Filling up the DagBag from /home/airflow/.local/lib/python3.6/site-packages/airflow/example_dags/example_branch_python_dop_operator_3.py
[2026-09-23 12:11:13,667] {scheduler_job.py:639} INFO - DAG(s) dict_keys(['example_branch_dop_operator_v3']) retrieved from /home/airflow/.local/lib/python3.6/site-packages/airflow/example_dags/example_branch_python_dop_operator_3.py
[2026-09-23 12:11:13,701] {logging_mixin.py:104} INFO - [2026-09-23 12:11:13,701] {dag.py:1824} INFO - Sync 1 DAGs
[2026-09-23 12:11:13,770] {logging_mixin.py:104} INFO - [2026-09-23 12:11:13,770] {dag.py:2280} INFO - Setting next_dagrun for example_branch_dop_operator_v3 to 2026-09-21 00:00:00+00:00
[2026-09-23 12:11:13,795] {scheduler_job.py:190} INFO - Processing /home/airflow/.local/lib/python3.6/site-packages/airflow/example_dags/example_branch_python_dop_operator_3.py took 0.175 seconds
[2026-09-23 12:11:43,927] {scheduler_job.py:182} INFO - Started process (PID=2566) to work on /home/airflow/.local/lib/python3.6/site-packages/airflow/example_dags/example_branch_python_dop_operator_3.py
[2026-09-23 12:11:43,929] {scheduler_job.py:629} INFO - Processing file /home/airflow/.local/lib/python3.6/site-packages/airflow/example_dags/example_branch_python_dop_operator_3.py for tasks to queue
[2026-09-23 12:11:43,930] {logging_mixin.py:104} INFO - [2026-09-23 12:11:43,929] {dagbag.py:451} INFO - Filling up the DagBag from /home/airflow/.local/lib/python3.6/site-packages/airflow/example_dags/example_branch_python_dop_operator_3.py
[2026-09-23 12:11:43,953] {scheduler_job.py:639} INFO - DAG(s) dict_keys(['example_branch_dop_operator_v3']) retrieved from /home/airflow/.local/lib/python3.6/site-packages/airflow/example_dags/example_branch_python_dop_operator_3.py
[2026-09-23 12:11:43,984] {logging_mixin.py:104} INFO - [2026-09-23 12:11:43,984] {dag.py:1824} INFO - Sync 1 DAGs
[2026-09-23 12:11:44,029] {logging_mixin.py:104} INFO - [2026-09-23 12:11:44,029] {dag.py:2280} INFO - Setting next_dagrun for example_branch_dop_operator_v3 to 2026-09-21 00:00:00+00:00
[2026-09-23 12:11:44,045] {scheduler_job.py:190} INFO - Processing /home/airflow/.local/lib/python3.6/site-packages/airflow/example_dags/example_branch_python_dop_operator_3.py took 0.124 seconds
[2026-09-23 12:12:14,260] {scheduler_job.py:182} INFO - Started process (PID=2592) to work on /home/airflow/.local/lib/python3.6/site-packages/airflow/example_dags/example_branch_python_dop_operator_3.py
[2026-09-23 12:12:14,262] {scheduler_job.py:629} INFO - Processing file /home/airflow/.local/lib/python3.6/site-packages/airflow/example_dags/example_branch_python_dop_operator_3.py for tasks to queue
[2026-09-23 12:12:14,263] {logging_mixin.py:104} INFO - [2026-09-23 12:12:14,262] {dagbag.py:451} INFO - Filling up the DagBag from /home/airflow/.local/lib/python3.6/site-packages/airflow/example_dags/example_branch_python_dop_operator_3.py
[2026-09-23 12:12:14,296] {scheduler_job.py:639} INFO - DAG(s) dict_keys(['example_branch_dop_operator_v3']) retrieved from /home/airflow/.local/lib/python3.6/site-packages/airflow/example_dags/example_branch_python_dop_operator_3.py
[2026-09-23 12:12:14,339] {logging_mixin.py:104} INFO - [2026-09-23 12:12:14,339] {dag.py:1824} INFO - Sync 1 DAGs
[2026-09-23 12:12:14,392] {logging_mixin.py:104} INFO - [2026-09-23 12:12:14,392] {dag.py:2280} INFO - Setting next_dagrun for example_branch_dop_operator_v3 to 2026-09-21 00:00:00+00:00
[2026-09-23 12:12:14,407] {scheduler_job.py:190} INFO - Processing /home/airflow/.local/lib/python3.6/site-packages/airflow/example_dags/example_branch_python_dop_operator_3.py took 0.153 seconds
[2026-09-23 12:12:45,352] {scheduler_job.py:182} INFO - Started process (PID=2618) to work on /home/airflow/.local/lib/python3.6/site-packages/airflow/example_dags/example_branch_python_dop_operator_3.py
[2026-09-23 12:12:45,354] {scheduler_job.py:629} INFO - Processing file /home/airflow/.local/lib/python3.6/site-packages/airflow/example_dags/example_branch_python_dop_operator_3.py for tasks to queue
[2026-09-23 12:12:45,355] {logging_mixin.py:104} INFO - [2026-09-23 12:12:45,355] {dagbag.py:451} INFO - Filling up the DagBag from /home/airflow/.local/lib/python3.6/site-packages/airflow/example_dags/example_branch_python_dop_operator_3.py
[2026-09-23 12:12:45,380] {scheduler_job.py:639} INFO - DAG(s) dict_keys(['example_branch_dop_operator_v3']) retrieved from /home/airflow/.local/lib/python3.6/site-packages/airflow/example_dags/example_branch_python_dop_operator_3.py
[2026-09-23 12:12:45,417] {logging_mixin.py:104} INFO - [2026-09-23 12:12:45,417] {dag.py:1824} INFO - Sync 1 DAGs
[2026-09-23 12:12:45,484] {logging_mixin.py:104} INFO - [2026-09-23 12:12:45,483] {dag.py:2280} INFO - Setting next_dagrun for example_branch_dop_operator_v3 to 2026-09-21 00:00:00+00:00
[2026-09-23 12:12:45,508] {scheduler_job.py:190} INFO - Processing /home/airflow/.local/lib/python3.6/site-packages/airflow/example_dags/example_branch_python_dop_operator_3.py took 0.163 seconds
[2026-09-23 12:13:16,458] {scheduler_job.py:182} INFO - Started process (PID=2644) to work on /home/airflow/.local/lib/python3.6/site-packages/airflow/example_dags/example_branch_python_dop_operator_3.py
[2026-09-23 12:13:16,460] {scheduler_job.py:629} INFO - Processing file /home/airflow/.local/lib/python3.6/site-packages/airflow/example_dags/example_branch_python_dop_operator_3.py for tasks to queue
[2026-09-23 12:13:16,461] {logging_mixin.py:104} INFO - [2026-09-23 12:13:16,460] {dagbag.py:451} INFO - Filling up the DagBag from /home/airflow/.local/lib/python3.6/site-packages/airflow/example_dags/example_branch_python_dop_operator_3.py
[2026-09-23 12:13:16,479] {scheduler_job.py:639} INFO - DAG(s) dict_keys(['example_branch_dop_operator_v3']) retrieved from /home/airflow/.local/lib/python3.6/site-packages/airflow/example_dags/example_branch_python_dop_operator_3.py
[2026-09-23 12:13:16,505] {logging_mixin.py:104} INFO - [2026-09-23 12:13:16,505] {dag.py:1824} INFO - Sync 1 DAGs
[2026-09-23 12:13:16,542] {logging_mixin.py:104} INFO - [2026-09-23 12:13:16,542] {dag.py:2280} INFO - Setting next_dagrun for example_branch_dop_operator_v3 to 2026-09-21 00:00:00+00:00
[2026-09-23 12:13:16,558] {scheduler_job.py:190} INFO - Processing /home/airflow/.local/lib/python3.6/site-packages/airflow/example_dags/example_branch_python_dop_operator_3.py took 0.104 seconds
[2026-09-23 12:13:46,595] {scheduler_job.py:182} INFO - Started process (PID=2670) to work on /home/airflow/.local/lib/python3.6/site-packages/airflow/example_dags/example_branch_python_dop_operator_3.py
[2026-09-23 12:13:46,596] {scheduler_job.py:629} INFO - Processing file /home/airflow/.local/lib/python3.6/site-packages/airflow/example_dags/example_branch_python_dop_operator_3.py for tasks to queue
[2026-09-23 12:13:46,597] {logging_mixin.py:104} INFO - [2026-09-23 12:13:46,597] {dagbag.py:451} INFO - Filling up the DagBag from /home/airflow/.local/lib/python3.6/site-packages/airflow/example_dags/example_branch_python_dop_operator_3.py
[2026-09-23 12:13:46,615] {scheduler_job.py:639} INFO - DAG(s) dict_keys(['example_branch_dop_operator_v3']) retrieved from /home/airflow/.local/lib/python3.6/site-packages/airflow/example_dags/example_branch_python_dop_operator_3.py
[2026-09-23 12:13:46,639] {logging_mixin.py:104} INFO - [2026-09-23 12:13:46,639] {dag.py:1824} INFO - Sync 1 DAGs
[2026-09-23 12:13:46,679] {logging_mixin.py:104} INFO - [2026-09-23 12:13:46,679] {dag.py:2280} INFO - Setting next_dagrun for example_branch_dop_operator_v3 to 2026-09-21 00:00:00+00:00
[2026-09-23 12:13:46,692] {scheduler_job.py:190} INFO - Processing /home/airflow/.local/lib/python3.6/site-packages/airflow/example_dags/example_branch_python_dop_operator_3.py took 0.101 seconds
[2026-09-23 12:14:16,840] {scheduler_job.py:182} INFO - Started process (PID=2695) to work on /home/airflow/.local/lib/python3.6/site-packages/airflow/example_dags/example_branch_python_dop_operator_3.py
[2026-09-23 12:14:16,841] {scheduler_job.py:629} INFO - Processing file /home/airflow/.local/lib/python3.6/site-packages/airflow/example_dags/example_branch_python_dop_operator_3.py for tasks to queue
[2026-09-23 12:14:16,843] {logging_mixin.py:104} INFO - [2026-09-23 12:14:16,842] {dagbag.py:451} INFO - Filling up the DagBag from /home/airflow/.local/lib/python3.6/site-packages/airflow/example_dags/example_branch_python_dop_operator_3.py
[2026-09-23 12:14:16,863] {scheduler_job.py:639} INFO - DAG(s) dict_keys(['example_branch_dop_operator_v3']) retrieved from /home/airflow/.local/lib/python3.6/site-packages/airflow/example_dags/example_branch_python_dop_operator_3.py
[2026-09-23 12:14:16,891] {logging_mixin.py:104} INFO - [2026-09-23 12:14:16,890] {dag.py:1824} INFO - Sync 1 DAGs
[2026-09-23 12:14:16,937] {logging_mixin.py:104} INFO - [2026-09-23 12:14:16,937] {dag.py:2280} INFO - Setting next_dagrun for example_branch_dop_operator_v3 to 2026-09-21 00:00:00+00:00
[2026-09-23 12:14:16,952] {scheduler_job.py:190} INFO - Processing /home/airflow/.local/lib/python3.6/site-packages/airflow/example_dags/example_branch_python_dop_operator_3.py took 0.116 seconds
[2026-09-23 12:14:47,700] {scheduler_job.py:182} INFO - Started process (PID=2721) to work on /home/airflow/.local/lib/python3.6/site-packages/airflow/example_dags/example_branch_python_dop_operator_3.py
[2026-09-23 12:14:47,701] {scheduler_job.py:629} INFO - Processing file /home/airflow/.local/lib/python3.6/site-packages/airflow/example_dags/example_branch_python_dop_operator_3.py for tasks to queue
[2026-09-23 12:14:47,702] {logging_mixin.py:104} INFO - [2026-09-23 12:14:47,702] {dagbag.py:451} INFO - Filling up the DagBag from /home/airflow/.local/lib/python3.6/site-packages/airflow/example_dags/example_branch_python_dop_operator_3.py
[2026-09-23 12:14:47,722] {scheduler_job.py:639} INFO - DAG(s) dict_keys(['example_branch_dop_operator_v3']) retrieved from /home/airflow/.local/lib/python3.6/site-packages/airflow/example_dags/example_branch_python_dop_operator_3.py
[2026-09-23 12:14:47,748] {logging_mixin.py:104} INFO - [2026-09-23 12:14:47,747] {dag.py:1824} INFO - Sync 1 DAGs
[2026-09-23 12:14:47,795] {logging_mixin.py:104} INFO - [2026-09-23 12:14:47,795] {dag.py:2280} INFO - Setting next_dagrun for example_branch_dop_operator_v3 to 2026-09-21 00:00:00+00:00
[2026-09-23 12:14:47,809] {scheduler_job.py:190} INFO - Processing /home/airflow/.local/lib/python3.6/site-packages/airflow/example_dags/example_branch_python_dop_operator_3.py took 0.113 seconds
[2026-09-23 12:15:18,385] {scheduler_job.py:182} INFO - Started process (PID=2747) to work on /home/airflow/.local/lib/python3.6/site-packages/airflow/example_dags/example_branch_python_dop_operator_3.py
[2026-09-23 12:15:18,386] {scheduler_job.py:629} INFO - Processing file /home/airflow/.local/lib/python3.6/site-packages/airflow/example_dags/example_branch_python_dop_operator_3.py for tasks to queue
[2026-09-23 12:15:18,387] {logging_mixin.py:104} INFO - [2026-09-23 12:15:18,387] {dagbag.py:451} INFO - Filling up the DagBag from /home/airflow/.local/lib/python3.6/site-packages/airflow/example_dags/example_branch_python_dop_operator_3.py
[2026-09-23 12:15:18,410] {scheduler_job.py:639} INFO - DAG(s) dict_keys(['example_branch_dop_operator_v3']) retrieved from /home/airflow/.local/lib/python3.6/site-packages/airflow/example_dags/example_branch_python_dop_operator_3.py
[2026-09-23 12:15:18,438] {logging_mixin.py:104} INFO - [2026-09-23 12:15:18,438] {dag.py:1824} INFO - Sync 1 DAGs
[2026-09-23 12:15:18,484] {logging_mixin.py:104} INFO - [2026-09-23 12:15:18,484] {dag.py:2280} INFO - Setting next_dagrun for example_branch_dop_operator_v3 to 2026-09-21 00:00:00+00:00
[2026-09-23 12:15:18,497] {scheduler_job.py:190} INFO - Processing /home/airflow/.local/lib/python3.6/site-packages/airflow/example_dags/example_branch_python_dop_operator_3.py took 0.118 seconds
[2026-09-23 12:15:48,992] {scheduler_job.py:182} INFO - Started process (PID=2773) to work on /home/airflow/.local/lib/python3.6/site-packages/airflow/example_dags/example_branch_python_dop_operator_3.py
[2026-09-23 12:15:48,994] {scheduler_job.py:629} INFO - Processing file /home/airflow/.local/lib/python3.6/site-packages/airflow/example_dags/example_branch_python_dop_operator_3.py for tasks to queue
[2026-09-23 12:15:48,994] {logging_mixin.py:104} INFO - [2026-09-23 12:15:48,994] {dagbag.py:451} INFO - Filling up the DagBag from /home/airflow/.local/lib/python3.6/site-packages/airflow/example_dags/example_branch_python_dop_operator_3.py
[2026-09-23 12:15:49,014] {scheduler_job.py:639} INFO - DAG(s) dict_keys(['example_branch_dop_operator_v3']) retrieved from /home/airflow/.local/lib/python3.6/site-packages/airflow/example_dags/example_branch_python_dop_operator_3.py
[2026-09-23 12:15:49,044] {logging_mixin.py:104} INFO - [2026-09-23 12:15:49,043] {dag.py:1824} INFO - Sync 1 DAGs
[2026-09-23 12:15:49,086] {logging_mixin.py:104} INFO - [2026-09-23 12:15:49,085] {dag.py:2280} INFO - Setting next_dagrun for example_branch_dop_operator_v3 to 2026-09-21 00:00:00+00:00
[2026-09-23 12:15:49,098] {scheduler_job.py:190} INFO - Processing /home/airflow/.local/lib/python3.6/site-packages/airflow/example_dags/example_branch_python_dop_operator_3.py took 0.110 seconds
[2026-09-23 12:16:19,604] {scheduler_job.py:182} INFO - Started process (PID=2799) to work on /home/airflow/.local/lib/python3.6/site-packages/airflow/example_dags/example_branch_python_dop_operator_3.py
[2026-09-23 12:16:19,605] {scheduler_job.py:629} INFO - Processing file /home/airflow/.local/lib/python3.6/site-packages/airflow/example_dags/example_branch_python_dop_operator_3.py for tasks to queue
[2026-09-23 12:16:19,606] {logging_mixin.py:104} INFO - [2026-09-23 12:16:19,606] {dagbag.py:451} INFO - Filling up the DagBag from /home/airflow/.local/lib/python3.6/site-packages/airflow/example_dags/example_branch_python_dop_operator_3.py
[2026-09-23 12:16:19,627] {scheduler_job.py:639} INFO - DAG(s) dict_keys(['example_branch_dop_operator_v3']) retrieved from /home/airflow/.local/lib/python3.6/site-packages/airflow/example_dags/example_branch_python_dop_operator_3.py
[2026-09-23 12:16:19,653] {logging_mixin.py:104} INFO - [2026-09-23 12:16:19,653] {dag.py:1824} INFO - Sync 1 DAGs
[2026-09-23 12:16:19,696] {logging_mixin.py:104} INFO - [2026-09-23 12:16:19,695] {dag.py:2280} INFO - Setting next_dagrun for example_branch_dop_operator_v3 to 2026-09-21 00:00:00+00:00
[2026-09-23 12:16:19,710] {scheduler_job.py:190} INFO - Processing /home/airflow/.local/lib/python3.6/site-packages/airflow/example_dags/example_branch_python_dop_operator_3.py took 0.111 seconds
[2026-09-23 12:16:50,271] {scheduler_job.py:182} INFO - Started process (PID=2825) to work on /home/airflow/.local/lib/python3.6/site-packages/airflow/example_dags/example_branch_python_dop_operator_3.py
[2026-09-23 12:16:50,272] {scheduler_job.py:629} INFO - Processing file /home/airflow/.local/lib/python3.6/site-packages/airflow/example_dags/example_branch_python_dop_operator_3.py for tasks to queue
[2026-09-23 12:16:50,273] {logging_mixin.py:104} INFO - [2026-09-23 12:16:50,272] {dagbag.py:451} INFO - Filling up the DagBag from /home/airflow/.local/lib/python3.6/site-packages/airflow/example_dags/example_branch_python_dop_operator_3.py
[2026-09-23 12:16:50,299] {scheduler_job.py:639} INFO - DAG(s) dict_keys(['example_branch_dop_operator_v3']) retrieved from /home/airflow/.local/lib/python3.6/site-packages/airflow/example_dags/example_branch_python_dop_operator_3.py
[2026-09-23 12:16:50,331] {logging_mixin.py:104} INFO - [2026-09-23 12:16:50,331] {dag.py:1824} INFO - Sync 1 DAGs
[2026-09-23 12:16:50,381] {logging_mixin.py:104} INFO - [2026-09-23 12:16:50,381] {dag.py:2280} INFO - Setting next_dagrun for example_branch_dop_operator_v3 to 2026-09-21 00:00:00+00:00
[2026-09-23 12:16:50,399] {scheduler_job.py:190} INFO - Processing /home/airflow/.local/lib/python3.6/site-packages/airflow/example_dags/example_branch_python_dop_operator_3.py took 0.132 seconds
[2026-09-23 12:17:20,958] {scheduler_job.py:182} INFO - Started process (PID=2851) to work on /home/airflow/.local/lib/python3.6/site-packages/airflow/example_dags/example_branch_python_dop_operator_3.py
[2026-09-23 12:17:20,960] {scheduler_job.py:629} INFO - Processing file /home/airflow/.local/lib/python3.6/site-packages/airflow/example_dags/example_branch_python_dop_operator_3.py for tasks to queue
[2026-09-23 12:17:20,961] {logging_mixin.py:104} INFO - [2026-09-23 12:17:20,961] {dagbag.py:451} INFO - Filling up the DagBag from /home/airflow/.local/lib/python3.6/site-packages/airflow/example_dags/example_branch_python_dop_operator_3.py
[2026-09-23 12:17:20,993] {scheduler_job.py:639} INFO - DAG(s) dict_keys(['example_branch_dop_operator_v3']) retrieved from /home/airflow/.local/lib/python3.6/site-packages/airflow/example_dags/example_branch_python_dop_operator_3.py
[2026-09-23 12:17:21,023] {logging_mixin.py:104} INFO - [2026-09-23 12:17:21,022] {dag.py:1824} INFO - Sync 1 DAGs
[2026-09-23 12:17:21,073] {logging_mixin.py:104} INFO - [2026-09-23 12:17:21,073] {dag.py:2280} INFO - Setting next_dagrun for example_branch_dop_operator_v3 to 2026-09-21 00:00:00+00:00
[2026-09-23 12:17:21,088] {scheduler_job.py:190} INFO - Processing /home/airflow/.local/lib/python3.6/site-packages/airflow/example_dags/example_branch_python_dop_operator_3.py took 0.136 seconds
[2026-09-23 12:17:51,551] {scheduler_job.py:182} INFO - Started process (PID=2877) to work on /home/airflow/.local/lib/python3.6/site-packages/airflow/example_dags/example_branch_python_dop_operator_3.py
[2026-09-23 12:17:51,552] {scheduler_job.py:629} INFO - Processing file /home/airflow/.local/lib/python3.6/site-packages/airflow/example_dags/example_branch_python_dop_operator_3.py for tasks to queue
[2026-09-23 12:17:51,553] {logging_mixin.py:104} INFO - [2026-09-23 12:17:51,553] {dagbag.py:451} INFO - Filling up the DagBag from /home/airflow/.local/lib/python3.6/site-packages/airflow/example_dags/example_branch_python_dop_operator_3.py
[2026-09-23 12:17:51,578] {scheduler_job.py:639} INFO - DAG(s) dict_keys(['example_branch_dop_operator_v3']) retrieved from /home/airflow/.local/lib/python3.6/site-packages/airflow/example_dags/example_branch_python_dop_operator_3.py
[2026-09-23 12:17:51,605] {logging_mixin.py:104} INFO - [2026-09-23 12:17:51,605] {dag.py:1824} INFO - Sync 1 DAGs
[2026-09-23 12:17:51,653] {logging_mixin.py:104} INFO - [2026-09-23 12:17:51,653] {dag.py:2280} INFO - Setting next_dagrun for example_branch_dop_operator_v3 to 2026-09-21 00:00:00+00:00
[2026-09-23 12:17:51,667] {scheduler_job.py:190} INFO - Processing /home/airflow/.local/lib/python3.6/site-packages/airflow/example_dags/example_branch_python_dop_operator_3.py took 0.121 seconds
[2026-09-23 12:18:22,112] {scheduler_job.py:182} INFO - Started process (PID=2903) to work on /home/airflow/.local/lib/python3.6/site-packages/airflow/example_dags/example_branch_python_dop_operator_3.py
[2026-09-23 12:18:22,113] {scheduler_job.py:629} INFO - Processing file /home/airflow/.local/lib/python3.6/site-packages/airflow/example_dags/example_branch_python_dop_operator_3.py for tasks to queue
[2026-09-23 12:18:22,114] {logging_mixin.py:104} INFO - [2026-09-23 12:18:22,114] {dagbag.py:451} INFO - Filling up the DagBag from /home/airflow/.local/lib/python3.6/site-packages/airflow/example_dags/example_branch_python_dop_operator_3.py
[2026-09-23 12:18:22,139] {scheduler_job.py:639} INFO - DAG(s) dict_keys(['example_branch_dop_operator_v3']) retrieved from /home/airflow/.local/lib/python3.6/site-packages/airflow/example_dags/example_branch_python_dop_operator_3.py
[2026-09-23 12:18:22,182] {logging_mixin.py:104} INFO - [2026-09-23 12:18:22,182] {dag.py:1824} INFO - Sync 1 DAGs
[2026-09-23 12:18:22,241] {logging_mixin.py:104} INFO - [2026-09-23 12:18:22,241] {dag.py:2280} INFO - Setting next_dagrun for example_branch_dop_operator_v3 to 2026-09-21 00:00:00+00:00
[2026-09-23 12:18:22,260] {scheduler_job.py:190} INFO - Processing /home/airflow/.local/lib/python3.6/site-packages/airflow/example_dags/example_branch_python_dop_operator_3.py took 0.153 seconds
[2026-09-23 12:18:52,624] {scheduler_job.py:182} INFO - Started process (PID=2929) to work on /home/airflow/.local/lib/python3.6/site-packages/airflow/example_dags/example_branch_python_dop_operator_3.py
[2026-09-23 12:18:52,625] {scheduler_job.py:629} INFO - Processing file /home/airflow/.local/lib/python3.6/site-packages/airflow/example_dags/example_branch_python_dop_operator_3.py for tasks to queue
[2026-09-23 12:18:52,626] {logging_mixin.py:104} INFO - [2026-09-23 12:18:52,626] {dagbag.py:451} INFO - Filling up the DagBag from /home/airflow/.local/lib/python3.6/site-packages/airflow/example_dags/example_branch_python_dop_operator_3.py
[2026-09-23 12:18:52,646] {scheduler_job.py:639} INFO - DAG(s) dict_keys(['example_branch_dop_operator_v3']) retrieved from /home/airflow/.local/lib/python3.6/site-packages/airflow/example_dags/example_branch_python_dop_operator_3.py
[2026-09-23 12:18:52,669] {logging_mixin.py:104} INFO - [2026-09-23 12:18:52,669] {dag.py:1824} INFO - Sync 1 DAGs
[2026-09-23 12:18:52,714] {logging_mixin.py:104} INFO - [2026-09-23 12:18:52,714] {dag.py:2280} INFO - Setting next_dagrun for example_branch_dop_operator_v3 to 2026-09-21 00:00:00+00:00
[2026-09-23 12:18:52,731] {scheduler_job.py:190} INFO - Processing /home/airflow/.local/lib/python3.6/site-packages/airflow/example_dags/example_branch_python_dop_operator_3.py took 0.111 seconds
[2026-09-23 12:19:23,596] {scheduler_job.py:182} INFO - Started process (PID=2955) to work on /home/airflow/.local/lib/python3.6/site-packages/airflow/example_dags/example_branch_python_dop_operator_3.py
[2026-09-23 12:19:23,597] {scheduler_job.py:629} INFO - Processing file /home/airflow/.local/lib/python3.6/site-packages/airflow/example_dags/example_branch_python_dop_operator_3.py for tasks to queue
[2026-09-23 12:19:23,598] {logging_mixin.py:104} INFO - [2026-09-23 12:19:23,598] {dagbag.py:451} INFO - Filling up the DagBag from /home/airflow/.local/lib/python3.6/site-packages/airflow/example_dags/example_branch_python_dop_operator_3.py
[2026-09-23 12:19:23,618] {scheduler_job.py:639} INFO - DAG(s) dict_keys(['example_branch_dop_operator_v3']) retrieved from /home/airflow/.local/lib/python3.6/site-packages/airflow/example_dags/example_branch_python_dop_operator_3.py
[2026-09-23 12:19:23,648] {logging_mixin.py:104} INFO - [2026-09-23 12:19:23,647] {dag.py:1824} INFO - Sync 1 DAGs
[2026-09-23 12:19:23,690] {logging_mixin.py:104} INFO - [2026-09-23 12:19:23,689] {dag.py:2280} INFO - Setting next_dagrun for example_branch_dop_operator_v3 to 2026-09-21 00:00:00+00:00
[2026-09-23 12:19:23,702] {scheduler_job.py:190} INFO - Processing /home/airflow/.local/lib/python3.6/site-packages/airflow/example_dags/example_branch_python_dop_operator_3.py took 0.111 seconds
[2026-09-23 12:19:54,147] {scheduler_job.py:182} INFO - Started process (PID=2981) to work on /home/airflow/.local/lib/python3.6/site-packages/airflow/example_dags/example_branch_python_dop_operator_3.py
[2026-09-23 12:19:54,148] {scheduler_job.py:629} INFO - Processing file /home/airflow/.local/lib/python3.6/site-packages/airflow/example_dags/example_branch_python_dop_operator_3.py for tasks to queue
[2026-09-23 12:19:54,149] {logging_mixin.py:104} INFO - [2026-09-23 12:19:54,149] {dagbag.py:451} INFO - Filling up the DagBag from /home/airflow/.local/lib/python3.6/site-packages/airflow/example_dags/example_branch_python_dop_operator_3.py
[2026-09-23 12:19:54,170] {scheduler_job.py:639} INFO - DAG(s) dict_keys(['example_branch_dop_operator_v3']) retrieved from /home/airflow/.local/lib/python3.6/site-packages/airflow/example_dags/example_branch_python_dop_operator_3.py
[2026-09-23 12:19:54,210] {logging_mixin.py:104} INFO - [2026-09-23 12:19:54,210] {dag.py:1824} INFO - Sync 1 DAGs
[2026-09-23 12:19:54,288] {logging_mixin.py:104} INFO - [2026-09-23 12:19:54,288] {dag.py:2280} INFO - Setting next_dagrun for example_branch_dop_operator_v3 to 2026-09-21 00:00:00+00:00
[2026-09-23 12:19:54,311] {scheduler_job.py:190} INFO - Processing /home/airflow/.local/lib/python3.6/site-packages/airflow/example_dags/example_branch_python_dop_operator_3.py took 0.169 seconds
[2026-09-23 12:20:25,051] {scheduler_job.py:182} INFO - Started process (PID=3007) to work on /home/airflow/.local/lib/python3.6/site-packages/airflow/example_dags/example_branch_python_dop_operator_3.py
[2026-09-23 12:20:25,053] {scheduler_job.py:629} INFO - Processing file /home/airflow/.local/lib/python3.6/site-packages/airflow/example_dags/example_branch_python_dop_operator_3.py for tasks to queue
[2026-09-23 12:20:25,053] {logging_mixin.py:104} INFO - [2026-09-23 12:20:25,053] {dagbag.py:451} INFO - Filling up the DagBag from /home/airflow/.local/lib/python3.6/site-packages/airflow/example_dags/example_branch_python_dop_operator_3.py
[2026-09-23 12:20:25,074] {scheduler_job.py:639} INFO - DAG(s) dict_keys(['example_branch_dop_operator_v3']) retrieved from /home/airflow/.local/lib/python3.6/site-packages/airflow/example_dags/example_branch_python_dop_operator_3.py
[2026-09-23 12:20:25,107] {logging_mixin.py:104} INFO - [2026-09-23 12:20:25,107] {dag.py:1824} INFO - Sync 1 DAGs
[2026-09-23 12:20:25,157] {logging_mixin.py:104} INFO - [2026-09-23 12:20:25,157] {dag.py:2280} INFO - Setting next_dagrun for example_branch_dop_operator_v3 to 2026-09-21 00:00:00+00:00
[2026-09-23 12:20:25,172] {scheduler_job.py:190} INFO - Processing /home/airflow/.local/lib/python3.6/site-packages/airflow/example_dags/example_branch_python_dop_operator_3.py took 0.124 seconds
[2026-09-23 12:20:55,777] {scheduler_job.py:182} INFO - Started process (PID=3033) to work on /home/airflow/.local/lib/python3.6/site-packages/airflow/example_dags/example_branch_python_dop_operator_3.py
[2026-09-23 12:20:55,778] {scheduler_job.py:629} INFO - Processing file /home/airflow/.local/lib/python3.6/site-packages/airflow/example_dags/example_branch_python_dop_operator_3.py for tasks to queue
[2026-09-23 12:20:55,779] {logging_mixin.py:104} INFO - [2026-09-23 12:20:55,779] {dagbag.py:451} INFO - Filling up the DagBag from /home/airflow/.local/lib/python3.6/site-packages/airflow/example_dags/example_branch_python_dop_operator_3.py
[2026-09-23 12:20:55,801] {scheduler_job.py:639} INFO - DAG(s) dict_keys(['example_branch_dop_operator_v3']) retrieved from /home/airflow/.local/lib/python3.6/site-packages/airflow/example_dags/example_branch_python_dop_operator_3.py
[2026-09-23 12:20:55,827] {logging_mixin.py:104} INFO - [2026-09-23 12:20:55,827] {dag.py:1824} INFO - Sync 1 DAGs
[2026-09-23 12:20:55,873] {logging_mixin.py:104} INFO - [2026-09-23 12:20:55,873] {dag.py:2280} INFO - Setting next_dagrun for example_branch_dop_operator_v3 to 2026-09-21 00:00:00+00:00
[2026-09-23 12:20:55,886] {scheduler_job.py:190} INFO - Processing /home/airflow/.local/lib/python3.6/site-packages/airflow/example_dags/example_branch_python_dop_operator_3.py took 0.114 seconds
[2026-09-23 12:21:26,390] {scheduler_job.py:182} INFO - Started process (PID=3059) to work on /home/airflow/.local/lib/python3.6/site-packages/airflow/example_dags/example_branch_python_dop_operator_3.py
[2026-09-23 12:21:26,392] {scheduler_job.py:629} INFO - Processing file /home/airflow/.local/lib/python3.6/site-packages/airflow/example_dags/example_branch_python_dop_operator_3.py for tasks to queue
[2026-09-23 12:21:26,393] {logging_mixin.py:104} INFO - [2026-09-23 12:21:26,393] {dagbag.py:451} INFO - Filling up the DagBag from /home/airflow/.local/lib/python3.6/site-packages/airflow/example_dags/example_branch_python_dop_operator_3.py
[2026-09-23 12:21:26,416] {scheduler_job.py:639} INFO - DAG(s) dict_keys(['example_branch_dop_operator_v3']) retrieved from /home/airflow/.local/lib/python3.6/site-packages/airflow/example_dags/example_branch_python_dop_operator_3.py
[2026-09-23 12:21:26,442] {logging_mixin.py:104} INFO - [2026-09-23 12:21:26,442] {dag.py:1824} INFO - Sync 1 DAGs
[2026-09-23 12:21:26,485] {logging_mixin.py:104} INFO - [2026-09-23 12:21:26,485] {dag.py:2280} INFO - Setting next_dagrun for example_branch_dop_operator_v3 to 2026-09-21 00:00:00+00:00
[2026-09-23 12:21:26,499] {scheduler_job.py:190} INFO - Processing /home/airflow/.local/lib/python3.6/site-packages/airflow/example_dags/example_branch_python_dop_operator_3.py took 0.115 seconds
[2026-09-23 12:21:56,845] {scheduler_job.py:182} INFO - Started process (PID=3085) to work on /home/airflow/.local/lib/python3.6/site-packages/airflow/example_dags/example_branch_python_dop_operator_3.py
[2026-09-23 12:21:56,847] {scheduler_job.py:629} INFO - Processing file /home/airflow/.local/lib/python3.6/site-packages/airflow/example_dags/example_branch_python_dop_operator_3.py for tasks to queue
[2026-09-23 12:21:56,847] {logging_mixin.py:104} INFO - [2026-09-23 12:21:56,847] {dagbag.py:451} INFO - Filling up the DagBag from /home/airflow/.local/lib/python3.6/site-packages/airflow/example_dags/example_branch_python_dop_operator_3.py
[2026-09-23 12:21:56,867] {scheduler_job.py:639} INFO - DAG(s) dict_keys(['example_branch_dop_operator_v3']) retrieved from /home/airflow/.local/lib/python3.6/site-packages/airflow/example_dags/example_branch_python_dop_operator_3.py
[2026-09-23 12:21:56,891] {logging_mixin.py:104} INFO - [2026-09-23 12:21:56,891] {dag.py:1824} INFO - Sync 1 DAGs
[2026-09-23 12:21:56,933] {logging_mixin.py:104} INFO - [2026-09-23 12:21:56,933] {dag.py:2280} INFO - Setting next_dagrun for example_branch_dop_operator_v3 to 2026-09-21 00:00:00+00:00
[2026-09-23 12:21:56,947] {scheduler_job.py:190} INFO - Processing /home/airflow/.local/lib/python3.6/site-packages/airflow/example_dags/example_branch_python_dop_operator_3.py took 0.105 seconds
[2026-09-23 12:22:27,334] {scheduler_job.py:182} INFO - Started process (PID=3111) to work on /home/airflow/.local/lib/python3.6/site-packages/airflow/example_dags/example_branch_python_dop_operator_3.py
[2026-09-23 12:22:27,336] {scheduler_job.py:629} INFO - Processing file /home/airflow/.local/lib/python3.6/site-packages/airflow/example_dags/example_branch_python_dop_operator_3.py for tasks to queue
[2026-09-23 12:22:27,336] {logging_mixin.py:104} INFO - [2026-09-23 12:22:27,336] {dagbag.py:451} INFO - Filling up the DagBag from /home/airflow/.local/lib/python3.6/site-packages/airflow/example_dags/example_branch_python_dop_operator_3.py
[2026-09-23 12:22:27,356] {scheduler_job.py:639} INFO - DAG(s) dict_keys(['example_branch_dop_operator_v3']) retrieved from /home/airflow/.local/lib/python3.6/site-packages/airflow/example_dags/example_branch_python_dop_operator_3.py
[2026-09-23 12:22:27,382] {logging_mixin.py:104} INFO - [2026-09-23 12:22:27,382] {dag.py:1824} INFO - Sync 1 DAGs
[2026-09-23 12:22:27,428] {logging_mixin.py:104} INFO - [2026-09-23 12:22:27,427] {dag.py:2280} INFO - Setting next_dagrun for example_branch_dop_operator_v3 to 2026-09-21 00:00:00+00:00
[2026-09-23 12:22:27,441] {scheduler_job.py:190} INFO - Processing /home/airflow/.local/lib/python3.6/site-packages/airflow/example_dags/example_branch_python_dop_operator_3.py took 0.111 seconds
[2026-09-23 12:22:57,876] {scheduler_job.py:182} INFO - Started process (PID=3137) to work on /home/airflow/.local/lib/python3.6/site-packages/airflow/example_dags/example_branch_python_dop_operator_3.py
[2026-09-23 12:22:57,877] {scheduler_job.py:629} INFO - Processing file /home/airflow/.local/lib/python3.6/site-packages/airflow/example_dags/example_branch_python_dop_operator_3.py for tasks to queue
[2026-09-23 12:22:57,878] {logging_mixin.py:104} INFO - [2026-09-23 12:22:57,878] {dagbag.py:451} INFO - Filling up the DagBag from /home/airflow/.local/lib/python3.6/site-packages/airflow/example_dags/example_branch_python_dop_operator_3.py
[2026-09-23 12:22:57,900] {scheduler_job.py:639} INFO - DAG(s) dict_keys(['example_branch_dop_operator_v3']) retrieved from /home/airflow/.local/lib/python3.6/site-packages/airflow/example_dags/example_branch_python_dop_operator_3.py
[2026-09-23 12:22:57,930] {logging_mixin.py:104} INFO - [2026-09-23 12:22:57,930] {dag.py:1824} INFO - Sync 1 DAGs
[2026-09-23 12:22:57,975] {logging_mixin.py:104} INFO - [2026-09-23 12:22:57,974] {dag.py:2280} INFO - Setting next_dagrun for example_branch_dop_operator_v3 to 2026-09-21 00:00:00+00:00
[2026-09-23 12:22:57,990] {scheduler_job.py:190} INFO - Processing /home/airflow/.local/lib/python3.6/site-packages/airflow/example_dags/example_branch_python_dop_operator_3.py took 0.119 seconds
[2026-09-23 12:23:28,451] {scheduler_job.py:182} INFO - Started process (PID=3163) to work on /home/airflow/.local/lib/python3.6/site-packages/airflow/example_dags/example_branch_python_dop_operator_3.py
[2026-09-23 12:23:28,452] {scheduler_job.py:629} INFO - Processing file /home/airflow/.local/lib/python3.6/site-packages/airflow/example_dags/example_branch_python_dop_operator_3.py for tasks to queue
[2026-09-23 12:23:28,453] {logging_mixin.py:104} INFO - [2026-09-23 12:23:28,453] {dagbag.py:451} INFO - Filling up the DagBag from /home/airflow/.local/lib/python3.6/site-packages/airflow/example_dags/example_branch_python_dop_operator_3.py
[2026-09-23 12:23:28,473] {scheduler_job.py:639} INFO - DAG(s) dict_keys(['example_branch_dop_operator_v3']) retrieved from /home/airflow/.local/lib/python3.6/site-packages/airflow/example_dags/example_branch_python_dop_operator_3.py
[2026-09-23 12:23:28,498] {logging_mixin.py:104} INFO - [2026-09-23 12:23:28,497] {dag.py:1824} INFO - Sync 1 DAGs
[2026-09-23 12:23:28,546] {logging_mixin.py:104} INFO - [2026-09-23 12:23:28,545] {dag.py:2280} INFO - Setting next_dagrun for example_branch_dop_operator_v3 to 2026-09-21 00:00:00+00:00
[2026-09-23 12:23:28,559] {scheduler_job.py:190} INFO - Processing /home/airflow/.local/lib/python3.6/site-packages/airflow/example_dags/example_branch_python_dop_operator_3.py took 0.112 seconds
[2026-09-23 12:23:58,974] {scheduler_job.py:182} INFO - Started process (PID=3189) to work on /home/airflow/.local/lib/python3.6/site-packages/airflow/example_dags/example_branch_python_dop_operator_3.py
[2026-09-23 12:23:58,976] {scheduler_job.py:629} INFO - Processing file /home/airflow/.local/lib/python3.6/site-packages/airflow/example_dags/example_branch_python_dop_operator_3.py for tasks to queue
[2026-09-23 12:23:58,977] {logging_mixin.py:104} INFO - [2026-09-23 12:23:58,976] {dagbag.py:451} INFO - Filling up the DagBag from /home/airflow/.local/lib/python3.6/site-packages/airflow/example_dags/example_branch_python_dop_operator_3.py
[2026-09-23 12:23:58,998] {scheduler_job.py:639} INFO - DAG(s) dict_keys(['example_branch_dop_operator_v3']) retrieved from /home/airflow/.local/lib/python3.6/site-packages/airflow/example_dags/example_branch_python_dop_operator_3.py
[2026-09-23 12:23:59,025] {logging_mixin.py:104} INFO - [2026-09-23 12:23:59,025] {dag.py:1824} INFO - Sync 1 DAGs
[2026-09-23 12:23:59,066] {logging_mixin.py:104} INFO - [2026-09-23 12:23:59,066] {dag.py:2280} INFO - Setting next_dagrun for example_branch_dop_operator_v3 to 2026-09-21 00:00:00+00:00
[2026-09-23 12:23:59,079] {scheduler_job.py:190} INFO - Processing /home/airflow/.local/lib/python3.6/site-packages/airflow/example_dags/example_branch_python_dop_operator_3.py took 0.109 seconds
[2026-09-23 12:24:29,251] {scheduler_job.py:182} INFO - Started process (PID=3215) to work on /home/airflow/.local/lib/python3.6/site-packages/airflow/example_dags/example_branch_python_dop_operator_3.py
[2026-09-23 12:24:29,253] {scheduler_job.py:629} INFO - Processing file /home/airflow/.local/lib/python3.6/site-packages/airflow/example_dags/example_branch_python_dop_operator_3.py for tasks to queue
[2026-09-23 12:24:29,254] {logging_mixin.py:104} INFO - [2026-09-23 12:24:29,254] {dagbag.py:451} INFO - Filling up the DagBag from /home/airflow/.local/lib/python3.6/site-packages/airflow/example_dags/example_branch_python_dop_operator_3.py
[2026-09-23 12:24:29,272] {scheduler_job.py:639} INFO - DAG(s) dict_keys(['example_branch_dop_operator_v3']) retrieved from /home/airflow/.local/lib/python3.6/site-packages/airflow/example_dags/example_branch_python_dop_operator_3.py
[2026-09-23 12:24:29,297] {logging_mixin.py:104} INFO - [2026-09-23 12:24:29,297] {dag.py:1824} INFO - Sync 1 DAGs
[2026-09-23 12:24:29,346] {logging_mixin.py:104} INFO - [2026-09-23 12:24:29,346] {dag.py:2280} INFO - Setting next_dagrun for example_branch_dop_operator_v3 to 2026-09-21 00:00:00+00:00
[2026-09-23 12:24:29,360] {scheduler_job.py:190} INFO - Processing /home/airflow/.local/lib/python3.6/site-packages/airflow/example_dags/example_branch_python_dop_operator_3.py took 0.113 seconds
[2026-09-23 12:24:59,775] {scheduler_job.py:182} INFO - Started process (PID=3241) to work on /home/airflow/.local/lib/python3.6/site-packages/airflow/example_dags/example_branch_python_dop_operator_3.py
[2026-09-23 12:24:59,777] {scheduler_job.py:629} INFO - Processing file /home/airflow/.local/lib/python3.6/site-packages/airflow/example_dags/example_branch_python_dop_operator_3.py for tasks to queue
[2026-09-23 12:24:59,778] {logging_mixin.py:104} INFO - [2026-09-23 12:24:59,777] {dagbag.py:451} INFO - Filling up the DagBag from /home/airflow/.local/lib/python3.6/site-packages/airflow/example_dags/example_branch_python_dop_operator_3.py
[2026-09-23 12:24:59,797] {scheduler_job.py:639} INFO - DAG(s) dict_keys(['example_branch_dop_operator_v3']) retrieved from /home/airflow/.local/lib/python3.6/site-packages/airflow/example_dags/example_branch_python_dop_operator_3.py
[2026-09-23 12:24:59,828] {logging_mixin.py:104} INFO - [2026-09-23 12:24:59,828] {dag.py:1824} INFO - Sync 1 DAGs
[2026-09-23 12:24:59,869] {logging_mixin.py:104} INFO - [2026-09-23 12:24:59,869] {dag.py:2280} INFO - Setting next_dagrun for example_branch_dop_operator_v3 to 2026-09-21 00:00:00+00:00
[2026-09-23 12:24:59,882] {scheduler_job.py:190} INFO - Processing /home/airflow/.local/lib/python3.6/site-packages/airflow/example_dags/example_branch_python_dop_operator_3.py took 0.110 seconds
[2026-09-23 12:47:01,373] {scheduler_job.py:182} INFO - Started process (PID=3274) to work on /home/airflow/.local/lib/python3.6/site-packages/airflow/example_dags/example_branch_python_dop_operator_3.py
[2026-09-23 12:47:01,375] {scheduler_job.py:629} INFO - Processing file /home/airflow/.local/lib/python3.6/site-packages/airflow/example_dags/example_branch_python_dop_operator_3.py for tasks to queue
[2026-09-23 12:47:01,377] {logging_mixin.py:104} INFO - [2026-09-23 12:47:01,377] {dagbag.py:451} INFO - Filling up the DagBag from /home/airflow/.local/lib/python3.6/site-packages/airflow/example_dags/example_branch_python_dop_operator_3.py
[2026-09-23 12:47:01,424] {scheduler_job.py:639} INFO - DAG(s) dict_keys(['example_branch_dop_operator_v3']) retrieved from /home/airflow/.local/lib/python3.6/site-packages/airflow/example_dags/example_branch_python_dop_operator_3.py
[2026-09-23 12:47:01,482] {logging_mixin.py:104} INFO - [2026-09-23 12:47:01,482] {dag.py:1824} INFO - Sync 1 DAGs
[2026-09-23 12:47:01,590] {logging_mixin.py:104} INFO - [2026-09-23 12:47:01,590] {dag.py:2280} INFO - Setting next_dagrun for example_branch_dop_operator_v3 to 2026-09-21 00:00:00+00:00
[2026-09-23 12:47:01,633] {scheduler_job.py:190} INFO - Processing /home/airflow/.local/lib/python3.6/site-packages/airflow/example_dags/example_branch_python_dop_operator_3.py took 0.269 seconds
