[2026-09-23 11:22:14,998] {scheduler_job.py:182} INFO - Started process (PID=54) to work on /home/airflow/.local/lib/python3.6/site-packages/airflow/example_dags/example_dag_decorator.py
[2026-09-23 11:22:15,000] {scheduler_job.py:629} INFO - Processing file /home/airflow/.local/lib/python3.6/site-packages/airflow/example_dags/example_dag_decorator.py for tasks to queue
[2026-09-23 11:22:15,002] {logging_mixin.py:104} INFO - [2026-09-23 11:22:15,001] {dagbag.py:451} INFO - Filling up the DagBag from /home/airflow/.local/lib/python3.6/site-packages/airflow/example_dags/example_dag_decorator.py
[2026-09-23 11:22:15,038] {scheduler_job.py:639} INFO - DAG(s) dict_keys(['example_dag_decorator']) retrieved from /home/airflow/.local/lib/python3.6/site-packages/airflow/example_dags/example_dag_decorator.py
[2026-09-23 11:22:15,098] {logging_mixin.py:104} INFO - [2026-09-23 11:22:15,098] {dag.py:1824} INFO - Sync 1 DAGs
[2026-09-23 11:22:15,138] {logging_mixin.py:104} INFO - [2026-09-23 11:22:15,138] {dag.py:2280} INFO - Setting next_dagrun for example_dag_decorator to None
[2026-09-23 11:22:15,178] {scheduler_job.py:190} INFO - Processing /home/airflow/.local/lib/python3.6/site-packages/airflow/example_dags/example_dag_decorator.py took 0.189 seconds
[2026-09-23 11:22:45,685] {scheduler_job.py:182} INFO - Started process (PID=80) to work on /home/airflow/.local/lib/python3.6/site-packages/airflow/example_dags/example_dag_decorator.py
[2026-09-23 11:22:45,687] {scheduler_job.py:629} INFO - Processing file /home/airflow/.local/lib/python3.6/site-packages/airflow/example_dags/example_dag_decorator.py for tasks to queue
[2026-09-23 11:22:45,688] {logging_mixin.py:104} INFO - [2026-09-23 11:22:45,688] {dagbag.py:451} INFO - Filling up the DagBag from /home/airflow/.local/lib/python3.6/site-packages/airflow/example_dags/example_dag_decorator.py
[2026-09-23 11:22:45,718] {scheduler_job.py:639} INFO - DAG(s) dict_keys(['example_dag_decorator']) retrieved from /home/airflow/.local/lib/python3.6/site-packages/airflow/example_dags/example_dag_decorator.py
[2026-09-23 11:22:45,764] {logging_mixin.py:104} INFO - [2026-09-23 11:22:45,764] {dag.py:1824} INFO - Sync 1 DAGs
[2026-09-23 11:22:45,801] {logging_mixin.py:104} INFO - [2026-09-23 11:22:45,801] {dag.py:2280} INFO - Setting next_dagrun for example_dag_decorator to None
[2026-09-23 11:22:45,834] {scheduler_job.py:190} INFO - Processing /home/airflow/.local/lib/python3.6/site-packages/airflow/example_dags/example_dag_decorator.py took 0.156 seconds
[2026-09-23 11:23:16,717] {scheduler_job.py:182} INFO - Started process (PID=106) to work on /home/airflow/.local/lib/python3.6/site-packages/airflow/example_dags/example_dag_decorator.py
[2026-09-23 11:23:16,718] {scheduler_job.py:629} INFO - Processing file /home/airflow/.local/lib/python3.6/site-packages/airflow/example_dags/example_dag_decorator.py for tasks to queue
[2026-09-23 11:23:16,719] {logging_mixin.py:104} INFO - [2026-09-23 11:23:16,719] {dagbag.py:451} INFO - Filling up the DagBag from /home/airflow/.local/lib/python3.6/site-packages/airflow/example_dags/example_dag_decorator.py
[2026-09-23 11:23:16,745] {scheduler_job.py:639} INFO - DAG(s) dict_keys(['example_dag_decorator']) retrieved from /home/airflow/.local/lib/python3.6/site-packages/airflow/example_dags/example_dag_decorator.py
[2026-09-23 11:23:16,790] {logging_mixin.py:104} INFO - [2026-09-23 11:23:16,790] {dag.py:1824} INFO - Sync 1 DAGs
[2026-09-23 11:23:16,821] {logging_mixin.py:104} INFO - [2026-09-23 11:23:16,821] {dag.py:2280} INFO - Setting next_dagrun for example_dag_decorator to None
[2026-09-23 11:23:16,845] {scheduler_job.py:190} INFO - Processing /home/airflow/.local/lib/python3.6/site-packages/airflow/example_dags/example_dag_decorator.py took 0.135 seconds
[2026-09-23 11:23:47,468] {scheduler_job.py:182} INFO - Started process (PID=132) to work on /home/airflow/.local/lib/python3.6/site-packages/airflow/example_dags/example_dag_decorator.py
[2026-09-23 11:23:47,469] {scheduler_job.py:629} INFO - Processing file /home/airflow/.local/lib/python3.6/site-packages/airflow/example_dags/example_dag_decorator.py for tasks to queue
[2026-09-23 11:23:47,470] {logging_mixin.py:104} INFO - [2026-09-23 11:23:47,470] {dagbag.py:451} INFO - Filling up the DagBag from /home/airflow/.local/lib/python3.6/site-packages/airflow/example_dags/example_dag_decorator.py
[2026-09-23 11:23:47,498] {scheduler_job.py:639} INFO - DAG(s) dict_keys(['example_dag_decorator']) retrieved from /home/airflow/.local/lib/python3.6/site-packages/airflow/example_dags/example_dag_decorator.py
[2026-09-23 11:23:47,544] {logging_mixin.py:104} INFO - [2026-09-23 11:23:47,544] {dag.py:1824} INFO - Sync 1 DAGs
[2026-09-23 11:23:47,572] {logging_mixin.py:104} INFO - [2026-09-23 11:23:47,572] {dag.py:2280} INFO - Setting next_dagrun for example_dag_decorator to None
[2026-09-23 11:23:47,601] {scheduler_job.py:190} INFO - Processing /home/airflow/.local/lib/python3.6/site-packages/airflow/example_dags/example_dag_decorator.py took 0.138 seconds
[2026-09-23 11:24:18,178] {scheduler_job.py:182} INFO - Started process (PID=158) to work on /home/airflow/.local/lib/python3.6/site-packages/airflow/example_dags/example_dag_decorator.py
[2026-09-23 11:24:18,180] {scheduler_job.py:629} INFO - Processing file /home/airflow/.local/lib/python3.6/site-packages/airflow/example_dags/example_dag_decorator.py for tasks to queue
[2026-09-23 11:24:18,181] {logging_mixin.py:104} INFO - [2026-09-23 11:24:18,181] {dagbag.py:451} INFO - Filling up the DagBag from /home/airflow/.local/lib/python3.6/site-packages/airflow/example_dags/example_dag_decorator.py
[2026-09-23 11:24:18,202] {scheduler_job.py:639} INFO - DAG(s) dict_keys(['example_dag_decorator']) retrieved from /home/airflow/.local/lib/python3.6/site-packages/airflow/example_dags/example_dag_decorator.py
[2026-09-23 11:24:18,240] {logging_mixin.py:104} INFO - [2026-09-23 11:24:18,240] {dag.py:1824} INFO - Sync 1 DAGs
[2026-09-23 11:24:18,261] {logging_mixin.py:104} INFO - [2026-09-23 11:24:18,261] {dag.py:2280} INFO - Setting next_dagrun for example_dag_decorator to None
[2026-09-23 11:24:18,276] {scheduler_job.py:190} INFO - Processing /home/airflow/.local/lib/python3.6/site-packages/airflow/example_dags/example_dag_decorator.py took 0.103 seconds
[2026-09-23 11:24:48,795] {scheduler_job.py:182} INFO - Started process (PID=184) to work on /home/airflow/.local/lib/python3.6/site-packages/airflow/example_dags/example_dag_decorator.py
[2026-09-23 11:24:48,797] {scheduler_job.py:629} INFO - Processing file /home/airflow/.local/lib/python3.6/site-packages/airflow/example_dags/example_dag_decorator.py for tasks to queue
[2026-09-23 11:24:48,798] {logging_mixin.py:104} INFO - [2026-09-23 11:24:48,797] {dagbag.py:451} INFO - Filling up the DagBag from /home/airflow/.local/lib/python3.6/site-packages/airflow/example_dags/example_dag_decorator.py
[2026-09-23 11:24:48,817] {scheduler_job.py:639} INFO - DAG(s) dict_keys(['example_dag_decorator']) retrieved from /home/airflow/.local/lib/python3.6/site-packages/airflow/example_dags/example_dag_decorator.py
[2026-09-23 11:24:48,842] {logging_mixin.py:104} INFO - [2026-09-23 11:24:48,842] {dag.py:1824} INFO - Sync 1 DAGs
[2026-09-23 11:24:48,865] {logging_mixin.py:104} INFO - [2026-09-23 11:24:48,865] {dag.py:2280} INFO - Setting next_dagrun for example_dag_decorator to None
[2026-09-23 11:24:48,881] {scheduler_job.py:190} INFO - Processing /home/airflow/.local/lib/python3.6/site-packages/airflow/example_dags/example_dag_decorator.py took 0.091 seconds
[2026-09-23 11:25:19,277] {scheduler_job.py:182} INFO - Started process (PID=210) to work on /home/airflow/.local/lib/python3.6/site-packages/airflow/example_dags/example_dag_decorator.py
[2026-09-23 11:25:19,278] {scheduler_job.py:629} INFO - Processing file /home/airflow/.local/lib/python3.6/site-packages/airflow/example_dags/example_dag_decorator.py for tasks to queue
[2026-09-23 11:25:19,279] {logging_mixin.py:104} INFO - [2026-09-23 11:25:19,279] {dagbag.py:451} INFO - Filling up the DagBag from /home/airflow/.local/lib/python3.6/site-packages/airflow/example_dags/example_dag_decorator.py
[2026-09-23 11:25:19,301] {scheduler_job.py:639} INFO - DAG(s) dict_keys(['example_dag_decorator']) retrieved from /home/airflow/.local/lib/python3.6/site-packages/airflow/example_dags/example_dag_decorator.py
[2026-09-23 11:25:19,328] {logging_mixin.py:104} INFO - [2026-09-23 11:25:19,328] {dag.py:1824} INFO - Sync 1 DAGs
[2026-09-23 11:25:19,347] {logging_mixin.py:104} INFO - [2026-09-23 11:25:19,346] {dag.py:2280} INFO - Setting next_dagrun for example_dag_decorator to None
[2026-09-23 11:25:19,365] {scheduler_job.py:190} INFO - Processing /home/airflow/.local/lib/python3.6/site-packages/airflow/example_dags/example_dag_decorator.py took 0.093 seconds
[2026-09-23 11:25:49,835] {scheduler_job.py:182} INFO - Started process (PID=236) to work on /home/airflow/.local/lib/python3.6/site-packages/airflow/example_dags/example_dag_decorator.py
[2026-09-23 11:25:49,836] {scheduler_job.py:629} INFO - Processing file /home/airflow/.local/lib/python3.6/site-packages/airflow/example_dags/example_dag_decorator.py for tasks to queue
[2026-09-23 11:25:49,836] {logging_mixin.py:104} INFO - [2026-09-23 11:25:49,836] {dagbag.py:451} INFO - Filling up the DagBag from /home/airflow/.local/lib/python3.6/site-packages/airflow/example_dags/example_dag_decorator.py
[2026-09-23 11:25:49,856] {scheduler_job.py:639} INFO - DAG(s) dict_keys(['example_dag_decorator']) retrieved from /home/airflow/.local/lib/python3.6/site-packages/airflow/example_dags/example_dag_decorator.py
[2026-09-23 11:25:49,886] {logging_mixin.py:104} INFO - [2026-09-23 11:25:49,886] {dag.py:1824} INFO - Sync 1 DAGs
[2026-09-23 11:25:49,905] {logging_mixin.py:104} INFO - [2026-09-23 11:25:49,905] {dag.py:2280} INFO - Setting next_dagrun for example_dag_decorator to None
[2026-09-23 11:25:49,920] {scheduler_job.py:190} INFO - Processing /home/airflow/.local/lib/python3.6/site-packages/airflow/example_dags/example_dag_decorator.py took 0.089 seconds
[2026-09-23 11:26:20,417] {scheduler_job.py:182} INFO - Started process (PID=262) to work on /home/airflow/.local/lib/python3.6/site-packages/airflow/example_dags/example_dag_decorator.py
[2026-09-23 11:26:20,418] {scheduler_job.py:629} INFO - Processing file /home/airflow/.local/lib/python3.6/site-packages/airflow/example_dags/example_dag_decorator.py for tasks to queue
[2026-09-23 11:26:20,419] {logging_mixin.py:104} INFO - [2026-09-23 11:26:20,419] {dagbag.py:451} INFO - Filling up the DagBag from /home/airflow/.local/lib/python3.6/site-packages/airflow/example_dags/example_dag_decorator.py
[2026-09-23 11:26:20,438] {scheduler_job.py:639} INFO - DAG(s) dict_keys(['example_dag_decorator']) retrieved from /home/airflow/.local/lib/python3.6/site-packages/airflow/example_dags/example_dag_decorator.py
[2026-09-23 11:26:20,464] {logging_mixin.py:104} INFO - [2026-09-23 11:26:20,464] {dag.py:1824} INFO - Sync 1 DAGs
[2026-09-23 11:26:20,483] {logging_mixin.py:104} INFO - [2026-09-23 11:26:20,483] {dag.py:2280} INFO - Setting next_dagrun for example_dag_decorator to None
[2026-09-23 11:26:20,497] {scheduler_job.py:190} INFO - Processing /home/airflow/.local/lib/python3.6/site-packages/airflow/example_dags/example_dag_decorator.py took 0.084 seconds
[2026-09-23 11:26:51,277] {scheduler_job.py:182} INFO - Started process (PID=288) to work on /home/airflow/.local/lib/python3.6/site-packages/airflow/example_dags/example_dag_decorator.py
[2026-09-23 11:26:51,279] {scheduler_job.py:629} INFO - Processing file /home/airflow/.local/lib/python3.6/site-packages/airflow/example_dags/example_dag_decorator.py for tasks to queue
[2026-09-23 11:26:51,280] {logging_mixin.py:104} INFO - [2026-09-23 11:26:51,279] {dagbag.py:451} INFO - Filling up the DagBag from /home/airflow/.local/lib/python3.6/site-packages/airflow/example_dags/example_dag_decorator.py
[2026-09-23 11:26:51,301] {scheduler_job.py:639} INFO - DAG(s) dict_keys(['example_dag_decorator']) retrieved from /home/airflow/.local/lib/python3.6/site-packages/airflow/example_dags/example_dag_decorator.py
[2026-09-23 11:26:51,328] {logging_mixin.py:104} INFO - [2026-09-23 11:26:51,328] {dag.py:1824} INFO - Sync 1 DAGs
[2026-09-23 11:26:51,347] {logging_mixin.py:104} INFO - [2026-09-23 11:26:51,347] {dag.py:2280} INFO - Setting next_dagrun for example_dag_decorator to None
[2026-09-23 11:26:51,366] {scheduler_job.py:190} INFO - Processing /home/airflow/.local/lib/python3.6/site-packages/airflow/example_dags/example_dag_decorator.py took 0.093 seconds
[2026-09-23 11:27:22,255] {scheduler_job.py:182} INFO - Started process (PID=314) to work on /home/airflow/.local/lib/python3.6/site-packages/airflow/example_dags/example_dag_decorator.py
[2026-09-23 11:27:22,257] {scheduler_job.py:629} INFO - Processing file /home/airflow/.local/lib/python3.6/site-packages/airflow/example_dags/example_dag_decorator.py for tasks to queue
[2026-09-23 11:27:22,258] {logging_mixin.py:104} INFO - [2026-09-23 11:27:22,258] {dagbag.py:451} INFO - Filling up the DagBag from /home/airflow/.local/lib/python3.6/site-packages/airflow/example_dags/example_dag_decorator.py
[2026-09-23 11:27:22,292] {scheduler_job.py:639} INFO - DAG(s) dict_keys(['example_dag_decorator']) retrieved from /home/airflow/.local/lib/python3.6/site-packages/airflow/example_dags/example_dag_decorator.py
[2026-09-23 11:27:22,339] {logging_mixin.py:104} INFO - [2026-09-23 11:27:22,338] {dag.py:1824} INFO - Sync 1 DAGs
[2026-09-23 11:27:22,370] {logging_mixin.py:104} INFO - [2026-09-23 11:27:22,370] {dag.py:2280} INFO - Setting next_dagrun for example_dag_decorator to None
[2026-09-23 11:27:22,397] {scheduler_job.py:190} INFO - Processing /home/airflow/.local/lib/python3.6/site-packages/airflow/example_dags/example_dag_decorator.py took 0.148 seconds
[2026-09-23 11:27:53,215] {scheduler_job.py:182} INFO - Started process (PID=340) to work on /home/airflow/.local/lib/python3.6/site-packages/airflow/example_dags/example_dag_decorator.py
[2026-09-23 11:27:53,216] {scheduler_job.py:629} INFO - Processing file /home/airflow/.local/lib/python3.6/site-packages/airflow/example_dags/example_dag_decorator.py for tasks to queue
[2026-09-23 11:27:53,217] {logging_mixin.py:104} INFO - [2026-09-23 11:27:53,217] {dagbag.py:451} INFO - Filling up the DagBag from /home/airflow/.local/lib/python3.6/site-packages/airflow/example_dags/example_dag_decorator.py
[2026-09-23 11:27:53,246] {scheduler_job.py:639} INFO - DAG(s) dict_keys(['example_dag_decorator']) retrieved from /home/airflow/.local/lib/python3.6/site-packages/airflow/example_dags/example_dag_decorator.py
[2026-09-23 11:27:53,288] {logging_mixin.py:104} INFO - [2026-09-23 11:27:53,288] {dag.py:1824} INFO - Sync 1 DAGs
[2026-09-23 11:27:53,318] {logging_mixin.py:104} INFO - [2026-09-23 11:27:53,318] {dag.py:2280} INFO - Setting next_dagrun for example_dag_decorator to None
[2026-09-23 11:27:53,349] {scheduler_job.py:190} INFO - Processing /home/airflow/.local/lib/python3.6/site-packages/airflow/example_dags/example_dag_decorator.py took 0.140 seconds
[2026-09-23 11:28:24,206] {scheduler_job.py:182} INFO - Started process (PID=365) to work on /home/airflow/.local/lib/python3.6/site-packages/airflow/example_dags/example_dag_decorator.py
[2026-09-23 11:28:24,208] {scheduler_job.py:629} INFO - Processing file /home/airflow/.local/lib/python3.6/site-packages/airflow/example_dags/example_dag_decorator.py for tasks to queue
[2026-09-23 11:28:24,209] {logging_mixin.py:104} INFO - [2026-09-23 11:28:24,209] {dagbag.py:451} INFO - Filling up the DagBag from /home/airflow/.local/lib/python3.6/site-packages/airflow/example_dags/example_dag_decorator.py
[2026-09-23 11:28:24,246] {scheduler_job.py:639} INFO - DAG(s) dict_keys(['example_dag_decorator']) retrieved from /home/airflow/.local/lib/python3.6/site-packages/airflow/example_dags/example_dag_decorator.py
[2026-09-23 11:28:24,275] {logging_mixin.py:104} INFO - [2026-09-23 11:28:24,275] {dag.py:1824} INFO - Sync 1 DAGs
[2026-09-23 11:28:24,294] {logging_mixin.py:104} INFO - [2026-09-23 11:28:24,294] {dag.py:2280} INFO - Setting next_dagrun for example_dag_decorator to None
[2026-09-23 11:28:24,317] {scheduler_job.py:190} INFO - Processing /home/airflow/.local/lib/python3.6/site-packages/airflow/example_dags/example_dag_decorator.py took 0.116 seconds
[2026-09-23 11:28:54,790] {scheduler_job.py:182} INFO - Started process (PID=391) to work on /home/airflow/.local/lib/python3.6/site-packages/airflow/example_dags/example_dag_decorator.py
[2026-09-23 11:28:54,791] {scheduler_job.py:629} INFO - Processing file /home/airflow/.local/lib/python3.6/site-packages/airflow/example_dags/example_dag_decorator.py for tasks to queue
[2026-09-23 11:28:54,792] {logging_mixin.py:104} INFO - [2026-09-23 11:28:54,792] {dagbag.py:451} INFO - Filling up the DagBag from /home/airflow/.local/lib/python3.6/site-packages/airflow/example_dags/example_dag_decorator.py
[2026-09-23 11:28:54,812] {scheduler_job.py:639} INFO - DAG(s) dict_keys(['example_dag_decorator']) retrieved from /home/airflow/.local/lib/python3.6/site-packages/airflow/example_dags/example_dag_decorator.py
[2026-09-23 11:28:54,841] {logging_mixin.py:104} INFO - [2026-09-23 11:28:54,841] {dag.py:1824} INFO - Sync 1 DAGs
[2026-09-23 11:28:54,864] {logging_mixin.py:104} INFO - [2026-09-23 11:28:54,864] {dag.py:2280} INFO - Setting next_dagrun for example_dag_decorator to None
[2026-09-23 11:28:54,883] {scheduler_job.py:190} INFO - Processing /home/airflow/.local/lib/python3.6/site-packages/airflow/example_dags/example_dag_decorator.py took 0.099 seconds
[2026-09-23 11:29:25,283] {scheduler_job.py:182} INFO - Started process (PID=417) to work on /home/airflow/.local/lib/python3.6/site-packages/airflow/example_dags/example_dag_decorator.py
[2026-09-23 11:29:25,286] {scheduler_job.py:629} INFO - Processing file /home/airflow/.local/lib/python3.6/site-packages/airflow/example_dags/example_dag_decorator.py for tasks to queue
[2026-09-23 11:29:25,286] {logging_mixin.py:104} INFO - [2026-09-23 11:29:25,286] {dagbag.py:451} INFO - Filling up the DagBag from /home/airflow/.local/lib/python3.6/site-packages/airflow/example_dags/example_dag_decorator.py
[2026-09-23 11:29:25,307] {scheduler_job.py:639} INFO - DAG(s) dict_keys(['example_dag_decorator']) retrieved from /home/airflow/.local/lib/python3.6/site-packages/airflow/example_dags/example_dag_decorator.py
[2026-09-23 11:29:25,336] {logging_mixin.py:104} INFO - [2026-09-23 11:29:25,336] {dag.py:1824} INFO - Sync 1 DAGs
[2026-09-23 11:29:25,363] {logging_mixin.py:104} INFO - [2026-09-23 11:29:25,362] {dag.py:2280} INFO - Setting next_dagrun for example_dag_decorator to None
[2026-09-23 11:29:25,377] {scheduler_job.py:190} INFO - Processing /home/airflow/.local/lib/python3.6/site-packages/airflow/example_dags/example_dag_decorator.py took 0.098 seconds
[2026-09-23 11:29:56,024] {scheduler_job.py:182} INFO - Started process (PID=443) to work on /home/airflow/.local/lib/python3.6/site-packages/airflow/example_dags/example_dag_decorator.py
[2026-09-23 11:29:56,026] {scheduler_job.py:629} INFO - Processing file /home/airflow/.local/lib/python3.6/site-packages/airflow/example_dags/example_dag_decorator.py for tasks to queue
[2026-09-23 11:29:56,026] {logging_mixin.py:104} INFO - [2026-09-23 11:29:56,026] {dagbag.py:451} INFO - Filling up the DagBag from /home/airflow/.local/lib/python3.6/site-packages/airflow/example_dags/example_dag_decorator.py
[2026-09-23 11:29:56,053] {scheduler_job.py:639} INFO - DAG(s) dict_keys(['example_dag_decorator']) retrieved from /home/airflow/.local/lib/python3.6/site-packages/airflow/example_dags/example_dag_decorator.py
[2026-09-23 11:29:56,085] {logging_mixin.py:104} INFO - [2026-09-23 11:29:56,085] {dag.py:1824} INFO - Sync 1 DAGs
[2026-09-23 11:29:56,108] {logging_mixin.py:104} INFO - [2026-09-23 11:29:56,107] {dag.py:2280} INFO - Setting next_dagrun for example_dag_decorator to None
[2026-09-23 11:29:56,134] {scheduler_job.py:190} INFO - Processing /home/airflow/.local/lib/python3.6/site-packages/airflow/example_dags/example_dag_decorator.py took 0.114 seconds
[2026-09-23 11:30:26,702] {scheduler_job.py:182} INFO - Started process (PID=469) to work on /home/airflow/.local/lib/python3.6/site-packages/airflow/example_dags/example_dag_decorator.py
[2026-09-23 11:30:26,703] {scheduler_job.py:629} INFO - Processing file /home/airflow/.local/lib/python3.6/site-packages/airflow/example_dags/example_dag_decorator.py for tasks to queue
[2026-09-23 11:30:26,704] {logging_mixin.py:104} INFO - [2026-09-23 11:30:26,704] {dagbag.py:451} INFO - Filling up the DagBag from /home/airflow/.local/lib/python3.6/site-packages/airflow/example_dags/example_dag_decorator.py
[2026-09-23 11:30:26,724] {scheduler_job.py:639} INFO - DAG(s) dict_keys(['example_dag_decorator']) retrieved from /home/airflow/.local/lib/python3.6/site-packages/airflow/example_dags/example_dag_decorator.py
[2026-09-23 11:30:26,761] {logging_mixin.py:104} INFO - [2026-09-23 11:30:26,761] {dag.py:1824} INFO - Sync 1 DAGs
[2026-09-23 11:30:26,786] {logging_mixin.py:104} INFO - [2026-09-23 11:30:26,786] {dag.py:2280} INFO - Setting next_dagrun for example_dag_decorator to None
[2026-09-23 11:30:26,809] {scheduler_job.py:190} INFO - Processing /home/airflow/.local/lib/python3.6/site-packages/airflow/example_dags/example_dag_decorator.py took 0.112 seconds
[2026-09-23 11:30:57,252] {scheduler_job.py:182} INFO - Started process (PID=495) to work on /home/airflow/.local/lib/python3.6/site-packages/airflow/example_dags/example_dag_decorator.py
[2026-09-23 11:30:57,253] {scheduler_job.py:629} INFO - Processing file /home/airflow/.local/lib/python3.6/site-packages/airflow/example_dags/example_dag_decorator.py for tasks to queue
[2026-09-23 11:30:57,254] {logging_mixin.py:104} INFO - [2026-09-23 11:30:57,254] {dagbag.py:451} INFO - Filling up the DagBag from /home/airflow/.local/lib/python3.6/site-packages/airflow/example_dags/example_dag_decorator.py
[2026-09-23 11:30:57,274] {scheduler_job.py:639} INFO - DAG(s) dict_keys(['example_dag_decorator']) retrieved from /home/airflow/.local/lib/python3.6/site-packages/airflow/example_dags/example_dag_decorator.py
[2026-09-23 11:30:57,302] {logging_mixin.py:104} INFO - [2026-09-23 11:30:57,302] {dag.py:1824} INFO - Sync 1 DAGs
[2026-09-23 11:30:57,322] {logging_mixin.py:104} INFO - [2026-09-23 11:30:57,322] {dag.py:2280} INFO - Setting next_dagrun for example_dag_decorator to None
[2026-09-23 11:30:57,340] {scheduler_job.py:190} INFO - Processing /home/airflow/.local/lib/python3.6/site-packages/airflow/example_dags/example_dag_decorator.py took 0.092 seconds
[2026-09-23 11:31:27,753] {scheduler_job.py:182} INFO - Started process (PID=521) to work on /home/airflow/.local/lib/python3.6/site-packages/airflow/example_dags/example_dag_decorator.py
[2026-09-23 11:31:27,754] {scheduler_job.py:629} INFO - Processing file /home/airflow/.local/lib/python3.6/site-packages/airflow/example_dags/example_dag_decorator.py for tasks to queue
[2026-09-23 11:31:27,755] {logging_mixin.py:104} INFO - [2026-09-23 11:31:27,755] {dagbag.py:451} INFO - Filling up the DagBag from /home/airflow/.local/lib/python3.6/site-packages/airflow/example_dags/example_dag_decorator.py
[2026-09-23 11:31:27,776] {scheduler_job.py:639} INFO - DAG(s) dict_keys(['example_dag_decorator']) retrieved from /home/airflow/.local/lib/python3.6/site-packages/airflow/example_dags/example_dag_decorator.py
[2026-09-23 11:31:27,807] {logging_mixin.py:104} INFO - [2026-09-23 11:31:27,807] {dag.py:1824} INFO - Sync 1 DAGs
[2026-09-23 11:31:27,829] {logging_mixin.py:104} INFO - [2026-09-23 11:31:27,829] {dag.py:2280} INFO - Setting next_dagrun for example_dag_decorator to None
[2026-09-23 11:31:27,852] {scheduler_job.py:190} INFO - Processing /home/airflow/.local/lib/python3.6/site-packages/airflow/example_dags/example_dag_decorator.py took 0.103 seconds
[2026-09-23 11:31:58,310] {scheduler_job.py:182} INFO - Started process (PID=547) to work on /home/airflow/.local/lib/python3.6/site-packages/airflow/example_dags/example_dag_decorator.py
[2026-09-23 11:31:58,311] {scheduler_job.py:629} INFO - Processing file /home/airflow/.local/lib/python3.6/site-packages/airflow/example_dags/example_dag_decorator.py for tasks to queue
[2026-09-23 11:31:58,312] {logging_mixin.py:104} INFO - [2026-09-23 11:31:58,312] {dagbag.py:451} INFO - Filling up the DagBag from /home/airflow/.local/lib/python3.6/site-packages/airflow/example_dags/example_dag_decorator.py
[2026-09-23 11:31:58,332] {scheduler_job.py:639} INFO - DAG(s) dict_keys(['example_dag_decorator']) retrieved from /home/airflow/.local/lib/python3.6/site-packages/airflow/example_dags/example_dag_decorator.py
[2026-09-23 11:31:58,367] {logging_mixin.py:104} INFO - [2026-09-23 11:31:58,366] {dag.py:1824} INFO - Sync 1 DAGs
[2026-09-23 11:31:58,397] {logging_mixin.py:104} INFO - [2026-09-23 11:31:58,397] {dag.py:2280} INFO - Setting next_dagrun for example_dag_decorator to None
[2026-09-23 11:31:58,419] {scheduler_job.py:190} INFO - Processing /home/airflow/.local/lib/python3.6/site-packages/airflow/example_dags/example_dag_decorator.py took 0.113 seconds
[2026-09-23 11:32:28,804] {scheduler_job.py:182} INFO - Started process (PID=573) to work on /home/airflow/.local/lib/python3.6/site-packages/airflow/example_dags/example_dag_decorator.py
[2026-09-23 11:32:28,806] {scheduler_job.py:629} INFO - Processing file /home/airflow/.local/lib/python3.6/site-packages/airflow/example_dags/example_dag_decorator.py for tasks to queue
[2026-09-23 11:32:28,807] {logging_mixin.py:104} INFO - [2026-09-23 11:32:28,807] {dagbag.py:451} INFO - Filling up the DagBag from /home/airflow/.local/lib/python3.6/site-packages/airflow/example_dags/example_dag_decorator.py
[2026-09-23 11:32:28,836] {scheduler_job.py:639} INFO - DAG(s) dict_keys(['example_dag_decorator']) retrieved from /home/airflow/.local/lib/python3.6/site-packages/airflow/example_dags/example_dag_decorator.py
[2026-09-23 11:32:28,875] {logging_mixin.py:104} INFO - [2026-09-23 11:32:28,875] {dag.py:1824} INFO - Sync 1 DAGs
[2026-09-23 11:32:28,901] {logging_mixin.py:104} INFO - [2026-09-23 11:32:28,900] {dag.py:2280} INFO - Setting next_dagrun for example_dag_decorator to None
[2026-09-23 11:32:28,915] {scheduler_job.py:190} INFO - Processing /home/airflow/.local/lib/python3.6/site-packages/airflow/example_dags/example_dag_decorator.py took 0.117 seconds
[2026-09-23 11:32:59,331] {scheduler_job.py:182} INFO - Started process (PID=599) to work on /home/airflow/.local/lib/python3.6/site-packages/airflow/example_dags/example_dag_decorator.py
[2026-09-23 11:32:59,332] {scheduler_job.py:629} INFO - Processing file /home/airflow/.local/lib/python3.6/site-packages/airflow/example_dags/example_dag_decorator.py for tasks to queue
[2026-09-23 11:32:59,333] {logging_mixin.py:104} INFO - [2026-09-23 11:32:59,333] {dagbag.py:451} INFO - Filling up the DagBag from /home/airflow/.local/lib/python3.6/site-packages/airflow/example_dags/example_dag_decorator.py
[2026-09-23 11:32:59,353] {scheduler_job.py:639} INFO - DAG(s) dict_keys(['example_dag_decorator']) retrieved from /home/airflow/.local/lib/python3.6/site-packages/airflow/example_dags/example_dag_decorator.py
[2026-09-23 11:32:59,386] {logging_mixin.py:104} INFO - [2026-09-23 11:32:59,385] {dag.py:1824} INFO - Sync 1 DAGs
[2026-09-23 11:32:59,411] {logging_mixin.py:104} INFO - [2026-09-23 11:32:59,411] {dag.py:2280} INFO - Setting next_dagrun for example_dag_decorator to None
[2026-09-23 11:32:59,428] {scheduler_job.py:190} INFO - Processing /home/airflow/.local/lib/python3.6/site-packages/airflow/example_dags/example_dag_decorator.py took 0.101 seconds
[2026-09-23 11:33:29,813] {scheduler_job.py:182} INFO - Started process (PID=625) to work on /home/airflow/.local/lib/python3.6/site-packages/airflow/example_dags/example_dag_decorator.py
[2026-09-23 11:33:29,815] {scheduler_job.py:629} INFO - Processing file /home/airflow/.local/lib/python3.6/site-packages/airflow/example_dags/example_dag_decorator.py for tasks to queue
[2026-09-23 11:33:29,815] {logging_mixin.py:104} INFO - [2026-09-23 11:33:29,815] {dagbag.py:451} INFO - Filling up the DagBag from /home/airflow/.local/lib/python3.6/site-packages/airflow/example_dags/example_dag_decorator.py
[2026-09-23 11:33:29,838] {scheduler_job.py:639} INFO - DAG(s) dict_keys(['example_dag_decorator']) retrieved from /home/airflow/.local/lib/python3.6/site-packages/airflow/example_dags/example_dag_decorator.py
[2026-09-23 11:33:29,870] {logging_mixin.py:104} INFO - [2026-09-23 11:33:29,870] {dag.py:1824} INFO - Sync 1 DAGs
[2026-09-23 11:33:29,890] {logging_mixin.py:104} INFO - [2026-09-23 11:33:29,890] {dag.py:2280} INFO - Setting next_dagrun for example_dag_decorator to None
[2026-09-23 11:33:29,905] {scheduler_job.py:190} INFO - Processing /home/airflow/.local/lib/python3.6/site-packages/airflow/example_dags/example_dag_decorator.py took 0.095 seconds
[2026-09-23 11:34:00,374] {scheduler_job.py:182} INFO - Started process (PID=651) to work on /home/airflow/.local/lib/python3.6/site-packages/airflow/example_dags/example_dag_decorator.py
[2026-09-23 11:34:00,375] {scheduler_job.py:629} INFO - Processing file /home/airflow/.local/lib/python3.6/site-packages/airflow/example_dags/example_dag_decorator.py for tasks to queue
[2026-09-23 11:34:00,376] {logging_mixin.py:104} INFO - [2026-09-23 11:34:00,376] {dagbag.py:451} INFO - Filling up the DagBag from /home/airflow/.local/lib/python3.6/site-packages/airflow/example_dags/example_dag_decorator.py
[2026-09-23 11:34:00,396] {scheduler_job.py:639} INFO - DAG(s) dict_keys(['example_dag_decorator']) retrieved from /home/airflow/.local/lib/python3.6/site-packages/airflow/example_dags/example_dag_decorator.py
[2026-09-23 11:34:00,426] {logging_mixin.py:104} INFO - [2026-09-23 11:34:00,426] {dag.py:1824} INFO - Sync 1 DAGs
[2026-09-23 11:34:00,444] {logging_mixin.py:104} INFO - [2026-09-23 11:34:00,444] {dag.py:2280} INFO - Setting next_dagrun for example_dag_decorator to None
[2026-09-23 11:34:00,462] {scheduler_job.py:190} INFO - Processing /home/airflow/.local/lib/python3.6/site-packages/airflow/example_dags/example_dag_decorator.py took 0.093 seconds
[2026-09-23 11:34:30,989] {scheduler_job.py:182} INFO - Started process (PID=677) to work on /home/airflow/.local/lib/python3.6/site-packages/airflow/example_dags/example_dag_decorator.py
[2026-09-23 11:34:30,992] {scheduler_job.py:629} INFO - Processing file /home/airflow/.local/lib/python3.6/site-packages/airflow/example_dags/example_dag_decorator.py for tasks to queue
[2026-09-23 11:34:30,993] {logging_mixin.py:104} INFO - [2026-09-23 11:34:30,992] {dagbag.py:451} INFO - Filling up the DagBag from /home/airflow/.local/lib/python3.6/site-packages/airflow/example_dags/example_dag_decorator.py
[2026-09-23 11:34:31,015] {scheduler_job.py:639} INFO - DAG(s) dict_keys(['example_dag_decorator']) retrieved from /home/airflow/.local/lib/python3.6/site-packages/airflow/example_dags/example_dag_decorator.py
[2026-09-23 11:34:31,047] {logging_mixin.py:104} INFO - [2026-09-23 11:34:31,047] {dag.py:1824} INFO - Sync 1 DAGs
[2026-09-23 11:34:31,066] {logging_mixin.py:104} INFO - [2026-09-23 11:34:31,066] {dag.py:2280} INFO - Setting next_dagrun for example_dag_decorator to None
[2026-09-23 11:34:31,083] {scheduler_job.py:190} INFO - Processing /home/airflow/.local/lib/python3.6/site-packages/airflow/example_dags/example_dag_decorator.py took 0.098 seconds
[2026-09-23 11:35:01,550] {scheduler_job.py:182} INFO - Started process (PID=703) to work on /home/airflow/.local/lib/python3.6/site-packages/airflow/example_dags/example_dag_decorator.py
[2026-09-23 11:35:01,552] {scheduler_job.py:629} INFO - Processing file /home/airflow/.local/lib/python3.6/site-packages/airflow/example_dags/example_dag_decorator.py for tasks to queue
[2026-09-23 11:35:01,552] {logging_mixin.py:104} INFO - [2026-09-23 11:35:01,552] {dagbag.py:451} INFO - Filling up the DagBag from /home/airflow/.local/lib/python3.6/site-packages/airflow/example_dags/example_dag_decorator.py
[2026-09-23 11:35:01,575] {scheduler_job.py:639} INFO - DAG(s) dict_keys(['example_dag_decorator']) retrieved from /home/airflow/.local/lib/python3.6/site-packages/airflow/example_dags/example_dag_decorator.py
[2026-09-23 11:35:01,602] {logging_mixin.py:104} INFO - [2026-09-23 11:35:01,602] {dag.py:1824} INFO - Sync 1 DAGs
[2026-09-23 11:35:01,621] {logging_mixin.py:104} INFO - [2026-09-23 11:35:01,621] {dag.py:2280} INFO - Setting next_dagrun for example_dag_decorator to None
[2026-09-23 11:35:01,640] {scheduler_job.py:190} INFO - Processing /home/airflow/.local/lib/python3.6/site-packages/airflow/example_dags/example_dag_decorator.py took 0.093 seconds
[2026-09-23 11:35:31,853] {scheduler_job.py:182} INFO - Started process (PID=729) to work on /home/airflow/.local/lib/python3.6/site-packages/airflow/example_dags/example_dag_decorator.py
[2026-09-23 11:35:31,855] {scheduler_job.py:629} INFO - Processing file /home/airflow/.local/lib/python3.6/site-packages/airflow/example_dags/example_dag_decorator.py for tasks to queue
[2026-09-23 11:35:31,856] {logging_mixin.py:104} INFO - [2026-09-23 11:35:31,856] {dagbag.py:451} INFO - Filling up the DagBag from /home/airflow/.local/lib/python3.6/site-packages/airflow/example_dags/example_dag_decorator.py
[2026-09-23 11:35:31,888] {scheduler_job.py:639} INFO - DAG(s) dict_keys(['example_dag_decorator']) retrieved from /home/airflow/.local/lib/python3.6/site-packages/airflow/example_dags/example_dag_decorator.py
[2026-09-23 11:35:31,929] {logging_mixin.py:104} INFO - [2026-09-23 11:35:31,929] {dag.py:1824} INFO - Sync 1 DAGs
[2026-09-23 11:35:31,957] {logging_mixin.py:104} INFO - [2026-09-23 11:35:31,956] {dag.py:2280} INFO - Setting next_dagrun for example_dag_decorator to None
[2026-09-23 11:35:31,984] {scheduler_job.py:190} INFO - Processing /home/airflow/.local/lib/python3.6/site-packages/airflow/example_dags/example_dag_decorator.py took 0.137 seconds
[2026-09-23 11:36:02,359] {scheduler_job.py:182} INFO - Started process (PID=755) to work on /home/airflow/.local/lib/python3.6/site-packages/airflow/example_dags/example_dag_decorator.py
[2026-09-23 11:36:02,363] {scheduler_job.py:629} INFO - Processing file /home/airflow/.local/lib/python3.6/site-packages/airflow/example_dags/example_dag_decorator.py for tasks to queue
[2026-09-23 11:36:02,365] {logging_mixin.py:104} INFO - [2026-09-23 11:36:02,365] {dagbag.py:451} INFO - Filling up the DagBag from /home/airflow/.local/lib/python3.6/site-packages/airflow/example_dags/example_dag_decorator.py
[2026-09-23 11:36:02,404] {scheduler_job.py:639} INFO - DAG(s) dict_keys(['example_dag_decorator']) retrieved from /home/airflow/.local/lib/python3.6/site-packages/airflow/example_dags/example_dag_decorator.py
[2026-09-23 11:36:02,451] {logging_mixin.py:104} INFO - [2026-09-23 11:36:02,450] {dag.py:1824} INFO - Sync 1 DAGs
[2026-09-23 11:36:02,483] {logging_mixin.py:104} INFO - [2026-09-23 11:36:02,483] {dag.py:2280} INFO - Setting next_dagrun for example_dag_decorator to None
[2026-09-23 11:36:02,510] {scheduler_job.py:190} INFO - Processing /home/airflow/.local/lib/python3.6/site-packages/airflow/example_dags/example_dag_decorator.py took 0.170 seconds
[2026-09-23 11:36:32,604] {scheduler_job.py:182} INFO - Started process (PID=781) to work on /home/airflow/.local/lib/python3.6/site-packages/airflow/example_dags/example_dag_decorator.py
[2026-09-23 11:36:32,607] {scheduler_job.py:629} INFO - Processing file /home/airflow/.local/lib/python3.6/site-packages/airflow/example_dags/example_dag_decorator.py for tasks to queue
[2026-09-23 11:36:32,608] {logging_mixin.py:104} INFO - [2026-09-23 11:36:32,608] {dagbag.py:451} INFO - Filling up the DagBag from /home/airflow/.local/lib/python3.6/site-packages/airflow/example_dags/example_dag_decorator.py
[2026-09-23 11:36:32,642] {scheduler_job.py:639} INFO - DAG(s) dict_keys(['example_dag_decorator']) retrieved from /home/airflow/.local/lib/python3.6/site-packages/airflow/example_dags/example_dag_decorator.py
[2026-09-23 11:36:32,684] {logging_mixin.py:104} INFO - [2026-09-23 11:36:32,683] {dag.py:1824} INFO - Sync 1 DAGs
[2026-09-23 11:36:32,709] {logging_mixin.py:104} INFO - [2026-09-23 11:36:32,709] {dag.py:2280} INFO - Setting next_dagrun for example_dag_decorator to None
[2026-09-23 11:36:32,735] {scheduler_job.py:190} INFO - Processing /home/airflow/.local/lib/python3.6/site-packages/airflow/example_dags/example_dag_decorator.py took 0.136 seconds
[2026-09-23 11:37:03,023] {scheduler_job.py:182} INFO - Started process (PID=807) to work on /home/airflow/.local/lib/python3.6/site-packages/airflow/example_dags/example_dag_decorator.py
[2026-09-23 11:37:03,025] {scheduler_job.py:629} INFO - Processing file /home/airflow/.local/lib/python3.6/site-packages/airflow/example_dags/example_dag_decorator.py for tasks to queue
[2026-09-23 11:37:03,026] {logging_mixin.py:104} INFO - [2026-09-23 11:37:03,026] {dagbag.py:451} INFO - Filling up the DagBag from /home/airflow/.local/lib/python3.6/site-packages/airflow/example_dags/example_dag_decorator.py
[2026-09-23 11:37:03,050] {scheduler_job.py:639} INFO - DAG(s) dict_keys(['example_dag_decorator']) retrieved from /home/airflow/.local/lib/python3.6/site-packages/airflow/example_dags/example_dag_decorator.py
[2026-09-23 11:37:03,088] {logging_mixin.py:104} INFO - [2026-09-23 11:37:03,088] {dag.py:1824} INFO - Sync 1 DAGs
[2026-09-23 11:37:03,112] {logging_mixin.py:104} INFO - [2026-09-23 11:37:03,112] {dag.py:2280} INFO - Setting next_dagrun for example_dag_decorator to None
[2026-09-23 11:37:03,133] {scheduler_job.py:190} INFO - Processing /home/airflow/.local/lib/python3.6/site-packages/airflow/example_dags/example_dag_decorator.py took 0.116 seconds
[2026-09-23 11:37:33,236] {scheduler_job.py:182} INFO - Started process (PID=832) to work on /home/airflow/.local/lib/python3.6/site-packages/airflow/example_dags/example_dag_decorator.py
[2026-09-23 11:37:33,238] {scheduler_job.py:629} INFO - Processing file /home/airflow/.local/lib/python3.6/site-packages/airflow/example_dags/example_dag_decorator.py for tasks to queue
[2026-09-23 11:37:33,239] {logging_mixin.py:104} INFO - [2026-09-23 11:37:33,239] {dagbag.py:451} INFO - Filling up the DagBag from /home/airflow/.local/lib/python3.6/site-packages/airflow/example_dags/example_dag_decorator.py
[2026-09-23 11:37:33,272] {scheduler_job.py:639} INFO - DAG(s) dict_keys(['example_dag_decorator']) retrieved from /home/airflow/.local/lib/python3.6/site-packages/airflow/example_dags/example_dag_decorator.py
[2026-09-23 11:37:33,336] {logging_mixin.py:104} INFO - [2026-09-23 11:37:33,336] {dag.py:1824} INFO - Sync 1 DAGs
[2026-09-23 11:37:33,371] {logging_mixin.py:104} INFO - [2026-09-23 11:37:33,371] {dag.py:2280} INFO - Setting next_dagrun for example_dag_decorator to None
[2026-09-23 11:37:33,462] {scheduler_job.py:190} INFO - Processing /home/airflow/.local/lib/python3.6/site-packages/airflow/example_dags/example_dag_decorator.py took 0.230 seconds
[2026-09-23 11:38:03,532] {scheduler_job.py:182} INFO - Started process (PID=858) to work on /home/airflow/.local/lib/python3.6/site-packages/airflow/example_dags/example_dag_decorator.py
[2026-09-23 11:38:03,534] {scheduler_job.py:629} INFO - Processing file /home/airflow/.local/lib/python3.6/site-packages/airflow/example_dags/example_dag_decorator.py for tasks to queue
[2026-09-23 11:38:03,535] {logging_mixin.py:104} INFO - [2026-09-23 11:38:03,534] {dagbag.py:451} INFO - Filling up the DagBag from /home/airflow/.local/lib/python3.6/site-packages/airflow/example_dags/example_dag_decorator.py
[2026-09-23 11:38:03,562] {scheduler_job.py:639} INFO - DAG(s) dict_keys(['example_dag_decorator']) retrieved from /home/airflow/.local/lib/python3.6/site-packages/airflow/example_dags/example_dag_decorator.py
[2026-09-23 11:38:03,594] {logging_mixin.py:104} INFO - [2026-09-23 11:38:03,594] {dag.py:1824} INFO - Sync 1 DAGs
[2026-09-23 11:38:03,617] {logging_mixin.py:104} INFO - [2026-09-23 11:38:03,616] {dag.py:2280} INFO - Setting next_dagrun for example_dag_decorator to None
[2026-09-23 11:38:03,641] {scheduler_job.py:190} INFO - Processing /home/airflow/.local/lib/python3.6/site-packages/airflow/example_dags/example_dag_decorator.py took 0.113 seconds
[2026-09-23 11:38:33,957] {scheduler_job.py:182} INFO - Started process (PID=884) to work on /home/airflow/.local/lib/python3.6/site-packages/airflow/example_dags/example_dag_decorator.py
[2026-09-23 11:38:33,958] {scheduler_job.py:629} INFO - Processing file /home/airflow/.local/lib/python3.6/site-packages/airflow/example_dags/example_dag_decorator.py for tasks to queue
[2026-09-23 11:38:33,959] {logging_mixin.py:104} INFO - [2026-09-23 11:38:33,959] {dagbag.py:451} INFO - Filling up the DagBag from /home/airflow/.local/lib/python3.6/site-packages/airflow/example_dags/example_dag_decorator.py
[2026-09-23 11:38:33,991] {scheduler_job.py:639} INFO - DAG(s) dict_keys(['example_dag_decorator']) retrieved from /home/airflow/.local/lib/python3.6/site-packages/airflow/example_dags/example_dag_decorator.py
[2026-09-23 11:38:34,045] {logging_mixin.py:104} INFO - [2026-09-23 11:38:34,045] {dag.py:1824} INFO - Sync 1 DAGs
[2026-09-23 11:38:34,069] {logging_mixin.py:104} INFO - [2026-09-23 11:38:34,069] {dag.py:2280} INFO - Setting next_dagrun for example_dag_decorator to None
[2026-09-23 11:38:34,087] {scheduler_job.py:190} INFO - Processing /home/airflow/.local/lib/python3.6/site-packages/airflow/example_dags/example_dag_decorator.py took 0.134 seconds
[2026-09-23 11:39:04,893] {scheduler_job.py:182} INFO - Started process (PID=912) to work on /home/airflow/.local/lib/python3.6/site-packages/airflow/example_dags/example_dag_decorator.py
[2026-09-23 11:39:04,895] {scheduler_job.py:629} INFO - Processing file /home/airflow/.local/lib/python3.6/site-packages/airflow/example_dags/example_dag_decorator.py for tasks to queue
[2026-09-23 11:39:04,896] {logging_mixin.py:104} INFO - [2026-09-23 11:39:04,896] {dagbag.py:451} INFO - Filling up the DagBag from /home/airflow/.local/lib/python3.6/site-packages/airflow/example_dags/example_dag_decorator.py
[2026-09-23 11:39:04,931] {scheduler_job.py:639} INFO - DAG(s) dict_keys(['example_dag_decorator']) retrieved from /home/airflow/.local/lib/python3.6/site-packages/airflow/example_dags/example_dag_decorator.py
[2026-09-23 11:39:04,996] {logging_mixin.py:104} INFO - [2026-09-23 11:39:04,996] {dag.py:1824} INFO - Sync 1 DAGs
[2026-09-23 11:39:05,045] {logging_mixin.py:104} INFO - [2026-09-23 11:39:05,045] {dag.py:2280} INFO - Setting next_dagrun for example_dag_decorator to None
[2026-09-23 11:39:05,081] {scheduler_job.py:190} INFO - Processing /home/airflow/.local/lib/python3.6/site-packages/airflow/example_dags/example_dag_decorator.py took 0.195 seconds
[2026-09-23 11:39:35,253] {scheduler_job.py:182} INFO - Started process (PID=938) to work on /home/airflow/.local/lib/python3.6/site-packages/airflow/example_dags/example_dag_decorator.py
[2026-09-23 11:39:35,261] {scheduler_job.py:629} INFO - Processing file /home/airflow/.local/lib/python3.6/site-packages/airflow/example_dags/example_dag_decorator.py for tasks to queue
[2026-09-23 11:39:35,263] {logging_mixin.py:104} INFO - [2026-09-23 11:39:35,262] {dagbag.py:451} INFO - Filling up the DagBag from /home/airflow/.local/lib/python3.6/site-packages/airflow/example_dags/example_dag_decorator.py
[2026-09-23 11:39:35,290] {scheduler_job.py:639} INFO - DAG(s) dict_keys(['example_dag_decorator']) retrieved from /home/airflow/.local/lib/python3.6/site-packages/airflow/example_dags/example_dag_decorator.py
[2026-09-23 11:39:35,325] {logging_mixin.py:104} INFO - [2026-09-23 11:39:35,324] {dag.py:1824} INFO - Sync 1 DAGs
[2026-09-23 11:39:35,345] {logging_mixin.py:104} INFO - [2026-09-23 11:39:35,344] {dag.py:2280} INFO - Setting next_dagrun for example_dag_decorator to None
[2026-09-23 11:39:35,364] {scheduler_job.py:190} INFO - Processing /home/airflow/.local/lib/python3.6/site-packages/airflow/example_dags/example_dag_decorator.py took 0.119 seconds
[2026-09-23 11:40:05,842] {scheduler_job.py:182} INFO - Started process (PID=963) to work on /home/airflow/.local/lib/python3.6/site-packages/airflow/example_dags/example_dag_decorator.py
[2026-09-23 11:40:05,844] {scheduler_job.py:629} INFO - Processing file /home/airflow/.local/lib/python3.6/site-packages/airflow/example_dags/example_dag_decorator.py for tasks to queue
[2026-09-23 11:40:05,845] {logging_mixin.py:104} INFO - [2026-09-23 11:40:05,844] {dagbag.py:451} INFO - Filling up the DagBag from /home/airflow/.local/lib/python3.6/site-packages/airflow/example_dags/example_dag_decorator.py
[2026-09-23 11:40:05,872] {scheduler_job.py:639} INFO - DAG(s) dict_keys(['example_dag_decorator']) retrieved from /home/airflow/.local/lib/python3.6/site-packages/airflow/example_dags/example_dag_decorator.py
[2026-09-23 11:40:05,914] {logging_mixin.py:104} INFO - [2026-09-23 11:40:05,913] {dag.py:1824} INFO - Sync 1 DAGs
[2026-09-23 11:40:05,942] {logging_mixin.py:104} INFO - [2026-09-23 11:40:05,941] {dag.py:2280} INFO - Setting next_dagrun for example_dag_decorator to None
[2026-09-23 11:40:05,965] {scheduler_job.py:190} INFO - Processing /home/airflow/.local/lib/python3.6/site-packages/airflow/example_dags/example_dag_decorator.py took 0.127 seconds
[2026-09-23 11:40:36,078] {scheduler_job.py:182} INFO - Started process (PID=989) to work on /home/airflow/.local/lib/python3.6/site-packages/airflow/example_dags/example_dag_decorator.py
[2026-09-23 11:40:36,080] {scheduler_job.py:629} INFO - Processing file /home/airflow/.local/lib/python3.6/site-packages/airflow/example_dags/example_dag_decorator.py for tasks to queue
[2026-09-23 11:40:36,081] {logging_mixin.py:104} INFO - [2026-09-23 11:40:36,081] {dagbag.py:451} INFO - Filling up the DagBag from /home/airflow/.local/lib/python3.6/site-packages/airflow/example_dags/example_dag_decorator.py
[2026-09-23 11:40:36,112] {scheduler_job.py:639} INFO - DAG(s) dict_keys(['example_dag_decorator']) retrieved from /home/airflow/.local/lib/python3.6/site-packages/airflow/example_dags/example_dag_decorator.py
[2026-09-23 11:40:36,169] {logging_mixin.py:104} INFO - [2026-09-23 11:40:36,169] {dag.py:1824} INFO - Sync 1 DAGs
[2026-09-23 11:40:36,203] {logging_mixin.py:104} INFO - [2026-09-23 11:40:36,203] {dag.py:2280} INFO - Setting next_dagrun for example_dag_decorator to None
[2026-09-23 11:40:36,231] {scheduler_job.py:190} INFO - Processing /home/airflow/.local/lib/python3.6/site-packages/airflow/example_dags/example_dag_decorator.py took 0.158 seconds
[2026-09-23 11:41:06,397] {scheduler_job.py:182} INFO - Started process (PID=1014) to work on /home/airflow/.local/lib/python3.6/site-packages/airflow/example_dags/example_dag_decorator.py
[2026-09-23 11:41:06,399] {scheduler_job.py:629} INFO - Processing file /home/airflow/.local/lib/python3.6/site-packages/airflow/example_dags/example_dag_decorator.py for tasks to queue
[2026-09-23 11:41:06,400] {logging_mixin.py:104} INFO - [2026-09-23 11:41:06,400] {dagbag.py:451} INFO - Filling up the DagBag from /home/airflow/.local/lib/python3.6/site-packages/airflow/example_dags/example_dag_decorator.py
[2026-09-23 11:41:06,452] {scheduler_job.py:639} INFO - DAG(s) dict_keys(['example_dag_decorator']) retrieved from /home/airflow/.local/lib/python3.6/site-packages/airflow/example_dags/example_dag_decorator.py
[2026-09-23 11:41:06,504] {logging_mixin.py:104} INFO - [2026-09-23 11:41:06,504] {dag.py:1824} INFO - Sync 1 DAGs
[2026-09-23 11:41:06,531] {logging_mixin.py:104} INFO - [2026-09-23 11:41:06,531] {dag.py:2280} INFO - Setting next_dagrun for example_dag_decorator to None
[2026-09-23 11:41:06,554] {scheduler_job.py:190} INFO - Processing /home/airflow/.local/lib/python3.6/site-packages/airflow/example_dags/example_dag_decorator.py took 0.164 seconds
[2026-09-23 11:41:37,552] {scheduler_job.py:182} INFO - Started process (PID=1042) to work on /home/airflow/.local/lib/python3.6/site-packages/airflow/example_dags/example_dag_decorator.py
[2026-09-23 11:41:37,554] {scheduler_job.py:629} INFO - Processing file /home/airflow/.local/lib/python3.6/site-packages/airflow/example_dags/example_dag_decorator.py for tasks to queue
[2026-09-23 11:41:37,555] {logging_mixin.py:104} INFO - [2026-09-23 11:41:37,555] {dagbag.py:451} INFO - Filling up the DagBag from /home/airflow/.local/lib/python3.6/site-packages/airflow/example_dags/example_dag_decorator.py
[2026-09-23 11:41:37,589] {scheduler_job.py:639} INFO - DAG(s) dict_keys(['example_dag_decorator']) retrieved from /home/airflow/.local/lib/python3.6/site-packages/airflow/example_dags/example_dag_decorator.py
[2026-09-23 11:41:37,635] {logging_mixin.py:104} INFO - [2026-09-23 11:41:37,634] {dag.py:1824} INFO - Sync 1 DAGs
[2026-09-23 11:41:37,664] {logging_mixin.py:104} INFO - [2026-09-23 11:41:37,663] {dag.py:2280} INFO - Setting next_dagrun for example_dag_decorator to None
[2026-09-23 11:41:37,695] {scheduler_job.py:190} INFO - Processing /home/airflow/.local/lib/python3.6/site-packages/airflow/example_dags/example_dag_decorator.py took 0.150 seconds
[2026-09-23 11:42:08,155] {scheduler_job.py:182} INFO - Started process (PID=1068) to work on /home/airflow/.local/lib/python3.6/site-packages/airflow/example_dags/example_dag_decorator.py
[2026-09-23 11:42:08,156] {scheduler_job.py:629} INFO - Processing file /home/airflow/.local/lib/python3.6/site-packages/airflow/example_dags/example_dag_decorator.py for tasks to queue
[2026-09-23 11:42:08,161] {logging_mixin.py:104} INFO - [2026-09-23 11:42:08,160] {dagbag.py:451} INFO - Filling up the DagBag from /home/airflow/.local/lib/python3.6/site-packages/airflow/example_dags/example_dag_decorator.py
[2026-09-23 11:42:08,205] {scheduler_job.py:639} INFO - DAG(s) dict_keys(['example_dag_decorator']) retrieved from /home/airflow/.local/lib/python3.6/site-packages/airflow/example_dags/example_dag_decorator.py
[2026-09-23 11:42:08,250] {logging_mixin.py:104} INFO - [2026-09-23 11:42:08,250] {dag.py:1824} INFO - Sync 1 DAGs
[2026-09-23 11:42:08,279] {logging_mixin.py:104} INFO - [2026-09-23 11:42:08,279] {dag.py:2280} INFO - Setting next_dagrun for example_dag_decorator to None
[2026-09-23 11:42:08,313] {scheduler_job.py:190} INFO - Processing /home/airflow/.local/lib/python3.6/site-packages/airflow/example_dags/example_dag_decorator.py took 0.168 seconds
[2026-09-23 11:42:39,202] {scheduler_job.py:182} INFO - Started process (PID=1093) to work on /home/airflow/.local/lib/python3.6/site-packages/airflow/example_dags/example_dag_decorator.py
[2026-09-23 11:42:39,203] {scheduler_job.py:629} INFO - Processing file /home/airflow/.local/lib/python3.6/site-packages/airflow/example_dags/example_dag_decorator.py for tasks to queue
[2026-09-23 11:42:39,204] {logging_mixin.py:104} INFO - [2026-09-23 11:42:39,204] {dagbag.py:451} INFO - Filling up the DagBag from /home/airflow/.local/lib/python3.6/site-packages/airflow/example_dags/example_dag_decorator.py
[2026-09-23 11:42:39,223] {scheduler_job.py:639} INFO - DAG(s) dict_keys(['example_dag_decorator']) retrieved from /home/airflow/.local/lib/python3.6/site-packages/airflow/example_dags/example_dag_decorator.py
[2026-09-23 11:42:39,252] {logging_mixin.py:104} INFO - [2026-09-23 11:42:39,251] {dag.py:1824} INFO - Sync 1 DAGs
[2026-09-23 11:42:39,271] {logging_mixin.py:104} INFO - [2026-09-23 11:42:39,270] {dag.py:2280} INFO - Setting next_dagrun for example_dag_decorator to None
[2026-09-23 11:42:39,289] {scheduler_job.py:190} INFO - Processing /home/airflow/.local/lib/python3.6/site-packages/airflow/example_dags/example_dag_decorator.py took 0.090 seconds
[2026-09-23 11:43:09,796] {scheduler_job.py:182} INFO - Started process (PID=1119) to work on /home/airflow/.local/lib/python3.6/site-packages/airflow/example_dags/example_dag_decorator.py
[2026-09-23 11:43:09,797] {scheduler_job.py:629} INFO - Processing file /home/airflow/.local/lib/python3.6/site-packages/airflow/example_dags/example_dag_decorator.py for tasks to queue
[2026-09-23 11:43:09,798] {logging_mixin.py:104} INFO - [2026-09-23 11:43:09,798] {dagbag.py:451} INFO - Filling up the DagBag from /home/airflow/.local/lib/python3.6/site-packages/airflow/example_dags/example_dag_decorator.py
[2026-09-23 11:43:09,818] {scheduler_job.py:639} INFO - DAG(s) dict_keys(['example_dag_decorator']) retrieved from /home/airflow/.local/lib/python3.6/site-packages/airflow/example_dags/example_dag_decorator.py
[2026-09-23 11:43:09,852] {logging_mixin.py:104} INFO - [2026-09-23 11:43:09,852] {dag.py:1824} INFO - Sync 1 DAGs
[2026-09-23 11:43:09,869] {logging_mixin.py:104} INFO - [2026-09-23 11:43:09,869] {dag.py:2280} INFO - Setting next_dagrun for example_dag_decorator to None
[2026-09-23 11:43:09,888] {scheduler_job.py:190} INFO - Processing /home/airflow/.local/lib/python3.6/site-packages/airflow/example_dags/example_dag_decorator.py took 0.095 seconds
[2026-09-23 11:43:40,005] {scheduler_job.py:182} INFO - Started process (PID=1145) to work on /home/airflow/.local/lib/python3.6/site-packages/airflow/example_dags/example_dag_decorator.py
[2026-09-23 11:43:40,007] {scheduler_job.py:629} INFO - Processing file /home/airflow/.local/lib/python3.6/site-packages/airflow/example_dags/example_dag_decorator.py for tasks to queue
[2026-09-23 11:43:40,008] {logging_mixin.py:104} INFO - [2026-09-23 11:43:40,008] {dagbag.py:451} INFO - Filling up the DagBag from /home/airflow/.local/lib/python3.6/site-packages/airflow/example_dags/example_dag_decorator.py
[2026-09-23 11:43:40,039] {scheduler_job.py:639} INFO - DAG(s) dict_keys(['example_dag_decorator']) retrieved from /home/airflow/.local/lib/python3.6/site-packages/airflow/example_dags/example_dag_decorator.py
[2026-09-23 11:43:40,087] {logging_mixin.py:104} INFO - [2026-09-23 11:43:40,086] {dag.py:1824} INFO - Sync 1 DAGs
[2026-09-23 11:43:40,119] {logging_mixin.py:104} INFO - [2026-09-23 11:43:40,118] {dag.py:2280} INFO - Setting next_dagrun for example_dag_decorator to None
[2026-09-23 11:43:40,147] {scheduler_job.py:190} INFO - Processing /home/airflow/.local/lib/python3.6/site-packages/airflow/example_dags/example_dag_decorator.py took 0.148 seconds
[2026-09-23 11:44:10,200] {scheduler_job.py:182} INFO - Started process (PID=1171) to work on /home/airflow/.local/lib/python3.6/site-packages/airflow/example_dags/example_dag_decorator.py
[2026-09-23 11:44:10,201] {scheduler_job.py:629} INFO - Processing file /home/airflow/.local/lib/python3.6/site-packages/airflow/example_dags/example_dag_decorator.py for tasks to queue
[2026-09-23 11:44:10,202] {logging_mixin.py:104} INFO - [2026-09-23 11:44:10,202] {dagbag.py:451} INFO - Filling up the DagBag from /home/airflow/.local/lib/python3.6/site-packages/airflow/example_dags/example_dag_decorator.py
[2026-09-23 11:44:10,220] {scheduler_job.py:639} INFO - DAG(s) dict_keys(['example_dag_decorator']) retrieved from /home/airflow/.local/lib/python3.6/site-packages/airflow/example_dags/example_dag_decorator.py
[2026-09-23 11:44:10,253] {logging_mixin.py:104} INFO - [2026-09-23 11:44:10,252] {dag.py:1824} INFO - Sync 1 DAGs
[2026-09-23 11:44:10,283] {logging_mixin.py:104} INFO - [2026-09-23 11:44:10,283] {dag.py:2280} INFO - Setting next_dagrun for example_dag_decorator to None
[2026-09-23 11:44:10,306] {scheduler_job.py:190} INFO - Processing /home/airflow/.local/lib/python3.6/site-packages/airflow/example_dags/example_dag_decorator.py took 0.110 seconds
[2026-09-23 11:44:40,333] {scheduler_job.py:182} INFO - Started process (PID=1196) to work on /home/airflow/.local/lib/python3.6/site-packages/airflow/example_dags/example_dag_decorator.py
[2026-09-23 11:44:40,334] {scheduler_job.py:629} INFO - Processing file /home/airflow/.local/lib/python3.6/site-packages/airflow/example_dags/example_dag_decorator.py for tasks to queue
[2026-09-23 11:44:40,336] {logging_mixin.py:104} INFO - [2026-09-23 11:44:40,335] {dagbag.py:451} INFO - Filling up the DagBag from /home/airflow/.local/lib/python3.6/site-packages/airflow/example_dags/example_dag_decorator.py
[2026-09-23 11:44:40,357] {scheduler_job.py:639} INFO - DAG(s) dict_keys(['example_dag_decorator']) retrieved from /home/airflow/.local/lib/python3.6/site-packages/airflow/example_dags/example_dag_decorator.py
[2026-09-23 11:44:40,385] {logging_mixin.py:104} INFO - [2026-09-23 11:44:40,385] {dag.py:1824} INFO - Sync 1 DAGs
[2026-09-23 11:44:40,408] {logging_mixin.py:104} INFO - [2026-09-23 11:44:40,408] {dag.py:2280} INFO - Setting next_dagrun for example_dag_decorator to None
[2026-09-23 11:44:40,426] {scheduler_job.py:190} INFO - Processing /home/airflow/.local/lib/python3.6/site-packages/airflow/example_dags/example_dag_decorator.py took 0.098 seconds
[2026-09-23 11:45:10,532] {scheduler_job.py:182} INFO - Started process (PID=1221) to work on /home/airflow/.local/lib/python3.6/site-packages/airflow/example_dags/example_dag_decorator.py
[2026-09-23 11:45:10,534] {scheduler_job.py:629} INFO - Processing file /home/airflow/.local/lib/python3.6/site-packages/airflow/example_dags/example_dag_decorator.py for tasks to queue
[2026-09-23 11:45:10,535] {logging_mixin.py:104} INFO - [2026-09-23 11:45:10,535] {dagbag.py:451} INFO - Filling up the DagBag from /home/airflow/.local/lib/python3.6/site-packages/airflow/example_dags/example_dag_decorator.py
[2026-09-23 11:45:10,568] {scheduler_job.py:639} INFO - DAG(s) dict_keys(['example_dag_decorator']) retrieved from /home/airflow/.local/lib/python3.6/site-packages/airflow/example_dags/example_dag_decorator.py
[2026-09-23 11:45:10,610] {logging_mixin.py:104} INFO - [2026-09-23 11:45:10,610] {dag.py:1824} INFO - Sync 1 DAGs
[2026-09-23 11:45:10,635] {logging_mixin.py:104} INFO - [2026-09-23 11:45:10,635] {dag.py:2280} INFO - Setting next_dagrun for example_dag_decorator to None
[2026-09-23 11:45:10,663] {scheduler_job.py:190} INFO - Processing /home/airflow/.local/lib/python3.6/site-packages/airflow/example_dags/example_dag_decorator.py took 0.137 seconds
[2026-09-23 11:45:40,714] {scheduler_job.py:182} INFO - Started process (PID=1247) to work on /home/airflow/.local/lib/python3.6/site-packages/airflow/example_dags/example_dag_decorator.py
[2026-09-23 11:45:40,716] {scheduler_job.py:629} INFO - Processing file /home/airflow/.local/lib/python3.6/site-packages/airflow/example_dags/example_dag_decorator.py for tasks to queue
[2026-09-23 11:45:40,717] {logging_mixin.py:104} INFO - [2026-09-23 11:45:40,717] {dagbag.py:451} INFO - Filling up the DagBag from /home/airflow/.local/lib/python3.6/site-packages/airflow/example_dags/example_dag_decorator.py
[2026-09-23 11:45:40,748] {scheduler_job.py:639} INFO - DAG(s) dict_keys(['example_dag_decorator']) retrieved from /home/airflow/.local/lib/python3.6/site-packages/airflow/example_dags/example_dag_decorator.py
[2026-09-23 11:45:40,789] {logging_mixin.py:104} INFO - [2026-09-23 11:45:40,788] {dag.py:1824} INFO - Sync 1 DAGs
[2026-09-23 11:45:40,815] {logging_mixin.py:104} INFO - [2026-09-23 11:45:40,815] {dag.py:2280} INFO - Setting next_dagrun for example_dag_decorator to None
[2026-09-23 11:45:40,835] {scheduler_job.py:190} INFO - Processing /home/airflow/.local/lib/python3.6/site-packages/airflow/example_dags/example_dag_decorator.py took 0.127 seconds
[2026-09-23 11:46:10,896] {scheduler_job.py:182} INFO - Started process (PID=1272) to work on /home/airflow/.local/lib/python3.6/site-packages/airflow/example_dags/example_dag_decorator.py
[2026-09-23 11:46:10,897] {scheduler_job.py:629} INFO - Processing file /home/airflow/.local/lib/python3.6/site-packages/airflow/example_dags/example_dag_decorator.py for tasks to queue
[2026-09-23 11:46:10,898] {logging_mixin.py:104} INFO - [2026-09-23 11:46:10,898] {dagbag.py:451} INFO - Filling up the DagBag from /home/airflow/.local/lib/python3.6/site-packages/airflow/example_dags/example_dag_decorator.py
[2026-09-23 11:46:10,923] {scheduler_job.py:639} INFO - DAG(s) dict_keys(['example_dag_decorator']) retrieved from /home/airflow/.local/lib/python3.6/site-packages/airflow/example_dags/example_dag_decorator.py
[2026-09-23 11:46:10,968] {logging_mixin.py:104} INFO - [2026-09-23 11:46:10,967] {dag.py:1824} INFO - Sync 1 DAGs
[2026-09-23 11:46:10,997] {logging_mixin.py:104} INFO - [2026-09-23 11:46:10,996] {dag.py:2280} INFO - Setting next_dagrun for example_dag_decorator to None
[2026-09-23 11:46:11,015] {scheduler_job.py:190} INFO - Processing /home/airflow/.local/lib/python3.6/site-packages/airflow/example_dags/example_dag_decorator.py took 0.123 seconds
[2026-09-23 11:46:41,898] {scheduler_job.py:182} INFO - Started process (PID=1299) to work on /home/airflow/.local/lib/python3.6/site-packages/airflow/example_dags/example_dag_decorator.py
[2026-09-23 11:46:41,900] {scheduler_job.py:629} INFO - Processing file /home/airflow/.local/lib/python3.6/site-packages/airflow/example_dags/example_dag_decorator.py for tasks to queue
[2026-09-23 11:46:41,902] {logging_mixin.py:104} INFO - [2026-09-23 11:46:41,901] {dagbag.py:451} INFO - Filling up the DagBag from /home/airflow/.local/lib/python3.6/site-packages/airflow/example_dags/example_dag_decorator.py
[2026-09-23 11:46:41,937] {scheduler_job.py:639} INFO - DAG(s) dict_keys(['example_dag_decorator']) retrieved from /home/airflow/.local/lib/python3.6/site-packages/airflow/example_dags/example_dag_decorator.py
[2026-09-23 11:46:41,990] {logging_mixin.py:104} INFO - [2026-09-23 11:46:41,990] {dag.py:1824} INFO - Sync 1 DAGs
[2026-09-23 11:46:42,023] {logging_mixin.py:104} INFO - [2026-09-23 11:46:42,022] {dag.py:2280} INFO - Setting next_dagrun for example_dag_decorator to None
[2026-09-23 11:46:42,050] {scheduler_job.py:190} INFO - Processing /home/airflow/.local/lib/python3.6/site-packages/airflow/example_dags/example_dag_decorator.py took 0.159 seconds
[2026-09-23 11:47:12,813] {scheduler_job.py:182} INFO - Started process (PID=1326) to work on /home/airflow/.local/lib/python3.6/site-packages/airflow/example_dags/example_dag_decorator.py
[2026-09-23 11:47:12,816] {scheduler_job.py:629} INFO - Processing file /home/airflow/.local/lib/python3.6/site-packages/airflow/example_dags/example_dag_decorator.py for tasks to queue
[2026-09-23 11:47:12,817] {logging_mixin.py:104} INFO - [2026-09-23 11:47:12,817] {dagbag.py:451} INFO - Filling up the DagBag from /home/airflow/.local/lib/python3.6/site-packages/airflow/example_dags/example_dag_decorator.py
[2026-09-23 11:47:12,845] {scheduler_job.py:639} INFO - DAG(s) dict_keys(['example_dag_decorator']) retrieved from /home/airflow/.local/lib/python3.6/site-packages/airflow/example_dags/example_dag_decorator.py
[2026-09-23 11:47:12,885] {logging_mixin.py:104} INFO - [2026-09-23 11:47:12,885] {dag.py:1824} INFO - Sync 1 DAGs
[2026-09-23 11:47:12,917] {logging_mixin.py:104} INFO - [2026-09-23 11:47:12,916] {dag.py:2280} INFO - Setting next_dagrun for example_dag_decorator to None
[2026-09-23 11:47:12,938] {scheduler_job.py:190} INFO - Processing /home/airflow/.local/lib/python3.6/site-packages/airflow/example_dags/example_dag_decorator.py took 0.130 seconds
[2026-09-23 11:47:43,371] {scheduler_job.py:182} INFO - Started process (PID=1352) to work on /home/airflow/.local/lib/python3.6/site-packages/airflow/example_dags/example_dag_decorator.py
[2026-09-23 11:47:43,373] {scheduler_job.py:629} INFO - Processing file /home/airflow/.local/lib/python3.6/site-packages/airflow/example_dags/example_dag_decorator.py for tasks to queue
[2026-09-23 11:47:43,374] {logging_mixin.py:104} INFO - [2026-09-23 11:47:43,374] {dagbag.py:451} INFO - Filling up the DagBag from /home/airflow/.local/lib/python3.6/site-packages/airflow/example_dags/example_dag_decorator.py
[2026-09-23 11:47:43,405] {scheduler_job.py:639} INFO - DAG(s) dict_keys(['example_dag_decorator']) retrieved from /home/airflow/.local/lib/python3.6/site-packages/airflow/example_dags/example_dag_decorator.py
[2026-09-23 11:47:43,443] {logging_mixin.py:104} INFO - [2026-09-23 11:47:43,443] {dag.py:1824} INFO - Sync 1 DAGs
[2026-09-23 11:47:43,473] {logging_mixin.py:104} INFO - [2026-09-23 11:47:43,473] {dag.py:2280} INFO - Setting next_dagrun for example_dag_decorator to None
[2026-09-23 11:47:43,511] {scheduler_job.py:190} INFO - Processing /home/airflow/.local/lib/python3.6/site-packages/airflow/example_dags/example_dag_decorator.py took 0.146 seconds
[2026-09-23 11:48:13,701] {scheduler_job.py:182} INFO - Started process (PID=1377) to work on /home/airflow/.local/lib/python3.6/site-packages/airflow/example_dags/example_dag_decorator.py
[2026-09-23 11:48:13,703] {scheduler_job.py:629} INFO - Processing file /home/airflow/.local/lib/python3.6/site-packages/airflow/example_dags/example_dag_decorator.py for tasks to queue
[2026-09-23 11:48:13,705] {logging_mixin.py:104} INFO - [2026-09-23 11:48:13,704] {dagbag.py:451} INFO - Filling up the DagBag from /home/airflow/.local/lib/python3.6/site-packages/airflow/example_dags/example_dag_decorator.py
[2026-09-23 11:48:13,730] {scheduler_job.py:639} INFO - DAG(s) dict_keys(['example_dag_decorator']) retrieved from /home/airflow/.local/lib/python3.6/site-packages/airflow/example_dags/example_dag_decorator.py
[2026-09-23 11:48:13,769] {logging_mixin.py:104} INFO - [2026-09-23 11:48:13,769] {dag.py:1824} INFO - Sync 1 DAGs
[2026-09-23 11:48:13,792] {logging_mixin.py:104} INFO - [2026-09-23 11:48:13,792] {dag.py:2280} INFO - Setting next_dagrun for example_dag_decorator to None
[2026-09-23 11:48:13,815] {scheduler_job.py:190} INFO - Processing /home/airflow/.local/lib/python3.6/site-packages/airflow/example_dags/example_dag_decorator.py took 0.121 seconds
[2026-09-23 11:48:44,257] {scheduler_job.py:182} INFO - Started process (PID=1403) to work on /home/airflow/.local/lib/python3.6/site-packages/airflow/example_dags/example_dag_decorator.py
[2026-09-23 11:48:44,258] {scheduler_job.py:629} INFO - Processing file /home/airflow/.local/lib/python3.6/site-packages/airflow/example_dags/example_dag_decorator.py for tasks to queue
[2026-09-23 11:48:44,259] {logging_mixin.py:104} INFO - [2026-09-23 11:48:44,259] {dagbag.py:451} INFO - Filling up the DagBag from /home/airflow/.local/lib/python3.6/site-packages/airflow/example_dags/example_dag_decorator.py
[2026-09-23 11:48:44,280] {scheduler_job.py:639} INFO - DAG(s) dict_keys(['example_dag_decorator']) retrieved from /home/airflow/.local/lib/python3.6/site-packages/airflow/example_dags/example_dag_decorator.py
[2026-09-23 11:48:44,310] {logging_mixin.py:104} INFO - [2026-09-23 11:48:44,310] {dag.py:1824} INFO - Sync 1 DAGs
[2026-09-23 11:48:44,333] {logging_mixin.py:104} INFO - [2026-09-23 11:48:44,333] {dag.py:2280} INFO - Setting next_dagrun for example_dag_decorator to None
[2026-09-23 11:48:44,349] {scheduler_job.py:190} INFO - Processing /home/airflow/.local/lib/python3.6/site-packages/airflow/example_dags/example_dag_decorator.py took 0.096 seconds
[2026-09-23 11:49:15,067] {scheduler_job.py:182} INFO - Started process (PID=1429) to work on /home/airflow/.local/lib/python3.6/site-packages/airflow/example_dags/example_dag_decorator.py
[2026-09-23 11:49:15,072] {scheduler_job.py:629} INFO - Processing file /home/airflow/.local/lib/python3.6/site-packages/airflow/example_dags/example_dag_decorator.py for tasks to queue
[2026-09-23 11:49:15,073] {logging_mixin.py:104} INFO - [2026-09-23 11:49:15,073] {dagbag.py:451} INFO - Filling up the DagBag from /home/airflow/.local/lib/python3.6/site-packages/airflow/example_dags/example_dag_decorator.py
[2026-09-23 11:49:15,109] {scheduler_job.py:639} INFO - DAG(s) dict_keys(['example_dag_decorator']) retrieved from /home/airflow/.local/lib/python3.6/site-packages/airflow/example_dags/example_dag_decorator.py
[2026-09-23 11:49:15,154] {logging_mixin.py:104} INFO - [2026-09-23 11:49:15,154] {dag.py:1824} INFO - Sync 1 DAGs
[2026-09-23 11:49:15,181] {logging_mixin.py:104} INFO - [2026-09-23 11:49:15,181] {dag.py:2280} INFO - Setting next_dagrun for example_dag_decorator to None
[2026-09-23 11:49:15,206] {scheduler_job.py:190} INFO - Processing /home/airflow/.local/lib/python3.6/site-packages/airflow/example_dags/example_dag_decorator.py took 0.148 seconds
[2026-09-23 11:49:46,177] {scheduler_job.py:182} INFO - Started process (PID=1455) to work on /home/airflow/.local/lib/python3.6/site-packages/airflow/example_dags/example_dag_decorator.py
[2026-09-23 11:49:46,178] {scheduler_job.py:629} INFO - Processing file /home/airflow/.local/lib/python3.6/site-packages/airflow/example_dags/example_dag_decorator.py for tasks to queue
[2026-09-23 11:49:46,179] {logging_mixin.py:104} INFO - [2026-09-23 11:49:46,179] {dagbag.py:451} INFO - Filling up the DagBag from /home/airflow/.local/lib/python3.6/site-packages/airflow/example_dags/example_dag_decorator.py
[2026-09-23 11:49:46,197] {scheduler_job.py:639} INFO - DAG(s) dict_keys(['example_dag_decorator']) retrieved from /home/airflow/.local/lib/python3.6/site-packages/airflow/example_dags/example_dag_decorator.py
[2026-09-23 11:49:46,224] {logging_mixin.py:104} INFO - [2026-09-23 11:49:46,224] {dag.py:1824} INFO - Sync 1 DAGs
[2026-09-23 11:49:46,241] {logging_mixin.py:104} INFO - [2026-09-23 11:49:46,241] {dag.py:2280} INFO - Setting next_dagrun for example_dag_decorator to None
[2026-09-23 11:49:46,258] {scheduler_job.py:190} INFO - Processing /home/airflow/.local/lib/python3.6/site-packages/airflow/example_dags/example_dag_decorator.py took 0.085 seconds
[2026-09-23 11:50:17,156] {scheduler_job.py:182} INFO - Started process (PID=1481) to work on /home/airflow/.local/lib/python3.6/site-packages/airflow/example_dags/example_dag_decorator.py
[2026-09-23 11:50:17,158] {scheduler_job.py:629} INFO - Processing file /home/airflow/.local/lib/python3.6/site-packages/airflow/example_dags/example_dag_decorator.py for tasks to queue
[2026-09-23 11:50:17,159] {logging_mixin.py:104} INFO - [2026-09-23 11:50:17,158] {dagbag.py:451} INFO - Filling up the DagBag from /home/airflow/.local/lib/python3.6/site-packages/airflow/example_dags/example_dag_decorator.py
[2026-09-23 11:50:17,181] {scheduler_job.py:639} INFO - DAG(s) dict_keys(['example_dag_decorator']) retrieved from /home/airflow/.local/lib/python3.6/site-packages/airflow/example_dags/example_dag_decorator.py
[2026-09-23 11:50:17,219] {logging_mixin.py:104} INFO - [2026-09-23 11:50:17,219] {dag.py:1824} INFO - Sync 1 DAGs
[2026-09-23 11:50:17,243] {logging_mixin.py:104} INFO - [2026-09-23 11:50:17,242] {dag.py:2280} INFO - Setting next_dagrun for example_dag_decorator to None
[2026-09-23 11:50:17,259] {scheduler_job.py:190} INFO - Processing /home/airflow/.local/lib/python3.6/site-packages/airflow/example_dags/example_dag_decorator.py took 0.107 seconds
[2026-09-23 11:50:47,621] {scheduler_job.py:182} INFO - Started process (PID=1507) to work on /home/airflow/.local/lib/python3.6/site-packages/airflow/example_dags/example_dag_decorator.py
[2026-09-23 11:50:47,623] {scheduler_job.py:629} INFO - Processing file /home/airflow/.local/lib/python3.6/site-packages/airflow/example_dags/example_dag_decorator.py for tasks to queue
[2026-09-23 11:50:47,623] {logging_mixin.py:104} INFO - [2026-09-23 11:50:47,623] {dagbag.py:451} INFO - Filling up the DagBag from /home/airflow/.local/lib/python3.6/site-packages/airflow/example_dags/example_dag_decorator.py
[2026-09-23 11:50:47,645] {scheduler_job.py:639} INFO - DAG(s) dict_keys(['example_dag_decorator']) retrieved from /home/airflow/.local/lib/python3.6/site-packages/airflow/example_dags/example_dag_decorator.py
[2026-09-23 11:50:47,680] {logging_mixin.py:104} INFO - [2026-09-23 11:50:47,680] {dag.py:1824} INFO - Sync 1 DAGs
[2026-09-23 11:50:47,705] {logging_mixin.py:104} INFO - [2026-09-23 11:50:47,705] {dag.py:2280} INFO - Setting next_dagrun for example_dag_decorator to None
[2026-09-23 11:50:47,724] {scheduler_job.py:190} INFO - Processing /home/airflow/.local/lib/python3.6/site-packages/airflow/example_dags/example_dag_decorator.py took 0.107 seconds
[2026-09-23 11:51:18,689] {scheduler_job.py:182} INFO - Started process (PID=1533) to work on /home/airflow/.local/lib/python3.6/site-packages/airflow/example_dags/example_dag_decorator.py
[2026-09-23 11:51:18,690] {scheduler_job.py:629} INFO - Processing file /home/airflow/.local/lib/python3.6/site-packages/airflow/example_dags/example_dag_decorator.py for tasks to queue
[2026-09-23 11:51:18,691] {logging_mixin.py:104} INFO - [2026-09-23 11:51:18,691] {dagbag.py:451} INFO - Filling up the DagBag from /home/airflow/.local/lib/python3.6/site-packages/airflow/example_dags/example_dag_decorator.py
[2026-09-23 11:51:18,717] {scheduler_job.py:639} INFO - DAG(s) dict_keys(['example_dag_decorator']) retrieved from /home/airflow/.local/lib/python3.6/site-packages/airflow/example_dags/example_dag_decorator.py
[2026-09-23 11:51:18,754] {logging_mixin.py:104} INFO - [2026-09-23 11:51:18,754] {dag.py:1824} INFO - Sync 1 DAGs
[2026-09-23 11:51:18,785] {logging_mixin.py:104} INFO - [2026-09-23 11:51:18,784] {dag.py:2280} INFO - Setting next_dagrun for example_dag_decorator to None
[2026-09-23 11:51:18,812] {scheduler_job.py:190} INFO - Processing /home/airflow/.local/lib/python3.6/site-packages/airflow/example_dags/example_dag_decorator.py took 0.128 seconds
[2026-09-23 11:51:49,529] {scheduler_job.py:182} INFO - Started process (PID=1560) to work on /home/airflow/.local/lib/python3.6/site-packages/airflow/example_dags/example_dag_decorator.py
[2026-09-23 11:51:49,531] {scheduler_job.py:629} INFO - Processing file /home/airflow/.local/lib/python3.6/site-packages/airflow/example_dags/example_dag_decorator.py for tasks to queue
[2026-09-23 11:51:49,532] {logging_mixin.py:104} INFO - [2026-09-23 11:51:49,531] {dagbag.py:451} INFO - Filling up the DagBag from /home/airflow/.local/lib/python3.6/site-packages/airflow/example_dags/example_dag_decorator.py
[2026-09-23 11:51:49,553] {scheduler_job.py:639} INFO - DAG(s) dict_keys(['example_dag_decorator']) retrieved from /home/airflow/.local/lib/python3.6/site-packages/airflow/example_dags/example_dag_decorator.py
[2026-09-23 11:51:49,583] {logging_mixin.py:104} INFO - [2026-09-23 11:51:49,583] {dag.py:1824} INFO - Sync 1 DAGs
[2026-09-23 11:51:49,604] {logging_mixin.py:104} INFO - [2026-09-23 11:51:49,604] {dag.py:2280} INFO - Setting next_dagrun for example_dag_decorator to None
[2026-09-23 11:51:49,624] {scheduler_job.py:190} INFO - Processing /home/airflow/.local/lib/python3.6/site-packages/airflow/example_dags/example_dag_decorator.py took 0.099 seconds
[2026-09-23 11:52:19,804] {scheduler_job.py:182} INFO - Started process (PID=1585) to work on /home/airflow/.local/lib/python3.6/site-packages/airflow/example_dags/example_dag_decorator.py
[2026-09-23 11:52:19,806] {scheduler_job.py:629} INFO - Processing file /home/airflow/.local/lib/python3.6/site-packages/airflow/example_dags/example_dag_decorator.py for tasks to queue
[2026-09-23 11:52:19,808] {logging_mixin.py:104} INFO - [2026-09-23 11:52:19,807] {dagbag.py:451} INFO - Filling up the DagBag from /home/airflow/.local/lib/python3.6/site-packages/airflow/example_dags/example_dag_decorator.py
[2026-09-23 11:52:19,837] {scheduler_job.py:639} INFO - DAG(s) dict_keys(['example_dag_decorator']) retrieved from /home/airflow/.local/lib/python3.6/site-packages/airflow/example_dags/example_dag_decorator.py
[2026-09-23 11:52:19,886] {logging_mixin.py:104} INFO - [2026-09-23 11:52:19,886] {dag.py:1824} INFO - Sync 1 DAGs
[2026-09-23 11:52:19,917] {logging_mixin.py:104} INFO - [2026-09-23 11:52:19,917] {dag.py:2280} INFO - Setting next_dagrun for example_dag_decorator to None
[2026-09-23 11:52:19,947] {scheduler_job.py:190} INFO - Processing /home/airflow/.local/lib/python3.6/site-packages/airflow/example_dags/example_dag_decorator.py took 0.150 seconds
[2026-09-23 11:52:49,981] {scheduler_job.py:182} INFO - Started process (PID=1612) to work on /home/airflow/.local/lib/python3.6/site-packages/airflow/example_dags/example_dag_decorator.py
[2026-09-23 11:52:49,982] {scheduler_job.py:629} INFO - Processing file /home/airflow/.local/lib/python3.6/site-packages/airflow/example_dags/example_dag_decorator.py for tasks to queue
[2026-09-23 11:52:49,983] {logging_mixin.py:104} INFO - [2026-09-23 11:52:49,983] {dagbag.py:451} INFO - Filling up the DagBag from /home/airflow/.local/lib/python3.6/site-packages/airflow/example_dags/example_dag_decorator.py
[2026-09-23 11:52:50,011] {scheduler_job.py:639} INFO - DAG(s) dict_keys(['example_dag_decorator']) retrieved from /home/airflow/.local/lib/python3.6/site-packages/airflow/example_dags/example_dag_decorator.py
[2026-09-23 11:52:50,058] {logging_mixin.py:104} INFO - [2026-09-23 11:52:50,058] {dag.py:1824} INFO - Sync 1 DAGs
[2026-09-23 11:52:50,089] {logging_mixin.py:104} INFO - [2026-09-23 11:52:50,089] {dag.py:2280} INFO - Setting next_dagrun for example_dag_decorator to None
[2026-09-23 11:52:50,114] {scheduler_job.py:190} INFO - Processing /home/airflow/.local/lib/python3.6/site-packages/airflow/example_dags/example_dag_decorator.py took 0.138 seconds
[2026-09-23 11:53:20,194] {scheduler_job.py:182} INFO - Started process (PID=1637) to work on /home/airflow/.local/lib/python3.6/site-packages/airflow/example_dags/example_dag_decorator.py
[2026-09-23 11:53:20,195] {scheduler_job.py:629} INFO - Processing file /home/airflow/.local/lib/python3.6/site-packages/airflow/example_dags/example_dag_decorator.py for tasks to queue
[2026-09-23 11:53:20,196] {logging_mixin.py:104} INFO - [2026-09-23 11:53:20,196] {dagbag.py:451} INFO - Filling up the DagBag from /home/airflow/.local/lib/python3.6/site-packages/airflow/example_dags/example_dag_decorator.py
[2026-09-23 11:53:20,229] {scheduler_job.py:639} INFO - DAG(s) dict_keys(['example_dag_decorator']) retrieved from /home/airflow/.local/lib/python3.6/site-packages/airflow/example_dags/example_dag_decorator.py
[2026-09-23 11:53:20,272] {logging_mixin.py:104} INFO - [2026-09-23 11:53:20,272] {dag.py:1824} INFO - Sync 1 DAGs
[2026-09-23 11:53:20,297] {logging_mixin.py:104} INFO - [2026-09-23 11:53:20,297] {dag.py:2280} INFO - Setting next_dagrun for example_dag_decorator to None
[2026-09-23 11:53:20,322] {scheduler_job.py:190} INFO - Processing /home/airflow/.local/lib/python3.6/site-packages/airflow/example_dags/example_dag_decorator.py took 0.133 seconds
[2026-09-23 11:53:51,347] {scheduler_job.py:182} INFO - Started process (PID=1666) to work on /home/airflow/.local/lib/python3.6/site-packages/airflow/example_dags/example_dag_decorator.py
[2026-09-23 11:53:51,348] {scheduler_job.py:629} INFO - Processing file /home/airflow/.local/lib/python3.6/site-packages/airflow/example_dags/example_dag_decorator.py for tasks to queue
[2026-09-23 11:53:51,349] {logging_mixin.py:104} INFO - [2026-09-23 11:53:51,349] {dagbag.py:451} INFO - Filling up the DagBag from /home/airflow/.local/lib/python3.6/site-packages/airflow/example_dags/example_dag_decorator.py
[2026-09-23 11:53:51,384] {scheduler_job.py:639} INFO - DAG(s) dict_keys(['example_dag_decorator']) retrieved from /home/airflow/.local/lib/python3.6/site-packages/airflow/example_dags/example_dag_decorator.py
[2026-09-23 11:53:51,429] {logging_mixin.py:104} INFO - [2026-09-23 11:53:51,428] {dag.py:1824} INFO - Sync 1 DAGs
[2026-09-23 11:53:51,457] {logging_mixin.py:104} INFO - [2026-09-23 11:53:51,457] {dag.py:2280} INFO - Setting next_dagrun for example_dag_decorator to None
[2026-09-23 11:53:51,481] {scheduler_job.py:190} INFO - Processing /home/airflow/.local/lib/python3.6/site-packages/airflow/example_dags/example_dag_decorator.py took 0.139 seconds
[2026-09-23 11:54:22,400] {scheduler_job.py:182} INFO - Started process (PID=1692) to work on /home/airflow/.local/lib/python3.6/site-packages/airflow/example_dags/example_dag_decorator.py
[2026-09-23 11:54:22,403] {scheduler_job.py:629} INFO - Processing file /home/airflow/.local/lib/python3.6/site-packages/airflow/example_dags/example_dag_decorator.py for tasks to queue
[2026-09-23 11:54:22,405] {logging_mixin.py:104} INFO - [2026-09-23 11:54:22,404] {dagbag.py:451} INFO - Filling up the DagBag from /home/airflow/.local/lib/python3.6/site-packages/airflow/example_dags/example_dag_decorator.py
[2026-09-23 11:54:22,436] {scheduler_job.py:639} INFO - DAG(s) dict_keys(['example_dag_decorator']) retrieved from /home/airflow/.local/lib/python3.6/site-packages/airflow/example_dags/example_dag_decorator.py
[2026-09-23 11:54:22,477] {logging_mixin.py:104} INFO - [2026-09-23 11:54:22,476] {dag.py:1824} INFO - Sync 1 DAGs
[2026-09-23 11:54:22,508] {logging_mixin.py:104} INFO - [2026-09-23 11:54:22,508] {dag.py:2280} INFO - Setting next_dagrun for example_dag_decorator to None
[2026-09-23 11:54:22,526] {scheduler_job.py:190} INFO - Processing /home/airflow/.local/lib/python3.6/site-packages/airflow/example_dags/example_dag_decorator.py took 0.131 seconds
[2026-09-23 11:54:52,558] {scheduler_job.py:182} INFO - Started process (PID=1717) to work on /home/airflow/.local/lib/python3.6/site-packages/airflow/example_dags/example_dag_decorator.py
[2026-09-23 11:54:52,559] {scheduler_job.py:629} INFO - Processing file /home/airflow/.local/lib/python3.6/site-packages/airflow/example_dags/example_dag_decorator.py for tasks to queue
[2026-09-23 11:54:52,560] {logging_mixin.py:104} INFO - [2026-09-23 11:54:52,559] {dagbag.py:451} INFO - Filling up the DagBag from /home/airflow/.local/lib/python3.6/site-packages/airflow/example_dags/example_dag_decorator.py
[2026-09-23 11:54:52,585] {scheduler_job.py:639} INFO - DAG(s) dict_keys(['example_dag_decorator']) retrieved from /home/airflow/.local/lib/python3.6/site-packages/airflow/example_dags/example_dag_decorator.py
[2026-09-23 11:54:52,624] {logging_mixin.py:104} INFO - [2026-09-23 11:54:52,623] {dag.py:1824} INFO - Sync 1 DAGs
[2026-09-23 11:54:52,650] {logging_mixin.py:104} INFO - [2026-09-23 11:54:52,650] {dag.py:2280} INFO - Setting next_dagrun for example_dag_decorator to None
[2026-09-23 11:54:52,674] {scheduler_job.py:190} INFO - Processing /home/airflow/.local/lib/python3.6/site-packages/airflow/example_dags/example_dag_decorator.py took 0.120 seconds
[2026-09-23 11:55:23,439] {scheduler_job.py:182} INFO - Started process (PID=1742) to work on /home/airflow/.local/lib/python3.6/site-packages/airflow/example_dags/example_dag_decorator.py
[2026-09-23 11:55:23,441] {scheduler_job.py:629} INFO - Processing file /home/airflow/.local/lib/python3.6/site-packages/airflow/example_dags/example_dag_decorator.py for tasks to queue
[2026-09-23 11:55:23,442] {logging_mixin.py:104} INFO - [2026-09-23 11:55:23,442] {dagbag.py:451} INFO - Filling up the DagBag from /home/airflow/.local/lib/python3.6/site-packages/airflow/example_dags/example_dag_decorator.py
[2026-09-23 11:55:23,474] {scheduler_job.py:639} INFO - DAG(s) dict_keys(['example_dag_decorator']) retrieved from /home/airflow/.local/lib/python3.6/site-packages/airflow/example_dags/example_dag_decorator.py
[2026-09-23 11:55:23,519] {logging_mixin.py:104} INFO - [2026-09-23 11:55:23,518] {dag.py:1824} INFO - Sync 1 DAGs
[2026-09-23 11:55:23,545] {logging_mixin.py:104} INFO - [2026-09-23 11:55:23,545] {dag.py:2280} INFO - Setting next_dagrun for example_dag_decorator to None
[2026-09-23 11:55:23,569] {scheduler_job.py:190} INFO - Processing /home/airflow/.local/lib/python3.6/site-packages/airflow/example_dags/example_dag_decorator.py took 0.136 seconds
[2026-09-23 11:55:54,154] {scheduler_job.py:182} INFO - Started process (PID=1768) to work on /home/airflow/.local/lib/python3.6/site-packages/airflow/example_dags/example_dag_decorator.py
[2026-09-23 11:55:54,156] {scheduler_job.py:629} INFO - Processing file /home/airflow/.local/lib/python3.6/site-packages/airflow/example_dags/example_dag_decorator.py for tasks to queue
[2026-09-23 11:55:54,157] {logging_mixin.py:104} INFO - [2026-09-23 11:55:54,157] {dagbag.py:451} INFO - Filling up the DagBag from /home/airflow/.local/lib/python3.6/site-packages/airflow/example_dags/example_dag_decorator.py
[2026-09-23 11:55:54,191] {scheduler_job.py:639} INFO - DAG(s) dict_keys(['example_dag_decorator']) retrieved from /home/airflow/.local/lib/python3.6/site-packages/airflow/example_dags/example_dag_decorator.py
[2026-09-23 11:55:54,233] {logging_mixin.py:104} INFO - [2026-09-23 11:55:54,233] {dag.py:1824} INFO - Sync 1 DAGs
[2026-09-23 11:55:54,260] {logging_mixin.py:104} INFO - [2026-09-23 11:55:54,260] {dag.py:2280} INFO - Setting next_dagrun for example_dag_decorator to None
[2026-09-23 11:55:54,282] {scheduler_job.py:190} INFO - Processing /home/airflow/.local/lib/python3.6/site-packages/airflow/example_dags/example_dag_decorator.py took 0.134 seconds
[2026-09-23 11:56:25,043] {scheduler_job.py:182} INFO - Started process (PID=1794) to work on /home/airflow/.local/lib/python3.6/site-packages/airflow/example_dags/example_dag_decorator.py
[2026-09-23 11:56:25,045] {scheduler_job.py:629} INFO - Processing file /home/airflow/.local/lib/python3.6/site-packages/airflow/example_dags/example_dag_decorator.py for tasks to queue
[2026-09-23 11:56:25,047] {logging_mixin.py:104} INFO - [2026-09-23 11:56:25,046] {dagbag.py:451} INFO - Filling up the DagBag from /home/airflow/.local/lib/python3.6/site-packages/airflow/example_dags/example_dag_decorator.py
[2026-09-23 11:56:25,078] {scheduler_job.py:639} INFO - DAG(s) dict_keys(['example_dag_decorator']) retrieved from /home/airflow/.local/lib/python3.6/site-packages/airflow/example_dags/example_dag_decorator.py
[2026-09-23 11:56:25,126] {logging_mixin.py:104} INFO - [2026-09-23 11:56:25,126] {dag.py:1824} INFO - Sync 1 DAGs
[2026-09-23 11:56:25,151] {logging_mixin.py:104} INFO - [2026-09-23 11:56:25,151] {dag.py:2280} INFO - Setting next_dagrun for example_dag_decorator to None
[2026-09-23 11:56:25,175] {scheduler_job.py:190} INFO - Processing /home/airflow/.local/lib/python3.6/site-packages/airflow/example_dags/example_dag_decorator.py took 0.139 seconds
[2026-09-23 11:56:55,648] {scheduler_job.py:182} INFO - Started process (PID=1820) to work on /home/airflow/.local/lib/python3.6/site-packages/airflow/example_dags/example_dag_decorator.py
[2026-09-23 11:56:55,650] {scheduler_job.py:629} INFO - Processing file /home/airflow/.local/lib/python3.6/site-packages/airflow/example_dags/example_dag_decorator.py for tasks to queue
[2026-09-23 11:56:55,651] {logging_mixin.py:104} INFO - [2026-09-23 11:56:55,650] {dagbag.py:451} INFO - Filling up the DagBag from /home/airflow/.local/lib/python3.6/site-packages/airflow/example_dags/example_dag_decorator.py
[2026-09-23 11:56:55,677] {scheduler_job.py:639} INFO - DAG(s) dict_keys(['example_dag_decorator']) retrieved from /home/airflow/.local/lib/python3.6/site-packages/airflow/example_dags/example_dag_decorator.py
[2026-09-23 11:56:55,711] {logging_mixin.py:104} INFO - [2026-09-23 11:56:55,710] {dag.py:1824} INFO - Sync 1 DAGs
[2026-09-23 11:56:55,735] {logging_mixin.py:104} INFO - [2026-09-23 11:56:55,735] {dag.py:2280} INFO - Setting next_dagrun for example_dag_decorator to None
[2026-09-23 11:56:55,758] {scheduler_job.py:190} INFO - Processing /home/airflow/.local/lib/python3.6/site-packages/airflow/example_dags/example_dag_decorator.py took 0.115 seconds
[2026-09-23 11:57:26,186] {scheduler_job.py:182} INFO - Started process (PID=1846) to work on /home/airflow/.local/lib/python3.6/site-packages/airflow/example_dags/example_dag_decorator.py
[2026-09-23 11:57:26,188] {scheduler_job.py:629} INFO - Processing file /home/airflow/.local/lib/python3.6/site-packages/airflow/example_dags/example_dag_decorator.py for tasks to queue
[2026-09-23 11:57:26,189] {logging_mixin.py:104} INFO - [2026-09-23 11:57:26,188] {dagbag.py:451} INFO - Filling up the DagBag from /home/airflow/.local/lib/python3.6/site-packages/airflow/example_dags/example_dag_decorator.py
[2026-09-23 11:57:26,218] {scheduler_job.py:639} INFO - DAG(s) dict_keys(['example_dag_decorator']) retrieved from /home/airflow/.local/lib/python3.6/site-packages/airflow/example_dags/example_dag_decorator.py
[2026-09-23 11:57:26,248] {logging_mixin.py:104} INFO - [2026-09-23 11:57:26,247] {dag.py:1824} INFO - Sync 1 DAGs
[2026-09-23 11:57:26,267] {logging_mixin.py:104} INFO - [2026-09-23 11:57:26,267] {dag.py:2280} INFO - Setting next_dagrun for example_dag_decorator to None
[2026-09-23 11:57:26,283] {scheduler_job.py:190} INFO - Processing /home/airflow/.local/lib/python3.6/site-packages/airflow/example_dags/example_dag_decorator.py took 0.102 seconds
[2026-09-23 11:57:57,096] {scheduler_job.py:182} INFO - Started process (PID=1872) to work on /home/airflow/.local/lib/python3.6/site-packages/airflow/example_dags/example_dag_decorator.py
[2026-09-23 11:57:57,098] {scheduler_job.py:629} INFO - Processing file /home/airflow/.local/lib/python3.6/site-packages/airflow/example_dags/example_dag_decorator.py for tasks to queue
[2026-09-23 11:57:57,099] {logging_mixin.py:104} INFO - [2026-09-23 11:57:57,099] {dagbag.py:451} INFO - Filling up the DagBag from /home/airflow/.local/lib/python3.6/site-packages/airflow/example_dags/example_dag_decorator.py
[2026-09-23 11:57:57,132] {scheduler_job.py:639} INFO - DAG(s) dict_keys(['example_dag_decorator']) retrieved from /home/airflow/.local/lib/python3.6/site-packages/airflow/example_dags/example_dag_decorator.py
[2026-09-23 11:57:57,177] {logging_mixin.py:104} INFO - [2026-09-23 11:57:57,176] {dag.py:1824} INFO - Sync 1 DAGs
[2026-09-23 11:57:57,208] {logging_mixin.py:104} INFO - [2026-09-23 11:57:57,207] {dag.py:2280} INFO - Setting next_dagrun for example_dag_decorator to None
[2026-09-23 11:57:57,234] {scheduler_job.py:190} INFO - Processing /home/airflow/.local/lib/python3.6/site-packages/airflow/example_dags/example_dag_decorator.py took 0.145 seconds
[2026-09-23 11:58:27,337] {scheduler_job.py:182} INFO - Started process (PID=1897) to work on /home/airflow/.local/lib/python3.6/site-packages/airflow/example_dags/example_dag_decorator.py
[2026-09-23 11:58:27,339] {scheduler_job.py:629} INFO - Processing file /home/airflow/.local/lib/python3.6/site-packages/airflow/example_dags/example_dag_decorator.py for tasks to queue
[2026-09-23 11:58:27,340] {logging_mixin.py:104} INFO - [2026-09-23 11:58:27,340] {dagbag.py:451} INFO - Filling up the DagBag from /home/airflow/.local/lib/python3.6/site-packages/airflow/example_dags/example_dag_decorator.py
[2026-09-23 11:58:27,369] {scheduler_job.py:639} INFO - DAG(s) dict_keys(['example_dag_decorator']) retrieved from /home/airflow/.local/lib/python3.6/site-packages/airflow/example_dags/example_dag_decorator.py
[2026-09-23 11:58:27,410] {logging_mixin.py:104} INFO - [2026-09-23 11:58:27,409] {dag.py:1824} INFO - Sync 1 DAGs
[2026-09-23 11:58:27,440] {logging_mixin.py:104} INFO - [2026-09-23 11:58:27,440] {dag.py:2280} INFO - Setting next_dagrun for example_dag_decorator to None
[2026-09-23 11:58:27,469] {scheduler_job.py:190} INFO - Processing /home/airflow/.local/lib/python3.6/site-packages/airflow/example_dags/example_dag_decorator.py took 0.139 seconds
[2026-09-23 11:58:57,549] {scheduler_job.py:182} INFO - Started process (PID=1923) to work on /home/airflow/.local/lib/python3.6/site-packages/airflow/example_dags/example_dag_decorator.py
[2026-09-23 11:58:57,550] {scheduler_job.py:629} INFO - Processing file /home/airflow/.local/lib/python3.6/site-packages/airflow/example_dags/example_dag_decorator.py for tasks to queue
[2026-09-23 11:58:57,551] {logging_mixin.py:104} INFO - [2026-09-23 11:58:57,550] {dagbag.py:451} INFO - Filling up the DagBag from /home/airflow/.local/lib/python3.6/site-packages/airflow/example_dags/example_dag_decorator.py
[2026-09-23 11:58:57,573] {scheduler_job.py:639} INFO - DAG(s) dict_keys(['example_dag_decorator']) retrieved from /home/airflow/.local/lib/python3.6/site-packages/airflow/example_dags/example_dag_decorator.py
[2026-09-23 11:58:57,612] {logging_mixin.py:104} INFO - [2026-09-23 11:58:57,611] {dag.py:1824} INFO - Sync 1 DAGs
[2026-09-23 11:58:57,643] {logging_mixin.py:104} INFO - [2026-09-23 11:58:57,643] {dag.py:2280} INFO - Setting next_dagrun for example_dag_decorator to None
[2026-09-23 11:58:57,664] {scheduler_job.py:190} INFO - Processing /home/airflow/.local/lib/python3.6/site-packages/airflow/example_dags/example_dag_decorator.py took 0.120 seconds
[2026-09-23 11:59:28,645] {scheduler_job.py:182} INFO - Started process (PID=1949) to work on /home/airflow/.local/lib/python3.6/site-packages/airflow/example_dags/example_dag_decorator.py
[2026-09-23 11:59:28,646] {scheduler_job.py:629} INFO - Processing file /home/airflow/.local/lib/python3.6/site-packages/airflow/example_dags/example_dag_decorator.py for tasks to queue
[2026-09-23 11:59:28,647] {logging_mixin.py:104} INFO - [2026-09-23 11:59:28,647] {dagbag.py:451} INFO - Filling up the DagBag from /home/airflow/.local/lib/python3.6/site-packages/airflow/example_dags/example_dag_decorator.py
[2026-09-23 11:59:28,666] {scheduler_job.py:639} INFO - DAG(s) dict_keys(['example_dag_decorator']) retrieved from /home/airflow/.local/lib/python3.6/site-packages/airflow/example_dags/example_dag_decorator.py
[2026-09-23 11:59:28,697] {logging_mixin.py:104} INFO - [2026-09-23 11:59:28,697] {dag.py:1824} INFO - Sync 1 DAGs
[2026-09-23 11:59:28,720] {logging_mixin.py:104} INFO - [2026-09-23 11:59:28,719] {dag.py:2280} INFO - Setting next_dagrun for example_dag_decorator to None
[2026-09-23 11:59:28,741] {scheduler_job.py:190} INFO - Processing /home/airflow/.local/lib/python3.6/site-packages/airflow/example_dags/example_dag_decorator.py took 0.100 seconds
[2026-09-23 11:59:59,312] {scheduler_job.py:182} INFO - Started process (PID=1975) to work on /home/airflow/.local/lib/python3.6/site-packages/airflow/example_dags/example_dag_decorator.py
[2026-09-23 11:59:59,313] {scheduler_job.py:629} INFO - Processing file /home/airflow/.local/lib/python3.6/site-packages/airflow/example_dags/example_dag_decorator.py for tasks to queue
[2026-09-23 11:59:59,314] {logging_mixin.py:104} INFO - [2026-09-23 11:59:59,314] {dagbag.py:451} INFO - Filling up the DagBag from /home/airflow/.local/lib/python3.6/site-packages/airflow/example_dags/example_dag_decorator.py
[2026-09-23 11:59:59,335] {scheduler_job.py:639} INFO - DAG(s) dict_keys(['example_dag_decorator']) retrieved from /home/airflow/.local/lib/python3.6/site-packages/airflow/example_dags/example_dag_decorator.py
[2026-09-23 11:59:59,361] {logging_mixin.py:104} INFO - [2026-09-23 11:59:59,361] {dag.py:1824} INFO - Sync 1 DAGs
[2026-09-23 11:59:59,382] {logging_mixin.py:104} INFO - [2026-09-23 11:59:59,382] {dag.py:2280} INFO - Setting next_dagrun for example_dag_decorator to None
[2026-09-23 11:59:59,400] {scheduler_job.py:190} INFO - Processing /home/airflow/.local/lib/python3.6/site-packages/airflow/example_dags/example_dag_decorator.py took 0.092 seconds
[2026-09-23 12:00:30,023] {scheduler_job.py:182} INFO - Started process (PID=2001) to work on /home/airflow/.local/lib/python3.6/site-packages/airflow/example_dags/example_dag_decorator.py
[2026-09-23 12:00:30,024] {scheduler_job.py:629} INFO - Processing file /home/airflow/.local/lib/python3.6/site-packages/airflow/example_dags/example_dag_decorator.py for tasks to queue
[2026-09-23 12:00:30,024] {logging_mixin.py:104} INFO - [2026-09-23 12:00:30,024] {dagbag.py:451} INFO - Filling up the DagBag from /home/airflow/.local/lib/python3.6/site-packages/airflow/example_dags/example_dag_decorator.py
[2026-09-23 12:00:30,044] {scheduler_job.py:639} INFO - DAG(s) dict_keys(['example_dag_decorator']) retrieved from /home/airflow/.local/lib/python3.6/site-packages/airflow/example_dags/example_dag_decorator.py
[2026-09-23 12:00:30,072] {logging_mixin.py:104} INFO - [2026-09-23 12:00:30,072] {dag.py:1824} INFO - Sync 1 DAGs
[2026-09-23 12:00:30,094] {logging_mixin.py:104} INFO - [2026-09-23 12:00:30,094] {dag.py:2280} INFO - Setting next_dagrun for example_dag_decorator to None
[2026-09-23 12:00:30,109] {scheduler_job.py:190} INFO - Processing /home/airflow/.local/lib/python3.6/site-packages/airflow/example_dags/example_dag_decorator.py took 0.090 seconds
[2026-09-23 12:01:00,519] {scheduler_job.py:182} INFO - Started process (PID=2027) to work on /home/airflow/.local/lib/python3.6/site-packages/airflow/example_dags/example_dag_decorator.py
[2026-09-23 12:01:00,520] {scheduler_job.py:629} INFO - Processing file /home/airflow/.local/lib/python3.6/site-packages/airflow/example_dags/example_dag_decorator.py for tasks to queue
[2026-09-23 12:01:00,521] {logging_mixin.py:104} INFO - [2026-09-23 12:01:00,521] {dagbag.py:451} INFO - Filling up the DagBag from /home/airflow/.local/lib/python3.6/site-packages/airflow/example_dags/example_dag_decorator.py
[2026-09-23 12:01:00,541] {scheduler_job.py:639} INFO - DAG(s) dict_keys(['example_dag_decorator']) retrieved from /home/airflow/.local/lib/python3.6/site-packages/airflow/example_dags/example_dag_decorator.py
[2026-09-23 12:01:00,579] {logging_mixin.py:104} INFO - [2026-09-23 12:01:00,579] {dag.py:1824} INFO - Sync 1 DAGs
[2026-09-23 12:01:00,609] {logging_mixin.py:104} INFO - [2026-09-23 12:01:00,609] {dag.py:2280} INFO - Setting next_dagrun for example_dag_decorator to None
[2026-09-23 12:01:00,626] {scheduler_job.py:190} INFO - Processing /home/airflow/.local/lib/python3.6/site-packages/airflow/example_dags/example_dag_decorator.py took 0.110 seconds
[2026-09-23 12:01:31,145] {scheduler_job.py:182} INFO - Started process (PID=2053) to work on /home/airflow/.local/lib/python3.6/site-packages/airflow/example_dags/example_dag_decorator.py
[2026-09-23 12:01:31,147] {scheduler_job.py:629} INFO - Processing file /home/airflow/.local/lib/python3.6/site-packages/airflow/example_dags/example_dag_decorator.py for tasks to queue
[2026-09-23 12:01:31,148] {logging_mixin.py:104} INFO - [2026-09-23 12:01:31,148] {dagbag.py:451} INFO - Filling up the DagBag from /home/airflow/.local/lib/python3.6/site-packages/airflow/example_dags/example_dag_decorator.py
[2026-09-23 12:01:31,178] {scheduler_job.py:639} INFO - DAG(s) dict_keys(['example_dag_decorator']) retrieved from /home/airflow/.local/lib/python3.6/site-packages/airflow/example_dags/example_dag_decorator.py
[2026-09-23 12:01:31,214] {logging_mixin.py:104} INFO - [2026-09-23 12:01:31,214] {dag.py:1824} INFO - Sync 1 DAGs
[2026-09-23 12:01:31,243] {logging_mixin.py:104} INFO - [2026-09-23 12:01:31,243] {dag.py:2280} INFO - Setting next_dagrun for example_dag_decorator to None
[2026-09-23 12:01:31,263] {scheduler_job.py:190} INFO - Processing /home/airflow/.local/lib/python3.6/site-packages/airflow/example_dags/example_dag_decorator.py took 0.123 seconds
[2026-09-23 12:02:01,765] {scheduler_job.py:182} INFO - Started process (PID=2079) to work on /home/airflow/.local/lib/python3.6/site-packages/airflow/example_dags/example_dag_decorator.py
[2026-09-23 12:02:01,766] {scheduler_job.py:629} INFO - Processing file /home/airflow/.local/lib/python3.6/site-packages/airflow/example_dags/example_dag_decorator.py for tasks to queue
[2026-09-23 12:02:01,767] {logging_mixin.py:104} INFO - [2026-09-23 12:02:01,766] {dagbag.py:451} INFO - Filling up the DagBag from /home/airflow/.local/lib/python3.6/site-packages/airflow/example_dags/example_dag_decorator.py
[2026-09-23 12:02:01,786] {scheduler_job.py:639} INFO - DAG(s) dict_keys(['example_dag_decorator']) retrieved from /home/airflow/.local/lib/python3.6/site-packages/airflow/example_dags/example_dag_decorator.py
[2026-09-23 12:02:01,820] {logging_mixin.py:104} INFO - [2026-09-23 12:02:01,819] {dag.py:1824} INFO - Sync 1 DAGs
[2026-09-23 12:02:01,839] {logging_mixin.py:104} INFO - [2026-09-23 12:02:01,839] {dag.py:2280} INFO - Setting next_dagrun for example_dag_decorator to None
[2026-09-23 12:02:01,856] {scheduler_job.py:190} INFO - Processing /home/airflow/.local/lib/python3.6/site-packages/airflow/example_dags/example_dag_decorator.py took 0.095 seconds
[2026-09-23 12:02:32,745] {scheduler_job.py:182} INFO - Started process (PID=2105) to work on /home/airflow/.local/lib/python3.6/site-packages/airflow/example_dags/example_dag_decorator.py
[2026-09-23 12:02:32,746] {scheduler_job.py:629} INFO - Processing file /home/airflow/.local/lib/python3.6/site-packages/airflow/example_dags/example_dag_decorator.py for tasks to queue
[2026-09-23 12:02:32,747] {logging_mixin.py:104} INFO - [2026-09-23 12:02:32,747] {dagbag.py:451} INFO - Filling up the DagBag from /home/airflow/.local/lib/python3.6/site-packages/airflow/example_dags/example_dag_decorator.py
[2026-09-23 12:02:32,773] {scheduler_job.py:639} INFO - DAG(s) dict_keys(['example_dag_decorator']) retrieved from /home/airflow/.local/lib/python3.6/site-packages/airflow/example_dags/example_dag_decorator.py
[2026-09-23 12:02:32,816] {logging_mixin.py:104} INFO - [2026-09-23 12:02:32,816] {dag.py:1824} INFO - Sync 1 DAGs
[2026-09-23 12:02:32,846] {logging_mixin.py:104} INFO - [2026-09-23 12:02:32,845] {dag.py:2280} INFO - Setting next_dagrun for example_dag_decorator to None
[2026-09-23 12:02:32,872] {scheduler_job.py:190} INFO - Processing /home/airflow/.local/lib/python3.6/site-packages/airflow/example_dags/example_dag_decorator.py took 0.131 seconds
[2026-09-23 12:03:03,624] {scheduler_job.py:182} INFO - Started process (PID=2131) to work on /home/airflow/.local/lib/python3.6/site-packages/airflow/example_dags/example_dag_decorator.py
[2026-09-23 12:03:03,625] {scheduler_job.py:629} INFO - Processing file /home/airflow/.local/lib/python3.6/site-packages/airflow/example_dags/example_dag_decorator.py for tasks to queue
[2026-09-23 12:03:03,626] {logging_mixin.py:104} INFO - [2026-09-23 12:03:03,626] {dagbag.py:451} INFO - Filling up the DagBag from /home/airflow/.local/lib/python3.6/site-packages/airflow/example_dags/example_dag_decorator.py
[2026-09-23 12:03:03,650] {scheduler_job.py:639} INFO - DAG(s) dict_keys(['example_dag_decorator']) retrieved from /home/airflow/.local/lib/python3.6/site-packages/airflow/example_dags/example_dag_decorator.py
[2026-09-23 12:03:03,693] {logging_mixin.py:104} INFO - [2026-09-23 12:03:03,693] {dag.py:1824} INFO - Sync 1 DAGs
[2026-09-23 12:03:03,720] {logging_mixin.py:104} INFO - [2026-09-23 12:03:03,720] {dag.py:2280} INFO - Setting next_dagrun for example_dag_decorator to None
[2026-09-23 12:03:03,746] {scheduler_job.py:190} INFO - Processing /home/airflow/.local/lib/python3.6/site-packages/airflow/example_dags/example_dag_decorator.py took 0.127 seconds
[2026-09-23 12:03:34,608] {scheduler_job.py:182} INFO - Started process (PID=2157) to work on /home/airflow/.local/lib/python3.6/site-packages/airflow/example_dags/example_dag_decorator.py
[2026-09-23 12:03:34,609] {scheduler_job.py:629} INFO - Processing file /home/airflow/.local/lib/python3.6/site-packages/airflow/example_dags/example_dag_decorator.py for tasks to queue
[2026-09-23 12:03:34,610] {logging_mixin.py:104} INFO - [2026-09-23 12:03:34,610] {dagbag.py:451} INFO - Filling up the DagBag from /home/airflow/.local/lib/python3.6/site-packages/airflow/example_dags/example_dag_decorator.py
[2026-09-23 12:03:34,629] {scheduler_job.py:639} INFO - DAG(s) dict_keys(['example_dag_decorator']) retrieved from /home/airflow/.local/lib/python3.6/site-packages/airflow/example_dags/example_dag_decorator.py
[2026-09-23 12:03:34,655] {logging_mixin.py:104} INFO - [2026-09-23 12:03:34,655] {dag.py:1824} INFO - Sync 1 DAGs
[2026-09-23 12:03:34,672] {logging_mixin.py:104} INFO - [2026-09-23 12:03:34,672] {dag.py:2280} INFO - Setting next_dagrun for example_dag_decorator to None
[2026-09-23 12:03:34,691] {scheduler_job.py:190} INFO - Processing /home/airflow/.local/lib/python3.6/site-packages/airflow/example_dags/example_dag_decorator.py took 0.087 seconds
[2026-09-23 12:04:05,365] {scheduler_job.py:182} INFO - Started process (PID=2183) to work on /home/airflow/.local/lib/python3.6/site-packages/airflow/example_dags/example_dag_decorator.py
[2026-09-23 12:04:05,367] {scheduler_job.py:629} INFO - Processing file /home/airflow/.local/lib/python3.6/site-packages/airflow/example_dags/example_dag_decorator.py for tasks to queue
[2026-09-23 12:04:05,367] {logging_mixin.py:104} INFO - [2026-09-23 12:04:05,367] {dagbag.py:451} INFO - Filling up the DagBag from /home/airflow/.local/lib/python3.6/site-packages/airflow/example_dags/example_dag_decorator.py
[2026-09-23 12:04:05,385] {scheduler_job.py:639} INFO - DAG(s) dict_keys(['example_dag_decorator']) retrieved from /home/airflow/.local/lib/python3.6/site-packages/airflow/example_dags/example_dag_decorator.py
[2026-09-23 12:04:05,415] {logging_mixin.py:104} INFO - [2026-09-23 12:04:05,414] {dag.py:1824} INFO - Sync 1 DAGs
[2026-09-23 12:04:05,433] {logging_mixin.py:104} INFO - [2026-09-23 12:04:05,433] {dag.py:2280} INFO - Setting next_dagrun for example_dag_decorator to None
[2026-09-23 12:04:05,456] {scheduler_job.py:190} INFO - Processing /home/airflow/.local/lib/python3.6/site-packages/airflow/example_dags/example_dag_decorator.py took 0.094 seconds
[2026-09-23 12:04:36,429] {scheduler_job.py:182} INFO - Started process (PID=2209) to work on /home/airflow/.local/lib/python3.6/site-packages/airflow/example_dags/example_dag_decorator.py
[2026-09-23 12:04:36,432] {scheduler_job.py:629} INFO - Processing file /home/airflow/.local/lib/python3.6/site-packages/airflow/example_dags/example_dag_decorator.py for tasks to queue
[2026-09-23 12:04:36,433] {logging_mixin.py:104} INFO - [2026-09-23 12:04:36,433] {dagbag.py:451} INFO - Filling up the DagBag from /home/airflow/.local/lib/python3.6/site-packages/airflow/example_dags/example_dag_decorator.py
[2026-09-23 12:04:36,463] {scheduler_job.py:639} INFO - DAG(s) dict_keys(['example_dag_decorator']) retrieved from /home/airflow/.local/lib/python3.6/site-packages/airflow/example_dags/example_dag_decorator.py
[2026-09-23 12:04:36,509] {logging_mixin.py:104} INFO - [2026-09-23 12:04:36,508] {dag.py:1824} INFO - Sync 1 DAGs
[2026-09-23 12:04:36,540] {logging_mixin.py:104} INFO - [2026-09-23 12:04:36,540] {dag.py:2280} INFO - Setting next_dagrun for example_dag_decorator to None
[2026-09-23 12:04:36,562] {scheduler_job.py:190} INFO - Processing /home/airflow/.local/lib/python3.6/site-packages/airflow/example_dags/example_dag_decorator.py took 0.139 seconds
[2026-09-23 12:05:06,694] {scheduler_job.py:182} INFO - Started process (PID=2235) to work on /home/airflow/.local/lib/python3.6/site-packages/airflow/example_dags/example_dag_decorator.py
[2026-09-23 12:05:06,695] {scheduler_job.py:629} INFO - Processing file /home/airflow/.local/lib/python3.6/site-packages/airflow/example_dags/example_dag_decorator.py for tasks to queue
[2026-09-23 12:05:06,696] {logging_mixin.py:104} INFO - [2026-09-23 12:05:06,696] {dagbag.py:451} INFO - Filling up the DagBag from /home/airflow/.local/lib/python3.6/site-packages/airflow/example_dags/example_dag_decorator.py
[2026-09-23 12:05:06,718] {scheduler_job.py:639} INFO - DAG(s) dict_keys(['example_dag_decorator']) retrieved from /home/airflow/.local/lib/python3.6/site-packages/airflow/example_dags/example_dag_decorator.py
[2026-09-23 12:05:06,750] {logging_mixin.py:104} INFO - [2026-09-23 12:05:06,750] {dag.py:1824} INFO - Sync 1 DAGs
[2026-09-23 12:05:06,772] {logging_mixin.py:104} INFO - [2026-09-23 12:05:06,772] {dag.py:2280} INFO - Setting next_dagrun for example_dag_decorator to None
[2026-09-23 12:05:06,798] {scheduler_job.py:190} INFO - Processing /home/airflow/.local/lib/python3.6/site-packages/airflow/example_dags/example_dag_decorator.py took 0.108 seconds
[2026-09-23 12:05:37,956] {scheduler_job.py:182} INFO - Started process (PID=2263) to work on /home/airflow/.local/lib/python3.6/site-packages/airflow/example_dags/example_dag_decorator.py
[2026-09-23 12:05:37,957] {scheduler_job.py:629} INFO - Processing file /home/airflow/.local/lib/python3.6/site-packages/airflow/example_dags/example_dag_decorator.py for tasks to queue
[2026-09-23 12:05:37,958] {logging_mixin.py:104} INFO - [2026-09-23 12:05:37,958] {dagbag.py:451} INFO - Filling up the DagBag from /home/airflow/.local/lib/python3.6/site-packages/airflow/example_dags/example_dag_decorator.py
[2026-09-23 12:05:37,978] {scheduler_job.py:639} INFO - DAG(s) dict_keys(['example_dag_decorator']) retrieved from /home/airflow/.local/lib/python3.6/site-packages/airflow/example_dags/example_dag_decorator.py
[2026-09-23 12:05:38,009] {logging_mixin.py:104} INFO - [2026-09-23 12:05:38,009] {dag.py:1824} INFO - Sync 1 DAGs
[2026-09-23 12:05:38,029] {logging_mixin.py:104} INFO - [2026-09-23 12:05:38,028] {dag.py:2280} INFO - Setting next_dagrun for example_dag_decorator to None
[2026-09-23 12:05:38,049] {scheduler_job.py:190} INFO - Processing /home/airflow/.local/lib/python3.6/site-packages/airflow/example_dags/example_dag_decorator.py took 0.098 seconds
[2026-09-23 12:06:09,003] {scheduler_job.py:182} INFO - Started process (PID=2289) to work on /home/airflow/.local/lib/python3.6/site-packages/airflow/example_dags/example_dag_decorator.py
[2026-09-23 12:06:09,004] {scheduler_job.py:629} INFO - Processing file /home/airflow/.local/lib/python3.6/site-packages/airflow/example_dags/example_dag_decorator.py for tasks to queue
[2026-09-23 12:06:09,005] {logging_mixin.py:104} INFO - [2026-09-23 12:06:09,005] {dagbag.py:451} INFO - Filling up the DagBag from /home/airflow/.local/lib/python3.6/site-packages/airflow/example_dags/example_dag_decorator.py
[2026-09-23 12:06:09,025] {scheduler_job.py:639} INFO - DAG(s) dict_keys(['example_dag_decorator']) retrieved from /home/airflow/.local/lib/python3.6/site-packages/airflow/example_dags/example_dag_decorator.py
[2026-09-23 12:06:09,057] {logging_mixin.py:104} INFO - [2026-09-23 12:06:09,056] {dag.py:1824} INFO - Sync 1 DAGs
[2026-09-23 12:06:09,077] {logging_mixin.py:104} INFO - [2026-09-23 12:06:09,077] {dag.py:2280} INFO - Setting next_dagrun for example_dag_decorator to None
[2026-09-23 12:06:09,095] {scheduler_job.py:190} INFO - Processing /home/airflow/.local/lib/python3.6/site-packages/airflow/example_dags/example_dag_decorator.py took 0.096 seconds
[2026-09-23 12:06:39,751] {scheduler_job.py:182} INFO - Started process (PID=2315) to work on /home/airflow/.local/lib/python3.6/site-packages/airflow/example_dags/example_dag_decorator.py
[2026-09-23 12:06:39,752] {scheduler_job.py:629} INFO - Processing file /home/airflow/.local/lib/python3.6/site-packages/airflow/example_dags/example_dag_decorator.py for tasks to queue
[2026-09-23 12:06:39,754] {logging_mixin.py:104} INFO - [2026-09-23 12:06:39,753] {dagbag.py:451} INFO - Filling up the DagBag from /home/airflow/.local/lib/python3.6/site-packages/airflow/example_dags/example_dag_decorator.py
[2026-09-23 12:06:39,787] {scheduler_job.py:639} INFO - DAG(s) dict_keys(['example_dag_decorator']) retrieved from /home/airflow/.local/lib/python3.6/site-packages/airflow/example_dags/example_dag_decorator.py
[2026-09-23 12:06:39,849] {logging_mixin.py:104} INFO - [2026-09-23 12:06:39,849] {dag.py:1824} INFO - Sync 1 DAGs
[2026-09-23 12:06:39,878] {logging_mixin.py:104} INFO - [2026-09-23 12:06:39,878] {dag.py:2280} INFO - Setting next_dagrun for example_dag_decorator to None
[2026-09-23 12:06:39,899] {scheduler_job.py:190} INFO - Processing /home/airflow/.local/lib/python3.6/site-packages/airflow/example_dags/example_dag_decorator.py took 0.155 seconds
[2026-09-23 12:07:10,424] {scheduler_job.py:182} INFO - Started process (PID=2341) to work on /home/airflow/.local/lib/python3.6/site-packages/airflow/example_dags/example_dag_decorator.py
[2026-09-23 12:07:10,425] {scheduler_job.py:629} INFO - Processing file /home/airflow/.local/lib/python3.6/site-packages/airflow/example_dags/example_dag_decorator.py for tasks to queue
[2026-09-23 12:07:10,426] {logging_mixin.py:104} INFO - [2026-09-23 12:07:10,426] {dagbag.py:451} INFO - Filling up the DagBag from /home/airflow/.local/lib/python3.6/site-packages/airflow/example_dags/example_dag_decorator.py
[2026-09-23 12:07:10,447] {scheduler_job.py:639} INFO - DAG(s) dict_keys(['example_dag_decorator']) retrieved from /home/airflow/.local/lib/python3.6/site-packages/airflow/example_dags/example_dag_decorator.py
[2026-09-23 12:07:10,481] {logging_mixin.py:104} INFO - [2026-09-23 12:07:10,481] {dag.py:1824} INFO - Sync 1 DAGs
[2026-09-23 12:07:10,503] {logging_mixin.py:104} INFO - [2026-09-23 12:07:10,503] {dag.py:2280} INFO - Setting next_dagrun for example_dag_decorator to None
[2026-09-23 12:07:10,525] {scheduler_job.py:190} INFO - Processing /home/airflow/.local/lib/python3.6/site-packages/airflow/example_dags/example_dag_decorator.py took 0.105 seconds
[2026-09-23 12:07:41,214] {scheduler_job.py:182} INFO - Started process (PID=2367) to work on /home/airflow/.local/lib/python3.6/site-packages/airflow/example_dags/example_dag_decorator.py
[2026-09-23 12:07:41,216] {scheduler_job.py:629} INFO - Processing file /home/airflow/.local/lib/python3.6/site-packages/airflow/example_dags/example_dag_decorator.py for tasks to queue
[2026-09-23 12:07:41,218] {logging_mixin.py:104} INFO - [2026-09-23 12:07:41,217] {dagbag.py:451} INFO - Filling up the DagBag from /home/airflow/.local/lib/python3.6/site-packages/airflow/example_dags/example_dag_decorator.py
[2026-09-23 12:07:41,242] {scheduler_job.py:639} INFO - DAG(s) dict_keys(['example_dag_decorator']) retrieved from /home/airflow/.local/lib/python3.6/site-packages/airflow/example_dags/example_dag_decorator.py
[2026-09-23 12:07:41,279] {logging_mixin.py:104} INFO - [2026-09-23 12:07:41,279] {dag.py:1824} INFO - Sync 1 DAGs
[2026-09-23 12:07:41,301] {logging_mixin.py:104} INFO - [2026-09-23 12:07:41,301] {dag.py:2280} INFO - Setting next_dagrun for example_dag_decorator to None
[2026-09-23 12:07:41,321] {scheduler_job.py:190} INFO - Processing /home/airflow/.local/lib/python3.6/site-packages/airflow/example_dags/example_dag_decorator.py took 0.112 seconds
[2026-09-23 12:08:11,773] {scheduler_job.py:182} INFO - Started process (PID=2393) to work on /home/airflow/.local/lib/python3.6/site-packages/airflow/example_dags/example_dag_decorator.py
[2026-09-23 12:08:11,774] {scheduler_job.py:629} INFO - Processing file /home/airflow/.local/lib/python3.6/site-packages/airflow/example_dags/example_dag_decorator.py for tasks to queue
[2026-09-23 12:08:11,774] {logging_mixin.py:104} INFO - [2026-09-23 12:08:11,774] {dagbag.py:451} INFO - Filling up the DagBag from /home/airflow/.local/lib/python3.6/site-packages/airflow/example_dags/example_dag_decorator.py
[2026-09-23 12:08:11,797] {scheduler_job.py:639} INFO - DAG(s) dict_keys(['example_dag_decorator']) retrieved from /home/airflow/.local/lib/python3.6/site-packages/airflow/example_dags/example_dag_decorator.py
[2026-09-23 12:08:11,823] {logging_mixin.py:104} INFO - [2026-09-23 12:08:11,823] {dag.py:1824} INFO - Sync 1 DAGs
[2026-09-23 12:08:11,847] {logging_mixin.py:104} INFO - [2026-09-23 12:08:11,847] {dag.py:2280} INFO - Setting next_dagrun for example_dag_decorator to None
[2026-09-23 12:08:11,863] {scheduler_job.py:190} INFO - Processing /home/airflow/.local/lib/python3.6/site-packages/airflow/example_dags/example_dag_decorator.py took 0.094 seconds
[2026-09-23 12:08:42,523] {scheduler_job.py:182} INFO - Started process (PID=2419) to work on /home/airflow/.local/lib/python3.6/site-packages/airflow/example_dags/example_dag_decorator.py
[2026-09-23 12:08:42,524] {scheduler_job.py:629} INFO - Processing file /home/airflow/.local/lib/python3.6/site-packages/airflow/example_dags/example_dag_decorator.py for tasks to queue
[2026-09-23 12:08:42,526] {logging_mixin.py:104} INFO - [2026-09-23 12:08:42,525] {dagbag.py:451} INFO - Filling up the DagBag from /home/airflow/.local/lib/python3.6/site-packages/airflow/example_dags/example_dag_decorator.py
[2026-09-23 12:08:42,554] {scheduler_job.py:639} INFO - DAG(s) dict_keys(['example_dag_decorator']) retrieved from /home/airflow/.local/lib/python3.6/site-packages/airflow/example_dags/example_dag_decorator.py
[2026-09-23 12:08:42,599] {logging_mixin.py:104} INFO - [2026-09-23 12:08:42,599] {dag.py:1824} INFO - Sync 1 DAGs
[2026-09-23 12:08:42,632] {logging_mixin.py:104} INFO - [2026-09-23 12:08:42,632] {dag.py:2280} INFO - Setting next_dagrun for example_dag_decorator to None
[2026-09-23 12:08:42,657] {scheduler_job.py:190} INFO - Processing /home/airflow/.local/lib/python3.6/site-packages/airflow/example_dags/example_dag_decorator.py took 0.138 seconds
[2026-09-23 12:09:13,362] {scheduler_job.py:182} INFO - Started process (PID=2445) to work on /home/airflow/.local/lib/python3.6/site-packages/airflow/example_dags/example_dag_decorator.py
[2026-09-23 12:09:13,364] {scheduler_job.py:629} INFO - Processing file /home/airflow/.local/lib/python3.6/site-packages/airflow/example_dags/example_dag_decorator.py for tasks to queue
[2026-09-23 12:09:13,366] {logging_mixin.py:104} INFO - [2026-09-23 12:09:13,365] {dagbag.py:451} INFO - Filling up the DagBag from /home/airflow/.local/lib/python3.6/site-packages/airflow/example_dags/example_dag_decorator.py
[2026-09-23 12:09:13,390] {scheduler_job.py:639} INFO - DAG(s) dict_keys(['example_dag_decorator']) retrieved from /home/airflow/.local/lib/python3.6/site-packages/airflow/example_dags/example_dag_decorator.py
[2026-09-23 12:09:13,430] {logging_mixin.py:104} INFO - [2026-09-23 12:09:13,430] {dag.py:1824} INFO - Sync 1 DAGs
[2026-09-23 12:09:13,456] {logging_mixin.py:104} INFO - [2026-09-23 12:09:13,456] {dag.py:2280} INFO - Setting next_dagrun for example_dag_decorator to None
[2026-09-23 12:09:13,474] {scheduler_job.py:190} INFO - Processing /home/airflow/.local/lib/python3.6/site-packages/airflow/example_dags/example_dag_decorator.py took 0.119 seconds
[2026-09-23 12:09:44,050] {scheduler_job.py:182} INFO - Started process (PID=2471) to work on /home/airflow/.local/lib/python3.6/site-packages/airflow/example_dags/example_dag_decorator.py
[2026-09-23 12:09:44,051] {scheduler_job.py:629} INFO - Processing file /home/airflow/.local/lib/python3.6/site-packages/airflow/example_dags/example_dag_decorator.py for tasks to queue
[2026-09-23 12:09:44,053] {logging_mixin.py:104} INFO - [2026-09-23 12:09:44,052] {dagbag.py:451} INFO - Filling up the DagBag from /home/airflow/.local/lib/python3.6/site-packages/airflow/example_dags/example_dag_decorator.py
[2026-09-23 12:09:44,087] {scheduler_job.py:639} INFO - DAG(s) dict_keys(['example_dag_decorator']) retrieved from /home/airflow/.local/lib/python3.6/site-packages/airflow/example_dags/example_dag_decorator.py
[2026-09-23 12:09:44,130] {logging_mixin.py:104} INFO - [2026-09-23 12:09:44,130] {dag.py:1824} INFO - Sync 1 DAGs
[2026-09-23 12:09:44,157] {logging_mixin.py:104} INFO - [2026-09-23 12:09:44,157] {dag.py:2280} INFO - Setting next_dagrun for example_dag_decorator to None
[2026-09-23 12:09:44,185] {scheduler_job.py:190} INFO - Processing /home/airflow/.local/lib/python3.6/site-packages/airflow/example_dags/example_dag_decorator.py took 0.146 seconds
[2026-09-23 12:10:14,281] {scheduler_job.py:182} INFO - Started process (PID=2497) to work on /home/airflow/.local/lib/python3.6/site-packages/airflow/example_dags/example_dag_decorator.py
[2026-09-23 12:10:14,285] {scheduler_job.py:629} INFO - Processing file /home/airflow/.local/lib/python3.6/site-packages/airflow/example_dags/example_dag_decorator.py for tasks to queue
[2026-09-23 12:10:14,287] {logging_mixin.py:104} INFO - [2026-09-23 12:10:14,286] {dagbag.py:451} INFO - Filling up the DagBag from /home/airflow/.local/lib/python3.6/site-packages/airflow/example_dags/example_dag_decorator.py
[2026-09-23 12:10:14,339] {scheduler_job.py:639} INFO - DAG(s) dict_keys(['example_dag_decorator']) retrieved from /home/airflow/.local/lib/python3.6/site-packages/airflow/example_dags/example_dag_decorator.py
[2026-09-23 12:10:14,388] {logging_mixin.py:104} INFO - [2026-09-23 12:10:14,388] {dag.py:1824} INFO - Sync 1 DAGs
[2026-09-23 12:10:14,417] {logging_mixin.py:104} INFO - [2026-09-23 12:10:14,417] {dag.py:2280} INFO - Setting next_dagrun for example_dag_decorator to None
[2026-09-23 12:10:14,444] {scheduler_job.py:190} INFO - Processing /home/airflow/.local/lib/python3.6/site-packages/airflow/example_dags/example_dag_decorator.py took 0.172 seconds
[2026-09-23 12:10:45,272] {scheduler_job.py:182} INFO - Started process (PID=2523) to work on /home/airflow/.local/lib/python3.6/site-packages/airflow/example_dags/example_dag_decorator.py
[2026-09-23 12:10:45,273] {scheduler_job.py:629} INFO - Processing file /home/airflow/.local/lib/python3.6/site-packages/airflow/example_dags/example_dag_decorator.py for tasks to queue
[2026-09-23 12:10:45,274] {logging_mixin.py:104} INFO - [2026-09-23 12:10:45,274] {dagbag.py:451} INFO - Filling up the DagBag from /home/airflow/.local/lib/python3.6/site-packages/airflow/example_dags/example_dag_decorator.py
[2026-09-23 12:10:45,297] {scheduler_job.py:639} INFO - DAG(s) dict_keys(['example_dag_decorator']) retrieved from /home/airflow/.local/lib/python3.6/site-packages/airflow/example_dags/example_dag_decorator.py
[2026-09-23 12:10:45,326] {logging_mixin.py:104} INFO - [2026-09-23 12:10:45,326] {dag.py:1824} INFO - Sync 1 DAGs
[2026-09-23 12:10:45,344] {logging_mixin.py:104} INFO - [2026-09-23 12:10:45,344] {dag.py:2280} INFO - Setting next_dagrun for example_dag_decorator to None
[2026-09-23 12:10:45,361] {scheduler_job.py:190} INFO - Processing /home/airflow/.local/lib/python3.6/site-packages/airflow/example_dags/example_dag_decorator.py took 0.094 seconds
[2026-09-23 12:11:15,434] {scheduler_job.py:182} INFO - Started process (PID=2549) to work on /home/airflow/.local/lib/python3.6/site-packages/airflow/example_dags/example_dag_decorator.py
[2026-09-23 12:11:15,435] {scheduler_job.py:629} INFO - Processing file /home/airflow/.local/lib/python3.6/site-packages/airflow/example_dags/example_dag_decorator.py for tasks to queue
[2026-09-23 12:11:15,436] {logging_mixin.py:104} INFO - [2026-09-23 12:11:15,436] {dagbag.py:451} INFO - Filling up the DagBag from /home/airflow/.local/lib/python3.6/site-packages/airflow/example_dags/example_dag_decorator.py
[2026-09-23 12:11:15,460] {scheduler_job.py:639} INFO - DAG(s) dict_keys(['example_dag_decorator']) retrieved from /home/airflow/.local/lib/python3.6/site-packages/airflow/example_dags/example_dag_decorator.py
[2026-09-23 12:11:15,505] {logging_mixin.py:104} INFO - [2026-09-23 12:11:15,505] {dag.py:1824} INFO - Sync 1 DAGs
[2026-09-23 12:11:15,535] {logging_mixin.py:104} INFO - [2026-09-23 12:11:15,534] {dag.py:2280} INFO - Setting next_dagrun for example_dag_decorator to None
[2026-09-23 12:11:15,555] {scheduler_job.py:190} INFO - Processing /home/airflow/.local/lib/python3.6/site-packages/airflow/example_dags/example_dag_decorator.py took 0.127 seconds
[2026-09-23 12:11:45,599] {scheduler_job.py:182} INFO - Started process (PID=2573) to work on /home/airflow/.local/lib/python3.6/site-packages/airflow/example_dags/example_dag_decorator.py
[2026-09-23 12:11:45,605] {scheduler_job.py:629} INFO - Processing file /home/airflow/.local/lib/python3.6/site-packages/airflow/example_dags/example_dag_decorator.py for tasks to queue
[2026-09-23 12:11:45,605] {logging_mixin.py:104} INFO - [2026-09-23 12:11:45,605] {dagbag.py:451} INFO - Filling up the DagBag from /home/airflow/.local/lib/python3.6/site-packages/airflow/example_dags/example_dag_decorator.py
[2026-09-23 12:11:45,630] {scheduler_job.py:639} INFO - DAG(s) dict_keys(['example_dag_decorator']) retrieved from /home/airflow/.local/lib/python3.6/site-packages/airflow/example_dags/example_dag_decorator.py
[2026-09-23 12:11:45,671] {logging_mixin.py:104} INFO - [2026-09-23 12:11:45,671] {dag.py:1824} INFO - Sync 1 DAGs
[2026-09-23 12:11:45,700] {logging_mixin.py:104} INFO - [2026-09-23 12:11:45,699] {dag.py:2280} INFO - Setting next_dagrun for example_dag_decorator to None
[2026-09-23 12:11:45,733] {scheduler_job.py:190} INFO - Processing /home/airflow/.local/lib/python3.6/site-packages/airflow/example_dags/example_dag_decorator.py took 0.137 seconds
[2026-09-23 12:12:15,873] {scheduler_job.py:182} INFO - Started process (PID=2599) to work on /home/airflow/.local/lib/python3.6/site-packages/airflow/example_dags/example_dag_decorator.py
[2026-09-23 12:12:15,877] {scheduler_job.py:629} INFO - Processing file /home/airflow/.local/lib/python3.6/site-packages/airflow/example_dags/example_dag_decorator.py for tasks to queue
[2026-09-23 12:12:15,878] {logging_mixin.py:104} INFO - [2026-09-23 12:12:15,878] {dagbag.py:451} INFO - Filling up the DagBag from /home/airflow/.local/lib/python3.6/site-packages/airflow/example_dags/example_dag_decorator.py
[2026-09-23 12:12:15,898] {scheduler_job.py:639} INFO - DAG(s) dict_keys(['example_dag_decorator']) retrieved from /home/airflow/.local/lib/python3.6/site-packages/airflow/example_dags/example_dag_decorator.py
[2026-09-23 12:12:15,938] {logging_mixin.py:104} INFO - [2026-09-23 12:12:15,937] {dag.py:1824} INFO - Sync 1 DAGs
[2026-09-23 12:12:15,962] {logging_mixin.py:104} INFO - [2026-09-23 12:12:15,962] {dag.py:2280} INFO - Setting next_dagrun for example_dag_decorator to None
[2026-09-23 12:12:15,980] {scheduler_job.py:190} INFO - Processing /home/airflow/.local/lib/python3.6/site-packages/airflow/example_dags/example_dag_decorator.py took 0.111 seconds
[2026-09-23 12:12:47,024] {scheduler_job.py:182} INFO - Started process (PID=2627) to work on /home/airflow/.local/lib/python3.6/site-packages/airflow/example_dags/example_dag_decorator.py
[2026-09-23 12:12:47,025] {scheduler_job.py:629} INFO - Processing file /home/airflow/.local/lib/python3.6/site-packages/airflow/example_dags/example_dag_decorator.py for tasks to queue
[2026-09-23 12:12:47,027] {logging_mixin.py:104} INFO - [2026-09-23 12:12:47,027] {dagbag.py:451} INFO - Filling up the DagBag from /home/airflow/.local/lib/python3.6/site-packages/airflow/example_dags/example_dag_decorator.py
[2026-09-23 12:12:47,065] {scheduler_job.py:639} INFO - DAG(s) dict_keys(['example_dag_decorator']) retrieved from /home/airflow/.local/lib/python3.6/site-packages/airflow/example_dags/example_dag_decorator.py
[2026-09-23 12:12:47,120] {logging_mixin.py:104} INFO - [2026-09-23 12:12:47,120] {dag.py:1824} INFO - Sync 1 DAGs
[2026-09-23 12:12:47,152] {logging_mixin.py:104} INFO - [2026-09-23 12:12:47,152] {dag.py:2280} INFO - Setting next_dagrun for example_dag_decorator to None
[2026-09-23 12:12:47,177] {scheduler_job.py:190} INFO - Processing /home/airflow/.local/lib/python3.6/site-packages/airflow/example_dags/example_dag_decorator.py took 0.161 seconds
[2026-09-23 12:13:17,292] {scheduler_job.py:182} INFO - Started process (PID=2653) to work on /home/airflow/.local/lib/python3.6/site-packages/airflow/example_dags/example_dag_decorator.py
[2026-09-23 12:13:17,294] {scheduler_job.py:629} INFO - Processing file /home/airflow/.local/lib/python3.6/site-packages/airflow/example_dags/example_dag_decorator.py for tasks to queue
[2026-09-23 12:13:17,295] {logging_mixin.py:104} INFO - [2026-09-23 12:13:17,295] {dagbag.py:451} INFO - Filling up the DagBag from /home/airflow/.local/lib/python3.6/site-packages/airflow/example_dags/example_dag_decorator.py
[2026-09-23 12:13:17,332] {scheduler_job.py:639} INFO - DAG(s) dict_keys(['example_dag_decorator']) retrieved from /home/airflow/.local/lib/python3.6/site-packages/airflow/example_dags/example_dag_decorator.py
[2026-09-23 12:13:17,380] {logging_mixin.py:104} INFO - [2026-09-23 12:13:17,379] {dag.py:1824} INFO - Sync 1 DAGs
[2026-09-23 12:13:17,415] {logging_mixin.py:104} INFO - [2026-09-23 12:13:17,414] {dag.py:2280} INFO - Setting next_dagrun for example_dag_decorator to None
[2026-09-23 12:13:17,450] {scheduler_job.py:190} INFO - Processing /home/airflow/.local/lib/python3.6/site-packages/airflow/example_dags/example_dag_decorator.py took 0.164 seconds
[2026-09-23 12:13:47,913] {scheduler_job.py:182} INFO - Started process (PID=2678) to work on /home/airflow/.local/lib/python3.6/site-packages/airflow/example_dags/example_dag_decorator.py
[2026-09-23 12:13:47,914] {scheduler_job.py:629} INFO - Processing file /home/airflow/.local/lib/python3.6/site-packages/airflow/example_dags/example_dag_decorator.py for tasks to queue
[2026-09-23 12:13:47,915] {logging_mixin.py:104} INFO - [2026-09-23 12:13:47,915] {dagbag.py:451} INFO - Filling up the DagBag from /home/airflow/.local/lib/python3.6/site-packages/airflow/example_dags/example_dag_decorator.py
[2026-09-23 12:13:47,935] {scheduler_job.py:639} INFO - DAG(s) dict_keys(['example_dag_decorator']) retrieved from /home/airflow/.local/lib/python3.6/site-packages/airflow/example_dags/example_dag_decorator.py
[2026-09-23 12:13:47,963] {logging_mixin.py:104} INFO - [2026-09-23 12:13:47,963] {dag.py:1824} INFO - Sync 1 DAGs
[2026-09-23 12:13:47,982] {logging_mixin.py:104} INFO - [2026-09-23 12:13:47,982] {dag.py:2280} INFO - Setting next_dagrun for example_dag_decorator to None
[2026-09-23 12:13:47,997] {scheduler_job.py:190} INFO - Processing /home/airflow/.local/lib/python3.6/site-packages/airflow/example_dags/example_dag_decorator.py took 0.088 seconds
