[2026-09-23 11:22:12,823] {scheduler_job.py:182} INFO - Started process (PID=37) to work on /home/airflow/.local/lib/python3.6/site-packages/airflow/example_dags/example_latest_only.py
[2026-09-23 11:22:12,829] {scheduler_job.py:629} INFO - Processing file /home/airflow/.local/lib/python3.6/site-packages/airflow/example_dags/example_latest_only.py for tasks to queue
[2026-09-23 11:22:12,833] {logging_mixin.py:104} INFO - [2026-09-23 11:22:12,831] {dagbag.py:451} INFO - Filling up the DagBag from /home/airflow/.local/lib/python3.6/site-packages/airflow/example_dags/example_latest_only.py
[2026-09-23 11:22:12,902] {scheduler_job.py:639} INFO - DAG(s) dict_keys(['latest_only']) retrieved from /home/airflow/.local/lib/python3.6/site-packages/airflow/example_dags/example_latest_only.py
[2026-09-23 11:22:12,982] {logging_mixin.py:104} INFO - [2026-09-23 11:22:12,981] {dag.py:1824} INFO - Sync 1 DAGs
[2026-09-23 11:22:13,023] {logging_mixin.py:104} INFO - [2026-09-23 11:22:13,023] {dag.py:2280} INFO - Setting next_dagrun for latest_only to 2026-09-21 00:00:00+00:00
[2026-09-23 11:22:13,116] {scheduler_job.py:190} INFO - Processing /home/airflow/.local/lib/python3.6/site-packages/airflow/example_dags/example_latest_only.py took 0.316 seconds
[2026-09-23 11:22:43,606] {scheduler_job.py:182} INFO - Started process (PID=61) to work on /home/airflow/.local/lib/python3.6/site-packages/airflow/example_dags/example_latest_only.py
[2026-09-23 11:22:43,607] {scheduler_job.py:629} INFO - Processing file /home/airflow/.local/lib/python3.6/site-packages/airflow/example_dags/example_latest_only.py for tasks to queue
[2026-09-23 11:22:43,608] {logging_mixin.py:104} INFO - [2026-09-23 11:22:43,608] {dagbag.py:451} INFO - Filling up the DagBag from /home/airflow/.local/lib/python3.6/site-packages/airflow/example_dags/example_latest_only.py
[2026-09-23 11:22:43,620] {scheduler_job.py:639} INFO - DAG(s) dict_keys(['latest_only']) retrieved from /home/airflow/.local/lib/python3.6/site-packages/airflow/example_dags/example_latest_only.py
[2026-09-23 11:22:43,644] {logging_mixin.py:104} INFO - [2026-09-23 11:22:43,644] {dag.py:1824} INFO - Sync 1 DAGs
[2026-09-23 11:22:43,662] {logging_mixin.py:104} INFO - [2026-09-23 11:22:43,662] {dag.py:2280} INFO - Setting next_dagrun for latest_only to 2026-09-21 00:00:00+00:00
[2026-09-23 11:22:43,677] {scheduler_job.py:190} INFO - Processing /home/airflow/.local/lib/python3.6/site-packages/airflow/example_dags/example_latest_only.py took 0.075 seconds
[2026-09-23 11:23:14,439] {scheduler_job.py:182} INFO - Started process (PID=90) to work on /home/airflow/.local/lib/python3.6/site-packages/airflow/example_dags/example_latest_only.py
[2026-09-23 11:23:14,440] {scheduler_job.py:629} INFO - Processing file /home/airflow/.local/lib/python3.6/site-packages/airflow/example_dags/example_latest_only.py for tasks to queue
[2026-09-23 11:23:14,441] {logging_mixin.py:104} INFO - [2026-09-23 11:23:14,441] {dagbag.py:451} INFO - Filling up the DagBag from /home/airflow/.local/lib/python3.6/site-packages/airflow/example_dags/example_latest_only.py
[2026-09-23 11:23:14,458] {scheduler_job.py:639} INFO - DAG(s) dict_keys(['latest_only']) retrieved from /home/airflow/.local/lib/python3.6/site-packages/airflow/example_dags/example_latest_only.py
[2026-09-23 11:23:14,488] {logging_mixin.py:104} INFO - [2026-09-23 11:23:14,488] {dag.py:1824} INFO - Sync 1 DAGs
[2026-09-23 11:23:14,516] {logging_mixin.py:104} INFO - [2026-09-23 11:23:14,515] {dag.py:2280} INFO - Setting next_dagrun for latest_only to 2026-09-21 00:00:00+00:00
[2026-09-23 11:23:14,532] {scheduler_job.py:190} INFO - Processing /home/airflow/.local/lib/python3.6/site-packages/airflow/example_dags/example_latest_only.py took 0.097 seconds
[2026-09-23 11:23:45,535] {scheduler_job.py:182} INFO - Started process (PID=117) to work on /home/airflow/.local/lib/python3.6/site-packages/airflow/example_dags/example_latest_only.py
[2026-09-23 11:23:45,536] {scheduler_job.py:629} INFO - Processing file /home/airflow/.local/lib/python3.6/site-packages/airflow/example_dags/example_latest_only.py for tasks to queue
[2026-09-23 11:23:45,537] {logging_mixin.py:104} INFO - [2026-09-23 11:23:45,536] {dagbag.py:451} INFO - Filling up the DagBag from /home/airflow/.local/lib/python3.6/site-packages/airflow/example_dags/example_latest_only.py
[2026-09-23 11:23:45,549] {scheduler_job.py:639} INFO - DAG(s) dict_keys(['latest_only']) retrieved from /home/airflow/.local/lib/python3.6/site-packages/airflow/example_dags/example_latest_only.py
[2026-09-23 11:23:45,572] {logging_mixin.py:104} INFO - [2026-09-23 11:23:45,572] {dag.py:1824} INFO - Sync 1 DAGs
[2026-09-23 11:23:45,591] {logging_mixin.py:104} INFO - [2026-09-23 11:23:45,590] {dag.py:2280} INFO - Setting next_dagrun for latest_only to 2026-09-21 00:00:00+00:00
[2026-09-23 11:23:45,608] {scheduler_job.py:190} INFO - Processing /home/airflow/.local/lib/python3.6/site-packages/airflow/example_dags/example_latest_only.py took 0.078 seconds
[2026-09-23 11:24:16,333] {scheduler_job.py:182} INFO - Started process (PID=143) to work on /home/airflow/.local/lib/python3.6/site-packages/airflow/example_dags/example_latest_only.py
[2026-09-23 11:24:16,335] {scheduler_job.py:629} INFO - Processing file /home/airflow/.local/lib/python3.6/site-packages/airflow/example_dags/example_latest_only.py for tasks to queue
[2026-09-23 11:24:16,336] {logging_mixin.py:104} INFO - [2026-09-23 11:24:16,336] {dagbag.py:451} INFO - Filling up the DagBag from /home/airflow/.local/lib/python3.6/site-packages/airflow/example_dags/example_latest_only.py
[2026-09-23 11:24:16,354] {scheduler_job.py:639} INFO - DAG(s) dict_keys(['latest_only']) retrieved from /home/airflow/.local/lib/python3.6/site-packages/airflow/example_dags/example_latest_only.py
[2026-09-23 11:24:16,384] {logging_mixin.py:104} INFO - [2026-09-23 11:24:16,384] {dag.py:1824} INFO - Sync 1 DAGs
[2026-09-23 11:24:16,406] {logging_mixin.py:104} INFO - [2026-09-23 11:24:16,405] {dag.py:2280} INFO - Setting next_dagrun for latest_only to 2026-09-21 00:00:00+00:00
[2026-09-23 11:24:16,426] {scheduler_job.py:190} INFO - Processing /home/airflow/.local/lib/python3.6/site-packages/airflow/example_dags/example_latest_only.py took 0.098 seconds
[2026-09-23 11:24:46,845] {scheduler_job.py:182} INFO - Started process (PID=167) to work on /home/airflow/.local/lib/python3.6/site-packages/airflow/example_dags/example_latest_only.py
[2026-09-23 11:24:46,847] {scheduler_job.py:629} INFO - Processing file /home/airflow/.local/lib/python3.6/site-packages/airflow/example_dags/example_latest_only.py for tasks to queue
[2026-09-23 11:24:46,847] {logging_mixin.py:104} INFO - [2026-09-23 11:24:46,847] {dagbag.py:451} INFO - Filling up the DagBag from /home/airflow/.local/lib/python3.6/site-packages/airflow/example_dags/example_latest_only.py
[2026-09-23 11:24:46,865] {scheduler_job.py:639} INFO - DAG(s) dict_keys(['latest_only']) retrieved from /home/airflow/.local/lib/python3.6/site-packages/airflow/example_dags/example_latest_only.py
[2026-09-23 11:24:46,898] {logging_mixin.py:104} INFO - [2026-09-23 11:24:46,897] {dag.py:1824} INFO - Sync 1 DAGs
[2026-09-23 11:24:46,919] {logging_mixin.py:104} INFO - [2026-09-23 11:24:46,919] {dag.py:2280} INFO - Setting next_dagrun for latest_only to 2026-09-21 00:00:00+00:00
[2026-09-23 11:24:46,939] {scheduler_job.py:190} INFO - Processing /home/airflow/.local/lib/python3.6/site-packages/airflow/example_dags/example_latest_only.py took 0.099 seconds
[2026-09-23 11:25:17,310] {scheduler_job.py:182} INFO - Started process (PID=193) to work on /home/airflow/.local/lib/python3.6/site-packages/airflow/example_dags/example_latest_only.py
[2026-09-23 11:25:17,311] {scheduler_job.py:629} INFO - Processing file /home/airflow/.local/lib/python3.6/site-packages/airflow/example_dags/example_latest_only.py for tasks to queue
[2026-09-23 11:25:17,312] {logging_mixin.py:104} INFO - [2026-09-23 11:25:17,312] {dagbag.py:451} INFO - Filling up the DagBag from /home/airflow/.local/lib/python3.6/site-packages/airflow/example_dags/example_latest_only.py
[2026-09-23 11:25:17,326] {scheduler_job.py:639} INFO - DAG(s) dict_keys(['latest_only']) retrieved from /home/airflow/.local/lib/python3.6/site-packages/airflow/example_dags/example_latest_only.py
[2026-09-23 11:25:17,350] {logging_mixin.py:104} INFO - [2026-09-23 11:25:17,350] {dag.py:1824} INFO - Sync 1 DAGs
[2026-09-23 11:25:17,369] {logging_mixin.py:104} INFO - [2026-09-23 11:25:17,369] {dag.py:2280} INFO - Setting next_dagrun for latest_only to 2026-09-21 00:00:00+00:00
[2026-09-23 11:25:17,385] {scheduler_job.py:190} INFO - Processing /home/airflow/.local/lib/python3.6/site-packages/airflow/example_dags/example_latest_only.py took 0.079 seconds
[2026-09-23 11:25:47,882] {scheduler_job.py:182} INFO - Started process (PID=220) to work on /home/airflow/.local/lib/python3.6/site-packages/airflow/example_dags/example_latest_only.py
[2026-09-23 11:25:47,884] {scheduler_job.py:629} INFO - Processing file /home/airflow/.local/lib/python3.6/site-packages/airflow/example_dags/example_latest_only.py for tasks to queue
[2026-09-23 11:25:47,884] {logging_mixin.py:104} INFO - [2026-09-23 11:25:47,884] {dagbag.py:451} INFO - Filling up the DagBag from /home/airflow/.local/lib/python3.6/site-packages/airflow/example_dags/example_latest_only.py
[2026-09-23 11:25:47,898] {scheduler_job.py:639} INFO - DAG(s) dict_keys(['latest_only']) retrieved from /home/airflow/.local/lib/python3.6/site-packages/airflow/example_dags/example_latest_only.py
[2026-09-23 11:25:47,921] {logging_mixin.py:104} INFO - [2026-09-23 11:25:47,920] {dag.py:1824} INFO - Sync 1 DAGs
[2026-09-23 11:25:47,938] {logging_mixin.py:104} INFO - [2026-09-23 11:25:47,938] {dag.py:2280} INFO - Setting next_dagrun for latest_only to 2026-09-21 00:00:00+00:00
[2026-09-23 11:25:47,953] {scheduler_job.py:190} INFO - Processing /home/airflow/.local/lib/python3.6/site-packages/airflow/example_dags/example_latest_only.py took 0.075 seconds
[2026-09-23 11:26:18,382] {scheduler_job.py:182} INFO - Started process (PID=246) to work on /home/airflow/.local/lib/python3.6/site-packages/airflow/example_dags/example_latest_only.py
[2026-09-23 11:26:18,383] {scheduler_job.py:629} INFO - Processing file /home/airflow/.local/lib/python3.6/site-packages/airflow/example_dags/example_latest_only.py for tasks to queue
[2026-09-23 11:26:18,384] {logging_mixin.py:104} INFO - [2026-09-23 11:26:18,384] {dagbag.py:451} INFO - Filling up the DagBag from /home/airflow/.local/lib/python3.6/site-packages/airflow/example_dags/example_latest_only.py
[2026-09-23 11:26:18,401] {scheduler_job.py:639} INFO - DAG(s) dict_keys(['latest_only']) retrieved from /home/airflow/.local/lib/python3.6/site-packages/airflow/example_dags/example_latest_only.py
[2026-09-23 11:26:18,433] {logging_mixin.py:104} INFO - [2026-09-23 11:26:18,433] {dag.py:1824} INFO - Sync 1 DAGs
[2026-09-23 11:26:18,456] {logging_mixin.py:104} INFO - [2026-09-23 11:26:18,456] {dag.py:2280} INFO - Setting next_dagrun for latest_only to 2026-09-21 00:00:00+00:00
[2026-09-23 11:26:18,478] {scheduler_job.py:190} INFO - Processing /home/airflow/.local/lib/python3.6/site-packages/airflow/example_dags/example_latest_only.py took 0.100 seconds
[2026-09-23 11:26:49,235] {scheduler_job.py:182} INFO - Started process (PID=272) to work on /home/airflow/.local/lib/python3.6/site-packages/airflow/example_dags/example_latest_only.py
[2026-09-23 11:26:49,237] {scheduler_job.py:629} INFO - Processing file /home/airflow/.local/lib/python3.6/site-packages/airflow/example_dags/example_latest_only.py for tasks to queue
[2026-09-23 11:26:49,238] {logging_mixin.py:104} INFO - [2026-09-23 11:26:49,238] {dagbag.py:451} INFO - Filling up the DagBag from /home/airflow/.local/lib/python3.6/site-packages/airflow/example_dags/example_latest_only.py
[2026-09-23 11:26:49,255] {scheduler_job.py:639} INFO - DAG(s) dict_keys(['latest_only']) retrieved from /home/airflow/.local/lib/python3.6/site-packages/airflow/example_dags/example_latest_only.py
[2026-09-23 11:26:49,289] {logging_mixin.py:104} INFO - [2026-09-23 11:26:49,289] {dag.py:1824} INFO - Sync 1 DAGs
[2026-09-23 11:26:49,310] {logging_mixin.py:104} INFO - [2026-09-23 11:26:49,310] {dag.py:2280} INFO - Setting next_dagrun for latest_only to 2026-09-21 00:00:00+00:00
[2026-09-23 11:26:49,335] {scheduler_job.py:190} INFO - Processing /home/airflow/.local/lib/python3.6/site-packages/airflow/example_dags/example_latest_only.py took 0.104 seconds
[2026-09-23 11:27:20,167] {scheduler_job.py:182} INFO - Started process (PID=299) to work on /home/airflow/.local/lib/python3.6/site-packages/airflow/example_dags/example_latest_only.py
[2026-09-23 11:27:20,169] {scheduler_job.py:629} INFO - Processing file /home/airflow/.local/lib/python3.6/site-packages/airflow/example_dags/example_latest_only.py for tasks to queue
[2026-09-23 11:27:20,170] {logging_mixin.py:104} INFO - [2026-09-23 11:27:20,170] {dagbag.py:451} INFO - Filling up the DagBag from /home/airflow/.local/lib/python3.6/site-packages/airflow/example_dags/example_latest_only.py
[2026-09-23 11:27:20,189] {scheduler_job.py:639} INFO - DAG(s) dict_keys(['latest_only']) retrieved from /home/airflow/.local/lib/python3.6/site-packages/airflow/example_dags/example_latest_only.py
[2026-09-23 11:27:20,233] {logging_mixin.py:104} INFO - [2026-09-23 11:27:20,233] {dag.py:1824} INFO - Sync 1 DAGs
[2026-09-23 11:27:20,263] {logging_mixin.py:104} INFO - [2026-09-23 11:27:20,263] {dag.py:2280} INFO - Setting next_dagrun for latest_only to 2026-09-21 00:00:00+00:00
[2026-09-23 11:27:20,288] {scheduler_job.py:190} INFO - Processing /home/airflow/.local/lib/python3.6/site-packages/airflow/example_dags/example_latest_only.py took 0.127 seconds
[2026-09-23 11:27:51,028] {scheduler_job.py:182} INFO - Started process (PID=325) to work on /home/airflow/.local/lib/python3.6/site-packages/airflow/example_dags/example_latest_only.py
[2026-09-23 11:27:51,029] {scheduler_job.py:629} INFO - Processing file /home/airflow/.local/lib/python3.6/site-packages/airflow/example_dags/example_latest_only.py for tasks to queue
[2026-09-23 11:27:51,030] {logging_mixin.py:104} INFO - [2026-09-23 11:27:51,030] {dagbag.py:451} INFO - Filling up the DagBag from /home/airflow/.local/lib/python3.6/site-packages/airflow/example_dags/example_latest_only.py
[2026-09-23 11:27:51,043] {scheduler_job.py:639} INFO - DAG(s) dict_keys(['latest_only']) retrieved from /home/airflow/.local/lib/python3.6/site-packages/airflow/example_dags/example_latest_only.py
[2026-09-23 11:27:51,068] {logging_mixin.py:104} INFO - [2026-09-23 11:27:51,068] {dag.py:1824} INFO - Sync 1 DAGs
[2026-09-23 11:27:51,088] {logging_mixin.py:104} INFO - [2026-09-23 11:27:51,088] {dag.py:2280} INFO - Setting next_dagrun for latest_only to 2026-09-21 00:00:00+00:00
[2026-09-23 11:27:51,108] {scheduler_job.py:190} INFO - Processing /home/airflow/.local/lib/python3.6/site-packages/airflow/example_dags/example_latest_only.py took 0.084 seconds
[2026-09-23 11:28:21,229] {scheduler_job.py:182} INFO - Started process (PID=351) to work on /home/airflow/.local/lib/python3.6/site-packages/airflow/example_dags/example_latest_only.py
[2026-09-23 11:28:21,231] {scheduler_job.py:629} INFO - Processing file /home/airflow/.local/lib/python3.6/site-packages/airflow/example_dags/example_latest_only.py for tasks to queue
[2026-09-23 11:28:21,232] {logging_mixin.py:104} INFO - [2026-09-23 11:28:21,232] {dagbag.py:451} INFO - Filling up the DagBag from /home/airflow/.local/lib/python3.6/site-packages/airflow/example_dags/example_latest_only.py
[2026-09-23 11:28:21,247] {scheduler_job.py:639} INFO - DAG(s) dict_keys(['latest_only']) retrieved from /home/airflow/.local/lib/python3.6/site-packages/airflow/example_dags/example_latest_only.py
[2026-09-23 11:28:21,276] {logging_mixin.py:104} INFO - [2026-09-23 11:28:21,276] {dag.py:1824} INFO - Sync 1 DAGs
[2026-09-23 11:28:21,302] {logging_mixin.py:104} INFO - [2026-09-23 11:28:21,302] {dag.py:2280} INFO - Setting next_dagrun for latest_only to 2026-09-21 00:00:00+00:00
[2026-09-23 11:28:21,320] {scheduler_job.py:190} INFO - Processing /home/airflow/.local/lib/python3.6/site-packages/airflow/example_dags/example_latest_only.py took 0.096 seconds
[2026-09-23 11:28:52,075] {scheduler_job.py:182} INFO - Started process (PID=377) to work on /home/airflow/.local/lib/python3.6/site-packages/airflow/example_dags/example_latest_only.py
[2026-09-23 11:28:52,077] {scheduler_job.py:629} INFO - Processing file /home/airflow/.local/lib/python3.6/site-packages/airflow/example_dags/example_latest_only.py for tasks to queue
[2026-09-23 11:28:52,077] {logging_mixin.py:104} INFO - [2026-09-23 11:28:52,077] {dagbag.py:451} INFO - Filling up the DagBag from /home/airflow/.local/lib/python3.6/site-packages/airflow/example_dags/example_latest_only.py
[2026-09-23 11:28:52,091] {scheduler_job.py:639} INFO - DAG(s) dict_keys(['latest_only']) retrieved from /home/airflow/.local/lib/python3.6/site-packages/airflow/example_dags/example_latest_only.py
[2026-09-23 11:28:52,119] {logging_mixin.py:104} INFO - [2026-09-23 11:28:52,119] {dag.py:1824} INFO - Sync 1 DAGs
[2026-09-23 11:28:52,145] {logging_mixin.py:104} INFO - [2026-09-23 11:28:52,145] {dag.py:2280} INFO - Setting next_dagrun for latest_only to 2026-09-21 00:00:00+00:00
[2026-09-23 11:28:52,163] {scheduler_job.py:190} INFO - Processing /home/airflow/.local/lib/python3.6/site-packages/airflow/example_dags/example_latest_only.py took 0.092 seconds
[2026-09-23 11:29:22,492] {scheduler_job.py:182} INFO - Started process (PID=401) to work on /home/airflow/.local/lib/python3.6/site-packages/airflow/example_dags/example_latest_only.py
[2026-09-23 11:29:22,495] {scheduler_job.py:629} INFO - Processing file /home/airflow/.local/lib/python3.6/site-packages/airflow/example_dags/example_latest_only.py for tasks to queue
[2026-09-23 11:29:22,495] {logging_mixin.py:104} INFO - [2026-09-23 11:29:22,495] {dagbag.py:451} INFO - Filling up the DagBag from /home/airflow/.local/lib/python3.6/site-packages/airflow/example_dags/example_latest_only.py
[2026-09-23 11:29:22,509] {scheduler_job.py:639} INFO - DAG(s) dict_keys(['latest_only']) retrieved from /home/airflow/.local/lib/python3.6/site-packages/airflow/example_dags/example_latest_only.py
[2026-09-23 11:29:22,535] {logging_mixin.py:104} INFO - [2026-09-23 11:29:22,535] {dag.py:1824} INFO - Sync 1 DAGs
[2026-09-23 11:29:22,562] {logging_mixin.py:104} INFO - [2026-09-23 11:29:22,562] {dag.py:2280} INFO - Setting next_dagrun for latest_only to 2026-09-21 00:00:00+00:00
[2026-09-23 11:29:22,579] {scheduler_job.py:190} INFO - Processing /home/airflow/.local/lib/python3.6/site-packages/airflow/example_dags/example_latest_only.py took 0.091 seconds
[2026-09-23 11:29:53,214] {scheduler_job.py:182} INFO - Started process (PID=429) to work on /home/airflow/.local/lib/python3.6/site-packages/airflow/example_dags/example_latest_only.py
[2026-09-23 11:29:53,216] {scheduler_job.py:629} INFO - Processing file /home/airflow/.local/lib/python3.6/site-packages/airflow/example_dags/example_latest_only.py for tasks to queue
[2026-09-23 11:29:53,217] {logging_mixin.py:104} INFO - [2026-09-23 11:29:53,217] {dagbag.py:451} INFO - Filling up the DagBag from /home/airflow/.local/lib/python3.6/site-packages/airflow/example_dags/example_latest_only.py
[2026-09-23 11:29:53,234] {scheduler_job.py:639} INFO - DAG(s) dict_keys(['latest_only']) retrieved from /home/airflow/.local/lib/python3.6/site-packages/airflow/example_dags/example_latest_only.py
[2026-09-23 11:29:53,268] {logging_mixin.py:104} INFO - [2026-09-23 11:29:53,268] {dag.py:1824} INFO - Sync 1 DAGs
[2026-09-23 11:29:53,296] {logging_mixin.py:104} INFO - [2026-09-23 11:29:53,296] {dag.py:2280} INFO - Setting next_dagrun for latest_only to 2026-09-21 00:00:00+00:00
[2026-09-23 11:29:53,311] {scheduler_job.py:190} INFO - Processing /home/airflow/.local/lib/python3.6/site-packages/airflow/example_dags/example_latest_only.py took 0.103 seconds
[2026-09-23 11:30:23,887] {scheduler_job.py:182} INFO - Started process (PID=455) to work on /home/airflow/.local/lib/python3.6/site-packages/airflow/example_dags/example_latest_only.py
[2026-09-23 11:30:23,890] {scheduler_job.py:629} INFO - Processing file /home/airflow/.local/lib/python3.6/site-packages/airflow/example_dags/example_latest_only.py for tasks to queue
[2026-09-23 11:30:23,890] {logging_mixin.py:104} INFO - [2026-09-23 11:30:23,890] {dagbag.py:451} INFO - Filling up the DagBag from /home/airflow/.local/lib/python3.6/site-packages/airflow/example_dags/example_latest_only.py
[2026-09-23 11:30:23,910] {scheduler_job.py:639} INFO - DAG(s) dict_keys(['latest_only']) retrieved from /home/airflow/.local/lib/python3.6/site-packages/airflow/example_dags/example_latest_only.py
[2026-09-23 11:30:23,947] {logging_mixin.py:104} INFO - [2026-09-23 11:30:23,947] {dag.py:1824} INFO - Sync 1 DAGs
[2026-09-23 11:30:23,976] {logging_mixin.py:104} INFO - [2026-09-23 11:30:23,976] {dag.py:2280} INFO - Setting next_dagrun for latest_only to 2026-09-21 00:00:00+00:00
[2026-09-23 11:30:23,992] {scheduler_job.py:190} INFO - Processing /home/airflow/.local/lib/python3.6/site-packages/airflow/example_dags/example_latest_only.py took 0.111 seconds
[2026-09-23 11:30:54,500] {scheduler_job.py:182} INFO - Started process (PID=481) to work on /home/airflow/.local/lib/python3.6/site-packages/airflow/example_dags/example_latest_only.py
[2026-09-23 11:30:54,501] {scheduler_job.py:629} INFO - Processing file /home/airflow/.local/lib/python3.6/site-packages/airflow/example_dags/example_latest_only.py for tasks to queue
[2026-09-23 11:30:54,502] {logging_mixin.py:104} INFO - [2026-09-23 11:30:54,501] {dagbag.py:451} INFO - Filling up the DagBag from /home/airflow/.local/lib/python3.6/site-packages/airflow/example_dags/example_latest_only.py
[2026-09-23 11:30:54,516] {scheduler_job.py:639} INFO - DAG(s) dict_keys(['latest_only']) retrieved from /home/airflow/.local/lib/python3.6/site-packages/airflow/example_dags/example_latest_only.py
[2026-09-23 11:30:54,548] {logging_mixin.py:104} INFO - [2026-09-23 11:30:54,547] {dag.py:1824} INFO - Sync 1 DAGs
[2026-09-23 11:30:54,573] {logging_mixin.py:104} INFO - [2026-09-23 11:30:54,573] {dag.py:2280} INFO - Setting next_dagrun for latest_only to 2026-09-21 00:00:00+00:00
[2026-09-23 11:30:54,593] {scheduler_job.py:190} INFO - Processing /home/airflow/.local/lib/python3.6/site-packages/airflow/example_dags/example_latest_only.py took 0.098 seconds
[2026-09-23 11:31:25,041] {scheduler_job.py:182} INFO - Started process (PID=507) to work on /home/airflow/.local/lib/python3.6/site-packages/airflow/example_dags/example_latest_only.py
[2026-09-23 11:31:25,042] {scheduler_job.py:629} INFO - Processing file /home/airflow/.local/lib/python3.6/site-packages/airflow/example_dags/example_latest_only.py for tasks to queue
[2026-09-23 11:31:25,043] {logging_mixin.py:104} INFO - [2026-09-23 11:31:25,043] {dagbag.py:451} INFO - Filling up the DagBag from /home/airflow/.local/lib/python3.6/site-packages/airflow/example_dags/example_latest_only.py
[2026-09-23 11:31:25,057] {scheduler_job.py:639} INFO - DAG(s) dict_keys(['latest_only']) retrieved from /home/airflow/.local/lib/python3.6/site-packages/airflow/example_dags/example_latest_only.py
[2026-09-23 11:31:25,090] {logging_mixin.py:104} INFO - [2026-09-23 11:31:25,090] {dag.py:1824} INFO - Sync 1 DAGs
[2026-09-23 11:31:25,113] {logging_mixin.py:104} INFO - [2026-09-23 11:31:25,113] {dag.py:2280} INFO - Setting next_dagrun for latest_only to 2026-09-21 00:00:00+00:00
[2026-09-23 11:31:25,131] {scheduler_job.py:190} INFO - Processing /home/airflow/.local/lib/python3.6/site-packages/airflow/example_dags/example_latest_only.py took 0.094 seconds
[2026-09-23 11:31:55,586] {scheduler_job.py:182} INFO - Started process (PID=533) to work on /home/airflow/.local/lib/python3.6/site-packages/airflow/example_dags/example_latest_only.py
[2026-09-23 11:31:55,588] {scheduler_job.py:629} INFO - Processing file /home/airflow/.local/lib/python3.6/site-packages/airflow/example_dags/example_latest_only.py for tasks to queue
[2026-09-23 11:31:55,588] {logging_mixin.py:104} INFO - [2026-09-23 11:31:55,588] {dagbag.py:451} INFO - Filling up the DagBag from /home/airflow/.local/lib/python3.6/site-packages/airflow/example_dags/example_latest_only.py
[2026-09-23 11:31:55,601] {scheduler_job.py:639} INFO - DAG(s) dict_keys(['latest_only']) retrieved from /home/airflow/.local/lib/python3.6/site-packages/airflow/example_dags/example_latest_only.py
[2026-09-23 11:31:55,626] {logging_mixin.py:104} INFO - [2026-09-23 11:31:55,625] {dag.py:1824} INFO - Sync 1 DAGs
[2026-09-23 11:31:55,645] {logging_mixin.py:104} INFO - [2026-09-23 11:31:55,645] {dag.py:2280} INFO - Setting next_dagrun for latest_only to 2026-09-21 00:00:00+00:00
[2026-09-23 11:31:55,663] {scheduler_job.py:190} INFO - Processing /home/airflow/.local/lib/python3.6/site-packages/airflow/example_dags/example_latest_only.py took 0.081 seconds
[2026-09-23 11:32:26,070] {scheduler_job.py:182} INFO - Started process (PID=559) to work on /home/airflow/.local/lib/python3.6/site-packages/airflow/example_dags/example_latest_only.py
[2026-09-23 11:32:26,071] {scheduler_job.py:629} INFO - Processing file /home/airflow/.local/lib/python3.6/site-packages/airflow/example_dags/example_latest_only.py for tasks to queue
[2026-09-23 11:32:26,072] {logging_mixin.py:104} INFO - [2026-09-23 11:32:26,072] {dagbag.py:451} INFO - Filling up the DagBag from /home/airflow/.local/lib/python3.6/site-packages/airflow/example_dags/example_latest_only.py
[2026-09-23 11:32:26,086] {scheduler_job.py:639} INFO - DAG(s) dict_keys(['latest_only']) retrieved from /home/airflow/.local/lib/python3.6/site-packages/airflow/example_dags/example_latest_only.py
[2026-09-23 11:32:26,117] {logging_mixin.py:104} INFO - [2026-09-23 11:32:26,117] {dag.py:1824} INFO - Sync 1 DAGs
[2026-09-23 11:32:26,139] {logging_mixin.py:104} INFO - [2026-09-23 11:32:26,139] {dag.py:2280} INFO - Setting next_dagrun for latest_only to 2026-09-21 00:00:00+00:00
[2026-09-23 11:32:26,151] {scheduler_job.py:190} INFO - Processing /home/airflow/.local/lib/python3.6/site-packages/airflow/example_dags/example_latest_only.py took 0.086 seconds
[2026-09-23 11:32:56,598] {scheduler_job.py:182} INFO - Started process (PID=585) to work on /home/airflow/.local/lib/python3.6/site-packages/airflow/example_dags/example_latest_only.py
[2026-09-23 11:32:56,600] {scheduler_job.py:629} INFO - Processing file /home/airflow/.local/lib/python3.6/site-packages/airflow/example_dags/example_latest_only.py for tasks to queue
[2026-09-23 11:32:56,601] {logging_mixin.py:104} INFO - [2026-09-23 11:32:56,601] {dagbag.py:451} INFO - Filling up the DagBag from /home/airflow/.local/lib/python3.6/site-packages/airflow/example_dags/example_latest_only.py
[2026-09-23 11:32:56,617] {scheduler_job.py:639} INFO - DAG(s) dict_keys(['latest_only']) retrieved from /home/airflow/.local/lib/python3.6/site-packages/airflow/example_dags/example_latest_only.py
[2026-09-23 11:32:56,642] {logging_mixin.py:104} INFO - [2026-09-23 11:32:56,642] {dag.py:1824} INFO - Sync 1 DAGs
[2026-09-23 11:32:56,663] {logging_mixin.py:104} INFO - [2026-09-23 11:32:56,663] {dag.py:2280} INFO - Setting next_dagrun for latest_only to 2026-09-21 00:00:00+00:00
[2026-09-23 11:32:56,679] {scheduler_job.py:190} INFO - Processing /home/airflow/.local/lib/python3.6/site-packages/airflow/example_dags/example_latest_only.py took 0.085 seconds
[2026-09-23 11:33:27,122] {scheduler_job.py:182} INFO - Started process (PID=611) to work on /home/airflow/.local/lib/python3.6/site-packages/airflow/example_dags/example_latest_only.py
[2026-09-23 11:33:27,123] {scheduler_job.py:629} INFO - Processing file /home/airflow/.local/lib/python3.6/site-packages/airflow/example_dags/example_latest_only.py for tasks to queue
[2026-09-23 11:33:27,124] {logging_mixin.py:104} INFO - [2026-09-23 11:33:27,124] {dagbag.py:451} INFO - Filling up the DagBag from /home/airflow/.local/lib/python3.6/site-packages/airflow/example_dags/example_latest_only.py
[2026-09-23 11:33:27,137] {scheduler_job.py:639} INFO - DAG(s) dict_keys(['latest_only']) retrieved from /home/airflow/.local/lib/python3.6/site-packages/airflow/example_dags/example_latest_only.py
[2026-09-23 11:33:27,164] {logging_mixin.py:104} INFO - [2026-09-23 11:33:27,164] {dag.py:1824} INFO - Sync 1 DAGs
[2026-09-23 11:33:27,190] {logging_mixin.py:104} INFO - [2026-09-23 11:33:27,190] {dag.py:2280} INFO - Setting next_dagrun for latest_only to 2026-09-21 00:00:00+00:00
[2026-09-23 11:33:27,205] {scheduler_job.py:190} INFO - Processing /home/airflow/.local/lib/python3.6/site-packages/airflow/example_dags/example_latest_only.py took 0.087 seconds
[2026-09-23 11:33:57,395] {scheduler_job.py:182} INFO - Started process (PID=634) to work on /home/airflow/.local/lib/python3.6/site-packages/airflow/example_dags/example_latest_only.py
[2026-09-23 11:33:57,396] {scheduler_job.py:629} INFO - Processing file /home/airflow/.local/lib/python3.6/site-packages/airflow/example_dags/example_latest_only.py for tasks to queue
[2026-09-23 11:33:57,397] {logging_mixin.py:104} INFO - [2026-09-23 11:33:57,397] {dagbag.py:451} INFO - Filling up the DagBag from /home/airflow/.local/lib/python3.6/site-packages/airflow/example_dags/example_latest_only.py
[2026-09-23 11:33:57,410] {scheduler_job.py:639} INFO - DAG(s) dict_keys(['latest_only']) retrieved from /home/airflow/.local/lib/python3.6/site-packages/airflow/example_dags/example_latest_only.py
[2026-09-23 11:33:57,434] {logging_mixin.py:104} INFO - [2026-09-23 11:33:57,433] {dag.py:1824} INFO - Sync 1 DAGs
[2026-09-23 11:33:57,453] {logging_mixin.py:104} INFO - [2026-09-23 11:33:57,453] {dag.py:2280} INFO - Setting next_dagrun for latest_only to 2026-09-21 00:00:00+00:00
[2026-09-23 11:33:57,467] {scheduler_job.py:190} INFO - Processing /home/airflow/.local/lib/python3.6/site-packages/airflow/example_dags/example_latest_only.py took 0.076 seconds
[2026-09-23 11:34:27,956] {scheduler_job.py:182} INFO - Started process (PID=660) to work on /home/airflow/.local/lib/python3.6/site-packages/airflow/example_dags/example_latest_only.py
[2026-09-23 11:34:27,958] {scheduler_job.py:629} INFO - Processing file /home/airflow/.local/lib/python3.6/site-packages/airflow/example_dags/example_latest_only.py for tasks to queue
[2026-09-23 11:34:27,960] {logging_mixin.py:104} INFO - [2026-09-23 11:34:27,959] {dagbag.py:451} INFO - Filling up the DagBag from /home/airflow/.local/lib/python3.6/site-packages/airflow/example_dags/example_latest_only.py
[2026-09-23 11:34:27,977] {scheduler_job.py:639} INFO - DAG(s) dict_keys(['latest_only']) retrieved from /home/airflow/.local/lib/python3.6/site-packages/airflow/example_dags/example_latest_only.py
[2026-09-23 11:34:28,009] {logging_mixin.py:104} INFO - [2026-09-23 11:34:28,009] {dag.py:1824} INFO - Sync 1 DAGs
[2026-09-23 11:34:28,032] {logging_mixin.py:104} INFO - [2026-09-23 11:34:28,032] {dag.py:2280} INFO - Setting next_dagrun for latest_only to 2026-09-21 00:00:00+00:00
[2026-09-23 11:34:28,047] {scheduler_job.py:190} INFO - Processing /home/airflow/.local/lib/python3.6/site-packages/airflow/example_dags/example_latest_only.py took 0.097 seconds
[2026-09-23 11:34:58,528] {scheduler_job.py:182} INFO - Started process (PID=686) to work on /home/airflow/.local/lib/python3.6/site-packages/airflow/example_dags/example_latest_only.py
[2026-09-23 11:34:58,529] {scheduler_job.py:629} INFO - Processing file /home/airflow/.local/lib/python3.6/site-packages/airflow/example_dags/example_latest_only.py for tasks to queue
[2026-09-23 11:34:58,530] {logging_mixin.py:104} INFO - [2026-09-23 11:34:58,530] {dagbag.py:451} INFO - Filling up the DagBag from /home/airflow/.local/lib/python3.6/site-packages/airflow/example_dags/example_latest_only.py
[2026-09-23 11:34:58,543] {scheduler_job.py:639} INFO - DAG(s) dict_keys(['latest_only']) retrieved from /home/airflow/.local/lib/python3.6/site-packages/airflow/example_dags/example_latest_only.py
[2026-09-23 11:34:58,568] {logging_mixin.py:104} INFO - [2026-09-23 11:34:58,568] {dag.py:1824} INFO - Sync 1 DAGs
[2026-09-23 11:34:58,593] {logging_mixin.py:104} INFO - [2026-09-23 11:34:58,593] {dag.py:2280} INFO - Setting next_dagrun for latest_only to 2026-09-21 00:00:00+00:00
[2026-09-23 11:34:58,611] {scheduler_job.py:190} INFO - Processing /home/airflow/.local/lib/python3.6/site-packages/airflow/example_dags/example_latest_only.py took 0.087 seconds
[2026-09-23 11:35:29,397] {scheduler_job.py:182} INFO - Started process (PID=712) to work on /home/airflow/.local/lib/python3.6/site-packages/airflow/example_dags/example_latest_only.py
[2026-09-23 11:35:29,399] {scheduler_job.py:629} INFO - Processing file /home/airflow/.local/lib/python3.6/site-packages/airflow/example_dags/example_latest_only.py for tasks to queue
[2026-09-23 11:35:29,401] {logging_mixin.py:104} INFO - [2026-09-23 11:35:29,400] {dagbag.py:451} INFO - Filling up the DagBag from /home/airflow/.local/lib/python3.6/site-packages/airflow/example_dags/example_latest_only.py
[2026-09-23 11:35:29,417] {scheduler_job.py:639} INFO - DAG(s) dict_keys(['latest_only']) retrieved from /home/airflow/.local/lib/python3.6/site-packages/airflow/example_dags/example_latest_only.py
[2026-09-23 11:35:29,452] {logging_mixin.py:104} INFO - [2026-09-23 11:35:29,452] {dag.py:1824} INFO - Sync 1 DAGs
[2026-09-23 11:35:29,482] {logging_mixin.py:104} INFO - [2026-09-23 11:35:29,482] {dag.py:2280} INFO - Setting next_dagrun for latest_only to 2026-09-21 00:00:00+00:00
[2026-09-23 11:35:29,502] {scheduler_job.py:190} INFO - Processing /home/airflow/.local/lib/python3.6/site-packages/airflow/example_dags/example_latest_only.py took 0.110 seconds
[2026-09-23 11:35:59,560] {scheduler_job.py:182} INFO - Started process (PID=737) to work on /home/airflow/.local/lib/python3.6/site-packages/airflow/example_dags/example_latest_only.py
[2026-09-23 11:35:59,561] {scheduler_job.py:629} INFO - Processing file /home/airflow/.local/lib/python3.6/site-packages/airflow/example_dags/example_latest_only.py for tasks to queue
[2026-09-23 11:35:59,562] {logging_mixin.py:104} INFO - [2026-09-23 11:35:59,561] {dagbag.py:451} INFO - Filling up the DagBag from /home/airflow/.local/lib/python3.6/site-packages/airflow/example_dags/example_latest_only.py
[2026-09-23 11:35:59,574] {scheduler_job.py:639} INFO - DAG(s) dict_keys(['latest_only']) retrieved from /home/airflow/.local/lib/python3.6/site-packages/airflow/example_dags/example_latest_only.py
[2026-09-23 11:35:59,602] {logging_mixin.py:104} INFO - [2026-09-23 11:35:59,602] {dag.py:1824} INFO - Sync 1 DAGs
[2026-09-23 11:35:59,622] {logging_mixin.py:104} INFO - [2026-09-23 11:35:59,622] {dag.py:2280} INFO - Setting next_dagrun for latest_only to 2026-09-21 00:00:00+00:00
[2026-09-23 11:35:59,648] {scheduler_job.py:190} INFO - Processing /home/airflow/.local/lib/python3.6/site-packages/airflow/example_dags/example_latest_only.py took 0.092 seconds
[2026-09-23 11:36:30,082] {scheduler_job.py:182} INFO - Started process (PID=763) to work on /home/airflow/.local/lib/python3.6/site-packages/airflow/example_dags/example_latest_only.py
[2026-09-23 11:36:30,084] {scheduler_job.py:629} INFO - Processing file /home/airflow/.local/lib/python3.6/site-packages/airflow/example_dags/example_latest_only.py for tasks to queue
[2026-09-23 11:36:30,085] {logging_mixin.py:104} INFO - [2026-09-23 11:36:30,085] {dagbag.py:451} INFO - Filling up the DagBag from /home/airflow/.local/lib/python3.6/site-packages/airflow/example_dags/example_latest_only.py
[2026-09-23 11:36:30,110] {scheduler_job.py:639} INFO - DAG(s) dict_keys(['latest_only']) retrieved from /home/airflow/.local/lib/python3.6/site-packages/airflow/example_dags/example_latest_only.py
[2026-09-23 11:36:30,160] {logging_mixin.py:104} INFO - [2026-09-23 11:36:30,160] {dag.py:1824} INFO - Sync 1 DAGs
[2026-09-23 11:36:30,199] {logging_mixin.py:104} INFO - [2026-09-23 11:36:30,199] {dag.py:2280} INFO - Setting next_dagrun for latest_only to 2026-09-21 00:00:00+00:00
[2026-09-23 11:36:30,223] {scheduler_job.py:190} INFO - Processing /home/airflow/.local/lib/python3.6/site-packages/airflow/example_dags/example_latest_only.py took 0.148 seconds
[2026-09-23 11:37:00,333] {scheduler_job.py:182} INFO - Started process (PID=788) to work on /home/airflow/.local/lib/python3.6/site-packages/airflow/example_dags/example_latest_only.py
[2026-09-23 11:37:00,335] {scheduler_job.py:629} INFO - Processing file /home/airflow/.local/lib/python3.6/site-packages/airflow/example_dags/example_latest_only.py for tasks to queue
[2026-09-23 11:37:00,336] {logging_mixin.py:104} INFO - [2026-09-23 11:37:00,336] {dagbag.py:451} INFO - Filling up the DagBag from /home/airflow/.local/lib/python3.6/site-packages/airflow/example_dags/example_latest_only.py
[2026-09-23 11:37:00,358] {scheduler_job.py:639} INFO - DAG(s) dict_keys(['latest_only']) retrieved from /home/airflow/.local/lib/python3.6/site-packages/airflow/example_dags/example_latest_only.py
[2026-09-23 11:37:00,397] {logging_mixin.py:104} INFO - [2026-09-23 11:37:00,397] {dag.py:1824} INFO - Sync 1 DAGs
[2026-09-23 11:37:00,428] {logging_mixin.py:104} INFO - [2026-09-23 11:37:00,428] {dag.py:2280} INFO - Setting next_dagrun for latest_only to 2026-09-21 00:00:00+00:00
[2026-09-23 11:37:00,451] {scheduler_job.py:190} INFO - Processing /home/airflow/.local/lib/python3.6/site-packages/airflow/example_dags/example_latest_only.py took 0.125 seconds
[2026-09-23 11:37:30,618] {scheduler_job.py:182} INFO - Started process (PID=814) to work on /home/airflow/.local/lib/python3.6/site-packages/airflow/example_dags/example_latest_only.py
[2026-09-23 11:37:30,621] {scheduler_job.py:629} INFO - Processing file /home/airflow/.local/lib/python3.6/site-packages/airflow/example_dags/example_latest_only.py for tasks to queue
[2026-09-23 11:37:30,622] {logging_mixin.py:104} INFO - [2026-09-23 11:37:30,622] {dagbag.py:451} INFO - Filling up the DagBag from /home/airflow/.local/lib/python3.6/site-packages/airflow/example_dags/example_latest_only.py
[2026-09-23 11:37:30,647] {scheduler_job.py:639} INFO - DAG(s) dict_keys(['latest_only']) retrieved from /home/airflow/.local/lib/python3.6/site-packages/airflow/example_dags/example_latest_only.py
[2026-09-23 11:37:30,675] {logging_mixin.py:104} INFO - [2026-09-23 11:37:30,675] {dag.py:1824} INFO - Sync 1 DAGs
[2026-09-23 11:37:30,698] {logging_mixin.py:104} INFO - [2026-09-23 11:37:30,697] {dag.py:2280} INFO - Setting next_dagrun for latest_only to 2026-09-21 00:00:00+00:00
[2026-09-23 11:37:30,718] {scheduler_job.py:190} INFO - Processing /home/airflow/.local/lib/python3.6/site-packages/airflow/example_dags/example_latest_only.py took 0.106 seconds
[2026-09-23 11:38:01,040] {scheduler_job.py:182} INFO - Started process (PID=840) to work on /home/airflow/.local/lib/python3.6/site-packages/airflow/example_dags/example_latest_only.py
[2026-09-23 11:38:01,042] {scheduler_job.py:629} INFO - Processing file /home/airflow/.local/lib/python3.6/site-packages/airflow/example_dags/example_latest_only.py for tasks to queue
[2026-09-23 11:38:01,043] {logging_mixin.py:104} INFO - [2026-09-23 11:38:01,043] {dagbag.py:451} INFO - Filling up the DagBag from /home/airflow/.local/lib/python3.6/site-packages/airflow/example_dags/example_latest_only.py
[2026-09-23 11:38:01,064] {scheduler_job.py:639} INFO - DAG(s) dict_keys(['latest_only']) retrieved from /home/airflow/.local/lib/python3.6/site-packages/airflow/example_dags/example_latest_only.py
[2026-09-23 11:38:01,098] {logging_mixin.py:104} INFO - [2026-09-23 11:38:01,097] {dag.py:1824} INFO - Sync 1 DAGs
[2026-09-23 11:38:01,127] {logging_mixin.py:104} INFO - [2026-09-23 11:38:01,127] {dag.py:2280} INFO - Setting next_dagrun for latest_only to 2026-09-21 00:00:00+00:00
[2026-09-23 11:38:01,153] {scheduler_job.py:190} INFO - Processing /home/airflow/.local/lib/python3.6/site-packages/airflow/example_dags/example_latest_only.py took 0.119 seconds
[2026-09-23 11:38:31,287] {scheduler_job.py:182} INFO - Started process (PID=865) to work on /home/airflow/.local/lib/python3.6/site-packages/airflow/example_dags/example_latest_only.py
[2026-09-23 11:38:31,290] {scheduler_job.py:629} INFO - Processing file /home/airflow/.local/lib/python3.6/site-packages/airflow/example_dags/example_latest_only.py for tasks to queue
[2026-09-23 11:38:31,294] {logging_mixin.py:104} INFO - [2026-09-23 11:38:31,294] {dagbag.py:451} INFO - Filling up the DagBag from /home/airflow/.local/lib/python3.6/site-packages/airflow/example_dags/example_latest_only.py
[2026-09-23 11:38:31,322] {scheduler_job.py:639} INFO - DAG(s) dict_keys(['latest_only']) retrieved from /home/airflow/.local/lib/python3.6/site-packages/airflow/example_dags/example_latest_only.py
[2026-09-23 11:38:31,362] {logging_mixin.py:104} INFO - [2026-09-23 11:38:31,362] {dag.py:1824} INFO - Sync 1 DAGs
[2026-09-23 11:38:31,407] {logging_mixin.py:104} INFO - [2026-09-23 11:38:31,406] {dag.py:2280} INFO - Setting next_dagrun for latest_only to 2026-09-21 00:00:00+00:00
[2026-09-23 11:38:31,435] {scheduler_job.py:190} INFO - Processing /home/airflow/.local/lib/python3.6/site-packages/airflow/example_dags/example_latest_only.py took 0.159 seconds
[2026-09-23 11:39:01,599] {scheduler_job.py:182} INFO - Started process (PID=891) to work on /home/airflow/.local/lib/python3.6/site-packages/airflow/example_dags/example_latest_only.py
[2026-09-23 11:39:01,602] {scheduler_job.py:629} INFO - Processing file /home/airflow/.local/lib/python3.6/site-packages/airflow/example_dags/example_latest_only.py for tasks to queue
[2026-09-23 11:39:01,603] {logging_mixin.py:104} INFO - [2026-09-23 11:39:01,603] {dagbag.py:451} INFO - Filling up the DagBag from /home/airflow/.local/lib/python3.6/site-packages/airflow/example_dags/example_latest_only.py
[2026-09-23 11:39:01,629] {scheduler_job.py:639} INFO - DAG(s) dict_keys(['latest_only']) retrieved from /home/airflow/.local/lib/python3.6/site-packages/airflow/example_dags/example_latest_only.py
[2026-09-23 11:39:01,678] {logging_mixin.py:104} INFO - [2026-09-23 11:39:01,678] {dag.py:1824} INFO - Sync 1 DAGs
[2026-09-23 11:39:01,714] {logging_mixin.py:104} INFO - [2026-09-23 11:39:01,714] {dag.py:2280} INFO - Setting next_dagrun for latest_only to 2026-09-21 00:00:00+00:00
[2026-09-23 11:39:01,734] {scheduler_job.py:190} INFO - Processing /home/airflow/.local/lib/python3.6/site-packages/airflow/example_dags/example_latest_only.py took 0.141 seconds
[2026-09-23 11:39:32,635] {scheduler_job.py:182} INFO - Started process (PID=919) to work on /home/airflow/.local/lib/python3.6/site-packages/airflow/example_dags/example_latest_only.py
[2026-09-23 11:39:32,646] {scheduler_job.py:629} INFO - Processing file /home/airflow/.local/lib/python3.6/site-packages/airflow/example_dags/example_latest_only.py for tasks to queue
[2026-09-23 11:39:32,647] {logging_mixin.py:104} INFO - [2026-09-23 11:39:32,647] {dagbag.py:451} INFO - Filling up the DagBag from /home/airflow/.local/lib/python3.6/site-packages/airflow/example_dags/example_latest_only.py
[2026-09-23 11:39:32,665] {scheduler_job.py:639} INFO - DAG(s) dict_keys(['latest_only']) retrieved from /home/airflow/.local/lib/python3.6/site-packages/airflow/example_dags/example_latest_only.py
[2026-09-23 11:39:32,706] {logging_mixin.py:104} INFO - [2026-09-23 11:39:32,706] {dag.py:1824} INFO - Sync 1 DAGs
[2026-09-23 11:39:32,738] {logging_mixin.py:104} INFO - [2026-09-23 11:39:32,738] {dag.py:2280} INFO - Setting next_dagrun for latest_only to 2026-09-21 00:00:00+00:00
[2026-09-23 11:39:32,763] {scheduler_job.py:190} INFO - Processing /home/airflow/.local/lib/python3.6/site-packages/airflow/example_dags/example_latest_only.py took 0.138 seconds
[2026-09-23 11:40:02,980] {scheduler_job.py:182} INFO - Started process (PID=945) to work on /home/airflow/.local/lib/python3.6/site-packages/airflow/example_dags/example_latest_only.py
[2026-09-23 11:40:02,982] {scheduler_job.py:629} INFO - Processing file /home/airflow/.local/lib/python3.6/site-packages/airflow/example_dags/example_latest_only.py for tasks to queue
[2026-09-23 11:40:02,983] {logging_mixin.py:104} INFO - [2026-09-23 11:40:02,982] {dagbag.py:451} INFO - Filling up the DagBag from /home/airflow/.local/lib/python3.6/site-packages/airflow/example_dags/example_latest_only.py
[2026-09-23 11:40:03,002] {scheduler_job.py:639} INFO - DAG(s) dict_keys(['latest_only']) retrieved from /home/airflow/.local/lib/python3.6/site-packages/airflow/example_dags/example_latest_only.py
[2026-09-23 11:40:03,034] {logging_mixin.py:104} INFO - [2026-09-23 11:40:03,034] {dag.py:1824} INFO - Sync 1 DAGs
[2026-09-23 11:40:03,065] {logging_mixin.py:104} INFO - [2026-09-23 11:40:03,065] {dag.py:2280} INFO - Setting next_dagrun for latest_only to 2026-09-21 00:00:00+00:00
[2026-09-23 11:40:03,097] {scheduler_job.py:190} INFO - Processing /home/airflow/.local/lib/python3.6/site-packages/airflow/example_dags/example_latest_only.py took 0.123 seconds
[2026-09-23 11:40:33,635] {scheduler_job.py:182} INFO - Started process (PID=972) to work on /home/airflow/.local/lib/python3.6/site-packages/airflow/example_dags/example_latest_only.py
[2026-09-23 11:40:33,636] {scheduler_job.py:629} INFO - Processing file /home/airflow/.local/lib/python3.6/site-packages/airflow/example_dags/example_latest_only.py for tasks to queue
[2026-09-23 11:40:33,637] {logging_mixin.py:104} INFO - [2026-09-23 11:40:33,637] {dagbag.py:451} INFO - Filling up the DagBag from /home/airflow/.local/lib/python3.6/site-packages/airflow/example_dags/example_latest_only.py
[2026-09-23 11:40:33,652] {scheduler_job.py:639} INFO - DAG(s) dict_keys(['latest_only']) retrieved from /home/airflow/.local/lib/python3.6/site-packages/airflow/example_dags/example_latest_only.py
[2026-09-23 11:40:33,677] {logging_mixin.py:104} INFO - [2026-09-23 11:40:33,677] {dag.py:1824} INFO - Sync 1 DAGs
[2026-09-23 11:40:33,698] {logging_mixin.py:104} INFO - [2026-09-23 11:40:33,698] {dag.py:2280} INFO - Setting next_dagrun for latest_only to 2026-09-21 00:00:00+00:00
[2026-09-23 11:40:33,720] {scheduler_job.py:190} INFO - Processing /home/airflow/.local/lib/python3.6/site-packages/airflow/example_dags/example_latest_only.py took 0.090 seconds
[2026-09-23 11:41:03,951] {scheduler_job.py:182} INFO - Started process (PID=998) to work on /home/airflow/.local/lib/python3.6/site-packages/airflow/example_dags/example_latest_only.py
[2026-09-23 11:41:03,953] {scheduler_job.py:629} INFO - Processing file /home/airflow/.local/lib/python3.6/site-packages/airflow/example_dags/example_latest_only.py for tasks to queue
[2026-09-23 11:41:03,954] {logging_mixin.py:104} INFO - [2026-09-23 11:41:03,954] {dagbag.py:451} INFO - Filling up the DagBag from /home/airflow/.local/lib/python3.6/site-packages/airflow/example_dags/example_latest_only.py
[2026-09-23 11:41:03,973] {scheduler_job.py:639} INFO - DAG(s) dict_keys(['latest_only']) retrieved from /home/airflow/.local/lib/python3.6/site-packages/airflow/example_dags/example_latest_only.py
[2026-09-23 11:41:04,001] {logging_mixin.py:104} INFO - [2026-09-23 11:41:04,000] {dag.py:1824} INFO - Sync 1 DAGs
[2026-09-23 11:41:04,024] {logging_mixin.py:104} INFO - [2026-09-23 11:41:04,024] {dag.py:2280} INFO - Setting next_dagrun for latest_only to 2026-09-21 00:00:00+00:00
[2026-09-23 11:41:04,045] {scheduler_job.py:190} INFO - Processing /home/airflow/.local/lib/python3.6/site-packages/airflow/example_dags/example_latest_only.py took 0.102 seconds
[2026-09-23 11:41:34,521] {scheduler_job.py:182} INFO - Started process (PID=1023) to work on /home/airflow/.local/lib/python3.6/site-packages/airflow/example_dags/example_latest_only.py
[2026-09-23 11:41:34,526] {scheduler_job.py:629} INFO - Processing file /home/airflow/.local/lib/python3.6/site-packages/airflow/example_dags/example_latest_only.py for tasks to queue
[2026-09-23 11:41:34,531] {logging_mixin.py:104} INFO - [2026-09-23 11:41:34,527] {dagbag.py:451} INFO - Filling up the DagBag from /home/airflow/.local/lib/python3.6/site-packages/airflow/example_dags/example_latest_only.py
[2026-09-23 11:41:34,580] {scheduler_job.py:639} INFO - DAG(s) dict_keys(['latest_only']) retrieved from /home/airflow/.local/lib/python3.6/site-packages/airflow/example_dags/example_latest_only.py
[2026-09-23 11:41:34,651] {logging_mixin.py:104} INFO - [2026-09-23 11:41:34,651] {dag.py:1824} INFO - Sync 1 DAGs
[2026-09-23 11:41:34,685] {logging_mixin.py:104} INFO - [2026-09-23 11:41:34,685] {dag.py:2280} INFO - Setting next_dagrun for latest_only to 2026-09-21 00:00:00+00:00
[2026-09-23 11:41:34,713] {scheduler_job.py:190} INFO - Processing /home/airflow/.local/lib/python3.6/site-packages/airflow/example_dags/example_latest_only.py took 0.209 seconds
[2026-09-23 11:42:05,188] {scheduler_job.py:182} INFO - Started process (PID=1048) to work on /home/airflow/.local/lib/python3.6/site-packages/airflow/example_dags/example_latest_only.py
[2026-09-23 11:42:05,190] {scheduler_job.py:629} INFO - Processing file /home/airflow/.local/lib/python3.6/site-packages/airflow/example_dags/example_latest_only.py for tasks to queue
[2026-09-23 11:42:05,193] {logging_mixin.py:104} INFO - [2026-09-23 11:42:05,193] {dagbag.py:451} INFO - Filling up the DagBag from /home/airflow/.local/lib/python3.6/site-packages/airflow/example_dags/example_latest_only.py
[2026-09-23 11:42:05,222] {scheduler_job.py:639} INFO - DAG(s) dict_keys(['latest_only']) retrieved from /home/airflow/.local/lib/python3.6/site-packages/airflow/example_dags/example_latest_only.py
[2026-09-23 11:42:05,274] {logging_mixin.py:104} INFO - [2026-09-23 11:42:05,273] {dag.py:1824} INFO - Sync 1 DAGs
[2026-09-23 11:42:05,316] {logging_mixin.py:104} INFO - [2026-09-23 11:42:05,316] {dag.py:2280} INFO - Setting next_dagrun for latest_only to 2026-09-21 00:00:00+00:00
[2026-09-23 11:42:05,340] {scheduler_job.py:190} INFO - Processing /home/airflow/.local/lib/python3.6/site-packages/airflow/example_dags/example_latest_only.py took 0.162 seconds
[2026-09-23 11:42:35,809] {scheduler_job.py:182} INFO - Started process (PID=1074) to work on /home/airflow/.local/lib/python3.6/site-packages/airflow/example_dags/example_latest_only.py
[2026-09-23 11:42:35,811] {scheduler_job.py:629} INFO - Processing file /home/airflow/.local/lib/python3.6/site-packages/airflow/example_dags/example_latest_only.py for tasks to queue
[2026-09-23 11:42:35,812] {logging_mixin.py:104} INFO - [2026-09-23 11:42:35,812] {dagbag.py:451} INFO - Filling up the DagBag from /home/airflow/.local/lib/python3.6/site-packages/airflow/example_dags/example_latest_only.py
[2026-09-23 11:42:35,829] {scheduler_job.py:639} INFO - DAG(s) dict_keys(['latest_only']) retrieved from /home/airflow/.local/lib/python3.6/site-packages/airflow/example_dags/example_latest_only.py
[2026-09-23 11:42:35,862] {logging_mixin.py:104} INFO - [2026-09-23 11:42:35,862] {dag.py:1824} INFO - Sync 1 DAGs
[2026-09-23 11:42:35,890] {logging_mixin.py:104} INFO - [2026-09-23 11:42:35,890] {dag.py:2280} INFO - Setting next_dagrun for latest_only to 2026-09-21 00:00:00+00:00
[2026-09-23 11:42:35,909] {scheduler_job.py:190} INFO - Processing /home/airflow/.local/lib/python3.6/site-packages/airflow/example_dags/example_latest_only.py took 0.105 seconds
[2026-09-23 11:43:06,941] {scheduler_job.py:182} INFO - Started process (PID=1102) to work on /home/airflow/.local/lib/python3.6/site-packages/airflow/example_dags/example_latest_only.py
[2026-09-23 11:43:06,942] {scheduler_job.py:629} INFO - Processing file /home/airflow/.local/lib/python3.6/site-packages/airflow/example_dags/example_latest_only.py for tasks to queue
[2026-09-23 11:43:06,943] {logging_mixin.py:104} INFO - [2026-09-23 11:43:06,943] {dagbag.py:451} INFO - Filling up the DagBag from /home/airflow/.local/lib/python3.6/site-packages/airflow/example_dags/example_latest_only.py
[2026-09-23 11:43:06,964] {scheduler_job.py:639} INFO - DAG(s) dict_keys(['latest_only']) retrieved from /home/airflow/.local/lib/python3.6/site-packages/airflow/example_dags/example_latest_only.py
[2026-09-23 11:43:06,999] {logging_mixin.py:104} INFO - [2026-09-23 11:43:06,999] {dag.py:1824} INFO - Sync 1 DAGs
[2026-09-23 11:43:07,027] {logging_mixin.py:104} INFO - [2026-09-23 11:43:07,027] {dag.py:2280} INFO - Setting next_dagrun for latest_only to 2026-09-21 00:00:00+00:00
[2026-09-23 11:43:07,052] {scheduler_job.py:190} INFO - Processing /home/airflow/.local/lib/python3.6/site-packages/airflow/example_dags/example_latest_only.py took 0.117 seconds
[2026-09-23 11:43:37,413] {scheduler_job.py:182} INFO - Started process (PID=1128) to work on /home/airflow/.local/lib/python3.6/site-packages/airflow/example_dags/example_latest_only.py
[2026-09-23 11:43:37,414] {scheduler_job.py:629} INFO - Processing file /home/airflow/.local/lib/python3.6/site-packages/airflow/example_dags/example_latest_only.py for tasks to queue
[2026-09-23 11:43:37,415] {logging_mixin.py:104} INFO - [2026-09-23 11:43:37,415] {dagbag.py:451} INFO - Filling up the DagBag from /home/airflow/.local/lib/python3.6/site-packages/airflow/example_dags/example_latest_only.py
[2026-09-23 11:43:37,430] {scheduler_job.py:639} INFO - DAG(s) dict_keys(['latest_only']) retrieved from /home/airflow/.local/lib/python3.6/site-packages/airflow/example_dags/example_latest_only.py
[2026-09-23 11:43:37,462] {logging_mixin.py:104} INFO - [2026-09-23 11:43:37,462] {dag.py:1824} INFO - Sync 1 DAGs
[2026-09-23 11:43:37,484] {logging_mixin.py:104} INFO - [2026-09-23 11:43:37,484] {dag.py:2280} INFO - Setting next_dagrun for latest_only to 2026-09-21 00:00:00+00:00
[2026-09-23 11:43:37,502] {scheduler_job.py:190} INFO - Processing /home/airflow/.local/lib/python3.6/site-packages/airflow/example_dags/example_latest_only.py took 0.094 seconds
[2026-09-23 11:44:07,593] {scheduler_job.py:182} INFO - Started process (PID=1153) to work on /home/airflow/.local/lib/python3.6/site-packages/airflow/example_dags/example_latest_only.py
[2026-09-23 11:44:07,596] {scheduler_job.py:629} INFO - Processing file /home/airflow/.local/lib/python3.6/site-packages/airflow/example_dags/example_latest_only.py for tasks to queue
[2026-09-23 11:44:07,597] {logging_mixin.py:104} INFO - [2026-09-23 11:44:07,597] {dagbag.py:451} INFO - Filling up the DagBag from /home/airflow/.local/lib/python3.6/site-packages/airflow/example_dags/example_latest_only.py
[2026-09-23 11:44:07,613] {scheduler_job.py:639} INFO - DAG(s) dict_keys(['latest_only']) retrieved from /home/airflow/.local/lib/python3.6/site-packages/airflow/example_dags/example_latest_only.py
[2026-09-23 11:44:07,638] {logging_mixin.py:104} INFO - [2026-09-23 11:44:07,637] {dag.py:1824} INFO - Sync 1 DAGs
[2026-09-23 11:44:07,656] {logging_mixin.py:104} INFO - [2026-09-23 11:44:07,656] {dag.py:2280} INFO - Setting next_dagrun for latest_only to 2026-09-21 00:00:00+00:00
[2026-09-23 11:44:07,669] {scheduler_job.py:190} INFO - Processing /home/airflow/.local/lib/python3.6/site-packages/airflow/example_dags/example_latest_only.py took 0.084 seconds
[2026-09-23 11:44:37,785] {scheduler_job.py:182} INFO - Started process (PID=1179) to work on /home/airflow/.local/lib/python3.6/site-packages/airflow/example_dags/example_latest_only.py
[2026-09-23 11:44:37,787] {scheduler_job.py:629} INFO - Processing file /home/airflow/.local/lib/python3.6/site-packages/airflow/example_dags/example_latest_only.py for tasks to queue
[2026-09-23 11:44:37,789] {logging_mixin.py:104} INFO - [2026-09-23 11:44:37,788] {dagbag.py:451} INFO - Filling up the DagBag from /home/airflow/.local/lib/python3.6/site-packages/airflow/example_dags/example_latest_only.py
[2026-09-23 11:44:37,806] {scheduler_job.py:639} INFO - DAG(s) dict_keys(['latest_only']) retrieved from /home/airflow/.local/lib/python3.6/site-packages/airflow/example_dags/example_latest_only.py
[2026-09-23 11:44:37,839] {logging_mixin.py:104} INFO - [2026-09-23 11:44:37,839] {dag.py:1824} INFO - Sync 1 DAGs
[2026-09-23 11:44:37,865] {logging_mixin.py:104} INFO - [2026-09-23 11:44:37,865] {dag.py:2280} INFO - Setting next_dagrun for latest_only to 2026-09-21 00:00:00+00:00
[2026-09-23 11:44:37,885] {scheduler_job.py:190} INFO - Processing /home/airflow/.local/lib/python3.6/site-packages/airflow/example_dags/example_latest_only.py took 0.105 seconds
[2026-09-23 11:45:08,136] {scheduler_job.py:182} INFO - Started process (PID=1205) to work on /home/airflow/.local/lib/python3.6/site-packages/airflow/example_dags/example_latest_only.py
[2026-09-23 11:45:08,138] {scheduler_job.py:629} INFO - Processing file /home/airflow/.local/lib/python3.6/site-packages/airflow/example_dags/example_latest_only.py for tasks to queue
[2026-09-23 11:45:08,139] {logging_mixin.py:104} INFO - [2026-09-23 11:45:08,139] {dagbag.py:451} INFO - Filling up the DagBag from /home/airflow/.local/lib/python3.6/site-packages/airflow/example_dags/example_latest_only.py
[2026-09-23 11:45:08,154] {scheduler_job.py:639} INFO - DAG(s) dict_keys(['latest_only']) retrieved from /home/airflow/.local/lib/python3.6/site-packages/airflow/example_dags/example_latest_only.py
[2026-09-23 11:45:08,185] {logging_mixin.py:104} INFO - [2026-09-23 11:45:08,185] {dag.py:1824} INFO - Sync 1 DAGs
[2026-09-23 11:45:08,206] {logging_mixin.py:104} INFO - [2026-09-23 11:45:08,205] {dag.py:2280} INFO - Setting next_dagrun for latest_only to 2026-09-21 00:00:00+00:00
[2026-09-23 11:45:08,224] {scheduler_job.py:190} INFO - Processing /home/airflow/.local/lib/python3.6/site-packages/airflow/example_dags/example_latest_only.py took 0.092 seconds
[2026-09-23 11:45:38,458] {scheduler_job.py:182} INFO - Started process (PID=1231) to work on /home/airflow/.local/lib/python3.6/site-packages/airflow/example_dags/example_latest_only.py
[2026-09-23 11:45:38,460] {scheduler_job.py:629} INFO - Processing file /home/airflow/.local/lib/python3.6/site-packages/airflow/example_dags/example_latest_only.py for tasks to queue
[2026-09-23 11:45:38,461] {logging_mixin.py:104} INFO - [2026-09-23 11:45:38,461] {dagbag.py:451} INFO - Filling up the DagBag from /home/airflow/.local/lib/python3.6/site-packages/airflow/example_dags/example_latest_only.py
[2026-09-23 11:45:38,485] {scheduler_job.py:639} INFO - DAG(s) dict_keys(['latest_only']) retrieved from /home/airflow/.local/lib/python3.6/site-packages/airflow/example_dags/example_latest_only.py
[2026-09-23 11:45:38,547] {logging_mixin.py:104} INFO - [2026-09-23 11:45:38,546] {dag.py:1824} INFO - Sync 1 DAGs
[2026-09-23 11:45:38,589] {logging_mixin.py:104} INFO - [2026-09-23 11:45:38,589] {dag.py:2280} INFO - Setting next_dagrun for latest_only to 2026-09-21 00:00:00+00:00
[2026-09-23 11:45:38,614] {scheduler_job.py:190} INFO - Processing /home/airflow/.local/lib/python3.6/site-packages/airflow/example_dags/example_latest_only.py took 0.161 seconds
[2026-09-23 11:46:08,650] {scheduler_job.py:182} INFO - Started process (PID=1257) to work on /home/airflow/.local/lib/python3.6/site-packages/airflow/example_dags/example_latest_only.py
[2026-09-23 11:46:08,652] {scheduler_job.py:629} INFO - Processing file /home/airflow/.local/lib/python3.6/site-packages/airflow/example_dags/example_latest_only.py for tasks to queue
[2026-09-23 11:46:08,653] {logging_mixin.py:104} INFO - [2026-09-23 11:46:08,653] {dagbag.py:451} INFO - Filling up the DagBag from /home/airflow/.local/lib/python3.6/site-packages/airflow/example_dags/example_latest_only.py
[2026-09-23 11:46:08,674] {scheduler_job.py:639} INFO - DAG(s) dict_keys(['latest_only']) retrieved from /home/airflow/.local/lib/python3.6/site-packages/airflow/example_dags/example_latest_only.py
[2026-09-23 11:46:08,709] {logging_mixin.py:104} INFO - [2026-09-23 11:46:08,709] {dag.py:1824} INFO - Sync 1 DAGs
[2026-09-23 11:46:08,733] {logging_mixin.py:104} INFO - [2026-09-23 11:46:08,732] {dag.py:2280} INFO - Setting next_dagrun for latest_only to 2026-09-21 00:00:00+00:00
[2026-09-23 11:46:08,754] {scheduler_job.py:190} INFO - Processing /home/airflow/.local/lib/python3.6/site-packages/airflow/example_dags/example_latest_only.py took 0.110 seconds
[2026-09-23 11:46:38,822] {scheduler_job.py:182} INFO - Started process (PID=1282) to work on /home/airflow/.local/lib/python3.6/site-packages/airflow/example_dags/example_latest_only.py
[2026-09-23 11:46:38,825] {scheduler_job.py:629} INFO - Processing file /home/airflow/.local/lib/python3.6/site-packages/airflow/example_dags/example_latest_only.py for tasks to queue
[2026-09-23 11:46:38,826] {logging_mixin.py:104} INFO - [2026-09-23 11:46:38,826] {dagbag.py:451} INFO - Filling up the DagBag from /home/airflow/.local/lib/python3.6/site-packages/airflow/example_dags/example_latest_only.py
[2026-09-23 11:46:38,847] {scheduler_job.py:639} INFO - DAG(s) dict_keys(['latest_only']) retrieved from /home/airflow/.local/lib/python3.6/site-packages/airflow/example_dags/example_latest_only.py
[2026-09-23 11:46:38,881] {logging_mixin.py:104} INFO - [2026-09-23 11:46:38,881] {dag.py:1824} INFO - Sync 1 DAGs
[2026-09-23 11:46:38,913] {logging_mixin.py:104} INFO - [2026-09-23 11:46:38,912] {dag.py:2280} INFO - Setting next_dagrun for latest_only to 2026-09-21 00:00:00+00:00
[2026-09-23 11:46:38,940] {scheduler_job.py:190} INFO - Processing /home/airflow/.local/lib/python3.6/site-packages/airflow/example_dags/example_latest_only.py took 0.128 seconds
[2026-09-23 11:47:09,577] {scheduler_job.py:182} INFO - Started process (PID=1308) to work on /home/airflow/.local/lib/python3.6/site-packages/airflow/example_dags/example_latest_only.py
[2026-09-23 11:47:09,580] {scheduler_job.py:629} INFO - Processing file /home/airflow/.local/lib/python3.6/site-packages/airflow/example_dags/example_latest_only.py for tasks to queue
[2026-09-23 11:47:09,581] {logging_mixin.py:104} INFO - [2026-09-23 11:47:09,581] {dagbag.py:451} INFO - Filling up the DagBag from /home/airflow/.local/lib/python3.6/site-packages/airflow/example_dags/example_latest_only.py
[2026-09-23 11:47:09,603] {scheduler_job.py:639} INFO - DAG(s) dict_keys(['latest_only']) retrieved from /home/airflow/.local/lib/python3.6/site-packages/airflow/example_dags/example_latest_only.py
[2026-09-23 11:47:09,639] {logging_mixin.py:104} INFO - [2026-09-23 11:47:09,639] {dag.py:1824} INFO - Sync 1 DAGs
[2026-09-23 11:47:09,674] {logging_mixin.py:104} INFO - [2026-09-23 11:47:09,674] {dag.py:2280} INFO - Setting next_dagrun for latest_only to 2026-09-21 00:00:00+00:00
[2026-09-23 11:47:09,690] {scheduler_job.py:190} INFO - Processing /home/airflow/.local/lib/python3.6/site-packages/airflow/example_dags/example_latest_only.py took 0.120 seconds
[2026-09-23 11:47:40,678] {scheduler_job.py:182} INFO - Started process (PID=1334) to work on /home/airflow/.local/lib/python3.6/site-packages/airflow/example_dags/example_latest_only.py
[2026-09-23 11:47:40,681] {scheduler_job.py:629} INFO - Processing file /home/airflow/.local/lib/python3.6/site-packages/airflow/example_dags/example_latest_only.py for tasks to queue
[2026-09-23 11:47:40,682] {logging_mixin.py:104} INFO - [2026-09-23 11:47:40,682] {dagbag.py:451} INFO - Filling up the DagBag from /home/airflow/.local/lib/python3.6/site-packages/airflow/example_dags/example_latest_only.py
[2026-09-23 11:47:40,723] {scheduler_job.py:639} INFO - DAG(s) dict_keys(['latest_only']) retrieved from /home/airflow/.local/lib/python3.6/site-packages/airflow/example_dags/example_latest_only.py
[2026-09-23 11:47:40,796] {logging_mixin.py:104} INFO - [2026-09-23 11:47:40,796] {dag.py:1824} INFO - Sync 1 DAGs
[2026-09-23 11:47:40,829] {logging_mixin.py:104} INFO - [2026-09-23 11:47:40,829] {dag.py:2280} INFO - Setting next_dagrun for latest_only to 2026-09-21 00:00:00+00:00
[2026-09-23 11:47:40,856] {scheduler_job.py:190} INFO - Processing /home/airflow/.local/lib/python3.6/site-packages/airflow/example_dags/example_latest_only.py took 0.188 seconds
[2026-09-23 11:48:11,405] {scheduler_job.py:182} INFO - Started process (PID=1361) to work on /home/airflow/.local/lib/python3.6/site-packages/airflow/example_dags/example_latest_only.py
[2026-09-23 11:48:11,407] {scheduler_job.py:629} INFO - Processing file /home/airflow/.local/lib/python3.6/site-packages/airflow/example_dags/example_latest_only.py for tasks to queue
[2026-09-23 11:48:11,408] {logging_mixin.py:104} INFO - [2026-09-23 11:48:11,408] {dagbag.py:451} INFO - Filling up the DagBag from /home/airflow/.local/lib/python3.6/site-packages/airflow/example_dags/example_latest_only.py
[2026-09-23 11:48:11,446] {scheduler_job.py:639} INFO - DAG(s) dict_keys(['latest_only']) retrieved from /home/airflow/.local/lib/python3.6/site-packages/airflow/example_dags/example_latest_only.py
[2026-09-23 11:48:11,508] {logging_mixin.py:104} INFO - [2026-09-23 11:48:11,508] {dag.py:1824} INFO - Sync 1 DAGs
[2026-09-23 11:48:11,538] {logging_mixin.py:104} INFO - [2026-09-23 11:48:11,537] {dag.py:2280} INFO - Setting next_dagrun for latest_only to 2026-09-21 00:00:00+00:00
[2026-09-23 11:48:11,563] {scheduler_job.py:190} INFO - Processing /home/airflow/.local/lib/python3.6/site-packages/airflow/example_dags/example_latest_only.py took 0.173 seconds
[2026-09-23 11:48:42,243] {scheduler_job.py:182} INFO - Started process (PID=1386) to work on /home/airflow/.local/lib/python3.6/site-packages/airflow/example_dags/example_latest_only.py
[2026-09-23 11:48:42,245] {scheduler_job.py:629} INFO - Processing file /home/airflow/.local/lib/python3.6/site-packages/airflow/example_dags/example_latest_only.py for tasks to queue
[2026-09-23 11:48:42,246] {logging_mixin.py:104} INFO - [2026-09-23 11:48:42,246] {dagbag.py:451} INFO - Filling up the DagBag from /home/airflow/.local/lib/python3.6/site-packages/airflow/example_dags/example_latest_only.py
[2026-09-23 11:48:42,262] {scheduler_job.py:639} INFO - DAG(s) dict_keys(['latest_only']) retrieved from /home/airflow/.local/lib/python3.6/site-packages/airflow/example_dags/example_latest_only.py
[2026-09-23 11:48:42,300] {logging_mixin.py:104} INFO - [2026-09-23 11:48:42,299] {dag.py:1824} INFO - Sync 1 DAGs
[2026-09-23 11:48:42,330] {logging_mixin.py:104} INFO - [2026-09-23 11:48:42,330] {dag.py:2280} INFO - Setting next_dagrun for latest_only to 2026-09-21 00:00:00+00:00
[2026-09-23 11:48:42,350] {scheduler_job.py:190} INFO - Processing /home/airflow/.local/lib/python3.6/site-packages/airflow/example_dags/example_latest_only.py took 0.111 seconds
[2026-09-23 11:49:13,006] {scheduler_job.py:182} INFO - Started process (PID=1412) to work on /home/airflow/.local/lib/python3.6/site-packages/airflow/example_dags/example_latest_only.py
[2026-09-23 11:49:13,011] {scheduler_job.py:629} INFO - Processing file /home/airflow/.local/lib/python3.6/site-packages/airflow/example_dags/example_latest_only.py for tasks to queue
[2026-09-23 11:49:13,014] {logging_mixin.py:104} INFO - [2026-09-23 11:49:13,012] {dagbag.py:451} INFO - Filling up the DagBag from /home/airflow/.local/lib/python3.6/site-packages/airflow/example_dags/example_latest_only.py
[2026-09-23 11:49:13,045] {scheduler_job.py:639} INFO - DAG(s) dict_keys(['latest_only']) retrieved from /home/airflow/.local/lib/python3.6/site-packages/airflow/example_dags/example_latest_only.py
[2026-09-23 11:49:13,099] {logging_mixin.py:104} INFO - [2026-09-23 11:49:13,099] {dag.py:1824} INFO - Sync 1 DAGs
[2026-09-23 11:49:13,132] {logging_mixin.py:104} INFO - [2026-09-23 11:49:13,131] {dag.py:2280} INFO - Setting next_dagrun for latest_only to 2026-09-21 00:00:00+00:00
[2026-09-23 11:49:13,163] {scheduler_job.py:190} INFO - Processing /home/airflow/.local/lib/python3.6/site-packages/airflow/example_dags/example_latest_only.py took 0.163 seconds
[2026-09-23 11:49:43,931] {scheduler_job.py:182} INFO - Started process (PID=1438) to work on /home/airflow/.local/lib/python3.6/site-packages/airflow/example_dags/example_latest_only.py
[2026-09-23 11:49:43,933] {scheduler_job.py:629} INFO - Processing file /home/airflow/.local/lib/python3.6/site-packages/airflow/example_dags/example_latest_only.py for tasks to queue
[2026-09-23 11:49:43,934] {logging_mixin.py:104} INFO - [2026-09-23 11:49:43,934] {dagbag.py:451} INFO - Filling up the DagBag from /home/airflow/.local/lib/python3.6/site-packages/airflow/example_dags/example_latest_only.py
[2026-09-23 11:49:43,953] {scheduler_job.py:639} INFO - DAG(s) dict_keys(['latest_only']) retrieved from /home/airflow/.local/lib/python3.6/site-packages/airflow/example_dags/example_latest_only.py
[2026-09-23 11:49:43,986] {logging_mixin.py:104} INFO - [2026-09-23 11:49:43,986] {dag.py:1824} INFO - Sync 1 DAGs
[2026-09-23 11:49:44,010] {logging_mixin.py:104} INFO - [2026-09-23 11:49:44,010] {dag.py:2280} INFO - Setting next_dagrun for latest_only to 2026-09-21 00:00:00+00:00
[2026-09-23 11:49:44,029] {scheduler_job.py:190} INFO - Processing /home/airflow/.local/lib/python3.6/site-packages/airflow/example_dags/example_latest_only.py took 0.103 seconds
[2026-09-23 11:50:15,240] {scheduler_job.py:182} INFO - Started process (PID=1471) to work on /home/airflow/.local/lib/python3.6/site-packages/airflow/example_dags/example_latest_only.py
[2026-09-23 11:50:15,242] {scheduler_job.py:629} INFO - Processing file /home/airflow/.local/lib/python3.6/site-packages/airflow/example_dags/example_latest_only.py for tasks to queue
[2026-09-23 11:50:15,242] {logging_mixin.py:104} INFO - [2026-09-23 11:50:15,242] {dagbag.py:451} INFO - Filling up the DagBag from /home/airflow/.local/lib/python3.6/site-packages/airflow/example_dags/example_latest_only.py
[2026-09-23 11:50:15,256] {scheduler_job.py:639} INFO - DAG(s) dict_keys(['latest_only']) retrieved from /home/airflow/.local/lib/python3.6/site-packages/airflow/example_dags/example_latest_only.py
[2026-09-23 11:50:15,287] {logging_mixin.py:104} INFO - [2026-09-23 11:50:15,287] {dag.py:1824} INFO - Sync 1 DAGs
[2026-09-23 11:50:15,317] {logging_mixin.py:104} INFO - [2026-09-23 11:50:15,317] {dag.py:2280} INFO - Setting next_dagrun for latest_only to 2026-09-21 00:00:00+00:00
[2026-09-23 11:50:15,354] {scheduler_job.py:190} INFO - Processing /home/airflow/.local/lib/python3.6/site-packages/airflow/example_dags/example_latest_only.py took 0.118 seconds
[2026-09-23 11:50:46,118] {scheduler_job.py:182} INFO - Started process (PID=1497) to work on /home/airflow/.local/lib/python3.6/site-packages/airflow/example_dags/example_latest_only.py
[2026-09-23 11:50:46,119] {scheduler_job.py:629} INFO - Processing file /home/airflow/.local/lib/python3.6/site-packages/airflow/example_dags/example_latest_only.py for tasks to queue
[2026-09-23 11:50:46,120] {logging_mixin.py:104} INFO - [2026-09-23 11:50:46,120] {dagbag.py:451} INFO - Filling up the DagBag from /home/airflow/.local/lib/python3.6/site-packages/airflow/example_dags/example_latest_only.py
[2026-09-23 11:50:46,136] {scheduler_job.py:639} INFO - DAG(s) dict_keys(['latest_only']) retrieved from /home/airflow/.local/lib/python3.6/site-packages/airflow/example_dags/example_latest_only.py
[2026-09-23 11:50:46,166] {logging_mixin.py:104} INFO - [2026-09-23 11:50:46,166] {dag.py:1824} INFO - Sync 1 DAGs
[2026-09-23 11:50:46,191] {logging_mixin.py:104} INFO - [2026-09-23 11:50:46,191] {dag.py:2280} INFO - Setting next_dagrun for latest_only to 2026-09-21 00:00:00+00:00
[2026-09-23 11:50:46,210] {scheduler_job.py:190} INFO - Processing /home/airflow/.local/lib/python3.6/site-packages/airflow/example_dags/example_latest_only.py took 0.098 seconds
[2026-09-23 11:51:16,794] {scheduler_job.py:182} INFO - Started process (PID=1523) to work on /home/airflow/.local/lib/python3.6/site-packages/airflow/example_dags/example_latest_only.py
[2026-09-23 11:51:16,796] {scheduler_job.py:629} INFO - Processing file /home/airflow/.local/lib/python3.6/site-packages/airflow/example_dags/example_latest_only.py for tasks to queue
[2026-09-23 11:51:16,797] {logging_mixin.py:104} INFO - [2026-09-23 11:51:16,797] {dagbag.py:451} INFO - Filling up the DagBag from /home/airflow/.local/lib/python3.6/site-packages/airflow/example_dags/example_latest_only.py
[2026-09-23 11:51:16,818] {scheduler_job.py:639} INFO - DAG(s) dict_keys(['latest_only']) retrieved from /home/airflow/.local/lib/python3.6/site-packages/airflow/example_dags/example_latest_only.py
[2026-09-23 11:51:16,852] {logging_mixin.py:104} INFO - [2026-09-23 11:51:16,851] {dag.py:1824} INFO - Sync 1 DAGs
[2026-09-23 11:51:16,884] {logging_mixin.py:104} INFO - [2026-09-23 11:51:16,884] {dag.py:2280} INFO - Setting next_dagrun for latest_only to 2026-09-21 00:00:00+00:00
[2026-09-23 11:51:16,912] {scheduler_job.py:190} INFO - Processing /home/airflow/.local/lib/python3.6/site-packages/airflow/example_dags/example_latest_only.py took 0.123 seconds
[2026-09-23 11:51:47,856] {scheduler_job.py:182} INFO - Started process (PID=1549) to work on /home/airflow/.local/lib/python3.6/site-packages/airflow/example_dags/example_latest_only.py
[2026-09-23 11:51:47,858] {scheduler_job.py:629} INFO - Processing file /home/airflow/.local/lib/python3.6/site-packages/airflow/example_dags/example_latest_only.py for tasks to queue
[2026-09-23 11:51:47,859] {logging_mixin.py:104} INFO - [2026-09-23 11:51:47,859] {dagbag.py:451} INFO - Filling up the DagBag from /home/airflow/.local/lib/python3.6/site-packages/airflow/example_dags/example_latest_only.py
[2026-09-23 11:51:47,874] {scheduler_job.py:639} INFO - DAG(s) dict_keys(['latest_only']) retrieved from /home/airflow/.local/lib/python3.6/site-packages/airflow/example_dags/example_latest_only.py
[2026-09-23 11:51:47,904] {logging_mixin.py:104} INFO - [2026-09-23 11:51:47,903] {dag.py:1824} INFO - Sync 1 DAGs
[2026-09-23 11:51:47,925] {logging_mixin.py:104} INFO - [2026-09-23 11:51:47,924] {dag.py:2280} INFO - Setting next_dagrun for latest_only to 2026-09-21 00:00:00+00:00
[2026-09-23 11:51:47,946] {scheduler_job.py:190} INFO - Processing /home/airflow/.local/lib/python3.6/site-packages/airflow/example_dags/example_latest_only.py took 0.095 seconds
[2026-09-23 11:52:18,851] {scheduler_job.py:182} INFO - Started process (PID=1575) to work on /home/airflow/.local/lib/python3.6/site-packages/airflow/example_dags/example_latest_only.py
[2026-09-23 11:52:18,854] {scheduler_job.py:629} INFO - Processing file /home/airflow/.local/lib/python3.6/site-packages/airflow/example_dags/example_latest_only.py for tasks to queue
[2026-09-23 11:52:18,855] {logging_mixin.py:104} INFO - [2026-09-23 11:52:18,855] {dagbag.py:451} INFO - Filling up the DagBag from /home/airflow/.local/lib/python3.6/site-packages/airflow/example_dags/example_latest_only.py
[2026-09-23 11:52:18,876] {scheduler_job.py:639} INFO - DAG(s) dict_keys(['latest_only']) retrieved from /home/airflow/.local/lib/python3.6/site-packages/airflow/example_dags/example_latest_only.py
[2026-09-23 11:52:18,915] {logging_mixin.py:104} INFO - [2026-09-23 11:52:18,915] {dag.py:1824} INFO - Sync 1 DAGs
[2026-09-23 11:52:18,948] {logging_mixin.py:104} INFO - [2026-09-23 11:52:18,947] {dag.py:2280} INFO - Setting next_dagrun for latest_only to 2026-09-21 00:00:00+00:00
[2026-09-23 11:52:18,971] {scheduler_job.py:190} INFO - Processing /home/airflow/.local/lib/python3.6/site-packages/airflow/example_dags/example_latest_only.py took 0.124 seconds
[2026-09-23 11:52:49,262] {scheduler_job.py:182} INFO - Started process (PID=1601) to work on /home/airflow/.local/lib/python3.6/site-packages/airflow/example_dags/example_latest_only.py
[2026-09-23 11:52:49,264] {scheduler_job.py:629} INFO - Processing file /home/airflow/.local/lib/python3.6/site-packages/airflow/example_dags/example_latest_only.py for tasks to queue
[2026-09-23 11:52:49,266] {logging_mixin.py:104} INFO - [2026-09-23 11:52:49,266] {dagbag.py:451} INFO - Filling up the DagBag from /home/airflow/.local/lib/python3.6/site-packages/airflow/example_dags/example_latest_only.py
[2026-09-23 11:52:49,288] {scheduler_job.py:639} INFO - DAG(s) dict_keys(['latest_only']) retrieved from /home/airflow/.local/lib/python3.6/site-packages/airflow/example_dags/example_latest_only.py
[2026-09-23 11:52:49,329] {logging_mixin.py:104} INFO - [2026-09-23 11:52:49,329] {dag.py:1824} INFO - Sync 1 DAGs
[2026-09-23 11:52:49,356] {logging_mixin.py:104} INFO - [2026-09-23 11:52:49,356] {dag.py:2280} INFO - Setting next_dagrun for latest_only to 2026-09-21 00:00:00+00:00
[2026-09-23 11:52:49,378] {scheduler_job.py:190} INFO - Processing /home/airflow/.local/lib/python3.6/site-packages/airflow/example_dags/example_latest_only.py took 0.124 seconds
[2026-09-23 11:53:19,415] {scheduler_job.py:182} INFO - Started process (PID=1627) to work on /home/airflow/.local/lib/python3.6/site-packages/airflow/example_dags/example_latest_only.py
[2026-09-23 11:53:19,417] {scheduler_job.py:629} INFO - Processing file /home/airflow/.local/lib/python3.6/site-packages/airflow/example_dags/example_latest_only.py for tasks to queue
[2026-09-23 11:53:19,418] {logging_mixin.py:104} INFO - [2026-09-23 11:53:19,418] {dagbag.py:451} INFO - Filling up the DagBag from /home/airflow/.local/lib/python3.6/site-packages/airflow/example_dags/example_latest_only.py
[2026-09-23 11:53:19,433] {scheduler_job.py:639} INFO - DAG(s) dict_keys(['latest_only']) retrieved from /home/airflow/.local/lib/python3.6/site-packages/airflow/example_dags/example_latest_only.py
[2026-09-23 11:53:19,465] {logging_mixin.py:104} INFO - [2026-09-23 11:53:19,465] {dag.py:1824} INFO - Sync 1 DAGs
[2026-09-23 11:53:19,499] {logging_mixin.py:104} INFO - [2026-09-23 11:53:19,498] {dag.py:2280} INFO - Setting next_dagrun for latest_only to 2026-09-21 00:00:00+00:00
[2026-09-23 11:53:19,521] {scheduler_job.py:190} INFO - Processing /home/airflow/.local/lib/python3.6/site-packages/airflow/example_dags/example_latest_only.py took 0.111 seconds
[2026-09-23 11:53:49,576] {scheduler_job.py:182} INFO - Started process (PID=1653) to work on /home/airflow/.local/lib/python3.6/site-packages/airflow/example_dags/example_latest_only.py
[2026-09-23 11:53:49,578] {scheduler_job.py:629} INFO - Processing file /home/airflow/.local/lib/python3.6/site-packages/airflow/example_dags/example_latest_only.py for tasks to queue
[2026-09-23 11:53:49,579] {logging_mixin.py:104} INFO - [2026-09-23 11:53:49,579] {dagbag.py:451} INFO - Filling up the DagBag from /home/airflow/.local/lib/python3.6/site-packages/airflow/example_dags/example_latest_only.py
[2026-09-23 11:53:49,599] {scheduler_job.py:639} INFO - DAG(s) dict_keys(['latest_only']) retrieved from /home/airflow/.local/lib/python3.6/site-packages/airflow/example_dags/example_latest_only.py
[2026-09-23 11:53:49,633] {logging_mixin.py:104} INFO - [2026-09-23 11:53:49,632] {dag.py:1824} INFO - Sync 1 DAGs
[2026-09-23 11:53:49,659] {logging_mixin.py:104} INFO - [2026-09-23 11:53:49,659] {dag.py:2280} INFO - Setting next_dagrun for latest_only to 2026-09-21 00:00:00+00:00
[2026-09-23 11:53:49,682] {scheduler_job.py:190} INFO - Processing /home/airflow/.local/lib/python3.6/site-packages/airflow/example_dags/example_latest_only.py took 0.112 seconds
[2026-09-23 11:54:20,098] {scheduler_job.py:182} INFO - Started process (PID=1675) to work on /home/airflow/.local/lib/python3.6/site-packages/airflow/example_dags/example_latest_only.py
[2026-09-23 11:54:20,100] {scheduler_job.py:629} INFO - Processing file /home/airflow/.local/lib/python3.6/site-packages/airflow/example_dags/example_latest_only.py for tasks to queue
[2026-09-23 11:54:20,101] {logging_mixin.py:104} INFO - [2026-09-23 11:54:20,101] {dagbag.py:451} INFO - Filling up the DagBag from /home/airflow/.local/lib/python3.6/site-packages/airflow/example_dags/example_latest_only.py
[2026-09-23 11:54:20,120] {scheduler_job.py:639} INFO - DAG(s) dict_keys(['latest_only']) retrieved from /home/airflow/.local/lib/python3.6/site-packages/airflow/example_dags/example_latest_only.py
[2026-09-23 11:54:20,160] {logging_mixin.py:104} INFO - [2026-09-23 11:54:20,159] {dag.py:1824} INFO - Sync 1 DAGs
[2026-09-23 11:54:20,190] {logging_mixin.py:104} INFO - [2026-09-23 11:54:20,190] {dag.py:2280} INFO - Setting next_dagrun for latest_only to 2026-09-21 00:00:00+00:00
[2026-09-23 11:54:20,218] {scheduler_job.py:190} INFO - Processing /home/airflow/.local/lib/python3.6/site-packages/airflow/example_dags/example_latest_only.py took 0.126 seconds
[2026-09-23 11:54:50,271] {scheduler_job.py:182} INFO - Started process (PID=1701) to work on /home/airflow/.local/lib/python3.6/site-packages/airflow/example_dags/example_latest_only.py
[2026-09-23 11:54:50,272] {scheduler_job.py:629} INFO - Processing file /home/airflow/.local/lib/python3.6/site-packages/airflow/example_dags/example_latest_only.py for tasks to queue
[2026-09-23 11:54:50,273] {logging_mixin.py:104} INFO - [2026-09-23 11:54:50,273] {dagbag.py:451} INFO - Filling up the DagBag from /home/airflow/.local/lib/python3.6/site-packages/airflow/example_dags/example_latest_only.py
[2026-09-23 11:54:50,285] {scheduler_job.py:639} INFO - DAG(s) dict_keys(['latest_only']) retrieved from /home/airflow/.local/lib/python3.6/site-packages/airflow/example_dags/example_latest_only.py
[2026-09-23 11:54:50,308] {logging_mixin.py:104} INFO - [2026-09-23 11:54:50,308] {dag.py:1824} INFO - Sync 1 DAGs
[2026-09-23 11:54:50,329] {logging_mixin.py:104} INFO - [2026-09-23 11:54:50,329] {dag.py:2280} INFO - Setting next_dagrun for latest_only to 2026-09-21 00:00:00+00:00
[2026-09-23 11:54:50,341] {scheduler_job.py:190} INFO - Processing /home/airflow/.local/lib/python3.6/site-packages/airflow/example_dags/example_latest_only.py took 0.074 seconds
[2026-09-23 11:55:20,427] {scheduler_job.py:182} INFO - Started process (PID=1727) to work on /home/airflow/.local/lib/python3.6/site-packages/airflow/example_dags/example_latest_only.py
[2026-09-23 11:55:20,428] {scheduler_job.py:629} INFO - Processing file /home/airflow/.local/lib/python3.6/site-packages/airflow/example_dags/example_latest_only.py for tasks to queue
[2026-09-23 11:55:20,428] {logging_mixin.py:104} INFO - [2026-09-23 11:55:20,428] {dagbag.py:451} INFO - Filling up the DagBag from /home/airflow/.local/lib/python3.6/site-packages/airflow/example_dags/example_latest_only.py
[2026-09-23 11:55:20,441] {scheduler_job.py:639} INFO - DAG(s) dict_keys(['latest_only']) retrieved from /home/airflow/.local/lib/python3.6/site-packages/airflow/example_dags/example_latest_only.py
[2026-09-23 11:55:20,468] {logging_mixin.py:104} INFO - [2026-09-23 11:55:20,468] {dag.py:1824} INFO - Sync 1 DAGs
[2026-09-23 11:55:20,487] {logging_mixin.py:104} INFO - [2026-09-23 11:55:20,487] {dag.py:2280} INFO - Setting next_dagrun for latest_only to 2026-09-21 00:00:00+00:00
[2026-09-23 11:55:20,504] {scheduler_job.py:190} INFO - Processing /home/airflow/.local/lib/python3.6/site-packages/airflow/example_dags/example_latest_only.py took 0.082 seconds
[2026-09-23 11:55:51,320] {scheduler_job.py:182} INFO - Started process (PID=1753) to work on /home/airflow/.local/lib/python3.6/site-packages/airflow/example_dags/example_latest_only.py
[2026-09-23 11:55:51,322] {scheduler_job.py:629} INFO - Processing file /home/airflow/.local/lib/python3.6/site-packages/airflow/example_dags/example_latest_only.py for tasks to queue
[2026-09-23 11:55:51,324] {logging_mixin.py:104} INFO - [2026-09-23 11:55:51,323] {dagbag.py:451} INFO - Filling up the DagBag from /home/airflow/.local/lib/python3.6/site-packages/airflow/example_dags/example_latest_only.py
[2026-09-23 11:55:51,344] {scheduler_job.py:639} INFO - DAG(s) dict_keys(['latest_only']) retrieved from /home/airflow/.local/lib/python3.6/site-packages/airflow/example_dags/example_latest_only.py
[2026-09-23 11:55:51,378] {logging_mixin.py:104} INFO - [2026-09-23 11:55:51,377] {dag.py:1824} INFO - Sync 1 DAGs
[2026-09-23 11:55:51,402] {logging_mixin.py:104} INFO - [2026-09-23 11:55:51,402] {dag.py:2280} INFO - Setting next_dagrun for latest_only to 2026-09-21 00:00:00+00:00
[2026-09-23 11:55:51,426] {scheduler_job.py:190} INFO - Processing /home/airflow/.local/lib/python3.6/site-packages/airflow/example_dags/example_latest_only.py took 0.109 seconds
[2026-09-23 11:56:21,934] {scheduler_job.py:182} INFO - Started process (PID=1779) to work on /home/airflow/.local/lib/python3.6/site-packages/airflow/example_dags/example_latest_only.py
[2026-09-23 11:56:21,937] {scheduler_job.py:629} INFO - Processing file /home/airflow/.local/lib/python3.6/site-packages/airflow/example_dags/example_latest_only.py for tasks to queue
[2026-09-23 11:56:21,938] {logging_mixin.py:104} INFO - [2026-09-23 11:56:21,938] {dagbag.py:451} INFO - Filling up the DagBag from /home/airflow/.local/lib/python3.6/site-packages/airflow/example_dags/example_latest_only.py
[2026-09-23 11:56:21,963] {scheduler_job.py:639} INFO - DAG(s) dict_keys(['latest_only']) retrieved from /home/airflow/.local/lib/python3.6/site-packages/airflow/example_dags/example_latest_only.py
[2026-09-23 11:56:22,006] {logging_mixin.py:104} INFO - [2026-09-23 11:56:22,006] {dag.py:1824} INFO - Sync 1 DAGs
[2026-09-23 11:56:22,041] {logging_mixin.py:104} INFO - [2026-09-23 11:56:22,041] {dag.py:2280} INFO - Setting next_dagrun for latest_only to 2026-09-21 00:00:00+00:00
[2026-09-23 11:56:22,061] {scheduler_job.py:190} INFO - Processing /home/airflow/.local/lib/python3.6/site-packages/airflow/example_dags/example_latest_only.py took 0.133 seconds
[2026-09-23 11:56:52,853] {scheduler_job.py:182} INFO - Started process (PID=1805) to work on /home/airflow/.local/lib/python3.6/site-packages/airflow/example_dags/example_latest_only.py
[2026-09-23 11:56:52,858] {scheduler_job.py:629} INFO - Processing file /home/airflow/.local/lib/python3.6/site-packages/airflow/example_dags/example_latest_only.py for tasks to queue
[2026-09-23 11:56:52,859] {logging_mixin.py:104} INFO - [2026-09-23 11:56:52,859] {dagbag.py:451} INFO - Filling up the DagBag from /home/airflow/.local/lib/python3.6/site-packages/airflow/example_dags/example_latest_only.py
[2026-09-23 11:56:52,877] {scheduler_job.py:639} INFO - DAG(s) dict_keys(['latest_only']) retrieved from /home/airflow/.local/lib/python3.6/site-packages/airflow/example_dags/example_latest_only.py
[2026-09-23 11:56:52,906] {logging_mixin.py:104} INFO - [2026-09-23 11:56:52,906] {dag.py:1824} INFO - Sync 1 DAGs
[2026-09-23 11:56:52,927] {logging_mixin.py:104} INFO - [2026-09-23 11:56:52,926] {dag.py:2280} INFO - Setting next_dagrun for latest_only to 2026-09-21 00:00:00+00:00
[2026-09-23 11:56:52,942] {scheduler_job.py:190} INFO - Processing /home/airflow/.local/lib/python3.6/site-packages/airflow/example_dags/example_latest_only.py took 0.093 seconds
[2026-09-23 11:57:23,464] {scheduler_job.py:182} INFO - Started process (PID=1831) to work on /home/airflow/.local/lib/python3.6/site-packages/airflow/example_dags/example_latest_only.py
[2026-09-23 11:57:23,465] {scheduler_job.py:629} INFO - Processing file /home/airflow/.local/lib/python3.6/site-packages/airflow/example_dags/example_latest_only.py for tasks to queue
[2026-09-23 11:57:23,466] {logging_mixin.py:104} INFO - [2026-09-23 11:57:23,466] {dagbag.py:451} INFO - Filling up the DagBag from /home/airflow/.local/lib/python3.6/site-packages/airflow/example_dags/example_latest_only.py
[2026-09-23 11:57:23,479] {scheduler_job.py:639} INFO - DAG(s) dict_keys(['latest_only']) retrieved from /home/airflow/.local/lib/python3.6/site-packages/airflow/example_dags/example_latest_only.py
[2026-09-23 11:57:23,505] {logging_mixin.py:104} INFO - [2026-09-23 11:57:23,505] {dag.py:1824} INFO - Sync 1 DAGs
[2026-09-23 11:57:23,525] {logging_mixin.py:104} INFO - [2026-09-23 11:57:23,525] {dag.py:2280} INFO - Setting next_dagrun for latest_only to 2026-09-21 00:00:00+00:00
[2026-09-23 11:57:23,543] {scheduler_job.py:190} INFO - Processing /home/airflow/.local/lib/python3.6/site-packages/airflow/example_dags/example_latest_only.py took 0.083 seconds
[2026-09-23 11:57:54,151] {scheduler_job.py:182} INFO - Started process (PID=1857) to work on /home/airflow/.local/lib/python3.6/site-packages/airflow/example_dags/example_latest_only.py
[2026-09-23 11:57:54,153] {scheduler_job.py:629} INFO - Processing file /home/airflow/.local/lib/python3.6/site-packages/airflow/example_dags/example_latest_only.py for tasks to queue
[2026-09-23 11:57:54,155] {logging_mixin.py:104} INFO - [2026-09-23 11:57:54,154] {dagbag.py:451} INFO - Filling up the DagBag from /home/airflow/.local/lib/python3.6/site-packages/airflow/example_dags/example_latest_only.py
[2026-09-23 11:57:54,176] {scheduler_job.py:639} INFO - DAG(s) dict_keys(['latest_only']) retrieved from /home/airflow/.local/lib/python3.6/site-packages/airflow/example_dags/example_latest_only.py
[2026-09-23 11:57:54,215] {logging_mixin.py:104} INFO - [2026-09-23 11:57:54,215] {dag.py:1824} INFO - Sync 1 DAGs
[2026-09-23 11:57:54,261] {logging_mixin.py:104} INFO - [2026-09-23 11:57:54,260] {dag.py:2280} INFO - Setting next_dagrun for latest_only to 2026-09-21 00:00:00+00:00
[2026-09-23 11:57:54,293] {scheduler_job.py:190} INFO - Processing /home/airflow/.local/lib/python3.6/site-packages/airflow/example_dags/example_latest_only.py took 0.148 seconds
[2026-09-23 11:58:25,110] {scheduler_job.py:182} INFO - Started process (PID=1883) to work on /home/airflow/.local/lib/python3.6/site-packages/airflow/example_dags/example_latest_only.py
[2026-09-23 11:58:25,115] {scheduler_job.py:629} INFO - Processing file /home/airflow/.local/lib/python3.6/site-packages/airflow/example_dags/example_latest_only.py for tasks to queue
[2026-09-23 11:58:25,116] {logging_mixin.py:104} INFO - [2026-09-23 11:58:25,116] {dagbag.py:451} INFO - Filling up the DagBag from /home/airflow/.local/lib/python3.6/site-packages/airflow/example_dags/example_latest_only.py
[2026-09-23 11:58:25,138] {scheduler_job.py:639} INFO - DAG(s) dict_keys(['latest_only']) retrieved from /home/airflow/.local/lib/python3.6/site-packages/airflow/example_dags/example_latest_only.py
[2026-09-23 11:58:25,181] {logging_mixin.py:104} INFO - [2026-09-23 11:58:25,181] {dag.py:1824} INFO - Sync 1 DAGs
[2026-09-23 11:58:25,216] {logging_mixin.py:104} INFO - [2026-09-23 11:58:25,215] {dag.py:2280} INFO - Setting next_dagrun for latest_only to 2026-09-21 00:00:00+00:00
[2026-09-23 11:58:25,239] {scheduler_job.py:190} INFO - Processing /home/airflow/.local/lib/python3.6/site-packages/airflow/example_dags/example_latest_only.py took 0.137 seconds
[2026-09-23 11:58:55,354] {scheduler_job.py:182} INFO - Started process (PID=1909) to work on /home/airflow/.local/lib/python3.6/site-packages/airflow/example_dags/example_latest_only.py
[2026-09-23 11:58:55,357] {scheduler_job.py:629} INFO - Processing file /home/airflow/.local/lib/python3.6/site-packages/airflow/example_dags/example_latest_only.py for tasks to queue
[2026-09-23 11:58:55,359] {logging_mixin.py:104} INFO - [2026-09-23 11:58:55,358] {dagbag.py:451} INFO - Filling up the DagBag from /home/airflow/.local/lib/python3.6/site-packages/airflow/example_dags/example_latest_only.py
[2026-09-23 11:58:55,383] {scheduler_job.py:639} INFO - DAG(s) dict_keys(['latest_only']) retrieved from /home/airflow/.local/lib/python3.6/site-packages/airflow/example_dags/example_latest_only.py
[2026-09-23 11:58:55,435] {logging_mixin.py:104} INFO - [2026-09-23 11:58:55,434] {dag.py:1824} INFO - Sync 1 DAGs
[2026-09-23 11:58:55,469] {logging_mixin.py:104} INFO - [2026-09-23 11:58:55,469] {dag.py:2280} INFO - Setting next_dagrun for latest_only to 2026-09-21 00:00:00+00:00
[2026-09-23 11:58:55,498] {scheduler_job.py:190} INFO - Processing /home/airflow/.local/lib/python3.6/site-packages/airflow/example_dags/example_latest_only.py took 0.152 seconds
[2026-09-23 11:59:25,539] {scheduler_job.py:182} INFO - Started process (PID=1935) to work on /home/airflow/.local/lib/python3.6/site-packages/airflow/example_dags/example_latest_only.py
[2026-09-23 11:59:25,541] {scheduler_job.py:629} INFO - Processing file /home/airflow/.local/lib/python3.6/site-packages/airflow/example_dags/example_latest_only.py for tasks to queue
[2026-09-23 11:59:25,543] {logging_mixin.py:104} INFO - [2026-09-23 11:59:25,543] {dagbag.py:451} INFO - Filling up the DagBag from /home/airflow/.local/lib/python3.6/site-packages/airflow/example_dags/example_latest_only.py
[2026-09-23 11:59:25,562] {scheduler_job.py:639} INFO - DAG(s) dict_keys(['latest_only']) retrieved from /home/airflow/.local/lib/python3.6/site-packages/airflow/example_dags/example_latest_only.py
[2026-09-23 11:59:25,597] {logging_mixin.py:104} INFO - [2026-09-23 11:59:25,597] {dag.py:1824} INFO - Sync 1 DAGs
[2026-09-23 11:59:25,623] {logging_mixin.py:104} INFO - [2026-09-23 11:59:25,623] {dag.py:2280} INFO - Setting next_dagrun for latest_only to 2026-09-21 00:00:00+00:00
[2026-09-23 11:59:25,645] {scheduler_job.py:190} INFO - Processing /home/airflow/.local/lib/python3.6/site-packages/airflow/example_dags/example_latest_only.py took 0.111 seconds
[2026-09-23 11:59:56,532] {scheduler_job.py:182} INFO - Started process (PID=1961) to work on /home/airflow/.local/lib/python3.6/site-packages/airflow/example_dags/example_latest_only.py
[2026-09-23 11:59:56,533] {scheduler_job.py:629} INFO - Processing file /home/airflow/.local/lib/python3.6/site-packages/airflow/example_dags/example_latest_only.py for tasks to queue
[2026-09-23 11:59:56,534] {logging_mixin.py:104} INFO - [2026-09-23 11:59:56,534] {dagbag.py:451} INFO - Filling up the DagBag from /home/airflow/.local/lib/python3.6/site-packages/airflow/example_dags/example_latest_only.py
[2026-09-23 11:59:56,545] {scheduler_job.py:639} INFO - DAG(s) dict_keys(['latest_only']) retrieved from /home/airflow/.local/lib/python3.6/site-packages/airflow/example_dags/example_latest_only.py
[2026-09-23 11:59:56,568] {logging_mixin.py:104} INFO - [2026-09-23 11:59:56,568] {dag.py:1824} INFO - Sync 1 DAGs
[2026-09-23 11:59:56,587] {logging_mixin.py:104} INFO - [2026-09-23 11:59:56,587] {dag.py:2280} INFO - Setting next_dagrun for latest_only to 2026-09-21 00:00:00+00:00
[2026-09-23 11:59:56,604] {scheduler_job.py:190} INFO - Processing /home/airflow/.local/lib/python3.6/site-packages/airflow/example_dags/example_latest_only.py took 0.076 seconds
[2026-09-23 12:00:27,214] {scheduler_job.py:182} INFO - Started process (PID=1987) to work on /home/airflow/.local/lib/python3.6/site-packages/airflow/example_dags/example_latest_only.py
[2026-09-23 12:00:27,216] {scheduler_job.py:629} INFO - Processing file /home/airflow/.local/lib/python3.6/site-packages/airflow/example_dags/example_latest_only.py for tasks to queue
[2026-09-23 12:00:27,217] {logging_mixin.py:104} INFO - [2026-09-23 12:00:27,217] {dagbag.py:451} INFO - Filling up the DagBag from /home/airflow/.local/lib/python3.6/site-packages/airflow/example_dags/example_latest_only.py
[2026-09-23 12:00:27,233] {scheduler_job.py:639} INFO - DAG(s) dict_keys(['latest_only']) retrieved from /home/airflow/.local/lib/python3.6/site-packages/airflow/example_dags/example_latest_only.py
[2026-09-23 12:00:27,257] {logging_mixin.py:104} INFO - [2026-09-23 12:00:27,257] {dag.py:1824} INFO - Sync 1 DAGs
[2026-09-23 12:00:27,275] {logging_mixin.py:104} INFO - [2026-09-23 12:00:27,275] {dag.py:2280} INFO - Setting next_dagrun for latest_only to 2026-09-21 00:00:00+00:00
[2026-09-23 12:00:27,291] {scheduler_job.py:190} INFO - Processing /home/airflow/.local/lib/python3.6/site-packages/airflow/example_dags/example_latest_only.py took 0.081 seconds
[2026-09-23 12:00:57,739] {scheduler_job.py:182} INFO - Started process (PID=2013) to work on /home/airflow/.local/lib/python3.6/site-packages/airflow/example_dags/example_latest_only.py
[2026-09-23 12:00:57,740] {scheduler_job.py:629} INFO - Processing file /home/airflow/.local/lib/python3.6/site-packages/airflow/example_dags/example_latest_only.py for tasks to queue
[2026-09-23 12:00:57,741] {logging_mixin.py:104} INFO - [2026-09-23 12:00:57,741] {dagbag.py:451} INFO - Filling up the DagBag from /home/airflow/.local/lib/python3.6/site-packages/airflow/example_dags/example_latest_only.py
[2026-09-23 12:00:57,759] {scheduler_job.py:639} INFO - DAG(s) dict_keys(['latest_only']) retrieved from /home/airflow/.local/lib/python3.6/site-packages/airflow/example_dags/example_latest_only.py
[2026-09-23 12:00:57,791] {logging_mixin.py:104} INFO - [2026-09-23 12:00:57,791] {dag.py:1824} INFO - Sync 1 DAGs
[2026-09-23 12:00:57,817] {logging_mixin.py:104} INFO - [2026-09-23 12:00:57,817] {dag.py:2280} INFO - Setting next_dagrun for latest_only to 2026-09-21 00:00:00+00:00
[2026-09-23 12:00:57,833] {scheduler_job.py:190} INFO - Processing /home/airflow/.local/lib/python3.6/site-packages/airflow/example_dags/example_latest_only.py took 0.100 seconds
[2026-09-23 12:01:28,306] {scheduler_job.py:182} INFO - Started process (PID=2039) to work on /home/airflow/.local/lib/python3.6/site-packages/airflow/example_dags/example_latest_only.py
[2026-09-23 12:01:28,308] {scheduler_job.py:629} INFO - Processing file /home/airflow/.local/lib/python3.6/site-packages/airflow/example_dags/example_latest_only.py for tasks to queue
[2026-09-23 12:01:28,309] {logging_mixin.py:104} INFO - [2026-09-23 12:01:28,309] {dagbag.py:451} INFO - Filling up the DagBag from /home/airflow/.local/lib/python3.6/site-packages/airflow/example_dags/example_latest_only.py
[2026-09-23 12:01:28,330] {scheduler_job.py:639} INFO - DAG(s) dict_keys(['latest_only']) retrieved from /home/airflow/.local/lib/python3.6/site-packages/airflow/example_dags/example_latest_only.py
[2026-09-23 12:01:28,368] {logging_mixin.py:104} INFO - [2026-09-23 12:01:28,368] {dag.py:1824} INFO - Sync 1 DAGs
[2026-09-23 12:01:28,399] {logging_mixin.py:104} INFO - [2026-09-23 12:01:28,398] {dag.py:2280} INFO - Setting next_dagrun for latest_only to 2026-09-21 00:00:00+00:00
[2026-09-23 12:01:28,422] {scheduler_job.py:190} INFO - Processing /home/airflow/.local/lib/python3.6/site-packages/airflow/example_dags/example_latest_only.py took 0.123 seconds
[2026-09-23 12:01:58,996] {scheduler_job.py:182} INFO - Started process (PID=2065) to work on /home/airflow/.local/lib/python3.6/site-packages/airflow/example_dags/example_latest_only.py
[2026-09-23 12:01:58,997] {scheduler_job.py:629} INFO - Processing file /home/airflow/.local/lib/python3.6/site-packages/airflow/example_dags/example_latest_only.py for tasks to queue
[2026-09-23 12:01:58,998] {logging_mixin.py:104} INFO - [2026-09-23 12:01:58,998] {dagbag.py:451} INFO - Filling up the DagBag from /home/airflow/.local/lib/python3.6/site-packages/airflow/example_dags/example_latest_only.py
[2026-09-23 12:01:59,011] {scheduler_job.py:639} INFO - DAG(s) dict_keys(['latest_only']) retrieved from /home/airflow/.local/lib/python3.6/site-packages/airflow/example_dags/example_latest_only.py
[2026-09-23 12:01:59,035] {logging_mixin.py:104} INFO - [2026-09-23 12:01:59,035] {dag.py:1824} INFO - Sync 1 DAGs
[2026-09-23 12:01:59,054] {logging_mixin.py:104} INFO - [2026-09-23 12:01:59,054] {dag.py:2280} INFO - Setting next_dagrun for latest_only to 2026-09-21 00:00:00+00:00
[2026-09-23 12:01:59,068] {scheduler_job.py:190} INFO - Processing /home/airflow/.local/lib/python3.6/site-packages/airflow/example_dags/example_latest_only.py took 0.076 seconds
[2026-09-23 12:02:29,789] {scheduler_job.py:182} INFO - Started process (PID=2091) to work on /home/airflow/.local/lib/python3.6/site-packages/airflow/example_dags/example_latest_only.py
[2026-09-23 12:02:29,791] {scheduler_job.py:629} INFO - Processing file /home/airflow/.local/lib/python3.6/site-packages/airflow/example_dags/example_latest_only.py for tasks to queue
[2026-09-23 12:02:29,791] {logging_mixin.py:104} INFO - [2026-09-23 12:02:29,791] {dagbag.py:451} INFO - Filling up the DagBag from /home/airflow/.local/lib/python3.6/site-packages/airflow/example_dags/example_latest_only.py
[2026-09-23 12:02:29,811] {scheduler_job.py:639} INFO - DAG(s) dict_keys(['latest_only']) retrieved from /home/airflow/.local/lib/python3.6/site-packages/airflow/example_dags/example_latest_only.py
[2026-09-23 12:02:29,842] {logging_mixin.py:104} INFO - [2026-09-23 12:02:29,842] {dag.py:1824} INFO - Sync 1 DAGs
[2026-09-23 12:02:29,865] {logging_mixin.py:104} INFO - [2026-09-23 12:02:29,865] {dag.py:2280} INFO - Setting next_dagrun for latest_only to 2026-09-21 00:00:00+00:00
[2026-09-23 12:02:29,885] {scheduler_job.py:190} INFO - Processing /home/airflow/.local/lib/python3.6/site-packages/airflow/example_dags/example_latest_only.py took 0.101 seconds
[2026-09-23 12:03:00,801] {scheduler_job.py:182} INFO - Started process (PID=2117) to work on /home/airflow/.local/lib/python3.6/site-packages/airflow/example_dags/example_latest_only.py
[2026-09-23 12:03:00,802] {scheduler_job.py:629} INFO - Processing file /home/airflow/.local/lib/python3.6/site-packages/airflow/example_dags/example_latest_only.py for tasks to queue
[2026-09-23 12:03:00,803] {logging_mixin.py:104} INFO - [2026-09-23 12:03:00,803] {dagbag.py:451} INFO - Filling up the DagBag from /home/airflow/.local/lib/python3.6/site-packages/airflow/example_dags/example_latest_only.py
[2026-09-23 12:03:00,817] {scheduler_job.py:639} INFO - DAG(s) dict_keys(['latest_only']) retrieved from /home/airflow/.local/lib/python3.6/site-packages/airflow/example_dags/example_latest_only.py
[2026-09-23 12:03:00,849] {logging_mixin.py:104} INFO - [2026-09-23 12:03:00,849] {dag.py:1824} INFO - Sync 1 DAGs
[2026-09-23 12:03:00,873] {logging_mixin.py:104} INFO - [2026-09-23 12:03:00,873] {dag.py:2280} INFO - Setting next_dagrun for latest_only to 2026-09-21 00:00:00+00:00
[2026-09-23 12:03:00,893] {scheduler_job.py:190} INFO - Processing /home/airflow/.local/lib/python3.6/site-packages/airflow/example_dags/example_latest_only.py took 0.096 seconds
[2026-09-23 12:03:31,706] {scheduler_job.py:182} INFO - Started process (PID=2143) to work on /home/airflow/.local/lib/python3.6/site-packages/airflow/example_dags/example_latest_only.py
[2026-09-23 12:03:31,708] {scheduler_job.py:629} INFO - Processing file /home/airflow/.local/lib/python3.6/site-packages/airflow/example_dags/example_latest_only.py for tasks to queue
[2026-09-23 12:03:31,709] {logging_mixin.py:104} INFO - [2026-09-23 12:03:31,709] {dagbag.py:451} INFO - Filling up the DagBag from /home/airflow/.local/lib/python3.6/site-packages/airflow/example_dags/example_latest_only.py
[2026-09-23 12:03:31,729] {scheduler_job.py:639} INFO - DAG(s) dict_keys(['latest_only']) retrieved from /home/airflow/.local/lib/python3.6/site-packages/airflow/example_dags/example_latest_only.py
[2026-09-23 12:03:31,764] {logging_mixin.py:104} INFO - [2026-09-23 12:03:31,764] {dag.py:1824} INFO - Sync 1 DAGs
[2026-09-23 12:03:31,789] {logging_mixin.py:104} INFO - [2026-09-23 12:03:31,788] {dag.py:2280} INFO - Setting next_dagrun for latest_only to 2026-09-21 00:00:00+00:00
[2026-09-23 12:03:31,808] {scheduler_job.py:190} INFO - Processing /home/airflow/.local/lib/python3.6/site-packages/airflow/example_dags/example_latest_only.py took 0.108 seconds
[2026-09-23 12:04:02,482] {scheduler_job.py:182} INFO - Started process (PID=2169) to work on /home/airflow/.local/lib/python3.6/site-packages/airflow/example_dags/example_latest_only.py
[2026-09-23 12:04:02,484] {scheduler_job.py:629} INFO - Processing file /home/airflow/.local/lib/python3.6/site-packages/airflow/example_dags/example_latest_only.py for tasks to queue
[2026-09-23 12:04:02,485] {logging_mixin.py:104} INFO - [2026-09-23 12:04:02,485] {dagbag.py:451} INFO - Filling up the DagBag from /home/airflow/.local/lib/python3.6/site-packages/airflow/example_dags/example_latest_only.py
[2026-09-23 12:04:02,505] {scheduler_job.py:639} INFO - DAG(s) dict_keys(['latest_only']) retrieved from /home/airflow/.local/lib/python3.6/site-packages/airflow/example_dags/example_latest_only.py
[2026-09-23 12:04:02,543] {logging_mixin.py:104} INFO - [2026-09-23 12:04:02,543] {dag.py:1824} INFO - Sync 1 DAGs
[2026-09-23 12:04:02,574] {logging_mixin.py:104} INFO - [2026-09-23 12:04:02,574] {dag.py:2280} INFO - Setting next_dagrun for latest_only to 2026-09-21 00:00:00+00:00
[2026-09-23 12:04:02,593] {scheduler_job.py:190} INFO - Processing /home/airflow/.local/lib/python3.6/site-packages/airflow/example_dags/example_latest_only.py took 0.117 seconds
[2026-09-23 12:04:33,167] {scheduler_job.py:182} INFO - Started process (PID=2195) to work on /home/airflow/.local/lib/python3.6/site-packages/airflow/example_dags/example_latest_only.py
[2026-09-23 12:04:33,169] {scheduler_job.py:629} INFO - Processing file /home/airflow/.local/lib/python3.6/site-packages/airflow/example_dags/example_latest_only.py for tasks to queue
[2026-09-23 12:04:33,170] {logging_mixin.py:104} INFO - [2026-09-23 12:04:33,170] {dagbag.py:451} INFO - Filling up the DagBag from /home/airflow/.local/lib/python3.6/site-packages/airflow/example_dags/example_latest_only.py
[2026-09-23 12:04:33,184] {scheduler_job.py:639} INFO - DAG(s) dict_keys(['latest_only']) retrieved from /home/airflow/.local/lib/python3.6/site-packages/airflow/example_dags/example_latest_only.py
[2026-09-23 12:04:33,209] {logging_mixin.py:104} INFO - [2026-09-23 12:04:33,208] {dag.py:1824} INFO - Sync 1 DAGs
[2026-09-23 12:04:33,236] {logging_mixin.py:104} INFO - [2026-09-23 12:04:33,236] {dag.py:2280} INFO - Setting next_dagrun for latest_only to 2026-09-21 00:00:00+00:00
[2026-09-23 12:04:33,258] {scheduler_job.py:190} INFO - Processing /home/airflow/.local/lib/python3.6/site-packages/airflow/example_dags/example_latest_only.py took 0.095 seconds
[2026-09-23 12:05:03,298] {scheduler_job.py:182} INFO - Started process (PID=2221) to work on /home/airflow/.local/lib/python3.6/site-packages/airflow/example_dags/example_latest_only.py
[2026-09-23 12:05:03,300] {scheduler_job.py:629} INFO - Processing file /home/airflow/.local/lib/python3.6/site-packages/airflow/example_dags/example_latest_only.py for tasks to queue
[2026-09-23 12:05:03,300] {logging_mixin.py:104} INFO - [2026-09-23 12:05:03,300] {dagbag.py:451} INFO - Filling up the DagBag from /home/airflow/.local/lib/python3.6/site-packages/airflow/example_dags/example_latest_only.py
[2026-09-23 12:05:03,312] {scheduler_job.py:639} INFO - DAG(s) dict_keys(['latest_only']) retrieved from /home/airflow/.local/lib/python3.6/site-packages/airflow/example_dags/example_latest_only.py
[2026-09-23 12:05:03,335] {logging_mixin.py:104} INFO - [2026-09-23 12:05:03,335] {dag.py:1824} INFO - Sync 1 DAGs
[2026-09-23 12:05:03,354] {logging_mixin.py:104} INFO - [2026-09-23 12:05:03,354] {dag.py:2280} INFO - Setting next_dagrun for latest_only to 2026-09-21 00:00:00+00:00
[2026-09-23 12:05:03,371] {scheduler_job.py:190} INFO - Processing /home/airflow/.local/lib/python3.6/site-packages/airflow/example_dags/example_latest_only.py took 0.076 seconds
[2026-09-23 12:05:33,450] {scheduler_job.py:182} INFO - Started process (PID=2247) to work on /home/airflow/.local/lib/python3.6/site-packages/airflow/example_dags/example_latest_only.py
[2026-09-23 12:05:33,451] {scheduler_job.py:629} INFO - Processing file /home/airflow/.local/lib/python3.6/site-packages/airflow/example_dags/example_latest_only.py for tasks to queue
[2026-09-23 12:05:33,452] {logging_mixin.py:104} INFO - [2026-09-23 12:05:33,452] {dagbag.py:451} INFO - Filling up the DagBag from /home/airflow/.local/lib/python3.6/site-packages/airflow/example_dags/example_latest_only.py
[2026-09-23 12:05:33,463] {scheduler_job.py:639} INFO - DAG(s) dict_keys(['latest_only']) retrieved from /home/airflow/.local/lib/python3.6/site-packages/airflow/example_dags/example_latest_only.py
[2026-09-23 12:05:33,486] {logging_mixin.py:104} INFO - [2026-09-23 12:05:33,485] {dag.py:1824} INFO - Sync 1 DAGs
[2026-09-23 12:05:33,503] {logging_mixin.py:104} INFO - [2026-09-23 12:05:33,502] {dag.py:2280} INFO - Setting next_dagrun for latest_only to 2026-09-21 00:00:00+00:00
[2026-09-23 12:05:33,517] {scheduler_job.py:190} INFO - Processing /home/airflow/.local/lib/python3.6/site-packages/airflow/example_dags/example_latest_only.py took 0.071 seconds
[2026-09-23 12:06:03,667] {scheduler_job.py:182} INFO - Started process (PID=2273) to work on /home/airflow/.local/lib/python3.6/site-packages/airflow/example_dags/example_latest_only.py
[2026-09-23 12:06:03,668] {scheduler_job.py:629} INFO - Processing file /home/airflow/.local/lib/python3.6/site-packages/airflow/example_dags/example_latest_only.py for tasks to queue
[2026-09-23 12:06:03,668] {logging_mixin.py:104} INFO - [2026-09-23 12:06:03,668] {dagbag.py:451} INFO - Filling up the DagBag from /home/airflow/.local/lib/python3.6/site-packages/airflow/example_dags/example_latest_only.py
[2026-09-23 12:06:03,682] {scheduler_job.py:639} INFO - DAG(s) dict_keys(['latest_only']) retrieved from /home/airflow/.local/lib/python3.6/site-packages/airflow/example_dags/example_latest_only.py
[2026-09-23 12:06:03,706] {logging_mixin.py:104} INFO - [2026-09-23 12:06:03,705] {dag.py:1824} INFO - Sync 1 DAGs
[2026-09-23 12:06:03,724] {logging_mixin.py:104} INFO - [2026-09-23 12:06:03,724] {dag.py:2280} INFO - Setting next_dagrun for latest_only to 2026-09-21 00:00:00+00:00
[2026-09-23 12:06:03,740] {scheduler_job.py:190} INFO - Processing /home/airflow/.local/lib/python3.6/site-packages/airflow/example_dags/example_latest_only.py took 0.077 seconds
[2026-09-23 12:06:34,595] {scheduler_job.py:182} INFO - Started process (PID=2299) to work on /home/airflow/.local/lib/python3.6/site-packages/airflow/example_dags/example_latest_only.py
[2026-09-23 12:06:34,596] {scheduler_job.py:629} INFO - Processing file /home/airflow/.local/lib/python3.6/site-packages/airflow/example_dags/example_latest_only.py for tasks to queue
[2026-09-23 12:06:34,597] {logging_mixin.py:104} INFO - [2026-09-23 12:06:34,597] {dagbag.py:451} INFO - Filling up the DagBag from /home/airflow/.local/lib/python3.6/site-packages/airflow/example_dags/example_latest_only.py
[2026-09-23 12:06:34,615] {scheduler_job.py:639} INFO - DAG(s) dict_keys(['latest_only']) retrieved from /home/airflow/.local/lib/python3.6/site-packages/airflow/example_dags/example_latest_only.py
[2026-09-23 12:06:34,650] {logging_mixin.py:104} INFO - [2026-09-23 12:06:34,650] {dag.py:1824} INFO - Sync 1 DAGs
[2026-09-23 12:06:34,679] {logging_mixin.py:104} INFO - [2026-09-23 12:06:34,679] {dag.py:2280} INFO - Setting next_dagrun for latest_only to 2026-09-21 00:00:00+00:00
[2026-09-23 12:06:34,698] {scheduler_job.py:190} INFO - Processing /home/airflow/.local/lib/python3.6/site-packages/airflow/example_dags/example_latest_only.py took 0.106 seconds
[2026-09-23 12:07:05,387] {scheduler_job.py:182} INFO - Started process (PID=2325) to work on /home/airflow/.local/lib/python3.6/site-packages/airflow/example_dags/example_latest_only.py
[2026-09-23 12:07:05,388] {scheduler_job.py:629} INFO - Processing file /home/airflow/.local/lib/python3.6/site-packages/airflow/example_dags/example_latest_only.py for tasks to queue
[2026-09-23 12:07:05,389] {logging_mixin.py:104} INFO - [2026-09-23 12:07:05,389] {dagbag.py:451} INFO - Filling up the DagBag from /home/airflow/.local/lib/python3.6/site-packages/airflow/example_dags/example_latest_only.py
[2026-09-23 12:07:05,401] {scheduler_job.py:639} INFO - DAG(s) dict_keys(['latest_only']) retrieved from /home/airflow/.local/lib/python3.6/site-packages/airflow/example_dags/example_latest_only.py
[2026-09-23 12:07:05,425] {logging_mixin.py:104} INFO - [2026-09-23 12:07:05,424] {dag.py:1824} INFO - Sync 1 DAGs
[2026-09-23 12:07:05,444] {logging_mixin.py:104} INFO - [2026-09-23 12:07:05,444] {dag.py:2280} INFO - Setting next_dagrun for latest_only to 2026-09-21 00:00:00+00:00
[2026-09-23 12:07:05,459] {scheduler_job.py:190} INFO - Processing /home/airflow/.local/lib/python3.6/site-packages/airflow/example_dags/example_latest_only.py took 0.076 seconds
[2026-09-23 12:07:36,239] {scheduler_job.py:182} INFO - Started process (PID=2351) to work on /home/airflow/.local/lib/python3.6/site-packages/airflow/example_dags/example_latest_only.py
[2026-09-23 12:07:36,241] {scheduler_job.py:629} INFO - Processing file /home/airflow/.local/lib/python3.6/site-packages/airflow/example_dags/example_latest_only.py for tasks to queue
[2026-09-23 12:07:36,242] {logging_mixin.py:104} INFO - [2026-09-23 12:07:36,241] {dagbag.py:451} INFO - Filling up the DagBag from /home/airflow/.local/lib/python3.6/site-packages/airflow/example_dags/example_latest_only.py
[2026-09-23 12:07:36,260] {scheduler_job.py:639} INFO - DAG(s) dict_keys(['latest_only']) retrieved from /home/airflow/.local/lib/python3.6/site-packages/airflow/example_dags/example_latest_only.py
[2026-09-23 12:07:36,296] {logging_mixin.py:104} INFO - [2026-09-23 12:07:36,296] {dag.py:1824} INFO - Sync 1 DAGs
[2026-09-23 12:07:36,323] {logging_mixin.py:104} INFO - [2026-09-23 12:07:36,323] {dag.py:2280} INFO - Setting next_dagrun for latest_only to 2026-09-21 00:00:00+00:00
[2026-09-23 12:07:36,335] {scheduler_job.py:190} INFO - Processing /home/airflow/.local/lib/python3.6/site-packages/airflow/example_dags/example_latest_only.py took 0.102 seconds
[2026-09-23 12:08:06,823] {scheduler_job.py:182} INFO - Started process (PID=2377) to work on /home/airflow/.local/lib/python3.6/site-packages/airflow/example_dags/example_latest_only.py
[2026-09-23 12:08:06,825] {scheduler_job.py:629} INFO - Processing file /home/airflow/.local/lib/python3.6/site-packages/airflow/example_dags/example_latest_only.py for tasks to queue
[2026-09-23 12:08:06,826] {logging_mixin.py:104} INFO - [2026-09-23 12:08:06,826] {dagbag.py:451} INFO - Filling up the DagBag from /home/airflow/.local/lib/python3.6/site-packages/airflow/example_dags/example_latest_only.py
[2026-09-23 12:08:06,848] {scheduler_job.py:639} INFO - DAG(s) dict_keys(['latest_only']) retrieved from /home/airflow/.local/lib/python3.6/site-packages/airflow/example_dags/example_latest_only.py
[2026-09-23 12:08:06,888] {logging_mixin.py:104} INFO - [2026-09-23 12:08:06,888] {dag.py:1824} INFO - Sync 1 DAGs
[2026-09-23 12:08:06,920] {logging_mixin.py:104} INFO - [2026-09-23 12:08:06,919] {dag.py:2280} INFO - Setting next_dagrun for latest_only to 2026-09-21 00:00:00+00:00
[2026-09-23 12:08:06,952] {scheduler_job.py:190} INFO - Processing /home/airflow/.local/lib/python3.6/site-packages/airflow/example_dags/example_latest_only.py took 0.135 seconds
[2026-09-23 12:08:37,533] {scheduler_job.py:182} INFO - Started process (PID=2403) to work on /home/airflow/.local/lib/python3.6/site-packages/airflow/example_dags/example_latest_only.py
[2026-09-23 12:08:37,534] {scheduler_job.py:629} INFO - Processing file /home/airflow/.local/lib/python3.6/site-packages/airflow/example_dags/example_latest_only.py for tasks to queue
[2026-09-23 12:08:37,535] {logging_mixin.py:104} INFO - [2026-09-23 12:08:37,535] {dagbag.py:451} INFO - Filling up the DagBag from /home/airflow/.local/lib/python3.6/site-packages/airflow/example_dags/example_latest_only.py
[2026-09-23 12:08:37,551] {scheduler_job.py:639} INFO - DAG(s) dict_keys(['latest_only']) retrieved from /home/airflow/.local/lib/python3.6/site-packages/airflow/example_dags/example_latest_only.py
[2026-09-23 12:08:37,585] {logging_mixin.py:104} INFO - [2026-09-23 12:08:37,585] {dag.py:1824} INFO - Sync 1 DAGs
[2026-09-23 12:08:37,611] {logging_mixin.py:104} INFO - [2026-09-23 12:08:37,610] {dag.py:2280} INFO - Setting next_dagrun for latest_only to 2026-09-21 00:00:00+00:00
[2026-09-23 12:08:37,630] {scheduler_job.py:190} INFO - Processing /home/airflow/.local/lib/python3.6/site-packages/airflow/example_dags/example_latest_only.py took 0.102 seconds
[2026-09-23 12:09:08,329] {scheduler_job.py:182} INFO - Started process (PID=2429) to work on /home/airflow/.local/lib/python3.6/site-packages/airflow/example_dags/example_latest_only.py
[2026-09-23 12:09:08,331] {scheduler_job.py:629} INFO - Processing file /home/airflow/.local/lib/python3.6/site-packages/airflow/example_dags/example_latest_only.py for tasks to queue
[2026-09-23 12:09:08,332] {logging_mixin.py:104} INFO - [2026-09-23 12:09:08,332] {dagbag.py:451} INFO - Filling up the DagBag from /home/airflow/.local/lib/python3.6/site-packages/airflow/example_dags/example_latest_only.py
[2026-09-23 12:09:08,349] {scheduler_job.py:639} INFO - DAG(s) dict_keys(['latest_only']) retrieved from /home/airflow/.local/lib/python3.6/site-packages/airflow/example_dags/example_latest_only.py
[2026-09-23 12:09:08,383] {logging_mixin.py:104} INFO - [2026-09-23 12:09:08,382] {dag.py:1824} INFO - Sync 1 DAGs
[2026-09-23 12:09:08,411] {logging_mixin.py:104} INFO - [2026-09-23 12:09:08,410] {dag.py:2280} INFO - Setting next_dagrun for latest_only to 2026-09-21 00:00:00+00:00
[2026-09-23 12:09:08,428] {scheduler_job.py:190} INFO - Processing /home/airflow/.local/lib/python3.6/site-packages/airflow/example_dags/example_latest_only.py took 0.104 seconds
[2026-09-23 12:09:39,364] {scheduler_job.py:182} INFO - Started process (PID=2455) to work on /home/airflow/.local/lib/python3.6/site-packages/airflow/example_dags/example_latest_only.py
[2026-09-23 12:09:39,368] {scheduler_job.py:629} INFO - Processing file /home/airflow/.local/lib/python3.6/site-packages/airflow/example_dags/example_latest_only.py for tasks to queue
[2026-09-23 12:09:39,369] {logging_mixin.py:104} INFO - [2026-09-23 12:09:39,369] {dagbag.py:451} INFO - Filling up the DagBag from /home/airflow/.local/lib/python3.6/site-packages/airflow/example_dags/example_latest_only.py
[2026-09-23 12:09:39,389] {scheduler_job.py:639} INFO - DAG(s) dict_keys(['latest_only']) retrieved from /home/airflow/.local/lib/python3.6/site-packages/airflow/example_dags/example_latest_only.py
[2026-09-23 12:09:39,443] {logging_mixin.py:104} INFO - [2026-09-23 12:09:39,443] {dag.py:1824} INFO - Sync 1 DAGs
[2026-09-23 12:09:39,479] {logging_mixin.py:104} INFO - [2026-09-23 12:09:39,479] {dag.py:2280} INFO - Setting next_dagrun for latest_only to 2026-09-21 00:00:00+00:00
[2026-09-23 12:09:39,507] {scheduler_job.py:190} INFO - Processing /home/airflow/.local/lib/python3.6/site-packages/airflow/example_dags/example_latest_only.py took 0.149 seconds
[2026-09-23 12:10:09,923] {scheduler_job.py:182} INFO - Started process (PID=2481) to work on /home/airflow/.local/lib/python3.6/site-packages/airflow/example_dags/example_latest_only.py
[2026-09-23 12:10:09,925] {scheduler_job.py:629} INFO - Processing file /home/airflow/.local/lib/python3.6/site-packages/airflow/example_dags/example_latest_only.py for tasks to queue
[2026-09-23 12:10:09,926] {logging_mixin.py:104} INFO - [2026-09-23 12:10:09,926] {dagbag.py:451} INFO - Filling up the DagBag from /home/airflow/.local/lib/python3.6/site-packages/airflow/example_dags/example_latest_only.py
[2026-09-23 12:10:09,939] {scheduler_job.py:639} INFO - DAG(s) dict_keys(['latest_only']) retrieved from /home/airflow/.local/lib/python3.6/site-packages/airflow/example_dags/example_latest_only.py
[2026-09-23 12:10:09,961] {logging_mixin.py:104} INFO - [2026-09-23 12:10:09,961] {dag.py:1824} INFO - Sync 1 DAGs
[2026-09-23 12:10:09,979] {logging_mixin.py:104} INFO - [2026-09-23 12:10:09,979] {dag.py:2280} INFO - Setting next_dagrun for latest_only to 2026-09-21 00:00:00+00:00
[2026-09-23 12:10:09,995] {scheduler_job.py:190} INFO - Processing /home/airflow/.local/lib/python3.6/site-packages/airflow/example_dags/example_latest_only.py took 0.075 seconds
[2026-09-23 12:10:40,279] {scheduler_job.py:182} INFO - Started process (PID=2507) to work on /home/airflow/.local/lib/python3.6/site-packages/airflow/example_dags/example_latest_only.py
[2026-09-23 12:10:40,280] {scheduler_job.py:629} INFO - Processing file /home/airflow/.local/lib/python3.6/site-packages/airflow/example_dags/example_latest_only.py for tasks to queue
[2026-09-23 12:10:40,281] {logging_mixin.py:104} INFO - [2026-09-23 12:10:40,281] {dagbag.py:451} INFO - Filling up the DagBag from /home/airflow/.local/lib/python3.6/site-packages/airflow/example_dags/example_latest_only.py
[2026-09-23 12:10:40,295] {scheduler_job.py:639} INFO - DAG(s) dict_keys(['latest_only']) retrieved from /home/airflow/.local/lib/python3.6/site-packages/airflow/example_dags/example_latest_only.py
[2026-09-23 12:10:40,319] {logging_mixin.py:104} INFO - [2026-09-23 12:10:40,319] {dag.py:1824} INFO - Sync 1 DAGs
[2026-09-23 12:10:40,340] {logging_mixin.py:104} INFO - [2026-09-23 12:10:40,340] {dag.py:2280} INFO - Setting next_dagrun for latest_only to 2026-09-21 00:00:00+00:00
[2026-09-23 12:10:40,356] {scheduler_job.py:190} INFO - Processing /home/airflow/.local/lib/python3.6/site-packages/airflow/example_dags/example_latest_only.py took 0.082 seconds
[2026-09-23 12:11:11,044] {scheduler_job.py:182} INFO - Started process (PID=2533) to work on /home/airflow/.local/lib/python3.6/site-packages/airflow/example_dags/example_latest_only.py
[2026-09-23 12:11:11,045] {scheduler_job.py:629} INFO - Processing file /home/airflow/.local/lib/python3.6/site-packages/airflow/example_dags/example_latest_only.py for tasks to queue
[2026-09-23 12:11:11,046] {logging_mixin.py:104} INFO - [2026-09-23 12:11:11,046] {dagbag.py:451} INFO - Filling up the DagBag from /home/airflow/.local/lib/python3.6/site-packages/airflow/example_dags/example_latest_only.py
[2026-09-23 12:11:11,062] {scheduler_job.py:639} INFO - DAG(s) dict_keys(['latest_only']) retrieved from /home/airflow/.local/lib/python3.6/site-packages/airflow/example_dags/example_latest_only.py
[2026-09-23 12:11:11,099] {logging_mixin.py:104} INFO - [2026-09-23 12:11:11,099] {dag.py:1824} INFO - Sync 1 DAGs
[2026-09-23 12:11:11,130] {logging_mixin.py:104} INFO - [2026-09-23 12:11:11,130] {dag.py:2280} INFO - Setting next_dagrun for latest_only to 2026-09-21 00:00:00+00:00
[2026-09-23 12:11:11,148] {scheduler_job.py:190} INFO - Processing /home/airflow/.local/lib/python3.6/site-packages/airflow/example_dags/example_latest_only.py took 0.108 seconds
[2026-09-23 12:11:41,252] {scheduler_job.py:182} INFO - Started process (PID=2559) to work on /home/airflow/.local/lib/python3.6/site-packages/airflow/example_dags/example_latest_only.py
[2026-09-23 12:11:41,258] {scheduler_job.py:629} INFO - Processing file /home/airflow/.local/lib/python3.6/site-packages/airflow/example_dags/example_latest_only.py for tasks to queue
[2026-09-23 12:11:41,259] {logging_mixin.py:104} INFO - [2026-09-23 12:11:41,259] {dagbag.py:451} INFO - Filling up the DagBag from /home/airflow/.local/lib/python3.6/site-packages/airflow/example_dags/example_latest_only.py
[2026-09-23 12:11:41,275] {scheduler_job.py:639} INFO - DAG(s) dict_keys(['latest_only']) retrieved from /home/airflow/.local/lib/python3.6/site-packages/airflow/example_dags/example_latest_only.py
[2026-09-23 12:11:41,302] {logging_mixin.py:104} INFO - [2026-09-23 12:11:41,302] {dag.py:1824} INFO - Sync 1 DAGs
[2026-09-23 12:11:41,324] {logging_mixin.py:104} INFO - [2026-09-23 12:11:41,324] {dag.py:2280} INFO - Setting next_dagrun for latest_only to 2026-09-21 00:00:00+00:00
[2026-09-23 12:11:41,356] {scheduler_job.py:190} INFO - Processing /home/airflow/.local/lib/python3.6/site-packages/airflow/example_dags/example_latest_only.py took 0.109 seconds
[2026-09-23 12:12:11,514] {scheduler_job.py:182} INFO - Started process (PID=2585) to work on /home/airflow/.local/lib/python3.6/site-packages/airflow/example_dags/example_latest_only.py
[2026-09-23 12:12:11,519] {scheduler_job.py:629} INFO - Processing file /home/airflow/.local/lib/python3.6/site-packages/airflow/example_dags/example_latest_only.py for tasks to queue
[2026-09-23 12:12:11,520] {logging_mixin.py:104} INFO - [2026-09-23 12:12:11,520] {dagbag.py:451} INFO - Filling up the DagBag from /home/airflow/.local/lib/python3.6/site-packages/airflow/example_dags/example_latest_only.py
[2026-09-23 12:12:11,533] {scheduler_job.py:639} INFO - DAG(s) dict_keys(['latest_only']) retrieved from /home/airflow/.local/lib/python3.6/site-packages/airflow/example_dags/example_latest_only.py
[2026-09-23 12:12:11,559] {logging_mixin.py:104} INFO - [2026-09-23 12:12:11,558] {dag.py:1824} INFO - Sync 1 DAGs
[2026-09-23 12:12:11,583] {logging_mixin.py:104} INFO - [2026-09-23 12:12:11,583] {dag.py:2280} INFO - Setting next_dagrun for latest_only to 2026-09-21 00:00:00+00:00
[2026-09-23 12:12:11,599] {scheduler_job.py:190} INFO - Processing /home/airflow/.local/lib/python3.6/site-packages/airflow/example_dags/example_latest_only.py took 0.088 seconds
[2026-09-23 12:12:41,755] {scheduler_job.py:182} INFO - Started process (PID=2611) to work on /home/airflow/.local/lib/python3.6/site-packages/airflow/example_dags/example_latest_only.py
[2026-09-23 12:12:41,756] {scheduler_job.py:629} INFO - Processing file /home/airflow/.local/lib/python3.6/site-packages/airflow/example_dags/example_latest_only.py for tasks to queue
[2026-09-23 12:12:41,757] {logging_mixin.py:104} INFO - [2026-09-23 12:12:41,757] {dagbag.py:451} INFO - Filling up the DagBag from /home/airflow/.local/lib/python3.6/site-packages/airflow/example_dags/example_latest_only.py
[2026-09-23 12:12:41,771] {scheduler_job.py:639} INFO - DAG(s) dict_keys(['latest_only']) retrieved from /home/airflow/.local/lib/python3.6/site-packages/airflow/example_dags/example_latest_only.py
[2026-09-23 12:12:41,795] {logging_mixin.py:104} INFO - [2026-09-23 12:12:41,794] {dag.py:1824} INFO - Sync 1 DAGs
[2026-09-23 12:12:41,815] {logging_mixin.py:104} INFO - [2026-09-23 12:12:41,815] {dag.py:2280} INFO - Setting next_dagrun for latest_only to 2026-09-21 00:00:00+00:00
[2026-09-23 12:12:41,831] {scheduler_job.py:190} INFO - Processing /home/airflow/.local/lib/python3.6/site-packages/airflow/example_dags/example_latest_only.py took 0.080 seconds
[2026-09-23 12:13:11,885] {scheduler_job.py:182} INFO - Started process (PID=2637) to work on /home/airflow/.local/lib/python3.6/site-packages/airflow/example_dags/example_latest_only.py
[2026-09-23 12:13:11,887] {scheduler_job.py:629} INFO - Processing file /home/airflow/.local/lib/python3.6/site-packages/airflow/example_dags/example_latest_only.py for tasks to queue
[2026-09-23 12:13:11,887] {logging_mixin.py:104} INFO - [2026-09-23 12:13:11,887] {dagbag.py:451} INFO - Filling up the DagBag from /home/airflow/.local/lib/python3.6/site-packages/airflow/example_dags/example_latest_only.py
[2026-09-23 12:13:11,902] {scheduler_job.py:639} INFO - DAG(s) dict_keys(['latest_only']) retrieved from /home/airflow/.local/lib/python3.6/site-packages/airflow/example_dags/example_latest_only.py
[2026-09-23 12:13:11,932] {logging_mixin.py:104} INFO - [2026-09-23 12:13:11,932] {dag.py:1824} INFO - Sync 1 DAGs
[2026-09-23 12:13:11,953] {logging_mixin.py:104} INFO - [2026-09-23 12:13:11,952] {dag.py:2280} INFO - Setting next_dagrun for latest_only to 2026-09-21 00:00:00+00:00
[2026-09-23 12:13:11,968] {scheduler_job.py:190} INFO - Processing /home/airflow/.local/lib/python3.6/site-packages/airflow/example_dags/example_latest_only.py took 0.087 seconds
[2026-09-23 12:13:42,232] {scheduler_job.py:182} INFO - Started process (PID=2663) to work on /home/airflow/.local/lib/python3.6/site-packages/airflow/example_dags/example_latest_only.py
[2026-09-23 12:13:42,233] {scheduler_job.py:629} INFO - Processing file /home/airflow/.local/lib/python3.6/site-packages/airflow/example_dags/example_latest_only.py for tasks to queue
[2026-09-23 12:13:42,234] {logging_mixin.py:104} INFO - [2026-09-23 12:13:42,234] {dagbag.py:451} INFO - Filling up the DagBag from /home/airflow/.local/lib/python3.6/site-packages/airflow/example_dags/example_latest_only.py
[2026-09-23 12:13:42,248] {scheduler_job.py:639} INFO - DAG(s) dict_keys(['latest_only']) retrieved from /home/airflow/.local/lib/python3.6/site-packages/airflow/example_dags/example_latest_only.py
[2026-09-23 12:13:42,272] {logging_mixin.py:104} INFO - [2026-09-23 12:13:42,272] {dag.py:1824} INFO - Sync 1 DAGs
[2026-09-23 12:13:42,295] {logging_mixin.py:104} INFO - [2026-09-23 12:13:42,295] {dag.py:2280} INFO - Setting next_dagrun for latest_only to 2026-09-21 00:00:00+00:00
[2026-09-23 12:13:42,314] {scheduler_job.py:190} INFO - Processing /home/airflow/.local/lib/python3.6/site-packages/airflow/example_dags/example_latest_only.py took 0.085 seconds
