[2026-09-23 11:22:14,146] {scheduler_job.py:182} INFO - Started process (PID=47) to work on /home/airflow/.local/lib/python3.6/site-packages/airflow/example_dags/example_trigger_controller_dag.py
[2026-09-23 11:22:14,151] {scheduler_job.py:629} INFO - Processing file /home/airflow/.local/lib/python3.6/site-packages/airflow/example_dags/example_trigger_controller_dag.py for tasks to queue
[2026-09-23 11:22:14,152] {logging_mixin.py:104} INFO - [2026-09-23 11:22:14,152] {dagbag.py:451} INFO - Filling up the DagBag from /home/airflow/.local/lib/python3.6/site-packages/airflow/example_dags/example_trigger_controller_dag.py
[2026-09-23 11:22:14,202] {scheduler_job.py:639} INFO - DAG(s) dict_keys(['example_trigger_controller_dag']) retrieved from /home/airflow/.local/lib/python3.6/site-packages/airflow/example_dags/example_trigger_controller_dag.py
[2026-09-23 11:22:14,257] {logging_mixin.py:104} INFO - [2026-09-23 11:22:14,257] {dag.py:1824} INFO - Sync 1 DAGs
[2026-09-23 11:22:14,288] {logging_mixin.py:104} INFO - [2026-09-23 11:22:14,288] {dag.py:2280} INFO - Setting next_dagrun for example_trigger_controller_dag to 2026-09-21 00:00:00+00:00
[2026-09-23 11:22:14,326] {scheduler_job.py:190} INFO - Processing /home/airflow/.local/lib/python3.6/site-packages/airflow/example_dags/example_trigger_controller_dag.py took 0.192 seconds
[2026-09-23 11:22:45,278] {scheduler_job.py:182} INFO - Started process (PID=73) to work on /home/airflow/.local/lib/python3.6/site-packages/airflow/example_dags/example_trigger_controller_dag.py
[2026-09-23 11:22:45,279] {scheduler_job.py:629} INFO - Processing file /home/airflow/.local/lib/python3.6/site-packages/airflow/example_dags/example_trigger_controller_dag.py for tasks to queue
[2026-09-23 11:22:45,280] {logging_mixin.py:104} INFO - [2026-09-23 11:22:45,280] {dagbag.py:451} INFO - Filling up the DagBag from /home/airflow/.local/lib/python3.6/site-packages/airflow/example_dags/example_trigger_controller_dag.py
[2026-09-23 11:22:45,295] {scheduler_job.py:639} INFO - DAG(s) dict_keys(['example_trigger_controller_dag']) retrieved from /home/airflow/.local/lib/python3.6/site-packages/airflow/example_dags/example_trigger_controller_dag.py
[2026-09-23 11:22:45,327] {logging_mixin.py:104} INFO - [2026-09-23 11:22:45,327] {dag.py:1824} INFO - Sync 1 DAGs
[2026-09-23 11:22:45,353] {logging_mixin.py:104} INFO - [2026-09-23 11:22:45,353] {dag.py:2280} INFO - Setting next_dagrun for example_trigger_controller_dag to 2026-09-21 00:00:00+00:00
[2026-09-23 11:22:45,366] {scheduler_job.py:190} INFO - Processing /home/airflow/.local/lib/python3.6/site-packages/airflow/example_dags/example_trigger_controller_dag.py took 0.093 seconds
[2026-09-23 11:23:16,215] {scheduler_job.py:182} INFO - Started process (PID=99) to work on /home/airflow/.local/lib/python3.6/site-packages/airflow/example_dags/example_trigger_controller_dag.py
[2026-09-23 11:23:16,216] {scheduler_job.py:629} INFO - Processing file /home/airflow/.local/lib/python3.6/site-packages/airflow/example_dags/example_trigger_controller_dag.py for tasks to queue
[2026-09-23 11:23:16,218] {logging_mixin.py:104} INFO - [2026-09-23 11:23:16,217] {dagbag.py:451} INFO - Filling up the DagBag from /home/airflow/.local/lib/python3.6/site-packages/airflow/example_dags/example_trigger_controller_dag.py
[2026-09-23 11:23:16,237] {scheduler_job.py:639} INFO - DAG(s) dict_keys(['example_trigger_controller_dag']) retrieved from /home/airflow/.local/lib/python3.6/site-packages/airflow/example_dags/example_trigger_controller_dag.py
[2026-09-23 11:23:16,276] {logging_mixin.py:104} INFO - [2026-09-23 11:23:16,276] {dag.py:1824} INFO - Sync 1 DAGs
[2026-09-23 11:23:16,307] {logging_mixin.py:104} INFO - [2026-09-23 11:23:16,307] {dag.py:2280} INFO - Setting next_dagrun for example_trigger_controller_dag to 2026-09-21 00:00:00+00:00
[2026-09-23 11:23:16,326] {scheduler_job.py:190} INFO - Processing /home/airflow/.local/lib/python3.6/site-packages/airflow/example_dags/example_trigger_controller_dag.py took 0.116 seconds
[2026-09-23 11:23:47,091] {scheduler_job.py:182} INFO - Started process (PID=125) to work on /home/airflow/.local/lib/python3.6/site-packages/airflow/example_dags/example_trigger_controller_dag.py
[2026-09-23 11:23:47,092] {scheduler_job.py:629} INFO - Processing file /home/airflow/.local/lib/python3.6/site-packages/airflow/example_dags/example_trigger_controller_dag.py for tasks to queue
[2026-09-23 11:23:47,093] {logging_mixin.py:104} INFO - [2026-09-23 11:23:47,093] {dagbag.py:451} INFO - Filling up the DagBag from /home/airflow/.local/lib/python3.6/site-packages/airflow/example_dags/example_trigger_controller_dag.py
[2026-09-23 11:23:47,109] {scheduler_job.py:639} INFO - DAG(s) dict_keys(['example_trigger_controller_dag']) retrieved from /home/airflow/.local/lib/python3.6/site-packages/airflow/example_dags/example_trigger_controller_dag.py
[2026-09-23 11:23:47,133] {logging_mixin.py:104} INFO - [2026-09-23 11:23:47,133] {dag.py:1824} INFO - Sync 1 DAGs
[2026-09-23 11:23:47,152] {logging_mixin.py:104} INFO - [2026-09-23 11:23:47,152] {dag.py:2280} INFO - Setting next_dagrun for example_trigger_controller_dag to 2026-09-21 00:00:00+00:00
[2026-09-23 11:23:47,169] {scheduler_job.py:190} INFO - Processing /home/airflow/.local/lib/python3.6/site-packages/airflow/example_dags/example_trigger_controller_dag.py took 0.082 seconds
[2026-09-23 11:24:17,849] {scheduler_job.py:182} INFO - Started process (PID=151) to work on /home/airflow/.local/lib/python3.6/site-packages/airflow/example_dags/example_trigger_controller_dag.py
[2026-09-23 11:24:17,851] {scheduler_job.py:629} INFO - Processing file /home/airflow/.local/lib/python3.6/site-packages/airflow/example_dags/example_trigger_controller_dag.py for tasks to queue
[2026-09-23 11:24:17,852] {logging_mixin.py:104} INFO - [2026-09-23 11:24:17,851] {dagbag.py:451} INFO - Filling up the DagBag from /home/airflow/.local/lib/python3.6/site-packages/airflow/example_dags/example_trigger_controller_dag.py
[2026-09-23 11:24:17,866] {scheduler_job.py:639} INFO - DAG(s) dict_keys(['example_trigger_controller_dag']) retrieved from /home/airflow/.local/lib/python3.6/site-packages/airflow/example_dags/example_trigger_controller_dag.py
[2026-09-23 11:24:17,895] {logging_mixin.py:104} INFO - [2026-09-23 11:24:17,895] {dag.py:1824} INFO - Sync 1 DAGs
[2026-09-23 11:24:17,917] {logging_mixin.py:104} INFO - [2026-09-23 11:24:17,916] {dag.py:2280} INFO - Setting next_dagrun for example_trigger_controller_dag to 2026-09-21 00:00:00+00:00
[2026-09-23 11:24:17,930] {scheduler_job.py:190} INFO - Processing /home/airflow/.local/lib/python3.6/site-packages/airflow/example_dags/example_trigger_controller_dag.py took 0.085 seconds
[2026-09-23 11:24:48,481] {scheduler_job.py:182} INFO - Started process (PID=177) to work on /home/airflow/.local/lib/python3.6/site-packages/airflow/example_dags/example_trigger_controller_dag.py
[2026-09-23 11:24:48,483] {scheduler_job.py:629} INFO - Processing file /home/airflow/.local/lib/python3.6/site-packages/airflow/example_dags/example_trigger_controller_dag.py for tasks to queue
[2026-09-23 11:24:48,484] {logging_mixin.py:104} INFO - [2026-09-23 11:24:48,483] {dagbag.py:451} INFO - Filling up the DagBag from /home/airflow/.local/lib/python3.6/site-packages/airflow/example_dags/example_trigger_controller_dag.py
[2026-09-23 11:24:48,497] {scheduler_job.py:639} INFO - DAG(s) dict_keys(['example_trigger_controller_dag']) retrieved from /home/airflow/.local/lib/python3.6/site-packages/airflow/example_dags/example_trigger_controller_dag.py
[2026-09-23 11:24:48,523] {logging_mixin.py:104} INFO - [2026-09-23 11:24:48,523] {dag.py:1824} INFO - Sync 1 DAGs
[2026-09-23 11:24:48,542] {logging_mixin.py:104} INFO - [2026-09-23 11:24:48,542] {dag.py:2280} INFO - Setting next_dagrun for example_trigger_controller_dag to 2026-09-21 00:00:00+00:00
[2026-09-23 11:24:48,554] {scheduler_job.py:190} INFO - Processing /home/airflow/.local/lib/python3.6/site-packages/airflow/example_dags/example_trigger_controller_dag.py took 0.078 seconds
[2026-09-23 11:25:18,961] {scheduler_job.py:182} INFO - Started process (PID=203) to work on /home/airflow/.local/lib/python3.6/site-packages/airflow/example_dags/example_trigger_controller_dag.py
[2026-09-23 11:25:18,962] {scheduler_job.py:629} INFO - Processing file /home/airflow/.local/lib/python3.6/site-packages/airflow/example_dags/example_trigger_controller_dag.py for tasks to queue
[2026-09-23 11:25:18,963] {logging_mixin.py:104} INFO - [2026-09-23 11:25:18,963] {dagbag.py:451} INFO - Filling up the DagBag from /home/airflow/.local/lib/python3.6/site-packages/airflow/example_dags/example_trigger_controller_dag.py
[2026-09-23 11:25:18,979] {scheduler_job.py:639} INFO - DAG(s) dict_keys(['example_trigger_controller_dag']) retrieved from /home/airflow/.local/lib/python3.6/site-packages/airflow/example_dags/example_trigger_controller_dag.py
[2026-09-23 11:25:19,011] {logging_mixin.py:104} INFO - [2026-09-23 11:25:19,011] {dag.py:1824} INFO - Sync 1 DAGs
[2026-09-23 11:25:19,036] {logging_mixin.py:104} INFO - [2026-09-23 11:25:19,036] {dag.py:2280} INFO - Setting next_dagrun for example_trigger_controller_dag to 2026-09-21 00:00:00+00:00
[2026-09-23 11:25:19,048] {scheduler_job.py:190} INFO - Processing /home/airflow/.local/lib/python3.6/site-packages/airflow/example_dags/example_trigger_controller_dag.py took 0.092 seconds
[2026-09-23 11:25:49,453] {scheduler_job.py:182} INFO - Started process (PID=229) to work on /home/airflow/.local/lib/python3.6/site-packages/airflow/example_dags/example_trigger_controller_dag.py
[2026-09-23 11:25:49,456] {scheduler_job.py:629} INFO - Processing file /home/airflow/.local/lib/python3.6/site-packages/airflow/example_dags/example_trigger_controller_dag.py for tasks to queue
[2026-09-23 11:25:49,457] {logging_mixin.py:104} INFO - [2026-09-23 11:25:49,456] {dagbag.py:451} INFO - Filling up the DagBag from /home/airflow/.local/lib/python3.6/site-packages/airflow/example_dags/example_trigger_controller_dag.py
[2026-09-23 11:25:49,481] {scheduler_job.py:639} INFO - DAG(s) dict_keys(['example_trigger_controller_dag']) retrieved from /home/airflow/.local/lib/python3.6/site-packages/airflow/example_dags/example_trigger_controller_dag.py
[2026-09-23 11:25:49,516] {logging_mixin.py:104} INFO - [2026-09-23 11:25:49,515] {dag.py:1824} INFO - Sync 1 DAGs
[2026-09-23 11:25:49,542] {logging_mixin.py:104} INFO - [2026-09-23 11:25:49,542] {dag.py:2280} INFO - Setting next_dagrun for example_trigger_controller_dag to 2026-09-21 00:00:00+00:00
[2026-09-23 11:25:49,558] {scheduler_job.py:190} INFO - Processing /home/airflow/.local/lib/python3.6/site-packages/airflow/example_dags/example_trigger_controller_dag.py took 0.109 seconds
[2026-09-23 11:26:20,046] {scheduler_job.py:182} INFO - Started process (PID=255) to work on /home/airflow/.local/lib/python3.6/site-packages/airflow/example_dags/example_trigger_controller_dag.py
[2026-09-23 11:26:20,047] {scheduler_job.py:629} INFO - Processing file /home/airflow/.local/lib/python3.6/site-packages/airflow/example_dags/example_trigger_controller_dag.py for tasks to queue
[2026-09-23 11:26:20,048] {logging_mixin.py:104} INFO - [2026-09-23 11:26:20,048] {dagbag.py:451} INFO - Filling up the DagBag from /home/airflow/.local/lib/python3.6/site-packages/airflow/example_dags/example_trigger_controller_dag.py
[2026-09-23 11:26:20,061] {scheduler_job.py:639} INFO - DAG(s) dict_keys(['example_trigger_controller_dag']) retrieved from /home/airflow/.local/lib/python3.6/site-packages/airflow/example_dags/example_trigger_controller_dag.py
[2026-09-23 11:26:20,086] {logging_mixin.py:104} INFO - [2026-09-23 11:26:20,086] {dag.py:1824} INFO - Sync 1 DAGs
[2026-09-23 11:26:20,104] {logging_mixin.py:104} INFO - [2026-09-23 11:26:20,104] {dag.py:2280} INFO - Setting next_dagrun for example_trigger_controller_dag to 2026-09-21 00:00:00+00:00
[2026-09-23 11:26:20,123] {scheduler_job.py:190} INFO - Processing /home/airflow/.local/lib/python3.6/site-packages/airflow/example_dags/example_trigger_controller_dag.py took 0.082 seconds
[2026-09-23 11:26:50,889] {scheduler_job.py:182} INFO - Started process (PID=281) to work on /home/airflow/.local/lib/python3.6/site-packages/airflow/example_dags/example_trigger_controller_dag.py
[2026-09-23 11:26:50,891] {scheduler_job.py:629} INFO - Processing file /home/airflow/.local/lib/python3.6/site-packages/airflow/example_dags/example_trigger_controller_dag.py for tasks to queue
[2026-09-23 11:26:50,892] {logging_mixin.py:104} INFO - [2026-09-23 11:26:50,892] {dagbag.py:451} INFO - Filling up the DagBag from /home/airflow/.local/lib/python3.6/site-packages/airflow/example_dags/example_trigger_controller_dag.py
[2026-09-23 11:26:50,917] {scheduler_job.py:639} INFO - DAG(s) dict_keys(['example_trigger_controller_dag']) retrieved from /home/airflow/.local/lib/python3.6/site-packages/airflow/example_dags/example_trigger_controller_dag.py
[2026-09-23 11:26:50,957] {logging_mixin.py:104} INFO - [2026-09-23 11:26:50,956] {dag.py:1824} INFO - Sync 1 DAGs
[2026-09-23 11:26:50,998] {logging_mixin.py:104} INFO - [2026-09-23 11:26:50,998] {dag.py:2280} INFO - Setting next_dagrun for example_trigger_controller_dag to 2026-09-21 00:00:00+00:00
[2026-09-23 11:26:51,016] {scheduler_job.py:190} INFO - Processing /home/airflow/.local/lib/python3.6/site-packages/airflow/example_dags/example_trigger_controller_dag.py took 0.134 seconds
[2026-09-23 11:27:21,721] {scheduler_job.py:182} INFO - Started process (PID=307) to work on /home/airflow/.local/lib/python3.6/site-packages/airflow/example_dags/example_trigger_controller_dag.py
[2026-09-23 11:27:21,722] {scheduler_job.py:629} INFO - Processing file /home/airflow/.local/lib/python3.6/site-packages/airflow/example_dags/example_trigger_controller_dag.py for tasks to queue
[2026-09-23 11:27:21,723] {logging_mixin.py:104} INFO - [2026-09-23 11:27:21,723] {dagbag.py:451} INFO - Filling up the DagBag from /home/airflow/.local/lib/python3.6/site-packages/airflow/example_dags/example_trigger_controller_dag.py
[2026-09-23 11:27:21,738] {scheduler_job.py:639} INFO - DAG(s) dict_keys(['example_trigger_controller_dag']) retrieved from /home/airflow/.local/lib/python3.6/site-packages/airflow/example_dags/example_trigger_controller_dag.py
[2026-09-23 11:27:21,761] {logging_mixin.py:104} INFO - [2026-09-23 11:27:21,761] {dag.py:1824} INFO - Sync 1 DAGs
[2026-09-23 11:27:21,781] {logging_mixin.py:104} INFO - [2026-09-23 11:27:21,781] {dag.py:2280} INFO - Setting next_dagrun for example_trigger_controller_dag to 2026-09-21 00:00:00+00:00
[2026-09-23 11:27:21,796] {scheduler_job.py:190} INFO - Processing /home/airflow/.local/lib/python3.6/site-packages/airflow/example_dags/example_trigger_controller_dag.py took 0.080 seconds
[2026-09-23 11:27:52,735] {scheduler_job.py:182} INFO - Started process (PID=333) to work on /home/airflow/.local/lib/python3.6/site-packages/airflow/example_dags/example_trigger_controller_dag.py
[2026-09-23 11:27:52,736] {scheduler_job.py:629} INFO - Processing file /home/airflow/.local/lib/python3.6/site-packages/airflow/example_dags/example_trigger_controller_dag.py for tasks to queue
[2026-09-23 11:27:52,737] {logging_mixin.py:104} INFO - [2026-09-23 11:27:52,737] {dagbag.py:451} INFO - Filling up the DagBag from /home/airflow/.local/lib/python3.6/site-packages/airflow/example_dags/example_trigger_controller_dag.py
[2026-09-23 11:27:52,754] {scheduler_job.py:639} INFO - DAG(s) dict_keys(['example_trigger_controller_dag']) retrieved from /home/airflow/.local/lib/python3.6/site-packages/airflow/example_dags/example_trigger_controller_dag.py
[2026-09-23 11:27:52,796] {logging_mixin.py:104} INFO - [2026-09-23 11:27:52,796] {dag.py:1824} INFO - Sync 1 DAGs
[2026-09-23 11:27:52,827] {logging_mixin.py:104} INFO - [2026-09-23 11:27:52,827] {dag.py:2280} INFO - Setting next_dagrun for example_trigger_controller_dag to 2026-09-21 00:00:00+00:00
[2026-09-23 11:27:52,856] {scheduler_job.py:190} INFO - Processing /home/airflow/.local/lib/python3.6/site-packages/airflow/example_dags/example_trigger_controller_dag.py took 0.125 seconds
[2026-09-23 11:28:22,919] {scheduler_job.py:182} INFO - Started process (PID=360) to work on /home/airflow/.local/lib/python3.6/site-packages/airflow/example_dags/example_trigger_controller_dag.py
[2026-09-23 11:28:22,920] {scheduler_job.py:629} INFO - Processing file /home/airflow/.local/lib/python3.6/site-packages/airflow/example_dags/example_trigger_controller_dag.py for tasks to queue
[2026-09-23 11:28:22,921] {logging_mixin.py:104} INFO - [2026-09-23 11:28:22,921] {dagbag.py:451} INFO - Filling up the DagBag from /home/airflow/.local/lib/python3.6/site-packages/airflow/example_dags/example_trigger_controller_dag.py
[2026-09-23 11:28:22,938] {scheduler_job.py:639} INFO - DAG(s) dict_keys(['example_trigger_controller_dag']) retrieved from /home/airflow/.local/lib/python3.6/site-packages/airflow/example_dags/example_trigger_controller_dag.py
[2026-09-23 11:28:22,969] {logging_mixin.py:104} INFO - [2026-09-23 11:28:22,969] {dag.py:1824} INFO - Sync 1 DAGs
[2026-09-23 11:28:22,995] {logging_mixin.py:104} INFO - [2026-09-23 11:28:22,995] {dag.py:2280} INFO - Setting next_dagrun for example_trigger_controller_dag to 2026-09-21 00:00:00+00:00
[2026-09-23 11:28:23,010] {scheduler_job.py:190} INFO - Processing /home/airflow/.local/lib/python3.6/site-packages/airflow/example_dags/example_trigger_controller_dag.py took 0.096 seconds
[2026-09-23 11:28:53,543] {scheduler_job.py:182} INFO - Started process (PID=386) to work on /home/airflow/.local/lib/python3.6/site-packages/airflow/example_dags/example_trigger_controller_dag.py
[2026-09-23 11:28:53,544] {scheduler_job.py:629} INFO - Processing file /home/airflow/.local/lib/python3.6/site-packages/airflow/example_dags/example_trigger_controller_dag.py for tasks to queue
[2026-09-23 11:28:53,545] {logging_mixin.py:104} INFO - [2026-09-23 11:28:53,545] {dagbag.py:451} INFO - Filling up the DagBag from /home/airflow/.local/lib/python3.6/site-packages/airflow/example_dags/example_trigger_controller_dag.py
[2026-09-23 11:28:53,558] {scheduler_job.py:639} INFO - DAG(s) dict_keys(['example_trigger_controller_dag']) retrieved from /home/airflow/.local/lib/python3.6/site-packages/airflow/example_dags/example_trigger_controller_dag.py
[2026-09-23 11:28:53,582] {logging_mixin.py:104} INFO - [2026-09-23 11:28:53,582] {dag.py:1824} INFO - Sync 1 DAGs
[2026-09-23 11:28:53,604] {logging_mixin.py:104} INFO - [2026-09-23 11:28:53,603] {dag.py:2280} INFO - Setting next_dagrun for example_trigger_controller_dag to 2026-09-21 00:00:00+00:00
[2026-09-23 11:28:53,618] {scheduler_job.py:190} INFO - Processing /home/airflow/.local/lib/python3.6/site-packages/airflow/example_dags/example_trigger_controller_dag.py took 0.079 seconds
[2026-09-23 11:29:24,042] {scheduler_job.py:182} INFO - Started process (PID=412) to work on /home/airflow/.local/lib/python3.6/site-packages/airflow/example_dags/example_trigger_controller_dag.py
[2026-09-23 11:29:24,044] {scheduler_job.py:629} INFO - Processing file /home/airflow/.local/lib/python3.6/site-packages/airflow/example_dags/example_trigger_controller_dag.py for tasks to queue
[2026-09-23 11:29:24,045] {logging_mixin.py:104} INFO - [2026-09-23 11:29:24,045] {dagbag.py:451} INFO - Filling up the DagBag from /home/airflow/.local/lib/python3.6/site-packages/airflow/example_dags/example_trigger_controller_dag.py
[2026-09-23 11:29:24,056] {scheduler_job.py:639} INFO - DAG(s) dict_keys(['example_trigger_controller_dag']) retrieved from /home/airflow/.local/lib/python3.6/site-packages/airflow/example_dags/example_trigger_controller_dag.py
[2026-09-23 11:29:24,078] {logging_mixin.py:104} INFO - [2026-09-23 11:29:24,078] {dag.py:1824} INFO - Sync 1 DAGs
[2026-09-23 11:29:24,096] {logging_mixin.py:104} INFO - [2026-09-23 11:29:24,096] {dag.py:2280} INFO - Setting next_dagrun for example_trigger_controller_dag to 2026-09-21 00:00:00+00:00
[2026-09-23 11:29:24,114] {scheduler_job.py:190} INFO - Processing /home/airflow/.local/lib/python3.6/site-packages/airflow/example_dags/example_trigger_controller_dag.py took 0.076 seconds
[2026-09-23 11:29:54,716] {scheduler_job.py:182} INFO - Started process (PID=438) to work on /home/airflow/.local/lib/python3.6/site-packages/airflow/example_dags/example_trigger_controller_dag.py
[2026-09-23 11:29:54,717] {scheduler_job.py:629} INFO - Processing file /home/airflow/.local/lib/python3.6/site-packages/airflow/example_dags/example_trigger_controller_dag.py for tasks to queue
[2026-09-23 11:29:54,718] {logging_mixin.py:104} INFO - [2026-09-23 11:29:54,717] {dagbag.py:451} INFO - Filling up the DagBag from /home/airflow/.local/lib/python3.6/site-packages/airflow/example_dags/example_trigger_controller_dag.py
[2026-09-23 11:29:54,738] {scheduler_job.py:639} INFO - DAG(s) dict_keys(['example_trigger_controller_dag']) retrieved from /home/airflow/.local/lib/python3.6/site-packages/airflow/example_dags/example_trigger_controller_dag.py
[2026-09-23 11:29:54,771] {logging_mixin.py:104} INFO - [2026-09-23 11:29:54,771] {dag.py:1824} INFO - Sync 1 DAGs
[2026-09-23 11:29:54,801] {logging_mixin.py:104} INFO - [2026-09-23 11:29:54,801] {dag.py:2280} INFO - Setting next_dagrun for example_trigger_controller_dag to 2026-09-21 00:00:00+00:00
[2026-09-23 11:29:54,825] {scheduler_job.py:190} INFO - Processing /home/airflow/.local/lib/python3.6/site-packages/airflow/example_dags/example_trigger_controller_dag.py took 0.114 seconds
[2026-09-23 11:30:25,390] {scheduler_job.py:182} INFO - Started process (PID=464) to work on /home/airflow/.local/lib/python3.6/site-packages/airflow/example_dags/example_trigger_controller_dag.py
[2026-09-23 11:30:25,391] {scheduler_job.py:629} INFO - Processing file /home/airflow/.local/lib/python3.6/site-packages/airflow/example_dags/example_trigger_controller_dag.py for tasks to queue
[2026-09-23 11:30:25,393] {logging_mixin.py:104} INFO - [2026-09-23 11:30:25,392] {dagbag.py:451} INFO - Filling up the DagBag from /home/airflow/.local/lib/python3.6/site-packages/airflow/example_dags/example_trigger_controller_dag.py
[2026-09-23 11:30:25,414] {scheduler_job.py:639} INFO - DAG(s) dict_keys(['example_trigger_controller_dag']) retrieved from /home/airflow/.local/lib/python3.6/site-packages/airflow/example_dags/example_trigger_controller_dag.py
[2026-09-23 11:30:25,454] {logging_mixin.py:104} INFO - [2026-09-23 11:30:25,453] {dag.py:1824} INFO - Sync 1 DAGs
[2026-09-23 11:30:25,484] {logging_mixin.py:104} INFO - [2026-09-23 11:30:25,484] {dag.py:2280} INFO - Setting next_dagrun for example_trigger_controller_dag to 2026-09-21 00:00:00+00:00
[2026-09-23 11:30:25,513] {scheduler_job.py:190} INFO - Processing /home/airflow/.local/lib/python3.6/site-packages/airflow/example_dags/example_trigger_controller_dag.py took 0.129 seconds
[2026-09-23 11:30:56,008] {scheduler_job.py:182} INFO - Started process (PID=490) to work on /home/airflow/.local/lib/python3.6/site-packages/airflow/example_dags/example_trigger_controller_dag.py
[2026-09-23 11:30:56,009] {scheduler_job.py:629} INFO - Processing file /home/airflow/.local/lib/python3.6/site-packages/airflow/example_dags/example_trigger_controller_dag.py for tasks to queue
[2026-09-23 11:30:56,010] {logging_mixin.py:104} INFO - [2026-09-23 11:30:56,010] {dagbag.py:451} INFO - Filling up the DagBag from /home/airflow/.local/lib/python3.6/site-packages/airflow/example_dags/example_trigger_controller_dag.py
[2026-09-23 11:30:56,023] {scheduler_job.py:639} INFO - DAG(s) dict_keys(['example_trigger_controller_dag']) retrieved from /home/airflow/.local/lib/python3.6/site-packages/airflow/example_dags/example_trigger_controller_dag.py
[2026-09-23 11:30:56,046] {logging_mixin.py:104} INFO - [2026-09-23 11:30:56,046] {dag.py:1824} INFO - Sync 1 DAGs
[2026-09-23 11:30:56,064] {logging_mixin.py:104} INFO - [2026-09-23 11:30:56,064] {dag.py:2280} INFO - Setting next_dagrun for example_trigger_controller_dag to 2026-09-21 00:00:00+00:00
[2026-09-23 11:30:56,076] {scheduler_job.py:190} INFO - Processing /home/airflow/.local/lib/python3.6/site-packages/airflow/example_dags/example_trigger_controller_dag.py took 0.072 seconds
[2026-09-23 11:31:26,496] {scheduler_job.py:182} INFO - Started process (PID=516) to work on /home/airflow/.local/lib/python3.6/site-packages/airflow/example_dags/example_trigger_controller_dag.py
[2026-09-23 11:31:26,497] {scheduler_job.py:629} INFO - Processing file /home/airflow/.local/lib/python3.6/site-packages/airflow/example_dags/example_trigger_controller_dag.py for tasks to queue
[2026-09-23 11:31:26,498] {logging_mixin.py:104} INFO - [2026-09-23 11:31:26,498] {dagbag.py:451} INFO - Filling up the DagBag from /home/airflow/.local/lib/python3.6/site-packages/airflow/example_dags/example_trigger_controller_dag.py
[2026-09-23 11:31:26,513] {scheduler_job.py:639} INFO - DAG(s) dict_keys(['example_trigger_controller_dag']) retrieved from /home/airflow/.local/lib/python3.6/site-packages/airflow/example_dags/example_trigger_controller_dag.py
[2026-09-23 11:31:26,538] {logging_mixin.py:104} INFO - [2026-09-23 11:31:26,538] {dag.py:1824} INFO - Sync 1 DAGs
[2026-09-23 11:31:26,556] {logging_mixin.py:104} INFO - [2026-09-23 11:31:26,556] {dag.py:2280} INFO - Setting next_dagrun for example_trigger_controller_dag to 2026-09-21 00:00:00+00:00
[2026-09-23 11:31:26,571] {scheduler_job.py:190} INFO - Processing /home/airflow/.local/lib/python3.6/site-packages/airflow/example_dags/example_trigger_controller_dag.py took 0.080 seconds
[2026-09-23 11:31:57,042] {scheduler_job.py:182} INFO - Started process (PID=542) to work on /home/airflow/.local/lib/python3.6/site-packages/airflow/example_dags/example_trigger_controller_dag.py
[2026-09-23 11:31:57,043] {scheduler_job.py:629} INFO - Processing file /home/airflow/.local/lib/python3.6/site-packages/airflow/example_dags/example_trigger_controller_dag.py for tasks to queue
[2026-09-23 11:31:57,044] {logging_mixin.py:104} INFO - [2026-09-23 11:31:57,044] {dagbag.py:451} INFO - Filling up the DagBag from /home/airflow/.local/lib/python3.6/site-packages/airflow/example_dags/example_trigger_controller_dag.py
[2026-09-23 11:31:57,057] {scheduler_job.py:639} INFO - DAG(s) dict_keys(['example_trigger_controller_dag']) retrieved from /home/airflow/.local/lib/python3.6/site-packages/airflow/example_dags/example_trigger_controller_dag.py
[2026-09-23 11:31:57,081] {logging_mixin.py:104} INFO - [2026-09-23 11:31:57,081] {dag.py:1824} INFO - Sync 1 DAGs
[2026-09-23 11:31:57,100] {logging_mixin.py:104} INFO - [2026-09-23 11:31:57,099] {dag.py:2280} INFO - Setting next_dagrun for example_trigger_controller_dag to 2026-09-21 00:00:00+00:00
[2026-09-23 11:31:57,118] {scheduler_job.py:190} INFO - Processing /home/airflow/.local/lib/python3.6/site-packages/airflow/example_dags/example_trigger_controller_dag.py took 0.079 seconds
[2026-09-23 11:32:27,500] {scheduler_job.py:182} INFO - Started process (PID=568) to work on /home/airflow/.local/lib/python3.6/site-packages/airflow/example_dags/example_trigger_controller_dag.py
[2026-09-23 11:32:27,502] {scheduler_job.py:629} INFO - Processing file /home/airflow/.local/lib/python3.6/site-packages/airflow/example_dags/example_trigger_controller_dag.py for tasks to queue
[2026-09-23 11:32:27,503] {logging_mixin.py:104} INFO - [2026-09-23 11:32:27,502] {dagbag.py:451} INFO - Filling up the DagBag from /home/airflow/.local/lib/python3.6/site-packages/airflow/example_dags/example_trigger_controller_dag.py
[2026-09-23 11:32:27,516] {scheduler_job.py:639} INFO - DAG(s) dict_keys(['example_trigger_controller_dag']) retrieved from /home/airflow/.local/lib/python3.6/site-packages/airflow/example_dags/example_trigger_controller_dag.py
[2026-09-23 11:32:27,542] {logging_mixin.py:104} INFO - [2026-09-23 11:32:27,542] {dag.py:1824} INFO - Sync 1 DAGs
[2026-09-23 11:32:27,568] {logging_mixin.py:104} INFO - [2026-09-23 11:32:27,568] {dag.py:2280} INFO - Setting next_dagrun for example_trigger_controller_dag to 2026-09-21 00:00:00+00:00
[2026-09-23 11:32:27,582] {scheduler_job.py:190} INFO - Processing /home/airflow/.local/lib/python3.6/site-packages/airflow/example_dags/example_trigger_controller_dag.py took 0.085 seconds
[2026-09-23 11:32:58,052] {scheduler_job.py:182} INFO - Started process (PID=594) to work on /home/airflow/.local/lib/python3.6/site-packages/airflow/example_dags/example_trigger_controller_dag.py
[2026-09-23 11:32:58,053] {scheduler_job.py:629} INFO - Processing file /home/airflow/.local/lib/python3.6/site-packages/airflow/example_dags/example_trigger_controller_dag.py for tasks to queue
[2026-09-23 11:32:58,054] {logging_mixin.py:104} INFO - [2026-09-23 11:32:58,054] {dagbag.py:451} INFO - Filling up the DagBag from /home/airflow/.local/lib/python3.6/site-packages/airflow/example_dags/example_trigger_controller_dag.py
[2026-09-23 11:32:58,070] {scheduler_job.py:639} INFO - DAG(s) dict_keys(['example_trigger_controller_dag']) retrieved from /home/airflow/.local/lib/python3.6/site-packages/airflow/example_dags/example_trigger_controller_dag.py
[2026-09-23 11:32:58,096] {logging_mixin.py:104} INFO - [2026-09-23 11:32:58,096] {dag.py:1824} INFO - Sync 1 DAGs
[2026-09-23 11:32:58,120] {logging_mixin.py:104} INFO - [2026-09-23 11:32:58,119] {dag.py:2280} INFO - Setting next_dagrun for example_trigger_controller_dag to 2026-09-21 00:00:00+00:00
[2026-09-23 11:32:58,138] {scheduler_job.py:190} INFO - Processing /home/airflow/.local/lib/python3.6/site-packages/airflow/example_dags/example_trigger_controller_dag.py took 0.091 seconds
[2026-09-23 11:33:28,557] {scheduler_job.py:182} INFO - Started process (PID=620) to work on /home/airflow/.local/lib/python3.6/site-packages/airflow/example_dags/example_trigger_controller_dag.py
[2026-09-23 11:33:28,558] {scheduler_job.py:629} INFO - Processing file /home/airflow/.local/lib/python3.6/site-packages/airflow/example_dags/example_trigger_controller_dag.py for tasks to queue
[2026-09-23 11:33:28,559] {logging_mixin.py:104} INFO - [2026-09-23 11:33:28,559] {dagbag.py:451} INFO - Filling up the DagBag from /home/airflow/.local/lib/python3.6/site-packages/airflow/example_dags/example_trigger_controller_dag.py
[2026-09-23 11:33:28,572] {scheduler_job.py:639} INFO - DAG(s) dict_keys(['example_trigger_controller_dag']) retrieved from /home/airflow/.local/lib/python3.6/site-packages/airflow/example_dags/example_trigger_controller_dag.py
[2026-09-23 11:33:28,599] {logging_mixin.py:104} INFO - [2026-09-23 11:33:28,599] {dag.py:1824} INFO - Sync 1 DAGs
[2026-09-23 11:33:28,626] {logging_mixin.py:104} INFO - [2026-09-23 11:33:28,626] {dag.py:2280} INFO - Setting next_dagrun for example_trigger_controller_dag to 2026-09-21 00:00:00+00:00
[2026-09-23 11:33:28,642] {scheduler_job.py:190} INFO - Processing /home/airflow/.local/lib/python3.6/site-packages/airflow/example_dags/example_trigger_controller_dag.py took 0.088 seconds
[2026-09-23 11:33:59,088] {scheduler_job.py:182} INFO - Started process (PID=646) to work on /home/airflow/.local/lib/python3.6/site-packages/airflow/example_dags/example_trigger_controller_dag.py
[2026-09-23 11:33:59,089] {scheduler_job.py:629} INFO - Processing file /home/airflow/.local/lib/python3.6/site-packages/airflow/example_dags/example_trigger_controller_dag.py for tasks to queue
[2026-09-23 11:33:59,090] {logging_mixin.py:104} INFO - [2026-09-23 11:33:59,090] {dagbag.py:451} INFO - Filling up the DagBag from /home/airflow/.local/lib/python3.6/site-packages/airflow/example_dags/example_trigger_controller_dag.py
[2026-09-23 11:33:59,111] {scheduler_job.py:639} INFO - DAG(s) dict_keys(['example_trigger_controller_dag']) retrieved from /home/airflow/.local/lib/python3.6/site-packages/airflow/example_dags/example_trigger_controller_dag.py
[2026-09-23 11:33:59,147] {logging_mixin.py:104} INFO - [2026-09-23 11:33:59,147] {dag.py:1824} INFO - Sync 1 DAGs
[2026-09-23 11:33:59,176] {logging_mixin.py:104} INFO - [2026-09-23 11:33:59,176] {dag.py:2280} INFO - Setting next_dagrun for example_trigger_controller_dag to 2026-09-21 00:00:00+00:00
[2026-09-23 11:33:59,197] {scheduler_job.py:190} INFO - Processing /home/airflow/.local/lib/python3.6/site-packages/airflow/example_dags/example_trigger_controller_dag.py took 0.113 seconds
[2026-09-23 11:34:29,735] {scheduler_job.py:182} INFO - Started process (PID=672) to work on /home/airflow/.local/lib/python3.6/site-packages/airflow/example_dags/example_trigger_controller_dag.py
[2026-09-23 11:34:29,737] {scheduler_job.py:629} INFO - Processing file /home/airflow/.local/lib/python3.6/site-packages/airflow/example_dags/example_trigger_controller_dag.py for tasks to queue
[2026-09-23 11:34:29,738] {logging_mixin.py:104} INFO - [2026-09-23 11:34:29,738] {dagbag.py:451} INFO - Filling up the DagBag from /home/airflow/.local/lib/python3.6/site-packages/airflow/example_dags/example_trigger_controller_dag.py
[2026-09-23 11:34:29,750] {scheduler_job.py:639} INFO - DAG(s) dict_keys(['example_trigger_controller_dag']) retrieved from /home/airflow/.local/lib/python3.6/site-packages/airflow/example_dags/example_trigger_controller_dag.py
[2026-09-23 11:34:29,774] {logging_mixin.py:104} INFO - [2026-09-23 11:34:29,774] {dag.py:1824} INFO - Sync 1 DAGs
[2026-09-23 11:34:29,796] {logging_mixin.py:104} INFO - [2026-09-23 11:34:29,796] {dag.py:2280} INFO - Setting next_dagrun for example_trigger_controller_dag to 2026-09-21 00:00:00+00:00
[2026-09-23 11:34:29,813] {scheduler_job.py:190} INFO - Processing /home/airflow/.local/lib/python3.6/site-packages/airflow/example_dags/example_trigger_controller_dag.py took 0.082 seconds
[2026-09-23 11:35:00,296] {scheduler_job.py:182} INFO - Started process (PID=698) to work on /home/airflow/.local/lib/python3.6/site-packages/airflow/example_dags/example_trigger_controller_dag.py
[2026-09-23 11:35:00,298] {scheduler_job.py:629} INFO - Processing file /home/airflow/.local/lib/python3.6/site-packages/airflow/example_dags/example_trigger_controller_dag.py for tasks to queue
[2026-09-23 11:35:00,298] {logging_mixin.py:104} INFO - [2026-09-23 11:35:00,298] {dagbag.py:451} INFO - Filling up the DagBag from /home/airflow/.local/lib/python3.6/site-packages/airflow/example_dags/example_trigger_controller_dag.py
[2026-09-23 11:35:00,311] {scheduler_job.py:639} INFO - DAG(s) dict_keys(['example_trigger_controller_dag']) retrieved from /home/airflow/.local/lib/python3.6/site-packages/airflow/example_dags/example_trigger_controller_dag.py
[2026-09-23 11:35:00,335] {logging_mixin.py:104} INFO - [2026-09-23 11:35:00,335] {dag.py:1824} INFO - Sync 1 DAGs
[2026-09-23 11:35:00,353] {logging_mixin.py:104} INFO - [2026-09-23 11:35:00,353] {dag.py:2280} INFO - Setting next_dagrun for example_trigger_controller_dag to 2026-09-21 00:00:00+00:00
[2026-09-23 11:35:00,368] {scheduler_job.py:190} INFO - Processing /home/airflow/.local/lib/python3.6/site-packages/airflow/example_dags/example_trigger_controller_dag.py took 0.076 seconds
[2026-09-23 11:35:31,336] {scheduler_job.py:182} INFO - Started process (PID=724) to work on /home/airflow/.local/lib/python3.6/site-packages/airflow/example_dags/example_trigger_controller_dag.py
[2026-09-23 11:35:31,338] {scheduler_job.py:629} INFO - Processing file /home/airflow/.local/lib/python3.6/site-packages/airflow/example_dags/example_trigger_controller_dag.py for tasks to queue
[2026-09-23 11:35:31,341] {logging_mixin.py:104} INFO - [2026-09-23 11:35:31,341] {dagbag.py:451} INFO - Filling up the DagBag from /home/airflow/.local/lib/python3.6/site-packages/airflow/example_dags/example_trigger_controller_dag.py
[2026-09-23 11:35:31,403] {scheduler_job.py:639} INFO - DAG(s) dict_keys(['example_trigger_controller_dag']) retrieved from /home/airflow/.local/lib/python3.6/site-packages/airflow/example_dags/example_trigger_controller_dag.py
[2026-09-23 11:35:31,473] {logging_mixin.py:104} INFO - [2026-09-23 11:35:31,473] {dag.py:1824} INFO - Sync 1 DAGs
[2026-09-23 11:35:31,512] {logging_mixin.py:104} INFO - [2026-09-23 11:35:31,512] {dag.py:2280} INFO - Setting next_dagrun for example_trigger_controller_dag to 2026-09-21 00:00:00+00:00
[2026-09-23 11:35:31,535] {scheduler_job.py:190} INFO - Processing /home/airflow/.local/lib/python3.6/site-packages/airflow/example_dags/example_trigger_controller_dag.py took 0.210 seconds
[2026-09-23 11:36:01,675] {scheduler_job.py:182} INFO - Started process (PID=750) to work on /home/airflow/.local/lib/python3.6/site-packages/airflow/example_dags/example_trigger_controller_dag.py
[2026-09-23 11:36:01,677] {scheduler_job.py:629} INFO - Processing file /home/airflow/.local/lib/python3.6/site-packages/airflow/example_dags/example_trigger_controller_dag.py for tasks to queue
[2026-09-23 11:36:01,678] {logging_mixin.py:104} INFO - [2026-09-23 11:36:01,677] {dagbag.py:451} INFO - Filling up the DagBag from /home/airflow/.local/lib/python3.6/site-packages/airflow/example_dags/example_trigger_controller_dag.py
[2026-09-23 11:36:01,699] {scheduler_job.py:639} INFO - DAG(s) dict_keys(['example_trigger_controller_dag']) retrieved from /home/airflow/.local/lib/python3.6/site-packages/airflow/example_dags/example_trigger_controller_dag.py
[2026-09-23 11:36:01,748] {logging_mixin.py:104} INFO - [2026-09-23 11:36:01,748] {dag.py:1824} INFO - Sync 1 DAGs
[2026-09-23 11:36:01,779] {logging_mixin.py:104} INFO - [2026-09-23 11:36:01,778] {dag.py:2280} INFO - Setting next_dagrun for example_trigger_controller_dag to 2026-09-21 00:00:00+00:00
[2026-09-23 11:36:01,812] {scheduler_job.py:190} INFO - Processing /home/airflow/.local/lib/python3.6/site-packages/airflow/example_dags/example_trigger_controller_dag.py took 0.144 seconds
[2026-09-23 11:36:32,383] {scheduler_job.py:182} INFO - Started process (PID=778) to work on /home/airflow/.local/lib/python3.6/site-packages/airflow/example_dags/example_trigger_controller_dag.py
[2026-09-23 11:36:32,385] {scheduler_job.py:629} INFO - Processing file /home/airflow/.local/lib/python3.6/site-packages/airflow/example_dags/example_trigger_controller_dag.py for tasks to queue
[2026-09-23 11:36:32,385] {logging_mixin.py:104} INFO - [2026-09-23 11:36:32,385] {dagbag.py:451} INFO - Filling up the DagBag from /home/airflow/.local/lib/python3.6/site-packages/airflow/example_dags/example_trigger_controller_dag.py
[2026-09-23 11:36:32,404] {scheduler_job.py:639} INFO - DAG(s) dict_keys(['example_trigger_controller_dag']) retrieved from /home/airflow/.local/lib/python3.6/site-packages/airflow/example_dags/example_trigger_controller_dag.py
[2026-09-23 11:36:32,439] {logging_mixin.py:104} INFO - [2026-09-23 11:36:32,439] {dag.py:1824} INFO - Sync 1 DAGs
[2026-09-23 11:36:32,466] {logging_mixin.py:104} INFO - [2026-09-23 11:36:32,466] {dag.py:2280} INFO - Setting next_dagrun for example_trigger_controller_dag to 2026-09-21 00:00:00+00:00
[2026-09-23 11:36:32,484] {scheduler_job.py:190} INFO - Processing /home/airflow/.local/lib/python3.6/site-packages/airflow/example_dags/example_trigger_controller_dag.py took 0.106 seconds
[2026-09-23 11:37:02,817] {scheduler_job.py:182} INFO - Started process (PID=804) to work on /home/airflow/.local/lib/python3.6/site-packages/airflow/example_dags/example_trigger_controller_dag.py
[2026-09-23 11:37:02,819] {scheduler_job.py:629} INFO - Processing file /home/airflow/.local/lib/python3.6/site-packages/airflow/example_dags/example_trigger_controller_dag.py for tasks to queue
[2026-09-23 11:37:02,821] {logging_mixin.py:104} INFO - [2026-09-23 11:37:02,820] {dagbag.py:451} INFO - Filling up the DagBag from /home/airflow/.local/lib/python3.6/site-packages/airflow/example_dags/example_trigger_controller_dag.py
[2026-09-23 11:37:02,837] {scheduler_job.py:639} INFO - DAG(s) dict_keys(['example_trigger_controller_dag']) retrieved from /home/airflow/.local/lib/python3.6/site-packages/airflow/example_dags/example_trigger_controller_dag.py
[2026-09-23 11:37:02,866] {logging_mixin.py:104} INFO - [2026-09-23 11:37:02,866] {dag.py:1824} INFO - Sync 1 DAGs
[2026-09-23 11:37:02,891] {logging_mixin.py:104} INFO - [2026-09-23 11:37:02,891] {dag.py:2280} INFO - Setting next_dagrun for example_trigger_controller_dag to 2026-09-21 00:00:00+00:00
[2026-09-23 11:37:02,915] {scheduler_job.py:190} INFO - Processing /home/airflow/.local/lib/python3.6/site-packages/airflow/example_dags/example_trigger_controller_dag.py took 0.102 seconds
[2026-09-23 11:37:33,075] {scheduler_job.py:182} INFO - Started process (PID=830) to work on /home/airflow/.local/lib/python3.6/site-packages/airflow/example_dags/example_trigger_controller_dag.py
[2026-09-23 11:37:33,077] {scheduler_job.py:629} INFO - Processing file /home/airflow/.local/lib/python3.6/site-packages/airflow/example_dags/example_trigger_controller_dag.py for tasks to queue
[2026-09-23 11:37:33,079] {logging_mixin.py:104} INFO - [2026-09-23 11:37:33,078] {dagbag.py:451} INFO - Filling up the DagBag from /home/airflow/.local/lib/python3.6/site-packages/airflow/example_dags/example_trigger_controller_dag.py
[2026-09-23 11:37:33,103] {scheduler_job.py:639} INFO - DAG(s) dict_keys(['example_trigger_controller_dag']) retrieved from /home/airflow/.local/lib/python3.6/site-packages/airflow/example_dags/example_trigger_controller_dag.py
[2026-09-23 11:37:33,146] {logging_mixin.py:104} INFO - [2026-09-23 11:37:33,146] {dag.py:1824} INFO - Sync 1 DAGs
[2026-09-23 11:37:33,182] {logging_mixin.py:104} INFO - [2026-09-23 11:37:33,182] {dag.py:2280} INFO - Setting next_dagrun for example_trigger_controller_dag to 2026-09-21 00:00:00+00:00
[2026-09-23 11:37:33,204] {scheduler_job.py:190} INFO - Processing /home/airflow/.local/lib/python3.6/site-packages/airflow/example_dags/example_trigger_controller_dag.py took 0.135 seconds
[2026-09-23 11:38:03,299] {scheduler_job.py:182} INFO - Started process (PID=856) to work on /home/airflow/.local/lib/python3.6/site-packages/airflow/example_dags/example_trigger_controller_dag.py
[2026-09-23 11:38:03,300] {scheduler_job.py:629} INFO - Processing file /home/airflow/.local/lib/python3.6/site-packages/airflow/example_dags/example_trigger_controller_dag.py for tasks to queue
[2026-09-23 11:38:03,302] {logging_mixin.py:104} INFO - [2026-09-23 11:38:03,301] {dagbag.py:451} INFO - Filling up the DagBag from /home/airflow/.local/lib/python3.6/site-packages/airflow/example_dags/example_trigger_controller_dag.py
[2026-09-23 11:38:03,323] {scheduler_job.py:639} INFO - DAG(s) dict_keys(['example_trigger_controller_dag']) retrieved from /home/airflow/.local/lib/python3.6/site-packages/airflow/example_dags/example_trigger_controller_dag.py
[2026-09-23 11:38:03,358] {logging_mixin.py:104} INFO - [2026-09-23 11:38:03,358] {dag.py:1824} INFO - Sync 1 DAGs
[2026-09-23 11:38:03,389] {logging_mixin.py:104} INFO - [2026-09-23 11:38:03,389] {dag.py:2280} INFO - Setting next_dagrun for example_trigger_controller_dag to 2026-09-21 00:00:00+00:00
[2026-09-23 11:38:03,410] {scheduler_job.py:190} INFO - Processing /home/airflow/.local/lib/python3.6/site-packages/airflow/example_dags/example_trigger_controller_dag.py took 0.117 seconds
[2026-09-23 11:38:33,833] {scheduler_job.py:182} INFO - Started process (PID=882) to work on /home/airflow/.local/lib/python3.6/site-packages/airflow/example_dags/example_trigger_controller_dag.py
[2026-09-23 11:38:33,834] {scheduler_job.py:629} INFO - Processing file /home/airflow/.local/lib/python3.6/site-packages/airflow/example_dags/example_trigger_controller_dag.py for tasks to queue
[2026-09-23 11:38:33,835] {logging_mixin.py:104} INFO - [2026-09-23 11:38:33,835] {dagbag.py:451} INFO - Filling up the DagBag from /home/airflow/.local/lib/python3.6/site-packages/airflow/example_dags/example_trigger_controller_dag.py
[2026-09-23 11:38:33,854] {scheduler_job.py:639} INFO - DAG(s) dict_keys(['example_trigger_controller_dag']) retrieved from /home/airflow/.local/lib/python3.6/site-packages/airflow/example_dags/example_trigger_controller_dag.py
[2026-09-23 11:38:33,886] {logging_mixin.py:104} INFO - [2026-09-23 11:38:33,886] {dag.py:1824} INFO - Sync 1 DAGs
[2026-09-23 11:38:33,914] {logging_mixin.py:104} INFO - [2026-09-23 11:38:33,914] {dag.py:2280} INFO - Setting next_dagrun for example_trigger_controller_dag to 2026-09-21 00:00:00+00:00
[2026-09-23 11:38:33,932] {scheduler_job.py:190} INFO - Processing /home/airflow/.local/lib/python3.6/site-packages/airflow/example_dags/example_trigger_controller_dag.py took 0.103 seconds
[2026-09-23 11:39:04,323] {scheduler_job.py:182} INFO - Started process (PID=905) to work on /home/airflow/.local/lib/python3.6/site-packages/airflow/example_dags/example_trigger_controller_dag.py
[2026-09-23 11:39:04,325] {scheduler_job.py:629} INFO - Processing file /home/airflow/.local/lib/python3.6/site-packages/airflow/example_dags/example_trigger_controller_dag.py for tasks to queue
[2026-09-23 11:39:04,326] {logging_mixin.py:104} INFO - [2026-09-23 11:39:04,326] {dagbag.py:451} INFO - Filling up the DagBag from /home/airflow/.local/lib/python3.6/site-packages/airflow/example_dags/example_trigger_controller_dag.py
[2026-09-23 11:39:04,359] {scheduler_job.py:639} INFO - DAG(s) dict_keys(['example_trigger_controller_dag']) retrieved from /home/airflow/.local/lib/python3.6/site-packages/airflow/example_dags/example_trigger_controller_dag.py
[2026-09-23 11:39:04,401] {logging_mixin.py:104} INFO - [2026-09-23 11:39:04,401] {dag.py:1824} INFO - Sync 1 DAGs
[2026-09-23 11:39:04,432] {logging_mixin.py:104} INFO - [2026-09-23 11:39:04,432] {dag.py:2280} INFO - Setting next_dagrun for example_trigger_controller_dag to 2026-09-21 00:00:00+00:00
[2026-09-23 11:39:04,452] {scheduler_job.py:190} INFO - Processing /home/airflow/.local/lib/python3.6/site-packages/airflow/example_dags/example_trigger_controller_dag.py took 0.138 seconds
[2026-09-23 11:39:34,632] {scheduler_job.py:182} INFO - Started process (PID=932) to work on /home/airflow/.local/lib/python3.6/site-packages/airflow/example_dags/example_trigger_controller_dag.py
[2026-09-23 11:39:34,636] {scheduler_job.py:629} INFO - Processing file /home/airflow/.local/lib/python3.6/site-packages/airflow/example_dags/example_trigger_controller_dag.py for tasks to queue
[2026-09-23 11:39:34,637] {logging_mixin.py:104} INFO - [2026-09-23 11:39:34,637] {dagbag.py:451} INFO - Filling up the DagBag from /home/airflow/.local/lib/python3.6/site-packages/airflow/example_dags/example_trigger_controller_dag.py
[2026-09-23 11:39:34,651] {scheduler_job.py:639} INFO - DAG(s) dict_keys(['example_trigger_controller_dag']) retrieved from /home/airflow/.local/lib/python3.6/site-packages/airflow/example_dags/example_trigger_controller_dag.py
[2026-09-23 11:39:34,674] {logging_mixin.py:104} INFO - [2026-09-23 11:39:34,674] {dag.py:1824} INFO - Sync 1 DAGs
[2026-09-23 11:39:34,693] {logging_mixin.py:104} INFO - [2026-09-23 11:39:34,693] {dag.py:2280} INFO - Setting next_dagrun for example_trigger_controller_dag to 2026-09-21 00:00:00+00:00
[2026-09-23 11:39:34,709] {scheduler_job.py:190} INFO - Processing /home/airflow/.local/lib/python3.6/site-packages/airflow/example_dags/example_trigger_controller_dag.py took 0.082 seconds
[2026-09-23 11:40:05,398] {scheduler_job.py:182} INFO - Started process (PID=960) to work on /home/airflow/.local/lib/python3.6/site-packages/airflow/example_dags/example_trigger_controller_dag.py
[2026-09-23 11:40:05,400] {scheduler_job.py:629} INFO - Processing file /home/airflow/.local/lib/python3.6/site-packages/airflow/example_dags/example_trigger_controller_dag.py for tasks to queue
[2026-09-23 11:40:05,401] {logging_mixin.py:104} INFO - [2026-09-23 11:40:05,401] {dagbag.py:451} INFO - Filling up the DagBag from /home/airflow/.local/lib/python3.6/site-packages/airflow/example_dags/example_trigger_controller_dag.py
[2026-09-23 11:40:05,421] {scheduler_job.py:639} INFO - DAG(s) dict_keys(['example_trigger_controller_dag']) retrieved from /home/airflow/.local/lib/python3.6/site-packages/airflow/example_dags/example_trigger_controller_dag.py
[2026-09-23 11:40:05,458] {logging_mixin.py:104} INFO - [2026-09-23 11:40:05,457] {dag.py:1824} INFO - Sync 1 DAGs
[2026-09-23 11:40:05,488] {logging_mixin.py:104} INFO - [2026-09-23 11:40:05,488] {dag.py:2280} INFO - Setting next_dagrun for example_trigger_controller_dag to 2026-09-21 00:00:00+00:00
[2026-09-23 11:40:05,513] {scheduler_job.py:190} INFO - Processing /home/airflow/.local/lib/python3.6/site-packages/airflow/example_dags/example_trigger_controller_dag.py took 0.121 seconds
[2026-09-23 11:40:35,834] {scheduler_job.py:182} INFO - Started process (PID=986) to work on /home/airflow/.local/lib/python3.6/site-packages/airflow/example_dags/example_trigger_controller_dag.py
[2026-09-23 11:40:35,836] {scheduler_job.py:629} INFO - Processing file /home/airflow/.local/lib/python3.6/site-packages/airflow/example_dags/example_trigger_controller_dag.py for tasks to queue
[2026-09-23 11:40:35,837] {logging_mixin.py:104} INFO - [2026-09-23 11:40:35,837] {dagbag.py:451} INFO - Filling up the DagBag from /home/airflow/.local/lib/python3.6/site-packages/airflow/example_dags/example_trigger_controller_dag.py
[2026-09-23 11:40:35,857] {scheduler_job.py:639} INFO - DAG(s) dict_keys(['example_trigger_controller_dag']) retrieved from /home/airflow/.local/lib/python3.6/site-packages/airflow/example_dags/example_trigger_controller_dag.py
[2026-09-23 11:40:35,898] {logging_mixin.py:104} INFO - [2026-09-23 11:40:35,898] {dag.py:1824} INFO - Sync 1 DAGs
[2026-09-23 11:40:35,942] {logging_mixin.py:104} INFO - [2026-09-23 11:40:35,942] {dag.py:2280} INFO - Setting next_dagrun for example_trigger_controller_dag to 2026-09-21 00:00:00+00:00
[2026-09-23 11:40:35,968] {scheduler_job.py:190} INFO - Processing /home/airflow/.local/lib/python3.6/site-packages/airflow/example_dags/example_trigger_controller_dag.py took 0.142 seconds
[2026-09-23 11:41:06,242] {scheduler_job.py:182} INFO - Started process (PID=1012) to work on /home/airflow/.local/lib/python3.6/site-packages/airflow/example_dags/example_trigger_controller_dag.py
[2026-09-23 11:41:06,244] {scheduler_job.py:629} INFO - Processing file /home/airflow/.local/lib/python3.6/site-packages/airflow/example_dags/example_trigger_controller_dag.py for tasks to queue
[2026-09-23 11:41:06,245] {logging_mixin.py:104} INFO - [2026-09-23 11:41:06,245] {dagbag.py:451} INFO - Filling up the DagBag from /home/airflow/.local/lib/python3.6/site-packages/airflow/example_dags/example_trigger_controller_dag.py
[2026-09-23 11:41:06,265] {scheduler_job.py:639} INFO - DAG(s) dict_keys(['example_trigger_controller_dag']) retrieved from /home/airflow/.local/lib/python3.6/site-packages/airflow/example_dags/example_trigger_controller_dag.py
[2026-09-23 11:41:06,301] {logging_mixin.py:104} INFO - [2026-09-23 11:41:06,301] {dag.py:1824} INFO - Sync 1 DAGs
[2026-09-23 11:41:06,331] {logging_mixin.py:104} INFO - [2026-09-23 11:41:06,330] {dag.py:2280} INFO - Setting next_dagrun for example_trigger_controller_dag to 2026-09-21 00:00:00+00:00
[2026-09-23 11:41:06,356] {scheduler_job.py:190} INFO - Processing /home/airflow/.local/lib/python3.6/site-packages/airflow/example_dags/example_trigger_controller_dag.py took 0.119 seconds
[2026-09-23 11:41:36,869] {scheduler_job.py:182} INFO - Started process (PID=1035) to work on /home/airflow/.local/lib/python3.6/site-packages/airflow/example_dags/example_trigger_controller_dag.py
[2026-09-23 11:41:36,874] {scheduler_job.py:629} INFO - Processing file /home/airflow/.local/lib/python3.6/site-packages/airflow/example_dags/example_trigger_controller_dag.py for tasks to queue
[2026-09-23 11:41:36,875] {logging_mixin.py:104} INFO - [2026-09-23 11:41:36,875] {dagbag.py:451} INFO - Filling up the DagBag from /home/airflow/.local/lib/python3.6/site-packages/airflow/example_dags/example_trigger_controller_dag.py
[2026-09-23 11:41:36,903] {scheduler_job.py:639} INFO - DAG(s) dict_keys(['example_trigger_controller_dag']) retrieved from /home/airflow/.local/lib/python3.6/site-packages/airflow/example_dags/example_trigger_controller_dag.py
[2026-09-23 11:41:36,951] {logging_mixin.py:104} INFO - [2026-09-23 11:41:36,951] {dag.py:1824} INFO - Sync 1 DAGs
[2026-09-23 11:41:36,986] {logging_mixin.py:104} INFO - [2026-09-23 11:41:36,985] {dag.py:2280} INFO - Setting next_dagrun for example_trigger_controller_dag to 2026-09-21 00:00:00+00:00
[2026-09-23 11:41:37,016] {scheduler_job.py:190} INFO - Processing /home/airflow/.local/lib/python3.6/site-packages/airflow/example_dags/example_trigger_controller_dag.py took 0.152 seconds
[2026-09-23 11:42:07,829] {scheduler_job.py:182} INFO - Started process (PID=1064) to work on /home/airflow/.local/lib/python3.6/site-packages/airflow/example_dags/example_trigger_controller_dag.py
[2026-09-23 11:42:07,831] {scheduler_job.py:629} INFO - Processing file /home/airflow/.local/lib/python3.6/site-packages/airflow/example_dags/example_trigger_controller_dag.py for tasks to queue
[2026-09-23 11:42:07,833] {logging_mixin.py:104} INFO - [2026-09-23 11:42:07,832] {dagbag.py:451} INFO - Filling up the DagBag from /home/airflow/.local/lib/python3.6/site-packages/airflow/example_dags/example_trigger_controller_dag.py
[2026-09-23 11:42:07,850] {scheduler_job.py:639} INFO - DAG(s) dict_keys(['example_trigger_controller_dag']) retrieved from /home/airflow/.local/lib/python3.6/site-packages/airflow/example_dags/example_trigger_controller_dag.py
[2026-09-23 11:42:07,884] {logging_mixin.py:104} INFO - [2026-09-23 11:42:07,883] {dag.py:1824} INFO - Sync 1 DAGs
[2026-09-23 11:42:07,916] {logging_mixin.py:104} INFO - [2026-09-23 11:42:07,916] {dag.py:2280} INFO - Setting next_dagrun for example_trigger_controller_dag to 2026-09-21 00:00:00+00:00
[2026-09-23 11:42:07,942] {scheduler_job.py:190} INFO - Processing /home/airflow/.local/lib/python3.6/site-packages/airflow/example_dags/example_trigger_controller_dag.py took 0.122 seconds
[2026-09-23 11:42:38,035] {scheduler_job.py:182} INFO - Started process (PID=1090) to work on /home/airflow/.local/lib/python3.6/site-packages/airflow/example_dags/example_trigger_controller_dag.py
[2026-09-23 11:42:38,036] {scheduler_job.py:629} INFO - Processing file /home/airflow/.local/lib/python3.6/site-packages/airflow/example_dags/example_trigger_controller_dag.py for tasks to queue
[2026-09-23 11:42:38,037] {logging_mixin.py:104} INFO - [2026-09-23 11:42:38,037] {dagbag.py:451} INFO - Filling up the DagBag from /home/airflow/.local/lib/python3.6/site-packages/airflow/example_dags/example_trigger_controller_dag.py
[2026-09-23 11:42:38,051] {scheduler_job.py:639} INFO - DAG(s) dict_keys(['example_trigger_controller_dag']) retrieved from /home/airflow/.local/lib/python3.6/site-packages/airflow/example_dags/example_trigger_controller_dag.py
[2026-09-23 11:42:38,083] {logging_mixin.py:104} INFO - [2026-09-23 11:42:38,083] {dag.py:1824} INFO - Sync 1 DAGs
[2026-09-23 11:42:38,112] {logging_mixin.py:104} INFO - [2026-09-23 11:42:38,111] {dag.py:2280} INFO - Setting next_dagrun for example_trigger_controller_dag to 2026-09-21 00:00:00+00:00
[2026-09-23 11:42:38,130] {scheduler_job.py:190} INFO - Processing /home/airflow/.local/lib/python3.6/site-packages/airflow/example_dags/example_trigger_controller_dag.py took 0.099 seconds
[2026-09-23 11:43:08,528] {scheduler_job.py:182} INFO - Started process (PID=1116) to work on /home/airflow/.local/lib/python3.6/site-packages/airflow/example_dags/example_trigger_controller_dag.py
[2026-09-23 11:43:08,530] {scheduler_job.py:629} INFO - Processing file /home/airflow/.local/lib/python3.6/site-packages/airflow/example_dags/example_trigger_controller_dag.py for tasks to queue
[2026-09-23 11:43:08,531] {logging_mixin.py:104} INFO - [2026-09-23 11:43:08,531] {dagbag.py:451} INFO - Filling up the DagBag from /home/airflow/.local/lib/python3.6/site-packages/airflow/example_dags/example_trigger_controller_dag.py
[2026-09-23 11:43:08,550] {scheduler_job.py:639} INFO - DAG(s) dict_keys(['example_trigger_controller_dag']) retrieved from /home/airflow/.local/lib/python3.6/site-packages/airflow/example_dags/example_trigger_controller_dag.py
[2026-09-23 11:43:08,592] {logging_mixin.py:104} INFO - [2026-09-23 11:43:08,592] {dag.py:1824} INFO - Sync 1 DAGs
[2026-09-23 11:43:08,622] {logging_mixin.py:104} INFO - [2026-09-23 11:43:08,622] {dag.py:2280} INFO - Setting next_dagrun for example_trigger_controller_dag to 2026-09-21 00:00:00+00:00
[2026-09-23 11:43:08,641] {scheduler_job.py:190} INFO - Processing /home/airflow/.local/lib/python3.6/site-packages/airflow/example_dags/example_trigger_controller_dag.py took 0.121 seconds
[2026-09-23 11:43:38,706] {scheduler_job.py:182} INFO - Started process (PID=1142) to work on /home/airflow/.local/lib/python3.6/site-packages/airflow/example_dags/example_trigger_controller_dag.py
[2026-09-23 11:43:38,707] {scheduler_job.py:629} INFO - Processing file /home/airflow/.local/lib/python3.6/site-packages/airflow/example_dags/example_trigger_controller_dag.py for tasks to queue
[2026-09-23 11:43:38,708] {logging_mixin.py:104} INFO - [2026-09-23 11:43:38,708] {dagbag.py:451} INFO - Filling up the DagBag from /home/airflow/.local/lib/python3.6/site-packages/airflow/example_dags/example_trigger_controller_dag.py
[2026-09-23 11:43:38,724] {scheduler_job.py:639} INFO - DAG(s) dict_keys(['example_trigger_controller_dag']) retrieved from /home/airflow/.local/lib/python3.6/site-packages/airflow/example_dags/example_trigger_controller_dag.py
[2026-09-23 11:43:38,758] {logging_mixin.py:104} INFO - [2026-09-23 11:43:38,758] {dag.py:1824} INFO - Sync 1 DAGs
[2026-09-23 11:43:38,788] {logging_mixin.py:104} INFO - [2026-09-23 11:43:38,788] {dag.py:2280} INFO - Setting next_dagrun for example_trigger_controller_dag to 2026-09-21 00:00:00+00:00
[2026-09-23 11:43:38,816] {scheduler_job.py:190} INFO - Processing /home/airflow/.local/lib/python3.6/site-packages/airflow/example_dags/example_trigger_controller_dag.py took 0.116 seconds
[2026-09-23 11:44:09,813] {scheduler_job.py:182} INFO - Started process (PID=1168) to work on /home/airflow/.local/lib/python3.6/site-packages/airflow/example_dags/example_trigger_controller_dag.py
[2026-09-23 11:44:09,816] {scheduler_job.py:629} INFO - Processing file /home/airflow/.local/lib/python3.6/site-packages/airflow/example_dags/example_trigger_controller_dag.py for tasks to queue
[2026-09-23 11:44:09,818] {logging_mixin.py:104} INFO - [2026-09-23 11:44:09,817] {dagbag.py:451} INFO - Filling up the DagBag from /home/airflow/.local/lib/python3.6/site-packages/airflow/example_dags/example_trigger_controller_dag.py
[2026-09-23 11:44:09,835] {scheduler_job.py:639} INFO - DAG(s) dict_keys(['example_trigger_controller_dag']) retrieved from /home/airflow/.local/lib/python3.6/site-packages/airflow/example_dags/example_trigger_controller_dag.py
[2026-09-23 11:44:09,876] {logging_mixin.py:104} INFO - [2026-09-23 11:44:09,876] {dag.py:1824} INFO - Sync 1 DAGs
[2026-09-23 11:44:09,907] {logging_mixin.py:104} INFO - [2026-09-23 11:44:09,906] {dag.py:2280} INFO - Setting next_dagrun for example_trigger_controller_dag to 2026-09-21 00:00:00+00:00
[2026-09-23 11:44:09,934] {scheduler_job.py:190} INFO - Processing /home/airflow/.local/lib/python3.6/site-packages/airflow/example_dags/example_trigger_controller_dag.py took 0.127 seconds
[2026-09-23 11:44:40,198] {scheduler_job.py:182} INFO - Started process (PID=1194) to work on /home/airflow/.local/lib/python3.6/site-packages/airflow/example_dags/example_trigger_controller_dag.py
[2026-09-23 11:44:40,204] {scheduler_job.py:629} INFO - Processing file /home/airflow/.local/lib/python3.6/site-packages/airflow/example_dags/example_trigger_controller_dag.py for tasks to queue
[2026-09-23 11:44:40,205] {logging_mixin.py:104} INFO - [2026-09-23 11:44:40,205] {dagbag.py:451} INFO - Filling up the DagBag from /home/airflow/.local/lib/python3.6/site-packages/airflow/example_dags/example_trigger_controller_dag.py
[2026-09-23 11:44:40,225] {scheduler_job.py:639} INFO - DAG(s) dict_keys(['example_trigger_controller_dag']) retrieved from /home/airflow/.local/lib/python3.6/site-packages/airflow/example_dags/example_trigger_controller_dag.py
[2026-09-23 11:44:40,261] {logging_mixin.py:104} INFO - [2026-09-23 11:44:40,261] {dag.py:1824} INFO - Sync 1 DAGs
[2026-09-23 11:44:40,289] {logging_mixin.py:104} INFO - [2026-09-23 11:44:40,289] {dag.py:2280} INFO - Setting next_dagrun for example_trigger_controller_dag to 2026-09-21 00:00:00+00:00
[2026-09-23 11:44:40,307] {scheduler_job.py:190} INFO - Processing /home/airflow/.local/lib/python3.6/site-packages/airflow/example_dags/example_trigger_controller_dag.py took 0.114 seconds
[2026-09-23 11:45:10,409] {scheduler_job.py:182} INFO - Started process (PID=1220) to work on /home/airflow/.local/lib/python3.6/site-packages/airflow/example_dags/example_trigger_controller_dag.py
[2026-09-23 11:45:10,410] {scheduler_job.py:629} INFO - Processing file /home/airflow/.local/lib/python3.6/site-packages/airflow/example_dags/example_trigger_controller_dag.py for tasks to queue
[2026-09-23 11:45:10,412] {logging_mixin.py:104} INFO - [2026-09-23 11:45:10,412] {dagbag.py:451} INFO - Filling up the DagBag from /home/airflow/.local/lib/python3.6/site-packages/airflow/example_dags/example_trigger_controller_dag.py
[2026-09-23 11:45:10,428] {scheduler_job.py:639} INFO - DAG(s) dict_keys(['example_trigger_controller_dag']) retrieved from /home/airflow/.local/lib/python3.6/site-packages/airflow/example_dags/example_trigger_controller_dag.py
[2026-09-23 11:45:10,456] {logging_mixin.py:104} INFO - [2026-09-23 11:45:10,456] {dag.py:1824} INFO - Sync 1 DAGs
[2026-09-23 11:45:10,480] {logging_mixin.py:104} INFO - [2026-09-23 11:45:10,479] {dag.py:2280} INFO - Setting next_dagrun for example_trigger_controller_dag to 2026-09-21 00:00:00+00:00
[2026-09-23 11:45:10,502] {scheduler_job.py:190} INFO - Processing /home/airflow/.local/lib/python3.6/site-packages/airflow/example_dags/example_trigger_controller_dag.py took 0.098 seconds
[2026-09-23 11:45:40,618] {scheduler_job.py:182} INFO - Started process (PID=1246) to work on /home/airflow/.local/lib/python3.6/site-packages/airflow/example_dags/example_trigger_controller_dag.py
[2026-09-23 11:45:40,620] {scheduler_job.py:629} INFO - Processing file /home/airflow/.local/lib/python3.6/site-packages/airflow/example_dags/example_trigger_controller_dag.py for tasks to queue
[2026-09-23 11:45:40,621] {logging_mixin.py:104} INFO - [2026-09-23 11:45:40,620] {dagbag.py:451} INFO - Filling up the DagBag from /home/airflow/.local/lib/python3.6/site-packages/airflow/example_dags/example_trigger_controller_dag.py
[2026-09-23 11:45:40,635] {scheduler_job.py:639} INFO - DAG(s) dict_keys(['example_trigger_controller_dag']) retrieved from /home/airflow/.local/lib/python3.6/site-packages/airflow/example_dags/example_trigger_controller_dag.py
[2026-09-23 11:45:40,672] {logging_mixin.py:104} INFO - [2026-09-23 11:45:40,672] {dag.py:1824} INFO - Sync 1 DAGs
[2026-09-23 11:45:40,702] {logging_mixin.py:104} INFO - [2026-09-23 11:45:40,702] {dag.py:2280} INFO - Setting next_dagrun for example_trigger_controller_dag to 2026-09-21 00:00:00+00:00
[2026-09-23 11:45:40,726] {scheduler_job.py:190} INFO - Processing /home/airflow/.local/lib/python3.6/site-packages/airflow/example_dags/example_trigger_controller_dag.py took 0.111 seconds
[2026-09-23 11:46:10,910] {scheduler_job.py:182} INFO - Started process (PID=1273) to work on /home/airflow/.local/lib/python3.6/site-packages/airflow/example_dags/example_trigger_controller_dag.py
[2026-09-23 11:46:10,912] {scheduler_job.py:629} INFO - Processing file /home/airflow/.local/lib/python3.6/site-packages/airflow/example_dags/example_trigger_controller_dag.py for tasks to queue
[2026-09-23 11:46:10,914] {logging_mixin.py:104} INFO - [2026-09-23 11:46:10,914] {dagbag.py:451} INFO - Filling up the DagBag from /home/airflow/.local/lib/python3.6/site-packages/airflow/example_dags/example_trigger_controller_dag.py
[2026-09-23 11:46:10,935] {scheduler_job.py:639} INFO - DAG(s) dict_keys(['example_trigger_controller_dag']) retrieved from /home/airflow/.local/lib/python3.6/site-packages/airflow/example_dags/example_trigger_controller_dag.py
[2026-09-23 11:46:10,969] {logging_mixin.py:104} INFO - [2026-09-23 11:46:10,969] {dag.py:1824} INFO - Sync 1 DAGs
[2026-09-23 11:46:10,993] {logging_mixin.py:104} INFO - [2026-09-23 11:46:10,993] {dag.py:2280} INFO - Setting next_dagrun for example_trigger_controller_dag to 2026-09-21 00:00:00+00:00
[2026-09-23 11:46:11,007] {scheduler_job.py:190} INFO - Processing /home/airflow/.local/lib/python3.6/site-packages/airflow/example_dags/example_trigger_controller_dag.py took 0.103 seconds
[2026-09-23 11:46:41,269] {scheduler_job.py:182} INFO - Started process (PID=1293) to work on /home/airflow/.local/lib/python3.6/site-packages/airflow/example_dags/example_trigger_controller_dag.py
[2026-09-23 11:46:41,274] {scheduler_job.py:629} INFO - Processing file /home/airflow/.local/lib/python3.6/site-packages/airflow/example_dags/example_trigger_controller_dag.py for tasks to queue
[2026-09-23 11:46:41,275] {logging_mixin.py:104} INFO - [2026-09-23 11:46:41,275] {dagbag.py:451} INFO - Filling up the DagBag from /home/airflow/.local/lib/python3.6/site-packages/airflow/example_dags/example_trigger_controller_dag.py
[2026-09-23 11:46:41,312] {scheduler_job.py:639} INFO - DAG(s) dict_keys(['example_trigger_controller_dag']) retrieved from /home/airflow/.local/lib/python3.6/site-packages/airflow/example_dags/example_trigger_controller_dag.py
[2026-09-23 11:46:41,374] {logging_mixin.py:104} INFO - [2026-09-23 11:46:41,374] {dag.py:1824} INFO - Sync 1 DAGs
[2026-09-23 11:46:41,420] {logging_mixin.py:104} INFO - [2026-09-23 11:46:41,420] {dag.py:2280} INFO - Setting next_dagrun for example_trigger_controller_dag to 2026-09-21 00:00:00+00:00
[2026-09-23 11:46:41,450] {scheduler_job.py:190} INFO - Processing /home/airflow/.local/lib/python3.6/site-packages/airflow/example_dags/example_trigger_controller_dag.py took 0.196 seconds
[2026-09-23 11:47:12,318] {scheduler_job.py:182} INFO - Started process (PID=1319) to work on /home/airflow/.local/lib/python3.6/site-packages/airflow/example_dags/example_trigger_controller_dag.py
[2026-09-23 11:47:12,320] {scheduler_job.py:629} INFO - Processing file /home/airflow/.local/lib/python3.6/site-packages/airflow/example_dags/example_trigger_controller_dag.py for tasks to queue
[2026-09-23 11:47:12,321] {logging_mixin.py:104} INFO - [2026-09-23 11:47:12,321] {dagbag.py:451} INFO - Filling up the DagBag from /home/airflow/.local/lib/python3.6/site-packages/airflow/example_dags/example_trigger_controller_dag.py
[2026-09-23 11:47:12,340] {scheduler_job.py:639} INFO - DAG(s) dict_keys(['example_trigger_controller_dag']) retrieved from /home/airflow/.local/lib/python3.6/site-packages/airflow/example_dags/example_trigger_controller_dag.py
[2026-09-23 11:47:12,376] {logging_mixin.py:104} INFO - [2026-09-23 11:47:12,376] {dag.py:1824} INFO - Sync 1 DAGs
[2026-09-23 11:47:12,413] {logging_mixin.py:104} INFO - [2026-09-23 11:47:12,413] {dag.py:2280} INFO - Setting next_dagrun for example_trigger_controller_dag to 2026-09-21 00:00:00+00:00
[2026-09-23 11:47:12,437] {scheduler_job.py:190} INFO - Processing /home/airflow/.local/lib/python3.6/site-packages/airflow/example_dags/example_trigger_controller_dag.py took 0.125 seconds
[2026-09-23 11:47:42,710] {scheduler_job.py:182} INFO - Started process (PID=1346) to work on /home/airflow/.local/lib/python3.6/site-packages/airflow/example_dags/example_trigger_controller_dag.py
[2026-09-23 11:47:42,712] {scheduler_job.py:629} INFO - Processing file /home/airflow/.local/lib/python3.6/site-packages/airflow/example_dags/example_trigger_controller_dag.py for tasks to queue
[2026-09-23 11:47:42,714] {logging_mixin.py:104} INFO - [2026-09-23 11:47:42,713] {dagbag.py:451} INFO - Filling up the DagBag from /home/airflow/.local/lib/python3.6/site-packages/airflow/example_dags/example_trigger_controller_dag.py
[2026-09-23 11:47:42,736] {scheduler_job.py:639} INFO - DAG(s) dict_keys(['example_trigger_controller_dag']) retrieved from /home/airflow/.local/lib/python3.6/site-packages/airflow/example_dags/example_trigger_controller_dag.py
[2026-09-23 11:47:42,775] {logging_mixin.py:104} INFO - [2026-09-23 11:47:42,775] {dag.py:1824} INFO - Sync 1 DAGs
[2026-09-23 11:47:42,808] {logging_mixin.py:104} INFO - [2026-09-23 11:47:42,808] {dag.py:2280} INFO - Setting next_dagrun for example_trigger_controller_dag to 2026-09-21 00:00:00+00:00
[2026-09-23 11:47:42,847] {scheduler_job.py:190} INFO - Processing /home/airflow/.local/lib/python3.6/site-packages/airflow/example_dags/example_trigger_controller_dag.py took 0.139 seconds
[2026-09-23 11:48:13,268] {scheduler_job.py:182} INFO - Started process (PID=1369) to work on /home/airflow/.local/lib/python3.6/site-packages/airflow/example_dags/example_trigger_controller_dag.py
[2026-09-23 11:48:13,270] {scheduler_job.py:629} INFO - Processing file /home/airflow/.local/lib/python3.6/site-packages/airflow/example_dags/example_trigger_controller_dag.py for tasks to queue
[2026-09-23 11:48:13,270] {logging_mixin.py:104} INFO - [2026-09-23 11:48:13,270] {dagbag.py:451} INFO - Filling up the DagBag from /home/airflow/.local/lib/python3.6/site-packages/airflow/example_dags/example_trigger_controller_dag.py
[2026-09-23 11:48:13,285] {scheduler_job.py:639} INFO - DAG(s) dict_keys(['example_trigger_controller_dag']) retrieved from /home/airflow/.local/lib/python3.6/site-packages/airflow/example_dags/example_trigger_controller_dag.py
[2026-09-23 11:48:13,314] {logging_mixin.py:104} INFO - [2026-09-23 11:48:13,314] {dag.py:1824} INFO - Sync 1 DAGs
[2026-09-23 11:48:13,335] {logging_mixin.py:104} INFO - [2026-09-23 11:48:13,335] {dag.py:2280} INFO - Setting next_dagrun for example_trigger_controller_dag to 2026-09-21 00:00:00+00:00
[2026-09-23 11:48:13,350] {scheduler_job.py:190} INFO - Processing /home/airflow/.local/lib/python3.6/site-packages/airflow/example_dags/example_trigger_controller_dag.py took 0.085 seconds
[2026-09-23 11:48:43,726] {scheduler_job.py:182} INFO - Started process (PID=1392) to work on /home/airflow/.local/lib/python3.6/site-packages/airflow/example_dags/example_trigger_controller_dag.py
[2026-09-23 11:48:43,727] {scheduler_job.py:629} INFO - Processing file /home/airflow/.local/lib/python3.6/site-packages/airflow/example_dags/example_trigger_controller_dag.py for tasks to queue
[2026-09-23 11:48:43,728] {logging_mixin.py:104} INFO - [2026-09-23 11:48:43,728] {dagbag.py:451} INFO - Filling up the DagBag from /home/airflow/.local/lib/python3.6/site-packages/airflow/example_dags/example_trigger_controller_dag.py
[2026-09-23 11:48:43,741] {scheduler_job.py:639} INFO - DAG(s) dict_keys(['example_trigger_controller_dag']) retrieved from /home/airflow/.local/lib/python3.6/site-packages/airflow/example_dags/example_trigger_controller_dag.py
[2026-09-23 11:48:43,764] {logging_mixin.py:104} INFO - [2026-09-23 11:48:43,764] {dag.py:1824} INFO - Sync 1 DAGs
[2026-09-23 11:48:43,782] {logging_mixin.py:104} INFO - [2026-09-23 11:48:43,782] {dag.py:2280} INFO - Setting next_dagrun for example_trigger_controller_dag to 2026-09-21 00:00:00+00:00
[2026-09-23 11:48:43,797] {scheduler_job.py:190} INFO - Processing /home/airflow/.local/lib/python3.6/site-packages/airflow/example_dags/example_trigger_controller_dag.py took 0.075 seconds
[2026-09-23 11:49:13,950] {scheduler_job.py:182} INFO - Started process (PID=1419) to work on /home/airflow/.local/lib/python3.6/site-packages/airflow/example_dags/example_trigger_controller_dag.py
[2026-09-23 11:49:13,953] {scheduler_job.py:629} INFO - Processing file /home/airflow/.local/lib/python3.6/site-packages/airflow/example_dags/example_trigger_controller_dag.py for tasks to queue
[2026-09-23 11:49:13,959] {logging_mixin.py:104} INFO - [2026-09-23 11:49:13,954] {dagbag.py:451} INFO - Filling up the DagBag from /home/airflow/.local/lib/python3.6/site-packages/airflow/example_dags/example_trigger_controller_dag.py
[2026-09-23 11:49:14,001] {scheduler_job.py:639} INFO - DAG(s) dict_keys(['example_trigger_controller_dag']) retrieved from /home/airflow/.local/lib/python3.6/site-packages/airflow/example_dags/example_trigger_controller_dag.py
[2026-09-23 11:49:14,044] {logging_mixin.py:104} INFO - [2026-09-23 11:49:14,043] {dag.py:1824} INFO - Sync 1 DAGs
[2026-09-23 11:49:14,110] {logging_mixin.py:104} INFO - [2026-09-23 11:49:14,110] {dag.py:2280} INFO - Setting next_dagrun for example_trigger_controller_dag to 2026-09-21 00:00:00+00:00
[2026-09-23 11:49:14,142] {scheduler_job.py:190} INFO - Processing /home/airflow/.local/lib/python3.6/site-packages/airflow/example_dags/example_trigger_controller_dag.py took 0.203 seconds
[2026-09-23 11:49:44,449] {scheduler_job.py:182} INFO - Started process (PID=1445) to work on /home/airflow/.local/lib/python3.6/site-packages/airflow/example_dags/example_trigger_controller_dag.py
[2026-09-23 11:49:44,450] {scheduler_job.py:629} INFO - Processing file /home/airflow/.local/lib/python3.6/site-packages/airflow/example_dags/example_trigger_controller_dag.py for tasks to queue
[2026-09-23 11:49:44,451] {logging_mixin.py:104} INFO - [2026-09-23 11:49:44,451] {dagbag.py:451} INFO - Filling up the DagBag from /home/airflow/.local/lib/python3.6/site-packages/airflow/example_dags/example_trigger_controller_dag.py
[2026-09-23 11:49:44,468] {scheduler_job.py:639} INFO - DAG(s) dict_keys(['example_trigger_controller_dag']) retrieved from /home/airflow/.local/lib/python3.6/site-packages/airflow/example_dags/example_trigger_controller_dag.py
[2026-09-23 11:49:44,500] {logging_mixin.py:104} INFO - [2026-09-23 11:49:44,500] {dag.py:1824} INFO - Sync 1 DAGs
[2026-09-23 11:49:44,524] {logging_mixin.py:104} INFO - [2026-09-23 11:49:44,524] {dag.py:2280} INFO - Setting next_dagrun for example_trigger_controller_dag to 2026-09-21 00:00:00+00:00
[2026-09-23 11:49:44,537] {scheduler_job.py:190} INFO - Processing /home/airflow/.local/lib/python3.6/site-packages/airflow/example_dags/example_trigger_controller_dag.py took 0.092 seconds
[2026-09-23 11:50:14,841] {scheduler_job.py:182} INFO - Started process (PID=1465) to work on /home/airflow/.local/lib/python3.6/site-packages/airflow/example_dags/example_trigger_controller_dag.py
[2026-09-23 11:50:14,843] {scheduler_job.py:629} INFO - Processing file /home/airflow/.local/lib/python3.6/site-packages/airflow/example_dags/example_trigger_controller_dag.py for tasks to queue
[2026-09-23 11:50:14,843] {logging_mixin.py:104} INFO - [2026-09-23 11:50:14,843] {dagbag.py:451} INFO - Filling up the DagBag from /home/airflow/.local/lib/python3.6/site-packages/airflow/example_dags/example_trigger_controller_dag.py
[2026-09-23 11:50:14,861] {scheduler_job.py:639} INFO - DAG(s) dict_keys(['example_trigger_controller_dag']) retrieved from /home/airflow/.local/lib/python3.6/site-packages/airflow/example_dags/example_trigger_controller_dag.py
[2026-09-23 11:50:14,889] {logging_mixin.py:104} INFO - [2026-09-23 11:50:14,889] {dag.py:1824} INFO - Sync 1 DAGs
[2026-09-23 11:50:14,916] {logging_mixin.py:104} INFO - [2026-09-23 11:50:14,916] {dag.py:2280} INFO - Setting next_dagrun for example_trigger_controller_dag to 2026-09-21 00:00:00+00:00
[2026-09-23 11:50:14,934] {scheduler_job.py:190} INFO - Processing /home/airflow/.local/lib/python3.6/site-packages/airflow/example_dags/example_trigger_controller_dag.py took 0.098 seconds
[2026-09-23 11:50:45,721] {scheduler_job.py:182} INFO - Started process (PID=1491) to work on /home/airflow/.local/lib/python3.6/site-packages/airflow/example_dags/example_trigger_controller_dag.py
[2026-09-23 11:50:45,722] {scheduler_job.py:629} INFO - Processing file /home/airflow/.local/lib/python3.6/site-packages/airflow/example_dags/example_trigger_controller_dag.py for tasks to queue
[2026-09-23 11:50:45,723] {logging_mixin.py:104} INFO - [2026-09-23 11:50:45,723] {dagbag.py:451} INFO - Filling up the DagBag from /home/airflow/.local/lib/python3.6/site-packages/airflow/example_dags/example_trigger_controller_dag.py
[2026-09-23 11:50:45,738] {scheduler_job.py:639} INFO - DAG(s) dict_keys(['example_trigger_controller_dag']) retrieved from /home/airflow/.local/lib/python3.6/site-packages/airflow/example_dags/example_trigger_controller_dag.py
[2026-09-23 11:50:45,767] {logging_mixin.py:104} INFO - [2026-09-23 11:50:45,767] {dag.py:1824} INFO - Sync 1 DAGs
[2026-09-23 11:50:45,788] {logging_mixin.py:104} INFO - [2026-09-23 11:50:45,788] {dag.py:2280} INFO - Setting next_dagrun for example_trigger_controller_dag to 2026-09-21 00:00:00+00:00
[2026-09-23 11:50:45,807] {scheduler_job.py:190} INFO - Processing /home/airflow/.local/lib/python3.6/site-packages/airflow/example_dags/example_trigger_controller_dag.py took 0.091 seconds
[2026-09-23 11:51:16,316] {scheduler_job.py:182} INFO - Started process (PID=1517) to work on /home/airflow/.local/lib/python3.6/site-packages/airflow/example_dags/example_trigger_controller_dag.py
[2026-09-23 11:51:16,319] {scheduler_job.py:629} INFO - Processing file /home/airflow/.local/lib/python3.6/site-packages/airflow/example_dags/example_trigger_controller_dag.py for tasks to queue
[2026-09-23 11:51:16,320] {logging_mixin.py:104} INFO - [2026-09-23 11:51:16,320] {dagbag.py:451} INFO - Filling up the DagBag from /home/airflow/.local/lib/python3.6/site-packages/airflow/example_dags/example_trigger_controller_dag.py
[2026-09-23 11:51:16,342] {scheduler_job.py:639} INFO - DAG(s) dict_keys(['example_trigger_controller_dag']) retrieved from /home/airflow/.local/lib/python3.6/site-packages/airflow/example_dags/example_trigger_controller_dag.py
[2026-09-23 11:51:16,380] {logging_mixin.py:104} INFO - [2026-09-23 11:51:16,380] {dag.py:1824} INFO - Sync 1 DAGs
[2026-09-23 11:51:16,408] {logging_mixin.py:104} INFO - [2026-09-23 11:51:16,408] {dag.py:2280} INFO - Setting next_dagrun for example_trigger_controller_dag to 2026-09-21 00:00:00+00:00
[2026-09-23 11:51:16,429] {scheduler_job.py:190} INFO - Processing /home/airflow/.local/lib/python3.6/site-packages/airflow/example_dags/example_trigger_controller_dag.py took 0.118 seconds
[2026-09-23 11:51:46,453] {scheduler_job.py:182} INFO - Started process (PID=1543) to work on /home/airflow/.local/lib/python3.6/site-packages/airflow/example_dags/example_trigger_controller_dag.py
[2026-09-23 11:51:46,455] {scheduler_job.py:629} INFO - Processing file /home/airflow/.local/lib/python3.6/site-packages/airflow/example_dags/example_trigger_controller_dag.py for tasks to queue
[2026-09-23 11:51:46,456] {logging_mixin.py:104} INFO - [2026-09-23 11:51:46,455] {dagbag.py:451} INFO - Filling up the DagBag from /home/airflow/.local/lib/python3.6/site-packages/airflow/example_dags/example_trigger_controller_dag.py
[2026-09-23 11:51:46,472] {scheduler_job.py:639} INFO - DAG(s) dict_keys(['example_trigger_controller_dag']) retrieved from /home/airflow/.local/lib/python3.6/site-packages/airflow/example_dags/example_trigger_controller_dag.py
[2026-09-23 11:51:46,509] {logging_mixin.py:104} INFO - [2026-09-23 11:51:46,509] {dag.py:1824} INFO - Sync 1 DAGs
[2026-09-23 11:51:46,540] {logging_mixin.py:104} INFO - [2026-09-23 11:51:46,540] {dag.py:2280} INFO - Setting next_dagrun for example_trigger_controller_dag to 2026-09-21 00:00:00+00:00
[2026-09-23 11:51:46,561] {scheduler_job.py:190} INFO - Processing /home/airflow/.local/lib/python3.6/site-packages/airflow/example_dags/example_trigger_controller_dag.py took 0.112 seconds
[2026-09-23 11:52:17,326] {scheduler_job.py:182} INFO - Started process (PID=1569) to work on /home/airflow/.local/lib/python3.6/site-packages/airflow/example_dags/example_trigger_controller_dag.py
[2026-09-23 11:52:17,329] {scheduler_job.py:629} INFO - Processing file /home/airflow/.local/lib/python3.6/site-packages/airflow/example_dags/example_trigger_controller_dag.py for tasks to queue
[2026-09-23 11:52:17,330] {logging_mixin.py:104} INFO - [2026-09-23 11:52:17,330] {dagbag.py:451} INFO - Filling up the DagBag from /home/airflow/.local/lib/python3.6/site-packages/airflow/example_dags/example_trigger_controller_dag.py
[2026-09-23 11:52:17,349] {scheduler_job.py:639} INFO - DAG(s) dict_keys(['example_trigger_controller_dag']) retrieved from /home/airflow/.local/lib/python3.6/site-packages/airflow/example_dags/example_trigger_controller_dag.py
[2026-09-23 11:52:17,386] {logging_mixin.py:104} INFO - [2026-09-23 11:52:17,385] {dag.py:1824} INFO - Sync 1 DAGs
[2026-09-23 11:52:17,420] {logging_mixin.py:104} INFO - [2026-09-23 11:52:17,420] {dag.py:2280} INFO - Setting next_dagrun for example_trigger_controller_dag to 2026-09-21 00:00:00+00:00
[2026-09-23 11:52:17,443] {scheduler_job.py:190} INFO - Processing /home/airflow/.local/lib/python3.6/site-packages/airflow/example_dags/example_trigger_controller_dag.py took 0.123 seconds
[2026-09-23 11:52:47,695] {scheduler_job.py:182} INFO - Started process (PID=1595) to work on /home/airflow/.local/lib/python3.6/site-packages/airflow/example_dags/example_trigger_controller_dag.py
[2026-09-23 11:52:47,697] {scheduler_job.py:629} INFO - Processing file /home/airflow/.local/lib/python3.6/site-packages/airflow/example_dags/example_trigger_controller_dag.py for tasks to queue
[2026-09-23 11:52:47,699] {logging_mixin.py:104} INFO - [2026-09-23 11:52:47,698] {dagbag.py:451} INFO - Filling up the DagBag from /home/airflow/.local/lib/python3.6/site-packages/airflow/example_dags/example_trigger_controller_dag.py
[2026-09-23 11:52:47,723] {scheduler_job.py:639} INFO - DAG(s) dict_keys(['example_trigger_controller_dag']) retrieved from /home/airflow/.local/lib/python3.6/site-packages/airflow/example_dags/example_trigger_controller_dag.py
[2026-09-23 11:52:47,759] {logging_mixin.py:104} INFO - [2026-09-23 11:52:47,758] {dag.py:1824} INFO - Sync 1 DAGs
[2026-09-23 11:52:47,790] {logging_mixin.py:104} INFO - [2026-09-23 11:52:47,790] {dag.py:2280} INFO - Setting next_dagrun for example_trigger_controller_dag to 2026-09-21 00:00:00+00:00
[2026-09-23 11:52:47,816] {scheduler_job.py:190} INFO - Processing /home/airflow/.local/lib/python3.6/site-packages/airflow/example_dags/example_trigger_controller_dag.py took 0.129 seconds
[2026-09-23 11:53:17,881] {scheduler_job.py:182} INFO - Started process (PID=1621) to work on /home/airflow/.local/lib/python3.6/site-packages/airflow/example_dags/example_trigger_controller_dag.py
[2026-09-23 11:53:17,883] {scheduler_job.py:629} INFO - Processing file /home/airflow/.local/lib/python3.6/site-packages/airflow/example_dags/example_trigger_controller_dag.py for tasks to queue
[2026-09-23 11:53:17,884] {logging_mixin.py:104} INFO - [2026-09-23 11:53:17,884] {dagbag.py:451} INFO - Filling up the DagBag from /home/airflow/.local/lib/python3.6/site-packages/airflow/example_dags/example_trigger_controller_dag.py
[2026-09-23 11:53:17,902] {scheduler_job.py:639} INFO - DAG(s) dict_keys(['example_trigger_controller_dag']) retrieved from /home/airflow/.local/lib/python3.6/site-packages/airflow/example_dags/example_trigger_controller_dag.py
[2026-09-23 11:53:17,937] {logging_mixin.py:104} INFO - [2026-09-23 11:53:17,937] {dag.py:1824} INFO - Sync 1 DAGs
[2026-09-23 11:53:17,962] {logging_mixin.py:104} INFO - [2026-09-23 11:53:17,962] {dag.py:2280} INFO - Setting next_dagrun for example_trigger_controller_dag to 2026-09-21 00:00:00+00:00
[2026-09-23 11:53:17,982] {scheduler_job.py:190} INFO - Processing /home/airflow/.local/lib/python3.6/site-packages/airflow/example_dags/example_trigger_controller_dag.py took 0.106 seconds
[2026-09-23 11:53:48,108] {scheduler_job.py:182} INFO - Started process (PID=1647) to work on /home/airflow/.local/lib/python3.6/site-packages/airflow/example_dags/example_trigger_controller_dag.py
[2026-09-23 11:53:48,113] {scheduler_job.py:629} INFO - Processing file /home/airflow/.local/lib/python3.6/site-packages/airflow/example_dags/example_trigger_controller_dag.py for tasks to queue
[2026-09-23 11:53:48,114] {logging_mixin.py:104} INFO - [2026-09-23 11:53:48,114] {dagbag.py:451} INFO - Filling up the DagBag from /home/airflow/.local/lib/python3.6/site-packages/airflow/example_dags/example_trigger_controller_dag.py
[2026-09-23 11:53:48,137] {scheduler_job.py:639} INFO - DAG(s) dict_keys(['example_trigger_controller_dag']) retrieved from /home/airflow/.local/lib/python3.6/site-packages/airflow/example_dags/example_trigger_controller_dag.py
[2026-09-23 11:53:48,176] {logging_mixin.py:104} INFO - [2026-09-23 11:53:48,176] {dag.py:1824} INFO - Sync 1 DAGs
[2026-09-23 11:53:48,200] {logging_mixin.py:104} INFO - [2026-09-23 11:53:48,200] {dag.py:2280} INFO - Setting next_dagrun for example_trigger_controller_dag to 2026-09-21 00:00:00+00:00
[2026-09-23 11:53:48,215] {scheduler_job.py:190} INFO - Processing /home/airflow/.local/lib/python3.6/site-packages/airflow/example_dags/example_trigger_controller_dag.py took 0.116 seconds
[2026-09-23 11:54:18,960] {scheduler_job.py:182} INFO - Started process (PID=1673) to work on /home/airflow/.local/lib/python3.6/site-packages/airflow/example_dags/example_trigger_controller_dag.py
[2026-09-23 11:54:18,961] {scheduler_job.py:629} INFO - Processing file /home/airflow/.local/lib/python3.6/site-packages/airflow/example_dags/example_trigger_controller_dag.py for tasks to queue
[2026-09-23 11:54:18,963] {logging_mixin.py:104} INFO - [2026-09-23 11:54:18,962] {dagbag.py:451} INFO - Filling up the DagBag from /home/airflow/.local/lib/python3.6/site-packages/airflow/example_dags/example_trigger_controller_dag.py
[2026-09-23 11:54:18,975] {scheduler_job.py:639} INFO - DAG(s) dict_keys(['example_trigger_controller_dag']) retrieved from /home/airflow/.local/lib/python3.6/site-packages/airflow/example_dags/example_trigger_controller_dag.py
[2026-09-23 11:54:19,010] {logging_mixin.py:104} INFO - [2026-09-23 11:54:19,010] {dag.py:1824} INFO - Sync 1 DAGs
[2026-09-23 11:54:19,041] {logging_mixin.py:104} INFO - [2026-09-23 11:54:19,041] {dag.py:2280} INFO - Setting next_dagrun for example_trigger_controller_dag to 2026-09-21 00:00:00+00:00
[2026-09-23 11:54:19,064] {scheduler_job.py:190} INFO - Processing /home/airflow/.local/lib/python3.6/site-packages/airflow/example_dags/example_trigger_controller_dag.py took 0.108 seconds
[2026-09-23 11:54:49,130] {scheduler_job.py:182} INFO - Started process (PID=1699) to work on /home/airflow/.local/lib/python3.6/site-packages/airflow/example_dags/example_trigger_controller_dag.py
[2026-09-23 11:54:49,131] {scheduler_job.py:629} INFO - Processing file /home/airflow/.local/lib/python3.6/site-packages/airflow/example_dags/example_trigger_controller_dag.py for tasks to queue
[2026-09-23 11:54:49,132] {logging_mixin.py:104} INFO - [2026-09-23 11:54:49,132] {dagbag.py:451} INFO - Filling up the DagBag from /home/airflow/.local/lib/python3.6/site-packages/airflow/example_dags/example_trigger_controller_dag.py
[2026-09-23 11:54:49,147] {scheduler_job.py:639} INFO - DAG(s) dict_keys(['example_trigger_controller_dag']) retrieved from /home/airflow/.local/lib/python3.6/site-packages/airflow/example_dags/example_trigger_controller_dag.py
[2026-09-23 11:54:49,186] {logging_mixin.py:104} INFO - [2026-09-23 11:54:49,186] {dag.py:1824} INFO - Sync 1 DAGs
[2026-09-23 11:54:49,218] {logging_mixin.py:104} INFO - [2026-09-23 11:54:49,217] {dag.py:2280} INFO - Setting next_dagrun for example_trigger_controller_dag to 2026-09-21 00:00:00+00:00
[2026-09-23 11:54:49,243] {scheduler_job.py:190} INFO - Processing /home/airflow/.local/lib/python3.6/site-packages/airflow/example_dags/example_trigger_controller_dag.py took 0.118 seconds
[2026-09-23 11:55:19,307] {scheduler_job.py:182} INFO - Started process (PID=1725) to work on /home/airflow/.local/lib/python3.6/site-packages/airflow/example_dags/example_trigger_controller_dag.py
[2026-09-23 11:55:19,308] {scheduler_job.py:629} INFO - Processing file /home/airflow/.local/lib/python3.6/site-packages/airflow/example_dags/example_trigger_controller_dag.py for tasks to queue
[2026-09-23 11:55:19,309] {logging_mixin.py:104} INFO - [2026-09-23 11:55:19,309] {dagbag.py:451} INFO - Filling up the DagBag from /home/airflow/.local/lib/python3.6/site-packages/airflow/example_dags/example_trigger_controller_dag.py
[2026-09-23 11:55:19,326] {scheduler_job.py:639} INFO - DAG(s) dict_keys(['example_trigger_controller_dag']) retrieved from /home/airflow/.local/lib/python3.6/site-packages/airflow/example_dags/example_trigger_controller_dag.py
[2026-09-23 11:55:19,360] {logging_mixin.py:104} INFO - [2026-09-23 11:55:19,359] {dag.py:1824} INFO - Sync 1 DAGs
[2026-09-23 11:55:19,384] {logging_mixin.py:104} INFO - [2026-09-23 11:55:19,384] {dag.py:2280} INFO - Setting next_dagrun for example_trigger_controller_dag to 2026-09-21 00:00:00+00:00
[2026-09-23 11:55:19,403] {scheduler_job.py:190} INFO - Processing /home/airflow/.local/lib/python3.6/site-packages/airflow/example_dags/example_trigger_controller_dag.py took 0.101 seconds
[2026-09-23 11:55:50,207] {scheduler_job.py:182} INFO - Started process (PID=1751) to work on /home/airflow/.local/lib/python3.6/site-packages/airflow/example_dags/example_trigger_controller_dag.py
[2026-09-23 11:55:50,210] {scheduler_job.py:629} INFO - Processing file /home/airflow/.local/lib/python3.6/site-packages/airflow/example_dags/example_trigger_controller_dag.py for tasks to queue
[2026-09-23 11:55:50,211] {logging_mixin.py:104} INFO - [2026-09-23 11:55:50,210] {dagbag.py:451} INFO - Filling up the DagBag from /home/airflow/.local/lib/python3.6/site-packages/airflow/example_dags/example_trigger_controller_dag.py
[2026-09-23 11:55:50,225] {scheduler_job.py:639} INFO - DAG(s) dict_keys(['example_trigger_controller_dag']) retrieved from /home/airflow/.local/lib/python3.6/site-packages/airflow/example_dags/example_trigger_controller_dag.py
[2026-09-23 11:55:50,255] {logging_mixin.py:104} INFO - [2026-09-23 11:55:50,255] {dag.py:1824} INFO - Sync 1 DAGs
[2026-09-23 11:55:50,277] {logging_mixin.py:104} INFO - [2026-09-23 11:55:50,277] {dag.py:2280} INFO - Setting next_dagrun for example_trigger_controller_dag to 2026-09-21 00:00:00+00:00
[2026-09-23 11:55:50,295] {scheduler_job.py:190} INFO - Processing /home/airflow/.local/lib/python3.6/site-packages/airflow/example_dags/example_trigger_controller_dag.py took 0.093 seconds
[2026-09-23 11:56:20,816] {scheduler_job.py:182} INFO - Started process (PID=1777) to work on /home/airflow/.local/lib/python3.6/site-packages/airflow/example_dags/example_trigger_controller_dag.py
[2026-09-23 11:56:20,817] {scheduler_job.py:629} INFO - Processing file /home/airflow/.local/lib/python3.6/site-packages/airflow/example_dags/example_trigger_controller_dag.py for tasks to queue
[2026-09-23 11:56:20,818] {logging_mixin.py:104} INFO - [2026-09-23 11:56:20,818] {dagbag.py:451} INFO - Filling up the DagBag from /home/airflow/.local/lib/python3.6/site-packages/airflow/example_dags/example_trigger_controller_dag.py
[2026-09-23 11:56:20,831] {scheduler_job.py:639} INFO - DAG(s) dict_keys(['example_trigger_controller_dag']) retrieved from /home/airflow/.local/lib/python3.6/site-packages/airflow/example_dags/example_trigger_controller_dag.py
[2026-09-23 11:56:20,860] {logging_mixin.py:104} INFO - [2026-09-23 11:56:20,859] {dag.py:1824} INFO - Sync 1 DAGs
[2026-09-23 11:56:20,882] {logging_mixin.py:104} INFO - [2026-09-23 11:56:20,882] {dag.py:2280} INFO - Setting next_dagrun for example_trigger_controller_dag to 2026-09-21 00:00:00+00:00
[2026-09-23 11:56:20,899] {scheduler_job.py:190} INFO - Processing /home/airflow/.local/lib/python3.6/site-packages/airflow/example_dags/example_trigger_controller_dag.py took 0.088 seconds
[2026-09-23 11:56:51,746] {scheduler_job.py:182} INFO - Started process (PID=1803) to work on /home/airflow/.local/lib/python3.6/site-packages/airflow/example_dags/example_trigger_controller_dag.py
[2026-09-23 11:56:51,748] {scheduler_job.py:629} INFO - Processing file /home/airflow/.local/lib/python3.6/site-packages/airflow/example_dags/example_trigger_controller_dag.py for tasks to queue
[2026-09-23 11:56:51,749] {logging_mixin.py:104} INFO - [2026-09-23 11:56:51,749] {dagbag.py:451} INFO - Filling up the DagBag from /home/airflow/.local/lib/python3.6/site-packages/airflow/example_dags/example_trigger_controller_dag.py
[2026-09-23 11:56:51,766] {scheduler_job.py:639} INFO - DAG(s) dict_keys(['example_trigger_controller_dag']) retrieved from /home/airflow/.local/lib/python3.6/site-packages/airflow/example_dags/example_trigger_controller_dag.py
[2026-09-23 11:56:51,791] {logging_mixin.py:104} INFO - [2026-09-23 11:56:51,791] {dag.py:1824} INFO - Sync 1 DAGs
[2026-09-23 11:56:51,812] {logging_mixin.py:104} INFO - [2026-09-23 11:56:51,812] {dag.py:2280} INFO - Setting next_dagrun for example_trigger_controller_dag to 2026-09-21 00:00:00+00:00
[2026-09-23 11:56:51,827] {scheduler_job.py:190} INFO - Processing /home/airflow/.local/lib/python3.6/site-packages/airflow/example_dags/example_trigger_controller_dag.py took 0.086 seconds
[2026-09-23 11:57:22,341] {scheduler_job.py:182} INFO - Started process (PID=1829) to work on /home/airflow/.local/lib/python3.6/site-packages/airflow/example_dags/example_trigger_controller_dag.py
[2026-09-23 11:57:22,343] {scheduler_job.py:629} INFO - Processing file /home/airflow/.local/lib/python3.6/site-packages/airflow/example_dags/example_trigger_controller_dag.py for tasks to queue
[2026-09-23 11:57:22,344] {logging_mixin.py:104} INFO - [2026-09-23 11:57:22,343] {dagbag.py:451} INFO - Filling up the DagBag from /home/airflow/.local/lib/python3.6/site-packages/airflow/example_dags/example_trigger_controller_dag.py
[2026-09-23 11:57:22,362] {scheduler_job.py:639} INFO - DAG(s) dict_keys(['example_trigger_controller_dag']) retrieved from /home/airflow/.local/lib/python3.6/site-packages/airflow/example_dags/example_trigger_controller_dag.py
[2026-09-23 11:57:22,389] {logging_mixin.py:104} INFO - [2026-09-23 11:57:22,389] {dag.py:1824} INFO - Sync 1 DAGs
[2026-09-23 11:57:22,411] {logging_mixin.py:104} INFO - [2026-09-23 11:57:22,411] {dag.py:2280} INFO - Setting next_dagrun for example_trigger_controller_dag to 2026-09-21 00:00:00+00:00
[2026-09-23 11:57:22,432] {scheduler_job.py:190} INFO - Processing /home/airflow/.local/lib/python3.6/site-packages/airflow/example_dags/example_trigger_controller_dag.py took 0.096 seconds
[2026-09-23 11:57:52,968] {scheduler_job.py:182} INFO - Started process (PID=1855) to work on /home/airflow/.local/lib/python3.6/site-packages/airflow/example_dags/example_trigger_controller_dag.py
[2026-09-23 11:57:52,970] {scheduler_job.py:629} INFO - Processing file /home/airflow/.local/lib/python3.6/site-packages/airflow/example_dags/example_trigger_controller_dag.py for tasks to queue
[2026-09-23 11:57:52,971] {logging_mixin.py:104} INFO - [2026-09-23 11:57:52,971] {dagbag.py:451} INFO - Filling up the DagBag from /home/airflow/.local/lib/python3.6/site-packages/airflow/example_dags/example_trigger_controller_dag.py
[2026-09-23 11:57:52,997] {scheduler_job.py:639} INFO - DAG(s) dict_keys(['example_trigger_controller_dag']) retrieved from /home/airflow/.local/lib/python3.6/site-packages/airflow/example_dags/example_trigger_controller_dag.py
[2026-09-23 11:57:53,045] {logging_mixin.py:104} INFO - [2026-09-23 11:57:53,045] {dag.py:1824} INFO - Sync 1 DAGs
[2026-09-23 11:57:53,079] {logging_mixin.py:104} INFO - [2026-09-23 11:57:53,079] {dag.py:2280} INFO - Setting next_dagrun for example_trigger_controller_dag to 2026-09-21 00:00:00+00:00
[2026-09-23 11:57:53,104] {scheduler_job.py:190} INFO - Processing /home/airflow/.local/lib/python3.6/site-packages/airflow/example_dags/example_trigger_controller_dag.py took 0.142 seconds
[2026-09-23 11:58:23,928] {scheduler_job.py:182} INFO - Started process (PID=1881) to work on /home/airflow/.local/lib/python3.6/site-packages/airflow/example_dags/example_trigger_controller_dag.py
[2026-09-23 11:58:23,930] {scheduler_job.py:629} INFO - Processing file /home/airflow/.local/lib/python3.6/site-packages/airflow/example_dags/example_trigger_controller_dag.py for tasks to queue
[2026-09-23 11:58:23,932] {logging_mixin.py:104} INFO - [2026-09-23 11:58:23,931] {dagbag.py:451} INFO - Filling up the DagBag from /home/airflow/.local/lib/python3.6/site-packages/airflow/example_dags/example_trigger_controller_dag.py
[2026-09-23 11:58:23,955] {scheduler_job.py:639} INFO - DAG(s) dict_keys(['example_trigger_controller_dag']) retrieved from /home/airflow/.local/lib/python3.6/site-packages/airflow/example_dags/example_trigger_controller_dag.py
[2026-09-23 11:58:23,996] {logging_mixin.py:104} INFO - [2026-09-23 11:58:23,996] {dag.py:1824} INFO - Sync 1 DAGs
[2026-09-23 11:58:24,030] {logging_mixin.py:104} INFO - [2026-09-23 11:58:24,030] {dag.py:2280} INFO - Setting next_dagrun for example_trigger_controller_dag to 2026-09-21 00:00:00+00:00
[2026-09-23 11:58:24,061] {scheduler_job.py:190} INFO - Processing /home/airflow/.local/lib/python3.6/site-packages/airflow/example_dags/example_trigger_controller_dag.py took 0.138 seconds
[2026-09-23 11:58:54,190] {scheduler_job.py:182} INFO - Started process (PID=1907) to work on /home/airflow/.local/lib/python3.6/site-packages/airflow/example_dags/example_trigger_controller_dag.py
[2026-09-23 11:58:54,193] {scheduler_job.py:629} INFO - Processing file /home/airflow/.local/lib/python3.6/site-packages/airflow/example_dags/example_trigger_controller_dag.py for tasks to queue
[2026-09-23 11:58:54,194] {logging_mixin.py:104} INFO - [2026-09-23 11:58:54,194] {dagbag.py:451} INFO - Filling up the DagBag from /home/airflow/.local/lib/python3.6/site-packages/airflow/example_dags/example_trigger_controller_dag.py
[2026-09-23 11:58:54,215] {scheduler_job.py:639} INFO - DAG(s) dict_keys(['example_trigger_controller_dag']) retrieved from /home/airflow/.local/lib/python3.6/site-packages/airflow/example_dags/example_trigger_controller_dag.py
[2026-09-23 11:58:54,254] {logging_mixin.py:104} INFO - [2026-09-23 11:58:54,253] {dag.py:1824} INFO - Sync 1 DAGs
[2026-09-23 11:58:54,284] {logging_mixin.py:104} INFO - [2026-09-23 11:58:54,284] {dag.py:2280} INFO - Setting next_dagrun for example_trigger_controller_dag to 2026-09-21 00:00:00+00:00
[2026-09-23 11:58:54,308] {scheduler_job.py:190} INFO - Processing /home/airflow/.local/lib/python3.6/site-packages/airflow/example_dags/example_trigger_controller_dag.py took 0.124 seconds
[2026-09-23 11:59:24,405] {scheduler_job.py:182} INFO - Started process (PID=1933) to work on /home/airflow/.local/lib/python3.6/site-packages/airflow/example_dags/example_trigger_controller_dag.py
[2026-09-23 11:59:24,407] {scheduler_job.py:629} INFO - Processing file /home/airflow/.local/lib/python3.6/site-packages/airflow/example_dags/example_trigger_controller_dag.py for tasks to queue
[2026-09-23 11:59:24,408] {logging_mixin.py:104} INFO - [2026-09-23 11:59:24,408] {dagbag.py:451} INFO - Filling up the DagBag from /home/airflow/.local/lib/python3.6/site-packages/airflow/example_dags/example_trigger_controller_dag.py
[2026-09-23 11:59:24,421] {scheduler_job.py:639} INFO - DAG(s) dict_keys(['example_trigger_controller_dag']) retrieved from /home/airflow/.local/lib/python3.6/site-packages/airflow/example_dags/example_trigger_controller_dag.py
[2026-09-23 11:59:24,455] {logging_mixin.py:104} INFO - [2026-09-23 11:59:24,455] {dag.py:1824} INFO - Sync 1 DAGs
[2026-09-23 11:59:24,484] {logging_mixin.py:104} INFO - [2026-09-23 11:59:24,484] {dag.py:2280} INFO - Setting next_dagrun for example_trigger_controller_dag to 2026-09-21 00:00:00+00:00
[2026-09-23 11:59:24,503] {scheduler_job.py:190} INFO - Processing /home/airflow/.local/lib/python3.6/site-packages/airflow/example_dags/example_trigger_controller_dag.py took 0.102 seconds
[2026-09-23 11:59:55,433] {scheduler_job.py:182} INFO - Started process (PID=1959) to work on /home/airflow/.local/lib/python3.6/site-packages/airflow/example_dags/example_trigger_controller_dag.py
[2026-09-23 11:59:55,434] {scheduler_job.py:629} INFO - Processing file /home/airflow/.local/lib/python3.6/site-packages/airflow/example_dags/example_trigger_controller_dag.py for tasks to queue
[2026-09-23 11:59:55,435] {logging_mixin.py:104} INFO - [2026-09-23 11:59:55,435] {dagbag.py:451} INFO - Filling up the DagBag from /home/airflow/.local/lib/python3.6/site-packages/airflow/example_dags/example_trigger_controller_dag.py
[2026-09-23 11:59:55,448] {scheduler_job.py:639} INFO - DAG(s) dict_keys(['example_trigger_controller_dag']) retrieved from /home/airflow/.local/lib/python3.6/site-packages/airflow/example_dags/example_trigger_controller_dag.py
[2026-09-23 11:59:55,474] {logging_mixin.py:104} INFO - [2026-09-23 11:59:55,473] {dag.py:1824} INFO - Sync 1 DAGs
[2026-09-23 11:59:55,495] {logging_mixin.py:104} INFO - [2026-09-23 11:59:55,495] {dag.py:2280} INFO - Setting next_dagrun for example_trigger_controller_dag to 2026-09-21 00:00:00+00:00
[2026-09-23 11:59:55,512] {scheduler_job.py:190} INFO - Processing /home/airflow/.local/lib/python3.6/site-packages/airflow/example_dags/example_trigger_controller_dag.py took 0.083 seconds
[2026-09-23 12:00:26,055] {scheduler_job.py:182} INFO - Started process (PID=1985) to work on /home/airflow/.local/lib/python3.6/site-packages/airflow/example_dags/example_trigger_controller_dag.py
[2026-09-23 12:00:26,057] {scheduler_job.py:629} INFO - Processing file /home/airflow/.local/lib/python3.6/site-packages/airflow/example_dags/example_trigger_controller_dag.py for tasks to queue
[2026-09-23 12:00:26,058] {logging_mixin.py:104} INFO - [2026-09-23 12:00:26,058] {dagbag.py:451} INFO - Filling up the DagBag from /home/airflow/.local/lib/python3.6/site-packages/airflow/example_dags/example_trigger_controller_dag.py
[2026-09-23 12:00:26,076] {scheduler_job.py:639} INFO - DAG(s) dict_keys(['example_trigger_controller_dag']) retrieved from /home/airflow/.local/lib/python3.6/site-packages/airflow/example_dags/example_trigger_controller_dag.py
[2026-09-23 12:00:26,110] {logging_mixin.py:104} INFO - [2026-09-23 12:00:26,110] {dag.py:1824} INFO - Sync 1 DAGs
[2026-09-23 12:00:26,138] {logging_mixin.py:104} INFO - [2026-09-23 12:00:26,138] {dag.py:2280} INFO - Setting next_dagrun for example_trigger_controller_dag to 2026-09-21 00:00:00+00:00
[2026-09-23 12:00:26,166] {scheduler_job.py:190} INFO - Processing /home/airflow/.local/lib/python3.6/site-packages/airflow/example_dags/example_trigger_controller_dag.py took 0.116 seconds
[2026-09-23 12:00:56,639] {scheduler_job.py:182} INFO - Started process (PID=2011) to work on /home/airflow/.local/lib/python3.6/site-packages/airflow/example_dags/example_trigger_controller_dag.py
[2026-09-23 12:00:56,640] {scheduler_job.py:629} INFO - Processing file /home/airflow/.local/lib/python3.6/site-packages/airflow/example_dags/example_trigger_controller_dag.py for tasks to queue
[2026-09-23 12:00:56,640] {logging_mixin.py:104} INFO - [2026-09-23 12:00:56,640] {dagbag.py:451} INFO - Filling up the DagBag from /home/airflow/.local/lib/python3.6/site-packages/airflow/example_dags/example_trigger_controller_dag.py
[2026-09-23 12:00:56,653] {scheduler_job.py:639} INFO - DAG(s) dict_keys(['example_trigger_controller_dag']) retrieved from /home/airflow/.local/lib/python3.6/site-packages/airflow/example_dags/example_trigger_controller_dag.py
[2026-09-23 12:00:56,678] {logging_mixin.py:104} INFO - [2026-09-23 12:00:56,678] {dag.py:1824} INFO - Sync 1 DAGs
[2026-09-23 12:00:56,698] {logging_mixin.py:104} INFO - [2026-09-23 12:00:56,698] {dag.py:2280} INFO - Setting next_dagrun for example_trigger_controller_dag to 2026-09-21 00:00:00+00:00
[2026-09-23 12:00:56,713] {scheduler_job.py:190} INFO - Processing /home/airflow/.local/lib/python3.6/site-packages/airflow/example_dags/example_trigger_controller_dag.py took 0.079 seconds
[2026-09-23 12:01:27,185] {scheduler_job.py:182} INFO - Started process (PID=2037) to work on /home/airflow/.local/lib/python3.6/site-packages/airflow/example_dags/example_trigger_controller_dag.py
[2026-09-23 12:01:27,186] {scheduler_job.py:629} INFO - Processing file /home/airflow/.local/lib/python3.6/site-packages/airflow/example_dags/example_trigger_controller_dag.py for tasks to queue
[2026-09-23 12:01:27,187] {logging_mixin.py:104} INFO - [2026-09-23 12:01:27,187] {dagbag.py:451} INFO - Filling up the DagBag from /home/airflow/.local/lib/python3.6/site-packages/airflow/example_dags/example_trigger_controller_dag.py
[2026-09-23 12:01:27,200] {scheduler_job.py:639} INFO - DAG(s) dict_keys(['example_trigger_controller_dag']) retrieved from /home/airflow/.local/lib/python3.6/site-packages/airflow/example_dags/example_trigger_controller_dag.py
[2026-09-23 12:01:27,234] {logging_mixin.py:104} INFO - [2026-09-23 12:01:27,234] {dag.py:1824} INFO - Sync 1 DAGs
[2026-09-23 12:01:27,258] {logging_mixin.py:104} INFO - [2026-09-23 12:01:27,258] {dag.py:2280} INFO - Setting next_dagrun for example_trigger_controller_dag to 2026-09-21 00:00:00+00:00
[2026-09-23 12:01:27,276] {scheduler_job.py:190} INFO - Processing /home/airflow/.local/lib/python3.6/site-packages/airflow/example_dags/example_trigger_controller_dag.py took 0.096 seconds
[2026-09-23 12:01:57,858] {scheduler_job.py:182} INFO - Started process (PID=2063) to work on /home/airflow/.local/lib/python3.6/site-packages/airflow/example_dags/example_trigger_controller_dag.py
[2026-09-23 12:01:57,860] {scheduler_job.py:629} INFO - Processing file /home/airflow/.local/lib/python3.6/site-packages/airflow/example_dags/example_trigger_controller_dag.py for tasks to queue
[2026-09-23 12:01:57,861] {logging_mixin.py:104} INFO - [2026-09-23 12:01:57,861] {dagbag.py:451} INFO - Filling up the DagBag from /home/airflow/.local/lib/python3.6/site-packages/airflow/example_dags/example_trigger_controller_dag.py
[2026-09-23 12:01:57,883] {scheduler_job.py:639} INFO - DAG(s) dict_keys(['example_trigger_controller_dag']) retrieved from /home/airflow/.local/lib/python3.6/site-packages/airflow/example_dags/example_trigger_controller_dag.py
[2026-09-23 12:01:57,920] {logging_mixin.py:104} INFO - [2026-09-23 12:01:57,920] {dag.py:1824} INFO - Sync 1 DAGs
[2026-09-23 12:01:57,949] {logging_mixin.py:104} INFO - [2026-09-23 12:01:57,949] {dag.py:2280} INFO - Setting next_dagrun for example_trigger_controller_dag to 2026-09-21 00:00:00+00:00
[2026-09-23 12:01:57,968] {scheduler_job.py:190} INFO - Processing /home/airflow/.local/lib/python3.6/site-packages/airflow/example_dags/example_trigger_controller_dag.py took 0.116 seconds
[2026-09-23 12:02:28,620] {scheduler_job.py:182} INFO - Started process (PID=2089) to work on /home/airflow/.local/lib/python3.6/site-packages/airflow/example_dags/example_trigger_controller_dag.py
[2026-09-23 12:02:28,622] {scheduler_job.py:629} INFO - Processing file /home/airflow/.local/lib/python3.6/site-packages/airflow/example_dags/example_trigger_controller_dag.py for tasks to queue
[2026-09-23 12:02:28,624] {logging_mixin.py:104} INFO - [2026-09-23 12:02:28,623] {dagbag.py:451} INFO - Filling up the DagBag from /home/airflow/.local/lib/python3.6/site-packages/airflow/example_dags/example_trigger_controller_dag.py
[2026-09-23 12:02:28,641] {scheduler_job.py:639} INFO - DAG(s) dict_keys(['example_trigger_controller_dag']) retrieved from /home/airflow/.local/lib/python3.6/site-packages/airflow/example_dags/example_trigger_controller_dag.py
[2026-09-23 12:02:28,677] {logging_mixin.py:104} INFO - [2026-09-23 12:02:28,676] {dag.py:1824} INFO - Sync 1 DAGs
[2026-09-23 12:02:28,723] {logging_mixin.py:104} INFO - [2026-09-23 12:02:28,723] {dag.py:2280} INFO - Setting next_dagrun for example_trigger_controller_dag to 2026-09-21 00:00:00+00:00
[2026-09-23 12:02:28,753] {scheduler_job.py:190} INFO - Processing /home/airflow/.local/lib/python3.6/site-packages/airflow/example_dags/example_trigger_controller_dag.py took 0.145 seconds
[2026-09-23 12:02:59,649] {scheduler_job.py:182} INFO - Started process (PID=2115) to work on /home/airflow/.local/lib/python3.6/site-packages/airflow/example_dags/example_trigger_controller_dag.py
[2026-09-23 12:02:59,651] {scheduler_job.py:629} INFO - Processing file /home/airflow/.local/lib/python3.6/site-packages/airflow/example_dags/example_trigger_controller_dag.py for tasks to queue
[2026-09-23 12:02:59,652] {logging_mixin.py:104} INFO - [2026-09-23 12:02:59,652] {dagbag.py:451} INFO - Filling up the DagBag from /home/airflow/.local/lib/python3.6/site-packages/airflow/example_dags/example_trigger_controller_dag.py
[2026-09-23 12:02:59,673] {scheduler_job.py:639} INFO - DAG(s) dict_keys(['example_trigger_controller_dag']) retrieved from /home/airflow/.local/lib/python3.6/site-packages/airflow/example_dags/example_trigger_controller_dag.py
[2026-09-23 12:02:59,712] {logging_mixin.py:104} INFO - [2026-09-23 12:02:59,711] {dag.py:1824} INFO - Sync 1 DAGs
[2026-09-23 12:02:59,744] {logging_mixin.py:104} INFO - [2026-09-23 12:02:59,743] {dag.py:2280} INFO - Setting next_dagrun for example_trigger_controller_dag to 2026-09-21 00:00:00+00:00
[2026-09-23 12:02:59,767] {scheduler_job.py:190} INFO - Processing /home/airflow/.local/lib/python3.6/site-packages/airflow/example_dags/example_trigger_controller_dag.py took 0.123 seconds
[2026-09-23 12:03:30,522] {scheduler_job.py:182} INFO - Started process (PID=2141) to work on /home/airflow/.local/lib/python3.6/site-packages/airflow/example_dags/example_trigger_controller_dag.py
[2026-09-23 12:03:30,525] {scheduler_job.py:629} INFO - Processing file /home/airflow/.local/lib/python3.6/site-packages/airflow/example_dags/example_trigger_controller_dag.py for tasks to queue
[2026-09-23 12:03:30,526] {logging_mixin.py:104} INFO - [2026-09-23 12:03:30,526] {dagbag.py:451} INFO - Filling up the DagBag from /home/airflow/.local/lib/python3.6/site-packages/airflow/example_dags/example_trigger_controller_dag.py
[2026-09-23 12:03:30,548] {scheduler_job.py:639} INFO - DAG(s) dict_keys(['example_trigger_controller_dag']) retrieved from /home/airflow/.local/lib/python3.6/site-packages/airflow/example_dags/example_trigger_controller_dag.py
[2026-09-23 12:03:30,605] {logging_mixin.py:104} INFO - [2026-09-23 12:03:30,605] {dag.py:1824} INFO - Sync 1 DAGs
[2026-09-23 12:03:30,644] {logging_mixin.py:104} INFO - [2026-09-23 12:03:30,643] {dag.py:2280} INFO - Setting next_dagrun for example_trigger_controller_dag to 2026-09-21 00:00:00+00:00
[2026-09-23 12:03:30,668] {scheduler_job.py:190} INFO - Processing /home/airflow/.local/lib/python3.6/site-packages/airflow/example_dags/example_trigger_controller_dag.py took 0.153 seconds
[2026-09-23 12:04:01,362] {scheduler_job.py:182} INFO - Started process (PID=2167) to work on /home/airflow/.local/lib/python3.6/site-packages/airflow/example_dags/example_trigger_controller_dag.py
[2026-09-23 12:04:01,363] {scheduler_job.py:629} INFO - Processing file /home/airflow/.local/lib/python3.6/site-packages/airflow/example_dags/example_trigger_controller_dag.py for tasks to queue
[2026-09-23 12:04:01,364] {logging_mixin.py:104} INFO - [2026-09-23 12:04:01,364] {dagbag.py:451} INFO - Filling up the DagBag from /home/airflow/.local/lib/python3.6/site-packages/airflow/example_dags/example_trigger_controller_dag.py
[2026-09-23 12:04:01,378] {scheduler_job.py:639} INFO - DAG(s) dict_keys(['example_trigger_controller_dag']) retrieved from /home/airflow/.local/lib/python3.6/site-packages/airflow/example_dags/example_trigger_controller_dag.py
[2026-09-23 12:04:01,412] {logging_mixin.py:104} INFO - [2026-09-23 12:04:01,412] {dag.py:1824} INFO - Sync 1 DAGs
[2026-09-23 12:04:01,435] {logging_mixin.py:104} INFO - [2026-09-23 12:04:01,435] {dag.py:2280} INFO - Setting next_dagrun for example_trigger_controller_dag to 2026-09-21 00:00:00+00:00
[2026-09-23 12:04:01,453] {scheduler_job.py:190} INFO - Processing /home/airflow/.local/lib/python3.6/site-packages/airflow/example_dags/example_trigger_controller_dag.py took 0.096 seconds
[2026-09-23 12:04:32,065] {scheduler_job.py:182} INFO - Started process (PID=2193) to work on /home/airflow/.local/lib/python3.6/site-packages/airflow/example_dags/example_trigger_controller_dag.py
[2026-09-23 12:04:32,067] {scheduler_job.py:629} INFO - Processing file /home/airflow/.local/lib/python3.6/site-packages/airflow/example_dags/example_trigger_controller_dag.py for tasks to queue
[2026-09-23 12:04:32,067] {logging_mixin.py:104} INFO - [2026-09-23 12:04:32,067] {dagbag.py:451} INFO - Filling up the DagBag from /home/airflow/.local/lib/python3.6/site-packages/airflow/example_dags/example_trigger_controller_dag.py
[2026-09-23 12:04:32,079] {scheduler_job.py:639} INFO - DAG(s) dict_keys(['example_trigger_controller_dag']) retrieved from /home/airflow/.local/lib/python3.6/site-packages/airflow/example_dags/example_trigger_controller_dag.py
[2026-09-23 12:04:32,104] {logging_mixin.py:104} INFO - [2026-09-23 12:04:32,104] {dag.py:1824} INFO - Sync 1 DAGs
[2026-09-23 12:04:32,125] {logging_mixin.py:104} INFO - [2026-09-23 12:04:32,125] {dag.py:2280} INFO - Setting next_dagrun for example_trigger_controller_dag to 2026-09-21 00:00:00+00:00
[2026-09-23 12:04:32,142] {scheduler_job.py:190} INFO - Processing /home/airflow/.local/lib/python3.6/site-packages/airflow/example_dags/example_trigger_controller_dag.py took 0.081 seconds
[2026-09-23 12:05:02,189] {scheduler_job.py:182} INFO - Started process (PID=2219) to work on /home/airflow/.local/lib/python3.6/site-packages/airflow/example_dags/example_trigger_controller_dag.py
[2026-09-23 12:05:02,191] {scheduler_job.py:629} INFO - Processing file /home/airflow/.local/lib/python3.6/site-packages/airflow/example_dags/example_trigger_controller_dag.py for tasks to queue
[2026-09-23 12:05:02,191] {logging_mixin.py:104} INFO - [2026-09-23 12:05:02,191] {dagbag.py:451} INFO - Filling up the DagBag from /home/airflow/.local/lib/python3.6/site-packages/airflow/example_dags/example_trigger_controller_dag.py
[2026-09-23 12:05:02,206] {scheduler_job.py:639} INFO - DAG(s) dict_keys(['example_trigger_controller_dag']) retrieved from /home/airflow/.local/lib/python3.6/site-packages/airflow/example_dags/example_trigger_controller_dag.py
[2026-09-23 12:05:02,231] {logging_mixin.py:104} INFO - [2026-09-23 12:05:02,231] {dag.py:1824} INFO - Sync 1 DAGs
[2026-09-23 12:05:02,255] {logging_mixin.py:104} INFO - [2026-09-23 12:05:02,255] {dag.py:2280} INFO - Setting next_dagrun for example_trigger_controller_dag to 2026-09-21 00:00:00+00:00
[2026-09-23 12:05:02,277] {scheduler_job.py:190} INFO - Processing /home/airflow/.local/lib/python3.6/site-packages/airflow/example_dags/example_trigger_controller_dag.py took 0.092 seconds
[2026-09-23 12:05:32,340] {scheduler_job.py:182} INFO - Started process (PID=2245) to work on /home/airflow/.local/lib/python3.6/site-packages/airflow/example_dags/example_trigger_controller_dag.py
[2026-09-23 12:05:32,342] {scheduler_job.py:629} INFO - Processing file /home/airflow/.local/lib/python3.6/site-packages/airflow/example_dags/example_trigger_controller_dag.py for tasks to queue
[2026-09-23 12:05:32,342] {logging_mixin.py:104} INFO - [2026-09-23 12:05:32,342] {dagbag.py:451} INFO - Filling up the DagBag from /home/airflow/.local/lib/python3.6/site-packages/airflow/example_dags/example_trigger_controller_dag.py
[2026-09-23 12:05:32,356] {scheduler_job.py:639} INFO - DAG(s) dict_keys(['example_trigger_controller_dag']) retrieved from /home/airflow/.local/lib/python3.6/site-packages/airflow/example_dags/example_trigger_controller_dag.py
[2026-09-23 12:05:32,387] {logging_mixin.py:104} INFO - [2026-09-23 12:05:32,387] {dag.py:1824} INFO - Sync 1 DAGs
[2026-09-23 12:05:32,409] {logging_mixin.py:104} INFO - [2026-09-23 12:05:32,408] {dag.py:2280} INFO - Setting next_dagrun for example_trigger_controller_dag to 2026-09-21 00:00:00+00:00
[2026-09-23 12:05:32,425] {scheduler_job.py:190} INFO - Processing /home/airflow/.local/lib/python3.6/site-packages/airflow/example_dags/example_trigger_controller_dag.py took 0.089 seconds
[2026-09-23 12:06:02,533] {scheduler_job.py:182} INFO - Started process (PID=2271) to work on /home/airflow/.local/lib/python3.6/site-packages/airflow/example_dags/example_trigger_controller_dag.py
[2026-09-23 12:06:02,535] {scheduler_job.py:629} INFO - Processing file /home/airflow/.local/lib/python3.6/site-packages/airflow/example_dags/example_trigger_controller_dag.py for tasks to queue
[2026-09-23 12:06:02,536] {logging_mixin.py:104} INFO - [2026-09-23 12:06:02,535] {dagbag.py:451} INFO - Filling up the DagBag from /home/airflow/.local/lib/python3.6/site-packages/airflow/example_dags/example_trigger_controller_dag.py
[2026-09-23 12:06:02,551] {scheduler_job.py:639} INFO - DAG(s) dict_keys(['example_trigger_controller_dag']) retrieved from /home/airflow/.local/lib/python3.6/site-packages/airflow/example_dags/example_trigger_controller_dag.py
[2026-09-23 12:06:02,584] {logging_mixin.py:104} INFO - [2026-09-23 12:06:02,584] {dag.py:1824} INFO - Sync 1 DAGs
[2026-09-23 12:06:02,611] {logging_mixin.py:104} INFO - [2026-09-23 12:06:02,611] {dag.py:2280} INFO - Setting next_dagrun for example_trigger_controller_dag to 2026-09-21 00:00:00+00:00
[2026-09-23 12:06:02,625] {scheduler_job.py:190} INFO - Processing /home/airflow/.local/lib/python3.6/site-packages/airflow/example_dags/example_trigger_controller_dag.py took 0.097 seconds
[2026-09-23 12:06:33,490] {scheduler_job.py:182} INFO - Started process (PID=2297) to work on /home/airflow/.local/lib/python3.6/site-packages/airflow/example_dags/example_trigger_controller_dag.py
[2026-09-23 12:06:33,491] {scheduler_job.py:629} INFO - Processing file /home/airflow/.local/lib/python3.6/site-packages/airflow/example_dags/example_trigger_controller_dag.py for tasks to queue
[2026-09-23 12:06:33,492] {logging_mixin.py:104} INFO - [2026-09-23 12:06:33,492] {dagbag.py:451} INFO - Filling up the DagBag from /home/airflow/.local/lib/python3.6/site-packages/airflow/example_dags/example_trigger_controller_dag.py
[2026-09-23 12:06:33,506] {scheduler_job.py:639} INFO - DAG(s) dict_keys(['example_trigger_controller_dag']) retrieved from /home/airflow/.local/lib/python3.6/site-packages/airflow/example_dags/example_trigger_controller_dag.py
[2026-09-23 12:06:33,530] {logging_mixin.py:104} INFO - [2026-09-23 12:06:33,530] {dag.py:1824} INFO - Sync 1 DAGs
[2026-09-23 12:06:33,552] {logging_mixin.py:104} INFO - [2026-09-23 12:06:33,552] {dag.py:2280} INFO - Setting next_dagrun for example_trigger_controller_dag to 2026-09-21 00:00:00+00:00
[2026-09-23 12:06:33,575] {scheduler_job.py:190} INFO - Processing /home/airflow/.local/lib/python3.6/site-packages/airflow/example_dags/example_trigger_controller_dag.py took 0.090 seconds
[2026-09-23 12:07:04,295] {scheduler_job.py:182} INFO - Started process (PID=2323) to work on /home/airflow/.local/lib/python3.6/site-packages/airflow/example_dags/example_trigger_controller_dag.py
[2026-09-23 12:07:04,296] {scheduler_job.py:629} INFO - Processing file /home/airflow/.local/lib/python3.6/site-packages/airflow/example_dags/example_trigger_controller_dag.py for tasks to queue
[2026-09-23 12:07:04,297] {logging_mixin.py:104} INFO - [2026-09-23 12:07:04,297] {dagbag.py:451} INFO - Filling up the DagBag from /home/airflow/.local/lib/python3.6/site-packages/airflow/example_dags/example_trigger_controller_dag.py
[2026-09-23 12:07:04,310] {scheduler_job.py:639} INFO - DAG(s) dict_keys(['example_trigger_controller_dag']) retrieved from /home/airflow/.local/lib/python3.6/site-packages/airflow/example_dags/example_trigger_controller_dag.py
[2026-09-23 12:07:04,334] {logging_mixin.py:104} INFO - [2026-09-23 12:07:04,334] {dag.py:1824} INFO - Sync 1 DAGs
[2026-09-23 12:07:04,354] {logging_mixin.py:104} INFO - [2026-09-23 12:07:04,354] {dag.py:2280} INFO - Setting next_dagrun for example_trigger_controller_dag to 2026-09-21 00:00:00+00:00
[2026-09-23 12:07:04,367] {scheduler_job.py:190} INFO - Processing /home/airflow/.local/lib/python3.6/site-packages/airflow/example_dags/example_trigger_controller_dag.py took 0.076 seconds
[2026-09-23 12:07:35,113] {scheduler_job.py:182} INFO - Started process (PID=2349) to work on /home/airflow/.local/lib/python3.6/site-packages/airflow/example_dags/example_trigger_controller_dag.py
[2026-09-23 12:07:35,114] {scheduler_job.py:629} INFO - Processing file /home/airflow/.local/lib/python3.6/site-packages/airflow/example_dags/example_trigger_controller_dag.py for tasks to queue
[2026-09-23 12:07:35,115] {logging_mixin.py:104} INFO - [2026-09-23 12:07:35,115] {dagbag.py:451} INFO - Filling up the DagBag from /home/airflow/.local/lib/python3.6/site-packages/airflow/example_dags/example_trigger_controller_dag.py
[2026-09-23 12:07:35,131] {scheduler_job.py:639} INFO - DAG(s) dict_keys(['example_trigger_controller_dag']) retrieved from /home/airflow/.local/lib/python3.6/site-packages/airflow/example_dags/example_trigger_controller_dag.py
[2026-09-23 12:07:35,166] {logging_mixin.py:104} INFO - [2026-09-23 12:07:35,165] {dag.py:1824} INFO - Sync 1 DAGs
[2026-09-23 12:07:35,190] {logging_mixin.py:104} INFO - [2026-09-23 12:07:35,190] {dag.py:2280} INFO - Setting next_dagrun for example_trigger_controller_dag to 2026-09-21 00:00:00+00:00
[2026-09-23 12:07:35,208] {scheduler_job.py:190} INFO - Processing /home/airflow/.local/lib/python3.6/site-packages/airflow/example_dags/example_trigger_controller_dag.py took 0.099 seconds
[2026-09-23 12:08:05,668] {scheduler_job.py:182} INFO - Started process (PID=2375) to work on /home/airflow/.local/lib/python3.6/site-packages/airflow/example_dags/example_trigger_controller_dag.py
[2026-09-23 12:08:05,670] {scheduler_job.py:629} INFO - Processing file /home/airflow/.local/lib/python3.6/site-packages/airflow/example_dags/example_trigger_controller_dag.py for tasks to queue
[2026-09-23 12:08:05,671] {logging_mixin.py:104} INFO - [2026-09-23 12:08:05,670] {dagbag.py:451} INFO - Filling up the DagBag from /home/airflow/.local/lib/python3.6/site-packages/airflow/example_dags/example_trigger_controller_dag.py
[2026-09-23 12:08:05,690] {scheduler_job.py:639} INFO - DAG(s) dict_keys(['example_trigger_controller_dag']) retrieved from /home/airflow/.local/lib/python3.6/site-packages/airflow/example_dags/example_trigger_controller_dag.py
[2026-09-23 12:08:05,725] {logging_mixin.py:104} INFO - [2026-09-23 12:08:05,725] {dag.py:1824} INFO - Sync 1 DAGs
[2026-09-23 12:08:05,758] {logging_mixin.py:104} INFO - [2026-09-23 12:08:05,757] {dag.py:2280} INFO - Setting next_dagrun for example_trigger_controller_dag to 2026-09-21 00:00:00+00:00
[2026-09-23 12:08:05,780] {scheduler_job.py:190} INFO - Processing /home/airflow/.local/lib/python3.6/site-packages/airflow/example_dags/example_trigger_controller_dag.py took 0.117 seconds
[2026-09-23 12:08:36,392] {scheduler_job.py:182} INFO - Started process (PID=2401) to work on /home/airflow/.local/lib/python3.6/site-packages/airflow/example_dags/example_trigger_controller_dag.py
[2026-09-23 12:08:36,394] {scheduler_job.py:629} INFO - Processing file /home/airflow/.local/lib/python3.6/site-packages/airflow/example_dags/example_trigger_controller_dag.py for tasks to queue
[2026-09-23 12:08:36,395] {logging_mixin.py:104} INFO - [2026-09-23 12:08:36,395] {dagbag.py:451} INFO - Filling up the DagBag from /home/airflow/.local/lib/python3.6/site-packages/airflow/example_dags/example_trigger_controller_dag.py
[2026-09-23 12:08:36,410] {scheduler_job.py:639} INFO - DAG(s) dict_keys(['example_trigger_controller_dag']) retrieved from /home/airflow/.local/lib/python3.6/site-packages/airflow/example_dags/example_trigger_controller_dag.py
[2026-09-23 12:08:36,439] {logging_mixin.py:104} INFO - [2026-09-23 12:08:36,439] {dag.py:1824} INFO - Sync 1 DAGs
[2026-09-23 12:08:36,470] {logging_mixin.py:104} INFO - [2026-09-23 12:08:36,470] {dag.py:2280} INFO - Setting next_dagrun for example_trigger_controller_dag to 2026-09-21 00:00:00+00:00
[2026-09-23 12:08:36,496] {scheduler_job.py:190} INFO - Processing /home/airflow/.local/lib/python3.6/site-packages/airflow/example_dags/example_trigger_controller_dag.py took 0.109 seconds
[2026-09-23 12:09:07,146] {scheduler_job.py:182} INFO - Started process (PID=2427) to work on /home/airflow/.local/lib/python3.6/site-packages/airflow/example_dags/example_trigger_controller_dag.py
[2026-09-23 12:09:07,149] {scheduler_job.py:629} INFO - Processing file /home/airflow/.local/lib/python3.6/site-packages/airflow/example_dags/example_trigger_controller_dag.py for tasks to queue
[2026-09-23 12:09:07,150] {logging_mixin.py:104} INFO - [2026-09-23 12:09:07,150] {dagbag.py:451} INFO - Filling up the DagBag from /home/airflow/.local/lib/python3.6/site-packages/airflow/example_dags/example_trigger_controller_dag.py
[2026-09-23 12:09:07,172] {scheduler_job.py:639} INFO - DAG(s) dict_keys(['example_trigger_controller_dag']) retrieved from /home/airflow/.local/lib/python3.6/site-packages/airflow/example_dags/example_trigger_controller_dag.py
[2026-09-23 12:09:07,208] {logging_mixin.py:104} INFO - [2026-09-23 12:09:07,208] {dag.py:1824} INFO - Sync 1 DAGs
[2026-09-23 12:09:07,238] {logging_mixin.py:104} INFO - [2026-09-23 12:09:07,238] {dag.py:2280} INFO - Setting next_dagrun for example_trigger_controller_dag to 2026-09-21 00:00:00+00:00
[2026-09-23 12:09:07,261] {scheduler_job.py:190} INFO - Processing /home/airflow/.local/lib/python3.6/site-packages/airflow/example_dags/example_trigger_controller_dag.py took 0.121 seconds
[2026-09-23 12:09:38,220] {scheduler_job.py:182} INFO - Started process (PID=2453) to work on /home/airflow/.local/lib/python3.6/site-packages/airflow/example_dags/example_trigger_controller_dag.py
[2026-09-23 12:09:38,223] {scheduler_job.py:629} INFO - Processing file /home/airflow/.local/lib/python3.6/site-packages/airflow/example_dags/example_trigger_controller_dag.py for tasks to queue
[2026-09-23 12:09:38,224] {logging_mixin.py:104} INFO - [2026-09-23 12:09:38,223] {dagbag.py:451} INFO - Filling up the DagBag from /home/airflow/.local/lib/python3.6/site-packages/airflow/example_dags/example_trigger_controller_dag.py
[2026-09-23 12:09:38,241] {scheduler_job.py:639} INFO - DAG(s) dict_keys(['example_trigger_controller_dag']) retrieved from /home/airflow/.local/lib/python3.6/site-packages/airflow/example_dags/example_trigger_controller_dag.py
[2026-09-23 12:09:38,274] {logging_mixin.py:104} INFO - [2026-09-23 12:09:38,273] {dag.py:1824} INFO - Sync 1 DAGs
[2026-09-23 12:09:38,302] {logging_mixin.py:104} INFO - [2026-09-23 12:09:38,302] {dag.py:2280} INFO - Setting next_dagrun for example_trigger_controller_dag to 2026-09-21 00:00:00+00:00
[2026-09-23 12:09:38,327] {scheduler_job.py:190} INFO - Processing /home/airflow/.local/lib/python3.6/site-packages/airflow/example_dags/example_trigger_controller_dag.py took 0.112 seconds
[2026-09-23 12:10:08,823] {scheduler_job.py:182} INFO - Started process (PID=2479) to work on /home/airflow/.local/lib/python3.6/site-packages/airflow/example_dags/example_trigger_controller_dag.py
[2026-09-23 12:10:08,825] {scheduler_job.py:629} INFO - Processing file /home/airflow/.local/lib/python3.6/site-packages/airflow/example_dags/example_trigger_controller_dag.py for tasks to queue
[2026-09-23 12:10:08,826] {logging_mixin.py:104} INFO - [2026-09-23 12:10:08,826] {dagbag.py:451} INFO - Filling up the DagBag from /home/airflow/.local/lib/python3.6/site-packages/airflow/example_dags/example_trigger_controller_dag.py
[2026-09-23 12:10:08,841] {scheduler_job.py:639} INFO - DAG(s) dict_keys(['example_trigger_controller_dag']) retrieved from /home/airflow/.local/lib/python3.6/site-packages/airflow/example_dags/example_trigger_controller_dag.py
[2026-09-23 12:10:08,866] {logging_mixin.py:104} INFO - [2026-09-23 12:10:08,866] {dag.py:1824} INFO - Sync 1 DAGs
[2026-09-23 12:10:08,885] {logging_mixin.py:104} INFO - [2026-09-23 12:10:08,884] {dag.py:2280} INFO - Setting next_dagrun for example_trigger_controller_dag to 2026-09-21 00:00:00+00:00
[2026-09-23 12:10:08,901] {scheduler_job.py:190} INFO - Processing /home/airflow/.local/lib/python3.6/site-packages/airflow/example_dags/example_trigger_controller_dag.py took 0.082 seconds
[2026-09-23 12:10:39,126] {scheduler_job.py:182} INFO - Started process (PID=2505) to work on /home/airflow/.local/lib/python3.6/site-packages/airflow/example_dags/example_trigger_controller_dag.py
[2026-09-23 12:10:39,128] {scheduler_job.py:629} INFO - Processing file /home/airflow/.local/lib/python3.6/site-packages/airflow/example_dags/example_trigger_controller_dag.py for tasks to queue
[2026-09-23 12:10:39,129] {logging_mixin.py:104} INFO - [2026-09-23 12:10:39,129] {dagbag.py:451} INFO - Filling up the DagBag from /home/airflow/.local/lib/python3.6/site-packages/airflow/example_dags/example_trigger_controller_dag.py
[2026-09-23 12:10:39,148] {scheduler_job.py:639} INFO - DAG(s) dict_keys(['example_trigger_controller_dag']) retrieved from /home/airflow/.local/lib/python3.6/site-packages/airflow/example_dags/example_trigger_controller_dag.py
[2026-09-23 12:10:39,190] {logging_mixin.py:104} INFO - [2026-09-23 12:10:39,189] {dag.py:1824} INFO - Sync 1 DAGs
[2026-09-23 12:10:39,223] {logging_mixin.py:104} INFO - [2026-09-23 12:10:39,222] {dag.py:2280} INFO - Setting next_dagrun for example_trigger_controller_dag to 2026-09-21 00:00:00+00:00
[2026-09-23 12:10:39,245] {scheduler_job.py:190} INFO - Processing /home/airflow/.local/lib/python3.6/site-packages/airflow/example_dags/example_trigger_controller_dag.py took 0.125 seconds
[2026-09-23 12:11:09,925] {scheduler_job.py:182} INFO - Started process (PID=2531) to work on /home/airflow/.local/lib/python3.6/site-packages/airflow/example_dags/example_trigger_controller_dag.py
[2026-09-23 12:11:09,927] {scheduler_job.py:629} INFO - Processing file /home/airflow/.local/lib/python3.6/site-packages/airflow/example_dags/example_trigger_controller_dag.py for tasks to queue
[2026-09-23 12:11:09,927] {logging_mixin.py:104} INFO - [2026-09-23 12:11:09,927] {dagbag.py:451} INFO - Filling up the DagBag from /home/airflow/.local/lib/python3.6/site-packages/airflow/example_dags/example_trigger_controller_dag.py
[2026-09-23 12:11:09,940] {scheduler_job.py:639} INFO - DAG(s) dict_keys(['example_trigger_controller_dag']) retrieved from /home/airflow/.local/lib/python3.6/site-packages/airflow/example_dags/example_trigger_controller_dag.py
[2026-09-23 12:11:09,970] {logging_mixin.py:104} INFO - [2026-09-23 12:11:09,970] {dag.py:1824} INFO - Sync 1 DAGs
[2026-09-23 12:11:09,994] {logging_mixin.py:104} INFO - [2026-09-23 12:11:09,994] {dag.py:2280} INFO - Setting next_dagrun for example_trigger_controller_dag to 2026-09-21 00:00:00+00:00
[2026-09-23 12:11:10,014] {scheduler_job.py:190} INFO - Processing /home/airflow/.local/lib/python3.6/site-packages/airflow/example_dags/example_trigger_controller_dag.py took 0.092 seconds
[2026-09-23 12:11:40,150] {scheduler_job.py:182} INFO - Started process (PID=2557) to work on /home/airflow/.local/lib/python3.6/site-packages/airflow/example_dags/example_trigger_controller_dag.py
[2026-09-23 12:11:40,152] {scheduler_job.py:629} INFO - Processing file /home/airflow/.local/lib/python3.6/site-packages/airflow/example_dags/example_trigger_controller_dag.py for tasks to queue
[2026-09-23 12:11:40,152] {logging_mixin.py:104} INFO - [2026-09-23 12:11:40,152] {dagbag.py:451} INFO - Filling up the DagBag from /home/airflow/.local/lib/python3.6/site-packages/airflow/example_dags/example_trigger_controller_dag.py
[2026-09-23 12:11:40,166] {scheduler_job.py:639} INFO - DAG(s) dict_keys(['example_trigger_controller_dag']) retrieved from /home/airflow/.local/lib/python3.6/site-packages/airflow/example_dags/example_trigger_controller_dag.py
[2026-09-23 12:11:40,193] {logging_mixin.py:104} INFO - [2026-09-23 12:11:40,192] {dag.py:1824} INFO - Sync 1 DAGs
[2026-09-23 12:11:40,213] {logging_mixin.py:104} INFO - [2026-09-23 12:11:40,213] {dag.py:2280} INFO - Setting next_dagrun for example_trigger_controller_dag to 2026-09-21 00:00:00+00:00
[2026-09-23 12:11:40,226] {scheduler_job.py:190} INFO - Processing /home/airflow/.local/lib/python3.6/site-packages/airflow/example_dags/example_trigger_controller_dag.py took 0.080 seconds
[2026-09-23 12:12:10,397] {scheduler_job.py:182} INFO - Started process (PID=2583) to work on /home/airflow/.local/lib/python3.6/site-packages/airflow/example_dags/example_trigger_controller_dag.py
[2026-09-23 12:12:10,398] {scheduler_job.py:629} INFO - Processing file /home/airflow/.local/lib/python3.6/site-packages/airflow/example_dags/example_trigger_controller_dag.py for tasks to queue
[2026-09-23 12:12:10,399] {logging_mixin.py:104} INFO - [2026-09-23 12:12:10,399] {dagbag.py:451} INFO - Filling up the DagBag from /home/airflow/.local/lib/python3.6/site-packages/airflow/example_dags/example_trigger_controller_dag.py
[2026-09-23 12:12:10,412] {scheduler_job.py:639} INFO - DAG(s) dict_keys(['example_trigger_controller_dag']) retrieved from /home/airflow/.local/lib/python3.6/site-packages/airflow/example_dags/example_trigger_controller_dag.py
[2026-09-23 12:12:10,437] {logging_mixin.py:104} INFO - [2026-09-23 12:12:10,437] {dag.py:1824} INFO - Sync 1 DAGs
[2026-09-23 12:12:10,456] {logging_mixin.py:104} INFO - [2026-09-23 12:12:10,456] {dag.py:2280} INFO - Setting next_dagrun for example_trigger_controller_dag to 2026-09-21 00:00:00+00:00
[2026-09-23 12:12:10,472] {scheduler_job.py:190} INFO - Processing /home/airflow/.local/lib/python3.6/site-packages/airflow/example_dags/example_trigger_controller_dag.py took 0.079 seconds
[2026-09-23 12:12:40,627] {scheduler_job.py:182} INFO - Started process (PID=2609) to work on /home/airflow/.local/lib/python3.6/site-packages/airflow/example_dags/example_trigger_controller_dag.py
[2026-09-23 12:12:40,628] {scheduler_job.py:629} INFO - Processing file /home/airflow/.local/lib/python3.6/site-packages/airflow/example_dags/example_trigger_controller_dag.py for tasks to queue
[2026-09-23 12:12:40,630] {logging_mixin.py:104} INFO - [2026-09-23 12:12:40,629] {dagbag.py:451} INFO - Filling up the DagBag from /home/airflow/.local/lib/python3.6/site-packages/airflow/example_dags/example_trigger_controller_dag.py
[2026-09-23 12:12:40,645] {scheduler_job.py:639} INFO - DAG(s) dict_keys(['example_trigger_controller_dag']) retrieved from /home/airflow/.local/lib/python3.6/site-packages/airflow/example_dags/example_trigger_controller_dag.py
[2026-09-23 12:12:40,680] {logging_mixin.py:104} INFO - [2026-09-23 12:12:40,680] {dag.py:1824} INFO - Sync 1 DAGs
[2026-09-23 12:12:40,710] {logging_mixin.py:104} INFO - [2026-09-23 12:12:40,710] {dag.py:2280} INFO - Setting next_dagrun for example_trigger_controller_dag to 2026-09-21 00:00:00+00:00
[2026-09-23 12:12:40,732] {scheduler_job.py:190} INFO - Processing /home/airflow/.local/lib/python3.6/site-packages/airflow/example_dags/example_trigger_controller_dag.py took 0.110 seconds
[2026-09-23 12:13:10,783] {scheduler_job.py:182} INFO - Started process (PID=2635) to work on /home/airflow/.local/lib/python3.6/site-packages/airflow/example_dags/example_trigger_controller_dag.py
[2026-09-23 12:13:10,784] {scheduler_job.py:629} INFO - Processing file /home/airflow/.local/lib/python3.6/site-packages/airflow/example_dags/example_trigger_controller_dag.py for tasks to queue
[2026-09-23 12:13:10,785] {logging_mixin.py:104} INFO - [2026-09-23 12:13:10,785] {dagbag.py:451} INFO - Filling up the DagBag from /home/airflow/.local/lib/python3.6/site-packages/airflow/example_dags/example_trigger_controller_dag.py
[2026-09-23 12:13:10,800] {scheduler_job.py:639} INFO - DAG(s) dict_keys(['example_trigger_controller_dag']) retrieved from /home/airflow/.local/lib/python3.6/site-packages/airflow/example_dags/example_trigger_controller_dag.py
[2026-09-23 12:13:10,826] {logging_mixin.py:104} INFO - [2026-09-23 12:13:10,826] {dag.py:1824} INFO - Sync 1 DAGs
[2026-09-23 12:13:10,846] {logging_mixin.py:104} INFO - [2026-09-23 12:13:10,846] {dag.py:2280} INFO - Setting next_dagrun for example_trigger_controller_dag to 2026-09-21 00:00:00+00:00
[2026-09-23 12:13:10,861] {scheduler_job.py:190} INFO - Processing /home/airflow/.local/lib/python3.6/site-packages/airflow/example_dags/example_trigger_controller_dag.py took 0.083 seconds
[2026-09-23 12:13:41,083] {scheduler_job.py:182} INFO - Started process (PID=2661) to work on /home/airflow/.local/lib/python3.6/site-packages/airflow/example_dags/example_trigger_controller_dag.py
[2026-09-23 12:13:41,084] {scheduler_job.py:629} INFO - Processing file /home/airflow/.local/lib/python3.6/site-packages/airflow/example_dags/example_trigger_controller_dag.py for tasks to queue
[2026-09-23 12:13:41,085] {logging_mixin.py:104} INFO - [2026-09-23 12:13:41,085] {dagbag.py:451} INFO - Filling up the DagBag from /home/airflow/.local/lib/python3.6/site-packages/airflow/example_dags/example_trigger_controller_dag.py
[2026-09-23 12:13:41,098] {scheduler_job.py:639} INFO - DAG(s) dict_keys(['example_trigger_controller_dag']) retrieved from /home/airflow/.local/lib/python3.6/site-packages/airflow/example_dags/example_trigger_controller_dag.py
[2026-09-23 12:13:41,126] {logging_mixin.py:104} INFO - [2026-09-23 12:13:41,126] {dag.py:1824} INFO - Sync 1 DAGs
[2026-09-23 12:13:41,154] {logging_mixin.py:104} INFO - [2026-09-23 12:13:41,154] {dag.py:2280} INFO - Setting next_dagrun for example_trigger_controller_dag to 2026-09-21 00:00:00+00:00
[2026-09-23 12:13:41,208] {scheduler_job.py:190} INFO - Processing /home/airflow/.local/lib/python3.6/site-packages/airflow/example_dags/example_trigger_controller_dag.py took 0.129 seconds
[2026-09-23 12:14:11,480] {scheduler_job.py:182} INFO - Started process (PID=2687) to work on /home/airflow/.local/lib/python3.6/site-packages/airflow/example_dags/example_trigger_controller_dag.py
[2026-09-23 12:14:11,481] {scheduler_job.py:629} INFO - Processing file /home/airflow/.local/lib/python3.6/site-packages/airflow/example_dags/example_trigger_controller_dag.py for tasks to queue
[2026-09-23 12:14:11,483] {logging_mixin.py:104} INFO - [2026-09-23 12:14:11,482] {dagbag.py:451} INFO - Filling up the DagBag from /home/airflow/.local/lib/python3.6/site-packages/airflow/example_dags/example_trigger_controller_dag.py
[2026-09-23 12:14:11,496] {scheduler_job.py:639} INFO - DAG(s) dict_keys(['example_trigger_controller_dag']) retrieved from /home/airflow/.local/lib/python3.6/site-packages/airflow/example_dags/example_trigger_controller_dag.py
[2026-09-23 12:14:11,521] {logging_mixin.py:104} INFO - [2026-09-23 12:14:11,521] {dag.py:1824} INFO - Sync 1 DAGs
[2026-09-23 12:14:11,543] {logging_mixin.py:104} INFO - [2026-09-23 12:14:11,543] {dag.py:2280} INFO - Setting next_dagrun for example_trigger_controller_dag to 2026-09-21 00:00:00+00:00
[2026-09-23 12:14:11,560] {scheduler_job.py:190} INFO - Processing /home/airflow/.local/lib/python3.6/site-packages/airflow/example_dags/example_trigger_controller_dag.py took 0.084 seconds
[2026-09-23 12:14:42,306] {scheduler_job.py:182} INFO - Started process (PID=2713) to work on /home/airflow/.local/lib/python3.6/site-packages/airflow/example_dags/example_trigger_controller_dag.py
[2026-09-23 12:14:42,308] {scheduler_job.py:629} INFO - Processing file /home/airflow/.local/lib/python3.6/site-packages/airflow/example_dags/example_trigger_controller_dag.py for tasks to queue
[2026-09-23 12:14:42,309] {logging_mixin.py:104} INFO - [2026-09-23 12:14:42,308] {dagbag.py:451} INFO - Filling up the DagBag from /home/airflow/.local/lib/python3.6/site-packages/airflow/example_dags/example_trigger_controller_dag.py
[2026-09-23 12:14:42,322] {scheduler_job.py:639} INFO - DAG(s) dict_keys(['example_trigger_controller_dag']) retrieved from /home/airflow/.local/lib/python3.6/site-packages/airflow/example_dags/example_trigger_controller_dag.py
[2026-09-23 12:14:42,346] {logging_mixin.py:104} INFO - [2026-09-23 12:14:42,346] {dag.py:1824} INFO - Sync 1 DAGs
[2026-09-23 12:14:42,366] {logging_mixin.py:104} INFO - [2026-09-23 12:14:42,365] {dag.py:2280} INFO - Setting next_dagrun for example_trigger_controller_dag to 2026-09-21 00:00:00+00:00
[2026-09-23 12:14:42,383] {scheduler_job.py:190} INFO - Processing /home/airflow/.local/lib/python3.6/site-packages/airflow/example_dags/example_trigger_controller_dag.py took 0.082 seconds
[2026-09-23 12:15:12,949] {scheduler_job.py:182} INFO - Started process (PID=2739) to work on /home/airflow/.local/lib/python3.6/site-packages/airflow/example_dags/example_trigger_controller_dag.py
[2026-09-23 12:15:12,951] {scheduler_job.py:629} INFO - Processing file /home/airflow/.local/lib/python3.6/site-packages/airflow/example_dags/example_trigger_controller_dag.py for tasks to queue
[2026-09-23 12:15:12,951] {logging_mixin.py:104} INFO - [2026-09-23 12:15:12,951] {dagbag.py:451} INFO - Filling up the DagBag from /home/airflow/.local/lib/python3.6/site-packages/airflow/example_dags/example_trigger_controller_dag.py
[2026-09-23 12:15:12,967] {scheduler_job.py:639} INFO - DAG(s) dict_keys(['example_trigger_controller_dag']) retrieved from /home/airflow/.local/lib/python3.6/site-packages/airflow/example_dags/example_trigger_controller_dag.py
[2026-09-23 12:15:12,996] {logging_mixin.py:104} INFO - [2026-09-23 12:15:12,995] {dag.py:1824} INFO - Sync 1 DAGs
[2026-09-23 12:15:13,023] {logging_mixin.py:104} INFO - [2026-09-23 12:15:13,023] {dag.py:2280} INFO - Setting next_dagrun for example_trigger_controller_dag to 2026-09-21 00:00:00+00:00
[2026-09-23 12:15:13,042] {scheduler_job.py:190} INFO - Processing /home/airflow/.local/lib/python3.6/site-packages/airflow/example_dags/example_trigger_controller_dag.py took 0.098 seconds
[2026-09-23 12:15:43,520] {scheduler_job.py:182} INFO - Started process (PID=2765) to work on /home/airflow/.local/lib/python3.6/site-packages/airflow/example_dags/example_trigger_controller_dag.py
[2026-09-23 12:15:43,521] {scheduler_job.py:629} INFO - Processing file /home/airflow/.local/lib/python3.6/site-packages/airflow/example_dags/example_trigger_controller_dag.py for tasks to queue
[2026-09-23 12:15:43,522] {logging_mixin.py:104} INFO - [2026-09-23 12:15:43,522] {dagbag.py:451} INFO - Filling up the DagBag from /home/airflow/.local/lib/python3.6/site-packages/airflow/example_dags/example_trigger_controller_dag.py
[2026-09-23 12:15:43,536] {scheduler_job.py:639} INFO - DAG(s) dict_keys(['example_trigger_controller_dag']) retrieved from /home/airflow/.local/lib/python3.6/site-packages/airflow/example_dags/example_trigger_controller_dag.py
[2026-09-23 12:15:43,562] {logging_mixin.py:104} INFO - [2026-09-23 12:15:43,562] {dag.py:1824} INFO - Sync 1 DAGs
[2026-09-23 12:15:43,582] {logging_mixin.py:104} INFO - [2026-09-23 12:15:43,582] {dag.py:2280} INFO - Setting next_dagrun for example_trigger_controller_dag to 2026-09-21 00:00:00+00:00
[2026-09-23 12:15:43,598] {scheduler_job.py:190} INFO - Processing /home/airflow/.local/lib/python3.6/site-packages/airflow/example_dags/example_trigger_controller_dag.py took 0.083 seconds
[2026-09-23 12:16:14,222] {scheduler_job.py:182} INFO - Started process (PID=2791) to work on /home/airflow/.local/lib/python3.6/site-packages/airflow/example_dags/example_trigger_controller_dag.py
[2026-09-23 12:16:14,223] {scheduler_job.py:629} INFO - Processing file /home/airflow/.local/lib/python3.6/site-packages/airflow/example_dags/example_trigger_controller_dag.py for tasks to queue
[2026-09-23 12:16:14,225] {logging_mixin.py:104} INFO - [2026-09-23 12:16:14,224] {dagbag.py:451} INFO - Filling up the DagBag from /home/airflow/.local/lib/python3.6/site-packages/airflow/example_dags/example_trigger_controller_dag.py
[2026-09-23 12:16:14,239] {scheduler_job.py:639} INFO - DAG(s) dict_keys(['example_trigger_controller_dag']) retrieved from /home/airflow/.local/lib/python3.6/site-packages/airflow/example_dags/example_trigger_controller_dag.py
[2026-09-23 12:16:14,266] {logging_mixin.py:104} INFO - [2026-09-23 12:16:14,266] {dag.py:1824} INFO - Sync 1 DAGs
[2026-09-23 12:16:14,287] {logging_mixin.py:104} INFO - [2026-09-23 12:16:14,287] {dag.py:2280} INFO - Setting next_dagrun for example_trigger_controller_dag to 2026-09-21 00:00:00+00:00
[2026-09-23 12:16:14,303] {scheduler_job.py:190} INFO - Processing /home/airflow/.local/lib/python3.6/site-packages/airflow/example_dags/example_trigger_controller_dag.py took 0.086 seconds
[2026-09-23 12:16:44,860] {scheduler_job.py:182} INFO - Started process (PID=2817) to work on /home/airflow/.local/lib/python3.6/site-packages/airflow/example_dags/example_trigger_controller_dag.py
[2026-09-23 12:16:44,861] {scheduler_job.py:629} INFO - Processing file /home/airflow/.local/lib/python3.6/site-packages/airflow/example_dags/example_trigger_controller_dag.py for tasks to queue
[2026-09-23 12:16:44,862] {logging_mixin.py:104} INFO - [2026-09-23 12:16:44,862] {dagbag.py:451} INFO - Filling up the DagBag from /home/airflow/.local/lib/python3.6/site-packages/airflow/example_dags/example_trigger_controller_dag.py
[2026-09-23 12:16:44,876] {scheduler_job.py:639} INFO - DAG(s) dict_keys(['example_trigger_controller_dag']) retrieved from /home/airflow/.local/lib/python3.6/site-packages/airflow/example_dags/example_trigger_controller_dag.py
[2026-09-23 12:16:44,903] {logging_mixin.py:104} INFO - [2026-09-23 12:16:44,903] {dag.py:1824} INFO - Sync 1 DAGs
[2026-09-23 12:16:44,924] {logging_mixin.py:104} INFO - [2026-09-23 12:16:44,923] {dag.py:2280} INFO - Setting next_dagrun for example_trigger_controller_dag to 2026-09-21 00:00:00+00:00
[2026-09-23 12:16:44,937] {scheduler_job.py:190} INFO - Processing /home/airflow/.local/lib/python3.6/site-packages/airflow/example_dags/example_trigger_controller_dag.py took 0.081 seconds
[2026-09-23 12:17:15,552] {scheduler_job.py:182} INFO - Started process (PID=2843) to work on /home/airflow/.local/lib/python3.6/site-packages/airflow/example_dags/example_trigger_controller_dag.py
[2026-09-23 12:17:15,554] {scheduler_job.py:629} INFO - Processing file /home/airflow/.local/lib/python3.6/site-packages/airflow/example_dags/example_trigger_controller_dag.py for tasks to queue
[2026-09-23 12:17:15,555] {logging_mixin.py:104} INFO - [2026-09-23 12:17:15,554] {dagbag.py:451} INFO - Filling up the DagBag from /home/airflow/.local/lib/python3.6/site-packages/airflow/example_dags/example_trigger_controller_dag.py
[2026-09-23 12:17:15,571] {scheduler_job.py:639} INFO - DAG(s) dict_keys(['example_trigger_controller_dag']) retrieved from /home/airflow/.local/lib/python3.6/site-packages/airflow/example_dags/example_trigger_controller_dag.py
[2026-09-23 12:17:15,598] {logging_mixin.py:104} INFO - [2026-09-23 12:17:15,598] {dag.py:1824} INFO - Sync 1 DAGs
[2026-09-23 12:17:15,621] {logging_mixin.py:104} INFO - [2026-09-23 12:17:15,620] {dag.py:2280} INFO - Setting next_dagrun for example_trigger_controller_dag to 2026-09-21 00:00:00+00:00
[2026-09-23 12:17:15,636] {scheduler_job.py:190} INFO - Processing /home/airflow/.local/lib/python3.6/site-packages/airflow/example_dags/example_trigger_controller_dag.py took 0.089 seconds
[2026-09-23 12:17:46,124] {scheduler_job.py:182} INFO - Started process (PID=2869) to work on /home/airflow/.local/lib/python3.6/site-packages/airflow/example_dags/example_trigger_controller_dag.py
[2026-09-23 12:17:46,126] {scheduler_job.py:629} INFO - Processing file /home/airflow/.local/lib/python3.6/site-packages/airflow/example_dags/example_trigger_controller_dag.py for tasks to queue
[2026-09-23 12:17:46,127] {logging_mixin.py:104} INFO - [2026-09-23 12:17:46,127] {dagbag.py:451} INFO - Filling up the DagBag from /home/airflow/.local/lib/python3.6/site-packages/airflow/example_dags/example_trigger_controller_dag.py
[2026-09-23 12:17:46,142] {scheduler_job.py:639} INFO - DAG(s) dict_keys(['example_trigger_controller_dag']) retrieved from /home/airflow/.local/lib/python3.6/site-packages/airflow/example_dags/example_trigger_controller_dag.py
[2026-09-23 12:17:46,171] {logging_mixin.py:104} INFO - [2026-09-23 12:17:46,171] {dag.py:1824} INFO - Sync 1 DAGs
[2026-09-23 12:17:46,195] {logging_mixin.py:104} INFO - [2026-09-23 12:17:46,195] {dag.py:2280} INFO - Setting next_dagrun for example_trigger_controller_dag to 2026-09-21 00:00:00+00:00
[2026-09-23 12:17:46,212] {scheduler_job.py:190} INFO - Processing /home/airflow/.local/lib/python3.6/site-packages/airflow/example_dags/example_trigger_controller_dag.py took 0.093 seconds
[2026-09-23 12:18:16,737] {scheduler_job.py:182} INFO - Started process (PID=2895) to work on /home/airflow/.local/lib/python3.6/site-packages/airflow/example_dags/example_trigger_controller_dag.py
[2026-09-23 12:18:16,738] {scheduler_job.py:629} INFO - Processing file /home/airflow/.local/lib/python3.6/site-packages/airflow/example_dags/example_trigger_controller_dag.py for tasks to queue
[2026-09-23 12:18:16,739] {logging_mixin.py:104} INFO - [2026-09-23 12:18:16,739] {dagbag.py:451} INFO - Filling up the DagBag from /home/airflow/.local/lib/python3.6/site-packages/airflow/example_dags/example_trigger_controller_dag.py
[2026-09-23 12:18:16,753] {scheduler_job.py:639} INFO - DAG(s) dict_keys(['example_trigger_controller_dag']) retrieved from /home/airflow/.local/lib/python3.6/site-packages/airflow/example_dags/example_trigger_controller_dag.py
[2026-09-23 12:18:16,779] {logging_mixin.py:104} INFO - [2026-09-23 12:18:16,779] {dag.py:1824} INFO - Sync 1 DAGs
[2026-09-23 12:18:16,799] {logging_mixin.py:104} INFO - [2026-09-23 12:18:16,799] {dag.py:2280} INFO - Setting next_dagrun for example_trigger_controller_dag to 2026-09-21 00:00:00+00:00
[2026-09-23 12:18:16,816] {scheduler_job.py:190} INFO - Processing /home/airflow/.local/lib/python3.6/site-packages/airflow/example_dags/example_trigger_controller_dag.py took 0.083 seconds
[2026-09-23 12:18:47,245] {scheduler_job.py:182} INFO - Started process (PID=2921) to work on /home/airflow/.local/lib/python3.6/site-packages/airflow/example_dags/example_trigger_controller_dag.py
[2026-09-23 12:18:47,246] {scheduler_job.py:629} INFO - Processing file /home/airflow/.local/lib/python3.6/site-packages/airflow/example_dags/example_trigger_controller_dag.py for tasks to queue
[2026-09-23 12:18:47,247] {logging_mixin.py:104} INFO - [2026-09-23 12:18:47,247] {dagbag.py:451} INFO - Filling up the DagBag from /home/airflow/.local/lib/python3.6/site-packages/airflow/example_dags/example_trigger_controller_dag.py
[2026-09-23 12:18:47,262] {scheduler_job.py:639} INFO - DAG(s) dict_keys(['example_trigger_controller_dag']) retrieved from /home/airflow/.local/lib/python3.6/site-packages/airflow/example_dags/example_trigger_controller_dag.py
[2026-09-23 12:18:47,289] {logging_mixin.py:104} INFO - [2026-09-23 12:18:47,289] {dag.py:1824} INFO - Sync 1 DAGs
[2026-09-23 12:18:47,311] {logging_mixin.py:104} INFO - [2026-09-23 12:18:47,311] {dag.py:2280} INFO - Setting next_dagrun for example_trigger_controller_dag to 2026-09-21 00:00:00+00:00
[2026-09-23 12:18:47,332] {scheduler_job.py:190} INFO - Processing /home/airflow/.local/lib/python3.6/site-packages/airflow/example_dags/example_trigger_controller_dag.py took 0.092 seconds
[2026-09-23 12:19:17,895] {scheduler_job.py:182} INFO - Started process (PID=2947) to work on /home/airflow/.local/lib/python3.6/site-packages/airflow/example_dags/example_trigger_controller_dag.py
[2026-09-23 12:19:17,896] {scheduler_job.py:629} INFO - Processing file /home/airflow/.local/lib/python3.6/site-packages/airflow/example_dags/example_trigger_controller_dag.py for tasks to queue
[2026-09-23 12:19:17,899] {logging_mixin.py:104} INFO - [2026-09-23 12:19:17,897] {dagbag.py:451} INFO - Filling up the DagBag from /home/airflow/.local/lib/python3.6/site-packages/airflow/example_dags/example_trigger_controller_dag.py
[2026-09-23 12:19:17,917] {scheduler_job.py:639} INFO - DAG(s) dict_keys(['example_trigger_controller_dag']) retrieved from /home/airflow/.local/lib/python3.6/site-packages/airflow/example_dags/example_trigger_controller_dag.py
[2026-09-23 12:19:17,948] {logging_mixin.py:104} INFO - [2026-09-23 12:19:17,948] {dag.py:1824} INFO - Sync 1 DAGs
[2026-09-23 12:19:17,974] {logging_mixin.py:104} INFO - [2026-09-23 12:19:17,974] {dag.py:2280} INFO - Setting next_dagrun for example_trigger_controller_dag to 2026-09-21 00:00:00+00:00
[2026-09-23 12:19:17,995] {scheduler_job.py:190} INFO - Processing /home/airflow/.local/lib/python3.6/site-packages/airflow/example_dags/example_trigger_controller_dag.py took 0.105 seconds
[2026-09-23 12:19:48,713] {scheduler_job.py:182} INFO - Started process (PID=2973) to work on /home/airflow/.local/lib/python3.6/site-packages/airflow/example_dags/example_trigger_controller_dag.py
[2026-09-23 12:19:48,715] {scheduler_job.py:629} INFO - Processing file /home/airflow/.local/lib/python3.6/site-packages/airflow/example_dags/example_trigger_controller_dag.py for tasks to queue
[2026-09-23 12:19:48,715] {logging_mixin.py:104} INFO - [2026-09-23 12:19:48,715] {dagbag.py:451} INFO - Filling up the DagBag from /home/airflow/.local/lib/python3.6/site-packages/airflow/example_dags/example_trigger_controller_dag.py
[2026-09-23 12:19:48,732] {scheduler_job.py:639} INFO - DAG(s) dict_keys(['example_trigger_controller_dag']) retrieved from /home/airflow/.local/lib/python3.6/site-packages/airflow/example_dags/example_trigger_controller_dag.py
[2026-09-23 12:19:48,762] {logging_mixin.py:104} INFO - [2026-09-23 12:19:48,762] {dag.py:1824} INFO - Sync 1 DAGs
[2026-09-23 12:19:48,785] {logging_mixin.py:104} INFO - [2026-09-23 12:19:48,785] {dag.py:2280} INFO - Setting next_dagrun for example_trigger_controller_dag to 2026-09-21 00:00:00+00:00
[2026-09-23 12:19:48,804] {scheduler_job.py:190} INFO - Processing /home/airflow/.local/lib/python3.6/site-packages/airflow/example_dags/example_trigger_controller_dag.py took 0.095 seconds
[2026-09-23 12:20:19,660] {scheduler_job.py:182} INFO - Started process (PID=2999) to work on /home/airflow/.local/lib/python3.6/site-packages/airflow/example_dags/example_trigger_controller_dag.py
[2026-09-23 12:20:19,662] {scheduler_job.py:629} INFO - Processing file /home/airflow/.local/lib/python3.6/site-packages/airflow/example_dags/example_trigger_controller_dag.py for tasks to queue
[2026-09-23 12:20:19,663] {logging_mixin.py:104} INFO - [2026-09-23 12:20:19,663] {dagbag.py:451} INFO - Filling up the DagBag from /home/airflow/.local/lib/python3.6/site-packages/airflow/example_dags/example_trigger_controller_dag.py
[2026-09-23 12:20:19,679] {scheduler_job.py:639} INFO - DAG(s) dict_keys(['example_trigger_controller_dag']) retrieved from /home/airflow/.local/lib/python3.6/site-packages/airflow/example_dags/example_trigger_controller_dag.py
[2026-09-23 12:20:19,715] {logging_mixin.py:104} INFO - [2026-09-23 12:20:19,714] {dag.py:1824} INFO - Sync 1 DAGs
[2026-09-23 12:20:19,748] {logging_mixin.py:104} INFO - [2026-09-23 12:20:19,748] {dag.py:2280} INFO - Setting next_dagrun for example_trigger_controller_dag to 2026-09-21 00:00:00+00:00
[2026-09-23 12:20:19,767] {scheduler_job.py:190} INFO - Processing /home/airflow/.local/lib/python3.6/site-packages/airflow/example_dags/example_trigger_controller_dag.py took 0.112 seconds
[2026-09-23 12:20:50,257] {scheduler_job.py:182} INFO - Started process (PID=3025) to work on /home/airflow/.local/lib/python3.6/site-packages/airflow/example_dags/example_trigger_controller_dag.py
[2026-09-23 12:20:50,259] {scheduler_job.py:629} INFO - Processing file /home/airflow/.local/lib/python3.6/site-packages/airflow/example_dags/example_trigger_controller_dag.py for tasks to queue
[2026-09-23 12:20:50,260] {logging_mixin.py:104} INFO - [2026-09-23 12:20:50,259] {dagbag.py:451} INFO - Filling up the DagBag from /home/airflow/.local/lib/python3.6/site-packages/airflow/example_dags/example_trigger_controller_dag.py
[2026-09-23 12:20:50,275] {scheduler_job.py:639} INFO - DAG(s) dict_keys(['example_trigger_controller_dag']) retrieved from /home/airflow/.local/lib/python3.6/site-packages/airflow/example_dags/example_trigger_controller_dag.py
[2026-09-23 12:20:50,304] {logging_mixin.py:104} INFO - [2026-09-23 12:20:50,304] {dag.py:1824} INFO - Sync 1 DAGs
[2026-09-23 12:20:50,326] {logging_mixin.py:104} INFO - [2026-09-23 12:20:50,326] {dag.py:2280} INFO - Setting next_dagrun for example_trigger_controller_dag to 2026-09-21 00:00:00+00:00
[2026-09-23 12:20:50,344] {scheduler_job.py:190} INFO - Processing /home/airflow/.local/lib/python3.6/site-packages/airflow/example_dags/example_trigger_controller_dag.py took 0.092 seconds
[2026-09-23 12:21:20,962] {scheduler_job.py:182} INFO - Started process (PID=3051) to work on /home/airflow/.local/lib/python3.6/site-packages/airflow/example_dags/example_trigger_controller_dag.py
[2026-09-23 12:21:20,964] {scheduler_job.py:629} INFO - Processing file /home/airflow/.local/lib/python3.6/site-packages/airflow/example_dags/example_trigger_controller_dag.py for tasks to queue
[2026-09-23 12:21:20,964] {logging_mixin.py:104} INFO - [2026-09-23 12:21:20,964] {dagbag.py:451} INFO - Filling up the DagBag from /home/airflow/.local/lib/python3.6/site-packages/airflow/example_dags/example_trigger_controller_dag.py
[2026-09-23 12:21:20,979] {scheduler_job.py:639} INFO - DAG(s) dict_keys(['example_trigger_controller_dag']) retrieved from /home/airflow/.local/lib/python3.6/site-packages/airflow/example_dags/example_trigger_controller_dag.py
[2026-09-23 12:21:21,009] {logging_mixin.py:104} INFO - [2026-09-23 12:21:21,009] {dag.py:1824} INFO - Sync 1 DAGs
[2026-09-23 12:21:21,036] {logging_mixin.py:104} INFO - [2026-09-23 12:21:21,036] {dag.py:2280} INFO - Setting next_dagrun for example_trigger_controller_dag to 2026-09-21 00:00:00+00:00
[2026-09-23 12:21:21,052] {scheduler_job.py:190} INFO - Processing /home/airflow/.local/lib/python3.6/site-packages/airflow/example_dags/example_trigger_controller_dag.py took 0.094 seconds
[2026-09-23 12:21:51,487] {scheduler_job.py:182} INFO - Started process (PID=3077) to work on /home/airflow/.local/lib/python3.6/site-packages/airflow/example_dags/example_trigger_controller_dag.py
[2026-09-23 12:21:51,489] {scheduler_job.py:629} INFO - Processing file /home/airflow/.local/lib/python3.6/site-packages/airflow/example_dags/example_trigger_controller_dag.py for tasks to queue
[2026-09-23 12:21:51,489] {logging_mixin.py:104} INFO - [2026-09-23 12:21:51,489] {dagbag.py:451} INFO - Filling up the DagBag from /home/airflow/.local/lib/python3.6/site-packages/airflow/example_dags/example_trigger_controller_dag.py
[2026-09-23 12:21:51,508] {scheduler_job.py:639} INFO - DAG(s) dict_keys(['example_trigger_controller_dag']) retrieved from /home/airflow/.local/lib/python3.6/site-packages/airflow/example_dags/example_trigger_controller_dag.py
[2026-09-23 12:21:51,536] {logging_mixin.py:104} INFO - [2026-09-23 12:21:51,535] {dag.py:1824} INFO - Sync 1 DAGs
[2026-09-23 12:21:51,557] {logging_mixin.py:104} INFO - [2026-09-23 12:21:51,557] {dag.py:2280} INFO - Setting next_dagrun for example_trigger_controller_dag to 2026-09-21 00:00:00+00:00
[2026-09-23 12:21:51,576] {scheduler_job.py:190} INFO - Processing /home/airflow/.local/lib/python3.6/site-packages/airflow/example_dags/example_trigger_controller_dag.py took 0.092 seconds
[2026-09-23 12:22:21,960] {scheduler_job.py:182} INFO - Started process (PID=3103) to work on /home/airflow/.local/lib/python3.6/site-packages/airflow/example_dags/example_trigger_controller_dag.py
[2026-09-23 12:22:21,961] {scheduler_job.py:629} INFO - Processing file /home/airflow/.local/lib/python3.6/site-packages/airflow/example_dags/example_trigger_controller_dag.py for tasks to queue
[2026-09-23 12:22:21,962] {logging_mixin.py:104} INFO - [2026-09-23 12:22:21,961] {dagbag.py:451} INFO - Filling up the DagBag from /home/airflow/.local/lib/python3.6/site-packages/airflow/example_dags/example_trigger_controller_dag.py
[2026-09-23 12:22:21,975] {scheduler_job.py:639} INFO - DAG(s) dict_keys(['example_trigger_controller_dag']) retrieved from /home/airflow/.local/lib/python3.6/site-packages/airflow/example_dags/example_trigger_controller_dag.py
[2026-09-23 12:22:22,000] {logging_mixin.py:104} INFO - [2026-09-23 12:22:22,000] {dag.py:1824} INFO - Sync 1 DAGs
[2026-09-23 12:22:22,021] {logging_mixin.py:104} INFO - [2026-09-23 12:22:22,020] {dag.py:2280} INFO - Setting next_dagrun for example_trigger_controller_dag to 2026-09-21 00:00:00+00:00
[2026-09-23 12:22:22,033] {scheduler_job.py:190} INFO - Processing /home/airflow/.local/lib/python3.6/site-packages/airflow/example_dags/example_trigger_controller_dag.py took 0.077 seconds
[2026-09-23 12:22:52,444] {scheduler_job.py:182} INFO - Started process (PID=3129) to work on /home/airflow/.local/lib/python3.6/site-packages/airflow/example_dags/example_trigger_controller_dag.py
[2026-09-23 12:22:52,446] {scheduler_job.py:629} INFO - Processing file /home/airflow/.local/lib/python3.6/site-packages/airflow/example_dags/example_trigger_controller_dag.py for tasks to queue
[2026-09-23 12:22:52,447] {logging_mixin.py:104} INFO - [2026-09-23 12:22:52,447] {dagbag.py:451} INFO - Filling up the DagBag from /home/airflow/.local/lib/python3.6/site-packages/airflow/example_dags/example_trigger_controller_dag.py
[2026-09-23 12:22:52,464] {scheduler_job.py:639} INFO - DAG(s) dict_keys(['example_trigger_controller_dag']) retrieved from /home/airflow/.local/lib/python3.6/site-packages/airflow/example_dags/example_trigger_controller_dag.py
[2026-09-23 12:22:52,492] {logging_mixin.py:104} INFO - [2026-09-23 12:22:52,492] {dag.py:1824} INFO - Sync 1 DAGs
[2026-09-23 12:22:52,517] {logging_mixin.py:104} INFO - [2026-09-23 12:22:52,517] {dag.py:2280} INFO - Setting next_dagrun for example_trigger_controller_dag to 2026-09-21 00:00:00+00:00
[2026-09-23 12:22:52,535] {scheduler_job.py:190} INFO - Processing /home/airflow/.local/lib/python3.6/site-packages/airflow/example_dags/example_trigger_controller_dag.py took 0.096 seconds
[2026-09-23 12:23:23,056] {scheduler_job.py:182} INFO - Started process (PID=3155) to work on /home/airflow/.local/lib/python3.6/site-packages/airflow/example_dags/example_trigger_controller_dag.py
[2026-09-23 12:23:23,058] {scheduler_job.py:629} INFO - Processing file /home/airflow/.local/lib/python3.6/site-packages/airflow/example_dags/example_trigger_controller_dag.py for tasks to queue
[2026-09-23 12:23:23,059] {logging_mixin.py:104} INFO - [2026-09-23 12:23:23,058] {dagbag.py:451} INFO - Filling up the DagBag from /home/airflow/.local/lib/python3.6/site-packages/airflow/example_dags/example_trigger_controller_dag.py
[2026-09-23 12:23:23,074] {scheduler_job.py:639} INFO - DAG(s) dict_keys(['example_trigger_controller_dag']) retrieved from /home/airflow/.local/lib/python3.6/site-packages/airflow/example_dags/example_trigger_controller_dag.py
[2026-09-23 12:23:23,102] {logging_mixin.py:104} INFO - [2026-09-23 12:23:23,102] {dag.py:1824} INFO - Sync 1 DAGs
[2026-09-23 12:23:23,124] {logging_mixin.py:104} INFO - [2026-09-23 12:23:23,124] {dag.py:2280} INFO - Setting next_dagrun for example_trigger_controller_dag to 2026-09-21 00:00:00+00:00
[2026-09-23 12:23:23,141] {scheduler_job.py:190} INFO - Processing /home/airflow/.local/lib/python3.6/site-packages/airflow/example_dags/example_trigger_controller_dag.py took 0.089 seconds
[2026-09-23 12:23:53,490] {scheduler_job.py:182} INFO - Started process (PID=3181) to work on /home/airflow/.local/lib/python3.6/site-packages/airflow/example_dags/example_trigger_controller_dag.py
[2026-09-23 12:23:53,492] {scheduler_job.py:629} INFO - Processing file /home/airflow/.local/lib/python3.6/site-packages/airflow/example_dags/example_trigger_controller_dag.py for tasks to queue
[2026-09-23 12:23:53,493] {logging_mixin.py:104} INFO - [2026-09-23 12:23:53,493] {dagbag.py:451} INFO - Filling up the DagBag from /home/airflow/.local/lib/python3.6/site-packages/airflow/example_dags/example_trigger_controller_dag.py
[2026-09-23 12:23:53,509] {scheduler_job.py:639} INFO - DAG(s) dict_keys(['example_trigger_controller_dag']) retrieved from /home/airflow/.local/lib/python3.6/site-packages/airflow/example_dags/example_trigger_controller_dag.py
[2026-09-23 12:23:53,533] {logging_mixin.py:104} INFO - [2026-09-23 12:23:53,533] {dag.py:1824} INFO - Sync 1 DAGs
[2026-09-23 12:23:53,554] {logging_mixin.py:104} INFO - [2026-09-23 12:23:53,553] {dag.py:2280} INFO - Setting next_dagrun for example_trigger_controller_dag to 2026-09-21 00:00:00+00:00
[2026-09-23 12:23:53,570] {scheduler_job.py:190} INFO - Processing /home/airflow/.local/lib/python3.6/site-packages/airflow/example_dags/example_trigger_controller_dag.py took 0.085 seconds
[2026-09-23 12:24:24,607] {scheduler_job.py:182} INFO - Started process (PID=3207) to work on /home/airflow/.local/lib/python3.6/site-packages/airflow/example_dags/example_trigger_controller_dag.py
[2026-09-23 12:24:24,609] {scheduler_job.py:629} INFO - Processing file /home/airflow/.local/lib/python3.6/site-packages/airflow/example_dags/example_trigger_controller_dag.py for tasks to queue
[2026-09-23 12:24:24,610] {logging_mixin.py:104} INFO - [2026-09-23 12:24:24,610] {dagbag.py:451} INFO - Filling up the DagBag from /home/airflow/.local/lib/python3.6/site-packages/airflow/example_dags/example_trigger_controller_dag.py
[2026-09-23 12:24:24,629] {scheduler_job.py:639} INFO - DAG(s) dict_keys(['example_trigger_controller_dag']) retrieved from /home/airflow/.local/lib/python3.6/site-packages/airflow/example_dags/example_trigger_controller_dag.py
[2026-09-23 12:24:24,669] {logging_mixin.py:104} INFO - [2026-09-23 12:24:24,668] {dag.py:1824} INFO - Sync 1 DAGs
[2026-09-23 12:24:24,702] {logging_mixin.py:104} INFO - [2026-09-23 12:24:24,702] {dag.py:2280} INFO - Setting next_dagrun for example_trigger_controller_dag to 2026-09-21 00:00:00+00:00
[2026-09-23 12:24:24,726] {scheduler_job.py:190} INFO - Processing /home/airflow/.local/lib/python3.6/site-packages/airflow/example_dags/example_trigger_controller_dag.py took 0.124 seconds
[2026-09-23 12:24:55,416] {scheduler_job.py:182} INFO - Started process (PID=3233) to work on /home/airflow/.local/lib/python3.6/site-packages/airflow/example_dags/example_trigger_controller_dag.py
[2026-09-23 12:24:55,418] {scheduler_job.py:629} INFO - Processing file /home/airflow/.local/lib/python3.6/site-packages/airflow/example_dags/example_trigger_controller_dag.py for tasks to queue
[2026-09-23 12:24:55,419] {logging_mixin.py:104} INFO - [2026-09-23 12:24:55,418] {dagbag.py:451} INFO - Filling up the DagBag from /home/airflow/.local/lib/python3.6/site-packages/airflow/example_dags/example_trigger_controller_dag.py
[2026-09-23 12:24:55,433] {scheduler_job.py:639} INFO - DAG(s) dict_keys(['example_trigger_controller_dag']) retrieved from /home/airflow/.local/lib/python3.6/site-packages/airflow/example_dags/example_trigger_controller_dag.py
[2026-09-23 12:24:55,461] {logging_mixin.py:104} INFO - [2026-09-23 12:24:55,461] {dag.py:1824} INFO - Sync 1 DAGs
[2026-09-23 12:24:55,483] {logging_mixin.py:104} INFO - [2026-09-23 12:24:55,483] {dag.py:2280} INFO - Setting next_dagrun for example_trigger_controller_dag to 2026-09-21 00:00:00+00:00
[2026-09-23 12:24:55,500] {scheduler_job.py:190} INFO - Processing /home/airflow/.local/lib/python3.6/site-packages/airflow/example_dags/example_trigger_controller_dag.py took 0.088 seconds
[2026-09-23 12:25:25,913] {scheduler_job.py:182} INFO - Started process (PID=3259) to work on /home/airflow/.local/lib/python3.6/site-packages/airflow/example_dags/example_trigger_controller_dag.py
[2026-09-23 12:25:25,914] {scheduler_job.py:629} INFO - Processing file /home/airflow/.local/lib/python3.6/site-packages/airflow/example_dags/example_trigger_controller_dag.py for tasks to queue
[2026-09-23 12:25:25,916] {logging_mixin.py:104} INFO - [2026-09-23 12:25:25,916] {dagbag.py:451} INFO - Filling up the DagBag from /home/airflow/.local/lib/python3.6/site-packages/airflow/example_dags/example_trigger_controller_dag.py
[2026-09-23 12:25:25,932] {scheduler_job.py:639} INFO - DAG(s) dict_keys(['example_trigger_controller_dag']) retrieved from /home/airflow/.local/lib/python3.6/site-packages/airflow/example_dags/example_trigger_controller_dag.py
[2026-09-23 12:25:25,961] {logging_mixin.py:104} INFO - [2026-09-23 12:25:25,960] {dag.py:1824} INFO - Sync 1 DAGs
[2026-09-23 12:25:25,984] {logging_mixin.py:104} INFO - [2026-09-23 12:25:25,984] {dag.py:2280} INFO - Setting next_dagrun for example_trigger_controller_dag to 2026-09-21 00:00:00+00:00
[2026-09-23 12:25:26,001] {scheduler_job.py:190} INFO - Processing /home/airflow/.local/lib/python3.6/site-packages/airflow/example_dags/example_trigger_controller_dag.py took 0.093 seconds
[2026-09-23 12:47:02,838] {scheduler_job.py:182} INFO - Started process (PID=3283) to work on /home/airflow/.local/lib/python3.6/site-packages/airflow/example_dags/example_trigger_controller_dag.py
[2026-09-23 12:47:02,842] {scheduler_job.py:629} INFO - Processing file /home/airflow/.local/lib/python3.6/site-packages/airflow/example_dags/example_trigger_controller_dag.py for tasks to queue
[2026-09-23 12:47:02,843] {logging_mixin.py:104} INFO - [2026-09-23 12:47:02,843] {dagbag.py:451} INFO - Filling up the DagBag from /home/airflow/.local/lib/python3.6/site-packages/airflow/example_dags/example_trigger_controller_dag.py
[2026-09-23 12:47:02,877] {scheduler_job.py:639} INFO - DAG(s) dict_keys(['example_trigger_controller_dag']) retrieved from /home/airflow/.local/lib/python3.6/site-packages/airflow/example_dags/example_trigger_controller_dag.py
[2026-09-23 12:47:02,989] {logging_mixin.py:104} INFO - [2026-09-23 12:47:02,989] {dag.py:1824} INFO - Sync 1 DAGs
[2026-09-23 12:47:03,052] {logging_mixin.py:104} INFO - [2026-09-23 12:47:03,051] {dag.py:2280} INFO - Setting next_dagrun for example_trigger_controller_dag to 2026-09-21 00:00:00+00:00
[2026-09-23 12:47:03,083] {scheduler_job.py:190} INFO - Processing /home/airflow/.local/lib/python3.6/site-packages/airflow/example_dags/example_trigger_controller_dag.py took 0.255 seconds
