[2026-09-23 11:22:12,611] {scheduler_job.py:182} INFO - Started process (PID=36) to work on /home/airflow/.local/lib/python3.6/site-packages/airflow/example_dags/example_python_operator.py
[2026-09-23 11:22:12,616] {scheduler_job.py:629} INFO - Processing file /home/airflow/.local/lib/python3.6/site-packages/airflow/example_dags/example_python_operator.py for tasks to queue
[2026-09-23 11:22:12,618] {logging_mixin.py:104} INFO - [2026-09-23 11:22:12,618] {dagbag.py:451} INFO - Filling up the DagBag from /home/airflow/.local/lib/python3.6/site-packages/airflow/example_dags/example_python_operator.py
[2026-09-23 11:22:12,655] {scheduler_job.py:639} INFO - DAG(s) dict_keys(['example_python_operator']) retrieved from /home/airflow/.local/lib/python3.6/site-packages/airflow/example_dags/example_python_operator.py
[2026-09-23 11:22:12,709] {logging_mixin.py:104} INFO - [2026-09-23 11:22:12,708] {dag.py:1824} INFO - Sync 1 DAGs
[2026-09-23 11:22:12,741] {logging_mixin.py:104} INFO - [2026-09-23 11:22:12,741] {dag.py:2280} INFO - Setting next_dagrun for example_python_operator to None
[2026-09-23 11:22:12,771] {scheduler_job.py:190} INFO - Processing /home/airflow/.local/lib/python3.6/site-packages/airflow/example_dags/example_python_operator.py took 0.174 seconds
[2026-09-23 11:22:43,915] {scheduler_job.py:182} INFO - Started process (PID=66) to work on /home/airflow/.local/lib/python3.6/site-packages/airflow/example_dags/example_python_operator.py
[2026-09-23 11:22:43,916] {scheduler_job.py:629} INFO - Processing file /home/airflow/.local/lib/python3.6/site-packages/airflow/example_dags/example_python_operator.py for tasks to queue
[2026-09-23 11:22:43,917] {logging_mixin.py:104} INFO - [2026-09-23 11:22:43,917] {dagbag.py:451} INFO - Filling up the DagBag from /home/airflow/.local/lib/python3.6/site-packages/airflow/example_dags/example_python_operator.py
[2026-09-23 11:22:43,933] {scheduler_job.py:639} INFO - DAG(s) dict_keys(['example_python_operator']) retrieved from /home/airflow/.local/lib/python3.6/site-packages/airflow/example_dags/example_python_operator.py
[2026-09-23 11:22:43,960] {logging_mixin.py:104} INFO - [2026-09-23 11:22:43,960] {dag.py:1824} INFO - Sync 1 DAGs
[2026-09-23 11:22:43,982] {logging_mixin.py:104} INFO - [2026-09-23 11:22:43,982] {dag.py:2280} INFO - Setting next_dagrun for example_python_operator to None
[2026-09-23 11:22:44,001] {scheduler_job.py:190} INFO - Processing /home/airflow/.local/lib/python3.6/site-packages/airflow/example_dags/example_python_operator.py took 0.089 seconds
[2026-09-23 11:23:14,988] {scheduler_job.py:182} INFO - Started process (PID=96) to work on /home/airflow/.local/lib/python3.6/site-packages/airflow/example_dags/example_python_operator.py
[2026-09-23 11:23:14,989] {scheduler_job.py:629} INFO - Processing file /home/airflow/.local/lib/python3.6/site-packages/airflow/example_dags/example_python_operator.py for tasks to queue
[2026-09-23 11:23:14,990] {logging_mixin.py:104} INFO - [2026-09-23 11:23:14,990] {dagbag.py:451} INFO - Filling up the DagBag from /home/airflow/.local/lib/python3.6/site-packages/airflow/example_dags/example_python_operator.py
[2026-09-23 11:23:15,013] {scheduler_job.py:639} INFO - DAG(s) dict_keys(['example_python_operator']) retrieved from /home/airflow/.local/lib/python3.6/site-packages/airflow/example_dags/example_python_operator.py
[2026-09-23 11:23:15,047] {logging_mixin.py:104} INFO - [2026-09-23 11:23:15,047] {dag.py:1824} INFO - Sync 1 DAGs
[2026-09-23 11:23:15,072] {logging_mixin.py:104} INFO - [2026-09-23 11:23:15,071] {dag.py:2280} INFO - Setting next_dagrun for example_python_operator to None
[2026-09-23 11:23:15,112] {scheduler_job.py:190} INFO - Processing /home/airflow/.local/lib/python3.6/site-packages/airflow/example_dags/example_python_operator.py took 0.130 seconds
[2026-09-23 11:23:45,978] {scheduler_job.py:182} INFO - Started process (PID=123) to work on /home/airflow/.local/lib/python3.6/site-packages/airflow/example_dags/example_python_operator.py
[2026-09-23 11:23:45,980] {scheduler_job.py:629} INFO - Processing file /home/airflow/.local/lib/python3.6/site-packages/airflow/example_dags/example_python_operator.py for tasks to queue
[2026-09-23 11:23:45,981] {logging_mixin.py:104} INFO - [2026-09-23 11:23:45,981] {dagbag.py:451} INFO - Filling up the DagBag from /home/airflow/.local/lib/python3.6/site-packages/airflow/example_dags/example_python_operator.py
[2026-09-23 11:23:46,002] {scheduler_job.py:639} INFO - DAG(s) dict_keys(['example_python_operator']) retrieved from /home/airflow/.local/lib/python3.6/site-packages/airflow/example_dags/example_python_operator.py
[2026-09-23 11:23:46,031] {logging_mixin.py:104} INFO - [2026-09-23 11:23:46,030] {dag.py:1824} INFO - Sync 1 DAGs
[2026-09-23 11:23:46,053] {logging_mixin.py:104} INFO - [2026-09-23 11:23:46,053] {dag.py:2280} INFO - Setting next_dagrun for example_python_operator to None
[2026-09-23 11:23:46,068] {scheduler_job.py:190} INFO - Processing /home/airflow/.local/lib/python3.6/site-packages/airflow/example_dags/example_python_operator.py took 0.095 seconds
[2026-09-23 11:24:16,814] {scheduler_job.py:182} INFO - Started process (PID=150) to work on /home/airflow/.local/lib/python3.6/site-packages/airflow/example_dags/example_python_operator.py
[2026-09-23 11:24:16,815] {scheduler_job.py:629} INFO - Processing file /home/airflow/.local/lib/python3.6/site-packages/airflow/example_dags/example_python_operator.py for tasks to queue
[2026-09-23 11:24:16,816] {logging_mixin.py:104} INFO - [2026-09-23 11:24:16,816] {dagbag.py:451} INFO - Filling up the DagBag from /home/airflow/.local/lib/python3.6/site-packages/airflow/example_dags/example_python_operator.py
[2026-09-23 11:24:16,835] {scheduler_job.py:639} INFO - DAG(s) dict_keys(['example_python_operator']) retrieved from /home/airflow/.local/lib/python3.6/site-packages/airflow/example_dags/example_python_operator.py
[2026-09-23 11:24:16,861] {logging_mixin.py:104} INFO - [2026-09-23 11:24:16,861] {dag.py:1824} INFO - Sync 1 DAGs
[2026-09-23 11:24:16,881] {logging_mixin.py:104} INFO - [2026-09-23 11:24:16,881] {dag.py:2280} INFO - Setting next_dagrun for example_python_operator to None
[2026-09-23 11:24:16,901] {scheduler_job.py:190} INFO - Processing /home/airflow/.local/lib/python3.6/site-packages/airflow/example_dags/example_python_operator.py took 0.093 seconds
[2026-09-23 11:24:47,374] {scheduler_job.py:182} INFO - Started process (PID=175) to work on /home/airflow/.local/lib/python3.6/site-packages/airflow/example_dags/example_python_operator.py
[2026-09-23 11:24:47,375] {scheduler_job.py:629} INFO - Processing file /home/airflow/.local/lib/python3.6/site-packages/airflow/example_dags/example_python_operator.py for tasks to queue
[2026-09-23 11:24:47,376] {logging_mixin.py:104} INFO - [2026-09-23 11:24:47,376] {dagbag.py:451} INFO - Filling up the DagBag from /home/airflow/.local/lib/python3.6/site-packages/airflow/example_dags/example_python_operator.py
[2026-09-23 11:24:47,393] {scheduler_job.py:639} INFO - DAG(s) dict_keys(['example_python_operator']) retrieved from /home/airflow/.local/lib/python3.6/site-packages/airflow/example_dags/example_python_operator.py
[2026-09-23 11:24:47,420] {logging_mixin.py:104} INFO - [2026-09-23 11:24:47,420] {dag.py:1824} INFO - Sync 1 DAGs
[2026-09-23 11:24:47,440] {logging_mixin.py:104} INFO - [2026-09-23 11:24:47,440] {dag.py:2280} INFO - Setting next_dagrun for example_python_operator to None
[2026-09-23 11:24:47,457] {scheduler_job.py:190} INFO - Processing /home/airflow/.local/lib/python3.6/site-packages/airflow/example_dags/example_python_operator.py took 0.087 seconds
[2026-09-23 11:25:17,824] {scheduler_job.py:182} INFO - Started process (PID=200) to work on /home/airflow/.local/lib/python3.6/site-packages/airflow/example_dags/example_python_operator.py
[2026-09-23 11:25:17,826] {scheduler_job.py:629} INFO - Processing file /home/airflow/.local/lib/python3.6/site-packages/airflow/example_dags/example_python_operator.py for tasks to queue
[2026-09-23 11:25:17,826] {logging_mixin.py:104} INFO - [2026-09-23 11:25:17,826] {dagbag.py:451} INFO - Filling up the DagBag from /home/airflow/.local/lib/python3.6/site-packages/airflow/example_dags/example_python_operator.py
[2026-09-23 11:25:17,848] {scheduler_job.py:639} INFO - DAG(s) dict_keys(['example_python_operator']) retrieved from /home/airflow/.local/lib/python3.6/site-packages/airflow/example_dags/example_python_operator.py
[2026-09-23 11:25:17,880] {logging_mixin.py:104} INFO - [2026-09-23 11:25:17,880] {dag.py:1824} INFO - Sync 1 DAGs
[2026-09-23 11:25:17,906] {logging_mixin.py:104} INFO - [2026-09-23 11:25:17,905] {dag.py:2280} INFO - Setting next_dagrun for example_python_operator to None
[2026-09-23 11:25:17,922] {scheduler_job.py:190} INFO - Processing /home/airflow/.local/lib/python3.6/site-packages/airflow/example_dags/example_python_operator.py took 0.102 seconds
[2026-09-23 11:25:48,445] {scheduler_job.py:182} INFO - Started process (PID=228) to work on /home/airflow/.local/lib/python3.6/site-packages/airflow/example_dags/example_python_operator.py
[2026-09-23 11:25:48,446] {scheduler_job.py:629} INFO - Processing file /home/airflow/.local/lib/python3.6/site-packages/airflow/example_dags/example_python_operator.py for tasks to queue
[2026-09-23 11:25:48,447] {logging_mixin.py:104} INFO - [2026-09-23 11:25:48,447] {dagbag.py:451} INFO - Filling up the DagBag from /home/airflow/.local/lib/python3.6/site-packages/airflow/example_dags/example_python_operator.py
[2026-09-23 11:25:48,466] {scheduler_job.py:639} INFO - DAG(s) dict_keys(['example_python_operator']) retrieved from /home/airflow/.local/lib/python3.6/site-packages/airflow/example_dags/example_python_operator.py
[2026-09-23 11:25:48,498] {logging_mixin.py:104} INFO - [2026-09-23 11:25:48,497] {dag.py:1824} INFO - Sync 1 DAGs
[2026-09-23 11:25:48,522] {logging_mixin.py:104} INFO - [2026-09-23 11:25:48,522] {dag.py:2280} INFO - Setting next_dagrun for example_python_operator to None
[2026-09-23 11:25:48,543] {scheduler_job.py:190} INFO - Processing /home/airflow/.local/lib/python3.6/site-packages/airflow/example_dags/example_python_operator.py took 0.103 seconds
[2026-09-23 11:26:19,038] {scheduler_job.py:182} INFO - Started process (PID=254) to work on /home/airflow/.local/lib/python3.6/site-packages/airflow/example_dags/example_python_operator.py
[2026-09-23 11:26:19,039] {scheduler_job.py:629} INFO - Processing file /home/airflow/.local/lib/python3.6/site-packages/airflow/example_dags/example_python_operator.py for tasks to queue
[2026-09-23 11:26:19,040] {logging_mixin.py:104} INFO - [2026-09-23 11:26:19,039] {dagbag.py:451} INFO - Filling up the DagBag from /home/airflow/.local/lib/python3.6/site-packages/airflow/example_dags/example_python_operator.py
[2026-09-23 11:26:19,055] {scheduler_job.py:639} INFO - DAG(s) dict_keys(['example_python_operator']) retrieved from /home/airflow/.local/lib/python3.6/site-packages/airflow/example_dags/example_python_operator.py
[2026-09-23 11:26:19,079] {logging_mixin.py:104} INFO - [2026-09-23 11:26:19,079] {dag.py:1824} INFO - Sync 1 DAGs
[2026-09-23 11:26:19,096] {logging_mixin.py:104} INFO - [2026-09-23 11:26:19,096] {dag.py:2280} INFO - Setting next_dagrun for example_python_operator to None
[2026-09-23 11:26:19,111] {scheduler_job.py:190} INFO - Processing /home/airflow/.local/lib/python3.6/site-packages/airflow/example_dags/example_python_operator.py took 0.077 seconds
[2026-09-23 11:26:49,795] {scheduler_job.py:182} INFO - Started process (PID=280) to work on /home/airflow/.local/lib/python3.6/site-packages/airflow/example_dags/example_python_operator.py
[2026-09-23 11:26:49,797] {scheduler_job.py:629} INFO - Processing file /home/airflow/.local/lib/python3.6/site-packages/airflow/example_dags/example_python_operator.py for tasks to queue
[2026-09-23 11:26:49,799] {logging_mixin.py:104} INFO - [2026-09-23 11:26:49,799] {dagbag.py:451} INFO - Filling up the DagBag from /home/airflow/.local/lib/python3.6/site-packages/airflow/example_dags/example_python_operator.py
[2026-09-23 11:26:49,823] {scheduler_job.py:639} INFO - DAG(s) dict_keys(['example_python_operator']) retrieved from /home/airflow/.local/lib/python3.6/site-packages/airflow/example_dags/example_python_operator.py
[2026-09-23 11:26:49,853] {logging_mixin.py:104} INFO - [2026-09-23 11:26:49,853] {dag.py:1824} INFO - Sync 1 DAGs
[2026-09-23 11:26:49,876] {logging_mixin.py:104} INFO - [2026-09-23 11:26:49,876] {dag.py:2280} INFO - Setting next_dagrun for example_python_operator to None
[2026-09-23 11:26:49,890] {scheduler_job.py:190} INFO - Processing /home/airflow/.local/lib/python3.6/site-packages/airflow/example_dags/example_python_operator.py took 0.100 seconds
[2026-09-23 11:27:20,634] {scheduler_job.py:182} INFO - Started process (PID=306) to work on /home/airflow/.local/lib/python3.6/site-packages/airflow/example_dags/example_python_operator.py
[2026-09-23 11:27:20,635] {scheduler_job.py:629} INFO - Processing file /home/airflow/.local/lib/python3.6/site-packages/airflow/example_dags/example_python_operator.py for tasks to queue
[2026-09-23 11:27:20,636] {logging_mixin.py:104} INFO - [2026-09-23 11:27:20,636] {dagbag.py:451} INFO - Filling up the DagBag from /home/airflow/.local/lib/python3.6/site-packages/airflow/example_dags/example_python_operator.py
[2026-09-23 11:27:20,655] {scheduler_job.py:639} INFO - DAG(s) dict_keys(['example_python_operator']) retrieved from /home/airflow/.local/lib/python3.6/site-packages/airflow/example_dags/example_python_operator.py
[2026-09-23 11:27:20,684] {logging_mixin.py:104} INFO - [2026-09-23 11:27:20,683] {dag.py:1824} INFO - Sync 1 DAGs
[2026-09-23 11:27:20,707] {logging_mixin.py:104} INFO - [2026-09-23 11:27:20,707] {dag.py:2280} INFO - Setting next_dagrun for example_python_operator to None
[2026-09-23 11:27:20,720] {scheduler_job.py:190} INFO - Processing /home/airflow/.local/lib/python3.6/site-packages/airflow/example_dags/example_python_operator.py took 0.091 seconds
[2026-09-23 11:27:51,574] {scheduler_job.py:182} INFO - Started process (PID=331) to work on /home/airflow/.local/lib/python3.6/site-packages/airflow/example_dags/example_python_operator.py
[2026-09-23 11:27:51,577] {scheduler_job.py:629} INFO - Processing file /home/airflow/.local/lib/python3.6/site-packages/airflow/example_dags/example_python_operator.py for tasks to queue
[2026-09-23 11:27:51,578] {logging_mixin.py:104} INFO - [2026-09-23 11:27:51,578] {dagbag.py:451} INFO - Filling up the DagBag from /home/airflow/.local/lib/python3.6/site-packages/airflow/example_dags/example_python_operator.py
[2026-09-23 11:27:51,609] {scheduler_job.py:639} INFO - DAG(s) dict_keys(['example_python_operator']) retrieved from /home/airflow/.local/lib/python3.6/site-packages/airflow/example_dags/example_python_operator.py
[2026-09-23 11:27:51,654] {logging_mixin.py:104} INFO - [2026-09-23 11:27:51,654] {dag.py:1824} INFO - Sync 1 DAGs
[2026-09-23 11:27:51,682] {logging_mixin.py:104} INFO - [2026-09-23 11:27:51,682] {dag.py:2280} INFO - Setting next_dagrun for example_python_operator to None
[2026-09-23 11:27:51,706] {scheduler_job.py:190} INFO - Processing /home/airflow/.local/lib/python3.6/site-packages/airflow/example_dags/example_python_operator.py took 0.139 seconds
[2026-09-23 11:28:21,779] {scheduler_job.py:182} INFO - Started process (PID=358) to work on /home/airflow/.local/lib/python3.6/site-packages/airflow/example_dags/example_python_operator.py
[2026-09-23 11:28:21,780] {scheduler_job.py:629} INFO - Processing file /home/airflow/.local/lib/python3.6/site-packages/airflow/example_dags/example_python_operator.py for tasks to queue
[2026-09-23 11:28:21,781] {logging_mixin.py:104} INFO - [2026-09-23 11:28:21,781] {dagbag.py:451} INFO - Filling up the DagBag from /home/airflow/.local/lib/python3.6/site-packages/airflow/example_dags/example_python_operator.py
[2026-09-23 11:28:21,806] {scheduler_job.py:639} INFO - DAG(s) dict_keys(['example_python_operator']) retrieved from /home/airflow/.local/lib/python3.6/site-packages/airflow/example_dags/example_python_operator.py
[2026-09-23 11:28:21,847] {logging_mixin.py:104} INFO - [2026-09-23 11:28:21,846] {dag.py:1824} INFO - Sync 1 DAGs
[2026-09-23 11:28:21,874] {logging_mixin.py:104} INFO - [2026-09-23 11:28:21,874] {dag.py:2280} INFO - Setting next_dagrun for example_python_operator to None
[2026-09-23 11:28:21,892] {scheduler_job.py:190} INFO - Processing /home/airflow/.local/lib/python3.6/site-packages/airflow/example_dags/example_python_operator.py took 0.120 seconds
[2026-09-23 11:28:52,412] {scheduler_job.py:182} INFO - Started process (PID=383) to work on /home/airflow/.local/lib/python3.6/site-packages/airflow/example_dags/example_python_operator.py
[2026-09-23 11:28:52,413] {scheduler_job.py:629} INFO - Processing file /home/airflow/.local/lib/python3.6/site-packages/airflow/example_dags/example_python_operator.py for tasks to queue
[2026-09-23 11:28:52,414] {logging_mixin.py:104} INFO - [2026-09-23 11:28:52,414] {dagbag.py:451} INFO - Filling up the DagBag from /home/airflow/.local/lib/python3.6/site-packages/airflow/example_dags/example_python_operator.py
[2026-09-23 11:28:52,435] {scheduler_job.py:639} INFO - DAG(s) dict_keys(['example_python_operator']) retrieved from /home/airflow/.local/lib/python3.6/site-packages/airflow/example_dags/example_python_operator.py
[2026-09-23 11:28:52,469] {logging_mixin.py:104} INFO - [2026-09-23 11:28:52,468] {dag.py:1824} INFO - Sync 1 DAGs
[2026-09-23 11:28:52,497] {logging_mixin.py:104} INFO - [2026-09-23 11:28:52,496] {dag.py:2280} INFO - Setting next_dagrun for example_python_operator to None
[2026-09-23 11:28:52,514] {scheduler_job.py:190} INFO - Processing /home/airflow/.local/lib/python3.6/site-packages/airflow/example_dags/example_python_operator.py took 0.106 seconds
[2026-09-23 11:29:23,031] {scheduler_job.py:182} INFO - Started process (PID=410) to work on /home/airflow/.local/lib/python3.6/site-packages/airflow/example_dags/example_python_operator.py
[2026-09-23 11:29:23,032] {scheduler_job.py:629} INFO - Processing file /home/airflow/.local/lib/python3.6/site-packages/airflow/example_dags/example_python_operator.py for tasks to queue
[2026-09-23 11:29:23,033] {logging_mixin.py:104} INFO - [2026-09-23 11:29:23,033] {dagbag.py:451} INFO - Filling up the DagBag from /home/airflow/.local/lib/python3.6/site-packages/airflow/example_dags/example_python_operator.py
[2026-09-23 11:29:23,048] {scheduler_job.py:639} INFO - DAG(s) dict_keys(['example_python_operator']) retrieved from /home/airflow/.local/lib/python3.6/site-packages/airflow/example_dags/example_python_operator.py
[2026-09-23 11:29:23,070] {logging_mixin.py:104} INFO - [2026-09-23 11:29:23,070] {dag.py:1824} INFO - Sync 1 DAGs
[2026-09-23 11:29:23,088] {logging_mixin.py:104} INFO - [2026-09-23 11:29:23,088] {dag.py:2280} INFO - Setting next_dagrun for example_python_operator to None
[2026-09-23 11:29:23,103] {scheduler_job.py:190} INFO - Processing /home/airflow/.local/lib/python3.6/site-packages/airflow/example_dags/example_python_operator.py took 0.076 seconds
[2026-09-23 11:29:53,676] {scheduler_job.py:182} INFO - Started process (PID=436) to work on /home/airflow/.local/lib/python3.6/site-packages/airflow/example_dags/example_python_operator.py
[2026-09-23 11:29:53,677] {scheduler_job.py:629} INFO - Processing file /home/airflow/.local/lib/python3.6/site-packages/airflow/example_dags/example_python_operator.py for tasks to queue
[2026-09-23 11:29:53,678] {logging_mixin.py:104} INFO - [2026-09-23 11:29:53,678] {dagbag.py:451} INFO - Filling up the DagBag from /home/airflow/.local/lib/python3.6/site-packages/airflow/example_dags/example_python_operator.py
[2026-09-23 11:29:53,700] {scheduler_job.py:639} INFO - DAG(s) dict_keys(['example_python_operator']) retrieved from /home/airflow/.local/lib/python3.6/site-packages/airflow/example_dags/example_python_operator.py
[2026-09-23 11:29:53,733] {logging_mixin.py:104} INFO - [2026-09-23 11:29:53,732] {dag.py:1824} INFO - Sync 1 DAGs
[2026-09-23 11:29:53,762] {logging_mixin.py:104} INFO - [2026-09-23 11:29:53,761] {dag.py:2280} INFO - Setting next_dagrun for example_python_operator to None
[2026-09-23 11:29:53,786] {scheduler_job.py:190} INFO - Processing /home/airflow/.local/lib/python3.6/site-packages/airflow/example_dags/example_python_operator.py took 0.115 seconds
[2026-09-23 11:30:24,246] {scheduler_job.py:182} INFO - Started process (PID=461) to work on /home/airflow/.local/lib/python3.6/site-packages/airflow/example_dags/example_python_operator.py
[2026-09-23 11:30:24,247] {scheduler_job.py:629} INFO - Processing file /home/airflow/.local/lib/python3.6/site-packages/airflow/example_dags/example_python_operator.py for tasks to queue
[2026-09-23 11:30:24,248] {logging_mixin.py:104} INFO - [2026-09-23 11:30:24,248] {dagbag.py:451} INFO - Filling up the DagBag from /home/airflow/.local/lib/python3.6/site-packages/airflow/example_dags/example_python_operator.py
[2026-09-23 11:30:24,270] {scheduler_job.py:639} INFO - DAG(s) dict_keys(['example_python_operator']) retrieved from /home/airflow/.local/lib/python3.6/site-packages/airflow/example_dags/example_python_operator.py
[2026-09-23 11:30:24,299] {logging_mixin.py:104} INFO - [2026-09-23 11:30:24,299] {dag.py:1824} INFO - Sync 1 DAGs
[2026-09-23 11:30:24,319] {logging_mixin.py:104} INFO - [2026-09-23 11:30:24,319] {dag.py:2280} INFO - Setting next_dagrun for example_python_operator to None
[2026-09-23 11:30:24,343] {scheduler_job.py:190} INFO - Processing /home/airflow/.local/lib/python3.6/site-packages/airflow/example_dags/example_python_operator.py took 0.101 seconds
[2026-09-23 11:30:54,886] {scheduler_job.py:182} INFO - Started process (PID=487) to work on /home/airflow/.local/lib/python3.6/site-packages/airflow/example_dags/example_python_operator.py
[2026-09-23 11:30:54,887] {scheduler_job.py:629} INFO - Processing file /home/airflow/.local/lib/python3.6/site-packages/airflow/example_dags/example_python_operator.py for tasks to queue
[2026-09-23 11:30:54,888] {logging_mixin.py:104} INFO - [2026-09-23 11:30:54,888] {dagbag.py:451} INFO - Filling up the DagBag from /home/airflow/.local/lib/python3.6/site-packages/airflow/example_dags/example_python_operator.py
[2026-09-23 11:30:54,906] {scheduler_job.py:639} INFO - DAG(s) dict_keys(['example_python_operator']) retrieved from /home/airflow/.local/lib/python3.6/site-packages/airflow/example_dags/example_python_operator.py
[2026-09-23 11:30:54,937] {logging_mixin.py:104} INFO - [2026-09-23 11:30:54,937] {dag.py:1824} INFO - Sync 1 DAGs
[2026-09-23 11:30:54,961] {logging_mixin.py:104} INFO - [2026-09-23 11:30:54,960] {dag.py:2280} INFO - Setting next_dagrun for example_python_operator to None
[2026-09-23 11:30:54,980] {scheduler_job.py:190} INFO - Processing /home/airflow/.local/lib/python3.6/site-packages/airflow/example_dags/example_python_operator.py took 0.098 seconds
[2026-09-23 11:31:25,425] {scheduler_job.py:182} INFO - Started process (PID=514) to work on /home/airflow/.local/lib/python3.6/site-packages/airflow/example_dags/example_python_operator.py
[2026-09-23 11:31:25,426] {scheduler_job.py:629} INFO - Processing file /home/airflow/.local/lib/python3.6/site-packages/airflow/example_dags/example_python_operator.py for tasks to queue
[2026-09-23 11:31:25,427] {logging_mixin.py:104} INFO - [2026-09-23 11:31:25,426] {dagbag.py:451} INFO - Filling up the DagBag from /home/airflow/.local/lib/python3.6/site-packages/airflow/example_dags/example_python_operator.py
[2026-09-23 11:31:25,443] {scheduler_job.py:639} INFO - DAG(s) dict_keys(['example_python_operator']) retrieved from /home/airflow/.local/lib/python3.6/site-packages/airflow/example_dags/example_python_operator.py
[2026-09-23 11:31:25,467] {logging_mixin.py:104} INFO - [2026-09-23 11:31:25,467] {dag.py:1824} INFO - Sync 1 DAGs
[2026-09-23 11:31:25,488] {logging_mixin.py:104} INFO - [2026-09-23 11:31:25,488] {dag.py:2280} INFO - Setting next_dagrun for example_python_operator to None
[2026-09-23 11:31:25,501] {scheduler_job.py:190} INFO - Processing /home/airflow/.local/lib/python3.6/site-packages/airflow/example_dags/example_python_operator.py took 0.080 seconds
[2026-09-23 11:31:55,930] {scheduler_job.py:182} INFO - Started process (PID=540) to work on /home/airflow/.local/lib/python3.6/site-packages/airflow/example_dags/example_python_operator.py
[2026-09-23 11:31:55,931] {scheduler_job.py:629} INFO - Processing file /home/airflow/.local/lib/python3.6/site-packages/airflow/example_dags/example_python_operator.py for tasks to queue
[2026-09-23 11:31:55,932] {logging_mixin.py:104} INFO - [2026-09-23 11:31:55,932] {dagbag.py:451} INFO - Filling up the DagBag from /home/airflow/.local/lib/python3.6/site-packages/airflow/example_dags/example_python_operator.py
[2026-09-23 11:31:55,948] {scheduler_job.py:639} INFO - DAG(s) dict_keys(['example_python_operator']) retrieved from /home/airflow/.local/lib/python3.6/site-packages/airflow/example_dags/example_python_operator.py
[2026-09-23 11:31:55,979] {logging_mixin.py:104} INFO - [2026-09-23 11:31:55,979] {dag.py:1824} INFO - Sync 1 DAGs
[2026-09-23 11:31:56,007] {logging_mixin.py:104} INFO - [2026-09-23 11:31:56,007] {dag.py:2280} INFO - Setting next_dagrun for example_python_operator to None
[2026-09-23 11:31:56,022] {scheduler_job.py:190} INFO - Processing /home/airflow/.local/lib/python3.6/site-packages/airflow/example_dags/example_python_operator.py took 0.096 seconds
[2026-09-23 11:32:26,455] {scheduler_job.py:182} INFO - Started process (PID=566) to work on /home/airflow/.local/lib/python3.6/site-packages/airflow/example_dags/example_python_operator.py
[2026-09-23 11:32:26,456] {scheduler_job.py:629} INFO - Processing file /home/airflow/.local/lib/python3.6/site-packages/airflow/example_dags/example_python_operator.py for tasks to queue
[2026-09-23 11:32:26,457] {logging_mixin.py:104} INFO - [2026-09-23 11:32:26,457] {dagbag.py:451} INFO - Filling up the DagBag from /home/airflow/.local/lib/python3.6/site-packages/airflow/example_dags/example_python_operator.py
[2026-09-23 11:32:26,474] {scheduler_job.py:639} INFO - DAG(s) dict_keys(['example_python_operator']) retrieved from /home/airflow/.local/lib/python3.6/site-packages/airflow/example_dags/example_python_operator.py
[2026-09-23 11:32:26,498] {logging_mixin.py:104} INFO - [2026-09-23 11:32:26,498] {dag.py:1824} INFO - Sync 1 DAGs
[2026-09-23 11:32:26,518] {logging_mixin.py:104} INFO - [2026-09-23 11:32:26,517] {dag.py:2280} INFO - Setting next_dagrun for example_python_operator to None
[2026-09-23 11:32:26,533] {scheduler_job.py:190} INFO - Processing /home/airflow/.local/lib/python3.6/site-packages/airflow/example_dags/example_python_operator.py took 0.082 seconds
[2026-09-23 11:32:56,953] {scheduler_job.py:182} INFO - Started process (PID=592) to work on /home/airflow/.local/lib/python3.6/site-packages/airflow/example_dags/example_python_operator.py
[2026-09-23 11:32:56,955] {scheduler_job.py:629} INFO - Processing file /home/airflow/.local/lib/python3.6/site-packages/airflow/example_dags/example_python_operator.py for tasks to queue
[2026-09-23 11:32:56,955] {logging_mixin.py:104} INFO - [2026-09-23 11:32:56,955] {dagbag.py:451} INFO - Filling up the DagBag from /home/airflow/.local/lib/python3.6/site-packages/airflow/example_dags/example_python_operator.py
[2026-09-23 11:32:56,972] {scheduler_job.py:639} INFO - DAG(s) dict_keys(['example_python_operator']) retrieved from /home/airflow/.local/lib/python3.6/site-packages/airflow/example_dags/example_python_operator.py
[2026-09-23 11:32:56,997] {logging_mixin.py:104} INFO - [2026-09-23 11:32:56,997] {dag.py:1824} INFO - Sync 1 DAGs
[2026-09-23 11:32:57,021] {logging_mixin.py:104} INFO - [2026-09-23 11:32:57,021] {dag.py:2280} INFO - Setting next_dagrun for example_python_operator to None
[2026-09-23 11:32:57,037] {scheduler_job.py:190} INFO - Processing /home/airflow/.local/lib/python3.6/site-packages/airflow/example_dags/example_python_operator.py took 0.088 seconds
[2026-09-23 11:33:27,542] {scheduler_job.py:182} INFO - Started process (PID=618) to work on /home/airflow/.local/lib/python3.6/site-packages/airflow/example_dags/example_python_operator.py
[2026-09-23 11:33:27,543] {scheduler_job.py:629} INFO - Processing file /home/airflow/.local/lib/python3.6/site-packages/airflow/example_dags/example_python_operator.py for tasks to queue
[2026-09-23 11:33:27,543] {logging_mixin.py:104} INFO - [2026-09-23 11:33:27,543] {dagbag.py:451} INFO - Filling up the DagBag from /home/airflow/.local/lib/python3.6/site-packages/airflow/example_dags/example_python_operator.py
[2026-09-23 11:33:27,560] {scheduler_job.py:639} INFO - DAG(s) dict_keys(['example_python_operator']) retrieved from /home/airflow/.local/lib/python3.6/site-packages/airflow/example_dags/example_python_operator.py
[2026-09-23 11:33:27,583] {logging_mixin.py:104} INFO - [2026-09-23 11:33:27,583] {dag.py:1824} INFO - Sync 1 DAGs
[2026-09-23 11:33:27,602] {logging_mixin.py:104} INFO - [2026-09-23 11:33:27,602] {dag.py:2280} INFO - Setting next_dagrun for example_python_operator to None
[2026-09-23 11:33:27,617] {scheduler_job.py:190} INFO - Processing /home/airflow/.local/lib/python3.6/site-packages/airflow/example_dags/example_python_operator.py took 0.079 seconds
[2026-09-23 11:33:57,969] {scheduler_job.py:182} INFO - Started process (PID=643) to work on /home/airflow/.local/lib/python3.6/site-packages/airflow/example_dags/example_python_operator.py
[2026-09-23 11:33:57,970] {scheduler_job.py:629} INFO - Processing file /home/airflow/.local/lib/python3.6/site-packages/airflow/example_dags/example_python_operator.py for tasks to queue
[2026-09-23 11:33:57,971] {logging_mixin.py:104} INFO - [2026-09-23 11:33:57,971] {dagbag.py:451} INFO - Filling up the DagBag from /home/airflow/.local/lib/python3.6/site-packages/airflow/example_dags/example_python_operator.py
[2026-09-23 11:33:57,989] {scheduler_job.py:639} INFO - DAG(s) dict_keys(['example_python_operator']) retrieved from /home/airflow/.local/lib/python3.6/site-packages/airflow/example_dags/example_python_operator.py
[2026-09-23 11:33:58,019] {logging_mixin.py:104} INFO - [2026-09-23 11:33:58,019] {dag.py:1824} INFO - Sync 1 DAGs
[2026-09-23 11:33:58,040] {logging_mixin.py:104} INFO - [2026-09-23 11:33:58,040] {dag.py:2280} INFO - Setting next_dagrun for example_python_operator to None
[2026-09-23 11:33:58,058] {scheduler_job.py:190} INFO - Processing /home/airflow/.local/lib/python3.6/site-packages/airflow/example_dags/example_python_operator.py took 0.094 seconds
[2026-09-23 11:34:28,719] {scheduler_job.py:182} INFO - Started process (PID=670) to work on /home/airflow/.local/lib/python3.6/site-packages/airflow/example_dags/example_python_operator.py
[2026-09-23 11:34:28,722] {scheduler_job.py:629} INFO - Processing file /home/airflow/.local/lib/python3.6/site-packages/airflow/example_dags/example_python_operator.py for tasks to queue
[2026-09-23 11:34:28,723] {logging_mixin.py:104} INFO - [2026-09-23 11:34:28,723] {dagbag.py:451} INFO - Filling up the DagBag from /home/airflow/.local/lib/python3.6/site-packages/airflow/example_dags/example_python_operator.py
[2026-09-23 11:34:28,744] {scheduler_job.py:639} INFO - DAG(s) dict_keys(['example_python_operator']) retrieved from /home/airflow/.local/lib/python3.6/site-packages/airflow/example_dags/example_python_operator.py
[2026-09-23 11:34:28,770] {logging_mixin.py:104} INFO - [2026-09-23 11:34:28,770] {dag.py:1824} INFO - Sync 1 DAGs
[2026-09-23 11:34:28,786] {logging_mixin.py:104} INFO - [2026-09-23 11:34:28,786] {dag.py:2280} INFO - Setting next_dagrun for example_python_operator to None
[2026-09-23 11:34:28,801] {scheduler_job.py:190} INFO - Processing /home/airflow/.local/lib/python3.6/site-packages/airflow/example_dags/example_python_operator.py took 0.087 seconds
[2026-09-23 11:34:59,186] {scheduler_job.py:182} INFO - Started process (PID=695) to work on /home/airflow/.local/lib/python3.6/site-packages/airflow/example_dags/example_python_operator.py
[2026-09-23 11:34:59,188] {scheduler_job.py:629} INFO - Processing file /home/airflow/.local/lib/python3.6/site-packages/airflow/example_dags/example_python_operator.py for tasks to queue
[2026-09-23 11:34:59,189] {logging_mixin.py:104} INFO - [2026-09-23 11:34:59,189] {dagbag.py:451} INFO - Filling up the DagBag from /home/airflow/.local/lib/python3.6/site-packages/airflow/example_dags/example_python_operator.py
[2026-09-23 11:34:59,206] {scheduler_job.py:639} INFO - DAG(s) dict_keys(['example_python_operator']) retrieved from /home/airflow/.local/lib/python3.6/site-packages/airflow/example_dags/example_python_operator.py
[2026-09-23 11:34:59,231] {logging_mixin.py:104} INFO - [2026-09-23 11:34:59,231] {dag.py:1824} INFO - Sync 1 DAGs
[2026-09-23 11:34:59,249] {logging_mixin.py:104} INFO - [2026-09-23 11:34:59,249] {dag.py:2280} INFO - Setting next_dagrun for example_python_operator to None
[2026-09-23 11:34:59,269] {scheduler_job.py:190} INFO - Processing /home/airflow/.local/lib/python3.6/site-packages/airflow/example_dags/example_python_operator.py took 0.087 seconds
[2026-09-23 11:35:30,164] {scheduler_job.py:182} INFO - Started process (PID=721) to work on /home/airflow/.local/lib/python3.6/site-packages/airflow/example_dags/example_python_operator.py
[2026-09-23 11:35:30,166] {scheduler_job.py:629} INFO - Processing file /home/airflow/.local/lib/python3.6/site-packages/airflow/example_dags/example_python_operator.py for tasks to queue
[2026-09-23 11:35:30,167] {logging_mixin.py:104} INFO - [2026-09-23 11:35:30,167] {dagbag.py:451} INFO - Filling up the DagBag from /home/airflow/.local/lib/python3.6/site-packages/airflow/example_dags/example_python_operator.py
[2026-09-23 11:35:30,191] {scheduler_job.py:639} INFO - DAG(s) dict_keys(['example_python_operator']) retrieved from /home/airflow/.local/lib/python3.6/site-packages/airflow/example_dags/example_python_operator.py
[2026-09-23 11:35:30,233] {logging_mixin.py:104} INFO - [2026-09-23 11:35:30,233] {dag.py:1824} INFO - Sync 1 DAGs
[2026-09-23 11:35:30,260] {logging_mixin.py:104} INFO - [2026-09-23 11:35:30,260] {dag.py:2280} INFO - Setting next_dagrun for example_python_operator to None
[2026-09-23 11:35:30,283] {scheduler_job.py:190} INFO - Processing /home/airflow/.local/lib/python3.6/site-packages/airflow/example_dags/example_python_operator.py took 0.127 seconds
[2026-09-23 11:36:00,637] {scheduler_job.py:182} INFO - Started process (PID=748) to work on /home/airflow/.local/lib/python3.6/site-packages/airflow/example_dags/example_python_operator.py
[2026-09-23 11:36:00,638] {scheduler_job.py:629} INFO - Processing file /home/airflow/.local/lib/python3.6/site-packages/airflow/example_dags/example_python_operator.py for tasks to queue
[2026-09-23 11:36:00,639] {logging_mixin.py:104} INFO - [2026-09-23 11:36:00,639] {dagbag.py:451} INFO - Filling up the DagBag from /home/airflow/.local/lib/python3.6/site-packages/airflow/example_dags/example_python_operator.py
[2026-09-23 11:36:00,655] {scheduler_job.py:639} INFO - DAG(s) dict_keys(['example_python_operator']) retrieved from /home/airflow/.local/lib/python3.6/site-packages/airflow/example_dags/example_python_operator.py
[2026-09-23 11:36:00,680] {logging_mixin.py:104} INFO - [2026-09-23 11:36:00,680] {dag.py:1824} INFO - Sync 1 DAGs
[2026-09-23 11:36:00,698] {logging_mixin.py:104} INFO - [2026-09-23 11:36:00,698] {dag.py:2280} INFO - Setting next_dagrun for example_python_operator to None
[2026-09-23 11:36:00,722] {scheduler_job.py:190} INFO - Processing /home/airflow/.local/lib/python3.6/site-packages/airflow/example_dags/example_python_operator.py took 0.089 seconds
[2026-09-23 11:36:31,210] {scheduler_job.py:182} INFO - Started process (PID=774) to work on /home/airflow/.local/lib/python3.6/site-packages/airflow/example_dags/example_python_operator.py
[2026-09-23 11:36:31,211] {scheduler_job.py:629} INFO - Processing file /home/airflow/.local/lib/python3.6/site-packages/airflow/example_dags/example_python_operator.py for tasks to queue
[2026-09-23 11:36:31,213] {logging_mixin.py:104} INFO - [2026-09-23 11:36:31,212] {dagbag.py:451} INFO - Filling up the DagBag from /home/airflow/.local/lib/python3.6/site-packages/airflow/example_dags/example_python_operator.py
[2026-09-23 11:36:31,243] {scheduler_job.py:639} INFO - DAG(s) dict_keys(['example_python_operator']) retrieved from /home/airflow/.local/lib/python3.6/site-packages/airflow/example_dags/example_python_operator.py
[2026-09-23 11:36:31,284] {logging_mixin.py:104} INFO - [2026-09-23 11:36:31,283] {dag.py:1824} INFO - Sync 1 DAGs
[2026-09-23 11:36:31,317] {logging_mixin.py:104} INFO - [2026-09-23 11:36:31,317] {dag.py:2280} INFO - Setting next_dagrun for example_python_operator to None
[2026-09-23 11:36:31,347] {scheduler_job.py:190} INFO - Processing /home/airflow/.local/lib/python3.6/site-packages/airflow/example_dags/example_python_operator.py took 0.143 seconds
[2026-09-23 11:37:01,591] {scheduler_job.py:182} INFO - Started process (PID=800) to work on /home/airflow/.local/lib/python3.6/site-packages/airflow/example_dags/example_python_operator.py
[2026-09-23 11:37:01,594] {scheduler_job.py:629} INFO - Processing file /home/airflow/.local/lib/python3.6/site-packages/airflow/example_dags/example_python_operator.py for tasks to queue
[2026-09-23 11:37:01,595] {logging_mixin.py:104} INFO - [2026-09-23 11:37:01,595] {dagbag.py:451} INFO - Filling up the DagBag from /home/airflow/.local/lib/python3.6/site-packages/airflow/example_dags/example_python_operator.py
[2026-09-23 11:37:01,627] {scheduler_job.py:639} INFO - DAG(s) dict_keys(['example_python_operator']) retrieved from /home/airflow/.local/lib/python3.6/site-packages/airflow/example_dags/example_python_operator.py
[2026-09-23 11:37:01,671] {logging_mixin.py:104} INFO - [2026-09-23 11:37:01,671] {dag.py:1824} INFO - Sync 1 DAGs
[2026-09-23 11:37:01,704] {logging_mixin.py:104} INFO - [2026-09-23 11:37:01,704] {dag.py:2280} INFO - Setting next_dagrun for example_python_operator to None
[2026-09-23 11:37:01,728] {scheduler_job.py:190} INFO - Processing /home/airflow/.local/lib/python3.6/site-packages/airflow/example_dags/example_python_operator.py took 0.143 seconds
[2026-09-23 11:37:31,858] {scheduler_job.py:182} INFO - Started process (PID=826) to work on /home/airflow/.local/lib/python3.6/site-packages/airflow/example_dags/example_python_operator.py
[2026-09-23 11:37:31,861] {scheduler_job.py:629} INFO - Processing file /home/airflow/.local/lib/python3.6/site-packages/airflow/example_dags/example_python_operator.py for tasks to queue
[2026-09-23 11:37:31,862] {logging_mixin.py:104} INFO - [2026-09-23 11:37:31,862] {dagbag.py:451} INFO - Filling up the DagBag from /home/airflow/.local/lib/python3.6/site-packages/airflow/example_dags/example_python_operator.py
[2026-09-23 11:37:31,890] {scheduler_job.py:639} INFO - DAG(s) dict_keys(['example_python_operator']) retrieved from /home/airflow/.local/lib/python3.6/site-packages/airflow/example_dags/example_python_operator.py
[2026-09-23 11:37:31,926] {logging_mixin.py:104} INFO - [2026-09-23 11:37:31,926] {dag.py:1824} INFO - Sync 1 DAGs
[2026-09-23 11:37:31,949] {logging_mixin.py:104} INFO - [2026-09-23 11:37:31,948] {dag.py:2280} INFO - Setting next_dagrun for example_python_operator to None
[2026-09-23 11:37:31,970] {scheduler_job.py:190} INFO - Processing /home/airflow/.local/lib/python3.6/site-packages/airflow/example_dags/example_python_operator.py took 0.119 seconds
[2026-09-23 11:38:02,058] {scheduler_job.py:182} INFO - Started process (PID=852) to work on /home/airflow/.local/lib/python3.6/site-packages/airflow/example_dags/example_python_operator.py
[2026-09-23 11:38:02,060] {scheduler_job.py:629} INFO - Processing file /home/airflow/.local/lib/python3.6/site-packages/airflow/example_dags/example_python_operator.py for tasks to queue
[2026-09-23 11:38:02,060] {logging_mixin.py:104} INFO - [2026-09-23 11:38:02,060] {dagbag.py:451} INFO - Filling up the DagBag from /home/airflow/.local/lib/python3.6/site-packages/airflow/example_dags/example_python_operator.py
[2026-09-23 11:38:02,085] {scheduler_job.py:639} INFO - DAG(s) dict_keys(['example_python_operator']) retrieved from /home/airflow/.local/lib/python3.6/site-packages/airflow/example_dags/example_python_operator.py
[2026-09-23 11:38:02,129] {logging_mixin.py:104} INFO - [2026-09-23 11:38:02,129] {dag.py:1824} INFO - Sync 1 DAGs
[2026-09-23 11:38:02,157] {logging_mixin.py:104} INFO - [2026-09-23 11:38:02,157] {dag.py:2280} INFO - Setting next_dagrun for example_python_operator to None
[2026-09-23 11:38:02,177] {scheduler_job.py:190} INFO - Processing /home/airflow/.local/lib/python3.6/site-packages/airflow/example_dags/example_python_operator.py took 0.124 seconds
[2026-09-23 11:38:32,584] {scheduler_job.py:182} INFO - Started process (PID=878) to work on /home/airflow/.local/lib/python3.6/site-packages/airflow/example_dags/example_python_operator.py
[2026-09-23 11:38:32,585] {scheduler_job.py:629} INFO - Processing file /home/airflow/.local/lib/python3.6/site-packages/airflow/example_dags/example_python_operator.py for tasks to queue
[2026-09-23 11:38:32,586] {logging_mixin.py:104} INFO - [2026-09-23 11:38:32,586] {dagbag.py:451} INFO - Filling up the DagBag from /home/airflow/.local/lib/python3.6/site-packages/airflow/example_dags/example_python_operator.py
[2026-09-23 11:38:32,608] {scheduler_job.py:639} INFO - DAG(s) dict_keys(['example_python_operator']) retrieved from /home/airflow/.local/lib/python3.6/site-packages/airflow/example_dags/example_python_operator.py
[2026-09-23 11:38:32,647] {logging_mixin.py:104} INFO - [2026-09-23 11:38:32,647] {dag.py:1824} INFO - Sync 1 DAGs
[2026-09-23 11:38:32,675] {logging_mixin.py:104} INFO - [2026-09-23 11:38:32,675] {dag.py:2280} INFO - Setting next_dagrun for example_python_operator to None
[2026-09-23 11:38:32,694] {scheduler_job.py:190} INFO - Processing /home/airflow/.local/lib/python3.6/site-packages/airflow/example_dags/example_python_operator.py took 0.115 seconds
[2026-09-23 11:39:03,255] {scheduler_job.py:182} INFO - Started process (PID=904) to work on /home/airflow/.local/lib/python3.6/site-packages/airflow/example_dags/example_python_operator.py
[2026-09-23 11:39:03,257] {scheduler_job.py:629} INFO - Processing file /home/airflow/.local/lib/python3.6/site-packages/airflow/example_dags/example_python_operator.py for tasks to queue
[2026-09-23 11:39:03,259] {logging_mixin.py:104} INFO - [2026-09-23 11:39:03,259] {dagbag.py:451} INFO - Filling up the DagBag from /home/airflow/.local/lib/python3.6/site-packages/airflow/example_dags/example_python_operator.py
[2026-09-23 11:39:03,298] {scheduler_job.py:639} INFO - DAG(s) dict_keys(['example_python_operator']) retrieved from /home/airflow/.local/lib/python3.6/site-packages/airflow/example_dags/example_python_operator.py
[2026-09-23 11:39:03,348] {logging_mixin.py:104} INFO - [2026-09-23 11:39:03,347] {dag.py:1824} INFO - Sync 1 DAGs
[2026-09-23 11:39:03,380] {logging_mixin.py:104} INFO - [2026-09-23 11:39:03,380] {dag.py:2280} INFO - Setting next_dagrun for example_python_operator to None
[2026-09-23 11:39:03,402] {scheduler_job.py:190} INFO - Processing /home/airflow/.local/lib/python3.6/site-packages/airflow/example_dags/example_python_operator.py took 0.154 seconds
[2026-09-23 11:39:33,545] {scheduler_job.py:182} INFO - Started process (PID=930) to work on /home/airflow/.local/lib/python3.6/site-packages/airflow/example_dags/example_python_operator.py
[2026-09-23 11:39:33,549] {scheduler_job.py:629} INFO - Processing file /home/airflow/.local/lib/python3.6/site-packages/airflow/example_dags/example_python_operator.py for tasks to queue
[2026-09-23 11:39:33,550] {logging_mixin.py:104} INFO - [2026-09-23 11:39:33,550] {dagbag.py:451} INFO - Filling up the DagBag from /home/airflow/.local/lib/python3.6/site-packages/airflow/example_dags/example_python_operator.py
[2026-09-23 11:39:33,571] {scheduler_job.py:639} INFO - DAG(s) dict_keys(['example_python_operator']) retrieved from /home/airflow/.local/lib/python3.6/site-packages/airflow/example_dags/example_python_operator.py
[2026-09-23 11:39:33,608] {logging_mixin.py:104} INFO - [2026-09-23 11:39:33,607] {dag.py:1824} INFO - Sync 1 DAGs
[2026-09-23 11:39:33,633] {logging_mixin.py:104} INFO - [2026-09-23 11:39:33,633] {dag.py:2280} INFO - Setting next_dagrun for example_python_operator to None
[2026-09-23 11:39:33,654] {scheduler_job.py:190} INFO - Processing /home/airflow/.local/lib/python3.6/site-packages/airflow/example_dags/example_python_operator.py took 0.113 seconds
[2026-09-23 11:40:04,104] {scheduler_job.py:182} INFO - Started process (PID=956) to work on /home/airflow/.local/lib/python3.6/site-packages/airflow/example_dags/example_python_operator.py
[2026-09-23 11:40:04,105] {scheduler_job.py:629} INFO - Processing file /home/airflow/.local/lib/python3.6/site-packages/airflow/example_dags/example_python_operator.py for tasks to queue
[2026-09-23 11:40:04,106] {logging_mixin.py:104} INFO - [2026-09-23 11:40:04,106] {dagbag.py:451} INFO - Filling up the DagBag from /home/airflow/.local/lib/python3.6/site-packages/airflow/example_dags/example_python_operator.py
[2026-09-23 11:40:04,125] {scheduler_job.py:639} INFO - DAG(s) dict_keys(['example_python_operator']) retrieved from /home/airflow/.local/lib/python3.6/site-packages/airflow/example_dags/example_python_operator.py
[2026-09-23 11:40:04,160] {logging_mixin.py:104} INFO - [2026-09-23 11:40:04,160] {dag.py:1824} INFO - Sync 1 DAGs
[2026-09-23 11:40:04,197] {logging_mixin.py:104} INFO - [2026-09-23 11:40:04,197] {dag.py:2280} INFO - Setting next_dagrun for example_python_operator to None
[2026-09-23 11:40:04,213] {scheduler_job.py:190} INFO - Processing /home/airflow/.local/lib/python3.6/site-packages/airflow/example_dags/example_python_operator.py took 0.115 seconds
[2026-09-23 11:40:34,484] {scheduler_job.py:182} INFO - Started process (PID=982) to work on /home/airflow/.local/lib/python3.6/site-packages/airflow/example_dags/example_python_operator.py
[2026-09-23 11:40:34,485] {scheduler_job.py:629} INFO - Processing file /home/airflow/.local/lib/python3.6/site-packages/airflow/example_dags/example_python_operator.py for tasks to queue
[2026-09-23 11:40:34,487] {logging_mixin.py:104} INFO - [2026-09-23 11:40:34,486] {dagbag.py:451} INFO - Filling up the DagBag from /home/airflow/.local/lib/python3.6/site-packages/airflow/example_dags/example_python_operator.py
[2026-09-23 11:40:34,512] {scheduler_job.py:639} INFO - DAG(s) dict_keys(['example_python_operator']) retrieved from /home/airflow/.local/lib/python3.6/site-packages/airflow/example_dags/example_python_operator.py
[2026-09-23 11:40:34,543] {logging_mixin.py:104} INFO - [2026-09-23 11:40:34,543] {dag.py:1824} INFO - Sync 1 DAGs
[2026-09-23 11:40:34,572] {logging_mixin.py:104} INFO - [2026-09-23 11:40:34,571] {dag.py:2280} INFO - Setting next_dagrun for example_python_operator to None
[2026-09-23 11:40:34,592] {scheduler_job.py:190} INFO - Processing /home/airflow/.local/lib/python3.6/site-packages/airflow/example_dags/example_python_operator.py took 0.115 seconds
[2026-09-23 11:41:04,728] {scheduler_job.py:182} INFO - Started process (PID=1006) to work on /home/airflow/.local/lib/python3.6/site-packages/airflow/example_dags/example_python_operator.py
[2026-09-23 11:41:04,730] {scheduler_job.py:629} INFO - Processing file /home/airflow/.local/lib/python3.6/site-packages/airflow/example_dags/example_python_operator.py for tasks to queue
[2026-09-23 11:41:04,731] {logging_mixin.py:104} INFO - [2026-09-23 11:41:04,731] {dagbag.py:451} INFO - Filling up the DagBag from /home/airflow/.local/lib/python3.6/site-packages/airflow/example_dags/example_python_operator.py
[2026-09-23 11:41:04,757] {scheduler_job.py:639} INFO - DAG(s) dict_keys(['example_python_operator']) retrieved from /home/airflow/.local/lib/python3.6/site-packages/airflow/example_dags/example_python_operator.py
[2026-09-23 11:41:04,819] {logging_mixin.py:104} INFO - [2026-09-23 11:41:04,818] {dag.py:1824} INFO - Sync 1 DAGs
[2026-09-23 11:41:04,849] {logging_mixin.py:104} INFO - [2026-09-23 11:41:04,849] {dag.py:2280} INFO - Setting next_dagrun for example_python_operator to None
[2026-09-23 11:41:04,882] {scheduler_job.py:190} INFO - Processing /home/airflow/.local/lib/python3.6/site-packages/airflow/example_dags/example_python_operator.py took 0.159 seconds
[2026-09-23 11:41:35,759] {scheduler_job.py:182} INFO - Started process (PID=1034) to work on /home/airflow/.local/lib/python3.6/site-packages/airflow/example_dags/example_python_operator.py
[2026-09-23 11:41:35,761] {scheduler_job.py:629} INFO - Processing file /home/airflow/.local/lib/python3.6/site-packages/airflow/example_dags/example_python_operator.py for tasks to queue
[2026-09-23 11:41:35,762] {logging_mixin.py:104} INFO - [2026-09-23 11:41:35,762] {dagbag.py:451} INFO - Filling up the DagBag from /home/airflow/.local/lib/python3.6/site-packages/airflow/example_dags/example_python_operator.py
[2026-09-23 11:41:35,790] {scheduler_job.py:639} INFO - DAG(s) dict_keys(['example_python_operator']) retrieved from /home/airflow/.local/lib/python3.6/site-packages/airflow/example_dags/example_python_operator.py
[2026-09-23 11:41:35,833] {logging_mixin.py:104} INFO - [2026-09-23 11:41:35,833] {dag.py:1824} INFO - Sync 1 DAGs
[2026-09-23 11:41:35,863] {logging_mixin.py:104} INFO - [2026-09-23 11:41:35,863] {dag.py:2280} INFO - Setting next_dagrun for example_python_operator to None
[2026-09-23 11:41:35,878] {scheduler_job.py:190} INFO - Processing /home/airflow/.local/lib/python3.6/site-packages/airflow/example_dags/example_python_operator.py took 0.125 seconds
[2026-09-23 11:42:06,654] {scheduler_job.py:182} INFO - Started process (PID=1060) to work on /home/airflow/.local/lib/python3.6/site-packages/airflow/example_dags/example_python_operator.py
[2026-09-23 11:42:06,656] {scheduler_job.py:629} INFO - Processing file /home/airflow/.local/lib/python3.6/site-packages/airflow/example_dags/example_python_operator.py for tasks to queue
[2026-09-23 11:42:06,659] {logging_mixin.py:104} INFO - [2026-09-23 11:42:06,659] {dagbag.py:451} INFO - Filling up the DagBag from /home/airflow/.local/lib/python3.6/site-packages/airflow/example_dags/example_python_operator.py
[2026-09-23 11:42:06,701] {scheduler_job.py:639} INFO - DAG(s) dict_keys(['example_python_operator']) retrieved from /home/airflow/.local/lib/python3.6/site-packages/airflow/example_dags/example_python_operator.py
[2026-09-23 11:42:06,755] {logging_mixin.py:104} INFO - [2026-09-23 11:42:06,754] {dag.py:1824} INFO - Sync 1 DAGs
[2026-09-23 11:42:06,798] {logging_mixin.py:104} INFO - [2026-09-23 11:42:06,798] {dag.py:2280} INFO - Setting next_dagrun for example_python_operator to None
[2026-09-23 11:42:06,826] {scheduler_job.py:190} INFO - Processing /home/airflow/.local/lib/python3.6/site-packages/airflow/example_dags/example_python_operator.py took 0.182 seconds
[2026-09-23 11:42:36,863] {scheduler_job.py:182} INFO - Started process (PID=1086) to work on /home/airflow/.local/lib/python3.6/site-packages/airflow/example_dags/example_python_operator.py
[2026-09-23 11:42:36,865] {scheduler_job.py:629} INFO - Processing file /home/airflow/.local/lib/python3.6/site-packages/airflow/example_dags/example_python_operator.py for tasks to queue
[2026-09-23 11:42:36,866] {logging_mixin.py:104} INFO - [2026-09-23 11:42:36,866] {dagbag.py:451} INFO - Filling up the DagBag from /home/airflow/.local/lib/python3.6/site-packages/airflow/example_dags/example_python_operator.py
[2026-09-23 11:42:36,887] {scheduler_job.py:639} INFO - DAG(s) dict_keys(['example_python_operator']) retrieved from /home/airflow/.local/lib/python3.6/site-packages/airflow/example_dags/example_python_operator.py
[2026-09-23 11:42:36,915] {logging_mixin.py:104} INFO - [2026-09-23 11:42:36,915] {dag.py:1824} INFO - Sync 1 DAGs
[2026-09-23 11:42:36,937] {logging_mixin.py:104} INFO - [2026-09-23 11:42:36,936] {dag.py:2280} INFO - Setting next_dagrun for example_python_operator to None
[2026-09-23 11:42:36,951] {scheduler_job.py:190} INFO - Processing /home/airflow/.local/lib/python3.6/site-packages/airflow/example_dags/example_python_operator.py took 0.092 seconds
[2026-09-23 11:43:08,083] {scheduler_job.py:182} INFO - Started process (PID=1111) to work on /home/airflow/.local/lib/python3.6/site-packages/airflow/example_dags/example_python_operator.py
[2026-09-23 11:43:08,087] {scheduler_job.py:629} INFO - Processing file /home/airflow/.local/lib/python3.6/site-packages/airflow/example_dags/example_python_operator.py for tasks to queue
[2026-09-23 11:43:08,088] {logging_mixin.py:104} INFO - [2026-09-23 11:43:08,088] {dagbag.py:451} INFO - Filling up the DagBag from /home/airflow/.local/lib/python3.6/site-packages/airflow/example_dags/example_python_operator.py
[2026-09-23 11:43:08,137] {scheduler_job.py:639} INFO - DAG(s) dict_keys(['example_python_operator']) retrieved from /home/airflow/.local/lib/python3.6/site-packages/airflow/example_dags/example_python_operator.py
[2026-09-23 11:43:08,196] {logging_mixin.py:104} INFO - [2026-09-23 11:43:08,196] {dag.py:1824} INFO - Sync 1 DAGs
[2026-09-23 11:43:08,238] {logging_mixin.py:104} INFO - [2026-09-23 11:43:08,238] {dag.py:2280} INFO - Setting next_dagrun for example_python_operator to None
[2026-09-23 11:43:08,271] {scheduler_job.py:190} INFO - Processing /home/airflow/.local/lib/python3.6/site-packages/airflow/example_dags/example_python_operator.py took 0.200 seconds
[2026-09-23 11:43:38,322] {scheduler_job.py:182} INFO - Started process (PID=1137) to work on /home/airflow/.local/lib/python3.6/site-packages/airflow/example_dags/example_python_operator.py
[2026-09-23 11:43:38,323] {scheduler_job.py:629} INFO - Processing file /home/airflow/.local/lib/python3.6/site-packages/airflow/example_dags/example_python_operator.py for tasks to queue
[2026-09-23 11:43:38,324] {logging_mixin.py:104} INFO - [2026-09-23 11:43:38,324] {dagbag.py:451} INFO - Filling up the DagBag from /home/airflow/.local/lib/python3.6/site-packages/airflow/example_dags/example_python_operator.py
[2026-09-23 11:43:38,343] {scheduler_job.py:639} INFO - DAG(s) dict_keys(['example_python_operator']) retrieved from /home/airflow/.local/lib/python3.6/site-packages/airflow/example_dags/example_python_operator.py
[2026-09-23 11:43:38,375] {logging_mixin.py:104} INFO - [2026-09-23 11:43:38,374] {dag.py:1824} INFO - Sync 1 DAGs
[2026-09-23 11:43:38,401] {logging_mixin.py:104} INFO - [2026-09-23 11:43:38,401] {dag.py:2280} INFO - Setting next_dagrun for example_python_operator to None
[2026-09-23 11:43:38,416] {scheduler_job.py:190} INFO - Processing /home/airflow/.local/lib/python3.6/site-packages/airflow/example_dags/example_python_operator.py took 0.100 seconds
[2026-09-23 11:44:08,587] {scheduler_job.py:182} INFO - Started process (PID=1163) to work on /home/airflow/.local/lib/python3.6/site-packages/airflow/example_dags/example_python_operator.py
[2026-09-23 11:44:08,589] {scheduler_job.py:629} INFO - Processing file /home/airflow/.local/lib/python3.6/site-packages/airflow/example_dags/example_python_operator.py for tasks to queue
[2026-09-23 11:44:08,591] {logging_mixin.py:104} INFO - [2026-09-23 11:44:08,590] {dagbag.py:451} INFO - Filling up the DagBag from /home/airflow/.local/lib/python3.6/site-packages/airflow/example_dags/example_python_operator.py
[2026-09-23 11:44:08,615] {scheduler_job.py:639} INFO - DAG(s) dict_keys(['example_python_operator']) retrieved from /home/airflow/.local/lib/python3.6/site-packages/airflow/example_dags/example_python_operator.py
[2026-09-23 11:44:08,658] {logging_mixin.py:104} INFO - [2026-09-23 11:44:08,658] {dag.py:1824} INFO - Sync 1 DAGs
[2026-09-23 11:44:08,687] {logging_mixin.py:104} INFO - [2026-09-23 11:44:08,686] {dag.py:2280} INFO - Setting next_dagrun for example_python_operator to None
[2026-09-23 11:44:08,710] {scheduler_job.py:190} INFO - Processing /home/airflow/.local/lib/python3.6/site-packages/airflow/example_dags/example_python_operator.py took 0.128 seconds
[2026-09-23 11:44:39,164] {scheduler_job.py:182} INFO - Started process (PID=1192) to work on /home/airflow/.local/lib/python3.6/site-packages/airflow/example_dags/example_python_operator.py
[2026-09-23 11:44:39,165] {scheduler_job.py:629} INFO - Processing file /home/airflow/.local/lib/python3.6/site-packages/airflow/example_dags/example_python_operator.py for tasks to queue
[2026-09-23 11:44:39,166] {logging_mixin.py:104} INFO - [2026-09-23 11:44:39,166] {dagbag.py:451} INFO - Filling up the DagBag from /home/airflow/.local/lib/python3.6/site-packages/airflow/example_dags/example_python_operator.py
[2026-09-23 11:44:39,184] {scheduler_job.py:639} INFO - DAG(s) dict_keys(['example_python_operator']) retrieved from /home/airflow/.local/lib/python3.6/site-packages/airflow/example_dags/example_python_operator.py
[2026-09-23 11:44:39,211] {logging_mixin.py:104} INFO - [2026-09-23 11:44:39,210] {dag.py:1824} INFO - Sync 1 DAGs
[2026-09-23 11:44:39,232] {logging_mixin.py:104} INFO - [2026-09-23 11:44:39,232] {dag.py:2280} INFO - Setting next_dagrun for example_python_operator to None
[2026-09-23 11:44:39,247] {scheduler_job.py:190} INFO - Processing /home/airflow/.local/lib/python3.6/site-packages/airflow/example_dags/example_python_operator.py took 0.087 seconds
[2026-09-23 11:45:10,206] {scheduler_job.py:182} INFO - Started process (PID=1217) to work on /home/airflow/.local/lib/python3.6/site-packages/airflow/example_dags/example_python_operator.py
[2026-09-23 11:45:10,208] {scheduler_job.py:629} INFO - Processing file /home/airflow/.local/lib/python3.6/site-packages/airflow/example_dags/example_python_operator.py for tasks to queue
[2026-09-23 11:45:10,209] {logging_mixin.py:104} INFO - [2026-09-23 11:45:10,209] {dagbag.py:451} INFO - Filling up the DagBag from /home/airflow/.local/lib/python3.6/site-packages/airflow/example_dags/example_python_operator.py
[2026-09-23 11:45:10,236] {scheduler_job.py:639} INFO - DAG(s) dict_keys(['example_python_operator']) retrieved from /home/airflow/.local/lib/python3.6/site-packages/airflow/example_dags/example_python_operator.py
[2026-09-23 11:45:10,283] {logging_mixin.py:104} INFO - [2026-09-23 11:45:10,283] {dag.py:1824} INFO - Sync 1 DAGs
[2026-09-23 11:45:10,318] {logging_mixin.py:104} INFO - [2026-09-23 11:45:10,317] {dag.py:2280} INFO - Setting next_dagrun for example_python_operator to None
[2026-09-23 11:45:10,344] {scheduler_job.py:190} INFO - Processing /home/airflow/.local/lib/python3.6/site-packages/airflow/example_dags/example_python_operator.py took 0.144 seconds
[2026-09-23 11:45:40,449] {scheduler_job.py:182} INFO - Started process (PID=1244) to work on /home/airflow/.local/lib/python3.6/site-packages/airflow/example_dags/example_python_operator.py
[2026-09-23 11:45:40,450] {scheduler_job.py:629} INFO - Processing file /home/airflow/.local/lib/python3.6/site-packages/airflow/example_dags/example_python_operator.py for tasks to queue
[2026-09-23 11:45:40,452] {logging_mixin.py:104} INFO - [2026-09-23 11:45:40,451] {dagbag.py:451} INFO - Filling up the DagBag from /home/airflow/.local/lib/python3.6/site-packages/airflow/example_dags/example_python_operator.py
[2026-09-23 11:45:40,476] {scheduler_job.py:639} INFO - DAG(s) dict_keys(['example_python_operator']) retrieved from /home/airflow/.local/lib/python3.6/site-packages/airflow/example_dags/example_python_operator.py
[2026-09-23 11:45:40,513] {logging_mixin.py:104} INFO - [2026-09-23 11:45:40,513] {dag.py:1824} INFO - Sync 1 DAGs
[2026-09-23 11:45:40,540] {logging_mixin.py:104} INFO - [2026-09-23 11:45:40,540] {dag.py:2280} INFO - Setting next_dagrun for example_python_operator to None
[2026-09-23 11:45:40,569] {scheduler_job.py:190} INFO - Processing /home/airflow/.local/lib/python3.6/site-packages/airflow/example_dags/example_python_operator.py took 0.125 seconds
[2026-09-23 11:46:10,609] {scheduler_job.py:182} INFO - Started process (PID=1269) to work on /home/airflow/.local/lib/python3.6/site-packages/airflow/example_dags/example_python_operator.py
[2026-09-23 11:46:10,611] {scheduler_job.py:629} INFO - Processing file /home/airflow/.local/lib/python3.6/site-packages/airflow/example_dags/example_python_operator.py for tasks to queue
[2026-09-23 11:46:10,611] {logging_mixin.py:104} INFO - [2026-09-23 11:46:10,611] {dagbag.py:451} INFO - Filling up the DagBag from /home/airflow/.local/lib/python3.6/site-packages/airflow/example_dags/example_python_operator.py
[2026-09-23 11:46:10,630] {scheduler_job.py:639} INFO - DAG(s) dict_keys(['example_python_operator']) retrieved from /home/airflow/.local/lib/python3.6/site-packages/airflow/example_dags/example_python_operator.py
[2026-09-23 11:46:10,666] {logging_mixin.py:104} INFO - [2026-09-23 11:46:10,666] {dag.py:1824} INFO - Sync 1 DAGs
[2026-09-23 11:46:10,698] {logging_mixin.py:104} INFO - [2026-09-23 11:46:10,697] {dag.py:2280} INFO - Setting next_dagrun for example_python_operator to None
[2026-09-23 11:46:10,720] {scheduler_job.py:190} INFO - Processing /home/airflow/.local/lib/python3.6/site-packages/airflow/example_dags/example_python_operator.py took 0.115 seconds
[2026-09-23 11:46:41,774] {scheduler_job.py:182} INFO - Started process (PID=1298) to work on /home/airflow/.local/lib/python3.6/site-packages/airflow/example_dags/example_python_operator.py
[2026-09-23 11:46:41,777] {scheduler_job.py:629} INFO - Processing file /home/airflow/.local/lib/python3.6/site-packages/airflow/example_dags/example_python_operator.py for tasks to queue
[2026-09-23 11:46:41,778] {logging_mixin.py:104} INFO - [2026-09-23 11:46:41,778] {dagbag.py:451} INFO - Filling up the DagBag from /home/airflow/.local/lib/python3.6/site-packages/airflow/example_dags/example_python_operator.py
[2026-09-23 11:46:41,809] {scheduler_job.py:639} INFO - DAG(s) dict_keys(['example_python_operator']) retrieved from /home/airflow/.local/lib/python3.6/site-packages/airflow/example_dags/example_python_operator.py
[2026-09-23 11:46:41,849] {logging_mixin.py:104} INFO - [2026-09-23 11:46:41,849] {dag.py:1824} INFO - Sync 1 DAGs
[2026-09-23 11:46:41,884] {logging_mixin.py:104} INFO - [2026-09-23 11:46:41,884] {dag.py:2280} INFO - Setting next_dagrun for example_python_operator to None
[2026-09-23 11:46:41,913] {scheduler_job.py:190} INFO - Processing /home/airflow/.local/lib/python3.6/site-packages/airflow/example_dags/example_python_operator.py took 0.147 seconds
[2026-09-23 11:47:12,726] {scheduler_job.py:182} INFO - Started process (PID=1325) to work on /home/airflow/.local/lib/python3.6/site-packages/airflow/example_dags/example_python_operator.py
[2026-09-23 11:47:12,728] {scheduler_job.py:629} INFO - Processing file /home/airflow/.local/lib/python3.6/site-packages/airflow/example_dags/example_python_operator.py for tasks to queue
[2026-09-23 11:47:12,729] {logging_mixin.py:104} INFO - [2026-09-23 11:47:12,728] {dagbag.py:451} INFO - Filling up the DagBag from /home/airflow/.local/lib/python3.6/site-packages/airflow/example_dags/example_python_operator.py
[2026-09-23 11:47:12,746] {scheduler_job.py:639} INFO - DAG(s) dict_keys(['example_python_operator']) retrieved from /home/airflow/.local/lib/python3.6/site-packages/airflow/example_dags/example_python_operator.py
[2026-09-23 11:47:12,771] {logging_mixin.py:104} INFO - [2026-09-23 11:47:12,770] {dag.py:1824} INFO - Sync 1 DAGs
[2026-09-23 11:47:12,791] {logging_mixin.py:104} INFO - [2026-09-23 11:47:12,791] {dag.py:2280} INFO - Setting next_dagrun for example_python_operator to None
[2026-09-23 11:47:12,807] {scheduler_job.py:190} INFO - Processing /home/airflow/.local/lib/python3.6/site-packages/airflow/example_dags/example_python_operator.py took 0.086 seconds
[2026-09-23 11:47:43,206] {scheduler_job.py:182} INFO - Started process (PID=1350) to work on /home/airflow/.local/lib/python3.6/site-packages/airflow/example_dags/example_python_operator.py
[2026-09-23 11:47:43,213] {scheduler_job.py:629} INFO - Processing file /home/airflow/.local/lib/python3.6/site-packages/airflow/example_dags/example_python_operator.py for tasks to queue
[2026-09-23 11:47:43,214] {logging_mixin.py:104} INFO - [2026-09-23 11:47:43,214] {dagbag.py:451} INFO - Filling up the DagBag from /home/airflow/.local/lib/python3.6/site-packages/airflow/example_dags/example_python_operator.py
[2026-09-23 11:47:43,241] {scheduler_job.py:639} INFO - DAG(s) dict_keys(['example_python_operator']) retrieved from /home/airflow/.local/lib/python3.6/site-packages/airflow/example_dags/example_python_operator.py
[2026-09-23 11:47:43,297] {logging_mixin.py:104} INFO - [2026-09-23 11:47:43,296] {dag.py:1824} INFO - Sync 1 DAGs
[2026-09-23 11:47:43,325] {logging_mixin.py:104} INFO - [2026-09-23 11:47:43,325] {dag.py:2280} INFO - Setting next_dagrun for example_python_operator to None
[2026-09-23 11:47:43,345] {scheduler_job.py:190} INFO - Processing /home/airflow/.local/lib/python3.6/site-packages/airflow/example_dags/example_python_operator.py took 0.150 seconds
[2026-09-23 11:48:13,639] {scheduler_job.py:182} INFO - Started process (PID=1376) to work on /home/airflow/.local/lib/python3.6/site-packages/airflow/example_dags/example_python_operator.py
[2026-09-23 11:48:13,642] {scheduler_job.py:629} INFO - Processing file /home/airflow/.local/lib/python3.6/site-packages/airflow/example_dags/example_python_operator.py for tasks to queue
[2026-09-23 11:48:13,643] {logging_mixin.py:104} INFO - [2026-09-23 11:48:13,643] {dagbag.py:451} INFO - Filling up the DagBag from /home/airflow/.local/lib/python3.6/site-packages/airflow/example_dags/example_python_operator.py
[2026-09-23 11:48:13,667] {scheduler_job.py:639} INFO - DAG(s) dict_keys(['example_python_operator']) retrieved from /home/airflow/.local/lib/python3.6/site-packages/airflow/example_dags/example_python_operator.py
[2026-09-23 11:48:13,704] {logging_mixin.py:104} INFO - [2026-09-23 11:48:13,704] {dag.py:1824} INFO - Sync 1 DAGs
[2026-09-23 11:48:13,726] {logging_mixin.py:104} INFO - [2026-09-23 11:48:13,726] {dag.py:2280} INFO - Setting next_dagrun for example_python_operator to None
[2026-09-23 11:48:13,745] {scheduler_job.py:190} INFO - Processing /home/airflow/.local/lib/python3.6/site-packages/airflow/example_dags/example_python_operator.py took 0.109 seconds
[2026-09-23 11:48:44,393] {scheduler_job.py:182} INFO - Started process (PID=1406) to work on /home/airflow/.local/lib/python3.6/site-packages/airflow/example_dags/example_python_operator.py
[2026-09-23 11:48:44,394] {scheduler_job.py:629} INFO - Processing file /home/airflow/.local/lib/python3.6/site-packages/airflow/example_dags/example_python_operator.py for tasks to queue
[2026-09-23 11:48:44,396] {logging_mixin.py:104} INFO - [2026-09-23 11:48:44,396] {dagbag.py:451} INFO - Filling up the DagBag from /home/airflow/.local/lib/python3.6/site-packages/airflow/example_dags/example_python_operator.py
[2026-09-23 11:48:44,419] {scheduler_job.py:639} INFO - DAG(s) dict_keys(['example_python_operator']) retrieved from /home/airflow/.local/lib/python3.6/site-packages/airflow/example_dags/example_python_operator.py
[2026-09-23 11:48:44,458] {logging_mixin.py:104} INFO - [2026-09-23 11:48:44,458] {dag.py:1824} INFO - Sync 1 DAGs
[2026-09-23 11:48:44,484] {logging_mixin.py:104} INFO - [2026-09-23 11:48:44,483] {dag.py:2280} INFO - Setting next_dagrun for example_python_operator to None
[2026-09-23 11:48:44,500] {scheduler_job.py:190} INFO - Processing /home/airflow/.local/lib/python3.6/site-packages/airflow/example_dags/example_python_operator.py took 0.111 seconds
[2026-09-23 11:49:15,449] {scheduler_job.py:182} INFO - Started process (PID=1432) to work on /home/airflow/.local/lib/python3.6/site-packages/airflow/example_dags/example_python_operator.py
[2026-09-23 11:49:15,450] {scheduler_job.py:629} INFO - Processing file /home/airflow/.local/lib/python3.6/site-packages/airflow/example_dags/example_python_operator.py for tasks to queue
[2026-09-23 11:49:15,453] {logging_mixin.py:104} INFO - [2026-09-23 11:49:15,451] {dagbag.py:451} INFO - Filling up the DagBag from /home/airflow/.local/lib/python3.6/site-packages/airflow/example_dags/example_python_operator.py
[2026-09-23 11:49:15,479] {scheduler_job.py:639} INFO - DAG(s) dict_keys(['example_python_operator']) retrieved from /home/airflow/.local/lib/python3.6/site-packages/airflow/example_dags/example_python_operator.py
[2026-09-23 11:49:15,517] {logging_mixin.py:104} INFO - [2026-09-23 11:49:15,517] {dag.py:1824} INFO - Sync 1 DAGs
[2026-09-23 11:49:15,550] {logging_mixin.py:104} INFO - [2026-09-23 11:49:15,549] {dag.py:2280} INFO - Setting next_dagrun for example_python_operator to None
[2026-09-23 11:49:15,574] {scheduler_job.py:190} INFO - Processing /home/airflow/.local/lib/python3.6/site-packages/airflow/example_dags/example_python_operator.py took 0.131 seconds
[2026-09-23 11:49:46,376] {scheduler_job.py:182} INFO - Started process (PID=1458) to work on /home/airflow/.local/lib/python3.6/site-packages/airflow/example_dags/example_python_operator.py
[2026-09-23 11:49:46,377] {scheduler_job.py:629} INFO - Processing file /home/airflow/.local/lib/python3.6/site-packages/airflow/example_dags/example_python_operator.py for tasks to queue
[2026-09-23 11:49:46,378] {logging_mixin.py:104} INFO - [2026-09-23 11:49:46,377] {dagbag.py:451} INFO - Filling up the DagBag from /home/airflow/.local/lib/python3.6/site-packages/airflow/example_dags/example_python_operator.py
[2026-09-23 11:49:46,392] {scheduler_job.py:639} INFO - DAG(s) dict_keys(['example_python_operator']) retrieved from /home/airflow/.local/lib/python3.6/site-packages/airflow/example_dags/example_python_operator.py
[2026-09-23 11:49:46,415] {logging_mixin.py:104} INFO - [2026-09-23 11:49:46,414] {dag.py:1824} INFO - Sync 1 DAGs
[2026-09-23 11:49:46,431] {logging_mixin.py:104} INFO - [2026-09-23 11:49:46,431] {dag.py:2280} INFO - Setting next_dagrun for example_python_operator to None
[2026-09-23 11:49:46,445] {scheduler_job.py:190} INFO - Processing /home/airflow/.local/lib/python3.6/site-packages/airflow/example_dags/example_python_operator.py took 0.073 seconds
[2026-09-23 11:50:17,282] {scheduler_job.py:182} INFO - Started process (PID=1484) to work on /home/airflow/.local/lib/python3.6/site-packages/airflow/example_dags/example_python_operator.py
[2026-09-23 11:50:17,283] {scheduler_job.py:629} INFO - Processing file /home/airflow/.local/lib/python3.6/site-packages/airflow/example_dags/example_python_operator.py for tasks to queue
[2026-09-23 11:50:17,284] {logging_mixin.py:104} INFO - [2026-09-23 11:50:17,284] {dagbag.py:451} INFO - Filling up the DagBag from /home/airflow/.local/lib/python3.6/site-packages/airflow/example_dags/example_python_operator.py
[2026-09-23 11:50:17,301] {scheduler_job.py:639} INFO - DAG(s) dict_keys(['example_python_operator']) retrieved from /home/airflow/.local/lib/python3.6/site-packages/airflow/example_dags/example_python_operator.py
[2026-09-23 11:50:17,326] {logging_mixin.py:104} INFO - [2026-09-23 11:50:17,326] {dag.py:1824} INFO - Sync 1 DAGs
[2026-09-23 11:50:17,348] {logging_mixin.py:104} INFO - [2026-09-23 11:50:17,348] {dag.py:2280} INFO - Setting next_dagrun for example_python_operator to None
[2026-09-23 11:50:17,367] {scheduler_job.py:190} INFO - Processing /home/airflow/.local/lib/python3.6/site-packages/airflow/example_dags/example_python_operator.py took 0.089 seconds
[2026-09-23 11:50:47,861] {scheduler_job.py:182} INFO - Started process (PID=1510) to work on /home/airflow/.local/lib/python3.6/site-packages/airflow/example_dags/example_python_operator.py
[2026-09-23 11:50:47,862] {scheduler_job.py:629} INFO - Processing file /home/airflow/.local/lib/python3.6/site-packages/airflow/example_dags/example_python_operator.py for tasks to queue
[2026-09-23 11:50:47,863] {logging_mixin.py:104} INFO - [2026-09-23 11:50:47,863] {dagbag.py:451} INFO - Filling up the DagBag from /home/airflow/.local/lib/python3.6/site-packages/airflow/example_dags/example_python_operator.py
[2026-09-23 11:50:47,881] {scheduler_job.py:639} INFO - DAG(s) dict_keys(['example_python_operator']) retrieved from /home/airflow/.local/lib/python3.6/site-packages/airflow/example_dags/example_python_operator.py
[2026-09-23 11:50:47,909] {logging_mixin.py:104} INFO - [2026-09-23 11:50:47,908] {dag.py:1824} INFO - Sync 1 DAGs
[2026-09-23 11:50:47,929] {logging_mixin.py:104} INFO - [2026-09-23 11:50:47,929] {dag.py:2280} INFO - Setting next_dagrun for example_python_operator to None
[2026-09-23 11:50:47,947] {scheduler_job.py:190} INFO - Processing /home/airflow/.local/lib/python3.6/site-packages/airflow/example_dags/example_python_operator.py took 0.090 seconds
[2026-09-23 11:51:18,978] {scheduler_job.py:182} INFO - Started process (PID=1536) to work on /home/airflow/.local/lib/python3.6/site-packages/airflow/example_dags/example_python_operator.py
[2026-09-23 11:51:18,980] {scheduler_job.py:629} INFO - Processing file /home/airflow/.local/lib/python3.6/site-packages/airflow/example_dags/example_python_operator.py for tasks to queue
[2026-09-23 11:51:18,982] {logging_mixin.py:104} INFO - [2026-09-23 11:51:18,982] {dagbag.py:451} INFO - Filling up the DagBag from /home/airflow/.local/lib/python3.6/site-packages/airflow/example_dags/example_python_operator.py
[2026-09-23 11:51:19,001] {scheduler_job.py:639} INFO - DAG(s) dict_keys(['example_python_operator']) retrieved from /home/airflow/.local/lib/python3.6/site-packages/airflow/example_dags/example_python_operator.py
[2026-09-23 11:51:19,038] {logging_mixin.py:104} INFO - [2026-09-23 11:51:19,038] {dag.py:1824} INFO - Sync 1 DAGs
[2026-09-23 11:51:19,065] {logging_mixin.py:104} INFO - [2026-09-23 11:51:19,065] {dag.py:2280} INFO - Setting next_dagrun for example_python_operator to None
[2026-09-23 11:51:19,084] {scheduler_job.py:190} INFO - Processing /home/airflow/.local/lib/python3.6/site-packages/airflow/example_dags/example_python_operator.py took 0.112 seconds
[2026-09-23 11:51:49,524] {scheduler_job.py:182} INFO - Started process (PID=1559) to work on /home/airflow/.local/lib/python3.6/site-packages/airflow/example_dags/example_python_operator.py
[2026-09-23 11:51:49,525] {scheduler_job.py:629} INFO - Processing file /home/airflow/.local/lib/python3.6/site-packages/airflow/example_dags/example_python_operator.py for tasks to queue
[2026-09-23 11:51:49,526] {logging_mixin.py:104} INFO - [2026-09-23 11:51:49,526] {dagbag.py:451} INFO - Filling up the DagBag from /home/airflow/.local/lib/python3.6/site-packages/airflow/example_dags/example_python_operator.py
[2026-09-23 11:51:49,546] {scheduler_job.py:639} INFO - DAG(s) dict_keys(['example_python_operator']) retrieved from /home/airflow/.local/lib/python3.6/site-packages/airflow/example_dags/example_python_operator.py
[2026-09-23 11:51:49,573] {logging_mixin.py:104} INFO - [2026-09-23 11:51:49,573] {dag.py:1824} INFO - Sync 1 DAGs
[2026-09-23 11:51:49,594] {logging_mixin.py:104} INFO - [2026-09-23 11:51:49,594] {dag.py:2280} INFO - Setting next_dagrun for example_python_operator to None
[2026-09-23 11:51:49,611] {scheduler_job.py:190} INFO - Processing /home/airflow/.local/lib/python3.6/site-packages/airflow/example_dags/example_python_operator.py took 0.091 seconds
[2026-09-23 11:52:20,125] {scheduler_job.py:182} INFO - Started process (PID=1588) to work on /home/airflow/.local/lib/python3.6/site-packages/airflow/example_dags/example_python_operator.py
[2026-09-23 11:52:20,128] {scheduler_job.py:629} INFO - Processing file /home/airflow/.local/lib/python3.6/site-packages/airflow/example_dags/example_python_operator.py for tasks to queue
[2026-09-23 11:52:20,129] {logging_mixin.py:104} INFO - [2026-09-23 11:52:20,128] {dagbag.py:451} INFO - Filling up the DagBag from /home/airflow/.local/lib/python3.6/site-packages/airflow/example_dags/example_python_operator.py
[2026-09-23 11:52:20,152] {scheduler_job.py:639} INFO - DAG(s) dict_keys(['example_python_operator']) retrieved from /home/airflow/.local/lib/python3.6/site-packages/airflow/example_dags/example_python_operator.py
[2026-09-23 11:52:20,189] {logging_mixin.py:104} INFO - [2026-09-23 11:52:20,189] {dag.py:1824} INFO - Sync 1 DAGs
[2026-09-23 11:52:20,221] {logging_mixin.py:104} INFO - [2026-09-23 11:52:20,221] {dag.py:2280} INFO - Setting next_dagrun for example_python_operator to None
[2026-09-23 11:52:20,243] {scheduler_job.py:190} INFO - Processing /home/airflow/.local/lib/python3.6/site-packages/airflow/example_dags/example_python_operator.py took 0.124 seconds
[2026-09-23 11:52:50,314] {scheduler_job.py:182} INFO - Started process (PID=1614) to work on /home/airflow/.local/lib/python3.6/site-packages/airflow/example_dags/example_python_operator.py
[2026-09-23 11:52:50,316] {scheduler_job.py:629} INFO - Processing file /home/airflow/.local/lib/python3.6/site-packages/airflow/example_dags/example_python_operator.py for tasks to queue
[2026-09-23 11:52:50,318] {logging_mixin.py:104} INFO - [2026-09-23 11:52:50,317] {dagbag.py:451} INFO - Filling up the DagBag from /home/airflow/.local/lib/python3.6/site-packages/airflow/example_dags/example_python_operator.py
[2026-09-23 11:52:50,347] {scheduler_job.py:639} INFO - DAG(s) dict_keys(['example_python_operator']) retrieved from /home/airflow/.local/lib/python3.6/site-packages/airflow/example_dags/example_python_operator.py
[2026-09-23 11:52:50,390] {logging_mixin.py:104} INFO - [2026-09-23 11:52:50,390] {dag.py:1824} INFO - Sync 1 DAGs
[2026-09-23 11:52:50,423] {logging_mixin.py:104} INFO - [2026-09-23 11:52:50,422] {dag.py:2280} INFO - Setting next_dagrun for example_python_operator to None
[2026-09-23 11:52:50,449] {scheduler_job.py:190} INFO - Processing /home/airflow/.local/lib/python3.6/site-packages/airflow/example_dags/example_python_operator.py took 0.141 seconds
[2026-09-23 11:53:20,493] {scheduler_job.py:182} INFO - Started process (PID=1640) to work on /home/airflow/.local/lib/python3.6/site-packages/airflow/example_dags/example_python_operator.py
[2026-09-23 11:53:20,494] {scheduler_job.py:629} INFO - Processing file /home/airflow/.local/lib/python3.6/site-packages/airflow/example_dags/example_python_operator.py for tasks to queue
[2026-09-23 11:53:20,495] {logging_mixin.py:104} INFO - [2026-09-23 11:53:20,495] {dagbag.py:451} INFO - Filling up the DagBag from /home/airflow/.local/lib/python3.6/site-packages/airflow/example_dags/example_python_operator.py
[2026-09-23 11:53:20,519] {scheduler_job.py:639} INFO - DAG(s) dict_keys(['example_python_operator']) retrieved from /home/airflow/.local/lib/python3.6/site-packages/airflow/example_dags/example_python_operator.py
[2026-09-23 11:53:20,551] {logging_mixin.py:104} INFO - [2026-09-23 11:53:20,551] {dag.py:1824} INFO - Sync 1 DAGs
[2026-09-23 11:53:20,574] {logging_mixin.py:104} INFO - [2026-09-23 11:53:20,573] {dag.py:2280} INFO - Setting next_dagrun for example_python_operator to None
[2026-09-23 11:53:20,593] {scheduler_job.py:190} INFO - Processing /home/airflow/.local/lib/python3.6/site-packages/airflow/example_dags/example_python_operator.py took 0.105 seconds
[2026-09-23 11:53:51,136] {scheduler_job.py:182} INFO - Started process (PID=1661) to work on /home/airflow/.local/lib/python3.6/site-packages/airflow/example_dags/example_python_operator.py
[2026-09-23 11:53:51,137] {scheduler_job.py:629} INFO - Processing file /home/airflow/.local/lib/python3.6/site-packages/airflow/example_dags/example_python_operator.py for tasks to queue
[2026-09-23 11:53:51,138] {logging_mixin.py:104} INFO - [2026-09-23 11:53:51,138] {dagbag.py:451} INFO - Filling up the DagBag from /home/airflow/.local/lib/python3.6/site-packages/airflow/example_dags/example_python_operator.py
[2026-09-23 11:53:51,156] {scheduler_job.py:639} INFO - DAG(s) dict_keys(['example_python_operator']) retrieved from /home/airflow/.local/lib/python3.6/site-packages/airflow/example_dags/example_python_operator.py
[2026-09-23 11:53:51,181] {logging_mixin.py:104} INFO - [2026-09-23 11:53:51,181] {dag.py:1824} INFO - Sync 1 DAGs
[2026-09-23 11:53:51,202] {logging_mixin.py:104} INFO - [2026-09-23 11:53:51,201] {dag.py:2280} INFO - Setting next_dagrun for example_python_operator to None
[2026-09-23 11:53:51,218] {scheduler_job.py:190} INFO - Processing /home/airflow/.local/lib/python3.6/site-packages/airflow/example_dags/example_python_operator.py took 0.087 seconds
[2026-09-23 11:54:22,075] {scheduler_job.py:182} INFO - Started process (PID=1687) to work on /home/airflow/.local/lib/python3.6/site-packages/airflow/example_dags/example_python_operator.py
[2026-09-23 11:54:22,077] {scheduler_job.py:629} INFO - Processing file /home/airflow/.local/lib/python3.6/site-packages/airflow/example_dags/example_python_operator.py for tasks to queue
[2026-09-23 11:54:22,080] {logging_mixin.py:104} INFO - [2026-09-23 11:54:22,080] {dagbag.py:451} INFO - Filling up the DagBag from /home/airflow/.local/lib/python3.6/site-packages/airflow/example_dags/example_python_operator.py
[2026-09-23 11:54:22,108] {scheduler_job.py:639} INFO - DAG(s) dict_keys(['example_python_operator']) retrieved from /home/airflow/.local/lib/python3.6/site-packages/airflow/example_dags/example_python_operator.py
[2026-09-23 11:54:22,152] {logging_mixin.py:104} INFO - [2026-09-23 11:54:22,151] {dag.py:1824} INFO - Sync 1 DAGs
[2026-09-23 11:54:22,184] {logging_mixin.py:104} INFO - [2026-09-23 11:54:22,184] {dag.py:2280} INFO - Setting next_dagrun for example_python_operator to None
[2026-09-23 11:54:22,210] {scheduler_job.py:190} INFO - Processing /home/airflow/.local/lib/python3.6/site-packages/airflow/example_dags/example_python_operator.py took 0.146 seconds
[2026-09-23 11:54:52,288] {scheduler_job.py:182} INFO - Started process (PID=1714) to work on /home/airflow/.local/lib/python3.6/site-packages/airflow/example_dags/example_python_operator.py
[2026-09-23 11:54:52,290] {scheduler_job.py:629} INFO - Processing file /home/airflow/.local/lib/python3.6/site-packages/airflow/example_dags/example_python_operator.py for tasks to queue
[2026-09-23 11:54:52,292] {logging_mixin.py:104} INFO - [2026-09-23 11:54:52,291] {dagbag.py:451} INFO - Filling up the DagBag from /home/airflow/.local/lib/python3.6/site-packages/airflow/example_dags/example_python_operator.py
[2026-09-23 11:54:52,321] {scheduler_job.py:639} INFO - DAG(s) dict_keys(['example_python_operator']) retrieved from /home/airflow/.local/lib/python3.6/site-packages/airflow/example_dags/example_python_operator.py
[2026-09-23 11:54:52,352] {logging_mixin.py:104} INFO - [2026-09-23 11:54:52,352] {dag.py:1824} INFO - Sync 1 DAGs
[2026-09-23 11:54:52,376] {logging_mixin.py:104} INFO - [2026-09-23 11:54:52,376] {dag.py:2280} INFO - Setting next_dagrun for example_python_operator to None
[2026-09-23 11:54:52,397] {scheduler_job.py:190} INFO - Processing /home/airflow/.local/lib/python3.6/site-packages/airflow/example_dags/example_python_operator.py took 0.117 seconds
[2026-09-23 11:55:23,291] {scheduler_job.py:182} INFO - Started process (PID=1740) to work on /home/airflow/.local/lib/python3.6/site-packages/airflow/example_dags/example_python_operator.py
[2026-09-23 11:55:23,293] {scheduler_job.py:629} INFO - Processing file /home/airflow/.local/lib/python3.6/site-packages/airflow/example_dags/example_python_operator.py for tasks to queue
[2026-09-23 11:55:23,294] {logging_mixin.py:104} INFO - [2026-09-23 11:55:23,294] {dagbag.py:451} INFO - Filling up the DagBag from /home/airflow/.local/lib/python3.6/site-packages/airflow/example_dags/example_python_operator.py
[2026-09-23 11:55:23,319] {scheduler_job.py:639} INFO - DAG(s) dict_keys(['example_python_operator']) retrieved from /home/airflow/.local/lib/python3.6/site-packages/airflow/example_dags/example_python_operator.py
[2026-09-23 11:55:23,360] {logging_mixin.py:104} INFO - [2026-09-23 11:55:23,359] {dag.py:1824} INFO - Sync 1 DAGs
[2026-09-23 11:55:23,391] {logging_mixin.py:104} INFO - [2026-09-23 11:55:23,390] {dag.py:2280} INFO - Setting next_dagrun for example_python_operator to None
[2026-09-23 11:55:23,410] {scheduler_job.py:190} INFO - Processing /home/airflow/.local/lib/python3.6/site-packages/airflow/example_dags/example_python_operator.py took 0.124 seconds
[2026-09-23 11:55:54,015] {scheduler_job.py:182} INFO - Started process (PID=1766) to work on /home/airflow/.local/lib/python3.6/site-packages/airflow/example_dags/example_python_operator.py
[2026-09-23 11:55:54,017] {scheduler_job.py:629} INFO - Processing file /home/airflow/.local/lib/python3.6/site-packages/airflow/example_dags/example_python_operator.py for tasks to queue
[2026-09-23 11:55:54,018] {logging_mixin.py:104} INFO - [2026-09-23 11:55:54,017] {dagbag.py:451} INFO - Filling up the DagBag from /home/airflow/.local/lib/python3.6/site-packages/airflow/example_dags/example_python_operator.py
[2026-09-23 11:55:54,036] {scheduler_job.py:639} INFO - DAG(s) dict_keys(['example_python_operator']) retrieved from /home/airflow/.local/lib/python3.6/site-packages/airflow/example_dags/example_python_operator.py
[2026-09-23 11:55:54,069] {logging_mixin.py:104} INFO - [2026-09-23 11:55:54,069] {dag.py:1824} INFO - Sync 1 DAGs
[2026-09-23 11:55:54,102] {logging_mixin.py:104} INFO - [2026-09-23 11:55:54,102] {dag.py:2280} INFO - Setting next_dagrun for example_python_operator to None
[2026-09-23 11:55:54,123] {scheduler_job.py:190} INFO - Processing /home/airflow/.local/lib/python3.6/site-packages/airflow/example_dags/example_python_operator.py took 0.113 seconds
[2026-09-23 11:56:24,895] {scheduler_job.py:182} INFO - Started process (PID=1792) to work on /home/airflow/.local/lib/python3.6/site-packages/airflow/example_dags/example_python_operator.py
[2026-09-23 11:56:24,897] {scheduler_job.py:629} INFO - Processing file /home/airflow/.local/lib/python3.6/site-packages/airflow/example_dags/example_python_operator.py for tasks to queue
[2026-09-23 11:56:24,898] {logging_mixin.py:104} INFO - [2026-09-23 11:56:24,897] {dagbag.py:451} INFO - Filling up the DagBag from /home/airflow/.local/lib/python3.6/site-packages/airflow/example_dags/example_python_operator.py
[2026-09-23 11:56:24,920] {scheduler_job.py:639} INFO - DAG(s) dict_keys(['example_python_operator']) retrieved from /home/airflow/.local/lib/python3.6/site-packages/airflow/example_dags/example_python_operator.py
[2026-09-23 11:56:24,956] {logging_mixin.py:104} INFO - [2026-09-23 11:56:24,956] {dag.py:1824} INFO - Sync 1 DAGs
[2026-09-23 11:56:24,986] {logging_mixin.py:104} INFO - [2026-09-23 11:56:24,986] {dag.py:2280} INFO - Setting next_dagrun for example_python_operator to None
[2026-09-23 11:56:25,012] {scheduler_job.py:190} INFO - Processing /home/airflow/.local/lib/python3.6/site-packages/airflow/example_dags/example_python_operator.py took 0.122 seconds
[2026-09-23 11:56:55,542] {scheduler_job.py:182} INFO - Started process (PID=1818) to work on /home/airflow/.local/lib/python3.6/site-packages/airflow/example_dags/example_python_operator.py
[2026-09-23 11:56:55,544] {scheduler_job.py:629} INFO - Processing file /home/airflow/.local/lib/python3.6/site-packages/airflow/example_dags/example_python_operator.py for tasks to queue
[2026-09-23 11:56:55,545] {logging_mixin.py:104} INFO - [2026-09-23 11:56:55,545] {dagbag.py:451} INFO - Filling up the DagBag from /home/airflow/.local/lib/python3.6/site-packages/airflow/example_dags/example_python_operator.py
[2026-09-23 11:56:55,562] {scheduler_job.py:639} INFO - DAG(s) dict_keys(['example_python_operator']) retrieved from /home/airflow/.local/lib/python3.6/site-packages/airflow/example_dags/example_python_operator.py
[2026-09-23 11:56:55,588] {logging_mixin.py:104} INFO - [2026-09-23 11:56:55,588] {dag.py:1824} INFO - Sync 1 DAGs
[2026-09-23 11:56:55,609] {logging_mixin.py:104} INFO - [2026-09-23 11:56:55,609] {dag.py:2280} INFO - Setting next_dagrun for example_python_operator to None
[2026-09-23 11:56:55,624] {scheduler_job.py:190} INFO - Processing /home/airflow/.local/lib/python3.6/site-packages/airflow/example_dags/example_python_operator.py took 0.085 seconds
[2026-09-23 11:57:26,082] {scheduler_job.py:182} INFO - Started process (PID=1844) to work on /home/airflow/.local/lib/python3.6/site-packages/airflow/example_dags/example_python_operator.py
[2026-09-23 11:57:26,083] {scheduler_job.py:629} INFO - Processing file /home/airflow/.local/lib/python3.6/site-packages/airflow/example_dags/example_python_operator.py for tasks to queue
[2026-09-23 11:57:26,084] {logging_mixin.py:104} INFO - [2026-09-23 11:57:26,084] {dagbag.py:451} INFO - Filling up the DagBag from /home/airflow/.local/lib/python3.6/site-packages/airflow/example_dags/example_python_operator.py
[2026-09-23 11:57:26,101] {scheduler_job.py:639} INFO - DAG(s) dict_keys(['example_python_operator']) retrieved from /home/airflow/.local/lib/python3.6/site-packages/airflow/example_dags/example_python_operator.py
[2026-09-23 11:57:26,129] {logging_mixin.py:104} INFO - [2026-09-23 11:57:26,129] {dag.py:1824} INFO - Sync 1 DAGs
[2026-09-23 11:57:26,151] {logging_mixin.py:104} INFO - [2026-09-23 11:57:26,151] {dag.py:2280} INFO - Setting next_dagrun for example_python_operator to None
[2026-09-23 11:57:26,164] {scheduler_job.py:190} INFO - Processing /home/airflow/.local/lib/python3.6/site-packages/airflow/example_dags/example_python_operator.py took 0.086 seconds
[2026-09-23 11:57:56,919] {scheduler_job.py:182} INFO - Started process (PID=1870) to work on /home/airflow/.local/lib/python3.6/site-packages/airflow/example_dags/example_python_operator.py
[2026-09-23 11:57:56,921] {scheduler_job.py:629} INFO - Processing file /home/airflow/.local/lib/python3.6/site-packages/airflow/example_dags/example_python_operator.py for tasks to queue
[2026-09-23 11:57:56,922] {logging_mixin.py:104} INFO - [2026-09-23 11:57:56,922] {dagbag.py:451} INFO - Filling up the DagBag from /home/airflow/.local/lib/python3.6/site-packages/airflow/example_dags/example_python_operator.py
[2026-09-23 11:57:56,941] {scheduler_job.py:639} INFO - DAG(s) dict_keys(['example_python_operator']) retrieved from /home/airflow/.local/lib/python3.6/site-packages/airflow/example_dags/example_python_operator.py
[2026-09-23 11:57:56,974] {logging_mixin.py:104} INFO - [2026-09-23 11:57:56,974] {dag.py:1824} INFO - Sync 1 DAGs
[2026-09-23 11:57:57,024] {logging_mixin.py:104} INFO - [2026-09-23 11:57:57,024] {dag.py:2280} INFO - Setting next_dagrun for example_python_operator to None
[2026-09-23 11:57:57,052] {scheduler_job.py:190} INFO - Processing /home/airflow/.local/lib/python3.6/site-packages/airflow/example_dags/example_python_operator.py took 0.139 seconds
[2026-09-23 11:58:27,223] {scheduler_job.py:182} INFO - Started process (PID=1896) to work on /home/airflow/.local/lib/python3.6/site-packages/airflow/example_dags/example_python_operator.py
[2026-09-23 11:58:27,225] {scheduler_job.py:629} INFO - Processing file /home/airflow/.local/lib/python3.6/site-packages/airflow/example_dags/example_python_operator.py for tasks to queue
[2026-09-23 11:58:27,226] {logging_mixin.py:104} INFO - [2026-09-23 11:58:27,226] {dagbag.py:451} INFO - Filling up the DagBag from /home/airflow/.local/lib/python3.6/site-packages/airflow/example_dags/example_python_operator.py
[2026-09-23 11:58:27,253] {scheduler_job.py:639} INFO - DAG(s) dict_keys(['example_python_operator']) retrieved from /home/airflow/.local/lib/python3.6/site-packages/airflow/example_dags/example_python_operator.py
[2026-09-23 11:58:27,292] {logging_mixin.py:104} INFO - [2026-09-23 11:58:27,292] {dag.py:1824} INFO - Sync 1 DAGs
[2026-09-23 11:58:27,333] {logging_mixin.py:104} INFO - [2026-09-23 11:58:27,333] {dag.py:2280} INFO - Setting next_dagrun for example_python_operator to None
[2026-09-23 11:58:27,363] {scheduler_job.py:190} INFO - Processing /home/airflow/.local/lib/python3.6/site-packages/airflow/example_dags/example_python_operator.py took 0.146 seconds
[2026-09-23 11:58:57,444] {scheduler_job.py:182} INFO - Started process (PID=1922) to work on /home/airflow/.local/lib/python3.6/site-packages/airflow/example_dags/example_python_operator.py
[2026-09-23 11:58:57,445] {scheduler_job.py:629} INFO - Processing file /home/airflow/.local/lib/python3.6/site-packages/airflow/example_dags/example_python_operator.py for tasks to queue
[2026-09-23 11:58:57,446] {logging_mixin.py:104} INFO - [2026-09-23 11:58:57,446] {dagbag.py:451} INFO - Filling up the DagBag from /home/airflow/.local/lib/python3.6/site-packages/airflow/example_dags/example_python_operator.py
[2026-09-23 11:58:57,465] {scheduler_job.py:639} INFO - DAG(s) dict_keys(['example_python_operator']) retrieved from /home/airflow/.local/lib/python3.6/site-packages/airflow/example_dags/example_python_operator.py
[2026-09-23 11:58:57,494] {logging_mixin.py:104} INFO - [2026-09-23 11:58:57,494] {dag.py:1824} INFO - Sync 1 DAGs
[2026-09-23 11:58:57,513] {logging_mixin.py:104} INFO - [2026-09-23 11:58:57,513] {dag.py:2280} INFO - Setting next_dagrun for example_python_operator to None
[2026-09-23 11:58:57,529] {scheduler_job.py:190} INFO - Processing /home/airflow/.local/lib/python3.6/site-packages/airflow/example_dags/example_python_operator.py took 0.089 seconds
[2026-09-23 11:59:27,565] {scheduler_job.py:182} INFO - Started process (PID=1948) to work on /home/airflow/.local/lib/python3.6/site-packages/airflow/example_dags/example_python_operator.py
[2026-09-23 11:59:27,567] {scheduler_job.py:629} INFO - Processing file /home/airflow/.local/lib/python3.6/site-packages/airflow/example_dags/example_python_operator.py for tasks to queue
[2026-09-23 11:59:27,568] {logging_mixin.py:104} INFO - [2026-09-23 11:59:27,568] {dagbag.py:451} INFO - Filling up the DagBag from /home/airflow/.local/lib/python3.6/site-packages/airflow/example_dags/example_python_operator.py
[2026-09-23 11:59:27,584] {scheduler_job.py:639} INFO - DAG(s) dict_keys(['example_python_operator']) retrieved from /home/airflow/.local/lib/python3.6/site-packages/airflow/example_dags/example_python_operator.py
[2026-09-23 11:59:27,611] {logging_mixin.py:104} INFO - [2026-09-23 11:59:27,611] {dag.py:1824} INFO - Sync 1 DAGs
[2026-09-23 11:59:27,631] {logging_mixin.py:104} INFO - [2026-09-23 11:59:27,631] {dag.py:2280} INFO - Setting next_dagrun for example_python_operator to None
[2026-09-23 11:59:27,645] {scheduler_job.py:190} INFO - Processing /home/airflow/.local/lib/python3.6/site-packages/airflow/example_dags/example_python_operator.py took 0.085 seconds
[2026-09-23 11:59:58,285] {scheduler_job.py:182} INFO - Started process (PID=1974) to work on /home/airflow/.local/lib/python3.6/site-packages/airflow/example_dags/example_python_operator.py
[2026-09-23 11:59:58,286] {scheduler_job.py:629} INFO - Processing file /home/airflow/.local/lib/python3.6/site-packages/airflow/example_dags/example_python_operator.py for tasks to queue
[2026-09-23 11:59:58,287] {logging_mixin.py:104} INFO - [2026-09-23 11:59:58,287] {dagbag.py:451} INFO - Filling up the DagBag from /home/airflow/.local/lib/python3.6/site-packages/airflow/example_dags/example_python_operator.py
[2026-09-23 11:59:58,307] {scheduler_job.py:639} INFO - DAG(s) dict_keys(['example_python_operator']) retrieved from /home/airflow/.local/lib/python3.6/site-packages/airflow/example_dags/example_python_operator.py
[2026-09-23 11:59:58,340] {logging_mixin.py:104} INFO - [2026-09-23 11:59:58,340] {dag.py:1824} INFO - Sync 1 DAGs
[2026-09-23 11:59:58,360] {logging_mixin.py:104} INFO - [2026-09-23 11:59:58,360] {dag.py:2280} INFO - Setting next_dagrun for example_python_operator to None
[2026-09-23 11:59:58,379] {scheduler_job.py:190} INFO - Processing /home/airflow/.local/lib/python3.6/site-packages/airflow/example_dags/example_python_operator.py took 0.099 seconds
[2026-09-23 12:00:28,990] {scheduler_job.py:182} INFO - Started process (PID=2000) to work on /home/airflow/.local/lib/python3.6/site-packages/airflow/example_dags/example_python_operator.py
[2026-09-23 12:00:28,991] {scheduler_job.py:629} INFO - Processing file /home/airflow/.local/lib/python3.6/site-packages/airflow/example_dags/example_python_operator.py for tasks to queue
[2026-09-23 12:00:28,992] {logging_mixin.py:104} INFO - [2026-09-23 12:00:28,992] {dagbag.py:451} INFO - Filling up the DagBag from /home/airflow/.local/lib/python3.6/site-packages/airflow/example_dags/example_python_operator.py
[2026-09-23 12:00:29,010] {scheduler_job.py:639} INFO - DAG(s) dict_keys(['example_python_operator']) retrieved from /home/airflow/.local/lib/python3.6/site-packages/airflow/example_dags/example_python_operator.py
[2026-09-23 12:00:29,040] {logging_mixin.py:104} INFO - [2026-09-23 12:00:29,040] {dag.py:1824} INFO - Sync 1 DAGs
[2026-09-23 12:00:29,059] {logging_mixin.py:104} INFO - [2026-09-23 12:00:29,059] {dag.py:2280} INFO - Setting next_dagrun for example_python_operator to None
[2026-09-23 12:00:29,073] {scheduler_job.py:190} INFO - Processing /home/airflow/.local/lib/python3.6/site-packages/airflow/example_dags/example_python_operator.py took 0.087 seconds
[2026-09-23 12:00:59,431] {scheduler_job.py:182} INFO - Started process (PID=2026) to work on /home/airflow/.local/lib/python3.6/site-packages/airflow/example_dags/example_python_operator.py
[2026-09-23 12:00:59,432] {scheduler_job.py:629} INFO - Processing file /home/airflow/.local/lib/python3.6/site-packages/airflow/example_dags/example_python_operator.py for tasks to queue
[2026-09-23 12:00:59,434] {logging_mixin.py:104} INFO - [2026-09-23 12:00:59,433] {dagbag.py:451} INFO - Filling up the DagBag from /home/airflow/.local/lib/python3.6/site-packages/airflow/example_dags/example_python_operator.py
[2026-09-23 12:00:59,454] {scheduler_job.py:639} INFO - DAG(s) dict_keys(['example_python_operator']) retrieved from /home/airflow/.local/lib/python3.6/site-packages/airflow/example_dags/example_python_operator.py
[2026-09-23 12:00:59,489] {logging_mixin.py:104} INFO - [2026-09-23 12:00:59,489] {dag.py:1824} INFO - Sync 1 DAGs
[2026-09-23 12:00:59,517] {logging_mixin.py:104} INFO - [2026-09-23 12:00:59,516] {dag.py:2280} INFO - Setting next_dagrun for example_python_operator to None
[2026-09-23 12:00:59,532] {scheduler_job.py:190} INFO - Processing /home/airflow/.local/lib/python3.6/site-packages/airflow/example_dags/example_python_operator.py took 0.108 seconds
[2026-09-23 12:01:30,089] {scheduler_job.py:182} INFO - Started process (PID=2052) to work on /home/airflow/.local/lib/python3.6/site-packages/airflow/example_dags/example_python_operator.py
[2026-09-23 12:01:30,090] {scheduler_job.py:629} INFO - Processing file /home/airflow/.local/lib/python3.6/site-packages/airflow/example_dags/example_python_operator.py for tasks to queue
[2026-09-23 12:01:30,091] {logging_mixin.py:104} INFO - [2026-09-23 12:01:30,091] {dagbag.py:451} INFO - Filling up the DagBag from /home/airflow/.local/lib/python3.6/site-packages/airflow/example_dags/example_python_operator.py
[2026-09-23 12:01:30,117] {scheduler_job.py:639} INFO - DAG(s) dict_keys(['example_python_operator']) retrieved from /home/airflow/.local/lib/python3.6/site-packages/airflow/example_dags/example_python_operator.py
[2026-09-23 12:01:30,159] {logging_mixin.py:104} INFO - [2026-09-23 12:01:30,158] {dag.py:1824} INFO - Sync 1 DAGs
[2026-09-23 12:01:30,189] {logging_mixin.py:104} INFO - [2026-09-23 12:01:30,189] {dag.py:2280} INFO - Setting next_dagrun for example_python_operator to None
[2026-09-23 12:01:30,203] {scheduler_job.py:190} INFO - Processing /home/airflow/.local/lib/python3.6/site-packages/airflow/example_dags/example_python_operator.py took 0.119 seconds
[2026-09-23 12:02:00,724] {scheduler_job.py:182} INFO - Started process (PID=2078) to work on /home/airflow/.local/lib/python3.6/site-packages/airflow/example_dags/example_python_operator.py
[2026-09-23 12:02:00,725] {scheduler_job.py:629} INFO - Processing file /home/airflow/.local/lib/python3.6/site-packages/airflow/example_dags/example_python_operator.py for tasks to queue
[2026-09-23 12:02:00,726] {logging_mixin.py:104} INFO - [2026-09-23 12:02:00,726] {dagbag.py:451} INFO - Filling up the DagBag from /home/airflow/.local/lib/python3.6/site-packages/airflow/example_dags/example_python_operator.py
[2026-09-23 12:02:00,743] {scheduler_job.py:639} INFO - DAG(s) dict_keys(['example_python_operator']) retrieved from /home/airflow/.local/lib/python3.6/site-packages/airflow/example_dags/example_python_operator.py
[2026-09-23 12:02:00,767] {logging_mixin.py:104} INFO - [2026-09-23 12:02:00,767] {dag.py:1824} INFO - Sync 1 DAGs
[2026-09-23 12:02:00,792] {logging_mixin.py:104} INFO - [2026-09-23 12:02:00,792] {dag.py:2280} INFO - Setting next_dagrun for example_python_operator to None
[2026-09-23 12:02:00,811] {scheduler_job.py:190} INFO - Processing /home/airflow/.local/lib/python3.6/site-packages/airflow/example_dags/example_python_operator.py took 0.091 seconds
[2026-09-23 12:02:31,715] {scheduler_job.py:182} INFO - Started process (PID=2104) to work on /home/airflow/.local/lib/python3.6/site-packages/airflow/example_dags/example_python_operator.py
[2026-09-23 12:02:31,717] {scheduler_job.py:629} INFO - Processing file /home/airflow/.local/lib/python3.6/site-packages/airflow/example_dags/example_python_operator.py for tasks to queue
[2026-09-23 12:02:31,718] {logging_mixin.py:104} INFO - [2026-09-23 12:02:31,718] {dagbag.py:451} INFO - Filling up the DagBag from /home/airflow/.local/lib/python3.6/site-packages/airflow/example_dags/example_python_operator.py
[2026-09-23 12:02:31,744] {scheduler_job.py:639} INFO - DAG(s) dict_keys(['example_python_operator']) retrieved from /home/airflow/.local/lib/python3.6/site-packages/airflow/example_dags/example_python_operator.py
[2026-09-23 12:02:31,775] {logging_mixin.py:104} INFO - [2026-09-23 12:02:31,774] {dag.py:1824} INFO - Sync 1 DAGs
[2026-09-23 12:02:31,801] {logging_mixin.py:104} INFO - [2026-09-23 12:02:31,801] {dag.py:2280} INFO - Setting next_dagrun for example_python_operator to None
[2026-09-23 12:02:31,821] {scheduler_job.py:190} INFO - Processing /home/airflow/.local/lib/python3.6/site-packages/airflow/example_dags/example_python_operator.py took 0.112 seconds
[2026-09-23 12:03:02,592] {scheduler_job.py:182} INFO - Started process (PID=2130) to work on /home/airflow/.local/lib/python3.6/site-packages/airflow/example_dags/example_python_operator.py
[2026-09-23 12:03:02,593] {scheduler_job.py:629} INFO - Processing file /home/airflow/.local/lib/python3.6/site-packages/airflow/example_dags/example_python_operator.py for tasks to queue
[2026-09-23 12:03:02,595] {logging_mixin.py:104} INFO - [2026-09-23 12:03:02,595] {dagbag.py:451} INFO - Filling up the DagBag from /home/airflow/.local/lib/python3.6/site-packages/airflow/example_dags/example_python_operator.py
[2026-09-23 12:03:02,614] {scheduler_job.py:639} INFO - DAG(s) dict_keys(['example_python_operator']) retrieved from /home/airflow/.local/lib/python3.6/site-packages/airflow/example_dags/example_python_operator.py
[2026-09-23 12:03:02,642] {logging_mixin.py:104} INFO - [2026-09-23 12:03:02,642] {dag.py:1824} INFO - Sync 1 DAGs
[2026-09-23 12:03:02,663] {logging_mixin.py:104} INFO - [2026-09-23 12:03:02,663] {dag.py:2280} INFO - Setting next_dagrun for example_python_operator to None
[2026-09-23 12:03:02,680] {scheduler_job.py:190} INFO - Processing /home/airflow/.local/lib/python3.6/site-packages/airflow/example_dags/example_python_operator.py took 0.093 seconds
[2026-09-23 12:03:33,502] {scheduler_job.py:182} INFO - Started process (PID=2155) to work on /home/airflow/.local/lib/python3.6/site-packages/airflow/example_dags/example_python_operator.py
[2026-09-23 12:03:33,503] {scheduler_job.py:629} INFO - Processing file /home/airflow/.local/lib/python3.6/site-packages/airflow/example_dags/example_python_operator.py for tasks to queue
[2026-09-23 12:03:33,504] {logging_mixin.py:104} INFO - [2026-09-23 12:03:33,504] {dagbag.py:451} INFO - Filling up the DagBag from /home/airflow/.local/lib/python3.6/site-packages/airflow/example_dags/example_python_operator.py
[2026-09-23 12:03:33,522] {scheduler_job.py:639} INFO - DAG(s) dict_keys(['example_python_operator']) retrieved from /home/airflow/.local/lib/python3.6/site-packages/airflow/example_dags/example_python_operator.py
[2026-09-23 12:03:33,551] {logging_mixin.py:104} INFO - [2026-09-23 12:03:33,550] {dag.py:1824} INFO - Sync 1 DAGs
[2026-09-23 12:03:33,572] {logging_mixin.py:104} INFO - [2026-09-23 12:03:33,572] {dag.py:2280} INFO - Setting next_dagrun for example_python_operator to None
[2026-09-23 12:03:33,587] {scheduler_job.py:190} INFO - Processing /home/airflow/.local/lib/python3.6/site-packages/airflow/example_dags/example_python_operator.py took 0.089 seconds
[2026-09-23 12:04:04,283] {scheduler_job.py:182} INFO - Started process (PID=2182) to work on /home/airflow/.local/lib/python3.6/site-packages/airflow/example_dags/example_python_operator.py
[2026-09-23 12:04:04,284] {scheduler_job.py:629} INFO - Processing file /home/airflow/.local/lib/python3.6/site-packages/airflow/example_dags/example_python_operator.py for tasks to queue
[2026-09-23 12:04:04,285] {logging_mixin.py:104} INFO - [2026-09-23 12:04:04,285] {dagbag.py:451} INFO - Filling up the DagBag from /home/airflow/.local/lib/python3.6/site-packages/airflow/example_dags/example_python_operator.py
[2026-09-23 12:04:04,306] {scheduler_job.py:639} INFO - DAG(s) dict_keys(['example_python_operator']) retrieved from /home/airflow/.local/lib/python3.6/site-packages/airflow/example_dags/example_python_operator.py
[2026-09-23 12:04:04,340] {logging_mixin.py:104} INFO - [2026-09-23 12:04:04,339] {dag.py:1824} INFO - Sync 1 DAGs
[2026-09-23 12:04:04,364] {logging_mixin.py:104} INFO - [2026-09-23 12:04:04,364] {dag.py:2280} INFO - Setting next_dagrun for example_python_operator to None
[2026-09-23 12:04:04,376] {scheduler_job.py:190} INFO - Processing /home/airflow/.local/lib/python3.6/site-packages/airflow/example_dags/example_python_operator.py took 0.097 seconds
[2026-09-23 12:04:35,301] {scheduler_job.py:182} INFO - Started process (PID=2208) to work on /home/airflow/.local/lib/python3.6/site-packages/airflow/example_dags/example_python_operator.py
[2026-09-23 12:04:35,304] {scheduler_job.py:629} INFO - Processing file /home/airflow/.local/lib/python3.6/site-packages/airflow/example_dags/example_python_operator.py for tasks to queue
[2026-09-23 12:04:35,305] {logging_mixin.py:104} INFO - [2026-09-23 12:04:35,305] {dagbag.py:451} INFO - Filling up the DagBag from /home/airflow/.local/lib/python3.6/site-packages/airflow/example_dags/example_python_operator.py
[2026-09-23 12:04:35,339] {scheduler_job.py:639} INFO - DAG(s) dict_keys(['example_python_operator']) retrieved from /home/airflow/.local/lib/python3.6/site-packages/airflow/example_dags/example_python_operator.py
[2026-09-23 12:04:35,373] {logging_mixin.py:104} INFO - [2026-09-23 12:04:35,373] {dag.py:1824} INFO - Sync 1 DAGs
[2026-09-23 12:04:35,400] {logging_mixin.py:104} INFO - [2026-09-23 12:04:35,400] {dag.py:2280} INFO - Setting next_dagrun for example_python_operator to None
[2026-09-23 12:04:35,419] {scheduler_job.py:190} INFO - Processing /home/airflow/.local/lib/python3.6/site-packages/airflow/example_dags/example_python_operator.py took 0.129 seconds
[2026-09-23 12:05:05,568] {scheduler_job.py:182} INFO - Started process (PID=2234) to work on /home/airflow/.local/lib/python3.6/site-packages/airflow/example_dags/example_python_operator.py
[2026-09-23 12:05:05,573] {scheduler_job.py:629} INFO - Processing file /home/airflow/.local/lib/python3.6/site-packages/airflow/example_dags/example_python_operator.py for tasks to queue
[2026-09-23 12:05:05,575] {logging_mixin.py:104} INFO - [2026-09-23 12:05:05,574] {dagbag.py:451} INFO - Filling up the DagBag from /home/airflow/.local/lib/python3.6/site-packages/airflow/example_dags/example_python_operator.py
[2026-09-23 12:05:05,599] {scheduler_job.py:639} INFO - DAG(s) dict_keys(['example_python_operator']) retrieved from /home/airflow/.local/lib/python3.6/site-packages/airflow/example_dags/example_python_operator.py
[2026-09-23 12:05:05,642] {logging_mixin.py:104} INFO - [2026-09-23 12:05:05,642] {dag.py:1824} INFO - Sync 1 DAGs
[2026-09-23 12:05:05,675] {logging_mixin.py:104} INFO - [2026-09-23 12:05:05,675] {dag.py:2280} INFO - Setting next_dagrun for example_python_operator to None
[2026-09-23 12:05:05,700] {scheduler_job.py:190} INFO - Processing /home/airflow/.local/lib/python3.6/site-packages/airflow/example_dags/example_python_operator.py took 0.148 seconds
[2026-09-23 12:05:36,715] {scheduler_job.py:182} INFO - Started process (PID=2260) to work on /home/airflow/.local/lib/python3.6/site-packages/airflow/example_dags/example_python_operator.py
[2026-09-23 12:05:36,716] {scheduler_job.py:629} INFO - Processing file /home/airflow/.local/lib/python3.6/site-packages/airflow/example_dags/example_python_operator.py for tasks to queue
[2026-09-23 12:05:36,717] {logging_mixin.py:104} INFO - [2026-09-23 12:05:36,717] {dagbag.py:451} INFO - Filling up the DagBag from /home/airflow/.local/lib/python3.6/site-packages/airflow/example_dags/example_python_operator.py
[2026-09-23 12:05:36,734] {scheduler_job.py:639} INFO - DAG(s) dict_keys(['example_python_operator']) retrieved from /home/airflow/.local/lib/python3.6/site-packages/airflow/example_dags/example_python_operator.py
[2026-09-23 12:05:36,760] {logging_mixin.py:104} INFO - [2026-09-23 12:05:36,760] {dag.py:1824} INFO - Sync 1 DAGs
[2026-09-23 12:05:36,780] {logging_mixin.py:104} INFO - [2026-09-23 12:05:36,780] {dag.py:2280} INFO - Setting next_dagrun for example_python_operator to None
[2026-09-23 12:05:36,794] {scheduler_job.py:190} INFO - Processing /home/airflow/.local/lib/python3.6/site-packages/airflow/example_dags/example_python_operator.py took 0.084 seconds
[2026-09-23 12:06:07,807] {scheduler_job.py:182} INFO - Started process (PID=2285) to work on /home/airflow/.local/lib/python3.6/site-packages/airflow/example_dags/example_python_operator.py
[2026-09-23 12:06:07,808] {scheduler_job.py:629} INFO - Processing file /home/airflow/.local/lib/python3.6/site-packages/airflow/example_dags/example_python_operator.py for tasks to queue
[2026-09-23 12:06:07,810] {logging_mixin.py:104} INFO - [2026-09-23 12:06:07,809] {dagbag.py:451} INFO - Filling up the DagBag from /home/airflow/.local/lib/python3.6/site-packages/airflow/example_dags/example_python_operator.py
[2026-09-23 12:06:07,836] {scheduler_job.py:639} INFO - DAG(s) dict_keys(['example_python_operator']) retrieved from /home/airflow/.local/lib/python3.6/site-packages/airflow/example_dags/example_python_operator.py
[2026-09-23 12:06:07,873] {logging_mixin.py:104} INFO - [2026-09-23 12:06:07,873] {dag.py:1824} INFO - Sync 1 DAGs
[2026-09-23 12:06:07,899] {logging_mixin.py:104} INFO - [2026-09-23 12:06:07,899] {dag.py:2280} INFO - Setting next_dagrun for example_python_operator to None
[2026-09-23 12:06:07,918] {scheduler_job.py:190} INFO - Processing /home/airflow/.local/lib/python3.6/site-packages/airflow/example_dags/example_python_operator.py took 0.123 seconds
[2026-09-23 12:06:38,525] {scheduler_job.py:182} INFO - Started process (PID=2312) to work on /home/airflow/.local/lib/python3.6/site-packages/airflow/example_dags/example_python_operator.py
[2026-09-23 12:06:38,526] {scheduler_job.py:629} INFO - Processing file /home/airflow/.local/lib/python3.6/site-packages/airflow/example_dags/example_python_operator.py for tasks to queue
[2026-09-23 12:06:38,527] {logging_mixin.py:104} INFO - [2026-09-23 12:06:38,527] {dagbag.py:451} INFO - Filling up the DagBag from /home/airflow/.local/lib/python3.6/site-packages/airflow/example_dags/example_python_operator.py
[2026-09-23 12:06:38,546] {scheduler_job.py:639} INFO - DAG(s) dict_keys(['example_python_operator']) retrieved from /home/airflow/.local/lib/python3.6/site-packages/airflow/example_dags/example_python_operator.py
[2026-09-23 12:06:38,589] {logging_mixin.py:104} INFO - [2026-09-23 12:06:38,589] {dag.py:1824} INFO - Sync 1 DAGs
[2026-09-23 12:06:38,620] {logging_mixin.py:104} INFO - [2026-09-23 12:06:38,620] {dag.py:2280} INFO - Setting next_dagrun for example_python_operator to None
[2026-09-23 12:06:38,640] {scheduler_job.py:190} INFO - Processing /home/airflow/.local/lib/python3.6/site-packages/airflow/example_dags/example_python_operator.py took 0.120 seconds
[2026-09-23 12:07:09,206] {scheduler_job.py:182} INFO - Started process (PID=2338) to work on /home/airflow/.local/lib/python3.6/site-packages/airflow/example_dags/example_python_operator.py
[2026-09-23 12:07:09,208] {scheduler_job.py:629} INFO - Processing file /home/airflow/.local/lib/python3.6/site-packages/airflow/example_dags/example_python_operator.py for tasks to queue
[2026-09-23 12:07:09,210] {logging_mixin.py:104} INFO - [2026-09-23 12:07:09,210] {dagbag.py:451} INFO - Filling up the DagBag from /home/airflow/.local/lib/python3.6/site-packages/airflow/example_dags/example_python_operator.py
[2026-09-23 12:07:09,236] {scheduler_job.py:639} INFO - DAG(s) dict_keys(['example_python_operator']) retrieved from /home/airflow/.local/lib/python3.6/site-packages/airflow/example_dags/example_python_operator.py
[2026-09-23 12:07:09,270] {logging_mixin.py:104} INFO - [2026-09-23 12:07:09,270] {dag.py:1824} INFO - Sync 1 DAGs
[2026-09-23 12:07:09,294] {logging_mixin.py:104} INFO - [2026-09-23 12:07:09,294] {dag.py:2280} INFO - Setting next_dagrun for example_python_operator to None
[2026-09-23 12:07:09,313] {scheduler_job.py:190} INFO - Processing /home/airflow/.local/lib/python3.6/site-packages/airflow/example_dags/example_python_operator.py took 0.112 seconds
[2026-09-23 12:07:39,964] {scheduler_job.py:182} INFO - Started process (PID=2363) to work on /home/airflow/.local/lib/python3.6/site-packages/airflow/example_dags/example_python_operator.py
[2026-09-23 12:07:39,966] {scheduler_job.py:629} INFO - Processing file /home/airflow/.local/lib/python3.6/site-packages/airflow/example_dags/example_python_operator.py for tasks to queue
[2026-09-23 12:07:39,967] {logging_mixin.py:104} INFO - [2026-09-23 12:07:39,967] {dagbag.py:451} INFO - Filling up the DagBag from /home/airflow/.local/lib/python3.6/site-packages/airflow/example_dags/example_python_operator.py
[2026-09-23 12:07:39,988] {scheduler_job.py:639} INFO - DAG(s) dict_keys(['example_python_operator']) retrieved from /home/airflow/.local/lib/python3.6/site-packages/airflow/example_dags/example_python_operator.py
[2026-09-23 12:07:40,019] {logging_mixin.py:104} INFO - [2026-09-23 12:07:40,019] {dag.py:1824} INFO - Sync 1 DAGs
[2026-09-23 12:07:40,043] {logging_mixin.py:104} INFO - [2026-09-23 12:07:40,043] {dag.py:2280} INFO - Setting next_dagrun for example_python_operator to None
[2026-09-23 12:07:40,062] {scheduler_job.py:190} INFO - Processing /home/airflow/.local/lib/python3.6/site-packages/airflow/example_dags/example_python_operator.py took 0.104 seconds
[2026-09-23 12:08:10,585] {scheduler_job.py:182} INFO - Started process (PID=2389) to work on /home/airflow/.local/lib/python3.6/site-packages/airflow/example_dags/example_python_operator.py
[2026-09-23 12:08:10,586] {scheduler_job.py:629} INFO - Processing file /home/airflow/.local/lib/python3.6/site-packages/airflow/example_dags/example_python_operator.py for tasks to queue
[2026-09-23 12:08:10,587] {logging_mixin.py:104} INFO - [2026-09-23 12:08:10,587] {dagbag.py:451} INFO - Filling up the DagBag from /home/airflow/.local/lib/python3.6/site-packages/airflow/example_dags/example_python_operator.py
[2026-09-23 12:08:10,605] {scheduler_job.py:639} INFO - DAG(s) dict_keys(['example_python_operator']) retrieved from /home/airflow/.local/lib/python3.6/site-packages/airflow/example_dags/example_python_operator.py
[2026-09-23 12:08:10,632] {logging_mixin.py:104} INFO - [2026-09-23 12:08:10,631] {dag.py:1824} INFO - Sync 1 DAGs
[2026-09-23 12:08:10,660] {logging_mixin.py:104} INFO - [2026-09-23 12:08:10,660] {dag.py:2280} INFO - Setting next_dagrun for example_python_operator to None
[2026-09-23 12:08:10,680] {scheduler_job.py:190} INFO - Processing /home/airflow/.local/lib/python3.6/site-packages/airflow/example_dags/example_python_operator.py took 0.099 seconds
[2026-09-23 12:08:41,235] {scheduler_job.py:182} INFO - Started process (PID=2415) to work on /home/airflow/.local/lib/python3.6/site-packages/airflow/example_dags/example_python_operator.py
[2026-09-23 12:08:41,236] {scheduler_job.py:629} INFO - Processing file /home/airflow/.local/lib/python3.6/site-packages/airflow/example_dags/example_python_operator.py for tasks to queue
[2026-09-23 12:08:41,237] {logging_mixin.py:104} INFO - [2026-09-23 12:08:41,237] {dagbag.py:451} INFO - Filling up the DagBag from /home/airflow/.local/lib/python3.6/site-packages/airflow/example_dags/example_python_operator.py
[2026-09-23 12:08:41,255] {scheduler_job.py:639} INFO - DAG(s) dict_keys(['example_python_operator']) retrieved from /home/airflow/.local/lib/python3.6/site-packages/airflow/example_dags/example_python_operator.py
[2026-09-23 12:08:41,285] {logging_mixin.py:104} INFO - [2026-09-23 12:08:41,285] {dag.py:1824} INFO - Sync 1 DAGs
[2026-09-23 12:08:41,312] {logging_mixin.py:104} INFO - [2026-09-23 12:08:41,312] {dag.py:2280} INFO - Setting next_dagrun for example_python_operator to None
[2026-09-23 12:08:41,327] {scheduler_job.py:190} INFO - Processing /home/airflow/.local/lib/python3.6/site-packages/airflow/example_dags/example_python_operator.py took 0.097 seconds
[2026-09-23 12:09:12,135] {scheduler_job.py:182} INFO - Started process (PID=2441) to work on /home/airflow/.local/lib/python3.6/site-packages/airflow/example_dags/example_python_operator.py
[2026-09-23 12:09:12,137] {scheduler_job.py:629} INFO - Processing file /home/airflow/.local/lib/python3.6/site-packages/airflow/example_dags/example_python_operator.py for tasks to queue
[2026-09-23 12:09:12,138] {logging_mixin.py:104} INFO - [2026-09-23 12:09:12,138] {dagbag.py:451} INFO - Filling up the DagBag from /home/airflow/.local/lib/python3.6/site-packages/airflow/example_dags/example_python_operator.py
[2026-09-23 12:09:12,159] {scheduler_job.py:639} INFO - DAG(s) dict_keys(['example_python_operator']) retrieved from /home/airflow/.local/lib/python3.6/site-packages/airflow/example_dags/example_python_operator.py
[2026-09-23 12:09:12,191] {logging_mixin.py:104} INFO - [2026-09-23 12:09:12,191] {dag.py:1824} INFO - Sync 1 DAGs
[2026-09-23 12:09:12,215] {logging_mixin.py:104} INFO - [2026-09-23 12:09:12,215] {dag.py:2280} INFO - Setting next_dagrun for example_python_operator to None
[2026-09-23 12:09:12,235] {scheduler_job.py:190} INFO - Processing /home/airflow/.local/lib/python3.6/site-packages/airflow/example_dags/example_python_operator.py took 0.105 seconds
[2026-09-23 12:09:42,619] {scheduler_job.py:182} INFO - Started process (PID=2468) to work on /home/airflow/.local/lib/python3.6/site-packages/airflow/example_dags/example_python_operator.py
[2026-09-23 12:09:42,628] {scheduler_job.py:629} INFO - Processing file /home/airflow/.local/lib/python3.6/site-packages/airflow/example_dags/example_python_operator.py for tasks to queue
[2026-09-23 12:09:42,632] {logging_mixin.py:104} INFO - [2026-09-23 12:09:42,632] {dagbag.py:451} INFO - Filling up the DagBag from /home/airflow/.local/lib/python3.6/site-packages/airflow/example_dags/example_python_operator.py
[2026-09-23 12:09:42,661] {scheduler_job.py:639} INFO - DAG(s) dict_keys(['example_python_operator']) retrieved from /home/airflow/.local/lib/python3.6/site-packages/airflow/example_dags/example_python_operator.py
[2026-09-23 12:09:42,705] {logging_mixin.py:104} INFO - [2026-09-23 12:09:42,705] {dag.py:1824} INFO - Sync 1 DAGs
[2026-09-23 12:09:42,739] {logging_mixin.py:104} INFO - [2026-09-23 12:09:42,739] {dag.py:2280} INFO - Setting next_dagrun for example_python_operator to None
[2026-09-23 12:09:42,775] {scheduler_job.py:190} INFO - Processing /home/airflow/.local/lib/python3.6/site-packages/airflow/example_dags/example_python_operator.py took 0.176 seconds
[2026-09-23 12:10:12,983] {scheduler_job.py:182} INFO - Started process (PID=2494) to work on /home/airflow/.local/lib/python3.6/site-packages/airflow/example_dags/example_python_operator.py
[2026-09-23 12:10:12,984] {scheduler_job.py:629} INFO - Processing file /home/airflow/.local/lib/python3.6/site-packages/airflow/example_dags/example_python_operator.py for tasks to queue
[2026-09-23 12:10:12,985] {logging_mixin.py:104} INFO - [2026-09-23 12:10:12,985] {dagbag.py:451} INFO - Filling up the DagBag from /home/airflow/.local/lib/python3.6/site-packages/airflow/example_dags/example_python_operator.py
[2026-09-23 12:10:13,002] {scheduler_job.py:639} INFO - DAG(s) dict_keys(['example_python_operator']) retrieved from /home/airflow/.local/lib/python3.6/site-packages/airflow/example_dags/example_python_operator.py
[2026-09-23 12:10:13,028] {logging_mixin.py:104} INFO - [2026-09-23 12:10:13,028] {dag.py:1824} INFO - Sync 1 DAGs
[2026-09-23 12:10:13,046] {logging_mixin.py:104} INFO - [2026-09-23 12:10:13,046] {dag.py:2280} INFO - Setting next_dagrun for example_python_operator to None
[2026-09-23 12:10:13,061] {scheduler_job.py:190} INFO - Processing /home/airflow/.local/lib/python3.6/site-packages/airflow/example_dags/example_python_operator.py took 0.082 seconds
[2026-09-23 12:10:43,114] {scheduler_job.py:182} INFO - Started process (PID=2520) to work on /home/airflow/.local/lib/python3.6/site-packages/airflow/example_dags/example_python_operator.py
[2026-09-23 12:10:43,115] {scheduler_job.py:629} INFO - Processing file /home/airflow/.local/lib/python3.6/site-packages/airflow/example_dags/example_python_operator.py for tasks to queue
[2026-09-23 12:10:43,116] {logging_mixin.py:104} INFO - [2026-09-23 12:10:43,116] {dagbag.py:451} INFO - Filling up the DagBag from /home/airflow/.local/lib/python3.6/site-packages/airflow/example_dags/example_python_operator.py
[2026-09-23 12:10:43,135] {scheduler_job.py:639} INFO - DAG(s) dict_keys(['example_python_operator']) retrieved from /home/airflow/.local/lib/python3.6/site-packages/airflow/example_dags/example_python_operator.py
[2026-09-23 12:10:43,162] {logging_mixin.py:104} INFO - [2026-09-23 12:10:43,162] {dag.py:1824} INFO - Sync 1 DAGs
[2026-09-23 12:10:43,186] {logging_mixin.py:104} INFO - [2026-09-23 12:10:43,185] {dag.py:2280} INFO - Setting next_dagrun for example_python_operator to None
[2026-09-23 12:10:43,200] {scheduler_job.py:190} INFO - Processing /home/airflow/.local/lib/python3.6/site-packages/airflow/example_dags/example_python_operator.py took 0.090 seconds
[2026-09-23 12:11:14,170] {scheduler_job.py:182} INFO - Started process (PID=2546) to work on /home/airflow/.local/lib/python3.6/site-packages/airflow/example_dags/example_python_operator.py
[2026-09-23 12:11:14,172] {scheduler_job.py:629} INFO - Processing file /home/airflow/.local/lib/python3.6/site-packages/airflow/example_dags/example_python_operator.py for tasks to queue
[2026-09-23 12:11:14,173] {logging_mixin.py:104} INFO - [2026-09-23 12:11:14,173] {dagbag.py:451} INFO - Filling up the DagBag from /home/airflow/.local/lib/python3.6/site-packages/airflow/example_dags/example_python_operator.py
[2026-09-23 12:11:14,202] {scheduler_job.py:639} INFO - DAG(s) dict_keys(['example_python_operator']) retrieved from /home/airflow/.local/lib/python3.6/site-packages/airflow/example_dags/example_python_operator.py
[2026-09-23 12:11:14,246] {logging_mixin.py:104} INFO - [2026-09-23 12:11:14,246] {dag.py:1824} INFO - Sync 1 DAGs
[2026-09-23 12:11:14,274] {logging_mixin.py:104} INFO - [2026-09-23 12:11:14,274] {dag.py:2280} INFO - Setting next_dagrun for example_python_operator to None
[2026-09-23 12:11:14,298] {scheduler_job.py:190} INFO - Processing /home/airflow/.local/lib/python3.6/site-packages/airflow/example_dags/example_python_operator.py took 0.134 seconds
[2026-09-23 12:11:44,458] {scheduler_job.py:182} INFO - Started process (PID=2572) to work on /home/airflow/.local/lib/python3.6/site-packages/airflow/example_dags/example_python_operator.py
[2026-09-23 12:11:44,460] {scheduler_job.py:629} INFO - Processing file /home/airflow/.local/lib/python3.6/site-packages/airflow/example_dags/example_python_operator.py for tasks to queue
[2026-09-23 12:11:44,461] {logging_mixin.py:104} INFO - [2026-09-23 12:11:44,461] {dagbag.py:451} INFO - Filling up the DagBag from /home/airflow/.local/lib/python3.6/site-packages/airflow/example_dags/example_python_operator.py
[2026-09-23 12:11:44,491] {scheduler_job.py:639} INFO - DAG(s) dict_keys(['example_python_operator']) retrieved from /home/airflow/.local/lib/python3.6/site-packages/airflow/example_dags/example_python_operator.py
[2026-09-23 12:11:44,535] {logging_mixin.py:104} INFO - [2026-09-23 12:11:44,532] {dag.py:1824} INFO - Sync 1 DAGs
[2026-09-23 12:11:44,573] {logging_mixin.py:104} INFO - [2026-09-23 12:11:44,572] {dag.py:2280} INFO - Setting next_dagrun for example_python_operator to None
[2026-09-23 12:11:44,601] {scheduler_job.py:190} INFO - Processing /home/airflow/.local/lib/python3.6/site-packages/airflow/example_dags/example_python_operator.py took 0.150 seconds
[2026-09-23 12:12:14,841] {scheduler_job.py:182} INFO - Started process (PID=2598) to work on /home/airflow/.local/lib/python3.6/site-packages/airflow/example_dags/example_python_operator.py
[2026-09-23 12:12:14,843] {scheduler_job.py:629} INFO - Processing file /home/airflow/.local/lib/python3.6/site-packages/airflow/example_dags/example_python_operator.py for tasks to queue
[2026-09-23 12:12:14,844] {logging_mixin.py:104} INFO - [2026-09-23 12:12:14,844] {dagbag.py:451} INFO - Filling up the DagBag from /home/airflow/.local/lib/python3.6/site-packages/airflow/example_dags/example_python_operator.py
[2026-09-23 12:12:14,861] {scheduler_job.py:639} INFO - DAG(s) dict_keys(['example_python_operator']) retrieved from /home/airflow/.local/lib/python3.6/site-packages/airflow/example_dags/example_python_operator.py
[2026-09-23 12:12:14,894] {logging_mixin.py:104} INFO - [2026-09-23 12:12:14,894] {dag.py:1824} INFO - Sync 1 DAGs
[2026-09-23 12:12:14,923] {logging_mixin.py:104} INFO - [2026-09-23 12:12:14,922] {dag.py:2280} INFO - Setting next_dagrun for example_python_operator to None
[2026-09-23 12:12:14,941] {scheduler_job.py:190} INFO - Processing /home/airflow/.local/lib/python3.6/site-packages/airflow/example_dags/example_python_operator.py took 0.103 seconds
[2026-09-23 12:12:45,700] {scheduler_job.py:182} INFO - Started process (PID=2623) to work on /home/airflow/.local/lib/python3.6/site-packages/airflow/example_dags/example_python_operator.py
[2026-09-23 12:12:45,703] {scheduler_job.py:629} INFO - Processing file /home/airflow/.local/lib/python3.6/site-packages/airflow/example_dags/example_python_operator.py for tasks to queue
[2026-09-23 12:12:45,704] {logging_mixin.py:104} INFO - [2026-09-23 12:12:45,704] {dagbag.py:451} INFO - Filling up the DagBag from /home/airflow/.local/lib/python3.6/site-packages/airflow/example_dags/example_python_operator.py
[2026-09-23 12:12:45,735] {scheduler_job.py:639} INFO - DAG(s) dict_keys(['example_python_operator']) retrieved from /home/airflow/.local/lib/python3.6/site-packages/airflow/example_dags/example_python_operator.py
[2026-09-23 12:12:45,777] {logging_mixin.py:104} INFO - [2026-09-23 12:12:45,777] {dag.py:1824} INFO - Sync 1 DAGs
[2026-09-23 12:12:45,808] {logging_mixin.py:104} INFO - [2026-09-23 12:12:45,808] {dag.py:2280} INFO - Setting next_dagrun for example_python_operator to None
[2026-09-23 12:12:45,826] {scheduler_job.py:190} INFO - Processing /home/airflow/.local/lib/python3.6/site-packages/airflow/example_dags/example_python_operator.py took 0.132 seconds
[2026-09-23 12:13:16,884] {scheduler_job.py:182} INFO - Started process (PID=2649) to work on /home/airflow/.local/lib/python3.6/site-packages/airflow/example_dags/example_python_operator.py
[2026-09-23 12:13:16,887] {scheduler_job.py:629} INFO - Processing file /home/airflow/.local/lib/python3.6/site-packages/airflow/example_dags/example_python_operator.py for tasks to queue
[2026-09-23 12:13:16,888] {logging_mixin.py:104} INFO - [2026-09-23 12:13:16,888] {dagbag.py:451} INFO - Filling up the DagBag from /home/airflow/.local/lib/python3.6/site-packages/airflow/example_dags/example_python_operator.py
[2026-09-23 12:13:16,927] {scheduler_job.py:639} INFO - DAG(s) dict_keys(['example_python_operator']) retrieved from /home/airflow/.local/lib/python3.6/site-packages/airflow/example_dags/example_python_operator.py
[2026-09-23 12:13:16,971] {logging_mixin.py:104} INFO - [2026-09-23 12:13:16,970] {dag.py:1824} INFO - Sync 1 DAGs
[2026-09-23 12:13:17,007] {logging_mixin.py:104} INFO - [2026-09-23 12:13:17,007] {dag.py:2280} INFO - Setting next_dagrun for example_python_operator to None
[2026-09-23 12:13:17,033] {scheduler_job.py:190} INFO - Processing /home/airflow/.local/lib/python3.6/site-packages/airflow/example_dags/example_python_operator.py took 0.155 seconds
[2026-09-23 12:13:47,896] {scheduler_job.py:182} INFO - Started process (PID=2677) to work on /home/airflow/.local/lib/python3.6/site-packages/airflow/example_dags/example_python_operator.py
[2026-09-23 12:13:47,897] {scheduler_job.py:629} INFO - Processing file /home/airflow/.local/lib/python3.6/site-packages/airflow/example_dags/example_python_operator.py for tasks to queue
[2026-09-23 12:13:47,898] {logging_mixin.py:104} INFO - [2026-09-23 12:13:47,898] {dagbag.py:451} INFO - Filling up the DagBag from /home/airflow/.local/lib/python3.6/site-packages/airflow/example_dags/example_python_operator.py
[2026-09-23 12:13:47,915] {scheduler_job.py:639} INFO - DAG(s) dict_keys(['example_python_operator']) retrieved from /home/airflow/.local/lib/python3.6/site-packages/airflow/example_dags/example_python_operator.py
[2026-09-23 12:13:47,938] {logging_mixin.py:104} INFO - [2026-09-23 12:13:47,938] {dag.py:1824} INFO - Sync 1 DAGs
[2026-09-23 12:13:47,958] {logging_mixin.py:104} INFO - [2026-09-23 12:13:47,958] {dag.py:2280} INFO - Setting next_dagrun for example_python_operator to None
[2026-09-23 12:13:47,973] {scheduler_job.py:190} INFO - Processing /home/airflow/.local/lib/python3.6/site-packages/airflow/example_dags/example_python_operator.py took 0.081 seconds
[2026-09-23 12:14:18,407] {scheduler_job.py:182} INFO - Started process (PID=2703) to work on /home/airflow/.local/lib/python3.6/site-packages/airflow/example_dags/example_python_operator.py
[2026-09-23 12:14:18,410] {scheduler_job.py:629} INFO - Processing file /home/airflow/.local/lib/python3.6/site-packages/airflow/example_dags/example_python_operator.py for tasks to queue
[2026-09-23 12:14:18,411] {logging_mixin.py:104} INFO - [2026-09-23 12:14:18,411] {dagbag.py:451} INFO - Filling up the DagBag from /home/airflow/.local/lib/python3.6/site-packages/airflow/example_dags/example_python_operator.py
[2026-09-23 12:14:18,436] {scheduler_job.py:639} INFO - DAG(s) dict_keys(['example_python_operator']) retrieved from /home/airflow/.local/lib/python3.6/site-packages/airflow/example_dags/example_python_operator.py
[2026-09-23 12:14:18,478] {logging_mixin.py:104} INFO - [2026-09-23 12:14:18,478] {dag.py:1824} INFO - Sync 1 DAGs
[2026-09-23 12:14:18,509] {logging_mixin.py:104} INFO - [2026-09-23 12:14:18,508] {dag.py:2280} INFO - Setting next_dagrun for example_python_operator to None
[2026-09-23 12:14:18,527] {scheduler_job.py:190} INFO - Processing /home/airflow/.local/lib/python3.6/site-packages/airflow/example_dags/example_python_operator.py took 0.126 seconds
[2026-09-23 12:14:49,191] {scheduler_job.py:182} INFO - Started process (PID=2729) to work on /home/airflow/.local/lib/python3.6/site-packages/airflow/example_dags/example_python_operator.py
[2026-09-23 12:14:49,193] {scheduler_job.py:629} INFO - Processing file /home/airflow/.local/lib/python3.6/site-packages/airflow/example_dags/example_python_operator.py for tasks to queue
[2026-09-23 12:14:49,194] {logging_mixin.py:104} INFO - [2026-09-23 12:14:49,194] {dagbag.py:451} INFO - Filling up the DagBag from /home/airflow/.local/lib/python3.6/site-packages/airflow/example_dags/example_python_operator.py
[2026-09-23 12:14:49,213] {scheduler_job.py:639} INFO - DAG(s) dict_keys(['example_python_operator']) retrieved from /home/airflow/.local/lib/python3.6/site-packages/airflow/example_dags/example_python_operator.py
[2026-09-23 12:14:49,240] {logging_mixin.py:104} INFO - [2026-09-23 12:14:49,240] {dag.py:1824} INFO - Sync 1 DAGs
[2026-09-23 12:14:49,265] {logging_mixin.py:104} INFO - [2026-09-23 12:14:49,265] {dag.py:2280} INFO - Setting next_dagrun for example_python_operator to None
[2026-09-23 12:14:49,280] {scheduler_job.py:190} INFO - Processing /home/airflow/.local/lib/python3.6/site-packages/airflow/example_dags/example_python_operator.py took 0.093 seconds
[2026-09-23 12:15:19,848] {scheduler_job.py:182} INFO - Started process (PID=2755) to work on /home/airflow/.local/lib/python3.6/site-packages/airflow/example_dags/example_python_operator.py
[2026-09-23 12:15:19,849] {scheduler_job.py:629} INFO - Processing file /home/airflow/.local/lib/python3.6/site-packages/airflow/example_dags/example_python_operator.py for tasks to queue
[2026-09-23 12:15:19,850] {logging_mixin.py:104} INFO - [2026-09-23 12:15:19,850] {dagbag.py:451} INFO - Filling up the DagBag from /home/airflow/.local/lib/python3.6/site-packages/airflow/example_dags/example_python_operator.py
[2026-09-23 12:15:19,868] {scheduler_job.py:639} INFO - DAG(s) dict_keys(['example_python_operator']) retrieved from /home/airflow/.local/lib/python3.6/site-packages/airflow/example_dags/example_python_operator.py
[2026-09-23 12:15:19,899] {logging_mixin.py:104} INFO - [2026-09-23 12:15:19,898] {dag.py:1824} INFO - Sync 1 DAGs
[2026-09-23 12:15:19,918] {logging_mixin.py:104} INFO - [2026-09-23 12:15:19,918] {dag.py:2280} INFO - Setting next_dagrun for example_python_operator to None
[2026-09-23 12:15:19,931] {scheduler_job.py:190} INFO - Processing /home/airflow/.local/lib/python3.6/site-packages/airflow/example_dags/example_python_operator.py took 0.088 seconds
[2026-09-23 12:15:50,505] {scheduler_job.py:182} INFO - Started process (PID=2781) to work on /home/airflow/.local/lib/python3.6/site-packages/airflow/example_dags/example_python_operator.py
[2026-09-23 12:15:50,506] {scheduler_job.py:629} INFO - Processing file /home/airflow/.local/lib/python3.6/site-packages/airflow/example_dags/example_python_operator.py for tasks to queue
[2026-09-23 12:15:50,507] {logging_mixin.py:104} INFO - [2026-09-23 12:15:50,507] {dagbag.py:451} INFO - Filling up the DagBag from /home/airflow/.local/lib/python3.6/site-packages/airflow/example_dags/example_python_operator.py
[2026-09-23 12:15:50,527] {scheduler_job.py:639} INFO - DAG(s) dict_keys(['example_python_operator']) retrieved from /home/airflow/.local/lib/python3.6/site-packages/airflow/example_dags/example_python_operator.py
[2026-09-23 12:15:50,563] {logging_mixin.py:104} INFO - [2026-09-23 12:15:50,563] {dag.py:1824} INFO - Sync 1 DAGs
[2026-09-23 12:15:50,587] {logging_mixin.py:104} INFO - [2026-09-23 12:15:50,587] {dag.py:2280} INFO - Setting next_dagrun for example_python_operator to None
[2026-09-23 12:15:50,608] {scheduler_job.py:190} INFO - Processing /home/airflow/.local/lib/python3.6/site-packages/airflow/example_dags/example_python_operator.py took 0.109 seconds
[2026-09-23 12:16:21,111] {scheduler_job.py:182} INFO - Started process (PID=2807) to work on /home/airflow/.local/lib/python3.6/site-packages/airflow/example_dags/example_python_operator.py
[2026-09-23 12:16:21,112] {scheduler_job.py:629} INFO - Processing file /home/airflow/.local/lib/python3.6/site-packages/airflow/example_dags/example_python_operator.py for tasks to queue
[2026-09-23 12:16:21,113] {logging_mixin.py:104} INFO - [2026-09-23 12:16:21,113] {dagbag.py:451} INFO - Filling up the DagBag from /home/airflow/.local/lib/python3.6/site-packages/airflow/example_dags/example_python_operator.py
[2026-09-23 12:16:21,133] {scheduler_job.py:639} INFO - DAG(s) dict_keys(['example_python_operator']) retrieved from /home/airflow/.local/lib/python3.6/site-packages/airflow/example_dags/example_python_operator.py
[2026-09-23 12:16:21,166] {logging_mixin.py:104} INFO - [2026-09-23 12:16:21,166] {dag.py:1824} INFO - Sync 1 DAGs
[2026-09-23 12:16:21,195] {logging_mixin.py:104} INFO - [2026-09-23 12:16:21,194] {dag.py:2280} INFO - Setting next_dagrun for example_python_operator to None
[2026-09-23 12:16:21,209] {scheduler_job.py:190} INFO - Processing /home/airflow/.local/lib/python3.6/site-packages/airflow/example_dags/example_python_operator.py took 0.102 seconds
[2026-09-23 12:16:51,899] {scheduler_job.py:182} INFO - Started process (PID=2833) to work on /home/airflow/.local/lib/python3.6/site-packages/airflow/example_dags/example_python_operator.py
[2026-09-23 12:16:51,901] {scheduler_job.py:629} INFO - Processing file /home/airflow/.local/lib/python3.6/site-packages/airflow/example_dags/example_python_operator.py for tasks to queue
[2026-09-23 12:16:51,902] {logging_mixin.py:104} INFO - [2026-09-23 12:16:51,902] {dagbag.py:451} INFO - Filling up the DagBag from /home/airflow/.local/lib/python3.6/site-packages/airflow/example_dags/example_python_operator.py
[2026-09-23 12:16:51,923] {scheduler_job.py:639} INFO - DAG(s) dict_keys(['example_python_operator']) retrieved from /home/airflow/.local/lib/python3.6/site-packages/airflow/example_dags/example_python_operator.py
[2026-09-23 12:16:51,960] {logging_mixin.py:104} INFO - [2026-09-23 12:16:51,959] {dag.py:1824} INFO - Sync 1 DAGs
[2026-09-23 12:16:51,988] {logging_mixin.py:104} INFO - [2026-09-23 12:16:51,988] {dag.py:2280} INFO - Setting next_dagrun for example_python_operator to None
[2026-09-23 12:16:52,007] {scheduler_job.py:190} INFO - Processing /home/airflow/.local/lib/python3.6/site-packages/airflow/example_dags/example_python_operator.py took 0.113 seconds
[2026-09-23 12:17:22,414] {scheduler_job.py:182} INFO - Started process (PID=2859) to work on /home/airflow/.local/lib/python3.6/site-packages/airflow/example_dags/example_python_operator.py
[2026-09-23 12:17:22,415] {scheduler_job.py:629} INFO - Processing file /home/airflow/.local/lib/python3.6/site-packages/airflow/example_dags/example_python_operator.py for tasks to queue
[2026-09-23 12:17:22,416] {logging_mixin.py:104} INFO - [2026-09-23 12:17:22,416] {dagbag.py:451} INFO - Filling up the DagBag from /home/airflow/.local/lib/python3.6/site-packages/airflow/example_dags/example_python_operator.py
[2026-09-23 12:17:22,435] {scheduler_job.py:639} INFO - DAG(s) dict_keys(['example_python_operator']) retrieved from /home/airflow/.local/lib/python3.6/site-packages/airflow/example_dags/example_python_operator.py
[2026-09-23 12:17:22,461] {logging_mixin.py:104} INFO - [2026-09-23 12:17:22,461] {dag.py:1824} INFO - Sync 1 DAGs
[2026-09-23 12:17:22,482] {logging_mixin.py:104} INFO - [2026-09-23 12:17:22,481] {dag.py:2280} INFO - Setting next_dagrun for example_python_operator to None
[2026-09-23 12:17:22,501] {scheduler_job.py:190} INFO - Processing /home/airflow/.local/lib/python3.6/site-packages/airflow/example_dags/example_python_operator.py took 0.091 seconds
[2026-09-23 12:17:53,052] {scheduler_job.py:182} INFO - Started process (PID=2885) to work on /home/airflow/.local/lib/python3.6/site-packages/airflow/example_dags/example_python_operator.py
[2026-09-23 12:17:53,054] {scheduler_job.py:629} INFO - Processing file /home/airflow/.local/lib/python3.6/site-packages/airflow/example_dags/example_python_operator.py for tasks to queue
[2026-09-23 12:17:53,055] {logging_mixin.py:104} INFO - [2026-09-23 12:17:53,055] {dagbag.py:451} INFO - Filling up the DagBag from /home/airflow/.local/lib/python3.6/site-packages/airflow/example_dags/example_python_operator.py
[2026-09-23 12:17:53,086] {scheduler_job.py:639} INFO - DAG(s) dict_keys(['example_python_operator']) retrieved from /home/airflow/.local/lib/python3.6/site-packages/airflow/example_dags/example_python_operator.py
[2026-09-23 12:17:53,134] {logging_mixin.py:104} INFO - [2026-09-23 12:17:53,134] {dag.py:1824} INFO - Sync 1 DAGs
[2026-09-23 12:17:53,164] {logging_mixin.py:104} INFO - [2026-09-23 12:17:53,164] {dag.py:2280} INFO - Setting next_dagrun for example_python_operator to None
[2026-09-23 12:17:53,183] {scheduler_job.py:190} INFO - Processing /home/airflow/.local/lib/python3.6/site-packages/airflow/example_dags/example_python_operator.py took 0.136 seconds
[2026-09-23 12:18:23,583] {scheduler_job.py:182} INFO - Started process (PID=2911) to work on /home/airflow/.local/lib/python3.6/site-packages/airflow/example_dags/example_python_operator.py
[2026-09-23 12:18:23,584] {scheduler_job.py:629} INFO - Processing file /home/airflow/.local/lib/python3.6/site-packages/airflow/example_dags/example_python_operator.py for tasks to queue
[2026-09-23 12:18:23,585] {logging_mixin.py:104} INFO - [2026-09-23 12:18:23,585] {dagbag.py:451} INFO - Filling up the DagBag from /home/airflow/.local/lib/python3.6/site-packages/airflow/example_dags/example_python_operator.py
[2026-09-23 12:18:23,603] {scheduler_job.py:639} INFO - DAG(s) dict_keys(['example_python_operator']) retrieved from /home/airflow/.local/lib/python3.6/site-packages/airflow/example_dags/example_python_operator.py
[2026-09-23 12:18:23,628] {logging_mixin.py:104} INFO - [2026-09-23 12:18:23,628] {dag.py:1824} INFO - Sync 1 DAGs
[2026-09-23 12:18:23,651] {logging_mixin.py:104} INFO - [2026-09-23 12:18:23,651] {dag.py:2280} INFO - Setting next_dagrun for example_python_operator to None
[2026-09-23 12:18:23,671] {scheduler_job.py:190} INFO - Processing /home/airflow/.local/lib/python3.6/site-packages/airflow/example_dags/example_python_operator.py took 0.092 seconds
[2026-09-23 12:18:54,110] {scheduler_job.py:182} INFO - Started process (PID=2937) to work on /home/airflow/.local/lib/python3.6/site-packages/airflow/example_dags/example_python_operator.py
[2026-09-23 12:18:54,111] {scheduler_job.py:629} INFO - Processing file /home/airflow/.local/lib/python3.6/site-packages/airflow/example_dags/example_python_operator.py for tasks to queue
[2026-09-23 12:18:54,112] {logging_mixin.py:104} INFO - [2026-09-23 12:18:54,112] {dagbag.py:451} INFO - Filling up the DagBag from /home/airflow/.local/lib/python3.6/site-packages/airflow/example_dags/example_python_operator.py
[2026-09-23 12:18:54,134] {scheduler_job.py:639} INFO - DAG(s) dict_keys(['example_python_operator']) retrieved from /home/airflow/.local/lib/python3.6/site-packages/airflow/example_dags/example_python_operator.py
[2026-09-23 12:18:54,161] {logging_mixin.py:104} INFO - [2026-09-23 12:18:54,160] {dag.py:1824} INFO - Sync 1 DAGs
[2026-09-23 12:18:54,182] {logging_mixin.py:104} INFO - [2026-09-23 12:18:54,181] {dag.py:2280} INFO - Setting next_dagrun for example_python_operator to None
[2026-09-23 12:18:54,194] {scheduler_job.py:190} INFO - Processing /home/airflow/.local/lib/python3.6/site-packages/airflow/example_dags/example_python_operator.py took 0.090 seconds
[2026-09-23 12:19:25,055] {scheduler_job.py:182} INFO - Started process (PID=2963) to work on /home/airflow/.local/lib/python3.6/site-packages/airflow/example_dags/example_python_operator.py
[2026-09-23 12:19:25,057] {scheduler_job.py:629} INFO - Processing file /home/airflow/.local/lib/python3.6/site-packages/airflow/example_dags/example_python_operator.py for tasks to queue
[2026-09-23 12:19:25,058] {logging_mixin.py:104} INFO - [2026-09-23 12:19:25,057] {dagbag.py:451} INFO - Filling up the DagBag from /home/airflow/.local/lib/python3.6/site-packages/airflow/example_dags/example_python_operator.py
[2026-09-23 12:19:25,077] {scheduler_job.py:639} INFO - DAG(s) dict_keys(['example_python_operator']) retrieved from /home/airflow/.local/lib/python3.6/site-packages/airflow/example_dags/example_python_operator.py
[2026-09-23 12:19:25,103] {logging_mixin.py:104} INFO - [2026-09-23 12:19:25,103] {dag.py:1824} INFO - Sync 1 DAGs
[2026-09-23 12:19:25,123] {logging_mixin.py:104} INFO - [2026-09-23 12:19:25,123] {dag.py:2280} INFO - Setting next_dagrun for example_python_operator to None
[2026-09-23 12:19:25,139] {scheduler_job.py:190} INFO - Processing /home/airflow/.local/lib/python3.6/site-packages/airflow/example_dags/example_python_operator.py took 0.089 seconds
[2026-09-23 12:19:55,755] {scheduler_job.py:182} INFO - Started process (PID=2989) to work on /home/airflow/.local/lib/python3.6/site-packages/airflow/example_dags/example_python_operator.py
[2026-09-23 12:19:55,757] {scheduler_job.py:629} INFO - Processing file /home/airflow/.local/lib/python3.6/site-packages/airflow/example_dags/example_python_operator.py for tasks to queue
[2026-09-23 12:19:55,759] {logging_mixin.py:104} INFO - [2026-09-23 12:19:55,759] {dagbag.py:451} INFO - Filling up the DagBag from /home/airflow/.local/lib/python3.6/site-packages/airflow/example_dags/example_python_operator.py
[2026-09-23 12:19:55,789] {scheduler_job.py:639} INFO - DAG(s) dict_keys(['example_python_operator']) retrieved from /home/airflow/.local/lib/python3.6/site-packages/airflow/example_dags/example_python_operator.py
[2026-09-23 12:19:55,833] {logging_mixin.py:104} INFO - [2026-09-23 12:19:55,833] {dag.py:1824} INFO - Sync 1 DAGs
[2026-09-23 12:19:55,863] {logging_mixin.py:104} INFO - [2026-09-23 12:19:55,863] {dag.py:2280} INFO - Setting next_dagrun for example_python_operator to None
[2026-09-23 12:19:55,885] {scheduler_job.py:190} INFO - Processing /home/airflow/.local/lib/python3.6/site-packages/airflow/example_dags/example_python_operator.py took 0.137 seconds
[2026-09-23 12:20:26,523] {scheduler_job.py:182} INFO - Started process (PID=3015) to work on /home/airflow/.local/lib/python3.6/site-packages/airflow/example_dags/example_python_operator.py
[2026-09-23 12:20:26,525] {scheduler_job.py:629} INFO - Processing file /home/airflow/.local/lib/python3.6/site-packages/airflow/example_dags/example_python_operator.py for tasks to queue
[2026-09-23 12:20:26,526] {logging_mixin.py:104} INFO - [2026-09-23 12:20:26,526] {dagbag.py:451} INFO - Filling up the DagBag from /home/airflow/.local/lib/python3.6/site-packages/airflow/example_dags/example_python_operator.py
[2026-09-23 12:20:26,547] {scheduler_job.py:639} INFO - DAG(s) dict_keys(['example_python_operator']) retrieved from /home/airflow/.local/lib/python3.6/site-packages/airflow/example_dags/example_python_operator.py
[2026-09-23 12:20:26,584] {logging_mixin.py:104} INFO - [2026-09-23 12:20:26,583] {dag.py:1824} INFO - Sync 1 DAGs
[2026-09-23 12:20:26,612] {logging_mixin.py:104} INFO - [2026-09-23 12:20:26,611] {dag.py:2280} INFO - Setting next_dagrun for example_python_operator to None
[2026-09-23 12:20:26,629] {scheduler_job.py:190} INFO - Processing /home/airflow/.local/lib/python3.6/site-packages/airflow/example_dags/example_python_operator.py took 0.110 seconds
[2026-09-23 12:20:57,280] {scheduler_job.py:182} INFO - Started process (PID=3041) to work on /home/airflow/.local/lib/python3.6/site-packages/airflow/example_dags/example_python_operator.py
[2026-09-23 12:20:57,282] {scheduler_job.py:629} INFO - Processing file /home/airflow/.local/lib/python3.6/site-packages/airflow/example_dags/example_python_operator.py for tasks to queue
[2026-09-23 12:20:57,283] {logging_mixin.py:104} INFO - [2026-09-23 12:20:57,283] {dagbag.py:451} INFO - Filling up the DagBag from /home/airflow/.local/lib/python3.6/site-packages/airflow/example_dags/example_python_operator.py
[2026-09-23 12:20:57,301] {scheduler_job.py:639} INFO - DAG(s) dict_keys(['example_python_operator']) retrieved from /home/airflow/.local/lib/python3.6/site-packages/airflow/example_dags/example_python_operator.py
[2026-09-23 12:20:57,333] {logging_mixin.py:104} INFO - [2026-09-23 12:20:57,333] {dag.py:1824} INFO - Sync 1 DAGs
[2026-09-23 12:20:57,358] {logging_mixin.py:104} INFO - [2026-09-23 12:20:57,357] {dag.py:2280} INFO - Setting next_dagrun for example_python_operator to None
[2026-09-23 12:20:57,377] {scheduler_job.py:190} INFO - Processing /home/airflow/.local/lib/python3.6/site-packages/airflow/example_dags/example_python_operator.py took 0.101 seconds
[2026-09-23 12:21:27,821] {scheduler_job.py:182} INFO - Started process (PID=3067) to work on /home/airflow/.local/lib/python3.6/site-packages/airflow/example_dags/example_python_operator.py
[2026-09-23 12:21:27,822] {scheduler_job.py:629} INFO - Processing file /home/airflow/.local/lib/python3.6/site-packages/airflow/example_dags/example_python_operator.py for tasks to queue
[2026-09-23 12:21:27,823] {logging_mixin.py:104} INFO - [2026-09-23 12:21:27,823] {dagbag.py:451} INFO - Filling up the DagBag from /home/airflow/.local/lib/python3.6/site-packages/airflow/example_dags/example_python_operator.py
[2026-09-23 12:21:27,841] {scheduler_job.py:639} INFO - DAG(s) dict_keys(['example_python_operator']) retrieved from /home/airflow/.local/lib/python3.6/site-packages/airflow/example_dags/example_python_operator.py
[2026-09-23 12:21:27,870] {logging_mixin.py:104} INFO - [2026-09-23 12:21:27,870] {dag.py:1824} INFO - Sync 1 DAGs
[2026-09-23 12:21:27,891] {logging_mixin.py:104} INFO - [2026-09-23 12:21:27,891] {dag.py:2280} INFO - Setting next_dagrun for example_python_operator to None
[2026-09-23 12:21:27,908] {scheduler_job.py:190} INFO - Processing /home/airflow/.local/lib/python3.6/site-packages/airflow/example_dags/example_python_operator.py took 0.092 seconds
[2026-09-23 12:21:58,296] {scheduler_job.py:182} INFO - Started process (PID=3093) to work on /home/airflow/.local/lib/python3.6/site-packages/airflow/example_dags/example_python_operator.py
[2026-09-23 12:21:58,297] {scheduler_job.py:629} INFO - Processing file /home/airflow/.local/lib/python3.6/site-packages/airflow/example_dags/example_python_operator.py for tasks to queue
[2026-09-23 12:21:58,298] {logging_mixin.py:104} INFO - [2026-09-23 12:21:58,298] {dagbag.py:451} INFO - Filling up the DagBag from /home/airflow/.local/lib/python3.6/site-packages/airflow/example_dags/example_python_operator.py
[2026-09-23 12:21:58,319] {scheduler_job.py:639} INFO - DAG(s) dict_keys(['example_python_operator']) retrieved from /home/airflow/.local/lib/python3.6/site-packages/airflow/example_dags/example_python_operator.py
[2026-09-23 12:21:58,352] {logging_mixin.py:104} INFO - [2026-09-23 12:21:58,351] {dag.py:1824} INFO - Sync 1 DAGs
[2026-09-23 12:21:58,375] {logging_mixin.py:104} INFO - [2026-09-23 12:21:58,375] {dag.py:2280} INFO - Setting next_dagrun for example_python_operator to None
[2026-09-23 12:21:58,396] {scheduler_job.py:190} INFO - Processing /home/airflow/.local/lib/python3.6/site-packages/airflow/example_dags/example_python_operator.py took 0.105 seconds
[2026-09-23 12:22:28,742] {scheduler_job.py:182} INFO - Started process (PID=3119) to work on /home/airflow/.local/lib/python3.6/site-packages/airflow/example_dags/example_python_operator.py
[2026-09-23 12:22:28,744] {scheduler_job.py:629} INFO - Processing file /home/airflow/.local/lib/python3.6/site-packages/airflow/example_dags/example_python_operator.py for tasks to queue
[2026-09-23 12:22:28,745] {logging_mixin.py:104} INFO - [2026-09-23 12:22:28,745] {dagbag.py:451} INFO - Filling up the DagBag from /home/airflow/.local/lib/python3.6/site-packages/airflow/example_dags/example_python_operator.py
[2026-09-23 12:22:28,765] {scheduler_job.py:639} INFO - DAG(s) dict_keys(['example_python_operator']) retrieved from /home/airflow/.local/lib/python3.6/site-packages/airflow/example_dags/example_python_operator.py
[2026-09-23 12:22:28,793] {logging_mixin.py:104} INFO - [2026-09-23 12:22:28,793] {dag.py:1824} INFO - Sync 1 DAGs
[2026-09-23 12:22:28,813] {logging_mixin.py:104} INFO - [2026-09-23 12:22:28,813] {dag.py:2280} INFO - Setting next_dagrun for example_python_operator to None
[2026-09-23 12:22:28,830] {scheduler_job.py:190} INFO - Processing /home/airflow/.local/lib/python3.6/site-packages/airflow/example_dags/example_python_operator.py took 0.093 seconds
[2026-09-23 12:22:59,367] {scheduler_job.py:182} INFO - Started process (PID=3145) to work on /home/airflow/.local/lib/python3.6/site-packages/airflow/example_dags/example_python_operator.py
[2026-09-23 12:22:59,369] {scheduler_job.py:629} INFO - Processing file /home/airflow/.local/lib/python3.6/site-packages/airflow/example_dags/example_python_operator.py for tasks to queue
[2026-09-23 12:22:59,370] {logging_mixin.py:104} INFO - [2026-09-23 12:22:59,370] {dagbag.py:451} INFO - Filling up the DagBag from /home/airflow/.local/lib/python3.6/site-packages/airflow/example_dags/example_python_operator.py
[2026-09-23 12:22:59,395] {scheduler_job.py:639} INFO - DAG(s) dict_keys(['example_python_operator']) retrieved from /home/airflow/.local/lib/python3.6/site-packages/airflow/example_dags/example_python_operator.py
[2026-09-23 12:22:59,429] {logging_mixin.py:104} INFO - [2026-09-23 12:22:59,429] {dag.py:1824} INFO - Sync 1 DAGs
[2026-09-23 12:22:59,455] {logging_mixin.py:104} INFO - [2026-09-23 12:22:59,455] {dag.py:2280} INFO - Setting next_dagrun for example_python_operator to None
[2026-09-23 12:22:59,469] {scheduler_job.py:190} INFO - Processing /home/airflow/.local/lib/python3.6/site-packages/airflow/example_dags/example_python_operator.py took 0.106 seconds
[2026-09-23 12:23:29,898] {scheduler_job.py:182} INFO - Started process (PID=3171) to work on /home/airflow/.local/lib/python3.6/site-packages/airflow/example_dags/example_python_operator.py
[2026-09-23 12:23:29,899] {scheduler_job.py:629} INFO - Processing file /home/airflow/.local/lib/python3.6/site-packages/airflow/example_dags/example_python_operator.py for tasks to queue
[2026-09-23 12:23:29,900] {logging_mixin.py:104} INFO - [2026-09-23 12:23:29,900] {dagbag.py:451} INFO - Filling up the DagBag from /home/airflow/.local/lib/python3.6/site-packages/airflow/example_dags/example_python_operator.py
[2026-09-23 12:23:29,919] {scheduler_job.py:639} INFO - DAG(s) dict_keys(['example_python_operator']) retrieved from /home/airflow/.local/lib/python3.6/site-packages/airflow/example_dags/example_python_operator.py
[2026-09-23 12:23:29,950] {logging_mixin.py:104} INFO - [2026-09-23 12:23:29,950] {dag.py:1824} INFO - Sync 1 DAGs
[2026-09-23 12:23:29,975] {logging_mixin.py:104} INFO - [2026-09-23 12:23:29,975] {dag.py:2280} INFO - Setting next_dagrun for example_python_operator to None
[2026-09-23 12:23:29,997] {scheduler_job.py:190} INFO - Processing /home/airflow/.local/lib/python3.6/site-packages/airflow/example_dags/example_python_operator.py took 0.104 seconds
[2026-09-23 12:24:00,546] {scheduler_job.py:182} INFO - Started process (PID=3197) to work on /home/airflow/.local/lib/python3.6/site-packages/airflow/example_dags/example_python_operator.py
[2026-09-23 12:24:00,547] {scheduler_job.py:629} INFO - Processing file /home/airflow/.local/lib/python3.6/site-packages/airflow/example_dags/example_python_operator.py for tasks to queue
[2026-09-23 12:24:00,548] {logging_mixin.py:104} INFO - [2026-09-23 12:24:00,548] {dagbag.py:451} INFO - Filling up the DagBag from /home/airflow/.local/lib/python3.6/site-packages/airflow/example_dags/example_python_operator.py
[2026-09-23 12:24:00,578] {scheduler_job.py:639} INFO - DAG(s) dict_keys(['example_python_operator']) retrieved from /home/airflow/.local/lib/python3.6/site-packages/airflow/example_dags/example_python_operator.py
[2026-09-23 12:24:00,617] {logging_mixin.py:104} INFO - [2026-09-23 12:24:00,617] {dag.py:1824} INFO - Sync 1 DAGs
[2026-09-23 12:24:00,650] {logging_mixin.py:104} INFO - [2026-09-23 12:24:00,650] {dag.py:2280} INFO - Setting next_dagrun for example_python_operator to None
[2026-09-23 12:24:00,668] {scheduler_job.py:190} INFO - Processing /home/airflow/.local/lib/python3.6/site-packages/airflow/example_dags/example_python_operator.py took 0.128 seconds
[2026-09-23 12:24:30,728] {scheduler_job.py:182} INFO - Started process (PID=3223) to work on /home/airflow/.local/lib/python3.6/site-packages/airflow/example_dags/example_python_operator.py
[2026-09-23 12:24:30,731] {scheduler_job.py:629} INFO - Processing file /home/airflow/.local/lib/python3.6/site-packages/airflow/example_dags/example_python_operator.py for tasks to queue
[2026-09-23 12:24:30,733] {logging_mixin.py:104} INFO - [2026-09-23 12:24:30,732] {dagbag.py:451} INFO - Filling up the DagBag from /home/airflow/.local/lib/python3.6/site-packages/airflow/example_dags/example_python_operator.py
[2026-09-23 12:24:30,753] {scheduler_job.py:639} INFO - DAG(s) dict_keys(['example_python_operator']) retrieved from /home/airflow/.local/lib/python3.6/site-packages/airflow/example_dags/example_python_operator.py
[2026-09-23 12:24:30,780] {logging_mixin.py:104} INFO - [2026-09-23 12:24:30,780] {dag.py:1824} INFO - Sync 1 DAGs
[2026-09-23 12:24:30,801] {logging_mixin.py:104} INFO - [2026-09-23 12:24:30,801] {dag.py:2280} INFO - Setting next_dagrun for example_python_operator to None
[2026-09-23 12:24:30,816] {scheduler_job.py:190} INFO - Processing /home/airflow/.local/lib/python3.6/site-packages/airflow/example_dags/example_python_operator.py took 0.094 seconds
[2026-09-23 12:25:01,248] {scheduler_job.py:182} INFO - Started process (PID=3249) to work on /home/airflow/.local/lib/python3.6/site-packages/airflow/example_dags/example_python_operator.py
[2026-09-23 12:25:01,250] {scheduler_job.py:629} INFO - Processing file /home/airflow/.local/lib/python3.6/site-packages/airflow/example_dags/example_python_operator.py for tasks to queue
[2026-09-23 12:25:01,252] {logging_mixin.py:104} INFO - [2026-09-23 12:25:01,252] {dagbag.py:451} INFO - Filling up the DagBag from /home/airflow/.local/lib/python3.6/site-packages/airflow/example_dags/example_python_operator.py
[2026-09-23 12:25:01,276] {scheduler_job.py:639} INFO - DAG(s) dict_keys(['example_python_operator']) retrieved from /home/airflow/.local/lib/python3.6/site-packages/airflow/example_dags/example_python_operator.py
[2026-09-23 12:25:01,319] {logging_mixin.py:104} INFO - [2026-09-23 12:25:01,319] {dag.py:1824} INFO - Sync 1 DAGs
[2026-09-23 12:25:01,344] {logging_mixin.py:104} INFO - [2026-09-23 12:25:01,344] {dag.py:2280} INFO - Setting next_dagrun for example_python_operator to None
[2026-09-23 12:25:01,359] {scheduler_job.py:190} INFO - Processing /home/airflow/.local/lib/python3.6/site-packages/airflow/example_dags/example_python_operator.py took 0.117 seconds
[2026-09-23 12:47:01,068] {scheduler_job.py:182} INFO - Started process (PID=3272) to work on /home/airflow/.local/lib/python3.6/site-packages/airflow/example_dags/example_python_operator.py
[2026-09-23 12:47:01,074] {scheduler_job.py:629} INFO - Processing file /home/airflow/.local/lib/python3.6/site-packages/airflow/example_dags/example_python_operator.py for tasks to queue
[2026-09-23 12:47:01,078] {logging_mixin.py:104} INFO - [2026-09-23 12:47:01,078] {dagbag.py:451} INFO - Filling up the DagBag from /home/airflow/.local/lib/python3.6/site-packages/airflow/example_dags/example_python_operator.py
[2026-09-23 12:47:01,168] {scheduler_job.py:639} INFO - DAG(s) dict_keys(['example_python_operator']) retrieved from /home/airflow/.local/lib/python3.6/site-packages/airflow/example_dags/example_python_operator.py
[2026-09-23 12:47:01,236] {logging_mixin.py:104} INFO - [2026-09-23 12:47:01,236] {dag.py:1824} INFO - Sync 1 DAGs
[2026-09-23 12:47:01,275] {logging_mixin.py:104} INFO - [2026-09-23 12:47:01,275] {dag.py:2280} INFO - Setting next_dagrun for example_python_operator to None
[2026-09-23 12:47:01,309] {scheduler_job.py:190} INFO - Processing /home/airflow/.local/lib/python3.6/site-packages/airflow/example_dags/example_python_operator.py took 0.253 seconds
