[2026-09-23 11:22:12,352] {scheduler_job.py:182} INFO - Started process (PID=34) to work on /home/airflow/.local/lib/python3.6/site-packages/airflow/example_dags/example_kubernetes_executor_config.py
[2026-09-23 11:22:12,354] {scheduler_job.py:629} INFO - Processing file /home/airflow/.local/lib/python3.6/site-packages/airflow/example_dags/example_kubernetes_executor_config.py for tasks to queue
[2026-09-23 11:22:12,355] {logging_mixin.py:104} INFO - [2026-09-23 11:22:12,355] {dagbag.py:451} INFO - Filling up the DagBag from /home/airflow/.local/lib/python3.6/site-packages/airflow/example_dags/example_kubernetes_executor_config.py
[2026-09-23 11:22:12,381] {scheduler_job.py:639} INFO - DAG(s) dict_keys(['example_kubernetes_executor_config']) retrieved from /home/airflow/.local/lib/python3.6/site-packages/airflow/example_dags/example_kubernetes_executor_config.py
[2026-09-23 11:22:12,429] {logging_mixin.py:104} INFO - [2026-09-23 11:22:12,429] {dag.py:1824} INFO - Sync 1 DAGs
[2026-09-23 11:22:12,460] {logging_mixin.py:104} INFO - [2026-09-23 11:22:12,459] {dag.py:2280} INFO - Setting next_dagrun for example_kubernetes_executor_config to None
[2026-09-23 11:22:12,512] {scheduler_job.py:190} INFO - Processing /home/airflow/.local/lib/python3.6/site-packages/airflow/example_dags/example_kubernetes_executor_config.py took 0.166 seconds
[2026-09-23 11:22:42,600] {scheduler_job.py:182} INFO - Started process (PID=60) to work on /home/airflow/.local/lib/python3.6/site-packages/airflow/example_dags/example_kubernetes_executor_config.py
[2026-09-23 11:22:42,601] {scheduler_job.py:629} INFO - Processing file /home/airflow/.local/lib/python3.6/site-packages/airflow/example_dags/example_kubernetes_executor_config.py for tasks to queue
[2026-09-23 11:22:42,602] {logging_mixin.py:104} INFO - [2026-09-23 11:22:42,601] {dagbag.py:451} INFO - Filling up the DagBag from /home/airflow/.local/lib/python3.6/site-packages/airflow/example_dags/example_kubernetes_executor_config.py
[2026-09-23 11:22:42,618] {scheduler_job.py:639} INFO - DAG(s) dict_keys(['example_kubernetes_executor_config']) retrieved from /home/airflow/.local/lib/python3.6/site-packages/airflow/example_dags/example_kubernetes_executor_config.py
[2026-09-23 11:22:42,642] {logging_mixin.py:104} INFO - [2026-09-23 11:22:42,642] {dag.py:1824} INFO - Sync 1 DAGs
[2026-09-23 11:22:42,659] {logging_mixin.py:104} INFO - [2026-09-23 11:22:42,659] {dag.py:2280} INFO - Setting next_dagrun for example_kubernetes_executor_config to None
[2026-09-23 11:22:42,674] {scheduler_job.py:190} INFO - Processing /home/airflow/.local/lib/python3.6/site-packages/airflow/example_dags/example_kubernetes_executor_config.py took 0.079 seconds
[2026-09-23 11:23:13,042] {scheduler_job.py:182} INFO - Started process (PID=84) to work on /home/airflow/.local/lib/python3.6/site-packages/airflow/example_dags/example_kubernetes_executor_config.py
[2026-09-23 11:23:13,043] {scheduler_job.py:629} INFO - Processing file /home/airflow/.local/lib/python3.6/site-packages/airflow/example_dags/example_kubernetes_executor_config.py for tasks to queue
[2026-09-23 11:23:13,044] {logging_mixin.py:104} INFO - [2026-09-23 11:23:13,044] {dagbag.py:451} INFO - Filling up the DagBag from /home/airflow/.local/lib/python3.6/site-packages/airflow/example_dags/example_kubernetes_executor_config.py
[2026-09-23 11:23:13,060] {scheduler_job.py:639} INFO - DAG(s) dict_keys(['example_kubernetes_executor_config']) retrieved from /home/airflow/.local/lib/python3.6/site-packages/airflow/example_dags/example_kubernetes_executor_config.py
[2026-09-23 11:23:13,087] {logging_mixin.py:104} INFO - [2026-09-23 11:23:13,087] {dag.py:1824} INFO - Sync 1 DAGs
[2026-09-23 11:23:13,110] {logging_mixin.py:104} INFO - [2026-09-23 11:23:13,110] {dag.py:2280} INFO - Setting next_dagrun for example_kubernetes_executor_config to None
[2026-09-23 11:23:13,128] {scheduler_job.py:190} INFO - Processing /home/airflow/.local/lib/python3.6/site-packages/airflow/example_dags/example_kubernetes_executor_config.py took 0.090 seconds
[2026-09-23 11:23:44,076] {scheduler_job.py:182} INFO - Started process (PID=110) to work on /home/airflow/.local/lib/python3.6/site-packages/airflow/example_dags/example_kubernetes_executor_config.py
[2026-09-23 11:23:44,078] {scheduler_job.py:629} INFO - Processing file /home/airflow/.local/lib/python3.6/site-packages/airflow/example_dags/example_kubernetes_executor_config.py for tasks to queue
[2026-09-23 11:23:44,079] {logging_mixin.py:104} INFO - [2026-09-23 11:23:44,078] {dagbag.py:451} INFO - Filling up the DagBag from /home/airflow/.local/lib/python3.6/site-packages/airflow/example_dags/example_kubernetes_executor_config.py
[2026-09-23 11:23:44,100] {scheduler_job.py:639} INFO - DAG(s) dict_keys(['example_kubernetes_executor_config']) retrieved from /home/airflow/.local/lib/python3.6/site-packages/airflow/example_dags/example_kubernetes_executor_config.py
[2026-09-23 11:23:44,130] {logging_mixin.py:104} INFO - [2026-09-23 11:23:44,130] {dag.py:1824} INFO - Sync 1 DAGs
[2026-09-23 11:23:44,151] {logging_mixin.py:104} INFO - [2026-09-23 11:23:44,151] {dag.py:2280} INFO - Setting next_dagrun for example_kubernetes_executor_config to None
[2026-09-23 11:23:44,170] {scheduler_job.py:190} INFO - Processing /home/airflow/.local/lib/python3.6/site-packages/airflow/example_dags/example_kubernetes_executor_config.py took 0.099 seconds
[2026-09-23 11:24:14,842] {scheduler_job.py:182} INFO - Started process (PID=136) to work on /home/airflow/.local/lib/python3.6/site-packages/airflow/example_dags/example_kubernetes_executor_config.py
[2026-09-23 11:24:14,843] {scheduler_job.py:629} INFO - Processing file /home/airflow/.local/lib/python3.6/site-packages/airflow/example_dags/example_kubernetes_executor_config.py for tasks to queue
[2026-09-23 11:24:14,844] {logging_mixin.py:104} INFO - [2026-09-23 11:24:14,844] {dagbag.py:451} INFO - Filling up the DagBag from /home/airflow/.local/lib/python3.6/site-packages/airflow/example_dags/example_kubernetes_executor_config.py
[2026-09-23 11:24:14,862] {scheduler_job.py:639} INFO - DAG(s) dict_keys(['example_kubernetes_executor_config']) retrieved from /home/airflow/.local/lib/python3.6/site-packages/airflow/example_dags/example_kubernetes_executor_config.py
[2026-09-23 11:24:14,891] {logging_mixin.py:104} INFO - [2026-09-23 11:24:14,891] {dag.py:1824} INFO - Sync 1 DAGs
[2026-09-23 11:24:14,911] {logging_mixin.py:104} INFO - [2026-09-23 11:24:14,911] {dag.py:2280} INFO - Setting next_dagrun for example_kubernetes_executor_config to None
[2026-09-23 11:24:14,931] {scheduler_job.py:190} INFO - Processing /home/airflow/.local/lib/python3.6/site-packages/airflow/example_dags/example_kubernetes_executor_config.py took 0.093 seconds
[2026-09-23 11:24:45,471] {scheduler_job.py:182} INFO - Started process (PID=162) to work on /home/airflow/.local/lib/python3.6/site-packages/airflow/example_dags/example_kubernetes_executor_config.py
[2026-09-23 11:24:45,473] {scheduler_job.py:629} INFO - Processing file /home/airflow/.local/lib/python3.6/site-packages/airflow/example_dags/example_kubernetes_executor_config.py for tasks to queue
[2026-09-23 11:24:45,473] {logging_mixin.py:104} INFO - [2026-09-23 11:24:45,473] {dagbag.py:451} INFO - Filling up the DagBag from /home/airflow/.local/lib/python3.6/site-packages/airflow/example_dags/example_kubernetes_executor_config.py
[2026-09-23 11:24:45,489] {scheduler_job.py:639} INFO - DAG(s) dict_keys(['example_kubernetes_executor_config']) retrieved from /home/airflow/.local/lib/python3.6/site-packages/airflow/example_dags/example_kubernetes_executor_config.py
[2026-09-23 11:24:45,520] {logging_mixin.py:104} INFO - [2026-09-23 11:24:45,520] {dag.py:1824} INFO - Sync 1 DAGs
[2026-09-23 11:24:45,541] {logging_mixin.py:104} INFO - [2026-09-23 11:24:45,541] {dag.py:2280} INFO - Setting next_dagrun for example_kubernetes_executor_config to None
[2026-09-23 11:24:45,555] {scheduler_job.py:190} INFO - Processing /home/airflow/.local/lib/python3.6/site-packages/airflow/example_dags/example_kubernetes_executor_config.py took 0.088 seconds
[2026-09-23 11:25:16,083] {scheduler_job.py:182} INFO - Started process (PID=188) to work on /home/airflow/.local/lib/python3.6/site-packages/airflow/example_dags/example_kubernetes_executor_config.py
[2026-09-23 11:25:16,084] {scheduler_job.py:629} INFO - Processing file /home/airflow/.local/lib/python3.6/site-packages/airflow/example_dags/example_kubernetes_executor_config.py for tasks to queue
[2026-09-23 11:25:16,085] {logging_mixin.py:104} INFO - [2026-09-23 11:25:16,085] {dagbag.py:451} INFO - Filling up the DagBag from /home/airflow/.local/lib/python3.6/site-packages/airflow/example_dags/example_kubernetes_executor_config.py
[2026-09-23 11:25:16,104] {scheduler_job.py:639} INFO - DAG(s) dict_keys(['example_kubernetes_executor_config']) retrieved from /home/airflow/.local/lib/python3.6/site-packages/airflow/example_dags/example_kubernetes_executor_config.py
[2026-09-23 11:25:16,136] {logging_mixin.py:104} INFO - [2026-09-23 11:25:16,136] {dag.py:1824} INFO - Sync 1 DAGs
[2026-09-23 11:25:16,157] {logging_mixin.py:104} INFO - [2026-09-23 11:25:16,157] {dag.py:2280} INFO - Setting next_dagrun for example_kubernetes_executor_config to None
[2026-09-23 11:25:16,172] {scheduler_job.py:190} INFO - Processing /home/airflow/.local/lib/python3.6/site-packages/airflow/example_dags/example_kubernetes_executor_config.py took 0.093 seconds
[2026-09-23 11:25:46,568] {scheduler_job.py:182} INFO - Started process (PID=214) to work on /home/airflow/.local/lib/python3.6/site-packages/airflow/example_dags/example_kubernetes_executor_config.py
[2026-09-23 11:25:46,570] {scheduler_job.py:629} INFO - Processing file /home/airflow/.local/lib/python3.6/site-packages/airflow/example_dags/example_kubernetes_executor_config.py for tasks to queue
[2026-09-23 11:25:46,571] {logging_mixin.py:104} INFO - [2026-09-23 11:25:46,570] {dagbag.py:451} INFO - Filling up the DagBag from /home/airflow/.local/lib/python3.6/site-packages/airflow/example_dags/example_kubernetes_executor_config.py
[2026-09-23 11:25:46,587] {scheduler_job.py:639} INFO - DAG(s) dict_keys(['example_kubernetes_executor_config']) retrieved from /home/airflow/.local/lib/python3.6/site-packages/airflow/example_dags/example_kubernetes_executor_config.py
[2026-09-23 11:25:46,613] {logging_mixin.py:104} INFO - [2026-09-23 11:25:46,613] {dag.py:1824} INFO - Sync 1 DAGs
[2026-09-23 11:25:46,631] {logging_mixin.py:104} INFO - [2026-09-23 11:25:46,630] {dag.py:2280} INFO - Setting next_dagrun for example_kubernetes_executor_config to None
[2026-09-23 11:25:46,643] {scheduler_job.py:190} INFO - Processing /home/airflow/.local/lib/python3.6/site-packages/airflow/example_dags/example_kubernetes_executor_config.py took 0.078 seconds
[2026-09-23 11:26:17,134] {scheduler_job.py:182} INFO - Started process (PID=240) to work on /home/airflow/.local/lib/python3.6/site-packages/airflow/example_dags/example_kubernetes_executor_config.py
[2026-09-23 11:26:17,135] {scheduler_job.py:629} INFO - Processing file /home/airflow/.local/lib/python3.6/site-packages/airflow/example_dags/example_kubernetes_executor_config.py for tasks to queue
[2026-09-23 11:26:17,136] {logging_mixin.py:104} INFO - [2026-09-23 11:26:17,136] {dagbag.py:451} INFO - Filling up the DagBag from /home/airflow/.local/lib/python3.6/site-packages/airflow/example_dags/example_kubernetes_executor_config.py
[2026-09-23 11:26:17,155] {scheduler_job.py:639} INFO - DAG(s) dict_keys(['example_kubernetes_executor_config']) retrieved from /home/airflow/.local/lib/python3.6/site-packages/airflow/example_dags/example_kubernetes_executor_config.py
[2026-09-23 11:26:17,185] {logging_mixin.py:104} INFO - [2026-09-23 11:26:17,185] {dag.py:1824} INFO - Sync 1 DAGs
[2026-09-23 11:26:17,214] {logging_mixin.py:104} INFO - [2026-09-23 11:26:17,214] {dag.py:2280} INFO - Setting next_dagrun for example_kubernetes_executor_config to None
[2026-09-23 11:26:17,230] {scheduler_job.py:190} INFO - Processing /home/airflow/.local/lib/python3.6/site-packages/airflow/example_dags/example_kubernetes_executor_config.py took 0.101 seconds
[2026-09-23 11:26:47,737] {scheduler_job.py:182} INFO - Started process (PID=266) to work on /home/airflow/.local/lib/python3.6/site-packages/airflow/example_dags/example_kubernetes_executor_config.py
[2026-09-23 11:26:47,738] {scheduler_job.py:629} INFO - Processing file /home/airflow/.local/lib/python3.6/site-packages/airflow/example_dags/example_kubernetes_executor_config.py for tasks to queue
[2026-09-23 11:26:47,739] {logging_mixin.py:104} INFO - [2026-09-23 11:26:47,739] {dagbag.py:451} INFO - Filling up the DagBag from /home/airflow/.local/lib/python3.6/site-packages/airflow/example_dags/example_kubernetes_executor_config.py
[2026-09-23 11:26:47,755] {scheduler_job.py:639} INFO - DAG(s) dict_keys(['example_kubernetes_executor_config']) retrieved from /home/airflow/.local/lib/python3.6/site-packages/airflow/example_dags/example_kubernetes_executor_config.py
[2026-09-23 11:26:47,781] {logging_mixin.py:104} INFO - [2026-09-23 11:26:47,781] {dag.py:1824} INFO - Sync 1 DAGs
[2026-09-23 11:26:47,798] {logging_mixin.py:104} INFO - [2026-09-23 11:26:47,798] {dag.py:2280} INFO - Setting next_dagrun for example_kubernetes_executor_config to None
[2026-09-23 11:26:47,813] {scheduler_job.py:190} INFO - Processing /home/airflow/.local/lib/python3.6/site-packages/airflow/example_dags/example_kubernetes_executor_config.py took 0.080 seconds
[2026-09-23 11:27:18,615] {scheduler_job.py:182} INFO - Started process (PID=292) to work on /home/airflow/.local/lib/python3.6/site-packages/airflow/example_dags/example_kubernetes_executor_config.py
[2026-09-23 11:27:18,617] {scheduler_job.py:629} INFO - Processing file /home/airflow/.local/lib/python3.6/site-packages/airflow/example_dags/example_kubernetes_executor_config.py for tasks to queue
[2026-09-23 11:27:18,618] {logging_mixin.py:104} INFO - [2026-09-23 11:27:18,618] {dagbag.py:451} INFO - Filling up the DagBag from /home/airflow/.local/lib/python3.6/site-packages/airflow/example_dags/example_kubernetes_executor_config.py
[2026-09-23 11:27:18,644] {scheduler_job.py:639} INFO - DAG(s) dict_keys(['example_kubernetes_executor_config']) retrieved from /home/airflow/.local/lib/python3.6/site-packages/airflow/example_dags/example_kubernetes_executor_config.py
[2026-09-23 11:27:18,678] {logging_mixin.py:104} INFO - [2026-09-23 11:27:18,678] {dag.py:1824} INFO - Sync 1 DAGs
[2026-09-23 11:27:18,700] {logging_mixin.py:104} INFO - [2026-09-23 11:27:18,700] {dag.py:2280} INFO - Setting next_dagrun for example_kubernetes_executor_config to None
[2026-09-23 11:27:18,715] {scheduler_job.py:190} INFO - Processing /home/airflow/.local/lib/python3.6/site-packages/airflow/example_dags/example_kubernetes_executor_config.py took 0.105 seconds
[2026-09-23 11:27:49,590] {scheduler_job.py:182} INFO - Started process (PID=318) to work on /home/airflow/.local/lib/python3.6/site-packages/airflow/example_dags/example_kubernetes_executor_config.py
[2026-09-23 11:27:49,592] {scheduler_job.py:629} INFO - Processing file /home/airflow/.local/lib/python3.6/site-packages/airflow/example_dags/example_kubernetes_executor_config.py for tasks to queue
[2026-09-23 11:27:49,592] {logging_mixin.py:104} INFO - [2026-09-23 11:27:49,592] {dagbag.py:451} INFO - Filling up the DagBag from /home/airflow/.local/lib/python3.6/site-packages/airflow/example_dags/example_kubernetes_executor_config.py
[2026-09-23 11:27:49,608] {scheduler_job.py:639} INFO - DAG(s) dict_keys(['example_kubernetes_executor_config']) retrieved from /home/airflow/.local/lib/python3.6/site-packages/airflow/example_dags/example_kubernetes_executor_config.py
[2026-09-23 11:27:49,633] {logging_mixin.py:104} INFO - [2026-09-23 11:27:49,632] {dag.py:1824} INFO - Sync 1 DAGs
[2026-09-23 11:27:49,650] {logging_mixin.py:104} INFO - [2026-09-23 11:27:49,650] {dag.py:2280} INFO - Setting next_dagrun for example_kubernetes_executor_config to None
[2026-09-23 11:27:49,666] {scheduler_job.py:190} INFO - Processing /home/airflow/.local/lib/python3.6/site-packages/airflow/example_dags/example_kubernetes_executor_config.py took 0.079 seconds
[2026-09-23 11:28:20,631] {scheduler_job.py:182} INFO - Started process (PID=344) to work on /home/airflow/.local/lib/python3.6/site-packages/airflow/example_dags/example_kubernetes_executor_config.py
[2026-09-23 11:28:20,633] {scheduler_job.py:629} INFO - Processing file /home/airflow/.local/lib/python3.6/site-packages/airflow/example_dags/example_kubernetes_executor_config.py for tasks to queue
[2026-09-23 11:28:20,634] {logging_mixin.py:104} INFO - [2026-09-23 11:28:20,634] {dagbag.py:451} INFO - Filling up the DagBag from /home/airflow/.local/lib/python3.6/site-packages/airflow/example_dags/example_kubernetes_executor_config.py
[2026-09-23 11:28:20,662] {scheduler_job.py:639} INFO - DAG(s) dict_keys(['example_kubernetes_executor_config']) retrieved from /home/airflow/.local/lib/python3.6/site-packages/airflow/example_dags/example_kubernetes_executor_config.py
[2026-09-23 11:28:20,699] {logging_mixin.py:104} INFO - [2026-09-23 11:28:20,699] {dag.py:1824} INFO - Sync 1 DAGs
[2026-09-23 11:28:20,729] {logging_mixin.py:104} INFO - [2026-09-23 11:28:20,729] {dag.py:2280} INFO - Setting next_dagrun for example_kubernetes_executor_config to None
[2026-09-23 11:28:20,750] {scheduler_job.py:190} INFO - Processing /home/airflow/.local/lib/python3.6/site-packages/airflow/example_dags/example_kubernetes_executor_config.py took 0.124 seconds
[2026-09-23 11:28:51,840] {scheduler_job.py:182} INFO - Started process (PID=373) to work on /home/airflow/.local/lib/python3.6/site-packages/airflow/example_dags/example_kubernetes_executor_config.py
[2026-09-23 11:28:51,841] {scheduler_job.py:629} INFO - Processing file /home/airflow/.local/lib/python3.6/site-packages/airflow/example_dags/example_kubernetes_executor_config.py for tasks to queue
[2026-09-23 11:28:51,842] {logging_mixin.py:104} INFO - [2026-09-23 11:28:51,842] {dagbag.py:451} INFO - Filling up the DagBag from /home/airflow/.local/lib/python3.6/site-packages/airflow/example_dags/example_kubernetes_executor_config.py
[2026-09-23 11:28:51,861] {scheduler_job.py:639} INFO - DAG(s) dict_keys(['example_kubernetes_executor_config']) retrieved from /home/airflow/.local/lib/python3.6/site-packages/airflow/example_dags/example_kubernetes_executor_config.py
[2026-09-23 11:28:51,890] {logging_mixin.py:104} INFO - [2026-09-23 11:28:51,890] {dag.py:1824} INFO - Sync 1 DAGs
[2026-09-23 11:28:51,912] {logging_mixin.py:104} INFO - [2026-09-23 11:28:51,911] {dag.py:2280} INFO - Setting next_dagrun for example_kubernetes_executor_config to None
[2026-09-23 11:28:51,932] {scheduler_job.py:190} INFO - Processing /home/airflow/.local/lib/python3.6/site-packages/airflow/example_dags/example_kubernetes_executor_config.py took 0.097 seconds
[2026-09-23 11:29:22,383] {scheduler_job.py:182} INFO - Started process (PID=399) to work on /home/airflow/.local/lib/python3.6/site-packages/airflow/example_dags/example_kubernetes_executor_config.py
[2026-09-23 11:29:22,385] {scheduler_job.py:629} INFO - Processing file /home/airflow/.local/lib/python3.6/site-packages/airflow/example_dags/example_kubernetes_executor_config.py for tasks to queue
[2026-09-23 11:29:22,386] {logging_mixin.py:104} INFO - [2026-09-23 11:29:22,386] {dagbag.py:451} INFO - Filling up the DagBag from /home/airflow/.local/lib/python3.6/site-packages/airflow/example_dags/example_kubernetes_executor_config.py
[2026-09-23 11:29:22,403] {scheduler_job.py:639} INFO - DAG(s) dict_keys(['example_kubernetes_executor_config']) retrieved from /home/airflow/.local/lib/python3.6/site-packages/airflow/example_dags/example_kubernetes_executor_config.py
[2026-09-23 11:29:22,428] {logging_mixin.py:104} INFO - [2026-09-23 11:29:22,428] {dag.py:1824} INFO - Sync 1 DAGs
[2026-09-23 11:29:22,447] {logging_mixin.py:104} INFO - [2026-09-23 11:29:22,447] {dag.py:2280} INFO - Setting next_dagrun for example_kubernetes_executor_config to None
[2026-09-23 11:29:22,468] {scheduler_job.py:190} INFO - Processing /home/airflow/.local/lib/python3.6/site-packages/airflow/example_dags/example_kubernetes_executor_config.py took 0.089 seconds
[2026-09-23 11:29:52,953] {scheduler_job.py:182} INFO - Started process (PID=425) to work on /home/airflow/.local/lib/python3.6/site-packages/airflow/example_dags/example_kubernetes_executor_config.py
[2026-09-23 11:29:52,955] {scheduler_job.py:629} INFO - Processing file /home/airflow/.local/lib/python3.6/site-packages/airflow/example_dags/example_kubernetes_executor_config.py for tasks to queue
[2026-09-23 11:29:52,955] {logging_mixin.py:104} INFO - [2026-09-23 11:29:52,955] {dagbag.py:451} INFO - Filling up the DagBag from /home/airflow/.local/lib/python3.6/site-packages/airflow/example_dags/example_kubernetes_executor_config.py
[2026-09-23 11:29:52,972] {scheduler_job.py:639} INFO - DAG(s) dict_keys(['example_kubernetes_executor_config']) retrieved from /home/airflow/.local/lib/python3.6/site-packages/airflow/example_dags/example_kubernetes_executor_config.py
[2026-09-23 11:29:53,000] {logging_mixin.py:104} INFO - [2026-09-23 11:29:53,000] {dag.py:1824} INFO - Sync 1 DAGs
[2026-09-23 11:29:53,022] {logging_mixin.py:104} INFO - [2026-09-23 11:29:53,022] {dag.py:2280} INFO - Setting next_dagrun for example_kubernetes_executor_config to None
[2026-09-23 11:29:53,036] {scheduler_job.py:190} INFO - Processing /home/airflow/.local/lib/python3.6/site-packages/airflow/example_dags/example_kubernetes_executor_config.py took 0.086 seconds
[2026-09-23 11:30:23,596] {scheduler_job.py:182} INFO - Started process (PID=451) to work on /home/airflow/.local/lib/python3.6/site-packages/airflow/example_dags/example_kubernetes_executor_config.py
[2026-09-23 11:30:23,597] {scheduler_job.py:629} INFO - Processing file /home/airflow/.local/lib/python3.6/site-packages/airflow/example_dags/example_kubernetes_executor_config.py for tasks to queue
[2026-09-23 11:30:23,598] {logging_mixin.py:104} INFO - [2026-09-23 11:30:23,598] {dagbag.py:451} INFO - Filling up the DagBag from /home/airflow/.local/lib/python3.6/site-packages/airflow/example_dags/example_kubernetes_executor_config.py
[2026-09-23 11:30:23,619] {scheduler_job.py:639} INFO - DAG(s) dict_keys(['example_kubernetes_executor_config']) retrieved from /home/airflow/.local/lib/python3.6/site-packages/airflow/example_dags/example_kubernetes_executor_config.py
[2026-09-23 11:30:23,667] {logging_mixin.py:104} INFO - [2026-09-23 11:30:23,667] {dag.py:1824} INFO - Sync 1 DAGs
[2026-09-23 11:30:23,702] {logging_mixin.py:104} INFO - [2026-09-23 11:30:23,702] {dag.py:2280} INFO - Setting next_dagrun for example_kubernetes_executor_config to None
[2026-09-23 11:30:23,728] {scheduler_job.py:190} INFO - Processing /home/airflow/.local/lib/python3.6/site-packages/airflow/example_dags/example_kubernetes_executor_config.py took 0.137 seconds
[2026-09-23 11:30:54,264] {scheduler_job.py:182} INFO - Started process (PID=477) to work on /home/airflow/.local/lib/python3.6/site-packages/airflow/example_dags/example_kubernetes_executor_config.py
[2026-09-23 11:30:54,265] {scheduler_job.py:629} INFO - Processing file /home/airflow/.local/lib/python3.6/site-packages/airflow/example_dags/example_kubernetes_executor_config.py for tasks to queue
[2026-09-23 11:30:54,266] {logging_mixin.py:104} INFO - [2026-09-23 11:30:54,265] {dagbag.py:451} INFO - Filling up the DagBag from /home/airflow/.local/lib/python3.6/site-packages/airflow/example_dags/example_kubernetes_executor_config.py
[2026-09-23 11:30:54,285] {scheduler_job.py:639} INFO - DAG(s) dict_keys(['example_kubernetes_executor_config']) retrieved from /home/airflow/.local/lib/python3.6/site-packages/airflow/example_dags/example_kubernetes_executor_config.py
[2026-09-23 11:30:54,319] {logging_mixin.py:104} INFO - [2026-09-23 11:30:54,319] {dag.py:1824} INFO - Sync 1 DAGs
[2026-09-23 11:30:54,346] {logging_mixin.py:104} INFO - [2026-09-23 11:30:54,346] {dag.py:2280} INFO - Setting next_dagrun for example_kubernetes_executor_config to None
[2026-09-23 11:30:54,362] {scheduler_job.py:190} INFO - Processing /home/airflow/.local/lib/python3.6/site-packages/airflow/example_dags/example_kubernetes_executor_config.py took 0.103 seconds
[2026-09-23 11:31:24,820] {scheduler_job.py:182} INFO - Started process (PID=503) to work on /home/airflow/.local/lib/python3.6/site-packages/airflow/example_dags/example_kubernetes_executor_config.py
[2026-09-23 11:31:24,822] {scheduler_job.py:629} INFO - Processing file /home/airflow/.local/lib/python3.6/site-packages/airflow/example_dags/example_kubernetes_executor_config.py for tasks to queue
[2026-09-23 11:31:24,823] {logging_mixin.py:104} INFO - [2026-09-23 11:31:24,822] {dagbag.py:451} INFO - Filling up the DagBag from /home/airflow/.local/lib/python3.6/site-packages/airflow/example_dags/example_kubernetes_executor_config.py
[2026-09-23 11:31:24,840] {scheduler_job.py:639} INFO - DAG(s) dict_keys(['example_kubernetes_executor_config']) retrieved from /home/airflow/.local/lib/python3.6/site-packages/airflow/example_dags/example_kubernetes_executor_config.py
[2026-09-23 11:31:24,867] {logging_mixin.py:104} INFO - [2026-09-23 11:31:24,867] {dag.py:1824} INFO - Sync 1 DAGs
[2026-09-23 11:31:24,890] {logging_mixin.py:104} INFO - [2026-09-23 11:31:24,890] {dag.py:2280} INFO - Setting next_dagrun for example_kubernetes_executor_config to None
[2026-09-23 11:31:24,903] {scheduler_job.py:190} INFO - Processing /home/airflow/.local/lib/python3.6/site-packages/airflow/example_dags/example_kubernetes_executor_config.py took 0.086 seconds
[2026-09-23 11:31:55,339] {scheduler_job.py:182} INFO - Started process (PID=529) to work on /home/airflow/.local/lib/python3.6/site-packages/airflow/example_dags/example_kubernetes_executor_config.py
[2026-09-23 11:31:55,340] {scheduler_job.py:629} INFO - Processing file /home/airflow/.local/lib/python3.6/site-packages/airflow/example_dags/example_kubernetes_executor_config.py for tasks to queue
[2026-09-23 11:31:55,341] {logging_mixin.py:104} INFO - [2026-09-23 11:31:55,341] {dagbag.py:451} INFO - Filling up the DagBag from /home/airflow/.local/lib/python3.6/site-packages/airflow/example_dags/example_kubernetes_executor_config.py
[2026-09-23 11:31:55,361] {scheduler_job.py:639} INFO - DAG(s) dict_keys(['example_kubernetes_executor_config']) retrieved from /home/airflow/.local/lib/python3.6/site-packages/airflow/example_dags/example_kubernetes_executor_config.py
[2026-09-23 11:31:55,395] {logging_mixin.py:104} INFO - [2026-09-23 11:31:55,395] {dag.py:1824} INFO - Sync 1 DAGs
[2026-09-23 11:31:55,421] {logging_mixin.py:104} INFO - [2026-09-23 11:31:55,421] {dag.py:2280} INFO - Setting next_dagrun for example_kubernetes_executor_config to None
[2026-09-23 11:31:55,440] {scheduler_job.py:190} INFO - Processing /home/airflow/.local/lib/python3.6/site-packages/airflow/example_dags/example_kubernetes_executor_config.py took 0.105 seconds
[2026-09-23 11:32:25,850] {scheduler_job.py:182} INFO - Started process (PID=555) to work on /home/airflow/.local/lib/python3.6/site-packages/airflow/example_dags/example_kubernetes_executor_config.py
[2026-09-23 11:32:25,851] {scheduler_job.py:629} INFO - Processing file /home/airflow/.local/lib/python3.6/site-packages/airflow/example_dags/example_kubernetes_executor_config.py for tasks to queue
[2026-09-23 11:32:25,852] {logging_mixin.py:104} INFO - [2026-09-23 11:32:25,852] {dagbag.py:451} INFO - Filling up the DagBag from /home/airflow/.local/lib/python3.6/site-packages/airflow/example_dags/example_kubernetes_executor_config.py
[2026-09-23 11:32:25,872] {scheduler_job.py:639} INFO - DAG(s) dict_keys(['example_kubernetes_executor_config']) retrieved from /home/airflow/.local/lib/python3.6/site-packages/airflow/example_dags/example_kubernetes_executor_config.py
[2026-09-23 11:32:25,903] {logging_mixin.py:104} INFO - [2026-09-23 11:32:25,902] {dag.py:1824} INFO - Sync 1 DAGs
[2026-09-23 11:32:25,922] {logging_mixin.py:104} INFO - [2026-09-23 11:32:25,921] {dag.py:2280} INFO - Setting next_dagrun for example_kubernetes_executor_config to None
[2026-09-23 11:32:25,934] {scheduler_job.py:190} INFO - Processing /home/airflow/.local/lib/python3.6/site-packages/airflow/example_dags/example_kubernetes_executor_config.py took 0.089 seconds
[2026-09-23 11:32:56,375] {scheduler_job.py:182} INFO - Started process (PID=581) to work on /home/airflow/.local/lib/python3.6/site-packages/airflow/example_dags/example_kubernetes_executor_config.py
[2026-09-23 11:32:56,377] {scheduler_job.py:629} INFO - Processing file /home/airflow/.local/lib/python3.6/site-packages/airflow/example_dags/example_kubernetes_executor_config.py for tasks to queue
[2026-09-23 11:32:56,378] {logging_mixin.py:104} INFO - [2026-09-23 11:32:56,378] {dagbag.py:451} INFO - Filling up the DagBag from /home/airflow/.local/lib/python3.6/site-packages/airflow/example_dags/example_kubernetes_executor_config.py
[2026-09-23 11:32:56,397] {scheduler_job.py:639} INFO - DAG(s) dict_keys(['example_kubernetes_executor_config']) retrieved from /home/airflow/.local/lib/python3.6/site-packages/airflow/example_dags/example_kubernetes_executor_config.py
[2026-09-23 11:32:56,425] {logging_mixin.py:104} INFO - [2026-09-23 11:32:56,425] {dag.py:1824} INFO - Sync 1 DAGs
[2026-09-23 11:32:56,446] {logging_mixin.py:104} INFO - [2026-09-23 11:32:56,446] {dag.py:2280} INFO - Setting next_dagrun for example_kubernetes_executor_config to None
[2026-09-23 11:32:56,459] {scheduler_job.py:190} INFO - Processing /home/airflow/.local/lib/python3.6/site-packages/airflow/example_dags/example_kubernetes_executor_config.py took 0.087 seconds
[2026-09-23 11:33:26,886] {scheduler_job.py:182} INFO - Started process (PID=607) to work on /home/airflow/.local/lib/python3.6/site-packages/airflow/example_dags/example_kubernetes_executor_config.py
[2026-09-23 11:33:26,888] {scheduler_job.py:629} INFO - Processing file /home/airflow/.local/lib/python3.6/site-packages/airflow/example_dags/example_kubernetes_executor_config.py for tasks to queue
[2026-09-23 11:33:26,889] {logging_mixin.py:104} INFO - [2026-09-23 11:33:26,889] {dagbag.py:451} INFO - Filling up the DagBag from /home/airflow/.local/lib/python3.6/site-packages/airflow/example_dags/example_kubernetes_executor_config.py
[2026-09-23 11:33:26,909] {scheduler_job.py:639} INFO - DAG(s) dict_keys(['example_kubernetes_executor_config']) retrieved from /home/airflow/.local/lib/python3.6/site-packages/airflow/example_dags/example_kubernetes_executor_config.py
[2026-09-23 11:33:26,944] {logging_mixin.py:104} INFO - [2026-09-23 11:33:26,943] {dag.py:1824} INFO - Sync 1 DAGs
[2026-09-23 11:33:26,965] {logging_mixin.py:104} INFO - [2026-09-23 11:33:26,965] {dag.py:2280} INFO - Setting next_dagrun for example_kubernetes_executor_config to None
[2026-09-23 11:33:26,982] {scheduler_job.py:190} INFO - Processing /home/airflow/.local/lib/python3.6/site-packages/airflow/example_dags/example_kubernetes_executor_config.py took 0.100 seconds
[2026-09-23 11:33:57,369] {scheduler_job.py:182} INFO - Started process (PID=633) to work on /home/airflow/.local/lib/python3.6/site-packages/airflow/example_dags/example_kubernetes_executor_config.py
[2026-09-23 11:33:57,371] {scheduler_job.py:629} INFO - Processing file /home/airflow/.local/lib/python3.6/site-packages/airflow/example_dags/example_kubernetes_executor_config.py for tasks to queue
[2026-09-23 11:33:57,371] {logging_mixin.py:104} INFO - [2026-09-23 11:33:57,371] {dagbag.py:451} INFO - Filling up the DagBag from /home/airflow/.local/lib/python3.6/site-packages/airflow/example_dags/example_kubernetes_executor_config.py
[2026-09-23 11:33:57,390] {scheduler_job.py:639} INFO - DAG(s) dict_keys(['example_kubernetes_executor_config']) retrieved from /home/airflow/.local/lib/python3.6/site-packages/airflow/example_dags/example_kubernetes_executor_config.py
[2026-09-23 11:33:57,418] {logging_mixin.py:104} INFO - [2026-09-23 11:33:57,418] {dag.py:1824} INFO - Sync 1 DAGs
[2026-09-23 11:33:57,436] {logging_mixin.py:104} INFO - [2026-09-23 11:33:57,436] {dag.py:2280} INFO - Setting next_dagrun for example_kubernetes_executor_config to None
[2026-09-23 11:33:57,451] {scheduler_job.py:190} INFO - Processing /home/airflow/.local/lib/python3.6/site-packages/airflow/example_dags/example_kubernetes_executor_config.py took 0.086 seconds
[2026-09-23 11:34:27,924] {scheduler_job.py:182} INFO - Started process (PID=659) to work on /home/airflow/.local/lib/python3.6/site-packages/airflow/example_dags/example_kubernetes_executor_config.py
[2026-09-23 11:34:27,926] {scheduler_job.py:629} INFO - Processing file /home/airflow/.local/lib/python3.6/site-packages/airflow/example_dags/example_kubernetes_executor_config.py for tasks to queue
[2026-09-23 11:34:27,927] {logging_mixin.py:104} INFO - [2026-09-23 11:34:27,927] {dagbag.py:451} INFO - Filling up the DagBag from /home/airflow/.local/lib/python3.6/site-packages/airflow/example_dags/example_kubernetes_executor_config.py
[2026-09-23 11:34:27,944] {scheduler_job.py:639} INFO - DAG(s) dict_keys(['example_kubernetes_executor_config']) retrieved from /home/airflow/.local/lib/python3.6/site-packages/airflow/example_dags/example_kubernetes_executor_config.py
[2026-09-23 11:34:27,982] {logging_mixin.py:104} INFO - [2026-09-23 11:34:27,981] {dag.py:1824} INFO - Sync 1 DAGs
[2026-09-23 11:34:28,007] {logging_mixin.py:104} INFO - [2026-09-23 11:34:28,006] {dag.py:2280} INFO - Setting next_dagrun for example_kubernetes_executor_config to None
[2026-09-23 11:34:28,025] {scheduler_job.py:190} INFO - Processing /home/airflow/.local/lib/python3.6/site-packages/airflow/example_dags/example_kubernetes_executor_config.py took 0.105 seconds
[2026-09-23 11:34:58,524] {scheduler_job.py:182} INFO - Started process (PID=685) to work on /home/airflow/.local/lib/python3.6/site-packages/airflow/example_dags/example_kubernetes_executor_config.py
[2026-09-23 11:34:58,525] {scheduler_job.py:629} INFO - Processing file /home/airflow/.local/lib/python3.6/site-packages/airflow/example_dags/example_kubernetes_executor_config.py for tasks to queue
[2026-09-23 11:34:58,526] {logging_mixin.py:104} INFO - [2026-09-23 11:34:58,526] {dagbag.py:451} INFO - Filling up the DagBag from /home/airflow/.local/lib/python3.6/site-packages/airflow/example_dags/example_kubernetes_executor_config.py
[2026-09-23 11:34:58,543] {scheduler_job.py:639} INFO - DAG(s) dict_keys(['example_kubernetes_executor_config']) retrieved from /home/airflow/.local/lib/python3.6/site-packages/airflow/example_dags/example_kubernetes_executor_config.py
[2026-09-23 11:34:58,570] {logging_mixin.py:104} INFO - [2026-09-23 11:34:58,570] {dag.py:1824} INFO - Sync 1 DAGs
[2026-09-23 11:34:58,591] {logging_mixin.py:104} INFO - [2026-09-23 11:34:58,591] {dag.py:2280} INFO - Setting next_dagrun for example_kubernetes_executor_config to None
[2026-09-23 11:34:58,608] {scheduler_job.py:190} INFO - Processing /home/airflow/.local/lib/python3.6/site-packages/airflow/example_dags/example_kubernetes_executor_config.py took 0.088 seconds
[2026-09-23 11:35:29,324] {scheduler_job.py:182} INFO - Started process (PID=711) to work on /home/airflow/.local/lib/python3.6/site-packages/airflow/example_dags/example_kubernetes_executor_config.py
[2026-09-23 11:35:29,328] {scheduler_job.py:629} INFO - Processing file /home/airflow/.local/lib/python3.6/site-packages/airflow/example_dags/example_kubernetes_executor_config.py for tasks to queue
[2026-09-23 11:35:29,330] {logging_mixin.py:104} INFO - [2026-09-23 11:35:29,329] {dagbag.py:451} INFO - Filling up the DagBag from /home/airflow/.local/lib/python3.6/site-packages/airflow/example_dags/example_kubernetes_executor_config.py
[2026-09-23 11:35:29,364] {scheduler_job.py:639} INFO - DAG(s) dict_keys(['example_kubernetes_executor_config']) retrieved from /home/airflow/.local/lib/python3.6/site-packages/airflow/example_dags/example_kubernetes_executor_config.py
[2026-09-23 11:35:29,414] {logging_mixin.py:104} INFO - [2026-09-23 11:35:29,413] {dag.py:1824} INFO - Sync 1 DAGs
[2026-09-23 11:35:29,442] {logging_mixin.py:104} INFO - [2026-09-23 11:35:29,442] {dag.py:2280} INFO - Setting next_dagrun for example_kubernetes_executor_config to None
[2026-09-23 11:35:29,463] {scheduler_job.py:190} INFO - Processing /home/airflow/.local/lib/python3.6/site-packages/airflow/example_dags/example_kubernetes_executor_config.py took 0.145 seconds
[2026-09-23 11:35:59,564] {scheduler_job.py:182} INFO - Started process (PID=738) to work on /home/airflow/.local/lib/python3.6/site-packages/airflow/example_dags/example_kubernetes_executor_config.py
[2026-09-23 11:35:59,565] {scheduler_job.py:629} INFO - Processing file /home/airflow/.local/lib/python3.6/site-packages/airflow/example_dags/example_kubernetes_executor_config.py for tasks to queue
[2026-09-23 11:35:59,566] {logging_mixin.py:104} INFO - [2026-09-23 11:35:59,566] {dagbag.py:451} INFO - Filling up the DagBag from /home/airflow/.local/lib/python3.6/site-packages/airflow/example_dags/example_kubernetes_executor_config.py
[2026-09-23 11:35:59,585] {scheduler_job.py:639} INFO - DAG(s) dict_keys(['example_kubernetes_executor_config']) retrieved from /home/airflow/.local/lib/python3.6/site-packages/airflow/example_dags/example_kubernetes_executor_config.py
[2026-09-23 11:35:59,614] {logging_mixin.py:104} INFO - [2026-09-23 11:35:59,614] {dag.py:1824} INFO - Sync 1 DAGs
[2026-09-23 11:35:59,639] {logging_mixin.py:104} INFO - [2026-09-23 11:35:59,639] {dag.py:2280} INFO - Setting next_dagrun for example_kubernetes_executor_config to None
[2026-09-23 11:35:59,658] {scheduler_job.py:190} INFO - Processing /home/airflow/.local/lib/python3.6/site-packages/airflow/example_dags/example_kubernetes_executor_config.py took 0.098 seconds
[2026-09-23 11:36:30,344] {scheduler_job.py:182} INFO - Started process (PID=765) to work on /home/airflow/.local/lib/python3.6/site-packages/airflow/example_dags/example_kubernetes_executor_config.py
[2026-09-23 11:36:30,345] {scheduler_job.py:629} INFO - Processing file /home/airflow/.local/lib/python3.6/site-packages/airflow/example_dags/example_kubernetes_executor_config.py for tasks to queue
[2026-09-23 11:36:30,347] {logging_mixin.py:104} INFO - [2026-09-23 11:36:30,347] {dagbag.py:451} INFO - Filling up the DagBag from /home/airflow/.local/lib/python3.6/site-packages/airflow/example_dags/example_kubernetes_executor_config.py
[2026-09-23 11:36:30,378] {scheduler_job.py:639} INFO - DAG(s) dict_keys(['example_kubernetes_executor_config']) retrieved from /home/airflow/.local/lib/python3.6/site-packages/airflow/example_dags/example_kubernetes_executor_config.py
[2026-09-23 11:36:30,422] {logging_mixin.py:104} INFO - [2026-09-23 11:36:30,422] {dag.py:1824} INFO - Sync 1 DAGs
[2026-09-23 11:36:30,452] {logging_mixin.py:104} INFO - [2026-09-23 11:36:30,452] {dag.py:2280} INFO - Setting next_dagrun for example_kubernetes_executor_config to None
[2026-09-23 11:36:30,476] {scheduler_job.py:190} INFO - Processing /home/airflow/.local/lib/python3.6/site-packages/airflow/example_dags/example_kubernetes_executor_config.py took 0.139 seconds
[2026-09-23 11:37:00,658] {scheduler_job.py:182} INFO - Started process (PID=791) to work on /home/airflow/.local/lib/python3.6/site-packages/airflow/example_dags/example_kubernetes_executor_config.py
[2026-09-23 11:37:00,660] {scheduler_job.py:629} INFO - Processing file /home/airflow/.local/lib/python3.6/site-packages/airflow/example_dags/example_kubernetes_executor_config.py for tasks to queue
[2026-09-23 11:37:00,661] {logging_mixin.py:104} INFO - [2026-09-23 11:37:00,660] {dagbag.py:451} INFO - Filling up the DagBag from /home/airflow/.local/lib/python3.6/site-packages/airflow/example_dags/example_kubernetes_executor_config.py
[2026-09-23 11:37:00,690] {scheduler_job.py:639} INFO - DAG(s) dict_keys(['example_kubernetes_executor_config']) retrieved from /home/airflow/.local/lib/python3.6/site-packages/airflow/example_dags/example_kubernetes_executor_config.py
[2026-09-23 11:37:00,726] {logging_mixin.py:104} INFO - [2026-09-23 11:37:00,726] {dag.py:1824} INFO - Sync 1 DAGs
[2026-09-23 11:37:00,751] {logging_mixin.py:104} INFO - [2026-09-23 11:37:00,751] {dag.py:2280} INFO - Setting next_dagrun for example_kubernetes_executor_config to None
[2026-09-23 11:37:00,774] {scheduler_job.py:190} INFO - Processing /home/airflow/.local/lib/python3.6/site-packages/airflow/example_dags/example_kubernetes_executor_config.py took 0.122 seconds
[2026-09-23 11:37:30,887] {scheduler_job.py:182} INFO - Started process (PID=817) to work on /home/airflow/.local/lib/python3.6/site-packages/airflow/example_dags/example_kubernetes_executor_config.py
[2026-09-23 11:37:30,889] {scheduler_job.py:629} INFO - Processing file /home/airflow/.local/lib/python3.6/site-packages/airflow/example_dags/example_kubernetes_executor_config.py for tasks to queue
[2026-09-23 11:37:30,890] {logging_mixin.py:104} INFO - [2026-09-23 11:37:30,889] {dagbag.py:451} INFO - Filling up the DagBag from /home/airflow/.local/lib/python3.6/site-packages/airflow/example_dags/example_kubernetes_executor_config.py
[2026-09-23 11:37:30,913] {scheduler_job.py:639} INFO - DAG(s) dict_keys(['example_kubernetes_executor_config']) retrieved from /home/airflow/.local/lib/python3.6/site-packages/airflow/example_dags/example_kubernetes_executor_config.py
[2026-09-23 11:37:30,953] {logging_mixin.py:104} INFO - [2026-09-23 11:37:30,952] {dag.py:1824} INFO - Sync 1 DAGs
[2026-09-23 11:37:30,981] {logging_mixin.py:104} INFO - [2026-09-23 11:37:30,981] {dag.py:2280} INFO - Setting next_dagrun for example_kubernetes_executor_config to None
[2026-09-23 11:37:31,004] {scheduler_job.py:190} INFO - Processing /home/airflow/.local/lib/python3.6/site-packages/airflow/example_dags/example_kubernetes_executor_config.py took 0.122 seconds
[2026-09-23 11:38:01,322] {scheduler_job.py:182} INFO - Started process (PID=843) to work on /home/airflow/.local/lib/python3.6/site-packages/airflow/example_dags/example_kubernetes_executor_config.py
[2026-09-23 11:38:01,324] {scheduler_job.py:629} INFO - Processing file /home/airflow/.local/lib/python3.6/site-packages/airflow/example_dags/example_kubernetes_executor_config.py for tasks to queue
[2026-09-23 11:38:01,324] {logging_mixin.py:104} INFO - [2026-09-23 11:38:01,324] {dagbag.py:451} INFO - Filling up the DagBag from /home/airflow/.local/lib/python3.6/site-packages/airflow/example_dags/example_kubernetes_executor_config.py
[2026-09-23 11:38:01,348] {scheduler_job.py:639} INFO - DAG(s) dict_keys(['example_kubernetes_executor_config']) retrieved from /home/airflow/.local/lib/python3.6/site-packages/airflow/example_dags/example_kubernetes_executor_config.py
[2026-09-23 11:38:01,386] {logging_mixin.py:104} INFO - [2026-09-23 11:38:01,386] {dag.py:1824} INFO - Sync 1 DAGs
[2026-09-23 11:38:01,412] {logging_mixin.py:104} INFO - [2026-09-23 11:38:01,411] {dag.py:2280} INFO - Setting next_dagrun for example_kubernetes_executor_config to None
[2026-09-23 11:38:01,433] {scheduler_job.py:190} INFO - Processing /home/airflow/.local/lib/python3.6/site-packages/airflow/example_dags/example_kubernetes_executor_config.py took 0.116 seconds
[2026-09-23 11:38:31,700] {scheduler_job.py:182} INFO - Started process (PID=869) to work on /home/airflow/.local/lib/python3.6/site-packages/airflow/example_dags/example_kubernetes_executor_config.py
[2026-09-23 11:38:31,705] {scheduler_job.py:629} INFO - Processing file /home/airflow/.local/lib/python3.6/site-packages/airflow/example_dags/example_kubernetes_executor_config.py for tasks to queue
[2026-09-23 11:38:31,708] {logging_mixin.py:104} INFO - [2026-09-23 11:38:31,706] {dagbag.py:451} INFO - Filling up the DagBag from /home/airflow/.local/lib/python3.6/site-packages/airflow/example_dags/example_kubernetes_executor_config.py
[2026-09-23 11:38:31,748] {scheduler_job.py:639} INFO - DAG(s) dict_keys(['example_kubernetes_executor_config']) retrieved from /home/airflow/.local/lib/python3.6/site-packages/airflow/example_dags/example_kubernetes_executor_config.py
[2026-09-23 11:38:31,788] {logging_mixin.py:104} INFO - [2026-09-23 11:38:31,788] {dag.py:1824} INFO - Sync 1 DAGs
[2026-09-23 11:38:31,818] {logging_mixin.py:104} INFO - [2026-09-23 11:38:31,818] {dag.py:2280} INFO - Setting next_dagrun for example_kubernetes_executor_config to None
[2026-09-23 11:38:31,843] {scheduler_job.py:190} INFO - Processing /home/airflow/.local/lib/python3.6/site-packages/airflow/example_dags/example_kubernetes_executor_config.py took 0.153 seconds
[2026-09-23 11:39:02,160] {scheduler_job.py:182} INFO - Started process (PID=896) to work on /home/airflow/.local/lib/python3.6/site-packages/airflow/example_dags/example_kubernetes_executor_config.py
[2026-09-23 11:39:02,162] {scheduler_job.py:629} INFO - Processing file /home/airflow/.local/lib/python3.6/site-packages/airflow/example_dags/example_kubernetes_executor_config.py for tasks to queue
[2026-09-23 11:39:02,165] {logging_mixin.py:104} INFO - [2026-09-23 11:39:02,165] {dagbag.py:451} INFO - Filling up the DagBag from /home/airflow/.local/lib/python3.6/site-packages/airflow/example_dags/example_kubernetes_executor_config.py
[2026-09-23 11:39:02,227] {scheduler_job.py:639} INFO - DAG(s) dict_keys(['example_kubernetes_executor_config']) retrieved from /home/airflow/.local/lib/python3.6/site-packages/airflow/example_dags/example_kubernetes_executor_config.py
[2026-09-23 11:39:02,289] {logging_mixin.py:104} INFO - [2026-09-23 11:39:02,289] {dag.py:1824} INFO - Sync 1 DAGs
[2026-09-23 11:39:02,364] {logging_mixin.py:104} INFO - [2026-09-23 11:39:02,364] {dag.py:2280} INFO - Setting next_dagrun for example_kubernetes_executor_config to None
[2026-09-23 11:39:02,400] {scheduler_job.py:190} INFO - Processing /home/airflow/.local/lib/python3.6/site-packages/airflow/example_dags/example_kubernetes_executor_config.py took 0.255 seconds
[2026-09-23 11:39:32,982] {scheduler_job.py:182} INFO - Started process (PID=923) to work on /home/airflow/.local/lib/python3.6/site-packages/airflow/example_dags/example_kubernetes_executor_config.py
[2026-09-23 11:39:32,987] {scheduler_job.py:629} INFO - Processing file /home/airflow/.local/lib/python3.6/site-packages/airflow/example_dags/example_kubernetes_executor_config.py for tasks to queue
[2026-09-23 11:39:32,989] {logging_mixin.py:104} INFO - [2026-09-23 11:39:32,988] {dagbag.py:451} INFO - Filling up the DagBag from /home/airflow/.local/lib/python3.6/site-packages/airflow/example_dags/example_kubernetes_executor_config.py
[2026-09-23 11:39:33,015] {scheduler_job.py:639} INFO - DAG(s) dict_keys(['example_kubernetes_executor_config']) retrieved from /home/airflow/.local/lib/python3.6/site-packages/airflow/example_dags/example_kubernetes_executor_config.py
[2026-09-23 11:39:33,057] {logging_mixin.py:104} INFO - [2026-09-23 11:39:33,057] {dag.py:1824} INFO - Sync 1 DAGs
[2026-09-23 11:39:33,092] {logging_mixin.py:104} INFO - [2026-09-23 11:39:33,092] {dag.py:2280} INFO - Setting next_dagrun for example_kubernetes_executor_config to None
[2026-09-23 11:39:33,111] {scheduler_job.py:190} INFO - Processing /home/airflow/.local/lib/python3.6/site-packages/airflow/example_dags/example_kubernetes_executor_config.py took 0.135 seconds
[2026-09-23 11:40:03,592] {scheduler_job.py:182} INFO - Started process (PID=951) to work on /home/airflow/.local/lib/python3.6/site-packages/airflow/example_dags/example_kubernetes_executor_config.py
[2026-09-23 11:40:03,594] {scheduler_job.py:629} INFO - Processing file /home/airflow/.local/lib/python3.6/site-packages/airflow/example_dags/example_kubernetes_executor_config.py for tasks to queue
[2026-09-23 11:40:03,595] {logging_mixin.py:104} INFO - [2026-09-23 11:40:03,595] {dagbag.py:451} INFO - Filling up the DagBag from /home/airflow/.local/lib/python3.6/site-packages/airflow/example_dags/example_kubernetes_executor_config.py
[2026-09-23 11:40:03,651] {scheduler_job.py:639} INFO - DAG(s) dict_keys(['example_kubernetes_executor_config']) retrieved from /home/airflow/.local/lib/python3.6/site-packages/airflow/example_dags/example_kubernetes_executor_config.py
[2026-09-23 11:40:03,701] {logging_mixin.py:104} INFO - [2026-09-23 11:40:03,701] {dag.py:1824} INFO - Sync 1 DAGs
[2026-09-23 11:40:03,729] {logging_mixin.py:104} INFO - [2026-09-23 11:40:03,729] {dag.py:2280} INFO - Setting next_dagrun for example_kubernetes_executor_config to None
[2026-09-23 11:40:03,757] {scheduler_job.py:190} INFO - Processing /home/airflow/.local/lib/python3.6/site-packages/airflow/example_dags/example_kubernetes_executor_config.py took 0.170 seconds
[2026-09-23 11:40:34,183] {scheduler_job.py:182} INFO - Started process (PID=978) to work on /home/airflow/.local/lib/python3.6/site-packages/airflow/example_dags/example_kubernetes_executor_config.py
[2026-09-23 11:40:34,185] {scheduler_job.py:629} INFO - Processing file /home/airflow/.local/lib/python3.6/site-packages/airflow/example_dags/example_kubernetes_executor_config.py for tasks to queue
[2026-09-23 11:40:34,186] {logging_mixin.py:104} INFO - [2026-09-23 11:40:34,186] {dagbag.py:451} INFO - Filling up the DagBag from /home/airflow/.local/lib/python3.6/site-packages/airflow/example_dags/example_kubernetes_executor_config.py
[2026-09-23 11:40:34,215] {scheduler_job.py:639} INFO - DAG(s) dict_keys(['example_kubernetes_executor_config']) retrieved from /home/airflow/.local/lib/python3.6/site-packages/airflow/example_dags/example_kubernetes_executor_config.py
[2026-09-23 11:40:34,259] {logging_mixin.py:104} INFO - [2026-09-23 11:40:34,259] {dag.py:1824} INFO - Sync 1 DAGs
[2026-09-23 11:40:34,291] {logging_mixin.py:104} INFO - [2026-09-23 11:40:34,291] {dag.py:2280} INFO - Setting next_dagrun for example_kubernetes_executor_config to None
[2026-09-23 11:40:34,310] {scheduler_job.py:190} INFO - Processing /home/airflow/.local/lib/python3.6/site-packages/airflow/example_dags/example_kubernetes_executor_config.py took 0.133 seconds
[2026-09-23 11:41:04,687] {scheduler_job.py:182} INFO - Started process (PID=1005) to work on /home/airflow/.local/lib/python3.6/site-packages/airflow/example_dags/example_kubernetes_executor_config.py
[2026-09-23 11:41:04,691] {scheduler_job.py:629} INFO - Processing file /home/airflow/.local/lib/python3.6/site-packages/airflow/example_dags/example_kubernetes_executor_config.py for tasks to queue
[2026-09-23 11:41:04,693] {logging_mixin.py:104} INFO - [2026-09-23 11:41:04,693] {dagbag.py:451} INFO - Filling up the DagBag from /home/airflow/.local/lib/python3.6/site-packages/airflow/example_dags/example_kubernetes_executor_config.py
[2026-09-23 11:41:04,728] {scheduler_job.py:639} INFO - DAG(s) dict_keys(['example_kubernetes_executor_config']) retrieved from /home/airflow/.local/lib/python3.6/site-packages/airflow/example_dags/example_kubernetes_executor_config.py
[2026-09-23 11:41:04,771] {logging_mixin.py:104} INFO - [2026-09-23 11:41:04,771] {dag.py:1824} INFO - Sync 1 DAGs
[2026-09-23 11:41:04,802] {logging_mixin.py:104} INFO - [2026-09-23 11:41:04,802] {dag.py:2280} INFO - Setting next_dagrun for example_kubernetes_executor_config to None
[2026-09-23 11:41:04,835] {scheduler_job.py:190} INFO - Processing /home/airflow/.local/lib/python3.6/site-packages/airflow/example_dags/example_kubernetes_executor_config.py took 0.157 seconds
[2026-09-23 11:41:35,472] {scheduler_job.py:182} INFO - Started process (PID=1031) to work on /home/airflow/.local/lib/python3.6/site-packages/airflow/example_dags/example_kubernetes_executor_config.py
[2026-09-23 11:41:35,475] {scheduler_job.py:629} INFO - Processing file /home/airflow/.local/lib/python3.6/site-packages/airflow/example_dags/example_kubernetes_executor_config.py for tasks to queue
[2026-09-23 11:41:35,479] {logging_mixin.py:104} INFO - [2026-09-23 11:41:35,475] {dagbag.py:451} INFO - Filling up the DagBag from /home/airflow/.local/lib/python3.6/site-packages/airflow/example_dags/example_kubernetes_executor_config.py
[2026-09-23 11:41:35,513] {scheduler_job.py:639} INFO - DAG(s) dict_keys(['example_kubernetes_executor_config']) retrieved from /home/airflow/.local/lib/python3.6/site-packages/airflow/example_dags/example_kubernetes_executor_config.py
[2026-09-23 11:41:35,561] {logging_mixin.py:104} INFO - [2026-09-23 11:41:35,561] {dag.py:1824} INFO - Sync 1 DAGs
[2026-09-23 11:41:35,593] {logging_mixin.py:104} INFO - [2026-09-23 11:41:35,593] {dag.py:2280} INFO - Setting next_dagrun for example_kubernetes_executor_config to None
[2026-09-23 11:41:35,618] {scheduler_job.py:190} INFO - Processing /home/airflow/.local/lib/python3.6/site-packages/airflow/example_dags/example_kubernetes_executor_config.py took 0.155 seconds
[2026-09-23 11:42:06,163] {scheduler_job.py:182} INFO - Started process (PID=1056) to work on /home/airflow/.local/lib/python3.6/site-packages/airflow/example_dags/example_kubernetes_executor_config.py
[2026-09-23 11:42:06,168] {scheduler_job.py:629} INFO - Processing file /home/airflow/.local/lib/python3.6/site-packages/airflow/example_dags/example_kubernetes_executor_config.py for tasks to queue
[2026-09-23 11:42:06,169] {logging_mixin.py:104} INFO - [2026-09-23 11:42:06,169] {dagbag.py:451} INFO - Filling up the DagBag from /home/airflow/.local/lib/python3.6/site-packages/airflow/example_dags/example_kubernetes_executor_config.py
[2026-09-23 11:42:06,203] {scheduler_job.py:639} INFO - DAG(s) dict_keys(['example_kubernetes_executor_config']) retrieved from /home/airflow/.local/lib/python3.6/site-packages/airflow/example_dags/example_kubernetes_executor_config.py
[2026-09-23 11:42:06,255] {logging_mixin.py:104} INFO - [2026-09-23 11:42:06,255] {dag.py:1824} INFO - Sync 1 DAGs
[2026-09-23 11:42:06,297] {logging_mixin.py:104} INFO - [2026-09-23 11:42:06,297] {dag.py:2280} INFO - Setting next_dagrun for example_kubernetes_executor_config to None
[2026-09-23 11:42:06,326] {scheduler_job.py:190} INFO - Processing /home/airflow/.local/lib/python3.6/site-packages/airflow/example_dags/example_kubernetes_executor_config.py took 0.168 seconds
[2026-09-23 11:42:36,566] {scheduler_job.py:182} INFO - Started process (PID=1083) to work on /home/airflow/.local/lib/python3.6/site-packages/airflow/example_dags/example_kubernetes_executor_config.py
[2026-09-23 11:42:36,568] {scheduler_job.py:629} INFO - Processing file /home/airflow/.local/lib/python3.6/site-packages/airflow/example_dags/example_kubernetes_executor_config.py for tasks to queue
[2026-09-23 11:42:36,569] {logging_mixin.py:104} INFO - [2026-09-23 11:42:36,569] {dagbag.py:451} INFO - Filling up the DagBag from /home/airflow/.local/lib/python3.6/site-packages/airflow/example_dags/example_kubernetes_executor_config.py
[2026-09-23 11:42:36,596] {scheduler_job.py:639} INFO - DAG(s) dict_keys(['example_kubernetes_executor_config']) retrieved from /home/airflow/.local/lib/python3.6/site-packages/airflow/example_dags/example_kubernetes_executor_config.py
[2026-09-23 11:42:36,635] {logging_mixin.py:104} INFO - [2026-09-23 11:42:36,635] {dag.py:1824} INFO - Sync 1 DAGs
[2026-09-23 11:42:36,678] {logging_mixin.py:104} INFO - [2026-09-23 11:42:36,677] {dag.py:2280} INFO - Setting next_dagrun for example_kubernetes_executor_config to None
[2026-09-23 11:42:36,701] {scheduler_job.py:190} INFO - Processing /home/airflow/.local/lib/python3.6/site-packages/airflow/example_dags/example_kubernetes_executor_config.py took 0.139 seconds
[2026-09-23 11:43:07,334] {scheduler_job.py:182} INFO - Started process (PID=1105) to work on /home/airflow/.local/lib/python3.6/site-packages/airflow/example_dags/example_kubernetes_executor_config.py
[2026-09-23 11:43:07,336] {scheduler_job.py:629} INFO - Processing file /home/airflow/.local/lib/python3.6/site-packages/airflow/example_dags/example_kubernetes_executor_config.py for tasks to queue
[2026-09-23 11:43:07,340] {logging_mixin.py:104} INFO - [2026-09-23 11:43:07,340] {dagbag.py:451} INFO - Filling up the DagBag from /home/airflow/.local/lib/python3.6/site-packages/airflow/example_dags/example_kubernetes_executor_config.py
[2026-09-23 11:43:07,382] {scheduler_job.py:639} INFO - DAG(s) dict_keys(['example_kubernetes_executor_config']) retrieved from /home/airflow/.local/lib/python3.6/site-packages/airflow/example_dags/example_kubernetes_executor_config.py
[2026-09-23 11:43:07,435] {logging_mixin.py:104} INFO - [2026-09-23 11:43:07,434] {dag.py:1824} INFO - Sync 1 DAGs
[2026-09-23 11:43:07,461] {logging_mixin.py:104} INFO - [2026-09-23 11:43:07,461] {dag.py:2280} INFO - Setting next_dagrun for example_kubernetes_executor_config to None
[2026-09-23 11:43:07,486] {scheduler_job.py:190} INFO - Processing /home/airflow/.local/lib/python3.6/site-packages/airflow/example_dags/example_kubernetes_executor_config.py took 0.163 seconds
[2026-09-23 11:43:37,570] {scheduler_job.py:182} INFO - Started process (PID=1131) to work on /home/airflow/.local/lib/python3.6/site-packages/airflow/example_dags/example_kubernetes_executor_config.py
[2026-09-23 11:43:37,572] {scheduler_job.py:629} INFO - Processing file /home/airflow/.local/lib/python3.6/site-packages/airflow/example_dags/example_kubernetes_executor_config.py for tasks to queue
[2026-09-23 11:43:37,573] {logging_mixin.py:104} INFO - [2026-09-23 11:43:37,573] {dagbag.py:451} INFO - Filling up the DagBag from /home/airflow/.local/lib/python3.6/site-packages/airflow/example_dags/example_kubernetes_executor_config.py
[2026-09-23 11:43:37,604] {scheduler_job.py:639} INFO - DAG(s) dict_keys(['example_kubernetes_executor_config']) retrieved from /home/airflow/.local/lib/python3.6/site-packages/airflow/example_dags/example_kubernetes_executor_config.py
[2026-09-23 11:43:37,669] {logging_mixin.py:104} INFO - [2026-09-23 11:43:37,669] {dag.py:1824} INFO - Sync 1 DAGs
[2026-09-23 11:43:37,703] {logging_mixin.py:104} INFO - [2026-09-23 11:43:37,702] {dag.py:2280} INFO - Setting next_dagrun for example_kubernetes_executor_config to None
[2026-09-23 11:43:37,727] {scheduler_job.py:190} INFO - Processing /home/airflow/.local/lib/python3.6/site-packages/airflow/example_dags/example_kubernetes_executor_config.py took 0.162 seconds
[2026-09-23 11:44:07,976] {scheduler_job.py:182} INFO - Started process (PID=1157) to work on /home/airflow/.local/lib/python3.6/site-packages/airflow/example_dags/example_kubernetes_executor_config.py
[2026-09-23 11:44:07,978] {scheduler_job.py:629} INFO - Processing file /home/airflow/.local/lib/python3.6/site-packages/airflow/example_dags/example_kubernetes_executor_config.py for tasks to queue
[2026-09-23 11:44:07,980] {logging_mixin.py:104} INFO - [2026-09-23 11:44:07,979] {dagbag.py:451} INFO - Filling up the DagBag from /home/airflow/.local/lib/python3.6/site-packages/airflow/example_dags/example_kubernetes_executor_config.py
[2026-09-23 11:44:08,002] {scheduler_job.py:639} INFO - DAG(s) dict_keys(['example_kubernetes_executor_config']) retrieved from /home/airflow/.local/lib/python3.6/site-packages/airflow/example_dags/example_kubernetes_executor_config.py
[2026-09-23 11:44:08,041] {logging_mixin.py:104} INFO - [2026-09-23 11:44:08,041] {dag.py:1824} INFO - Sync 1 DAGs
[2026-09-23 11:44:08,071] {logging_mixin.py:104} INFO - [2026-09-23 11:44:08,071] {dag.py:2280} INFO - Setting next_dagrun for example_kubernetes_executor_config to None
[2026-09-23 11:44:08,091] {scheduler_job.py:190} INFO - Processing /home/airflow/.local/lib/python3.6/site-packages/airflow/example_dags/example_kubernetes_executor_config.py took 0.119 seconds
[2026-09-23 11:44:38,295] {scheduler_job.py:182} INFO - Started process (PID=1184) to work on /home/airflow/.local/lib/python3.6/site-packages/airflow/example_dags/example_kubernetes_executor_config.py
[2026-09-23 11:44:38,297] {scheduler_job.py:629} INFO - Processing file /home/airflow/.local/lib/python3.6/site-packages/airflow/example_dags/example_kubernetes_executor_config.py for tasks to queue
[2026-09-23 11:44:38,298] {logging_mixin.py:104} INFO - [2026-09-23 11:44:38,298] {dagbag.py:451} INFO - Filling up the DagBag from /home/airflow/.local/lib/python3.6/site-packages/airflow/example_dags/example_kubernetes_executor_config.py
[2026-09-23 11:44:38,319] {scheduler_job.py:639} INFO - DAG(s) dict_keys(['example_kubernetes_executor_config']) retrieved from /home/airflow/.local/lib/python3.6/site-packages/airflow/example_dags/example_kubernetes_executor_config.py
[2026-09-23 11:44:38,357] {logging_mixin.py:104} INFO - [2026-09-23 11:44:38,357] {dag.py:1824} INFO - Sync 1 DAGs
[2026-09-23 11:44:38,385] {logging_mixin.py:104} INFO - [2026-09-23 11:44:38,384] {dag.py:2280} INFO - Setting next_dagrun for example_kubernetes_executor_config to None
[2026-09-23 11:44:38,407] {scheduler_job.py:190} INFO - Processing /home/airflow/.local/lib/python3.6/site-packages/airflow/example_dags/example_kubernetes_executor_config.py took 0.116 seconds
[2026-09-23 11:45:08,579] {scheduler_job.py:182} INFO - Started process (PID=1210) to work on /home/airflow/.local/lib/python3.6/site-packages/airflow/example_dags/example_kubernetes_executor_config.py
[2026-09-23 11:45:08,581] {scheduler_job.py:629} INFO - Processing file /home/airflow/.local/lib/python3.6/site-packages/airflow/example_dags/example_kubernetes_executor_config.py for tasks to queue
[2026-09-23 11:45:08,582] {logging_mixin.py:104} INFO - [2026-09-23 11:45:08,581] {dagbag.py:451} INFO - Filling up the DagBag from /home/airflow/.local/lib/python3.6/site-packages/airflow/example_dags/example_kubernetes_executor_config.py
[2026-09-23 11:45:08,609] {scheduler_job.py:639} INFO - DAG(s) dict_keys(['example_kubernetes_executor_config']) retrieved from /home/airflow/.local/lib/python3.6/site-packages/airflow/example_dags/example_kubernetes_executor_config.py
[2026-09-23 11:45:08,652] {logging_mixin.py:104} INFO - [2026-09-23 11:45:08,652] {dag.py:1824} INFO - Sync 1 DAGs
[2026-09-23 11:45:08,684] {logging_mixin.py:104} INFO - [2026-09-23 11:45:08,684] {dag.py:2280} INFO - Setting next_dagrun for example_kubernetes_executor_config to None
[2026-09-23 11:45:08,713] {scheduler_job.py:190} INFO - Processing /home/airflow/.local/lib/python3.6/site-packages/airflow/example_dags/example_kubernetes_executor_config.py took 0.140 seconds
[2026-09-23 11:45:38,996] {scheduler_job.py:182} INFO - Started process (PID=1236) to work on /home/airflow/.local/lib/python3.6/site-packages/airflow/example_dags/example_kubernetes_executor_config.py
[2026-09-23 11:45:38,997] {scheduler_job.py:629} INFO - Processing file /home/airflow/.local/lib/python3.6/site-packages/airflow/example_dags/example_kubernetes_executor_config.py for tasks to queue
[2026-09-23 11:45:38,998] {logging_mixin.py:104} INFO - [2026-09-23 11:45:38,998] {dagbag.py:451} INFO - Filling up the DagBag from /home/airflow/.local/lib/python3.6/site-packages/airflow/example_dags/example_kubernetes_executor_config.py
[2026-09-23 11:45:39,024] {scheduler_job.py:639} INFO - DAG(s) dict_keys(['example_kubernetes_executor_config']) retrieved from /home/airflow/.local/lib/python3.6/site-packages/airflow/example_dags/example_kubernetes_executor_config.py
[2026-09-23 11:45:39,064] {logging_mixin.py:104} INFO - [2026-09-23 11:45:39,064] {dag.py:1824} INFO - Sync 1 DAGs
[2026-09-23 11:45:39,094] {logging_mixin.py:104} INFO - [2026-09-23 11:45:39,094] {dag.py:2280} INFO - Setting next_dagrun for example_kubernetes_executor_config to None
[2026-09-23 11:45:39,119] {scheduler_job.py:190} INFO - Processing /home/airflow/.local/lib/python3.6/site-packages/airflow/example_dags/example_kubernetes_executor_config.py took 0.127 seconds
[2026-09-23 11:46:09,802] {scheduler_job.py:182} INFO - Started process (PID=1259) to work on /home/airflow/.local/lib/python3.6/site-packages/airflow/example_dags/example_kubernetes_executor_config.py
[2026-09-23 11:46:09,803] {scheduler_job.py:629} INFO - Processing file /home/airflow/.local/lib/python3.6/site-packages/airflow/example_dags/example_kubernetes_executor_config.py for tasks to queue
[2026-09-23 11:46:09,804] {logging_mixin.py:104} INFO - [2026-09-23 11:46:09,804] {dagbag.py:451} INFO - Filling up the DagBag from /home/airflow/.local/lib/python3.6/site-packages/airflow/example_dags/example_kubernetes_executor_config.py
[2026-09-23 11:46:09,830] {scheduler_job.py:639} INFO - DAG(s) dict_keys(['example_kubernetes_executor_config']) retrieved from /home/airflow/.local/lib/python3.6/site-packages/airflow/example_dags/example_kubernetes_executor_config.py
[2026-09-23 11:46:09,856] {logging_mixin.py:104} INFO - [2026-09-23 11:46:09,855] {dag.py:1824} INFO - Sync 1 DAGs
[2026-09-23 11:46:09,878] {logging_mixin.py:104} INFO - [2026-09-23 11:46:09,878] {dag.py:2280} INFO - Setting next_dagrun for example_kubernetes_executor_config to None
[2026-09-23 11:46:09,896] {scheduler_job.py:190} INFO - Processing /home/airflow/.local/lib/python3.6/site-packages/airflow/example_dags/example_kubernetes_executor_config.py took 0.100 seconds
[2026-09-23 11:46:40,018] {scheduler_job.py:182} INFO - Started process (PID=1285) to work on /home/airflow/.local/lib/python3.6/site-packages/airflow/example_dags/example_kubernetes_executor_config.py
[2026-09-23 11:46:40,024] {scheduler_job.py:629} INFO - Processing file /home/airflow/.local/lib/python3.6/site-packages/airflow/example_dags/example_kubernetes_executor_config.py for tasks to queue
[2026-09-23 11:46:40,028] {logging_mixin.py:104} INFO - [2026-09-23 11:46:40,028] {dagbag.py:451} INFO - Filling up the DagBag from /home/airflow/.local/lib/python3.6/site-packages/airflow/example_dags/example_kubernetes_executor_config.py
[2026-09-23 11:46:40,082] {scheduler_job.py:639} INFO - DAG(s) dict_keys(['example_kubernetes_executor_config']) retrieved from /home/airflow/.local/lib/python3.6/site-packages/airflow/example_dags/example_kubernetes_executor_config.py
[2026-09-23 11:46:40,161] {logging_mixin.py:104} INFO - [2026-09-23 11:46:40,161] {dag.py:1824} INFO - Sync 1 DAGs
[2026-09-23 11:46:40,205] {logging_mixin.py:104} INFO - [2026-09-23 11:46:40,205] {dag.py:2280} INFO - Setting next_dagrun for example_kubernetes_executor_config to None
[2026-09-23 11:46:40,245] {scheduler_job.py:190} INFO - Processing /home/airflow/.local/lib/python3.6/site-packages/airflow/example_dags/example_kubernetes_executor_config.py took 0.239 seconds
[2026-09-23 11:47:10,719] {scheduler_job.py:182} INFO - Started process (PID=1310) to work on /home/airflow/.local/lib/python3.6/site-packages/airflow/example_dags/example_kubernetes_executor_config.py
[2026-09-23 11:47:10,721] {scheduler_job.py:629} INFO - Processing file /home/airflow/.local/lib/python3.6/site-packages/airflow/example_dags/example_kubernetes_executor_config.py for tasks to queue
[2026-09-23 11:47:10,723] {logging_mixin.py:104} INFO - [2026-09-23 11:47:10,722] {dagbag.py:451} INFO - Filling up the DagBag from /home/airflow/.local/lib/python3.6/site-packages/airflow/example_dags/example_kubernetes_executor_config.py
[2026-09-23 11:47:10,756] {scheduler_job.py:639} INFO - DAG(s) dict_keys(['example_kubernetes_executor_config']) retrieved from /home/airflow/.local/lib/python3.6/site-packages/airflow/example_dags/example_kubernetes_executor_config.py
[2026-09-23 11:47:10,804] {logging_mixin.py:104} INFO - [2026-09-23 11:47:10,803] {dag.py:1824} INFO - Sync 1 DAGs
[2026-09-23 11:47:10,836] {logging_mixin.py:104} INFO - [2026-09-23 11:47:10,836] {dag.py:2280} INFO - Setting next_dagrun for example_kubernetes_executor_config to None
[2026-09-23 11:47:10,859] {scheduler_job.py:190} INFO - Processing /home/airflow/.local/lib/python3.6/site-packages/airflow/example_dags/example_kubernetes_executor_config.py took 0.146 seconds
[2026-09-23 11:47:41,167] {scheduler_job.py:182} INFO - Started process (PID=1336) to work on /home/airflow/.local/lib/python3.6/site-packages/airflow/example_dags/example_kubernetes_executor_config.py
[2026-09-23 11:47:41,172] {scheduler_job.py:629} INFO - Processing file /home/airflow/.local/lib/python3.6/site-packages/airflow/example_dags/example_kubernetes_executor_config.py for tasks to queue
[2026-09-23 11:47:41,173] {logging_mixin.py:104} INFO - [2026-09-23 11:47:41,173] {dagbag.py:451} INFO - Filling up the DagBag from /home/airflow/.local/lib/python3.6/site-packages/airflow/example_dags/example_kubernetes_executor_config.py
[2026-09-23 11:47:41,227] {scheduler_job.py:639} INFO - DAG(s) dict_keys(['example_kubernetes_executor_config']) retrieved from /home/airflow/.local/lib/python3.6/site-packages/airflow/example_dags/example_kubernetes_executor_config.py
[2026-09-23 11:47:41,301] {logging_mixin.py:104} INFO - [2026-09-23 11:47:41,301] {dag.py:1824} INFO - Sync 1 DAGs
[2026-09-23 11:47:41,347] {logging_mixin.py:104} INFO - [2026-09-23 11:47:41,347] {dag.py:2280} INFO - Setting next_dagrun for example_kubernetes_executor_config to None
[2026-09-23 11:47:41,384] {scheduler_job.py:190} INFO - Processing /home/airflow/.local/lib/python3.6/site-packages/airflow/example_dags/example_kubernetes_executor_config.py took 0.233 seconds
[2026-09-23 11:48:11,794] {scheduler_job.py:182} INFO - Started process (PID=1363) to work on /home/airflow/.local/lib/python3.6/site-packages/airflow/example_dags/example_kubernetes_executor_config.py
[2026-09-23 11:48:11,796] {scheduler_job.py:629} INFO - Processing file /home/airflow/.local/lib/python3.6/site-packages/airflow/example_dags/example_kubernetes_executor_config.py for tasks to queue
[2026-09-23 11:48:11,797] {logging_mixin.py:104} INFO - [2026-09-23 11:48:11,797] {dagbag.py:451} INFO - Filling up the DagBag from /home/airflow/.local/lib/python3.6/site-packages/airflow/example_dags/example_kubernetes_executor_config.py
[2026-09-23 11:48:11,821] {scheduler_job.py:639} INFO - DAG(s) dict_keys(['example_kubernetes_executor_config']) retrieved from /home/airflow/.local/lib/python3.6/site-packages/airflow/example_dags/example_kubernetes_executor_config.py
[2026-09-23 11:48:11,852] {logging_mixin.py:104} INFO - [2026-09-23 11:48:11,851] {dag.py:1824} INFO - Sync 1 DAGs
[2026-09-23 11:48:11,873] {logging_mixin.py:104} INFO - [2026-09-23 11:48:11,873] {dag.py:2280} INFO - Setting next_dagrun for example_kubernetes_executor_config to None
[2026-09-23 11:48:11,891] {scheduler_job.py:190} INFO - Processing /home/airflow/.local/lib/python3.6/site-packages/airflow/example_dags/example_kubernetes_executor_config.py took 0.101 seconds
[2026-09-23 11:48:42,482] {scheduler_job.py:182} INFO - Started process (PID=1389) to work on /home/airflow/.local/lib/python3.6/site-packages/airflow/example_dags/example_kubernetes_executor_config.py
[2026-09-23 11:48:42,484] {scheduler_job.py:629} INFO - Processing file /home/airflow/.local/lib/python3.6/site-packages/airflow/example_dags/example_kubernetes_executor_config.py for tasks to queue
[2026-09-23 11:48:42,485] {logging_mixin.py:104} INFO - [2026-09-23 11:48:42,484] {dagbag.py:451} INFO - Filling up the DagBag from /home/airflow/.local/lib/python3.6/site-packages/airflow/example_dags/example_kubernetes_executor_config.py
[2026-09-23 11:48:42,505] {scheduler_job.py:639} INFO - DAG(s) dict_keys(['example_kubernetes_executor_config']) retrieved from /home/airflow/.local/lib/python3.6/site-packages/airflow/example_dags/example_kubernetes_executor_config.py
[2026-09-23 11:48:42,535] {logging_mixin.py:104} INFO - [2026-09-23 11:48:42,535] {dag.py:1824} INFO - Sync 1 DAGs
[2026-09-23 11:48:42,556] {logging_mixin.py:104} INFO - [2026-09-23 11:48:42,556] {dag.py:2280} INFO - Setting next_dagrun for example_kubernetes_executor_config to None
[2026-09-23 11:48:42,571] {scheduler_job.py:190} INFO - Processing /home/airflow/.local/lib/python3.6/site-packages/airflow/example_dags/example_kubernetes_executor_config.py took 0.092 seconds
[2026-09-23 11:49:13,443] {scheduler_job.py:182} INFO - Started process (PID=1415) to work on /home/airflow/.local/lib/python3.6/site-packages/airflow/example_dags/example_kubernetes_executor_config.py
[2026-09-23 11:49:13,448] {scheduler_job.py:629} INFO - Processing file /home/airflow/.local/lib/python3.6/site-packages/airflow/example_dags/example_kubernetes_executor_config.py for tasks to queue
[2026-09-23 11:49:13,450] {logging_mixin.py:104} INFO - [2026-09-23 11:49:13,450] {dagbag.py:451} INFO - Filling up the DagBag from /home/airflow/.local/lib/python3.6/site-packages/airflow/example_dags/example_kubernetes_executor_config.py
[2026-09-23 11:49:13,484] {scheduler_job.py:639} INFO - DAG(s) dict_keys(['example_kubernetes_executor_config']) retrieved from /home/airflow/.local/lib/python3.6/site-packages/airflow/example_dags/example_kubernetes_executor_config.py
[2026-09-23 11:49:13,544] {logging_mixin.py:104} INFO - [2026-09-23 11:49:13,544] {dag.py:1824} INFO - Sync 1 DAGs
[2026-09-23 11:49:13,613] {logging_mixin.py:104} INFO - [2026-09-23 11:49:13,613] {dag.py:2280} INFO - Setting next_dagrun for example_kubernetes_executor_config to None
[2026-09-23 11:49:13,644] {scheduler_job.py:190} INFO - Processing /home/airflow/.local/lib/python3.6/site-packages/airflow/example_dags/example_kubernetes_executor_config.py took 0.210 seconds
[2026-09-23 11:49:44,169] {scheduler_job.py:182} INFO - Started process (PID=1441) to work on /home/airflow/.local/lib/python3.6/site-packages/airflow/example_dags/example_kubernetes_executor_config.py
[2026-09-23 11:49:44,171] {scheduler_job.py:629} INFO - Processing file /home/airflow/.local/lib/python3.6/site-packages/airflow/example_dags/example_kubernetes_executor_config.py for tasks to queue
[2026-09-23 11:49:44,172] {logging_mixin.py:104} INFO - [2026-09-23 11:49:44,172] {dagbag.py:451} INFO - Filling up the DagBag from /home/airflow/.local/lib/python3.6/site-packages/airflow/example_dags/example_kubernetes_executor_config.py
[2026-09-23 11:49:44,195] {scheduler_job.py:639} INFO - DAG(s) dict_keys(['example_kubernetes_executor_config']) retrieved from /home/airflow/.local/lib/python3.6/site-packages/airflow/example_dags/example_kubernetes_executor_config.py
[2026-09-23 11:49:44,232] {logging_mixin.py:104} INFO - [2026-09-23 11:49:44,232] {dag.py:1824} INFO - Sync 1 DAGs
[2026-09-23 11:49:44,254] {logging_mixin.py:104} INFO - [2026-09-23 11:49:44,254] {dag.py:2280} INFO - Setting next_dagrun for example_kubernetes_executor_config to None
[2026-09-23 11:49:44,275] {scheduler_job.py:190} INFO - Processing /home/airflow/.local/lib/python3.6/site-packages/airflow/example_dags/example_kubernetes_executor_config.py took 0.112 seconds
[2026-09-23 11:50:14,885] {scheduler_job.py:182} INFO - Started process (PID=1466) to work on /home/airflow/.local/lib/python3.6/site-packages/airflow/example_dags/example_kubernetes_executor_config.py
[2026-09-23 11:50:14,886] {scheduler_job.py:629} INFO - Processing file /home/airflow/.local/lib/python3.6/site-packages/airflow/example_dags/example_kubernetes_executor_config.py for tasks to queue
[2026-09-23 11:50:14,887] {logging_mixin.py:104} INFO - [2026-09-23 11:50:14,886] {dagbag.py:451} INFO - Filling up the DagBag from /home/airflow/.local/lib/python3.6/site-packages/airflow/example_dags/example_kubernetes_executor_config.py
[2026-09-23 11:50:14,905] {scheduler_job.py:639} INFO - DAG(s) dict_keys(['example_kubernetes_executor_config']) retrieved from /home/airflow/.local/lib/python3.6/site-packages/airflow/example_dags/example_kubernetes_executor_config.py
[2026-09-23 11:50:14,940] {logging_mixin.py:104} INFO - [2026-09-23 11:50:14,940] {dag.py:1824} INFO - Sync 1 DAGs
[2026-09-23 11:50:14,968] {logging_mixin.py:104} INFO - [2026-09-23 11:50:14,968] {dag.py:2280} INFO - Setting next_dagrun for example_kubernetes_executor_config to None
[2026-09-23 11:50:14,985] {scheduler_job.py:190} INFO - Processing /home/airflow/.local/lib/python3.6/site-packages/airflow/example_dags/example_kubernetes_executor_config.py took 0.105 seconds
[2026-09-23 11:50:45,760] {scheduler_job.py:182} INFO - Started process (PID=1492) to work on /home/airflow/.local/lib/python3.6/site-packages/airflow/example_dags/example_kubernetes_executor_config.py
[2026-09-23 11:50:45,761] {scheduler_job.py:629} INFO - Processing file /home/airflow/.local/lib/python3.6/site-packages/airflow/example_dags/example_kubernetes_executor_config.py for tasks to queue
[2026-09-23 11:50:45,763] {logging_mixin.py:104} INFO - [2026-09-23 11:50:45,762] {dagbag.py:451} INFO - Filling up the DagBag from /home/airflow/.local/lib/python3.6/site-packages/airflow/example_dags/example_kubernetes_executor_config.py
[2026-09-23 11:50:45,783] {scheduler_job.py:639} INFO - DAG(s) dict_keys(['example_kubernetes_executor_config']) retrieved from /home/airflow/.local/lib/python3.6/site-packages/airflow/example_dags/example_kubernetes_executor_config.py
[2026-09-23 11:50:45,820] {logging_mixin.py:104} INFO - [2026-09-23 11:50:45,819] {dag.py:1824} INFO - Sync 1 DAGs
[2026-09-23 11:50:45,841] {logging_mixin.py:104} INFO - [2026-09-23 11:50:45,841] {dag.py:2280} INFO - Setting next_dagrun for example_kubernetes_executor_config to None
[2026-09-23 11:50:45,857] {scheduler_job.py:190} INFO - Processing /home/airflow/.local/lib/python3.6/site-packages/airflow/example_dags/example_kubernetes_executor_config.py took 0.103 seconds
[2026-09-23 11:51:16,345] {scheduler_job.py:182} INFO - Started process (PID=1518) to work on /home/airflow/.local/lib/python3.6/site-packages/airflow/example_dags/example_kubernetes_executor_config.py
[2026-09-23 11:51:16,346] {scheduler_job.py:629} INFO - Processing file /home/airflow/.local/lib/python3.6/site-packages/airflow/example_dags/example_kubernetes_executor_config.py for tasks to queue
[2026-09-23 11:51:16,347] {logging_mixin.py:104} INFO - [2026-09-23 11:51:16,347] {dagbag.py:451} INFO - Filling up the DagBag from /home/airflow/.local/lib/python3.6/site-packages/airflow/example_dags/example_kubernetes_executor_config.py
[2026-09-23 11:51:16,370] {scheduler_job.py:639} INFO - DAG(s) dict_keys(['example_kubernetes_executor_config']) retrieved from /home/airflow/.local/lib/python3.6/site-packages/airflow/example_dags/example_kubernetes_executor_config.py
[2026-09-23 11:51:16,409] {logging_mixin.py:104} INFO - [2026-09-23 11:51:16,409] {dag.py:1824} INFO - Sync 1 DAGs
[2026-09-23 11:51:16,436] {logging_mixin.py:104} INFO - [2026-09-23 11:51:16,436] {dag.py:2280} INFO - Setting next_dagrun for example_kubernetes_executor_config to None
[2026-09-23 11:51:16,458] {scheduler_job.py:190} INFO - Processing /home/airflow/.local/lib/python3.6/site-packages/airflow/example_dags/example_kubernetes_executor_config.py took 0.119 seconds
[2026-09-23 11:51:46,498] {scheduler_job.py:182} INFO - Started process (PID=1544) to work on /home/airflow/.local/lib/python3.6/site-packages/airflow/example_dags/example_kubernetes_executor_config.py
[2026-09-23 11:51:46,500] {scheduler_job.py:629} INFO - Processing file /home/airflow/.local/lib/python3.6/site-packages/airflow/example_dags/example_kubernetes_executor_config.py for tasks to queue
[2026-09-23 11:51:46,501] {logging_mixin.py:104} INFO - [2026-09-23 11:51:46,501] {dagbag.py:451} INFO - Filling up the DagBag from /home/airflow/.local/lib/python3.6/site-packages/airflow/example_dags/example_kubernetes_executor_config.py
[2026-09-23 11:51:46,523] {scheduler_job.py:639} INFO - DAG(s) dict_keys(['example_kubernetes_executor_config']) retrieved from /home/airflow/.local/lib/python3.6/site-packages/airflow/example_dags/example_kubernetes_executor_config.py
[2026-09-23 11:51:46,564] {logging_mixin.py:104} INFO - [2026-09-23 11:51:46,564] {dag.py:1824} INFO - Sync 1 DAGs
[2026-09-23 11:51:46,592] {logging_mixin.py:104} INFO - [2026-09-23 11:51:46,592] {dag.py:2280} INFO - Setting next_dagrun for example_kubernetes_executor_config to None
[2026-09-23 11:51:46,607] {scheduler_job.py:190} INFO - Processing /home/airflow/.local/lib/python3.6/site-packages/airflow/example_dags/example_kubernetes_executor_config.py took 0.113 seconds
[2026-09-23 11:52:17,374] {scheduler_job.py:182} INFO - Started process (PID=1570) to work on /home/airflow/.local/lib/python3.6/site-packages/airflow/example_dags/example_kubernetes_executor_config.py
[2026-09-23 11:52:17,377] {scheduler_job.py:629} INFO - Processing file /home/airflow/.local/lib/python3.6/site-packages/airflow/example_dags/example_kubernetes_executor_config.py for tasks to queue
[2026-09-23 11:52:17,378] {logging_mixin.py:104} INFO - [2026-09-23 11:52:17,378] {dagbag.py:451} INFO - Filling up the DagBag from /home/airflow/.local/lib/python3.6/site-packages/airflow/example_dags/example_kubernetes_executor_config.py
[2026-09-23 11:52:17,411] {scheduler_job.py:639} INFO - DAG(s) dict_keys(['example_kubernetes_executor_config']) retrieved from /home/airflow/.local/lib/python3.6/site-packages/airflow/example_dags/example_kubernetes_executor_config.py
[2026-09-23 11:52:17,455] {logging_mixin.py:104} INFO - [2026-09-23 11:52:17,455] {dag.py:1824} INFO - Sync 1 DAGs
[2026-09-23 11:52:17,484] {logging_mixin.py:104} INFO - [2026-09-23 11:52:17,484] {dag.py:2280} INFO - Setting next_dagrun for example_kubernetes_executor_config to None
[2026-09-23 11:52:17,505] {scheduler_job.py:190} INFO - Processing /home/airflow/.local/lib/python3.6/site-packages/airflow/example_dags/example_kubernetes_executor_config.py took 0.136 seconds
[2026-09-23 11:52:47,775] {scheduler_job.py:182} INFO - Started process (PID=1596) to work on /home/airflow/.local/lib/python3.6/site-packages/airflow/example_dags/example_kubernetes_executor_config.py
[2026-09-23 11:52:47,777] {scheduler_job.py:629} INFO - Processing file /home/airflow/.local/lib/python3.6/site-packages/airflow/example_dags/example_kubernetes_executor_config.py for tasks to queue
[2026-09-23 11:52:47,779] {logging_mixin.py:104} INFO - [2026-09-23 11:52:47,778] {dagbag.py:451} INFO - Filling up the DagBag from /home/airflow/.local/lib/python3.6/site-packages/airflow/example_dags/example_kubernetes_executor_config.py
[2026-09-23 11:52:47,810] {scheduler_job.py:639} INFO - DAG(s) dict_keys(['example_kubernetes_executor_config']) retrieved from /home/airflow/.local/lib/python3.6/site-packages/airflow/example_dags/example_kubernetes_executor_config.py
[2026-09-23 11:52:47,857] {logging_mixin.py:104} INFO - [2026-09-23 11:52:47,857] {dag.py:1824} INFO - Sync 1 DAGs
[2026-09-23 11:52:47,893] {logging_mixin.py:104} INFO - [2026-09-23 11:52:47,892] {dag.py:2280} INFO - Setting next_dagrun for example_kubernetes_executor_config to None
[2026-09-23 11:52:47,912] {scheduler_job.py:190} INFO - Processing /home/airflow/.local/lib/python3.6/site-packages/airflow/example_dags/example_kubernetes_executor_config.py took 0.144 seconds
[2026-09-23 11:53:18,008] {scheduler_job.py:182} INFO - Started process (PID=1622) to work on /home/airflow/.local/lib/python3.6/site-packages/airflow/example_dags/example_kubernetes_executor_config.py
[2026-09-23 11:53:18,009] {scheduler_job.py:629} INFO - Processing file /home/airflow/.local/lib/python3.6/site-packages/airflow/example_dags/example_kubernetes_executor_config.py for tasks to queue
[2026-09-23 11:53:18,010] {logging_mixin.py:104} INFO - [2026-09-23 11:53:18,010] {dagbag.py:451} INFO - Filling up the DagBag from /home/airflow/.local/lib/python3.6/site-packages/airflow/example_dags/example_kubernetes_executor_config.py
[2026-09-23 11:53:18,030] {scheduler_job.py:639} INFO - DAG(s) dict_keys(['example_kubernetes_executor_config']) retrieved from /home/airflow/.local/lib/python3.6/site-packages/airflow/example_dags/example_kubernetes_executor_config.py
[2026-09-23 11:53:18,061] {logging_mixin.py:104} INFO - [2026-09-23 11:53:18,061] {dag.py:1824} INFO - Sync 1 DAGs
[2026-09-23 11:53:18,085] {logging_mixin.py:104} INFO - [2026-09-23 11:53:18,085] {dag.py:2280} INFO - Setting next_dagrun for example_kubernetes_executor_config to None
[2026-09-23 11:53:18,103] {scheduler_job.py:190} INFO - Processing /home/airflow/.local/lib/python3.6/site-packages/airflow/example_dags/example_kubernetes_executor_config.py took 0.101 seconds
[2026-09-23 11:53:48,240] {scheduler_job.py:182} INFO - Started process (PID=1648) to work on /home/airflow/.local/lib/python3.6/site-packages/airflow/example_dags/example_kubernetes_executor_config.py
[2026-09-23 11:53:48,241] {scheduler_job.py:629} INFO - Processing file /home/airflow/.local/lib/python3.6/site-packages/airflow/example_dags/example_kubernetes_executor_config.py for tasks to queue
[2026-09-23 11:53:48,242] {logging_mixin.py:104} INFO - [2026-09-23 11:53:48,241] {dagbag.py:451} INFO - Filling up the DagBag from /home/airflow/.local/lib/python3.6/site-packages/airflow/example_dags/example_kubernetes_executor_config.py
[2026-09-23 11:53:48,263] {scheduler_job.py:639} INFO - DAG(s) dict_keys(['example_kubernetes_executor_config']) retrieved from /home/airflow/.local/lib/python3.6/site-packages/airflow/example_dags/example_kubernetes_executor_config.py
[2026-09-23 11:53:48,298] {logging_mixin.py:104} INFO - [2026-09-23 11:53:48,298] {dag.py:1824} INFO - Sync 1 DAGs
[2026-09-23 11:53:48,318] {logging_mixin.py:104} INFO - [2026-09-23 11:53:48,318] {dag.py:2280} INFO - Setting next_dagrun for example_kubernetes_executor_config to None
[2026-09-23 11:53:48,343] {scheduler_job.py:190} INFO - Processing /home/airflow/.local/lib/python3.6/site-packages/airflow/example_dags/example_kubernetes_executor_config.py took 0.107 seconds
[2026-09-23 11:54:18,995] {scheduler_job.py:182} INFO - Started process (PID=1674) to work on /home/airflow/.local/lib/python3.6/site-packages/airflow/example_dags/example_kubernetes_executor_config.py
[2026-09-23 11:54:18,997] {scheduler_job.py:629} INFO - Processing file /home/airflow/.local/lib/python3.6/site-packages/airflow/example_dags/example_kubernetes_executor_config.py for tasks to queue
[2026-09-23 11:54:19,000] {logging_mixin.py:104} INFO - [2026-09-23 11:54:18,999] {dagbag.py:451} INFO - Filling up the DagBag from /home/airflow/.local/lib/python3.6/site-packages/airflow/example_dags/example_kubernetes_executor_config.py
[2026-09-23 11:54:19,019] {scheduler_job.py:639} INFO - DAG(s) dict_keys(['example_kubernetes_executor_config']) retrieved from /home/airflow/.local/lib/python3.6/site-packages/airflow/example_dags/example_kubernetes_executor_config.py
[2026-09-23 11:54:19,052] {logging_mixin.py:104} INFO - [2026-09-23 11:54:19,052] {dag.py:1824} INFO - Sync 1 DAGs
[2026-09-23 11:54:19,076] {logging_mixin.py:104} INFO - [2026-09-23 11:54:19,076] {dag.py:2280} INFO - Setting next_dagrun for example_kubernetes_executor_config to None
[2026-09-23 11:54:19,094] {scheduler_job.py:190} INFO - Processing /home/airflow/.local/lib/python3.6/site-packages/airflow/example_dags/example_kubernetes_executor_config.py took 0.106 seconds
[2026-09-23 11:54:49,172] {scheduler_job.py:182} INFO - Started process (PID=1700) to work on /home/airflow/.local/lib/python3.6/site-packages/airflow/example_dags/example_kubernetes_executor_config.py
[2026-09-23 11:54:49,173] {scheduler_job.py:629} INFO - Processing file /home/airflow/.local/lib/python3.6/site-packages/airflow/example_dags/example_kubernetes_executor_config.py for tasks to queue
[2026-09-23 11:54:49,174] {logging_mixin.py:104} INFO - [2026-09-23 11:54:49,174] {dagbag.py:451} INFO - Filling up the DagBag from /home/airflow/.local/lib/python3.6/site-packages/airflow/example_dags/example_kubernetes_executor_config.py
[2026-09-23 11:54:49,193] {scheduler_job.py:639} INFO - DAG(s) dict_keys(['example_kubernetes_executor_config']) retrieved from /home/airflow/.local/lib/python3.6/site-packages/airflow/example_dags/example_kubernetes_executor_config.py
[2026-09-23 11:54:49,233] {logging_mixin.py:104} INFO - [2026-09-23 11:54:49,232] {dag.py:1824} INFO - Sync 1 DAGs
[2026-09-23 11:54:49,260] {logging_mixin.py:104} INFO - [2026-09-23 11:54:49,260] {dag.py:2280} INFO - Setting next_dagrun for example_kubernetes_executor_config to None
[2026-09-23 11:54:49,273] {scheduler_job.py:190} INFO - Processing /home/airflow/.local/lib/python3.6/site-packages/airflow/example_dags/example_kubernetes_executor_config.py took 0.107 seconds
[2026-09-23 11:55:19,334] {scheduler_job.py:182} INFO - Started process (PID=1726) to work on /home/airflow/.local/lib/python3.6/site-packages/airflow/example_dags/example_kubernetes_executor_config.py
[2026-09-23 11:55:19,335] {scheduler_job.py:629} INFO - Processing file /home/airflow/.local/lib/python3.6/site-packages/airflow/example_dags/example_kubernetes_executor_config.py for tasks to queue
[2026-09-23 11:55:19,336] {logging_mixin.py:104} INFO - [2026-09-23 11:55:19,336] {dagbag.py:451} INFO - Filling up the DagBag from /home/airflow/.local/lib/python3.6/site-packages/airflow/example_dags/example_kubernetes_executor_config.py
[2026-09-23 11:55:19,361] {scheduler_job.py:639} INFO - DAG(s) dict_keys(['example_kubernetes_executor_config']) retrieved from /home/airflow/.local/lib/python3.6/site-packages/airflow/example_dags/example_kubernetes_executor_config.py
[2026-09-23 11:55:19,396] {logging_mixin.py:104} INFO - [2026-09-23 11:55:19,395] {dag.py:1824} INFO - Sync 1 DAGs
[2026-09-23 11:55:19,419] {logging_mixin.py:104} INFO - [2026-09-23 11:55:19,418] {dag.py:2280} INFO - Setting next_dagrun for example_kubernetes_executor_config to None
[2026-09-23 11:55:19,433] {scheduler_job.py:190} INFO - Processing /home/airflow/.local/lib/python3.6/site-packages/airflow/example_dags/example_kubernetes_executor_config.py took 0.104 seconds
[2026-09-23 11:55:50,216] {scheduler_job.py:182} INFO - Started process (PID=1752) to work on /home/airflow/.local/lib/python3.6/site-packages/airflow/example_dags/example_kubernetes_executor_config.py
[2026-09-23 11:55:50,217] {scheduler_job.py:629} INFO - Processing file /home/airflow/.local/lib/python3.6/site-packages/airflow/example_dags/example_kubernetes_executor_config.py for tasks to queue
[2026-09-23 11:55:50,219] {logging_mixin.py:104} INFO - [2026-09-23 11:55:50,218] {dagbag.py:451} INFO - Filling up the DagBag from /home/airflow/.local/lib/python3.6/site-packages/airflow/example_dags/example_kubernetes_executor_config.py
[2026-09-23 11:55:50,240] {scheduler_job.py:639} INFO - DAG(s) dict_keys(['example_kubernetes_executor_config']) retrieved from /home/airflow/.local/lib/python3.6/site-packages/airflow/example_dags/example_kubernetes_executor_config.py
[2026-09-23 11:55:50,273] {logging_mixin.py:104} INFO - [2026-09-23 11:55:50,273] {dag.py:1824} INFO - Sync 1 DAGs
[2026-09-23 11:55:50,300] {logging_mixin.py:104} INFO - [2026-09-23 11:55:50,299] {dag.py:2280} INFO - Setting next_dagrun for example_kubernetes_executor_config to None
[2026-09-23 11:55:50,317] {scheduler_job.py:190} INFO - Processing /home/airflow/.local/lib/python3.6/site-packages/airflow/example_dags/example_kubernetes_executor_config.py took 0.108 seconds
[2026-09-23 11:56:20,838] {scheduler_job.py:182} INFO - Started process (PID=1778) to work on /home/airflow/.local/lib/python3.6/site-packages/airflow/example_dags/example_kubernetes_executor_config.py
[2026-09-23 11:56:20,839] {scheduler_job.py:629} INFO - Processing file /home/airflow/.local/lib/python3.6/site-packages/airflow/example_dags/example_kubernetes_executor_config.py for tasks to queue
[2026-09-23 11:56:20,840] {logging_mixin.py:104} INFO - [2026-09-23 11:56:20,840] {dagbag.py:451} INFO - Filling up the DagBag from /home/airflow/.local/lib/python3.6/site-packages/airflow/example_dags/example_kubernetes_executor_config.py
[2026-09-23 11:56:20,862] {scheduler_job.py:639} INFO - DAG(s) dict_keys(['example_kubernetes_executor_config']) retrieved from /home/airflow/.local/lib/python3.6/site-packages/airflow/example_dags/example_kubernetes_executor_config.py
[2026-09-23 11:56:20,892] {logging_mixin.py:104} INFO - [2026-09-23 11:56:20,892] {dag.py:1824} INFO - Sync 1 DAGs
[2026-09-23 11:56:20,915] {logging_mixin.py:104} INFO - [2026-09-23 11:56:20,915] {dag.py:2280} INFO - Setting next_dagrun for example_kubernetes_executor_config to None
[2026-09-23 11:56:20,929] {scheduler_job.py:190} INFO - Processing /home/airflow/.local/lib/python3.6/site-packages/airflow/example_dags/example_kubernetes_executor_config.py took 0.095 seconds
[2026-09-23 11:56:51,789] {scheduler_job.py:182} INFO - Started process (PID=1804) to work on /home/airflow/.local/lib/python3.6/site-packages/airflow/example_dags/example_kubernetes_executor_config.py
[2026-09-23 11:56:51,791] {scheduler_job.py:629} INFO - Processing file /home/airflow/.local/lib/python3.6/site-packages/airflow/example_dags/example_kubernetes_executor_config.py for tasks to queue
[2026-09-23 11:56:51,792] {logging_mixin.py:104} INFO - [2026-09-23 11:56:51,792] {dagbag.py:451} INFO - Filling up the DagBag from /home/airflow/.local/lib/python3.6/site-packages/airflow/example_dags/example_kubernetes_executor_config.py
[2026-09-23 11:56:51,818] {scheduler_job.py:639} INFO - DAG(s) dict_keys(['example_kubernetes_executor_config']) retrieved from /home/airflow/.local/lib/python3.6/site-packages/airflow/example_dags/example_kubernetes_executor_config.py
[2026-09-23 11:56:51,857] {logging_mixin.py:104} INFO - [2026-09-23 11:56:51,857] {dag.py:1824} INFO - Sync 1 DAGs
[2026-09-23 11:56:51,880] {logging_mixin.py:104} INFO - [2026-09-23 11:56:51,879] {dag.py:2280} INFO - Setting next_dagrun for example_kubernetes_executor_config to None
[2026-09-23 11:56:51,893] {scheduler_job.py:190} INFO - Processing /home/airflow/.local/lib/python3.6/site-packages/airflow/example_dags/example_kubernetes_executor_config.py took 0.109 seconds
[2026-09-23 11:57:22,454] {scheduler_job.py:182} INFO - Started process (PID=1830) to work on /home/airflow/.local/lib/python3.6/site-packages/airflow/example_dags/example_kubernetes_executor_config.py
[2026-09-23 11:57:22,455] {scheduler_job.py:629} INFO - Processing file /home/airflow/.local/lib/python3.6/site-packages/airflow/example_dags/example_kubernetes_executor_config.py for tasks to queue
[2026-09-23 11:57:22,456] {logging_mixin.py:104} INFO - [2026-09-23 11:57:22,455] {dagbag.py:451} INFO - Filling up the DagBag from /home/airflow/.local/lib/python3.6/site-packages/airflow/example_dags/example_kubernetes_executor_config.py
[2026-09-23 11:57:22,474] {scheduler_job.py:639} INFO - DAG(s) dict_keys(['example_kubernetes_executor_config']) retrieved from /home/airflow/.local/lib/python3.6/site-packages/airflow/example_dags/example_kubernetes_executor_config.py
[2026-09-23 11:57:22,510] {logging_mixin.py:104} INFO - [2026-09-23 11:57:22,509] {dag.py:1824} INFO - Sync 1 DAGs
[2026-09-23 11:57:22,530] {logging_mixin.py:104} INFO - [2026-09-23 11:57:22,530] {dag.py:2280} INFO - Setting next_dagrun for example_kubernetes_executor_config to None
[2026-09-23 11:57:22,548] {scheduler_job.py:190} INFO - Processing /home/airflow/.local/lib/python3.6/site-packages/airflow/example_dags/example_kubernetes_executor_config.py took 0.098 seconds
[2026-09-23 11:57:53,107] {scheduler_job.py:182} INFO - Started process (PID=1856) to work on /home/airflow/.local/lib/python3.6/site-packages/airflow/example_dags/example_kubernetes_executor_config.py
[2026-09-23 11:57:53,109] {scheduler_job.py:629} INFO - Processing file /home/airflow/.local/lib/python3.6/site-packages/airflow/example_dags/example_kubernetes_executor_config.py for tasks to queue
[2026-09-23 11:57:53,111] {logging_mixin.py:104} INFO - [2026-09-23 11:57:53,111] {dagbag.py:451} INFO - Filling up the DagBag from /home/airflow/.local/lib/python3.6/site-packages/airflow/example_dags/example_kubernetes_executor_config.py
[2026-09-23 11:57:53,141] {scheduler_job.py:639} INFO - DAG(s) dict_keys(['example_kubernetes_executor_config']) retrieved from /home/airflow/.local/lib/python3.6/site-packages/airflow/example_dags/example_kubernetes_executor_config.py
[2026-09-23 11:57:53,185] {logging_mixin.py:104} INFO - [2026-09-23 11:57:53,185] {dag.py:1824} INFO - Sync 1 DAGs
[2026-09-23 11:57:53,216] {logging_mixin.py:104} INFO - [2026-09-23 11:57:53,215] {dag.py:2280} INFO - Setting next_dagrun for example_kubernetes_executor_config to None
[2026-09-23 11:57:53,240] {scheduler_job.py:190} INFO - Processing /home/airflow/.local/lib/python3.6/site-packages/airflow/example_dags/example_kubernetes_executor_config.py took 0.141 seconds
[2026-09-23 11:58:24,027] {scheduler_job.py:182} INFO - Started process (PID=1882) to work on /home/airflow/.local/lib/python3.6/site-packages/airflow/example_dags/example_kubernetes_executor_config.py
[2026-09-23 11:58:24,029] {scheduler_job.py:629} INFO - Processing file /home/airflow/.local/lib/python3.6/site-packages/airflow/example_dags/example_kubernetes_executor_config.py for tasks to queue
[2026-09-23 11:58:24,030] {logging_mixin.py:104} INFO - [2026-09-23 11:58:24,030] {dagbag.py:451} INFO - Filling up the DagBag from /home/airflow/.local/lib/python3.6/site-packages/airflow/example_dags/example_kubernetes_executor_config.py
[2026-09-23 11:58:24,072] {scheduler_job.py:639} INFO - DAG(s) dict_keys(['example_kubernetes_executor_config']) retrieved from /home/airflow/.local/lib/python3.6/site-packages/airflow/example_dags/example_kubernetes_executor_config.py
[2026-09-23 11:58:24,113] {logging_mixin.py:104} INFO - [2026-09-23 11:58:24,113] {dag.py:1824} INFO - Sync 1 DAGs
[2026-09-23 11:58:24,142] {logging_mixin.py:104} INFO - [2026-09-23 11:58:24,141] {dag.py:2280} INFO - Setting next_dagrun for example_kubernetes_executor_config to None
[2026-09-23 11:58:24,170] {scheduler_job.py:190} INFO - Processing /home/airflow/.local/lib/python3.6/site-packages/airflow/example_dags/example_kubernetes_executor_config.py took 0.164 seconds
[2026-09-23 11:58:54,332] {scheduler_job.py:182} INFO - Started process (PID=1908) to work on /home/airflow/.local/lib/python3.6/site-packages/airflow/example_dags/example_kubernetes_executor_config.py
[2026-09-23 11:58:54,334] {scheduler_job.py:629} INFO - Processing file /home/airflow/.local/lib/python3.6/site-packages/airflow/example_dags/example_kubernetes_executor_config.py for tasks to queue
[2026-09-23 11:58:54,334] {logging_mixin.py:104} INFO - [2026-09-23 11:58:54,334] {dagbag.py:451} INFO - Filling up the DagBag from /home/airflow/.local/lib/python3.6/site-packages/airflow/example_dags/example_kubernetes_executor_config.py
[2026-09-23 11:58:54,360] {scheduler_job.py:639} INFO - DAG(s) dict_keys(['example_kubernetes_executor_config']) retrieved from /home/airflow/.local/lib/python3.6/site-packages/airflow/example_dags/example_kubernetes_executor_config.py
[2026-09-23 11:58:54,400] {logging_mixin.py:104} INFO - [2026-09-23 11:58:54,399] {dag.py:1824} INFO - Sync 1 DAGs
[2026-09-23 11:58:54,429] {logging_mixin.py:104} INFO - [2026-09-23 11:58:54,429] {dag.py:2280} INFO - Setting next_dagrun for example_kubernetes_executor_config to None
[2026-09-23 11:58:54,454] {scheduler_job.py:190} INFO - Processing /home/airflow/.local/lib/python3.6/site-packages/airflow/example_dags/example_kubernetes_executor_config.py took 0.125 seconds
[2026-09-23 11:59:24,526] {scheduler_job.py:182} INFO - Started process (PID=1934) to work on /home/airflow/.local/lib/python3.6/site-packages/airflow/example_dags/example_kubernetes_executor_config.py
[2026-09-23 11:59:24,528] {scheduler_job.py:629} INFO - Processing file /home/airflow/.local/lib/python3.6/site-packages/airflow/example_dags/example_kubernetes_executor_config.py for tasks to queue
[2026-09-23 11:59:24,529] {logging_mixin.py:104} INFO - [2026-09-23 11:59:24,528] {dagbag.py:451} INFO - Filling up the DagBag from /home/airflow/.local/lib/python3.6/site-packages/airflow/example_dags/example_kubernetes_executor_config.py
[2026-09-23 11:59:24,552] {scheduler_job.py:639} INFO - DAG(s) dict_keys(['example_kubernetes_executor_config']) retrieved from /home/airflow/.local/lib/python3.6/site-packages/airflow/example_dags/example_kubernetes_executor_config.py
[2026-09-23 11:59:24,588] {logging_mixin.py:104} INFO - [2026-09-23 11:59:24,588] {dag.py:1824} INFO - Sync 1 DAGs
[2026-09-23 11:59:24,608] {logging_mixin.py:104} INFO - [2026-09-23 11:59:24,608] {dag.py:2280} INFO - Setting next_dagrun for example_kubernetes_executor_config to None
[2026-09-23 11:59:24,633] {scheduler_job.py:190} INFO - Processing /home/airflow/.local/lib/python3.6/site-packages/airflow/example_dags/example_kubernetes_executor_config.py took 0.112 seconds
[2026-09-23 11:59:55,438] {scheduler_job.py:182} INFO - Started process (PID=1960) to work on /home/airflow/.local/lib/python3.6/site-packages/airflow/example_dags/example_kubernetes_executor_config.py
[2026-09-23 11:59:55,439] {scheduler_job.py:629} INFO - Processing file /home/airflow/.local/lib/python3.6/site-packages/airflow/example_dags/example_kubernetes_executor_config.py for tasks to queue
[2026-09-23 11:59:55,440] {logging_mixin.py:104} INFO - [2026-09-23 11:59:55,440] {dagbag.py:451} INFO - Filling up the DagBag from /home/airflow/.local/lib/python3.6/site-packages/airflow/example_dags/example_kubernetes_executor_config.py
[2026-09-23 11:59:55,457] {scheduler_job.py:639} INFO - DAG(s) dict_keys(['example_kubernetes_executor_config']) retrieved from /home/airflow/.local/lib/python3.6/site-packages/airflow/example_dags/example_kubernetes_executor_config.py
[2026-09-23 11:59:55,485] {logging_mixin.py:104} INFO - [2026-09-23 11:59:55,485] {dag.py:1824} INFO - Sync 1 DAGs
[2026-09-23 11:59:55,505] {logging_mixin.py:104} INFO - [2026-09-23 11:59:55,505] {dag.py:2280} INFO - Setting next_dagrun for example_kubernetes_executor_config to None
[2026-09-23 11:59:55,519] {scheduler_job.py:190} INFO - Processing /home/airflow/.local/lib/python3.6/site-packages/airflow/example_dags/example_kubernetes_executor_config.py took 0.085 seconds
[2026-09-23 12:00:26,084] {scheduler_job.py:182} INFO - Started process (PID=1986) to work on /home/airflow/.local/lib/python3.6/site-packages/airflow/example_dags/example_kubernetes_executor_config.py
[2026-09-23 12:00:26,085] {scheduler_job.py:629} INFO - Processing file /home/airflow/.local/lib/python3.6/site-packages/airflow/example_dags/example_kubernetes_executor_config.py for tasks to queue
[2026-09-23 12:00:26,086] {logging_mixin.py:104} INFO - [2026-09-23 12:00:26,086] {dagbag.py:451} INFO - Filling up the DagBag from /home/airflow/.local/lib/python3.6/site-packages/airflow/example_dags/example_kubernetes_executor_config.py
[2026-09-23 12:00:26,104] {scheduler_job.py:639} INFO - DAG(s) dict_keys(['example_kubernetes_executor_config']) retrieved from /home/airflow/.local/lib/python3.6/site-packages/airflow/example_dags/example_kubernetes_executor_config.py
[2026-09-23 12:00:26,133] {logging_mixin.py:104} INFO - [2026-09-23 12:00:26,133] {dag.py:1824} INFO - Sync 1 DAGs
[2026-09-23 12:00:26,159] {logging_mixin.py:104} INFO - [2026-09-23 12:00:26,159] {dag.py:2280} INFO - Setting next_dagrun for example_kubernetes_executor_config to None
[2026-09-23 12:00:26,186] {scheduler_job.py:190} INFO - Processing /home/airflow/.local/lib/python3.6/site-packages/airflow/example_dags/example_kubernetes_executor_config.py took 0.107 seconds
[2026-09-23 12:00:56,666] {scheduler_job.py:182} INFO - Started process (PID=2012) to work on /home/airflow/.local/lib/python3.6/site-packages/airflow/example_dags/example_kubernetes_executor_config.py
[2026-09-23 12:00:56,667] {scheduler_job.py:629} INFO - Processing file /home/airflow/.local/lib/python3.6/site-packages/airflow/example_dags/example_kubernetes_executor_config.py for tasks to queue
[2026-09-23 12:00:56,668] {logging_mixin.py:104} INFO - [2026-09-23 12:00:56,668] {dagbag.py:451} INFO - Filling up the DagBag from /home/airflow/.local/lib/python3.6/site-packages/airflow/example_dags/example_kubernetes_executor_config.py
[2026-09-23 12:00:56,685] {scheduler_job.py:639} INFO - DAG(s) dict_keys(['example_kubernetes_executor_config']) retrieved from /home/airflow/.local/lib/python3.6/site-packages/airflow/example_dags/example_kubernetes_executor_config.py
[2026-09-23 12:00:56,712] {logging_mixin.py:104} INFO - [2026-09-23 12:00:56,711] {dag.py:1824} INFO - Sync 1 DAGs
[2026-09-23 12:00:56,731] {logging_mixin.py:104} INFO - [2026-09-23 12:00:56,731] {dag.py:2280} INFO - Setting next_dagrun for example_kubernetes_executor_config to None
[2026-09-23 12:00:56,743] {scheduler_job.py:190} INFO - Processing /home/airflow/.local/lib/python3.6/site-packages/airflow/example_dags/example_kubernetes_executor_config.py took 0.082 seconds
[2026-09-23 12:01:27,271] {scheduler_job.py:182} INFO - Started process (PID=2038) to work on /home/airflow/.local/lib/python3.6/site-packages/airflow/example_dags/example_kubernetes_executor_config.py
[2026-09-23 12:01:27,272] {scheduler_job.py:629} INFO - Processing file /home/airflow/.local/lib/python3.6/site-packages/airflow/example_dags/example_kubernetes_executor_config.py for tasks to queue
[2026-09-23 12:01:27,273] {logging_mixin.py:104} INFO - [2026-09-23 12:01:27,273] {dagbag.py:451} INFO - Filling up the DagBag from /home/airflow/.local/lib/python3.6/site-packages/airflow/example_dags/example_kubernetes_executor_config.py
[2026-09-23 12:01:27,300] {scheduler_job.py:639} INFO - DAG(s) dict_keys(['example_kubernetes_executor_config']) retrieved from /home/airflow/.local/lib/python3.6/site-packages/airflow/example_dags/example_kubernetes_executor_config.py
[2026-09-23 12:01:27,335] {logging_mixin.py:104} INFO - [2026-09-23 12:01:27,335] {dag.py:1824} INFO - Sync 1 DAGs
[2026-09-23 12:01:27,358] {logging_mixin.py:104} INFO - [2026-09-23 12:01:27,358] {dag.py:2280} INFO - Setting next_dagrun for example_kubernetes_executor_config to None
[2026-09-23 12:01:27,374] {scheduler_job.py:190} INFO - Processing /home/airflow/.local/lib/python3.6/site-packages/airflow/example_dags/example_kubernetes_executor_config.py took 0.108 seconds
[2026-09-23 12:01:57,868] {scheduler_job.py:182} INFO - Started process (PID=2064) to work on /home/airflow/.local/lib/python3.6/site-packages/airflow/example_dags/example_kubernetes_executor_config.py
[2026-09-23 12:01:57,870] {scheduler_job.py:629} INFO - Processing file /home/airflow/.local/lib/python3.6/site-packages/airflow/example_dags/example_kubernetes_executor_config.py for tasks to queue
[2026-09-23 12:01:57,871] {logging_mixin.py:104} INFO - [2026-09-23 12:01:57,871] {dagbag.py:451} INFO - Filling up the DagBag from /home/airflow/.local/lib/python3.6/site-packages/airflow/example_dags/example_kubernetes_executor_config.py
[2026-09-23 12:01:57,897] {scheduler_job.py:639} INFO - DAG(s) dict_keys(['example_kubernetes_executor_config']) retrieved from /home/airflow/.local/lib/python3.6/site-packages/airflow/example_dags/example_kubernetes_executor_config.py
[2026-09-23 12:01:57,939] {logging_mixin.py:104} INFO - [2026-09-23 12:01:57,939] {dag.py:1824} INFO - Sync 1 DAGs
[2026-09-23 12:01:57,970] {logging_mixin.py:104} INFO - [2026-09-23 12:01:57,970] {dag.py:2280} INFO - Setting next_dagrun for example_kubernetes_executor_config to None
[2026-09-23 12:01:57,989] {scheduler_job.py:190} INFO - Processing /home/airflow/.local/lib/python3.6/site-packages/airflow/example_dags/example_kubernetes_executor_config.py took 0.128 seconds
[2026-09-23 12:02:28,751] {scheduler_job.py:182} INFO - Started process (PID=2090) to work on /home/airflow/.local/lib/python3.6/site-packages/airflow/example_dags/example_kubernetes_executor_config.py
[2026-09-23 12:02:28,759] {scheduler_job.py:629} INFO - Processing file /home/airflow/.local/lib/python3.6/site-packages/airflow/example_dags/example_kubernetes_executor_config.py for tasks to queue
[2026-09-23 12:02:28,760] {logging_mixin.py:104} INFO - [2026-09-23 12:02:28,760] {dagbag.py:451} INFO - Filling up the DagBag from /home/airflow/.local/lib/python3.6/site-packages/airflow/example_dags/example_kubernetes_executor_config.py
[2026-09-23 12:02:28,793] {scheduler_job.py:639} INFO - DAG(s) dict_keys(['example_kubernetes_executor_config']) retrieved from /home/airflow/.local/lib/python3.6/site-packages/airflow/example_dags/example_kubernetes_executor_config.py
[2026-09-23 12:02:28,847] {logging_mixin.py:104} INFO - [2026-09-23 12:02:28,847] {dag.py:1824} INFO - Sync 1 DAGs
[2026-09-23 12:02:28,880] {logging_mixin.py:104} INFO - [2026-09-23 12:02:28,880] {dag.py:2280} INFO - Setting next_dagrun for example_kubernetes_executor_config to None
[2026-09-23 12:02:28,902] {scheduler_job.py:190} INFO - Processing /home/airflow/.local/lib/python3.6/site-packages/airflow/example_dags/example_kubernetes_executor_config.py took 0.158 seconds
[2026-09-23 12:02:59,688] {scheduler_job.py:182} INFO - Started process (PID=2116) to work on /home/airflow/.local/lib/python3.6/site-packages/airflow/example_dags/example_kubernetes_executor_config.py
[2026-09-23 12:02:59,690] {scheduler_job.py:629} INFO - Processing file /home/airflow/.local/lib/python3.6/site-packages/airflow/example_dags/example_kubernetes_executor_config.py for tasks to queue
[2026-09-23 12:02:59,692] {logging_mixin.py:104} INFO - [2026-09-23 12:02:59,691] {dagbag.py:451} INFO - Filling up the DagBag from /home/airflow/.local/lib/python3.6/site-packages/airflow/example_dags/example_kubernetes_executor_config.py
[2026-09-23 12:02:59,717] {scheduler_job.py:639} INFO - DAG(s) dict_keys(['example_kubernetes_executor_config']) retrieved from /home/airflow/.local/lib/python3.6/site-packages/airflow/example_dags/example_kubernetes_executor_config.py
[2026-09-23 12:02:59,760] {logging_mixin.py:104} INFO - [2026-09-23 12:02:59,760] {dag.py:1824} INFO - Sync 1 DAGs
[2026-09-23 12:02:59,791] {logging_mixin.py:104} INFO - [2026-09-23 12:02:59,791] {dag.py:2280} INFO - Setting next_dagrun for example_kubernetes_executor_config to None
[2026-09-23 12:02:59,812] {scheduler_job.py:190} INFO - Processing /home/airflow/.local/lib/python3.6/site-packages/airflow/example_dags/example_kubernetes_executor_config.py took 0.128 seconds
[2026-09-23 12:03:30,581] {scheduler_job.py:182} INFO - Started process (PID=2142) to work on /home/airflow/.local/lib/python3.6/site-packages/airflow/example_dags/example_kubernetes_executor_config.py
[2026-09-23 12:03:30,584] {scheduler_job.py:629} INFO - Processing file /home/airflow/.local/lib/python3.6/site-packages/airflow/example_dags/example_kubernetes_executor_config.py for tasks to queue
[2026-09-23 12:03:30,585] {logging_mixin.py:104} INFO - [2026-09-23 12:03:30,585] {dagbag.py:451} INFO - Filling up the DagBag from /home/airflow/.local/lib/python3.6/site-packages/airflow/example_dags/example_kubernetes_executor_config.py
[2026-09-23 12:03:30,616] {scheduler_job.py:639} INFO - DAG(s) dict_keys(['example_kubernetes_executor_config']) retrieved from /home/airflow/.local/lib/python3.6/site-packages/airflow/example_dags/example_kubernetes_executor_config.py
[2026-09-23 12:03:30,683] {logging_mixin.py:104} INFO - [2026-09-23 12:03:30,683] {dag.py:1824} INFO - Sync 1 DAGs
[2026-09-23 12:03:30,715] {logging_mixin.py:104} INFO - [2026-09-23 12:03:30,715] {dag.py:2280} INFO - Setting next_dagrun for example_kubernetes_executor_config to None
[2026-09-23 12:03:30,745] {scheduler_job.py:190} INFO - Processing /home/airflow/.local/lib/python3.6/site-packages/airflow/example_dags/example_kubernetes_executor_config.py took 0.169 seconds
[2026-09-23 12:04:01,367] {scheduler_job.py:182} INFO - Started process (PID=2168) to work on /home/airflow/.local/lib/python3.6/site-packages/airflow/example_dags/example_kubernetes_executor_config.py
[2026-09-23 12:04:01,369] {scheduler_job.py:629} INFO - Processing file /home/airflow/.local/lib/python3.6/site-packages/airflow/example_dags/example_kubernetes_executor_config.py for tasks to queue
[2026-09-23 12:04:01,370] {logging_mixin.py:104} INFO - [2026-09-23 12:04:01,370] {dagbag.py:451} INFO - Filling up the DagBag from /home/airflow/.local/lib/python3.6/site-packages/airflow/example_dags/example_kubernetes_executor_config.py
[2026-09-23 12:04:01,390] {scheduler_job.py:639} INFO - DAG(s) dict_keys(['example_kubernetes_executor_config']) retrieved from /home/airflow/.local/lib/python3.6/site-packages/airflow/example_dags/example_kubernetes_executor_config.py
[2026-09-23 12:04:01,432] {logging_mixin.py:104} INFO - [2026-09-23 12:04:01,432] {dag.py:1824} INFO - Sync 1 DAGs
[2026-09-23 12:04:01,463] {logging_mixin.py:104} INFO - [2026-09-23 12:04:01,463] {dag.py:2280} INFO - Setting next_dagrun for example_kubernetes_executor_config to None
[2026-09-23 12:04:01,485] {scheduler_job.py:190} INFO - Processing /home/airflow/.local/lib/python3.6/site-packages/airflow/example_dags/example_kubernetes_executor_config.py took 0.122 seconds
[2026-09-23 12:04:32,069] {scheduler_job.py:182} INFO - Started process (PID=2194) to work on /home/airflow/.local/lib/python3.6/site-packages/airflow/example_dags/example_kubernetes_executor_config.py
[2026-09-23 12:04:32,071] {scheduler_job.py:629} INFO - Processing file /home/airflow/.local/lib/python3.6/site-packages/airflow/example_dags/example_kubernetes_executor_config.py for tasks to queue
[2026-09-23 12:04:32,072] {logging_mixin.py:104} INFO - [2026-09-23 12:04:32,072] {dagbag.py:451} INFO - Filling up the DagBag from /home/airflow/.local/lib/python3.6/site-packages/airflow/example_dags/example_kubernetes_executor_config.py
[2026-09-23 12:04:32,089] {scheduler_job.py:639} INFO - DAG(s) dict_keys(['example_kubernetes_executor_config']) retrieved from /home/airflow/.local/lib/python3.6/site-packages/airflow/example_dags/example_kubernetes_executor_config.py
[2026-09-23 12:04:32,117] {logging_mixin.py:104} INFO - [2026-09-23 12:04:32,117] {dag.py:1824} INFO - Sync 1 DAGs
[2026-09-23 12:04:32,137] {logging_mixin.py:104} INFO - [2026-09-23 12:04:32,137] {dag.py:2280} INFO - Setting next_dagrun for example_kubernetes_executor_config to None
[2026-09-23 12:04:32,151] {scheduler_job.py:190} INFO - Processing /home/airflow/.local/lib/python3.6/site-packages/airflow/example_dags/example_kubernetes_executor_config.py took 0.085 seconds
[2026-09-23 12:05:02,214] {scheduler_job.py:182} INFO - Started process (PID=2220) to work on /home/airflow/.local/lib/python3.6/site-packages/airflow/example_dags/example_kubernetes_executor_config.py
[2026-09-23 12:05:02,215] {scheduler_job.py:629} INFO - Processing file /home/airflow/.local/lib/python3.6/site-packages/airflow/example_dags/example_kubernetes_executor_config.py for tasks to queue
[2026-09-23 12:05:02,216] {logging_mixin.py:104} INFO - [2026-09-23 12:05:02,216] {dagbag.py:451} INFO - Filling up the DagBag from /home/airflow/.local/lib/python3.6/site-packages/airflow/example_dags/example_kubernetes_executor_config.py
[2026-09-23 12:05:02,234] {scheduler_job.py:639} INFO - DAG(s) dict_keys(['example_kubernetes_executor_config']) retrieved from /home/airflow/.local/lib/python3.6/site-packages/airflow/example_dags/example_kubernetes_executor_config.py
[2026-09-23 12:05:02,271] {logging_mixin.py:104} INFO - [2026-09-23 12:05:02,270] {dag.py:1824} INFO - Sync 1 DAGs
[2026-09-23 12:05:02,291] {logging_mixin.py:104} INFO - [2026-09-23 12:05:02,290] {dag.py:2280} INFO - Setting next_dagrun for example_kubernetes_executor_config to None
[2026-09-23 12:05:02,304] {scheduler_job.py:190} INFO - Processing /home/airflow/.local/lib/python3.6/site-packages/airflow/example_dags/example_kubernetes_executor_config.py took 0.094 seconds
[2026-09-23 12:05:32,445] {scheduler_job.py:182} INFO - Started process (PID=2246) to work on /home/airflow/.local/lib/python3.6/site-packages/airflow/example_dags/example_kubernetes_executor_config.py
[2026-09-23 12:05:32,446] {scheduler_job.py:629} INFO - Processing file /home/airflow/.local/lib/python3.6/site-packages/airflow/example_dags/example_kubernetes_executor_config.py for tasks to queue
[2026-09-23 12:05:32,447] {logging_mixin.py:104} INFO - [2026-09-23 12:05:32,446] {dagbag.py:451} INFO - Filling up the DagBag from /home/airflow/.local/lib/python3.6/site-packages/airflow/example_dags/example_kubernetes_executor_config.py
[2026-09-23 12:05:32,470] {scheduler_job.py:639} INFO - DAG(s) dict_keys(['example_kubernetes_executor_config']) retrieved from /home/airflow/.local/lib/python3.6/site-packages/airflow/example_dags/example_kubernetes_executor_config.py
[2026-09-23 12:05:32,497] {logging_mixin.py:104} INFO - [2026-09-23 12:05:32,497] {dag.py:1824} INFO - Sync 1 DAGs
[2026-09-23 12:05:32,516] {logging_mixin.py:104} INFO - [2026-09-23 12:05:32,516] {dag.py:2280} INFO - Setting next_dagrun for example_kubernetes_executor_config to None
[2026-09-23 12:05:32,535] {scheduler_job.py:190} INFO - Processing /home/airflow/.local/lib/python3.6/site-packages/airflow/example_dags/example_kubernetes_executor_config.py took 0.094 seconds
[2026-09-23 12:06:02,646] {scheduler_job.py:182} INFO - Started process (PID=2272) to work on /home/airflow/.local/lib/python3.6/site-packages/airflow/example_dags/example_kubernetes_executor_config.py
[2026-09-23 12:06:02,648] {scheduler_job.py:629} INFO - Processing file /home/airflow/.local/lib/python3.6/site-packages/airflow/example_dags/example_kubernetes_executor_config.py for tasks to queue
[2026-09-23 12:06:02,648] {logging_mixin.py:104} INFO - [2026-09-23 12:06:02,648] {dagbag.py:451} INFO - Filling up the DagBag from /home/airflow/.local/lib/python3.6/site-packages/airflow/example_dags/example_kubernetes_executor_config.py
[2026-09-23 12:06:02,668] {scheduler_job.py:639} INFO - DAG(s) dict_keys(['example_kubernetes_executor_config']) retrieved from /home/airflow/.local/lib/python3.6/site-packages/airflow/example_dags/example_kubernetes_executor_config.py
[2026-09-23 12:06:02,698] {logging_mixin.py:104} INFO - [2026-09-23 12:06:02,698] {dag.py:1824} INFO - Sync 1 DAGs
[2026-09-23 12:06:02,717] {logging_mixin.py:104} INFO - [2026-09-23 12:06:02,717] {dag.py:2280} INFO - Setting next_dagrun for example_kubernetes_executor_config to None
[2026-09-23 12:06:02,735] {scheduler_job.py:190} INFO - Processing /home/airflow/.local/lib/python3.6/site-packages/airflow/example_dags/example_kubernetes_executor_config.py took 0.093 seconds
[2026-09-23 12:06:33,515] {scheduler_job.py:182} INFO - Started process (PID=2298) to work on /home/airflow/.local/lib/python3.6/site-packages/airflow/example_dags/example_kubernetes_executor_config.py
[2026-09-23 12:06:33,517] {scheduler_job.py:629} INFO - Processing file /home/airflow/.local/lib/python3.6/site-packages/airflow/example_dags/example_kubernetes_executor_config.py for tasks to queue
[2026-09-23 12:06:33,517] {logging_mixin.py:104} INFO - [2026-09-23 12:06:33,517] {dagbag.py:451} INFO - Filling up the DagBag from /home/airflow/.local/lib/python3.6/site-packages/airflow/example_dags/example_kubernetes_executor_config.py
[2026-09-23 12:06:33,536] {scheduler_job.py:639} INFO - DAG(s) dict_keys(['example_kubernetes_executor_config']) retrieved from /home/airflow/.local/lib/python3.6/site-packages/airflow/example_dags/example_kubernetes_executor_config.py
[2026-09-23 12:06:33,578] {logging_mixin.py:104} INFO - [2026-09-23 12:06:33,577] {dag.py:1824} INFO - Sync 1 DAGs
[2026-09-23 12:06:33,599] {logging_mixin.py:104} INFO - [2026-09-23 12:06:33,599] {dag.py:2280} INFO - Setting next_dagrun for example_kubernetes_executor_config to None
[2026-09-23 12:06:33,615] {scheduler_job.py:190} INFO - Processing /home/airflow/.local/lib/python3.6/site-packages/airflow/example_dags/example_kubernetes_executor_config.py took 0.104 seconds
[2026-09-23 12:07:04,319] {scheduler_job.py:182} INFO - Started process (PID=2324) to work on /home/airflow/.local/lib/python3.6/site-packages/airflow/example_dags/example_kubernetes_executor_config.py
[2026-09-23 12:07:04,321] {scheduler_job.py:629} INFO - Processing file /home/airflow/.local/lib/python3.6/site-packages/airflow/example_dags/example_kubernetes_executor_config.py for tasks to queue
[2026-09-23 12:07:04,322] {logging_mixin.py:104} INFO - [2026-09-23 12:07:04,322] {dagbag.py:451} INFO - Filling up the DagBag from /home/airflow/.local/lib/python3.6/site-packages/airflow/example_dags/example_kubernetes_executor_config.py
[2026-09-23 12:07:04,340] {scheduler_job.py:639} INFO - DAG(s) dict_keys(['example_kubernetes_executor_config']) retrieved from /home/airflow/.local/lib/python3.6/site-packages/airflow/example_dags/example_kubernetes_executor_config.py
[2026-09-23 12:07:04,368] {logging_mixin.py:104} INFO - [2026-09-23 12:07:04,368] {dag.py:1824} INFO - Sync 1 DAGs
[2026-09-23 12:07:04,387] {logging_mixin.py:104} INFO - [2026-09-23 12:07:04,386] {dag.py:2280} INFO - Setting next_dagrun for example_kubernetes_executor_config to None
[2026-09-23 12:07:04,398] {scheduler_job.py:190} INFO - Processing /home/airflow/.local/lib/python3.6/site-packages/airflow/example_dags/example_kubernetes_executor_config.py took 0.083 seconds
[2026-09-23 12:07:35,150] {scheduler_job.py:182} INFO - Started process (PID=2350) to work on /home/airflow/.local/lib/python3.6/site-packages/airflow/example_dags/example_kubernetes_executor_config.py
[2026-09-23 12:07:35,151] {scheduler_job.py:629} INFO - Processing file /home/airflow/.local/lib/python3.6/site-packages/airflow/example_dags/example_kubernetes_executor_config.py for tasks to queue
[2026-09-23 12:07:35,152] {logging_mixin.py:104} INFO - [2026-09-23 12:07:35,152] {dagbag.py:451} INFO - Filling up the DagBag from /home/airflow/.local/lib/python3.6/site-packages/airflow/example_dags/example_kubernetes_executor_config.py
[2026-09-23 12:07:35,174] {scheduler_job.py:639} INFO - DAG(s) dict_keys(['example_kubernetes_executor_config']) retrieved from /home/airflow/.local/lib/python3.6/site-packages/airflow/example_dags/example_kubernetes_executor_config.py
[2026-09-23 12:07:35,206] {logging_mixin.py:104} INFO - [2026-09-23 12:07:35,206] {dag.py:1824} INFO - Sync 1 DAGs
[2026-09-23 12:07:35,229] {logging_mixin.py:104} INFO - [2026-09-23 12:07:35,229] {dag.py:2280} INFO - Setting next_dagrun for example_kubernetes_executor_config to None
[2026-09-23 12:07:35,246] {scheduler_job.py:190} INFO - Processing /home/airflow/.local/lib/python3.6/site-packages/airflow/example_dags/example_kubernetes_executor_config.py took 0.101 seconds
[2026-09-23 12:08:05,808] {scheduler_job.py:182} INFO - Started process (PID=2376) to work on /home/airflow/.local/lib/python3.6/site-packages/airflow/example_dags/example_kubernetes_executor_config.py
[2026-09-23 12:08:05,810] {scheduler_job.py:629} INFO - Processing file /home/airflow/.local/lib/python3.6/site-packages/airflow/example_dags/example_kubernetes_executor_config.py for tasks to queue
[2026-09-23 12:08:05,811] {logging_mixin.py:104} INFO - [2026-09-23 12:08:05,811] {dagbag.py:451} INFO - Filling up the DagBag from /home/airflow/.local/lib/python3.6/site-packages/airflow/example_dags/example_kubernetes_executor_config.py
[2026-09-23 12:08:05,838] {scheduler_job.py:639} INFO - DAG(s) dict_keys(['example_kubernetes_executor_config']) retrieved from /home/airflow/.local/lib/python3.6/site-packages/airflow/example_dags/example_kubernetes_executor_config.py
[2026-09-23 12:08:05,888] {logging_mixin.py:104} INFO - [2026-09-23 12:08:05,888] {dag.py:1824} INFO - Sync 1 DAGs
[2026-09-23 12:08:05,921] {logging_mixin.py:104} INFO - [2026-09-23 12:08:05,921] {dag.py:2280} INFO - Setting next_dagrun for example_kubernetes_executor_config to None
[2026-09-23 12:08:05,945] {scheduler_job.py:190} INFO - Processing /home/airflow/.local/lib/python3.6/site-packages/airflow/example_dags/example_kubernetes_executor_config.py took 0.143 seconds
[2026-09-23 12:08:36,421] {scheduler_job.py:182} INFO - Started process (PID=2402) to work on /home/airflow/.local/lib/python3.6/site-packages/airflow/example_dags/example_kubernetes_executor_config.py
[2026-09-23 12:08:36,422] {scheduler_job.py:629} INFO - Processing file /home/airflow/.local/lib/python3.6/site-packages/airflow/example_dags/example_kubernetes_executor_config.py for tasks to queue
[2026-09-23 12:08:36,423] {logging_mixin.py:104} INFO - [2026-09-23 12:08:36,423] {dagbag.py:451} INFO - Filling up the DagBag from /home/airflow/.local/lib/python3.6/site-packages/airflow/example_dags/example_kubernetes_executor_config.py
[2026-09-23 12:08:36,448] {scheduler_job.py:639} INFO - DAG(s) dict_keys(['example_kubernetes_executor_config']) retrieved from /home/airflow/.local/lib/python3.6/site-packages/airflow/example_dags/example_kubernetes_executor_config.py
[2026-09-23 12:08:36,494] {logging_mixin.py:104} INFO - [2026-09-23 12:08:36,494] {dag.py:1824} INFO - Sync 1 DAGs
[2026-09-23 12:08:36,526] {logging_mixin.py:104} INFO - [2026-09-23 12:08:36,526] {dag.py:2280} INFO - Setting next_dagrun for example_kubernetes_executor_config to None
[2026-09-23 12:08:36,551] {scheduler_job.py:190} INFO - Processing /home/airflow/.local/lib/python3.6/site-packages/airflow/example_dags/example_kubernetes_executor_config.py took 0.135 seconds
[2026-09-23 12:09:07,290] {scheduler_job.py:182} INFO - Started process (PID=2428) to work on /home/airflow/.local/lib/python3.6/site-packages/airflow/example_dags/example_kubernetes_executor_config.py
[2026-09-23 12:09:07,291] {scheduler_job.py:629} INFO - Processing file /home/airflow/.local/lib/python3.6/site-packages/airflow/example_dags/example_kubernetes_executor_config.py for tasks to queue
[2026-09-23 12:09:07,292] {logging_mixin.py:104} INFO - [2026-09-23 12:09:07,292] {dagbag.py:451} INFO - Filling up the DagBag from /home/airflow/.local/lib/python3.6/site-packages/airflow/example_dags/example_kubernetes_executor_config.py
[2026-09-23 12:09:07,325] {scheduler_job.py:639} INFO - DAG(s) dict_keys(['example_kubernetes_executor_config']) retrieved from /home/airflow/.local/lib/python3.6/site-packages/airflow/example_dags/example_kubernetes_executor_config.py
[2026-09-23 12:09:07,368] {logging_mixin.py:104} INFO - [2026-09-23 12:09:07,368] {dag.py:1824} INFO - Sync 1 DAGs
[2026-09-23 12:09:07,395] {logging_mixin.py:104} INFO - [2026-09-23 12:09:07,395] {dag.py:2280} INFO - Setting next_dagrun for example_kubernetes_executor_config to None
[2026-09-23 12:09:07,419] {scheduler_job.py:190} INFO - Processing /home/airflow/.local/lib/python3.6/site-packages/airflow/example_dags/example_kubernetes_executor_config.py took 0.135 seconds
[2026-09-23 12:09:38,278] {scheduler_job.py:182} INFO - Started process (PID=2454) to work on /home/airflow/.local/lib/python3.6/site-packages/airflow/example_dags/example_kubernetes_executor_config.py
[2026-09-23 12:09:38,281] {scheduler_job.py:629} INFO - Processing file /home/airflow/.local/lib/python3.6/site-packages/airflow/example_dags/example_kubernetes_executor_config.py for tasks to queue
[2026-09-23 12:09:38,283] {logging_mixin.py:104} INFO - [2026-09-23 12:09:38,282] {dagbag.py:451} INFO - Filling up the DagBag from /home/airflow/.local/lib/python3.6/site-packages/airflow/example_dags/example_kubernetes_executor_config.py
[2026-09-23 12:09:38,308] {scheduler_job.py:639} INFO - DAG(s) dict_keys(['example_kubernetes_executor_config']) retrieved from /home/airflow/.local/lib/python3.6/site-packages/airflow/example_dags/example_kubernetes_executor_config.py
[2026-09-23 12:09:38,349] {logging_mixin.py:104} INFO - [2026-09-23 12:09:38,348] {dag.py:1824} INFO - Sync 1 DAGs
[2026-09-23 12:09:38,376] {logging_mixin.py:104} INFO - [2026-09-23 12:09:38,376] {dag.py:2280} INFO - Setting next_dagrun for example_kubernetes_executor_config to None
[2026-09-23 12:09:38,399] {scheduler_job.py:190} INFO - Processing /home/airflow/.local/lib/python3.6/site-packages/airflow/example_dags/example_kubernetes_executor_config.py took 0.126 seconds
[2026-09-23 12:10:08,854] {scheduler_job.py:182} INFO - Started process (PID=2480) to work on /home/airflow/.local/lib/python3.6/site-packages/airflow/example_dags/example_kubernetes_executor_config.py
[2026-09-23 12:10:08,855] {scheduler_job.py:629} INFO - Processing file /home/airflow/.local/lib/python3.6/site-packages/airflow/example_dags/example_kubernetes_executor_config.py for tasks to queue
[2026-09-23 12:10:08,856] {logging_mixin.py:104} INFO - [2026-09-23 12:10:08,855] {dagbag.py:451} INFO - Filling up the DagBag from /home/airflow/.local/lib/python3.6/site-packages/airflow/example_dags/example_kubernetes_executor_config.py
[2026-09-23 12:10:08,873] {scheduler_job.py:639} INFO - DAG(s) dict_keys(['example_kubernetes_executor_config']) retrieved from /home/airflow/.local/lib/python3.6/site-packages/airflow/example_dags/example_kubernetes_executor_config.py
[2026-09-23 12:10:08,900] {logging_mixin.py:104} INFO - [2026-09-23 12:10:08,899] {dag.py:1824} INFO - Sync 1 DAGs
[2026-09-23 12:10:08,919] {logging_mixin.py:104} INFO - [2026-09-23 12:10:08,919] {dag.py:2280} INFO - Setting next_dagrun for example_kubernetes_executor_config to None
[2026-09-23 12:10:08,930] {scheduler_job.py:190} INFO - Processing /home/airflow/.local/lib/python3.6/site-packages/airflow/example_dags/example_kubernetes_executor_config.py took 0.080 seconds
[2026-09-23 12:10:39,272] {scheduler_job.py:182} INFO - Started process (PID=2506) to work on /home/airflow/.local/lib/python3.6/site-packages/airflow/example_dags/example_kubernetes_executor_config.py
[2026-09-23 12:10:39,274] {scheduler_job.py:629} INFO - Processing file /home/airflow/.local/lib/python3.6/site-packages/airflow/example_dags/example_kubernetes_executor_config.py for tasks to queue
[2026-09-23 12:10:39,275] {logging_mixin.py:104} INFO - [2026-09-23 12:10:39,275] {dagbag.py:451} INFO - Filling up the DagBag from /home/airflow/.local/lib/python3.6/site-packages/airflow/example_dags/example_kubernetes_executor_config.py
[2026-09-23 12:10:39,295] {scheduler_job.py:639} INFO - DAG(s) dict_keys(['example_kubernetes_executor_config']) retrieved from /home/airflow/.local/lib/python3.6/site-packages/airflow/example_dags/example_kubernetes_executor_config.py
[2026-09-23 12:10:39,334] {logging_mixin.py:104} INFO - [2026-09-23 12:10:39,333] {dag.py:1824} INFO - Sync 1 DAGs
[2026-09-23 12:10:39,358] {logging_mixin.py:104} INFO - [2026-09-23 12:10:39,357] {dag.py:2280} INFO - Setting next_dagrun for example_kubernetes_executor_config to None
[2026-09-23 12:10:39,377] {scheduler_job.py:190} INFO - Processing /home/airflow/.local/lib/python3.6/site-packages/airflow/example_dags/example_kubernetes_executor_config.py took 0.110 seconds
[2026-09-23 12:11:09,958] {scheduler_job.py:182} INFO - Started process (PID=2532) to work on /home/airflow/.local/lib/python3.6/site-packages/airflow/example_dags/example_kubernetes_executor_config.py
[2026-09-23 12:11:09,960] {scheduler_job.py:629} INFO - Processing file /home/airflow/.local/lib/python3.6/site-packages/airflow/example_dags/example_kubernetes_executor_config.py for tasks to queue
[2026-09-23 12:11:09,961] {logging_mixin.py:104} INFO - [2026-09-23 12:11:09,961] {dagbag.py:451} INFO - Filling up the DagBag from /home/airflow/.local/lib/python3.6/site-packages/airflow/example_dags/example_kubernetes_executor_config.py
[2026-09-23 12:11:09,982] {scheduler_job.py:639} INFO - DAG(s) dict_keys(['example_kubernetes_executor_config']) retrieved from /home/airflow/.local/lib/python3.6/site-packages/airflow/example_dags/example_kubernetes_executor_config.py
[2026-09-23 12:11:10,011] {logging_mixin.py:104} INFO - [2026-09-23 12:11:10,011] {dag.py:1824} INFO - Sync 1 DAGs
[2026-09-23 12:11:10,036] {logging_mixin.py:104} INFO - [2026-09-23 12:11:10,035] {dag.py:2280} INFO - Setting next_dagrun for example_kubernetes_executor_config to None
[2026-09-23 12:11:10,050] {scheduler_job.py:190} INFO - Processing /home/airflow/.local/lib/python3.6/site-packages/airflow/example_dags/example_kubernetes_executor_config.py took 0.097 seconds
[2026-09-23 12:11:40,179] {scheduler_job.py:182} INFO - Started process (PID=2558) to work on /home/airflow/.local/lib/python3.6/site-packages/airflow/example_dags/example_kubernetes_executor_config.py
[2026-09-23 12:11:40,181] {scheduler_job.py:629} INFO - Processing file /home/airflow/.local/lib/python3.6/site-packages/airflow/example_dags/example_kubernetes_executor_config.py for tasks to queue
[2026-09-23 12:11:40,181] {logging_mixin.py:104} INFO - [2026-09-23 12:11:40,181] {dagbag.py:451} INFO - Filling up the DagBag from /home/airflow/.local/lib/python3.6/site-packages/airflow/example_dags/example_kubernetes_executor_config.py
[2026-09-23 12:11:40,203] {scheduler_job.py:639} INFO - DAG(s) dict_keys(['example_kubernetes_executor_config']) retrieved from /home/airflow/.local/lib/python3.6/site-packages/airflow/example_dags/example_kubernetes_executor_config.py
[2026-09-23 12:11:40,233] {logging_mixin.py:104} INFO - [2026-09-23 12:11:40,233] {dag.py:1824} INFO - Sync 1 DAGs
[2026-09-23 12:11:40,254] {logging_mixin.py:104} INFO - [2026-09-23 12:11:40,253] {dag.py:2280} INFO - Setting next_dagrun for example_kubernetes_executor_config to None
[2026-09-23 12:11:40,265] {scheduler_job.py:190} INFO - Processing /home/airflow/.local/lib/python3.6/site-packages/airflow/example_dags/example_kubernetes_executor_config.py took 0.091 seconds
[2026-09-23 12:12:10,490] {scheduler_job.py:182} INFO - Started process (PID=2584) to work on /home/airflow/.local/lib/python3.6/site-packages/airflow/example_dags/example_kubernetes_executor_config.py
[2026-09-23 12:12:10,491] {scheduler_job.py:629} INFO - Processing file /home/airflow/.local/lib/python3.6/site-packages/airflow/example_dags/example_kubernetes_executor_config.py for tasks to queue
[2026-09-23 12:12:10,492] {logging_mixin.py:104} INFO - [2026-09-23 12:12:10,492] {dagbag.py:451} INFO - Filling up the DagBag from /home/airflow/.local/lib/python3.6/site-packages/airflow/example_dags/example_kubernetes_executor_config.py
[2026-09-23 12:12:10,510] {scheduler_job.py:639} INFO - DAG(s) dict_keys(['example_kubernetes_executor_config']) retrieved from /home/airflow/.local/lib/python3.6/site-packages/airflow/example_dags/example_kubernetes_executor_config.py
[2026-09-23 12:12:10,535] {logging_mixin.py:104} INFO - [2026-09-23 12:12:10,535] {dag.py:1824} INFO - Sync 1 DAGs
[2026-09-23 12:12:10,552] {logging_mixin.py:104} INFO - [2026-09-23 12:12:10,552] {dag.py:2280} INFO - Setting next_dagrun for example_kubernetes_executor_config to None
[2026-09-23 12:12:10,571] {scheduler_job.py:190} INFO - Processing /home/airflow/.local/lib/python3.6/site-packages/airflow/example_dags/example_kubernetes_executor_config.py took 0.085 seconds
[2026-09-23 12:12:40,658] {scheduler_job.py:182} INFO - Started process (PID=2610) to work on /home/airflow/.local/lib/python3.6/site-packages/airflow/example_dags/example_kubernetes_executor_config.py
[2026-09-23 12:12:40,660] {scheduler_job.py:629} INFO - Processing file /home/airflow/.local/lib/python3.6/site-packages/airflow/example_dags/example_kubernetes_executor_config.py for tasks to queue
[2026-09-23 12:12:40,661] {logging_mixin.py:104} INFO - [2026-09-23 12:12:40,661] {dagbag.py:451} INFO - Filling up the DagBag from /home/airflow/.local/lib/python3.6/site-packages/airflow/example_dags/example_kubernetes_executor_config.py
[2026-09-23 12:12:40,689] {scheduler_job.py:639} INFO - DAG(s) dict_keys(['example_kubernetes_executor_config']) retrieved from /home/airflow/.local/lib/python3.6/site-packages/airflow/example_dags/example_kubernetes_executor_config.py
[2026-09-23 12:12:40,728] {logging_mixin.py:104} INFO - [2026-09-23 12:12:40,728] {dag.py:1824} INFO - Sync 1 DAGs
[2026-09-23 12:12:40,753] {logging_mixin.py:104} INFO - [2026-09-23 12:12:40,753] {dag.py:2280} INFO - Setting next_dagrun for example_kubernetes_executor_config to None
[2026-09-23 12:12:40,767] {scheduler_job.py:190} INFO - Processing /home/airflow/.local/lib/python3.6/site-packages/airflow/example_dags/example_kubernetes_executor_config.py took 0.113 seconds
[2026-09-23 12:13:10,806] {scheduler_job.py:182} INFO - Started process (PID=2636) to work on /home/airflow/.local/lib/python3.6/site-packages/airflow/example_dags/example_kubernetes_executor_config.py
[2026-09-23 12:13:10,807] {scheduler_job.py:629} INFO - Processing file /home/airflow/.local/lib/python3.6/site-packages/airflow/example_dags/example_kubernetes_executor_config.py for tasks to queue
[2026-09-23 12:13:10,808] {logging_mixin.py:104} INFO - [2026-09-23 12:13:10,808] {dagbag.py:451} INFO - Filling up the DagBag from /home/airflow/.local/lib/python3.6/site-packages/airflow/example_dags/example_kubernetes_executor_config.py
[2026-09-23 12:13:10,827] {scheduler_job.py:639} INFO - DAG(s) dict_keys(['example_kubernetes_executor_config']) retrieved from /home/airflow/.local/lib/python3.6/site-packages/airflow/example_dags/example_kubernetes_executor_config.py
[2026-09-23 12:13:10,854] {logging_mixin.py:104} INFO - [2026-09-23 12:13:10,853] {dag.py:1824} INFO - Sync 1 DAGs
[2026-09-23 12:13:10,873] {logging_mixin.py:104} INFO - [2026-09-23 12:13:10,873] {dag.py:2280} INFO - Setting next_dagrun for example_kubernetes_executor_config to None
[2026-09-23 12:13:10,885] {scheduler_job.py:190} INFO - Processing /home/airflow/.local/lib/python3.6/site-packages/airflow/example_dags/example_kubernetes_executor_config.py took 0.084 seconds
[2026-09-23 12:13:41,122] {scheduler_job.py:182} INFO - Started process (PID=2662) to work on /home/airflow/.local/lib/python3.6/site-packages/airflow/example_dags/example_kubernetes_executor_config.py
[2026-09-23 12:13:41,123] {scheduler_job.py:629} INFO - Processing file /home/airflow/.local/lib/python3.6/site-packages/airflow/example_dags/example_kubernetes_executor_config.py for tasks to queue
[2026-09-23 12:13:41,124] {logging_mixin.py:104} INFO - [2026-09-23 12:13:41,124] {dagbag.py:451} INFO - Filling up the DagBag from /home/airflow/.local/lib/python3.6/site-packages/airflow/example_dags/example_kubernetes_executor_config.py
[2026-09-23 12:13:41,148] {scheduler_job.py:639} INFO - DAG(s) dict_keys(['example_kubernetes_executor_config']) retrieved from /home/airflow/.local/lib/python3.6/site-packages/airflow/example_dags/example_kubernetes_executor_config.py
[2026-09-23 12:13:41,182] {logging_mixin.py:104} INFO - [2026-09-23 12:13:41,181] {dag.py:1824} INFO - Sync 1 DAGs
[2026-09-23 12:13:41,205] {logging_mixin.py:104} INFO - [2026-09-23 12:13:41,205] {dag.py:2280} INFO - Setting next_dagrun for example_kubernetes_executor_config to None
[2026-09-23 12:13:41,220] {scheduler_job.py:190} INFO - Processing /home/airflow/.local/lib/python3.6/site-packages/airflow/example_dags/example_kubernetes_executor_config.py took 0.103 seconds
[2026-09-23 12:14:11,511] {scheduler_job.py:182} INFO - Started process (PID=2688) to work on /home/airflow/.local/lib/python3.6/site-packages/airflow/example_dags/example_kubernetes_executor_config.py
[2026-09-23 12:14:11,512] {scheduler_job.py:629} INFO - Processing file /home/airflow/.local/lib/python3.6/site-packages/airflow/example_dags/example_kubernetes_executor_config.py for tasks to queue
[2026-09-23 12:14:11,514] {logging_mixin.py:104} INFO - [2026-09-23 12:14:11,513] {dagbag.py:451} INFO - Filling up the DagBag from /home/airflow/.local/lib/python3.6/site-packages/airflow/example_dags/example_kubernetes_executor_config.py
[2026-09-23 12:14:11,531] {scheduler_job.py:639} INFO - DAG(s) dict_keys(['example_kubernetes_executor_config']) retrieved from /home/airflow/.local/lib/python3.6/site-packages/airflow/example_dags/example_kubernetes_executor_config.py
[2026-09-23 12:14:11,562] {logging_mixin.py:104} INFO - [2026-09-23 12:14:11,562] {dag.py:1824} INFO - Sync 1 DAGs
[2026-09-23 12:14:11,582] {logging_mixin.py:104} INFO - [2026-09-23 12:14:11,582] {dag.py:2280} INFO - Setting next_dagrun for example_kubernetes_executor_config to None
[2026-09-23 12:14:11,593] {scheduler_job.py:190} INFO - Processing /home/airflow/.local/lib/python3.6/site-packages/airflow/example_dags/example_kubernetes_executor_config.py took 0.087 seconds
[2026-09-23 12:14:42,335] {scheduler_job.py:182} INFO - Started process (PID=2714) to work on /home/airflow/.local/lib/python3.6/site-packages/airflow/example_dags/example_kubernetes_executor_config.py
[2026-09-23 12:14:42,336] {scheduler_job.py:629} INFO - Processing file /home/airflow/.local/lib/python3.6/site-packages/airflow/example_dags/example_kubernetes_executor_config.py for tasks to queue
[2026-09-23 12:14:42,337] {logging_mixin.py:104} INFO - [2026-09-23 12:14:42,337] {dagbag.py:451} INFO - Filling up the DagBag from /home/airflow/.local/lib/python3.6/site-packages/airflow/example_dags/example_kubernetes_executor_config.py
[2026-09-23 12:14:42,355] {scheduler_job.py:639} INFO - DAG(s) dict_keys(['example_kubernetes_executor_config']) retrieved from /home/airflow/.local/lib/python3.6/site-packages/airflow/example_dags/example_kubernetes_executor_config.py
[2026-09-23 12:14:42,385] {logging_mixin.py:104} INFO - [2026-09-23 12:14:42,384] {dag.py:1824} INFO - Sync 1 DAGs
[2026-09-23 12:14:42,405] {logging_mixin.py:104} INFO - [2026-09-23 12:14:42,405] {dag.py:2280} INFO - Setting next_dagrun for example_kubernetes_executor_config to None
[2026-09-23 12:14:42,418] {scheduler_job.py:190} INFO - Processing /home/airflow/.local/lib/python3.6/site-packages/airflow/example_dags/example_kubernetes_executor_config.py took 0.087 seconds
[2026-09-23 12:15:12,983] {scheduler_job.py:182} INFO - Started process (PID=2740) to work on /home/airflow/.local/lib/python3.6/site-packages/airflow/example_dags/example_kubernetes_executor_config.py
[2026-09-23 12:15:12,984] {scheduler_job.py:629} INFO - Processing file /home/airflow/.local/lib/python3.6/site-packages/airflow/example_dags/example_kubernetes_executor_config.py for tasks to queue
[2026-09-23 12:15:12,986] {logging_mixin.py:104} INFO - [2026-09-23 12:15:12,985] {dagbag.py:451} INFO - Filling up the DagBag from /home/airflow/.local/lib/python3.6/site-packages/airflow/example_dags/example_kubernetes_executor_config.py
[2026-09-23 12:15:13,006] {scheduler_job.py:639} INFO - DAG(s) dict_keys(['example_kubernetes_executor_config']) retrieved from /home/airflow/.local/lib/python3.6/site-packages/airflow/example_dags/example_kubernetes_executor_config.py
[2026-09-23 12:15:13,035] {logging_mixin.py:104} INFO - [2026-09-23 12:15:13,034] {dag.py:1824} INFO - Sync 1 DAGs
[2026-09-23 12:15:13,056] {logging_mixin.py:104} INFO - [2026-09-23 12:15:13,056] {dag.py:2280} INFO - Setting next_dagrun for example_kubernetes_executor_config to None
[2026-09-23 12:15:13,070] {scheduler_job.py:190} INFO - Processing /home/airflow/.local/lib/python3.6/site-packages/airflow/example_dags/example_kubernetes_executor_config.py took 0.092 seconds
[2026-09-23 12:15:43,553] {scheduler_job.py:182} INFO - Started process (PID=2766) to work on /home/airflow/.local/lib/python3.6/site-packages/airflow/example_dags/example_kubernetes_executor_config.py
[2026-09-23 12:15:43,554] {scheduler_job.py:629} INFO - Processing file /home/airflow/.local/lib/python3.6/site-packages/airflow/example_dags/example_kubernetes_executor_config.py for tasks to queue
[2026-09-23 12:15:43,555] {logging_mixin.py:104} INFO - [2026-09-23 12:15:43,555] {dagbag.py:451} INFO - Filling up the DagBag from /home/airflow/.local/lib/python3.6/site-packages/airflow/example_dags/example_kubernetes_executor_config.py
[2026-09-23 12:15:43,574] {scheduler_job.py:639} INFO - DAG(s) dict_keys(['example_kubernetes_executor_config']) retrieved from /home/airflow/.local/lib/python3.6/site-packages/airflow/example_dags/example_kubernetes_executor_config.py
[2026-09-23 12:15:43,602] {logging_mixin.py:104} INFO - [2026-09-23 12:15:43,601] {dag.py:1824} INFO - Sync 1 DAGs
[2026-09-23 12:15:43,621] {logging_mixin.py:104} INFO - [2026-09-23 12:15:43,621] {dag.py:2280} INFO - Setting next_dagrun for example_kubernetes_executor_config to None
[2026-09-23 12:15:43,633] {scheduler_job.py:190} INFO - Processing /home/airflow/.local/lib/python3.6/site-packages/airflow/example_dags/example_kubernetes_executor_config.py took 0.084 seconds
[2026-09-23 12:16:14,249] {scheduler_job.py:182} INFO - Started process (PID=2792) to work on /home/airflow/.local/lib/python3.6/site-packages/airflow/example_dags/example_kubernetes_executor_config.py
[2026-09-23 12:16:14,250] {scheduler_job.py:629} INFO - Processing file /home/airflow/.local/lib/python3.6/site-packages/airflow/example_dags/example_kubernetes_executor_config.py for tasks to queue
[2026-09-23 12:16:14,251] {logging_mixin.py:104} INFO - [2026-09-23 12:16:14,250] {dagbag.py:451} INFO - Filling up the DagBag from /home/airflow/.local/lib/python3.6/site-packages/airflow/example_dags/example_kubernetes_executor_config.py
[2026-09-23 12:16:14,271] {scheduler_job.py:639} INFO - DAG(s) dict_keys(['example_kubernetes_executor_config']) retrieved from /home/airflow/.local/lib/python3.6/site-packages/airflow/example_dags/example_kubernetes_executor_config.py
[2026-09-23 12:16:14,298] {logging_mixin.py:104} INFO - [2026-09-23 12:16:14,298] {dag.py:1824} INFO - Sync 1 DAGs
[2026-09-23 12:16:14,319] {logging_mixin.py:104} INFO - [2026-09-23 12:16:14,319] {dag.py:2280} INFO - Setting next_dagrun for example_kubernetes_executor_config to None
[2026-09-23 12:16:14,331] {scheduler_job.py:190} INFO - Processing /home/airflow/.local/lib/python3.6/site-packages/airflow/example_dags/example_kubernetes_executor_config.py took 0.087 seconds
[2026-09-23 12:16:44,886] {scheduler_job.py:182} INFO - Started process (PID=2818) to work on /home/airflow/.local/lib/python3.6/site-packages/airflow/example_dags/example_kubernetes_executor_config.py
[2026-09-23 12:16:44,888] {scheduler_job.py:629} INFO - Processing file /home/airflow/.local/lib/python3.6/site-packages/airflow/example_dags/example_kubernetes_executor_config.py for tasks to queue
[2026-09-23 12:16:44,889] {logging_mixin.py:104} INFO - [2026-09-23 12:16:44,889] {dagbag.py:451} INFO - Filling up the DagBag from /home/airflow/.local/lib/python3.6/site-packages/airflow/example_dags/example_kubernetes_executor_config.py
[2026-09-23 12:16:44,909] {scheduler_job.py:639} INFO - DAG(s) dict_keys(['example_kubernetes_executor_config']) retrieved from /home/airflow/.local/lib/python3.6/site-packages/airflow/example_dags/example_kubernetes_executor_config.py
[2026-09-23 12:16:44,938] {logging_mixin.py:104} INFO - [2026-09-23 12:16:44,938] {dag.py:1824} INFO - Sync 1 DAGs
[2026-09-23 12:16:44,957] {logging_mixin.py:104} INFO - [2026-09-23 12:16:44,957] {dag.py:2280} INFO - Setting next_dagrun for example_kubernetes_executor_config to None
[2026-09-23 12:16:44,969] {scheduler_job.py:190} INFO - Processing /home/airflow/.local/lib/python3.6/site-packages/airflow/example_dags/example_kubernetes_executor_config.py took 0.087 seconds
[2026-09-23 12:17:15,576] {scheduler_job.py:182} INFO - Started process (PID=2844) to work on /home/airflow/.local/lib/python3.6/site-packages/airflow/example_dags/example_kubernetes_executor_config.py
[2026-09-23 12:17:15,579] {scheduler_job.py:629} INFO - Processing file /home/airflow/.local/lib/python3.6/site-packages/airflow/example_dags/example_kubernetes_executor_config.py for tasks to queue
[2026-09-23 12:17:15,580] {logging_mixin.py:104} INFO - [2026-09-23 12:17:15,580] {dagbag.py:451} INFO - Filling up the DagBag from /home/airflow/.local/lib/python3.6/site-packages/airflow/example_dags/example_kubernetes_executor_config.py
[2026-09-23 12:17:15,600] {scheduler_job.py:639} INFO - DAG(s) dict_keys(['example_kubernetes_executor_config']) retrieved from /home/airflow/.local/lib/python3.6/site-packages/airflow/example_dags/example_kubernetes_executor_config.py
[2026-09-23 12:17:15,633] {logging_mixin.py:104} INFO - [2026-09-23 12:17:15,633] {dag.py:1824} INFO - Sync 1 DAGs
[2026-09-23 12:17:15,655] {logging_mixin.py:104} INFO - [2026-09-23 12:17:15,655] {dag.py:2280} INFO - Setting next_dagrun for example_kubernetes_executor_config to None
[2026-09-23 12:17:15,667] {scheduler_job.py:190} INFO - Processing /home/airflow/.local/lib/python3.6/site-packages/airflow/example_dags/example_kubernetes_executor_config.py took 0.095 seconds
[2026-09-23 12:17:46,165] {scheduler_job.py:182} INFO - Started process (PID=2870) to work on /home/airflow/.local/lib/python3.6/site-packages/airflow/example_dags/example_kubernetes_executor_config.py
[2026-09-23 12:17:46,167] {scheduler_job.py:629} INFO - Processing file /home/airflow/.local/lib/python3.6/site-packages/airflow/example_dags/example_kubernetes_executor_config.py for tasks to queue
[2026-09-23 12:17:46,168] {logging_mixin.py:104} INFO - [2026-09-23 12:17:46,168] {dagbag.py:451} INFO - Filling up the DagBag from /home/airflow/.local/lib/python3.6/site-packages/airflow/example_dags/example_kubernetes_executor_config.py
[2026-09-23 12:17:46,194] {scheduler_job.py:639} INFO - DAG(s) dict_keys(['example_kubernetes_executor_config']) retrieved from /home/airflow/.local/lib/python3.6/site-packages/airflow/example_dags/example_kubernetes_executor_config.py
[2026-09-23 12:17:46,226] {logging_mixin.py:104} INFO - [2026-09-23 12:17:46,226] {dag.py:1824} INFO - Sync 1 DAGs
[2026-09-23 12:17:46,245] {logging_mixin.py:104} INFO - [2026-09-23 12:17:46,245] {dag.py:2280} INFO - Setting next_dagrun for example_kubernetes_executor_config to None
[2026-09-23 12:17:46,261] {scheduler_job.py:190} INFO - Processing /home/airflow/.local/lib/python3.6/site-packages/airflow/example_dags/example_kubernetes_executor_config.py took 0.102 seconds
[2026-09-23 12:18:16,768] {scheduler_job.py:182} INFO - Started process (PID=2896) to work on /home/airflow/.local/lib/python3.6/site-packages/airflow/example_dags/example_kubernetes_executor_config.py
[2026-09-23 12:18:16,770] {scheduler_job.py:629} INFO - Processing file /home/airflow/.local/lib/python3.6/site-packages/airflow/example_dags/example_kubernetes_executor_config.py for tasks to queue
[2026-09-23 12:18:16,770] {logging_mixin.py:104} INFO - [2026-09-23 12:18:16,770] {dagbag.py:451} INFO - Filling up the DagBag from /home/airflow/.local/lib/python3.6/site-packages/airflow/example_dags/example_kubernetes_executor_config.py
[2026-09-23 12:18:16,789] {scheduler_job.py:639} INFO - DAG(s) dict_keys(['example_kubernetes_executor_config']) retrieved from /home/airflow/.local/lib/python3.6/site-packages/airflow/example_dags/example_kubernetes_executor_config.py
[2026-09-23 12:18:16,820] {logging_mixin.py:104} INFO - [2026-09-23 12:18:16,820] {dag.py:1824} INFO - Sync 1 DAGs
[2026-09-23 12:18:16,839] {logging_mixin.py:104} INFO - [2026-09-23 12:18:16,839] {dag.py:2280} INFO - Setting next_dagrun for example_kubernetes_executor_config to None
[2026-09-23 12:18:16,850] {scheduler_job.py:190} INFO - Processing /home/airflow/.local/lib/python3.6/site-packages/airflow/example_dags/example_kubernetes_executor_config.py took 0.086 seconds
[2026-09-23 12:18:47,269] {scheduler_job.py:182} INFO - Started process (PID=2922) to work on /home/airflow/.local/lib/python3.6/site-packages/airflow/example_dags/example_kubernetes_executor_config.py
[2026-09-23 12:18:47,270] {scheduler_job.py:629} INFO - Processing file /home/airflow/.local/lib/python3.6/site-packages/airflow/example_dags/example_kubernetes_executor_config.py for tasks to queue
[2026-09-23 12:18:47,271] {logging_mixin.py:104} INFO - [2026-09-23 12:18:47,271] {dagbag.py:451} INFO - Filling up the DagBag from /home/airflow/.local/lib/python3.6/site-packages/airflow/example_dags/example_kubernetes_executor_config.py
[2026-09-23 12:18:47,291] {scheduler_job.py:639} INFO - DAG(s) dict_keys(['example_kubernetes_executor_config']) retrieved from /home/airflow/.local/lib/python3.6/site-packages/airflow/example_dags/example_kubernetes_executor_config.py
[2026-09-23 12:18:47,325] {logging_mixin.py:104} INFO - [2026-09-23 12:18:47,324] {dag.py:1824} INFO - Sync 1 DAGs
[2026-09-23 12:18:47,349] {logging_mixin.py:104} INFO - [2026-09-23 12:18:47,348] {dag.py:2280} INFO - Setting next_dagrun for example_kubernetes_executor_config to None
[2026-09-23 12:18:47,362] {scheduler_job.py:190} INFO - Processing /home/airflow/.local/lib/python3.6/site-packages/airflow/example_dags/example_kubernetes_executor_config.py took 0.097 seconds
[2026-09-23 12:19:17,945] {scheduler_job.py:182} INFO - Started process (PID=2948) to work on /home/airflow/.local/lib/python3.6/site-packages/airflow/example_dags/example_kubernetes_executor_config.py
[2026-09-23 12:19:17,947] {scheduler_job.py:629} INFO - Processing file /home/airflow/.local/lib/python3.6/site-packages/airflow/example_dags/example_kubernetes_executor_config.py for tasks to queue
[2026-09-23 12:19:17,949] {logging_mixin.py:104} INFO - [2026-09-23 12:19:17,949] {dagbag.py:451} INFO - Filling up the DagBag from /home/airflow/.local/lib/python3.6/site-packages/airflow/example_dags/example_kubernetes_executor_config.py
[2026-09-23 12:19:17,970] {scheduler_job.py:639} INFO - DAG(s) dict_keys(['example_kubernetes_executor_config']) retrieved from /home/airflow/.local/lib/python3.6/site-packages/airflow/example_dags/example_kubernetes_executor_config.py
[2026-09-23 12:19:18,004] {logging_mixin.py:104} INFO - [2026-09-23 12:19:18,004] {dag.py:1824} INFO - Sync 1 DAGs
[2026-09-23 12:19:18,028] {logging_mixin.py:104} INFO - [2026-09-23 12:19:18,028] {dag.py:2280} INFO - Setting next_dagrun for example_kubernetes_executor_config to None
[2026-09-23 12:19:18,047] {scheduler_job.py:190} INFO - Processing /home/airflow/.local/lib/python3.6/site-packages/airflow/example_dags/example_kubernetes_executor_config.py took 0.107 seconds
[2026-09-23 12:19:48,750] {scheduler_job.py:182} INFO - Started process (PID=2974) to work on /home/airflow/.local/lib/python3.6/site-packages/airflow/example_dags/example_kubernetes_executor_config.py
[2026-09-23 12:19:48,752] {scheduler_job.py:629} INFO - Processing file /home/airflow/.local/lib/python3.6/site-packages/airflow/example_dags/example_kubernetes_executor_config.py for tasks to queue
[2026-09-23 12:19:48,752] {logging_mixin.py:104} INFO - [2026-09-23 12:19:48,752] {dagbag.py:451} INFO - Filling up the DagBag from /home/airflow/.local/lib/python3.6/site-packages/airflow/example_dags/example_kubernetes_executor_config.py
[2026-09-23 12:19:48,777] {scheduler_job.py:639} INFO - DAG(s) dict_keys(['example_kubernetes_executor_config']) retrieved from /home/airflow/.local/lib/python3.6/site-packages/airflow/example_dags/example_kubernetes_executor_config.py
[2026-09-23 12:19:48,810] {logging_mixin.py:104} INFO - [2026-09-23 12:19:48,810] {dag.py:1824} INFO - Sync 1 DAGs
[2026-09-23 12:19:48,833] {logging_mixin.py:104} INFO - [2026-09-23 12:19:48,833] {dag.py:2280} INFO - Setting next_dagrun for example_kubernetes_executor_config to None
[2026-09-23 12:19:48,849] {scheduler_job.py:190} INFO - Processing /home/airflow/.local/lib/python3.6/site-packages/airflow/example_dags/example_kubernetes_executor_config.py took 0.103 seconds
[2026-09-23 12:20:19,669] {scheduler_job.py:182} INFO - Started process (PID=3000) to work on /home/airflow/.local/lib/python3.6/site-packages/airflow/example_dags/example_kubernetes_executor_config.py
[2026-09-23 12:20:19,671] {scheduler_job.py:629} INFO - Processing file /home/airflow/.local/lib/python3.6/site-packages/airflow/example_dags/example_kubernetes_executor_config.py for tasks to queue
[2026-09-23 12:20:19,672] {logging_mixin.py:104} INFO - [2026-09-23 12:20:19,671] {dagbag.py:451} INFO - Filling up the DagBag from /home/airflow/.local/lib/python3.6/site-packages/airflow/example_dags/example_kubernetes_executor_config.py
[2026-09-23 12:20:19,694] {scheduler_job.py:639} INFO - DAG(s) dict_keys(['example_kubernetes_executor_config']) retrieved from /home/airflow/.local/lib/python3.6/site-packages/airflow/example_dags/example_kubernetes_executor_config.py
[2026-09-23 12:20:19,738] {logging_mixin.py:104} INFO - [2026-09-23 12:20:19,738] {dag.py:1824} INFO - Sync 1 DAGs
[2026-09-23 12:20:19,764] {logging_mixin.py:104} INFO - [2026-09-23 12:20:19,764] {dag.py:2280} INFO - Setting next_dagrun for example_kubernetes_executor_config to None
[2026-09-23 12:20:19,783] {scheduler_job.py:190} INFO - Processing /home/airflow/.local/lib/python3.6/site-packages/airflow/example_dags/example_kubernetes_executor_config.py took 0.118 seconds
[2026-09-23 12:20:50,295] {scheduler_job.py:182} INFO - Started process (PID=3026) to work on /home/airflow/.local/lib/python3.6/site-packages/airflow/example_dags/example_kubernetes_executor_config.py
[2026-09-23 12:20:50,296] {scheduler_job.py:629} INFO - Processing file /home/airflow/.local/lib/python3.6/site-packages/airflow/example_dags/example_kubernetes_executor_config.py for tasks to queue
[2026-09-23 12:20:50,297] {logging_mixin.py:104} INFO - [2026-09-23 12:20:50,297] {dagbag.py:451} INFO - Filling up the DagBag from /home/airflow/.local/lib/python3.6/site-packages/airflow/example_dags/example_kubernetes_executor_config.py
[2026-09-23 12:20:50,318] {scheduler_job.py:639} INFO - DAG(s) dict_keys(['example_kubernetes_executor_config']) retrieved from /home/airflow/.local/lib/python3.6/site-packages/airflow/example_dags/example_kubernetes_executor_config.py
[2026-09-23 12:20:50,349] {logging_mixin.py:104} INFO - [2026-09-23 12:20:50,349] {dag.py:1824} INFO - Sync 1 DAGs
[2026-09-23 12:20:50,372] {logging_mixin.py:104} INFO - [2026-09-23 12:20:50,372] {dag.py:2280} INFO - Setting next_dagrun for example_kubernetes_executor_config to None
[2026-09-23 12:20:50,385] {scheduler_job.py:190} INFO - Processing /home/airflow/.local/lib/python3.6/site-packages/airflow/example_dags/example_kubernetes_executor_config.py took 0.094 seconds
[2026-09-23 12:21:20,988] {scheduler_job.py:182} INFO - Started process (PID=3052) to work on /home/airflow/.local/lib/python3.6/site-packages/airflow/example_dags/example_kubernetes_executor_config.py
[2026-09-23 12:21:20,989] {scheduler_job.py:629} INFO - Processing file /home/airflow/.local/lib/python3.6/site-packages/airflow/example_dags/example_kubernetes_executor_config.py for tasks to queue
[2026-09-23 12:21:20,990] {logging_mixin.py:104} INFO - [2026-09-23 12:21:20,990] {dagbag.py:451} INFO - Filling up the DagBag from /home/airflow/.local/lib/python3.6/site-packages/airflow/example_dags/example_kubernetes_executor_config.py
[2026-09-23 12:21:21,013] {scheduler_job.py:639} INFO - DAG(s) dict_keys(['example_kubernetes_executor_config']) retrieved from /home/airflow/.local/lib/python3.6/site-packages/airflow/example_dags/example_kubernetes_executor_config.py
[2026-09-23 12:21:21,048] {logging_mixin.py:104} INFO - [2026-09-23 12:21:21,048] {dag.py:1824} INFO - Sync 1 DAGs
[2026-09-23 12:21:21,068] {logging_mixin.py:104} INFO - [2026-09-23 12:21:21,067] {dag.py:2280} INFO - Setting next_dagrun for example_kubernetes_executor_config to None
[2026-09-23 12:21:21,080] {scheduler_job.py:190} INFO - Processing /home/airflow/.local/lib/python3.6/site-packages/airflow/example_dags/example_kubernetes_executor_config.py took 0.097 seconds
[2026-09-23 12:21:51,516] {scheduler_job.py:182} INFO - Started process (PID=3078) to work on /home/airflow/.local/lib/python3.6/site-packages/airflow/example_dags/example_kubernetes_executor_config.py
[2026-09-23 12:21:51,517] {scheduler_job.py:629} INFO - Processing file /home/airflow/.local/lib/python3.6/site-packages/airflow/example_dags/example_kubernetes_executor_config.py for tasks to queue
[2026-09-23 12:21:51,518] {logging_mixin.py:104} INFO - [2026-09-23 12:21:51,517] {dagbag.py:451} INFO - Filling up the DagBag from /home/airflow/.local/lib/python3.6/site-packages/airflow/example_dags/example_kubernetes_executor_config.py
[2026-09-23 12:21:51,537] {scheduler_job.py:639} INFO - DAG(s) dict_keys(['example_kubernetes_executor_config']) retrieved from /home/airflow/.local/lib/python3.6/site-packages/airflow/example_dags/example_kubernetes_executor_config.py
[2026-09-23 12:21:51,572] {logging_mixin.py:104} INFO - [2026-09-23 12:21:51,572] {dag.py:1824} INFO - Sync 1 DAGs
[2026-09-23 12:21:51,593] {logging_mixin.py:104} INFO - [2026-09-23 12:21:51,593] {dag.py:2280} INFO - Setting next_dagrun for example_kubernetes_executor_config to None
[2026-09-23 12:21:51,606] {scheduler_job.py:190} INFO - Processing /home/airflow/.local/lib/python3.6/site-packages/airflow/example_dags/example_kubernetes_executor_config.py took 0.095 seconds
[2026-09-23 12:22:21,987] {scheduler_job.py:182} INFO - Started process (PID=3104) to work on /home/airflow/.local/lib/python3.6/site-packages/airflow/example_dags/example_kubernetes_executor_config.py
[2026-09-23 12:22:21,988] {scheduler_job.py:629} INFO - Processing file /home/airflow/.local/lib/python3.6/site-packages/airflow/example_dags/example_kubernetes_executor_config.py for tasks to queue
[2026-09-23 12:22:21,989] {logging_mixin.py:104} INFO - [2026-09-23 12:22:21,989] {dagbag.py:451} INFO - Filling up the DagBag from /home/airflow/.local/lib/python3.6/site-packages/airflow/example_dags/example_kubernetes_executor_config.py
[2026-09-23 12:22:22,012] {scheduler_job.py:639} INFO - DAG(s) dict_keys(['example_kubernetes_executor_config']) retrieved from /home/airflow/.local/lib/python3.6/site-packages/airflow/example_dags/example_kubernetes_executor_config.py
[2026-09-23 12:22:22,039] {logging_mixin.py:104} INFO - [2026-09-23 12:22:22,039] {dag.py:1824} INFO - Sync 1 DAGs
[2026-09-23 12:22:22,060] {logging_mixin.py:104} INFO - [2026-09-23 12:22:22,060] {dag.py:2280} INFO - Setting next_dagrun for example_kubernetes_executor_config to None
[2026-09-23 12:22:22,071] {scheduler_job.py:190} INFO - Processing /home/airflow/.local/lib/python3.6/site-packages/airflow/example_dags/example_kubernetes_executor_config.py took 0.089 seconds
[2026-09-23 12:22:52,479] {scheduler_job.py:182} INFO - Started process (PID=3130) to work on /home/airflow/.local/lib/python3.6/site-packages/airflow/example_dags/example_kubernetes_executor_config.py
[2026-09-23 12:22:52,480] {scheduler_job.py:629} INFO - Processing file /home/airflow/.local/lib/python3.6/site-packages/airflow/example_dags/example_kubernetes_executor_config.py for tasks to queue
[2026-09-23 12:22:52,481] {logging_mixin.py:104} INFO - [2026-09-23 12:22:52,481] {dagbag.py:451} INFO - Filling up the DagBag from /home/airflow/.local/lib/python3.6/site-packages/airflow/example_dags/example_kubernetes_executor_config.py
[2026-09-23 12:22:52,503] {scheduler_job.py:639} INFO - DAG(s) dict_keys(['example_kubernetes_executor_config']) retrieved from /home/airflow/.local/lib/python3.6/site-packages/airflow/example_dags/example_kubernetes_executor_config.py
[2026-09-23 12:22:52,535] {logging_mixin.py:104} INFO - [2026-09-23 12:22:52,535] {dag.py:1824} INFO - Sync 1 DAGs
[2026-09-23 12:22:52,557] {logging_mixin.py:104} INFO - [2026-09-23 12:22:52,557] {dag.py:2280} INFO - Setting next_dagrun for example_kubernetes_executor_config to None
[2026-09-23 12:22:52,571] {scheduler_job.py:190} INFO - Processing /home/airflow/.local/lib/python3.6/site-packages/airflow/example_dags/example_kubernetes_executor_config.py took 0.099 seconds
[2026-09-23 12:23:23,079] {scheduler_job.py:182} INFO - Started process (PID=3156) to work on /home/airflow/.local/lib/python3.6/site-packages/airflow/example_dags/example_kubernetes_executor_config.py
[2026-09-23 12:23:23,081] {scheduler_job.py:629} INFO - Processing file /home/airflow/.local/lib/python3.6/site-packages/airflow/example_dags/example_kubernetes_executor_config.py for tasks to queue
[2026-09-23 12:23:23,081] {logging_mixin.py:104} INFO - [2026-09-23 12:23:23,081] {dagbag.py:451} INFO - Filling up the DagBag from /home/airflow/.local/lib/python3.6/site-packages/airflow/example_dags/example_kubernetes_executor_config.py
[2026-09-23 12:23:23,105] {scheduler_job.py:639} INFO - DAG(s) dict_keys(['example_kubernetes_executor_config']) retrieved from /home/airflow/.local/lib/python3.6/site-packages/airflow/example_dags/example_kubernetes_executor_config.py
[2026-09-23 12:23:23,135] {logging_mixin.py:104} INFO - [2026-09-23 12:23:23,135] {dag.py:1824} INFO - Sync 1 DAGs
[2026-09-23 12:23:23,156] {logging_mixin.py:104} INFO - [2026-09-23 12:23:23,156] {dag.py:2280} INFO - Setting next_dagrun for example_kubernetes_executor_config to None
[2026-09-23 12:23:23,169] {scheduler_job.py:190} INFO - Processing /home/airflow/.local/lib/python3.6/site-packages/airflow/example_dags/example_kubernetes_executor_config.py took 0.094 seconds
[2026-09-23 12:23:53,591] {scheduler_job.py:182} INFO - Started process (PID=3182) to work on /home/airflow/.local/lib/python3.6/site-packages/airflow/example_dags/example_kubernetes_executor_config.py
[2026-09-23 12:23:53,593] {scheduler_job.py:629} INFO - Processing file /home/airflow/.local/lib/python3.6/site-packages/airflow/example_dags/example_kubernetes_executor_config.py for tasks to queue
[2026-09-23 12:23:53,594] {logging_mixin.py:104} INFO - [2026-09-23 12:23:53,594] {dagbag.py:451} INFO - Filling up the DagBag from /home/airflow/.local/lib/python3.6/site-packages/airflow/example_dags/example_kubernetes_executor_config.py
[2026-09-23 12:23:53,615] {scheduler_job.py:639} INFO - DAG(s) dict_keys(['example_kubernetes_executor_config']) retrieved from /home/airflow/.local/lib/python3.6/site-packages/airflow/example_dags/example_kubernetes_executor_config.py
[2026-09-23 12:23:53,642] {logging_mixin.py:104} INFO - [2026-09-23 12:23:53,642] {dag.py:1824} INFO - Sync 1 DAGs
[2026-09-23 12:23:53,660] {logging_mixin.py:104} INFO - [2026-09-23 12:23:53,660] {dag.py:2280} INFO - Setting next_dagrun for example_kubernetes_executor_config to None
[2026-09-23 12:23:53,675] {scheduler_job.py:190} INFO - Processing /home/airflow/.local/lib/python3.6/site-packages/airflow/example_dags/example_kubernetes_executor_config.py took 0.089 seconds
[2026-09-23 12:24:24,640] {scheduler_job.py:182} INFO - Started process (PID=3208) to work on /home/airflow/.local/lib/python3.6/site-packages/airflow/example_dags/example_kubernetes_executor_config.py
[2026-09-23 12:24:24,643] {scheduler_job.py:629} INFO - Processing file /home/airflow/.local/lib/python3.6/site-packages/airflow/example_dags/example_kubernetes_executor_config.py for tasks to queue
[2026-09-23 12:24:24,644] {logging_mixin.py:104} INFO - [2026-09-23 12:24:24,644] {dagbag.py:451} INFO - Filling up the DagBag from /home/airflow/.local/lib/python3.6/site-packages/airflow/example_dags/example_kubernetes_executor_config.py
[2026-09-23 12:24:24,671] {scheduler_job.py:639} INFO - DAG(s) dict_keys(['example_kubernetes_executor_config']) retrieved from /home/airflow/.local/lib/python3.6/site-packages/airflow/example_dags/example_kubernetes_executor_config.py
[2026-09-23 12:24:24,718] {logging_mixin.py:104} INFO - [2026-09-23 12:24:24,718] {dag.py:1824} INFO - Sync 1 DAGs
[2026-09-23 12:24:24,749] {logging_mixin.py:104} INFO - [2026-09-23 12:24:24,749] {dag.py:2280} INFO - Setting next_dagrun for example_kubernetes_executor_config to None
[2026-09-23 12:24:24,769] {scheduler_job.py:190} INFO - Processing /home/airflow/.local/lib/python3.6/site-packages/airflow/example_dags/example_kubernetes_executor_config.py took 0.134 seconds
[2026-09-23 12:24:55,442] {scheduler_job.py:182} INFO - Started process (PID=3234) to work on /home/airflow/.local/lib/python3.6/site-packages/airflow/example_dags/example_kubernetes_executor_config.py
[2026-09-23 12:24:55,443] {scheduler_job.py:629} INFO - Processing file /home/airflow/.local/lib/python3.6/site-packages/airflow/example_dags/example_kubernetes_executor_config.py for tasks to queue
[2026-09-23 12:24:55,444] {logging_mixin.py:104} INFO - [2026-09-23 12:24:55,444] {dagbag.py:451} INFO - Filling up the DagBag from /home/airflow/.local/lib/python3.6/site-packages/airflow/example_dags/example_kubernetes_executor_config.py
[2026-09-23 12:24:55,463] {scheduler_job.py:639} INFO - DAG(s) dict_keys(['example_kubernetes_executor_config']) retrieved from /home/airflow/.local/lib/python3.6/site-packages/airflow/example_dags/example_kubernetes_executor_config.py
[2026-09-23 12:24:55,494] {logging_mixin.py:104} INFO - [2026-09-23 12:24:55,494] {dag.py:1824} INFO - Sync 1 DAGs
[2026-09-23 12:24:55,516] {logging_mixin.py:104} INFO - [2026-09-23 12:24:55,516] {dag.py:2280} INFO - Setting next_dagrun for example_kubernetes_executor_config to None
[2026-09-23 12:24:55,528] {scheduler_job.py:190} INFO - Processing /home/airflow/.local/lib/python3.6/site-packages/airflow/example_dags/example_kubernetes_executor_config.py took 0.092 seconds
[2026-09-23 12:25:25,934] {scheduler_job.py:182} INFO - Started process (PID=3260) to work on /home/airflow/.local/lib/python3.6/site-packages/airflow/example_dags/example_kubernetes_executor_config.py
[2026-09-23 12:25:25,935] {scheduler_job.py:629} INFO - Processing file /home/airflow/.local/lib/python3.6/site-packages/airflow/example_dags/example_kubernetes_executor_config.py for tasks to queue
[2026-09-23 12:25:25,936] {logging_mixin.py:104} INFO - [2026-09-23 12:25:25,936] {dagbag.py:451} INFO - Filling up the DagBag from /home/airflow/.local/lib/python3.6/site-packages/airflow/example_dags/example_kubernetes_executor_config.py
[2026-09-23 12:25:25,956] {scheduler_job.py:639} INFO - DAG(s) dict_keys(['example_kubernetes_executor_config']) retrieved from /home/airflow/.local/lib/python3.6/site-packages/airflow/example_dags/example_kubernetes_executor_config.py
[2026-09-23 12:25:25,987] {logging_mixin.py:104} INFO - [2026-09-23 12:25:25,987] {dag.py:1824} INFO - Sync 1 DAGs
[2026-09-23 12:25:26,009] {logging_mixin.py:104} INFO - [2026-09-23 12:25:26,009] {dag.py:2280} INFO - Setting next_dagrun for example_kubernetes_executor_config to None
[2026-09-23 12:25:26,023] {scheduler_job.py:190} INFO - Processing /home/airflow/.local/lib/python3.6/site-packages/airflow/example_dags/example_kubernetes_executor_config.py took 0.093 seconds
[2026-09-23 12:47:00,650] {scheduler_job.py:182} INFO - Started process (PID=3270) to work on /home/airflow/.local/lib/python3.6/site-packages/airflow/example_dags/example_kubernetes_executor_config.py
[2026-09-23 12:47:00,653] {scheduler_job.py:629} INFO - Processing file /home/airflow/.local/lib/python3.6/site-packages/airflow/example_dags/example_kubernetes_executor_config.py for tasks to queue
[2026-09-23 12:47:00,660] {logging_mixin.py:104} INFO - [2026-09-23 12:47:00,658] {dagbag.py:451} INFO - Filling up the DagBag from /home/airflow/.local/lib/python3.6/site-packages/airflow/example_dags/example_kubernetes_executor_config.py
[2026-09-23 12:47:00,735] {scheduler_job.py:639} INFO - DAG(s) dict_keys(['example_kubernetes_executor_config']) retrieved from /home/airflow/.local/lib/python3.6/site-packages/airflow/example_dags/example_kubernetes_executor_config.py
[2026-09-23 12:47:00,872] {logging_mixin.py:104} INFO - [2026-09-23 12:47:00,872] {dag.py:1824} INFO - Sync 1 DAGs
[2026-09-23 12:47:00,948] {logging_mixin.py:104} INFO - [2026-09-23 12:47:00,948] {dag.py:2280} INFO - Setting next_dagrun for example_kubernetes_executor_config to None
[2026-09-23 12:47:00,994] {scheduler_job.py:190} INFO - Processing /home/airflow/.local/lib/python3.6/site-packages/airflow/example_dags/example_kubernetes_executor_config.py took 0.377 seconds
