[2026-09-23 11:22:14,384] {scheduler_job.py:182} INFO - Started process (PID=49) to work on /home/airflow/.local/lib/python3.6/site-packages/airflow/example_dags/example_nested_branch_dag.py
[2026-09-23 11:22:14,386] {scheduler_job.py:629} INFO - Processing file /home/airflow/.local/lib/python3.6/site-packages/airflow/example_dags/example_nested_branch_dag.py for tasks to queue
[2026-09-23 11:22:14,387] {logging_mixin.py:104} INFO - [2026-09-23 11:22:14,387] {dagbag.py:451} INFO - Filling up the DagBag from /home/airflow/.local/lib/python3.6/site-packages/airflow/example_dags/example_nested_branch_dag.py
[2026-09-23 11:22:14,423] {scheduler_job.py:639} INFO - DAG(s) dict_keys(['example_nested_branch_dag']) retrieved from /home/airflow/.local/lib/python3.6/site-packages/airflow/example_dags/example_nested_branch_dag.py
[2026-09-23 11:22:14,476] {logging_mixin.py:104} INFO - [2026-09-23 11:22:14,476] {dag.py:1824} INFO - Sync 1 DAGs
[2026-09-23 11:22:14,522] {logging_mixin.py:104} INFO - [2026-09-23 11:22:14,522] {dag.py:2280} INFO - Setting next_dagrun for example_nested_branch_dag to 2026-09-21 00:00:00+00:00
[2026-09-23 11:22:14,558] {scheduler_job.py:190} INFO - Processing /home/airflow/.local/lib/python3.6/site-packages/airflow/example_dags/example_nested_branch_dag.py took 0.180 seconds
[2026-09-23 11:22:45,389] {scheduler_job.py:182} INFO - Started process (PID=75) to work on /home/airflow/.local/lib/python3.6/site-packages/airflow/example_dags/example_nested_branch_dag.py
[2026-09-23 11:22:45,391] {scheduler_job.py:629} INFO - Processing file /home/airflow/.local/lib/python3.6/site-packages/airflow/example_dags/example_nested_branch_dag.py for tasks to queue
[2026-09-23 11:22:45,392] {logging_mixin.py:104} INFO - [2026-09-23 11:22:45,392] {dagbag.py:451} INFO - Filling up the DagBag from /home/airflow/.local/lib/python3.6/site-packages/airflow/example_dags/example_nested_branch_dag.py
[2026-09-23 11:22:45,411] {scheduler_job.py:639} INFO - DAG(s) dict_keys(['example_nested_branch_dag']) retrieved from /home/airflow/.local/lib/python3.6/site-packages/airflow/example_dags/example_nested_branch_dag.py
[2026-09-23 11:22:45,439] {logging_mixin.py:104} INFO - [2026-09-23 11:22:45,439] {dag.py:1824} INFO - Sync 1 DAGs
[2026-09-23 11:22:45,475] {logging_mixin.py:104} INFO - [2026-09-23 11:22:45,475] {dag.py:2280} INFO - Setting next_dagrun for example_nested_branch_dag to 2026-09-21 00:00:00+00:00
[2026-09-23 11:22:45,492] {scheduler_job.py:190} INFO - Processing /home/airflow/.local/lib/python3.6/site-packages/airflow/example_dags/example_nested_branch_dag.py took 0.107 seconds
[2026-09-23 11:23:16,353] {scheduler_job.py:182} INFO - Started process (PID=101) to work on /home/airflow/.local/lib/python3.6/site-packages/airflow/example_dags/example_nested_branch_dag.py
[2026-09-23 11:23:16,355] {scheduler_job.py:629} INFO - Processing file /home/airflow/.local/lib/python3.6/site-packages/airflow/example_dags/example_nested_branch_dag.py for tasks to queue
[2026-09-23 11:23:16,356] {logging_mixin.py:104} INFO - [2026-09-23 11:23:16,356] {dagbag.py:451} INFO - Filling up the DagBag from /home/airflow/.local/lib/python3.6/site-packages/airflow/example_dags/example_nested_branch_dag.py
[2026-09-23 11:23:16,385] {scheduler_job.py:639} INFO - DAG(s) dict_keys(['example_nested_branch_dag']) retrieved from /home/airflow/.local/lib/python3.6/site-packages/airflow/example_dags/example_nested_branch_dag.py
[2026-09-23 11:23:16,422] {logging_mixin.py:104} INFO - [2026-09-23 11:23:16,422] {dag.py:1824} INFO - Sync 1 DAGs
[2026-09-23 11:23:16,461] {logging_mixin.py:104} INFO - [2026-09-23 11:23:16,460] {dag.py:2280} INFO - Setting next_dagrun for example_nested_branch_dag to 2026-09-21 00:00:00+00:00
[2026-09-23 11:23:16,479] {scheduler_job.py:190} INFO - Processing /home/airflow/.local/lib/python3.6/site-packages/airflow/example_dags/example_nested_branch_dag.py took 0.132 seconds
[2026-09-23 11:23:47,190] {scheduler_job.py:182} INFO - Started process (PID=127) to work on /home/airflow/.local/lib/python3.6/site-packages/airflow/example_dags/example_nested_branch_dag.py
[2026-09-23 11:23:47,192] {scheduler_job.py:629} INFO - Processing file /home/airflow/.local/lib/python3.6/site-packages/airflow/example_dags/example_nested_branch_dag.py for tasks to queue
[2026-09-23 11:23:47,192] {logging_mixin.py:104} INFO - [2026-09-23 11:23:47,192] {dagbag.py:451} INFO - Filling up the DagBag from /home/airflow/.local/lib/python3.6/site-packages/airflow/example_dags/example_nested_branch_dag.py
[2026-09-23 11:23:47,213] {scheduler_job.py:639} INFO - DAG(s) dict_keys(['example_nested_branch_dag']) retrieved from /home/airflow/.local/lib/python3.6/site-packages/airflow/example_dags/example_nested_branch_dag.py
[2026-09-23 11:23:47,238] {logging_mixin.py:104} INFO - [2026-09-23 11:23:47,238] {dag.py:1824} INFO - Sync 1 DAGs
[2026-09-23 11:23:47,265] {logging_mixin.py:104} INFO - [2026-09-23 11:23:47,265] {dag.py:2280} INFO - Setting next_dagrun for example_nested_branch_dag to 2026-09-21 00:00:00+00:00
[2026-09-23 11:23:47,278] {scheduler_job.py:190} INFO - Processing /home/airflow/.local/lib/python3.6/site-packages/airflow/example_dags/example_nested_branch_dag.py took 0.091 seconds
[2026-09-23 11:24:17,950] {scheduler_job.py:182} INFO - Started process (PID=153) to work on /home/airflow/.local/lib/python3.6/site-packages/airflow/example_dags/example_nested_branch_dag.py
[2026-09-23 11:24:17,951] {scheduler_job.py:629} INFO - Processing file /home/airflow/.local/lib/python3.6/site-packages/airflow/example_dags/example_nested_branch_dag.py for tasks to queue
[2026-09-23 11:24:17,952] {logging_mixin.py:104} INFO - [2026-09-23 11:24:17,952] {dagbag.py:451} INFO - Filling up the DagBag from /home/airflow/.local/lib/python3.6/site-packages/airflow/example_dags/example_nested_branch_dag.py
[2026-09-23 11:24:17,973] {scheduler_job.py:639} INFO - DAG(s) dict_keys(['example_nested_branch_dag']) retrieved from /home/airflow/.local/lib/python3.6/site-packages/airflow/example_dags/example_nested_branch_dag.py
[2026-09-23 11:24:18,002] {logging_mixin.py:104} INFO - [2026-09-23 11:24:18,002] {dag.py:1824} INFO - Sync 1 DAGs
[2026-09-23 11:24:18,032] {logging_mixin.py:104} INFO - [2026-09-23 11:24:18,032] {dag.py:2280} INFO - Setting next_dagrun for example_nested_branch_dag to 2026-09-21 00:00:00+00:00
[2026-09-23 11:24:18,047] {scheduler_job.py:190} INFO - Processing /home/airflow/.local/lib/python3.6/site-packages/airflow/example_dags/example_nested_branch_dag.py took 0.101 seconds
[2026-09-23 11:24:48,575] {scheduler_job.py:182} INFO - Started process (PID=179) to work on /home/airflow/.local/lib/python3.6/site-packages/airflow/example_dags/example_nested_branch_dag.py
[2026-09-23 11:24:48,577] {scheduler_job.py:629} INFO - Processing file /home/airflow/.local/lib/python3.6/site-packages/airflow/example_dags/example_nested_branch_dag.py for tasks to queue
[2026-09-23 11:24:48,577] {logging_mixin.py:104} INFO - [2026-09-23 11:24:48,577] {dagbag.py:451} INFO - Filling up the DagBag from /home/airflow/.local/lib/python3.6/site-packages/airflow/example_dags/example_nested_branch_dag.py
[2026-09-23 11:24:48,598] {scheduler_job.py:639} INFO - DAG(s) dict_keys(['example_nested_branch_dag']) retrieved from /home/airflow/.local/lib/python3.6/site-packages/airflow/example_dags/example_nested_branch_dag.py
[2026-09-23 11:24:48,624] {logging_mixin.py:104} INFO - [2026-09-23 11:24:48,624] {dag.py:1824} INFO - Sync 1 DAGs
[2026-09-23 11:24:48,652] {logging_mixin.py:104} INFO - [2026-09-23 11:24:48,652] {dag.py:2280} INFO - Setting next_dagrun for example_nested_branch_dag to 2026-09-21 00:00:00+00:00
[2026-09-23 11:24:48,665] {scheduler_job.py:190} INFO - Processing /home/airflow/.local/lib/python3.6/site-packages/airflow/example_dags/example_nested_branch_dag.py took 0.095 seconds
[2026-09-23 11:25:19,068] {scheduler_job.py:182} INFO - Started process (PID=205) to work on /home/airflow/.local/lib/python3.6/site-packages/airflow/example_dags/example_nested_branch_dag.py
[2026-09-23 11:25:19,069] {scheduler_job.py:629} INFO - Processing file /home/airflow/.local/lib/python3.6/site-packages/airflow/example_dags/example_nested_branch_dag.py for tasks to queue
[2026-09-23 11:25:19,070] {logging_mixin.py:104} INFO - [2026-09-23 11:25:19,070] {dagbag.py:451} INFO - Filling up the DagBag from /home/airflow/.local/lib/python3.6/site-packages/airflow/example_dags/example_nested_branch_dag.py
[2026-09-23 11:25:19,088] {scheduler_job.py:639} INFO - DAG(s) dict_keys(['example_nested_branch_dag']) retrieved from /home/airflow/.local/lib/python3.6/site-packages/airflow/example_dags/example_nested_branch_dag.py
[2026-09-23 11:25:19,112] {logging_mixin.py:104} INFO - [2026-09-23 11:25:19,112] {dag.py:1824} INFO - Sync 1 DAGs
[2026-09-23 11:25:19,139] {logging_mixin.py:104} INFO - [2026-09-23 11:25:19,138] {dag.py:2280} INFO - Setting next_dagrun for example_nested_branch_dag to 2026-09-21 00:00:00+00:00
[2026-09-23 11:25:19,151] {scheduler_job.py:190} INFO - Processing /home/airflow/.local/lib/python3.6/site-packages/airflow/example_dags/example_nested_branch_dag.py took 0.087 seconds
[2026-09-23 11:25:49,578] {scheduler_job.py:182} INFO - Started process (PID=231) to work on /home/airflow/.local/lib/python3.6/site-packages/airflow/example_dags/example_nested_branch_dag.py
[2026-09-23 11:25:49,579] {scheduler_job.py:629} INFO - Processing file /home/airflow/.local/lib/python3.6/site-packages/airflow/example_dags/example_nested_branch_dag.py for tasks to queue
[2026-09-23 11:25:49,580] {logging_mixin.py:104} INFO - [2026-09-23 11:25:49,580] {dagbag.py:451} INFO - Filling up the DagBag from /home/airflow/.local/lib/python3.6/site-packages/airflow/example_dags/example_nested_branch_dag.py
[2026-09-23 11:25:49,599] {scheduler_job.py:639} INFO - DAG(s) dict_keys(['example_nested_branch_dag']) retrieved from /home/airflow/.local/lib/python3.6/site-packages/airflow/example_dags/example_nested_branch_dag.py
[2026-09-23 11:25:49,624] {logging_mixin.py:104} INFO - [2026-09-23 11:25:49,623] {dag.py:1824} INFO - Sync 1 DAGs
[2026-09-23 11:25:49,650] {logging_mixin.py:104} INFO - [2026-09-23 11:25:49,650] {dag.py:2280} INFO - Setting next_dagrun for example_nested_branch_dag to 2026-09-21 00:00:00+00:00
[2026-09-23 11:25:49,662] {scheduler_job.py:190} INFO - Processing /home/airflow/.local/lib/python3.6/site-packages/airflow/example_dags/example_nested_branch_dag.py took 0.088 seconds
[2026-09-23 11:26:20,147] {scheduler_job.py:182} INFO - Started process (PID=257) to work on /home/airflow/.local/lib/python3.6/site-packages/airflow/example_dags/example_nested_branch_dag.py
[2026-09-23 11:26:20,148] {scheduler_job.py:629} INFO - Processing file /home/airflow/.local/lib/python3.6/site-packages/airflow/example_dags/example_nested_branch_dag.py for tasks to queue
[2026-09-23 11:26:20,149] {logging_mixin.py:104} INFO - [2026-09-23 11:26:20,149] {dagbag.py:451} INFO - Filling up the DagBag from /home/airflow/.local/lib/python3.6/site-packages/airflow/example_dags/example_nested_branch_dag.py
[2026-09-23 11:26:20,173] {scheduler_job.py:639} INFO - DAG(s) dict_keys(['example_nested_branch_dag']) retrieved from /home/airflow/.local/lib/python3.6/site-packages/airflow/example_dags/example_nested_branch_dag.py
[2026-09-23 11:26:20,206] {logging_mixin.py:104} INFO - [2026-09-23 11:26:20,206] {dag.py:1824} INFO - Sync 1 DAGs
[2026-09-23 11:26:20,236] {logging_mixin.py:104} INFO - [2026-09-23 11:26:20,236] {dag.py:2280} INFO - Setting next_dagrun for example_nested_branch_dag to 2026-09-21 00:00:00+00:00
[2026-09-23 11:26:20,253] {scheduler_job.py:190} INFO - Processing /home/airflow/.local/lib/python3.6/site-packages/airflow/example_dags/example_nested_branch_dag.py took 0.111 seconds
[2026-09-23 11:26:51,033] {scheduler_job.py:182} INFO - Started process (PID=283) to work on /home/airflow/.local/lib/python3.6/site-packages/airflow/example_dags/example_nested_branch_dag.py
[2026-09-23 11:26:51,035] {scheduler_job.py:629} INFO - Processing file /home/airflow/.local/lib/python3.6/site-packages/airflow/example_dags/example_nested_branch_dag.py for tasks to queue
[2026-09-23 11:26:51,035] {logging_mixin.py:104} INFO - [2026-09-23 11:26:51,035] {dagbag.py:451} INFO - Filling up the DagBag from /home/airflow/.local/lib/python3.6/site-packages/airflow/example_dags/example_nested_branch_dag.py
[2026-09-23 11:26:51,061] {scheduler_job.py:639} INFO - DAG(s) dict_keys(['example_nested_branch_dag']) retrieved from /home/airflow/.local/lib/python3.6/site-packages/airflow/example_dags/example_nested_branch_dag.py
[2026-09-23 11:26:51,095] {logging_mixin.py:104} INFO - [2026-09-23 11:26:51,095] {dag.py:1824} INFO - Sync 1 DAGs
[2026-09-23 11:26:51,133] {logging_mixin.py:104} INFO - [2026-09-23 11:26:51,133] {dag.py:2280} INFO - Setting next_dagrun for example_nested_branch_dag to 2026-09-21 00:00:00+00:00
[2026-09-23 11:26:51,147] {scheduler_job.py:190} INFO - Processing /home/airflow/.local/lib/python3.6/site-packages/airflow/example_dags/example_nested_branch_dag.py took 0.119 seconds
[2026-09-23 11:27:21,815] {scheduler_job.py:182} INFO - Started process (PID=309) to work on /home/airflow/.local/lib/python3.6/site-packages/airflow/example_dags/example_nested_branch_dag.py
[2026-09-23 11:27:21,816] {scheduler_job.py:629} INFO - Processing file /home/airflow/.local/lib/python3.6/site-packages/airflow/example_dags/example_nested_branch_dag.py for tasks to queue
[2026-09-23 11:27:21,817] {logging_mixin.py:104} INFO - [2026-09-23 11:27:21,817] {dagbag.py:451} INFO - Filling up the DagBag from /home/airflow/.local/lib/python3.6/site-packages/airflow/example_dags/example_nested_branch_dag.py
[2026-09-23 11:27:21,837] {scheduler_job.py:639} INFO - DAG(s) dict_keys(['example_nested_branch_dag']) retrieved from /home/airflow/.local/lib/python3.6/site-packages/airflow/example_dags/example_nested_branch_dag.py
[2026-09-23 11:27:21,870] {logging_mixin.py:104} INFO - [2026-09-23 11:27:21,870] {dag.py:1824} INFO - Sync 1 DAGs
[2026-09-23 11:27:21,919] {logging_mixin.py:104} INFO - [2026-09-23 11:27:21,919] {dag.py:2280} INFO - Setting next_dagrun for example_nested_branch_dag to 2026-09-21 00:00:00+00:00
[2026-09-23 11:27:21,944] {scheduler_job.py:190} INFO - Processing /home/airflow/.local/lib/python3.6/site-packages/airflow/example_dags/example_nested_branch_dag.py took 0.132 seconds
[2026-09-23 11:27:52,892] {scheduler_job.py:182} INFO - Started process (PID=335) to work on /home/airflow/.local/lib/python3.6/site-packages/airflow/example_dags/example_nested_branch_dag.py
[2026-09-23 11:27:52,894] {scheduler_job.py:629} INFO - Processing file /home/airflow/.local/lib/python3.6/site-packages/airflow/example_dags/example_nested_branch_dag.py for tasks to queue
[2026-09-23 11:27:52,896] {logging_mixin.py:104} INFO - [2026-09-23 11:27:52,895] {dagbag.py:451} INFO - Filling up the DagBag from /home/airflow/.local/lib/python3.6/site-packages/airflow/example_dags/example_nested_branch_dag.py
[2026-09-23 11:27:52,931] {scheduler_job.py:639} INFO - DAG(s) dict_keys(['example_nested_branch_dag']) retrieved from /home/airflow/.local/lib/python3.6/site-packages/airflow/example_dags/example_nested_branch_dag.py
[2026-09-23 11:27:52,979] {logging_mixin.py:104} INFO - [2026-09-23 11:27:52,979] {dag.py:1824} INFO - Sync 1 DAGs
[2026-09-23 11:27:53,028] {logging_mixin.py:104} INFO - [2026-09-23 11:27:53,027] {dag.py:2280} INFO - Setting next_dagrun for example_nested_branch_dag to 2026-09-21 00:00:00+00:00
[2026-09-23 11:27:53,045] {scheduler_job.py:190} INFO - Processing /home/airflow/.local/lib/python3.6/site-packages/airflow/example_dags/example_nested_branch_dag.py took 0.160 seconds
[2026-09-23 11:28:24,279] {scheduler_job.py:182} INFO - Started process (PID=366) to work on /home/airflow/.local/lib/python3.6/site-packages/airflow/example_dags/example_nested_branch_dag.py
[2026-09-23 11:28:24,280] {scheduler_job.py:629} INFO - Processing file /home/airflow/.local/lib/python3.6/site-packages/airflow/example_dags/example_nested_branch_dag.py for tasks to queue
[2026-09-23 11:28:24,281] {logging_mixin.py:104} INFO - [2026-09-23 11:28:24,281] {dagbag.py:451} INFO - Filling up the DagBag from /home/airflow/.local/lib/python3.6/site-packages/airflow/example_dags/example_nested_branch_dag.py
[2026-09-23 11:28:24,307] {scheduler_job.py:639} INFO - DAG(s) dict_keys(['example_nested_branch_dag']) retrieved from /home/airflow/.local/lib/python3.6/site-packages/airflow/example_dags/example_nested_branch_dag.py
[2026-09-23 11:28:24,339] {logging_mixin.py:104} INFO - [2026-09-23 11:28:24,339] {dag.py:1824} INFO - Sync 1 DAGs
[2026-09-23 11:28:24,368] {logging_mixin.py:104} INFO - [2026-09-23 11:28:24,367] {dag.py:2280} INFO - Setting next_dagrun for example_nested_branch_dag to 2026-09-21 00:00:00+00:00
[2026-09-23 11:28:24,386] {scheduler_job.py:190} INFO - Processing /home/airflow/.local/lib/python3.6/site-packages/airflow/example_dags/example_nested_branch_dag.py took 0.112 seconds
[2026-09-23 11:28:54,831] {scheduler_job.py:182} INFO - Started process (PID=392) to work on /home/airflow/.local/lib/python3.6/site-packages/airflow/example_dags/example_nested_branch_dag.py
[2026-09-23 11:28:54,832] {scheduler_job.py:629} INFO - Processing file /home/airflow/.local/lib/python3.6/site-packages/airflow/example_dags/example_nested_branch_dag.py for tasks to queue
[2026-09-23 11:28:54,833] {logging_mixin.py:104} INFO - [2026-09-23 11:28:54,833] {dagbag.py:451} INFO - Filling up the DagBag from /home/airflow/.local/lib/python3.6/site-packages/airflow/example_dags/example_nested_branch_dag.py
[2026-09-23 11:28:54,854] {scheduler_job.py:639} INFO - DAG(s) dict_keys(['example_nested_branch_dag']) retrieved from /home/airflow/.local/lib/python3.6/site-packages/airflow/example_dags/example_nested_branch_dag.py
[2026-09-23 11:28:54,880] {logging_mixin.py:104} INFO - [2026-09-23 11:28:54,880] {dag.py:1824} INFO - Sync 1 DAGs
[2026-09-23 11:28:54,914] {logging_mixin.py:104} INFO - [2026-09-23 11:28:54,914] {dag.py:2280} INFO - Setting next_dagrun for example_nested_branch_dag to 2026-09-21 00:00:00+00:00
[2026-09-23 11:28:54,927] {scheduler_job.py:190} INFO - Processing /home/airflow/.local/lib/python3.6/site-packages/airflow/example_dags/example_nested_branch_dag.py took 0.100 seconds
[2026-09-23 11:29:25,346] {scheduler_job.py:182} INFO - Started process (PID=418) to work on /home/airflow/.local/lib/python3.6/site-packages/airflow/example_dags/example_nested_branch_dag.py
[2026-09-23 11:29:25,349] {scheduler_job.py:629} INFO - Processing file /home/airflow/.local/lib/python3.6/site-packages/airflow/example_dags/example_nested_branch_dag.py for tasks to queue
[2026-09-23 11:29:25,350] {logging_mixin.py:104} INFO - [2026-09-23 11:29:25,350] {dagbag.py:451} INFO - Filling up the DagBag from /home/airflow/.local/lib/python3.6/site-packages/airflow/example_dags/example_nested_branch_dag.py
[2026-09-23 11:29:25,370] {scheduler_job.py:639} INFO - DAG(s) dict_keys(['example_nested_branch_dag']) retrieved from /home/airflow/.local/lib/python3.6/site-packages/airflow/example_dags/example_nested_branch_dag.py
[2026-09-23 11:29:25,395] {logging_mixin.py:104} INFO - [2026-09-23 11:29:25,395] {dag.py:1824} INFO - Sync 1 DAGs
[2026-09-23 11:29:25,431] {logging_mixin.py:104} INFO - [2026-09-23 11:29:25,431] {dag.py:2280} INFO - Setting next_dagrun for example_nested_branch_dag to 2026-09-21 00:00:00+00:00
[2026-09-23 11:29:25,453] {scheduler_job.py:190} INFO - Processing /home/airflow/.local/lib/python3.6/site-packages/airflow/example_dags/example_nested_branch_dag.py took 0.112 seconds
[2026-09-23 11:29:56,089] {scheduler_job.py:182} INFO - Started process (PID=444) to work on /home/airflow/.local/lib/python3.6/site-packages/airflow/example_dags/example_nested_branch_dag.py
[2026-09-23 11:29:56,090] {scheduler_job.py:629} INFO - Processing file /home/airflow/.local/lib/python3.6/site-packages/airflow/example_dags/example_nested_branch_dag.py for tasks to queue
[2026-09-23 11:29:56,091] {logging_mixin.py:104} INFO - [2026-09-23 11:29:56,091] {dagbag.py:451} INFO - Filling up the DagBag from /home/airflow/.local/lib/python3.6/site-packages/airflow/example_dags/example_nested_branch_dag.py
[2026-09-23 11:29:56,112] {scheduler_job.py:639} INFO - DAG(s) dict_keys(['example_nested_branch_dag']) retrieved from /home/airflow/.local/lib/python3.6/site-packages/airflow/example_dags/example_nested_branch_dag.py
[2026-09-23 11:29:56,147] {logging_mixin.py:104} INFO - [2026-09-23 11:29:56,147] {dag.py:1824} INFO - Sync 1 DAGs
[2026-09-23 11:29:56,188] {logging_mixin.py:104} INFO - [2026-09-23 11:29:56,188] {dag.py:2280} INFO - Setting next_dagrun for example_nested_branch_dag to 2026-09-21 00:00:00+00:00
[2026-09-23 11:29:56,206] {scheduler_job.py:190} INFO - Processing /home/airflow/.local/lib/python3.6/site-packages/airflow/example_dags/example_nested_branch_dag.py took 0.122 seconds
[2026-09-23 11:30:26,735] {scheduler_job.py:182} INFO - Started process (PID=470) to work on /home/airflow/.local/lib/python3.6/site-packages/airflow/example_dags/example_nested_branch_dag.py
[2026-09-23 11:30:26,737] {scheduler_job.py:629} INFO - Processing file /home/airflow/.local/lib/python3.6/site-packages/airflow/example_dags/example_nested_branch_dag.py for tasks to queue
[2026-09-23 11:30:26,738] {logging_mixin.py:104} INFO - [2026-09-23 11:30:26,738] {dagbag.py:451} INFO - Filling up the DagBag from /home/airflow/.local/lib/python3.6/site-packages/airflow/example_dags/example_nested_branch_dag.py
[2026-09-23 11:30:26,764] {scheduler_job.py:639} INFO - DAG(s) dict_keys(['example_nested_branch_dag']) retrieved from /home/airflow/.local/lib/python3.6/site-packages/airflow/example_dags/example_nested_branch_dag.py
[2026-09-23 11:30:26,796] {logging_mixin.py:104} INFO - [2026-09-23 11:30:26,796] {dag.py:1824} INFO - Sync 1 DAGs
[2026-09-23 11:30:26,833] {logging_mixin.py:104} INFO - [2026-09-23 11:30:26,832] {dag.py:2280} INFO - Setting next_dagrun for example_nested_branch_dag to 2026-09-21 00:00:00+00:00
[2026-09-23 11:30:26,847] {scheduler_job.py:190} INFO - Processing /home/airflow/.local/lib/python3.6/site-packages/airflow/example_dags/example_nested_branch_dag.py took 0.116 seconds
[2026-09-23 11:30:57,294] {scheduler_job.py:182} INFO - Started process (PID=496) to work on /home/airflow/.local/lib/python3.6/site-packages/airflow/example_dags/example_nested_branch_dag.py
[2026-09-23 11:30:57,295] {scheduler_job.py:629} INFO - Processing file /home/airflow/.local/lib/python3.6/site-packages/airflow/example_dags/example_nested_branch_dag.py for tasks to queue
[2026-09-23 11:30:57,296] {logging_mixin.py:104} INFO - [2026-09-23 11:30:57,296] {dagbag.py:451} INFO - Filling up the DagBag from /home/airflow/.local/lib/python3.6/site-packages/airflow/example_dags/example_nested_branch_dag.py
[2026-09-23 11:30:57,315] {scheduler_job.py:639} INFO - DAG(s) dict_keys(['example_nested_branch_dag']) retrieved from /home/airflow/.local/lib/python3.6/site-packages/airflow/example_dags/example_nested_branch_dag.py
[2026-09-23 11:30:57,339] {logging_mixin.py:104} INFO - [2026-09-23 11:30:57,339] {dag.py:1824} INFO - Sync 1 DAGs
[2026-09-23 11:30:57,370] {logging_mixin.py:104} INFO - [2026-09-23 11:30:57,369] {dag.py:2280} INFO - Setting next_dagrun for example_nested_branch_dag to 2026-09-21 00:00:00+00:00
[2026-09-23 11:30:57,383] {scheduler_job.py:190} INFO - Processing /home/airflow/.local/lib/python3.6/site-packages/airflow/example_dags/example_nested_branch_dag.py took 0.094 seconds
[2026-09-23 11:31:27,800] {scheduler_job.py:182} INFO - Started process (PID=522) to work on /home/airflow/.local/lib/python3.6/site-packages/airflow/example_dags/example_nested_branch_dag.py
[2026-09-23 11:31:27,801] {scheduler_job.py:629} INFO - Processing file /home/airflow/.local/lib/python3.6/site-packages/airflow/example_dags/example_nested_branch_dag.py for tasks to queue
[2026-09-23 11:31:27,802] {logging_mixin.py:104} INFO - [2026-09-23 11:31:27,802] {dagbag.py:451} INFO - Filling up the DagBag from /home/airflow/.local/lib/python3.6/site-packages/airflow/example_dags/example_nested_branch_dag.py
[2026-09-23 11:31:27,823] {scheduler_job.py:639} INFO - DAG(s) dict_keys(['example_nested_branch_dag']) retrieved from /home/airflow/.local/lib/python3.6/site-packages/airflow/example_dags/example_nested_branch_dag.py
[2026-09-23 11:31:27,852] {logging_mixin.py:104} INFO - [2026-09-23 11:31:27,852] {dag.py:1824} INFO - Sync 1 DAGs
[2026-09-23 11:31:27,889] {logging_mixin.py:104} INFO - [2026-09-23 11:31:27,889] {dag.py:2280} INFO - Setting next_dagrun for example_nested_branch_dag to 2026-09-21 00:00:00+00:00
[2026-09-23 11:31:27,902] {scheduler_job.py:190} INFO - Processing /home/airflow/.local/lib/python3.6/site-packages/airflow/example_dags/example_nested_branch_dag.py took 0.106 seconds
[2026-09-23 11:31:58,332] {scheduler_job.py:182} INFO - Started process (PID=548) to work on /home/airflow/.local/lib/python3.6/site-packages/airflow/example_dags/example_nested_branch_dag.py
[2026-09-23 11:31:58,333] {scheduler_job.py:629} INFO - Processing file /home/airflow/.local/lib/python3.6/site-packages/airflow/example_dags/example_nested_branch_dag.py for tasks to queue
[2026-09-23 11:31:58,334] {logging_mixin.py:104} INFO - [2026-09-23 11:31:58,334] {dagbag.py:451} INFO - Filling up the DagBag from /home/airflow/.local/lib/python3.6/site-packages/airflow/example_dags/example_nested_branch_dag.py
[2026-09-23 11:31:58,354] {scheduler_job.py:639} INFO - DAG(s) dict_keys(['example_nested_branch_dag']) retrieved from /home/airflow/.local/lib/python3.6/site-packages/airflow/example_dags/example_nested_branch_dag.py
[2026-09-23 11:31:58,382] {logging_mixin.py:104} INFO - [2026-09-23 11:31:58,382] {dag.py:1824} INFO - Sync 1 DAGs
[2026-09-23 11:31:58,413] {logging_mixin.py:104} INFO - [2026-09-23 11:31:58,412] {dag.py:2280} INFO - Setting next_dagrun for example_nested_branch_dag to 2026-09-21 00:00:00+00:00
[2026-09-23 11:31:58,427] {scheduler_job.py:190} INFO - Processing /home/airflow/.local/lib/python3.6/site-packages/airflow/example_dags/example_nested_branch_dag.py took 0.098 seconds
[2026-09-23 11:32:28,848] {scheduler_job.py:182} INFO - Started process (PID=574) to work on /home/airflow/.local/lib/python3.6/site-packages/airflow/example_dags/example_nested_branch_dag.py
[2026-09-23 11:32:28,850] {scheduler_job.py:629} INFO - Processing file /home/airflow/.local/lib/python3.6/site-packages/airflow/example_dags/example_nested_branch_dag.py for tasks to queue
[2026-09-23 11:32:28,851] {logging_mixin.py:104} INFO - [2026-09-23 11:32:28,851] {dagbag.py:451} INFO - Filling up the DagBag from /home/airflow/.local/lib/python3.6/site-packages/airflow/example_dags/example_nested_branch_dag.py
[2026-09-23 11:32:28,880] {scheduler_job.py:639} INFO - DAG(s) dict_keys(['example_nested_branch_dag']) retrieved from /home/airflow/.local/lib/python3.6/site-packages/airflow/example_dags/example_nested_branch_dag.py
[2026-09-23 11:32:28,913] {logging_mixin.py:104} INFO - [2026-09-23 11:32:28,913] {dag.py:1824} INFO - Sync 1 DAGs
[2026-09-23 11:32:28,943] {logging_mixin.py:104} INFO - [2026-09-23 11:32:28,943] {dag.py:2280} INFO - Setting next_dagrun for example_nested_branch_dag to 2026-09-21 00:00:00+00:00
[2026-09-23 11:32:28,956] {scheduler_job.py:190} INFO - Processing /home/airflow/.local/lib/python3.6/site-packages/airflow/example_dags/example_nested_branch_dag.py took 0.113 seconds
[2026-09-23 11:32:59,358] {scheduler_job.py:182} INFO - Started process (PID=600) to work on /home/airflow/.local/lib/python3.6/site-packages/airflow/example_dags/example_nested_branch_dag.py
[2026-09-23 11:32:59,360] {scheduler_job.py:629} INFO - Processing file /home/airflow/.local/lib/python3.6/site-packages/airflow/example_dags/example_nested_branch_dag.py for tasks to queue
[2026-09-23 11:32:59,360] {logging_mixin.py:104} INFO - [2026-09-23 11:32:59,360] {dagbag.py:451} INFO - Filling up the DagBag from /home/airflow/.local/lib/python3.6/site-packages/airflow/example_dags/example_nested_branch_dag.py
[2026-09-23 11:32:59,383] {scheduler_job.py:639} INFO - DAG(s) dict_keys(['example_nested_branch_dag']) retrieved from /home/airflow/.local/lib/python3.6/site-packages/airflow/example_dags/example_nested_branch_dag.py
[2026-09-23 11:32:59,413] {logging_mixin.py:104} INFO - [2026-09-23 11:32:59,413] {dag.py:1824} INFO - Sync 1 DAGs
[2026-09-23 11:32:59,445] {logging_mixin.py:104} INFO - [2026-09-23 11:32:59,445] {dag.py:2280} INFO - Setting next_dagrun for example_nested_branch_dag to 2026-09-21 00:00:00+00:00
[2026-09-23 11:32:59,460] {scheduler_job.py:190} INFO - Processing /home/airflow/.local/lib/python3.6/site-packages/airflow/example_dags/example_nested_branch_dag.py took 0.106 seconds
[2026-09-23 11:33:29,867] {scheduler_job.py:182} INFO - Started process (PID=626) to work on /home/airflow/.local/lib/python3.6/site-packages/airflow/example_dags/example_nested_branch_dag.py
[2026-09-23 11:33:29,868] {scheduler_job.py:629} INFO - Processing file /home/airflow/.local/lib/python3.6/site-packages/airflow/example_dags/example_nested_branch_dag.py for tasks to queue
[2026-09-23 11:33:29,869] {logging_mixin.py:104} INFO - [2026-09-23 11:33:29,869] {dagbag.py:451} INFO - Filling up the DagBag from /home/airflow/.local/lib/python3.6/site-packages/airflow/example_dags/example_nested_branch_dag.py
[2026-09-23 11:33:29,889] {scheduler_job.py:639} INFO - DAG(s) dict_keys(['example_nested_branch_dag']) retrieved from /home/airflow/.local/lib/python3.6/site-packages/airflow/example_dags/example_nested_branch_dag.py
[2026-09-23 11:33:29,916] {logging_mixin.py:104} INFO - [2026-09-23 11:33:29,916] {dag.py:1824} INFO - Sync 1 DAGs
[2026-09-23 11:33:29,944] {logging_mixin.py:104} INFO - [2026-09-23 11:33:29,944] {dag.py:2280} INFO - Setting next_dagrun for example_nested_branch_dag to 2026-09-21 00:00:00+00:00
[2026-09-23 11:33:29,956] {scheduler_job.py:190} INFO - Processing /home/airflow/.local/lib/python3.6/site-packages/airflow/example_dags/example_nested_branch_dag.py took 0.093 seconds
[2026-09-23 11:34:00,418] {scheduler_job.py:182} INFO - Started process (PID=652) to work on /home/airflow/.local/lib/python3.6/site-packages/airflow/example_dags/example_nested_branch_dag.py
[2026-09-23 11:34:00,420] {scheduler_job.py:629} INFO - Processing file /home/airflow/.local/lib/python3.6/site-packages/airflow/example_dags/example_nested_branch_dag.py for tasks to queue
[2026-09-23 11:34:00,420] {logging_mixin.py:104} INFO - [2026-09-23 11:34:00,420] {dagbag.py:451} INFO - Filling up the DagBag from /home/airflow/.local/lib/python3.6/site-packages/airflow/example_dags/example_nested_branch_dag.py
[2026-09-23 11:34:00,439] {scheduler_job.py:639} INFO - DAG(s) dict_keys(['example_nested_branch_dag']) retrieved from /home/airflow/.local/lib/python3.6/site-packages/airflow/example_dags/example_nested_branch_dag.py
[2026-09-23 11:34:00,464] {logging_mixin.py:104} INFO - [2026-09-23 11:34:00,464] {dag.py:1824} INFO - Sync 1 DAGs
[2026-09-23 11:34:00,499] {logging_mixin.py:104} INFO - [2026-09-23 11:34:00,499] {dag.py:2280} INFO - Setting next_dagrun for example_nested_branch_dag to 2026-09-21 00:00:00+00:00
[2026-09-23 11:34:00,515] {scheduler_job.py:190} INFO - Processing /home/airflow/.local/lib/python3.6/site-packages/airflow/example_dags/example_nested_branch_dag.py took 0.100 seconds
[2026-09-23 11:34:31,024] {scheduler_job.py:182} INFO - Started process (PID=678) to work on /home/airflow/.local/lib/python3.6/site-packages/airflow/example_dags/example_nested_branch_dag.py
[2026-09-23 11:34:31,026] {scheduler_job.py:629} INFO - Processing file /home/airflow/.local/lib/python3.6/site-packages/airflow/example_dags/example_nested_branch_dag.py for tasks to queue
[2026-09-23 11:34:31,027] {logging_mixin.py:104} INFO - [2026-09-23 11:34:31,027] {dagbag.py:451} INFO - Filling up the DagBag from /home/airflow/.local/lib/python3.6/site-packages/airflow/example_dags/example_nested_branch_dag.py
[2026-09-23 11:34:31,046] {scheduler_job.py:639} INFO - DAG(s) dict_keys(['example_nested_branch_dag']) retrieved from /home/airflow/.local/lib/python3.6/site-packages/airflow/example_dags/example_nested_branch_dag.py
[2026-09-23 11:34:31,072] {logging_mixin.py:104} INFO - [2026-09-23 11:34:31,072] {dag.py:1824} INFO - Sync 1 DAGs
[2026-09-23 11:34:31,106] {logging_mixin.py:104} INFO - [2026-09-23 11:34:31,106] {dag.py:2280} INFO - Setting next_dagrun for example_nested_branch_dag to 2026-09-21 00:00:00+00:00
[2026-09-23 11:34:31,119] {scheduler_job.py:190} INFO - Processing /home/airflow/.local/lib/python3.6/site-packages/airflow/example_dags/example_nested_branch_dag.py took 0.099 seconds
[2026-09-23 11:35:01,593] {scheduler_job.py:182} INFO - Started process (PID=704) to work on /home/airflow/.local/lib/python3.6/site-packages/airflow/example_dags/example_nested_branch_dag.py
[2026-09-23 11:35:01,594] {scheduler_job.py:629} INFO - Processing file /home/airflow/.local/lib/python3.6/site-packages/airflow/example_dags/example_nested_branch_dag.py for tasks to queue
[2026-09-23 11:35:01,595] {logging_mixin.py:104} INFO - [2026-09-23 11:35:01,595] {dagbag.py:451} INFO - Filling up the DagBag from /home/airflow/.local/lib/python3.6/site-packages/airflow/example_dags/example_nested_branch_dag.py
[2026-09-23 11:35:01,616] {scheduler_job.py:639} INFO - DAG(s) dict_keys(['example_nested_branch_dag']) retrieved from /home/airflow/.local/lib/python3.6/site-packages/airflow/example_dags/example_nested_branch_dag.py
[2026-09-23 11:35:01,644] {logging_mixin.py:104} INFO - [2026-09-23 11:35:01,644] {dag.py:1824} INFO - Sync 1 DAGs
[2026-09-23 11:35:01,676] {logging_mixin.py:104} INFO - [2026-09-23 11:35:01,676] {dag.py:2280} INFO - Setting next_dagrun for example_nested_branch_dag to 2026-09-21 00:00:00+00:00
[2026-09-23 11:35:01,691] {scheduler_job.py:190} INFO - Processing /home/airflow/.local/lib/python3.6/site-packages/airflow/example_dags/example_nested_branch_dag.py took 0.103 seconds
[2026-09-23 11:35:31,874] {scheduler_job.py:182} INFO - Started process (PID=730) to work on /home/airflow/.local/lib/python3.6/site-packages/airflow/example_dags/example_nested_branch_dag.py
[2026-09-23 11:35:31,876] {scheduler_job.py:629} INFO - Processing file /home/airflow/.local/lib/python3.6/site-packages/airflow/example_dags/example_nested_branch_dag.py for tasks to queue
[2026-09-23 11:35:31,877] {logging_mixin.py:104} INFO - [2026-09-23 11:35:31,876] {dagbag.py:451} INFO - Filling up the DagBag from /home/airflow/.local/lib/python3.6/site-packages/airflow/example_dags/example_nested_branch_dag.py
[2026-09-23 11:35:31,905] {scheduler_job.py:639} INFO - DAG(s) dict_keys(['example_nested_branch_dag']) retrieved from /home/airflow/.local/lib/python3.6/site-packages/airflow/example_dags/example_nested_branch_dag.py
[2026-09-23 11:35:31,949] {logging_mixin.py:104} INFO - [2026-09-23 11:35:31,949] {dag.py:1824} INFO - Sync 1 DAGs
[2026-09-23 11:35:31,995] {logging_mixin.py:104} INFO - [2026-09-23 11:35:31,994] {dag.py:2280} INFO - Setting next_dagrun for example_nested_branch_dag to 2026-09-21 00:00:00+00:00
[2026-09-23 11:35:32,014] {scheduler_job.py:190} INFO - Processing /home/airflow/.local/lib/python3.6/site-packages/airflow/example_dags/example_nested_branch_dag.py took 0.147 seconds
[2026-09-23 11:36:02,371] {scheduler_job.py:182} INFO - Started process (PID=756) to work on /home/airflow/.local/lib/python3.6/site-packages/airflow/example_dags/example_nested_branch_dag.py
[2026-09-23 11:36:02,373] {scheduler_job.py:629} INFO - Processing file /home/airflow/.local/lib/python3.6/site-packages/airflow/example_dags/example_nested_branch_dag.py for tasks to queue
[2026-09-23 11:36:02,374] {logging_mixin.py:104} INFO - [2026-09-23 11:36:02,374] {dagbag.py:451} INFO - Filling up the DagBag from /home/airflow/.local/lib/python3.6/site-packages/airflow/example_dags/example_nested_branch_dag.py
[2026-09-23 11:36:02,417] {scheduler_job.py:639} INFO - DAG(s) dict_keys(['example_nested_branch_dag']) retrieved from /home/airflow/.local/lib/python3.6/site-packages/airflow/example_dags/example_nested_branch_dag.py
[2026-09-23 11:36:02,454] {logging_mixin.py:104} INFO - [2026-09-23 11:36:02,454] {dag.py:1824} INFO - Sync 1 DAGs
[2026-09-23 11:36:02,499] {logging_mixin.py:104} INFO - [2026-09-23 11:36:02,499] {dag.py:2280} INFO - Setting next_dagrun for example_nested_branch_dag to 2026-09-21 00:00:00+00:00
[2026-09-23 11:36:02,520] {scheduler_job.py:190} INFO - Processing /home/airflow/.local/lib/python3.6/site-packages/airflow/example_dags/example_nested_branch_dag.py took 0.156 seconds
[2026-09-23 11:36:32,673] {scheduler_job.py:182} INFO - Started process (PID=782) to work on /home/airflow/.local/lib/python3.6/site-packages/airflow/example_dags/example_nested_branch_dag.py
[2026-09-23 11:36:32,675] {scheduler_job.py:629} INFO - Processing file /home/airflow/.local/lib/python3.6/site-packages/airflow/example_dags/example_nested_branch_dag.py for tasks to queue
[2026-09-23 11:36:32,676] {logging_mixin.py:104} INFO - [2026-09-23 11:36:32,676] {dagbag.py:451} INFO - Filling up the DagBag from /home/airflow/.local/lib/python3.6/site-packages/airflow/example_dags/example_nested_branch_dag.py
[2026-09-23 11:36:32,703] {scheduler_job.py:639} INFO - DAG(s) dict_keys(['example_nested_branch_dag']) retrieved from /home/airflow/.local/lib/python3.6/site-packages/airflow/example_dags/example_nested_branch_dag.py
[2026-09-23 11:36:32,734] {logging_mixin.py:104} INFO - [2026-09-23 11:36:32,734] {dag.py:1824} INFO - Sync 1 DAGs
[2026-09-23 11:36:32,767] {logging_mixin.py:104} INFO - [2026-09-23 11:36:32,767] {dag.py:2280} INFO - Setting next_dagrun for example_nested_branch_dag to 2026-09-21 00:00:00+00:00
[2026-09-23 11:36:32,784] {scheduler_job.py:190} INFO - Processing /home/airflow/.local/lib/python3.6/site-packages/airflow/example_dags/example_nested_branch_dag.py took 0.119 seconds
[2026-09-23 11:37:03,065] {scheduler_job.py:182} INFO - Started process (PID=808) to work on /home/airflow/.local/lib/python3.6/site-packages/airflow/example_dags/example_nested_branch_dag.py
[2026-09-23 11:37:03,066] {scheduler_job.py:629} INFO - Processing file /home/airflow/.local/lib/python3.6/site-packages/airflow/example_dags/example_nested_branch_dag.py for tasks to queue
[2026-09-23 11:37:03,067] {logging_mixin.py:104} INFO - [2026-09-23 11:37:03,067] {dagbag.py:451} INFO - Filling up the DagBag from /home/airflow/.local/lib/python3.6/site-packages/airflow/example_dags/example_nested_branch_dag.py
[2026-09-23 11:37:03,098] {scheduler_job.py:639} INFO - DAG(s) dict_keys(['example_nested_branch_dag']) retrieved from /home/airflow/.local/lib/python3.6/site-packages/airflow/example_dags/example_nested_branch_dag.py
[2026-09-23 11:37:03,126] {logging_mixin.py:104} INFO - [2026-09-23 11:37:03,126] {dag.py:1824} INFO - Sync 1 DAGs
[2026-09-23 11:37:03,156] {logging_mixin.py:104} INFO - [2026-09-23 11:37:03,156] {dag.py:2280} INFO - Setting next_dagrun for example_nested_branch_dag to 2026-09-21 00:00:00+00:00
[2026-09-23 11:37:03,171] {scheduler_job.py:190} INFO - Processing /home/airflow/.local/lib/python3.6/site-packages/airflow/example_dags/example_nested_branch_dag.py took 0.111 seconds
[2026-09-23 11:37:33,513] {scheduler_job.py:182} INFO - Started process (PID=834) to work on /home/airflow/.local/lib/python3.6/site-packages/airflow/example_dags/example_nested_branch_dag.py
[2026-09-23 11:37:33,516] {scheduler_job.py:629} INFO - Processing file /home/airflow/.local/lib/python3.6/site-packages/airflow/example_dags/example_nested_branch_dag.py for tasks to queue
[2026-09-23 11:37:33,518] {logging_mixin.py:104} INFO - [2026-09-23 11:37:33,517] {dagbag.py:451} INFO - Filling up the DagBag from /home/airflow/.local/lib/python3.6/site-packages/airflow/example_dags/example_nested_branch_dag.py
[2026-09-23 11:37:33,557] {scheduler_job.py:639} INFO - DAG(s) dict_keys(['example_nested_branch_dag']) retrieved from /home/airflow/.local/lib/python3.6/site-packages/airflow/example_dags/example_nested_branch_dag.py
[2026-09-23 11:37:33,597] {logging_mixin.py:104} INFO - [2026-09-23 11:37:33,597] {dag.py:1824} INFO - Sync 1 DAGs
[2026-09-23 11:37:33,645] {logging_mixin.py:104} INFO - [2026-09-23 11:37:33,644] {dag.py:2280} INFO - Setting next_dagrun for example_nested_branch_dag to 2026-09-21 00:00:00+00:00
[2026-09-23 11:37:33,665] {scheduler_job.py:190} INFO - Processing /home/airflow/.local/lib/python3.6/site-packages/airflow/example_dags/example_nested_branch_dag.py took 0.166 seconds
[2026-09-23 11:38:03,817] {scheduler_job.py:182} INFO - Started process (PID=860) to work on /home/airflow/.local/lib/python3.6/site-packages/airflow/example_dags/example_nested_branch_dag.py
[2026-09-23 11:38:03,822] {scheduler_job.py:629} INFO - Processing file /home/airflow/.local/lib/python3.6/site-packages/airflow/example_dags/example_nested_branch_dag.py for tasks to queue
[2026-09-23 11:38:03,824] {logging_mixin.py:104} INFO - [2026-09-23 11:38:03,824] {dagbag.py:451} INFO - Filling up the DagBag from /home/airflow/.local/lib/python3.6/site-packages/airflow/example_dags/example_nested_branch_dag.py
[2026-09-23 11:38:03,863] {scheduler_job.py:639} INFO - DAG(s) dict_keys(['example_nested_branch_dag']) retrieved from /home/airflow/.local/lib/python3.6/site-packages/airflow/example_dags/example_nested_branch_dag.py
[2026-09-23 11:38:03,909] {logging_mixin.py:104} INFO - [2026-09-23 11:38:03,908] {dag.py:1824} INFO - Sync 1 DAGs
[2026-09-23 11:38:03,965] {logging_mixin.py:104} INFO - [2026-09-23 11:38:03,964] {dag.py:2280} INFO - Setting next_dagrun for example_nested_branch_dag to 2026-09-21 00:00:00+00:00
[2026-09-23 11:38:03,982] {scheduler_job.py:190} INFO - Processing /home/airflow/.local/lib/python3.6/site-packages/airflow/example_dags/example_nested_branch_dag.py took 0.174 seconds
[2026-09-23 11:38:34,112] {scheduler_job.py:182} INFO - Started process (PID=886) to work on /home/airflow/.local/lib/python3.6/site-packages/airflow/example_dags/example_nested_branch_dag.py
[2026-09-23 11:38:34,113] {scheduler_job.py:629} INFO - Processing file /home/airflow/.local/lib/python3.6/site-packages/airflow/example_dags/example_nested_branch_dag.py for tasks to queue
[2026-09-23 11:38:34,114] {logging_mixin.py:104} INFO - [2026-09-23 11:38:34,114] {dagbag.py:451} INFO - Filling up the DagBag from /home/airflow/.local/lib/python3.6/site-packages/airflow/example_dags/example_nested_branch_dag.py
[2026-09-23 11:38:34,138] {scheduler_job.py:639} INFO - DAG(s) dict_keys(['example_nested_branch_dag']) retrieved from /home/airflow/.local/lib/python3.6/site-packages/airflow/example_dags/example_nested_branch_dag.py
[2026-09-23 11:38:34,173] {logging_mixin.py:104} INFO - [2026-09-23 11:38:34,173] {dag.py:1824} INFO - Sync 1 DAGs
[2026-09-23 11:38:34,212] {logging_mixin.py:104} INFO - [2026-09-23 11:38:34,212] {dag.py:2280} INFO - Setting next_dagrun for example_nested_branch_dag to 2026-09-21 00:00:00+00:00
[2026-09-23 11:38:34,232] {scheduler_job.py:190} INFO - Processing /home/airflow/.local/lib/python3.6/site-packages/airflow/example_dags/example_nested_branch_dag.py took 0.124 seconds
[2026-09-23 11:39:04,483] {scheduler_job.py:182} INFO - Started process (PID=907) to work on /home/airflow/.local/lib/python3.6/site-packages/airflow/example_dags/example_nested_branch_dag.py
[2026-09-23 11:39:04,485] {scheduler_job.py:629} INFO - Processing file /home/airflow/.local/lib/python3.6/site-packages/airflow/example_dags/example_nested_branch_dag.py for tasks to queue
[2026-09-23 11:39:04,486] {logging_mixin.py:104} INFO - [2026-09-23 11:39:04,486] {dagbag.py:451} INFO - Filling up the DagBag from /home/airflow/.local/lib/python3.6/site-packages/airflow/example_dags/example_nested_branch_dag.py
[2026-09-23 11:39:04,515] {scheduler_job.py:639} INFO - DAG(s) dict_keys(['example_nested_branch_dag']) retrieved from /home/airflow/.local/lib/python3.6/site-packages/airflow/example_dags/example_nested_branch_dag.py
[2026-09-23 11:39:04,551] {logging_mixin.py:104} INFO - [2026-09-23 11:39:04,551] {dag.py:1824} INFO - Sync 1 DAGs
[2026-09-23 11:39:04,594] {logging_mixin.py:104} INFO - [2026-09-23 11:39:04,593] {dag.py:2280} INFO - Setting next_dagrun for example_nested_branch_dag to 2026-09-21 00:00:00+00:00
[2026-09-23 11:39:04,612] {scheduler_job.py:190} INFO - Processing /home/airflow/.local/lib/python3.6/site-packages/airflow/example_dags/example_nested_branch_dag.py took 0.133 seconds
[2026-09-23 11:39:34,868] {scheduler_job.py:182} INFO - Started process (PID=934) to work on /home/airflow/.local/lib/python3.6/site-packages/airflow/example_dags/example_nested_branch_dag.py
[2026-09-23 11:39:34,873] {scheduler_job.py:629} INFO - Processing file /home/airflow/.local/lib/python3.6/site-packages/airflow/example_dags/example_nested_branch_dag.py for tasks to queue
[2026-09-23 11:39:34,875] {logging_mixin.py:104} INFO - [2026-09-23 11:39:34,874] {dagbag.py:451} INFO - Filling up the DagBag from /home/airflow/.local/lib/python3.6/site-packages/airflow/example_dags/example_nested_branch_dag.py
[2026-09-23 11:39:34,897] {scheduler_job.py:639} INFO - DAG(s) dict_keys(['example_nested_branch_dag']) retrieved from /home/airflow/.local/lib/python3.6/site-packages/airflow/example_dags/example_nested_branch_dag.py
[2026-09-23 11:39:34,937] {logging_mixin.py:104} INFO - [2026-09-23 11:39:34,937] {dag.py:1824} INFO - Sync 1 DAGs
[2026-09-23 11:39:34,977] {logging_mixin.py:104} INFO - [2026-09-23 11:39:34,977] {dag.py:2280} INFO - Setting next_dagrun for example_nested_branch_dag to 2026-09-21 00:00:00+00:00
[2026-09-23 11:39:35,000] {scheduler_job.py:190} INFO - Processing /home/airflow/.local/lib/python3.6/site-packages/airflow/example_dags/example_nested_branch_dag.py took 0.137 seconds
[2026-09-23 11:40:05,706] {scheduler_job.py:182} INFO - Started process (PID=962) to work on /home/airflow/.local/lib/python3.6/site-packages/airflow/example_dags/example_nested_branch_dag.py
[2026-09-23 11:40:05,707] {scheduler_job.py:629} INFO - Processing file /home/airflow/.local/lib/python3.6/site-packages/airflow/example_dags/example_nested_branch_dag.py for tasks to queue
[2026-09-23 11:40:05,708] {logging_mixin.py:104} INFO - [2026-09-23 11:40:05,708] {dagbag.py:451} INFO - Filling up the DagBag from /home/airflow/.local/lib/python3.6/site-packages/airflow/example_dags/example_nested_branch_dag.py
[2026-09-23 11:40:05,728] {scheduler_job.py:639} INFO - DAG(s) dict_keys(['example_nested_branch_dag']) retrieved from /home/airflow/.local/lib/python3.6/site-packages/airflow/example_dags/example_nested_branch_dag.py
[2026-09-23 11:40:05,760] {logging_mixin.py:104} INFO - [2026-09-23 11:40:05,759] {dag.py:1824} INFO - Sync 1 DAGs
[2026-09-23 11:40:05,796] {logging_mixin.py:104} INFO - [2026-09-23 11:40:05,796] {dag.py:2280} INFO - Setting next_dagrun for example_nested_branch_dag to 2026-09-21 00:00:00+00:00
[2026-09-23 11:40:05,816] {scheduler_job.py:190} INFO - Processing /home/airflow/.local/lib/python3.6/site-packages/airflow/example_dags/example_nested_branch_dag.py took 0.114 seconds
[2026-09-23 11:40:35,998] {scheduler_job.py:182} INFO - Started process (PID=988) to work on /home/airflow/.local/lib/python3.6/site-packages/airflow/example_dags/example_nested_branch_dag.py
[2026-09-23 11:40:36,000] {scheduler_job.py:629} INFO - Processing file /home/airflow/.local/lib/python3.6/site-packages/airflow/example_dags/example_nested_branch_dag.py for tasks to queue
[2026-09-23 11:40:36,001] {logging_mixin.py:104} INFO - [2026-09-23 11:40:36,001] {dagbag.py:451} INFO - Filling up the DagBag from /home/airflow/.local/lib/python3.6/site-packages/airflow/example_dags/example_nested_branch_dag.py
[2026-09-23 11:40:36,031] {scheduler_job.py:639} INFO - DAG(s) dict_keys(['example_nested_branch_dag']) retrieved from /home/airflow/.local/lib/python3.6/site-packages/airflow/example_dags/example_nested_branch_dag.py
[2026-09-23 11:40:36,074] {logging_mixin.py:104} INFO - [2026-09-23 11:40:36,074] {dag.py:1824} INFO - Sync 1 DAGs
[2026-09-23 11:40:36,134] {logging_mixin.py:104} INFO - [2026-09-23 11:40:36,133] {dag.py:2280} INFO - Setting next_dagrun for example_nested_branch_dag to 2026-09-21 00:00:00+00:00
[2026-09-23 11:40:36,156] {scheduler_job.py:190} INFO - Processing /home/airflow/.local/lib/python3.6/site-packages/airflow/example_dags/example_nested_branch_dag.py took 0.164 seconds
[2026-09-23 11:41:06,558] {scheduler_job.py:182} INFO - Started process (PID=1015) to work on /home/airflow/.local/lib/python3.6/site-packages/airflow/example_dags/example_nested_branch_dag.py
[2026-09-23 11:41:06,560] {scheduler_job.py:629} INFO - Processing file /home/airflow/.local/lib/python3.6/site-packages/airflow/example_dags/example_nested_branch_dag.py for tasks to queue
[2026-09-23 11:41:06,561] {logging_mixin.py:104} INFO - [2026-09-23 11:41:06,560] {dagbag.py:451} INFO - Filling up the DagBag from /home/airflow/.local/lib/python3.6/site-packages/airflow/example_dags/example_nested_branch_dag.py
[2026-09-23 11:41:06,590] {scheduler_job.py:639} INFO - DAG(s) dict_keys(['example_nested_branch_dag']) retrieved from /home/airflow/.local/lib/python3.6/site-packages/airflow/example_dags/example_nested_branch_dag.py
[2026-09-23 11:41:06,630] {logging_mixin.py:104} INFO - [2026-09-23 11:41:06,629] {dag.py:1824} INFO - Sync 1 DAGs
[2026-09-23 11:41:06,671] {logging_mixin.py:104} INFO - [2026-09-23 11:41:06,671] {dag.py:2280} INFO - Setting next_dagrun for example_nested_branch_dag to 2026-09-21 00:00:00+00:00
[2026-09-23 11:41:06,696] {scheduler_job.py:190} INFO - Processing /home/airflow/.local/lib/python3.6/site-packages/airflow/example_dags/example_nested_branch_dag.py took 0.144 seconds
[2026-09-23 11:41:37,059] {scheduler_job.py:182} INFO - Started process (PID=1037) to work on /home/airflow/.local/lib/python3.6/site-packages/airflow/example_dags/example_nested_branch_dag.py
[2026-09-23 11:41:37,061] {scheduler_job.py:629} INFO - Processing file /home/airflow/.local/lib/python3.6/site-packages/airflow/example_dags/example_nested_branch_dag.py for tasks to queue
[2026-09-23 11:41:37,062] {logging_mixin.py:104} INFO - [2026-09-23 11:41:37,062] {dagbag.py:451} INFO - Filling up the DagBag from /home/airflow/.local/lib/python3.6/site-packages/airflow/example_dags/example_nested_branch_dag.py
[2026-09-23 11:41:37,090] {scheduler_job.py:639} INFO - DAG(s) dict_keys(['example_nested_branch_dag']) retrieved from /home/airflow/.local/lib/python3.6/site-packages/airflow/example_dags/example_nested_branch_dag.py
[2026-09-23 11:41:37,145] {logging_mixin.py:104} INFO - [2026-09-23 11:41:37,145] {dag.py:1824} INFO - Sync 1 DAGs
[2026-09-23 11:41:37,194] {logging_mixin.py:104} INFO - [2026-09-23 11:41:37,193] {dag.py:2280} INFO - Setting next_dagrun for example_nested_branch_dag to 2026-09-21 00:00:00+00:00
[2026-09-23 11:41:37,222] {scheduler_job.py:190} INFO - Processing /home/airflow/.local/lib/python3.6/site-packages/airflow/example_dags/example_nested_branch_dag.py took 0.168 seconds
[2026-09-23 11:42:08,072] {scheduler_job.py:182} INFO - Started process (PID=1067) to work on /home/airflow/.local/lib/python3.6/site-packages/airflow/example_dags/example_nested_branch_dag.py
[2026-09-23 11:42:08,075] {scheduler_job.py:629} INFO - Processing file /home/airflow/.local/lib/python3.6/site-packages/airflow/example_dags/example_nested_branch_dag.py for tasks to queue
[2026-09-23 11:42:08,076] {logging_mixin.py:104} INFO - [2026-09-23 11:42:08,076] {dagbag.py:451} INFO - Filling up the DagBag from /home/airflow/.local/lib/python3.6/site-packages/airflow/example_dags/example_nested_branch_dag.py
[2026-09-23 11:42:08,116] {scheduler_job.py:639} INFO - DAG(s) dict_keys(['example_nested_branch_dag']) retrieved from /home/airflow/.local/lib/python3.6/site-packages/airflow/example_dags/example_nested_branch_dag.py
[2026-09-23 11:42:08,155] {logging_mixin.py:104} INFO - [2026-09-23 11:42:08,155] {dag.py:1824} INFO - Sync 1 DAGs
[2026-09-23 11:42:08,196] {logging_mixin.py:104} INFO - [2026-09-23 11:42:08,196] {dag.py:2280} INFO - Setting next_dagrun for example_nested_branch_dag to 2026-09-21 00:00:00+00:00
[2026-09-23 11:42:08,220] {scheduler_job.py:190} INFO - Processing /home/airflow/.local/lib/python3.6/site-packages/airflow/example_dags/example_nested_branch_dag.py took 0.158 seconds
[2026-09-23 11:42:39,207] {scheduler_job.py:182} INFO - Started process (PID=1094) to work on /home/airflow/.local/lib/python3.6/site-packages/airflow/example_dags/example_nested_branch_dag.py
[2026-09-23 11:42:39,209] {scheduler_job.py:629} INFO - Processing file /home/airflow/.local/lib/python3.6/site-packages/airflow/example_dags/example_nested_branch_dag.py for tasks to queue
[2026-09-23 11:42:39,209] {logging_mixin.py:104} INFO - [2026-09-23 11:42:39,209] {dagbag.py:451} INFO - Filling up the DagBag from /home/airflow/.local/lib/python3.6/site-packages/airflow/example_dags/example_nested_branch_dag.py
[2026-09-23 11:42:39,228] {scheduler_job.py:639} INFO - DAG(s) dict_keys(['example_nested_branch_dag']) retrieved from /home/airflow/.local/lib/python3.6/site-packages/airflow/example_dags/example_nested_branch_dag.py
[2026-09-23 11:42:39,253] {logging_mixin.py:104} INFO - [2026-09-23 11:42:39,253] {dag.py:1824} INFO - Sync 1 DAGs
[2026-09-23 11:42:39,280] {logging_mixin.py:104} INFO - [2026-09-23 11:42:39,280] {dag.py:2280} INFO - Setting next_dagrun for example_nested_branch_dag to 2026-09-21 00:00:00+00:00
[2026-09-23 11:42:39,293] {scheduler_job.py:190} INFO - Processing /home/airflow/.local/lib/python3.6/site-packages/airflow/example_dags/example_nested_branch_dag.py took 0.090 seconds
[2026-09-23 11:43:09,804] {scheduler_job.py:182} INFO - Started process (PID=1120) to work on /home/airflow/.local/lib/python3.6/site-packages/airflow/example_dags/example_nested_branch_dag.py
[2026-09-23 11:43:09,805] {scheduler_job.py:629} INFO - Processing file /home/airflow/.local/lib/python3.6/site-packages/airflow/example_dags/example_nested_branch_dag.py for tasks to queue
[2026-09-23 11:43:09,805] {logging_mixin.py:104} INFO - [2026-09-23 11:43:09,805] {dagbag.py:451} INFO - Filling up the DagBag from /home/airflow/.local/lib/python3.6/site-packages/airflow/example_dags/example_nested_branch_dag.py
[2026-09-23 11:43:09,825] {scheduler_job.py:639} INFO - DAG(s) dict_keys(['example_nested_branch_dag']) retrieved from /home/airflow/.local/lib/python3.6/site-packages/airflow/example_dags/example_nested_branch_dag.py
[2026-09-23 11:43:09,849] {logging_mixin.py:104} INFO - [2026-09-23 11:43:09,848] {dag.py:1824} INFO - Sync 1 DAGs
[2026-09-23 11:43:09,876] {logging_mixin.py:104} INFO - [2026-09-23 11:43:09,876] {dag.py:2280} INFO - Setting next_dagrun for example_nested_branch_dag to 2026-09-21 00:00:00+00:00
[2026-09-23 11:43:09,890] {scheduler_job.py:190} INFO - Processing /home/airflow/.local/lib/python3.6/site-packages/airflow/example_dags/example_nested_branch_dag.py took 0.090 seconds
[2026-09-23 11:43:40,010] {scheduler_job.py:182} INFO - Started process (PID=1146) to work on /home/airflow/.local/lib/python3.6/site-packages/airflow/example_dags/example_nested_branch_dag.py
[2026-09-23 11:43:40,012] {scheduler_job.py:629} INFO - Processing file /home/airflow/.local/lib/python3.6/site-packages/airflow/example_dags/example_nested_branch_dag.py for tasks to queue
[2026-09-23 11:43:40,013] {logging_mixin.py:104} INFO - [2026-09-23 11:43:40,012] {dagbag.py:451} INFO - Filling up the DagBag from /home/airflow/.local/lib/python3.6/site-packages/airflow/example_dags/example_nested_branch_dag.py
[2026-09-23 11:43:40,035] {scheduler_job.py:639} INFO - DAG(s) dict_keys(['example_nested_branch_dag']) retrieved from /home/airflow/.local/lib/python3.6/site-packages/airflow/example_dags/example_nested_branch_dag.py
[2026-09-23 11:43:40,068] {logging_mixin.py:104} INFO - [2026-09-23 11:43:40,068] {dag.py:1824} INFO - Sync 1 DAGs
[2026-09-23 11:43:40,115] {logging_mixin.py:104} INFO - [2026-09-23 11:43:40,115] {dag.py:2280} INFO - Setting next_dagrun for example_nested_branch_dag to 2026-09-21 00:00:00+00:00
[2026-09-23 11:43:40,140] {scheduler_job.py:190} INFO - Processing /home/airflow/.local/lib/python3.6/site-packages/airflow/example_dags/example_nested_branch_dag.py took 0.134 seconds
[2026-09-23 11:44:10,204] {scheduler_job.py:182} INFO - Started process (PID=1172) to work on /home/airflow/.local/lib/python3.6/site-packages/airflow/example_dags/example_nested_branch_dag.py
[2026-09-23 11:44:10,205] {scheduler_job.py:629} INFO - Processing file /home/airflow/.local/lib/python3.6/site-packages/airflow/example_dags/example_nested_branch_dag.py for tasks to queue
[2026-09-23 11:44:10,207] {logging_mixin.py:104} INFO - [2026-09-23 11:44:10,206] {dagbag.py:451} INFO - Filling up the DagBag from /home/airflow/.local/lib/python3.6/site-packages/airflow/example_dags/example_nested_branch_dag.py
[2026-09-23 11:44:10,224] {scheduler_job.py:639} INFO - DAG(s) dict_keys(['example_nested_branch_dag']) retrieved from /home/airflow/.local/lib/python3.6/site-packages/airflow/example_dags/example_nested_branch_dag.py
[2026-09-23 11:44:10,259] {logging_mixin.py:104} INFO - [2026-09-23 11:44:10,259] {dag.py:1824} INFO - Sync 1 DAGs
[2026-09-23 11:44:10,296] {logging_mixin.py:104} INFO - [2026-09-23 11:44:10,295] {dag.py:2280} INFO - Setting next_dagrun for example_nested_branch_dag to 2026-09-21 00:00:00+00:00
[2026-09-23 11:44:10,312] {scheduler_job.py:190} INFO - Processing /home/airflow/.local/lib/python3.6/site-packages/airflow/example_dags/example_nested_branch_dag.py took 0.111 seconds
[2026-09-23 11:44:40,547] {scheduler_job.py:182} INFO - Started process (PID=1198) to work on /home/airflow/.local/lib/python3.6/site-packages/airflow/example_dags/example_nested_branch_dag.py
[2026-09-23 11:44:40,549] {scheduler_job.py:629} INFO - Processing file /home/airflow/.local/lib/python3.6/site-packages/airflow/example_dags/example_nested_branch_dag.py for tasks to queue
[2026-09-23 11:44:40,550] {logging_mixin.py:104} INFO - [2026-09-23 11:44:40,550] {dagbag.py:451} INFO - Filling up the DagBag from /home/airflow/.local/lib/python3.6/site-packages/airflow/example_dags/example_nested_branch_dag.py
[2026-09-23 11:44:40,579] {scheduler_job.py:639} INFO - DAG(s) dict_keys(['example_nested_branch_dag']) retrieved from /home/airflow/.local/lib/python3.6/site-packages/airflow/example_dags/example_nested_branch_dag.py
[2026-09-23 11:44:40,618] {logging_mixin.py:104} INFO - [2026-09-23 11:44:40,618] {dag.py:1824} INFO - Sync 1 DAGs
[2026-09-23 11:44:40,650] {logging_mixin.py:104} INFO - [2026-09-23 11:44:40,650] {dag.py:2280} INFO - Setting next_dagrun for example_nested_branch_dag to 2026-09-21 00:00:00+00:00
[2026-09-23 11:44:40,666] {scheduler_job.py:190} INFO - Processing /home/airflow/.local/lib/python3.6/site-packages/airflow/example_dags/example_nested_branch_dag.py took 0.124 seconds
[2026-09-23 11:45:10,824] {scheduler_job.py:182} INFO - Started process (PID=1223) to work on /home/airflow/.local/lib/python3.6/site-packages/airflow/example_dags/example_nested_branch_dag.py
[2026-09-23 11:45:10,826] {scheduler_job.py:629} INFO - Processing file /home/airflow/.local/lib/python3.6/site-packages/airflow/example_dags/example_nested_branch_dag.py for tasks to queue
[2026-09-23 11:45:10,828] {logging_mixin.py:104} INFO - [2026-09-23 11:45:10,827] {dagbag.py:451} INFO - Filling up the DagBag from /home/airflow/.local/lib/python3.6/site-packages/airflow/example_dags/example_nested_branch_dag.py
[2026-09-23 11:45:10,859] {scheduler_job.py:639} INFO - DAG(s) dict_keys(['example_nested_branch_dag']) retrieved from /home/airflow/.local/lib/python3.6/site-packages/airflow/example_dags/example_nested_branch_dag.py
[2026-09-23 11:45:10,896] {logging_mixin.py:104} INFO - [2026-09-23 11:45:10,896] {dag.py:1824} INFO - Sync 1 DAGs
[2026-09-23 11:45:10,935] {logging_mixin.py:104} INFO - [2026-09-23 11:45:10,935] {dag.py:2280} INFO - Setting next_dagrun for example_nested_branch_dag to 2026-09-21 00:00:00+00:00
[2026-09-23 11:45:10,955] {scheduler_job.py:190} INFO - Processing /home/airflow/.local/lib/python3.6/site-packages/airflow/example_dags/example_nested_branch_dag.py took 0.136 seconds
[2026-09-23 11:45:40,984] {scheduler_job.py:182} INFO - Started process (PID=1249) to work on /home/airflow/.local/lib/python3.6/site-packages/airflow/example_dags/example_nested_branch_dag.py
[2026-09-23 11:45:40,986] {scheduler_job.py:629} INFO - Processing file /home/airflow/.local/lib/python3.6/site-packages/airflow/example_dags/example_nested_branch_dag.py for tasks to queue
[2026-09-23 11:45:40,987] {logging_mixin.py:104} INFO - [2026-09-23 11:45:40,986] {dagbag.py:451} INFO - Filling up the DagBag from /home/airflow/.local/lib/python3.6/site-packages/airflow/example_dags/example_nested_branch_dag.py
[2026-09-23 11:45:41,004] {scheduler_job.py:639} INFO - DAG(s) dict_keys(['example_nested_branch_dag']) retrieved from /home/airflow/.local/lib/python3.6/site-packages/airflow/example_dags/example_nested_branch_dag.py
[2026-09-23 11:45:41,037] {logging_mixin.py:104} INFO - [2026-09-23 11:45:41,037] {dag.py:1824} INFO - Sync 1 DAGs
[2026-09-23 11:45:41,065] {logging_mixin.py:104} INFO - [2026-09-23 11:45:41,065] {dag.py:2280} INFO - Setting next_dagrun for example_nested_branch_dag to 2026-09-21 00:00:00+00:00
[2026-09-23 11:45:41,082] {scheduler_job.py:190} INFO - Processing /home/airflow/.local/lib/python3.6/site-packages/airflow/example_dags/example_nested_branch_dag.py took 0.102 seconds
[2026-09-23 11:46:11,154] {scheduler_job.py:182} INFO - Started process (PID=1275) to work on /home/airflow/.local/lib/python3.6/site-packages/airflow/example_dags/example_nested_branch_dag.py
[2026-09-23 11:46:11,156] {scheduler_job.py:629} INFO - Processing file /home/airflow/.local/lib/python3.6/site-packages/airflow/example_dags/example_nested_branch_dag.py for tasks to queue
[2026-09-23 11:46:11,156] {logging_mixin.py:104} INFO - [2026-09-23 11:46:11,156] {dagbag.py:451} INFO - Filling up the DagBag from /home/airflow/.local/lib/python3.6/site-packages/airflow/example_dags/example_nested_branch_dag.py
[2026-09-23 11:46:11,176] {scheduler_job.py:639} INFO - DAG(s) dict_keys(['example_nested_branch_dag']) retrieved from /home/airflow/.local/lib/python3.6/site-packages/airflow/example_dags/example_nested_branch_dag.py
[2026-09-23 11:46:11,201] {logging_mixin.py:104} INFO - [2026-09-23 11:46:11,200] {dag.py:1824} INFO - Sync 1 DAGs
[2026-09-23 11:46:11,227] {logging_mixin.py:104} INFO - [2026-09-23 11:46:11,226] {dag.py:2280} INFO - Setting next_dagrun for example_nested_branch_dag to 2026-09-21 00:00:00+00:00
[2026-09-23 11:46:11,242] {scheduler_job.py:190} INFO - Processing /home/airflow/.local/lib/python3.6/site-packages/airflow/example_dags/example_nested_branch_dag.py took 0.092 seconds
[2026-09-23 11:46:42,088] {scheduler_job.py:182} INFO - Started process (PID=1301) to work on /home/airflow/.local/lib/python3.6/site-packages/airflow/example_dags/example_nested_branch_dag.py
[2026-09-23 11:46:42,090] {scheduler_job.py:629} INFO - Processing file /home/airflow/.local/lib/python3.6/site-packages/airflow/example_dags/example_nested_branch_dag.py for tasks to queue
[2026-09-23 11:46:42,091] {logging_mixin.py:104} INFO - [2026-09-23 11:46:42,091] {dagbag.py:451} INFO - Filling up the DagBag from /home/airflow/.local/lib/python3.6/site-packages/airflow/example_dags/example_nested_branch_dag.py
[2026-09-23 11:46:42,120] {scheduler_job.py:639} INFO - DAG(s) dict_keys(['example_nested_branch_dag']) retrieved from /home/airflow/.local/lib/python3.6/site-packages/airflow/example_dags/example_nested_branch_dag.py
[2026-09-23 11:46:42,163] {logging_mixin.py:104} INFO - [2026-09-23 11:46:42,163] {dag.py:1824} INFO - Sync 1 DAGs
[2026-09-23 11:46:42,203] {logging_mixin.py:104} INFO - [2026-09-23 11:46:42,202] {dag.py:2280} INFO - Setting next_dagrun for example_nested_branch_dag to 2026-09-21 00:00:00+00:00
[2026-09-23 11:46:42,225] {scheduler_job.py:190} INFO - Processing /home/airflow/.local/lib/python3.6/site-packages/airflow/example_dags/example_nested_branch_dag.py took 0.142 seconds
[2026-09-23 11:47:12,463] {scheduler_job.py:182} INFO - Started process (PID=1321) to work on /home/airflow/.local/lib/python3.6/site-packages/airflow/example_dags/example_nested_branch_dag.py
[2026-09-23 11:47:12,466] {scheduler_job.py:629} INFO - Processing file /home/airflow/.local/lib/python3.6/site-packages/airflow/example_dags/example_nested_branch_dag.py for tasks to queue
[2026-09-23 11:47:12,467] {logging_mixin.py:104} INFO - [2026-09-23 11:47:12,467] {dagbag.py:451} INFO - Filling up the DagBag from /home/airflow/.local/lib/python3.6/site-packages/airflow/example_dags/example_nested_branch_dag.py
[2026-09-23 11:47:12,490] {scheduler_job.py:639} INFO - DAG(s) dict_keys(['example_nested_branch_dag']) retrieved from /home/airflow/.local/lib/python3.6/site-packages/airflow/example_dags/example_nested_branch_dag.py
[2026-09-23 11:47:12,515] {logging_mixin.py:104} INFO - [2026-09-23 11:47:12,514] {dag.py:1824} INFO - Sync 1 DAGs
[2026-09-23 11:47:12,543] {logging_mixin.py:104} INFO - [2026-09-23 11:47:12,543] {dag.py:2280} INFO - Setting next_dagrun for example_nested_branch_dag to 2026-09-21 00:00:00+00:00
[2026-09-23 11:47:12,560] {scheduler_job.py:190} INFO - Processing /home/airflow/.local/lib/python3.6/site-packages/airflow/example_dags/example_nested_branch_dag.py took 0.103 seconds
[2026-09-23 11:47:43,286] {scheduler_job.py:182} INFO - Started process (PID=1351) to work on /home/airflow/.local/lib/python3.6/site-packages/airflow/example_dags/example_nested_branch_dag.py
[2026-09-23 11:47:43,291] {scheduler_job.py:629} INFO - Processing file /home/airflow/.local/lib/python3.6/site-packages/airflow/example_dags/example_nested_branch_dag.py for tasks to queue
[2026-09-23 11:47:43,292] {logging_mixin.py:104} INFO - [2026-09-23 11:47:43,292] {dagbag.py:451} INFO - Filling up the DagBag from /home/airflow/.local/lib/python3.6/site-packages/airflow/example_dags/example_nested_branch_dag.py
[2026-09-23 11:47:43,321] {scheduler_job.py:639} INFO - DAG(s) dict_keys(['example_nested_branch_dag']) retrieved from /home/airflow/.local/lib/python3.6/site-packages/airflow/example_dags/example_nested_branch_dag.py
[2026-09-23 11:47:43,351] {logging_mixin.py:104} INFO - [2026-09-23 11:47:43,351] {dag.py:1824} INFO - Sync 1 DAGs
[2026-09-23 11:47:43,399] {logging_mixin.py:104} INFO - [2026-09-23 11:47:43,399] {dag.py:2280} INFO - Setting next_dagrun for example_nested_branch_dag to 2026-09-21 00:00:00+00:00
[2026-09-23 11:47:43,420] {scheduler_job.py:190} INFO - Processing /home/airflow/.local/lib/python3.6/site-packages/airflow/example_dags/example_nested_branch_dag.py took 0.147 seconds
[2026-09-23 11:48:13,841] {scheduler_job.py:182} INFO - Started process (PID=1379) to work on /home/airflow/.local/lib/python3.6/site-packages/airflow/example_dags/example_nested_branch_dag.py
[2026-09-23 11:48:13,842] {scheduler_job.py:629} INFO - Processing file /home/airflow/.local/lib/python3.6/site-packages/airflow/example_dags/example_nested_branch_dag.py for tasks to queue
[2026-09-23 11:48:13,843] {logging_mixin.py:104} INFO - [2026-09-23 11:48:13,843] {dagbag.py:451} INFO - Filling up the DagBag from /home/airflow/.local/lib/python3.6/site-packages/airflow/example_dags/example_nested_branch_dag.py
[2026-09-23 11:48:13,871] {scheduler_job.py:639} INFO - DAG(s) dict_keys(['example_nested_branch_dag']) retrieved from /home/airflow/.local/lib/python3.6/site-packages/airflow/example_dags/example_nested_branch_dag.py
[2026-09-23 11:48:13,904] {logging_mixin.py:104} INFO - [2026-09-23 11:48:13,904] {dag.py:1824} INFO - Sync 1 DAGs
[2026-09-23 11:48:13,951] {logging_mixin.py:104} INFO - [2026-09-23 11:48:13,951] {dag.py:2280} INFO - Setting next_dagrun for example_nested_branch_dag to 2026-09-21 00:00:00+00:00
[2026-09-23 11:48:13,977] {scheduler_job.py:190} INFO - Processing /home/airflow/.local/lib/python3.6/site-packages/airflow/example_dags/example_nested_branch_dag.py took 0.142 seconds
[2026-09-23 11:48:44,370] {scheduler_job.py:182} INFO - Started process (PID=1405) to work on /home/airflow/.local/lib/python3.6/site-packages/airflow/example_dags/example_nested_branch_dag.py
[2026-09-23 11:48:44,371] {scheduler_job.py:629} INFO - Processing file /home/airflow/.local/lib/python3.6/site-packages/airflow/example_dags/example_nested_branch_dag.py for tasks to queue
[2026-09-23 11:48:44,372] {logging_mixin.py:104} INFO - [2026-09-23 11:48:44,372] {dagbag.py:451} INFO - Filling up the DagBag from /home/airflow/.local/lib/python3.6/site-packages/airflow/example_dags/example_nested_branch_dag.py
[2026-09-23 11:48:44,393] {scheduler_job.py:639} INFO - DAG(s) dict_keys(['example_nested_branch_dag']) retrieved from /home/airflow/.local/lib/python3.6/site-packages/airflow/example_dags/example_nested_branch_dag.py
[2026-09-23 11:48:44,427] {logging_mixin.py:104} INFO - [2026-09-23 11:48:44,427] {dag.py:1824} INFO - Sync 1 DAGs
[2026-09-23 11:48:44,467] {logging_mixin.py:104} INFO - [2026-09-23 11:48:44,467] {dag.py:2280} INFO - Setting next_dagrun for example_nested_branch_dag to 2026-09-21 00:00:00+00:00
[2026-09-23 11:48:44,488] {scheduler_job.py:190} INFO - Processing /home/airflow/.local/lib/python3.6/site-packages/airflow/example_dags/example_nested_branch_dag.py took 0.122 seconds
[2026-09-23 11:49:15,289] {scheduler_job.py:182} INFO - Started process (PID=1431) to work on /home/airflow/.local/lib/python3.6/site-packages/airflow/example_dags/example_nested_branch_dag.py
[2026-09-23 11:49:15,299] {scheduler_job.py:629} INFO - Processing file /home/airflow/.local/lib/python3.6/site-packages/airflow/example_dags/example_nested_branch_dag.py for tasks to queue
[2026-09-23 11:49:15,305] {logging_mixin.py:104} INFO - [2026-09-23 11:49:15,300] {dagbag.py:451} INFO - Filling up the DagBag from /home/airflow/.local/lib/python3.6/site-packages/airflow/example_dags/example_nested_branch_dag.py
[2026-09-23 11:49:15,393] {scheduler_job.py:639} INFO - DAG(s) dict_keys(['example_nested_branch_dag']) retrieved from /home/airflow/.local/lib/python3.6/site-packages/airflow/example_dags/example_nested_branch_dag.py
[2026-09-23 11:49:15,444] {logging_mixin.py:104} INFO - [2026-09-23 11:49:15,444] {dag.py:1824} INFO - Sync 1 DAGs
[2026-09-23 11:49:15,489] {logging_mixin.py:104} INFO - [2026-09-23 11:49:15,489] {dag.py:2280} INFO - Setting next_dagrun for example_nested_branch_dag to 2026-09-21 00:00:00+00:00
[2026-09-23 11:49:15,518] {scheduler_job.py:190} INFO - Processing /home/airflow/.local/lib/python3.6/site-packages/airflow/example_dags/example_nested_branch_dag.py took 0.245 seconds
[2026-09-23 11:49:46,277] {scheduler_job.py:182} INFO - Started process (PID=1457) to work on /home/airflow/.local/lib/python3.6/site-packages/airflow/example_dags/example_nested_branch_dag.py
[2026-09-23 11:49:46,278] {scheduler_job.py:629} INFO - Processing file /home/airflow/.local/lib/python3.6/site-packages/airflow/example_dags/example_nested_branch_dag.py for tasks to queue
[2026-09-23 11:49:46,279] {logging_mixin.py:104} INFO - [2026-09-23 11:49:46,279] {dagbag.py:451} INFO - Filling up the DagBag from /home/airflow/.local/lib/python3.6/site-packages/airflow/example_dags/example_nested_branch_dag.py
[2026-09-23 11:49:46,296] {scheduler_job.py:639} INFO - DAG(s) dict_keys(['example_nested_branch_dag']) retrieved from /home/airflow/.local/lib/python3.6/site-packages/airflow/example_dags/example_nested_branch_dag.py
[2026-09-23 11:49:46,319] {logging_mixin.py:104} INFO - [2026-09-23 11:49:46,319] {dag.py:1824} INFO - Sync 1 DAGs
[2026-09-23 11:49:46,344] {logging_mixin.py:104} INFO - [2026-09-23 11:49:46,344] {dag.py:2280} INFO - Setting next_dagrun for example_nested_branch_dag to 2026-09-21 00:00:00+00:00
[2026-09-23 11:49:46,359] {scheduler_job.py:190} INFO - Processing /home/airflow/.local/lib/python3.6/site-packages/airflow/example_dags/example_nested_branch_dag.py took 0.086 seconds
[2026-09-23 11:50:17,274] {scheduler_job.py:182} INFO - Started process (PID=1483) to work on /home/airflow/.local/lib/python3.6/site-packages/airflow/example_dags/example_nested_branch_dag.py
[2026-09-23 11:50:17,275] {scheduler_job.py:629} INFO - Processing file /home/airflow/.local/lib/python3.6/site-packages/airflow/example_dags/example_nested_branch_dag.py for tasks to queue
[2026-09-23 11:50:17,276] {logging_mixin.py:104} INFO - [2026-09-23 11:50:17,276] {dagbag.py:451} INFO - Filling up the DagBag from /home/airflow/.local/lib/python3.6/site-packages/airflow/example_dags/example_nested_branch_dag.py
[2026-09-23 11:50:17,303] {scheduler_job.py:639} INFO - DAG(s) dict_keys(['example_nested_branch_dag']) retrieved from /home/airflow/.local/lib/python3.6/site-packages/airflow/example_dags/example_nested_branch_dag.py
[2026-09-23 11:50:17,331] {logging_mixin.py:104} INFO - [2026-09-23 11:50:17,331] {dag.py:1824} INFO - Sync 1 DAGs
[2026-09-23 11:50:17,362] {logging_mixin.py:104} INFO - [2026-09-23 11:50:17,362] {dag.py:2280} INFO - Setting next_dagrun for example_nested_branch_dag to 2026-09-21 00:00:00+00:00
[2026-09-23 11:50:17,379] {scheduler_job.py:190} INFO - Processing /home/airflow/.local/lib/python3.6/site-packages/airflow/example_dags/example_nested_branch_dag.py took 0.109 seconds
[2026-09-23 11:50:47,741] {scheduler_job.py:182} INFO - Started process (PID=1509) to work on /home/airflow/.local/lib/python3.6/site-packages/airflow/example_dags/example_nested_branch_dag.py
[2026-09-23 11:50:47,742] {scheduler_job.py:629} INFO - Processing file /home/airflow/.local/lib/python3.6/site-packages/airflow/example_dags/example_nested_branch_dag.py for tasks to queue
[2026-09-23 11:50:47,743] {logging_mixin.py:104} INFO - [2026-09-23 11:50:47,743] {dagbag.py:451} INFO - Filling up the DagBag from /home/airflow/.local/lib/python3.6/site-packages/airflow/example_dags/example_nested_branch_dag.py
[2026-09-23 11:50:47,763] {scheduler_job.py:639} INFO - DAG(s) dict_keys(['example_nested_branch_dag']) retrieved from /home/airflow/.local/lib/python3.6/site-packages/airflow/example_dags/example_nested_branch_dag.py
[2026-09-23 11:50:47,792] {logging_mixin.py:104} INFO - [2026-09-23 11:50:47,791] {dag.py:1824} INFO - Sync 1 DAGs
[2026-09-23 11:50:47,823] {logging_mixin.py:104} INFO - [2026-09-23 11:50:47,823] {dag.py:2280} INFO - Setting next_dagrun for example_nested_branch_dag to 2026-09-21 00:00:00+00:00
[2026-09-23 11:50:47,840] {scheduler_job.py:190} INFO - Processing /home/airflow/.local/lib/python3.6/site-packages/airflow/example_dags/example_nested_branch_dag.py took 0.103 seconds
[2026-09-23 11:51:18,845] {scheduler_job.py:182} INFO - Started process (PID=1535) to work on /home/airflow/.local/lib/python3.6/site-packages/airflow/example_dags/example_nested_branch_dag.py
[2026-09-23 11:51:18,847] {scheduler_job.py:629} INFO - Processing file /home/airflow/.local/lib/python3.6/site-packages/airflow/example_dags/example_nested_branch_dag.py for tasks to queue
[2026-09-23 11:51:18,848] {logging_mixin.py:104} INFO - [2026-09-23 11:51:18,848] {dagbag.py:451} INFO - Filling up the DagBag from /home/airflow/.local/lib/python3.6/site-packages/airflow/example_dags/example_nested_branch_dag.py
[2026-09-23 11:51:18,869] {scheduler_job.py:639} INFO - DAG(s) dict_keys(['example_nested_branch_dag']) retrieved from /home/airflow/.local/lib/python3.6/site-packages/airflow/example_dags/example_nested_branch_dag.py
[2026-09-23 11:51:18,903] {logging_mixin.py:104} INFO - [2026-09-23 11:51:18,903] {dag.py:1824} INFO - Sync 1 DAGs
[2026-09-23 11:51:18,937] {logging_mixin.py:104} INFO - [2026-09-23 11:51:18,937] {dag.py:2280} INFO - Setting next_dagrun for example_nested_branch_dag to 2026-09-21 00:00:00+00:00
[2026-09-23 11:51:18,956] {scheduler_job.py:190} INFO - Processing /home/airflow/.local/lib/python3.6/site-packages/airflow/example_dags/example_nested_branch_dag.py took 0.116 seconds
[2026-09-23 11:51:49,652] {scheduler_job.py:182} INFO - Started process (PID=1562) to work on /home/airflow/.local/lib/python3.6/site-packages/airflow/example_dags/example_nested_branch_dag.py
[2026-09-23 11:51:49,653] {scheduler_job.py:629} INFO - Processing file /home/airflow/.local/lib/python3.6/site-packages/airflow/example_dags/example_nested_branch_dag.py for tasks to queue
[2026-09-23 11:51:49,654] {logging_mixin.py:104} INFO - [2026-09-23 11:51:49,654] {dagbag.py:451} INFO - Filling up the DagBag from /home/airflow/.local/lib/python3.6/site-packages/airflow/example_dags/example_nested_branch_dag.py
[2026-09-23 11:51:49,680] {scheduler_job.py:639} INFO - DAG(s) dict_keys(['example_nested_branch_dag']) retrieved from /home/airflow/.local/lib/python3.6/site-packages/airflow/example_dags/example_nested_branch_dag.py
[2026-09-23 11:51:49,713] {logging_mixin.py:104} INFO - [2026-09-23 11:51:49,712] {dag.py:1824} INFO - Sync 1 DAGs
[2026-09-23 11:51:49,749] {logging_mixin.py:104} INFO - [2026-09-23 11:51:49,749] {dag.py:2280} INFO - Setting next_dagrun for example_nested_branch_dag to 2026-09-21 00:00:00+00:00
[2026-09-23 11:51:49,766] {scheduler_job.py:190} INFO - Processing /home/airflow/.local/lib/python3.6/site-packages/airflow/example_dags/example_nested_branch_dag.py took 0.119 seconds
[2026-09-23 11:52:19,968] {scheduler_job.py:182} INFO - Started process (PID=1587) to work on /home/airflow/.local/lib/python3.6/site-packages/airflow/example_dags/example_nested_branch_dag.py
[2026-09-23 11:52:19,969] {scheduler_job.py:629} INFO - Processing file /home/airflow/.local/lib/python3.6/site-packages/airflow/example_dags/example_nested_branch_dag.py for tasks to queue
[2026-09-23 11:52:19,971] {logging_mixin.py:104} INFO - [2026-09-23 11:52:19,970] {dagbag.py:451} INFO - Filling up the DagBag from /home/airflow/.local/lib/python3.6/site-packages/airflow/example_dags/example_nested_branch_dag.py
[2026-09-23 11:52:20,005] {scheduler_job.py:639} INFO - DAG(s) dict_keys(['example_nested_branch_dag']) retrieved from /home/airflow/.local/lib/python3.6/site-packages/airflow/example_dags/example_nested_branch_dag.py
[2026-09-23 11:52:20,040] {logging_mixin.py:104} INFO - [2026-09-23 11:52:20,040] {dag.py:1824} INFO - Sync 1 DAGs
[2026-09-23 11:52:20,078] {logging_mixin.py:104} INFO - [2026-09-23 11:52:20,078] {dag.py:2280} INFO - Setting next_dagrun for example_nested_branch_dag to 2026-09-21 00:00:00+00:00
[2026-09-23 11:52:20,098] {scheduler_job.py:190} INFO - Processing /home/airflow/.local/lib/python3.6/site-packages/airflow/example_dags/example_nested_branch_dag.py took 0.136 seconds
[2026-09-23 11:52:50,138] {scheduler_job.py:182} INFO - Started process (PID=1613) to work on /home/airflow/.local/lib/python3.6/site-packages/airflow/example_dags/example_nested_branch_dag.py
[2026-09-23 11:52:50,139] {scheduler_job.py:629} INFO - Processing file /home/airflow/.local/lib/python3.6/site-packages/airflow/example_dags/example_nested_branch_dag.py for tasks to queue
[2026-09-23 11:52:50,141] {logging_mixin.py:104} INFO - [2026-09-23 11:52:50,140] {dagbag.py:451} INFO - Filling up the DagBag from /home/airflow/.local/lib/python3.6/site-packages/airflow/example_dags/example_nested_branch_dag.py
[2026-09-23 11:52:50,170] {scheduler_job.py:639} INFO - DAG(s) dict_keys(['example_nested_branch_dag']) retrieved from /home/airflow/.local/lib/python3.6/site-packages/airflow/example_dags/example_nested_branch_dag.py
[2026-09-23 11:52:50,213] {logging_mixin.py:104} INFO - [2026-09-23 11:52:50,213] {dag.py:1824} INFO - Sync 1 DAGs
[2026-09-23 11:52:50,256] {logging_mixin.py:104} INFO - [2026-09-23 11:52:50,256] {dag.py:2280} INFO - Setting next_dagrun for example_nested_branch_dag to 2026-09-21 00:00:00+00:00
[2026-09-23 11:52:50,281] {scheduler_job.py:190} INFO - Processing /home/airflow/.local/lib/python3.6/site-packages/airflow/example_dags/example_nested_branch_dag.py took 0.148 seconds
[2026-09-23 11:53:20,351] {scheduler_job.py:182} INFO - Started process (PID=1639) to work on /home/airflow/.local/lib/python3.6/site-packages/airflow/example_dags/example_nested_branch_dag.py
[2026-09-23 11:53:20,353] {scheduler_job.py:629} INFO - Processing file /home/airflow/.local/lib/python3.6/site-packages/airflow/example_dags/example_nested_branch_dag.py for tasks to queue
[2026-09-23 11:53:20,354] {logging_mixin.py:104} INFO - [2026-09-23 11:53:20,354] {dagbag.py:451} INFO - Filling up the DagBag from /home/airflow/.local/lib/python3.6/site-packages/airflow/example_dags/example_nested_branch_dag.py
[2026-09-23 11:53:20,381] {scheduler_job.py:639} INFO - DAG(s) dict_keys(['example_nested_branch_dag']) retrieved from /home/airflow/.local/lib/python3.6/site-packages/airflow/example_dags/example_nested_branch_dag.py
[2026-09-23 11:53:20,419] {logging_mixin.py:104} INFO - [2026-09-23 11:53:20,419] {dag.py:1824} INFO - Sync 1 DAGs
[2026-09-23 11:53:20,454] {logging_mixin.py:104} INFO - [2026-09-23 11:53:20,454] {dag.py:2280} INFO - Setting next_dagrun for example_nested_branch_dag to 2026-09-21 00:00:00+00:00
[2026-09-23 11:53:20,469] {scheduler_job.py:190} INFO - Processing /home/airflow/.local/lib/python3.6/site-packages/airflow/example_dags/example_nested_branch_dag.py took 0.123 seconds
[2026-09-23 11:53:50,708] {scheduler_job.py:182} INFO - Started process (PID=1654) to work on /home/airflow/.local/lib/python3.6/site-packages/airflow/example_dags/example_nested_branch_dag.py
[2026-09-23 11:53:50,709] {scheduler_job.py:629} INFO - Processing file /home/airflow/.local/lib/python3.6/site-packages/airflow/example_dags/example_nested_branch_dag.py for tasks to queue
[2026-09-23 11:53:50,710] {logging_mixin.py:104} INFO - [2026-09-23 11:53:50,710] {dagbag.py:451} INFO - Filling up the DagBag from /home/airflow/.local/lib/python3.6/site-packages/airflow/example_dags/example_nested_branch_dag.py
[2026-09-23 11:53:50,730] {scheduler_job.py:639} INFO - DAG(s) dict_keys(['example_nested_branch_dag']) retrieved from /home/airflow/.local/lib/python3.6/site-packages/airflow/example_dags/example_nested_branch_dag.py
[2026-09-23 11:53:50,755] {logging_mixin.py:104} INFO - [2026-09-23 11:53:50,755] {dag.py:1824} INFO - Sync 1 DAGs
[2026-09-23 11:53:50,782] {logging_mixin.py:104} INFO - [2026-09-23 11:53:50,782] {dag.py:2280} INFO - Setting next_dagrun for example_nested_branch_dag to 2026-09-21 00:00:00+00:00
[2026-09-23 11:53:50,796] {scheduler_job.py:190} INFO - Processing /home/airflow/.local/lib/python3.6/site-packages/airflow/example_dags/example_nested_branch_dag.py took 0.093 seconds
[2026-09-23 11:54:21,508] {scheduler_job.py:182} INFO - Started process (PID=1680) to work on /home/airflow/.local/lib/python3.6/site-packages/airflow/example_dags/example_nested_branch_dag.py
[2026-09-23 11:54:21,509] {scheduler_job.py:629} INFO - Processing file /home/airflow/.local/lib/python3.6/site-packages/airflow/example_dags/example_nested_branch_dag.py for tasks to queue
[2026-09-23 11:54:21,510] {logging_mixin.py:104} INFO - [2026-09-23 11:54:21,510] {dagbag.py:451} INFO - Filling up the DagBag from /home/airflow/.local/lib/python3.6/site-packages/airflow/example_dags/example_nested_branch_dag.py
[2026-09-23 11:54:21,541] {scheduler_job.py:639} INFO - DAG(s) dict_keys(['example_nested_branch_dag']) retrieved from /home/airflow/.local/lib/python3.6/site-packages/airflow/example_dags/example_nested_branch_dag.py
[2026-09-23 11:54:21,569] {logging_mixin.py:104} INFO - [2026-09-23 11:54:21,569] {dag.py:1824} INFO - Sync 1 DAGs
[2026-09-23 11:54:21,600] {logging_mixin.py:104} INFO - [2026-09-23 11:54:21,600] {dag.py:2280} INFO - Setting next_dagrun for example_nested_branch_dag to 2026-09-21 00:00:00+00:00
[2026-09-23 11:54:21,617] {scheduler_job.py:190} INFO - Processing /home/airflow/.local/lib/python3.6/site-packages/airflow/example_dags/example_nested_branch_dag.py took 0.114 seconds
[2026-09-23 11:54:51,727] {scheduler_job.py:182} INFO - Started process (PID=1707) to work on /home/airflow/.local/lib/python3.6/site-packages/airflow/example_dags/example_nested_branch_dag.py
[2026-09-23 11:54:51,729] {scheduler_job.py:629} INFO - Processing file /home/airflow/.local/lib/python3.6/site-packages/airflow/example_dags/example_nested_branch_dag.py for tasks to queue
[2026-09-23 11:54:51,729] {logging_mixin.py:104} INFO - [2026-09-23 11:54:51,729] {dagbag.py:451} INFO - Filling up the DagBag from /home/airflow/.local/lib/python3.6/site-packages/airflow/example_dags/example_nested_branch_dag.py
[2026-09-23 11:54:51,751] {scheduler_job.py:639} INFO - DAG(s) dict_keys(['example_nested_branch_dag']) retrieved from /home/airflow/.local/lib/python3.6/site-packages/airflow/example_dags/example_nested_branch_dag.py
[2026-09-23 11:54:51,779] {logging_mixin.py:104} INFO - [2026-09-23 11:54:51,779] {dag.py:1824} INFO - Sync 1 DAGs
[2026-09-23 11:54:51,810] {logging_mixin.py:104} INFO - [2026-09-23 11:54:51,809] {dag.py:2280} INFO - Setting next_dagrun for example_nested_branch_dag to 2026-09-21 00:00:00+00:00
[2026-09-23 11:54:51,824] {scheduler_job.py:190} INFO - Processing /home/airflow/.local/lib/python3.6/site-packages/airflow/example_dags/example_nested_branch_dag.py took 0.102 seconds
[2026-09-23 11:55:21,851] {scheduler_job.py:182} INFO - Started process (PID=1733) to work on /home/airflow/.local/lib/python3.6/site-packages/airflow/example_dags/example_nested_branch_dag.py
[2026-09-23 11:55:21,852] {scheduler_job.py:629} INFO - Processing file /home/airflow/.local/lib/python3.6/site-packages/airflow/example_dags/example_nested_branch_dag.py for tasks to queue
[2026-09-23 11:55:21,853] {logging_mixin.py:104} INFO - [2026-09-23 11:55:21,853] {dagbag.py:451} INFO - Filling up the DagBag from /home/airflow/.local/lib/python3.6/site-packages/airflow/example_dags/example_nested_branch_dag.py
[2026-09-23 11:55:21,872] {scheduler_job.py:639} INFO - DAG(s) dict_keys(['example_nested_branch_dag']) retrieved from /home/airflow/.local/lib/python3.6/site-packages/airflow/example_dags/example_nested_branch_dag.py
[2026-09-23 11:55:21,897] {logging_mixin.py:104} INFO - [2026-09-23 11:55:21,897] {dag.py:1824} INFO - Sync 1 DAGs
[2026-09-23 11:55:21,923] {logging_mixin.py:104} INFO - [2026-09-23 11:55:21,923] {dag.py:2280} INFO - Setting next_dagrun for example_nested_branch_dag to 2026-09-21 00:00:00+00:00
[2026-09-23 11:55:21,935] {scheduler_job.py:190} INFO - Processing /home/airflow/.local/lib/python3.6/site-packages/airflow/example_dags/example_nested_branch_dag.py took 0.088 seconds
[2026-09-23 11:55:52,616] {scheduler_job.py:182} INFO - Started process (PID=1759) to work on /home/airflow/.local/lib/python3.6/site-packages/airflow/example_dags/example_nested_branch_dag.py
[2026-09-23 11:55:52,617] {scheduler_job.py:629} INFO - Processing file /home/airflow/.local/lib/python3.6/site-packages/airflow/example_dags/example_nested_branch_dag.py for tasks to queue
[2026-09-23 11:55:52,618] {logging_mixin.py:104} INFO - [2026-09-23 11:55:52,618] {dagbag.py:451} INFO - Filling up the DagBag from /home/airflow/.local/lib/python3.6/site-packages/airflow/example_dags/example_nested_branch_dag.py
[2026-09-23 11:55:52,640] {scheduler_job.py:639} INFO - DAG(s) dict_keys(['example_nested_branch_dag']) retrieved from /home/airflow/.local/lib/python3.6/site-packages/airflow/example_dags/example_nested_branch_dag.py
[2026-09-23 11:55:52,673] {logging_mixin.py:104} INFO - [2026-09-23 11:55:52,673] {dag.py:1824} INFO - Sync 1 DAGs
[2026-09-23 11:55:52,703] {logging_mixin.py:104} INFO - [2026-09-23 11:55:52,703] {dag.py:2280} INFO - Setting next_dagrun for example_nested_branch_dag to 2026-09-21 00:00:00+00:00
[2026-09-23 11:55:52,716] {scheduler_job.py:190} INFO - Processing /home/airflow/.local/lib/python3.6/site-packages/airflow/example_dags/example_nested_branch_dag.py took 0.104 seconds
[2026-09-23 11:56:23,383] {scheduler_job.py:182} INFO - Started process (PID=1785) to work on /home/airflow/.local/lib/python3.6/site-packages/airflow/example_dags/example_nested_branch_dag.py
[2026-09-23 11:56:23,385] {scheduler_job.py:629} INFO - Processing file /home/airflow/.local/lib/python3.6/site-packages/airflow/example_dags/example_nested_branch_dag.py for tasks to queue
[2026-09-23 11:56:23,387] {logging_mixin.py:104} INFO - [2026-09-23 11:56:23,387] {dagbag.py:451} INFO - Filling up the DagBag from /home/airflow/.local/lib/python3.6/site-packages/airflow/example_dags/example_nested_branch_dag.py
[2026-09-23 11:56:23,419] {scheduler_job.py:639} INFO - DAG(s) dict_keys(['example_nested_branch_dag']) retrieved from /home/airflow/.local/lib/python3.6/site-packages/airflow/example_dags/example_nested_branch_dag.py
[2026-09-23 11:56:23,456] {logging_mixin.py:104} INFO - [2026-09-23 11:56:23,456] {dag.py:1824} INFO - Sync 1 DAGs
[2026-09-23 11:56:23,503] {logging_mixin.py:104} INFO - [2026-09-23 11:56:23,503] {dag.py:2280} INFO - Setting next_dagrun for example_nested_branch_dag to 2026-09-21 00:00:00+00:00
[2026-09-23 11:56:23,524] {scheduler_job.py:190} INFO - Processing /home/airflow/.local/lib/python3.6/site-packages/airflow/example_dags/example_nested_branch_dag.py took 0.147 seconds
[2026-09-23 11:56:54,137] {scheduler_job.py:182} INFO - Started process (PID=1811) to work on /home/airflow/.local/lib/python3.6/site-packages/airflow/example_dags/example_nested_branch_dag.py
[2026-09-23 11:56:54,142] {scheduler_job.py:629} INFO - Processing file /home/airflow/.local/lib/python3.6/site-packages/airflow/example_dags/example_nested_branch_dag.py for tasks to queue
[2026-09-23 11:56:54,143] {logging_mixin.py:104} INFO - [2026-09-23 11:56:54,143] {dagbag.py:451} INFO - Filling up the DagBag from /home/airflow/.local/lib/python3.6/site-packages/airflow/example_dags/example_nested_branch_dag.py
[2026-09-23 11:56:54,169] {scheduler_job.py:639} INFO - DAG(s) dict_keys(['example_nested_branch_dag']) retrieved from /home/airflow/.local/lib/python3.6/site-packages/airflow/example_dags/example_nested_branch_dag.py
[2026-09-23 11:56:54,205] {logging_mixin.py:104} INFO - [2026-09-23 11:56:54,205] {dag.py:1824} INFO - Sync 1 DAGs
[2026-09-23 11:56:54,246] {logging_mixin.py:104} INFO - [2026-09-23 11:56:54,246] {dag.py:2280} INFO - Setting next_dagrun for example_nested_branch_dag to 2026-09-21 00:00:00+00:00
[2026-09-23 11:56:54,260] {scheduler_job.py:190} INFO - Processing /home/airflow/.local/lib/python3.6/site-packages/airflow/example_dags/example_nested_branch_dag.py took 0.128 seconds
[2026-09-23 11:57:24,701] {scheduler_job.py:182} INFO - Started process (PID=1837) to work on /home/airflow/.local/lib/python3.6/site-packages/airflow/example_dags/example_nested_branch_dag.py
[2026-09-23 11:57:24,703] {scheduler_job.py:629} INFO - Processing file /home/airflow/.local/lib/python3.6/site-packages/airflow/example_dags/example_nested_branch_dag.py for tasks to queue
[2026-09-23 11:57:24,704] {logging_mixin.py:104} INFO - [2026-09-23 11:57:24,704] {dagbag.py:451} INFO - Filling up the DagBag from /home/airflow/.local/lib/python3.6/site-packages/airflow/example_dags/example_nested_branch_dag.py
[2026-09-23 11:57:24,729] {scheduler_job.py:639} INFO - DAG(s) dict_keys(['example_nested_branch_dag']) retrieved from /home/airflow/.local/lib/python3.6/site-packages/airflow/example_dags/example_nested_branch_dag.py
[2026-09-23 11:57:24,765] {logging_mixin.py:104} INFO - [2026-09-23 11:57:24,765] {dag.py:1824} INFO - Sync 1 DAGs
[2026-09-23 11:57:24,806] {logging_mixin.py:104} INFO - [2026-09-23 11:57:24,806] {dag.py:2280} INFO - Setting next_dagrun for example_nested_branch_dag to 2026-09-21 00:00:00+00:00
[2026-09-23 11:57:24,819] {scheduler_job.py:190} INFO - Processing /home/airflow/.local/lib/python3.6/site-packages/airflow/example_dags/example_nested_branch_dag.py took 0.124 seconds
[2026-09-23 11:57:55,477] {scheduler_job.py:182} INFO - Started process (PID=1863) to work on /home/airflow/.local/lib/python3.6/site-packages/airflow/example_dags/example_nested_branch_dag.py
[2026-09-23 11:57:55,478] {scheduler_job.py:629} INFO - Processing file /home/airflow/.local/lib/python3.6/site-packages/airflow/example_dags/example_nested_branch_dag.py for tasks to queue
[2026-09-23 11:57:55,479] {logging_mixin.py:104} INFO - [2026-09-23 11:57:55,479] {dagbag.py:451} INFO - Filling up the DagBag from /home/airflow/.local/lib/python3.6/site-packages/airflow/example_dags/example_nested_branch_dag.py
[2026-09-23 11:57:55,503] {scheduler_job.py:639} INFO - DAG(s) dict_keys(['example_nested_branch_dag']) retrieved from /home/airflow/.local/lib/python3.6/site-packages/airflow/example_dags/example_nested_branch_dag.py
[2026-09-23 11:57:55,535] {logging_mixin.py:104} INFO - [2026-09-23 11:57:55,535] {dag.py:1824} INFO - Sync 1 DAGs
[2026-09-23 11:57:55,582] {logging_mixin.py:104} INFO - [2026-09-23 11:57:55,582] {dag.py:2280} INFO - Setting next_dagrun for example_nested_branch_dag to 2026-09-21 00:00:00+00:00
[2026-09-23 11:57:55,601] {scheduler_job.py:190} INFO - Processing /home/airflow/.local/lib/python3.6/site-packages/airflow/example_dags/example_nested_branch_dag.py took 0.128 seconds
[2026-09-23 11:58:25,659] {scheduler_job.py:182} INFO - Started process (PID=1889) to work on /home/airflow/.local/lib/python3.6/site-packages/airflow/example_dags/example_nested_branch_dag.py
[2026-09-23 11:58:25,661] {scheduler_job.py:629} INFO - Processing file /home/airflow/.local/lib/python3.6/site-packages/airflow/example_dags/example_nested_branch_dag.py for tasks to queue
[2026-09-23 11:58:25,662] {logging_mixin.py:104} INFO - [2026-09-23 11:58:25,662] {dagbag.py:451} INFO - Filling up the DagBag from /home/airflow/.local/lib/python3.6/site-packages/airflow/example_dags/example_nested_branch_dag.py
[2026-09-23 11:58:25,695] {scheduler_job.py:639} INFO - DAG(s) dict_keys(['example_nested_branch_dag']) retrieved from /home/airflow/.local/lib/python3.6/site-packages/airflow/example_dags/example_nested_branch_dag.py
[2026-09-23 11:58:25,735] {logging_mixin.py:104} INFO - [2026-09-23 11:58:25,735] {dag.py:1824} INFO - Sync 1 DAGs
[2026-09-23 11:58:25,776] {logging_mixin.py:104} INFO - [2026-09-23 11:58:25,775] {dag.py:2280} INFO - Setting next_dagrun for example_nested_branch_dag to 2026-09-21 00:00:00+00:00
[2026-09-23 11:58:25,796] {scheduler_job.py:190} INFO - Processing /home/airflow/.local/lib/python3.6/site-packages/airflow/example_dags/example_nested_branch_dag.py took 0.143 seconds
[2026-09-23 11:58:55,915] {scheduler_job.py:182} INFO - Started process (PID=1915) to work on /home/airflow/.local/lib/python3.6/site-packages/airflow/example_dags/example_nested_branch_dag.py
[2026-09-23 11:58:55,917] {scheduler_job.py:629} INFO - Processing file /home/airflow/.local/lib/python3.6/site-packages/airflow/example_dags/example_nested_branch_dag.py for tasks to queue
[2026-09-23 11:58:55,918] {logging_mixin.py:104} INFO - [2026-09-23 11:58:55,918] {dagbag.py:451} INFO - Filling up the DagBag from /home/airflow/.local/lib/python3.6/site-packages/airflow/example_dags/example_nested_branch_dag.py
[2026-09-23 11:58:55,948] {scheduler_job.py:639} INFO - DAG(s) dict_keys(['example_nested_branch_dag']) retrieved from /home/airflow/.local/lib/python3.6/site-packages/airflow/example_dags/example_nested_branch_dag.py
[2026-09-23 11:58:55,979] {logging_mixin.py:104} INFO - [2026-09-23 11:58:55,978] {dag.py:1824} INFO - Sync 1 DAGs
[2026-09-23 11:58:56,015] {logging_mixin.py:104} INFO - [2026-09-23 11:58:56,015] {dag.py:2280} INFO - Setting next_dagrun for example_nested_branch_dag to 2026-09-21 00:00:00+00:00
[2026-09-23 11:58:56,033] {scheduler_job.py:190} INFO - Processing /home/airflow/.local/lib/python3.6/site-packages/airflow/example_dags/example_nested_branch_dag.py took 0.124 seconds
[2026-09-23 11:59:27,040] {scheduler_job.py:182} INFO - Started process (PID=1941) to work on /home/airflow/.local/lib/python3.6/site-packages/airflow/example_dags/example_nested_branch_dag.py
[2026-09-23 11:59:27,042] {scheduler_job.py:629} INFO - Processing file /home/airflow/.local/lib/python3.6/site-packages/airflow/example_dags/example_nested_branch_dag.py for tasks to queue
[2026-09-23 11:59:27,043] {logging_mixin.py:104} INFO - [2026-09-23 11:59:27,043] {dagbag.py:451} INFO - Filling up the DagBag from /home/airflow/.local/lib/python3.6/site-packages/airflow/example_dags/example_nested_branch_dag.py
[2026-09-23 11:59:27,062] {scheduler_job.py:639} INFO - DAG(s) dict_keys(['example_nested_branch_dag']) retrieved from /home/airflow/.local/lib/python3.6/site-packages/airflow/example_dags/example_nested_branch_dag.py
[2026-09-23 11:59:27,091] {logging_mixin.py:104} INFO - [2026-09-23 11:59:27,090] {dag.py:1824} INFO - Sync 1 DAGs
[2026-09-23 11:59:27,121] {logging_mixin.py:104} INFO - [2026-09-23 11:59:27,121] {dag.py:2280} INFO - Setting next_dagrun for example_nested_branch_dag to 2026-09-21 00:00:00+00:00
[2026-09-23 11:59:27,142] {scheduler_job.py:190} INFO - Processing /home/airflow/.local/lib/python3.6/site-packages/airflow/example_dags/example_nested_branch_dag.py took 0.106 seconds
[2026-09-23 11:59:57,776] {scheduler_job.py:182} INFO - Started process (PID=1966) to work on /home/airflow/.local/lib/python3.6/site-packages/airflow/example_dags/example_nested_branch_dag.py
[2026-09-23 11:59:57,778] {scheduler_job.py:629} INFO - Processing file /home/airflow/.local/lib/python3.6/site-packages/airflow/example_dags/example_nested_branch_dag.py for tasks to queue
[2026-09-23 11:59:57,779] {logging_mixin.py:104} INFO - [2026-09-23 11:59:57,779] {dagbag.py:451} INFO - Filling up the DagBag from /home/airflow/.local/lib/python3.6/site-packages/airflow/example_dags/example_nested_branch_dag.py
[2026-09-23 11:59:57,798] {scheduler_job.py:639} INFO - DAG(s) dict_keys(['example_nested_branch_dag']) retrieved from /home/airflow/.local/lib/python3.6/site-packages/airflow/example_dags/example_nested_branch_dag.py
[2026-09-23 11:59:57,824] {logging_mixin.py:104} INFO - [2026-09-23 11:59:57,824] {dag.py:1824} INFO - Sync 1 DAGs
[2026-09-23 11:59:57,853] {logging_mixin.py:104} INFO - [2026-09-23 11:59:57,852] {dag.py:2280} INFO - Setting next_dagrun for example_nested_branch_dag to 2026-09-21 00:00:00+00:00
[2026-09-23 11:59:57,867] {scheduler_job.py:190} INFO - Processing /home/airflow/.local/lib/python3.6/site-packages/airflow/example_dags/example_nested_branch_dag.py took 0.095 seconds
[2026-09-23 12:00:28,474] {scheduler_job.py:182} INFO - Started process (PID=1992) to work on /home/airflow/.local/lib/python3.6/site-packages/airflow/example_dags/example_nested_branch_dag.py
[2026-09-23 12:00:28,475] {scheduler_job.py:629} INFO - Processing file /home/airflow/.local/lib/python3.6/site-packages/airflow/example_dags/example_nested_branch_dag.py for tasks to queue
[2026-09-23 12:00:28,476] {logging_mixin.py:104} INFO - [2026-09-23 12:00:28,476] {dagbag.py:451} INFO - Filling up the DagBag from /home/airflow/.local/lib/python3.6/site-packages/airflow/example_dags/example_nested_branch_dag.py
[2026-09-23 12:00:28,495] {scheduler_job.py:639} INFO - DAG(s) dict_keys(['example_nested_branch_dag']) retrieved from /home/airflow/.local/lib/python3.6/site-packages/airflow/example_dags/example_nested_branch_dag.py
[2026-09-23 12:00:28,520] {logging_mixin.py:104} INFO - [2026-09-23 12:00:28,520] {dag.py:1824} INFO - Sync 1 DAGs
[2026-09-23 12:00:28,548] {logging_mixin.py:104} INFO - [2026-09-23 12:00:28,548] {dag.py:2280} INFO - Setting next_dagrun for example_nested_branch_dag to 2026-09-21 00:00:00+00:00
[2026-09-23 12:00:28,570] {scheduler_job.py:190} INFO - Processing /home/airflow/.local/lib/python3.6/site-packages/airflow/example_dags/example_nested_branch_dag.py took 0.101 seconds
[2026-09-23 12:00:59,000] {scheduler_job.py:182} INFO - Started process (PID=2018) to work on /home/airflow/.local/lib/python3.6/site-packages/airflow/example_dags/example_nested_branch_dag.py
[2026-09-23 12:00:59,001] {scheduler_job.py:629} INFO - Processing file /home/airflow/.local/lib/python3.6/site-packages/airflow/example_dags/example_nested_branch_dag.py for tasks to queue
[2026-09-23 12:00:59,002] {logging_mixin.py:104} INFO - [2026-09-23 12:00:59,002] {dagbag.py:451} INFO - Filling up the DagBag from /home/airflow/.local/lib/python3.6/site-packages/airflow/example_dags/example_nested_branch_dag.py
[2026-09-23 12:00:59,022] {scheduler_job.py:639} INFO - DAG(s) dict_keys(['example_nested_branch_dag']) retrieved from /home/airflow/.local/lib/python3.6/site-packages/airflow/example_dags/example_nested_branch_dag.py
[2026-09-23 12:00:59,048] {logging_mixin.py:104} INFO - [2026-09-23 12:00:59,048] {dag.py:1824} INFO - Sync 1 DAGs
[2026-09-23 12:00:59,077] {logging_mixin.py:104} INFO - [2026-09-23 12:00:59,077] {dag.py:2280} INFO - Setting next_dagrun for example_nested_branch_dag to 2026-09-21 00:00:00+00:00
[2026-09-23 12:00:59,096] {scheduler_job.py:190} INFO - Processing /home/airflow/.local/lib/python3.6/site-packages/airflow/example_dags/example_nested_branch_dag.py took 0.099 seconds
[2026-09-23 12:01:29,640] {scheduler_job.py:182} INFO - Started process (PID=2044) to work on /home/airflow/.local/lib/python3.6/site-packages/airflow/example_dags/example_nested_branch_dag.py
[2026-09-23 12:01:29,641] {scheduler_job.py:629} INFO - Processing file /home/airflow/.local/lib/python3.6/site-packages/airflow/example_dags/example_nested_branch_dag.py for tasks to queue
[2026-09-23 12:01:29,642] {logging_mixin.py:104} INFO - [2026-09-23 12:01:29,642] {dagbag.py:451} INFO - Filling up the DagBag from /home/airflow/.local/lib/python3.6/site-packages/airflow/example_dags/example_nested_branch_dag.py
[2026-09-23 12:01:29,663] {scheduler_job.py:639} INFO - DAG(s) dict_keys(['example_nested_branch_dag']) retrieved from /home/airflow/.local/lib/python3.6/site-packages/airflow/example_dags/example_nested_branch_dag.py
[2026-09-23 12:01:29,697] {logging_mixin.py:104} INFO - [2026-09-23 12:01:29,696] {dag.py:1824} INFO - Sync 1 DAGs
[2026-09-23 12:01:29,739] {logging_mixin.py:104} INFO - [2026-09-23 12:01:29,739] {dag.py:2280} INFO - Setting next_dagrun for example_nested_branch_dag to 2026-09-21 00:00:00+00:00
[2026-09-23 12:01:29,756] {scheduler_job.py:190} INFO - Processing /home/airflow/.local/lib/python3.6/site-packages/airflow/example_dags/example_nested_branch_dag.py took 0.120 seconds
[2026-09-23 12:02:00,314] {scheduler_job.py:182} INFO - Started process (PID=2070) to work on /home/airflow/.local/lib/python3.6/site-packages/airflow/example_dags/example_nested_branch_dag.py
[2026-09-23 12:02:00,316] {scheduler_job.py:629} INFO - Processing file /home/airflow/.local/lib/python3.6/site-packages/airflow/example_dags/example_nested_branch_dag.py for tasks to queue
[2026-09-23 12:02:00,317] {logging_mixin.py:104} INFO - [2026-09-23 12:02:00,317] {dagbag.py:451} INFO - Filling up the DagBag from /home/airflow/.local/lib/python3.6/site-packages/airflow/example_dags/example_nested_branch_dag.py
[2026-09-23 12:02:00,339] {scheduler_job.py:639} INFO - DAG(s) dict_keys(['example_nested_branch_dag']) retrieved from /home/airflow/.local/lib/python3.6/site-packages/airflow/example_dags/example_nested_branch_dag.py
[2026-09-23 12:02:00,366] {logging_mixin.py:104} INFO - [2026-09-23 12:02:00,366] {dag.py:1824} INFO - Sync 1 DAGs
[2026-09-23 12:02:00,396] {logging_mixin.py:104} INFO - [2026-09-23 12:02:00,396] {dag.py:2280} INFO - Setting next_dagrun for example_nested_branch_dag to 2026-09-21 00:00:00+00:00
[2026-09-23 12:02:00,415] {scheduler_job.py:190} INFO - Processing /home/airflow/.local/lib/python3.6/site-packages/airflow/example_dags/example_nested_branch_dag.py took 0.105 seconds
[2026-09-23 12:02:31,122] {scheduler_job.py:182} INFO - Started process (PID=2096) to work on /home/airflow/.local/lib/python3.6/site-packages/airflow/example_dags/example_nested_branch_dag.py
[2026-09-23 12:02:31,124] {scheduler_job.py:629} INFO - Processing file /home/airflow/.local/lib/python3.6/site-packages/airflow/example_dags/example_nested_branch_dag.py for tasks to queue
[2026-09-23 12:02:31,125] {logging_mixin.py:104} INFO - [2026-09-23 12:02:31,125] {dagbag.py:451} INFO - Filling up the DagBag from /home/airflow/.local/lib/python3.6/site-packages/airflow/example_dags/example_nested_branch_dag.py
[2026-09-23 12:02:31,148] {scheduler_job.py:639} INFO - DAG(s) dict_keys(['example_nested_branch_dag']) retrieved from /home/airflow/.local/lib/python3.6/site-packages/airflow/example_dags/example_nested_branch_dag.py
[2026-09-23 12:02:31,185] {logging_mixin.py:104} INFO - [2026-09-23 12:02:31,184] {dag.py:1824} INFO - Sync 1 DAGs
[2026-09-23 12:02:31,224] {logging_mixin.py:104} INFO - [2026-09-23 12:02:31,223] {dag.py:2280} INFO - Setting next_dagrun for example_nested_branch_dag to 2026-09-21 00:00:00+00:00
[2026-09-23 12:02:31,241] {scheduler_job.py:190} INFO - Processing /home/airflow/.local/lib/python3.6/site-packages/airflow/example_dags/example_nested_branch_dag.py took 0.124 seconds
[2026-09-23 12:03:02,106] {scheduler_job.py:182} INFO - Started process (PID=2122) to work on /home/airflow/.local/lib/python3.6/site-packages/airflow/example_dags/example_nested_branch_dag.py
[2026-09-23 12:03:02,107] {scheduler_job.py:629} INFO - Processing file /home/airflow/.local/lib/python3.6/site-packages/airflow/example_dags/example_nested_branch_dag.py for tasks to queue
[2026-09-23 12:03:02,108] {logging_mixin.py:104} INFO - [2026-09-23 12:03:02,108] {dagbag.py:451} INFO - Filling up the DagBag from /home/airflow/.local/lib/python3.6/site-packages/airflow/example_dags/example_nested_branch_dag.py
[2026-09-23 12:03:02,129] {scheduler_job.py:639} INFO - DAG(s) dict_keys(['example_nested_branch_dag']) retrieved from /home/airflow/.local/lib/python3.6/site-packages/airflow/example_dags/example_nested_branch_dag.py
[2026-09-23 12:03:02,155] {logging_mixin.py:104} INFO - [2026-09-23 12:03:02,155] {dag.py:1824} INFO - Sync 1 DAGs
[2026-09-23 12:03:02,186] {logging_mixin.py:104} INFO - [2026-09-23 12:03:02,186] {dag.py:2280} INFO - Setting next_dagrun for example_nested_branch_dag to 2026-09-21 00:00:00+00:00
[2026-09-23 12:03:02,199] {scheduler_job.py:190} INFO - Processing /home/airflow/.local/lib/python3.6/site-packages/airflow/example_dags/example_nested_branch_dag.py took 0.098 seconds
[2026-09-23 12:03:33,019] {scheduler_job.py:182} INFO - Started process (PID=2148) to work on /home/airflow/.local/lib/python3.6/site-packages/airflow/example_dags/example_nested_branch_dag.py
[2026-09-23 12:03:33,020] {scheduler_job.py:629} INFO - Processing file /home/airflow/.local/lib/python3.6/site-packages/airflow/example_dags/example_nested_branch_dag.py for tasks to queue
[2026-09-23 12:03:33,021] {logging_mixin.py:104} INFO - [2026-09-23 12:03:33,021] {dagbag.py:451} INFO - Filling up the DagBag from /home/airflow/.local/lib/python3.6/site-packages/airflow/example_dags/example_nested_branch_dag.py
[2026-09-23 12:03:33,045] {scheduler_job.py:639} INFO - DAG(s) dict_keys(['example_nested_branch_dag']) retrieved from /home/airflow/.local/lib/python3.6/site-packages/airflow/example_dags/example_nested_branch_dag.py
[2026-09-23 12:03:33,083] {logging_mixin.py:104} INFO - [2026-09-23 12:03:33,083] {dag.py:1824} INFO - Sync 1 DAGs
[2026-09-23 12:03:33,121] {logging_mixin.py:104} INFO - [2026-09-23 12:03:33,121] {dag.py:2280} INFO - Setting next_dagrun for example_nested_branch_dag to 2026-09-21 00:00:00+00:00
[2026-09-23 12:03:33,136] {scheduler_job.py:190} INFO - Processing /home/airflow/.local/lib/python3.6/site-packages/airflow/example_dags/example_nested_branch_dag.py took 0.122 seconds
[2026-09-23 12:04:03,826] {scheduler_job.py:182} INFO - Started process (PID=2174) to work on /home/airflow/.local/lib/python3.6/site-packages/airflow/example_dags/example_nested_branch_dag.py
[2026-09-23 12:04:03,827] {scheduler_job.py:629} INFO - Processing file /home/airflow/.local/lib/python3.6/site-packages/airflow/example_dags/example_nested_branch_dag.py for tasks to queue
[2026-09-23 12:04:03,828] {logging_mixin.py:104} INFO - [2026-09-23 12:04:03,828] {dagbag.py:451} INFO - Filling up the DagBag from /home/airflow/.local/lib/python3.6/site-packages/airflow/example_dags/example_nested_branch_dag.py
[2026-09-23 12:04:03,852] {scheduler_job.py:639} INFO - DAG(s) dict_keys(['example_nested_branch_dag']) retrieved from /home/airflow/.local/lib/python3.6/site-packages/airflow/example_dags/example_nested_branch_dag.py
[2026-09-23 12:04:03,885] {logging_mixin.py:104} INFO - [2026-09-23 12:04:03,885] {dag.py:1824} INFO - Sync 1 DAGs
[2026-09-23 12:04:03,919] {logging_mixin.py:104} INFO - [2026-09-23 12:04:03,919] {dag.py:2280} INFO - Setting next_dagrun for example_nested_branch_dag to 2026-09-21 00:00:00+00:00
[2026-09-23 12:04:03,937] {scheduler_job.py:190} INFO - Processing /home/airflow/.local/lib/python3.6/site-packages/airflow/example_dags/example_nested_branch_dag.py took 0.116 seconds
[2026-09-23 12:04:34,781] {scheduler_job.py:182} INFO - Started process (PID=2202) to work on /home/airflow/.local/lib/python3.6/site-packages/airflow/example_dags/example_nested_branch_dag.py
[2026-09-23 12:04:34,784] {scheduler_job.py:629} INFO - Processing file /home/airflow/.local/lib/python3.6/site-packages/airflow/example_dags/example_nested_branch_dag.py for tasks to queue
[2026-09-23 12:04:34,785] {logging_mixin.py:104} INFO - [2026-09-23 12:04:34,785] {dagbag.py:451} INFO - Filling up the DagBag from /home/airflow/.local/lib/python3.6/site-packages/airflow/example_dags/example_nested_branch_dag.py
[2026-09-23 12:04:34,816] {scheduler_job.py:639} INFO - DAG(s) dict_keys(['example_nested_branch_dag']) retrieved from /home/airflow/.local/lib/python3.6/site-packages/airflow/example_dags/example_nested_branch_dag.py
[2026-09-23 12:04:34,888] {logging_mixin.py:104} INFO - [2026-09-23 12:04:34,888] {dag.py:1824} INFO - Sync 1 DAGs
[2026-09-23 12:04:34,937] {logging_mixin.py:104} INFO - [2026-09-23 12:04:34,937] {dag.py:2280} INFO - Setting next_dagrun for example_nested_branch_dag to 2026-09-21 00:00:00+00:00
[2026-09-23 12:04:34,975] {scheduler_job.py:190} INFO - Processing /home/airflow/.local/lib/python3.6/site-packages/airflow/example_dags/example_nested_branch_dag.py took 0.209 seconds
[2026-09-23 12:05:05,083] {scheduler_job.py:182} INFO - Started process (PID=2229) to work on /home/airflow/.local/lib/python3.6/site-packages/airflow/example_dags/example_nested_branch_dag.py
[2026-09-23 12:05:05,085] {scheduler_job.py:629} INFO - Processing file /home/airflow/.local/lib/python3.6/site-packages/airflow/example_dags/example_nested_branch_dag.py for tasks to queue
[2026-09-23 12:05:05,086] {logging_mixin.py:104} INFO - [2026-09-23 12:05:05,086] {dagbag.py:451} INFO - Filling up the DagBag from /home/airflow/.local/lib/python3.6/site-packages/airflow/example_dags/example_nested_branch_dag.py
[2026-09-23 12:05:05,161] {scheduler_job.py:639} INFO - DAG(s) dict_keys(['example_nested_branch_dag']) retrieved from /home/airflow/.local/lib/python3.6/site-packages/airflow/example_dags/example_nested_branch_dag.py
[2026-09-23 12:05:05,212] {logging_mixin.py:104} INFO - [2026-09-23 12:05:05,212] {dag.py:1824} INFO - Sync 1 DAGs
[2026-09-23 12:05:05,288] {logging_mixin.py:104} INFO - [2026-09-23 12:05:05,287] {dag.py:2280} INFO - Setting next_dagrun for example_nested_branch_dag to 2026-09-21 00:00:00+00:00
[2026-09-23 12:05:05,324] {scheduler_job.py:190} INFO - Processing /home/airflow/.local/lib/python3.6/site-packages/airflow/example_dags/example_nested_branch_dag.py took 0.251 seconds
[2026-09-23 12:05:35,978] {scheduler_job.py:182} INFO - Started process (PID=2252) to work on /home/airflow/.local/lib/python3.6/site-packages/airflow/example_dags/example_nested_branch_dag.py
[2026-09-23 12:05:35,980] {scheduler_job.py:629} INFO - Processing file /home/airflow/.local/lib/python3.6/site-packages/airflow/example_dags/example_nested_branch_dag.py for tasks to queue
[2026-09-23 12:05:35,981] {logging_mixin.py:104} INFO - [2026-09-23 12:05:35,981] {dagbag.py:451} INFO - Filling up the DagBag from /home/airflow/.local/lib/python3.6/site-packages/airflow/example_dags/example_nested_branch_dag.py
[2026-09-23 12:05:36,013] {scheduler_job.py:639} INFO - DAG(s) dict_keys(['example_nested_branch_dag']) retrieved from /home/airflow/.local/lib/python3.6/site-packages/airflow/example_dags/example_nested_branch_dag.py
[2026-09-23 12:05:36,059] {logging_mixin.py:104} INFO - [2026-09-23 12:05:36,058] {dag.py:1824} INFO - Sync 1 DAGs
[2026-09-23 12:05:36,116] {logging_mixin.py:104} INFO - [2026-09-23 12:05:36,116] {dag.py:2280} INFO - Setting next_dagrun for example_nested_branch_dag to 2026-09-21 00:00:00+00:00
[2026-09-23 12:05:36,217] {scheduler_job.py:190} INFO - Processing /home/airflow/.local/lib/python3.6/site-packages/airflow/example_dags/example_nested_branch_dag.py took 0.243 seconds
[2026-09-23 12:06:06,997] {scheduler_job.py:182} INFO - Started process (PID=2278) to work on /home/airflow/.local/lib/python3.6/site-packages/airflow/example_dags/example_nested_branch_dag.py
[2026-09-23 12:06:06,999] {scheduler_job.py:629} INFO - Processing file /home/airflow/.local/lib/python3.6/site-packages/airflow/example_dags/example_nested_branch_dag.py for tasks to queue
[2026-09-23 12:06:06,999] {logging_mixin.py:104} INFO - [2026-09-23 12:06:06,999] {dagbag.py:451} INFO - Filling up the DagBag from /home/airflow/.local/lib/python3.6/site-packages/airflow/example_dags/example_nested_branch_dag.py
[2026-09-23 12:06:07,019] {scheduler_job.py:639} INFO - DAG(s) dict_keys(['example_nested_branch_dag']) retrieved from /home/airflow/.local/lib/python3.6/site-packages/airflow/example_dags/example_nested_branch_dag.py
[2026-09-23 12:06:07,045] {logging_mixin.py:104} INFO - [2026-09-23 12:06:07,045] {dag.py:1824} INFO - Sync 1 DAGs
[2026-09-23 12:06:07,076] {logging_mixin.py:104} INFO - [2026-09-23 12:06:07,076] {dag.py:2280} INFO - Setting next_dagrun for example_nested_branch_dag to 2026-09-21 00:00:00+00:00
[2026-09-23 12:06:07,102] {scheduler_job.py:190} INFO - Processing /home/airflow/.local/lib/python3.6/site-packages/airflow/example_dags/example_nested_branch_dag.py took 0.109 seconds
[2026-09-23 12:06:38,215] {scheduler_job.py:182} INFO - Started process (PID=2308) to work on /home/airflow/.local/lib/python3.6/site-packages/airflow/example_dags/example_nested_branch_dag.py
[2026-09-23 12:06:38,216] {scheduler_job.py:629} INFO - Processing file /home/airflow/.local/lib/python3.6/site-packages/airflow/example_dags/example_nested_branch_dag.py for tasks to queue
[2026-09-23 12:06:38,218] {logging_mixin.py:104} INFO - [2026-09-23 12:06:38,217] {dagbag.py:451} INFO - Filling up the DagBag from /home/airflow/.local/lib/python3.6/site-packages/airflow/example_dags/example_nested_branch_dag.py
[2026-09-23 12:06:38,248] {scheduler_job.py:639} INFO - DAG(s) dict_keys(['example_nested_branch_dag']) retrieved from /home/airflow/.local/lib/python3.6/site-packages/airflow/example_dags/example_nested_branch_dag.py
[2026-09-23 12:06:38,291] {logging_mixin.py:104} INFO - [2026-09-23 12:06:38,291] {dag.py:1824} INFO - Sync 1 DAGs
[2026-09-23 12:06:38,340] {logging_mixin.py:104} INFO - [2026-09-23 12:06:38,340] {dag.py:2280} INFO - Setting next_dagrun for example_nested_branch_dag to 2026-09-21 00:00:00+00:00
[2026-09-23 12:06:38,355] {scheduler_job.py:190} INFO - Processing /home/airflow/.local/lib/python3.6/site-packages/airflow/example_dags/example_nested_branch_dag.py took 0.145 seconds
[2026-09-23 12:07:08,587] {scheduler_job.py:182} INFO - Started process (PID=2330) to work on /home/airflow/.local/lib/python3.6/site-packages/airflow/example_dags/example_nested_branch_dag.py
[2026-09-23 12:07:08,588] {scheduler_job.py:629} INFO - Processing file /home/airflow/.local/lib/python3.6/site-packages/airflow/example_dags/example_nested_branch_dag.py for tasks to queue
[2026-09-23 12:07:08,589] {logging_mixin.py:104} INFO - [2026-09-23 12:07:08,589] {dagbag.py:451} INFO - Filling up the DagBag from /home/airflow/.local/lib/python3.6/site-packages/airflow/example_dags/example_nested_branch_dag.py
[2026-09-23 12:07:08,610] {scheduler_job.py:639} INFO - DAG(s) dict_keys(['example_nested_branch_dag']) retrieved from /home/airflow/.local/lib/python3.6/site-packages/airflow/example_dags/example_nested_branch_dag.py
[2026-09-23 12:07:08,639] {logging_mixin.py:104} INFO - [2026-09-23 12:07:08,639] {dag.py:1824} INFO - Sync 1 DAGs
[2026-09-23 12:07:08,675] {logging_mixin.py:104} INFO - [2026-09-23 12:07:08,675] {dag.py:2280} INFO - Setting next_dagrun for example_nested_branch_dag to 2026-09-21 00:00:00+00:00
[2026-09-23 12:07:08,690] {scheduler_job.py:190} INFO - Processing /home/airflow/.local/lib/python3.6/site-packages/airflow/example_dags/example_nested_branch_dag.py took 0.108 seconds
[2026-09-23 12:07:39,421] {scheduler_job.py:182} INFO - Started process (PID=2356) to work on /home/airflow/.local/lib/python3.6/site-packages/airflow/example_dags/example_nested_branch_dag.py
[2026-09-23 12:07:39,423] {scheduler_job.py:629} INFO - Processing file /home/airflow/.local/lib/python3.6/site-packages/airflow/example_dags/example_nested_branch_dag.py for tasks to queue
[2026-09-23 12:07:39,424] {logging_mixin.py:104} INFO - [2026-09-23 12:07:39,424] {dagbag.py:451} INFO - Filling up the DagBag from /home/airflow/.local/lib/python3.6/site-packages/airflow/example_dags/example_nested_branch_dag.py
[2026-09-23 12:07:39,451] {scheduler_job.py:639} INFO - DAG(s) dict_keys(['example_nested_branch_dag']) retrieved from /home/airflow/.local/lib/python3.6/site-packages/airflow/example_dags/example_nested_branch_dag.py
[2026-09-23 12:07:39,487] {logging_mixin.py:104} INFO - [2026-09-23 12:07:39,487] {dag.py:1824} INFO - Sync 1 DAGs
[2026-09-23 12:07:39,531] {logging_mixin.py:104} INFO - [2026-09-23 12:07:39,531] {dag.py:2280} INFO - Setting next_dagrun for example_nested_branch_dag to 2026-09-21 00:00:00+00:00
[2026-09-23 12:07:39,548] {scheduler_job.py:190} INFO - Processing /home/airflow/.local/lib/python3.6/site-packages/airflow/example_dags/example_nested_branch_dag.py took 0.132 seconds
[2026-09-23 12:08:10,138] {scheduler_job.py:182} INFO - Started process (PID=2382) to work on /home/airflow/.local/lib/python3.6/site-packages/airflow/example_dags/example_nested_branch_dag.py
[2026-09-23 12:08:10,139] {scheduler_job.py:629} INFO - Processing file /home/airflow/.local/lib/python3.6/site-packages/airflow/example_dags/example_nested_branch_dag.py for tasks to queue
[2026-09-23 12:08:10,140] {logging_mixin.py:104} INFO - [2026-09-23 12:08:10,140] {dagbag.py:451} INFO - Filling up the DagBag from /home/airflow/.local/lib/python3.6/site-packages/airflow/example_dags/example_nested_branch_dag.py
[2026-09-23 12:08:10,162] {scheduler_job.py:639} INFO - DAG(s) dict_keys(['example_nested_branch_dag']) retrieved from /home/airflow/.local/lib/python3.6/site-packages/airflow/example_dags/example_nested_branch_dag.py
[2026-09-23 12:08:10,191] {logging_mixin.py:104} INFO - [2026-09-23 12:08:10,191] {dag.py:1824} INFO - Sync 1 DAGs
[2026-09-23 12:08:10,220] {logging_mixin.py:104} INFO - [2026-09-23 12:08:10,220] {dag.py:2280} INFO - Setting next_dagrun for example_nested_branch_dag to 2026-09-21 00:00:00+00:00
[2026-09-23 12:08:10,235] {scheduler_job.py:190} INFO - Processing /home/airflow/.local/lib/python3.6/site-packages/airflow/example_dags/example_nested_branch_dag.py took 0.102 seconds
[2026-09-23 12:08:40,763] {scheduler_job.py:182} INFO - Started process (PID=2408) to work on /home/airflow/.local/lib/python3.6/site-packages/airflow/example_dags/example_nested_branch_dag.py
[2026-09-23 12:08:40,765] {scheduler_job.py:629} INFO - Processing file /home/airflow/.local/lib/python3.6/site-packages/airflow/example_dags/example_nested_branch_dag.py for tasks to queue
[2026-09-23 12:08:40,766] {logging_mixin.py:104} INFO - [2026-09-23 12:08:40,766] {dagbag.py:451} INFO - Filling up the DagBag from /home/airflow/.local/lib/python3.6/site-packages/airflow/example_dags/example_nested_branch_dag.py
[2026-09-23 12:08:40,796] {scheduler_job.py:639} INFO - DAG(s) dict_keys(['example_nested_branch_dag']) retrieved from /home/airflow/.local/lib/python3.6/site-packages/airflow/example_dags/example_nested_branch_dag.py
[2026-09-23 12:08:40,832] {logging_mixin.py:104} INFO - [2026-09-23 12:08:40,832] {dag.py:1824} INFO - Sync 1 DAGs
[2026-09-23 12:08:40,874] {logging_mixin.py:104} INFO - [2026-09-23 12:08:40,874] {dag.py:2280} INFO - Setting next_dagrun for example_nested_branch_dag to 2026-09-21 00:00:00+00:00
[2026-09-23 12:08:40,891] {scheduler_job.py:190} INFO - Processing /home/airflow/.local/lib/python3.6/site-packages/airflow/example_dags/example_nested_branch_dag.py took 0.134 seconds
[2026-09-23 12:09:11,605] {scheduler_job.py:182} INFO - Started process (PID=2434) to work on /home/airflow/.local/lib/python3.6/site-packages/airflow/example_dags/example_nested_branch_dag.py
[2026-09-23 12:09:11,607] {scheduler_job.py:629} INFO - Processing file /home/airflow/.local/lib/python3.6/site-packages/airflow/example_dags/example_nested_branch_dag.py for tasks to queue
[2026-09-23 12:09:11,607] {logging_mixin.py:104} INFO - [2026-09-23 12:09:11,607] {dagbag.py:451} INFO - Filling up the DagBag from /home/airflow/.local/lib/python3.6/site-packages/airflow/example_dags/example_nested_branch_dag.py
[2026-09-23 12:09:11,629] {scheduler_job.py:639} INFO - DAG(s) dict_keys(['example_nested_branch_dag']) retrieved from /home/airflow/.local/lib/python3.6/site-packages/airflow/example_dags/example_nested_branch_dag.py
[2026-09-23 12:09:11,664] {logging_mixin.py:104} INFO - [2026-09-23 12:09:11,664] {dag.py:1824} INFO - Sync 1 DAGs
[2026-09-23 12:09:11,704] {logging_mixin.py:104} INFO - [2026-09-23 12:09:11,704] {dag.py:2280} INFO - Setting next_dagrun for example_nested_branch_dag to 2026-09-21 00:00:00+00:00
[2026-09-23 12:09:11,721] {scheduler_job.py:190} INFO - Processing /home/airflow/.local/lib/python3.6/site-packages/airflow/example_dags/example_nested_branch_dag.py took 0.121 seconds
[2026-09-23 12:09:42,088] {scheduler_job.py:182} INFO - Started process (PID=2462) to work on /home/airflow/.local/lib/python3.6/site-packages/airflow/example_dags/example_nested_branch_dag.py
[2026-09-23 12:09:42,092] {scheduler_job.py:629} INFO - Processing file /home/airflow/.local/lib/python3.6/site-packages/airflow/example_dags/example_nested_branch_dag.py for tasks to queue
[2026-09-23 12:09:42,093] {logging_mixin.py:104} INFO - [2026-09-23 12:09:42,093] {dagbag.py:451} INFO - Filling up the DagBag from /home/airflow/.local/lib/python3.6/site-packages/airflow/example_dags/example_nested_branch_dag.py
[2026-09-23 12:09:42,129] {scheduler_job.py:639} INFO - DAG(s) dict_keys(['example_nested_branch_dag']) retrieved from /home/airflow/.local/lib/python3.6/site-packages/airflow/example_dags/example_nested_branch_dag.py
[2026-09-23 12:09:42,188] {logging_mixin.py:104} INFO - [2026-09-23 12:09:42,188] {dag.py:1824} INFO - Sync 1 DAGs
[2026-09-23 12:09:42,234] {logging_mixin.py:104} INFO - [2026-09-23 12:09:42,234] {dag.py:2280} INFO - Setting next_dagrun for example_nested_branch_dag to 2026-09-21 00:00:00+00:00
[2026-09-23 12:09:42,259] {scheduler_job.py:190} INFO - Processing /home/airflow/.local/lib/python3.6/site-packages/airflow/example_dags/example_nested_branch_dag.py took 0.178 seconds
[2026-09-23 12:10:12,487] {scheduler_job.py:182} INFO - Started process (PID=2488) to work on /home/airflow/.local/lib/python3.6/site-packages/airflow/example_dags/example_nested_branch_dag.py
[2026-09-23 12:10:12,488] {scheduler_job.py:629} INFO - Processing file /home/airflow/.local/lib/python3.6/site-packages/airflow/example_dags/example_nested_branch_dag.py for tasks to queue
[2026-09-23 12:10:12,490] {logging_mixin.py:104} INFO - [2026-09-23 12:10:12,489] {dagbag.py:451} INFO - Filling up the DagBag from /home/airflow/.local/lib/python3.6/site-packages/airflow/example_dags/example_nested_branch_dag.py
[2026-09-23 12:10:12,517] {scheduler_job.py:639} INFO - DAG(s) dict_keys(['example_nested_branch_dag']) retrieved from /home/airflow/.local/lib/python3.6/site-packages/airflow/example_dags/example_nested_branch_dag.py
[2026-09-23 12:10:12,545] {logging_mixin.py:104} INFO - [2026-09-23 12:10:12,544] {dag.py:1824} INFO - Sync 1 DAGs
[2026-09-23 12:10:12,573] {logging_mixin.py:104} INFO - [2026-09-23 12:10:12,573] {dag.py:2280} INFO - Setting next_dagrun for example_nested_branch_dag to 2026-09-21 00:00:00+00:00
[2026-09-23 12:10:12,591] {scheduler_job.py:190} INFO - Processing /home/airflow/.local/lib/python3.6/site-packages/airflow/example_dags/example_nested_branch_dag.py took 0.109 seconds
[2026-09-23 12:10:42,641] {scheduler_job.py:182} INFO - Started process (PID=2514) to work on /home/airflow/.local/lib/python3.6/site-packages/airflow/example_dags/example_nested_branch_dag.py
[2026-09-23 12:10:42,642] {scheduler_job.py:629} INFO - Processing file /home/airflow/.local/lib/python3.6/site-packages/airflow/example_dags/example_nested_branch_dag.py for tasks to queue
[2026-09-23 12:10:42,642] {logging_mixin.py:104} INFO - [2026-09-23 12:10:42,642] {dagbag.py:451} INFO - Filling up the DagBag from /home/airflow/.local/lib/python3.6/site-packages/airflow/example_dags/example_nested_branch_dag.py
[2026-09-23 12:10:42,661] {scheduler_job.py:639} INFO - DAG(s) dict_keys(['example_nested_branch_dag']) retrieved from /home/airflow/.local/lib/python3.6/site-packages/airflow/example_dags/example_nested_branch_dag.py
[2026-09-23 12:10:42,688] {logging_mixin.py:104} INFO - [2026-09-23 12:10:42,688] {dag.py:1824} INFO - Sync 1 DAGs
[2026-09-23 12:10:42,717] {logging_mixin.py:104} INFO - [2026-09-23 12:10:42,716] {dag.py:2280} INFO - Setting next_dagrun for example_nested_branch_dag to 2026-09-21 00:00:00+00:00
[2026-09-23 12:10:42,734] {scheduler_job.py:190} INFO - Processing /home/airflow/.local/lib/python3.6/site-packages/airflow/example_dags/example_nested_branch_dag.py took 0.098 seconds
[2026-09-23 12:11:13,430] {scheduler_job.py:182} INFO - Started process (PID=2538) to work on /home/airflow/.local/lib/python3.6/site-packages/airflow/example_dags/example_nested_branch_dag.py
[2026-09-23 12:11:13,432] {scheduler_job.py:629} INFO - Processing file /home/airflow/.local/lib/python3.6/site-packages/airflow/example_dags/example_nested_branch_dag.py for tasks to queue
[2026-09-23 12:11:13,433] {logging_mixin.py:104} INFO - [2026-09-23 12:11:13,433] {dagbag.py:451} INFO - Filling up the DagBag from /home/airflow/.local/lib/python3.6/site-packages/airflow/example_dags/example_nested_branch_dag.py
[2026-09-23 12:11:13,464] {scheduler_job.py:639} INFO - DAG(s) dict_keys(['example_nested_branch_dag']) retrieved from /home/airflow/.local/lib/python3.6/site-packages/airflow/example_dags/example_nested_branch_dag.py
[2026-09-23 12:11:13,507] {logging_mixin.py:104} INFO - [2026-09-23 12:11:13,507] {dag.py:1824} INFO - Sync 1 DAGs
[2026-09-23 12:11:13,557] {logging_mixin.py:104} INFO - [2026-09-23 12:11:13,556] {dag.py:2280} INFO - Setting next_dagrun for example_nested_branch_dag to 2026-09-21 00:00:00+00:00
[2026-09-23 12:11:13,582] {scheduler_job.py:190} INFO - Processing /home/airflow/.local/lib/python3.6/site-packages/airflow/example_dags/example_nested_branch_dag.py took 0.157 seconds
[2026-09-23 12:11:43,653] {scheduler_job.py:182} INFO - Started process (PID=2564) to work on /home/airflow/.local/lib/python3.6/site-packages/airflow/example_dags/example_nested_branch_dag.py
[2026-09-23 12:11:43,656] {scheduler_job.py:629} INFO - Processing file /home/airflow/.local/lib/python3.6/site-packages/airflow/example_dags/example_nested_branch_dag.py for tasks to queue
[2026-09-23 12:11:43,657] {logging_mixin.py:104} INFO - [2026-09-23 12:11:43,657] {dagbag.py:451} INFO - Filling up the DagBag from /home/airflow/.local/lib/python3.6/site-packages/airflow/example_dags/example_nested_branch_dag.py
[2026-09-23 12:11:43,681] {scheduler_job.py:639} INFO - DAG(s) dict_keys(['example_nested_branch_dag']) retrieved from /home/airflow/.local/lib/python3.6/site-packages/airflow/example_dags/example_nested_branch_dag.py
[2026-09-23 12:11:43,723] {logging_mixin.py:104} INFO - [2026-09-23 12:11:43,723] {dag.py:1824} INFO - Sync 1 DAGs
[2026-09-23 12:11:43,766] {logging_mixin.py:104} INFO - [2026-09-23 12:11:43,766] {dag.py:2280} INFO - Setting next_dagrun for example_nested_branch_dag to 2026-09-21 00:00:00+00:00
[2026-09-23 12:11:43,786] {scheduler_job.py:190} INFO - Processing /home/airflow/.local/lib/python3.6/site-packages/airflow/example_dags/example_nested_branch_dag.py took 0.138 seconds
[2026-09-23 12:12:14,063] {scheduler_job.py:182} INFO - Started process (PID=2590) to work on /home/airflow/.local/lib/python3.6/site-packages/airflow/example_dags/example_nested_branch_dag.py
[2026-09-23 12:12:14,069] {scheduler_job.py:629} INFO - Processing file /home/airflow/.local/lib/python3.6/site-packages/airflow/example_dags/example_nested_branch_dag.py for tasks to queue
[2026-09-23 12:12:14,070] {logging_mixin.py:104} INFO - [2026-09-23 12:12:14,070] {dagbag.py:451} INFO - Filling up the DagBag from /home/airflow/.local/lib/python3.6/site-packages/airflow/example_dags/example_nested_branch_dag.py
[2026-09-23 12:12:14,101] {scheduler_job.py:639} INFO - DAG(s) dict_keys(['example_nested_branch_dag']) retrieved from /home/airflow/.local/lib/python3.6/site-packages/airflow/example_dags/example_nested_branch_dag.py
[2026-09-23 12:12:14,140] {logging_mixin.py:104} INFO - [2026-09-23 12:12:14,140] {dag.py:1824} INFO - Sync 1 DAGs
[2026-09-23 12:12:14,188] {logging_mixin.py:104} INFO - [2026-09-23 12:12:14,188] {dag.py:2280} INFO - Setting next_dagrun for example_nested_branch_dag to 2026-09-21 00:00:00+00:00
[2026-09-23 12:12:14,211] {scheduler_job.py:190} INFO - Processing /home/airflow/.local/lib/python3.6/site-packages/airflow/example_dags/example_nested_branch_dag.py took 0.156 seconds
[2026-09-23 12:12:45,205] {scheduler_job.py:182} INFO - Started process (PID=2616) to work on /home/airflow/.local/lib/python3.6/site-packages/airflow/example_dags/example_nested_branch_dag.py
[2026-09-23 12:12:45,210] {scheduler_job.py:629} INFO - Processing file /home/airflow/.local/lib/python3.6/site-packages/airflow/example_dags/example_nested_branch_dag.py for tasks to queue
[2026-09-23 12:12:45,211] {logging_mixin.py:104} INFO - [2026-09-23 12:12:45,211] {dagbag.py:451} INFO - Filling up the DagBag from /home/airflow/.local/lib/python3.6/site-packages/airflow/example_dags/example_nested_branch_dag.py
[2026-09-23 12:12:45,236] {scheduler_job.py:639} INFO - DAG(s) dict_keys(['example_nested_branch_dag']) retrieved from /home/airflow/.local/lib/python3.6/site-packages/airflow/example_dags/example_nested_branch_dag.py
[2026-09-23 12:12:45,274] {logging_mixin.py:104} INFO - [2026-09-23 12:12:45,274] {dag.py:1824} INFO - Sync 1 DAGs
[2026-09-23 12:12:45,322] {logging_mixin.py:104} INFO - [2026-09-23 12:12:45,322] {dag.py:2280} INFO - Setting next_dagrun for example_nested_branch_dag to 2026-09-21 00:00:00+00:00
[2026-09-23 12:12:45,340] {scheduler_job.py:190} INFO - Processing /home/airflow/.local/lib/python3.6/site-packages/airflow/example_dags/example_nested_branch_dag.py took 0.140 seconds
[2026-09-23 12:13:16,331] {scheduler_job.py:182} INFO - Started process (PID=2642) to work on /home/airflow/.local/lib/python3.6/site-packages/airflow/example_dags/example_nested_branch_dag.py
[2026-09-23 12:13:16,332] {scheduler_job.py:629} INFO - Processing file /home/airflow/.local/lib/python3.6/site-packages/airflow/example_dags/example_nested_branch_dag.py for tasks to queue
[2026-09-23 12:13:16,333] {logging_mixin.py:104} INFO - [2026-09-23 12:13:16,333] {dagbag.py:451} INFO - Filling up the DagBag from /home/airflow/.local/lib/python3.6/site-packages/airflow/example_dags/example_nested_branch_dag.py
[2026-09-23 12:13:16,362] {scheduler_job.py:639} INFO - DAG(s) dict_keys(['example_nested_branch_dag']) retrieved from /home/airflow/.local/lib/python3.6/site-packages/airflow/example_dags/example_nested_branch_dag.py
[2026-09-23 12:13:16,391] {logging_mixin.py:104} INFO - [2026-09-23 12:13:16,391] {dag.py:1824} INFO - Sync 1 DAGs
[2026-09-23 12:13:16,424] {logging_mixin.py:104} INFO - [2026-09-23 12:13:16,424] {dag.py:2280} INFO - Setting next_dagrun for example_nested_branch_dag to 2026-09-21 00:00:00+00:00
[2026-09-23 12:13:16,439] {scheduler_job.py:190} INFO - Processing /home/airflow/.local/lib/python3.6/site-packages/airflow/example_dags/example_nested_branch_dag.py took 0.114 seconds
[2026-09-23 12:13:46,482] {scheduler_job.py:182} INFO - Started process (PID=2669) to work on /home/airflow/.local/lib/python3.6/site-packages/airflow/example_dags/example_nested_branch_dag.py
[2026-09-23 12:13:46,483] {scheduler_job.py:629} INFO - Processing file /home/airflow/.local/lib/python3.6/site-packages/airflow/example_dags/example_nested_branch_dag.py for tasks to queue
[2026-09-23 12:13:46,484] {logging_mixin.py:104} INFO - [2026-09-23 12:13:46,484] {dagbag.py:451} INFO - Filling up the DagBag from /home/airflow/.local/lib/python3.6/site-packages/airflow/example_dags/example_nested_branch_dag.py
[2026-09-23 12:13:46,505] {scheduler_job.py:639} INFO - DAG(s) dict_keys(['example_nested_branch_dag']) retrieved from /home/airflow/.local/lib/python3.6/site-packages/airflow/example_dags/example_nested_branch_dag.py
[2026-09-23 12:13:46,532] {logging_mixin.py:104} INFO - [2026-09-23 12:13:46,531] {dag.py:1824} INFO - Sync 1 DAGs
[2026-09-23 12:13:46,559] {logging_mixin.py:104} INFO - [2026-09-23 12:13:46,559] {dag.py:2280} INFO - Setting next_dagrun for example_nested_branch_dag to 2026-09-21 00:00:00+00:00
[2026-09-23 12:13:46,575] {scheduler_job.py:190} INFO - Processing /home/airflow/.local/lib/python3.6/site-packages/airflow/example_dags/example_nested_branch_dag.py took 0.097 seconds
