[2026-09-23 11:22:13,632] {scheduler_job.py:182} INFO - Started process (PID=43) to work on /home/airflow/.local/lib/python3.6/site-packages/airflow/example_dags/example_trigger_target_dag.py
[2026-09-23 11:22:13,634] {scheduler_job.py:629} INFO - Processing file /home/airflow/.local/lib/python3.6/site-packages/airflow/example_dags/example_trigger_target_dag.py for tasks to queue
[2026-09-23 11:22:13,636] {logging_mixin.py:104} INFO - [2026-09-23 11:22:13,635] {dagbag.py:451} INFO - Filling up the DagBag from /home/airflow/.local/lib/python3.6/site-packages/airflow/example_dags/example_trigger_target_dag.py
[2026-09-23 11:22:13,659] {scheduler_job.py:639} INFO - DAG(s) dict_keys(['example_trigger_target_dag']) retrieved from /home/airflow/.local/lib/python3.6/site-packages/airflow/example_dags/example_trigger_target_dag.py
[2026-09-23 11:22:13,709] {logging_mixin.py:104} INFO - [2026-09-23 11:22:13,709] {dag.py:1824} INFO - Sync 1 DAGs
[2026-09-23 11:22:13,741] {logging_mixin.py:104} INFO - [2026-09-23 11:22:13,740] {dag.py:2280} INFO - Setting next_dagrun for example_trigger_target_dag to None
[2026-09-23 11:22:13,773] {scheduler_job.py:190} INFO - Processing /home/airflow/.local/lib/python3.6/site-packages/airflow/example_dags/example_trigger_target_dag.py took 0.154 seconds
[2026-09-23 11:22:44,041] {scheduler_job.py:182} INFO - Started process (PID=69) to work on /home/airflow/.local/lib/python3.6/site-packages/airflow/example_dags/example_trigger_target_dag.py
[2026-09-23 11:22:44,042] {scheduler_job.py:629} INFO - Processing file /home/airflow/.local/lib/python3.6/site-packages/airflow/example_dags/example_trigger_target_dag.py for tasks to queue
[2026-09-23 11:22:44,043] {logging_mixin.py:104} INFO - [2026-09-23 11:22:44,043] {dagbag.py:451} INFO - Filling up the DagBag from /home/airflow/.local/lib/python3.6/site-packages/airflow/example_dags/example_trigger_target_dag.py
[2026-09-23 11:22:44,059] {scheduler_job.py:639} INFO - DAG(s) dict_keys(['example_trigger_target_dag']) retrieved from /home/airflow/.local/lib/python3.6/site-packages/airflow/example_dags/example_trigger_target_dag.py
[2026-09-23 11:22:44,090] {logging_mixin.py:104} INFO - [2026-09-23 11:22:44,090] {dag.py:1824} INFO - Sync 1 DAGs
[2026-09-23 11:22:44,112] {logging_mixin.py:104} INFO - [2026-09-23 11:22:44,112] {dag.py:2280} INFO - Setting next_dagrun for example_trigger_target_dag to None
[2026-09-23 11:22:44,126] {scheduler_job.py:190} INFO - Processing /home/airflow/.local/lib/python3.6/site-packages/airflow/example_dags/example_trigger_target_dag.py took 0.089 seconds
[2026-09-23 11:23:15,095] {scheduler_job.py:182} INFO - Started process (PID=97) to work on /home/airflow/.local/lib/python3.6/site-packages/airflow/example_dags/example_trigger_target_dag.py
[2026-09-23 11:23:15,096] {scheduler_job.py:629} INFO - Processing file /home/airflow/.local/lib/python3.6/site-packages/airflow/example_dags/example_trigger_target_dag.py for tasks to queue
[2026-09-23 11:23:15,097] {logging_mixin.py:104} INFO - [2026-09-23 11:23:15,096] {dagbag.py:451} INFO - Filling up the DagBag from /home/airflow/.local/lib/python3.6/site-packages/airflow/example_dags/example_trigger_target_dag.py
[2026-09-23 11:23:15,113] {scheduler_job.py:639} INFO - DAG(s) dict_keys(['example_trigger_target_dag']) retrieved from /home/airflow/.local/lib/python3.6/site-packages/airflow/example_dags/example_trigger_target_dag.py
[2026-09-23 11:23:15,146] {logging_mixin.py:104} INFO - [2026-09-23 11:23:15,146] {dag.py:1824} INFO - Sync 1 DAGs
[2026-09-23 11:23:15,174] {logging_mixin.py:104} INFO - [2026-09-23 11:23:15,174] {dag.py:2280} INFO - Setting next_dagrun for example_trigger_target_dag to None
[2026-09-23 11:23:15,189] {scheduler_job.py:190} INFO - Processing /home/airflow/.local/lib/python3.6/site-packages/airflow/example_dags/example_trigger_target_dag.py took 0.098 seconds
[2026-09-23 11:23:45,983] {scheduler_job.py:182} INFO - Started process (PID=124) to work on /home/airflow/.local/lib/python3.6/site-packages/airflow/example_dags/example_trigger_target_dag.py
[2026-09-23 11:23:45,984] {scheduler_job.py:629} INFO - Processing file /home/airflow/.local/lib/python3.6/site-packages/airflow/example_dags/example_trigger_target_dag.py for tasks to queue
[2026-09-23 11:23:45,985] {logging_mixin.py:104} INFO - [2026-09-23 11:23:45,985] {dagbag.py:451} INFO - Filling up the DagBag from /home/airflow/.local/lib/python3.6/site-packages/airflow/example_dags/example_trigger_target_dag.py
[2026-09-23 11:23:46,002] {scheduler_job.py:639} INFO - DAG(s) dict_keys(['example_trigger_target_dag']) retrieved from /home/airflow/.local/lib/python3.6/site-packages/airflow/example_dags/example_trigger_target_dag.py
[2026-09-23 11:23:46,030] {logging_mixin.py:104} INFO - [2026-09-23 11:23:46,030] {dag.py:1824} INFO - Sync 1 DAGs
[2026-09-23 11:23:46,055] {logging_mixin.py:104} INFO - [2026-09-23 11:23:46,055] {dag.py:2280} INFO - Setting next_dagrun for example_trigger_target_dag to None
[2026-09-23 11:23:46,072] {scheduler_job.py:190} INFO - Processing /home/airflow/.local/lib/python3.6/site-packages/airflow/example_dags/example_trigger_target_dag.py took 0.094 seconds
[2026-09-23 11:24:16,736] {scheduler_job.py:182} INFO - Started process (PID=149) to work on /home/airflow/.local/lib/python3.6/site-packages/airflow/example_dags/example_trigger_target_dag.py
[2026-09-23 11:24:16,737] {scheduler_job.py:629} INFO - Processing file /home/airflow/.local/lib/python3.6/site-packages/airflow/example_dags/example_trigger_target_dag.py for tasks to queue
[2026-09-23 11:24:16,738] {logging_mixin.py:104} INFO - [2026-09-23 11:24:16,738] {dagbag.py:451} INFO - Filling up the DagBag from /home/airflow/.local/lib/python3.6/site-packages/airflow/example_dags/example_trigger_target_dag.py
[2026-09-23 11:24:16,754] {scheduler_job.py:639} INFO - DAG(s) dict_keys(['example_trigger_target_dag']) retrieved from /home/airflow/.local/lib/python3.6/site-packages/airflow/example_dags/example_trigger_target_dag.py
[2026-09-23 11:24:16,780] {logging_mixin.py:104} INFO - [2026-09-23 11:24:16,780] {dag.py:1824} INFO - Sync 1 DAGs
[2026-09-23 11:24:16,808] {logging_mixin.py:104} INFO - [2026-09-23 11:24:16,808] {dag.py:2280} INFO - Setting next_dagrun for example_trigger_target_dag to None
[2026-09-23 11:24:16,826] {scheduler_job.py:190} INFO - Processing /home/airflow/.local/lib/python3.6/site-packages/airflow/example_dags/example_trigger_target_dag.py took 0.095 seconds
[2026-09-23 11:24:47,410] {scheduler_job.py:182} INFO - Started process (PID=176) to work on /home/airflow/.local/lib/python3.6/site-packages/airflow/example_dags/example_trigger_target_dag.py
[2026-09-23 11:24:47,412] {scheduler_job.py:629} INFO - Processing file /home/airflow/.local/lib/python3.6/site-packages/airflow/example_dags/example_trigger_target_dag.py for tasks to queue
[2026-09-23 11:24:47,413] {logging_mixin.py:104} INFO - [2026-09-23 11:24:47,413] {dagbag.py:451} INFO - Filling up the DagBag from /home/airflow/.local/lib/python3.6/site-packages/airflow/example_dags/example_trigger_target_dag.py
[2026-09-23 11:24:47,429] {scheduler_job.py:639} INFO - DAG(s) dict_keys(['example_trigger_target_dag']) retrieved from /home/airflow/.local/lib/python3.6/site-packages/airflow/example_dags/example_trigger_target_dag.py
[2026-09-23 11:24:47,453] {logging_mixin.py:104} INFO - [2026-09-23 11:24:47,453] {dag.py:1824} INFO - Sync 1 DAGs
[2026-09-23 11:24:47,475] {logging_mixin.py:104} INFO - [2026-09-23 11:24:47,475] {dag.py:2280} INFO - Setting next_dagrun for example_trigger_target_dag to None
[2026-09-23 11:24:47,490] {scheduler_job.py:190} INFO - Processing /home/airflow/.local/lib/python3.6/site-packages/airflow/example_dags/example_trigger_target_dag.py took 0.084 seconds
[2026-09-23 11:25:17,942] {scheduler_job.py:182} INFO - Started process (PID=202) to work on /home/airflow/.local/lib/python3.6/site-packages/airflow/example_dags/example_trigger_target_dag.py
[2026-09-23 11:25:17,943] {scheduler_job.py:629} INFO - Processing file /home/airflow/.local/lib/python3.6/site-packages/airflow/example_dags/example_trigger_target_dag.py for tasks to queue
[2026-09-23 11:25:17,944] {logging_mixin.py:104} INFO - [2026-09-23 11:25:17,944] {dagbag.py:451} INFO - Filling up the DagBag from /home/airflow/.local/lib/python3.6/site-packages/airflow/example_dags/example_trigger_target_dag.py
[2026-09-23 11:25:17,958] {scheduler_job.py:639} INFO - DAG(s) dict_keys(['example_trigger_target_dag']) retrieved from /home/airflow/.local/lib/python3.6/site-packages/airflow/example_dags/example_trigger_target_dag.py
[2026-09-23 11:25:17,983] {logging_mixin.py:104} INFO - [2026-09-23 11:25:17,982] {dag.py:1824} INFO - Sync 1 DAGs
[2026-09-23 11:25:18,000] {logging_mixin.py:104} INFO - [2026-09-23 11:25:17,999] {dag.py:2280} INFO - Setting next_dagrun for example_trigger_target_dag to None
[2026-09-23 11:25:18,014] {scheduler_job.py:190} INFO - Processing /home/airflow/.local/lib/python3.6/site-packages/airflow/example_dags/example_trigger_target_dag.py took 0.076 seconds
[2026-09-23 11:25:48,224] {scheduler_job.py:182} INFO - Started process (PID=226) to work on /home/airflow/.local/lib/python3.6/site-packages/airflow/example_dags/example_trigger_target_dag.py
[2026-09-23 11:25:48,226] {scheduler_job.py:629} INFO - Processing file /home/airflow/.local/lib/python3.6/site-packages/airflow/example_dags/example_trigger_target_dag.py for tasks to queue
[2026-09-23 11:25:48,227] {logging_mixin.py:104} INFO - [2026-09-23 11:25:48,227] {dagbag.py:451} INFO - Filling up the DagBag from /home/airflow/.local/lib/python3.6/site-packages/airflow/example_dags/example_trigger_target_dag.py
[2026-09-23 11:25:48,248] {scheduler_job.py:639} INFO - DAG(s) dict_keys(['example_trigger_target_dag']) retrieved from /home/airflow/.local/lib/python3.6/site-packages/airflow/example_dags/example_trigger_target_dag.py
[2026-09-23 11:25:48,281] {logging_mixin.py:104} INFO - [2026-09-23 11:25:48,281] {dag.py:1824} INFO - Sync 1 DAGs
[2026-09-23 11:25:48,305] {logging_mixin.py:104} INFO - [2026-09-23 11:25:48,305] {dag.py:2280} INFO - Setting next_dagrun for example_trigger_target_dag to None
[2026-09-23 11:25:48,321] {scheduler_job.py:190} INFO - Processing /home/airflow/.local/lib/python3.6/site-packages/airflow/example_dags/example_trigger_target_dag.py took 0.102 seconds
[2026-09-23 11:26:18,811] {scheduler_job.py:182} INFO - Started process (PID=252) to work on /home/airflow/.local/lib/python3.6/site-packages/airflow/example_dags/example_trigger_target_dag.py
[2026-09-23 11:26:18,813] {scheduler_job.py:629} INFO - Processing file /home/airflow/.local/lib/python3.6/site-packages/airflow/example_dags/example_trigger_target_dag.py for tasks to queue
[2026-09-23 11:26:18,815] {logging_mixin.py:104} INFO - [2026-09-23 11:26:18,814] {dagbag.py:451} INFO - Filling up the DagBag from /home/airflow/.local/lib/python3.6/site-packages/airflow/example_dags/example_trigger_target_dag.py
[2026-09-23 11:26:18,838] {scheduler_job.py:639} INFO - DAG(s) dict_keys(['example_trigger_target_dag']) retrieved from /home/airflow/.local/lib/python3.6/site-packages/airflow/example_dags/example_trigger_target_dag.py
[2026-09-23 11:26:18,873] {logging_mixin.py:104} INFO - [2026-09-23 11:26:18,873] {dag.py:1824} INFO - Sync 1 DAGs
[2026-09-23 11:26:18,901] {logging_mixin.py:104} INFO - [2026-09-23 11:26:18,900] {dag.py:2280} INFO - Setting next_dagrun for example_trigger_target_dag to None
[2026-09-23 11:26:18,919] {scheduler_job.py:190} INFO - Processing /home/airflow/.local/lib/python3.6/site-packages/airflow/example_dags/example_trigger_target_dag.py took 0.114 seconds
[2026-09-23 11:26:49,634] {scheduler_job.py:182} INFO - Started process (PID=278) to work on /home/airflow/.local/lib/python3.6/site-packages/airflow/example_dags/example_trigger_target_dag.py
[2026-09-23 11:26:49,635] {scheduler_job.py:629} INFO - Processing file /home/airflow/.local/lib/python3.6/site-packages/airflow/example_dags/example_trigger_target_dag.py for tasks to queue
[2026-09-23 11:26:49,636] {logging_mixin.py:104} INFO - [2026-09-23 11:26:49,636] {dagbag.py:451} INFO - Filling up the DagBag from /home/airflow/.local/lib/python3.6/site-packages/airflow/example_dags/example_trigger_target_dag.py
[2026-09-23 11:26:49,655] {scheduler_job.py:639} INFO - DAG(s) dict_keys(['example_trigger_target_dag']) retrieved from /home/airflow/.local/lib/python3.6/site-packages/airflow/example_dags/example_trigger_target_dag.py
[2026-09-23 11:26:49,688] {logging_mixin.py:104} INFO - [2026-09-23 11:26:49,688] {dag.py:1824} INFO - Sync 1 DAGs
[2026-09-23 11:26:49,718] {logging_mixin.py:104} INFO - [2026-09-23 11:26:49,718] {dag.py:2280} INFO - Setting next_dagrun for example_trigger_target_dag to None
[2026-09-23 11:26:49,741] {scheduler_job.py:190} INFO - Processing /home/airflow/.local/lib/python3.6/site-packages/airflow/example_dags/example_trigger_target_dag.py took 0.112 seconds
[2026-09-23 11:27:20,608] {scheduler_job.py:182} INFO - Started process (PID=305) to work on /home/airflow/.local/lib/python3.6/site-packages/airflow/example_dags/example_trigger_target_dag.py
[2026-09-23 11:27:20,609] {scheduler_job.py:629} INFO - Processing file /home/airflow/.local/lib/python3.6/site-packages/airflow/example_dags/example_trigger_target_dag.py for tasks to queue
[2026-09-23 11:27:20,610] {logging_mixin.py:104} INFO - [2026-09-23 11:27:20,610] {dagbag.py:451} INFO - Filling up the DagBag from /home/airflow/.local/lib/python3.6/site-packages/airflow/example_dags/example_trigger_target_dag.py
[2026-09-23 11:27:20,625] {scheduler_job.py:639} INFO - DAG(s) dict_keys(['example_trigger_target_dag']) retrieved from /home/airflow/.local/lib/python3.6/site-packages/airflow/example_dags/example_trigger_target_dag.py
[2026-09-23 11:27:20,656] {logging_mixin.py:104} INFO - [2026-09-23 11:27:20,656] {dag.py:1824} INFO - Sync 1 DAGs
[2026-09-23 11:27:20,676] {logging_mixin.py:104} INFO - [2026-09-23 11:27:20,675] {dag.py:2280} INFO - Setting next_dagrun for example_trigger_target_dag to None
[2026-09-23 11:27:20,697] {scheduler_job.py:190} INFO - Processing /home/airflow/.local/lib/python3.6/site-packages/airflow/example_dags/example_trigger_target_dag.py took 0.093 seconds
[2026-09-23 11:27:51,599] {scheduler_job.py:182} INFO - Started process (PID=332) to work on /home/airflow/.local/lib/python3.6/site-packages/airflow/example_dags/example_trigger_target_dag.py
[2026-09-23 11:27:51,601] {scheduler_job.py:629} INFO - Processing file /home/airflow/.local/lib/python3.6/site-packages/airflow/example_dags/example_trigger_target_dag.py for tasks to queue
[2026-09-23 11:27:51,603] {logging_mixin.py:104} INFO - [2026-09-23 11:27:51,603] {dagbag.py:451} INFO - Filling up the DagBag from /home/airflow/.local/lib/python3.6/site-packages/airflow/example_dags/example_trigger_target_dag.py
[2026-09-23 11:27:51,630] {scheduler_job.py:639} INFO - DAG(s) dict_keys(['example_trigger_target_dag']) retrieved from /home/airflow/.local/lib/python3.6/site-packages/airflow/example_dags/example_trigger_target_dag.py
[2026-09-23 11:27:51,669] {logging_mixin.py:104} INFO - [2026-09-23 11:27:51,669] {dag.py:1824} INFO - Sync 1 DAGs
[2026-09-23 11:27:51,702] {logging_mixin.py:104} INFO - [2026-09-23 11:27:51,702] {dag.py:2280} INFO - Setting next_dagrun for example_trigger_target_dag to None
[2026-09-23 11:27:51,725] {scheduler_job.py:190} INFO - Processing /home/airflow/.local/lib/python3.6/site-packages/airflow/example_dags/example_trigger_target_dag.py took 0.133 seconds
[2026-09-23 11:28:21,769] {scheduler_job.py:182} INFO - Started process (PID=357) to work on /home/airflow/.local/lib/python3.6/site-packages/airflow/example_dags/example_trigger_target_dag.py
[2026-09-23 11:28:21,770] {scheduler_job.py:629} INFO - Processing file /home/airflow/.local/lib/python3.6/site-packages/airflow/example_dags/example_trigger_target_dag.py for tasks to queue
[2026-09-23 11:28:21,772] {logging_mixin.py:104} INFO - [2026-09-23 11:28:21,771] {dagbag.py:451} INFO - Filling up the DagBag from /home/airflow/.local/lib/python3.6/site-packages/airflow/example_dags/example_trigger_target_dag.py
[2026-09-23 11:28:21,794] {scheduler_job.py:639} INFO - DAG(s) dict_keys(['example_trigger_target_dag']) retrieved from /home/airflow/.local/lib/python3.6/site-packages/airflow/example_dags/example_trigger_target_dag.py
[2026-09-23 11:28:21,835] {logging_mixin.py:104} INFO - [2026-09-23 11:28:21,835] {dag.py:1824} INFO - Sync 1 DAGs
[2026-09-23 11:28:21,866] {logging_mixin.py:104} INFO - [2026-09-23 11:28:21,865] {dag.py:2280} INFO - Setting next_dagrun for example_trigger_target_dag to None
[2026-09-23 11:28:21,882] {scheduler_job.py:190} INFO - Processing /home/airflow/.local/lib/python3.6/site-packages/airflow/example_dags/example_trigger_target_dag.py took 0.119 seconds
[2026-09-23 11:28:52,522] {scheduler_job.py:182} INFO - Started process (PID=384) to work on /home/airflow/.local/lib/python3.6/site-packages/airflow/example_dags/example_trigger_target_dag.py
[2026-09-23 11:28:52,523] {scheduler_job.py:629} INFO - Processing file /home/airflow/.local/lib/python3.6/site-packages/airflow/example_dags/example_trigger_target_dag.py for tasks to queue
[2026-09-23 11:28:52,524] {logging_mixin.py:104} INFO - [2026-09-23 11:28:52,524] {dagbag.py:451} INFO - Filling up the DagBag from /home/airflow/.local/lib/python3.6/site-packages/airflow/example_dags/example_trigger_target_dag.py
[2026-09-23 11:28:52,541] {scheduler_job.py:639} INFO - DAG(s) dict_keys(['example_trigger_target_dag']) retrieved from /home/airflow/.local/lib/python3.6/site-packages/airflow/example_dags/example_trigger_target_dag.py
[2026-09-23 11:28:52,567] {logging_mixin.py:104} INFO - [2026-09-23 11:28:52,567] {dag.py:1824} INFO - Sync 1 DAGs
[2026-09-23 11:28:52,588] {logging_mixin.py:104} INFO - [2026-09-23 11:28:52,587] {dag.py:2280} INFO - Setting next_dagrun for example_trigger_target_dag to None
[2026-09-23 11:28:52,605] {scheduler_job.py:190} INFO - Processing /home/airflow/.local/lib/python3.6/site-packages/airflow/example_dags/example_trigger_target_dag.py took 0.088 seconds
[2026-09-23 11:29:22,859] {scheduler_job.py:182} INFO - Started process (PID=408) to work on /home/airflow/.local/lib/python3.6/site-packages/airflow/example_dags/example_trigger_target_dag.py
[2026-09-23 11:29:22,861] {scheduler_job.py:629} INFO - Processing file /home/airflow/.local/lib/python3.6/site-packages/airflow/example_dags/example_trigger_target_dag.py for tasks to queue
[2026-09-23 11:29:22,861] {logging_mixin.py:104} INFO - [2026-09-23 11:29:22,861] {dagbag.py:451} INFO - Filling up the DagBag from /home/airflow/.local/lib/python3.6/site-packages/airflow/example_dags/example_trigger_target_dag.py
[2026-09-23 11:29:22,875] {scheduler_job.py:639} INFO - DAG(s) dict_keys(['example_trigger_target_dag']) retrieved from /home/airflow/.local/lib/python3.6/site-packages/airflow/example_dags/example_trigger_target_dag.py
[2026-09-23 11:29:22,899] {logging_mixin.py:104} INFO - [2026-09-23 11:29:22,899] {dag.py:1824} INFO - Sync 1 DAGs
[2026-09-23 11:29:22,917] {logging_mixin.py:104} INFO - [2026-09-23 11:29:22,917] {dag.py:2280} INFO - Setting next_dagrun for example_trigger_target_dag to None
[2026-09-23 11:29:22,929] {scheduler_job.py:190} INFO - Processing /home/airflow/.local/lib/python3.6/site-packages/airflow/example_dags/example_trigger_target_dag.py took 0.074 seconds
[2026-09-23 11:29:53,579] {scheduler_job.py:182} INFO - Started process (PID=435) to work on /home/airflow/.local/lib/python3.6/site-packages/airflow/example_dags/example_trigger_target_dag.py
[2026-09-23 11:29:53,580] {scheduler_job.py:629} INFO - Processing file /home/airflow/.local/lib/python3.6/site-packages/airflow/example_dags/example_trigger_target_dag.py for tasks to queue
[2026-09-23 11:29:53,581] {logging_mixin.py:104} INFO - [2026-09-23 11:29:53,581] {dagbag.py:451} INFO - Filling up the DagBag from /home/airflow/.local/lib/python3.6/site-packages/airflow/example_dags/example_trigger_target_dag.py
[2026-09-23 11:29:53,596] {scheduler_job.py:639} INFO - DAG(s) dict_keys(['example_trigger_target_dag']) retrieved from /home/airflow/.local/lib/python3.6/site-packages/airflow/example_dags/example_trigger_target_dag.py
[2026-09-23 11:29:53,629] {logging_mixin.py:104} INFO - [2026-09-23 11:29:53,629] {dag.py:1824} INFO - Sync 1 DAGs
[2026-09-23 11:29:53,661] {logging_mixin.py:104} INFO - [2026-09-23 11:29:53,661] {dag.py:2280} INFO - Setting next_dagrun for example_trigger_target_dag to None
[2026-09-23 11:29:53,685] {scheduler_job.py:190} INFO - Processing /home/airflow/.local/lib/python3.6/site-packages/airflow/example_dags/example_trigger_target_dag.py took 0.110 seconds
[2026-09-23 11:30:24,274] {scheduler_job.py:182} INFO - Started process (PID=462) to work on /home/airflow/.local/lib/python3.6/site-packages/airflow/example_dags/example_trigger_target_dag.py
[2026-09-23 11:30:24,275] {scheduler_job.py:629} INFO - Processing file /home/airflow/.local/lib/python3.6/site-packages/airflow/example_dags/example_trigger_target_dag.py for tasks to queue
[2026-09-23 11:30:24,276] {logging_mixin.py:104} INFO - [2026-09-23 11:30:24,276] {dagbag.py:451} INFO - Filling up the DagBag from /home/airflow/.local/lib/python3.6/site-packages/airflow/example_dags/example_trigger_target_dag.py
[2026-09-23 11:30:24,292] {scheduler_job.py:639} INFO - DAG(s) dict_keys(['example_trigger_target_dag']) retrieved from /home/airflow/.local/lib/python3.6/site-packages/airflow/example_dags/example_trigger_target_dag.py
[2026-09-23 11:30:24,318] {logging_mixin.py:104} INFO - [2026-09-23 11:30:24,318] {dag.py:1824} INFO - Sync 1 DAGs
[2026-09-23 11:30:24,342] {logging_mixin.py:104} INFO - [2026-09-23 11:30:24,342] {dag.py:2280} INFO - Setting next_dagrun for example_trigger_target_dag to None
[2026-09-23 11:30:24,357] {scheduler_job.py:190} INFO - Processing /home/airflow/.local/lib/python3.6/site-packages/airflow/example_dags/example_trigger_target_dag.py took 0.088 seconds
[2026-09-23 11:30:54,900] {scheduler_job.py:182} INFO - Started process (PID=488) to work on /home/airflow/.local/lib/python3.6/site-packages/airflow/example_dags/example_trigger_target_dag.py
[2026-09-23 11:30:54,902] {scheduler_job.py:629} INFO - Processing file /home/airflow/.local/lib/python3.6/site-packages/airflow/example_dags/example_trigger_target_dag.py for tasks to queue
[2026-09-23 11:30:54,903] {logging_mixin.py:104} INFO - [2026-09-23 11:30:54,903] {dagbag.py:451} INFO - Filling up the DagBag from /home/airflow/.local/lib/python3.6/site-packages/airflow/example_dags/example_trigger_target_dag.py
[2026-09-23 11:30:54,927] {scheduler_job.py:639} INFO - DAG(s) dict_keys(['example_trigger_target_dag']) retrieved from /home/airflow/.local/lib/python3.6/site-packages/airflow/example_dags/example_trigger_target_dag.py
[2026-09-23 11:30:54,959] {logging_mixin.py:104} INFO - [2026-09-23 11:30:54,958] {dag.py:1824} INFO - Sync 1 DAGs
[2026-09-23 11:30:54,979] {logging_mixin.py:104} INFO - [2026-09-23 11:30:54,979] {dag.py:2280} INFO - Setting next_dagrun for example_trigger_target_dag to None
[2026-09-23 11:30:54,994] {scheduler_job.py:190} INFO - Processing /home/airflow/.local/lib/python3.6/site-packages/airflow/example_dags/example_trigger_target_dag.py took 0.100 seconds
[2026-09-23 11:31:25,388] {scheduler_job.py:182} INFO - Started process (PID=513) to work on /home/airflow/.local/lib/python3.6/site-packages/airflow/example_dags/example_trigger_target_dag.py
[2026-09-23 11:31:25,389] {scheduler_job.py:629} INFO - Processing file /home/airflow/.local/lib/python3.6/site-packages/airflow/example_dags/example_trigger_target_dag.py for tasks to queue
[2026-09-23 11:31:25,390] {logging_mixin.py:104} INFO - [2026-09-23 11:31:25,390] {dagbag.py:451} INFO - Filling up the DagBag from /home/airflow/.local/lib/python3.6/site-packages/airflow/example_dags/example_trigger_target_dag.py
[2026-09-23 11:31:25,405] {scheduler_job.py:639} INFO - DAG(s) dict_keys(['example_trigger_target_dag']) retrieved from /home/airflow/.local/lib/python3.6/site-packages/airflow/example_dags/example_trigger_target_dag.py
[2026-09-23 11:31:25,431] {logging_mixin.py:104} INFO - [2026-09-23 11:31:25,431] {dag.py:1824} INFO - Sync 1 DAGs
[2026-09-23 11:31:25,453] {logging_mixin.py:104} INFO - [2026-09-23 11:31:25,452] {dag.py:2280} INFO - Setting next_dagrun for example_trigger_target_dag to None
[2026-09-23 11:31:25,469] {scheduler_job.py:190} INFO - Processing /home/airflow/.local/lib/python3.6/site-packages/airflow/example_dags/example_trigger_target_dag.py took 0.085 seconds
[2026-09-23 11:31:55,919] {scheduler_job.py:182} INFO - Started process (PID=539) to work on /home/airflow/.local/lib/python3.6/site-packages/airflow/example_dags/example_trigger_target_dag.py
[2026-09-23 11:31:55,920] {scheduler_job.py:629} INFO - Processing file /home/airflow/.local/lib/python3.6/site-packages/airflow/example_dags/example_trigger_target_dag.py for tasks to queue
[2026-09-23 11:31:55,921] {logging_mixin.py:104} INFO - [2026-09-23 11:31:55,921] {dagbag.py:451} INFO - Filling up the DagBag from /home/airflow/.local/lib/python3.6/site-packages/airflow/example_dags/example_trigger_target_dag.py
[2026-09-23 11:31:55,936] {scheduler_job.py:639} INFO - DAG(s) dict_keys(['example_trigger_target_dag']) retrieved from /home/airflow/.local/lib/python3.6/site-packages/airflow/example_dags/example_trigger_target_dag.py
[2026-09-23 11:31:55,963] {logging_mixin.py:104} INFO - [2026-09-23 11:31:55,963] {dag.py:1824} INFO - Sync 1 DAGs
[2026-09-23 11:31:55,992] {logging_mixin.py:104} INFO - [2026-09-23 11:31:55,991] {dag.py:2280} INFO - Setting next_dagrun for example_trigger_target_dag to None
[2026-09-23 11:31:56,011] {scheduler_job.py:190} INFO - Processing /home/airflow/.local/lib/python3.6/site-packages/airflow/example_dags/example_trigger_target_dag.py took 0.096 seconds
[2026-09-23 11:32:26,396] {scheduler_job.py:182} INFO - Started process (PID=565) to work on /home/airflow/.local/lib/python3.6/site-packages/airflow/example_dags/example_trigger_target_dag.py
[2026-09-23 11:32:26,397] {scheduler_job.py:629} INFO - Processing file /home/airflow/.local/lib/python3.6/site-packages/airflow/example_dags/example_trigger_target_dag.py for tasks to queue
[2026-09-23 11:32:26,398] {logging_mixin.py:104} INFO - [2026-09-23 11:32:26,398] {dagbag.py:451} INFO - Filling up the DagBag from /home/airflow/.local/lib/python3.6/site-packages/airflow/example_dags/example_trigger_target_dag.py
[2026-09-23 11:32:26,413] {scheduler_job.py:639} INFO - DAG(s) dict_keys(['example_trigger_target_dag']) retrieved from /home/airflow/.local/lib/python3.6/site-packages/airflow/example_dags/example_trigger_target_dag.py
[2026-09-23 11:32:26,440] {logging_mixin.py:104} INFO - [2026-09-23 11:32:26,440] {dag.py:1824} INFO - Sync 1 DAGs
[2026-09-23 11:32:26,461] {logging_mixin.py:104} INFO - [2026-09-23 11:32:26,461] {dag.py:2280} INFO - Setting next_dagrun for example_trigger_target_dag to None
[2026-09-23 11:32:26,474] {scheduler_job.py:190} INFO - Processing /home/airflow/.local/lib/python3.6/site-packages/airflow/example_dags/example_trigger_target_dag.py took 0.082 seconds
[2026-09-23 11:32:56,938] {scheduler_job.py:182} INFO - Started process (PID=591) to work on /home/airflow/.local/lib/python3.6/site-packages/airflow/example_dags/example_trigger_target_dag.py
[2026-09-23 11:32:56,940] {scheduler_job.py:629} INFO - Processing file /home/airflow/.local/lib/python3.6/site-packages/airflow/example_dags/example_trigger_target_dag.py for tasks to queue
[2026-09-23 11:32:56,940] {logging_mixin.py:104} INFO - [2026-09-23 11:32:56,940] {dagbag.py:451} INFO - Filling up the DagBag from /home/airflow/.local/lib/python3.6/site-packages/airflow/example_dags/example_trigger_target_dag.py
[2026-09-23 11:32:56,955] {scheduler_job.py:639} INFO - DAG(s) dict_keys(['example_trigger_target_dag']) retrieved from /home/airflow/.local/lib/python3.6/site-packages/airflow/example_dags/example_trigger_target_dag.py
[2026-09-23 11:32:56,982] {logging_mixin.py:104} INFO - [2026-09-23 11:32:56,981] {dag.py:1824} INFO - Sync 1 DAGs
[2026-09-23 11:32:57,003] {logging_mixin.py:104} INFO - [2026-09-23 11:32:57,002] {dag.py:2280} INFO - Setting next_dagrun for example_trigger_target_dag to None
[2026-09-23 11:32:57,021] {scheduler_job.py:190} INFO - Processing /home/airflow/.local/lib/python3.6/site-packages/airflow/example_dags/example_trigger_target_dag.py took 0.087 seconds
[2026-09-23 11:33:27,453] {scheduler_job.py:182} INFO - Started process (PID=617) to work on /home/airflow/.local/lib/python3.6/site-packages/airflow/example_dags/example_trigger_target_dag.py
[2026-09-23 11:33:27,455] {scheduler_job.py:629} INFO - Processing file /home/airflow/.local/lib/python3.6/site-packages/airflow/example_dags/example_trigger_target_dag.py for tasks to queue
[2026-09-23 11:33:27,455] {logging_mixin.py:104} INFO - [2026-09-23 11:33:27,455] {dagbag.py:451} INFO - Filling up the DagBag from /home/airflow/.local/lib/python3.6/site-packages/airflow/example_dags/example_trigger_target_dag.py
[2026-09-23 11:33:27,472] {scheduler_job.py:639} INFO - DAG(s) dict_keys(['example_trigger_target_dag']) retrieved from /home/airflow/.local/lib/python3.6/site-packages/airflow/example_dags/example_trigger_target_dag.py
[2026-09-23 11:33:27,496] {logging_mixin.py:104} INFO - [2026-09-23 11:33:27,496] {dag.py:1824} INFO - Sync 1 DAGs
[2026-09-23 11:33:27,517] {logging_mixin.py:104} INFO - [2026-09-23 11:33:27,516] {dag.py:2280} INFO - Setting next_dagrun for example_trigger_target_dag to None
[2026-09-23 11:33:27,530] {scheduler_job.py:190} INFO - Processing /home/airflow/.local/lib/python3.6/site-packages/airflow/example_dags/example_trigger_target_dag.py took 0.080 seconds
[2026-09-23 11:33:57,982] {scheduler_job.py:182} INFO - Started process (PID=644) to work on /home/airflow/.local/lib/python3.6/site-packages/airflow/example_dags/example_trigger_target_dag.py
[2026-09-23 11:33:57,983] {scheduler_job.py:629} INFO - Processing file /home/airflow/.local/lib/python3.6/site-packages/airflow/example_dags/example_trigger_target_dag.py for tasks to queue
[2026-09-23 11:33:57,984] {logging_mixin.py:104} INFO - [2026-09-23 11:33:57,984] {dagbag.py:451} INFO - Filling up the DagBag from /home/airflow/.local/lib/python3.6/site-packages/airflow/example_dags/example_trigger_target_dag.py
[2026-09-23 11:33:58,003] {scheduler_job.py:639} INFO - DAG(s) dict_keys(['example_trigger_target_dag']) retrieved from /home/airflow/.local/lib/python3.6/site-packages/airflow/example_dags/example_trigger_target_dag.py
[2026-09-23 11:33:58,031] {logging_mixin.py:104} INFO - [2026-09-23 11:33:58,031] {dag.py:1824} INFO - Sync 1 DAGs
[2026-09-23 11:33:58,051] {logging_mixin.py:104} INFO - [2026-09-23 11:33:58,051] {dag.py:2280} INFO - Setting next_dagrun for example_trigger_target_dag to None
[2026-09-23 11:33:58,065] {scheduler_job.py:190} INFO - Processing /home/airflow/.local/lib/python3.6/site-packages/airflow/example_dags/example_trigger_target_dag.py took 0.087 seconds
[2026-09-23 11:34:28,607] {scheduler_job.py:182} INFO - Started process (PID=669) to work on /home/airflow/.local/lib/python3.6/site-packages/airflow/example_dags/example_trigger_target_dag.py
[2026-09-23 11:34:28,610] {scheduler_job.py:629} INFO - Processing file /home/airflow/.local/lib/python3.6/site-packages/airflow/example_dags/example_trigger_target_dag.py for tasks to queue
[2026-09-23 11:34:28,611] {logging_mixin.py:104} INFO - [2026-09-23 11:34:28,611] {dagbag.py:451} INFO - Filling up the DagBag from /home/airflow/.local/lib/python3.6/site-packages/airflow/example_dags/example_trigger_target_dag.py
[2026-09-23 11:34:28,631] {scheduler_job.py:639} INFO - DAG(s) dict_keys(['example_trigger_target_dag']) retrieved from /home/airflow/.local/lib/python3.6/site-packages/airflow/example_dags/example_trigger_target_dag.py
[2026-09-23 11:34:28,662] {logging_mixin.py:104} INFO - [2026-09-23 11:34:28,662] {dag.py:1824} INFO - Sync 1 DAGs
[2026-09-23 11:34:28,681] {logging_mixin.py:104} INFO - [2026-09-23 11:34:28,681] {dag.py:2280} INFO - Setting next_dagrun for example_trigger_target_dag to None
[2026-09-23 11:34:28,697] {scheduler_job.py:190} INFO - Processing /home/airflow/.local/lib/python3.6/site-packages/airflow/example_dags/example_trigger_target_dag.py took 0.097 seconds
[2026-09-23 11:34:59,268] {scheduler_job.py:182} INFO - Started process (PID=696) to work on /home/airflow/.local/lib/python3.6/site-packages/airflow/example_dags/example_trigger_target_dag.py
[2026-09-23 11:34:59,269] {scheduler_job.py:629} INFO - Processing file /home/airflow/.local/lib/python3.6/site-packages/airflow/example_dags/example_trigger_target_dag.py for tasks to queue
[2026-09-23 11:34:59,270] {logging_mixin.py:104} INFO - [2026-09-23 11:34:59,270] {dagbag.py:451} INFO - Filling up the DagBag from /home/airflow/.local/lib/python3.6/site-packages/airflow/example_dags/example_trigger_target_dag.py
[2026-09-23 11:34:59,285] {scheduler_job.py:639} INFO - DAG(s) dict_keys(['example_trigger_target_dag']) retrieved from /home/airflow/.local/lib/python3.6/site-packages/airflow/example_dags/example_trigger_target_dag.py
[2026-09-23 11:34:59,310] {logging_mixin.py:104} INFO - [2026-09-23 11:34:59,309] {dag.py:1824} INFO - Sync 1 DAGs
[2026-09-23 11:34:59,328] {logging_mixin.py:104} INFO - [2026-09-23 11:34:59,328] {dag.py:2280} INFO - Setting next_dagrun for example_trigger_target_dag to None
[2026-09-23 11:34:59,342] {scheduler_job.py:190} INFO - Processing /home/airflow/.local/lib/python3.6/site-packages/airflow/example_dags/example_trigger_target_dag.py took 0.079 seconds
[2026-09-23 11:35:30,211] {scheduler_job.py:182} INFO - Started process (PID=722) to work on /home/airflow/.local/lib/python3.6/site-packages/airflow/example_dags/example_trigger_target_dag.py
[2026-09-23 11:35:30,214] {scheduler_job.py:629} INFO - Processing file /home/airflow/.local/lib/python3.6/site-packages/airflow/example_dags/example_trigger_target_dag.py for tasks to queue
[2026-09-23 11:35:30,215] {logging_mixin.py:104} INFO - [2026-09-23 11:35:30,214] {dagbag.py:451} INFO - Filling up the DagBag from /home/airflow/.local/lib/python3.6/site-packages/airflow/example_dags/example_trigger_target_dag.py
[2026-09-23 11:35:30,234] {scheduler_job.py:639} INFO - DAG(s) dict_keys(['example_trigger_target_dag']) retrieved from /home/airflow/.local/lib/python3.6/site-packages/airflow/example_dags/example_trigger_target_dag.py
[2026-09-23 11:35:30,272] {logging_mixin.py:104} INFO - [2026-09-23 11:35:30,271] {dag.py:1824} INFO - Sync 1 DAGs
[2026-09-23 11:35:30,297] {logging_mixin.py:104} INFO - [2026-09-23 11:35:30,297] {dag.py:2280} INFO - Setting next_dagrun for example_trigger_target_dag to None
[2026-09-23 11:35:30,317] {scheduler_job.py:190} INFO - Processing /home/airflow/.local/lib/python3.6/site-packages/airflow/example_dags/example_trigger_target_dag.py took 0.114 seconds
[2026-09-23 11:36:00,432] {scheduler_job.py:182} INFO - Started process (PID=745) to work on /home/airflow/.local/lib/python3.6/site-packages/airflow/example_dags/example_trigger_target_dag.py
[2026-09-23 11:36:00,434] {scheduler_job.py:629} INFO - Processing file /home/airflow/.local/lib/python3.6/site-packages/airflow/example_dags/example_trigger_target_dag.py for tasks to queue
[2026-09-23 11:36:00,434] {logging_mixin.py:104} INFO - [2026-09-23 11:36:00,434] {dagbag.py:451} INFO - Filling up the DagBag from /home/airflow/.local/lib/python3.6/site-packages/airflow/example_dags/example_trigger_target_dag.py
[2026-09-23 11:36:00,451] {scheduler_job.py:639} INFO - DAG(s) dict_keys(['example_trigger_target_dag']) retrieved from /home/airflow/.local/lib/python3.6/site-packages/airflow/example_dags/example_trigger_target_dag.py
[2026-09-23 11:36:00,481] {logging_mixin.py:104} INFO - [2026-09-23 11:36:00,481] {dag.py:1824} INFO - Sync 1 DAGs
[2026-09-23 11:36:00,500] {logging_mixin.py:104} INFO - [2026-09-23 11:36:00,500] {dag.py:2280} INFO - Setting next_dagrun for example_trigger_target_dag to None
[2026-09-23 11:36:00,518] {scheduler_job.py:190} INFO - Processing /home/airflow/.local/lib/python3.6/site-packages/airflow/example_dags/example_trigger_target_dag.py took 0.090 seconds
[2026-09-23 11:36:30,948] {scheduler_job.py:182} INFO - Started process (PID=771) to work on /home/airflow/.local/lib/python3.6/site-packages/airflow/example_dags/example_trigger_target_dag.py
[2026-09-23 11:36:30,950] {scheduler_job.py:629} INFO - Processing file /home/airflow/.local/lib/python3.6/site-packages/airflow/example_dags/example_trigger_target_dag.py for tasks to queue
[2026-09-23 11:36:30,950] {logging_mixin.py:104} INFO - [2026-09-23 11:36:30,950] {dagbag.py:451} INFO - Filling up the DagBag from /home/airflow/.local/lib/python3.6/site-packages/airflow/example_dags/example_trigger_target_dag.py
[2026-09-23 11:36:30,967] {scheduler_job.py:639} INFO - DAG(s) dict_keys(['example_trigger_target_dag']) retrieved from /home/airflow/.local/lib/python3.6/site-packages/airflow/example_dags/example_trigger_target_dag.py
[2026-09-23 11:36:30,997] {logging_mixin.py:104} INFO - [2026-09-23 11:36:30,997] {dag.py:1824} INFO - Sync 1 DAGs
[2026-09-23 11:36:31,024] {logging_mixin.py:104} INFO - [2026-09-23 11:36:31,024] {dag.py:2280} INFO - Setting next_dagrun for example_trigger_target_dag to None
[2026-09-23 11:36:31,040] {scheduler_job.py:190} INFO - Processing /home/airflow/.local/lib/python3.6/site-packages/airflow/example_dags/example_trigger_target_dag.py took 0.096 seconds
[2026-09-23 11:37:01,259] {scheduler_job.py:182} INFO - Started process (PID=796) to work on /home/airflow/.local/lib/python3.6/site-packages/airflow/example_dags/example_trigger_target_dag.py
[2026-09-23 11:37:01,261] {scheduler_job.py:629} INFO - Processing file /home/airflow/.local/lib/python3.6/site-packages/airflow/example_dags/example_trigger_target_dag.py for tasks to queue
[2026-09-23 11:37:01,262] {logging_mixin.py:104} INFO - [2026-09-23 11:37:01,262] {dagbag.py:451} INFO - Filling up the DagBag from /home/airflow/.local/lib/python3.6/site-packages/airflow/example_dags/example_trigger_target_dag.py
[2026-09-23 11:37:01,289] {scheduler_job.py:639} INFO - DAG(s) dict_keys(['example_trigger_target_dag']) retrieved from /home/airflow/.local/lib/python3.6/site-packages/airflow/example_dags/example_trigger_target_dag.py
[2026-09-23 11:37:01,330] {logging_mixin.py:104} INFO - [2026-09-23 11:37:01,330] {dag.py:1824} INFO - Sync 1 DAGs
[2026-09-23 11:37:01,364] {logging_mixin.py:104} INFO - [2026-09-23 11:37:01,364] {dag.py:2280} INFO - Setting next_dagrun for example_trigger_target_dag to None
[2026-09-23 11:37:01,381] {scheduler_job.py:190} INFO - Processing /home/airflow/.local/lib/python3.6/site-packages/airflow/example_dags/example_trigger_target_dag.py took 0.128 seconds
[2026-09-23 11:37:31,429] {scheduler_job.py:182} INFO - Started process (PID=822) to work on /home/airflow/.local/lib/python3.6/site-packages/airflow/example_dags/example_trigger_target_dag.py
[2026-09-23 11:37:31,432] {scheduler_job.py:629} INFO - Processing file /home/airflow/.local/lib/python3.6/site-packages/airflow/example_dags/example_trigger_target_dag.py for tasks to queue
[2026-09-23 11:37:31,433] {logging_mixin.py:104} INFO - [2026-09-23 11:37:31,433] {dagbag.py:451} INFO - Filling up the DagBag from /home/airflow/.local/lib/python3.6/site-packages/airflow/example_dags/example_trigger_target_dag.py
[2026-09-23 11:37:31,460] {scheduler_job.py:639} INFO - DAG(s) dict_keys(['example_trigger_target_dag']) retrieved from /home/airflow/.local/lib/python3.6/site-packages/airflow/example_dags/example_trigger_target_dag.py
[2026-09-23 11:37:31,500] {logging_mixin.py:104} INFO - [2026-09-23 11:37:31,499] {dag.py:1824} INFO - Sync 1 DAGs
[2026-09-23 11:37:31,525] {logging_mixin.py:104} INFO - [2026-09-23 11:37:31,525] {dag.py:2280} INFO - Setting next_dagrun for example_trigger_target_dag to None
[2026-09-23 11:37:31,543] {scheduler_job.py:190} INFO - Processing /home/airflow/.local/lib/python3.6/site-packages/airflow/example_dags/example_trigger_target_dag.py took 0.119 seconds
[2026-09-23 11:38:01,769] {scheduler_job.py:182} INFO - Started process (PID=848) to work on /home/airflow/.local/lib/python3.6/site-packages/airflow/example_dags/example_trigger_target_dag.py
[2026-09-23 11:38:01,771] {scheduler_job.py:629} INFO - Processing file /home/airflow/.local/lib/python3.6/site-packages/airflow/example_dags/example_trigger_target_dag.py for tasks to queue
[2026-09-23 11:38:01,772] {logging_mixin.py:104} INFO - [2026-09-23 11:38:01,772] {dagbag.py:451} INFO - Filling up the DagBag from /home/airflow/.local/lib/python3.6/site-packages/airflow/example_dags/example_trigger_target_dag.py
[2026-09-23 11:38:01,791] {scheduler_job.py:639} INFO - DAG(s) dict_keys(['example_trigger_target_dag']) retrieved from /home/airflow/.local/lib/python3.6/site-packages/airflow/example_dags/example_trigger_target_dag.py
[2026-09-23 11:38:01,819] {logging_mixin.py:104} INFO - [2026-09-23 11:38:01,818] {dag.py:1824} INFO - Sync 1 DAGs
[2026-09-23 11:38:01,840] {logging_mixin.py:104} INFO - [2026-09-23 11:38:01,840] {dag.py:2280} INFO - Setting next_dagrun for example_trigger_target_dag to None
[2026-09-23 11:38:01,860] {scheduler_job.py:190} INFO - Processing /home/airflow/.local/lib/python3.6/site-packages/airflow/example_dags/example_trigger_target_dag.py took 0.095 seconds
[2026-09-23 11:38:32,117] {scheduler_job.py:182} INFO - Started process (PID=874) to work on /home/airflow/.local/lib/python3.6/site-packages/airflow/example_dags/example_trigger_target_dag.py
[2026-09-23 11:38:32,120] {scheduler_job.py:629} INFO - Processing file /home/airflow/.local/lib/python3.6/site-packages/airflow/example_dags/example_trigger_target_dag.py for tasks to queue
[2026-09-23 11:38:32,122] {logging_mixin.py:104} INFO - [2026-09-23 11:38:32,122] {dagbag.py:451} INFO - Filling up the DagBag from /home/airflow/.local/lib/python3.6/site-packages/airflow/example_dags/example_trigger_target_dag.py
[2026-09-23 11:38:32,155] {scheduler_job.py:639} INFO - DAG(s) dict_keys(['example_trigger_target_dag']) retrieved from /home/airflow/.local/lib/python3.6/site-packages/airflow/example_dags/example_trigger_target_dag.py
[2026-09-23 11:38:32,192] {logging_mixin.py:104} INFO - [2026-09-23 11:38:32,191] {dag.py:1824} INFO - Sync 1 DAGs
[2026-09-23 11:38:32,213] {logging_mixin.py:104} INFO - [2026-09-23 11:38:32,213] {dag.py:2280} INFO - Setting next_dagrun for example_trigger_target_dag to None
[2026-09-23 11:38:32,229] {scheduler_job.py:190} INFO - Processing /home/airflow/.local/lib/python3.6/site-packages/airflow/example_dags/example_trigger_target_dag.py took 0.121 seconds
[2026-09-23 11:39:02,762] {scheduler_job.py:182} INFO - Started process (PID=899) to work on /home/airflow/.local/lib/python3.6/site-packages/airflow/example_dags/example_trigger_target_dag.py
[2026-09-23 11:39:02,764] {scheduler_job.py:629} INFO - Processing file /home/airflow/.local/lib/python3.6/site-packages/airflow/example_dags/example_trigger_target_dag.py for tasks to queue
[2026-09-23 11:39:02,770] {logging_mixin.py:104} INFO - [2026-09-23 11:39:02,769] {dagbag.py:451} INFO - Filling up the DagBag from /home/airflow/.local/lib/python3.6/site-packages/airflow/example_dags/example_trigger_target_dag.py
[2026-09-23 11:39:02,812] {scheduler_job.py:639} INFO - DAG(s) dict_keys(['example_trigger_target_dag']) retrieved from /home/airflow/.local/lib/python3.6/site-packages/airflow/example_dags/example_trigger_target_dag.py
[2026-09-23 11:39:02,850] {logging_mixin.py:104} INFO - [2026-09-23 11:39:02,850] {dag.py:1824} INFO - Sync 1 DAGs
[2026-09-23 11:39:02,882] {logging_mixin.py:104} INFO - [2026-09-23 11:39:02,882] {dag.py:2280} INFO - Setting next_dagrun for example_trigger_target_dag to None
[2026-09-23 11:39:02,905] {scheduler_job.py:190} INFO - Processing /home/airflow/.local/lib/python3.6/site-packages/airflow/example_dags/example_trigger_target_dag.py took 0.152 seconds
[2026-09-23 11:39:33,144] {scheduler_job.py:182} INFO - Started process (PID=925) to work on /home/airflow/.local/lib/python3.6/site-packages/airflow/example_dags/example_trigger_target_dag.py
[2026-09-23 11:39:33,150] {scheduler_job.py:629} INFO - Processing file /home/airflow/.local/lib/python3.6/site-packages/airflow/example_dags/example_trigger_target_dag.py for tasks to queue
[2026-09-23 11:39:33,151] {logging_mixin.py:104} INFO - [2026-09-23 11:39:33,151] {dagbag.py:451} INFO - Filling up the DagBag from /home/airflow/.local/lib/python3.6/site-packages/airflow/example_dags/example_trigger_target_dag.py
[2026-09-23 11:39:33,175] {scheduler_job.py:639} INFO - DAG(s) dict_keys(['example_trigger_target_dag']) retrieved from /home/airflow/.local/lib/python3.6/site-packages/airflow/example_dags/example_trigger_target_dag.py
[2026-09-23 11:39:33,217] {logging_mixin.py:104} INFO - [2026-09-23 11:39:33,217] {dag.py:1824} INFO - Sync 1 DAGs
[2026-09-23 11:39:33,248] {logging_mixin.py:104} INFO - [2026-09-23 11:39:33,247] {dag.py:2280} INFO - Setting next_dagrun for example_trigger_target_dag to None
[2026-09-23 11:39:33,267] {scheduler_job.py:190} INFO - Processing /home/airflow/.local/lib/python3.6/site-packages/airflow/example_dags/example_trigger_target_dag.py took 0.128 seconds
[2026-09-23 11:40:03,454] {scheduler_job.py:182} INFO - Started process (PID=950) to work on /home/airflow/.local/lib/python3.6/site-packages/airflow/example_dags/example_trigger_target_dag.py
[2026-09-23 11:40:03,456] {scheduler_job.py:629} INFO - Processing file /home/airflow/.local/lib/python3.6/site-packages/airflow/example_dags/example_trigger_target_dag.py for tasks to queue
[2026-09-23 11:40:03,457] {logging_mixin.py:104} INFO - [2026-09-23 11:40:03,457] {dagbag.py:451} INFO - Filling up the DagBag from /home/airflow/.local/lib/python3.6/site-packages/airflow/example_dags/example_trigger_target_dag.py
[2026-09-23 11:40:03,484] {scheduler_job.py:639} INFO - DAG(s) dict_keys(['example_trigger_target_dag']) retrieved from /home/airflow/.local/lib/python3.6/site-packages/airflow/example_dags/example_trigger_target_dag.py
[2026-09-23 11:40:03,526] {logging_mixin.py:104} INFO - [2026-09-23 11:40:03,526] {dag.py:1824} INFO - Sync 1 DAGs
[2026-09-23 11:40:03,558] {logging_mixin.py:104} INFO - [2026-09-23 11:40:03,558] {dag.py:2280} INFO - Setting next_dagrun for example_trigger_target_dag to None
[2026-09-23 11:40:03,581] {scheduler_job.py:190} INFO - Processing /home/airflow/.local/lib/python3.6/site-packages/airflow/example_dags/example_trigger_target_dag.py took 0.133 seconds
[2026-09-23 11:40:34,024] {scheduler_job.py:182} INFO - Started process (PID=976) to work on /home/airflow/.local/lib/python3.6/site-packages/airflow/example_dags/example_trigger_target_dag.py
[2026-09-23 11:40:34,026] {scheduler_job.py:629} INFO - Processing file /home/airflow/.local/lib/python3.6/site-packages/airflow/example_dags/example_trigger_target_dag.py for tasks to queue
[2026-09-23 11:40:34,027] {logging_mixin.py:104} INFO - [2026-09-23 11:40:34,027] {dagbag.py:451} INFO - Filling up the DagBag from /home/airflow/.local/lib/python3.6/site-packages/airflow/example_dags/example_trigger_target_dag.py
[2026-09-23 11:40:34,051] {scheduler_job.py:639} INFO - DAG(s) dict_keys(['example_trigger_target_dag']) retrieved from /home/airflow/.local/lib/python3.6/site-packages/airflow/example_dags/example_trigger_target_dag.py
[2026-09-23 11:40:34,093] {logging_mixin.py:104} INFO - [2026-09-23 11:40:34,092] {dag.py:1824} INFO - Sync 1 DAGs
[2026-09-23 11:40:34,128] {logging_mixin.py:104} INFO - [2026-09-23 11:40:34,128] {dag.py:2280} INFO - Setting next_dagrun for example_trigger_target_dag to None
[2026-09-23 11:40:34,151] {scheduler_job.py:190} INFO - Processing /home/airflow/.local/lib/python3.6/site-packages/airflow/example_dags/example_trigger_target_dag.py took 0.132 seconds
[2026-09-23 11:41:04,293] {scheduler_job.py:182} INFO - Started process (PID=1002) to work on /home/airflow/.local/lib/python3.6/site-packages/airflow/example_dags/example_trigger_target_dag.py
[2026-09-23 11:41:04,295] {scheduler_job.py:629} INFO - Processing file /home/airflow/.local/lib/python3.6/site-packages/airflow/example_dags/example_trigger_target_dag.py for tasks to queue
[2026-09-23 11:41:04,296] {logging_mixin.py:104} INFO - [2026-09-23 11:41:04,296] {dagbag.py:451} INFO - Filling up the DagBag from /home/airflow/.local/lib/python3.6/site-packages/airflow/example_dags/example_trigger_target_dag.py
[2026-09-23 11:41:04,319] {scheduler_job.py:639} INFO - DAG(s) dict_keys(['example_trigger_target_dag']) retrieved from /home/airflow/.local/lib/python3.6/site-packages/airflow/example_dags/example_trigger_target_dag.py
[2026-09-23 11:41:04,358] {logging_mixin.py:104} INFO - [2026-09-23 11:41:04,358] {dag.py:1824} INFO - Sync 1 DAGs
[2026-09-23 11:41:04,391] {logging_mixin.py:104} INFO - [2026-09-23 11:41:04,390] {dag.py:2280} INFO - Setting next_dagrun for example_trigger_target_dag to None
[2026-09-23 11:41:04,418] {scheduler_job.py:190} INFO - Processing /home/airflow/.local/lib/python3.6/site-packages/airflow/example_dags/example_trigger_target_dag.py took 0.130 seconds
[2026-09-23 11:41:35,384] {scheduler_job.py:182} INFO - Started process (PID=1030) to work on /home/airflow/.local/lib/python3.6/site-packages/airflow/example_dags/example_trigger_target_dag.py
[2026-09-23 11:41:35,386] {scheduler_job.py:629} INFO - Processing file /home/airflow/.local/lib/python3.6/site-packages/airflow/example_dags/example_trigger_target_dag.py for tasks to queue
[2026-09-23 11:41:35,388] {logging_mixin.py:104} INFO - [2026-09-23 11:41:35,388] {dagbag.py:451} INFO - Filling up the DagBag from /home/airflow/.local/lib/python3.6/site-packages/airflow/example_dags/example_trigger_target_dag.py
[2026-09-23 11:41:35,427] {scheduler_job.py:639} INFO - DAG(s) dict_keys(['example_trigger_target_dag']) retrieved from /home/airflow/.local/lib/python3.6/site-packages/airflow/example_dags/example_trigger_target_dag.py
[2026-09-23 11:41:35,475] {logging_mixin.py:104} INFO - [2026-09-23 11:41:35,475] {dag.py:1824} INFO - Sync 1 DAGs
[2026-09-23 11:41:35,513] {logging_mixin.py:104} INFO - [2026-09-23 11:41:35,513] {dag.py:2280} INFO - Setting next_dagrun for example_trigger_target_dag to None
[2026-09-23 11:41:35,540] {scheduler_job.py:190} INFO - Processing /home/airflow/.local/lib/python3.6/site-packages/airflow/example_dags/example_trigger_target_dag.py took 0.161 seconds
[2026-09-23 11:42:06,390] {scheduler_job.py:182} INFO - Started process (PID=1059) to work on /home/airflow/.local/lib/python3.6/site-packages/airflow/example_dags/example_trigger_target_dag.py
[2026-09-23 11:42:06,392] {scheduler_job.py:629} INFO - Processing file /home/airflow/.local/lib/python3.6/site-packages/airflow/example_dags/example_trigger_target_dag.py for tasks to queue
[2026-09-23 11:42:06,393] {logging_mixin.py:104} INFO - [2026-09-23 11:42:06,393] {dagbag.py:451} INFO - Filling up the DagBag from /home/airflow/.local/lib/python3.6/site-packages/airflow/example_dags/example_trigger_target_dag.py
[2026-09-23 11:42:06,431] {scheduler_job.py:639} INFO - DAG(s) dict_keys(['example_trigger_target_dag']) retrieved from /home/airflow/.local/lib/python3.6/site-packages/airflow/example_dags/example_trigger_target_dag.py
[2026-09-23 11:42:06,498] {logging_mixin.py:104} INFO - [2026-09-23 11:42:06,498] {dag.py:1824} INFO - Sync 1 DAGs
[2026-09-23 11:42:06,548] {logging_mixin.py:104} INFO - [2026-09-23 11:42:06,546] {dag.py:2280} INFO - Setting next_dagrun for example_trigger_target_dag to None
[2026-09-23 11:42:06,588] {scheduler_job.py:190} INFO - Processing /home/airflow/.local/lib/python3.6/site-packages/airflow/example_dags/example_trigger_target_dag.py took 0.204 seconds
[2026-09-23 11:42:36,741] {scheduler_job.py:182} INFO - Started process (PID=1084) to work on /home/airflow/.local/lib/python3.6/site-packages/airflow/example_dags/example_trigger_target_dag.py
[2026-09-23 11:42:36,743] {scheduler_job.py:629} INFO - Processing file /home/airflow/.local/lib/python3.6/site-packages/airflow/example_dags/example_trigger_target_dag.py for tasks to queue
[2026-09-23 11:42:36,744] {logging_mixin.py:104} INFO - [2026-09-23 11:42:36,744] {dagbag.py:451} INFO - Filling up the DagBag from /home/airflow/.local/lib/python3.6/site-packages/airflow/example_dags/example_trigger_target_dag.py
[2026-09-23 11:42:36,762] {scheduler_job.py:639} INFO - DAG(s) dict_keys(['example_trigger_target_dag']) retrieved from /home/airflow/.local/lib/python3.6/site-packages/airflow/example_dags/example_trigger_target_dag.py
[2026-09-23 11:42:36,796] {logging_mixin.py:104} INFO - [2026-09-23 11:42:36,796] {dag.py:1824} INFO - Sync 1 DAGs
[2026-09-23 11:42:36,820] {logging_mixin.py:104} INFO - [2026-09-23 11:42:36,820] {dag.py:2280} INFO - Setting next_dagrun for example_trigger_target_dag to None
[2026-09-23 11:42:36,837] {scheduler_job.py:190} INFO - Processing /home/airflow/.local/lib/python3.6/site-packages/airflow/example_dags/example_trigger_target_dag.py took 0.105 seconds
[2026-09-23 11:43:08,167] {scheduler_job.py:182} INFO - Started process (PID=1112) to work on /home/airflow/.local/lib/python3.6/site-packages/airflow/example_dags/example_trigger_target_dag.py
[2026-09-23 11:43:08,177] {scheduler_job.py:629} INFO - Processing file /home/airflow/.local/lib/python3.6/site-packages/airflow/example_dags/example_trigger_target_dag.py for tasks to queue
[2026-09-23 11:43:08,178] {logging_mixin.py:104} INFO - [2026-09-23 11:43:08,178] {dagbag.py:451} INFO - Filling up the DagBag from /home/airflow/.local/lib/python3.6/site-packages/airflow/example_dags/example_trigger_target_dag.py
[2026-09-23 11:43:08,241] {scheduler_job.py:639} INFO - DAG(s) dict_keys(['example_trigger_target_dag']) retrieved from /home/airflow/.local/lib/python3.6/site-packages/airflow/example_dags/example_trigger_target_dag.py
[2026-09-23 11:43:08,286] {logging_mixin.py:104} INFO - [2026-09-23 11:43:08,286] {dag.py:1824} INFO - Sync 1 DAGs
[2026-09-23 11:43:08,316] {logging_mixin.py:104} INFO - [2026-09-23 11:43:08,316] {dag.py:2280} INFO - Setting next_dagrun for example_trigger_target_dag to None
[2026-09-23 11:43:08,342] {scheduler_job.py:190} INFO - Processing /home/airflow/.local/lib/python3.6/site-packages/airflow/example_dags/example_trigger_target_dag.py took 0.189 seconds
[2026-09-23 11:43:38,409] {scheduler_job.py:182} INFO - Started process (PID=1138) to work on /home/airflow/.local/lib/python3.6/site-packages/airflow/example_dags/example_trigger_target_dag.py
[2026-09-23 11:43:38,410] {scheduler_job.py:629} INFO - Processing file /home/airflow/.local/lib/python3.6/site-packages/airflow/example_dags/example_trigger_target_dag.py for tasks to queue
[2026-09-23 11:43:38,411] {logging_mixin.py:104} INFO - [2026-09-23 11:43:38,411] {dagbag.py:451} INFO - Filling up the DagBag from /home/airflow/.local/lib/python3.6/site-packages/airflow/example_dags/example_trigger_target_dag.py
[2026-09-23 11:43:38,428] {scheduler_job.py:639} INFO - DAG(s) dict_keys(['example_trigger_target_dag']) retrieved from /home/airflow/.local/lib/python3.6/site-packages/airflow/example_dags/example_trigger_target_dag.py
[2026-09-23 11:43:38,463] {logging_mixin.py:104} INFO - [2026-09-23 11:43:38,463] {dag.py:1824} INFO - Sync 1 DAGs
[2026-09-23 11:43:38,484] {logging_mixin.py:104} INFO - [2026-09-23 11:43:38,484] {dag.py:2280} INFO - Setting next_dagrun for example_trigger_target_dag to None
[2026-09-23 11:43:38,501] {scheduler_job.py:190} INFO - Processing /home/airflow/.local/lib/python3.6/site-packages/airflow/example_dags/example_trigger_target_dag.py took 0.096 seconds
[2026-09-23 11:44:08,675] {scheduler_job.py:182} INFO - Started process (PID=1165) to work on /home/airflow/.local/lib/python3.6/site-packages/airflow/example_dags/example_trigger_target_dag.py
[2026-09-23 11:44:08,676] {scheduler_job.py:629} INFO - Processing file /home/airflow/.local/lib/python3.6/site-packages/airflow/example_dags/example_trigger_target_dag.py for tasks to queue
[2026-09-23 11:44:08,678] {logging_mixin.py:104} INFO - [2026-09-23 11:44:08,678] {dagbag.py:451} INFO - Filling up the DagBag from /home/airflow/.local/lib/python3.6/site-packages/airflow/example_dags/example_trigger_target_dag.py
[2026-09-23 11:44:08,698] {scheduler_job.py:639} INFO - DAG(s) dict_keys(['example_trigger_target_dag']) retrieved from /home/airflow/.local/lib/python3.6/site-packages/airflow/example_dags/example_trigger_target_dag.py
[2026-09-23 11:44:08,728] {logging_mixin.py:104} INFO - [2026-09-23 11:44:08,728] {dag.py:1824} INFO - Sync 1 DAGs
[2026-09-23 11:44:08,757] {logging_mixin.py:104} INFO - [2026-09-23 11:44:08,757] {dag.py:2280} INFO - Setting next_dagrun for example_trigger_target_dag to None
[2026-09-23 11:44:08,773] {scheduler_job.py:190} INFO - Processing /home/airflow/.local/lib/python3.6/site-packages/airflow/example_dags/example_trigger_target_dag.py took 0.103 seconds
[2026-09-23 11:44:39,041] {scheduler_job.py:182} INFO - Started process (PID=1191) to work on /home/airflow/.local/lib/python3.6/site-packages/airflow/example_dags/example_trigger_target_dag.py
[2026-09-23 11:44:39,045] {scheduler_job.py:629} INFO - Processing file /home/airflow/.local/lib/python3.6/site-packages/airflow/example_dags/example_trigger_target_dag.py for tasks to queue
[2026-09-23 11:44:39,046] {logging_mixin.py:104} INFO - [2026-09-23 11:44:39,046] {dagbag.py:451} INFO - Filling up the DagBag from /home/airflow/.local/lib/python3.6/site-packages/airflow/example_dags/example_trigger_target_dag.py
[2026-09-23 11:44:39,071] {scheduler_job.py:639} INFO - DAG(s) dict_keys(['example_trigger_target_dag']) retrieved from /home/airflow/.local/lib/python3.6/site-packages/airflow/example_dags/example_trigger_target_dag.py
[2026-09-23 11:44:39,119] {logging_mixin.py:104} INFO - [2026-09-23 11:44:39,119] {dag.py:1824} INFO - Sync 1 DAGs
[2026-09-23 11:44:39,149] {logging_mixin.py:104} INFO - [2026-09-23 11:44:39,149] {dag.py:2280} INFO - Setting next_dagrun for example_trigger_target_dag to None
[2026-09-23 11:44:39,164] {scheduler_job.py:190} INFO - Processing /home/airflow/.local/lib/python3.6/site-packages/airflow/example_dags/example_trigger_target_dag.py took 0.131 seconds
[2026-09-23 11:45:10,277] {scheduler_job.py:182} INFO - Started process (PID=1218) to work on /home/airflow/.local/lib/python3.6/site-packages/airflow/example_dags/example_trigger_target_dag.py
[2026-09-23 11:45:10,278] {scheduler_job.py:629} INFO - Processing file /home/airflow/.local/lib/python3.6/site-packages/airflow/example_dags/example_trigger_target_dag.py for tasks to queue
[2026-09-23 11:45:10,279] {logging_mixin.py:104} INFO - [2026-09-23 11:45:10,279] {dagbag.py:451} INFO - Filling up the DagBag from /home/airflow/.local/lib/python3.6/site-packages/airflow/example_dags/example_trigger_target_dag.py
[2026-09-23 11:45:10,302] {scheduler_job.py:639} INFO - DAG(s) dict_keys(['example_trigger_target_dag']) retrieved from /home/airflow/.local/lib/python3.6/site-packages/airflow/example_dags/example_trigger_target_dag.py
[2026-09-23 11:45:10,340] {logging_mixin.py:104} INFO - [2026-09-23 11:45:10,340] {dag.py:1824} INFO - Sync 1 DAGs
[2026-09-23 11:45:10,369] {logging_mixin.py:104} INFO - [2026-09-23 11:45:10,369] {dag.py:2280} INFO - Setting next_dagrun for example_trigger_target_dag to None
[2026-09-23 11:45:10,385] {scheduler_job.py:190} INFO - Processing /home/airflow/.local/lib/python3.6/site-packages/airflow/example_dags/example_trigger_target_dag.py took 0.116 seconds
[2026-09-23 11:45:40,453] {scheduler_job.py:182} INFO - Started process (PID=1243) to work on /home/airflow/.local/lib/python3.6/site-packages/airflow/example_dags/example_trigger_target_dag.py
[2026-09-23 11:45:40,456] {scheduler_job.py:629} INFO - Processing file /home/airflow/.local/lib/python3.6/site-packages/airflow/example_dags/example_trigger_target_dag.py for tasks to queue
[2026-09-23 11:45:40,457] {logging_mixin.py:104} INFO - [2026-09-23 11:45:40,457] {dagbag.py:451} INFO - Filling up the DagBag from /home/airflow/.local/lib/python3.6/site-packages/airflow/example_dags/example_trigger_target_dag.py
[2026-09-23 11:45:40,509] {scheduler_job.py:639} INFO - DAG(s) dict_keys(['example_trigger_target_dag']) retrieved from /home/airflow/.local/lib/python3.6/site-packages/airflow/example_dags/example_trigger_target_dag.py
[2026-09-23 11:45:40,558] {logging_mixin.py:104} INFO - [2026-09-23 11:45:40,558] {dag.py:1824} INFO - Sync 1 DAGs
[2026-09-23 11:45:40,582] {logging_mixin.py:104} INFO - [2026-09-23 11:45:40,582] {dag.py:2280} INFO - Setting next_dagrun for example_trigger_target_dag to None
[2026-09-23 11:45:40,596] {scheduler_job.py:190} INFO - Processing /home/airflow/.local/lib/python3.6/site-packages/airflow/example_dags/example_trigger_target_dag.py took 0.162 seconds
[2026-09-23 11:46:10,757] {scheduler_job.py:182} INFO - Started process (PID=1271) to work on /home/airflow/.local/lib/python3.6/site-packages/airflow/example_dags/example_trigger_target_dag.py
[2026-09-23 11:46:10,760] {scheduler_job.py:629} INFO - Processing file /home/airflow/.local/lib/python3.6/site-packages/airflow/example_dags/example_trigger_target_dag.py for tasks to queue
[2026-09-23 11:46:10,761] {logging_mixin.py:104} INFO - [2026-09-23 11:46:10,761] {dagbag.py:451} INFO - Filling up the DagBag from /home/airflow/.local/lib/python3.6/site-packages/airflow/example_dags/example_trigger_target_dag.py
[2026-09-23 11:46:10,789] {scheduler_job.py:639} INFO - DAG(s) dict_keys(['example_trigger_target_dag']) retrieved from /home/airflow/.local/lib/python3.6/site-packages/airflow/example_dags/example_trigger_target_dag.py
[2026-09-23 11:46:10,827] {logging_mixin.py:104} INFO - [2026-09-23 11:46:10,827] {dag.py:1824} INFO - Sync 1 DAGs
[2026-09-23 11:46:10,860] {logging_mixin.py:104} INFO - [2026-09-23 11:46:10,860] {dag.py:2280} INFO - Setting next_dagrun for example_trigger_target_dag to None
[2026-09-23 11:46:10,881] {scheduler_job.py:190} INFO - Processing /home/airflow/.local/lib/python3.6/site-packages/airflow/example_dags/example_trigger_target_dag.py took 0.130 seconds
[2026-09-23 11:46:41,951] {scheduler_job.py:182} INFO - Started process (PID=1300) to work on /home/airflow/.local/lib/python3.6/site-packages/airflow/example_dags/example_trigger_target_dag.py
[2026-09-23 11:46:41,954] {scheduler_job.py:629} INFO - Processing file /home/airflow/.local/lib/python3.6/site-packages/airflow/example_dags/example_trigger_target_dag.py for tasks to queue
[2026-09-23 11:46:41,956] {logging_mixin.py:104} INFO - [2026-09-23 11:46:41,955] {dagbag.py:451} INFO - Filling up the DagBag from /home/airflow/.local/lib/python3.6/site-packages/airflow/example_dags/example_trigger_target_dag.py
[2026-09-23 11:46:42,000] {scheduler_job.py:639} INFO - DAG(s) dict_keys(['example_trigger_target_dag']) retrieved from /home/airflow/.local/lib/python3.6/site-packages/airflow/example_dags/example_trigger_target_dag.py
[2026-09-23 11:46:42,043] {logging_mixin.py:104} INFO - [2026-09-23 11:46:42,043] {dag.py:1824} INFO - Sync 1 DAGs
[2026-09-23 11:46:42,079] {logging_mixin.py:104} INFO - [2026-09-23 11:46:42,079] {dag.py:2280} INFO - Setting next_dagrun for example_trigger_target_dag to None
[2026-09-23 11:46:42,097] {scheduler_job.py:190} INFO - Processing /home/airflow/.local/lib/python3.6/site-packages/airflow/example_dags/example_trigger_target_dag.py took 0.152 seconds
[2026-09-23 11:47:12,831] {scheduler_job.py:182} INFO - Started process (PID=1327) to work on /home/airflow/.local/lib/python3.6/site-packages/airflow/example_dags/example_trigger_target_dag.py
[2026-09-23 11:47:12,834] {scheduler_job.py:629} INFO - Processing file /home/airflow/.local/lib/python3.6/site-packages/airflow/example_dags/example_trigger_target_dag.py for tasks to queue
[2026-09-23 11:47:12,835] {logging_mixin.py:104} INFO - [2026-09-23 11:47:12,835] {dagbag.py:451} INFO - Filling up the DagBag from /home/airflow/.local/lib/python3.6/site-packages/airflow/example_dags/example_trigger_target_dag.py
[2026-09-23 11:47:12,858] {scheduler_job.py:639} INFO - DAG(s) dict_keys(['example_trigger_target_dag']) retrieved from /home/airflow/.local/lib/python3.6/site-packages/airflow/example_dags/example_trigger_target_dag.py
[2026-09-23 11:47:12,889] {logging_mixin.py:104} INFO - [2026-09-23 11:47:12,889] {dag.py:1824} INFO - Sync 1 DAGs
[2026-09-23 11:47:12,919] {logging_mixin.py:104} INFO - [2026-09-23 11:47:12,918] {dag.py:2280} INFO - Setting next_dagrun for example_trigger_target_dag to None
[2026-09-23 11:47:12,935] {scheduler_job.py:190} INFO - Processing /home/airflow/.local/lib/python3.6/site-packages/airflow/example_dags/example_trigger_target_dag.py took 0.110 seconds
[2026-09-23 11:47:43,453] {scheduler_job.py:182} INFO - Started process (PID=1353) to work on /home/airflow/.local/lib/python3.6/site-packages/airflow/example_dags/example_trigger_target_dag.py
[2026-09-23 11:47:43,457] {scheduler_job.py:629} INFO - Processing file /home/airflow/.local/lib/python3.6/site-packages/airflow/example_dags/example_trigger_target_dag.py for tasks to queue
[2026-09-23 11:47:43,459] {logging_mixin.py:104} INFO - [2026-09-23 11:47:43,459] {dagbag.py:451} INFO - Filling up the DagBag from /home/airflow/.local/lib/python3.6/site-packages/airflow/example_dags/example_trigger_target_dag.py
[2026-09-23 11:47:43,489] {scheduler_job.py:639} INFO - DAG(s) dict_keys(['example_trigger_target_dag']) retrieved from /home/airflow/.local/lib/python3.6/site-packages/airflow/example_dags/example_trigger_target_dag.py
[2026-09-23 11:47:43,556] {logging_mixin.py:104} INFO - [2026-09-23 11:47:43,556] {dag.py:1824} INFO - Sync 1 DAGs
[2026-09-23 11:47:43,592] {logging_mixin.py:104} INFO - [2026-09-23 11:47:43,592] {dag.py:2280} INFO - Setting next_dagrun for example_trigger_target_dag to None
[2026-09-23 11:47:43,625] {scheduler_job.py:190} INFO - Processing /home/airflow/.local/lib/python3.6/site-packages/airflow/example_dags/example_trigger_target_dag.py took 0.178 seconds
[2026-09-23 11:48:13,769] {scheduler_job.py:182} INFO - Started process (PID=1378) to work on /home/airflow/.local/lib/python3.6/site-packages/airflow/example_dags/example_trigger_target_dag.py
[2026-09-23 11:48:13,770] {scheduler_job.py:629} INFO - Processing file /home/airflow/.local/lib/python3.6/site-packages/airflow/example_dags/example_trigger_target_dag.py for tasks to queue
[2026-09-23 11:48:13,772] {logging_mixin.py:104} INFO - [2026-09-23 11:48:13,771] {dagbag.py:451} INFO - Filling up the DagBag from /home/airflow/.local/lib/python3.6/site-packages/airflow/example_dags/example_trigger_target_dag.py
[2026-09-23 11:48:13,790] {scheduler_job.py:639} INFO - DAG(s) dict_keys(['example_trigger_target_dag']) retrieved from /home/airflow/.local/lib/python3.6/site-packages/airflow/example_dags/example_trigger_target_dag.py
[2026-09-23 11:48:13,819] {logging_mixin.py:104} INFO - [2026-09-23 11:48:13,819] {dag.py:1824} INFO - Sync 1 DAGs
[2026-09-23 11:48:13,848] {logging_mixin.py:104} INFO - [2026-09-23 11:48:13,848] {dag.py:2280} INFO - Setting next_dagrun for example_trigger_target_dag to None
[2026-09-23 11:48:13,864] {scheduler_job.py:190} INFO - Processing /home/airflow/.local/lib/python3.6/site-packages/airflow/example_dags/example_trigger_target_dag.py took 0.101 seconds
[2026-09-23 11:48:44,278] {scheduler_job.py:182} INFO - Started process (PID=1404) to work on /home/airflow/.local/lib/python3.6/site-packages/airflow/example_dags/example_trigger_target_dag.py
[2026-09-23 11:48:44,279] {scheduler_job.py:629} INFO - Processing file /home/airflow/.local/lib/python3.6/site-packages/airflow/example_dags/example_trigger_target_dag.py for tasks to queue
[2026-09-23 11:48:44,280] {logging_mixin.py:104} INFO - [2026-09-23 11:48:44,280] {dagbag.py:451} INFO - Filling up the DagBag from /home/airflow/.local/lib/python3.6/site-packages/airflow/example_dags/example_trigger_target_dag.py
[2026-09-23 11:48:44,298] {scheduler_job.py:639} INFO - DAG(s) dict_keys(['example_trigger_target_dag']) retrieved from /home/airflow/.local/lib/python3.6/site-packages/airflow/example_dags/example_trigger_target_dag.py
[2026-09-23 11:48:44,330] {logging_mixin.py:104} INFO - [2026-09-23 11:48:44,330] {dag.py:1824} INFO - Sync 1 DAGs
[2026-09-23 11:48:44,353] {logging_mixin.py:104} INFO - [2026-09-23 11:48:44,352] {dag.py:2280} INFO - Setting next_dagrun for example_trigger_target_dag to None
[2026-09-23 11:48:44,368] {scheduler_job.py:190} INFO - Processing /home/airflow/.local/lib/python3.6/site-packages/airflow/example_dags/example_trigger_target_dag.py took 0.095 seconds
[2026-09-23 11:49:15,260] {scheduler_job.py:182} INFO - Started process (PID=1430) to work on /home/airflow/.local/lib/python3.6/site-packages/airflow/example_dags/example_trigger_target_dag.py
[2026-09-23 11:49:15,264] {scheduler_job.py:629} INFO - Processing file /home/airflow/.local/lib/python3.6/site-packages/airflow/example_dags/example_trigger_target_dag.py for tasks to queue
[2026-09-23 11:49:15,265] {logging_mixin.py:104} INFO - [2026-09-23 11:49:15,265] {dagbag.py:451} INFO - Filling up the DagBag from /home/airflow/.local/lib/python3.6/site-packages/airflow/example_dags/example_trigger_target_dag.py
[2026-09-23 11:49:15,303] {scheduler_job.py:639} INFO - DAG(s) dict_keys(['example_trigger_target_dag']) retrieved from /home/airflow/.local/lib/python3.6/site-packages/airflow/example_dags/example_trigger_target_dag.py
[2026-09-23 11:49:15,347] {logging_mixin.py:104} INFO - [2026-09-23 11:49:15,347] {dag.py:1824} INFO - Sync 1 DAGs
[2026-09-23 11:49:15,379] {logging_mixin.py:104} INFO - [2026-09-23 11:49:15,379] {dag.py:2280} INFO - Setting next_dagrun for example_trigger_target_dag to None
[2026-09-23 11:49:15,409] {scheduler_job.py:190} INFO - Processing /home/airflow/.local/lib/python3.6/site-packages/airflow/example_dags/example_trigger_target_dag.py took 0.163 seconds
[2026-09-23 11:49:46,181] {scheduler_job.py:182} INFO - Started process (PID=1456) to work on /home/airflow/.local/lib/python3.6/site-packages/airflow/example_dags/example_trigger_target_dag.py
[2026-09-23 11:49:46,182] {scheduler_job.py:629} INFO - Processing file /home/airflow/.local/lib/python3.6/site-packages/airflow/example_dags/example_trigger_target_dag.py for tasks to queue
[2026-09-23 11:49:46,183] {logging_mixin.py:104} INFO - [2026-09-23 11:49:46,183] {dagbag.py:451} INFO - Filling up the DagBag from /home/airflow/.local/lib/python3.6/site-packages/airflow/example_dags/example_trigger_target_dag.py
[2026-09-23 11:49:46,196] {scheduler_job.py:639} INFO - DAG(s) dict_keys(['example_trigger_target_dag']) retrieved from /home/airflow/.local/lib/python3.6/site-packages/airflow/example_dags/example_trigger_target_dag.py
[2026-09-23 11:49:46,221] {logging_mixin.py:104} INFO - [2026-09-23 11:49:46,221] {dag.py:1824} INFO - Sync 1 DAGs
[2026-09-23 11:49:46,239] {logging_mixin.py:104} INFO - [2026-09-23 11:49:46,239] {dag.py:2280} INFO - Setting next_dagrun for example_trigger_target_dag to None
[2026-09-23 11:49:46,256] {scheduler_job.py:190} INFO - Processing /home/airflow/.local/lib/python3.6/site-packages/airflow/example_dags/example_trigger_target_dag.py took 0.078 seconds
[2026-09-23 11:50:17,161] {scheduler_job.py:182} INFO - Started process (PID=1482) to work on /home/airflow/.local/lib/python3.6/site-packages/airflow/example_dags/example_trigger_target_dag.py
[2026-09-23 11:50:17,163] {scheduler_job.py:629} INFO - Processing file /home/airflow/.local/lib/python3.6/site-packages/airflow/example_dags/example_trigger_target_dag.py for tasks to queue
[2026-09-23 11:50:17,164] {logging_mixin.py:104} INFO - [2026-09-23 11:50:17,164] {dagbag.py:451} INFO - Filling up the DagBag from /home/airflow/.local/lib/python3.6/site-packages/airflow/example_dags/example_trigger_target_dag.py
[2026-09-23 11:50:17,180] {scheduler_job.py:639} INFO - DAG(s) dict_keys(['example_trigger_target_dag']) retrieved from /home/airflow/.local/lib/python3.6/site-packages/airflow/example_dags/example_trigger_target_dag.py
[2026-09-23 11:50:17,211] {logging_mixin.py:104} INFO - [2026-09-23 11:50:17,211] {dag.py:1824} INFO - Sync 1 DAGs
[2026-09-23 11:50:17,236] {logging_mixin.py:104} INFO - [2026-09-23 11:50:17,236] {dag.py:2280} INFO - Setting next_dagrun for example_trigger_target_dag to None
[2026-09-23 11:50:17,254] {scheduler_job.py:190} INFO - Processing /home/airflow/.local/lib/python3.6/site-packages/airflow/example_dags/example_trigger_target_dag.py took 0.097 seconds
[2026-09-23 11:50:47,627] {scheduler_job.py:182} INFO - Started process (PID=1508) to work on /home/airflow/.local/lib/python3.6/site-packages/airflow/example_dags/example_trigger_target_dag.py
[2026-09-23 11:50:47,629] {scheduler_job.py:629} INFO - Processing file /home/airflow/.local/lib/python3.6/site-packages/airflow/example_dags/example_trigger_target_dag.py for tasks to queue
[2026-09-23 11:50:47,629] {logging_mixin.py:104} INFO - [2026-09-23 11:50:47,629] {dagbag.py:451} INFO - Filling up the DagBag from /home/airflow/.local/lib/python3.6/site-packages/airflow/example_dags/example_trigger_target_dag.py
[2026-09-23 11:50:47,646] {scheduler_job.py:639} INFO - DAG(s) dict_keys(['example_trigger_target_dag']) retrieved from /home/airflow/.local/lib/python3.6/site-packages/airflow/example_dags/example_trigger_target_dag.py
[2026-09-23 11:50:47,677] {logging_mixin.py:104} INFO - [2026-09-23 11:50:47,677] {dag.py:1824} INFO - Sync 1 DAGs
[2026-09-23 11:50:47,701] {logging_mixin.py:104} INFO - [2026-09-23 11:50:47,701] {dag.py:2280} INFO - Setting next_dagrun for example_trigger_target_dag to None
[2026-09-23 11:50:47,720] {scheduler_job.py:190} INFO - Processing /home/airflow/.local/lib/python3.6/site-packages/airflow/example_dags/example_trigger_target_dag.py took 0.097 seconds
[2026-09-23 11:51:18,697] {scheduler_job.py:182} INFO - Started process (PID=1534) to work on /home/airflow/.local/lib/python3.6/site-packages/airflow/example_dags/example_trigger_target_dag.py
[2026-09-23 11:51:18,698] {scheduler_job.py:629} INFO - Processing file /home/airflow/.local/lib/python3.6/site-packages/airflow/example_dags/example_trigger_target_dag.py for tasks to queue
[2026-09-23 11:51:18,699] {logging_mixin.py:104} INFO - [2026-09-23 11:51:18,699] {dagbag.py:451} INFO - Filling up the DagBag from /home/airflow/.local/lib/python3.6/site-packages/airflow/example_dags/example_trigger_target_dag.py
[2026-09-23 11:51:18,722] {scheduler_job.py:639} INFO - DAG(s) dict_keys(['example_trigger_target_dag']) retrieved from /home/airflow/.local/lib/python3.6/site-packages/airflow/example_dags/example_trigger_target_dag.py
[2026-09-23 11:51:18,754] {logging_mixin.py:104} INFO - [2026-09-23 11:51:18,753] {dag.py:1824} INFO - Sync 1 DAGs
[2026-09-23 11:51:18,785] {logging_mixin.py:104} INFO - [2026-09-23 11:51:18,784] {dag.py:2280} INFO - Setting next_dagrun for example_trigger_target_dag to None
[2026-09-23 11:51:18,810] {scheduler_job.py:190} INFO - Processing /home/airflow/.local/lib/python3.6/site-packages/airflow/example_dags/example_trigger_target_dag.py took 0.118 seconds
[2026-09-23 11:51:49,632] {scheduler_job.py:182} INFO - Started process (PID=1561) to work on /home/airflow/.local/lib/python3.6/site-packages/airflow/example_dags/example_trigger_target_dag.py
[2026-09-23 11:51:49,634] {scheduler_job.py:629} INFO - Processing file /home/airflow/.local/lib/python3.6/site-packages/airflow/example_dags/example_trigger_target_dag.py for tasks to queue
[2026-09-23 11:51:49,635] {logging_mixin.py:104} INFO - [2026-09-23 11:51:49,635] {dagbag.py:451} INFO - Filling up the DagBag from /home/airflow/.local/lib/python3.6/site-packages/airflow/example_dags/example_trigger_target_dag.py
[2026-09-23 11:51:49,655] {scheduler_job.py:639} INFO - DAG(s) dict_keys(['example_trigger_target_dag']) retrieved from /home/airflow/.local/lib/python3.6/site-packages/airflow/example_dags/example_trigger_target_dag.py
[2026-09-23 11:51:49,686] {logging_mixin.py:104} INFO - [2026-09-23 11:51:49,685] {dag.py:1824} INFO - Sync 1 DAGs
[2026-09-23 11:51:49,707] {logging_mixin.py:104} INFO - [2026-09-23 11:51:49,707] {dag.py:2280} INFO - Setting next_dagrun for example_trigger_target_dag to None
[2026-09-23 11:51:49,726] {scheduler_job.py:190} INFO - Processing /home/airflow/.local/lib/python3.6/site-packages/airflow/example_dags/example_trigger_target_dag.py took 0.098 seconds
[2026-09-23 11:52:19,819] {scheduler_job.py:182} INFO - Started process (PID=1586) to work on /home/airflow/.local/lib/python3.6/site-packages/airflow/example_dags/example_trigger_target_dag.py
[2026-09-23 11:52:19,821] {scheduler_job.py:629} INFO - Processing file /home/airflow/.local/lib/python3.6/site-packages/airflow/example_dags/example_trigger_target_dag.py for tasks to queue
[2026-09-23 11:52:19,822] {logging_mixin.py:104} INFO - [2026-09-23 11:52:19,822] {dagbag.py:451} INFO - Filling up the DagBag from /home/airflow/.local/lib/python3.6/site-packages/airflow/example_dags/example_trigger_target_dag.py
[2026-09-23 11:52:19,845] {scheduler_job.py:639} INFO - DAG(s) dict_keys(['example_trigger_target_dag']) retrieved from /home/airflow/.local/lib/python3.6/site-packages/airflow/example_dags/example_trigger_target_dag.py
[2026-09-23 11:52:19,882] {logging_mixin.py:104} INFO - [2026-09-23 11:52:19,881] {dag.py:1824} INFO - Sync 1 DAGs
[2026-09-23 11:52:19,910] {logging_mixin.py:104} INFO - [2026-09-23 11:52:19,909] {dag.py:2280} INFO - Setting next_dagrun for example_trigger_target_dag to None
[2026-09-23 11:52:19,935] {scheduler_job.py:190} INFO - Processing /home/airflow/.local/lib/python3.6/site-packages/airflow/example_dags/example_trigger_target_dag.py took 0.122 seconds
[2026-09-23 11:52:49,970] {scheduler_job.py:182} INFO - Started process (PID=1611) to work on /home/airflow/.local/lib/python3.6/site-packages/airflow/example_dags/example_trigger_target_dag.py
[2026-09-23 11:52:49,972] {scheduler_job.py:629} INFO - Processing file /home/airflow/.local/lib/python3.6/site-packages/airflow/example_dags/example_trigger_target_dag.py for tasks to queue
[2026-09-23 11:52:49,973] {logging_mixin.py:104} INFO - [2026-09-23 11:52:49,973] {dagbag.py:451} INFO - Filling up the DagBag from /home/airflow/.local/lib/python3.6/site-packages/airflow/example_dags/example_trigger_target_dag.py
[2026-09-23 11:52:49,995] {scheduler_job.py:639} INFO - DAG(s) dict_keys(['example_trigger_target_dag']) retrieved from /home/airflow/.local/lib/python3.6/site-packages/airflow/example_dags/example_trigger_target_dag.py
[2026-09-23 11:52:50,033] {logging_mixin.py:104} INFO - [2026-09-23 11:52:50,032] {dag.py:1824} INFO - Sync 1 DAGs
[2026-09-23 11:52:50,063] {logging_mixin.py:104} INFO - [2026-09-23 11:52:50,063] {dag.py:2280} INFO - Setting next_dagrun for example_trigger_target_dag to None
[2026-09-23 11:52:50,089] {scheduler_job.py:190} INFO - Processing /home/airflow/.local/lib/python3.6/site-packages/airflow/example_dags/example_trigger_target_dag.py took 0.123 seconds
[2026-09-23 11:53:20,321] {scheduler_job.py:182} INFO - Started process (PID=1638) to work on /home/airflow/.local/lib/python3.6/site-packages/airflow/example_dags/example_trigger_target_dag.py
[2026-09-23 11:53:20,323] {scheduler_job.py:629} INFO - Processing file /home/airflow/.local/lib/python3.6/site-packages/airflow/example_dags/example_trigger_target_dag.py for tasks to queue
[2026-09-23 11:53:20,324] {logging_mixin.py:104} INFO - [2026-09-23 11:53:20,324] {dagbag.py:451} INFO - Filling up the DagBag from /home/airflow/.local/lib/python3.6/site-packages/airflow/example_dags/example_trigger_target_dag.py
[2026-09-23 11:53:20,345] {scheduler_job.py:639} INFO - DAG(s) dict_keys(['example_trigger_target_dag']) retrieved from /home/airflow/.local/lib/python3.6/site-packages/airflow/example_dags/example_trigger_target_dag.py
[2026-09-23 11:53:20,377] {logging_mixin.py:104} INFO - [2026-09-23 11:53:20,377] {dag.py:1824} INFO - Sync 1 DAGs
[2026-09-23 11:53:20,404] {logging_mixin.py:104} INFO - [2026-09-23 11:53:20,404] {dag.py:2280} INFO - Setting next_dagrun for example_trigger_target_dag to None
[2026-09-23 11:53:20,428] {scheduler_job.py:190} INFO - Processing /home/airflow/.local/lib/python3.6/site-packages/airflow/example_dags/example_trigger_target_dag.py took 0.115 seconds
[2026-09-23 11:53:51,237] {scheduler_job.py:182} INFO - Started process (PID=1664) to work on /home/airflow/.local/lib/python3.6/site-packages/airflow/example_dags/example_trigger_target_dag.py
[2026-09-23 11:53:51,238] {scheduler_job.py:629} INFO - Processing file /home/airflow/.local/lib/python3.6/site-packages/airflow/example_dags/example_trigger_target_dag.py for tasks to queue
[2026-09-23 11:53:51,239] {logging_mixin.py:104} INFO - [2026-09-23 11:53:51,239] {dagbag.py:451} INFO - Filling up the DagBag from /home/airflow/.local/lib/python3.6/site-packages/airflow/example_dags/example_trigger_target_dag.py
[2026-09-23 11:53:51,255] {scheduler_job.py:639} INFO - DAG(s) dict_keys(['example_trigger_target_dag']) retrieved from /home/airflow/.local/lib/python3.6/site-packages/airflow/example_dags/example_trigger_target_dag.py
[2026-09-23 11:53:51,285] {logging_mixin.py:104} INFO - [2026-09-23 11:53:51,285] {dag.py:1824} INFO - Sync 1 DAGs
[2026-09-23 11:53:51,309] {logging_mixin.py:104} INFO - [2026-09-23 11:53:51,309] {dag.py:2280} INFO - Setting next_dagrun for example_trigger_target_dag to None
[2026-09-23 11:53:51,324] {scheduler_job.py:190} INFO - Processing /home/airflow/.local/lib/python3.6/site-packages/airflow/example_dags/example_trigger_target_dag.py took 0.090 seconds
[2026-09-23 11:54:22,245] {scheduler_job.py:182} INFO - Started process (PID=1690) to work on /home/airflow/.local/lib/python3.6/site-packages/airflow/example_dags/example_trigger_target_dag.py
[2026-09-23 11:54:22,248] {scheduler_job.py:629} INFO - Processing file /home/airflow/.local/lib/python3.6/site-packages/airflow/example_dags/example_trigger_target_dag.py for tasks to queue
[2026-09-23 11:54:22,249] {logging_mixin.py:104} INFO - [2026-09-23 11:54:22,249] {dagbag.py:451} INFO - Filling up the DagBag from /home/airflow/.local/lib/python3.6/site-packages/airflow/example_dags/example_trigger_target_dag.py
[2026-09-23 11:54:22,269] {scheduler_job.py:639} INFO - DAG(s) dict_keys(['example_trigger_target_dag']) retrieved from /home/airflow/.local/lib/python3.6/site-packages/airflow/example_dags/example_trigger_target_dag.py
[2026-09-23 11:54:22,301] {logging_mixin.py:104} INFO - [2026-09-23 11:54:22,300] {dag.py:1824} INFO - Sync 1 DAGs
[2026-09-23 11:54:22,325] {logging_mixin.py:104} INFO - [2026-09-23 11:54:22,325] {dag.py:2280} INFO - Setting next_dagrun for example_trigger_target_dag to None
[2026-09-23 11:54:22,341] {scheduler_job.py:190} INFO - Processing /home/airflow/.local/lib/python3.6/site-packages/airflow/example_dags/example_trigger_target_dag.py took 0.101 seconds
[2026-09-23 11:54:52,432] {scheduler_job.py:182} INFO - Started process (PID=1716) to work on /home/airflow/.local/lib/python3.6/site-packages/airflow/example_dags/example_trigger_target_dag.py
[2026-09-23 11:54:52,434] {scheduler_job.py:629} INFO - Processing file /home/airflow/.local/lib/python3.6/site-packages/airflow/example_dags/example_trigger_target_dag.py for tasks to queue
[2026-09-23 11:54:52,435] {logging_mixin.py:104} INFO - [2026-09-23 11:54:52,435] {dagbag.py:451} INFO - Filling up the DagBag from /home/airflow/.local/lib/python3.6/site-packages/airflow/example_dags/example_trigger_target_dag.py
[2026-09-23 11:54:52,455] {scheduler_job.py:639} INFO - DAG(s) dict_keys(['example_trigger_target_dag']) retrieved from /home/airflow/.local/lib/python3.6/site-packages/airflow/example_dags/example_trigger_target_dag.py
[2026-09-23 11:54:52,486] {logging_mixin.py:104} INFO - [2026-09-23 11:54:52,486] {dag.py:1824} INFO - Sync 1 DAGs
[2026-09-23 11:54:52,512] {logging_mixin.py:104} INFO - [2026-09-23 11:54:52,512] {dag.py:2280} INFO - Setting next_dagrun for example_trigger_target_dag to None
[2026-09-23 11:54:52,534] {scheduler_job.py:190} INFO - Processing /home/airflow/.local/lib/python3.6/site-packages/airflow/example_dags/example_trigger_target_dag.py took 0.108 seconds
[2026-09-23 11:55:23,516] {scheduler_job.py:182} INFO - Started process (PID=1743) to work on /home/airflow/.local/lib/python3.6/site-packages/airflow/example_dags/example_trigger_target_dag.py
[2026-09-23 11:55:23,517] {scheduler_job.py:629} INFO - Processing file /home/airflow/.local/lib/python3.6/site-packages/airflow/example_dags/example_trigger_target_dag.py for tasks to queue
[2026-09-23 11:55:23,518] {logging_mixin.py:104} INFO - [2026-09-23 11:55:23,518] {dagbag.py:451} INFO - Filling up the DagBag from /home/airflow/.local/lib/python3.6/site-packages/airflow/example_dags/example_trigger_target_dag.py
[2026-09-23 11:55:23,538] {scheduler_job.py:639} INFO - DAG(s) dict_keys(['example_trigger_target_dag']) retrieved from /home/airflow/.local/lib/python3.6/site-packages/airflow/example_dags/example_trigger_target_dag.py
[2026-09-23 11:55:23,569] {logging_mixin.py:104} INFO - [2026-09-23 11:55:23,569] {dag.py:1824} INFO - Sync 1 DAGs
[2026-09-23 11:55:23,592] {logging_mixin.py:104} INFO - [2026-09-23 11:55:23,592] {dag.py:2280} INFO - Setting next_dagrun for example_trigger_target_dag to None
[2026-09-23 11:55:23,605] {scheduler_job.py:190} INFO - Processing /home/airflow/.local/lib/python3.6/site-packages/airflow/example_dags/example_trigger_target_dag.py took 0.094 seconds
[2026-09-23 11:55:54,255] {scheduler_job.py:182} INFO - Started process (PID=1769) to work on /home/airflow/.local/lib/python3.6/site-packages/airflow/example_dags/example_trigger_target_dag.py
[2026-09-23 11:55:54,257] {scheduler_job.py:629} INFO - Processing file /home/airflow/.local/lib/python3.6/site-packages/airflow/example_dags/example_trigger_target_dag.py for tasks to queue
[2026-09-23 11:55:54,258] {logging_mixin.py:104} INFO - [2026-09-23 11:55:54,258] {dagbag.py:451} INFO - Filling up the DagBag from /home/airflow/.local/lib/python3.6/site-packages/airflow/example_dags/example_trigger_target_dag.py
[2026-09-23 11:55:54,283] {scheduler_job.py:639} INFO - DAG(s) dict_keys(['example_trigger_target_dag']) retrieved from /home/airflow/.local/lib/python3.6/site-packages/airflow/example_dags/example_trigger_target_dag.py
[2026-09-23 11:55:54,318] {logging_mixin.py:104} INFO - [2026-09-23 11:55:54,318] {dag.py:1824} INFO - Sync 1 DAGs
[2026-09-23 11:55:54,344] {logging_mixin.py:104} INFO - [2026-09-23 11:55:54,344] {dag.py:2280} INFO - Setting next_dagrun for example_trigger_target_dag to None
[2026-09-23 11:55:54,362] {scheduler_job.py:190} INFO - Processing /home/airflow/.local/lib/python3.6/site-packages/airflow/example_dags/example_trigger_target_dag.py took 0.114 seconds
[2026-09-23 11:56:25,113] {scheduler_job.py:182} INFO - Started process (PID=1795) to work on /home/airflow/.local/lib/python3.6/site-packages/airflow/example_dags/example_trigger_target_dag.py
[2026-09-23 11:56:25,115] {scheduler_job.py:629} INFO - Processing file /home/airflow/.local/lib/python3.6/site-packages/airflow/example_dags/example_trigger_target_dag.py for tasks to queue
[2026-09-23 11:56:25,116] {logging_mixin.py:104} INFO - [2026-09-23 11:56:25,116] {dagbag.py:451} INFO - Filling up the DagBag from /home/airflow/.local/lib/python3.6/site-packages/airflow/example_dags/example_trigger_target_dag.py
[2026-09-23 11:56:25,136] {scheduler_job.py:639} INFO - DAG(s) dict_keys(['example_trigger_target_dag']) retrieved from /home/airflow/.local/lib/python3.6/site-packages/airflow/example_dags/example_trigger_target_dag.py
[2026-09-23 11:56:25,175] {logging_mixin.py:104} INFO - [2026-09-23 11:56:25,175] {dag.py:1824} INFO - Sync 1 DAGs
[2026-09-23 11:56:25,211] {logging_mixin.py:104} INFO - [2026-09-23 11:56:25,211] {dag.py:2280} INFO - Setting next_dagrun for example_trigger_target_dag to None
[2026-09-23 11:56:25,235] {scheduler_job.py:190} INFO - Processing /home/airflow/.local/lib/python3.6/site-packages/airflow/example_dags/example_trigger_target_dag.py took 0.129 seconds
[2026-09-23 11:56:55,738] {scheduler_job.py:182} INFO - Started process (PID=1821) to work on /home/airflow/.local/lib/python3.6/site-packages/airflow/example_dags/example_trigger_target_dag.py
[2026-09-23 11:56:55,739] {scheduler_job.py:629} INFO - Processing file /home/airflow/.local/lib/python3.6/site-packages/airflow/example_dags/example_trigger_target_dag.py for tasks to queue
[2026-09-23 11:56:55,741] {logging_mixin.py:104} INFO - [2026-09-23 11:56:55,740] {dagbag.py:451} INFO - Filling up the DagBag from /home/airflow/.local/lib/python3.6/site-packages/airflow/example_dags/example_trigger_target_dag.py
[2026-09-23 11:56:55,763] {scheduler_job.py:639} INFO - DAG(s) dict_keys(['example_trigger_target_dag']) retrieved from /home/airflow/.local/lib/python3.6/site-packages/airflow/example_dags/example_trigger_target_dag.py
[2026-09-23 11:56:55,798] {logging_mixin.py:104} INFO - [2026-09-23 11:56:55,798] {dag.py:1824} INFO - Sync 1 DAGs
[2026-09-23 11:56:55,826] {logging_mixin.py:104} INFO - [2026-09-23 11:56:55,826] {dag.py:2280} INFO - Setting next_dagrun for example_trigger_target_dag to None
[2026-09-23 11:56:55,841] {scheduler_job.py:190} INFO - Processing /home/airflow/.local/lib/python3.6/site-packages/airflow/example_dags/example_trigger_target_dag.py took 0.109 seconds
[2026-09-23 11:57:26,285] {scheduler_job.py:182} INFO - Started process (PID=1847) to work on /home/airflow/.local/lib/python3.6/site-packages/airflow/example_dags/example_trigger_target_dag.py
[2026-09-23 11:57:26,286] {scheduler_job.py:629} INFO - Processing file /home/airflow/.local/lib/python3.6/site-packages/airflow/example_dags/example_trigger_target_dag.py for tasks to queue
[2026-09-23 11:57:26,287] {logging_mixin.py:104} INFO - [2026-09-23 11:57:26,287] {dagbag.py:451} INFO - Filling up the DagBag from /home/airflow/.local/lib/python3.6/site-packages/airflow/example_dags/example_trigger_target_dag.py
[2026-09-23 11:57:26,302] {scheduler_job.py:639} INFO - DAG(s) dict_keys(['example_trigger_target_dag']) retrieved from /home/airflow/.local/lib/python3.6/site-packages/airflow/example_dags/example_trigger_target_dag.py
[2026-09-23 11:57:26,331] {logging_mixin.py:104} INFO - [2026-09-23 11:57:26,331] {dag.py:1824} INFO - Sync 1 DAGs
[2026-09-23 11:57:26,354] {logging_mixin.py:104} INFO - [2026-09-23 11:57:26,354] {dag.py:2280} INFO - Setting next_dagrun for example_trigger_target_dag to None
[2026-09-23 11:57:26,370] {scheduler_job.py:190} INFO - Processing /home/airflow/.local/lib/python3.6/site-packages/airflow/example_dags/example_trigger_target_dag.py took 0.089 seconds
[2026-09-23 11:57:57,253] {scheduler_job.py:182} INFO - Started process (PID=1873) to work on /home/airflow/.local/lib/python3.6/site-packages/airflow/example_dags/example_trigger_target_dag.py
[2026-09-23 11:57:57,254] {scheduler_job.py:629} INFO - Processing file /home/airflow/.local/lib/python3.6/site-packages/airflow/example_dags/example_trigger_target_dag.py for tasks to queue
[2026-09-23 11:57:57,256] {logging_mixin.py:104} INFO - [2026-09-23 11:57:57,255] {dagbag.py:451} INFO - Filling up the DagBag from /home/airflow/.local/lib/python3.6/site-packages/airflow/example_dags/example_trigger_target_dag.py
[2026-09-23 11:57:57,281] {scheduler_job.py:639} INFO - DAG(s) dict_keys(['example_trigger_target_dag']) retrieved from /home/airflow/.local/lib/python3.6/site-packages/airflow/example_dags/example_trigger_target_dag.py
[2026-09-23 11:57:57,318] {logging_mixin.py:104} INFO - [2026-09-23 11:57:57,318] {dag.py:1824} INFO - Sync 1 DAGs
[2026-09-23 11:57:57,345] {logging_mixin.py:104} INFO - [2026-09-23 11:57:57,345] {dag.py:2280} INFO - Setting next_dagrun for example_trigger_target_dag to None
[2026-09-23 11:57:57,366] {scheduler_job.py:190} INFO - Processing /home/airflow/.local/lib/python3.6/site-packages/airflow/example_dags/example_trigger_target_dag.py took 0.119 seconds
[2026-09-23 11:58:27,501] {scheduler_job.py:182} INFO - Started process (PID=1899) to work on /home/airflow/.local/lib/python3.6/site-packages/airflow/example_dags/example_trigger_target_dag.py
[2026-09-23 11:58:27,503] {scheduler_job.py:629} INFO - Processing file /home/airflow/.local/lib/python3.6/site-packages/airflow/example_dags/example_trigger_target_dag.py for tasks to queue
[2026-09-23 11:58:27,504] {logging_mixin.py:104} INFO - [2026-09-23 11:58:27,504] {dagbag.py:451} INFO - Filling up the DagBag from /home/airflow/.local/lib/python3.6/site-packages/airflow/example_dags/example_trigger_target_dag.py
[2026-09-23 11:58:27,526] {scheduler_job.py:639} INFO - DAG(s) dict_keys(['example_trigger_target_dag']) retrieved from /home/airflow/.local/lib/python3.6/site-packages/airflow/example_dags/example_trigger_target_dag.py
[2026-09-23 11:58:27,571] {logging_mixin.py:104} INFO - [2026-09-23 11:58:27,571] {dag.py:1824} INFO - Sync 1 DAGs
[2026-09-23 11:58:27,608] {logging_mixin.py:104} INFO - [2026-09-23 11:58:27,608] {dag.py:2280} INFO - Setting next_dagrun for example_trigger_target_dag to None
[2026-09-23 11:58:27,629] {scheduler_job.py:190} INFO - Processing /home/airflow/.local/lib/python3.6/site-packages/airflow/example_dags/example_trigger_target_dag.py took 0.133 seconds
[2026-09-23 11:58:57,682] {scheduler_job.py:182} INFO - Started process (PID=1925) to work on /home/airflow/.local/lib/python3.6/site-packages/airflow/example_dags/example_trigger_target_dag.py
[2026-09-23 11:58:57,683] {scheduler_job.py:629} INFO - Processing file /home/airflow/.local/lib/python3.6/site-packages/airflow/example_dags/example_trigger_target_dag.py for tasks to queue
[2026-09-23 11:58:57,684] {logging_mixin.py:104} INFO - [2026-09-23 11:58:57,684] {dagbag.py:451} INFO - Filling up the DagBag from /home/airflow/.local/lib/python3.6/site-packages/airflow/example_dags/example_trigger_target_dag.py
[2026-09-23 11:58:57,705] {scheduler_job.py:639} INFO - DAG(s) dict_keys(['example_trigger_target_dag']) retrieved from /home/airflow/.local/lib/python3.6/site-packages/airflow/example_dags/example_trigger_target_dag.py
[2026-09-23 11:58:57,741] {logging_mixin.py:104} INFO - [2026-09-23 11:58:57,741] {dag.py:1824} INFO - Sync 1 DAGs
[2026-09-23 11:58:57,769] {logging_mixin.py:104} INFO - [2026-09-23 11:58:57,769] {dag.py:2280} INFO - Setting next_dagrun for example_trigger_target_dag to None
[2026-09-23 11:58:57,785] {scheduler_job.py:190} INFO - Processing /home/airflow/.local/lib/python3.6/site-packages/airflow/example_dags/example_trigger_target_dag.py took 0.109 seconds
[2026-09-23 11:59:28,762] {scheduler_job.py:182} INFO - Started process (PID=1951) to work on /home/airflow/.local/lib/python3.6/site-packages/airflow/example_dags/example_trigger_target_dag.py
[2026-09-23 11:59:28,764] {scheduler_job.py:629} INFO - Processing file /home/airflow/.local/lib/python3.6/site-packages/airflow/example_dags/example_trigger_target_dag.py for tasks to queue
[2026-09-23 11:59:28,765] {logging_mixin.py:104} INFO - [2026-09-23 11:59:28,765] {dagbag.py:451} INFO - Filling up the DagBag from /home/airflow/.local/lib/python3.6/site-packages/airflow/example_dags/example_trigger_target_dag.py
[2026-09-23 11:59:28,781] {scheduler_job.py:639} INFO - DAG(s) dict_keys(['example_trigger_target_dag']) retrieved from /home/airflow/.local/lib/python3.6/site-packages/airflow/example_dags/example_trigger_target_dag.py
[2026-09-23 11:59:28,809] {logging_mixin.py:104} INFO - [2026-09-23 11:59:28,809] {dag.py:1824} INFO - Sync 1 DAGs
[2026-09-23 11:59:28,830] {logging_mixin.py:104} INFO - [2026-09-23 11:59:28,830] {dag.py:2280} INFO - Setting next_dagrun for example_trigger_target_dag to None
[2026-09-23 11:59:28,844] {scheduler_job.py:190} INFO - Processing /home/airflow/.local/lib/python3.6/site-packages/airflow/example_dags/example_trigger_target_dag.py took 0.086 seconds
[2026-09-23 11:59:59,421] {scheduler_job.py:182} INFO - Started process (PID=1977) to work on /home/airflow/.local/lib/python3.6/site-packages/airflow/example_dags/example_trigger_target_dag.py
[2026-09-23 11:59:59,422] {scheduler_job.py:629} INFO - Processing file /home/airflow/.local/lib/python3.6/site-packages/airflow/example_dags/example_trigger_target_dag.py for tasks to queue
[2026-09-23 11:59:59,423] {logging_mixin.py:104} INFO - [2026-09-23 11:59:59,423] {dagbag.py:451} INFO - Filling up the DagBag from /home/airflow/.local/lib/python3.6/site-packages/airflow/example_dags/example_trigger_target_dag.py
[2026-09-23 11:59:59,439] {scheduler_job.py:639} INFO - DAG(s) dict_keys(['example_trigger_target_dag']) retrieved from /home/airflow/.local/lib/python3.6/site-packages/airflow/example_dags/example_trigger_target_dag.py
[2026-09-23 11:59:59,462] {logging_mixin.py:104} INFO - [2026-09-23 11:59:59,462] {dag.py:1824} INFO - Sync 1 DAGs
[2026-09-23 11:59:59,481] {logging_mixin.py:104} INFO - [2026-09-23 11:59:59,480] {dag.py:2280} INFO - Setting next_dagrun for example_trigger_target_dag to None
[2026-09-23 11:59:59,497] {scheduler_job.py:190} INFO - Processing /home/airflow/.local/lib/python3.6/site-packages/airflow/example_dags/example_trigger_target_dag.py took 0.080 seconds
[2026-09-23 12:00:30,132] {scheduler_job.py:182} INFO - Started process (PID=2003) to work on /home/airflow/.local/lib/python3.6/site-packages/airflow/example_dags/example_trigger_target_dag.py
[2026-09-23 12:00:30,133] {scheduler_job.py:629} INFO - Processing file /home/airflow/.local/lib/python3.6/site-packages/airflow/example_dags/example_trigger_target_dag.py for tasks to queue
[2026-09-23 12:00:30,134] {logging_mixin.py:104} INFO - [2026-09-23 12:00:30,133] {dagbag.py:451} INFO - Filling up the DagBag from /home/airflow/.local/lib/python3.6/site-packages/airflow/example_dags/example_trigger_target_dag.py
[2026-09-23 12:00:30,148] {scheduler_job.py:639} INFO - DAG(s) dict_keys(['example_trigger_target_dag']) retrieved from /home/airflow/.local/lib/python3.6/site-packages/airflow/example_dags/example_trigger_target_dag.py
[2026-09-23 12:00:30,178] {logging_mixin.py:104} INFO - [2026-09-23 12:00:30,178] {dag.py:1824} INFO - Sync 1 DAGs
[2026-09-23 12:00:30,198] {logging_mixin.py:104} INFO - [2026-09-23 12:00:30,198] {dag.py:2280} INFO - Setting next_dagrun for example_trigger_target_dag to None
[2026-09-23 12:00:30,217] {scheduler_job.py:190} INFO - Processing /home/airflow/.local/lib/python3.6/site-packages/airflow/example_dags/example_trigger_target_dag.py took 0.090 seconds
[2026-09-23 12:01:00,639] {scheduler_job.py:182} INFO - Started process (PID=2029) to work on /home/airflow/.local/lib/python3.6/site-packages/airflow/example_dags/example_trigger_target_dag.py
[2026-09-23 12:01:00,640] {scheduler_job.py:629} INFO - Processing file /home/airflow/.local/lib/python3.6/site-packages/airflow/example_dags/example_trigger_target_dag.py for tasks to queue
[2026-09-23 12:01:00,641] {logging_mixin.py:104} INFO - [2026-09-23 12:01:00,641] {dagbag.py:451} INFO - Filling up the DagBag from /home/airflow/.local/lib/python3.6/site-packages/airflow/example_dags/example_trigger_target_dag.py
[2026-09-23 12:01:00,657] {scheduler_job.py:639} INFO - DAG(s) dict_keys(['example_trigger_target_dag']) retrieved from /home/airflow/.local/lib/python3.6/site-packages/airflow/example_dags/example_trigger_target_dag.py
[2026-09-23 12:01:00,683] {logging_mixin.py:104} INFO - [2026-09-23 12:01:00,683] {dag.py:1824} INFO - Sync 1 DAGs
[2026-09-23 12:01:00,703] {logging_mixin.py:104} INFO - [2026-09-23 12:01:00,703] {dag.py:2280} INFO - Setting next_dagrun for example_trigger_target_dag to None
[2026-09-23 12:01:00,721] {scheduler_job.py:190} INFO - Processing /home/airflow/.local/lib/python3.6/site-packages/airflow/example_dags/example_trigger_target_dag.py took 0.086 seconds
[2026-09-23 12:01:31,286] {scheduler_job.py:182} INFO - Started process (PID=2055) to work on /home/airflow/.local/lib/python3.6/site-packages/airflow/example_dags/example_trigger_target_dag.py
[2026-09-23 12:01:31,288] {scheduler_job.py:629} INFO - Processing file /home/airflow/.local/lib/python3.6/site-packages/airflow/example_dags/example_trigger_target_dag.py for tasks to queue
[2026-09-23 12:01:31,289] {logging_mixin.py:104} INFO - [2026-09-23 12:01:31,289] {dagbag.py:451} INFO - Filling up the DagBag from /home/airflow/.local/lib/python3.6/site-packages/airflow/example_dags/example_trigger_target_dag.py
[2026-09-23 12:01:31,308] {scheduler_job.py:639} INFO - DAG(s) dict_keys(['example_trigger_target_dag']) retrieved from /home/airflow/.local/lib/python3.6/site-packages/airflow/example_dags/example_trigger_target_dag.py
[2026-09-23 12:01:31,339] {logging_mixin.py:104} INFO - [2026-09-23 12:01:31,339] {dag.py:1824} INFO - Sync 1 DAGs
[2026-09-23 12:01:31,372] {logging_mixin.py:104} INFO - [2026-09-23 12:01:31,371] {dag.py:2280} INFO - Setting next_dagrun for example_trigger_target_dag to None
[2026-09-23 12:01:31,393] {scheduler_job.py:190} INFO - Processing /home/airflow/.local/lib/python3.6/site-packages/airflow/example_dags/example_trigger_target_dag.py took 0.112 seconds
[2026-09-23 12:02:01,874] {scheduler_job.py:182} INFO - Started process (PID=2081) to work on /home/airflow/.local/lib/python3.6/site-packages/airflow/example_dags/example_trigger_target_dag.py
[2026-09-23 12:02:01,875] {scheduler_job.py:629} INFO - Processing file /home/airflow/.local/lib/python3.6/site-packages/airflow/example_dags/example_trigger_target_dag.py for tasks to queue
[2026-09-23 12:02:01,876] {logging_mixin.py:104} INFO - [2026-09-23 12:02:01,876] {dagbag.py:451} INFO - Filling up the DagBag from /home/airflow/.local/lib/python3.6/site-packages/airflow/example_dags/example_trigger_target_dag.py
[2026-09-23 12:02:01,889] {scheduler_job.py:639} INFO - DAG(s) dict_keys(['example_trigger_target_dag']) retrieved from /home/airflow/.local/lib/python3.6/site-packages/airflow/example_dags/example_trigger_target_dag.py
[2026-09-23 12:02:01,912] {logging_mixin.py:104} INFO - [2026-09-23 12:02:01,912] {dag.py:1824} INFO - Sync 1 DAGs
[2026-09-23 12:02:01,929] {logging_mixin.py:104} INFO - [2026-09-23 12:02:01,929] {dag.py:2280} INFO - Setting next_dagrun for example_trigger_target_dag to None
[2026-09-23 12:02:01,943] {scheduler_job.py:190} INFO - Processing /home/airflow/.local/lib/python3.6/site-packages/airflow/example_dags/example_trigger_target_dag.py took 0.073 seconds
[2026-09-23 12:02:32,893] {scheduler_job.py:182} INFO - Started process (PID=2107) to work on /home/airflow/.local/lib/python3.6/site-packages/airflow/example_dags/example_trigger_target_dag.py
[2026-09-23 12:02:32,894] {scheduler_job.py:629} INFO - Processing file /home/airflow/.local/lib/python3.6/site-packages/airflow/example_dags/example_trigger_target_dag.py for tasks to queue
[2026-09-23 12:02:32,895] {logging_mixin.py:104} INFO - [2026-09-23 12:02:32,895] {dagbag.py:451} INFO - Filling up the DagBag from /home/airflow/.local/lib/python3.6/site-packages/airflow/example_dags/example_trigger_target_dag.py
[2026-09-23 12:02:32,918] {scheduler_job.py:639} INFO - DAG(s) dict_keys(['example_trigger_target_dag']) retrieved from /home/airflow/.local/lib/python3.6/site-packages/airflow/example_dags/example_trigger_target_dag.py
[2026-09-23 12:02:32,948] {logging_mixin.py:104} INFO - [2026-09-23 12:02:32,948] {dag.py:1824} INFO - Sync 1 DAGs
[2026-09-23 12:02:32,971] {logging_mixin.py:104} INFO - [2026-09-23 12:02:32,971] {dag.py:2280} INFO - Setting next_dagrun for example_trigger_target_dag to None
[2026-09-23 12:02:32,988] {scheduler_job.py:190} INFO - Processing /home/airflow/.local/lib/python3.6/site-packages/airflow/example_dags/example_trigger_target_dag.py took 0.101 seconds
[2026-09-23 12:03:03,768] {scheduler_job.py:182} INFO - Started process (PID=2133) to work on /home/airflow/.local/lib/python3.6/site-packages/airflow/example_dags/example_trigger_target_dag.py
[2026-09-23 12:03:03,769] {scheduler_job.py:629} INFO - Processing file /home/airflow/.local/lib/python3.6/site-packages/airflow/example_dags/example_trigger_target_dag.py for tasks to queue
[2026-09-23 12:03:03,770] {logging_mixin.py:104} INFO - [2026-09-23 12:03:03,770] {dagbag.py:451} INFO - Filling up the DagBag from /home/airflow/.local/lib/python3.6/site-packages/airflow/example_dags/example_trigger_target_dag.py
[2026-09-23 12:03:03,794] {scheduler_job.py:639} INFO - DAG(s) dict_keys(['example_trigger_target_dag']) retrieved from /home/airflow/.local/lib/python3.6/site-packages/airflow/example_dags/example_trigger_target_dag.py
[2026-09-23 12:03:03,827] {logging_mixin.py:104} INFO - [2026-09-23 12:03:03,827] {dag.py:1824} INFO - Sync 1 DAGs
[2026-09-23 12:03:03,856] {logging_mixin.py:104} INFO - [2026-09-23 12:03:03,855] {dag.py:2280} INFO - Setting next_dagrun for example_trigger_target_dag to None
[2026-09-23 12:03:03,876] {scheduler_job.py:190} INFO - Processing /home/airflow/.local/lib/python3.6/site-packages/airflow/example_dags/example_trigger_target_dag.py took 0.113 seconds
[2026-09-23 12:03:34,707] {scheduler_job.py:182} INFO - Started process (PID=2159) to work on /home/airflow/.local/lib/python3.6/site-packages/airflow/example_dags/example_trigger_target_dag.py
[2026-09-23 12:03:34,709] {scheduler_job.py:629} INFO - Processing file /home/airflow/.local/lib/python3.6/site-packages/airflow/example_dags/example_trigger_target_dag.py for tasks to queue
[2026-09-23 12:03:34,709] {logging_mixin.py:104} INFO - [2026-09-23 12:03:34,709] {dagbag.py:451} INFO - Filling up the DagBag from /home/airflow/.local/lib/python3.6/site-packages/airflow/example_dags/example_trigger_target_dag.py
[2026-09-23 12:03:34,723] {scheduler_job.py:639} INFO - DAG(s) dict_keys(['example_trigger_target_dag']) retrieved from /home/airflow/.local/lib/python3.6/site-packages/airflow/example_dags/example_trigger_target_dag.py
[2026-09-23 12:03:34,746] {logging_mixin.py:104} INFO - [2026-09-23 12:03:34,745] {dag.py:1824} INFO - Sync 1 DAGs
[2026-09-23 12:03:34,764] {logging_mixin.py:104} INFO - [2026-09-23 12:03:34,764] {dag.py:2280} INFO - Setting next_dagrun for example_trigger_target_dag to None
[2026-09-23 12:03:34,775] {scheduler_job.py:190} INFO - Processing /home/airflow/.local/lib/python3.6/site-packages/airflow/example_dags/example_trigger_target_dag.py took 0.071 seconds
[2026-09-23 12:04:05,474] {scheduler_job.py:182} INFO - Started process (PID=2185) to work on /home/airflow/.local/lib/python3.6/site-packages/airflow/example_dags/example_trigger_target_dag.py
[2026-09-23 12:04:05,475] {scheduler_job.py:629} INFO - Processing file /home/airflow/.local/lib/python3.6/site-packages/airflow/example_dags/example_trigger_target_dag.py for tasks to queue
[2026-09-23 12:04:05,476] {logging_mixin.py:104} INFO - [2026-09-23 12:04:05,476] {dagbag.py:451} INFO - Filling up the DagBag from /home/airflow/.local/lib/python3.6/site-packages/airflow/example_dags/example_trigger_target_dag.py
[2026-09-23 12:04:05,491] {scheduler_job.py:639} INFO - DAG(s) dict_keys(['example_trigger_target_dag']) retrieved from /home/airflow/.local/lib/python3.6/site-packages/airflow/example_dags/example_trigger_target_dag.py
[2026-09-23 12:04:05,514] {logging_mixin.py:104} INFO - [2026-09-23 12:04:05,513] {dag.py:1824} INFO - Sync 1 DAGs
[2026-09-23 12:04:05,531] {logging_mixin.py:104} INFO - [2026-09-23 12:04:05,531] {dag.py:2280} INFO - Setting next_dagrun for example_trigger_target_dag to None
[2026-09-23 12:04:05,545] {scheduler_job.py:190} INFO - Processing /home/airflow/.local/lib/python3.6/site-packages/airflow/example_dags/example_trigger_target_dag.py took 0.075 seconds
[2026-09-23 12:04:36,585] {scheduler_job.py:182} INFO - Started process (PID=2211) to work on /home/airflow/.local/lib/python3.6/site-packages/airflow/example_dags/example_trigger_target_dag.py
[2026-09-23 12:04:36,587] {scheduler_job.py:629} INFO - Processing file /home/airflow/.local/lib/python3.6/site-packages/airflow/example_dags/example_trigger_target_dag.py for tasks to queue
[2026-09-23 12:04:36,588] {logging_mixin.py:104} INFO - [2026-09-23 12:04:36,588] {dagbag.py:451} INFO - Filling up the DagBag from /home/airflow/.local/lib/python3.6/site-packages/airflow/example_dags/example_trigger_target_dag.py
[2026-09-23 12:04:36,605] {scheduler_job.py:639} INFO - DAG(s) dict_keys(['example_trigger_target_dag']) retrieved from /home/airflow/.local/lib/python3.6/site-packages/airflow/example_dags/example_trigger_target_dag.py
[2026-09-23 12:04:36,635] {logging_mixin.py:104} INFO - [2026-09-23 12:04:36,635] {dag.py:1824} INFO - Sync 1 DAGs
[2026-09-23 12:04:36,656] {logging_mixin.py:104} INFO - [2026-09-23 12:04:36,655] {dag.py:2280} INFO - Setting next_dagrun for example_trigger_target_dag to None
[2026-09-23 12:04:36,673] {scheduler_job.py:190} INFO - Processing /home/airflow/.local/lib/python3.6/site-packages/airflow/example_dags/example_trigger_target_dag.py took 0.093 seconds
[2026-09-23 12:05:06,822] {scheduler_job.py:182} INFO - Started process (PID=2237) to work on /home/airflow/.local/lib/python3.6/site-packages/airflow/example_dags/example_trigger_target_dag.py
[2026-09-23 12:05:06,823] {scheduler_job.py:629} INFO - Processing file /home/airflow/.local/lib/python3.6/site-packages/airflow/example_dags/example_trigger_target_dag.py for tasks to queue
[2026-09-23 12:05:06,824] {logging_mixin.py:104} INFO - [2026-09-23 12:05:06,824] {dagbag.py:451} INFO - Filling up the DagBag from /home/airflow/.local/lib/python3.6/site-packages/airflow/example_dags/example_trigger_target_dag.py
[2026-09-23 12:05:06,839] {scheduler_job.py:639} INFO - DAG(s) dict_keys(['example_trigger_target_dag']) retrieved from /home/airflow/.local/lib/python3.6/site-packages/airflow/example_dags/example_trigger_target_dag.py
[2026-09-23 12:05:06,869] {logging_mixin.py:104} INFO - [2026-09-23 12:05:06,869] {dag.py:1824} INFO - Sync 1 DAGs
[2026-09-23 12:05:06,894] {logging_mixin.py:104} INFO - [2026-09-23 12:05:06,893] {dag.py:2280} INFO - Setting next_dagrun for example_trigger_target_dag to None
[2026-09-23 12:05:06,909] {scheduler_job.py:190} INFO - Processing /home/airflow/.local/lib/python3.6/site-packages/airflow/example_dags/example_trigger_target_dag.py took 0.091 seconds
[2026-09-23 12:05:38,071] {scheduler_job.py:182} INFO - Started process (PID=2264) to work on /home/airflow/.local/lib/python3.6/site-packages/airflow/example_dags/example_trigger_target_dag.py
[2026-09-23 12:05:38,073] {scheduler_job.py:629} INFO - Processing file /home/airflow/.local/lib/python3.6/site-packages/airflow/example_dags/example_trigger_target_dag.py for tasks to queue
[2026-09-23 12:05:38,074] {logging_mixin.py:104} INFO - [2026-09-23 12:05:38,074] {dagbag.py:451} INFO - Filling up the DagBag from /home/airflow/.local/lib/python3.6/site-packages/airflow/example_dags/example_trigger_target_dag.py
[2026-09-23 12:05:38,092] {scheduler_job.py:639} INFO - DAG(s) dict_keys(['example_trigger_target_dag']) retrieved from /home/airflow/.local/lib/python3.6/site-packages/airflow/example_dags/example_trigger_target_dag.py
[2026-09-23 12:05:38,126] {logging_mixin.py:104} INFO - [2026-09-23 12:05:38,126] {dag.py:1824} INFO - Sync 1 DAGs
[2026-09-23 12:05:38,154] {logging_mixin.py:104} INFO - [2026-09-23 12:05:38,154] {dag.py:2280} INFO - Setting next_dagrun for example_trigger_target_dag to None
[2026-09-23 12:05:38,177] {scheduler_job.py:190} INFO - Processing /home/airflow/.local/lib/python3.6/site-packages/airflow/example_dags/example_trigger_target_dag.py took 0.110 seconds
[2026-09-23 12:06:09,011] {scheduler_job.py:182} INFO - Started process (PID=2290) to work on /home/airflow/.local/lib/python3.6/site-packages/airflow/example_dags/example_trigger_target_dag.py
[2026-09-23 12:06:09,012] {scheduler_job.py:629} INFO - Processing file /home/airflow/.local/lib/python3.6/site-packages/airflow/example_dags/example_trigger_target_dag.py for tasks to queue
[2026-09-23 12:06:09,013] {logging_mixin.py:104} INFO - [2026-09-23 12:06:09,013] {dagbag.py:451} INFO - Filling up the DagBag from /home/airflow/.local/lib/python3.6/site-packages/airflow/example_dags/example_trigger_target_dag.py
[2026-09-23 12:06:09,028] {scheduler_job.py:639} INFO - DAG(s) dict_keys(['example_trigger_target_dag']) retrieved from /home/airflow/.local/lib/python3.6/site-packages/airflow/example_dags/example_trigger_target_dag.py
[2026-09-23 12:06:09,054] {logging_mixin.py:104} INFO - [2026-09-23 12:06:09,054] {dag.py:1824} INFO - Sync 1 DAGs
[2026-09-23 12:06:09,075] {logging_mixin.py:104} INFO - [2026-09-23 12:06:09,075] {dag.py:2280} INFO - Setting next_dagrun for example_trigger_target_dag to None
[2026-09-23 12:06:09,092] {scheduler_job.py:190} INFO - Processing /home/airflow/.local/lib/python3.6/site-packages/airflow/example_dags/example_trigger_target_dag.py took 0.086 seconds
[2026-09-23 12:06:39,768] {scheduler_job.py:182} INFO - Started process (PID=2316) to work on /home/airflow/.local/lib/python3.6/site-packages/airflow/example_dags/example_trigger_target_dag.py
[2026-09-23 12:06:39,770] {scheduler_job.py:629} INFO - Processing file /home/airflow/.local/lib/python3.6/site-packages/airflow/example_dags/example_trigger_target_dag.py for tasks to queue
[2026-09-23 12:06:39,771] {logging_mixin.py:104} INFO - [2026-09-23 12:06:39,771] {dagbag.py:451} INFO - Filling up the DagBag from /home/airflow/.local/lib/python3.6/site-packages/airflow/example_dags/example_trigger_target_dag.py
[2026-09-23 12:06:39,796] {scheduler_job.py:639} INFO - DAG(s) dict_keys(['example_trigger_target_dag']) retrieved from /home/airflow/.local/lib/python3.6/site-packages/airflow/example_dags/example_trigger_target_dag.py
[2026-09-23 12:06:39,840] {logging_mixin.py:104} INFO - [2026-09-23 12:06:39,839] {dag.py:1824} INFO - Sync 1 DAGs
[2026-09-23 12:06:39,872] {logging_mixin.py:104} INFO - [2026-09-23 12:06:39,872] {dag.py:2280} INFO - Setting next_dagrun for example_trigger_target_dag to None
[2026-09-23 12:06:39,897] {scheduler_job.py:190} INFO - Processing /home/airflow/.local/lib/python3.6/site-packages/airflow/example_dags/example_trigger_target_dag.py took 0.135 seconds
[2026-09-23 12:07:10,549] {scheduler_job.py:182} INFO - Started process (PID=2342) to work on /home/airflow/.local/lib/python3.6/site-packages/airflow/example_dags/example_trigger_target_dag.py
[2026-09-23 12:07:10,551] {scheduler_job.py:629} INFO - Processing file /home/airflow/.local/lib/python3.6/site-packages/airflow/example_dags/example_trigger_target_dag.py for tasks to queue
[2026-09-23 12:07:10,552] {logging_mixin.py:104} INFO - [2026-09-23 12:07:10,551] {dagbag.py:451} INFO - Filling up the DagBag from /home/airflow/.local/lib/python3.6/site-packages/airflow/example_dags/example_trigger_target_dag.py
[2026-09-23 12:07:10,570] {scheduler_job.py:639} INFO - DAG(s) dict_keys(['example_trigger_target_dag']) retrieved from /home/airflow/.local/lib/python3.6/site-packages/airflow/example_dags/example_trigger_target_dag.py
[2026-09-23 12:07:10,596] {logging_mixin.py:104} INFO - [2026-09-23 12:07:10,596] {dag.py:1824} INFO - Sync 1 DAGs
[2026-09-23 12:07:10,617] {logging_mixin.py:104} INFO - [2026-09-23 12:07:10,616] {dag.py:2280} INFO - Setting next_dagrun for example_trigger_target_dag to None
[2026-09-23 12:07:10,636] {scheduler_job.py:190} INFO - Processing /home/airflow/.local/lib/python3.6/site-packages/airflow/example_dags/example_trigger_target_dag.py took 0.093 seconds
[2026-09-23 12:07:41,228] {scheduler_job.py:182} INFO - Started process (PID=2368) to work on /home/airflow/.local/lib/python3.6/site-packages/airflow/example_dags/example_trigger_target_dag.py
[2026-09-23 12:07:41,230] {scheduler_job.py:629} INFO - Processing file /home/airflow/.local/lib/python3.6/site-packages/airflow/example_dags/example_trigger_target_dag.py for tasks to queue
[2026-09-23 12:07:41,231] {logging_mixin.py:104} INFO - [2026-09-23 12:07:41,231] {dagbag.py:451} INFO - Filling up the DagBag from /home/airflow/.local/lib/python3.6/site-packages/airflow/example_dags/example_trigger_target_dag.py
[2026-09-23 12:07:41,251] {scheduler_job.py:639} INFO - DAG(s) dict_keys(['example_trigger_target_dag']) retrieved from /home/airflow/.local/lib/python3.6/site-packages/airflow/example_dags/example_trigger_target_dag.py
[2026-09-23 12:07:41,285] {logging_mixin.py:104} INFO - [2026-09-23 12:07:41,285] {dag.py:1824} INFO - Sync 1 DAGs
[2026-09-23 12:07:41,307] {logging_mixin.py:104} INFO - [2026-09-23 12:07:41,307] {dag.py:2280} INFO - Setting next_dagrun for example_trigger_target_dag to None
[2026-09-23 12:07:41,324] {scheduler_job.py:190} INFO - Processing /home/airflow/.local/lib/python3.6/site-packages/airflow/example_dags/example_trigger_target_dag.py took 0.101 seconds
[2026-09-23 12:08:11,881] {scheduler_job.py:182} INFO - Started process (PID=2394) to work on /home/airflow/.local/lib/python3.6/site-packages/airflow/example_dags/example_trigger_target_dag.py
[2026-09-23 12:08:11,882] {scheduler_job.py:629} INFO - Processing file /home/airflow/.local/lib/python3.6/site-packages/airflow/example_dags/example_trigger_target_dag.py for tasks to queue
[2026-09-23 12:08:11,883] {logging_mixin.py:104} INFO - [2026-09-23 12:08:11,882] {dagbag.py:451} INFO - Filling up the DagBag from /home/airflow/.local/lib/python3.6/site-packages/airflow/example_dags/example_trigger_target_dag.py
[2026-09-23 12:08:11,898] {scheduler_job.py:639} INFO - DAG(s) dict_keys(['example_trigger_target_dag']) retrieved from /home/airflow/.local/lib/python3.6/site-packages/airflow/example_dags/example_trigger_target_dag.py
[2026-09-23 12:08:11,926] {logging_mixin.py:104} INFO - [2026-09-23 12:08:11,925] {dag.py:1824} INFO - Sync 1 DAGs
[2026-09-23 12:08:11,945] {logging_mixin.py:104} INFO - [2026-09-23 12:08:11,945] {dag.py:2280} INFO - Setting next_dagrun for example_trigger_target_dag to None
[2026-09-23 12:08:11,960] {scheduler_job.py:190} INFO - Processing /home/airflow/.local/lib/python3.6/site-packages/airflow/example_dags/example_trigger_target_dag.py took 0.083 seconds
[2026-09-23 12:08:42,681] {scheduler_job.py:182} INFO - Started process (PID=2420) to work on /home/airflow/.local/lib/python3.6/site-packages/airflow/example_dags/example_trigger_target_dag.py
[2026-09-23 12:08:42,682] {scheduler_job.py:629} INFO - Processing file /home/airflow/.local/lib/python3.6/site-packages/airflow/example_dags/example_trigger_target_dag.py for tasks to queue
[2026-09-23 12:08:42,683] {logging_mixin.py:104} INFO - [2026-09-23 12:08:42,683] {dagbag.py:451} INFO - Filling up the DagBag from /home/airflow/.local/lib/python3.6/site-packages/airflow/example_dags/example_trigger_target_dag.py
[2026-09-23 12:08:42,699] {scheduler_job.py:639} INFO - DAG(s) dict_keys(['example_trigger_target_dag']) retrieved from /home/airflow/.local/lib/python3.6/site-packages/airflow/example_dags/example_trigger_target_dag.py
[2026-09-23 12:08:42,725] {logging_mixin.py:104} INFO - [2026-09-23 12:08:42,725] {dag.py:1824} INFO - Sync 1 DAGs
[2026-09-23 12:08:42,746] {logging_mixin.py:104} INFO - [2026-09-23 12:08:42,745] {dag.py:2280} INFO - Setting next_dagrun for example_trigger_target_dag to None
[2026-09-23 12:08:42,762] {scheduler_job.py:190} INFO - Processing /home/airflow/.local/lib/python3.6/site-packages/airflow/example_dags/example_trigger_target_dag.py took 0.085 seconds
[2026-09-23 12:09:13,497] {scheduler_job.py:182} INFO - Started process (PID=2446) to work on /home/airflow/.local/lib/python3.6/site-packages/airflow/example_dags/example_trigger_target_dag.py
[2026-09-23 12:09:13,498] {scheduler_job.py:629} INFO - Processing file /home/airflow/.local/lib/python3.6/site-packages/airflow/example_dags/example_trigger_target_dag.py for tasks to queue
[2026-09-23 12:09:13,499] {logging_mixin.py:104} INFO - [2026-09-23 12:09:13,499] {dagbag.py:451} INFO - Filling up the DagBag from /home/airflow/.local/lib/python3.6/site-packages/airflow/example_dags/example_trigger_target_dag.py
[2026-09-23 12:09:13,517] {scheduler_job.py:639} INFO - DAG(s) dict_keys(['example_trigger_target_dag']) retrieved from /home/airflow/.local/lib/python3.6/site-packages/airflow/example_dags/example_trigger_target_dag.py
[2026-09-23 12:09:13,547] {logging_mixin.py:104} INFO - [2026-09-23 12:09:13,547] {dag.py:1824} INFO - Sync 1 DAGs
[2026-09-23 12:09:13,579] {logging_mixin.py:104} INFO - [2026-09-23 12:09:13,579] {dag.py:2280} INFO - Setting next_dagrun for example_trigger_target_dag to None
[2026-09-23 12:09:13,606] {scheduler_job.py:190} INFO - Processing /home/airflow/.local/lib/python3.6/site-packages/airflow/example_dags/example_trigger_target_dag.py took 0.113 seconds
[2026-09-23 12:09:44,236] {scheduler_job.py:182} INFO - Started process (PID=2472) to work on /home/airflow/.local/lib/python3.6/site-packages/airflow/example_dags/example_trigger_target_dag.py
[2026-09-23 12:09:44,238] {scheduler_job.py:629} INFO - Processing file /home/airflow/.local/lib/python3.6/site-packages/airflow/example_dags/example_trigger_target_dag.py for tasks to queue
[2026-09-23 12:09:44,240] {logging_mixin.py:104} INFO - [2026-09-23 12:09:44,240] {dagbag.py:451} INFO - Filling up the DagBag from /home/airflow/.local/lib/python3.6/site-packages/airflow/example_dags/example_trigger_target_dag.py
[2026-09-23 12:09:44,275] {scheduler_job.py:639} INFO - DAG(s) dict_keys(['example_trigger_target_dag']) retrieved from /home/airflow/.local/lib/python3.6/site-packages/airflow/example_dags/example_trigger_target_dag.py
[2026-09-23 12:09:44,340] {logging_mixin.py:104} INFO - [2026-09-23 12:09:44,339] {dag.py:1824} INFO - Sync 1 DAGs
[2026-09-23 12:09:44,397] {logging_mixin.py:104} INFO - [2026-09-23 12:09:44,397] {dag.py:2280} INFO - Setting next_dagrun for example_trigger_target_dag to None
[2026-09-23 12:09:44,422] {scheduler_job.py:190} INFO - Processing /home/airflow/.local/lib/python3.6/site-packages/airflow/example_dags/example_trigger_target_dag.py took 0.202 seconds
[2026-09-23 12:10:14,476] {scheduler_job.py:182} INFO - Started process (PID=2498) to work on /home/airflow/.local/lib/python3.6/site-packages/airflow/example_dags/example_trigger_target_dag.py
[2026-09-23 12:10:14,478] {scheduler_job.py:629} INFO - Processing file /home/airflow/.local/lib/python3.6/site-packages/airflow/example_dags/example_trigger_target_dag.py for tasks to queue
[2026-09-23 12:10:14,479] {logging_mixin.py:104} INFO - [2026-09-23 12:10:14,479] {dagbag.py:451} INFO - Filling up the DagBag from /home/airflow/.local/lib/python3.6/site-packages/airflow/example_dags/example_trigger_target_dag.py
[2026-09-23 12:10:14,508] {scheduler_job.py:639} INFO - DAG(s) dict_keys(['example_trigger_target_dag']) retrieved from /home/airflow/.local/lib/python3.6/site-packages/airflow/example_dags/example_trigger_target_dag.py
[2026-09-23 12:10:14,552] {logging_mixin.py:104} INFO - [2026-09-23 12:10:14,551] {dag.py:1824} INFO - Sync 1 DAGs
[2026-09-23 12:10:14,586] {logging_mixin.py:104} INFO - [2026-09-23 12:10:14,586] {dag.py:2280} INFO - Setting next_dagrun for example_trigger_target_dag to None
[2026-09-23 12:10:14,616] {scheduler_job.py:190} INFO - Processing /home/airflow/.local/lib/python3.6/site-packages/airflow/example_dags/example_trigger_target_dag.py took 0.147 seconds
[2026-09-23 12:10:45,382] {scheduler_job.py:182} INFO - Started process (PID=2524) to work on /home/airflow/.local/lib/python3.6/site-packages/airflow/example_dags/example_trigger_target_dag.py
[2026-09-23 12:10:45,383] {scheduler_job.py:629} INFO - Processing file /home/airflow/.local/lib/python3.6/site-packages/airflow/example_dags/example_trigger_target_dag.py for tasks to queue
[2026-09-23 12:10:45,384] {logging_mixin.py:104} INFO - [2026-09-23 12:10:45,384] {dagbag.py:451} INFO - Filling up the DagBag from /home/airflow/.local/lib/python3.6/site-packages/airflow/example_dags/example_trigger_target_dag.py
[2026-09-23 12:10:45,399] {scheduler_job.py:639} INFO - DAG(s) dict_keys(['example_trigger_target_dag']) retrieved from /home/airflow/.local/lib/python3.6/site-packages/airflow/example_dags/example_trigger_target_dag.py
[2026-09-23 12:10:45,429] {logging_mixin.py:104} INFO - [2026-09-23 12:10:45,429] {dag.py:1824} INFO - Sync 1 DAGs
[2026-09-23 12:10:45,456] {logging_mixin.py:104} INFO - [2026-09-23 12:10:45,456] {dag.py:2280} INFO - Setting next_dagrun for example_trigger_target_dag to None
[2026-09-23 12:10:45,476] {scheduler_job.py:190} INFO - Processing /home/airflow/.local/lib/python3.6/site-packages/airflow/example_dags/example_trigger_target_dag.py took 0.099 seconds
[2026-09-23 12:11:15,595] {scheduler_job.py:182} INFO - Started process (PID=2550) to work on /home/airflow/.local/lib/python3.6/site-packages/airflow/example_dags/example_trigger_target_dag.py
[2026-09-23 12:11:15,597] {scheduler_job.py:629} INFO - Processing file /home/airflow/.local/lib/python3.6/site-packages/airflow/example_dags/example_trigger_target_dag.py for tasks to queue
[2026-09-23 12:11:15,598] {logging_mixin.py:104} INFO - [2026-09-23 12:11:15,598] {dagbag.py:451} INFO - Filling up the DagBag from /home/airflow/.local/lib/python3.6/site-packages/airflow/example_dags/example_trigger_target_dag.py
[2026-09-23 12:11:15,621] {scheduler_job.py:639} INFO - DAG(s) dict_keys(['example_trigger_target_dag']) retrieved from /home/airflow/.local/lib/python3.6/site-packages/airflow/example_dags/example_trigger_target_dag.py
[2026-09-23 12:11:15,658] {logging_mixin.py:104} INFO - [2026-09-23 12:11:15,658] {dag.py:1824} INFO - Sync 1 DAGs
[2026-09-23 12:11:15,692] {logging_mixin.py:104} INFO - [2026-09-23 12:11:15,691] {dag.py:2280} INFO - Setting next_dagrun for example_trigger_target_dag to None
[2026-09-23 12:11:15,716] {scheduler_job.py:190} INFO - Processing /home/airflow/.local/lib/python3.6/site-packages/airflow/example_dags/example_trigger_target_dag.py took 0.127 seconds
[2026-09-23 12:11:45,772] {scheduler_job.py:182} INFO - Started process (PID=2576) to work on /home/airflow/.local/lib/python3.6/site-packages/airflow/example_dags/example_trigger_target_dag.py
[2026-09-23 12:11:45,774] {scheduler_job.py:629} INFO - Processing file /home/airflow/.local/lib/python3.6/site-packages/airflow/example_dags/example_trigger_target_dag.py for tasks to queue
[2026-09-23 12:11:45,777] {logging_mixin.py:104} INFO - [2026-09-23 12:11:45,776] {dagbag.py:451} INFO - Filling up the DagBag from /home/airflow/.local/lib/python3.6/site-packages/airflow/example_dags/example_trigger_target_dag.py
[2026-09-23 12:11:45,805] {scheduler_job.py:639} INFO - DAG(s) dict_keys(['example_trigger_target_dag']) retrieved from /home/airflow/.local/lib/python3.6/site-packages/airflow/example_dags/example_trigger_target_dag.py
[2026-09-23 12:11:45,838] {logging_mixin.py:104} INFO - [2026-09-23 12:11:45,838] {dag.py:1824} INFO - Sync 1 DAGs
[2026-09-23 12:11:45,872] {logging_mixin.py:104} INFO - [2026-09-23 12:11:45,872] {dag.py:2280} INFO - Setting next_dagrun for example_trigger_target_dag to None
[2026-09-23 12:11:45,894] {scheduler_job.py:190} INFO - Processing /home/airflow/.local/lib/python3.6/site-packages/airflow/example_dags/example_trigger_target_dag.py took 0.129 seconds
[2026-09-23 12:12:15,995] {scheduler_job.py:182} INFO - Started process (PID=2601) to work on /home/airflow/.local/lib/python3.6/site-packages/airflow/example_dags/example_trigger_target_dag.py
[2026-09-23 12:12:15,997] {scheduler_job.py:629} INFO - Processing file /home/airflow/.local/lib/python3.6/site-packages/airflow/example_dags/example_trigger_target_dag.py for tasks to queue
[2026-09-23 12:12:15,998] {logging_mixin.py:104} INFO - [2026-09-23 12:12:15,998] {dagbag.py:451} INFO - Filling up the DagBag from /home/airflow/.local/lib/python3.6/site-packages/airflow/example_dags/example_trigger_target_dag.py
[2026-09-23 12:12:16,015] {scheduler_job.py:639} INFO - DAG(s) dict_keys(['example_trigger_target_dag']) retrieved from /home/airflow/.local/lib/python3.6/site-packages/airflow/example_dags/example_trigger_target_dag.py
[2026-09-23 12:12:16,040] {logging_mixin.py:104} INFO - [2026-09-23 12:12:16,039] {dag.py:1824} INFO - Sync 1 DAGs
[2026-09-23 12:12:16,058] {logging_mixin.py:104} INFO - [2026-09-23 12:12:16,058] {dag.py:2280} INFO - Setting next_dagrun for example_trigger_target_dag to None
[2026-09-23 12:12:16,073] {scheduler_job.py:190} INFO - Processing /home/airflow/.local/lib/python3.6/site-packages/airflow/example_dags/example_trigger_target_dag.py took 0.082 seconds
[2026-09-23 12:12:47,213] {scheduler_job.py:182} INFO - Started process (PID=2628) to work on /home/airflow/.local/lib/python3.6/site-packages/airflow/example_dags/example_trigger_target_dag.py
[2026-09-23 12:12:47,216] {scheduler_job.py:629} INFO - Processing file /home/airflow/.local/lib/python3.6/site-packages/airflow/example_dags/example_trigger_target_dag.py for tasks to queue
[2026-09-23 12:12:47,217] {logging_mixin.py:104} INFO - [2026-09-23 12:12:47,217] {dagbag.py:451} INFO - Filling up the DagBag from /home/airflow/.local/lib/python3.6/site-packages/airflow/example_dags/example_trigger_target_dag.py
[2026-09-23 12:12:47,251] {scheduler_job.py:639} INFO - DAG(s) dict_keys(['example_trigger_target_dag']) retrieved from /home/airflow/.local/lib/python3.6/site-packages/airflow/example_dags/example_trigger_target_dag.py
[2026-09-23 12:12:47,286] {logging_mixin.py:104} INFO - [2026-09-23 12:12:47,286] {dag.py:1824} INFO - Sync 1 DAGs
[2026-09-23 12:12:47,316] {logging_mixin.py:104} INFO - [2026-09-23 12:12:47,316] {dag.py:2280} INFO - Setting next_dagrun for example_trigger_target_dag to None
[2026-09-23 12:12:47,336] {scheduler_job.py:190} INFO - Processing /home/airflow/.local/lib/python3.6/site-packages/airflow/example_dags/example_trigger_target_dag.py took 0.128 seconds
[2026-09-23 12:13:17,499] {scheduler_job.py:182} INFO - Started process (PID=2654) to work on /home/airflow/.local/lib/python3.6/site-packages/airflow/example_dags/example_trigger_target_dag.py
[2026-09-23 12:13:17,501] {scheduler_job.py:629} INFO - Processing file /home/airflow/.local/lib/python3.6/site-packages/airflow/example_dags/example_trigger_target_dag.py for tasks to queue
[2026-09-23 12:13:17,506] {logging_mixin.py:104} INFO - [2026-09-23 12:13:17,504] {dagbag.py:451} INFO - Filling up the DagBag from /home/airflow/.local/lib/python3.6/site-packages/airflow/example_dags/example_trigger_target_dag.py
[2026-09-23 12:13:17,569] {scheduler_job.py:639} INFO - DAG(s) dict_keys(['example_trigger_target_dag']) retrieved from /home/airflow/.local/lib/python3.6/site-packages/airflow/example_dags/example_trigger_target_dag.py
[2026-09-23 12:13:17,617] {logging_mixin.py:104} INFO - [2026-09-23 12:13:17,617] {dag.py:1824} INFO - Sync 1 DAGs
[2026-09-23 12:13:17,647] {logging_mixin.py:104} INFO - [2026-09-23 12:13:17,646] {dag.py:2280} INFO - Setting next_dagrun for example_trigger_target_dag to None
[2026-09-23 12:13:17,674] {scheduler_job.py:190} INFO - Processing /home/airflow/.local/lib/python3.6/site-packages/airflow/example_dags/example_trigger_target_dag.py took 0.191 seconds
[2026-09-23 12:13:48,016] {scheduler_job.py:182} INFO - Started process (PID=2680) to work on /home/airflow/.local/lib/python3.6/site-packages/airflow/example_dags/example_trigger_target_dag.py
[2026-09-23 12:13:48,018] {scheduler_job.py:629} INFO - Processing file /home/airflow/.local/lib/python3.6/site-packages/airflow/example_dags/example_trigger_target_dag.py for tasks to queue
[2026-09-23 12:13:48,018] {logging_mixin.py:104} INFO - [2026-09-23 12:13:48,018] {dagbag.py:451} INFO - Filling up the DagBag from /home/airflow/.local/lib/python3.6/site-packages/airflow/example_dags/example_trigger_target_dag.py
[2026-09-23 12:13:48,033] {scheduler_job.py:639} INFO - DAG(s) dict_keys(['example_trigger_target_dag']) retrieved from /home/airflow/.local/lib/python3.6/site-packages/airflow/example_dags/example_trigger_target_dag.py
[2026-09-23 12:13:48,061] {logging_mixin.py:104} INFO - [2026-09-23 12:13:48,061] {dag.py:1824} INFO - Sync 1 DAGs
[2026-09-23 12:13:48,080] {logging_mixin.py:104} INFO - [2026-09-23 12:13:48,080] {dag.py:2280} INFO - Setting next_dagrun for example_trigger_target_dag to None
[2026-09-23 12:13:48,092] {scheduler_job.py:190} INFO - Processing /home/airflow/.local/lib/python3.6/site-packages/airflow/example_dags/example_trigger_target_dag.py took 0.080 seconds
