[2026-09-23 11:22:15,013] {scheduler_job.py:182} INFO - Started process (PID=55) to work on /home/airflow/.local/lib/python3.6/site-packages/airflow/example_dags/example_branch_operator.py
[2026-09-23 11:22:15,015] {scheduler_job.py:629} INFO - Processing file /home/airflow/.local/lib/python3.6/site-packages/airflow/example_dags/example_branch_operator.py for tasks to queue
[2026-09-23 11:22:15,017] {logging_mixin.py:104} INFO - [2026-09-23 11:22:15,016] {dagbag.py:451} INFO - Filling up the DagBag from /home/airflow/.local/lib/python3.6/site-packages/airflow/example_dags/example_branch_operator.py
[2026-09-23 11:22:15,071] {scheduler_job.py:639} INFO - DAG(s) dict_keys(['example_branch_operator']) retrieved from /home/airflow/.local/lib/python3.6/site-packages/airflow/example_dags/example_branch_operator.py
[2026-09-23 11:22:15,138] {logging_mixin.py:104} INFO - [2026-09-23 11:22:15,138] {dag.py:1824} INFO - Sync 1 DAGs
[2026-09-23 11:22:15,243] {logging_mixin.py:104} INFO - [2026-09-23 11:22:15,243] {dag.py:2280} INFO - Setting next_dagrun for example_branch_operator to 2026-09-21 00:00:00+00:00
[2026-09-23 11:22:15,294] {scheduler_job.py:190} INFO - Processing /home/airflow/.local/lib/python3.6/site-packages/airflow/example_dags/example_branch_operator.py took 0.287 seconds
[2026-09-23 11:22:45,709] {scheduler_job.py:182} INFO - Started process (PID=81) to work on /home/airflow/.local/lib/python3.6/site-packages/airflow/example_dags/example_branch_operator.py
[2026-09-23 11:22:45,711] {scheduler_job.py:629} INFO - Processing file /home/airflow/.local/lib/python3.6/site-packages/airflow/example_dags/example_branch_operator.py for tasks to queue
[2026-09-23 11:22:45,712] {logging_mixin.py:104} INFO - [2026-09-23 11:22:45,712] {dagbag.py:451} INFO - Filling up the DagBag from /home/airflow/.local/lib/python3.6/site-packages/airflow/example_dags/example_branch_operator.py
[2026-09-23 11:22:45,747] {scheduler_job.py:639} INFO - DAG(s) dict_keys(['example_branch_operator']) retrieved from /home/airflow/.local/lib/python3.6/site-packages/airflow/example_dags/example_branch_operator.py
[2026-09-23 11:22:45,794] {logging_mixin.py:104} INFO - [2026-09-23 11:22:45,793] {dag.py:1824} INFO - Sync 1 DAGs
[2026-09-23 11:22:45,840] {logging_mixin.py:104} INFO - [2026-09-23 11:22:45,839] {dag.py:2280} INFO - Setting next_dagrun for example_branch_operator to 2026-09-21 00:00:00+00:00
[2026-09-23 11:22:45,862] {scheduler_job.py:190} INFO - Processing /home/airflow/.local/lib/python3.6/site-packages/airflow/example_dags/example_branch_operator.py took 0.158 seconds
[2026-09-23 11:23:16,735] {scheduler_job.py:182} INFO - Started process (PID=107) to work on /home/airflow/.local/lib/python3.6/site-packages/airflow/example_dags/example_branch_operator.py
[2026-09-23 11:23:16,736] {scheduler_job.py:629} INFO - Processing file /home/airflow/.local/lib/python3.6/site-packages/airflow/example_dags/example_branch_operator.py for tasks to queue
[2026-09-23 11:23:16,737] {logging_mixin.py:104} INFO - [2026-09-23 11:23:16,737] {dagbag.py:451} INFO - Filling up the DagBag from /home/airflow/.local/lib/python3.6/site-packages/airflow/example_dags/example_branch_operator.py
[2026-09-23 11:23:16,769] {scheduler_job.py:639} INFO - DAG(s) dict_keys(['example_branch_operator']) retrieved from /home/airflow/.local/lib/python3.6/site-packages/airflow/example_dags/example_branch_operator.py
[2026-09-23 11:23:16,804] {logging_mixin.py:104} INFO - [2026-09-23 11:23:16,804] {dag.py:1824} INFO - Sync 1 DAGs
[2026-09-23 11:23:16,842] {logging_mixin.py:104} INFO - [2026-09-23 11:23:16,841] {dag.py:2280} INFO - Setting next_dagrun for example_branch_operator to 2026-09-21 00:00:00+00:00
[2026-09-23 11:23:16,857] {scheduler_job.py:190} INFO - Processing /home/airflow/.local/lib/python3.6/site-packages/airflow/example_dags/example_branch_operator.py took 0.128 seconds
[2026-09-23 11:23:47,628] {scheduler_job.py:182} INFO - Started process (PID=133) to work on /home/airflow/.local/lib/python3.6/site-packages/airflow/example_dags/example_branch_operator.py
[2026-09-23 11:23:47,630] {scheduler_job.py:629} INFO - Processing file /home/airflow/.local/lib/python3.6/site-packages/airflow/example_dags/example_branch_operator.py for tasks to queue
[2026-09-23 11:23:47,631] {logging_mixin.py:104} INFO - [2026-09-23 11:23:47,631] {dagbag.py:451} INFO - Filling up the DagBag from /home/airflow/.local/lib/python3.6/site-packages/airflow/example_dags/example_branch_operator.py
[2026-09-23 11:23:47,661] {scheduler_job.py:639} INFO - DAG(s) dict_keys(['example_branch_operator']) retrieved from /home/airflow/.local/lib/python3.6/site-packages/airflow/example_dags/example_branch_operator.py
[2026-09-23 11:23:47,699] {logging_mixin.py:104} INFO - [2026-09-23 11:23:47,699] {dag.py:1824} INFO - Sync 1 DAGs
[2026-09-23 11:23:47,735] {logging_mixin.py:104} INFO - [2026-09-23 11:23:47,735] {dag.py:2280} INFO - Setting next_dagrun for example_branch_operator to 2026-09-21 00:00:00+00:00
[2026-09-23 11:23:47,754] {scheduler_job.py:190} INFO - Processing /home/airflow/.local/lib/python3.6/site-packages/airflow/example_dags/example_branch_operator.py took 0.130 seconds
[2026-09-23 11:24:18,208] {scheduler_job.py:182} INFO - Started process (PID=159) to work on /home/airflow/.local/lib/python3.6/site-packages/airflow/example_dags/example_branch_operator.py
[2026-09-23 11:24:18,210] {scheduler_job.py:629} INFO - Processing file /home/airflow/.local/lib/python3.6/site-packages/airflow/example_dags/example_branch_operator.py for tasks to queue
[2026-09-23 11:24:18,210] {logging_mixin.py:104} INFO - [2026-09-23 11:24:18,210] {dagbag.py:451} INFO - Filling up the DagBag from /home/airflow/.local/lib/python3.6/site-packages/airflow/example_dags/example_branch_operator.py
[2026-09-23 11:24:18,240] {scheduler_job.py:639} INFO - DAG(s) dict_keys(['example_branch_operator']) retrieved from /home/airflow/.local/lib/python3.6/site-packages/airflow/example_dags/example_branch_operator.py
[2026-09-23 11:24:18,269] {logging_mixin.py:104} INFO - [2026-09-23 11:24:18,269] {dag.py:1824} INFO - Sync 1 DAGs
[2026-09-23 11:24:18,302] {logging_mixin.py:104} INFO - [2026-09-23 11:24:18,301] {dag.py:2280} INFO - Setting next_dagrun for example_branch_operator to 2026-09-21 00:00:00+00:00
[2026-09-23 11:24:18,314] {scheduler_job.py:190} INFO - Processing /home/airflow/.local/lib/python3.6/site-packages/airflow/example_dags/example_branch_operator.py took 0.110 seconds
[2026-09-23 11:24:48,811] {scheduler_job.py:182} INFO - Started process (PID=185) to work on /home/airflow/.local/lib/python3.6/site-packages/airflow/example_dags/example_branch_operator.py
[2026-09-23 11:24:48,813] {scheduler_job.py:629} INFO - Processing file /home/airflow/.local/lib/python3.6/site-packages/airflow/example_dags/example_branch_operator.py for tasks to queue
[2026-09-23 11:24:48,814] {logging_mixin.py:104} INFO - [2026-09-23 11:24:48,814] {dagbag.py:451} INFO - Filling up the DagBag from /home/airflow/.local/lib/python3.6/site-packages/airflow/example_dags/example_branch_operator.py
[2026-09-23 11:24:48,834] {scheduler_job.py:639} INFO - DAG(s) dict_keys(['example_branch_operator']) retrieved from /home/airflow/.local/lib/python3.6/site-packages/airflow/example_dags/example_branch_operator.py
[2026-09-23 11:24:48,865] {logging_mixin.py:104} INFO - [2026-09-23 11:24:48,865] {dag.py:1824} INFO - Sync 1 DAGs
[2026-09-23 11:24:48,898] {logging_mixin.py:104} INFO - [2026-09-23 11:24:48,897] {dag.py:2280} INFO - Setting next_dagrun for example_branch_operator to 2026-09-21 00:00:00+00:00
[2026-09-23 11:24:48,911] {scheduler_job.py:190} INFO - Processing /home/airflow/.local/lib/python3.6/site-packages/airflow/example_dags/example_branch_operator.py took 0.104 seconds
[2026-09-23 11:25:19,294] {scheduler_job.py:182} INFO - Started process (PID=211) to work on /home/airflow/.local/lib/python3.6/site-packages/airflow/example_dags/example_branch_operator.py
[2026-09-23 11:25:19,295] {scheduler_job.py:629} INFO - Processing file /home/airflow/.local/lib/python3.6/site-packages/airflow/example_dags/example_branch_operator.py for tasks to queue
[2026-09-23 11:25:19,296] {logging_mixin.py:104} INFO - [2026-09-23 11:25:19,296] {dagbag.py:451} INFO - Filling up the DagBag from /home/airflow/.local/lib/python3.6/site-packages/airflow/example_dags/example_branch_operator.py
[2026-09-23 11:25:19,316] {scheduler_job.py:639} INFO - DAG(s) dict_keys(['example_branch_operator']) retrieved from /home/airflow/.local/lib/python3.6/site-packages/airflow/example_dags/example_branch_operator.py
[2026-09-23 11:25:19,340] {logging_mixin.py:104} INFO - [2026-09-23 11:25:19,340] {dag.py:1824} INFO - Sync 1 DAGs
[2026-09-23 11:25:19,371] {logging_mixin.py:104} INFO - [2026-09-23 11:25:19,371] {dag.py:2280} INFO - Setting next_dagrun for example_branch_operator to 2026-09-21 00:00:00+00:00
[2026-09-23 11:25:19,386] {scheduler_job.py:190} INFO - Processing /home/airflow/.local/lib/python3.6/site-packages/airflow/example_dags/example_branch_operator.py took 0.096 seconds
[2026-09-23 11:25:49,871] {scheduler_job.py:182} INFO - Started process (PID=237) to work on /home/airflow/.local/lib/python3.6/site-packages/airflow/example_dags/example_branch_operator.py
[2026-09-23 11:25:49,872] {scheduler_job.py:629} INFO - Processing file /home/airflow/.local/lib/python3.6/site-packages/airflow/example_dags/example_branch_operator.py for tasks to queue
[2026-09-23 11:25:49,873] {logging_mixin.py:104} INFO - [2026-09-23 11:25:49,873] {dagbag.py:451} INFO - Filling up the DagBag from /home/airflow/.local/lib/python3.6/site-packages/airflow/example_dags/example_branch_operator.py
[2026-09-23 11:25:49,893] {scheduler_job.py:639} INFO - DAG(s) dict_keys(['example_branch_operator']) retrieved from /home/airflow/.local/lib/python3.6/site-packages/airflow/example_dags/example_branch_operator.py
[2026-09-23 11:25:49,918] {logging_mixin.py:104} INFO - [2026-09-23 11:25:49,918] {dag.py:1824} INFO - Sync 1 DAGs
[2026-09-23 11:25:49,944] {logging_mixin.py:104} INFO - [2026-09-23 11:25:49,944] {dag.py:2280} INFO - Setting next_dagrun for example_branch_operator to 2026-09-21 00:00:00+00:00
[2026-09-23 11:25:49,956] {scheduler_job.py:190} INFO - Processing /home/airflow/.local/lib/python3.6/site-packages/airflow/example_dags/example_branch_operator.py took 0.089 seconds
[2026-09-23 11:26:20,516] {scheduler_job.py:182} INFO - Started process (PID=263) to work on /home/airflow/.local/lib/python3.6/site-packages/airflow/example_dags/example_branch_operator.py
[2026-09-23 11:26:20,517] {scheduler_job.py:629} INFO - Processing file /home/airflow/.local/lib/python3.6/site-packages/airflow/example_dags/example_branch_operator.py for tasks to queue
[2026-09-23 11:26:20,518] {logging_mixin.py:104} INFO - [2026-09-23 11:26:20,518] {dagbag.py:451} INFO - Filling up the DagBag from /home/airflow/.local/lib/python3.6/site-packages/airflow/example_dags/example_branch_operator.py
[2026-09-23 11:26:20,539] {scheduler_job.py:639} INFO - DAG(s) dict_keys(['example_branch_operator']) retrieved from /home/airflow/.local/lib/python3.6/site-packages/airflow/example_dags/example_branch_operator.py
[2026-09-23 11:26:20,563] {logging_mixin.py:104} INFO - [2026-09-23 11:26:20,563] {dag.py:1824} INFO - Sync 1 DAGs
[2026-09-23 11:26:20,588] {logging_mixin.py:104} INFO - [2026-09-23 11:26:20,588] {dag.py:2280} INFO - Setting next_dagrun for example_branch_operator to 2026-09-21 00:00:00+00:00
[2026-09-23 11:26:20,600] {scheduler_job.py:190} INFO - Processing /home/airflow/.local/lib/python3.6/site-packages/airflow/example_dags/example_branch_operator.py took 0.088 seconds
[2026-09-23 11:26:51,303] {scheduler_job.py:182} INFO - Started process (PID=289) to work on /home/airflow/.local/lib/python3.6/site-packages/airflow/example_dags/example_branch_operator.py
[2026-09-23 11:26:51,304] {scheduler_job.py:629} INFO - Processing file /home/airflow/.local/lib/python3.6/site-packages/airflow/example_dags/example_branch_operator.py for tasks to queue
[2026-09-23 11:26:51,305] {logging_mixin.py:104} INFO - [2026-09-23 11:26:51,305] {dagbag.py:451} INFO - Filling up the DagBag from /home/airflow/.local/lib/python3.6/site-packages/airflow/example_dags/example_branch_operator.py
[2026-09-23 11:26:51,331] {scheduler_job.py:639} INFO - DAG(s) dict_keys(['example_branch_operator']) retrieved from /home/airflow/.local/lib/python3.6/site-packages/airflow/example_dags/example_branch_operator.py
[2026-09-23 11:26:51,359] {logging_mixin.py:104} INFO - [2026-09-23 11:26:51,359] {dag.py:1824} INFO - Sync 1 DAGs
[2026-09-23 11:26:51,385] {logging_mixin.py:104} INFO - [2026-09-23 11:26:51,385] {dag.py:2280} INFO - Setting next_dagrun for example_branch_operator to 2026-09-21 00:00:00+00:00
[2026-09-23 11:26:51,397] {scheduler_job.py:190} INFO - Processing /home/airflow/.local/lib/python3.6/site-packages/airflow/example_dags/example_branch_operator.py took 0.098 seconds
[2026-09-23 11:27:22,344] {scheduler_job.py:182} INFO - Started process (PID=315) to work on /home/airflow/.local/lib/python3.6/site-packages/airflow/example_dags/example_branch_operator.py
[2026-09-23 11:27:22,346] {scheduler_job.py:629} INFO - Processing file /home/airflow/.local/lib/python3.6/site-packages/airflow/example_dags/example_branch_operator.py for tasks to queue
[2026-09-23 11:27:22,348] {logging_mixin.py:104} INFO - [2026-09-23 11:27:22,348] {dagbag.py:451} INFO - Filling up the DagBag from /home/airflow/.local/lib/python3.6/site-packages/airflow/example_dags/example_branch_operator.py
[2026-09-23 11:27:22,389] {scheduler_job.py:639} INFO - DAG(s) dict_keys(['example_branch_operator']) retrieved from /home/airflow/.local/lib/python3.6/site-packages/airflow/example_dags/example_branch_operator.py
[2026-09-23 11:27:22,424] {logging_mixin.py:104} INFO - [2026-09-23 11:27:22,424] {dag.py:1824} INFO - Sync 1 DAGs
[2026-09-23 11:27:22,467] {logging_mixin.py:104} INFO - [2026-09-23 11:27:22,466] {dag.py:2280} INFO - Setting next_dagrun for example_branch_operator to 2026-09-21 00:00:00+00:00
[2026-09-23 11:27:22,493] {scheduler_job.py:190} INFO - Processing /home/airflow/.local/lib/python3.6/site-packages/airflow/example_dags/example_branch_operator.py took 0.156 seconds
[2026-09-23 11:27:53,258] {scheduler_job.py:182} INFO - Started process (PID=341) to work on /home/airflow/.local/lib/python3.6/site-packages/airflow/example_dags/example_branch_operator.py
[2026-09-23 11:27:53,260] {scheduler_job.py:629} INFO - Processing file /home/airflow/.local/lib/python3.6/site-packages/airflow/example_dags/example_branch_operator.py for tasks to queue
[2026-09-23 11:27:53,261] {logging_mixin.py:104} INFO - [2026-09-23 11:27:53,261] {dagbag.py:451} INFO - Filling up the DagBag from /home/airflow/.local/lib/python3.6/site-packages/airflow/example_dags/example_branch_operator.py
[2026-09-23 11:27:53,290] {scheduler_job.py:639} INFO - DAG(s) dict_keys(['example_branch_operator']) retrieved from /home/airflow/.local/lib/python3.6/site-packages/airflow/example_dags/example_branch_operator.py
[2026-09-23 11:27:53,327] {logging_mixin.py:104} INFO - [2026-09-23 11:27:53,327] {dag.py:1824} INFO - Sync 1 DAGs
[2026-09-23 11:27:53,370] {logging_mixin.py:104} INFO - [2026-09-23 11:27:53,370] {dag.py:2280} INFO - Setting next_dagrun for example_branch_operator to 2026-09-21 00:00:00+00:00
[2026-09-23 11:27:53,391] {scheduler_job.py:190} INFO - Processing /home/airflow/.local/lib/python3.6/site-packages/airflow/example_dags/example_branch_operator.py took 0.138 seconds
[2026-09-23 11:28:24,339] {scheduler_job.py:182} INFO - Started process (PID=367) to work on /home/airflow/.local/lib/python3.6/site-packages/airflow/example_dags/example_branch_operator.py
[2026-09-23 11:28:24,340] {scheduler_job.py:629} INFO - Processing file /home/airflow/.local/lib/python3.6/site-packages/airflow/example_dags/example_branch_operator.py for tasks to queue
[2026-09-23 11:28:24,341] {logging_mixin.py:104} INFO - [2026-09-23 11:28:24,340] {dagbag.py:451} INFO - Filling up the DagBag from /home/airflow/.local/lib/python3.6/site-packages/airflow/example_dags/example_branch_operator.py
[2026-09-23 11:28:24,361] {scheduler_job.py:639} INFO - DAG(s) dict_keys(['example_branch_operator']) retrieved from /home/airflow/.local/lib/python3.6/site-packages/airflow/example_dags/example_branch_operator.py
[2026-09-23 11:28:24,388] {logging_mixin.py:104} INFO - [2026-09-23 11:28:24,388] {dag.py:1824} INFO - Sync 1 DAGs
[2026-09-23 11:28:24,415] {logging_mixin.py:104} INFO - [2026-09-23 11:28:24,415] {dag.py:2280} INFO - Setting next_dagrun for example_branch_operator to 2026-09-21 00:00:00+00:00
[2026-09-23 11:28:24,430] {scheduler_job.py:190} INFO - Processing /home/airflow/.local/lib/python3.6/site-packages/airflow/example_dags/example_branch_operator.py took 0.095 seconds
[2026-09-23 11:28:54,907] {scheduler_job.py:182} INFO - Started process (PID=393) to work on /home/airflow/.local/lib/python3.6/site-packages/airflow/example_dags/example_branch_operator.py
[2026-09-23 11:28:54,909] {scheduler_job.py:629} INFO - Processing file /home/airflow/.local/lib/python3.6/site-packages/airflow/example_dags/example_branch_operator.py for tasks to queue
[2026-09-23 11:28:54,909] {logging_mixin.py:104} INFO - [2026-09-23 11:28:54,909] {dagbag.py:451} INFO - Filling up the DagBag from /home/airflow/.local/lib/python3.6/site-packages/airflow/example_dags/example_branch_operator.py
[2026-09-23 11:28:54,929] {scheduler_job.py:639} INFO - DAG(s) dict_keys(['example_branch_operator']) retrieved from /home/airflow/.local/lib/python3.6/site-packages/airflow/example_dags/example_branch_operator.py
[2026-09-23 11:28:54,956] {logging_mixin.py:104} INFO - [2026-09-23 11:28:54,956] {dag.py:1824} INFO - Sync 1 DAGs
[2026-09-23 11:28:54,987] {logging_mixin.py:104} INFO - [2026-09-23 11:28:54,987] {dag.py:2280} INFO - Setting next_dagrun for example_branch_operator to 2026-09-21 00:00:00+00:00
[2026-09-23 11:28:55,006] {scheduler_job.py:190} INFO - Processing /home/airflow/.local/lib/python3.6/site-packages/airflow/example_dags/example_branch_operator.py took 0.103 seconds
[2026-09-23 11:29:25,396] {scheduler_job.py:182} INFO - Started process (PID=419) to work on /home/airflow/.local/lib/python3.6/site-packages/airflow/example_dags/example_branch_operator.py
[2026-09-23 11:29:25,398] {scheduler_job.py:629} INFO - Processing file /home/airflow/.local/lib/python3.6/site-packages/airflow/example_dags/example_branch_operator.py for tasks to queue
[2026-09-23 11:29:25,399] {logging_mixin.py:104} INFO - [2026-09-23 11:29:25,399] {dagbag.py:451} INFO - Filling up the DagBag from /home/airflow/.local/lib/python3.6/site-packages/airflow/example_dags/example_branch_operator.py
[2026-09-23 11:29:25,424] {scheduler_job.py:639} INFO - DAG(s) dict_keys(['example_branch_operator']) retrieved from /home/airflow/.local/lib/python3.6/site-packages/airflow/example_dags/example_branch_operator.py
[2026-09-23 11:29:25,453] {logging_mixin.py:104} INFO - [2026-09-23 11:29:25,453] {dag.py:1824} INFO - Sync 1 DAGs
[2026-09-23 11:29:25,482] {logging_mixin.py:104} INFO - [2026-09-23 11:29:25,482] {dag.py:2280} INFO - Setting next_dagrun for example_branch_operator to 2026-09-21 00:00:00+00:00
[2026-09-23 11:29:25,496] {scheduler_job.py:190} INFO - Processing /home/airflow/.local/lib/python3.6/site-packages/airflow/example_dags/example_branch_operator.py took 0.104 seconds
[2026-09-23 11:29:56,159] {scheduler_job.py:182} INFO - Started process (PID=445) to work on /home/airflow/.local/lib/python3.6/site-packages/airflow/example_dags/example_branch_operator.py
[2026-09-23 11:29:56,160] {scheduler_job.py:629} INFO - Processing file /home/airflow/.local/lib/python3.6/site-packages/airflow/example_dags/example_branch_operator.py for tasks to queue
[2026-09-23 11:29:56,161] {logging_mixin.py:104} INFO - [2026-09-23 11:29:56,161] {dagbag.py:451} INFO - Filling up the DagBag from /home/airflow/.local/lib/python3.6/site-packages/airflow/example_dags/example_branch_operator.py
[2026-09-23 11:29:56,183] {scheduler_job.py:639} INFO - DAG(s) dict_keys(['example_branch_operator']) retrieved from /home/airflow/.local/lib/python3.6/site-packages/airflow/example_dags/example_branch_operator.py
[2026-09-23 11:29:56,217] {logging_mixin.py:104} INFO - [2026-09-23 11:29:56,216] {dag.py:1824} INFO - Sync 1 DAGs
[2026-09-23 11:29:56,247] {logging_mixin.py:104} INFO - [2026-09-23 11:29:56,247] {dag.py:2280} INFO - Setting next_dagrun for example_branch_operator to 2026-09-21 00:00:00+00:00
[2026-09-23 11:29:56,264] {scheduler_job.py:190} INFO - Processing /home/airflow/.local/lib/python3.6/site-packages/airflow/example_dags/example_branch_operator.py took 0.110 seconds
[2026-09-23 11:30:26,835] {scheduler_job.py:182} INFO - Started process (PID=471) to work on /home/airflow/.local/lib/python3.6/site-packages/airflow/example_dags/example_branch_operator.py
[2026-09-23 11:30:26,837] {scheduler_job.py:629} INFO - Processing file /home/airflow/.local/lib/python3.6/site-packages/airflow/example_dags/example_branch_operator.py for tasks to queue
[2026-09-23 11:30:26,837] {logging_mixin.py:104} INFO - [2026-09-23 11:30:26,837] {dagbag.py:451} INFO - Filling up the DagBag from /home/airflow/.local/lib/python3.6/site-packages/airflow/example_dags/example_branch_operator.py
[2026-09-23 11:30:26,858] {scheduler_job.py:639} INFO - DAG(s) dict_keys(['example_branch_operator']) retrieved from /home/airflow/.local/lib/python3.6/site-packages/airflow/example_dags/example_branch_operator.py
[2026-09-23 11:30:26,894] {logging_mixin.py:104} INFO - [2026-09-23 11:30:26,893] {dag.py:1824} INFO - Sync 1 DAGs
[2026-09-23 11:30:26,936] {logging_mixin.py:104} INFO - [2026-09-23 11:30:26,936] {dag.py:2280} INFO - Setting next_dagrun for example_branch_operator to 2026-09-21 00:00:00+00:00
[2026-09-23 11:30:26,957] {scheduler_job.py:190} INFO - Processing /home/airflow/.local/lib/python3.6/site-packages/airflow/example_dags/example_branch_operator.py took 0.126 seconds
[2026-09-23 11:30:57,360] {scheduler_job.py:182} INFO - Started process (PID=497) to work on /home/airflow/.local/lib/python3.6/site-packages/airflow/example_dags/example_branch_operator.py
[2026-09-23 11:30:57,361] {scheduler_job.py:629} INFO - Processing file /home/airflow/.local/lib/python3.6/site-packages/airflow/example_dags/example_branch_operator.py for tasks to queue
[2026-09-23 11:30:57,362] {logging_mixin.py:104} INFO - [2026-09-23 11:30:57,361] {dagbag.py:451} INFO - Filling up the DagBag from /home/airflow/.local/lib/python3.6/site-packages/airflow/example_dags/example_branch_operator.py
[2026-09-23 11:30:57,382] {scheduler_job.py:639} INFO - DAG(s) dict_keys(['example_branch_operator']) retrieved from /home/airflow/.local/lib/python3.6/site-packages/airflow/example_dags/example_branch_operator.py
[2026-09-23 11:30:57,409] {logging_mixin.py:104} INFO - [2026-09-23 11:30:57,408] {dag.py:1824} INFO - Sync 1 DAGs
[2026-09-23 11:30:57,436] {logging_mixin.py:104} INFO - [2026-09-23 11:30:57,436] {dag.py:2280} INFO - Setting next_dagrun for example_branch_operator to 2026-09-21 00:00:00+00:00
[2026-09-23 11:30:57,452] {scheduler_job.py:190} INFO - Processing /home/airflow/.local/lib/python3.6/site-packages/airflow/example_dags/example_branch_operator.py took 0.096 seconds
[2026-09-23 11:31:27,871] {scheduler_job.py:182} INFO - Started process (PID=523) to work on /home/airflow/.local/lib/python3.6/site-packages/airflow/example_dags/example_branch_operator.py
[2026-09-23 11:31:27,872] {scheduler_job.py:629} INFO - Processing file /home/airflow/.local/lib/python3.6/site-packages/airflow/example_dags/example_branch_operator.py for tasks to queue
[2026-09-23 11:31:27,873] {logging_mixin.py:104} INFO - [2026-09-23 11:31:27,873] {dagbag.py:451} INFO - Filling up the DagBag from /home/airflow/.local/lib/python3.6/site-packages/airflow/example_dags/example_branch_operator.py
[2026-09-23 11:31:27,893] {scheduler_job.py:639} INFO - DAG(s) dict_keys(['example_branch_operator']) retrieved from /home/airflow/.local/lib/python3.6/site-packages/airflow/example_dags/example_branch_operator.py
[2026-09-23 11:31:27,919] {logging_mixin.py:104} INFO - [2026-09-23 11:31:27,919] {dag.py:1824} INFO - Sync 1 DAGs
[2026-09-23 11:31:27,947] {logging_mixin.py:104} INFO - [2026-09-23 11:31:27,947] {dag.py:2280} INFO - Setting next_dagrun for example_branch_operator to 2026-09-21 00:00:00+00:00
[2026-09-23 11:31:27,962] {scheduler_job.py:190} INFO - Processing /home/airflow/.local/lib/python3.6/site-packages/airflow/example_dags/example_branch_operator.py took 0.095 seconds
[2026-09-23 11:31:58,443] {scheduler_job.py:182} INFO - Started process (PID=549) to work on /home/airflow/.local/lib/python3.6/site-packages/airflow/example_dags/example_branch_operator.py
[2026-09-23 11:31:58,445] {scheduler_job.py:629} INFO - Processing file /home/airflow/.local/lib/python3.6/site-packages/airflow/example_dags/example_branch_operator.py for tasks to queue
[2026-09-23 11:31:58,446] {logging_mixin.py:104} INFO - [2026-09-23 11:31:58,446] {dagbag.py:451} INFO - Filling up the DagBag from /home/airflow/.local/lib/python3.6/site-packages/airflow/example_dags/example_branch_operator.py
[2026-09-23 11:31:58,474] {scheduler_job.py:639} INFO - DAG(s) dict_keys(['example_branch_operator']) retrieved from /home/airflow/.local/lib/python3.6/site-packages/airflow/example_dags/example_branch_operator.py
[2026-09-23 11:31:58,507] {logging_mixin.py:104} INFO - [2026-09-23 11:31:58,507] {dag.py:1824} INFO - Sync 1 DAGs
[2026-09-23 11:31:58,536] {logging_mixin.py:104} INFO - [2026-09-23 11:31:58,536] {dag.py:2280} INFO - Setting next_dagrun for example_branch_operator to 2026-09-21 00:00:00+00:00
[2026-09-23 11:31:58,551] {scheduler_job.py:190} INFO - Processing /home/airflow/.local/lib/python3.6/site-packages/airflow/example_dags/example_branch_operator.py took 0.114 seconds
[2026-09-23 11:32:28,934] {scheduler_job.py:182} INFO - Started process (PID=575) to work on /home/airflow/.local/lib/python3.6/site-packages/airflow/example_dags/example_branch_operator.py
[2026-09-23 11:32:28,936] {scheduler_job.py:629} INFO - Processing file /home/airflow/.local/lib/python3.6/site-packages/airflow/example_dags/example_branch_operator.py for tasks to queue
[2026-09-23 11:32:28,936] {logging_mixin.py:104} INFO - [2026-09-23 11:32:28,936] {dagbag.py:451} INFO - Filling up the DagBag from /home/airflow/.local/lib/python3.6/site-packages/airflow/example_dags/example_branch_operator.py
[2026-09-23 11:32:28,956] {scheduler_job.py:639} INFO - DAG(s) dict_keys(['example_branch_operator']) retrieved from /home/airflow/.local/lib/python3.6/site-packages/airflow/example_dags/example_branch_operator.py
[2026-09-23 11:32:28,983] {logging_mixin.py:104} INFO - [2026-09-23 11:32:28,982] {dag.py:1824} INFO - Sync 1 DAGs
[2026-09-23 11:32:29,012] {logging_mixin.py:104} INFO - [2026-09-23 11:32:29,012] {dag.py:2280} INFO - Setting next_dagrun for example_branch_operator to 2026-09-21 00:00:00+00:00
[2026-09-23 11:32:29,024] {scheduler_job.py:190} INFO - Processing /home/airflow/.local/lib/python3.6/site-packages/airflow/example_dags/example_branch_operator.py took 0.094 seconds
[2026-09-23 11:32:59,451] {scheduler_job.py:182} INFO - Started process (PID=601) to work on /home/airflow/.local/lib/python3.6/site-packages/airflow/example_dags/example_branch_operator.py
[2026-09-23 11:32:59,453] {scheduler_job.py:629} INFO - Processing file /home/airflow/.local/lib/python3.6/site-packages/airflow/example_dags/example_branch_operator.py for tasks to queue
[2026-09-23 11:32:59,454] {logging_mixin.py:104} INFO - [2026-09-23 11:32:59,454] {dagbag.py:451} INFO - Filling up the DagBag from /home/airflow/.local/lib/python3.6/site-packages/airflow/example_dags/example_branch_operator.py
[2026-09-23 11:32:59,478] {scheduler_job.py:639} INFO - DAG(s) dict_keys(['example_branch_operator']) retrieved from /home/airflow/.local/lib/python3.6/site-packages/airflow/example_dags/example_branch_operator.py
[2026-09-23 11:32:59,504] {logging_mixin.py:104} INFO - [2026-09-23 11:32:59,504] {dag.py:1824} INFO - Sync 1 DAGs
[2026-09-23 11:32:59,529] {logging_mixin.py:104} INFO - [2026-09-23 11:32:59,529] {dag.py:2280} INFO - Setting next_dagrun for example_branch_operator to 2026-09-21 00:00:00+00:00
[2026-09-23 11:32:59,544] {scheduler_job.py:190} INFO - Processing /home/airflow/.local/lib/python3.6/site-packages/airflow/example_dags/example_branch_operator.py took 0.098 seconds
[2026-09-23 11:33:29,924] {scheduler_job.py:182} INFO - Started process (PID=627) to work on /home/airflow/.local/lib/python3.6/site-packages/airflow/example_dags/example_branch_operator.py
[2026-09-23 11:33:29,925] {scheduler_job.py:629} INFO - Processing file /home/airflow/.local/lib/python3.6/site-packages/airflow/example_dags/example_branch_operator.py for tasks to queue
[2026-09-23 11:33:29,926] {logging_mixin.py:104} INFO - [2026-09-23 11:33:29,926] {dagbag.py:451} INFO - Filling up the DagBag from /home/airflow/.local/lib/python3.6/site-packages/airflow/example_dags/example_branch_operator.py
[2026-09-23 11:33:29,945] {scheduler_job.py:639} INFO - DAG(s) dict_keys(['example_branch_operator']) retrieved from /home/airflow/.local/lib/python3.6/site-packages/airflow/example_dags/example_branch_operator.py
[2026-09-23 11:33:29,973] {logging_mixin.py:104} INFO - [2026-09-23 11:33:29,973] {dag.py:1824} INFO - Sync 1 DAGs
[2026-09-23 11:33:29,999] {logging_mixin.py:104} INFO - [2026-09-23 11:33:29,998] {dag.py:2280} INFO - Setting next_dagrun for example_branch_operator to 2026-09-21 00:00:00+00:00
[2026-09-23 11:33:30,014] {scheduler_job.py:190} INFO - Processing /home/airflow/.local/lib/python3.6/site-packages/airflow/example_dags/example_branch_operator.py took 0.094 seconds
[2026-09-23 11:34:00,483] {scheduler_job.py:182} INFO - Started process (PID=653) to work on /home/airflow/.local/lib/python3.6/site-packages/airflow/example_dags/example_branch_operator.py
[2026-09-23 11:34:00,484] {scheduler_job.py:629} INFO - Processing file /home/airflow/.local/lib/python3.6/site-packages/airflow/example_dags/example_branch_operator.py for tasks to queue
[2026-09-23 11:34:00,485] {logging_mixin.py:104} INFO - [2026-09-23 11:34:00,485] {dagbag.py:451} INFO - Filling up the DagBag from /home/airflow/.local/lib/python3.6/site-packages/airflow/example_dags/example_branch_operator.py
[2026-09-23 11:34:00,512] {scheduler_job.py:639} INFO - DAG(s) dict_keys(['example_branch_operator']) retrieved from /home/airflow/.local/lib/python3.6/site-packages/airflow/example_dags/example_branch_operator.py
[2026-09-23 11:34:00,542] {logging_mixin.py:104} INFO - [2026-09-23 11:34:00,542] {dag.py:1824} INFO - Sync 1 DAGs
[2026-09-23 11:34:00,573] {logging_mixin.py:104} INFO - [2026-09-23 11:34:00,573] {dag.py:2280} INFO - Setting next_dagrun for example_branch_operator to 2026-09-21 00:00:00+00:00
[2026-09-23 11:34:00,588] {scheduler_job.py:190} INFO - Processing /home/airflow/.local/lib/python3.6/site-packages/airflow/example_dags/example_branch_operator.py took 0.109 seconds
[2026-09-23 11:34:31,103] {scheduler_job.py:182} INFO - Started process (PID=679) to work on /home/airflow/.local/lib/python3.6/site-packages/airflow/example_dags/example_branch_operator.py
[2026-09-23 11:34:31,105] {scheduler_job.py:629} INFO - Processing file /home/airflow/.local/lib/python3.6/site-packages/airflow/example_dags/example_branch_operator.py for tasks to queue
[2026-09-23 11:34:31,106] {logging_mixin.py:104} INFO - [2026-09-23 11:34:31,106] {dagbag.py:451} INFO - Filling up the DagBag from /home/airflow/.local/lib/python3.6/site-packages/airflow/example_dags/example_branch_operator.py
[2026-09-23 11:34:31,124] {scheduler_job.py:639} INFO - DAG(s) dict_keys(['example_branch_operator']) retrieved from /home/airflow/.local/lib/python3.6/site-packages/airflow/example_dags/example_branch_operator.py
[2026-09-23 11:34:31,150] {logging_mixin.py:104} INFO - [2026-09-23 11:34:31,150] {dag.py:1824} INFO - Sync 1 DAGs
[2026-09-23 11:34:31,176] {logging_mixin.py:104} INFO - [2026-09-23 11:34:31,176] {dag.py:2280} INFO - Setting next_dagrun for example_branch_operator to 2026-09-21 00:00:00+00:00
[2026-09-23 11:34:31,190] {scheduler_job.py:190} INFO - Processing /home/airflow/.local/lib/python3.6/site-packages/airflow/example_dags/example_branch_operator.py took 0.091 seconds
[2026-09-23 11:35:01,664] {scheduler_job.py:182} INFO - Started process (PID=705) to work on /home/airflow/.local/lib/python3.6/site-packages/airflow/example_dags/example_branch_operator.py
[2026-09-23 11:35:01,665] {scheduler_job.py:629} INFO - Processing file /home/airflow/.local/lib/python3.6/site-packages/airflow/example_dags/example_branch_operator.py for tasks to queue
[2026-09-23 11:35:01,666] {logging_mixin.py:104} INFO - [2026-09-23 11:35:01,666] {dagbag.py:451} INFO - Filling up the DagBag from /home/airflow/.local/lib/python3.6/site-packages/airflow/example_dags/example_branch_operator.py
[2026-09-23 11:35:01,686] {scheduler_job.py:639} INFO - DAG(s) dict_keys(['example_branch_operator']) retrieved from /home/airflow/.local/lib/python3.6/site-packages/airflow/example_dags/example_branch_operator.py
[2026-09-23 11:35:01,714] {logging_mixin.py:104} INFO - [2026-09-23 11:35:01,714] {dag.py:1824} INFO - Sync 1 DAGs
[2026-09-23 11:35:01,740] {logging_mixin.py:104} INFO - [2026-09-23 11:35:01,740] {dag.py:2280} INFO - Setting next_dagrun for example_branch_operator to 2026-09-21 00:00:00+00:00
[2026-09-23 11:35:01,757] {scheduler_job.py:190} INFO - Processing /home/airflow/.local/lib/python3.6/site-packages/airflow/example_dags/example_branch_operator.py took 0.099 seconds
[2026-09-23 11:35:32,017] {scheduler_job.py:182} INFO - Started process (PID=731) to work on /home/airflow/.local/lib/python3.6/site-packages/airflow/example_dags/example_branch_operator.py
[2026-09-23 11:35:32,018] {scheduler_job.py:629} INFO - Processing file /home/airflow/.local/lib/python3.6/site-packages/airflow/example_dags/example_branch_operator.py for tasks to queue
[2026-09-23 11:35:32,019] {logging_mixin.py:104} INFO - [2026-09-23 11:35:32,019] {dagbag.py:451} INFO - Filling up the DagBag from /home/airflow/.local/lib/python3.6/site-packages/airflow/example_dags/example_branch_operator.py
[2026-09-23 11:35:32,046] {scheduler_job.py:639} INFO - DAG(s) dict_keys(['example_branch_operator']) retrieved from /home/airflow/.local/lib/python3.6/site-packages/airflow/example_dags/example_branch_operator.py
[2026-09-23 11:35:32,079] {logging_mixin.py:104} INFO - [2026-09-23 11:35:32,079] {dag.py:1824} INFO - Sync 1 DAGs
[2026-09-23 11:35:32,118] {logging_mixin.py:104} INFO - [2026-09-23 11:35:32,118] {dag.py:2280} INFO - Setting next_dagrun for example_branch_operator to 2026-09-21 00:00:00+00:00
[2026-09-23 11:35:32,139] {scheduler_job.py:190} INFO - Processing /home/airflow/.local/lib/python3.6/site-packages/airflow/example_dags/example_branch_operator.py took 0.128 seconds
[2026-09-23 11:36:02,545] {scheduler_job.py:182} INFO - Started process (PID=757) to work on /home/airflow/.local/lib/python3.6/site-packages/airflow/example_dags/example_branch_operator.py
[2026-09-23 11:36:02,547] {scheduler_job.py:629} INFO - Processing file /home/airflow/.local/lib/python3.6/site-packages/airflow/example_dags/example_branch_operator.py for tasks to queue
[2026-09-23 11:36:02,548] {logging_mixin.py:104} INFO - [2026-09-23 11:36:02,548] {dagbag.py:451} INFO - Filling up the DagBag from /home/airflow/.local/lib/python3.6/site-packages/airflow/example_dags/example_branch_operator.py
[2026-09-23 11:36:02,582] {scheduler_job.py:639} INFO - DAG(s) dict_keys(['example_branch_operator']) retrieved from /home/airflow/.local/lib/python3.6/site-packages/airflow/example_dags/example_branch_operator.py
[2026-09-23 11:36:02,620] {logging_mixin.py:104} INFO - [2026-09-23 11:36:02,620] {dag.py:1824} INFO - Sync 1 DAGs
[2026-09-23 11:36:02,663] {logging_mixin.py:104} INFO - [2026-09-23 11:36:02,663] {dag.py:2280} INFO - Setting next_dagrun for example_branch_operator to 2026-09-21 00:00:00+00:00
[2026-09-23 11:36:02,687] {scheduler_job.py:190} INFO - Processing /home/airflow/.local/lib/python3.6/site-packages/airflow/example_dags/example_branch_operator.py took 0.148 seconds
[2026-09-23 11:36:32,758] {scheduler_job.py:182} INFO - Started process (PID=783) to work on /home/airflow/.local/lib/python3.6/site-packages/airflow/example_dags/example_branch_operator.py
[2026-09-23 11:36:32,760] {scheduler_job.py:629} INFO - Processing file /home/airflow/.local/lib/python3.6/site-packages/airflow/example_dags/example_branch_operator.py for tasks to queue
[2026-09-23 11:36:32,760] {logging_mixin.py:104} INFO - [2026-09-23 11:36:32,760] {dagbag.py:451} INFO - Filling up the DagBag from /home/airflow/.local/lib/python3.6/site-packages/airflow/example_dags/example_branch_operator.py
[2026-09-23 11:36:32,785] {scheduler_job.py:639} INFO - DAG(s) dict_keys(['example_branch_operator']) retrieved from /home/airflow/.local/lib/python3.6/site-packages/airflow/example_dags/example_branch_operator.py
[2026-09-23 11:36:32,817] {logging_mixin.py:104} INFO - [2026-09-23 11:36:32,817] {dag.py:1824} INFO - Sync 1 DAGs
[2026-09-23 11:36:32,853] {logging_mixin.py:104} INFO - [2026-09-23 11:36:32,853] {dag.py:2280} INFO - Setting next_dagrun for example_branch_operator to 2026-09-21 00:00:00+00:00
[2026-09-23 11:36:32,871] {scheduler_job.py:190} INFO - Processing /home/airflow/.local/lib/python3.6/site-packages/airflow/example_dags/example_branch_operator.py took 0.117 seconds
[2026-09-23 11:37:03,158] {scheduler_job.py:182} INFO - Started process (PID=809) to work on /home/airflow/.local/lib/python3.6/site-packages/airflow/example_dags/example_branch_operator.py
[2026-09-23 11:37:03,160] {scheduler_job.py:629} INFO - Processing file /home/airflow/.local/lib/python3.6/site-packages/airflow/example_dags/example_branch_operator.py for tasks to queue
[2026-09-23 11:37:03,160] {logging_mixin.py:104} INFO - [2026-09-23 11:37:03,160] {dagbag.py:451} INFO - Filling up the DagBag from /home/airflow/.local/lib/python3.6/site-packages/airflow/example_dags/example_branch_operator.py
[2026-09-23 11:37:03,184] {scheduler_job.py:639} INFO - DAG(s) dict_keys(['example_branch_operator']) retrieved from /home/airflow/.local/lib/python3.6/site-packages/airflow/example_dags/example_branch_operator.py
[2026-09-23 11:37:03,210] {logging_mixin.py:104} INFO - [2026-09-23 11:37:03,210] {dag.py:1824} INFO - Sync 1 DAGs
[2026-09-23 11:37:03,238] {logging_mixin.py:104} INFO - [2026-09-23 11:37:03,238] {dag.py:2280} INFO - Setting next_dagrun for example_branch_operator to 2026-09-21 00:00:00+00:00
[2026-09-23 11:37:03,255] {scheduler_job.py:190} INFO - Processing /home/airflow/.local/lib/python3.6/site-packages/airflow/example_dags/example_branch_operator.py took 0.101 seconds
[2026-09-23 11:37:33,558] {scheduler_job.py:182} INFO - Started process (PID=835) to work on /home/airflow/.local/lib/python3.6/site-packages/airflow/example_dags/example_branch_operator.py
[2026-09-23 11:37:33,560] {scheduler_job.py:629} INFO - Processing file /home/airflow/.local/lib/python3.6/site-packages/airflow/example_dags/example_branch_operator.py for tasks to queue
[2026-09-23 11:37:33,561] {logging_mixin.py:104} INFO - [2026-09-23 11:37:33,561] {dagbag.py:451} INFO - Filling up the DagBag from /home/airflow/.local/lib/python3.6/site-packages/airflow/example_dags/example_branch_operator.py
[2026-09-23 11:37:33,592] {scheduler_job.py:639} INFO - DAG(s) dict_keys(['example_branch_operator']) retrieved from /home/airflow/.local/lib/python3.6/site-packages/airflow/example_dags/example_branch_operator.py
[2026-09-23 11:37:33,632] {logging_mixin.py:104} INFO - [2026-09-23 11:37:33,632] {dag.py:1824} INFO - Sync 1 DAGs
[2026-09-23 11:37:33,674] {logging_mixin.py:104} INFO - [2026-09-23 11:37:33,674] {dag.py:2280} INFO - Setting next_dagrun for example_branch_operator to 2026-09-21 00:00:00+00:00
[2026-09-23 11:37:33,694] {scheduler_job.py:190} INFO - Processing /home/airflow/.local/lib/python3.6/site-packages/airflow/example_dags/example_branch_operator.py took 0.143 seconds
[2026-09-23 11:38:03,827] {scheduler_job.py:182} INFO - Started process (PID=861) to work on /home/airflow/.local/lib/python3.6/site-packages/airflow/example_dags/example_branch_operator.py
[2026-09-23 11:38:03,829] {scheduler_job.py:629} INFO - Processing file /home/airflow/.local/lib/python3.6/site-packages/airflow/example_dags/example_branch_operator.py for tasks to queue
[2026-09-23 11:38:03,830] {logging_mixin.py:104} INFO - [2026-09-23 11:38:03,830] {dagbag.py:451} INFO - Filling up the DagBag from /home/airflow/.local/lib/python3.6/site-packages/airflow/example_dags/example_branch_operator.py
[2026-09-23 11:38:03,869] {scheduler_job.py:639} INFO - DAG(s) dict_keys(['example_branch_operator']) retrieved from /home/airflow/.local/lib/python3.6/site-packages/airflow/example_dags/example_branch_operator.py
[2026-09-23 11:38:03,912] {logging_mixin.py:104} INFO - [2026-09-23 11:38:03,911] {dag.py:1824} INFO - Sync 1 DAGs
[2026-09-23 11:38:03,968] {logging_mixin.py:104} INFO - [2026-09-23 11:38:03,968] {dag.py:2280} INFO - Setting next_dagrun for example_branch_operator to 2026-09-21 00:00:00+00:00
[2026-09-23 11:38:03,985] {scheduler_job.py:190} INFO - Processing /home/airflow/.local/lib/python3.6/site-packages/airflow/example_dags/example_branch_operator.py took 0.164 seconds
[2026-09-23 11:38:34,197] {scheduler_job.py:182} INFO - Started process (PID=887) to work on /home/airflow/.local/lib/python3.6/site-packages/airflow/example_dags/example_branch_operator.py
[2026-09-23 11:38:34,199] {scheduler_job.py:629} INFO - Processing file /home/airflow/.local/lib/python3.6/site-packages/airflow/example_dags/example_branch_operator.py for tasks to queue
[2026-09-23 11:38:34,200] {logging_mixin.py:104} INFO - [2026-09-23 11:38:34,200] {dagbag.py:451} INFO - Filling up the DagBag from /home/airflow/.local/lib/python3.6/site-packages/airflow/example_dags/example_branch_operator.py
[2026-09-23 11:38:34,233] {scheduler_job.py:639} INFO - DAG(s) dict_keys(['example_branch_operator']) retrieved from /home/airflow/.local/lib/python3.6/site-packages/airflow/example_dags/example_branch_operator.py
[2026-09-23 11:38:34,270] {logging_mixin.py:104} INFO - [2026-09-23 11:38:34,270] {dag.py:1824} INFO - Sync 1 DAGs
[2026-09-23 11:38:34,309] {logging_mixin.py:104} INFO - [2026-09-23 11:38:34,309] {dag.py:2280} INFO - Setting next_dagrun for example_branch_operator to 2026-09-21 00:00:00+00:00
[2026-09-23 11:38:34,335] {scheduler_job.py:190} INFO - Processing /home/airflow/.local/lib/python3.6/site-packages/airflow/example_dags/example_branch_operator.py took 0.144 seconds
[2026-09-23 11:39:04,936] {scheduler_job.py:182} INFO - Started process (PID=913) to work on /home/airflow/.local/lib/python3.6/site-packages/airflow/example_dags/example_branch_operator.py
[2026-09-23 11:39:04,938] {scheduler_job.py:629} INFO - Processing file /home/airflow/.local/lib/python3.6/site-packages/airflow/example_dags/example_branch_operator.py for tasks to queue
[2026-09-23 11:39:04,939] {logging_mixin.py:104} INFO - [2026-09-23 11:39:04,939] {dagbag.py:451} INFO - Filling up the DagBag from /home/airflow/.local/lib/python3.6/site-packages/airflow/example_dags/example_branch_operator.py
[2026-09-23 11:39:04,972] {scheduler_job.py:639} INFO - DAG(s) dict_keys(['example_branch_operator']) retrieved from /home/airflow/.local/lib/python3.6/site-packages/airflow/example_dags/example_branch_operator.py
[2026-09-23 11:39:05,021] {logging_mixin.py:104} INFO - [2026-09-23 11:39:05,021] {dag.py:1824} INFO - Sync 1 DAGs
[2026-09-23 11:39:05,082] {logging_mixin.py:104} INFO - [2026-09-23 11:39:05,082] {dag.py:2280} INFO - Setting next_dagrun for example_branch_operator to 2026-09-21 00:00:00+00:00
[2026-09-23 11:39:05,109] {scheduler_job.py:190} INFO - Processing /home/airflow/.local/lib/python3.6/site-packages/airflow/example_dags/example_branch_operator.py took 0.179 seconds
[2026-09-23 11:39:35,296] {scheduler_job.py:182} INFO - Started process (PID=939) to work on /home/airflow/.local/lib/python3.6/site-packages/airflow/example_dags/example_branch_operator.py
[2026-09-23 11:39:35,300] {scheduler_job.py:629} INFO - Processing file /home/airflow/.local/lib/python3.6/site-packages/airflow/example_dags/example_branch_operator.py for tasks to queue
[2026-09-23 11:39:35,301] {logging_mixin.py:104} INFO - [2026-09-23 11:39:35,301] {dagbag.py:451} INFO - Filling up the DagBag from /home/airflow/.local/lib/python3.6/site-packages/airflow/example_dags/example_branch_operator.py
[2026-09-23 11:39:35,324] {scheduler_job.py:639} INFO - DAG(s) dict_keys(['example_branch_operator']) retrieved from /home/airflow/.local/lib/python3.6/site-packages/airflow/example_dags/example_branch_operator.py
[2026-09-23 11:39:35,353] {logging_mixin.py:104} INFO - [2026-09-23 11:39:35,352] {dag.py:1824} INFO - Sync 1 DAGs
[2026-09-23 11:39:35,392] {logging_mixin.py:104} INFO - [2026-09-23 11:39:35,392] {dag.py:2280} INFO - Setting next_dagrun for example_branch_operator to 2026-09-21 00:00:00+00:00
[2026-09-23 11:39:35,408] {scheduler_job.py:190} INFO - Processing /home/airflow/.local/lib/python3.6/site-packages/airflow/example_dags/example_branch_operator.py took 0.118 seconds
[2026-09-23 11:40:05,982] {scheduler_job.py:182} INFO - Started process (PID=965) to work on /home/airflow/.local/lib/python3.6/site-packages/airflow/example_dags/example_branch_operator.py
[2026-09-23 11:40:05,984] {scheduler_job.py:629} INFO - Processing file /home/airflow/.local/lib/python3.6/site-packages/airflow/example_dags/example_branch_operator.py for tasks to queue
[2026-09-23 11:40:05,985] {logging_mixin.py:104} INFO - [2026-09-23 11:40:05,985] {dagbag.py:451} INFO - Filling up the DagBag from /home/airflow/.local/lib/python3.6/site-packages/airflow/example_dags/example_branch_operator.py
[2026-09-23 11:40:06,019] {scheduler_job.py:639} INFO - DAG(s) dict_keys(['example_branch_operator']) retrieved from /home/airflow/.local/lib/python3.6/site-packages/airflow/example_dags/example_branch_operator.py
[2026-09-23 11:40:06,061] {logging_mixin.py:104} INFO - [2026-09-23 11:40:06,061] {dag.py:1824} INFO - Sync 1 DAGs
[2026-09-23 11:40:06,112] {logging_mixin.py:104} INFO - [2026-09-23 11:40:06,112] {dag.py:2280} INFO - Setting next_dagrun for example_branch_operator to 2026-09-21 00:00:00+00:00
[2026-09-23 11:40:06,148] {scheduler_job.py:190} INFO - Processing /home/airflow/.local/lib/python3.6/site-packages/airflow/example_dags/example_branch_operator.py took 0.172 seconds
[2026-09-23 11:40:36,256] {scheduler_job.py:182} INFO - Started process (PID=991) to work on /home/airflow/.local/lib/python3.6/site-packages/airflow/example_dags/example_branch_operator.py
[2026-09-23 11:40:36,258] {scheduler_job.py:629} INFO - Processing file /home/airflow/.local/lib/python3.6/site-packages/airflow/example_dags/example_branch_operator.py for tasks to queue
[2026-09-23 11:40:36,259] {logging_mixin.py:104} INFO - [2026-09-23 11:40:36,259] {dagbag.py:451} INFO - Filling up the DagBag from /home/airflow/.local/lib/python3.6/site-packages/airflow/example_dags/example_branch_operator.py
[2026-09-23 11:40:36,284] {scheduler_job.py:639} INFO - DAG(s) dict_keys(['example_branch_operator']) retrieved from /home/airflow/.local/lib/python3.6/site-packages/airflow/example_dags/example_branch_operator.py
[2026-09-23 11:40:36,316] {logging_mixin.py:104} INFO - [2026-09-23 11:40:36,316] {dag.py:1824} INFO - Sync 1 DAGs
[2026-09-23 11:40:36,349] {logging_mixin.py:104} INFO - [2026-09-23 11:40:36,349] {dag.py:2280} INFO - Setting next_dagrun for example_branch_operator to 2026-09-21 00:00:00+00:00
[2026-09-23 11:40:36,367] {scheduler_job.py:190} INFO - Processing /home/airflow/.local/lib/python3.6/site-packages/airflow/example_dags/example_branch_operator.py took 0.114 seconds
[2026-09-23 11:41:06,735] {scheduler_job.py:182} INFO - Started process (PID=1017) to work on /home/airflow/.local/lib/python3.6/site-packages/airflow/example_dags/example_branch_operator.py
[2026-09-23 11:41:06,736] {scheduler_job.py:629} INFO - Processing file /home/airflow/.local/lib/python3.6/site-packages/airflow/example_dags/example_branch_operator.py for tasks to queue
[2026-09-23 11:41:06,736] {logging_mixin.py:104} INFO - [2026-09-23 11:41:06,736] {dagbag.py:451} INFO - Filling up the DagBag from /home/airflow/.local/lib/python3.6/site-packages/airflow/example_dags/example_branch_operator.py
[2026-09-23 11:41:06,760] {scheduler_job.py:639} INFO - DAG(s) dict_keys(['example_branch_operator']) retrieved from /home/airflow/.local/lib/python3.6/site-packages/airflow/example_dags/example_branch_operator.py
[2026-09-23 11:41:06,798] {logging_mixin.py:104} INFO - [2026-09-23 11:41:06,798] {dag.py:1824} INFO - Sync 1 DAGs
[2026-09-23 11:41:06,841] {logging_mixin.py:104} INFO - [2026-09-23 11:41:06,841] {dag.py:2280} INFO - Setting next_dagrun for example_branch_operator to 2026-09-21 00:00:00+00:00
[2026-09-23 11:41:06,861] {scheduler_job.py:190} INFO - Processing /home/airflow/.local/lib/python3.6/site-packages/airflow/example_dags/example_branch_operator.py took 0.131 seconds
[2026-09-23 11:41:37,600] {scheduler_job.py:182} INFO - Started process (PID=1043) to work on /home/airflow/.local/lib/python3.6/site-packages/airflow/example_dags/example_branch_operator.py
[2026-09-23 11:41:37,602] {scheduler_job.py:629} INFO - Processing file /home/airflow/.local/lib/python3.6/site-packages/airflow/example_dags/example_branch_operator.py for tasks to queue
[2026-09-23 11:41:37,603] {logging_mixin.py:104} INFO - [2026-09-23 11:41:37,603] {dagbag.py:451} INFO - Filling up the DagBag from /home/airflow/.local/lib/python3.6/site-packages/airflow/example_dags/example_branch_operator.py
[2026-09-23 11:41:37,638] {scheduler_job.py:639} INFO - DAG(s) dict_keys(['example_branch_operator']) retrieved from /home/airflow/.local/lib/python3.6/site-packages/airflow/example_dags/example_branch_operator.py
[2026-09-23 11:41:37,681] {logging_mixin.py:104} INFO - [2026-09-23 11:41:37,681] {dag.py:1824} INFO - Sync 1 DAGs
[2026-09-23 11:41:37,725] {logging_mixin.py:104} INFO - [2026-09-23 11:41:37,725] {dag.py:2280} INFO - Setting next_dagrun for example_branch_operator to 2026-09-21 00:00:00+00:00
[2026-09-23 11:41:37,752] {scheduler_job.py:190} INFO - Processing /home/airflow/.local/lib/python3.6/site-packages/airflow/example_dags/example_branch_operator.py took 0.160 seconds
[2026-09-23 11:42:08,272] {scheduler_job.py:182} INFO - Started process (PID=1069) to work on /home/airflow/.local/lib/python3.6/site-packages/airflow/example_dags/example_branch_operator.py
[2026-09-23 11:42:08,274] {scheduler_job.py:629} INFO - Processing file /home/airflow/.local/lib/python3.6/site-packages/airflow/example_dags/example_branch_operator.py for tasks to queue
[2026-09-23 11:42:08,276] {logging_mixin.py:104} INFO - [2026-09-23 11:42:08,275] {dagbag.py:451} INFO - Filling up the DagBag from /home/airflow/.local/lib/python3.6/site-packages/airflow/example_dags/example_branch_operator.py
[2026-09-23 11:42:08,323] {scheduler_job.py:639} INFO - DAG(s) dict_keys(['example_branch_operator']) retrieved from /home/airflow/.local/lib/python3.6/site-packages/airflow/example_dags/example_branch_operator.py
[2026-09-23 11:42:08,371] {logging_mixin.py:104} INFO - [2026-09-23 11:42:08,370] {dag.py:1824} INFO - Sync 1 DAGs
[2026-09-23 11:42:08,414] {logging_mixin.py:104} INFO - [2026-09-23 11:42:08,414] {dag.py:2280} INFO - Setting next_dagrun for example_branch_operator to 2026-09-21 00:00:00+00:00
[2026-09-23 11:42:08,442] {scheduler_job.py:190} INFO - Processing /home/airflow/.local/lib/python3.6/site-packages/airflow/example_dags/example_branch_operator.py took 0.179 seconds
[2026-09-23 11:42:39,308] {scheduler_job.py:182} INFO - Started process (PID=1095) to work on /home/airflow/.local/lib/python3.6/site-packages/airflow/example_dags/example_branch_operator.py
[2026-09-23 11:42:39,309] {scheduler_job.py:629} INFO - Processing file /home/airflow/.local/lib/python3.6/site-packages/airflow/example_dags/example_branch_operator.py for tasks to queue
[2026-09-23 11:42:39,310] {logging_mixin.py:104} INFO - [2026-09-23 11:42:39,310] {dagbag.py:451} INFO - Filling up the DagBag from /home/airflow/.local/lib/python3.6/site-packages/airflow/example_dags/example_branch_operator.py
[2026-09-23 11:42:39,328] {scheduler_job.py:639} INFO - DAG(s) dict_keys(['example_branch_operator']) retrieved from /home/airflow/.local/lib/python3.6/site-packages/airflow/example_dags/example_branch_operator.py
[2026-09-23 11:42:39,352] {logging_mixin.py:104} INFO - [2026-09-23 11:42:39,352] {dag.py:1824} INFO - Sync 1 DAGs
[2026-09-23 11:42:39,377] {logging_mixin.py:104} INFO - [2026-09-23 11:42:39,377] {dag.py:2280} INFO - Setting next_dagrun for example_branch_operator to 2026-09-21 00:00:00+00:00
[2026-09-23 11:42:39,394] {scheduler_job.py:190} INFO - Processing /home/airflow/.local/lib/python3.6/site-packages/airflow/example_dags/example_branch_operator.py took 0.090 seconds
[2026-09-23 11:43:09,907] {scheduler_job.py:182} INFO - Started process (PID=1121) to work on /home/airflow/.local/lib/python3.6/site-packages/airflow/example_dags/example_branch_operator.py
[2026-09-23 11:43:09,908] {scheduler_job.py:629} INFO - Processing file /home/airflow/.local/lib/python3.6/site-packages/airflow/example_dags/example_branch_operator.py for tasks to queue
[2026-09-23 11:43:09,909] {logging_mixin.py:104} INFO - [2026-09-23 11:43:09,909] {dagbag.py:451} INFO - Filling up the DagBag from /home/airflow/.local/lib/python3.6/site-packages/airflow/example_dags/example_branch_operator.py
[2026-09-23 11:43:09,928] {scheduler_job.py:639} INFO - DAG(s) dict_keys(['example_branch_operator']) retrieved from /home/airflow/.local/lib/python3.6/site-packages/airflow/example_dags/example_branch_operator.py
[2026-09-23 11:43:09,952] {logging_mixin.py:104} INFO - [2026-09-23 11:43:09,952] {dag.py:1824} INFO - Sync 1 DAGs
[2026-09-23 11:43:09,976] {logging_mixin.py:104} INFO - [2026-09-23 11:43:09,976] {dag.py:2280} INFO - Setting next_dagrun for example_branch_operator to 2026-09-21 00:00:00+00:00
[2026-09-23 11:43:09,993] {scheduler_job.py:190} INFO - Processing /home/airflow/.local/lib/python3.6/site-packages/airflow/example_dags/example_branch_operator.py took 0.090 seconds
[2026-09-23 11:43:40,177] {scheduler_job.py:182} INFO - Started process (PID=1147) to work on /home/airflow/.local/lib/python3.6/site-packages/airflow/example_dags/example_branch_operator.py
[2026-09-23 11:43:40,179] {scheduler_job.py:629} INFO - Processing file /home/airflow/.local/lib/python3.6/site-packages/airflow/example_dags/example_branch_operator.py for tasks to queue
[2026-09-23 11:43:40,180] {logging_mixin.py:104} INFO - [2026-09-23 11:43:40,180] {dagbag.py:451} INFO - Filling up the DagBag from /home/airflow/.local/lib/python3.6/site-packages/airflow/example_dags/example_branch_operator.py
[2026-09-23 11:43:40,210] {scheduler_job.py:639} INFO - DAG(s) dict_keys(['example_branch_operator']) retrieved from /home/airflow/.local/lib/python3.6/site-packages/airflow/example_dags/example_branch_operator.py
[2026-09-23 11:43:40,251] {logging_mixin.py:104} INFO - [2026-09-23 11:43:40,251] {dag.py:1824} INFO - Sync 1 DAGs
[2026-09-23 11:43:40,298] {logging_mixin.py:104} INFO - [2026-09-23 11:43:40,297] {dag.py:2280} INFO - Setting next_dagrun for example_branch_operator to 2026-09-21 00:00:00+00:00
[2026-09-23 11:43:40,323] {scheduler_job.py:190} INFO - Processing /home/airflow/.local/lib/python3.6/site-packages/airflow/example_dags/example_branch_operator.py took 0.152 seconds
[2026-09-23 11:44:11,329] {scheduler_job.py:182} INFO - Started process (PID=1173) to work on /home/airflow/.local/lib/python3.6/site-packages/airflow/example_dags/example_branch_operator.py
[2026-09-23 11:44:11,330] {scheduler_job.py:629} INFO - Processing file /home/airflow/.local/lib/python3.6/site-packages/airflow/example_dags/example_branch_operator.py for tasks to queue
[2026-09-23 11:44:11,331] {logging_mixin.py:104} INFO - [2026-09-23 11:44:11,331] {dagbag.py:451} INFO - Filling up the DagBag from /home/airflow/.local/lib/python3.6/site-packages/airflow/example_dags/example_branch_operator.py
[2026-09-23 11:44:11,350] {scheduler_job.py:639} INFO - DAG(s) dict_keys(['example_branch_operator']) retrieved from /home/airflow/.local/lib/python3.6/site-packages/airflow/example_dags/example_branch_operator.py
[2026-09-23 11:44:11,379] {logging_mixin.py:104} INFO - [2026-09-23 11:44:11,378] {dag.py:1824} INFO - Sync 1 DAGs
[2026-09-23 11:44:11,416] {logging_mixin.py:104} INFO - [2026-09-23 11:44:11,416] {dag.py:2280} INFO - Setting next_dagrun for example_branch_operator to 2026-09-21 00:00:00+00:00
[2026-09-23 11:44:11,440] {scheduler_job.py:190} INFO - Processing /home/airflow/.local/lib/python3.6/site-packages/airflow/example_dags/example_branch_operator.py took 0.115 seconds
[2026-09-23 11:44:41,553] {scheduler_job.py:182} INFO - Started process (PID=1199) to work on /home/airflow/.local/lib/python3.6/site-packages/airflow/example_dags/example_branch_operator.py
[2026-09-23 11:44:41,558] {scheduler_job.py:629} INFO - Processing file /home/airflow/.local/lib/python3.6/site-packages/airflow/example_dags/example_branch_operator.py for tasks to queue
[2026-09-23 11:44:41,559] {logging_mixin.py:104} INFO - [2026-09-23 11:44:41,559] {dagbag.py:451} INFO - Filling up the DagBag from /home/airflow/.local/lib/python3.6/site-packages/airflow/example_dags/example_branch_operator.py
[2026-09-23 11:44:41,579] {scheduler_job.py:639} INFO - DAG(s) dict_keys(['example_branch_operator']) retrieved from /home/airflow/.local/lib/python3.6/site-packages/airflow/example_dags/example_branch_operator.py
[2026-09-23 11:44:41,606] {logging_mixin.py:104} INFO - [2026-09-23 11:44:41,606] {dag.py:1824} INFO - Sync 1 DAGs
[2026-09-23 11:44:41,639] {logging_mixin.py:104} INFO - [2026-09-23 11:44:41,639] {dag.py:2280} INFO - Setting next_dagrun for example_branch_operator to 2026-09-21 00:00:00+00:00
[2026-09-23 11:44:41,657] {scheduler_job.py:190} INFO - Processing /home/airflow/.local/lib/python3.6/site-packages/airflow/example_dags/example_branch_operator.py took 0.108 seconds
[2026-09-23 11:45:11,982] {scheduler_job.py:182} INFO - Started process (PID=1225) to work on /home/airflow/.local/lib/python3.6/site-packages/airflow/example_dags/example_branch_operator.py
[2026-09-23 11:45:11,983] {scheduler_job.py:629} INFO - Processing file /home/airflow/.local/lib/python3.6/site-packages/airflow/example_dags/example_branch_operator.py for tasks to queue
[2026-09-23 11:45:11,984] {logging_mixin.py:104} INFO - [2026-09-23 11:45:11,984] {dagbag.py:451} INFO - Filling up the DagBag from /home/airflow/.local/lib/python3.6/site-packages/airflow/example_dags/example_branch_operator.py
[2026-09-23 11:45:12,005] {scheduler_job.py:639} INFO - DAG(s) dict_keys(['example_branch_operator']) retrieved from /home/airflow/.local/lib/python3.6/site-packages/airflow/example_dags/example_branch_operator.py
[2026-09-23 11:45:12,037] {logging_mixin.py:104} INFO - [2026-09-23 11:45:12,037] {dag.py:1824} INFO - Sync 1 DAGs
[2026-09-23 11:45:12,075] {logging_mixin.py:104} INFO - [2026-09-23 11:45:12,075] {dag.py:2280} INFO - Setting next_dagrun for example_branch_operator to 2026-09-21 00:00:00+00:00
[2026-09-23 11:45:12,097] {scheduler_job.py:190} INFO - Processing /home/airflow/.local/lib/python3.6/site-packages/airflow/example_dags/example_branch_operator.py took 0.120 seconds
[2026-09-23 11:45:42,207] {scheduler_job.py:182} INFO - Started process (PID=1251) to work on /home/airflow/.local/lib/python3.6/site-packages/airflow/example_dags/example_branch_operator.py
[2026-09-23 11:45:42,208] {scheduler_job.py:629} INFO - Processing file /home/airflow/.local/lib/python3.6/site-packages/airflow/example_dags/example_branch_operator.py for tasks to queue
[2026-09-23 11:45:42,209] {logging_mixin.py:104} INFO - [2026-09-23 11:45:42,209] {dagbag.py:451} INFO - Filling up the DagBag from /home/airflow/.local/lib/python3.6/site-packages/airflow/example_dags/example_branch_operator.py
[2026-09-23 11:45:42,228] {scheduler_job.py:639} INFO - DAG(s) dict_keys(['example_branch_operator']) retrieved from /home/airflow/.local/lib/python3.6/site-packages/airflow/example_dags/example_branch_operator.py
[2026-09-23 11:45:42,252] {logging_mixin.py:104} INFO - [2026-09-23 11:45:42,252] {dag.py:1824} INFO - Sync 1 DAGs
[2026-09-23 11:45:42,277] {logging_mixin.py:104} INFO - [2026-09-23 11:45:42,277] {dag.py:2280} INFO - Setting next_dagrun for example_branch_operator to 2026-09-21 00:00:00+00:00
[2026-09-23 11:45:42,290] {scheduler_job.py:190} INFO - Processing /home/airflow/.local/lib/python3.6/site-packages/airflow/example_dags/example_branch_operator.py took 0.087 seconds
[2026-09-23 11:46:12,363] {scheduler_job.py:182} INFO - Started process (PID=1277) to work on /home/airflow/.local/lib/python3.6/site-packages/airflow/example_dags/example_branch_operator.py
[2026-09-23 11:46:12,365] {scheduler_job.py:629} INFO - Processing file /home/airflow/.local/lib/python3.6/site-packages/airflow/example_dags/example_branch_operator.py for tasks to queue
[2026-09-23 11:46:12,367] {logging_mixin.py:104} INFO - [2026-09-23 11:46:12,366] {dagbag.py:451} INFO - Filling up the DagBag from /home/airflow/.local/lib/python3.6/site-packages/airflow/example_dags/example_branch_operator.py
[2026-09-23 11:46:12,404] {scheduler_job.py:639} INFO - DAG(s) dict_keys(['example_branch_operator']) retrieved from /home/airflow/.local/lib/python3.6/site-packages/airflow/example_dags/example_branch_operator.py
[2026-09-23 11:46:12,449] {logging_mixin.py:104} INFO - [2026-09-23 11:46:12,449] {dag.py:1824} INFO - Sync 1 DAGs
[2026-09-23 11:46:12,497] {logging_mixin.py:104} INFO - [2026-09-23 11:46:12,497] {dag.py:2280} INFO - Setting next_dagrun for example_branch_operator to 2026-09-21 00:00:00+00:00
[2026-09-23 11:46:12,520] {scheduler_job.py:190} INFO - Processing /home/airflow/.local/lib/python3.6/site-packages/airflow/example_dags/example_branch_operator.py took 0.163 seconds
[2026-09-23 11:46:43,265] {scheduler_job.py:182} INFO - Started process (PID=1303) to work on /home/airflow/.local/lib/python3.6/site-packages/airflow/example_dags/example_branch_operator.py
[2026-09-23 11:46:43,272] {scheduler_job.py:629} INFO - Processing file /home/airflow/.local/lib/python3.6/site-packages/airflow/example_dags/example_branch_operator.py for tasks to queue
[2026-09-23 11:46:43,273] {logging_mixin.py:104} INFO - [2026-09-23 11:46:43,273] {dagbag.py:451} INFO - Filling up the DagBag from /home/airflow/.local/lib/python3.6/site-packages/airflow/example_dags/example_branch_operator.py
[2026-09-23 11:46:43,304] {scheduler_job.py:639} INFO - DAG(s) dict_keys(['example_branch_operator']) retrieved from /home/airflow/.local/lib/python3.6/site-packages/airflow/example_dags/example_branch_operator.py
[2026-09-23 11:46:43,344] {logging_mixin.py:104} INFO - [2026-09-23 11:46:43,344] {dag.py:1824} INFO - Sync 1 DAGs
[2026-09-23 11:46:43,382] {logging_mixin.py:104} INFO - [2026-09-23 11:46:43,381] {dag.py:2280} INFO - Setting next_dagrun for example_branch_operator to 2026-09-21 00:00:00+00:00
[2026-09-23 11:46:43,399] {scheduler_job.py:190} INFO - Processing /home/airflow/.local/lib/python3.6/site-packages/airflow/example_dags/example_branch_operator.py took 0.140 seconds
[2026-09-23 11:47:13,997] {scheduler_job.py:182} INFO - Started process (PID=1329) to work on /home/airflow/.local/lib/python3.6/site-packages/airflow/example_dags/example_branch_operator.py
[2026-09-23 11:47:13,999] {scheduler_job.py:629} INFO - Processing file /home/airflow/.local/lib/python3.6/site-packages/airflow/example_dags/example_branch_operator.py for tasks to queue
[2026-09-23 11:47:14,000] {logging_mixin.py:104} INFO - [2026-09-23 11:47:14,000] {dagbag.py:451} INFO - Filling up the DagBag from /home/airflow/.local/lib/python3.6/site-packages/airflow/example_dags/example_branch_operator.py
[2026-09-23 11:47:14,025] {scheduler_job.py:639} INFO - DAG(s) dict_keys(['example_branch_operator']) retrieved from /home/airflow/.local/lib/python3.6/site-packages/airflow/example_dags/example_branch_operator.py
[2026-09-23 11:47:14,055] {logging_mixin.py:104} INFO - [2026-09-23 11:47:14,055] {dag.py:1824} INFO - Sync 1 DAGs
[2026-09-23 11:47:14,093] {logging_mixin.py:104} INFO - [2026-09-23 11:47:14,093] {dag.py:2280} INFO - Setting next_dagrun for example_branch_operator to 2026-09-21 00:00:00+00:00
[2026-09-23 11:47:14,112] {scheduler_job.py:190} INFO - Processing /home/airflow/.local/lib/python3.6/site-packages/airflow/example_dags/example_branch_operator.py took 0.119 seconds
[2026-09-23 11:47:44,663] {scheduler_job.py:182} INFO - Started process (PID=1355) to work on /home/airflow/.local/lib/python3.6/site-packages/airflow/example_dags/example_branch_operator.py
[2026-09-23 11:47:44,665] {scheduler_job.py:629} INFO - Processing file /home/airflow/.local/lib/python3.6/site-packages/airflow/example_dags/example_branch_operator.py for tasks to queue
[2026-09-23 11:47:44,666] {logging_mixin.py:104} INFO - [2026-09-23 11:47:44,666] {dagbag.py:451} INFO - Filling up the DagBag from /home/airflow/.local/lib/python3.6/site-packages/airflow/example_dags/example_branch_operator.py
[2026-09-23 11:47:44,695] {scheduler_job.py:639} INFO - DAG(s) dict_keys(['example_branch_operator']) retrieved from /home/airflow/.local/lib/python3.6/site-packages/airflow/example_dags/example_branch_operator.py
[2026-09-23 11:47:44,735] {logging_mixin.py:104} INFO - [2026-09-23 11:47:44,734] {dag.py:1824} INFO - Sync 1 DAGs
[2026-09-23 11:47:44,775] {logging_mixin.py:104} INFO - [2026-09-23 11:47:44,775] {dag.py:2280} INFO - Setting next_dagrun for example_branch_operator to 2026-09-21 00:00:00+00:00
[2026-09-23 11:47:44,798] {scheduler_job.py:190} INFO - Processing /home/airflow/.local/lib/python3.6/site-packages/airflow/example_dags/example_branch_operator.py took 0.140 seconds
[2026-09-23 11:48:15,002] {scheduler_job.py:182} INFO - Started process (PID=1381) to work on /home/airflow/.local/lib/python3.6/site-packages/airflow/example_dags/example_branch_operator.py
[2026-09-23 11:48:15,003] {scheduler_job.py:629} INFO - Processing file /home/airflow/.local/lib/python3.6/site-packages/airflow/example_dags/example_branch_operator.py for tasks to queue
[2026-09-23 11:48:15,004] {logging_mixin.py:104} INFO - [2026-09-23 11:48:15,004] {dagbag.py:451} INFO - Filling up the DagBag from /home/airflow/.local/lib/python3.6/site-packages/airflow/example_dags/example_branch_operator.py
[2026-09-23 11:48:15,027] {scheduler_job.py:639} INFO - DAG(s) dict_keys(['example_branch_operator']) retrieved from /home/airflow/.local/lib/python3.6/site-packages/airflow/example_dags/example_branch_operator.py
[2026-09-23 11:48:15,069] {logging_mixin.py:104} INFO - [2026-09-23 11:48:15,068] {dag.py:1824} INFO - Sync 1 DAGs
[2026-09-23 11:48:15,106] {logging_mixin.py:104} INFO - [2026-09-23 11:48:15,106] {dag.py:2280} INFO - Setting next_dagrun for example_branch_operator to 2026-09-21 00:00:00+00:00
[2026-09-23 11:48:15,129] {scheduler_job.py:190} INFO - Processing /home/airflow/.local/lib/python3.6/site-packages/airflow/example_dags/example_branch_operator.py took 0.131 seconds
[2026-09-23 11:48:45,514] {scheduler_job.py:182} INFO - Started process (PID=1407) to work on /home/airflow/.local/lib/python3.6/site-packages/airflow/example_dags/example_branch_operator.py
[2026-09-23 11:48:45,515] {scheduler_job.py:629} INFO - Processing file /home/airflow/.local/lib/python3.6/site-packages/airflow/example_dags/example_branch_operator.py for tasks to queue
[2026-09-23 11:48:45,516] {logging_mixin.py:104} INFO - [2026-09-23 11:48:45,516] {dagbag.py:451} INFO - Filling up the DagBag from /home/airflow/.local/lib/python3.6/site-packages/airflow/example_dags/example_branch_operator.py
[2026-09-23 11:48:45,538] {scheduler_job.py:639} INFO - DAG(s) dict_keys(['example_branch_operator']) retrieved from /home/airflow/.local/lib/python3.6/site-packages/airflow/example_dags/example_branch_operator.py
[2026-09-23 11:48:45,565] {logging_mixin.py:104} INFO - [2026-09-23 11:48:45,565] {dag.py:1824} INFO - Sync 1 DAGs
[2026-09-23 11:48:45,596] {logging_mixin.py:104} INFO - [2026-09-23 11:48:45,596] {dag.py:2280} INFO - Setting next_dagrun for example_branch_operator to 2026-09-21 00:00:00+00:00
[2026-09-23 11:48:45,613] {scheduler_job.py:190} INFO - Processing /home/airflow/.local/lib/python3.6/site-packages/airflow/example_dags/example_branch_operator.py took 0.104 seconds
[2026-09-23 11:49:16,562] {scheduler_job.py:182} INFO - Started process (PID=1433) to work on /home/airflow/.local/lib/python3.6/site-packages/airflow/example_dags/example_branch_operator.py
[2026-09-23 11:49:16,564] {scheduler_job.py:629} INFO - Processing file /home/airflow/.local/lib/python3.6/site-packages/airflow/example_dags/example_branch_operator.py for tasks to queue
[2026-09-23 11:49:16,566] {logging_mixin.py:104} INFO - [2026-09-23 11:49:16,565] {dagbag.py:451} INFO - Filling up the DagBag from /home/airflow/.local/lib/python3.6/site-packages/airflow/example_dags/example_branch_operator.py
[2026-09-23 11:49:16,598] {scheduler_job.py:639} INFO - DAG(s) dict_keys(['example_branch_operator']) retrieved from /home/airflow/.local/lib/python3.6/site-packages/airflow/example_dags/example_branch_operator.py
[2026-09-23 11:49:16,639] {logging_mixin.py:104} INFO - [2026-09-23 11:49:16,639] {dag.py:1824} INFO - Sync 1 DAGs
[2026-09-23 11:49:16,684] {logging_mixin.py:104} INFO - [2026-09-23 11:49:16,684] {dag.py:2280} INFO - Setting next_dagrun for example_branch_operator to 2026-09-21 00:00:00+00:00
[2026-09-23 11:49:16,710] {scheduler_job.py:190} INFO - Processing /home/airflow/.local/lib/python3.6/site-packages/airflow/example_dags/example_branch_operator.py took 0.155 seconds
[2026-09-23 11:49:47,384] {scheduler_job.py:182} INFO - Started process (PID=1459) to work on /home/airflow/.local/lib/python3.6/site-packages/airflow/example_dags/example_branch_operator.py
[2026-09-23 11:49:47,385] {scheduler_job.py:629} INFO - Processing file /home/airflow/.local/lib/python3.6/site-packages/airflow/example_dags/example_branch_operator.py for tasks to queue
[2026-09-23 11:49:47,386] {logging_mixin.py:104} INFO - [2026-09-23 11:49:47,386] {dagbag.py:451} INFO - Filling up the DagBag from /home/airflow/.local/lib/python3.6/site-packages/airflow/example_dags/example_branch_operator.py
[2026-09-23 11:49:47,405] {scheduler_job.py:639} INFO - DAG(s) dict_keys(['example_branch_operator']) retrieved from /home/airflow/.local/lib/python3.6/site-packages/airflow/example_dags/example_branch_operator.py
[2026-09-23 11:49:47,429] {logging_mixin.py:104} INFO - [2026-09-23 11:49:47,429] {dag.py:1824} INFO - Sync 1 DAGs
[2026-09-23 11:49:47,453] {logging_mixin.py:104} INFO - [2026-09-23 11:49:47,453] {dag.py:2280} INFO - Setting next_dagrun for example_branch_operator to 2026-09-21 00:00:00+00:00
[2026-09-23 11:49:47,469] {scheduler_job.py:190} INFO - Processing /home/airflow/.local/lib/python3.6/site-packages/airflow/example_dags/example_branch_operator.py took 0.089 seconds
[2026-09-23 11:50:18,388] {scheduler_job.py:182} INFO - Started process (PID=1485) to work on /home/airflow/.local/lib/python3.6/site-packages/airflow/example_dags/example_branch_operator.py
[2026-09-23 11:50:18,393] {scheduler_job.py:629} INFO - Processing file /home/airflow/.local/lib/python3.6/site-packages/airflow/example_dags/example_branch_operator.py for tasks to queue
[2026-09-23 11:50:18,394] {logging_mixin.py:104} INFO - [2026-09-23 11:50:18,394] {dagbag.py:451} INFO - Filling up the DagBag from /home/airflow/.local/lib/python3.6/site-packages/airflow/example_dags/example_branch_operator.py
[2026-09-23 11:50:18,413] {scheduler_job.py:639} INFO - DAG(s) dict_keys(['example_branch_operator']) retrieved from /home/airflow/.local/lib/python3.6/site-packages/airflow/example_dags/example_branch_operator.py
[2026-09-23 11:50:18,437] {logging_mixin.py:104} INFO - [2026-09-23 11:50:18,437] {dag.py:1824} INFO - Sync 1 DAGs
[2026-09-23 11:50:18,463] {logging_mixin.py:104} INFO - [2026-09-23 11:50:18,463] {dag.py:2280} INFO - Setting next_dagrun for example_branch_operator to 2026-09-21 00:00:00+00:00
[2026-09-23 11:50:18,478] {scheduler_job.py:190} INFO - Processing /home/airflow/.local/lib/python3.6/site-packages/airflow/example_dags/example_branch_operator.py took 0.094 seconds
[2026-09-23 11:50:48,869] {scheduler_job.py:182} INFO - Started process (PID=1511) to work on /home/airflow/.local/lib/python3.6/site-packages/airflow/example_dags/example_branch_operator.py
[2026-09-23 11:50:48,871] {scheduler_job.py:629} INFO - Processing file /home/airflow/.local/lib/python3.6/site-packages/airflow/example_dags/example_branch_operator.py for tasks to queue
[2026-09-23 11:50:48,872] {logging_mixin.py:104} INFO - [2026-09-23 11:50:48,871] {dagbag.py:451} INFO - Filling up the DagBag from /home/airflow/.local/lib/python3.6/site-packages/airflow/example_dags/example_branch_operator.py
[2026-09-23 11:50:48,894] {scheduler_job.py:639} INFO - DAG(s) dict_keys(['example_branch_operator']) retrieved from /home/airflow/.local/lib/python3.6/site-packages/airflow/example_dags/example_branch_operator.py
[2026-09-23 11:50:48,924] {logging_mixin.py:104} INFO - [2026-09-23 11:50:48,924] {dag.py:1824} INFO - Sync 1 DAGs
[2026-09-23 11:50:48,954] {logging_mixin.py:104} INFO - [2026-09-23 11:50:48,953] {dag.py:2280} INFO - Setting next_dagrun for example_branch_operator to 2026-09-21 00:00:00+00:00
[2026-09-23 11:50:48,971] {scheduler_job.py:190} INFO - Processing /home/airflow/.local/lib/python3.6/site-packages/airflow/example_dags/example_branch_operator.py took 0.107 seconds
[2026-09-23 11:51:19,111] {scheduler_job.py:182} INFO - Started process (PID=1537) to work on /home/airflow/.local/lib/python3.6/site-packages/airflow/example_dags/example_branch_operator.py
[2026-09-23 11:51:19,112] {scheduler_job.py:629} INFO - Processing file /home/airflow/.local/lib/python3.6/site-packages/airflow/example_dags/example_branch_operator.py for tasks to queue
[2026-09-23 11:51:19,113] {logging_mixin.py:104} INFO - [2026-09-23 11:51:19,113] {dagbag.py:451} INFO - Filling up the DagBag from /home/airflow/.local/lib/python3.6/site-packages/airflow/example_dags/example_branch_operator.py
[2026-09-23 11:51:19,139] {scheduler_job.py:639} INFO - DAG(s) dict_keys(['example_branch_operator']) retrieved from /home/airflow/.local/lib/python3.6/site-packages/airflow/example_dags/example_branch_operator.py
[2026-09-23 11:51:19,169] {logging_mixin.py:104} INFO - [2026-09-23 11:51:19,169] {dag.py:1824} INFO - Sync 1 DAGs
[2026-09-23 11:51:19,213] {logging_mixin.py:104} INFO - [2026-09-23 11:51:19,212] {dag.py:2280} INFO - Setting next_dagrun for example_branch_operator to 2026-09-21 00:00:00+00:00
[2026-09-23 11:51:19,239] {scheduler_job.py:190} INFO - Processing /home/airflow/.local/lib/python3.6/site-packages/airflow/example_dags/example_branch_operator.py took 0.133 seconds
[2026-09-23 11:51:49,752] {scheduler_job.py:182} INFO - Started process (PID=1563) to work on /home/airflow/.local/lib/python3.6/site-packages/airflow/example_dags/example_branch_operator.py
[2026-09-23 11:51:49,754] {scheduler_job.py:629} INFO - Processing file /home/airflow/.local/lib/python3.6/site-packages/airflow/example_dags/example_branch_operator.py for tasks to queue
[2026-09-23 11:51:49,756] {logging_mixin.py:104} INFO - [2026-09-23 11:51:49,756] {dagbag.py:451} INFO - Filling up the DagBag from /home/airflow/.local/lib/python3.6/site-packages/airflow/example_dags/example_branch_operator.py
[2026-09-23 11:51:49,780] {scheduler_job.py:639} INFO - DAG(s) dict_keys(['example_branch_operator']) retrieved from /home/airflow/.local/lib/python3.6/site-packages/airflow/example_dags/example_branch_operator.py
[2026-09-23 11:51:49,809] {logging_mixin.py:104} INFO - [2026-09-23 11:51:49,809] {dag.py:1824} INFO - Sync 1 DAGs
[2026-09-23 11:51:49,841] {logging_mixin.py:104} INFO - [2026-09-23 11:51:49,841] {dag.py:2280} INFO - Setting next_dagrun for example_branch_operator to 2026-09-21 00:00:00+00:00
[2026-09-23 11:51:49,857] {scheduler_job.py:190} INFO - Processing /home/airflow/.local/lib/python3.6/site-packages/airflow/example_dags/example_branch_operator.py took 0.110 seconds
[2026-09-23 11:52:20,271] {scheduler_job.py:182} INFO - Started process (PID=1589) to work on /home/airflow/.local/lib/python3.6/site-packages/airflow/example_dags/example_branch_operator.py
[2026-09-23 11:52:20,274] {scheduler_job.py:629} INFO - Processing file /home/airflow/.local/lib/python3.6/site-packages/airflow/example_dags/example_branch_operator.py for tasks to queue
[2026-09-23 11:52:20,275] {logging_mixin.py:104} INFO - [2026-09-23 11:52:20,275] {dagbag.py:451} INFO - Filling up the DagBag from /home/airflow/.local/lib/python3.6/site-packages/airflow/example_dags/example_branch_operator.py
[2026-09-23 11:52:20,305] {scheduler_job.py:639} INFO - DAG(s) dict_keys(['example_branch_operator']) retrieved from /home/airflow/.local/lib/python3.6/site-packages/airflow/example_dags/example_branch_operator.py
[2026-09-23 11:52:20,354] {logging_mixin.py:104} INFO - [2026-09-23 11:52:20,354] {dag.py:1824} INFO - Sync 1 DAGs
[2026-09-23 11:52:20,401] {logging_mixin.py:104} INFO - [2026-09-23 11:52:20,401] {dag.py:2280} INFO - Setting next_dagrun for example_branch_operator to 2026-09-21 00:00:00+00:00
[2026-09-23 11:52:20,429] {scheduler_job.py:190} INFO - Processing /home/airflow/.local/lib/python3.6/site-packages/airflow/example_dags/example_branch_operator.py took 0.164 seconds
[2026-09-23 11:52:50,493] {scheduler_job.py:182} INFO - Started process (PID=1615) to work on /home/airflow/.local/lib/python3.6/site-packages/airflow/example_dags/example_branch_operator.py
[2026-09-23 11:52:50,495] {scheduler_job.py:629} INFO - Processing file /home/airflow/.local/lib/python3.6/site-packages/airflow/example_dags/example_branch_operator.py for tasks to queue
[2026-09-23 11:52:50,496] {logging_mixin.py:104} INFO - [2026-09-23 11:52:50,496] {dagbag.py:451} INFO - Filling up the DagBag from /home/airflow/.local/lib/python3.6/site-packages/airflow/example_dags/example_branch_operator.py
[2026-09-23 11:52:50,532] {scheduler_job.py:639} INFO - DAG(s) dict_keys(['example_branch_operator']) retrieved from /home/airflow/.local/lib/python3.6/site-packages/airflow/example_dags/example_branch_operator.py
[2026-09-23 11:52:50,574] {logging_mixin.py:104} INFO - [2026-09-23 11:52:50,574] {dag.py:1824} INFO - Sync 1 DAGs
[2026-09-23 11:52:50,616] {logging_mixin.py:104} INFO - [2026-09-23 11:52:50,615] {dag.py:2280} INFO - Setting next_dagrun for example_branch_operator to 2026-09-21 00:00:00+00:00
[2026-09-23 11:52:50,634] {scheduler_job.py:190} INFO - Processing /home/airflow/.local/lib/python3.6/site-packages/airflow/example_dags/example_branch_operator.py took 0.148 seconds
[2026-09-23 11:53:21,500] {scheduler_job.py:182} INFO - Started process (PID=1641) to work on /home/airflow/.local/lib/python3.6/site-packages/airflow/example_dags/example_branch_operator.py
[2026-09-23 11:53:21,502] {scheduler_job.py:629} INFO - Processing file /home/airflow/.local/lib/python3.6/site-packages/airflow/example_dags/example_branch_operator.py for tasks to queue
[2026-09-23 11:53:21,503] {logging_mixin.py:104} INFO - [2026-09-23 11:53:21,503] {dagbag.py:451} INFO - Filling up the DagBag from /home/airflow/.local/lib/python3.6/site-packages/airflow/example_dags/example_branch_operator.py
[2026-09-23 11:53:21,525] {scheduler_job.py:639} INFO - DAG(s) dict_keys(['example_branch_operator']) retrieved from /home/airflow/.local/lib/python3.6/site-packages/airflow/example_dags/example_branch_operator.py
[2026-09-23 11:53:21,562] {logging_mixin.py:104} INFO - [2026-09-23 11:53:21,561] {dag.py:1824} INFO - Sync 1 DAGs
[2026-09-23 11:53:21,603] {logging_mixin.py:104} INFO - [2026-09-23 11:53:21,602] {dag.py:2280} INFO - Setting next_dagrun for example_branch_operator to 2026-09-21 00:00:00+00:00
[2026-09-23 11:53:21,628] {scheduler_job.py:190} INFO - Processing /home/airflow/.local/lib/python3.6/site-packages/airflow/example_dags/example_branch_operator.py took 0.133 seconds
[2026-09-23 11:53:52,475] {scheduler_job.py:182} INFO - Started process (PID=1667) to work on /home/airflow/.local/lib/python3.6/site-packages/airflow/example_dags/example_branch_operator.py
[2026-09-23 11:53:52,476] {scheduler_job.py:629} INFO - Processing file /home/airflow/.local/lib/python3.6/site-packages/airflow/example_dags/example_branch_operator.py for tasks to queue
[2026-09-23 11:53:52,477] {logging_mixin.py:104} INFO - [2026-09-23 11:53:52,477] {dagbag.py:451} INFO - Filling up the DagBag from /home/airflow/.local/lib/python3.6/site-packages/airflow/example_dags/example_branch_operator.py
[2026-09-23 11:53:52,499] {scheduler_job.py:639} INFO - DAG(s) dict_keys(['example_branch_operator']) retrieved from /home/airflow/.local/lib/python3.6/site-packages/airflow/example_dags/example_branch_operator.py
[2026-09-23 11:53:52,530] {logging_mixin.py:104} INFO - [2026-09-23 11:53:52,530] {dag.py:1824} INFO - Sync 1 DAGs
[2026-09-23 11:53:52,559] {logging_mixin.py:104} INFO - [2026-09-23 11:53:52,559] {dag.py:2280} INFO - Setting next_dagrun for example_branch_operator to 2026-09-21 00:00:00+00:00
[2026-09-23 11:53:52,573] {scheduler_job.py:190} INFO - Processing /home/airflow/.local/lib/python3.6/site-packages/airflow/example_dags/example_branch_operator.py took 0.102 seconds
[2026-09-23 11:54:23,536] {scheduler_job.py:182} INFO - Started process (PID=1693) to work on /home/airflow/.local/lib/python3.6/site-packages/airflow/example_dags/example_branch_operator.py
[2026-09-23 11:54:23,537] {scheduler_job.py:629} INFO - Processing file /home/airflow/.local/lib/python3.6/site-packages/airflow/example_dags/example_branch_operator.py for tasks to queue
[2026-09-23 11:54:23,538] {logging_mixin.py:104} INFO - [2026-09-23 11:54:23,538] {dagbag.py:451} INFO - Filling up the DagBag from /home/airflow/.local/lib/python3.6/site-packages/airflow/example_dags/example_branch_operator.py
[2026-09-23 11:54:23,561] {scheduler_job.py:639} INFO - DAG(s) dict_keys(['example_branch_operator']) retrieved from /home/airflow/.local/lib/python3.6/site-packages/airflow/example_dags/example_branch_operator.py
[2026-09-23 11:54:23,589] {logging_mixin.py:104} INFO - [2026-09-23 11:54:23,589] {dag.py:1824} INFO - Sync 1 DAGs
[2026-09-23 11:54:23,619] {logging_mixin.py:104} INFO - [2026-09-23 11:54:23,619] {dag.py:2280} INFO - Setting next_dagrun for example_branch_operator to 2026-09-21 00:00:00+00:00
[2026-09-23 11:54:23,637] {scheduler_job.py:190} INFO - Processing /home/airflow/.local/lib/python3.6/site-packages/airflow/example_dags/example_branch_operator.py took 0.106 seconds
[2026-09-23 11:54:53,700] {scheduler_job.py:182} INFO - Started process (PID=1719) to work on /home/airflow/.local/lib/python3.6/site-packages/airflow/example_dags/example_branch_operator.py
[2026-09-23 11:54:53,702] {scheduler_job.py:629} INFO - Processing file /home/airflow/.local/lib/python3.6/site-packages/airflow/example_dags/example_branch_operator.py for tasks to queue
[2026-09-23 11:54:53,703] {logging_mixin.py:104} INFO - [2026-09-23 11:54:53,703] {dagbag.py:451} INFO - Filling up the DagBag from /home/airflow/.local/lib/python3.6/site-packages/airflow/example_dags/example_branch_operator.py
[2026-09-23 11:54:53,729] {scheduler_job.py:639} INFO - DAG(s) dict_keys(['example_branch_operator']) retrieved from /home/airflow/.local/lib/python3.6/site-packages/airflow/example_dags/example_branch_operator.py
[2026-09-23 11:54:53,766] {logging_mixin.py:104} INFO - [2026-09-23 11:54:53,765] {dag.py:1824} INFO - Sync 1 DAGs
[2026-09-23 11:54:53,811] {logging_mixin.py:104} INFO - [2026-09-23 11:54:53,811] {dag.py:2280} INFO - Setting next_dagrun for example_branch_operator to 2026-09-21 00:00:00+00:00
[2026-09-23 11:54:53,833] {scheduler_job.py:190} INFO - Processing /home/airflow/.local/lib/python3.6/site-packages/airflow/example_dags/example_branch_operator.py took 0.137 seconds
[2026-09-23 11:55:24,626] {scheduler_job.py:182} INFO - Started process (PID=1745) to work on /home/airflow/.local/lib/python3.6/site-packages/airflow/example_dags/example_branch_operator.py
[2026-09-23 11:55:24,628] {scheduler_job.py:629} INFO - Processing file /home/airflow/.local/lib/python3.6/site-packages/airflow/example_dags/example_branch_operator.py for tasks to queue
[2026-09-23 11:55:24,628] {logging_mixin.py:104} INFO - [2026-09-23 11:55:24,628] {dagbag.py:451} INFO - Filling up the DagBag from /home/airflow/.local/lib/python3.6/site-packages/airflow/example_dags/example_branch_operator.py
[2026-09-23 11:55:24,648] {scheduler_job.py:639} INFO - DAG(s) dict_keys(['example_branch_operator']) retrieved from /home/airflow/.local/lib/python3.6/site-packages/airflow/example_dags/example_branch_operator.py
[2026-09-23 11:55:24,671] {logging_mixin.py:104} INFO - [2026-09-23 11:55:24,671] {dag.py:1824} INFO - Sync 1 DAGs
[2026-09-23 11:55:24,698] {logging_mixin.py:104} INFO - [2026-09-23 11:55:24,697] {dag.py:2280} INFO - Setting next_dagrun for example_branch_operator to 2026-09-21 00:00:00+00:00
[2026-09-23 11:55:24,712] {scheduler_job.py:190} INFO - Processing /home/airflow/.local/lib/python3.6/site-packages/airflow/example_dags/example_branch_operator.py took 0.090 seconds
[2026-09-23 11:55:55,386] {scheduler_job.py:182} INFO - Started process (PID=1771) to work on /home/airflow/.local/lib/python3.6/site-packages/airflow/example_dags/example_branch_operator.py
[2026-09-23 11:55:55,388] {scheduler_job.py:629} INFO - Processing file /home/airflow/.local/lib/python3.6/site-packages/airflow/example_dags/example_branch_operator.py for tasks to queue
[2026-09-23 11:55:55,388] {logging_mixin.py:104} INFO - [2026-09-23 11:55:55,388] {dagbag.py:451} INFO - Filling up the DagBag from /home/airflow/.local/lib/python3.6/site-packages/airflow/example_dags/example_branch_operator.py
[2026-09-23 11:55:55,408] {scheduler_job.py:639} INFO - DAG(s) dict_keys(['example_branch_operator']) retrieved from /home/airflow/.local/lib/python3.6/site-packages/airflow/example_dags/example_branch_operator.py
[2026-09-23 11:55:55,434] {logging_mixin.py:104} INFO - [2026-09-23 11:55:55,434] {dag.py:1824} INFO - Sync 1 DAGs
[2026-09-23 11:55:55,461] {logging_mixin.py:104} INFO - [2026-09-23 11:55:55,461] {dag.py:2280} INFO - Setting next_dagrun for example_branch_operator to 2026-09-21 00:00:00+00:00
[2026-09-23 11:55:55,482] {scheduler_job.py:190} INFO - Processing /home/airflow/.local/lib/python3.6/site-packages/airflow/example_dags/example_branch_operator.py took 0.100 seconds
[2026-09-23 11:56:26,265] {scheduler_job.py:182} INFO - Started process (PID=1797) to work on /home/airflow/.local/lib/python3.6/site-packages/airflow/example_dags/example_branch_operator.py
[2026-09-23 11:56:26,266] {scheduler_job.py:629} INFO - Processing file /home/airflow/.local/lib/python3.6/site-packages/airflow/example_dags/example_branch_operator.py for tasks to queue
[2026-09-23 11:56:26,267] {logging_mixin.py:104} INFO - [2026-09-23 11:56:26,267] {dagbag.py:451} INFO - Filling up the DagBag from /home/airflow/.local/lib/python3.6/site-packages/airflow/example_dags/example_branch_operator.py
[2026-09-23 11:56:26,291] {scheduler_job.py:639} INFO - DAG(s) dict_keys(['example_branch_operator']) retrieved from /home/airflow/.local/lib/python3.6/site-packages/airflow/example_dags/example_branch_operator.py
[2026-09-23 11:56:26,324] {logging_mixin.py:104} INFO - [2026-09-23 11:56:26,324] {dag.py:1824} INFO - Sync 1 DAGs
[2026-09-23 11:56:26,356] {logging_mixin.py:104} INFO - [2026-09-23 11:56:26,355] {dag.py:2280} INFO - Setting next_dagrun for example_branch_operator to 2026-09-21 00:00:00+00:00
[2026-09-23 11:56:26,376] {scheduler_job.py:190} INFO - Processing /home/airflow/.local/lib/python3.6/site-packages/airflow/example_dags/example_branch_operator.py took 0.116 seconds
[2026-09-23 11:56:56,868] {scheduler_job.py:182} INFO - Started process (PID=1823) to work on /home/airflow/.local/lib/python3.6/site-packages/airflow/example_dags/example_branch_operator.py
[2026-09-23 11:56:56,873] {scheduler_job.py:629} INFO - Processing file /home/airflow/.local/lib/python3.6/site-packages/airflow/example_dags/example_branch_operator.py for tasks to queue
[2026-09-23 11:56:56,874] {logging_mixin.py:104} INFO - [2026-09-23 11:56:56,873] {dagbag.py:451} INFO - Filling up the DagBag from /home/airflow/.local/lib/python3.6/site-packages/airflow/example_dags/example_branch_operator.py
[2026-09-23 11:56:56,894] {scheduler_job.py:639} INFO - DAG(s) dict_keys(['example_branch_operator']) retrieved from /home/airflow/.local/lib/python3.6/site-packages/airflow/example_dags/example_branch_operator.py
[2026-09-23 11:56:56,922] {logging_mixin.py:104} INFO - [2026-09-23 11:56:56,922] {dag.py:1824} INFO - Sync 1 DAGs
[2026-09-23 11:56:56,948] {logging_mixin.py:104} INFO - [2026-09-23 11:56:56,948] {dag.py:2280} INFO - Setting next_dagrun for example_branch_operator to 2026-09-21 00:00:00+00:00
[2026-09-23 11:56:56,960] {scheduler_job.py:190} INFO - Processing /home/airflow/.local/lib/python3.6/site-packages/airflow/example_dags/example_branch_operator.py took 0.097 seconds
[2026-09-23 11:57:27,391] {scheduler_job.py:182} INFO - Started process (PID=1849) to work on /home/airflow/.local/lib/python3.6/site-packages/airflow/example_dags/example_branch_operator.py
[2026-09-23 11:57:27,392] {scheduler_job.py:629} INFO - Processing file /home/airflow/.local/lib/python3.6/site-packages/airflow/example_dags/example_branch_operator.py for tasks to queue
[2026-09-23 11:57:27,392] {logging_mixin.py:104} INFO - [2026-09-23 11:57:27,392] {dagbag.py:451} INFO - Filling up the DagBag from /home/airflow/.local/lib/python3.6/site-packages/airflow/example_dags/example_branch_operator.py
[2026-09-23 11:57:27,411] {scheduler_job.py:639} INFO - DAG(s) dict_keys(['example_branch_operator']) retrieved from /home/airflow/.local/lib/python3.6/site-packages/airflow/example_dags/example_branch_operator.py
[2026-09-23 11:57:27,440] {logging_mixin.py:104} INFO - [2026-09-23 11:57:27,440] {dag.py:1824} INFO - Sync 1 DAGs
[2026-09-23 11:57:27,473] {logging_mixin.py:104} INFO - [2026-09-23 11:57:27,473] {dag.py:2280} INFO - Setting next_dagrun for example_branch_operator to 2026-09-21 00:00:00+00:00
[2026-09-23 11:57:27,490] {scheduler_job.py:190} INFO - Processing /home/airflow/.local/lib/python3.6/site-packages/airflow/example_dags/example_branch_operator.py took 0.103 seconds
[2026-09-23 11:57:58,394] {scheduler_job.py:182} INFO - Started process (PID=1875) to work on /home/airflow/.local/lib/python3.6/site-packages/airflow/example_dags/example_branch_operator.py
[2026-09-23 11:57:58,395] {scheduler_job.py:629} INFO - Processing file /home/airflow/.local/lib/python3.6/site-packages/airflow/example_dags/example_branch_operator.py for tasks to queue
[2026-09-23 11:57:58,396] {logging_mixin.py:104} INFO - [2026-09-23 11:57:58,396] {dagbag.py:451} INFO - Filling up the DagBag from /home/airflow/.local/lib/python3.6/site-packages/airflow/example_dags/example_branch_operator.py
[2026-09-23 11:57:58,419] {scheduler_job.py:639} INFO - DAG(s) dict_keys(['example_branch_operator']) retrieved from /home/airflow/.local/lib/python3.6/site-packages/airflow/example_dags/example_branch_operator.py
[2026-09-23 11:57:58,453] {logging_mixin.py:104} INFO - [2026-09-23 11:57:58,453] {dag.py:1824} INFO - Sync 1 DAGs
[2026-09-23 11:57:58,492] {logging_mixin.py:104} INFO - [2026-09-23 11:57:58,491] {dag.py:2280} INFO - Setting next_dagrun for example_branch_operator to 2026-09-21 00:00:00+00:00
[2026-09-23 11:57:58,513] {scheduler_job.py:190} INFO - Processing /home/airflow/.local/lib/python3.6/site-packages/airflow/example_dags/example_branch_operator.py took 0.124 seconds
[2026-09-23 11:58:28,666] {scheduler_job.py:182} INFO - Started process (PID=1901) to work on /home/airflow/.local/lib/python3.6/site-packages/airflow/example_dags/example_branch_operator.py
[2026-09-23 11:58:28,668] {scheduler_job.py:629} INFO - Processing file /home/airflow/.local/lib/python3.6/site-packages/airflow/example_dags/example_branch_operator.py for tasks to queue
[2026-09-23 11:58:28,669] {logging_mixin.py:104} INFO - [2026-09-23 11:58:28,669] {dagbag.py:451} INFO - Filling up the DagBag from /home/airflow/.local/lib/python3.6/site-packages/airflow/example_dags/example_branch_operator.py
[2026-09-23 11:58:28,703] {scheduler_job.py:639} INFO - DAG(s) dict_keys(['example_branch_operator']) retrieved from /home/airflow/.local/lib/python3.6/site-packages/airflow/example_dags/example_branch_operator.py
[2026-09-23 11:58:28,748] {logging_mixin.py:104} INFO - [2026-09-23 11:58:28,748] {dag.py:1824} INFO - Sync 1 DAGs
[2026-09-23 11:58:28,794] {logging_mixin.py:104} INFO - [2026-09-23 11:58:28,794] {dag.py:2280} INFO - Setting next_dagrun for example_branch_operator to 2026-09-21 00:00:00+00:00
[2026-09-23 11:58:28,822] {scheduler_job.py:190} INFO - Processing /home/airflow/.local/lib/python3.6/site-packages/airflow/example_dags/example_branch_operator.py took 0.163 seconds
[2026-09-23 11:58:59,838] {scheduler_job.py:182} INFO - Started process (PID=1927) to work on /home/airflow/.local/lib/python3.6/site-packages/airflow/example_dags/example_branch_operator.py
[2026-09-23 11:58:59,839] {scheduler_job.py:629} INFO - Processing file /home/airflow/.local/lib/python3.6/site-packages/airflow/example_dags/example_branch_operator.py for tasks to queue
[2026-09-23 11:58:59,840] {logging_mixin.py:104} INFO - [2026-09-23 11:58:59,840] {dagbag.py:451} INFO - Filling up the DagBag from /home/airflow/.local/lib/python3.6/site-packages/airflow/example_dags/example_branch_operator.py
[2026-09-23 11:58:59,879] {scheduler_job.py:639} INFO - DAG(s) dict_keys(['example_branch_operator']) retrieved from /home/airflow/.local/lib/python3.6/site-packages/airflow/example_dags/example_branch_operator.py
[2026-09-23 11:58:59,922] {logging_mixin.py:104} INFO - [2026-09-23 11:58:59,922] {dag.py:1824} INFO - Sync 1 DAGs
[2026-09-23 11:58:59,970] {logging_mixin.py:104} INFO - [2026-09-23 11:58:59,970] {dag.py:2280} INFO - Setting next_dagrun for example_branch_operator to 2026-09-21 00:00:00+00:00
[2026-09-23 11:58:59,997] {scheduler_job.py:190} INFO - Processing /home/airflow/.local/lib/python3.6/site-packages/airflow/example_dags/example_branch_operator.py took 0.165 seconds
[2026-09-23 11:59:30,872] {scheduler_job.py:182} INFO - Started process (PID=1953) to work on /home/airflow/.local/lib/python3.6/site-packages/airflow/example_dags/example_branch_operator.py
[2026-09-23 11:59:30,875] {scheduler_job.py:629} INFO - Processing file /home/airflow/.local/lib/python3.6/site-packages/airflow/example_dags/example_branch_operator.py for tasks to queue
[2026-09-23 11:59:30,876] {logging_mixin.py:104} INFO - [2026-09-23 11:59:30,876] {dagbag.py:451} INFO - Filling up the DagBag from /home/airflow/.local/lib/python3.6/site-packages/airflow/example_dags/example_branch_operator.py
[2026-09-23 11:59:30,898] {scheduler_job.py:639} INFO - DAG(s) dict_keys(['example_branch_operator']) retrieved from /home/airflow/.local/lib/python3.6/site-packages/airflow/example_dags/example_branch_operator.py
[2026-09-23 11:59:30,928] {logging_mixin.py:104} INFO - [2026-09-23 11:59:30,928] {dag.py:1824} INFO - Sync 1 DAGs
[2026-09-23 11:59:30,961] {logging_mixin.py:104} INFO - [2026-09-23 11:59:30,961] {dag.py:2280} INFO - Setting next_dagrun for example_branch_operator to 2026-09-21 00:00:00+00:00
[2026-09-23 11:59:30,982] {scheduler_job.py:190} INFO - Processing /home/airflow/.local/lib/python3.6/site-packages/airflow/example_dags/example_branch_operator.py took 0.114 seconds
[2026-09-23 12:00:01,536] {scheduler_job.py:182} INFO - Started process (PID=1979) to work on /home/airflow/.local/lib/python3.6/site-packages/airflow/example_dags/example_branch_operator.py
[2026-09-23 12:00:01,537] {scheduler_job.py:629} INFO - Processing file /home/airflow/.local/lib/python3.6/site-packages/airflow/example_dags/example_branch_operator.py for tasks to queue
[2026-09-23 12:00:01,538] {logging_mixin.py:104} INFO - [2026-09-23 12:00:01,538] {dagbag.py:451} INFO - Filling up the DagBag from /home/airflow/.local/lib/python3.6/site-packages/airflow/example_dags/example_branch_operator.py
[2026-09-23 12:00:01,562] {scheduler_job.py:639} INFO - DAG(s) dict_keys(['example_branch_operator']) retrieved from /home/airflow/.local/lib/python3.6/site-packages/airflow/example_dags/example_branch_operator.py
[2026-09-23 12:00:01,590] {logging_mixin.py:104} INFO - [2026-09-23 12:00:01,590] {dag.py:1824} INFO - Sync 1 DAGs
[2026-09-23 12:00:01,621] {logging_mixin.py:104} INFO - [2026-09-23 12:00:01,621] {dag.py:2280} INFO - Setting next_dagrun for example_branch_operator to 2026-09-21 00:00:00+00:00
[2026-09-23 12:00:01,639] {scheduler_job.py:190} INFO - Processing /home/airflow/.local/lib/python3.6/site-packages/airflow/example_dags/example_branch_operator.py took 0.107 seconds
[2026-09-23 12:00:32,162] {scheduler_job.py:182} INFO - Started process (PID=2005) to work on /home/airflow/.local/lib/python3.6/site-packages/airflow/example_dags/example_branch_operator.py
[2026-09-23 12:00:32,164] {scheduler_job.py:629} INFO - Processing file /home/airflow/.local/lib/python3.6/site-packages/airflow/example_dags/example_branch_operator.py for tasks to queue
[2026-09-23 12:00:32,164] {logging_mixin.py:104} INFO - [2026-09-23 12:00:32,164] {dagbag.py:451} INFO - Filling up the DagBag from /home/airflow/.local/lib/python3.6/site-packages/airflow/example_dags/example_branch_operator.py
[2026-09-23 12:00:32,186] {scheduler_job.py:639} INFO - DAG(s) dict_keys(['example_branch_operator']) retrieved from /home/airflow/.local/lib/python3.6/site-packages/airflow/example_dags/example_branch_operator.py
[2026-09-23 12:00:32,214] {logging_mixin.py:104} INFO - [2026-09-23 12:00:32,213] {dag.py:1824} INFO - Sync 1 DAGs
[2026-09-23 12:00:32,258] {logging_mixin.py:104} INFO - [2026-09-23 12:00:32,257] {dag.py:2280} INFO - Setting next_dagrun for example_branch_operator to 2026-09-21 00:00:00+00:00
[2026-09-23 12:00:32,279] {scheduler_job.py:190} INFO - Processing /home/airflow/.local/lib/python3.6/site-packages/airflow/example_dags/example_branch_operator.py took 0.121 seconds
[2026-09-23 12:01:02,753] {scheduler_job.py:182} INFO - Started process (PID=2031) to work on /home/airflow/.local/lib/python3.6/site-packages/airflow/example_dags/example_branch_operator.py
[2026-09-23 12:01:02,754] {scheduler_job.py:629} INFO - Processing file /home/airflow/.local/lib/python3.6/site-packages/airflow/example_dags/example_branch_operator.py for tasks to queue
[2026-09-23 12:01:02,755] {logging_mixin.py:104} INFO - [2026-09-23 12:01:02,755] {dagbag.py:451} INFO - Filling up the DagBag from /home/airflow/.local/lib/python3.6/site-packages/airflow/example_dags/example_branch_operator.py
[2026-09-23 12:01:02,775] {scheduler_job.py:639} INFO - DAG(s) dict_keys(['example_branch_operator']) retrieved from /home/airflow/.local/lib/python3.6/site-packages/airflow/example_dags/example_branch_operator.py
[2026-09-23 12:01:02,801] {logging_mixin.py:104} INFO - [2026-09-23 12:01:02,801] {dag.py:1824} INFO - Sync 1 DAGs
[2026-09-23 12:01:02,828] {logging_mixin.py:104} INFO - [2026-09-23 12:01:02,827] {dag.py:2280} INFO - Setting next_dagrun for example_branch_operator to 2026-09-21 00:00:00+00:00
[2026-09-23 12:01:02,840] {scheduler_job.py:190} INFO - Processing /home/airflow/.local/lib/python3.6/site-packages/airflow/example_dags/example_branch_operator.py took 0.091 seconds
[2026-09-23 12:01:33,428] {scheduler_job.py:182} INFO - Started process (PID=2057) to work on /home/airflow/.local/lib/python3.6/site-packages/airflow/example_dags/example_branch_operator.py
[2026-09-23 12:01:33,429] {scheduler_job.py:629} INFO - Processing file /home/airflow/.local/lib/python3.6/site-packages/airflow/example_dags/example_branch_operator.py for tasks to queue
[2026-09-23 12:01:33,430] {logging_mixin.py:104} INFO - [2026-09-23 12:01:33,429] {dagbag.py:451} INFO - Filling up the DagBag from /home/airflow/.local/lib/python3.6/site-packages/airflow/example_dags/example_branch_operator.py
[2026-09-23 12:01:33,450] {scheduler_job.py:639} INFO - DAG(s) dict_keys(['example_branch_operator']) retrieved from /home/airflow/.local/lib/python3.6/site-packages/airflow/example_dags/example_branch_operator.py
[2026-09-23 12:01:33,475] {logging_mixin.py:104} INFO - [2026-09-23 12:01:33,474] {dag.py:1824} INFO - Sync 1 DAGs
[2026-09-23 12:01:33,500] {logging_mixin.py:104} INFO - [2026-09-23 12:01:33,500] {dag.py:2280} INFO - Setting next_dagrun for example_branch_operator to 2026-09-21 00:00:00+00:00
[2026-09-23 12:01:33,515] {scheduler_job.py:190} INFO - Processing /home/airflow/.local/lib/python3.6/site-packages/airflow/example_dags/example_branch_operator.py took 0.091 seconds
[2026-09-23 12:02:03,979] {scheduler_job.py:182} INFO - Started process (PID=2083) to work on /home/airflow/.local/lib/python3.6/site-packages/airflow/example_dags/example_branch_operator.py
[2026-09-23 12:02:03,980] {scheduler_job.py:629} INFO - Processing file /home/airflow/.local/lib/python3.6/site-packages/airflow/example_dags/example_branch_operator.py for tasks to queue
[2026-09-23 12:02:03,980] {logging_mixin.py:104} INFO - [2026-09-23 12:02:03,980] {dagbag.py:451} INFO - Filling up the DagBag from /home/airflow/.local/lib/python3.6/site-packages/airflow/example_dags/example_branch_operator.py
[2026-09-23 12:02:03,998] {scheduler_job.py:639} INFO - DAG(s) dict_keys(['example_branch_operator']) retrieved from /home/airflow/.local/lib/python3.6/site-packages/airflow/example_dags/example_branch_operator.py
[2026-09-23 12:02:04,022] {logging_mixin.py:104} INFO - [2026-09-23 12:02:04,021] {dag.py:1824} INFO - Sync 1 DAGs
[2026-09-23 12:02:04,048] {logging_mixin.py:104} INFO - [2026-09-23 12:02:04,048] {dag.py:2280} INFO - Setting next_dagrun for example_branch_operator to 2026-09-21 00:00:00+00:00
[2026-09-23 12:02:04,064] {scheduler_job.py:190} INFO - Processing /home/airflow/.local/lib/python3.6/site-packages/airflow/example_dags/example_branch_operator.py took 0.089 seconds
[2026-09-23 12:02:34,126] {scheduler_job.py:182} INFO - Started process (PID=2109) to work on /home/airflow/.local/lib/python3.6/site-packages/airflow/example_dags/example_branch_operator.py
[2026-09-23 12:02:34,127] {scheduler_job.py:629} INFO - Processing file /home/airflow/.local/lib/python3.6/site-packages/airflow/example_dags/example_branch_operator.py for tasks to queue
[2026-09-23 12:02:34,128] {logging_mixin.py:104} INFO - [2026-09-23 12:02:34,128] {dagbag.py:451} INFO - Filling up the DagBag from /home/airflow/.local/lib/python3.6/site-packages/airflow/example_dags/example_branch_operator.py
[2026-09-23 12:02:34,154] {scheduler_job.py:639} INFO - DAG(s) dict_keys(['example_branch_operator']) retrieved from /home/airflow/.local/lib/python3.6/site-packages/airflow/example_dags/example_branch_operator.py
[2026-09-23 12:02:34,193] {logging_mixin.py:104} INFO - [2026-09-23 12:02:34,192] {dag.py:1824} INFO - Sync 1 DAGs
[2026-09-23 12:02:34,241] {logging_mixin.py:104} INFO - [2026-09-23 12:02:34,241] {dag.py:2280} INFO - Setting next_dagrun for example_branch_operator to 2026-09-21 00:00:00+00:00
[2026-09-23 12:02:34,268] {scheduler_job.py:190} INFO - Processing /home/airflow/.local/lib/python3.6/site-packages/airflow/example_dags/example_branch_operator.py took 0.146 seconds
[2026-09-23 12:03:04,923] {scheduler_job.py:182} INFO - Started process (PID=2135) to work on /home/airflow/.local/lib/python3.6/site-packages/airflow/example_dags/example_branch_operator.py
[2026-09-23 12:03:04,924] {scheduler_job.py:629} INFO - Processing file /home/airflow/.local/lib/python3.6/site-packages/airflow/example_dags/example_branch_operator.py for tasks to queue
[2026-09-23 12:03:04,925] {logging_mixin.py:104} INFO - [2026-09-23 12:03:04,925] {dagbag.py:451} INFO - Filling up the DagBag from /home/airflow/.local/lib/python3.6/site-packages/airflow/example_dags/example_branch_operator.py
[2026-09-23 12:03:04,950] {scheduler_job.py:639} INFO - DAG(s) dict_keys(['example_branch_operator']) retrieved from /home/airflow/.local/lib/python3.6/site-packages/airflow/example_dags/example_branch_operator.py
[2026-09-23 12:03:04,978] {logging_mixin.py:104} INFO - [2026-09-23 12:03:04,977] {dag.py:1824} INFO - Sync 1 DAGs
[2026-09-23 12:03:05,009] {logging_mixin.py:104} INFO - [2026-09-23 12:03:05,008] {dag.py:2280} INFO - Setting next_dagrun for example_branch_operator to 2026-09-21 00:00:00+00:00
[2026-09-23 12:03:05,028] {scheduler_job.py:190} INFO - Processing /home/airflow/.local/lib/python3.6/site-packages/airflow/example_dags/example_branch_operator.py took 0.110 seconds
[2026-09-23 12:03:35,813] {scheduler_job.py:182} INFO - Started process (PID=2161) to work on /home/airflow/.local/lib/python3.6/site-packages/airflow/example_dags/example_branch_operator.py
[2026-09-23 12:03:35,814] {scheduler_job.py:629} INFO - Processing file /home/airflow/.local/lib/python3.6/site-packages/airflow/example_dags/example_branch_operator.py for tasks to queue
[2026-09-23 12:03:35,815] {logging_mixin.py:104} INFO - [2026-09-23 12:03:35,815] {dagbag.py:451} INFO - Filling up the DagBag from /home/airflow/.local/lib/python3.6/site-packages/airflow/example_dags/example_branch_operator.py
[2026-09-23 12:03:35,838] {scheduler_job.py:639} INFO - DAG(s) dict_keys(['example_branch_operator']) retrieved from /home/airflow/.local/lib/python3.6/site-packages/airflow/example_dags/example_branch_operator.py
[2026-09-23 12:03:35,871] {logging_mixin.py:104} INFO - [2026-09-23 12:03:35,871] {dag.py:1824} INFO - Sync 1 DAGs
[2026-09-23 12:03:35,903] {logging_mixin.py:104} INFO - [2026-09-23 12:03:35,902] {dag.py:2280} INFO - Setting next_dagrun for example_branch_operator to 2026-09-21 00:00:00+00:00
[2026-09-23 12:03:35,919] {scheduler_job.py:190} INFO - Processing /home/airflow/.local/lib/python3.6/site-packages/airflow/example_dags/example_branch_operator.py took 0.111 seconds
[2026-09-23 12:04:06,582] {scheduler_job.py:182} INFO - Started process (PID=2187) to work on /home/airflow/.local/lib/python3.6/site-packages/airflow/example_dags/example_branch_operator.py
[2026-09-23 12:04:06,584] {scheduler_job.py:629} INFO - Processing file /home/airflow/.local/lib/python3.6/site-packages/airflow/example_dags/example_branch_operator.py for tasks to queue
[2026-09-23 12:04:06,585] {logging_mixin.py:104} INFO - [2026-09-23 12:04:06,585] {dagbag.py:451} INFO - Filling up the DagBag from /home/airflow/.local/lib/python3.6/site-packages/airflow/example_dags/example_branch_operator.py
[2026-09-23 12:04:06,610] {scheduler_job.py:639} INFO - DAG(s) dict_keys(['example_branch_operator']) retrieved from /home/airflow/.local/lib/python3.6/site-packages/airflow/example_dags/example_branch_operator.py
[2026-09-23 12:04:06,644] {logging_mixin.py:104} INFO - [2026-09-23 12:04:06,644] {dag.py:1824} INFO - Sync 1 DAGs
[2026-09-23 12:04:06,679] {logging_mixin.py:104} INFO - [2026-09-23 12:04:06,679] {dag.py:2280} INFO - Setting next_dagrun for example_branch_operator to 2026-09-21 00:00:00+00:00
[2026-09-23 12:04:06,694] {scheduler_job.py:190} INFO - Processing /home/airflow/.local/lib/python3.6/site-packages/airflow/example_dags/example_branch_operator.py took 0.117 seconds
[2026-09-23 12:04:36,808] {scheduler_job.py:182} INFO - Started process (PID=2213) to work on /home/airflow/.local/lib/python3.6/site-packages/airflow/example_dags/example_branch_operator.py
[2026-09-23 12:04:36,810] {scheduler_job.py:629} INFO - Processing file /home/airflow/.local/lib/python3.6/site-packages/airflow/example_dags/example_branch_operator.py for tasks to queue
[2026-09-23 12:04:36,810] {logging_mixin.py:104} INFO - [2026-09-23 12:04:36,810] {dagbag.py:451} INFO - Filling up the DagBag from /home/airflow/.local/lib/python3.6/site-packages/airflow/example_dags/example_branch_operator.py
[2026-09-23 12:04:36,829] {scheduler_job.py:639} INFO - DAG(s) dict_keys(['example_branch_operator']) retrieved from /home/airflow/.local/lib/python3.6/site-packages/airflow/example_dags/example_branch_operator.py
[2026-09-23 12:04:36,853] {logging_mixin.py:104} INFO - [2026-09-23 12:04:36,853] {dag.py:1824} INFO - Sync 1 DAGs
[2026-09-23 12:04:36,881] {logging_mixin.py:104} INFO - [2026-09-23 12:04:36,880] {dag.py:2280} INFO - Setting next_dagrun for example_branch_operator to 2026-09-21 00:00:00+00:00
[2026-09-23 12:04:36,898] {scheduler_job.py:190} INFO - Processing /home/airflow/.local/lib/python3.6/site-packages/airflow/example_dags/example_branch_operator.py took 0.094 seconds
[2026-09-23 12:05:06,943] {scheduler_job.py:182} INFO - Started process (PID=2239) to work on /home/airflow/.local/lib/python3.6/site-packages/airflow/example_dags/example_branch_operator.py
[2026-09-23 12:05:06,945] {scheduler_job.py:629} INFO - Processing file /home/airflow/.local/lib/python3.6/site-packages/airflow/example_dags/example_branch_operator.py for tasks to queue
[2026-09-23 12:05:06,945] {logging_mixin.py:104} INFO - [2026-09-23 12:05:06,945] {dagbag.py:451} INFO - Filling up the DagBag from /home/airflow/.local/lib/python3.6/site-packages/airflow/example_dags/example_branch_operator.py
[2026-09-23 12:05:06,966] {scheduler_job.py:639} INFO - DAG(s) dict_keys(['example_branch_operator']) retrieved from /home/airflow/.local/lib/python3.6/site-packages/airflow/example_dags/example_branch_operator.py
[2026-09-23 12:05:07,001] {logging_mixin.py:104} INFO - [2026-09-23 12:05:07,001] {dag.py:1824} INFO - Sync 1 DAGs
[2026-09-23 12:05:07,037] {logging_mixin.py:104} INFO - [2026-09-23 12:05:07,037] {dag.py:2280} INFO - Setting next_dagrun for example_branch_operator to 2026-09-21 00:00:00+00:00
[2026-09-23 12:05:07,055] {scheduler_job.py:190} INFO - Processing /home/airflow/.local/lib/python3.6/site-packages/airflow/example_dags/example_branch_operator.py took 0.115 seconds
[2026-09-23 12:05:38,077] {scheduler_job.py:182} INFO - Started process (PID=2265) to work on /home/airflow/.local/lib/python3.6/site-packages/airflow/example_dags/example_branch_operator.py
[2026-09-23 12:05:38,079] {scheduler_job.py:629} INFO - Processing file /home/airflow/.local/lib/python3.6/site-packages/airflow/example_dags/example_branch_operator.py for tasks to queue
[2026-09-23 12:05:38,080] {logging_mixin.py:104} INFO - [2026-09-23 12:05:38,080] {dagbag.py:451} INFO - Filling up the DagBag from /home/airflow/.local/lib/python3.6/site-packages/airflow/example_dags/example_branch_operator.py
[2026-09-23 12:05:38,104] {scheduler_job.py:639} INFO - DAG(s) dict_keys(['example_branch_operator']) retrieved from /home/airflow/.local/lib/python3.6/site-packages/airflow/example_dags/example_branch_operator.py
[2026-09-23 12:05:38,136] {logging_mixin.py:104} INFO - [2026-09-23 12:05:38,136] {dag.py:1824} INFO - Sync 1 DAGs
[2026-09-23 12:05:38,176] {logging_mixin.py:104} INFO - [2026-09-23 12:05:38,176] {dag.py:2280} INFO - Setting next_dagrun for example_branch_operator to 2026-09-21 00:00:00+00:00
[2026-09-23 12:05:38,193] {scheduler_job.py:190} INFO - Processing /home/airflow/.local/lib/python3.6/site-packages/airflow/example_dags/example_branch_operator.py took 0.121 seconds
[2026-09-23 12:06:09,112] {scheduler_job.py:182} INFO - Started process (PID=2291) to work on /home/airflow/.local/lib/python3.6/site-packages/airflow/example_dags/example_branch_operator.py
[2026-09-23 12:06:09,114] {scheduler_job.py:629} INFO - Processing file /home/airflow/.local/lib/python3.6/site-packages/airflow/example_dags/example_branch_operator.py for tasks to queue
[2026-09-23 12:06:09,114] {logging_mixin.py:104} INFO - [2026-09-23 12:06:09,114] {dagbag.py:451} INFO - Filling up the DagBag from /home/airflow/.local/lib/python3.6/site-packages/airflow/example_dags/example_branch_operator.py
[2026-09-23 12:06:09,134] {scheduler_job.py:639} INFO - DAG(s) dict_keys(['example_branch_operator']) retrieved from /home/airflow/.local/lib/python3.6/site-packages/airflow/example_dags/example_branch_operator.py
[2026-09-23 12:06:09,159] {logging_mixin.py:104} INFO - [2026-09-23 12:06:09,158] {dag.py:1824} INFO - Sync 1 DAGs
[2026-09-23 12:06:09,185] {logging_mixin.py:104} INFO - [2026-09-23 12:06:09,185] {dag.py:2280} INFO - Setting next_dagrun for example_branch_operator to 2026-09-21 00:00:00+00:00
[2026-09-23 12:06:09,201] {scheduler_job.py:190} INFO - Processing /home/airflow/.local/lib/python3.6/site-packages/airflow/example_dags/example_branch_operator.py took 0.093 seconds
[2026-09-23 12:06:39,921] {scheduler_job.py:182} INFO - Started process (PID=2317) to work on /home/airflow/.local/lib/python3.6/site-packages/airflow/example_dags/example_branch_operator.py
[2026-09-23 12:06:39,922] {scheduler_job.py:629} INFO - Processing file /home/airflow/.local/lib/python3.6/site-packages/airflow/example_dags/example_branch_operator.py for tasks to queue
[2026-09-23 12:06:39,923] {logging_mixin.py:104} INFO - [2026-09-23 12:06:39,923] {dagbag.py:451} INFO - Filling up the DagBag from /home/airflow/.local/lib/python3.6/site-packages/airflow/example_dags/example_branch_operator.py
[2026-09-23 12:06:39,943] {scheduler_job.py:639} INFO - DAG(s) dict_keys(['example_branch_operator']) retrieved from /home/airflow/.local/lib/python3.6/site-packages/airflow/example_dags/example_branch_operator.py
[2026-09-23 12:06:39,968] {logging_mixin.py:104} INFO - [2026-09-23 12:06:39,968] {dag.py:1824} INFO - Sync 1 DAGs
[2026-09-23 12:06:39,993] {logging_mixin.py:104} INFO - [2026-09-23 12:06:39,993] {dag.py:2280} INFO - Setting next_dagrun for example_branch_operator to 2026-09-21 00:00:00+00:00
[2026-09-23 12:06:40,009] {scheduler_job.py:190} INFO - Processing /home/airflow/.local/lib/python3.6/site-packages/airflow/example_dags/example_branch_operator.py took 0.093 seconds
[2026-09-23 12:07:10,555] {scheduler_job.py:182} INFO - Started process (PID=2343) to work on /home/airflow/.local/lib/python3.6/site-packages/airflow/example_dags/example_branch_operator.py
[2026-09-23 12:07:10,557] {scheduler_job.py:629} INFO - Processing file /home/airflow/.local/lib/python3.6/site-packages/airflow/example_dags/example_branch_operator.py for tasks to queue
[2026-09-23 12:07:10,557] {logging_mixin.py:104} INFO - [2026-09-23 12:07:10,557] {dagbag.py:451} INFO - Filling up the DagBag from /home/airflow/.local/lib/python3.6/site-packages/airflow/example_dags/example_branch_operator.py
[2026-09-23 12:07:10,580] {scheduler_job.py:639} INFO - DAG(s) dict_keys(['example_branch_operator']) retrieved from /home/airflow/.local/lib/python3.6/site-packages/airflow/example_dags/example_branch_operator.py
[2026-09-23 12:07:10,608] {logging_mixin.py:104} INFO - [2026-09-23 12:07:10,608] {dag.py:1824} INFO - Sync 1 DAGs
[2026-09-23 12:07:10,643] {logging_mixin.py:104} INFO - [2026-09-23 12:07:10,643] {dag.py:2280} INFO - Setting next_dagrun for example_branch_operator to 2026-09-21 00:00:00+00:00
[2026-09-23 12:07:10,660] {scheduler_job.py:190} INFO - Processing /home/airflow/.local/lib/python3.6/site-packages/airflow/example_dags/example_branch_operator.py took 0.109 seconds
[2026-09-23 12:07:41,343] {scheduler_job.py:182} INFO - Started process (PID=2369) to work on /home/airflow/.local/lib/python3.6/site-packages/airflow/example_dags/example_branch_operator.py
[2026-09-23 12:07:41,344] {scheduler_job.py:629} INFO - Processing file /home/airflow/.local/lib/python3.6/site-packages/airflow/example_dags/example_branch_operator.py for tasks to queue
[2026-09-23 12:07:41,345] {logging_mixin.py:104} INFO - [2026-09-23 12:07:41,344] {dagbag.py:451} INFO - Filling up the DagBag from /home/airflow/.local/lib/python3.6/site-packages/airflow/example_dags/example_branch_operator.py
[2026-09-23 12:07:41,370] {scheduler_job.py:639} INFO - DAG(s) dict_keys(['example_branch_operator']) retrieved from /home/airflow/.local/lib/python3.6/site-packages/airflow/example_dags/example_branch_operator.py
[2026-09-23 12:07:41,399] {logging_mixin.py:104} INFO - [2026-09-23 12:07:41,399] {dag.py:1824} INFO - Sync 1 DAGs
[2026-09-23 12:07:41,430] {logging_mixin.py:104} INFO - [2026-09-23 12:07:41,429] {dag.py:2280} INFO - Setting next_dagrun for example_branch_operator to 2026-09-21 00:00:00+00:00
[2026-09-23 12:07:41,449] {scheduler_job.py:190} INFO - Processing /home/airflow/.local/lib/python3.6/site-packages/airflow/example_dags/example_branch_operator.py took 0.111 seconds
[2026-09-23 12:08:11,885] {scheduler_job.py:182} INFO - Started process (PID=2395) to work on /home/airflow/.local/lib/python3.6/site-packages/airflow/example_dags/example_branch_operator.py
[2026-09-23 12:08:11,887] {scheduler_job.py:629} INFO - Processing file /home/airflow/.local/lib/python3.6/site-packages/airflow/example_dags/example_branch_operator.py for tasks to queue
[2026-09-23 12:08:11,887] {logging_mixin.py:104} INFO - [2026-09-23 12:08:11,887] {dagbag.py:451} INFO - Filling up the DagBag from /home/airflow/.local/lib/python3.6/site-packages/airflow/example_dags/example_branch_operator.py
[2026-09-23 12:08:11,908] {scheduler_job.py:639} INFO - DAG(s) dict_keys(['example_branch_operator']) retrieved from /home/airflow/.local/lib/python3.6/site-packages/airflow/example_dags/example_branch_operator.py
[2026-09-23 12:08:11,937] {logging_mixin.py:104} INFO - [2026-09-23 12:08:11,937] {dag.py:1824} INFO - Sync 1 DAGs
[2026-09-23 12:08:11,970] {logging_mixin.py:104} INFO - [2026-09-23 12:08:11,970] {dag.py:2280} INFO - Setting next_dagrun for example_branch_operator to 2026-09-21 00:00:00+00:00
[2026-09-23 12:08:11,984] {scheduler_job.py:190} INFO - Processing /home/airflow/.local/lib/python3.6/site-packages/airflow/example_dags/example_branch_operator.py took 0.103 seconds
[2026-09-23 12:08:42,688] {scheduler_job.py:182} INFO - Started process (PID=2421) to work on /home/airflow/.local/lib/python3.6/site-packages/airflow/example_dags/example_branch_operator.py
[2026-09-23 12:08:42,690] {scheduler_job.py:629} INFO - Processing file /home/airflow/.local/lib/python3.6/site-packages/airflow/example_dags/example_branch_operator.py for tasks to queue
[2026-09-23 12:08:42,691] {logging_mixin.py:104} INFO - [2026-09-23 12:08:42,690] {dagbag.py:451} INFO - Filling up the DagBag from /home/airflow/.local/lib/python3.6/site-packages/airflow/example_dags/example_branch_operator.py
[2026-09-23 12:08:42,717] {scheduler_job.py:639} INFO - DAG(s) dict_keys(['example_branch_operator']) retrieved from /home/airflow/.local/lib/python3.6/site-packages/airflow/example_dags/example_branch_operator.py
[2026-09-23 12:08:42,744] {logging_mixin.py:104} INFO - [2026-09-23 12:08:42,743] {dag.py:1824} INFO - Sync 1 DAGs
[2026-09-23 12:08:42,772] {logging_mixin.py:104} INFO - [2026-09-23 12:08:42,772] {dag.py:2280} INFO - Setting next_dagrun for example_branch_operator to 2026-09-21 00:00:00+00:00
[2026-09-23 12:08:42,785] {scheduler_job.py:190} INFO - Processing /home/airflow/.local/lib/python3.6/site-packages/airflow/example_dags/example_branch_operator.py took 0.101 seconds
[2026-09-23 12:09:13,505] {scheduler_job.py:182} INFO - Started process (PID=2447) to work on /home/airflow/.local/lib/python3.6/site-packages/airflow/example_dags/example_branch_operator.py
[2026-09-23 12:09:13,506] {scheduler_job.py:629} INFO - Processing file /home/airflow/.local/lib/python3.6/site-packages/airflow/example_dags/example_branch_operator.py for tasks to queue
[2026-09-23 12:09:13,508] {logging_mixin.py:104} INFO - [2026-09-23 12:09:13,507] {dagbag.py:451} INFO - Filling up the DagBag from /home/airflow/.local/lib/python3.6/site-packages/airflow/example_dags/example_branch_operator.py
[2026-09-23 12:09:13,529] {scheduler_job.py:639} INFO - DAG(s) dict_keys(['example_branch_operator']) retrieved from /home/airflow/.local/lib/python3.6/site-packages/airflow/example_dags/example_branch_operator.py
[2026-09-23 12:09:13,563] {logging_mixin.py:104} INFO - [2026-09-23 12:09:13,562] {dag.py:1824} INFO - Sync 1 DAGs
[2026-09-23 12:09:13,610] {logging_mixin.py:104} INFO - [2026-09-23 12:09:13,609] {dag.py:2280} INFO - Setting next_dagrun for example_branch_operator to 2026-09-21 00:00:00+00:00
[2026-09-23 12:09:13,630] {scheduler_job.py:190} INFO - Processing /home/airflow/.local/lib/python3.6/site-packages/airflow/example_dags/example_branch_operator.py took 0.129 seconds
[2026-09-23 12:09:44,245] {scheduler_job.py:182} INFO - Started process (PID=2473) to work on /home/airflow/.local/lib/python3.6/site-packages/airflow/example_dags/example_branch_operator.py
[2026-09-23 12:09:44,247] {scheduler_job.py:629} INFO - Processing file /home/airflow/.local/lib/python3.6/site-packages/airflow/example_dags/example_branch_operator.py for tasks to queue
[2026-09-23 12:09:44,249] {logging_mixin.py:104} INFO - [2026-09-23 12:09:44,248] {dagbag.py:451} INFO - Filling up the DagBag from /home/airflow/.local/lib/python3.6/site-packages/airflow/example_dags/example_branch_operator.py
[2026-09-23 12:09:44,279] {scheduler_job.py:639} INFO - DAG(s) dict_keys(['example_branch_operator']) retrieved from /home/airflow/.local/lib/python3.6/site-packages/airflow/example_dags/example_branch_operator.py
[2026-09-23 12:09:44,318] {logging_mixin.py:104} INFO - [2026-09-23 12:09:44,318] {dag.py:1824} INFO - Sync 1 DAGs
[2026-09-23 12:09:44,374] {logging_mixin.py:104} INFO - [2026-09-23 12:09:44,374] {dag.py:2280} INFO - Setting next_dagrun for example_branch_operator to 2026-09-21 00:00:00+00:00
[2026-09-23 12:09:44,400] {scheduler_job.py:190} INFO - Processing /home/airflow/.local/lib/python3.6/site-packages/airflow/example_dags/example_branch_operator.py took 0.160 seconds
[2026-09-23 12:10:14,487] {scheduler_job.py:182} INFO - Started process (PID=2499) to work on /home/airflow/.local/lib/python3.6/site-packages/airflow/example_dags/example_branch_operator.py
[2026-09-23 12:10:14,489] {scheduler_job.py:629} INFO - Processing file /home/airflow/.local/lib/python3.6/site-packages/airflow/example_dags/example_branch_operator.py for tasks to queue
[2026-09-23 12:10:14,491] {logging_mixin.py:104} INFO - [2026-09-23 12:10:14,490] {dagbag.py:451} INFO - Filling up the DagBag from /home/airflow/.local/lib/python3.6/site-packages/airflow/example_dags/example_branch_operator.py
[2026-09-23 12:10:14,525] {scheduler_job.py:639} INFO - DAG(s) dict_keys(['example_branch_operator']) retrieved from /home/airflow/.local/lib/python3.6/site-packages/airflow/example_dags/example_branch_operator.py
[2026-09-23 12:10:14,587] {logging_mixin.py:104} INFO - [2026-09-23 12:10:14,586] {dag.py:1824} INFO - Sync 1 DAGs
[2026-09-23 12:10:14,639] {logging_mixin.py:104} INFO - [2026-09-23 12:10:14,638] {dag.py:2280} INFO - Setting next_dagrun for example_branch_operator to 2026-09-21 00:00:00+00:00
[2026-09-23 12:10:14,661] {scheduler_job.py:190} INFO - Processing /home/airflow/.local/lib/python3.6/site-packages/airflow/example_dags/example_branch_operator.py took 0.182 seconds
[2026-09-23 12:10:45,389] {scheduler_job.py:182} INFO - Started process (PID=2525) to work on /home/airflow/.local/lib/python3.6/site-packages/airflow/example_dags/example_branch_operator.py
[2026-09-23 12:10:45,390] {scheduler_job.py:629} INFO - Processing file /home/airflow/.local/lib/python3.6/site-packages/airflow/example_dags/example_branch_operator.py for tasks to queue
[2026-09-23 12:10:45,391] {logging_mixin.py:104} INFO - [2026-09-23 12:10:45,391] {dagbag.py:451} INFO - Filling up the DagBag from /home/airflow/.local/lib/python3.6/site-packages/airflow/example_dags/example_branch_operator.py
[2026-09-23 12:10:45,411] {scheduler_job.py:639} INFO - DAG(s) dict_keys(['example_branch_operator']) retrieved from /home/airflow/.local/lib/python3.6/site-packages/airflow/example_dags/example_branch_operator.py
[2026-09-23 12:10:45,438] {logging_mixin.py:104} INFO - [2026-09-23 12:10:45,438] {dag.py:1824} INFO - Sync 1 DAGs
[2026-09-23 12:10:45,472] {logging_mixin.py:104} INFO - [2026-09-23 12:10:45,472] {dag.py:2280} INFO - Setting next_dagrun for example_branch_operator to 2026-09-21 00:00:00+00:00
[2026-09-23 12:10:45,489] {scheduler_job.py:190} INFO - Processing /home/airflow/.local/lib/python3.6/site-packages/airflow/example_dags/example_branch_operator.py took 0.104 seconds
[2026-09-23 12:11:15,601] {scheduler_job.py:182} INFO - Started process (PID=2551) to work on /home/airflow/.local/lib/python3.6/site-packages/airflow/example_dags/example_branch_operator.py
[2026-09-23 12:11:15,602] {scheduler_job.py:629} INFO - Processing file /home/airflow/.local/lib/python3.6/site-packages/airflow/example_dags/example_branch_operator.py for tasks to queue
[2026-09-23 12:11:15,604] {logging_mixin.py:104} INFO - [2026-09-23 12:11:15,603] {dagbag.py:451} INFO - Filling up the DagBag from /home/airflow/.local/lib/python3.6/site-packages/airflow/example_dags/example_branch_operator.py
[2026-09-23 12:11:15,636] {scheduler_job.py:639} INFO - DAG(s) dict_keys(['example_branch_operator']) retrieved from /home/airflow/.local/lib/python3.6/site-packages/airflow/example_dags/example_branch_operator.py
[2026-09-23 12:11:15,671] {logging_mixin.py:104} INFO - [2026-09-23 12:11:15,671] {dag.py:1824} INFO - Sync 1 DAGs
[2026-09-23 12:11:15,717] {logging_mixin.py:104} INFO - [2026-09-23 12:11:15,717] {dag.py:2280} INFO - Setting next_dagrun for example_branch_operator to 2026-09-21 00:00:00+00:00
[2026-09-23 12:11:15,736] {scheduler_job.py:190} INFO - Processing /home/airflow/.local/lib/python3.6/site-packages/airflow/example_dags/example_branch_operator.py took 0.141 seconds
[2026-09-23 12:11:45,942] {scheduler_job.py:182} INFO - Started process (PID=2577) to work on /home/airflow/.local/lib/python3.6/site-packages/airflow/example_dags/example_branch_operator.py
[2026-09-23 12:11:45,944] {scheduler_job.py:629} INFO - Processing file /home/airflow/.local/lib/python3.6/site-packages/airflow/example_dags/example_branch_operator.py for tasks to queue
[2026-09-23 12:11:45,945] {logging_mixin.py:104} INFO - [2026-09-23 12:11:45,945] {dagbag.py:451} INFO - Filling up the DagBag from /home/airflow/.local/lib/python3.6/site-packages/airflow/example_dags/example_branch_operator.py
[2026-09-23 12:11:45,979] {scheduler_job.py:639} INFO - DAG(s) dict_keys(['example_branch_operator']) retrieved from /home/airflow/.local/lib/python3.6/site-packages/airflow/example_dags/example_branch_operator.py
[2026-09-23 12:11:46,022] {logging_mixin.py:104} INFO - [2026-09-23 12:11:46,022] {dag.py:1824} INFO - Sync 1 DAGs
[2026-09-23 12:11:46,072] {logging_mixin.py:104} INFO - [2026-09-23 12:11:46,072] {dag.py:2280} INFO - Setting next_dagrun for example_branch_operator to 2026-09-21 00:00:00+00:00
[2026-09-23 12:11:46,097] {scheduler_job.py:190} INFO - Processing /home/airflow/.local/lib/python3.6/site-packages/airflow/example_dags/example_branch_operator.py took 0.160 seconds
[2026-09-23 12:12:16,209] {scheduler_job.py:182} INFO - Started process (PID=2603) to work on /home/airflow/.local/lib/python3.6/site-packages/airflow/example_dags/example_branch_operator.py
[2026-09-23 12:12:16,211] {scheduler_job.py:629} INFO - Processing file /home/airflow/.local/lib/python3.6/site-packages/airflow/example_dags/example_branch_operator.py for tasks to queue
[2026-09-23 12:12:16,212] {logging_mixin.py:104} INFO - [2026-09-23 12:12:16,212] {dagbag.py:451} INFO - Filling up the DagBag from /home/airflow/.local/lib/python3.6/site-packages/airflow/example_dags/example_branch_operator.py
[2026-09-23 12:12:16,233] {scheduler_job.py:639} INFO - DAG(s) dict_keys(['example_branch_operator']) retrieved from /home/airflow/.local/lib/python3.6/site-packages/airflow/example_dags/example_branch_operator.py
[2026-09-23 12:12:16,265] {logging_mixin.py:104} INFO - [2026-09-23 12:12:16,265] {dag.py:1824} INFO - Sync 1 DAGs
[2026-09-23 12:12:16,295] {logging_mixin.py:104} INFO - [2026-09-23 12:12:16,295] {dag.py:2280} INFO - Setting next_dagrun for example_branch_operator to 2026-09-21 00:00:00+00:00
[2026-09-23 12:12:16,312] {scheduler_job.py:190} INFO - Processing /home/airflow/.local/lib/python3.6/site-packages/airflow/example_dags/example_branch_operator.py took 0.107 seconds
[2026-09-23 12:12:47,226] {scheduler_job.py:182} INFO - Started process (PID=2629) to work on /home/airflow/.local/lib/python3.6/site-packages/airflow/example_dags/example_branch_operator.py
[2026-09-23 12:12:47,229] {scheduler_job.py:629} INFO - Processing file /home/airflow/.local/lib/python3.6/site-packages/airflow/example_dags/example_branch_operator.py for tasks to queue
[2026-09-23 12:12:47,230] {logging_mixin.py:104} INFO - [2026-09-23 12:12:47,230] {dagbag.py:451} INFO - Filling up the DagBag from /home/airflow/.local/lib/python3.6/site-packages/airflow/example_dags/example_branch_operator.py
[2026-09-23 12:12:47,263] {scheduler_job.py:639} INFO - DAG(s) dict_keys(['example_branch_operator']) retrieved from /home/airflow/.local/lib/python3.6/site-packages/airflow/example_dags/example_branch_operator.py
[2026-09-23 12:12:47,304] {logging_mixin.py:104} INFO - [2026-09-23 12:12:47,304] {dag.py:1824} INFO - Sync 1 DAGs
[2026-09-23 12:12:47,365] {logging_mixin.py:104} INFO - [2026-09-23 12:12:47,365] {dag.py:2280} INFO - Setting next_dagrun for example_branch_operator to 2026-09-21 00:00:00+00:00
[2026-09-23 12:12:47,385] {scheduler_job.py:190} INFO - Processing /home/airflow/.local/lib/python3.6/site-packages/airflow/example_dags/example_branch_operator.py took 0.164 seconds
[2026-09-23 12:13:17,515] {scheduler_job.py:182} INFO - Started process (PID=2655) to work on /home/airflow/.local/lib/python3.6/site-packages/airflow/example_dags/example_branch_operator.py
[2026-09-23 12:13:17,518] {scheduler_job.py:629} INFO - Processing file /home/airflow/.local/lib/python3.6/site-packages/airflow/example_dags/example_branch_operator.py for tasks to queue
[2026-09-23 12:13:17,523] {logging_mixin.py:104} INFO - [2026-09-23 12:13:17,523] {dagbag.py:451} INFO - Filling up the DagBag from /home/airflow/.local/lib/python3.6/site-packages/airflow/example_dags/example_branch_operator.py
[2026-09-23 12:13:17,592] {scheduler_job.py:639} INFO - DAG(s) dict_keys(['example_branch_operator']) retrieved from /home/airflow/.local/lib/python3.6/site-packages/airflow/example_dags/example_branch_operator.py
[2026-09-23 12:13:17,638] {logging_mixin.py:104} INFO - [2026-09-23 12:13:17,638] {dag.py:1824} INFO - Sync 1 DAGs
[2026-09-23 12:13:17,687] {logging_mixin.py:104} INFO - [2026-09-23 12:13:17,687] {dag.py:2280} INFO - Setting next_dagrun for example_branch_operator to 2026-09-21 00:00:00+00:00
[2026-09-23 12:13:17,710] {scheduler_job.py:190} INFO - Processing /home/airflow/.local/lib/python3.6/site-packages/airflow/example_dags/example_branch_operator.py took 0.206 seconds
[2026-09-23 12:13:48,093] {scheduler_job.py:182} INFO - Started process (PID=2681) to work on /home/airflow/.local/lib/python3.6/site-packages/airflow/example_dags/example_branch_operator.py
[2026-09-23 12:13:48,094] {scheduler_job.py:629} INFO - Processing file /home/airflow/.local/lib/python3.6/site-packages/airflow/example_dags/example_branch_operator.py for tasks to queue
[2026-09-23 12:13:48,095] {logging_mixin.py:104} INFO - [2026-09-23 12:13:48,095] {dagbag.py:451} INFO - Filling up the DagBag from /home/airflow/.local/lib/python3.6/site-packages/airflow/example_dags/example_branch_operator.py
[2026-09-23 12:13:48,115] {scheduler_job.py:639} INFO - DAG(s) dict_keys(['example_branch_operator']) retrieved from /home/airflow/.local/lib/python3.6/site-packages/airflow/example_dags/example_branch_operator.py
[2026-09-23 12:13:48,138] {logging_mixin.py:104} INFO - [2026-09-23 12:13:48,138] {dag.py:1824} INFO - Sync 1 DAGs
[2026-09-23 12:13:48,165] {logging_mixin.py:104} INFO - [2026-09-23 12:13:48,165] {dag.py:2280} INFO - Setting next_dagrun for example_branch_operator to 2026-09-21 00:00:00+00:00
[2026-09-23 12:13:48,182] {scheduler_job.py:190} INFO - Processing /home/airflow/.local/lib/python3.6/site-packages/airflow/example_dags/example_branch_operator.py took 0.094 seconds
[2026-09-23 12:14:18,942] {scheduler_job.py:182} INFO - Started process (PID=2707) to work on /home/airflow/.local/lib/python3.6/site-packages/airflow/example_dags/example_branch_operator.py
[2026-09-23 12:14:18,945] {scheduler_job.py:629} INFO - Processing file /home/airflow/.local/lib/python3.6/site-packages/airflow/example_dags/example_branch_operator.py for tasks to queue
[2026-09-23 12:14:18,946] {logging_mixin.py:104} INFO - [2026-09-23 12:14:18,946] {dagbag.py:451} INFO - Filling up the DagBag from /home/airflow/.local/lib/python3.6/site-packages/airflow/example_dags/example_branch_operator.py
[2026-09-23 12:14:18,987] {scheduler_job.py:639} INFO - DAG(s) dict_keys(['example_branch_operator']) retrieved from /home/airflow/.local/lib/python3.6/site-packages/airflow/example_dags/example_branch_operator.py
[2026-09-23 12:14:19,035] {logging_mixin.py:104} INFO - [2026-09-23 12:14:19,035] {dag.py:1824} INFO - Sync 1 DAGs
[2026-09-23 12:14:19,082] {logging_mixin.py:104} INFO - [2026-09-23 12:14:19,082] {dag.py:2280} INFO - Setting next_dagrun for example_branch_operator to 2026-09-21 00:00:00+00:00
[2026-09-23 12:14:19,101] {scheduler_job.py:190} INFO - Processing /home/airflow/.local/lib/python3.6/site-packages/airflow/example_dags/example_branch_operator.py took 0.166 seconds
[2026-09-23 12:14:49,512] {scheduler_job.py:182} INFO - Started process (PID=2733) to work on /home/airflow/.local/lib/python3.6/site-packages/airflow/example_dags/example_branch_operator.py
[2026-09-23 12:14:49,514] {scheduler_job.py:629} INFO - Processing file /home/airflow/.local/lib/python3.6/site-packages/airflow/example_dags/example_branch_operator.py for tasks to queue
[2026-09-23 12:14:49,514] {logging_mixin.py:104} INFO - [2026-09-23 12:14:49,514] {dagbag.py:451} INFO - Filling up the DagBag from /home/airflow/.local/lib/python3.6/site-packages/airflow/example_dags/example_branch_operator.py
[2026-09-23 12:14:49,534] {scheduler_job.py:639} INFO - DAG(s) dict_keys(['example_branch_operator']) retrieved from /home/airflow/.local/lib/python3.6/site-packages/airflow/example_dags/example_branch_operator.py
[2026-09-23 12:14:49,558] {logging_mixin.py:104} INFO - [2026-09-23 12:14:49,558] {dag.py:1824} INFO - Sync 1 DAGs
[2026-09-23 12:14:49,587] {logging_mixin.py:104} INFO - [2026-09-23 12:14:49,587] {dag.py:2280} INFO - Setting next_dagrun for example_branch_operator to 2026-09-21 00:00:00+00:00
[2026-09-23 12:14:49,603] {scheduler_job.py:190} INFO - Processing /home/airflow/.local/lib/python3.6/site-packages/airflow/example_dags/example_branch_operator.py took 0.095 seconds
[2026-09-23 12:15:20,053] {scheduler_job.py:182} INFO - Started process (PID=2759) to work on /home/airflow/.local/lib/python3.6/site-packages/airflow/example_dags/example_branch_operator.py
[2026-09-23 12:15:20,054] {scheduler_job.py:629} INFO - Processing file /home/airflow/.local/lib/python3.6/site-packages/airflow/example_dags/example_branch_operator.py for tasks to queue
[2026-09-23 12:15:20,055] {logging_mixin.py:104} INFO - [2026-09-23 12:15:20,055] {dagbag.py:451} INFO - Filling up the DagBag from /home/airflow/.local/lib/python3.6/site-packages/airflow/example_dags/example_branch_operator.py
[2026-09-23 12:15:20,075] {scheduler_job.py:639} INFO - DAG(s) dict_keys(['example_branch_operator']) retrieved from /home/airflow/.local/lib/python3.6/site-packages/airflow/example_dags/example_branch_operator.py
[2026-09-23 12:15:20,104] {logging_mixin.py:104} INFO - [2026-09-23 12:15:20,104] {dag.py:1824} INFO - Sync 1 DAGs
[2026-09-23 12:15:20,134] {logging_mixin.py:104} INFO - [2026-09-23 12:15:20,134] {dag.py:2280} INFO - Setting next_dagrun for example_branch_operator to 2026-09-21 00:00:00+00:00
[2026-09-23 12:15:20,147] {scheduler_job.py:190} INFO - Processing /home/airflow/.local/lib/python3.6/site-packages/airflow/example_dags/example_branch_operator.py took 0.098 seconds
[2026-09-23 12:15:50,772] {scheduler_job.py:182} INFO - Started process (PID=2785) to work on /home/airflow/.local/lib/python3.6/site-packages/airflow/example_dags/example_branch_operator.py
[2026-09-23 12:15:50,773] {scheduler_job.py:629} INFO - Processing file /home/airflow/.local/lib/python3.6/site-packages/airflow/example_dags/example_branch_operator.py for tasks to queue
[2026-09-23 12:15:50,775] {logging_mixin.py:104} INFO - [2026-09-23 12:15:50,774] {dagbag.py:451} INFO - Filling up the DagBag from /home/airflow/.local/lib/python3.6/site-packages/airflow/example_dags/example_branch_operator.py
[2026-09-23 12:15:50,802] {scheduler_job.py:639} INFO - DAG(s) dict_keys(['example_branch_operator']) retrieved from /home/airflow/.local/lib/python3.6/site-packages/airflow/example_dags/example_branch_operator.py
[2026-09-23 12:15:50,833] {logging_mixin.py:104} INFO - [2026-09-23 12:15:50,833] {dag.py:1824} INFO - Sync 1 DAGs
[2026-09-23 12:15:50,881] {logging_mixin.py:104} INFO - [2026-09-23 12:15:50,881] {dag.py:2280} INFO - Setting next_dagrun for example_branch_operator to 2026-09-21 00:00:00+00:00
[2026-09-23 12:15:50,907] {scheduler_job.py:190} INFO - Processing /home/airflow/.local/lib/python3.6/site-packages/airflow/example_dags/example_branch_operator.py took 0.140 seconds
[2026-09-23 12:16:21,367] {scheduler_job.py:182} INFO - Started process (PID=2811) to work on /home/airflow/.local/lib/python3.6/site-packages/airflow/example_dags/example_branch_operator.py
[2026-09-23 12:16:21,368] {scheduler_job.py:629} INFO - Processing file /home/airflow/.local/lib/python3.6/site-packages/airflow/example_dags/example_branch_operator.py for tasks to queue
[2026-09-23 12:16:21,369] {logging_mixin.py:104} INFO - [2026-09-23 12:16:21,369] {dagbag.py:451} INFO - Filling up the DagBag from /home/airflow/.local/lib/python3.6/site-packages/airflow/example_dags/example_branch_operator.py
[2026-09-23 12:16:21,397] {scheduler_job.py:639} INFO - DAG(s) dict_keys(['example_branch_operator']) retrieved from /home/airflow/.local/lib/python3.6/site-packages/airflow/example_dags/example_branch_operator.py
[2026-09-23 12:16:21,437] {logging_mixin.py:104} INFO - [2026-09-23 12:16:21,437] {dag.py:1824} INFO - Sync 1 DAGs
[2026-09-23 12:16:21,491] {logging_mixin.py:104} INFO - [2026-09-23 12:16:21,491] {dag.py:2280} INFO - Setting next_dagrun for example_branch_operator to 2026-09-21 00:00:00+00:00
[2026-09-23 12:16:21,514] {scheduler_job.py:190} INFO - Processing /home/airflow/.local/lib/python3.6/site-packages/airflow/example_dags/example_branch_operator.py took 0.153 seconds
[2026-09-23 12:16:52,135] {scheduler_job.py:182} INFO - Started process (PID=2837) to work on /home/airflow/.local/lib/python3.6/site-packages/airflow/example_dags/example_branch_operator.py
[2026-09-23 12:16:52,137] {scheduler_job.py:629} INFO - Processing file /home/airflow/.local/lib/python3.6/site-packages/airflow/example_dags/example_branch_operator.py for tasks to queue
[2026-09-23 12:16:52,138] {logging_mixin.py:104} INFO - [2026-09-23 12:16:52,138] {dagbag.py:451} INFO - Filling up the DagBag from /home/airflow/.local/lib/python3.6/site-packages/airflow/example_dags/example_branch_operator.py
[2026-09-23 12:16:52,163] {scheduler_job.py:639} INFO - DAG(s) dict_keys(['example_branch_operator']) retrieved from /home/airflow/.local/lib/python3.6/site-packages/airflow/example_dags/example_branch_operator.py
[2026-09-23 12:16:52,190] {logging_mixin.py:104} INFO - [2026-09-23 12:16:52,190] {dag.py:1824} INFO - Sync 1 DAGs
[2026-09-23 12:16:52,219] {logging_mixin.py:104} INFO - [2026-09-23 12:16:52,219] {dag.py:2280} INFO - Setting next_dagrun for example_branch_operator to 2026-09-21 00:00:00+00:00
[2026-09-23 12:16:52,237] {scheduler_job.py:190} INFO - Processing /home/airflow/.local/lib/python3.6/site-packages/airflow/example_dags/example_branch_operator.py took 0.106 seconds
[2026-09-23 12:17:22,660] {scheduler_job.py:182} INFO - Started process (PID=2863) to work on /home/airflow/.local/lib/python3.6/site-packages/airflow/example_dags/example_branch_operator.py
[2026-09-23 12:17:22,663] {scheduler_job.py:629} INFO - Processing file /home/airflow/.local/lib/python3.6/site-packages/airflow/example_dags/example_branch_operator.py for tasks to queue
[2026-09-23 12:17:22,665] {logging_mixin.py:104} INFO - [2026-09-23 12:17:22,664] {dagbag.py:451} INFO - Filling up the DagBag from /home/airflow/.local/lib/python3.6/site-packages/airflow/example_dags/example_branch_operator.py
[2026-09-23 12:17:22,702] {scheduler_job.py:639} INFO - DAG(s) dict_keys(['example_branch_operator']) retrieved from /home/airflow/.local/lib/python3.6/site-packages/airflow/example_dags/example_branch_operator.py
[2026-09-23 12:17:22,740] {logging_mixin.py:104} INFO - [2026-09-23 12:17:22,739] {dag.py:1824} INFO - Sync 1 DAGs
[2026-09-23 12:17:22,773] {logging_mixin.py:104} INFO - [2026-09-23 12:17:22,773] {dag.py:2280} INFO - Setting next_dagrun for example_branch_operator to 2026-09-21 00:00:00+00:00
[2026-09-23 12:17:22,786] {scheduler_job.py:190} INFO - Processing /home/airflow/.local/lib/python3.6/site-packages/airflow/example_dags/example_branch_operator.py took 0.134 seconds
[2026-09-23 12:17:53,341] {scheduler_job.py:182} INFO - Started process (PID=2889) to work on /home/airflow/.local/lib/python3.6/site-packages/airflow/example_dags/example_branch_operator.py
[2026-09-23 12:17:53,342] {scheduler_job.py:629} INFO - Processing file /home/airflow/.local/lib/python3.6/site-packages/airflow/example_dags/example_branch_operator.py for tasks to queue
[2026-09-23 12:17:53,344] {logging_mixin.py:104} INFO - [2026-09-23 12:17:53,343] {dagbag.py:451} INFO - Filling up the DagBag from /home/airflow/.local/lib/python3.6/site-packages/airflow/example_dags/example_branch_operator.py
[2026-09-23 12:17:53,370] {scheduler_job.py:639} INFO - DAG(s) dict_keys(['example_branch_operator']) retrieved from /home/airflow/.local/lib/python3.6/site-packages/airflow/example_dags/example_branch_operator.py
[2026-09-23 12:17:53,399] {logging_mixin.py:104} INFO - [2026-09-23 12:17:53,399] {dag.py:1824} INFO - Sync 1 DAGs
[2026-09-23 12:17:53,431] {logging_mixin.py:104} INFO - [2026-09-23 12:17:53,431] {dag.py:2280} INFO - Setting next_dagrun for example_branch_operator to 2026-09-21 00:00:00+00:00
[2026-09-23 12:17:53,444] {scheduler_job.py:190} INFO - Processing /home/airflow/.local/lib/python3.6/site-packages/airflow/example_dags/example_branch_operator.py took 0.108 seconds
[2026-09-23 12:18:23,804] {scheduler_job.py:182} INFO - Started process (PID=2915) to work on /home/airflow/.local/lib/python3.6/site-packages/airflow/example_dags/example_branch_operator.py
[2026-09-23 12:18:23,805] {scheduler_job.py:629} INFO - Processing file /home/airflow/.local/lib/python3.6/site-packages/airflow/example_dags/example_branch_operator.py for tasks to queue
[2026-09-23 12:18:23,806] {logging_mixin.py:104} INFO - [2026-09-23 12:18:23,805] {dagbag.py:451} INFO - Filling up the DagBag from /home/airflow/.local/lib/python3.6/site-packages/airflow/example_dags/example_branch_operator.py
[2026-09-23 12:18:23,826] {scheduler_job.py:639} INFO - DAG(s) dict_keys(['example_branch_operator']) retrieved from /home/airflow/.local/lib/python3.6/site-packages/airflow/example_dags/example_branch_operator.py
[2026-09-23 12:18:23,852] {logging_mixin.py:104} INFO - [2026-09-23 12:18:23,851] {dag.py:1824} INFO - Sync 1 DAGs
[2026-09-23 12:18:23,879] {logging_mixin.py:104} INFO - [2026-09-23 12:18:23,879] {dag.py:2280} INFO - Setting next_dagrun for example_branch_operator to 2026-09-21 00:00:00+00:00
[2026-09-23 12:18:23,895] {scheduler_job.py:190} INFO - Processing /home/airflow/.local/lib/python3.6/site-packages/airflow/example_dags/example_branch_operator.py took 0.096 seconds
[2026-09-23 12:18:54,429] {scheduler_job.py:182} INFO - Started process (PID=2941) to work on /home/airflow/.local/lib/python3.6/site-packages/airflow/example_dags/example_branch_operator.py
[2026-09-23 12:18:54,430] {scheduler_job.py:629} INFO - Processing file /home/airflow/.local/lib/python3.6/site-packages/airflow/example_dags/example_branch_operator.py for tasks to queue
[2026-09-23 12:18:54,431] {logging_mixin.py:104} INFO - [2026-09-23 12:18:54,431] {dagbag.py:451} INFO - Filling up the DagBag from /home/airflow/.local/lib/python3.6/site-packages/airflow/example_dags/example_branch_operator.py
[2026-09-23 12:18:54,456] {scheduler_job.py:639} INFO - DAG(s) dict_keys(['example_branch_operator']) retrieved from /home/airflow/.local/lib/python3.6/site-packages/airflow/example_dags/example_branch_operator.py
[2026-09-23 12:18:54,486] {logging_mixin.py:104} INFO - [2026-09-23 12:18:54,486] {dag.py:1824} INFO - Sync 1 DAGs
[2026-09-23 12:18:54,514] {logging_mixin.py:104} INFO - [2026-09-23 12:18:54,514] {dag.py:2280} INFO - Setting next_dagrun for example_branch_operator to 2026-09-21 00:00:00+00:00
[2026-09-23 12:18:54,531] {scheduler_job.py:190} INFO - Processing /home/airflow/.local/lib/python3.6/site-packages/airflow/example_dags/example_branch_operator.py took 0.107 seconds
[2026-09-23 12:19:25,273] {scheduler_job.py:182} INFO - Started process (PID=2967) to work on /home/airflow/.local/lib/python3.6/site-packages/airflow/example_dags/example_branch_operator.py
[2026-09-23 12:19:25,275] {scheduler_job.py:629} INFO - Processing file /home/airflow/.local/lib/python3.6/site-packages/airflow/example_dags/example_branch_operator.py for tasks to queue
[2026-09-23 12:19:25,276] {logging_mixin.py:104} INFO - [2026-09-23 12:19:25,276] {dagbag.py:451} INFO - Filling up the DagBag from /home/airflow/.local/lib/python3.6/site-packages/airflow/example_dags/example_branch_operator.py
[2026-09-23 12:19:25,298] {scheduler_job.py:639} INFO - DAG(s) dict_keys(['example_branch_operator']) retrieved from /home/airflow/.local/lib/python3.6/site-packages/airflow/example_dags/example_branch_operator.py
[2026-09-23 12:19:25,327] {logging_mixin.py:104} INFO - [2026-09-23 12:19:25,326] {dag.py:1824} INFO - Sync 1 DAGs
[2026-09-23 12:19:25,365] {logging_mixin.py:104} INFO - [2026-09-23 12:19:25,365] {dag.py:2280} INFO - Setting next_dagrun for example_branch_operator to 2026-09-21 00:00:00+00:00
[2026-09-23 12:19:25,383] {scheduler_job.py:190} INFO - Processing /home/airflow/.local/lib/python3.6/site-packages/airflow/example_dags/example_branch_operator.py took 0.115 seconds
[2026-09-23 12:19:56,091] {scheduler_job.py:182} INFO - Started process (PID=2993) to work on /home/airflow/.local/lib/python3.6/site-packages/airflow/example_dags/example_branch_operator.py
[2026-09-23 12:19:56,093] {scheduler_job.py:629} INFO - Processing file /home/airflow/.local/lib/python3.6/site-packages/airflow/example_dags/example_branch_operator.py for tasks to queue
[2026-09-23 12:19:56,094] {logging_mixin.py:104} INFO - [2026-09-23 12:19:56,094] {dagbag.py:451} INFO - Filling up the DagBag from /home/airflow/.local/lib/python3.6/site-packages/airflow/example_dags/example_branch_operator.py
[2026-09-23 12:19:56,127] {scheduler_job.py:639} INFO - DAG(s) dict_keys(['example_branch_operator']) retrieved from /home/airflow/.local/lib/python3.6/site-packages/airflow/example_dags/example_branch_operator.py
[2026-09-23 12:19:56,171] {logging_mixin.py:104} INFO - [2026-09-23 12:19:56,171] {dag.py:1824} INFO - Sync 1 DAGs
[2026-09-23 12:19:56,213] {logging_mixin.py:104} INFO - [2026-09-23 12:19:56,213] {dag.py:2280} INFO - Setting next_dagrun for example_branch_operator to 2026-09-21 00:00:00+00:00
[2026-09-23 12:19:56,231] {scheduler_job.py:190} INFO - Processing /home/airflow/.local/lib/python3.6/site-packages/airflow/example_dags/example_branch_operator.py took 0.146 seconds
[2026-09-23 12:20:26,758] {scheduler_job.py:182} INFO - Started process (PID=3019) to work on /home/airflow/.local/lib/python3.6/site-packages/airflow/example_dags/example_branch_operator.py
[2026-09-23 12:20:26,760] {scheduler_job.py:629} INFO - Processing file /home/airflow/.local/lib/python3.6/site-packages/airflow/example_dags/example_branch_operator.py for tasks to queue
[2026-09-23 12:20:26,761] {logging_mixin.py:104} INFO - [2026-09-23 12:20:26,761] {dagbag.py:451} INFO - Filling up the DagBag from /home/airflow/.local/lib/python3.6/site-packages/airflow/example_dags/example_branch_operator.py
[2026-09-23 12:20:26,784] {scheduler_job.py:639} INFO - DAG(s) dict_keys(['example_branch_operator']) retrieved from /home/airflow/.local/lib/python3.6/site-packages/airflow/example_dags/example_branch_operator.py
[2026-09-23 12:20:26,811] {logging_mixin.py:104} INFO - [2026-09-23 12:20:26,811] {dag.py:1824} INFO - Sync 1 DAGs
[2026-09-23 12:20:26,839] {logging_mixin.py:104} INFO - [2026-09-23 12:20:26,839] {dag.py:2280} INFO - Setting next_dagrun for example_branch_operator to 2026-09-21 00:00:00+00:00
[2026-09-23 12:20:26,854] {scheduler_job.py:190} INFO - Processing /home/airflow/.local/lib/python3.6/site-packages/airflow/example_dags/example_branch_operator.py took 0.101 seconds
[2026-09-23 12:20:57,528] {scheduler_job.py:182} INFO - Started process (PID=3045) to work on /home/airflow/.local/lib/python3.6/site-packages/airflow/example_dags/example_branch_operator.py
[2026-09-23 12:20:57,530] {scheduler_job.py:629} INFO - Processing file /home/airflow/.local/lib/python3.6/site-packages/airflow/example_dags/example_branch_operator.py for tasks to queue
[2026-09-23 12:20:57,531] {logging_mixin.py:104} INFO - [2026-09-23 12:20:57,530] {dagbag.py:451} INFO - Filling up the DagBag from /home/airflow/.local/lib/python3.6/site-packages/airflow/example_dags/example_branch_operator.py
[2026-09-23 12:20:57,558] {scheduler_job.py:639} INFO - DAG(s) dict_keys(['example_branch_operator']) retrieved from /home/airflow/.local/lib/python3.6/site-packages/airflow/example_dags/example_branch_operator.py
[2026-09-23 12:20:57,592] {logging_mixin.py:104} INFO - [2026-09-23 12:20:57,592] {dag.py:1824} INFO - Sync 1 DAGs
[2026-09-23 12:20:57,633] {logging_mixin.py:104} INFO - [2026-09-23 12:20:57,633] {dag.py:2280} INFO - Setting next_dagrun for example_branch_operator to 2026-09-21 00:00:00+00:00
[2026-09-23 12:20:57,660] {scheduler_job.py:190} INFO - Processing /home/airflow/.local/lib/python3.6/site-packages/airflow/example_dags/example_branch_operator.py took 0.136 seconds
[2026-09-23 12:21:28,061] {scheduler_job.py:182} INFO - Started process (PID=3071) to work on /home/airflow/.local/lib/python3.6/site-packages/airflow/example_dags/example_branch_operator.py
[2026-09-23 12:21:28,063] {scheduler_job.py:629} INFO - Processing file /home/airflow/.local/lib/python3.6/site-packages/airflow/example_dags/example_branch_operator.py for tasks to queue
[2026-09-23 12:21:28,065] {logging_mixin.py:104} INFO - [2026-09-23 12:21:28,064] {dagbag.py:451} INFO - Filling up the DagBag from /home/airflow/.local/lib/python3.6/site-packages/airflow/example_dags/example_branch_operator.py
[2026-09-23 12:21:28,099] {scheduler_job.py:639} INFO - DAG(s) dict_keys(['example_branch_operator']) retrieved from /home/airflow/.local/lib/python3.6/site-packages/airflow/example_dags/example_branch_operator.py
[2026-09-23 12:21:28,142] {logging_mixin.py:104} INFO - [2026-09-23 12:21:28,141] {dag.py:1824} INFO - Sync 1 DAGs
[2026-09-23 12:21:28,185] {logging_mixin.py:104} INFO - [2026-09-23 12:21:28,185] {dag.py:2280} INFO - Setting next_dagrun for example_branch_operator to 2026-09-21 00:00:00+00:00
[2026-09-23 12:21:28,210] {scheduler_job.py:190} INFO - Processing /home/airflow/.local/lib/python3.6/site-packages/airflow/example_dags/example_branch_operator.py took 0.156 seconds
[2026-09-23 12:21:58,524] {scheduler_job.py:182} INFO - Started process (PID=3097) to work on /home/airflow/.local/lib/python3.6/site-packages/airflow/example_dags/example_branch_operator.py
[2026-09-23 12:21:58,526] {scheduler_job.py:629} INFO - Processing file /home/airflow/.local/lib/python3.6/site-packages/airflow/example_dags/example_branch_operator.py for tasks to queue
[2026-09-23 12:21:58,527] {logging_mixin.py:104} INFO - [2026-09-23 12:21:58,527] {dagbag.py:451} INFO - Filling up the DagBag from /home/airflow/.local/lib/python3.6/site-packages/airflow/example_dags/example_branch_operator.py
[2026-09-23 12:21:58,553] {scheduler_job.py:639} INFO - DAG(s) dict_keys(['example_branch_operator']) retrieved from /home/airflow/.local/lib/python3.6/site-packages/airflow/example_dags/example_branch_operator.py
[2026-09-23 12:21:58,591] {logging_mixin.py:104} INFO - [2026-09-23 12:21:58,591] {dag.py:1824} INFO - Sync 1 DAGs
[2026-09-23 12:21:58,622] {logging_mixin.py:104} INFO - [2026-09-23 12:21:58,621] {dag.py:2280} INFO - Setting next_dagrun for example_branch_operator to 2026-09-21 00:00:00+00:00
[2026-09-23 12:21:58,640] {scheduler_job.py:190} INFO - Processing /home/airflow/.local/lib/python3.6/site-packages/airflow/example_dags/example_branch_operator.py took 0.120 seconds
[2026-09-23 12:22:28,849] {scheduler_job.py:182} INFO - Started process (PID=3121) to work on /home/airflow/.local/lib/python3.6/site-packages/airflow/example_dags/example_branch_operator.py
[2026-09-23 12:22:28,851] {scheduler_job.py:629} INFO - Processing file /home/airflow/.local/lib/python3.6/site-packages/airflow/example_dags/example_branch_operator.py for tasks to queue
[2026-09-23 12:22:28,852] {logging_mixin.py:104} INFO - [2026-09-23 12:22:28,851] {dagbag.py:451} INFO - Filling up the DagBag from /home/airflow/.local/lib/python3.6/site-packages/airflow/example_dags/example_branch_operator.py
[2026-09-23 12:22:28,872] {scheduler_job.py:639} INFO - DAG(s) dict_keys(['example_branch_operator']) retrieved from /home/airflow/.local/lib/python3.6/site-packages/airflow/example_dags/example_branch_operator.py
[2026-09-23 12:22:28,906] {logging_mixin.py:104} INFO - [2026-09-23 12:22:28,906] {dag.py:1824} INFO - Sync 1 DAGs
[2026-09-23 12:22:28,937] {logging_mixin.py:104} INFO - [2026-09-23 12:22:28,937] {dag.py:2280} INFO - Setting next_dagrun for example_branch_operator to 2026-09-21 00:00:00+00:00
[2026-09-23 12:22:28,953] {scheduler_job.py:190} INFO - Processing /home/airflow/.local/lib/python3.6/site-packages/airflow/example_dags/example_branch_operator.py took 0.108 seconds
[2026-09-23 12:22:59,517] {scheduler_job.py:182} INFO - Started process (PID=3148) to work on /home/airflow/.local/lib/python3.6/site-packages/airflow/example_dags/example_branch_operator.py
[2026-09-23 12:22:59,519] {scheduler_job.py:629} INFO - Processing file /home/airflow/.local/lib/python3.6/site-packages/airflow/example_dags/example_branch_operator.py for tasks to queue
[2026-09-23 12:22:59,520] {logging_mixin.py:104} INFO - [2026-09-23 12:22:59,519] {dagbag.py:451} INFO - Filling up the DagBag from /home/airflow/.local/lib/python3.6/site-packages/airflow/example_dags/example_branch_operator.py
[2026-09-23 12:22:59,543] {scheduler_job.py:639} INFO - DAG(s) dict_keys(['example_branch_operator']) retrieved from /home/airflow/.local/lib/python3.6/site-packages/airflow/example_dags/example_branch_operator.py
[2026-09-23 12:22:59,572] {logging_mixin.py:104} INFO - [2026-09-23 12:22:59,572] {dag.py:1824} INFO - Sync 1 DAGs
[2026-09-23 12:22:59,604] {logging_mixin.py:104} INFO - [2026-09-23 12:22:59,604] {dag.py:2280} INFO - Setting next_dagrun for example_branch_operator to 2026-09-21 00:00:00+00:00
[2026-09-23 12:22:59,617] {scheduler_job.py:190} INFO - Processing /home/airflow/.local/lib/python3.6/site-packages/airflow/example_dags/example_branch_operator.py took 0.105 seconds
[2026-09-23 12:23:30,160] {scheduler_job.py:182} INFO - Started process (PID=3175) to work on /home/airflow/.local/lib/python3.6/site-packages/airflow/example_dags/example_branch_operator.py
[2026-09-23 12:23:30,161] {scheduler_job.py:629} INFO - Processing file /home/airflow/.local/lib/python3.6/site-packages/airflow/example_dags/example_branch_operator.py for tasks to queue
[2026-09-23 12:23:30,162] {logging_mixin.py:104} INFO - [2026-09-23 12:23:30,162] {dagbag.py:451} INFO - Filling up the DagBag from /home/airflow/.local/lib/python3.6/site-packages/airflow/example_dags/example_branch_operator.py
[2026-09-23 12:23:30,184] {scheduler_job.py:639} INFO - DAG(s) dict_keys(['example_branch_operator']) retrieved from /home/airflow/.local/lib/python3.6/site-packages/airflow/example_dags/example_branch_operator.py
[2026-09-23 12:23:30,228] {logging_mixin.py:104} INFO - [2026-09-23 12:23:30,228] {dag.py:1824} INFO - Sync 1 DAGs
[2026-09-23 12:23:30,274] {logging_mixin.py:104} INFO - [2026-09-23 12:23:30,274] {dag.py:2280} INFO - Setting next_dagrun for example_branch_operator to 2026-09-21 00:00:00+00:00
[2026-09-23 12:23:30,294] {scheduler_job.py:190} INFO - Processing /home/airflow/.local/lib/python3.6/site-packages/airflow/example_dags/example_branch_operator.py took 0.137 seconds
[2026-09-23 12:24:00,953] {scheduler_job.py:182} INFO - Started process (PID=3201) to work on /home/airflow/.local/lib/python3.6/site-packages/airflow/example_dags/example_branch_operator.py
[2026-09-23 12:24:00,954] {scheduler_job.py:629} INFO - Processing file /home/airflow/.local/lib/python3.6/site-packages/airflow/example_dags/example_branch_operator.py for tasks to queue
[2026-09-23 12:24:00,955] {logging_mixin.py:104} INFO - [2026-09-23 12:24:00,955] {dagbag.py:451} INFO - Filling up the DagBag from /home/airflow/.local/lib/python3.6/site-packages/airflow/example_dags/example_branch_operator.py
[2026-09-23 12:24:00,978] {scheduler_job.py:639} INFO - DAG(s) dict_keys(['example_branch_operator']) retrieved from /home/airflow/.local/lib/python3.6/site-packages/airflow/example_dags/example_branch_operator.py
[2026-09-23 12:24:01,007] {logging_mixin.py:104} INFO - [2026-09-23 12:24:01,007] {dag.py:1824} INFO - Sync 1 DAGs
[2026-09-23 12:24:01,038] {logging_mixin.py:104} INFO - [2026-09-23 12:24:01,038] {dag.py:2280} INFO - Setting next_dagrun for example_branch_operator to 2026-09-21 00:00:00+00:00
[2026-09-23 12:24:01,055] {scheduler_job.py:190} INFO - Processing /home/airflow/.local/lib/python3.6/site-packages/airflow/example_dags/example_branch_operator.py took 0.107 seconds
[2026-09-23 12:24:31,994] {scheduler_job.py:182} INFO - Started process (PID=3227) to work on /home/airflow/.local/lib/python3.6/site-packages/airflow/example_dags/example_branch_operator.py
[2026-09-23 12:24:31,997] {scheduler_job.py:629} INFO - Processing file /home/airflow/.local/lib/python3.6/site-packages/airflow/example_dags/example_branch_operator.py for tasks to queue
[2026-09-23 12:24:31,998] {logging_mixin.py:104} INFO - [2026-09-23 12:24:31,998] {dagbag.py:451} INFO - Filling up the DagBag from /home/airflow/.local/lib/python3.6/site-packages/airflow/example_dags/example_branch_operator.py
[2026-09-23 12:24:32,021] {scheduler_job.py:639} INFO - DAG(s) dict_keys(['example_branch_operator']) retrieved from /home/airflow/.local/lib/python3.6/site-packages/airflow/example_dags/example_branch_operator.py
[2026-09-23 12:24:32,047] {logging_mixin.py:104} INFO - [2026-09-23 12:24:32,047] {dag.py:1824} INFO - Sync 1 DAGs
[2026-09-23 12:24:32,074] {logging_mixin.py:104} INFO - [2026-09-23 12:24:32,073] {dag.py:2280} INFO - Setting next_dagrun for example_branch_operator to 2026-09-21 00:00:00+00:00
[2026-09-23 12:24:32,090] {scheduler_job.py:190} INFO - Processing /home/airflow/.local/lib/python3.6/site-packages/airflow/example_dags/example_branch_operator.py took 0.102 seconds
[2026-09-23 12:25:02,504] {scheduler_job.py:182} INFO - Started process (PID=3253) to work on /home/airflow/.local/lib/python3.6/site-packages/airflow/example_dags/example_branch_operator.py
[2026-09-23 12:25:02,505] {scheduler_job.py:629} INFO - Processing file /home/airflow/.local/lib/python3.6/site-packages/airflow/example_dags/example_branch_operator.py for tasks to queue
[2026-09-23 12:25:02,506] {logging_mixin.py:104} INFO - [2026-09-23 12:25:02,506] {dagbag.py:451} INFO - Filling up the DagBag from /home/airflow/.local/lib/python3.6/site-packages/airflow/example_dags/example_branch_operator.py
[2026-09-23 12:25:02,526] {scheduler_job.py:639} INFO - DAG(s) dict_keys(['example_branch_operator']) retrieved from /home/airflow/.local/lib/python3.6/site-packages/airflow/example_dags/example_branch_operator.py
[2026-09-23 12:25:02,551] {logging_mixin.py:104} INFO - [2026-09-23 12:25:02,551] {dag.py:1824} INFO - Sync 1 DAGs
[2026-09-23 12:25:02,578] {logging_mixin.py:104} INFO - [2026-09-23 12:25:02,578] {dag.py:2280} INFO - Setting next_dagrun for example_branch_operator to 2026-09-21 00:00:00+00:00
[2026-09-23 12:25:02,595] {scheduler_job.py:190} INFO - Processing /home/airflow/.local/lib/python3.6/site-packages/airflow/example_dags/example_branch_operator.py took 0.096 seconds
[2026-09-23 12:47:03,964] {scheduler_job.py:182} INFO - Started process (PID=3291) to work on /home/airflow/.local/lib/python3.6/site-packages/airflow/example_dags/example_branch_operator.py
[2026-09-23 12:47:03,967] {scheduler_job.py:629} INFO - Processing file /home/airflow/.local/lib/python3.6/site-packages/airflow/example_dags/example_branch_operator.py for tasks to queue
[2026-09-23 12:47:03,972] {logging_mixin.py:104} INFO - [2026-09-23 12:47:03,968] {dagbag.py:451} INFO - Filling up the DagBag from /home/airflow/.local/lib/python3.6/site-packages/airflow/example_dags/example_branch_operator.py
[2026-09-23 12:47:04,044] {scheduler_job.py:639} INFO - DAG(s) dict_keys(['example_branch_operator']) retrieved from /home/airflow/.local/lib/python3.6/site-packages/airflow/example_dags/example_branch_operator.py
[2026-09-23 12:47:04,119] {logging_mixin.py:104} INFO - [2026-09-23 12:47:04,118] {dag.py:1824} INFO - Sync 1 DAGs
[2026-09-23 12:47:04,206] {logging_mixin.py:104} INFO - [2026-09-23 12:47:04,206] {dag.py:2280} INFO - Setting next_dagrun for example_branch_operator to 2026-09-21 00:00:00+00:00
[2026-09-23 12:47:04,238] {scheduler_job.py:190} INFO - Processing /home/airflow/.local/lib/python3.6/site-packages/airflow/example_dags/example_branch_operator.py took 0.280 seconds
