[2026-09-23 11:22:11,764] {scheduler_job.py:182} INFO - Started process (PID=30) to work on /home/airflow/.local/lib/python3.6/site-packages/airflow/example_dags/example_kubernetes_executor.py
[2026-09-23 11:22:11,777] {scheduler_job.py:629} INFO - Processing file /home/airflow/.local/lib/python3.6/site-packages/airflow/example_dags/example_kubernetes_executor.py for tasks to queue
[2026-09-23 11:22:11,782] {logging_mixin.py:104} INFO - [2026-09-23 11:22:11,781] {dagbag.py:451} INFO - Filling up the DagBag from /home/airflow/.local/lib/python3.6/site-packages/airflow/example_dags/example_kubernetes_executor.py
[2026-09-23 11:22:11,841] {scheduler_job.py:639} INFO - DAG(s) dict_keys(['example_kubernetes_executor']) retrieved from /home/airflow/.local/lib/python3.6/site-packages/airflow/example_dags/example_kubernetes_executor.py
[2026-09-23 11:22:11,904] {logging_mixin.py:104} INFO - [2026-09-23 11:22:11,903] {dag.py:1824} INFO - Sync 1 DAGs
[2026-09-23 11:22:11,959] {logging_mixin.py:104} INFO - [2026-09-23 11:22:11,959] {dag.py:2280} INFO - Setting next_dagrun for example_kubernetes_executor to None
[2026-09-23 11:22:11,996] {scheduler_job.py:190} INFO - Processing /home/airflow/.local/lib/python3.6/site-packages/airflow/example_dags/example_kubernetes_executor.py took 0.250 seconds
[2026-09-23 11:22:42,313] {scheduler_job.py:182} INFO - Started process (PID=57) to work on /home/airflow/.local/lib/python3.6/site-packages/airflow/example_dags/example_kubernetes_executor.py
[2026-09-23 11:22:42,314] {scheduler_job.py:629} INFO - Processing file /home/airflow/.local/lib/python3.6/site-packages/airflow/example_dags/example_kubernetes_executor.py for tasks to queue
[2026-09-23 11:22:42,315] {logging_mixin.py:104} INFO - [2026-09-23 11:22:42,315] {dagbag.py:451} INFO - Filling up the DagBag from /home/airflow/.local/lib/python3.6/site-packages/airflow/example_dags/example_kubernetes_executor.py
[2026-09-23 11:22:42,330] {scheduler_job.py:639} INFO - DAG(s) dict_keys(['example_kubernetes_executor']) retrieved from /home/airflow/.local/lib/python3.6/site-packages/airflow/example_dags/example_kubernetes_executor.py
[2026-09-23 11:22:42,353] {logging_mixin.py:104} INFO - [2026-09-23 11:22:42,353] {dag.py:1824} INFO - Sync 1 DAGs
[2026-09-23 11:22:42,371] {logging_mixin.py:104} INFO - [2026-09-23 11:22:42,371] {dag.py:2280} INFO - Setting next_dagrun for example_kubernetes_executor to None
[2026-09-23 11:22:42,387] {scheduler_job.py:190} INFO - Processing /home/airflow/.local/lib/python3.6/site-packages/airflow/example_dags/example_kubernetes_executor.py took 0.077 seconds
[2026-09-23 11:23:12,951] {scheduler_job.py:182} INFO - Started process (PID=83) to work on /home/airflow/.local/lib/python3.6/site-packages/airflow/example_dags/example_kubernetes_executor.py
[2026-09-23 11:23:12,952] {scheduler_job.py:629} INFO - Processing file /home/airflow/.local/lib/python3.6/site-packages/airflow/example_dags/example_kubernetes_executor.py for tasks to queue
[2026-09-23 11:23:12,953] {logging_mixin.py:104} INFO - [2026-09-23 11:23:12,953] {dagbag.py:451} INFO - Filling up the DagBag from /home/airflow/.local/lib/python3.6/site-packages/airflow/example_dags/example_kubernetes_executor.py
[2026-09-23 11:23:12,967] {scheduler_job.py:639} INFO - DAG(s) dict_keys(['example_kubernetes_executor']) retrieved from /home/airflow/.local/lib/python3.6/site-packages/airflow/example_dags/example_kubernetes_executor.py
[2026-09-23 11:23:12,990] {logging_mixin.py:104} INFO - [2026-09-23 11:23:12,990] {dag.py:1824} INFO - Sync 1 DAGs
[2026-09-23 11:23:13,008] {logging_mixin.py:104} INFO - [2026-09-23 11:23:13,008] {dag.py:2280} INFO - Setting next_dagrun for example_kubernetes_executor to None
[2026-09-23 11:23:13,023] {scheduler_job.py:190} INFO - Processing /home/airflow/.local/lib/python3.6/site-packages/airflow/example_dags/example_kubernetes_executor.py took 0.076 seconds
[2026-09-23 11:23:43,960] {scheduler_job.py:182} INFO - Started process (PID=109) to work on /home/airflow/.local/lib/python3.6/site-packages/airflow/example_dags/example_kubernetes_executor.py
[2026-09-23 11:23:43,961] {scheduler_job.py:629} INFO - Processing file /home/airflow/.local/lib/python3.6/site-packages/airflow/example_dags/example_kubernetes_executor.py for tasks to queue
[2026-09-23 11:23:43,962] {logging_mixin.py:104} INFO - [2026-09-23 11:23:43,962] {dagbag.py:451} INFO - Filling up the DagBag from /home/airflow/.local/lib/python3.6/site-packages/airflow/example_dags/example_kubernetes_executor.py
[2026-09-23 11:23:43,980] {scheduler_job.py:639} INFO - DAG(s) dict_keys(['example_kubernetes_executor']) retrieved from /home/airflow/.local/lib/python3.6/site-packages/airflow/example_dags/example_kubernetes_executor.py
[2026-09-23 11:23:44,011] {logging_mixin.py:104} INFO - [2026-09-23 11:23:44,011] {dag.py:1824} INFO - Sync 1 DAGs
[2026-09-23 11:23:44,034] {logging_mixin.py:104} INFO - [2026-09-23 11:23:44,034] {dag.py:2280} INFO - Setting next_dagrun for example_kubernetes_executor to None
[2026-09-23 11:23:44,054] {scheduler_job.py:190} INFO - Processing /home/airflow/.local/lib/python3.6/site-packages/airflow/example_dags/example_kubernetes_executor.py took 0.099 seconds
[2026-09-23 11:24:14,735] {scheduler_job.py:182} INFO - Started process (PID=135) to work on /home/airflow/.local/lib/python3.6/site-packages/airflow/example_dags/example_kubernetes_executor.py
[2026-09-23 11:24:14,737] {scheduler_job.py:629} INFO - Processing file /home/airflow/.local/lib/python3.6/site-packages/airflow/example_dags/example_kubernetes_executor.py for tasks to queue
[2026-09-23 11:24:14,737] {logging_mixin.py:104} INFO - [2026-09-23 11:24:14,737] {dagbag.py:451} INFO - Filling up the DagBag from /home/airflow/.local/lib/python3.6/site-packages/airflow/example_dags/example_kubernetes_executor.py
[2026-09-23 11:24:14,755] {scheduler_job.py:639} INFO - DAG(s) dict_keys(['example_kubernetes_executor']) retrieved from /home/airflow/.local/lib/python3.6/site-packages/airflow/example_dags/example_kubernetes_executor.py
[2026-09-23 11:24:14,783] {logging_mixin.py:104} INFO - [2026-09-23 11:24:14,783] {dag.py:1824} INFO - Sync 1 DAGs
[2026-09-23 11:24:14,803] {logging_mixin.py:104} INFO - [2026-09-23 11:24:14,803] {dag.py:2280} INFO - Setting next_dagrun for example_kubernetes_executor to None
[2026-09-23 11:24:14,822] {scheduler_job.py:190} INFO - Processing /home/airflow/.local/lib/python3.6/site-packages/airflow/example_dags/example_kubernetes_executor.py took 0.091 seconds
[2026-09-23 11:24:45,380] {scheduler_job.py:182} INFO - Started process (PID=161) to work on /home/airflow/.local/lib/python3.6/site-packages/airflow/example_dags/example_kubernetes_executor.py
[2026-09-23 11:24:45,382] {scheduler_job.py:629} INFO - Processing file /home/airflow/.local/lib/python3.6/site-packages/airflow/example_dags/example_kubernetes_executor.py for tasks to queue
[2026-09-23 11:24:45,383] {logging_mixin.py:104} INFO - [2026-09-23 11:24:45,382] {dagbag.py:451} INFO - Filling up the DagBag from /home/airflow/.local/lib/python3.6/site-packages/airflow/example_dags/example_kubernetes_executor.py
[2026-09-23 11:24:45,398] {scheduler_job.py:639} INFO - DAG(s) dict_keys(['example_kubernetes_executor']) retrieved from /home/airflow/.local/lib/python3.6/site-packages/airflow/example_dags/example_kubernetes_executor.py
[2026-09-23 11:24:45,423] {logging_mixin.py:104} INFO - [2026-09-23 11:24:45,423] {dag.py:1824} INFO - Sync 1 DAGs
[2026-09-23 11:24:45,443] {logging_mixin.py:104} INFO - [2026-09-23 11:24:45,443] {dag.py:2280} INFO - Setting next_dagrun for example_kubernetes_executor to None
[2026-09-23 11:24:45,456] {scheduler_job.py:190} INFO - Processing /home/airflow/.local/lib/python3.6/site-packages/airflow/example_dags/example_kubernetes_executor.py took 0.080 seconds
[2026-09-23 11:25:15,996] {scheduler_job.py:182} INFO - Started process (PID=187) to work on /home/airflow/.local/lib/python3.6/site-packages/airflow/example_dags/example_kubernetes_executor.py
[2026-09-23 11:25:15,997] {scheduler_job.py:629} INFO - Processing file /home/airflow/.local/lib/python3.6/site-packages/airflow/example_dags/example_kubernetes_executor.py for tasks to queue
[2026-09-23 11:25:15,997] {logging_mixin.py:104} INFO - [2026-09-23 11:25:15,997] {dagbag.py:451} INFO - Filling up the DagBag from /home/airflow/.local/lib/python3.6/site-packages/airflow/example_dags/example_kubernetes_executor.py
[2026-09-23 11:25:16,013] {scheduler_job.py:639} INFO - DAG(s) dict_keys(['example_kubernetes_executor']) retrieved from /home/airflow/.local/lib/python3.6/site-packages/airflow/example_dags/example_kubernetes_executor.py
[2026-09-23 11:25:16,039] {logging_mixin.py:104} INFO - [2026-09-23 11:25:16,038] {dag.py:1824} INFO - Sync 1 DAGs
[2026-09-23 11:25:16,057] {logging_mixin.py:104} INFO - [2026-09-23 11:25:16,057] {dag.py:2280} INFO - Setting next_dagrun for example_kubernetes_executor to None
[2026-09-23 11:25:16,070] {scheduler_job.py:190} INFO - Processing /home/airflow/.local/lib/python3.6/site-packages/airflow/example_dags/example_kubernetes_executor.py took 0.078 seconds
[2026-09-23 11:25:46,471] {scheduler_job.py:182} INFO - Started process (PID=213) to work on /home/airflow/.local/lib/python3.6/site-packages/airflow/example_dags/example_kubernetes_executor.py
[2026-09-23 11:25:46,472] {scheduler_job.py:629} INFO - Processing file /home/airflow/.local/lib/python3.6/site-packages/airflow/example_dags/example_kubernetes_executor.py for tasks to queue
[2026-09-23 11:25:46,473] {logging_mixin.py:104} INFO - [2026-09-23 11:25:46,473] {dagbag.py:451} INFO - Filling up the DagBag from /home/airflow/.local/lib/python3.6/site-packages/airflow/example_dags/example_kubernetes_executor.py
[2026-09-23 11:25:46,491] {scheduler_job.py:639} INFO - DAG(s) dict_keys(['example_kubernetes_executor']) retrieved from /home/airflow/.local/lib/python3.6/site-packages/airflow/example_dags/example_kubernetes_executor.py
[2026-09-23 11:25:46,517] {logging_mixin.py:104} INFO - [2026-09-23 11:25:46,517] {dag.py:1824} INFO - Sync 1 DAGs
[2026-09-23 11:25:46,535] {logging_mixin.py:104} INFO - [2026-09-23 11:25:46,535] {dag.py:2280} INFO - Setting next_dagrun for example_kubernetes_executor to None
[2026-09-23 11:25:46,549] {scheduler_job.py:190} INFO - Processing /home/airflow/.local/lib/python3.6/site-packages/airflow/example_dags/example_kubernetes_executor.py took 0.082 seconds
[2026-09-23 11:26:17,033] {scheduler_job.py:182} INFO - Started process (PID=239) to work on /home/airflow/.local/lib/python3.6/site-packages/airflow/example_dags/example_kubernetes_executor.py
[2026-09-23 11:26:17,034] {scheduler_job.py:629} INFO - Processing file /home/airflow/.local/lib/python3.6/site-packages/airflow/example_dags/example_kubernetes_executor.py for tasks to queue
[2026-09-23 11:26:17,035] {logging_mixin.py:104} INFO - [2026-09-23 11:26:17,035] {dagbag.py:451} INFO - Filling up the DagBag from /home/airflow/.local/lib/python3.6/site-packages/airflow/example_dags/example_kubernetes_executor.py
[2026-09-23 11:26:17,053] {scheduler_job.py:639} INFO - DAG(s) dict_keys(['example_kubernetes_executor']) retrieved from /home/airflow/.local/lib/python3.6/site-packages/airflow/example_dags/example_kubernetes_executor.py
[2026-09-23 11:26:17,084] {logging_mixin.py:104} INFO - [2026-09-23 11:26:17,084] {dag.py:1824} INFO - Sync 1 DAGs
[2026-09-23 11:26:17,107] {logging_mixin.py:104} INFO - [2026-09-23 11:26:17,107] {dag.py:2280} INFO - Setting next_dagrun for example_kubernetes_executor to None
[2026-09-23 11:26:17,124] {scheduler_job.py:190} INFO - Processing /home/airflow/.local/lib/python3.6/site-packages/airflow/example_dags/example_kubernetes_executor.py took 0.095 seconds
[2026-09-23 11:26:47,610] {scheduler_job.py:182} INFO - Started process (PID=265) to work on /home/airflow/.local/lib/python3.6/site-packages/airflow/example_dags/example_kubernetes_executor.py
[2026-09-23 11:26:47,612] {scheduler_job.py:629} INFO - Processing file /home/airflow/.local/lib/python3.6/site-packages/airflow/example_dags/example_kubernetes_executor.py for tasks to queue
[2026-09-23 11:26:47,613] {logging_mixin.py:104} INFO - [2026-09-23 11:26:47,613] {dagbag.py:451} INFO - Filling up the DagBag from /home/airflow/.local/lib/python3.6/site-packages/airflow/example_dags/example_kubernetes_executor.py
[2026-09-23 11:26:47,640] {scheduler_job.py:639} INFO - DAG(s) dict_keys(['example_kubernetes_executor']) retrieved from /home/airflow/.local/lib/python3.6/site-packages/airflow/example_dags/example_kubernetes_executor.py
[2026-09-23 11:26:47,679] {logging_mixin.py:104} INFO - [2026-09-23 11:26:47,679] {dag.py:1824} INFO - Sync 1 DAGs
[2026-09-23 11:26:47,704] {logging_mixin.py:104} INFO - [2026-09-23 11:26:47,703] {dag.py:2280} INFO - Setting next_dagrun for example_kubernetes_executor to None
[2026-09-23 11:26:47,718] {scheduler_job.py:190} INFO - Processing /home/airflow/.local/lib/python3.6/site-packages/airflow/example_dags/example_kubernetes_executor.py took 0.114 seconds
[2026-09-23 11:27:18,511] {scheduler_job.py:182} INFO - Started process (PID=291) to work on /home/airflow/.local/lib/python3.6/site-packages/airflow/example_dags/example_kubernetes_executor.py
[2026-09-23 11:27:18,512] {scheduler_job.py:629} INFO - Processing file /home/airflow/.local/lib/python3.6/site-packages/airflow/example_dags/example_kubernetes_executor.py for tasks to queue
[2026-09-23 11:27:18,513] {logging_mixin.py:104} INFO - [2026-09-23 11:27:18,513] {dagbag.py:451} INFO - Filling up the DagBag from /home/airflow/.local/lib/python3.6/site-packages/airflow/example_dags/example_kubernetes_executor.py
[2026-09-23 11:27:18,529] {scheduler_job.py:639} INFO - DAG(s) dict_keys(['example_kubernetes_executor']) retrieved from /home/airflow/.local/lib/python3.6/site-packages/airflow/example_dags/example_kubernetes_executor.py
[2026-09-23 11:27:18,555] {logging_mixin.py:104} INFO - [2026-09-23 11:27:18,555] {dag.py:1824} INFO - Sync 1 DAGs
[2026-09-23 11:27:18,577] {logging_mixin.py:104} INFO - [2026-09-23 11:27:18,576] {dag.py:2280} INFO - Setting next_dagrun for example_kubernetes_executor to None
[2026-09-23 11:27:18,594] {scheduler_job.py:190} INFO - Processing /home/airflow/.local/lib/python3.6/site-packages/airflow/example_dags/example_kubernetes_executor.py took 0.086 seconds
[2026-09-23 11:27:49,488] {scheduler_job.py:182} INFO - Started process (PID=317) to work on /home/airflow/.local/lib/python3.6/site-packages/airflow/example_dags/example_kubernetes_executor.py
[2026-09-23 11:27:49,489] {scheduler_job.py:629} INFO - Processing file /home/airflow/.local/lib/python3.6/site-packages/airflow/example_dags/example_kubernetes_executor.py for tasks to queue
[2026-09-23 11:27:49,490] {logging_mixin.py:104} INFO - [2026-09-23 11:27:49,490] {dagbag.py:451} INFO - Filling up the DagBag from /home/airflow/.local/lib/python3.6/site-packages/airflow/example_dags/example_kubernetes_executor.py
[2026-09-23 11:27:49,506] {scheduler_job.py:639} INFO - DAG(s) dict_keys(['example_kubernetes_executor']) retrieved from /home/airflow/.local/lib/python3.6/site-packages/airflow/example_dags/example_kubernetes_executor.py
[2026-09-23 11:27:49,534] {logging_mixin.py:104} INFO - [2026-09-23 11:27:49,534] {dag.py:1824} INFO - Sync 1 DAGs
[2026-09-23 11:27:49,556] {logging_mixin.py:104} INFO - [2026-09-23 11:27:49,556] {dag.py:2280} INFO - Setting next_dagrun for example_kubernetes_executor to None
[2026-09-23 11:27:49,573] {scheduler_job.py:190} INFO - Processing /home/airflow/.local/lib/python3.6/site-packages/airflow/example_dags/example_kubernetes_executor.py took 0.089 seconds
[2026-09-23 11:28:20,490] {scheduler_job.py:182} INFO - Started process (PID=343) to work on /home/airflow/.local/lib/python3.6/site-packages/airflow/example_dags/example_kubernetes_executor.py
[2026-09-23 11:28:20,491] {scheduler_job.py:629} INFO - Processing file /home/airflow/.local/lib/python3.6/site-packages/airflow/example_dags/example_kubernetes_executor.py for tasks to queue
[2026-09-23 11:28:20,492] {logging_mixin.py:104} INFO - [2026-09-23 11:28:20,492] {dagbag.py:451} INFO - Filling up the DagBag from /home/airflow/.local/lib/python3.6/site-packages/airflow/example_dags/example_kubernetes_executor.py
[2026-09-23 11:28:20,517] {scheduler_job.py:639} INFO - DAG(s) dict_keys(['example_kubernetes_executor']) retrieved from /home/airflow/.local/lib/python3.6/site-packages/airflow/example_dags/example_kubernetes_executor.py
[2026-09-23 11:28:20,549] {logging_mixin.py:104} INFO - [2026-09-23 11:28:20,548] {dag.py:1824} INFO - Sync 1 DAGs
[2026-09-23 11:28:20,579] {logging_mixin.py:104} INFO - [2026-09-23 11:28:20,579] {dag.py:2280} INFO - Setting next_dagrun for example_kubernetes_executor to None
[2026-09-23 11:28:20,604] {scheduler_job.py:190} INFO - Processing /home/airflow/.local/lib/python3.6/site-packages/airflow/example_dags/example_kubernetes_executor.py took 0.120 seconds
[2026-09-23 11:28:51,720] {scheduler_job.py:182} INFO - Started process (PID=371) to work on /home/airflow/.local/lib/python3.6/site-packages/airflow/example_dags/example_kubernetes_executor.py
[2026-09-23 11:28:51,723] {scheduler_job.py:629} INFO - Processing file /home/airflow/.local/lib/python3.6/site-packages/airflow/example_dags/example_kubernetes_executor.py for tasks to queue
[2026-09-23 11:28:51,724] {logging_mixin.py:104} INFO - [2026-09-23 11:28:51,724] {dagbag.py:451} INFO - Filling up the DagBag from /home/airflow/.local/lib/python3.6/site-packages/airflow/example_dags/example_kubernetes_executor.py
[2026-09-23 11:28:51,744] {scheduler_job.py:639} INFO - DAG(s) dict_keys(['example_kubernetes_executor']) retrieved from /home/airflow/.local/lib/python3.6/site-packages/airflow/example_dags/example_kubernetes_executor.py
[2026-09-23 11:28:51,775] {logging_mixin.py:104} INFO - [2026-09-23 11:28:51,775] {dag.py:1824} INFO - Sync 1 DAGs
[2026-09-23 11:28:51,799] {logging_mixin.py:104} INFO - [2026-09-23 11:28:51,798] {dag.py:2280} INFO - Setting next_dagrun for example_kubernetes_executor to None
[2026-09-23 11:28:51,818] {scheduler_job.py:190} INFO - Processing /home/airflow/.local/lib/python3.6/site-packages/airflow/example_dags/example_kubernetes_executor.py took 0.102 seconds
[2026-09-23 11:29:22,288] {scheduler_job.py:182} INFO - Started process (PID=397) to work on /home/airflow/.local/lib/python3.6/site-packages/airflow/example_dags/example_kubernetes_executor.py
[2026-09-23 11:29:22,291] {scheduler_job.py:629} INFO - Processing file /home/airflow/.local/lib/python3.6/site-packages/airflow/example_dags/example_kubernetes_executor.py for tasks to queue
[2026-09-23 11:29:22,292] {logging_mixin.py:104} INFO - [2026-09-23 11:29:22,292] {dagbag.py:451} INFO - Filling up the DagBag from /home/airflow/.local/lib/python3.6/site-packages/airflow/example_dags/example_kubernetes_executor.py
[2026-09-23 11:29:22,309] {scheduler_job.py:639} INFO - DAG(s) dict_keys(['example_kubernetes_executor']) retrieved from /home/airflow/.local/lib/python3.6/site-packages/airflow/example_dags/example_kubernetes_executor.py
[2026-09-23 11:29:22,333] {logging_mixin.py:104} INFO - [2026-09-23 11:29:22,333] {dag.py:1824} INFO - Sync 1 DAGs
[2026-09-23 11:29:22,351] {logging_mixin.py:104} INFO - [2026-09-23 11:29:22,351] {dag.py:2280} INFO - Setting next_dagrun for example_kubernetes_executor to None
[2026-09-23 11:29:22,366] {scheduler_job.py:190} INFO - Processing /home/airflow/.local/lib/python3.6/site-packages/airflow/example_dags/example_kubernetes_executor.py took 0.083 seconds
[2026-09-23 11:29:52,837] {scheduler_job.py:182} INFO - Started process (PID=423) to work on /home/airflow/.local/lib/python3.6/site-packages/airflow/example_dags/example_kubernetes_executor.py
[2026-09-23 11:29:52,838] {scheduler_job.py:629} INFO - Processing file /home/airflow/.local/lib/python3.6/site-packages/airflow/example_dags/example_kubernetes_executor.py for tasks to queue
[2026-09-23 11:29:52,840] {logging_mixin.py:104} INFO - [2026-09-23 11:29:52,839] {dagbag.py:451} INFO - Filling up the DagBag from /home/airflow/.local/lib/python3.6/site-packages/airflow/example_dags/example_kubernetes_executor.py
[2026-09-23 11:29:52,866] {scheduler_job.py:639} INFO - DAG(s) dict_keys(['example_kubernetes_executor']) retrieved from /home/airflow/.local/lib/python3.6/site-packages/airflow/example_dags/example_kubernetes_executor.py
[2026-09-23 11:29:52,898] {logging_mixin.py:104} INFO - [2026-09-23 11:29:52,898] {dag.py:1824} INFO - Sync 1 DAGs
[2026-09-23 11:29:52,916] {logging_mixin.py:104} INFO - [2026-09-23 11:29:52,916] {dag.py:2280} INFO - Setting next_dagrun for example_kubernetes_executor to None
[2026-09-23 11:29:52,936] {scheduler_job.py:190} INFO - Processing /home/airflow/.local/lib/python3.6/site-packages/airflow/example_dags/example_kubernetes_executor.py took 0.106 seconds
[2026-09-23 11:30:23,496] {scheduler_job.py:182} INFO - Started process (PID=449) to work on /home/airflow/.local/lib/python3.6/site-packages/airflow/example_dags/example_kubernetes_executor.py
[2026-09-23 11:30:23,497] {scheduler_job.py:629} INFO - Processing file /home/airflow/.local/lib/python3.6/site-packages/airflow/example_dags/example_kubernetes_executor.py for tasks to queue
[2026-09-23 11:30:23,498] {logging_mixin.py:104} INFO - [2026-09-23 11:30:23,498] {dagbag.py:451} INFO - Filling up the DagBag from /home/airflow/.local/lib/python3.6/site-packages/airflow/example_dags/example_kubernetes_executor.py
[2026-09-23 11:30:23,514] {scheduler_job.py:639} INFO - DAG(s) dict_keys(['example_kubernetes_executor']) retrieved from /home/airflow/.local/lib/python3.6/site-packages/airflow/example_dags/example_kubernetes_executor.py
[2026-09-23 11:30:23,539] {logging_mixin.py:104} INFO - [2026-09-23 11:30:23,539] {dag.py:1824} INFO - Sync 1 DAGs
[2026-09-23 11:30:23,559] {logging_mixin.py:104} INFO - [2026-09-23 11:30:23,559] {dag.py:2280} INFO - Setting next_dagrun for example_kubernetes_executor to None
[2026-09-23 11:30:23,573] {scheduler_job.py:190} INFO - Processing /home/airflow/.local/lib/python3.6/site-packages/airflow/example_dags/example_kubernetes_executor.py took 0.081 seconds
[2026-09-23 11:30:54,139] {scheduler_job.py:182} INFO - Started process (PID=475) to work on /home/airflow/.local/lib/python3.6/site-packages/airflow/example_dags/example_kubernetes_executor.py
[2026-09-23 11:30:54,140] {scheduler_job.py:629} INFO - Processing file /home/airflow/.local/lib/python3.6/site-packages/airflow/example_dags/example_kubernetes_executor.py for tasks to queue
[2026-09-23 11:30:54,141] {logging_mixin.py:104} INFO - [2026-09-23 11:30:54,141] {dagbag.py:451} INFO - Filling up the DagBag from /home/airflow/.local/lib/python3.6/site-packages/airflow/example_dags/example_kubernetes_executor.py
[2026-09-23 11:30:54,158] {scheduler_job.py:639} INFO - DAG(s) dict_keys(['example_kubernetes_executor']) retrieved from /home/airflow/.local/lib/python3.6/site-packages/airflow/example_dags/example_kubernetes_executor.py
[2026-09-23 11:30:54,191] {logging_mixin.py:104} INFO - [2026-09-23 11:30:54,190] {dag.py:1824} INFO - Sync 1 DAGs
[2026-09-23 11:30:54,218] {logging_mixin.py:104} INFO - [2026-09-23 11:30:54,218] {dag.py:2280} INFO - Setting next_dagrun for example_kubernetes_executor to None
[2026-09-23 11:30:54,241] {scheduler_job.py:190} INFO - Processing /home/airflow/.local/lib/python3.6/site-packages/airflow/example_dags/example_kubernetes_executor.py took 0.107 seconds
[2026-09-23 11:31:24,711] {scheduler_job.py:182} INFO - Started process (PID=501) to work on /home/airflow/.local/lib/python3.6/site-packages/airflow/example_dags/example_kubernetes_executor.py
[2026-09-23 11:31:24,712] {scheduler_job.py:629} INFO - Processing file /home/airflow/.local/lib/python3.6/site-packages/airflow/example_dags/example_kubernetes_executor.py for tasks to queue
[2026-09-23 11:31:24,713] {logging_mixin.py:104} INFO - [2026-09-23 11:31:24,713] {dagbag.py:451} INFO - Filling up the DagBag from /home/airflow/.local/lib/python3.6/site-packages/airflow/example_dags/example_kubernetes_executor.py
[2026-09-23 11:31:24,731] {scheduler_job.py:639} INFO - DAG(s) dict_keys(['example_kubernetes_executor']) retrieved from /home/airflow/.local/lib/python3.6/site-packages/airflow/example_dags/example_kubernetes_executor.py
[2026-09-23 11:31:24,757] {logging_mixin.py:104} INFO - [2026-09-23 11:31:24,757] {dag.py:1824} INFO - Sync 1 DAGs
[2026-09-23 11:31:24,778] {logging_mixin.py:104} INFO - [2026-09-23 11:31:24,778] {dag.py:2280} INFO - Setting next_dagrun for example_kubernetes_executor to None
[2026-09-23 11:31:24,798] {scheduler_job.py:190} INFO - Processing /home/airflow/.local/lib/python3.6/site-packages/airflow/example_dags/example_kubernetes_executor.py took 0.091 seconds
[2026-09-23 11:31:55,241] {scheduler_job.py:182} INFO - Started process (PID=527) to work on /home/airflow/.local/lib/python3.6/site-packages/airflow/example_dags/example_kubernetes_executor.py
[2026-09-23 11:31:55,242] {scheduler_job.py:629} INFO - Processing file /home/airflow/.local/lib/python3.6/site-packages/airflow/example_dags/example_kubernetes_executor.py for tasks to queue
[2026-09-23 11:31:55,243] {logging_mixin.py:104} INFO - [2026-09-23 11:31:55,242] {dagbag.py:451} INFO - Filling up the DagBag from /home/airflow/.local/lib/python3.6/site-packages/airflow/example_dags/example_kubernetes_executor.py
[2026-09-23 11:31:55,259] {scheduler_job.py:639} INFO - DAG(s) dict_keys(['example_kubernetes_executor']) retrieved from /home/airflow/.local/lib/python3.6/site-packages/airflow/example_dags/example_kubernetes_executor.py
[2026-09-23 11:31:55,284] {logging_mixin.py:104} INFO - [2026-09-23 11:31:55,283] {dag.py:1824} INFO - Sync 1 DAGs
[2026-09-23 11:31:55,304] {logging_mixin.py:104} INFO - [2026-09-23 11:31:55,303] {dag.py:2280} INFO - Setting next_dagrun for example_kubernetes_executor to None
[2026-09-23 11:31:55,319] {scheduler_job.py:190} INFO - Processing /home/airflow/.local/lib/python3.6/site-packages/airflow/example_dags/example_kubernetes_executor.py took 0.083 seconds
[2026-09-23 11:32:25,746] {scheduler_job.py:182} INFO - Started process (PID=553) to work on /home/airflow/.local/lib/python3.6/site-packages/airflow/example_dags/example_kubernetes_executor.py
[2026-09-23 11:32:25,747] {scheduler_job.py:629} INFO - Processing file /home/airflow/.local/lib/python3.6/site-packages/airflow/example_dags/example_kubernetes_executor.py for tasks to queue
[2026-09-23 11:32:25,748] {logging_mixin.py:104} INFO - [2026-09-23 11:32:25,748] {dagbag.py:451} INFO - Filling up the DagBag from /home/airflow/.local/lib/python3.6/site-packages/airflow/example_dags/example_kubernetes_executor.py
[2026-09-23 11:32:25,764] {scheduler_job.py:639} INFO - DAG(s) dict_keys(['example_kubernetes_executor']) retrieved from /home/airflow/.local/lib/python3.6/site-packages/airflow/example_dags/example_kubernetes_executor.py
[2026-09-23 11:32:25,792] {logging_mixin.py:104} INFO - [2026-09-23 11:32:25,792] {dag.py:1824} INFO - Sync 1 DAGs
[2026-09-23 11:32:25,812] {logging_mixin.py:104} INFO - [2026-09-23 11:32:25,812] {dag.py:2280} INFO - Setting next_dagrun for example_kubernetes_executor to None
[2026-09-23 11:32:25,829] {scheduler_job.py:190} INFO - Processing /home/airflow/.local/lib/python3.6/site-packages/airflow/example_dags/example_kubernetes_executor.py took 0.087 seconds
[2026-09-23 11:32:56,263] {scheduler_job.py:182} INFO - Started process (PID=579) to work on /home/airflow/.local/lib/python3.6/site-packages/airflow/example_dags/example_kubernetes_executor.py
[2026-09-23 11:32:56,265] {scheduler_job.py:629} INFO - Processing file /home/airflow/.local/lib/python3.6/site-packages/airflow/example_dags/example_kubernetes_executor.py for tasks to queue
[2026-09-23 11:32:56,265] {logging_mixin.py:104} INFO - [2026-09-23 11:32:56,265] {dagbag.py:451} INFO - Filling up the DagBag from /home/airflow/.local/lib/python3.6/site-packages/airflow/example_dags/example_kubernetes_executor.py
[2026-09-23 11:32:56,282] {scheduler_job.py:639} INFO - DAG(s) dict_keys(['example_kubernetes_executor']) retrieved from /home/airflow/.local/lib/python3.6/site-packages/airflow/example_dags/example_kubernetes_executor.py
[2026-09-23 11:32:56,310] {logging_mixin.py:104} INFO - [2026-09-23 11:32:56,310] {dag.py:1824} INFO - Sync 1 DAGs
[2026-09-23 11:32:56,334] {logging_mixin.py:104} INFO - [2026-09-23 11:32:56,333] {dag.py:2280} INFO - Setting next_dagrun for example_kubernetes_executor to None
[2026-09-23 11:32:56,353] {scheduler_job.py:190} INFO - Processing /home/airflow/.local/lib/python3.6/site-packages/airflow/example_dags/example_kubernetes_executor.py took 0.094 seconds
[2026-09-23 11:33:26,778] {scheduler_job.py:182} INFO - Started process (PID=605) to work on /home/airflow/.local/lib/python3.6/site-packages/airflow/example_dags/example_kubernetes_executor.py
[2026-09-23 11:33:26,779] {scheduler_job.py:629} INFO - Processing file /home/airflow/.local/lib/python3.6/site-packages/airflow/example_dags/example_kubernetes_executor.py for tasks to queue
[2026-09-23 11:33:26,780] {logging_mixin.py:104} INFO - [2026-09-23 11:33:26,780] {dagbag.py:451} INFO - Filling up the DagBag from /home/airflow/.local/lib/python3.6/site-packages/airflow/example_dags/example_kubernetes_executor.py
[2026-09-23 11:33:26,796] {scheduler_job.py:639} INFO - DAG(s) dict_keys(['example_kubernetes_executor']) retrieved from /home/airflow/.local/lib/python3.6/site-packages/airflow/example_dags/example_kubernetes_executor.py
[2026-09-23 11:33:26,820] {logging_mixin.py:104} INFO - [2026-09-23 11:33:26,820] {dag.py:1824} INFO - Sync 1 DAGs
[2026-09-23 11:33:26,841] {logging_mixin.py:104} INFO - [2026-09-23 11:33:26,841] {dag.py:2280} INFO - Setting next_dagrun for example_kubernetes_executor to None
[2026-09-23 11:33:26,862] {scheduler_job.py:190} INFO - Processing /home/airflow/.local/lib/python3.6/site-packages/airflow/example_dags/example_kubernetes_executor.py took 0.087 seconds
[2026-09-23 11:33:57,275] {scheduler_job.py:182} INFO - Started process (PID=631) to work on /home/airflow/.local/lib/python3.6/site-packages/airflow/example_dags/example_kubernetes_executor.py
[2026-09-23 11:33:57,276] {scheduler_job.py:629} INFO - Processing file /home/airflow/.local/lib/python3.6/site-packages/airflow/example_dags/example_kubernetes_executor.py for tasks to queue
[2026-09-23 11:33:57,277] {logging_mixin.py:104} INFO - [2026-09-23 11:33:57,277] {dagbag.py:451} INFO - Filling up the DagBag from /home/airflow/.local/lib/python3.6/site-packages/airflow/example_dags/example_kubernetes_executor.py
[2026-09-23 11:33:57,293] {scheduler_job.py:639} INFO - DAG(s) dict_keys(['example_kubernetes_executor']) retrieved from /home/airflow/.local/lib/python3.6/site-packages/airflow/example_dags/example_kubernetes_executor.py
[2026-09-23 11:33:57,318] {logging_mixin.py:104} INFO - [2026-09-23 11:33:57,318] {dag.py:1824} INFO - Sync 1 DAGs
[2026-09-23 11:33:57,336] {logging_mixin.py:104} INFO - [2026-09-23 11:33:57,336] {dag.py:2280} INFO - Setting next_dagrun for example_kubernetes_executor to None
[2026-09-23 11:33:57,352] {scheduler_job.py:190} INFO - Processing /home/airflow/.local/lib/python3.6/site-packages/airflow/example_dags/example_kubernetes_executor.py took 0.080 seconds
[2026-09-23 11:34:27,811] {scheduler_job.py:182} INFO - Started process (PID=657) to work on /home/airflow/.local/lib/python3.6/site-packages/airflow/example_dags/example_kubernetes_executor.py
[2026-09-23 11:34:27,813] {scheduler_job.py:629} INFO - Processing file /home/airflow/.local/lib/python3.6/site-packages/airflow/example_dags/example_kubernetes_executor.py for tasks to queue
[2026-09-23 11:34:27,814] {logging_mixin.py:104} INFO - [2026-09-23 11:34:27,814] {dagbag.py:451} INFO - Filling up the DagBag from /home/airflow/.local/lib/python3.6/site-packages/airflow/example_dags/example_kubernetes_executor.py
[2026-09-23 11:34:27,831] {scheduler_job.py:639} INFO - DAG(s) dict_keys(['example_kubernetes_executor']) retrieved from /home/airflow/.local/lib/python3.6/site-packages/airflow/example_dags/example_kubernetes_executor.py
[2026-09-23 11:34:27,860] {logging_mixin.py:104} INFO - [2026-09-23 11:34:27,860] {dag.py:1824} INFO - Sync 1 DAGs
[2026-09-23 11:34:27,886] {logging_mixin.py:104} INFO - [2026-09-23 11:34:27,885] {dag.py:2280} INFO - Setting next_dagrun for example_kubernetes_executor to None
[2026-09-23 11:34:27,902] {scheduler_job.py:190} INFO - Processing /home/airflow/.local/lib/python3.6/site-packages/airflow/example_dags/example_kubernetes_executor.py took 0.095 seconds
[2026-09-23 11:34:58,325] {scheduler_job.py:182} INFO - Started process (PID=683) to work on /home/airflow/.local/lib/python3.6/site-packages/airflow/example_dags/example_kubernetes_executor.py
[2026-09-23 11:34:58,326] {scheduler_job.py:629} INFO - Processing file /home/airflow/.local/lib/python3.6/site-packages/airflow/example_dags/example_kubernetes_executor.py for tasks to queue
[2026-09-23 11:34:58,327] {logging_mixin.py:104} INFO - [2026-09-23 11:34:58,326] {dagbag.py:451} INFO - Filling up the DagBag from /home/airflow/.local/lib/python3.6/site-packages/airflow/example_dags/example_kubernetes_executor.py
[2026-09-23 11:34:58,342] {scheduler_job.py:639} INFO - DAG(s) dict_keys(['example_kubernetes_executor']) retrieved from /home/airflow/.local/lib/python3.6/site-packages/airflow/example_dags/example_kubernetes_executor.py
[2026-09-23 11:34:58,368] {logging_mixin.py:104} INFO - [2026-09-23 11:34:58,367] {dag.py:1824} INFO - Sync 1 DAGs
[2026-09-23 11:34:58,386] {logging_mixin.py:104} INFO - [2026-09-23 11:34:58,386] {dag.py:2280} INFO - Setting next_dagrun for example_kubernetes_executor to None
[2026-09-23 11:34:58,399] {scheduler_job.py:190} INFO - Processing /home/airflow/.local/lib/python3.6/site-packages/airflow/example_dags/example_kubernetes_executor.py took 0.078 seconds
[2026-09-23 11:35:29,151] {scheduler_job.py:182} INFO - Started process (PID=709) to work on /home/airflow/.local/lib/python3.6/site-packages/airflow/example_dags/example_kubernetes_executor.py
[2026-09-23 11:35:29,152] {scheduler_job.py:629} INFO - Processing file /home/airflow/.local/lib/python3.6/site-packages/airflow/example_dags/example_kubernetes_executor.py for tasks to queue
[2026-09-23 11:35:29,157] {logging_mixin.py:104} INFO - [2026-09-23 11:35:29,153] {dagbag.py:451} INFO - Filling up the DagBag from /home/airflow/.local/lib/python3.6/site-packages/airflow/example_dags/example_kubernetes_executor.py
[2026-09-23 11:35:29,179] {scheduler_job.py:639} INFO - DAG(s) dict_keys(['example_kubernetes_executor']) retrieved from /home/airflow/.local/lib/python3.6/site-packages/airflow/example_dags/example_kubernetes_executor.py
[2026-09-23 11:35:29,218] {logging_mixin.py:104} INFO - [2026-09-23 11:35:29,218] {dag.py:1824} INFO - Sync 1 DAGs
[2026-09-23 11:35:29,246] {logging_mixin.py:104} INFO - [2026-09-23 11:35:29,246] {dag.py:2280} INFO - Setting next_dagrun for example_kubernetes_executor to None
[2026-09-23 11:35:29,275] {scheduler_job.py:190} INFO - Processing /home/airflow/.local/lib/python3.6/site-packages/airflow/example_dags/example_kubernetes_executor.py took 0.130 seconds
[2026-09-23 11:35:59,333] {scheduler_job.py:182} INFO - Started process (PID=735) to work on /home/airflow/.local/lib/python3.6/site-packages/airflow/example_dags/example_kubernetes_executor.py
[2026-09-23 11:35:59,335] {scheduler_job.py:629} INFO - Processing file /home/airflow/.local/lib/python3.6/site-packages/airflow/example_dags/example_kubernetes_executor.py for tasks to queue
[2026-09-23 11:35:59,336] {logging_mixin.py:104} INFO - [2026-09-23 11:35:59,336] {dagbag.py:451} INFO - Filling up the DagBag from /home/airflow/.local/lib/python3.6/site-packages/airflow/example_dags/example_kubernetes_executor.py
[2026-09-23 11:35:59,362] {scheduler_job.py:639} INFO - DAG(s) dict_keys(['example_kubernetes_executor']) retrieved from /home/airflow/.local/lib/python3.6/site-packages/airflow/example_dags/example_kubernetes_executor.py
[2026-09-23 11:35:59,390] {logging_mixin.py:104} INFO - [2026-09-23 11:35:59,390] {dag.py:1824} INFO - Sync 1 DAGs
[2026-09-23 11:35:59,409] {logging_mixin.py:104} INFO - [2026-09-23 11:35:59,409] {dag.py:2280} INFO - Setting next_dagrun for example_kubernetes_executor to None
[2026-09-23 11:35:59,424] {scheduler_job.py:190} INFO - Processing /home/airflow/.local/lib/python3.6/site-packages/airflow/example_dags/example_kubernetes_executor.py took 0.100 seconds
[2026-09-23 11:36:29,869] {scheduler_job.py:182} INFO - Started process (PID=761) to work on /home/airflow/.local/lib/python3.6/site-packages/airflow/example_dags/example_kubernetes_executor.py
[2026-09-23 11:36:29,872] {scheduler_job.py:629} INFO - Processing file /home/airflow/.local/lib/python3.6/site-packages/airflow/example_dags/example_kubernetes_executor.py for tasks to queue
[2026-09-23 11:36:29,873] {logging_mixin.py:104} INFO - [2026-09-23 11:36:29,873] {dagbag.py:451} INFO - Filling up the DagBag from /home/airflow/.local/lib/python3.6/site-packages/airflow/example_dags/example_kubernetes_executor.py
[2026-09-23 11:36:29,907] {scheduler_job.py:639} INFO - DAG(s) dict_keys(['example_kubernetes_executor']) retrieved from /home/airflow/.local/lib/python3.6/site-packages/airflow/example_dags/example_kubernetes_executor.py
[2026-09-23 11:36:29,953] {logging_mixin.py:104} INFO - [2026-09-23 11:36:29,953] {dag.py:1824} INFO - Sync 1 DAGs
[2026-09-23 11:36:29,991] {logging_mixin.py:104} INFO - [2026-09-23 11:36:29,990] {dag.py:2280} INFO - Setting next_dagrun for example_kubernetes_executor to None
[2026-09-23 11:36:30,015] {scheduler_job.py:190} INFO - Processing /home/airflow/.local/lib/python3.6/site-packages/airflow/example_dags/example_kubernetes_executor.py took 0.157 seconds
[2026-09-23 11:37:00,178] {scheduler_job.py:182} INFO - Started process (PID=787) to work on /home/airflow/.local/lib/python3.6/site-packages/airflow/example_dags/example_kubernetes_executor.py
[2026-09-23 11:37:00,179] {scheduler_job.py:629} INFO - Processing file /home/airflow/.local/lib/python3.6/site-packages/airflow/example_dags/example_kubernetes_executor.py for tasks to queue
[2026-09-23 11:37:00,180] {logging_mixin.py:104} INFO - [2026-09-23 11:37:00,180] {dagbag.py:451} INFO - Filling up the DagBag from /home/airflow/.local/lib/python3.6/site-packages/airflow/example_dags/example_kubernetes_executor.py
[2026-09-23 11:37:00,207] {scheduler_job.py:639} INFO - DAG(s) dict_keys(['example_kubernetes_executor']) retrieved from /home/airflow/.local/lib/python3.6/site-packages/airflow/example_dags/example_kubernetes_executor.py
[2026-09-23 11:37:00,247] {logging_mixin.py:104} INFO - [2026-09-23 11:37:00,247] {dag.py:1824} INFO - Sync 1 DAGs
[2026-09-23 11:37:00,275] {logging_mixin.py:104} INFO - [2026-09-23 11:37:00,275] {dag.py:2280} INFO - Setting next_dagrun for example_kubernetes_executor to None
[2026-09-23 11:37:00,298] {scheduler_job.py:190} INFO - Processing /home/airflow/.local/lib/python3.6/site-packages/airflow/example_dags/example_kubernetes_executor.py took 0.126 seconds
[2026-09-23 11:37:30,478] {scheduler_job.py:182} INFO - Started process (PID=812) to work on /home/airflow/.local/lib/python3.6/site-packages/airflow/example_dags/example_kubernetes_executor.py
[2026-09-23 11:37:30,479] {scheduler_job.py:629} INFO - Processing file /home/airflow/.local/lib/python3.6/site-packages/airflow/example_dags/example_kubernetes_executor.py for tasks to queue
[2026-09-23 11:37:30,481] {logging_mixin.py:104} INFO - [2026-09-23 11:37:30,481] {dagbag.py:451} INFO - Filling up the DagBag from /home/airflow/.local/lib/python3.6/site-packages/airflow/example_dags/example_kubernetes_executor.py
[2026-09-23 11:37:30,508] {scheduler_job.py:639} INFO - DAG(s) dict_keys(['example_kubernetes_executor']) retrieved from /home/airflow/.local/lib/python3.6/site-packages/airflow/example_dags/example_kubernetes_executor.py
[2026-09-23 11:37:30,540] {logging_mixin.py:104} INFO - [2026-09-23 11:37:30,539] {dag.py:1824} INFO - Sync 1 DAGs
[2026-09-23 11:37:30,570] {logging_mixin.py:104} INFO - [2026-09-23 11:37:30,569] {dag.py:2280} INFO - Setting next_dagrun for example_kubernetes_executor to None
[2026-09-23 11:37:30,592] {scheduler_job.py:190} INFO - Processing /home/airflow/.local/lib/python3.6/site-packages/airflow/example_dags/example_kubernetes_executor.py took 0.120 seconds
[2026-09-23 11:38:01,033] {scheduler_job.py:182} INFO - Started process (PID=839) to work on /home/airflow/.local/lib/python3.6/site-packages/airflow/example_dags/example_kubernetes_executor.py
[2026-09-23 11:38:01,035] {scheduler_job.py:629} INFO - Processing file /home/airflow/.local/lib/python3.6/site-packages/airflow/example_dags/example_kubernetes_executor.py for tasks to queue
[2026-09-23 11:38:01,037] {logging_mixin.py:104} INFO - [2026-09-23 11:38:01,036] {dagbag.py:451} INFO - Filling up the DagBag from /home/airflow/.local/lib/python3.6/site-packages/airflow/example_dags/example_kubernetes_executor.py
[2026-09-23 11:38:01,064] {scheduler_job.py:639} INFO - DAG(s) dict_keys(['example_kubernetes_executor']) retrieved from /home/airflow/.local/lib/python3.6/site-packages/airflow/example_dags/example_kubernetes_executor.py
[2026-09-23 11:38:01,097] {logging_mixin.py:104} INFO - [2026-09-23 11:38:01,097] {dag.py:1824} INFO - Sync 1 DAGs
[2026-09-23 11:38:01,127] {logging_mixin.py:104} INFO - [2026-09-23 11:38:01,127] {dag.py:2280} INFO - Setting next_dagrun for example_kubernetes_executor to None
[2026-09-23 11:38:01,149] {scheduler_job.py:190} INFO - Processing /home/airflow/.local/lib/python3.6/site-packages/airflow/example_dags/example_kubernetes_executor.py took 0.122 seconds
[2026-09-23 11:38:31,287] {scheduler_job.py:182} INFO - Started process (PID=866) to work on /home/airflow/.local/lib/python3.6/site-packages/airflow/example_dags/example_kubernetes_executor.py
[2026-09-23 11:38:31,289] {scheduler_job.py:629} INFO - Processing file /home/airflow/.local/lib/python3.6/site-packages/airflow/example_dags/example_kubernetes_executor.py for tasks to queue
[2026-09-23 11:38:31,290] {logging_mixin.py:104} INFO - [2026-09-23 11:38:31,290] {dagbag.py:451} INFO - Filling up the DagBag from /home/airflow/.local/lib/python3.6/site-packages/airflow/example_dags/example_kubernetes_executor.py
[2026-09-23 11:38:31,319] {scheduler_job.py:639} INFO - DAG(s) dict_keys(['example_kubernetes_executor']) retrieved from /home/airflow/.local/lib/python3.6/site-packages/airflow/example_dags/example_kubernetes_executor.py
[2026-09-23 11:38:31,365] {logging_mixin.py:104} INFO - [2026-09-23 11:38:31,365] {dag.py:1824} INFO - Sync 1 DAGs
[2026-09-23 11:38:31,402] {logging_mixin.py:104} INFO - [2026-09-23 11:38:31,402] {dag.py:2280} INFO - Setting next_dagrun for example_kubernetes_executor to None
[2026-09-23 11:38:31,433] {scheduler_job.py:190} INFO - Processing /home/airflow/.local/lib/python3.6/site-packages/airflow/example_dags/example_kubernetes_executor.py took 0.152 seconds
[2026-09-23 11:39:01,707] {scheduler_job.py:182} INFO - Started process (PID=892) to work on /home/airflow/.local/lib/python3.6/site-packages/airflow/example_dags/example_kubernetes_executor.py
[2026-09-23 11:39:01,709] {scheduler_job.py:629} INFO - Processing file /home/airflow/.local/lib/python3.6/site-packages/airflow/example_dags/example_kubernetes_executor.py for tasks to queue
[2026-09-23 11:39:01,710] {logging_mixin.py:104} INFO - [2026-09-23 11:39:01,710] {dagbag.py:451} INFO - Filling up the DagBag from /home/airflow/.local/lib/python3.6/site-packages/airflow/example_dags/example_kubernetes_executor.py
[2026-09-23 11:39:01,735] {scheduler_job.py:639} INFO - DAG(s) dict_keys(['example_kubernetes_executor']) retrieved from /home/airflow/.local/lib/python3.6/site-packages/airflow/example_dags/example_kubernetes_executor.py
[2026-09-23 11:39:01,772] {logging_mixin.py:104} INFO - [2026-09-23 11:39:01,771] {dag.py:1824} INFO - Sync 1 DAGs
[2026-09-23 11:39:01,802] {logging_mixin.py:104} INFO - [2026-09-23 11:39:01,801] {dag.py:2280} INFO - Setting next_dagrun for example_kubernetes_executor to None
[2026-09-23 11:39:01,824] {scheduler_job.py:190} INFO - Processing /home/airflow/.local/lib/python3.6/site-packages/airflow/example_dags/example_kubernetes_executor.py took 0.123 seconds
[2026-09-23 11:39:32,458] {scheduler_job.py:182} INFO - Started process (PID=917) to work on /home/airflow/.local/lib/python3.6/site-packages/airflow/example_dags/example_kubernetes_executor.py
[2026-09-23 11:39:32,462] {scheduler_job.py:629} INFO - Processing file /home/airflow/.local/lib/python3.6/site-packages/airflow/example_dags/example_kubernetes_executor.py for tasks to queue
[2026-09-23 11:39:32,462] {logging_mixin.py:104} INFO - [2026-09-23 11:39:32,462] {dagbag.py:451} INFO - Filling up the DagBag from /home/airflow/.local/lib/python3.6/site-packages/airflow/example_dags/example_kubernetes_executor.py
[2026-09-23 11:39:32,479] {scheduler_job.py:639} INFO - DAG(s) dict_keys(['example_kubernetes_executor']) retrieved from /home/airflow/.local/lib/python3.6/site-packages/airflow/example_dags/example_kubernetes_executor.py
[2026-09-23 11:39:32,512] {logging_mixin.py:104} INFO - [2026-09-23 11:39:32,512] {dag.py:1824} INFO - Sync 1 DAGs
[2026-09-23 11:39:32,549] {logging_mixin.py:104} INFO - [2026-09-23 11:39:32,549] {dag.py:2280} INFO - Setting next_dagrun for example_kubernetes_executor to None
[2026-09-23 11:39:32,584] {scheduler_job.py:190} INFO - Processing /home/airflow/.local/lib/python3.6/site-packages/airflow/example_dags/example_kubernetes_executor.py took 0.130 seconds
[2026-09-23 11:40:02,795] {scheduler_job.py:182} INFO - Started process (PID=943) to work on /home/airflow/.local/lib/python3.6/site-packages/airflow/example_dags/example_kubernetes_executor.py
[2026-09-23 11:40:02,800] {scheduler_job.py:629} INFO - Processing file /home/airflow/.local/lib/python3.6/site-packages/airflow/example_dags/example_kubernetes_executor.py for tasks to queue
[2026-09-23 11:40:02,802] {logging_mixin.py:104} INFO - [2026-09-23 11:40:02,801] {dagbag.py:451} INFO - Filling up the DagBag from /home/airflow/.local/lib/python3.6/site-packages/airflow/example_dags/example_kubernetes_executor.py
[2026-09-23 11:40:02,827] {scheduler_job.py:639} INFO - DAG(s) dict_keys(['example_kubernetes_executor']) retrieved from /home/airflow/.local/lib/python3.6/site-packages/airflow/example_dags/example_kubernetes_executor.py
[2026-09-23 11:40:02,876] {logging_mixin.py:104} INFO - [2026-09-23 11:40:02,876] {dag.py:1824} INFO - Sync 1 DAGs
[2026-09-23 11:40:02,908] {logging_mixin.py:104} INFO - [2026-09-23 11:40:02,908] {dag.py:2280} INFO - Setting next_dagrun for example_kubernetes_executor to None
[2026-09-23 11:40:02,939] {scheduler_job.py:190} INFO - Processing /home/airflow/.local/lib/python3.6/site-packages/airflow/example_dags/example_kubernetes_executor.py took 0.152 seconds
[2026-09-23 11:40:33,392] {scheduler_job.py:182} INFO - Started process (PID=969) to work on /home/airflow/.local/lib/python3.6/site-packages/airflow/example_dags/example_kubernetes_executor.py
[2026-09-23 11:40:33,394] {scheduler_job.py:629} INFO - Processing file /home/airflow/.local/lib/python3.6/site-packages/airflow/example_dags/example_kubernetes_executor.py for tasks to queue
[2026-09-23 11:40:33,395] {logging_mixin.py:104} INFO - [2026-09-23 11:40:33,395] {dagbag.py:451} INFO - Filling up the DagBag from /home/airflow/.local/lib/python3.6/site-packages/airflow/example_dags/example_kubernetes_executor.py
[2026-09-23 11:40:33,418] {scheduler_job.py:639} INFO - DAG(s) dict_keys(['example_kubernetes_executor']) retrieved from /home/airflow/.local/lib/python3.6/site-packages/airflow/example_dags/example_kubernetes_executor.py
[2026-09-23 11:40:33,468] {logging_mixin.py:104} INFO - [2026-09-23 11:40:33,468] {dag.py:1824} INFO - Sync 1 DAGs
[2026-09-23 11:40:33,499] {logging_mixin.py:104} INFO - [2026-09-23 11:40:33,498] {dag.py:2280} INFO - Setting next_dagrun for example_kubernetes_executor to None
[2026-09-23 11:40:33,529] {scheduler_job.py:190} INFO - Processing /home/airflow/.local/lib/python3.6/site-packages/airflow/example_dags/example_kubernetes_executor.py took 0.142 seconds
[2026-09-23 11:41:03,693] {scheduler_job.py:182} INFO - Started process (PID=995) to work on /home/airflow/.local/lib/python3.6/site-packages/airflow/example_dags/example_kubernetes_executor.py
[2026-09-23 11:41:03,694] {scheduler_job.py:629} INFO - Processing file /home/airflow/.local/lib/python3.6/site-packages/airflow/example_dags/example_kubernetes_executor.py for tasks to queue
[2026-09-23 11:41:03,696] {logging_mixin.py:104} INFO - [2026-09-23 11:41:03,695] {dagbag.py:451} INFO - Filling up the DagBag from /home/airflow/.local/lib/python3.6/site-packages/airflow/example_dags/example_kubernetes_executor.py
[2026-09-23 11:41:03,719] {scheduler_job.py:639} INFO - DAG(s) dict_keys(['example_kubernetes_executor']) retrieved from /home/airflow/.local/lib/python3.6/site-packages/airflow/example_dags/example_kubernetes_executor.py
[2026-09-23 11:41:03,757] {logging_mixin.py:104} INFO - [2026-09-23 11:41:03,757] {dag.py:1824} INFO - Sync 1 DAGs
[2026-09-23 11:41:03,801] {logging_mixin.py:104} INFO - [2026-09-23 11:41:03,800] {dag.py:2280} INFO - Setting next_dagrun for example_kubernetes_executor to None
[2026-09-23 11:41:03,825] {scheduler_job.py:190} INFO - Processing /home/airflow/.local/lib/python3.6/site-packages/airflow/example_dags/example_kubernetes_executor.py took 0.137 seconds
[2026-09-23 11:41:34,077] {scheduler_job.py:182} INFO - Started process (PID=1020) to work on /home/airflow/.local/lib/python3.6/site-packages/airflow/example_dags/example_kubernetes_executor.py
[2026-09-23 11:41:34,079] {scheduler_job.py:629} INFO - Processing file /home/airflow/.local/lib/python3.6/site-packages/airflow/example_dags/example_kubernetes_executor.py for tasks to queue
[2026-09-23 11:41:34,082] {logging_mixin.py:104} INFO - [2026-09-23 11:41:34,082] {dagbag.py:451} INFO - Filling up the DagBag from /home/airflow/.local/lib/python3.6/site-packages/airflow/example_dags/example_kubernetes_executor.py
[2026-09-23 11:41:34,107] {scheduler_job.py:639} INFO - DAG(s) dict_keys(['example_kubernetes_executor']) retrieved from /home/airflow/.local/lib/python3.6/site-packages/airflow/example_dags/example_kubernetes_executor.py
[2026-09-23 11:41:34,154] {logging_mixin.py:104} INFO - [2026-09-23 11:41:34,153] {dag.py:1824} INFO - Sync 1 DAGs
[2026-09-23 11:41:34,185] {logging_mixin.py:104} INFO - [2026-09-23 11:41:34,185] {dag.py:2280} INFO - Setting next_dagrun for example_kubernetes_executor to None
[2026-09-23 11:41:34,212] {scheduler_job.py:190} INFO - Processing /home/airflow/.local/lib/python3.6/site-packages/airflow/example_dags/example_kubernetes_executor.py took 0.141 seconds
[2026-09-23 11:42:05,026] {scheduler_job.py:182} INFO - Started process (PID=1047) to work on /home/airflow/.local/lib/python3.6/site-packages/airflow/example_dags/example_kubernetes_executor.py
[2026-09-23 11:42:05,028] {scheduler_job.py:629} INFO - Processing file /home/airflow/.local/lib/python3.6/site-packages/airflow/example_dags/example_kubernetes_executor.py for tasks to queue
[2026-09-23 11:42:05,029] {logging_mixin.py:104} INFO - [2026-09-23 11:42:05,029] {dagbag.py:451} INFO - Filling up the DagBag from /home/airflow/.local/lib/python3.6/site-packages/airflow/example_dags/example_kubernetes_executor.py
[2026-09-23 11:42:05,083] {scheduler_job.py:639} INFO - DAG(s) dict_keys(['example_kubernetes_executor']) retrieved from /home/airflow/.local/lib/python3.6/site-packages/airflow/example_dags/example_kubernetes_executor.py
[2026-09-23 11:42:05,145] {logging_mixin.py:104} INFO - [2026-09-23 11:42:05,144] {dag.py:1824} INFO - Sync 1 DAGs
[2026-09-23 11:42:05,184] {logging_mixin.py:104} INFO - [2026-09-23 11:42:05,184] {dag.py:2280} INFO - Setting next_dagrun for example_kubernetes_executor to None
[2026-09-23 11:42:05,216] {scheduler_job.py:190} INFO - Processing /home/airflow/.local/lib/python3.6/site-packages/airflow/example_dags/example_kubernetes_executor.py took 0.198 seconds
[2026-09-23 11:42:35,794] {scheduler_job.py:182} INFO - Started process (PID=1073) to work on /home/airflow/.local/lib/python3.6/site-packages/airflow/example_dags/example_kubernetes_executor.py
[2026-09-23 11:42:35,796] {scheduler_job.py:629} INFO - Processing file /home/airflow/.local/lib/python3.6/site-packages/airflow/example_dags/example_kubernetes_executor.py for tasks to queue
[2026-09-23 11:42:35,797] {logging_mixin.py:104} INFO - [2026-09-23 11:42:35,797] {dagbag.py:451} INFO - Filling up the DagBag from /home/airflow/.local/lib/python3.6/site-packages/airflow/example_dags/example_kubernetes_executor.py
[2026-09-23 11:42:35,813] {scheduler_job.py:639} INFO - DAG(s) dict_keys(['example_kubernetes_executor']) retrieved from /home/airflow/.local/lib/python3.6/site-packages/airflow/example_dags/example_kubernetes_executor.py
[2026-09-23 11:42:35,851] {logging_mixin.py:104} INFO - [2026-09-23 11:42:35,851] {dag.py:1824} INFO - Sync 1 DAGs
[2026-09-23 11:42:35,878] {logging_mixin.py:104} INFO - [2026-09-23 11:42:35,878] {dag.py:2280} INFO - Setting next_dagrun for example_kubernetes_executor to None
[2026-09-23 11:42:35,901] {scheduler_job.py:190} INFO - Processing /home/airflow/.local/lib/python3.6/site-packages/airflow/example_dags/example_kubernetes_executor.py took 0.110 seconds
[2026-09-23 11:43:06,589] {scheduler_job.py:182} INFO - Started process (PID=1099) to work on /home/airflow/.local/lib/python3.6/site-packages/airflow/example_dags/example_kubernetes_executor.py
[2026-09-23 11:43:06,590] {scheduler_job.py:629} INFO - Processing file /home/airflow/.local/lib/python3.6/site-packages/airflow/example_dags/example_kubernetes_executor.py for tasks to queue
[2026-09-23 11:43:06,591] {logging_mixin.py:104} INFO - [2026-09-23 11:43:06,591] {dagbag.py:451} INFO - Filling up the DagBag from /home/airflow/.local/lib/python3.6/site-packages/airflow/example_dags/example_kubernetes_executor.py
[2026-09-23 11:43:06,615] {scheduler_job.py:639} INFO - DAG(s) dict_keys(['example_kubernetes_executor']) retrieved from /home/airflow/.local/lib/python3.6/site-packages/airflow/example_dags/example_kubernetes_executor.py
[2026-09-23 11:43:06,650] {logging_mixin.py:104} INFO - [2026-09-23 11:43:06,650] {dag.py:1824} INFO - Sync 1 DAGs
[2026-09-23 11:43:06,678] {logging_mixin.py:104} INFO - [2026-09-23 11:43:06,678] {dag.py:2280} INFO - Setting next_dagrun for example_kubernetes_executor to None
[2026-09-23 11:43:06,698] {scheduler_job.py:190} INFO - Processing /home/airflow/.local/lib/python3.6/site-packages/airflow/example_dags/example_kubernetes_executor.py took 0.117 seconds
[2026-09-23 11:43:37,172] {scheduler_job.py:182} INFO - Started process (PID=1125) to work on /home/airflow/.local/lib/python3.6/site-packages/airflow/example_dags/example_kubernetes_executor.py
[2026-09-23 11:43:37,173] {scheduler_job.py:629} INFO - Processing file /home/airflow/.local/lib/python3.6/site-packages/airflow/example_dags/example_kubernetes_executor.py for tasks to queue
[2026-09-23 11:43:37,174] {logging_mixin.py:104} INFO - [2026-09-23 11:43:37,174] {dagbag.py:451} INFO - Filling up the DagBag from /home/airflow/.local/lib/python3.6/site-packages/airflow/example_dags/example_kubernetes_executor.py
[2026-09-23 11:43:37,193] {scheduler_job.py:639} INFO - DAG(s) dict_keys(['example_kubernetes_executor']) retrieved from /home/airflow/.local/lib/python3.6/site-packages/airflow/example_dags/example_kubernetes_executor.py
[2026-09-23 11:43:37,232] {logging_mixin.py:104} INFO - [2026-09-23 11:43:37,232] {dag.py:1824} INFO - Sync 1 DAGs
[2026-09-23 11:43:37,255] {logging_mixin.py:104} INFO - [2026-09-23 11:43:37,255] {dag.py:2280} INFO - Setting next_dagrun for example_kubernetes_executor to None
[2026-09-23 11:43:37,271] {scheduler_job.py:190} INFO - Processing /home/airflow/.local/lib/python3.6/site-packages/airflow/example_dags/example_kubernetes_executor.py took 0.104 seconds
[2026-09-23 11:44:07,465] {scheduler_job.py:182} INFO - Started process (PID=1151) to work on /home/airflow/.local/lib/python3.6/site-packages/airflow/example_dags/example_kubernetes_executor.py
[2026-09-23 11:44:07,467] {scheduler_job.py:629} INFO - Processing file /home/airflow/.local/lib/python3.6/site-packages/airflow/example_dags/example_kubernetes_executor.py for tasks to queue
[2026-09-23 11:44:07,469] {logging_mixin.py:104} INFO - [2026-09-23 11:44:07,468] {dagbag.py:451} INFO - Filling up the DagBag from /home/airflow/.local/lib/python3.6/site-packages/airflow/example_dags/example_kubernetes_executor.py
[2026-09-23 11:44:07,487] {scheduler_job.py:639} INFO - DAG(s) dict_keys(['example_kubernetes_executor']) retrieved from /home/airflow/.local/lib/python3.6/site-packages/airflow/example_dags/example_kubernetes_executor.py
[2026-09-23 11:44:07,524] {logging_mixin.py:104} INFO - [2026-09-23 11:44:07,524] {dag.py:1824} INFO - Sync 1 DAGs
[2026-09-23 11:44:07,546] {logging_mixin.py:104} INFO - [2026-09-23 11:44:07,546] {dag.py:2280} INFO - Setting next_dagrun for example_kubernetes_executor to None
[2026-09-23 11:44:07,566] {scheduler_job.py:190} INFO - Processing /home/airflow/.local/lib/python3.6/site-packages/airflow/example_dags/example_kubernetes_executor.py took 0.106 seconds
[2026-09-23 11:44:37,637] {scheduler_job.py:182} INFO - Started process (PID=1177) to work on /home/airflow/.local/lib/python3.6/site-packages/airflow/example_dags/example_kubernetes_executor.py
[2026-09-23 11:44:37,639] {scheduler_job.py:629} INFO - Processing file /home/airflow/.local/lib/python3.6/site-packages/airflow/example_dags/example_kubernetes_executor.py for tasks to queue
[2026-09-23 11:44:37,640] {logging_mixin.py:104} INFO - [2026-09-23 11:44:37,640] {dagbag.py:451} INFO - Filling up the DagBag from /home/airflow/.local/lib/python3.6/site-packages/airflow/example_dags/example_kubernetes_executor.py
[2026-09-23 11:44:37,666] {scheduler_job.py:639} INFO - DAG(s) dict_keys(['example_kubernetes_executor']) retrieved from /home/airflow/.local/lib/python3.6/site-packages/airflow/example_dags/example_kubernetes_executor.py
[2026-09-23 11:44:37,706] {logging_mixin.py:104} INFO - [2026-09-23 11:44:37,706] {dag.py:1824} INFO - Sync 1 DAGs
[2026-09-23 11:44:37,739] {logging_mixin.py:104} INFO - [2026-09-23 11:44:37,739] {dag.py:2280} INFO - Setting next_dagrun for example_kubernetes_executor to None
[2026-09-23 11:44:37,760] {scheduler_job.py:190} INFO - Processing /home/airflow/.local/lib/python3.6/site-packages/airflow/example_dags/example_kubernetes_executor.py took 0.130 seconds
[2026-09-23 11:45:07,814] {scheduler_job.py:182} INFO - Started process (PID=1203) to work on /home/airflow/.local/lib/python3.6/site-packages/airflow/example_dags/example_kubernetes_executor.py
[2026-09-23 11:45:07,816] {scheduler_job.py:629} INFO - Processing file /home/airflow/.local/lib/python3.6/site-packages/airflow/example_dags/example_kubernetes_executor.py for tasks to queue
[2026-09-23 11:45:07,817] {logging_mixin.py:104} INFO - [2026-09-23 11:45:07,816] {dagbag.py:451} INFO - Filling up the DagBag from /home/airflow/.local/lib/python3.6/site-packages/airflow/example_dags/example_kubernetes_executor.py
[2026-09-23 11:45:07,837] {scheduler_job.py:639} INFO - DAG(s) dict_keys(['example_kubernetes_executor']) retrieved from /home/airflow/.local/lib/python3.6/site-packages/airflow/example_dags/example_kubernetes_executor.py
[2026-09-23 11:45:07,872] {logging_mixin.py:104} INFO - [2026-09-23 11:45:07,871] {dag.py:1824} INFO - Sync 1 DAGs
[2026-09-23 11:45:07,902] {logging_mixin.py:104} INFO - [2026-09-23 11:45:07,902] {dag.py:2280} INFO - Setting next_dagrun for example_kubernetes_executor to None
[2026-09-23 11:45:07,928] {scheduler_job.py:190} INFO - Processing /home/airflow/.local/lib/python3.6/site-packages/airflow/example_dags/example_kubernetes_executor.py took 0.119 seconds
[2026-09-23 11:45:38,275] {scheduler_job.py:182} INFO - Started process (PID=1228) to work on /home/airflow/.local/lib/python3.6/site-packages/airflow/example_dags/example_kubernetes_executor.py
[2026-09-23 11:45:38,277] {scheduler_job.py:629} INFO - Processing file /home/airflow/.local/lib/python3.6/site-packages/airflow/example_dags/example_kubernetes_executor.py for tasks to queue
[2026-09-23 11:45:38,279] {logging_mixin.py:104} INFO - [2026-09-23 11:45:38,278] {dagbag.py:451} INFO - Filling up the DagBag from /home/airflow/.local/lib/python3.6/site-packages/airflow/example_dags/example_kubernetes_executor.py
[2026-09-23 11:45:38,305] {scheduler_job.py:639} INFO - DAG(s) dict_keys(['example_kubernetes_executor']) retrieved from /home/airflow/.local/lib/python3.6/site-packages/airflow/example_dags/example_kubernetes_executor.py
[2026-09-23 11:45:38,346] {logging_mixin.py:104} INFO - [2026-09-23 11:45:38,345] {dag.py:1824} INFO - Sync 1 DAGs
[2026-09-23 11:45:38,379] {logging_mixin.py:104} INFO - [2026-09-23 11:45:38,378] {dag.py:2280} INFO - Setting next_dagrun for example_kubernetes_executor to None
[2026-09-23 11:45:38,404] {scheduler_job.py:190} INFO - Processing /home/airflow/.local/lib/python3.6/site-packages/airflow/example_dags/example_kubernetes_executor.py took 0.133 seconds
[2026-09-23 11:46:08,440] {scheduler_job.py:182} INFO - Started process (PID=1254) to work on /home/airflow/.local/lib/python3.6/site-packages/airflow/example_dags/example_kubernetes_executor.py
[2026-09-23 11:46:08,441] {scheduler_job.py:629} INFO - Processing file /home/airflow/.local/lib/python3.6/site-packages/airflow/example_dags/example_kubernetes_executor.py for tasks to queue
[2026-09-23 11:46:08,442] {logging_mixin.py:104} INFO - [2026-09-23 11:46:08,442] {dagbag.py:451} INFO - Filling up the DagBag from /home/airflow/.local/lib/python3.6/site-packages/airflow/example_dags/example_kubernetes_executor.py
[2026-09-23 11:46:08,458] {scheduler_job.py:639} INFO - DAG(s) dict_keys(['example_kubernetes_executor']) retrieved from /home/airflow/.local/lib/python3.6/site-packages/airflow/example_dags/example_kubernetes_executor.py
[2026-09-23 11:46:08,486] {logging_mixin.py:104} INFO - [2026-09-23 11:46:08,485] {dag.py:1824} INFO - Sync 1 DAGs
[2026-09-23 11:46:08,507] {logging_mixin.py:104} INFO - [2026-09-23 11:46:08,506] {dag.py:2280} INFO - Setting next_dagrun for example_kubernetes_executor to None
[2026-09-23 11:46:08,524] {scheduler_job.py:190} INFO - Processing /home/airflow/.local/lib/python3.6/site-packages/airflow/example_dags/example_kubernetes_executor.py took 0.089 seconds
[2026-09-23 11:46:38,608] {scheduler_job.py:182} INFO - Started process (PID=1280) to work on /home/airflow/.local/lib/python3.6/site-packages/airflow/example_dags/example_kubernetes_executor.py
[2026-09-23 11:46:38,613] {scheduler_job.py:629} INFO - Processing file /home/airflow/.local/lib/python3.6/site-packages/airflow/example_dags/example_kubernetes_executor.py for tasks to queue
[2026-09-23 11:46:38,614] {logging_mixin.py:104} INFO - [2026-09-23 11:46:38,614] {dagbag.py:451} INFO - Filling up the DagBag from /home/airflow/.local/lib/python3.6/site-packages/airflow/example_dags/example_kubernetes_executor.py
[2026-09-23 11:46:38,652] {scheduler_job.py:639} INFO - DAG(s) dict_keys(['example_kubernetes_executor']) retrieved from /home/airflow/.local/lib/python3.6/site-packages/airflow/example_dags/example_kubernetes_executor.py
[2026-09-23 11:46:38,693] {logging_mixin.py:104} INFO - [2026-09-23 11:46:38,693] {dag.py:1824} INFO - Sync 1 DAGs
[2026-09-23 11:46:38,723] {logging_mixin.py:104} INFO - [2026-09-23 11:46:38,722] {dag.py:2280} INFO - Setting next_dagrun for example_kubernetes_executor to None
[2026-09-23 11:46:38,749] {scheduler_job.py:190} INFO - Processing /home/airflow/.local/lib/python3.6/site-packages/airflow/example_dags/example_kubernetes_executor.py took 0.152 seconds
[2026-09-23 11:47:09,564] {scheduler_job.py:182} INFO - Started process (PID=1307) to work on /home/airflow/.local/lib/python3.6/site-packages/airflow/example_dags/example_kubernetes_executor.py
[2026-09-23 11:47:09,565] {scheduler_job.py:629} INFO - Processing file /home/airflow/.local/lib/python3.6/site-packages/airflow/example_dags/example_kubernetes_executor.py for tasks to queue
[2026-09-23 11:47:09,566] {logging_mixin.py:104} INFO - [2026-09-23 11:47:09,566] {dagbag.py:451} INFO - Filling up the DagBag from /home/airflow/.local/lib/python3.6/site-packages/airflow/example_dags/example_kubernetes_executor.py
[2026-09-23 11:47:09,584] {scheduler_job.py:639} INFO - DAG(s) dict_keys(['example_kubernetes_executor']) retrieved from /home/airflow/.local/lib/python3.6/site-packages/airflow/example_dags/example_kubernetes_executor.py
[2026-09-23 11:47:09,623] {logging_mixin.py:104} INFO - [2026-09-23 11:47:09,623] {dag.py:1824} INFO - Sync 1 DAGs
[2026-09-23 11:47:09,652] {logging_mixin.py:104} INFO - [2026-09-23 11:47:09,652] {dag.py:2280} INFO - Setting next_dagrun for example_kubernetes_executor to None
[2026-09-23 11:47:09,673] {scheduler_job.py:190} INFO - Processing /home/airflow/.local/lib/python3.6/site-packages/airflow/example_dags/example_kubernetes_executor.py took 0.113 seconds
[2026-09-23 11:47:40,390] {scheduler_job.py:182} INFO - Started process (PID=1333) to work on /home/airflow/.local/lib/python3.6/site-packages/airflow/example_dags/example_kubernetes_executor.py
[2026-09-23 11:47:40,392] {scheduler_job.py:629} INFO - Processing file /home/airflow/.local/lib/python3.6/site-packages/airflow/example_dags/example_kubernetes_executor.py for tasks to queue
[2026-09-23 11:47:40,394] {logging_mixin.py:104} INFO - [2026-09-23 11:47:40,393] {dagbag.py:451} INFO - Filling up the DagBag from /home/airflow/.local/lib/python3.6/site-packages/airflow/example_dags/example_kubernetes_executor.py
[2026-09-23 11:47:40,430] {scheduler_job.py:639} INFO - DAG(s) dict_keys(['example_kubernetes_executor']) retrieved from /home/airflow/.local/lib/python3.6/site-packages/airflow/example_dags/example_kubernetes_executor.py
[2026-09-23 11:47:40,485] {logging_mixin.py:104} INFO - [2026-09-23 11:47:40,484] {dag.py:1824} INFO - Sync 1 DAGs
[2026-09-23 11:47:40,575] {logging_mixin.py:104} INFO - [2026-09-23 11:47:40,574] {dag.py:2280} INFO - Setting next_dagrun for example_kubernetes_executor to None
[2026-09-23 11:47:40,624] {scheduler_job.py:190} INFO - Processing /home/airflow/.local/lib/python3.6/site-packages/airflow/example_dags/example_kubernetes_executor.py took 0.244 seconds
[2026-09-23 11:48:11,015] {scheduler_job.py:182} INFO - Started process (PID=1358) to work on /home/airflow/.local/lib/python3.6/site-packages/airflow/example_dags/example_kubernetes_executor.py
[2026-09-23 11:48:11,017] {scheduler_job.py:629} INFO - Processing file /home/airflow/.local/lib/python3.6/site-packages/airflow/example_dags/example_kubernetes_executor.py for tasks to queue
[2026-09-23 11:48:11,018] {logging_mixin.py:104} INFO - [2026-09-23 11:48:11,018] {dagbag.py:451} INFO - Filling up the DagBag from /home/airflow/.local/lib/python3.6/site-packages/airflow/example_dags/example_kubernetes_executor.py
[2026-09-23 11:48:11,040] {scheduler_job.py:639} INFO - DAG(s) dict_keys(['example_kubernetes_executor']) retrieved from /home/airflow/.local/lib/python3.6/site-packages/airflow/example_dags/example_kubernetes_executor.py
[2026-09-23 11:48:11,080] {logging_mixin.py:104} INFO - [2026-09-23 11:48:11,080] {dag.py:1824} INFO - Sync 1 DAGs
[2026-09-23 11:48:11,107] {logging_mixin.py:104} INFO - [2026-09-23 11:48:11,106] {dag.py:2280} INFO - Setting next_dagrun for example_kubernetes_executor to None
[2026-09-23 11:48:11,135] {scheduler_job.py:190} INFO - Processing /home/airflow/.local/lib/python3.6/site-packages/airflow/example_dags/example_kubernetes_executor.py took 0.126 seconds
[2026-09-23 11:48:41,234] {scheduler_job.py:182} INFO - Started process (PID=1384) to work on /home/airflow/.local/lib/python3.6/site-packages/airflow/example_dags/example_kubernetes_executor.py
[2026-09-23 11:48:41,236] {scheduler_job.py:629} INFO - Processing file /home/airflow/.local/lib/python3.6/site-packages/airflow/example_dags/example_kubernetes_executor.py for tasks to queue
[2026-09-23 11:48:41,237] {logging_mixin.py:104} INFO - [2026-09-23 11:48:41,237] {dagbag.py:451} INFO - Filling up the DagBag from /home/airflow/.local/lib/python3.6/site-packages/airflow/example_dags/example_kubernetes_executor.py
[2026-09-23 11:48:41,259] {scheduler_job.py:639} INFO - DAG(s) dict_keys(['example_kubernetes_executor']) retrieved from /home/airflow/.local/lib/python3.6/site-packages/airflow/example_dags/example_kubernetes_executor.py
[2026-09-23 11:48:41,287] {logging_mixin.py:104} INFO - [2026-09-23 11:48:41,286] {dag.py:1824} INFO - Sync 1 DAGs
[2026-09-23 11:48:41,312] {logging_mixin.py:104} INFO - [2026-09-23 11:48:41,311] {dag.py:2280} INFO - Setting next_dagrun for example_kubernetes_executor to None
[2026-09-23 11:48:41,332] {scheduler_job.py:190} INFO - Processing /home/airflow/.local/lib/python3.6/site-packages/airflow/example_dags/example_kubernetes_executor.py took 0.102 seconds
[2026-09-23 11:49:11,820] {scheduler_job.py:182} INFO - Started process (PID=1410) to work on /home/airflow/.local/lib/python3.6/site-packages/airflow/example_dags/example_kubernetes_executor.py
[2026-09-23 11:49:11,823] {scheduler_job.py:629} INFO - Processing file /home/airflow/.local/lib/python3.6/site-packages/airflow/example_dags/example_kubernetes_executor.py for tasks to queue
[2026-09-23 11:49:11,827] {logging_mixin.py:104} INFO - [2026-09-23 11:49:11,824] {dagbag.py:451} INFO - Filling up the DagBag from /home/airflow/.local/lib/python3.6/site-packages/airflow/example_dags/example_kubernetes_executor.py
[2026-09-23 11:49:11,888] {scheduler_job.py:639} INFO - DAG(s) dict_keys(['example_kubernetes_executor']) retrieved from /home/airflow/.local/lib/python3.6/site-packages/airflow/example_dags/example_kubernetes_executor.py
[2026-09-23 11:49:11,961] {logging_mixin.py:104} INFO - [2026-09-23 11:49:11,961] {dag.py:1824} INFO - Sync 1 DAGs
[2026-09-23 11:49:11,997] {logging_mixin.py:104} INFO - [2026-09-23 11:49:11,996] {dag.py:2280} INFO - Setting next_dagrun for example_kubernetes_executor to None
[2026-09-23 11:49:12,024] {scheduler_job.py:190} INFO - Processing /home/airflow/.local/lib/python3.6/site-packages/airflow/example_dags/example_kubernetes_executor.py took 0.219 seconds
[2026-09-23 11:49:42,916] {scheduler_job.py:182} INFO - Started process (PID=1436) to work on /home/airflow/.local/lib/python3.6/site-packages/airflow/example_dags/example_kubernetes_executor.py
[2026-09-23 11:49:42,918] {scheduler_job.py:629} INFO - Processing file /home/airflow/.local/lib/python3.6/site-packages/airflow/example_dags/example_kubernetes_executor.py for tasks to queue
[2026-09-23 11:49:42,919] {logging_mixin.py:104} INFO - [2026-09-23 11:49:42,918] {dagbag.py:451} INFO - Filling up the DagBag from /home/airflow/.local/lib/python3.6/site-packages/airflow/example_dags/example_kubernetes_executor.py
[2026-09-23 11:49:42,951] {scheduler_job.py:639} INFO - DAG(s) dict_keys(['example_kubernetes_executor']) retrieved from /home/airflow/.local/lib/python3.6/site-packages/airflow/example_dags/example_kubernetes_executor.py
[2026-09-23 11:49:42,997] {logging_mixin.py:104} INFO - [2026-09-23 11:49:42,997] {dag.py:1824} INFO - Sync 1 DAGs
[2026-09-23 11:49:43,027] {logging_mixin.py:104} INFO - [2026-09-23 11:49:43,026] {dag.py:2280} INFO - Setting next_dagrun for example_kubernetes_executor to None
[2026-09-23 11:49:43,051] {scheduler_job.py:190} INFO - Processing /home/airflow/.local/lib/python3.6/site-packages/airflow/example_dags/example_kubernetes_executor.py took 0.140 seconds
[2026-09-23 11:50:13,689] {scheduler_job.py:182} INFO - Started process (PID=1462) to work on /home/airflow/.local/lib/python3.6/site-packages/airflow/example_dags/example_kubernetes_executor.py
[2026-09-23 11:50:13,691] {scheduler_job.py:629} INFO - Processing file /home/airflow/.local/lib/python3.6/site-packages/airflow/example_dags/example_kubernetes_executor.py for tasks to queue
[2026-09-23 11:50:13,692] {logging_mixin.py:104} INFO - [2026-09-23 11:50:13,692] {dagbag.py:451} INFO - Filling up the DagBag from /home/airflow/.local/lib/python3.6/site-packages/airflow/example_dags/example_kubernetes_executor.py
[2026-09-23 11:50:13,719] {scheduler_job.py:639} INFO - DAG(s) dict_keys(['example_kubernetes_executor']) retrieved from /home/airflow/.local/lib/python3.6/site-packages/airflow/example_dags/example_kubernetes_executor.py
[2026-09-23 11:50:13,753] {logging_mixin.py:104} INFO - [2026-09-23 11:50:13,753] {dag.py:1824} INFO - Sync 1 DAGs
[2026-09-23 11:50:13,781] {logging_mixin.py:104} INFO - [2026-09-23 11:50:13,781] {dag.py:2280} INFO - Setting next_dagrun for example_kubernetes_executor to None
[2026-09-23 11:50:13,804] {scheduler_job.py:190} INFO - Processing /home/airflow/.local/lib/python3.6/site-packages/airflow/example_dags/example_kubernetes_executor.py took 0.120 seconds
[2026-09-23 11:50:44,586] {scheduler_job.py:182} INFO - Started process (PID=1488) to work on /home/airflow/.local/lib/python3.6/site-packages/airflow/example_dags/example_kubernetes_executor.py
[2026-09-23 11:50:44,588] {scheduler_job.py:629} INFO - Processing file /home/airflow/.local/lib/python3.6/site-packages/airflow/example_dags/example_kubernetes_executor.py for tasks to queue
[2026-09-23 11:50:44,588] {logging_mixin.py:104} INFO - [2026-09-23 11:50:44,588] {dagbag.py:451} INFO - Filling up the DagBag from /home/airflow/.local/lib/python3.6/site-packages/airflow/example_dags/example_kubernetes_executor.py
[2026-09-23 11:50:44,607] {scheduler_job.py:639} INFO - DAG(s) dict_keys(['example_kubernetes_executor']) retrieved from /home/airflow/.local/lib/python3.6/site-packages/airflow/example_dags/example_kubernetes_executor.py
[2026-09-23 11:50:44,633] {logging_mixin.py:104} INFO - [2026-09-23 11:50:44,633] {dag.py:1824} INFO - Sync 1 DAGs
[2026-09-23 11:50:44,651] {logging_mixin.py:104} INFO - [2026-09-23 11:50:44,650] {dag.py:2280} INFO - Setting next_dagrun for example_kubernetes_executor to None
[2026-09-23 11:50:44,668] {scheduler_job.py:190} INFO - Processing /home/airflow/.local/lib/python3.6/site-packages/airflow/example_dags/example_kubernetes_executor.py took 0.085 seconds
[2026-09-23 11:51:15,162] {scheduler_job.py:182} INFO - Started process (PID=1514) to work on /home/airflow/.local/lib/python3.6/site-packages/airflow/example_dags/example_kubernetes_executor.py
[2026-09-23 11:51:15,163] {scheduler_job.py:629} INFO - Processing file /home/airflow/.local/lib/python3.6/site-packages/airflow/example_dags/example_kubernetes_executor.py for tasks to queue
[2026-09-23 11:51:15,164] {logging_mixin.py:104} INFO - [2026-09-23 11:51:15,164] {dagbag.py:451} INFO - Filling up the DagBag from /home/airflow/.local/lib/python3.6/site-packages/airflow/example_dags/example_kubernetes_executor.py
[2026-09-23 11:51:15,182] {scheduler_job.py:639} INFO - DAG(s) dict_keys(['example_kubernetes_executor']) retrieved from /home/airflow/.local/lib/python3.6/site-packages/airflow/example_dags/example_kubernetes_executor.py
[2026-09-23 11:51:15,215] {logging_mixin.py:104} INFO - [2026-09-23 11:51:15,215] {dag.py:1824} INFO - Sync 1 DAGs
[2026-09-23 11:51:15,233] {logging_mixin.py:104} INFO - [2026-09-23 11:51:15,233] {dag.py:2280} INFO - Setting next_dagrun for example_kubernetes_executor to None
[2026-09-23 11:51:15,245] {scheduler_job.py:190} INFO - Processing /home/airflow/.local/lib/python3.6/site-packages/airflow/example_dags/example_kubernetes_executor.py took 0.088 seconds
[2026-09-23 11:51:45,334] {scheduler_job.py:182} INFO - Started process (PID=1540) to work on /home/airflow/.local/lib/python3.6/site-packages/airflow/example_dags/example_kubernetes_executor.py
[2026-09-23 11:51:45,335] {scheduler_job.py:629} INFO - Processing file /home/airflow/.local/lib/python3.6/site-packages/airflow/example_dags/example_kubernetes_executor.py for tasks to queue
[2026-09-23 11:51:45,336] {logging_mixin.py:104} INFO - [2026-09-23 11:51:45,336] {dagbag.py:451} INFO - Filling up the DagBag from /home/airflow/.local/lib/python3.6/site-packages/airflow/example_dags/example_kubernetes_executor.py
[2026-09-23 11:51:45,360] {scheduler_job.py:639} INFO - DAG(s) dict_keys(['example_kubernetes_executor']) retrieved from /home/airflow/.local/lib/python3.6/site-packages/airflow/example_dags/example_kubernetes_executor.py
[2026-09-23 11:51:45,397] {logging_mixin.py:104} INFO - [2026-09-23 11:51:45,397] {dag.py:1824} INFO - Sync 1 DAGs
[2026-09-23 11:51:45,427] {logging_mixin.py:104} INFO - [2026-09-23 11:51:45,427] {dag.py:2280} INFO - Setting next_dagrun for example_kubernetes_executor to None
[2026-09-23 11:51:45,446] {scheduler_job.py:190} INFO - Processing /home/airflow/.local/lib/python3.6/site-packages/airflow/example_dags/example_kubernetes_executor.py took 0.118 seconds
[2026-09-23 11:52:16,136] {scheduler_job.py:182} INFO - Started process (PID=1566) to work on /home/airflow/.local/lib/python3.6/site-packages/airflow/example_dags/example_kubernetes_executor.py
[2026-09-23 11:52:16,138] {scheduler_job.py:629} INFO - Processing file /home/airflow/.local/lib/python3.6/site-packages/airflow/example_dags/example_kubernetes_executor.py for tasks to queue
[2026-09-23 11:52:16,139] {logging_mixin.py:104} INFO - [2026-09-23 11:52:16,139] {dagbag.py:451} INFO - Filling up the DagBag from /home/airflow/.local/lib/python3.6/site-packages/airflow/example_dags/example_kubernetes_executor.py
[2026-09-23 11:52:16,164] {scheduler_job.py:639} INFO - DAG(s) dict_keys(['example_kubernetes_executor']) retrieved from /home/airflow/.local/lib/python3.6/site-packages/airflow/example_dags/example_kubernetes_executor.py
[2026-09-23 11:52:16,201] {logging_mixin.py:104} INFO - [2026-09-23 11:52:16,201] {dag.py:1824} INFO - Sync 1 DAGs
[2026-09-23 11:52:16,231] {logging_mixin.py:104} INFO - [2026-09-23 11:52:16,231] {dag.py:2280} INFO - Setting next_dagrun for example_kubernetes_executor to None
[2026-09-23 11:52:16,255] {scheduler_job.py:190} INFO - Processing /home/airflow/.local/lib/python3.6/site-packages/airflow/example_dags/example_kubernetes_executor.py took 0.125 seconds
[2026-09-23 11:52:46,523] {scheduler_job.py:182} INFO - Started process (PID=1592) to work on /home/airflow/.local/lib/python3.6/site-packages/airflow/example_dags/example_kubernetes_executor.py
[2026-09-23 11:52:46,525] {scheduler_job.py:629} INFO - Processing file /home/airflow/.local/lib/python3.6/site-packages/airflow/example_dags/example_kubernetes_executor.py for tasks to queue
[2026-09-23 11:52:46,527] {logging_mixin.py:104} INFO - [2026-09-23 11:52:46,526] {dagbag.py:451} INFO - Filling up the DagBag from /home/airflow/.local/lib/python3.6/site-packages/airflow/example_dags/example_kubernetes_executor.py
[2026-09-23 11:52:46,553] {scheduler_job.py:639} INFO - DAG(s) dict_keys(['example_kubernetes_executor']) retrieved from /home/airflow/.local/lib/python3.6/site-packages/airflow/example_dags/example_kubernetes_executor.py
[2026-09-23 11:52:46,596] {logging_mixin.py:104} INFO - [2026-09-23 11:52:46,596] {dag.py:1824} INFO - Sync 1 DAGs
[2026-09-23 11:52:46,627] {logging_mixin.py:104} INFO - [2026-09-23 11:52:46,626] {dag.py:2280} INFO - Setting next_dagrun for example_kubernetes_executor to None
[2026-09-23 11:52:46,648] {scheduler_job.py:190} INFO - Processing /home/airflow/.local/lib/python3.6/site-packages/airflow/example_dags/example_kubernetes_executor.py took 0.131 seconds
[2026-09-23 11:53:16,723] {scheduler_job.py:182} INFO - Started process (PID=1618) to work on /home/airflow/.local/lib/python3.6/site-packages/airflow/example_dags/example_kubernetes_executor.py
[2026-09-23 11:53:16,724] {scheduler_job.py:629} INFO - Processing file /home/airflow/.local/lib/python3.6/site-packages/airflow/example_dags/example_kubernetes_executor.py for tasks to queue
[2026-09-23 11:53:16,725] {logging_mixin.py:104} INFO - [2026-09-23 11:53:16,725] {dagbag.py:451} INFO - Filling up the DagBag from /home/airflow/.local/lib/python3.6/site-packages/airflow/example_dags/example_kubernetes_executor.py
[2026-09-23 11:53:16,750] {scheduler_job.py:639} INFO - DAG(s) dict_keys(['example_kubernetes_executor']) retrieved from /home/airflow/.local/lib/python3.6/site-packages/airflow/example_dags/example_kubernetes_executor.py
[2026-09-23 11:53:16,785] {logging_mixin.py:104} INFO - [2026-09-23 11:53:16,784] {dag.py:1824} INFO - Sync 1 DAGs
[2026-09-23 11:53:16,809] {logging_mixin.py:104} INFO - [2026-09-23 11:53:16,809] {dag.py:2280} INFO - Setting next_dagrun for example_kubernetes_executor to None
[2026-09-23 11:53:16,830] {scheduler_job.py:190} INFO - Processing /home/airflow/.local/lib/python3.6/site-packages/airflow/example_dags/example_kubernetes_executor.py took 0.112 seconds
[2026-09-23 11:53:47,807] {scheduler_job.py:182} INFO - Started process (PID=1644) to work on /home/airflow/.local/lib/python3.6/site-packages/airflow/example_dags/example_kubernetes_executor.py
[2026-09-23 11:53:47,808] {scheduler_job.py:629} INFO - Processing file /home/airflow/.local/lib/python3.6/site-packages/airflow/example_dags/example_kubernetes_executor.py for tasks to queue
[2026-09-23 11:53:47,809] {logging_mixin.py:104} INFO - [2026-09-23 11:53:47,809] {dagbag.py:451} INFO - Filling up the DagBag from /home/airflow/.local/lib/python3.6/site-packages/airflow/example_dags/example_kubernetes_executor.py
[2026-09-23 11:53:47,824] {scheduler_job.py:639} INFO - DAG(s) dict_keys(['example_kubernetes_executor']) retrieved from /home/airflow/.local/lib/python3.6/site-packages/airflow/example_dags/example_kubernetes_executor.py
[2026-09-23 11:53:47,852] {logging_mixin.py:104} INFO - [2026-09-23 11:53:47,852] {dag.py:1824} INFO - Sync 1 DAGs
[2026-09-23 11:53:47,874] {logging_mixin.py:104} INFO - [2026-09-23 11:53:47,874] {dag.py:2280} INFO - Setting next_dagrun for example_kubernetes_executor to None
[2026-09-23 11:53:47,890] {scheduler_job.py:190} INFO - Processing /home/airflow/.local/lib/python3.6/site-packages/airflow/example_dags/example_kubernetes_executor.py took 0.086 seconds
[2026-09-23 11:54:18,848] {scheduler_job.py:182} INFO - Started process (PID=1671) to work on /home/airflow/.local/lib/python3.6/site-packages/airflow/example_dags/example_kubernetes_executor.py
[2026-09-23 11:54:18,849] {scheduler_job.py:629} INFO - Processing file /home/airflow/.local/lib/python3.6/site-packages/airflow/example_dags/example_kubernetes_executor.py for tasks to queue
[2026-09-23 11:54:18,850] {logging_mixin.py:104} INFO - [2026-09-23 11:54:18,850] {dagbag.py:451} INFO - Filling up the DagBag from /home/airflow/.local/lib/python3.6/site-packages/airflow/example_dags/example_kubernetes_executor.py
[2026-09-23 11:54:18,868] {scheduler_job.py:639} INFO - DAG(s) dict_keys(['example_kubernetes_executor']) retrieved from /home/airflow/.local/lib/python3.6/site-packages/airflow/example_dags/example_kubernetes_executor.py
[2026-09-23 11:54:18,900] {logging_mixin.py:104} INFO - [2026-09-23 11:54:18,900] {dag.py:1824} INFO - Sync 1 DAGs
[2026-09-23 11:54:18,923] {logging_mixin.py:104} INFO - [2026-09-23 11:54:18,923] {dag.py:2280} INFO - Setting next_dagrun for example_kubernetes_executor to None
[2026-09-23 11:54:18,939] {scheduler_job.py:190} INFO - Processing /home/airflow/.local/lib/python3.6/site-packages/airflow/example_dags/example_kubernetes_executor.py took 0.095 seconds
[2026-09-23 11:54:48,996] {scheduler_job.py:182} INFO - Started process (PID=1697) to work on /home/airflow/.local/lib/python3.6/site-packages/airflow/example_dags/example_kubernetes_executor.py
[2026-09-23 11:54:48,997] {scheduler_job.py:629} INFO - Processing file /home/airflow/.local/lib/python3.6/site-packages/airflow/example_dags/example_kubernetes_executor.py for tasks to queue
[2026-09-23 11:54:48,999] {logging_mixin.py:104} INFO - [2026-09-23 11:54:48,998] {dagbag.py:451} INFO - Filling up the DagBag from /home/airflow/.local/lib/python3.6/site-packages/airflow/example_dags/example_kubernetes_executor.py
[2026-09-23 11:54:49,019] {scheduler_job.py:639} INFO - DAG(s) dict_keys(['example_kubernetes_executor']) retrieved from /home/airflow/.local/lib/python3.6/site-packages/airflow/example_dags/example_kubernetes_executor.py
[2026-09-23 11:54:49,048] {logging_mixin.py:104} INFO - [2026-09-23 11:54:49,048] {dag.py:1824} INFO - Sync 1 DAGs
[2026-09-23 11:54:49,069] {logging_mixin.py:104} INFO - [2026-09-23 11:54:49,069] {dag.py:2280} INFO - Setting next_dagrun for example_kubernetes_executor to None
[2026-09-23 11:54:49,101] {scheduler_job.py:190} INFO - Processing /home/airflow/.local/lib/python3.6/site-packages/airflow/example_dags/example_kubernetes_executor.py took 0.111 seconds
[2026-09-23 11:55:19,179] {scheduler_job.py:182} INFO - Started process (PID=1723) to work on /home/airflow/.local/lib/python3.6/site-packages/airflow/example_dags/example_kubernetes_executor.py
[2026-09-23 11:55:19,180] {scheduler_job.py:629} INFO - Processing file /home/airflow/.local/lib/python3.6/site-packages/airflow/example_dags/example_kubernetes_executor.py for tasks to queue
[2026-09-23 11:55:19,181] {logging_mixin.py:104} INFO - [2026-09-23 11:55:19,181] {dagbag.py:451} INFO - Filling up the DagBag from /home/airflow/.local/lib/python3.6/site-packages/airflow/example_dags/example_kubernetes_executor.py
[2026-09-23 11:55:19,198] {scheduler_job.py:639} INFO - DAG(s) dict_keys(['example_kubernetes_executor']) retrieved from /home/airflow/.local/lib/python3.6/site-packages/airflow/example_dags/example_kubernetes_executor.py
[2026-09-23 11:55:19,232] {logging_mixin.py:104} INFO - [2026-09-23 11:55:19,232] {dag.py:1824} INFO - Sync 1 DAGs
[2026-09-23 11:55:19,259] {logging_mixin.py:104} INFO - [2026-09-23 11:55:19,259] {dag.py:2280} INFO - Setting next_dagrun for example_kubernetes_executor to None
[2026-09-23 11:55:19,279] {scheduler_job.py:190} INFO - Processing /home/airflow/.local/lib/python3.6/site-packages/airflow/example_dags/example_kubernetes_executor.py took 0.104 seconds
[2026-09-23 11:55:49,898] {scheduler_job.py:182} INFO - Started process (PID=1749) to work on /home/airflow/.local/lib/python3.6/site-packages/airflow/example_dags/example_kubernetes_executor.py
[2026-09-23 11:55:49,900] {scheduler_job.py:629} INFO - Processing file /home/airflow/.local/lib/python3.6/site-packages/airflow/example_dags/example_kubernetes_executor.py for tasks to queue
[2026-09-23 11:55:49,900] {logging_mixin.py:104} INFO - [2026-09-23 11:55:49,900] {dagbag.py:451} INFO - Filling up the DagBag from /home/airflow/.local/lib/python3.6/site-packages/airflow/example_dags/example_kubernetes_executor.py
[2026-09-23 11:55:49,920] {scheduler_job.py:639} INFO - DAG(s) dict_keys(['example_kubernetes_executor']) retrieved from /home/airflow/.local/lib/python3.6/site-packages/airflow/example_dags/example_kubernetes_executor.py
[2026-09-23 11:55:49,949] {logging_mixin.py:104} INFO - [2026-09-23 11:55:49,949] {dag.py:1824} INFO - Sync 1 DAGs
[2026-09-23 11:55:49,976] {logging_mixin.py:104} INFO - [2026-09-23 11:55:49,976] {dag.py:2280} INFO - Setting next_dagrun for example_kubernetes_executor to None
[2026-09-23 11:55:49,998] {scheduler_job.py:190} INFO - Processing /home/airflow/.local/lib/python3.6/site-packages/airflow/example_dags/example_kubernetes_executor.py took 0.104 seconds
[2026-09-23 11:56:20,696] {scheduler_job.py:182} INFO - Started process (PID=1775) to work on /home/airflow/.local/lib/python3.6/site-packages/airflow/example_dags/example_kubernetes_executor.py
[2026-09-23 11:56:20,698] {scheduler_job.py:629} INFO - Processing file /home/airflow/.local/lib/python3.6/site-packages/airflow/example_dags/example_kubernetes_executor.py for tasks to queue
[2026-09-23 11:56:20,698] {logging_mixin.py:104} INFO - [2026-09-23 11:56:20,698] {dagbag.py:451} INFO - Filling up the DagBag from /home/airflow/.local/lib/python3.6/site-packages/airflow/example_dags/example_kubernetes_executor.py
[2026-09-23 11:56:20,716] {scheduler_job.py:639} INFO - DAG(s) dict_keys(['example_kubernetes_executor']) retrieved from /home/airflow/.local/lib/python3.6/site-packages/airflow/example_dags/example_kubernetes_executor.py
[2026-09-23 11:56:20,749] {logging_mixin.py:104} INFO - [2026-09-23 11:56:20,749] {dag.py:1824} INFO - Sync 1 DAGs
[2026-09-23 11:56:20,773] {logging_mixin.py:104} INFO - [2026-09-23 11:56:20,773] {dag.py:2280} INFO - Setting next_dagrun for example_kubernetes_executor to None
[2026-09-23 11:56:20,790] {scheduler_job.py:190} INFO - Processing /home/airflow/.local/lib/python3.6/site-packages/airflow/example_dags/example_kubernetes_executor.py took 0.097 seconds
[2026-09-23 11:56:51,629] {scheduler_job.py:182} INFO - Started process (PID=1801) to work on /home/airflow/.local/lib/python3.6/site-packages/airflow/example_dags/example_kubernetes_executor.py
[2026-09-23 11:56:51,631] {scheduler_job.py:629} INFO - Processing file /home/airflow/.local/lib/python3.6/site-packages/airflow/example_dags/example_kubernetes_executor.py for tasks to queue
[2026-09-23 11:56:51,633] {logging_mixin.py:104} INFO - [2026-09-23 11:56:51,632] {dagbag.py:451} INFO - Filling up the DagBag from /home/airflow/.local/lib/python3.6/site-packages/airflow/example_dags/example_kubernetes_executor.py
[2026-09-23 11:56:51,655] {scheduler_job.py:639} INFO - DAG(s) dict_keys(['example_kubernetes_executor']) retrieved from /home/airflow/.local/lib/python3.6/site-packages/airflow/example_dags/example_kubernetes_executor.py
[2026-09-23 11:56:51,683] {logging_mixin.py:104} INFO - [2026-09-23 11:56:51,682] {dag.py:1824} INFO - Sync 1 DAGs
[2026-09-23 11:56:51,703] {logging_mixin.py:104} INFO - [2026-09-23 11:56:51,703] {dag.py:2280} INFO - Setting next_dagrun for example_kubernetes_executor to None
[2026-09-23 11:56:51,722] {scheduler_job.py:190} INFO - Processing /home/airflow/.local/lib/python3.6/site-packages/airflow/example_dags/example_kubernetes_executor.py took 0.097 seconds
[2026-09-23 11:57:22,202] {scheduler_job.py:182} INFO - Started process (PID=1827) to work on /home/airflow/.local/lib/python3.6/site-packages/airflow/example_dags/example_kubernetes_executor.py
[2026-09-23 11:57:22,205] {scheduler_job.py:629} INFO - Processing file /home/airflow/.local/lib/python3.6/site-packages/airflow/example_dags/example_kubernetes_executor.py for tasks to queue
[2026-09-23 11:57:22,206] {logging_mixin.py:104} INFO - [2026-09-23 11:57:22,206] {dagbag.py:451} INFO - Filling up the DagBag from /home/airflow/.local/lib/python3.6/site-packages/airflow/example_dags/example_kubernetes_executor.py
[2026-09-23 11:57:22,230] {scheduler_job.py:639} INFO - DAG(s) dict_keys(['example_kubernetes_executor']) retrieved from /home/airflow/.local/lib/python3.6/site-packages/airflow/example_dags/example_kubernetes_executor.py
[2026-09-23 11:57:22,266] {logging_mixin.py:104} INFO - [2026-09-23 11:57:22,266] {dag.py:1824} INFO - Sync 1 DAGs
[2026-09-23 11:57:22,295] {logging_mixin.py:104} INFO - [2026-09-23 11:57:22,295] {dag.py:2280} INFO - Setting next_dagrun for example_kubernetes_executor to None
[2026-09-23 11:57:22,310] {scheduler_job.py:190} INFO - Processing /home/airflow/.local/lib/python3.6/site-packages/airflow/example_dags/example_kubernetes_executor.py took 0.114 seconds
[2026-09-23 11:57:52,705] {scheduler_job.py:182} INFO - Started process (PID=1853) to work on /home/airflow/.local/lib/python3.6/site-packages/airflow/example_dags/example_kubernetes_executor.py
[2026-09-23 11:57:52,707] {scheduler_job.py:629} INFO - Processing file /home/airflow/.local/lib/python3.6/site-packages/airflow/example_dags/example_kubernetes_executor.py for tasks to queue
[2026-09-23 11:57:52,708] {logging_mixin.py:104} INFO - [2026-09-23 11:57:52,707] {dagbag.py:451} INFO - Filling up the DagBag from /home/airflow/.local/lib/python3.6/site-packages/airflow/example_dags/example_kubernetes_executor.py
[2026-09-23 11:57:52,732] {scheduler_job.py:639} INFO - DAG(s) dict_keys(['example_kubernetes_executor']) retrieved from /home/airflow/.local/lib/python3.6/site-packages/airflow/example_dags/example_kubernetes_executor.py
[2026-09-23 11:57:52,791] {logging_mixin.py:104} INFO - [2026-09-23 11:57:52,791] {dag.py:1824} INFO - Sync 1 DAGs
[2026-09-23 11:57:52,822] {logging_mixin.py:104} INFO - [2026-09-23 11:57:52,822] {dag.py:2280} INFO - Setting next_dagrun for example_kubernetes_executor to None
[2026-09-23 11:57:52,849] {scheduler_job.py:190} INFO - Processing /home/airflow/.local/lib/python3.6/site-packages/airflow/example_dags/example_kubernetes_executor.py took 0.151 seconds
[2026-09-23 11:58:23,756] {scheduler_job.py:182} INFO - Started process (PID=1879) to work on /home/airflow/.local/lib/python3.6/site-packages/airflow/example_dags/example_kubernetes_executor.py
[2026-09-23 11:58:23,758] {scheduler_job.py:629} INFO - Processing file /home/airflow/.local/lib/python3.6/site-packages/airflow/example_dags/example_kubernetes_executor.py for tasks to queue
[2026-09-23 11:58:23,759] {logging_mixin.py:104} INFO - [2026-09-23 11:58:23,759] {dagbag.py:451} INFO - Filling up the DagBag from /home/airflow/.local/lib/python3.6/site-packages/airflow/example_dags/example_kubernetes_executor.py
[2026-09-23 11:58:23,790] {scheduler_job.py:639} INFO - DAG(s) dict_keys(['example_kubernetes_executor']) retrieved from /home/airflow/.local/lib/python3.6/site-packages/airflow/example_dags/example_kubernetes_executor.py
[2026-09-23 11:58:23,831] {logging_mixin.py:104} INFO - [2026-09-23 11:58:23,831] {dag.py:1824} INFO - Sync 1 DAGs
[2026-09-23 11:58:23,866] {logging_mixin.py:104} INFO - [2026-09-23 11:58:23,865] {dag.py:2280} INFO - Setting next_dagrun for example_kubernetes_executor to None
[2026-09-23 11:58:23,893] {scheduler_job.py:190} INFO - Processing /home/airflow/.local/lib/python3.6/site-packages/airflow/example_dags/example_kubernetes_executor.py took 0.143 seconds
[2026-09-23 11:58:54,024] {scheduler_job.py:182} INFO - Started process (PID=1905) to work on /home/airflow/.local/lib/python3.6/site-packages/airflow/example_dags/example_kubernetes_executor.py
[2026-09-23 11:58:54,026] {scheduler_job.py:629} INFO - Processing file /home/airflow/.local/lib/python3.6/site-packages/airflow/example_dags/example_kubernetes_executor.py for tasks to queue
[2026-09-23 11:58:54,027] {logging_mixin.py:104} INFO - [2026-09-23 11:58:54,027] {dagbag.py:451} INFO - Filling up the DagBag from /home/airflow/.local/lib/python3.6/site-packages/airflow/example_dags/example_kubernetes_executor.py
[2026-09-23 11:58:54,052] {scheduler_job.py:639} INFO - DAG(s) dict_keys(['example_kubernetes_executor']) retrieved from /home/airflow/.local/lib/python3.6/site-packages/airflow/example_dags/example_kubernetes_executor.py
[2026-09-23 11:58:54,095] {logging_mixin.py:104} INFO - [2026-09-23 11:58:54,095] {dag.py:1824} INFO - Sync 1 DAGs
[2026-09-23 11:58:54,132] {logging_mixin.py:104} INFO - [2026-09-23 11:58:54,132] {dag.py:2280} INFO - Setting next_dagrun for example_kubernetes_executor to None
[2026-09-23 11:58:54,158] {scheduler_job.py:190} INFO - Processing /home/airflow/.local/lib/python3.6/site-packages/airflow/example_dags/example_kubernetes_executor.py took 0.141 seconds
[2026-09-23 11:59:24,281] {scheduler_job.py:182} INFO - Started process (PID=1931) to work on /home/airflow/.local/lib/python3.6/site-packages/airflow/example_dags/example_kubernetes_executor.py
[2026-09-23 11:59:24,283] {scheduler_job.py:629} INFO - Processing file /home/airflow/.local/lib/python3.6/site-packages/airflow/example_dags/example_kubernetes_executor.py for tasks to queue
[2026-09-23 11:59:24,284] {logging_mixin.py:104} INFO - [2026-09-23 11:59:24,284] {dagbag.py:451} INFO - Filling up the DagBag from /home/airflow/.local/lib/python3.6/site-packages/airflow/example_dags/example_kubernetes_executor.py
[2026-09-23 11:59:24,300] {scheduler_job.py:639} INFO - DAG(s) dict_keys(['example_kubernetes_executor']) retrieved from /home/airflow/.local/lib/python3.6/site-packages/airflow/example_dags/example_kubernetes_executor.py
[2026-09-23 11:59:24,333] {logging_mixin.py:104} INFO - [2026-09-23 11:59:24,333] {dag.py:1824} INFO - Sync 1 DAGs
[2026-09-23 11:59:24,355] {logging_mixin.py:104} INFO - [2026-09-23 11:59:24,355] {dag.py:2280} INFO - Setting next_dagrun for example_kubernetes_executor to None
[2026-09-23 11:59:24,373] {scheduler_job.py:190} INFO - Processing /home/airflow/.local/lib/python3.6/site-packages/airflow/example_dags/example_kubernetes_executor.py took 0.096 seconds
[2026-09-23 11:59:55,213] {scheduler_job.py:182} INFO - Started process (PID=1957) to work on /home/airflow/.local/lib/python3.6/site-packages/airflow/example_dags/example_kubernetes_executor.py
[2026-09-23 11:59:55,215] {scheduler_job.py:629} INFO - Processing file /home/airflow/.local/lib/python3.6/site-packages/airflow/example_dags/example_kubernetes_executor.py for tasks to queue
[2026-09-23 11:59:55,216] {logging_mixin.py:104} INFO - [2026-09-23 11:59:55,216] {dagbag.py:451} INFO - Filling up the DagBag from /home/airflow/.local/lib/python3.6/site-packages/airflow/example_dags/example_kubernetes_executor.py
[2026-09-23 11:59:55,237] {scheduler_job.py:639} INFO - DAG(s) dict_keys(['example_kubernetes_executor']) retrieved from /home/airflow/.local/lib/python3.6/site-packages/airflow/example_dags/example_kubernetes_executor.py
[2026-09-23 11:59:55,264] {logging_mixin.py:104} INFO - [2026-09-23 11:59:55,264] {dag.py:1824} INFO - Sync 1 DAGs
[2026-09-23 11:59:55,284] {logging_mixin.py:104} INFO - [2026-09-23 11:59:55,283] {dag.py:2280} INFO - Setting next_dagrun for example_kubernetes_executor to None
[2026-09-23 11:59:55,299] {scheduler_job.py:190} INFO - Processing /home/airflow/.local/lib/python3.6/site-packages/airflow/example_dags/example_kubernetes_executor.py took 0.091 seconds
[2026-09-23 12:00:25,920] {scheduler_job.py:182} INFO - Started process (PID=1983) to work on /home/airflow/.local/lib/python3.6/site-packages/airflow/example_dags/example_kubernetes_executor.py
[2026-09-23 12:00:25,921] {scheduler_job.py:629} INFO - Processing file /home/airflow/.local/lib/python3.6/site-packages/airflow/example_dags/example_kubernetes_executor.py for tasks to queue
[2026-09-23 12:00:25,922] {logging_mixin.py:104} INFO - [2026-09-23 12:00:25,922] {dagbag.py:451} INFO - Filling up the DagBag from /home/airflow/.local/lib/python3.6/site-packages/airflow/example_dags/example_kubernetes_executor.py
[2026-09-23 12:00:25,945] {scheduler_job.py:639} INFO - DAG(s) dict_keys(['example_kubernetes_executor']) retrieved from /home/airflow/.local/lib/python3.6/site-packages/airflow/example_dags/example_kubernetes_executor.py
[2026-09-23 12:00:25,977] {logging_mixin.py:104} INFO - [2026-09-23 12:00:25,977] {dag.py:1824} INFO - Sync 1 DAGs
[2026-09-23 12:00:26,005] {logging_mixin.py:104} INFO - [2026-09-23 12:00:26,005] {dag.py:2280} INFO - Setting next_dagrun for example_kubernetes_executor to None
[2026-09-23 12:00:26,028] {scheduler_job.py:190} INFO - Processing /home/airflow/.local/lib/python3.6/site-packages/airflow/example_dags/example_kubernetes_executor.py took 0.112 seconds
[2026-09-23 12:00:56,532] {scheduler_job.py:182} INFO - Started process (PID=2009) to work on /home/airflow/.local/lib/python3.6/site-packages/airflow/example_dags/example_kubernetes_executor.py
[2026-09-23 12:00:56,534] {scheduler_job.py:629} INFO - Processing file /home/airflow/.local/lib/python3.6/site-packages/airflow/example_dags/example_kubernetes_executor.py for tasks to queue
[2026-09-23 12:00:56,534] {logging_mixin.py:104} INFO - [2026-09-23 12:00:56,534] {dagbag.py:451} INFO - Filling up the DagBag from /home/airflow/.local/lib/python3.6/site-packages/airflow/example_dags/example_kubernetes_executor.py
[2026-09-23 12:00:56,552] {scheduler_job.py:639} INFO - DAG(s) dict_keys(['example_kubernetes_executor']) retrieved from /home/airflow/.local/lib/python3.6/site-packages/airflow/example_dags/example_kubernetes_executor.py
[2026-09-23 12:00:56,580] {logging_mixin.py:104} INFO - [2026-09-23 12:00:56,579] {dag.py:1824} INFO - Sync 1 DAGs
[2026-09-23 12:00:56,600] {logging_mixin.py:104} INFO - [2026-09-23 12:00:56,600] {dag.py:2280} INFO - Setting next_dagrun for example_kubernetes_executor to None
[2026-09-23 12:00:56,618] {scheduler_job.py:190} INFO - Processing /home/airflow/.local/lib/python3.6/site-packages/airflow/example_dags/example_kubernetes_executor.py took 0.090 seconds
[2026-09-23 12:01:27,081] {scheduler_job.py:182} INFO - Started process (PID=2035) to work on /home/airflow/.local/lib/python3.6/site-packages/airflow/example_dags/example_kubernetes_executor.py
[2026-09-23 12:01:27,082] {scheduler_job.py:629} INFO - Processing file /home/airflow/.local/lib/python3.6/site-packages/airflow/example_dags/example_kubernetes_executor.py for tasks to queue
[2026-09-23 12:01:27,083] {logging_mixin.py:104} INFO - [2026-09-23 12:01:27,083] {dagbag.py:451} INFO - Filling up the DagBag from /home/airflow/.local/lib/python3.6/site-packages/airflow/example_dags/example_kubernetes_executor.py
[2026-09-23 12:01:27,099] {scheduler_job.py:639} INFO - DAG(s) dict_keys(['example_kubernetes_executor']) retrieved from /home/airflow/.local/lib/python3.6/site-packages/airflow/example_dags/example_kubernetes_executor.py
[2026-09-23 12:01:27,125] {logging_mixin.py:104} INFO - [2026-09-23 12:01:27,125] {dag.py:1824} INFO - Sync 1 DAGs
[2026-09-23 12:01:27,147] {logging_mixin.py:104} INFO - [2026-09-23 12:01:27,147] {dag.py:2280} INFO - Setting next_dagrun for example_kubernetes_executor to None
[2026-09-23 12:01:27,165] {scheduler_job.py:190} INFO - Processing /home/airflow/.local/lib/python3.6/site-packages/airflow/example_dags/example_kubernetes_executor.py took 0.088 seconds
[2026-09-23 12:01:57,624] {scheduler_job.py:182} INFO - Started process (PID=2061) to work on /home/airflow/.local/lib/python3.6/site-packages/airflow/example_dags/example_kubernetes_executor.py
[2026-09-23 12:01:57,626] {scheduler_job.py:629} INFO - Processing file /home/airflow/.local/lib/python3.6/site-packages/airflow/example_dags/example_kubernetes_executor.py for tasks to queue
[2026-09-23 12:01:57,627] {logging_mixin.py:104} INFO - [2026-09-23 12:01:57,626] {dagbag.py:451} INFO - Filling up the DagBag from /home/airflow/.local/lib/python3.6/site-packages/airflow/example_dags/example_kubernetes_executor.py
[2026-09-23 12:01:57,643] {scheduler_job.py:639} INFO - DAG(s) dict_keys(['example_kubernetes_executor']) retrieved from /home/airflow/.local/lib/python3.6/site-packages/airflow/example_dags/example_kubernetes_executor.py
[2026-09-23 12:01:57,671] {logging_mixin.py:104} INFO - [2026-09-23 12:01:57,671] {dag.py:1824} INFO - Sync 1 DAGs
[2026-09-23 12:01:57,691] {logging_mixin.py:104} INFO - [2026-09-23 12:01:57,691] {dag.py:2280} INFO - Setting next_dagrun for example_kubernetes_executor to None
[2026-09-23 12:01:57,705] {scheduler_job.py:190} INFO - Processing /home/airflow/.local/lib/python3.6/site-packages/airflow/example_dags/example_kubernetes_executor.py took 0.084 seconds
[2026-09-23 12:02:28,431] {scheduler_job.py:182} INFO - Started process (PID=2087) to work on /home/airflow/.local/lib/python3.6/site-packages/airflow/example_dags/example_kubernetes_executor.py
[2026-09-23 12:02:28,433] {scheduler_job.py:629} INFO - Processing file /home/airflow/.local/lib/python3.6/site-packages/airflow/example_dags/example_kubernetes_executor.py for tasks to queue
[2026-09-23 12:02:28,435] {logging_mixin.py:104} INFO - [2026-09-23 12:02:28,434] {dagbag.py:451} INFO - Filling up the DagBag from /home/airflow/.local/lib/python3.6/site-packages/airflow/example_dags/example_kubernetes_executor.py
[2026-09-23 12:02:28,460] {scheduler_job.py:639} INFO - DAG(s) dict_keys(['example_kubernetes_executor']) retrieved from /home/airflow/.local/lib/python3.6/site-packages/airflow/example_dags/example_kubernetes_executor.py
[2026-09-23 12:02:28,506] {logging_mixin.py:104} INFO - [2026-09-23 12:02:28,506] {dag.py:1824} INFO - Sync 1 DAGs
[2026-09-23 12:02:28,549] {logging_mixin.py:104} INFO - [2026-09-23 12:02:28,549] {dag.py:2280} INFO - Setting next_dagrun for example_kubernetes_executor to None
[2026-09-23 12:02:28,576] {scheduler_job.py:190} INFO - Processing /home/airflow/.local/lib/python3.6/site-packages/airflow/example_dags/example_kubernetes_executor.py took 0.150 seconds
[2026-09-23 12:02:59,517] {scheduler_job.py:182} INFO - Started process (PID=2113) to work on /home/airflow/.local/lib/python3.6/site-packages/airflow/example_dags/example_kubernetes_executor.py
[2026-09-23 12:02:59,519] {scheduler_job.py:629} INFO - Processing file /home/airflow/.local/lib/python3.6/site-packages/airflow/example_dags/example_kubernetes_executor.py for tasks to queue
[2026-09-23 12:02:59,520] {logging_mixin.py:104} INFO - [2026-09-23 12:02:59,520] {dagbag.py:451} INFO - Filling up the DagBag from /home/airflow/.local/lib/python3.6/site-packages/airflow/example_dags/example_kubernetes_executor.py
[2026-09-23 12:02:59,543] {scheduler_job.py:639} INFO - DAG(s) dict_keys(['example_kubernetes_executor']) retrieved from /home/airflow/.local/lib/python3.6/site-packages/airflow/example_dags/example_kubernetes_executor.py
[2026-09-23 12:02:59,577] {logging_mixin.py:104} INFO - [2026-09-23 12:02:59,576] {dag.py:1824} INFO - Sync 1 DAGs
[2026-09-23 12:02:59,600] {logging_mixin.py:104} INFO - [2026-09-23 12:02:59,600] {dag.py:2280} INFO - Setting next_dagrun for example_kubernetes_executor to None
[2026-09-23 12:02:59,620] {scheduler_job.py:190} INFO - Processing /home/airflow/.local/lib/python3.6/site-packages/airflow/example_dags/example_kubernetes_executor.py took 0.108 seconds
[2026-09-23 12:03:30,351] {scheduler_job.py:182} INFO - Started process (PID=2139) to work on /home/airflow/.local/lib/python3.6/site-packages/airflow/example_dags/example_kubernetes_executor.py
[2026-09-23 12:03:30,353] {scheduler_job.py:629} INFO - Processing file /home/airflow/.local/lib/python3.6/site-packages/airflow/example_dags/example_kubernetes_executor.py for tasks to queue
[2026-09-23 12:03:30,354] {logging_mixin.py:104} INFO - [2026-09-23 12:03:30,354] {dagbag.py:451} INFO - Filling up the DagBag from /home/airflow/.local/lib/python3.6/site-packages/airflow/example_dags/example_kubernetes_executor.py
[2026-09-23 12:03:30,372] {scheduler_job.py:639} INFO - DAG(s) dict_keys(['example_kubernetes_executor']) retrieved from /home/airflow/.local/lib/python3.6/site-packages/airflow/example_dags/example_kubernetes_executor.py
[2026-09-23 12:03:30,420] {logging_mixin.py:104} INFO - [2026-09-23 12:03:30,420] {dag.py:1824} INFO - Sync 1 DAGs
[2026-09-23 12:03:30,447] {logging_mixin.py:104} INFO - [2026-09-23 12:03:30,447] {dag.py:2280} INFO - Setting next_dagrun for example_kubernetes_executor to None
[2026-09-23 12:03:30,466] {scheduler_job.py:190} INFO - Processing /home/airflow/.local/lib/python3.6/site-packages/airflow/example_dags/example_kubernetes_executor.py took 0.119 seconds
[2026-09-23 12:04:01,077] {scheduler_job.py:182} INFO - Started process (PID=2165) to work on /home/airflow/.local/lib/python3.6/site-packages/airflow/example_dags/example_kubernetes_executor.py
[2026-09-23 12:04:01,078] {scheduler_job.py:629} INFO - Processing file /home/airflow/.local/lib/python3.6/site-packages/airflow/example_dags/example_kubernetes_executor.py for tasks to queue
[2026-09-23 12:04:01,079] {logging_mixin.py:104} INFO - [2026-09-23 12:04:01,079] {dagbag.py:451} INFO - Filling up the DagBag from /home/airflow/.local/lib/python3.6/site-packages/airflow/example_dags/example_kubernetes_executor.py
[2026-09-23 12:04:01,098] {scheduler_job.py:639} INFO - DAG(s) dict_keys(['example_kubernetes_executor']) retrieved from /home/airflow/.local/lib/python3.6/site-packages/airflow/example_dags/example_kubernetes_executor.py
[2026-09-23 12:04:01,129] {logging_mixin.py:104} INFO - [2026-09-23 12:04:01,129] {dag.py:1824} INFO - Sync 1 DAGs
[2026-09-23 12:04:01,151] {logging_mixin.py:104} INFO - [2026-09-23 12:04:01,151] {dag.py:2280} INFO - Setting next_dagrun for example_kubernetes_executor to None
[2026-09-23 12:04:01,168] {scheduler_job.py:190} INFO - Processing /home/airflow/.local/lib/python3.6/site-packages/airflow/example_dags/example_kubernetes_executor.py took 0.095 seconds
[2026-09-23 12:04:31,842] {scheduler_job.py:182} INFO - Started process (PID=2191) to work on /home/airflow/.local/lib/python3.6/site-packages/airflow/example_dags/example_kubernetes_executor.py
[2026-09-23 12:04:31,844] {scheduler_job.py:629} INFO - Processing file /home/airflow/.local/lib/python3.6/site-packages/airflow/example_dags/example_kubernetes_executor.py for tasks to queue
[2026-09-23 12:04:31,845] {logging_mixin.py:104} INFO - [2026-09-23 12:04:31,845] {dagbag.py:451} INFO - Filling up the DagBag from /home/airflow/.local/lib/python3.6/site-packages/airflow/example_dags/example_kubernetes_executor.py
[2026-09-23 12:04:31,863] {scheduler_job.py:639} INFO - DAG(s) dict_keys(['example_kubernetes_executor']) retrieved from /home/airflow/.local/lib/python3.6/site-packages/airflow/example_dags/example_kubernetes_executor.py
[2026-09-23 12:04:31,895] {logging_mixin.py:104} INFO - [2026-09-23 12:04:31,894] {dag.py:1824} INFO - Sync 1 DAGs
[2026-09-23 12:04:31,920] {logging_mixin.py:104} INFO - [2026-09-23 12:04:31,919] {dag.py:2280} INFO - Setting next_dagrun for example_kubernetes_executor to None
[2026-09-23 12:04:31,934] {scheduler_job.py:190} INFO - Processing /home/airflow/.local/lib/python3.6/site-packages/airflow/example_dags/example_kubernetes_executor.py took 0.097 seconds
[2026-09-23 12:05:02,082] {scheduler_job.py:182} INFO - Started process (PID=2217) to work on /home/airflow/.local/lib/python3.6/site-packages/airflow/example_dags/example_kubernetes_executor.py
[2026-09-23 12:05:02,084] {scheduler_job.py:629} INFO - Processing file /home/airflow/.local/lib/python3.6/site-packages/airflow/example_dags/example_kubernetes_executor.py for tasks to queue
[2026-09-23 12:05:02,084] {logging_mixin.py:104} INFO - [2026-09-23 12:05:02,084] {dagbag.py:451} INFO - Filling up the DagBag from /home/airflow/.local/lib/python3.6/site-packages/airflow/example_dags/example_kubernetes_executor.py
[2026-09-23 12:05:02,100] {scheduler_job.py:639} INFO - DAG(s) dict_keys(['example_kubernetes_executor']) retrieved from /home/airflow/.local/lib/python3.6/site-packages/airflow/example_dags/example_kubernetes_executor.py
[2026-09-23 12:05:02,131] {logging_mixin.py:104} INFO - [2026-09-23 12:05:02,131] {dag.py:1824} INFO - Sync 1 DAGs
[2026-09-23 12:05:02,151] {logging_mixin.py:104} INFO - [2026-09-23 12:05:02,151] {dag.py:2280} INFO - Setting next_dagrun for example_kubernetes_executor to None
[2026-09-23 12:05:02,168] {scheduler_job.py:190} INFO - Processing /home/airflow/.local/lib/python3.6/site-packages/airflow/example_dags/example_kubernetes_executor.py took 0.089 seconds
[2026-09-23 12:05:32,233] {scheduler_job.py:182} INFO - Started process (PID=2243) to work on /home/airflow/.local/lib/python3.6/site-packages/airflow/example_dags/example_kubernetes_executor.py
[2026-09-23 12:05:32,235] {scheduler_job.py:629} INFO - Processing file /home/airflow/.local/lib/python3.6/site-packages/airflow/example_dags/example_kubernetes_executor.py for tasks to queue
[2026-09-23 12:05:32,236] {logging_mixin.py:104} INFO - [2026-09-23 12:05:32,236] {dagbag.py:451} INFO - Filling up the DagBag from /home/airflow/.local/lib/python3.6/site-packages/airflow/example_dags/example_kubernetes_executor.py
[2026-09-23 12:05:32,259] {scheduler_job.py:639} INFO - DAG(s) dict_keys(['example_kubernetes_executor']) retrieved from /home/airflow/.local/lib/python3.6/site-packages/airflow/example_dags/example_kubernetes_executor.py
[2026-09-23 12:05:32,286] {logging_mixin.py:104} INFO - [2026-09-23 12:05:32,286] {dag.py:1824} INFO - Sync 1 DAGs
[2026-09-23 12:05:32,306] {logging_mixin.py:104} INFO - [2026-09-23 12:05:32,306] {dag.py:2280} INFO - Setting next_dagrun for example_kubernetes_executor to None
[2026-09-23 12:05:32,320] {scheduler_job.py:190} INFO - Processing /home/airflow/.local/lib/python3.6/site-packages/airflow/example_dags/example_kubernetes_executor.py took 0.093 seconds
[2026-09-23 12:06:02,404] {scheduler_job.py:182} INFO - Started process (PID=2269) to work on /home/airflow/.local/lib/python3.6/site-packages/airflow/example_dags/example_kubernetes_executor.py
[2026-09-23 12:06:02,406] {scheduler_job.py:629} INFO - Processing file /home/airflow/.local/lib/python3.6/site-packages/airflow/example_dags/example_kubernetes_executor.py for tasks to queue
[2026-09-23 12:06:02,407] {logging_mixin.py:104} INFO - [2026-09-23 12:06:02,407] {dagbag.py:451} INFO - Filling up the DagBag from /home/airflow/.local/lib/python3.6/site-packages/airflow/example_dags/example_kubernetes_executor.py
[2026-09-23 12:06:02,428] {scheduler_job.py:639} INFO - DAG(s) dict_keys(['example_kubernetes_executor']) retrieved from /home/airflow/.local/lib/python3.6/site-packages/airflow/example_dags/example_kubernetes_executor.py
[2026-09-23 12:06:02,467] {logging_mixin.py:104} INFO - [2026-09-23 12:06:02,466] {dag.py:1824} INFO - Sync 1 DAGs
[2026-09-23 12:06:02,493] {logging_mixin.py:104} INFO - [2026-09-23 12:06:02,493] {dag.py:2280} INFO - Setting next_dagrun for example_kubernetes_executor to None
[2026-09-23 12:06:02,509] {scheduler_job.py:190} INFO - Processing /home/airflow/.local/lib/python3.6/site-packages/airflow/example_dags/example_kubernetes_executor.py took 0.110 seconds
[2026-09-23 12:06:33,386] {scheduler_job.py:182} INFO - Started process (PID=2295) to work on /home/airflow/.local/lib/python3.6/site-packages/airflow/example_dags/example_kubernetes_executor.py
[2026-09-23 12:06:33,387] {scheduler_job.py:629} INFO - Processing file /home/airflow/.local/lib/python3.6/site-packages/airflow/example_dags/example_kubernetes_executor.py for tasks to queue
[2026-09-23 12:06:33,388] {logging_mixin.py:104} INFO - [2026-09-23 12:06:33,388] {dagbag.py:451} INFO - Filling up the DagBag from /home/airflow/.local/lib/python3.6/site-packages/airflow/example_dags/example_kubernetes_executor.py
[2026-09-23 12:06:33,405] {scheduler_job.py:639} INFO - DAG(s) dict_keys(['example_kubernetes_executor']) retrieved from /home/airflow/.local/lib/python3.6/site-packages/airflow/example_dags/example_kubernetes_executor.py
[2026-09-23 12:06:33,431] {logging_mixin.py:104} INFO - [2026-09-23 12:06:33,431] {dag.py:1824} INFO - Sync 1 DAGs
[2026-09-23 12:06:33,453] {logging_mixin.py:104} INFO - [2026-09-23 12:06:33,453] {dag.py:2280} INFO - Setting next_dagrun for example_kubernetes_executor to None
[2026-09-23 12:06:33,470] {scheduler_job.py:190} INFO - Processing /home/airflow/.local/lib/python3.6/site-packages/airflow/example_dags/example_kubernetes_executor.py took 0.089 seconds
[2026-09-23 12:07:04,194] {scheduler_job.py:182} INFO - Started process (PID=2321) to work on /home/airflow/.local/lib/python3.6/site-packages/airflow/example_dags/example_kubernetes_executor.py
[2026-09-23 12:07:04,195] {scheduler_job.py:629} INFO - Processing file /home/airflow/.local/lib/python3.6/site-packages/airflow/example_dags/example_kubernetes_executor.py for tasks to queue
[2026-09-23 12:07:04,196] {logging_mixin.py:104} INFO - [2026-09-23 12:07:04,196] {dagbag.py:451} INFO - Filling up the DagBag from /home/airflow/.local/lib/python3.6/site-packages/airflow/example_dags/example_kubernetes_executor.py
[2026-09-23 12:07:04,212] {scheduler_job.py:639} INFO - DAG(s) dict_keys(['example_kubernetes_executor']) retrieved from /home/airflow/.local/lib/python3.6/site-packages/airflow/example_dags/example_kubernetes_executor.py
[2026-09-23 12:07:04,237] {logging_mixin.py:104} INFO - [2026-09-23 12:07:04,237] {dag.py:1824} INFO - Sync 1 DAGs
[2026-09-23 12:07:04,256] {logging_mixin.py:104} INFO - [2026-09-23 12:07:04,256] {dag.py:2280} INFO - Setting next_dagrun for example_kubernetes_executor to None
[2026-09-23 12:07:04,273] {scheduler_job.py:190} INFO - Processing /home/airflow/.local/lib/python3.6/site-packages/airflow/example_dags/example_kubernetes_executor.py took 0.084 seconds
[2026-09-23 12:07:34,981] {scheduler_job.py:182} INFO - Started process (PID=2347) to work on /home/airflow/.local/lib/python3.6/site-packages/airflow/example_dags/example_kubernetes_executor.py
[2026-09-23 12:07:34,983] {scheduler_job.py:629} INFO - Processing file /home/airflow/.local/lib/python3.6/site-packages/airflow/example_dags/example_kubernetes_executor.py for tasks to queue
[2026-09-23 12:07:34,984] {logging_mixin.py:104} INFO - [2026-09-23 12:07:34,983] {dagbag.py:451} INFO - Filling up the DagBag from /home/airflow/.local/lib/python3.6/site-packages/airflow/example_dags/example_kubernetes_executor.py
[2026-09-23 12:07:35,005] {scheduler_job.py:639} INFO - DAG(s) dict_keys(['example_kubernetes_executor']) retrieved from /home/airflow/.local/lib/python3.6/site-packages/airflow/example_dags/example_kubernetes_executor.py
[2026-09-23 12:07:35,042] {logging_mixin.py:104} INFO - [2026-09-23 12:07:35,042] {dag.py:1824} INFO - Sync 1 DAGs
[2026-09-23 12:07:35,064] {logging_mixin.py:104} INFO - [2026-09-23 12:07:35,064] {dag.py:2280} INFO - Setting next_dagrun for example_kubernetes_executor to None
[2026-09-23 12:07:35,087] {scheduler_job.py:190} INFO - Processing /home/airflow/.local/lib/python3.6/site-packages/airflow/example_dags/example_kubernetes_executor.py took 0.110 seconds
[2026-09-23 12:08:05,537] {scheduler_job.py:182} INFO - Started process (PID=2373) to work on /home/airflow/.local/lib/python3.6/site-packages/airflow/example_dags/example_kubernetes_executor.py
[2026-09-23 12:08:05,539] {scheduler_job.py:629} INFO - Processing file /home/airflow/.local/lib/python3.6/site-packages/airflow/example_dags/example_kubernetes_executor.py for tasks to queue
[2026-09-23 12:08:05,540] {logging_mixin.py:104} INFO - [2026-09-23 12:08:05,540] {dagbag.py:451} INFO - Filling up the DagBag from /home/airflow/.local/lib/python3.6/site-packages/airflow/example_dags/example_kubernetes_executor.py
[2026-09-23 12:08:05,563] {scheduler_job.py:639} INFO - DAG(s) dict_keys(['example_kubernetes_executor']) retrieved from /home/airflow/.local/lib/python3.6/site-packages/airflow/example_dags/example_kubernetes_executor.py
[2026-09-23 12:08:05,589] {logging_mixin.py:104} INFO - [2026-09-23 12:08:05,589] {dag.py:1824} INFO - Sync 1 DAGs
[2026-09-23 12:08:05,612] {logging_mixin.py:104} INFO - [2026-09-23 12:08:05,612] {dag.py:2280} INFO - Setting next_dagrun for example_kubernetes_executor to None
[2026-09-23 12:08:05,633] {scheduler_job.py:190} INFO - Processing /home/airflow/.local/lib/python3.6/site-packages/airflow/example_dags/example_kubernetes_executor.py took 0.102 seconds
[2026-09-23 12:08:36,271] {scheduler_job.py:182} INFO - Started process (PID=2399) to work on /home/airflow/.local/lib/python3.6/site-packages/airflow/example_dags/example_kubernetes_executor.py
[2026-09-23 12:08:36,272] {scheduler_job.py:629} INFO - Processing file /home/airflow/.local/lib/python3.6/site-packages/airflow/example_dags/example_kubernetes_executor.py for tasks to queue
[2026-09-23 12:08:36,273] {logging_mixin.py:104} INFO - [2026-09-23 12:08:36,273] {dagbag.py:451} INFO - Filling up the DagBag from /home/airflow/.local/lib/python3.6/site-packages/airflow/example_dags/example_kubernetes_executor.py
[2026-09-23 12:08:36,289] {scheduler_job.py:639} INFO - DAG(s) dict_keys(['example_kubernetes_executor']) retrieved from /home/airflow/.local/lib/python3.6/site-packages/airflow/example_dags/example_kubernetes_executor.py
[2026-09-23 12:08:36,319] {logging_mixin.py:104} INFO - [2026-09-23 12:08:36,319] {dag.py:1824} INFO - Sync 1 DAGs
[2026-09-23 12:08:36,345] {logging_mixin.py:104} INFO - [2026-09-23 12:08:36,345] {dag.py:2280} INFO - Setting next_dagrun for example_kubernetes_executor to None
[2026-09-23 12:08:36,362] {scheduler_job.py:190} INFO - Processing /home/airflow/.local/lib/python3.6/site-packages/airflow/example_dags/example_kubernetes_executor.py took 0.095 seconds
[2026-09-23 12:09:06,990] {scheduler_job.py:182} INFO - Started process (PID=2425) to work on /home/airflow/.local/lib/python3.6/site-packages/airflow/example_dags/example_kubernetes_executor.py
[2026-09-23 12:09:06,991] {scheduler_job.py:629} INFO - Processing file /home/airflow/.local/lib/python3.6/site-packages/airflow/example_dags/example_kubernetes_executor.py for tasks to queue
[2026-09-23 12:09:06,992] {logging_mixin.py:104} INFO - [2026-09-23 12:09:06,992] {dagbag.py:451} INFO - Filling up the DagBag from /home/airflow/.local/lib/python3.6/site-packages/airflow/example_dags/example_kubernetes_executor.py
[2026-09-23 12:09:07,014] {scheduler_job.py:639} INFO - DAG(s) dict_keys(['example_kubernetes_executor']) retrieved from /home/airflow/.local/lib/python3.6/site-packages/airflow/example_dags/example_kubernetes_executor.py
[2026-09-23 12:09:07,056] {logging_mixin.py:104} INFO - [2026-09-23 12:09:07,056] {dag.py:1824} INFO - Sync 1 DAGs
[2026-09-23 12:09:07,098] {logging_mixin.py:104} INFO - [2026-09-23 12:09:07,097] {dag.py:2280} INFO - Setting next_dagrun for example_kubernetes_executor to None
[2026-09-23 12:09:07,118] {scheduler_job.py:190} INFO - Processing /home/airflow/.local/lib/python3.6/site-packages/airflow/example_dags/example_kubernetes_executor.py took 0.133 seconds
[2026-09-23 12:09:38,078] {scheduler_job.py:182} INFO - Started process (PID=2451) to work on /home/airflow/.local/lib/python3.6/site-packages/airflow/example_dags/example_kubernetes_executor.py
[2026-09-23 12:09:38,081] {scheduler_job.py:629} INFO - Processing file /home/airflow/.local/lib/python3.6/site-packages/airflow/example_dags/example_kubernetes_executor.py for tasks to queue
[2026-09-23 12:09:38,082] {logging_mixin.py:104} INFO - [2026-09-23 12:09:38,082] {dagbag.py:451} INFO - Filling up the DagBag from /home/airflow/.local/lib/python3.6/site-packages/airflow/example_dags/example_kubernetes_executor.py
[2026-09-23 12:09:38,102] {scheduler_job.py:639} INFO - DAG(s) dict_keys(['example_kubernetes_executor']) retrieved from /home/airflow/.local/lib/python3.6/site-packages/airflow/example_dags/example_kubernetes_executor.py
[2026-09-23 12:09:38,137] {logging_mixin.py:104} INFO - [2026-09-23 12:09:38,137] {dag.py:1824} INFO - Sync 1 DAGs
[2026-09-23 12:09:38,166] {logging_mixin.py:104} INFO - [2026-09-23 12:09:38,166] {dag.py:2280} INFO - Setting next_dagrun for example_kubernetes_executor to None
[2026-09-23 12:09:38,189] {scheduler_job.py:190} INFO - Processing /home/airflow/.local/lib/python3.6/site-packages/airflow/example_dags/example_kubernetes_executor.py took 0.119 seconds
[2026-09-23 12:10:08,710] {scheduler_job.py:182} INFO - Started process (PID=2477) to work on /home/airflow/.local/lib/python3.6/site-packages/airflow/example_dags/example_kubernetes_executor.py
[2026-09-23 12:10:08,712] {scheduler_job.py:629} INFO - Processing file /home/airflow/.local/lib/python3.6/site-packages/airflow/example_dags/example_kubernetes_executor.py for tasks to queue
[2026-09-23 12:10:08,712] {logging_mixin.py:104} INFO - [2026-09-23 12:10:08,712] {dagbag.py:451} INFO - Filling up the DagBag from /home/airflow/.local/lib/python3.6/site-packages/airflow/example_dags/example_kubernetes_executor.py
[2026-09-23 12:10:08,728] {scheduler_job.py:639} INFO - DAG(s) dict_keys(['example_kubernetes_executor']) retrieved from /home/airflow/.local/lib/python3.6/site-packages/airflow/example_dags/example_kubernetes_executor.py
[2026-09-23 12:10:08,757] {logging_mixin.py:104} INFO - [2026-09-23 12:10:08,757] {dag.py:1824} INFO - Sync 1 DAGs
[2026-09-23 12:10:08,778] {logging_mixin.py:104} INFO - [2026-09-23 12:10:08,778] {dag.py:2280} INFO - Setting next_dagrun for example_kubernetes_executor to None
[2026-09-23 12:10:08,798] {scheduler_job.py:190} INFO - Processing /home/airflow/.local/lib/python3.6/site-packages/airflow/example_dags/example_kubernetes_executor.py took 0.092 seconds
[2026-09-23 12:10:38,969] {scheduler_job.py:182} INFO - Started process (PID=2503) to work on /home/airflow/.local/lib/python3.6/site-packages/airflow/example_dags/example_kubernetes_executor.py
[2026-09-23 12:10:38,974] {scheduler_job.py:629} INFO - Processing file /home/airflow/.local/lib/python3.6/site-packages/airflow/example_dags/example_kubernetes_executor.py for tasks to queue
[2026-09-23 12:10:38,981] {logging_mixin.py:104} INFO - [2026-09-23 12:10:38,975] {dagbag.py:451} INFO - Filling up the DagBag from /home/airflow/.local/lib/python3.6/site-packages/airflow/example_dags/example_kubernetes_executor.py
[2026-09-23 12:10:39,018] {scheduler_job.py:639} INFO - DAG(s) dict_keys(['example_kubernetes_executor']) retrieved from /home/airflow/.local/lib/python3.6/site-packages/airflow/example_dags/example_kubernetes_executor.py
[2026-09-23 12:10:39,049] {logging_mixin.py:104} INFO - [2026-09-23 12:10:39,049] {dag.py:1824} INFO - Sync 1 DAGs
[2026-09-23 12:10:39,076] {logging_mixin.py:104} INFO - [2026-09-23 12:10:39,076] {dag.py:2280} INFO - Setting next_dagrun for example_kubernetes_executor to None
[2026-09-23 12:10:39,095] {scheduler_job.py:190} INFO - Processing /home/airflow/.local/lib/python3.6/site-packages/airflow/example_dags/example_kubernetes_executor.py took 0.141 seconds
[2026-09-23 12:11:09,810] {scheduler_job.py:182} INFO - Started process (PID=2529) to work on /home/airflow/.local/lib/python3.6/site-packages/airflow/example_dags/example_kubernetes_executor.py
[2026-09-23 12:11:09,812] {scheduler_job.py:629} INFO - Processing file /home/airflow/.local/lib/python3.6/site-packages/airflow/example_dags/example_kubernetes_executor.py for tasks to queue
[2026-09-23 12:11:09,813] {logging_mixin.py:104} INFO - [2026-09-23 12:11:09,813] {dagbag.py:451} INFO - Filling up the DagBag from /home/airflow/.local/lib/python3.6/site-packages/airflow/example_dags/example_kubernetes_executor.py
[2026-09-23 12:11:09,836] {scheduler_job.py:639} INFO - DAG(s) dict_keys(['example_kubernetes_executor']) retrieved from /home/airflow/.local/lib/python3.6/site-packages/airflow/example_dags/example_kubernetes_executor.py
[2026-09-23 12:11:09,862] {logging_mixin.py:104} INFO - [2026-09-23 12:11:09,862] {dag.py:1824} INFO - Sync 1 DAGs
[2026-09-23 12:11:09,889] {logging_mixin.py:104} INFO - [2026-09-23 12:11:09,888] {dag.py:2280} INFO - Setting next_dagrun for example_kubernetes_executor to None
[2026-09-23 12:11:09,905] {scheduler_job.py:190} INFO - Processing /home/airflow/.local/lib/python3.6/site-packages/airflow/example_dags/example_kubernetes_executor.py took 0.099 seconds
[2026-09-23 12:11:40,046] {scheduler_job.py:182} INFO - Started process (PID=2555) to work on /home/airflow/.local/lib/python3.6/site-packages/airflow/example_dags/example_kubernetes_executor.py
[2026-09-23 12:11:40,047] {scheduler_job.py:629} INFO - Processing file /home/airflow/.local/lib/python3.6/site-packages/airflow/example_dags/example_kubernetes_executor.py for tasks to queue
[2026-09-23 12:11:40,048] {logging_mixin.py:104} INFO - [2026-09-23 12:11:40,048] {dagbag.py:451} INFO - Filling up the DagBag from /home/airflow/.local/lib/python3.6/site-packages/airflow/example_dags/example_kubernetes_executor.py
[2026-09-23 12:11:40,065] {scheduler_job.py:639} INFO - DAG(s) dict_keys(['example_kubernetes_executor']) retrieved from /home/airflow/.local/lib/python3.6/site-packages/airflow/example_dags/example_kubernetes_executor.py
[2026-09-23 12:11:40,090] {logging_mixin.py:104} INFO - [2026-09-23 12:11:40,090] {dag.py:1824} INFO - Sync 1 DAGs
[2026-09-23 12:11:40,112] {logging_mixin.py:104} INFO - [2026-09-23 12:11:40,111] {dag.py:2280} INFO - Setting next_dagrun for example_kubernetes_executor to None
[2026-09-23 12:11:40,130] {scheduler_job.py:190} INFO - Processing /home/airflow/.local/lib/python3.6/site-packages/airflow/example_dags/example_kubernetes_executor.py took 0.089 seconds
[2026-09-23 12:12:10,290] {scheduler_job.py:182} INFO - Started process (PID=2581) to work on /home/airflow/.local/lib/python3.6/site-packages/airflow/example_dags/example_kubernetes_executor.py
[2026-09-23 12:12:10,293] {scheduler_job.py:629} INFO - Processing file /home/airflow/.local/lib/python3.6/site-packages/airflow/example_dags/example_kubernetes_executor.py for tasks to queue
[2026-09-23 12:12:10,294] {logging_mixin.py:104} INFO - [2026-09-23 12:12:10,293] {dagbag.py:451} INFO - Filling up the DagBag from /home/airflow/.local/lib/python3.6/site-packages/airflow/example_dags/example_kubernetes_executor.py
[2026-09-23 12:12:10,314] {scheduler_job.py:639} INFO - DAG(s) dict_keys(['example_kubernetes_executor']) retrieved from /home/airflow/.local/lib/python3.6/site-packages/airflow/example_dags/example_kubernetes_executor.py
[2026-09-23 12:12:10,340] {logging_mixin.py:104} INFO - [2026-09-23 12:12:10,340] {dag.py:1824} INFO - Sync 1 DAGs
[2026-09-23 12:12:10,358] {logging_mixin.py:104} INFO - [2026-09-23 12:12:10,358] {dag.py:2280} INFO - Setting next_dagrun for example_kubernetes_executor to None
[2026-09-23 12:12:10,374] {scheduler_job.py:190} INFO - Processing /home/airflow/.local/lib/python3.6/site-packages/airflow/example_dags/example_kubernetes_executor.py took 0.088 seconds
[2026-09-23 12:12:40,521] {scheduler_job.py:182} INFO - Started process (PID=2607) to work on /home/airflow/.local/lib/python3.6/site-packages/airflow/example_dags/example_kubernetes_executor.py
[2026-09-23 12:12:40,522] {scheduler_job.py:629} INFO - Processing file /home/airflow/.local/lib/python3.6/site-packages/airflow/example_dags/example_kubernetes_executor.py for tasks to queue
[2026-09-23 12:12:40,523] {logging_mixin.py:104} INFO - [2026-09-23 12:12:40,523] {dagbag.py:451} INFO - Filling up the DagBag from /home/airflow/.local/lib/python3.6/site-packages/airflow/example_dags/example_kubernetes_executor.py
[2026-09-23 12:12:40,542] {scheduler_job.py:639} INFO - DAG(s) dict_keys(['example_kubernetes_executor']) retrieved from /home/airflow/.local/lib/python3.6/site-packages/airflow/example_dags/example_kubernetes_executor.py
[2026-09-23 12:12:40,568] {logging_mixin.py:104} INFO - [2026-09-23 12:12:40,568] {dag.py:1824} INFO - Sync 1 DAGs
[2026-09-23 12:12:40,588] {logging_mixin.py:104} INFO - [2026-09-23 12:12:40,588] {dag.py:2280} INFO - Setting next_dagrun for example_kubernetes_executor to None
[2026-09-23 12:12:40,605] {scheduler_job.py:190} INFO - Processing /home/airflow/.local/lib/python3.6/site-packages/airflow/example_dags/example_kubernetes_executor.py took 0.089 seconds
[2026-09-23 12:13:10,670] {scheduler_job.py:182} INFO - Started process (PID=2633) to work on /home/airflow/.local/lib/python3.6/site-packages/airflow/example_dags/example_kubernetes_executor.py
[2026-09-23 12:13:10,671] {scheduler_job.py:629} INFO - Processing file /home/airflow/.local/lib/python3.6/site-packages/airflow/example_dags/example_kubernetes_executor.py for tasks to queue
[2026-09-23 12:13:10,672] {logging_mixin.py:104} INFO - [2026-09-23 12:13:10,672] {dagbag.py:451} INFO - Filling up the DagBag from /home/airflow/.local/lib/python3.6/site-packages/airflow/example_dags/example_kubernetes_executor.py
[2026-09-23 12:13:10,691] {scheduler_job.py:639} INFO - DAG(s) dict_keys(['example_kubernetes_executor']) retrieved from /home/airflow/.local/lib/python3.6/site-packages/airflow/example_dags/example_kubernetes_executor.py
[2026-09-23 12:13:10,722] {logging_mixin.py:104} INFO - [2026-09-23 12:13:10,722] {dag.py:1824} INFO - Sync 1 DAGs
[2026-09-23 12:13:10,744] {logging_mixin.py:104} INFO - [2026-09-23 12:13:10,744] {dag.py:2280} INFO - Setting next_dagrun for example_kubernetes_executor to None
[2026-09-23 12:13:10,761] {scheduler_job.py:190} INFO - Processing /home/airflow/.local/lib/python3.6/site-packages/airflow/example_dags/example_kubernetes_executor.py took 0.096 seconds
[2026-09-23 12:13:40,968] {scheduler_job.py:182} INFO - Started process (PID=2659) to work on /home/airflow/.local/lib/python3.6/site-packages/airflow/example_dags/example_kubernetes_executor.py
[2026-09-23 12:13:40,969] {scheduler_job.py:629} INFO - Processing file /home/airflow/.local/lib/python3.6/site-packages/airflow/example_dags/example_kubernetes_executor.py for tasks to queue
[2026-09-23 12:13:40,970] {logging_mixin.py:104} INFO - [2026-09-23 12:13:40,970] {dagbag.py:451} INFO - Filling up the DagBag from /home/airflow/.local/lib/python3.6/site-packages/airflow/example_dags/example_kubernetes_executor.py
[2026-09-23 12:13:40,988] {scheduler_job.py:639} INFO - DAG(s) dict_keys(['example_kubernetes_executor']) retrieved from /home/airflow/.local/lib/python3.6/site-packages/airflow/example_dags/example_kubernetes_executor.py
[2026-09-23 12:13:41,017] {logging_mixin.py:104} INFO - [2026-09-23 12:13:41,017] {dag.py:1824} INFO - Sync 1 DAGs
[2026-09-23 12:13:41,038] {logging_mixin.py:104} INFO - [2026-09-23 12:13:41,038] {dag.py:2280} INFO - Setting next_dagrun for example_kubernetes_executor to None
[2026-09-23 12:13:41,058] {scheduler_job.py:190} INFO - Processing /home/airflow/.local/lib/python3.6/site-packages/airflow/example_dags/example_kubernetes_executor.py took 0.094 seconds
