[2026-09-23 11:22:13,187] {scheduler_job.py:182} INFO - Started process (PID=40) to work on /home/airflow/.local/lib/python3.6/site-packages/airflow/example_dags/tutorial_taskflow_api_etl.py
[2026-09-23 11:22:13,189] {scheduler_job.py:629} INFO - Processing file /home/airflow/.local/lib/python3.6/site-packages/airflow/example_dags/tutorial_taskflow_api_etl.py for tasks to queue
[2026-09-23 11:22:13,190] {logging_mixin.py:104} INFO - [2026-09-23 11:22:13,190] {dagbag.py:451} INFO - Filling up the DagBag from /home/airflow/.local/lib/python3.6/site-packages/airflow/example_dags/tutorial_taskflow_api_etl.py
[2026-09-23 11:22:13,218] {scheduler_job.py:639} INFO - DAG(s) dict_keys(['tutorial_taskflow_api_etl']) retrieved from /home/airflow/.local/lib/python3.6/site-packages/airflow/example_dags/tutorial_taskflow_api_etl.py
[2026-09-23 11:22:13,283] {logging_mixin.py:104} INFO - [2026-09-23 11:22:13,283] {dag.py:1824} INFO - Sync 1 DAGs
[2026-09-23 11:22:13,316] {logging_mixin.py:104} INFO - [2026-09-23 11:22:13,316] {dag.py:2280} INFO - Setting next_dagrun for tutorial_taskflow_api_etl to None
[2026-09-23 11:22:13,348] {scheduler_job.py:190} INFO - Processing /home/airflow/.local/lib/python3.6/site-packages/airflow/example_dags/tutorial_taskflow_api_etl.py took 0.169 seconds
[2026-09-23 11:22:43,723] {scheduler_job.py:182} INFO - Started process (PID=64) to work on /home/airflow/.local/lib/python3.6/site-packages/airflow/example_dags/tutorial_taskflow_api_etl.py
[2026-09-23 11:22:43,725] {scheduler_job.py:629} INFO - Processing file /home/airflow/.local/lib/python3.6/site-packages/airflow/example_dags/tutorial_taskflow_api_etl.py for tasks to queue
[2026-09-23 11:22:43,725] {logging_mixin.py:104} INFO - [2026-09-23 11:22:43,725] {dagbag.py:451} INFO - Filling up the DagBag from /home/airflow/.local/lib/python3.6/site-packages/airflow/example_dags/tutorial_taskflow_api_etl.py
[2026-09-23 11:22:43,743] {scheduler_job.py:639} INFO - DAG(s) dict_keys(['tutorial_taskflow_api_etl']) retrieved from /home/airflow/.local/lib/python3.6/site-packages/airflow/example_dags/tutorial_taskflow_api_etl.py
[2026-09-23 11:22:43,771] {logging_mixin.py:104} INFO - [2026-09-23 11:22:43,771] {dag.py:1824} INFO - Sync 1 DAGs
[2026-09-23 11:22:43,791] {logging_mixin.py:104} INFO - [2026-09-23 11:22:43,791] {dag.py:2280} INFO - Setting next_dagrun for tutorial_taskflow_api_etl to None
[2026-09-23 11:22:43,806] {scheduler_job.py:190} INFO - Processing /home/airflow/.local/lib/python3.6/site-packages/airflow/example_dags/tutorial_taskflow_api_etl.py took 0.088 seconds
[2026-09-23 11:23:14,700] {scheduler_job.py:182} INFO - Started process (PID=93) to work on /home/airflow/.local/lib/python3.6/site-packages/airflow/example_dags/tutorial_taskflow_api_etl.py
[2026-09-23 11:23:14,702] {scheduler_job.py:629} INFO - Processing file /home/airflow/.local/lib/python3.6/site-packages/airflow/example_dags/tutorial_taskflow_api_etl.py for tasks to queue
[2026-09-23 11:23:14,703] {logging_mixin.py:104} INFO - [2026-09-23 11:23:14,703] {dagbag.py:451} INFO - Filling up the DagBag from /home/airflow/.local/lib/python3.6/site-packages/airflow/example_dags/tutorial_taskflow_api_etl.py
[2026-09-23 11:23:14,721] {scheduler_job.py:639} INFO - DAG(s) dict_keys(['tutorial_taskflow_api_etl']) retrieved from /home/airflow/.local/lib/python3.6/site-packages/airflow/example_dags/tutorial_taskflow_api_etl.py
[2026-09-23 11:23:14,754] {logging_mixin.py:104} INFO - [2026-09-23 11:23:14,754] {dag.py:1824} INFO - Sync 1 DAGs
[2026-09-23 11:23:14,776] {logging_mixin.py:104} INFO - [2026-09-23 11:23:14,776] {dag.py:2280} INFO - Setting next_dagrun for tutorial_taskflow_api_etl to None
[2026-09-23 11:23:14,856] {scheduler_job.py:190} INFO - Processing /home/airflow/.local/lib/python3.6/site-packages/airflow/example_dags/tutorial_taskflow_api_etl.py took 0.160 seconds
[2026-09-23 11:23:45,751] {scheduler_job.py:182} INFO - Started process (PID=120) to work on /home/airflow/.local/lib/python3.6/site-packages/airflow/example_dags/tutorial_taskflow_api_etl.py
[2026-09-23 11:23:45,753] {scheduler_job.py:629} INFO - Processing file /home/airflow/.local/lib/python3.6/site-packages/airflow/example_dags/tutorial_taskflow_api_etl.py for tasks to queue
[2026-09-23 11:23:45,754] {logging_mixin.py:104} INFO - [2026-09-23 11:23:45,753] {dagbag.py:451} INFO - Filling up the DagBag from /home/airflow/.local/lib/python3.6/site-packages/airflow/example_dags/tutorial_taskflow_api_etl.py
[2026-09-23 11:23:45,772] {scheduler_job.py:639} INFO - DAG(s) dict_keys(['tutorial_taskflow_api_etl']) retrieved from /home/airflow/.local/lib/python3.6/site-packages/airflow/example_dags/tutorial_taskflow_api_etl.py
[2026-09-23 11:23:45,803] {logging_mixin.py:104} INFO - [2026-09-23 11:23:45,803] {dag.py:1824} INFO - Sync 1 DAGs
[2026-09-23 11:23:45,824] {logging_mixin.py:104} INFO - [2026-09-23 11:23:45,824] {dag.py:2280} INFO - Setting next_dagrun for tutorial_taskflow_api_etl to None
[2026-09-23 11:23:45,843] {scheduler_job.py:190} INFO - Processing /home/airflow/.local/lib/python3.6/site-packages/airflow/example_dags/tutorial_taskflow_api_etl.py took 0.096 seconds
[2026-09-23 11:24:16,594] {scheduler_job.py:182} INFO - Started process (PID=146) to work on /home/airflow/.local/lib/python3.6/site-packages/airflow/example_dags/tutorial_taskflow_api_etl.py
[2026-09-23 11:24:16,595] {scheduler_job.py:629} INFO - Processing file /home/airflow/.local/lib/python3.6/site-packages/airflow/example_dags/tutorial_taskflow_api_etl.py for tasks to queue
[2026-09-23 11:24:16,596] {logging_mixin.py:104} INFO - [2026-09-23 11:24:16,596] {dagbag.py:451} INFO - Filling up the DagBag from /home/airflow/.local/lib/python3.6/site-packages/airflow/example_dags/tutorial_taskflow_api_etl.py
[2026-09-23 11:24:16,616] {scheduler_job.py:639} INFO - DAG(s) dict_keys(['tutorial_taskflow_api_etl']) retrieved from /home/airflow/.local/lib/python3.6/site-packages/airflow/example_dags/tutorial_taskflow_api_etl.py
[2026-09-23 11:24:16,648] {logging_mixin.py:104} INFO - [2026-09-23 11:24:16,648] {dag.py:1824} INFO - Sync 1 DAGs
[2026-09-23 11:24:16,671] {logging_mixin.py:104} INFO - [2026-09-23 11:24:16,671] {dag.py:2280} INFO - Setting next_dagrun for tutorial_taskflow_api_etl to None
[2026-09-23 11:24:16,688] {scheduler_job.py:190} INFO - Processing /home/airflow/.local/lib/python3.6/site-packages/airflow/example_dags/tutorial_taskflow_api_etl.py took 0.098 seconds
[2026-09-23 11:24:47,188] {scheduler_job.py:182} INFO - Started process (PID=172) to work on /home/airflow/.local/lib/python3.6/site-packages/airflow/example_dags/tutorial_taskflow_api_etl.py
[2026-09-23 11:24:47,190] {scheduler_job.py:629} INFO - Processing file /home/airflow/.local/lib/python3.6/site-packages/airflow/example_dags/tutorial_taskflow_api_etl.py for tasks to queue
[2026-09-23 11:24:47,192] {logging_mixin.py:104} INFO - [2026-09-23 11:24:47,191] {dagbag.py:451} INFO - Filling up the DagBag from /home/airflow/.local/lib/python3.6/site-packages/airflow/example_dags/tutorial_taskflow_api_etl.py
[2026-09-23 11:24:47,212] {scheduler_job.py:639} INFO - DAG(s) dict_keys(['tutorial_taskflow_api_etl']) retrieved from /home/airflow/.local/lib/python3.6/site-packages/airflow/example_dags/tutorial_taskflow_api_etl.py
[2026-09-23 11:24:47,250] {logging_mixin.py:104} INFO - [2026-09-23 11:24:47,249] {dag.py:1824} INFO - Sync 1 DAGs
[2026-09-23 11:24:47,273] {logging_mixin.py:104} INFO - [2026-09-23 11:24:47,272] {dag.py:2280} INFO - Setting next_dagrun for tutorial_taskflow_api_etl to None
[2026-09-23 11:24:47,291] {scheduler_job.py:190} INFO - Processing /home/airflow/.local/lib/python3.6/site-packages/airflow/example_dags/tutorial_taskflow_api_etl.py took 0.109 seconds
[2026-09-23 11:25:17,631] {scheduler_job.py:182} INFO - Started process (PID=197) to work on /home/airflow/.local/lib/python3.6/site-packages/airflow/example_dags/tutorial_taskflow_api_etl.py
[2026-09-23 11:25:17,632] {scheduler_job.py:629} INFO - Processing file /home/airflow/.local/lib/python3.6/site-packages/airflow/example_dags/tutorial_taskflow_api_etl.py for tasks to queue
[2026-09-23 11:25:17,633] {logging_mixin.py:104} INFO - [2026-09-23 11:25:17,633] {dagbag.py:451} INFO - Filling up the DagBag from /home/airflow/.local/lib/python3.6/site-packages/airflow/example_dags/tutorial_taskflow_api_etl.py
[2026-09-23 11:25:17,649] {scheduler_job.py:639} INFO - DAG(s) dict_keys(['tutorial_taskflow_api_etl']) retrieved from /home/airflow/.local/lib/python3.6/site-packages/airflow/example_dags/tutorial_taskflow_api_etl.py
[2026-09-23 11:25:17,681] {logging_mixin.py:104} INFO - [2026-09-23 11:25:17,681] {dag.py:1824} INFO - Sync 1 DAGs
[2026-09-23 11:25:17,699] {logging_mixin.py:104} INFO - [2026-09-23 11:25:17,699] {dag.py:2280} INFO - Setting next_dagrun for tutorial_taskflow_api_etl to None
[2026-09-23 11:25:17,716] {scheduler_job.py:190} INFO - Processing /home/airflow/.local/lib/python3.6/site-packages/airflow/example_dags/tutorial_taskflow_api_etl.py took 0.089 seconds
[2026-09-23 11:25:48,089] {scheduler_job.py:182} INFO - Started process (PID=223) to work on /home/airflow/.local/lib/python3.6/site-packages/airflow/example_dags/tutorial_taskflow_api_etl.py
[2026-09-23 11:25:48,091] {scheduler_job.py:629} INFO - Processing file /home/airflow/.local/lib/python3.6/site-packages/airflow/example_dags/tutorial_taskflow_api_etl.py for tasks to queue
[2026-09-23 11:25:48,091] {logging_mixin.py:104} INFO - [2026-09-23 11:25:48,091] {dagbag.py:451} INFO - Filling up the DagBag from /home/airflow/.local/lib/python3.6/site-packages/airflow/example_dags/tutorial_taskflow_api_etl.py
[2026-09-23 11:25:48,107] {scheduler_job.py:639} INFO - DAG(s) dict_keys(['tutorial_taskflow_api_etl']) retrieved from /home/airflow/.local/lib/python3.6/site-packages/airflow/example_dags/tutorial_taskflow_api_etl.py
[2026-09-23 11:25:48,137] {logging_mixin.py:104} INFO - [2026-09-23 11:25:48,137] {dag.py:1824} INFO - Sync 1 DAGs
[2026-09-23 11:25:48,159] {logging_mixin.py:104} INFO - [2026-09-23 11:25:48,159] {dag.py:2280} INFO - Setting next_dagrun for tutorial_taskflow_api_etl to None
[2026-09-23 11:25:48,179] {scheduler_job.py:190} INFO - Processing /home/airflow/.local/lib/python3.6/site-packages/airflow/example_dags/tutorial_taskflow_api_etl.py took 0.094 seconds
[2026-09-23 11:26:18,673] {scheduler_job.py:182} INFO - Started process (PID=249) to work on /home/airflow/.local/lib/python3.6/site-packages/airflow/example_dags/tutorial_taskflow_api_etl.py
[2026-09-23 11:26:18,675] {scheduler_job.py:629} INFO - Processing file /home/airflow/.local/lib/python3.6/site-packages/airflow/example_dags/tutorial_taskflow_api_etl.py for tasks to queue
[2026-09-23 11:26:18,675] {logging_mixin.py:104} INFO - [2026-09-23 11:26:18,675] {dagbag.py:451} INFO - Filling up the DagBag from /home/airflow/.local/lib/python3.6/site-packages/airflow/example_dags/tutorial_taskflow_api_etl.py
[2026-09-23 11:26:18,692] {scheduler_job.py:639} INFO - DAG(s) dict_keys(['tutorial_taskflow_api_etl']) retrieved from /home/airflow/.local/lib/python3.6/site-packages/airflow/example_dags/tutorial_taskflow_api_etl.py
[2026-09-23 11:26:18,719] {logging_mixin.py:104} INFO - [2026-09-23 11:26:18,719] {dag.py:1824} INFO - Sync 1 DAGs
[2026-09-23 11:26:18,743] {logging_mixin.py:104} INFO - [2026-09-23 11:26:18,743] {dag.py:2280} INFO - Setting next_dagrun for tutorial_taskflow_api_etl to None
[2026-09-23 11:26:18,767] {scheduler_job.py:190} INFO - Processing /home/airflow/.local/lib/python3.6/site-packages/airflow/example_dags/tutorial_taskflow_api_etl.py took 0.098 seconds
[2026-09-23 11:26:49,390] {scheduler_job.py:182} INFO - Started process (PID=275) to work on /home/airflow/.local/lib/python3.6/site-packages/airflow/example_dags/tutorial_taskflow_api_etl.py
[2026-09-23 11:26:49,391] {scheduler_job.py:629} INFO - Processing file /home/airflow/.local/lib/python3.6/site-packages/airflow/example_dags/tutorial_taskflow_api_etl.py for tasks to queue
[2026-09-23 11:26:49,392] {logging_mixin.py:104} INFO - [2026-09-23 11:26:49,392] {dagbag.py:451} INFO - Filling up the DagBag from /home/airflow/.local/lib/python3.6/site-packages/airflow/example_dags/tutorial_taskflow_api_etl.py
[2026-09-23 11:26:49,409] {scheduler_job.py:639} INFO - DAG(s) dict_keys(['tutorial_taskflow_api_etl']) retrieved from /home/airflow/.local/lib/python3.6/site-packages/airflow/example_dags/tutorial_taskflow_api_etl.py
[2026-09-23 11:26:49,444] {logging_mixin.py:104} INFO - [2026-09-23 11:26:49,444] {dag.py:1824} INFO - Sync 1 DAGs
[2026-09-23 11:26:49,468] {logging_mixin.py:104} INFO - [2026-09-23 11:26:49,468] {dag.py:2280} INFO - Setting next_dagrun for tutorial_taskflow_api_etl to None
[2026-09-23 11:26:49,489] {scheduler_job.py:190} INFO - Processing /home/airflow/.local/lib/python3.6/site-packages/airflow/example_dags/tutorial_taskflow_api_etl.py took 0.103 seconds
[2026-09-23 11:27:20,408] {scheduler_job.py:182} INFO - Started process (PID=302) to work on /home/airflow/.local/lib/python3.6/site-packages/airflow/example_dags/tutorial_taskflow_api_etl.py
[2026-09-23 11:27:20,409] {scheduler_job.py:629} INFO - Processing file /home/airflow/.local/lib/python3.6/site-packages/airflow/example_dags/tutorial_taskflow_api_etl.py for tasks to queue
[2026-09-23 11:27:20,410] {logging_mixin.py:104} INFO - [2026-09-23 11:27:20,410] {dagbag.py:451} INFO - Filling up the DagBag from /home/airflow/.local/lib/python3.6/site-packages/airflow/example_dags/tutorial_taskflow_api_etl.py
[2026-09-23 11:27:20,429] {scheduler_job.py:639} INFO - DAG(s) dict_keys(['tutorial_taskflow_api_etl']) retrieved from /home/airflow/.local/lib/python3.6/site-packages/airflow/example_dags/tutorial_taskflow_api_etl.py
[2026-09-23 11:27:20,461] {logging_mixin.py:104} INFO - [2026-09-23 11:27:20,461] {dag.py:1824} INFO - Sync 1 DAGs
[2026-09-23 11:27:20,482] {logging_mixin.py:104} INFO - [2026-09-23 11:27:20,482] {dag.py:2280} INFO - Setting next_dagrun for tutorial_taskflow_api_etl to None
[2026-09-23 11:27:20,500] {scheduler_job.py:190} INFO - Processing /home/airflow/.local/lib/python3.6/site-packages/airflow/example_dags/tutorial_taskflow_api_etl.py took 0.097 seconds
[2026-09-23 11:27:51,242] {scheduler_job.py:182} INFO - Started process (PID=328) to work on /home/airflow/.local/lib/python3.6/site-packages/airflow/example_dags/tutorial_taskflow_api_etl.py
[2026-09-23 11:27:51,243] {scheduler_job.py:629} INFO - Processing file /home/airflow/.local/lib/python3.6/site-packages/airflow/example_dags/tutorial_taskflow_api_etl.py for tasks to queue
[2026-09-23 11:27:51,244] {logging_mixin.py:104} INFO - [2026-09-23 11:27:51,244] {dagbag.py:451} INFO - Filling up the DagBag from /home/airflow/.local/lib/python3.6/site-packages/airflow/example_dags/tutorial_taskflow_api_etl.py
[2026-09-23 11:27:51,267] {scheduler_job.py:639} INFO - DAG(s) dict_keys(['tutorial_taskflow_api_etl']) retrieved from /home/airflow/.local/lib/python3.6/site-packages/airflow/example_dags/tutorial_taskflow_api_etl.py
[2026-09-23 11:27:51,310] {logging_mixin.py:104} INFO - [2026-09-23 11:27:51,310] {dag.py:1824} INFO - Sync 1 DAGs
[2026-09-23 11:27:51,342] {logging_mixin.py:104} INFO - [2026-09-23 11:27:51,342] {dag.py:2280} INFO - Setting next_dagrun for tutorial_taskflow_api_etl to None
[2026-09-23 11:27:51,377] {scheduler_job.py:190} INFO - Processing /home/airflow/.local/lib/python3.6/site-packages/airflow/example_dags/tutorial_taskflow_api_etl.py took 0.138 seconds
[2026-09-23 11:28:21,486] {scheduler_job.py:182} INFO - Started process (PID=353) to work on /home/airflow/.local/lib/python3.6/site-packages/airflow/example_dags/tutorial_taskflow_api_etl.py
[2026-09-23 11:28:21,487] {scheduler_job.py:629} INFO - Processing file /home/airflow/.local/lib/python3.6/site-packages/airflow/example_dags/tutorial_taskflow_api_etl.py for tasks to queue
[2026-09-23 11:28:21,488] {logging_mixin.py:104} INFO - [2026-09-23 11:28:21,487] {dagbag.py:451} INFO - Filling up the DagBag from /home/airflow/.local/lib/python3.6/site-packages/airflow/example_dags/tutorial_taskflow_api_etl.py
[2026-09-23 11:28:21,504] {scheduler_job.py:639} INFO - DAG(s) dict_keys(['tutorial_taskflow_api_etl']) retrieved from /home/airflow/.local/lib/python3.6/site-packages/airflow/example_dags/tutorial_taskflow_api_etl.py
[2026-09-23 11:28:21,534] {logging_mixin.py:104} INFO - [2026-09-23 11:28:21,533] {dag.py:1824} INFO - Sync 1 DAGs
[2026-09-23 11:28:21,551] {logging_mixin.py:104} INFO - [2026-09-23 11:28:21,551] {dag.py:2280} INFO - Setting next_dagrun for tutorial_taskflow_api_etl to None
[2026-09-23 11:28:21,570] {scheduler_job.py:190} INFO - Processing /home/airflow/.local/lib/python3.6/site-packages/airflow/example_dags/tutorial_taskflow_api_etl.py took 0.088 seconds
[2026-09-23 11:28:52,189] {scheduler_job.py:182} INFO - Started process (PID=379) to work on /home/airflow/.local/lib/python3.6/site-packages/airflow/example_dags/tutorial_taskflow_api_etl.py
[2026-09-23 11:28:52,190] {scheduler_job.py:629} INFO - Processing file /home/airflow/.local/lib/python3.6/site-packages/airflow/example_dags/tutorial_taskflow_api_etl.py for tasks to queue
[2026-09-23 11:28:52,191] {logging_mixin.py:104} INFO - [2026-09-23 11:28:52,191] {dagbag.py:451} INFO - Filling up the DagBag from /home/airflow/.local/lib/python3.6/site-packages/airflow/example_dags/tutorial_taskflow_api_etl.py
[2026-09-23 11:28:52,209] {scheduler_job.py:639} INFO - DAG(s) dict_keys(['tutorial_taskflow_api_etl']) retrieved from /home/airflow/.local/lib/python3.6/site-packages/airflow/example_dags/tutorial_taskflow_api_etl.py
[2026-09-23 11:28:52,238] {logging_mixin.py:104} INFO - [2026-09-23 11:28:52,237] {dag.py:1824} INFO - Sync 1 DAGs
[2026-09-23 11:28:52,261] {logging_mixin.py:104} INFO - [2026-09-23 11:28:52,261] {dag.py:2280} INFO - Setting next_dagrun for tutorial_taskflow_api_etl to None
[2026-09-23 11:28:52,281] {scheduler_job.py:190} INFO - Processing /home/airflow/.local/lib/python3.6/site-packages/airflow/example_dags/tutorial_taskflow_api_etl.py took 0.097 seconds
[2026-09-23 11:29:22,641] {scheduler_job.py:182} INFO - Started process (PID=404) to work on /home/airflow/.local/lib/python3.6/site-packages/airflow/example_dags/tutorial_taskflow_api_etl.py
[2026-09-23 11:29:22,644] {scheduler_job.py:629} INFO - Processing file /home/airflow/.local/lib/python3.6/site-packages/airflow/example_dags/tutorial_taskflow_api_etl.py for tasks to queue
[2026-09-23 11:29:22,645] {logging_mixin.py:104} INFO - [2026-09-23 11:29:22,645] {dagbag.py:451} INFO - Filling up the DagBag from /home/airflow/.local/lib/python3.6/site-packages/airflow/example_dags/tutorial_taskflow_api_etl.py
[2026-09-23 11:29:22,661] {scheduler_job.py:639} INFO - DAG(s) dict_keys(['tutorial_taskflow_api_etl']) retrieved from /home/airflow/.local/lib/python3.6/site-packages/airflow/example_dags/tutorial_taskflow_api_etl.py
[2026-09-23 11:29:22,689] {logging_mixin.py:104} INFO - [2026-09-23 11:29:22,689] {dag.py:1824} INFO - Sync 1 DAGs
[2026-09-23 11:29:22,708] {logging_mixin.py:104} INFO - [2026-09-23 11:29:22,708] {dag.py:2280} INFO - Setting next_dagrun for tutorial_taskflow_api_etl to None
[2026-09-23 11:29:22,725] {scheduler_job.py:190} INFO - Processing /home/airflow/.local/lib/python3.6/site-packages/airflow/example_dags/tutorial_taskflow_api_etl.py took 0.088 seconds
[2026-09-23 11:29:53,456] {scheduler_job.py:182} INFO - Started process (PID=432) to work on /home/airflow/.local/lib/python3.6/site-packages/airflow/example_dags/tutorial_taskflow_api_etl.py
[2026-09-23 11:29:53,458] {scheduler_job.py:629} INFO - Processing file /home/airflow/.local/lib/python3.6/site-packages/airflow/example_dags/tutorial_taskflow_api_etl.py for tasks to queue
[2026-09-23 11:29:53,459] {logging_mixin.py:104} INFO - [2026-09-23 11:29:53,459] {dagbag.py:451} INFO - Filling up the DagBag from /home/airflow/.local/lib/python3.6/site-packages/airflow/example_dags/tutorial_taskflow_api_etl.py
[2026-09-23 11:29:53,478] {scheduler_job.py:639} INFO - DAG(s) dict_keys(['tutorial_taskflow_api_etl']) retrieved from /home/airflow/.local/lib/python3.6/site-packages/airflow/example_dags/tutorial_taskflow_api_etl.py
[2026-09-23 11:29:53,508] {logging_mixin.py:104} INFO - [2026-09-23 11:29:53,508] {dag.py:1824} INFO - Sync 1 DAGs
[2026-09-23 11:29:53,529] {logging_mixin.py:104} INFO - [2026-09-23 11:29:53,529] {dag.py:2280} INFO - Setting next_dagrun for tutorial_taskflow_api_etl to None
[2026-09-23 11:29:53,547] {scheduler_job.py:190} INFO - Processing /home/airflow/.local/lib/python3.6/site-packages/airflow/example_dags/tutorial_taskflow_api_etl.py took 0.096 seconds
[2026-09-23 11:30:24,073] {scheduler_job.py:182} INFO - Started process (PID=458) to work on /home/airflow/.local/lib/python3.6/site-packages/airflow/example_dags/tutorial_taskflow_api_etl.py
[2026-09-23 11:30:24,074] {scheduler_job.py:629} INFO - Processing file /home/airflow/.local/lib/python3.6/site-packages/airflow/example_dags/tutorial_taskflow_api_etl.py for tasks to queue
[2026-09-23 11:30:24,075] {logging_mixin.py:104} INFO - [2026-09-23 11:30:24,075] {dagbag.py:451} INFO - Filling up the DagBag from /home/airflow/.local/lib/python3.6/site-packages/airflow/example_dags/tutorial_taskflow_api_etl.py
[2026-09-23 11:30:24,091] {scheduler_job.py:639} INFO - DAG(s) dict_keys(['tutorial_taskflow_api_etl']) retrieved from /home/airflow/.local/lib/python3.6/site-packages/airflow/example_dags/tutorial_taskflow_api_etl.py
[2026-09-23 11:30:24,119] {logging_mixin.py:104} INFO - [2026-09-23 11:30:24,119] {dag.py:1824} INFO - Sync 1 DAGs
[2026-09-23 11:30:24,140] {logging_mixin.py:104} INFO - [2026-09-23 11:30:24,140] {dag.py:2280} INFO - Setting next_dagrun for tutorial_taskflow_api_etl to None
[2026-09-23 11:30:24,155] {scheduler_job.py:190} INFO - Processing /home/airflow/.local/lib/python3.6/site-packages/airflow/example_dags/tutorial_taskflow_api_etl.py took 0.086 seconds
[2026-09-23 11:30:54,662] {scheduler_job.py:182} INFO - Started process (PID=484) to work on /home/airflow/.local/lib/python3.6/site-packages/airflow/example_dags/tutorial_taskflow_api_etl.py
[2026-09-23 11:30:54,664] {scheduler_job.py:629} INFO - Processing file /home/airflow/.local/lib/python3.6/site-packages/airflow/example_dags/tutorial_taskflow_api_etl.py for tasks to queue
[2026-09-23 11:30:54,665] {logging_mixin.py:104} INFO - [2026-09-23 11:30:54,665] {dagbag.py:451} INFO - Filling up the DagBag from /home/airflow/.local/lib/python3.6/site-packages/airflow/example_dags/tutorial_taskflow_api_etl.py
[2026-09-23 11:30:54,687] {scheduler_job.py:639} INFO - DAG(s) dict_keys(['tutorial_taskflow_api_etl']) retrieved from /home/airflow/.local/lib/python3.6/site-packages/airflow/example_dags/tutorial_taskflow_api_etl.py
[2026-09-23 11:30:54,718] {logging_mixin.py:104} INFO - [2026-09-23 11:30:54,718] {dag.py:1824} INFO - Sync 1 DAGs
[2026-09-23 11:30:54,743] {logging_mixin.py:104} INFO - [2026-09-23 11:30:54,743] {dag.py:2280} INFO - Setting next_dagrun for tutorial_taskflow_api_etl to None
[2026-09-23 11:30:54,760] {scheduler_job.py:190} INFO - Processing /home/airflow/.local/lib/python3.6/site-packages/airflow/example_dags/tutorial_taskflow_api_etl.py took 0.103 seconds
[2026-09-23 11:31:25,212] {scheduler_job.py:182} INFO - Started process (PID=510) to work on /home/airflow/.local/lib/python3.6/site-packages/airflow/example_dags/tutorial_taskflow_api_etl.py
[2026-09-23 11:31:25,213] {scheduler_job.py:629} INFO - Processing file /home/airflow/.local/lib/python3.6/site-packages/airflow/example_dags/tutorial_taskflow_api_etl.py for tasks to queue
[2026-09-23 11:31:25,214] {logging_mixin.py:104} INFO - [2026-09-23 11:31:25,213] {dagbag.py:451} INFO - Filling up the DagBag from /home/airflow/.local/lib/python3.6/site-packages/airflow/example_dags/tutorial_taskflow_api_etl.py
[2026-09-23 11:31:25,231] {scheduler_job.py:639} INFO - DAG(s) dict_keys(['tutorial_taskflow_api_etl']) retrieved from /home/airflow/.local/lib/python3.6/site-packages/airflow/example_dags/tutorial_taskflow_api_etl.py
[2026-09-23 11:31:25,262] {logging_mixin.py:104} INFO - [2026-09-23 11:31:25,262] {dag.py:1824} INFO - Sync 1 DAGs
[2026-09-23 11:31:25,287] {logging_mixin.py:104} INFO - [2026-09-23 11:31:25,287] {dag.py:2280} INFO - Setting next_dagrun for tutorial_taskflow_api_etl to None
[2026-09-23 11:31:25,303] {scheduler_job.py:190} INFO - Processing /home/airflow/.local/lib/python3.6/site-packages/airflow/example_dags/tutorial_taskflow_api_etl.py took 0.095 seconds
[2026-09-23 11:31:55,720] {scheduler_job.py:182} INFO - Started process (PID=536) to work on /home/airflow/.local/lib/python3.6/site-packages/airflow/example_dags/tutorial_taskflow_api_etl.py
[2026-09-23 11:31:55,722] {scheduler_job.py:629} INFO - Processing file /home/airflow/.local/lib/python3.6/site-packages/airflow/example_dags/tutorial_taskflow_api_etl.py for tasks to queue
[2026-09-23 11:31:55,723] {logging_mixin.py:104} INFO - [2026-09-23 11:31:55,723] {dagbag.py:451} INFO - Filling up the DagBag from /home/airflow/.local/lib/python3.6/site-packages/airflow/example_dags/tutorial_taskflow_api_etl.py
[2026-09-23 11:31:55,744] {scheduler_job.py:639} INFO - DAG(s) dict_keys(['tutorial_taskflow_api_etl']) retrieved from /home/airflow/.local/lib/python3.6/site-packages/airflow/example_dags/tutorial_taskflow_api_etl.py
[2026-09-23 11:31:55,773] {logging_mixin.py:104} INFO - [2026-09-23 11:31:55,773] {dag.py:1824} INFO - Sync 1 DAGs
[2026-09-23 11:31:55,796] {logging_mixin.py:104} INFO - [2026-09-23 11:31:55,795] {dag.py:2280} INFO - Setting next_dagrun for tutorial_taskflow_api_etl to None
[2026-09-23 11:31:55,814] {scheduler_job.py:190} INFO - Processing /home/airflow/.local/lib/python3.6/site-packages/airflow/example_dags/tutorial_taskflow_api_etl.py took 0.100 seconds
[2026-09-23 11:32:26,249] {scheduler_job.py:182} INFO - Started process (PID=562) to work on /home/airflow/.local/lib/python3.6/site-packages/airflow/example_dags/tutorial_taskflow_api_etl.py
[2026-09-23 11:32:26,250] {scheduler_job.py:629} INFO - Processing file /home/airflow/.local/lib/python3.6/site-packages/airflow/example_dags/tutorial_taskflow_api_etl.py for tasks to queue
[2026-09-23 11:32:26,251] {logging_mixin.py:104} INFO - [2026-09-23 11:32:26,251] {dagbag.py:451} INFO - Filling up the DagBag from /home/airflow/.local/lib/python3.6/site-packages/airflow/example_dags/tutorial_taskflow_api_etl.py
[2026-09-23 11:32:26,267] {scheduler_job.py:639} INFO - DAG(s) dict_keys(['tutorial_taskflow_api_etl']) retrieved from /home/airflow/.local/lib/python3.6/site-packages/airflow/example_dags/tutorial_taskflow_api_etl.py
[2026-09-23 11:32:26,296] {logging_mixin.py:104} INFO - [2026-09-23 11:32:26,296] {dag.py:1824} INFO - Sync 1 DAGs
[2026-09-23 11:32:26,316] {logging_mixin.py:104} INFO - [2026-09-23 11:32:26,315] {dag.py:2280} INFO - Setting next_dagrun for tutorial_taskflow_api_etl to None
[2026-09-23 11:32:26,334] {scheduler_job.py:190} INFO - Processing /home/airflow/.local/lib/python3.6/site-packages/airflow/example_dags/tutorial_taskflow_api_etl.py took 0.090 seconds
[2026-09-23 11:32:56,736] {scheduler_job.py:182} INFO - Started process (PID=588) to work on /home/airflow/.local/lib/python3.6/site-packages/airflow/example_dags/tutorial_taskflow_api_etl.py
[2026-09-23 11:32:56,737] {scheduler_job.py:629} INFO - Processing file /home/airflow/.local/lib/python3.6/site-packages/airflow/example_dags/tutorial_taskflow_api_etl.py for tasks to queue
[2026-09-23 11:32:56,738] {logging_mixin.py:104} INFO - [2026-09-23 11:32:56,738] {dagbag.py:451} INFO - Filling up the DagBag from /home/airflow/.local/lib/python3.6/site-packages/airflow/example_dags/tutorial_taskflow_api_etl.py
[2026-09-23 11:32:56,757] {scheduler_job.py:639} INFO - DAG(s) dict_keys(['tutorial_taskflow_api_etl']) retrieved from /home/airflow/.local/lib/python3.6/site-packages/airflow/example_dags/tutorial_taskflow_api_etl.py
[2026-09-23 11:32:56,789] {logging_mixin.py:104} INFO - [2026-09-23 11:32:56,789] {dag.py:1824} INFO - Sync 1 DAGs
[2026-09-23 11:32:56,816] {logging_mixin.py:104} INFO - [2026-09-23 11:32:56,816] {dag.py:2280} INFO - Setting next_dagrun for tutorial_taskflow_api_etl to None
[2026-09-23 11:32:56,831] {scheduler_job.py:190} INFO - Processing /home/airflow/.local/lib/python3.6/site-packages/airflow/example_dags/tutorial_taskflow_api_etl.py took 0.101 seconds
[2026-09-23 11:33:27,315] {scheduler_job.py:182} INFO - Started process (PID=614) to work on /home/airflow/.local/lib/python3.6/site-packages/airflow/example_dags/tutorial_taskflow_api_etl.py
[2026-09-23 11:33:27,316] {scheduler_job.py:629} INFO - Processing file /home/airflow/.local/lib/python3.6/site-packages/airflow/example_dags/tutorial_taskflow_api_etl.py for tasks to queue
[2026-09-23 11:33:27,318] {logging_mixin.py:104} INFO - [2026-09-23 11:33:27,317] {dagbag.py:451} INFO - Filling up the DagBag from /home/airflow/.local/lib/python3.6/site-packages/airflow/example_dags/tutorial_taskflow_api_etl.py
[2026-09-23 11:33:27,343] {scheduler_job.py:639} INFO - DAG(s) dict_keys(['tutorial_taskflow_api_etl']) retrieved from /home/airflow/.local/lib/python3.6/site-packages/airflow/example_dags/tutorial_taskflow_api_etl.py
[2026-09-23 11:33:27,376] {logging_mixin.py:104} INFO - [2026-09-23 11:33:27,376] {dag.py:1824} INFO - Sync 1 DAGs
[2026-09-23 11:33:27,407] {logging_mixin.py:104} INFO - [2026-09-23 11:33:27,407] {dag.py:2280} INFO - Setting next_dagrun for tutorial_taskflow_api_etl to None
[2026-09-23 11:33:27,424] {scheduler_job.py:190} INFO - Processing /home/airflow/.local/lib/python3.6/site-packages/airflow/example_dags/tutorial_taskflow_api_etl.py took 0.115 seconds
[2026-09-23 11:33:57,772] {scheduler_job.py:182} INFO - Started process (PID=640) to work on /home/airflow/.local/lib/python3.6/site-packages/airflow/example_dags/tutorial_taskflow_api_etl.py
[2026-09-23 11:33:57,773] {scheduler_job.py:629} INFO - Processing file /home/airflow/.local/lib/python3.6/site-packages/airflow/example_dags/tutorial_taskflow_api_etl.py for tasks to queue
[2026-09-23 11:33:57,774] {logging_mixin.py:104} INFO - [2026-09-23 11:33:57,774] {dagbag.py:451} INFO - Filling up the DagBag from /home/airflow/.local/lib/python3.6/site-packages/airflow/example_dags/tutorial_taskflow_api_etl.py
[2026-09-23 11:33:57,792] {scheduler_job.py:639} INFO - DAG(s) dict_keys(['tutorial_taskflow_api_etl']) retrieved from /home/airflow/.local/lib/python3.6/site-packages/airflow/example_dags/tutorial_taskflow_api_etl.py
[2026-09-23 11:33:57,823] {logging_mixin.py:104} INFO - [2026-09-23 11:33:57,823] {dag.py:1824} INFO - Sync 1 DAGs
[2026-09-23 11:33:57,842] {logging_mixin.py:104} INFO - [2026-09-23 11:33:57,842] {dag.py:2280} INFO - Setting next_dagrun for tutorial_taskflow_api_etl to None
[2026-09-23 11:33:57,859] {scheduler_job.py:190} INFO - Processing /home/airflow/.local/lib/python3.6/site-packages/airflow/example_dags/tutorial_taskflow_api_etl.py took 0.091 seconds
[2026-09-23 11:34:28,072] {scheduler_job.py:182} INFO - Started process (PID=662) to work on /home/airflow/.local/lib/python3.6/site-packages/airflow/example_dags/tutorial_taskflow_api_etl.py
[2026-09-23 11:34:28,074] {scheduler_job.py:629} INFO - Processing file /home/airflow/.local/lib/python3.6/site-packages/airflow/example_dags/tutorial_taskflow_api_etl.py for tasks to queue
[2026-09-23 11:34:28,075] {logging_mixin.py:104} INFO - [2026-09-23 11:34:28,075] {dagbag.py:451} INFO - Filling up the DagBag from /home/airflow/.local/lib/python3.6/site-packages/airflow/example_dags/tutorial_taskflow_api_etl.py
[2026-09-23 11:34:28,092] {scheduler_job.py:639} INFO - DAG(s) dict_keys(['tutorial_taskflow_api_etl']) retrieved from /home/airflow/.local/lib/python3.6/site-packages/airflow/example_dags/tutorial_taskflow_api_etl.py
[2026-09-23 11:34:28,124] {logging_mixin.py:104} INFO - [2026-09-23 11:34:28,124] {dag.py:1824} INFO - Sync 1 DAGs
[2026-09-23 11:34:28,143] {logging_mixin.py:104} INFO - [2026-09-23 11:34:28,143] {dag.py:2280} INFO - Setting next_dagrun for tutorial_taskflow_api_etl to None
[2026-09-23 11:34:28,159] {scheduler_job.py:190} INFO - Processing /home/airflow/.local/lib/python3.6/site-packages/airflow/example_dags/tutorial_taskflow_api_etl.py took 0.091 seconds
[2026-09-23 11:34:58,761] {scheduler_job.py:182} INFO - Started process (PID=688) to work on /home/airflow/.local/lib/python3.6/site-packages/airflow/example_dags/tutorial_taskflow_api_etl.py
[2026-09-23 11:34:58,762] {scheduler_job.py:629} INFO - Processing file /home/airflow/.local/lib/python3.6/site-packages/airflow/example_dags/tutorial_taskflow_api_etl.py for tasks to queue
[2026-09-23 11:34:58,763] {logging_mixin.py:104} INFO - [2026-09-23 11:34:58,763] {dagbag.py:451} INFO - Filling up the DagBag from /home/airflow/.local/lib/python3.6/site-packages/airflow/example_dags/tutorial_taskflow_api_etl.py
[2026-09-23 11:34:58,779] {scheduler_job.py:639} INFO - DAG(s) dict_keys(['tutorial_taskflow_api_etl']) retrieved from /home/airflow/.local/lib/python3.6/site-packages/airflow/example_dags/tutorial_taskflow_api_etl.py
[2026-09-23 11:34:58,806] {logging_mixin.py:104} INFO - [2026-09-23 11:34:58,806] {dag.py:1824} INFO - Sync 1 DAGs
[2026-09-23 11:34:58,823] {logging_mixin.py:104} INFO - [2026-09-23 11:34:58,823] {dag.py:2280} INFO - Setting next_dagrun for tutorial_taskflow_api_etl to None
[2026-09-23 11:34:58,839] {scheduler_job.py:190} INFO - Processing /home/airflow/.local/lib/python3.6/site-packages/airflow/example_dags/tutorial_taskflow_api_etl.py took 0.083 seconds
[2026-09-23 11:35:29,843] {scheduler_job.py:182} INFO - Started process (PID=717) to work on /home/airflow/.local/lib/python3.6/site-packages/airflow/example_dags/tutorial_taskflow_api_etl.py
[2026-09-23 11:35:29,844] {scheduler_job.py:629} INFO - Processing file /home/airflow/.local/lib/python3.6/site-packages/airflow/example_dags/tutorial_taskflow_api_etl.py for tasks to queue
[2026-09-23 11:35:29,845] {logging_mixin.py:104} INFO - [2026-09-23 11:35:29,845] {dagbag.py:451} INFO - Filling up the DagBag from /home/airflow/.local/lib/python3.6/site-packages/airflow/example_dags/tutorial_taskflow_api_etl.py
[2026-09-23 11:35:29,861] {scheduler_job.py:639} INFO - DAG(s) dict_keys(['tutorial_taskflow_api_etl']) retrieved from /home/airflow/.local/lib/python3.6/site-packages/airflow/example_dags/tutorial_taskflow_api_etl.py
[2026-09-23 11:35:29,890] {logging_mixin.py:104} INFO - [2026-09-23 11:35:29,890] {dag.py:1824} INFO - Sync 1 DAGs
[2026-09-23 11:35:29,913] {logging_mixin.py:104} INFO - [2026-09-23 11:35:29,913] {dag.py:2280} INFO - Setting next_dagrun for tutorial_taskflow_api_etl to None
[2026-09-23 11:35:29,944] {scheduler_job.py:190} INFO - Processing /home/airflow/.local/lib/python3.6/site-packages/airflow/example_dags/tutorial_taskflow_api_etl.py took 0.107 seconds
[2026-09-23 11:36:00,110] {scheduler_job.py:182} INFO - Started process (PID=743) to work on /home/airflow/.local/lib/python3.6/site-packages/airflow/example_dags/tutorial_taskflow_api_etl.py
[2026-09-23 11:36:00,111] {scheduler_job.py:629} INFO - Processing file /home/airflow/.local/lib/python3.6/site-packages/airflow/example_dags/tutorial_taskflow_api_etl.py for tasks to queue
[2026-09-23 11:36:00,112] {logging_mixin.py:104} INFO - [2026-09-23 11:36:00,112] {dagbag.py:451} INFO - Filling up the DagBag from /home/airflow/.local/lib/python3.6/site-packages/airflow/example_dags/tutorial_taskflow_api_etl.py
[2026-09-23 11:36:00,138] {scheduler_job.py:639} INFO - DAG(s) dict_keys(['tutorial_taskflow_api_etl']) retrieved from /home/airflow/.local/lib/python3.6/site-packages/airflow/example_dags/tutorial_taskflow_api_etl.py
[2026-09-23 11:36:00,179] {logging_mixin.py:104} INFO - [2026-09-23 11:36:00,179] {dag.py:1824} INFO - Sync 1 DAGs
[2026-09-23 11:36:00,212] {logging_mixin.py:104} INFO - [2026-09-23 11:36:00,212] {dag.py:2280} INFO - Setting next_dagrun for tutorial_taskflow_api_etl to None
[2026-09-23 11:36:00,238] {scheduler_job.py:190} INFO - Processing /home/airflow/.local/lib/python3.6/site-packages/airflow/example_dags/tutorial_taskflow_api_etl.py took 0.134 seconds
[2026-09-23 11:36:30,707] {scheduler_job.py:182} INFO - Started process (PID=768) to work on /home/airflow/.local/lib/python3.6/site-packages/airflow/example_dags/tutorial_taskflow_api_etl.py
[2026-09-23 11:36:30,708] {scheduler_job.py:629} INFO - Processing file /home/airflow/.local/lib/python3.6/site-packages/airflow/example_dags/tutorial_taskflow_api_etl.py for tasks to queue
[2026-09-23 11:36:30,710] {logging_mixin.py:104} INFO - [2026-09-23 11:36:30,709] {dagbag.py:451} INFO - Filling up the DagBag from /home/airflow/.local/lib/python3.6/site-packages/airflow/example_dags/tutorial_taskflow_api_etl.py
[2026-09-23 11:36:30,739] {scheduler_job.py:639} INFO - DAG(s) dict_keys(['tutorial_taskflow_api_etl']) retrieved from /home/airflow/.local/lib/python3.6/site-packages/airflow/example_dags/tutorial_taskflow_api_etl.py
[2026-09-23 11:36:30,787] {logging_mixin.py:104} INFO - [2026-09-23 11:36:30,787] {dag.py:1824} INFO - Sync 1 DAGs
[2026-09-23 11:36:30,827] {logging_mixin.py:104} INFO - [2026-09-23 11:36:30,827] {dag.py:2280} INFO - Setting next_dagrun for tutorial_taskflow_api_etl to None
[2026-09-23 11:36:30,858] {scheduler_job.py:190} INFO - Processing /home/airflow/.local/lib/python3.6/site-packages/airflow/example_dags/tutorial_taskflow_api_etl.py took 0.157 seconds
[2026-09-23 11:37:01,085] {scheduler_job.py:182} INFO - Started process (PID=794) to work on /home/airflow/.local/lib/python3.6/site-packages/airflow/example_dags/tutorial_taskflow_api_etl.py
[2026-09-23 11:37:01,086] {scheduler_job.py:629} INFO - Processing file /home/airflow/.local/lib/python3.6/site-packages/airflow/example_dags/tutorial_taskflow_api_etl.py for tasks to queue
[2026-09-23 11:37:01,087] {logging_mixin.py:104} INFO - [2026-09-23 11:37:01,087] {dagbag.py:451} INFO - Filling up the DagBag from /home/airflow/.local/lib/python3.6/site-packages/airflow/example_dags/tutorial_taskflow_api_etl.py
[2026-09-23 11:37:01,119] {scheduler_job.py:639} INFO - DAG(s) dict_keys(['tutorial_taskflow_api_etl']) retrieved from /home/airflow/.local/lib/python3.6/site-packages/airflow/example_dags/tutorial_taskflow_api_etl.py
[2026-09-23 11:37:01,169] {logging_mixin.py:104} INFO - [2026-09-23 11:37:01,169] {dag.py:1824} INFO - Sync 1 DAGs
[2026-09-23 11:37:01,199] {logging_mixin.py:104} INFO - [2026-09-23 11:37:01,199] {dag.py:2280} INFO - Setting next_dagrun for tutorial_taskflow_api_etl to None
[2026-09-23 11:37:01,230] {scheduler_job.py:190} INFO - Processing /home/airflow/.local/lib/python3.6/site-packages/airflow/example_dags/tutorial_taskflow_api_etl.py took 0.150 seconds
[2026-09-23 11:37:31,303] {scheduler_job.py:182} INFO - Started process (PID=820) to work on /home/airflow/.local/lib/python3.6/site-packages/airflow/example_dags/tutorial_taskflow_api_etl.py
[2026-09-23 11:37:31,305] {scheduler_job.py:629} INFO - Processing file /home/airflow/.local/lib/python3.6/site-packages/airflow/example_dags/tutorial_taskflow_api_etl.py for tasks to queue
[2026-09-23 11:37:31,306] {logging_mixin.py:104} INFO - [2026-09-23 11:37:31,306] {dagbag.py:451} INFO - Filling up the DagBag from /home/airflow/.local/lib/python3.6/site-packages/airflow/example_dags/tutorial_taskflow_api_etl.py
[2026-09-23 11:37:31,327] {scheduler_job.py:639} INFO - DAG(s) dict_keys(['tutorial_taskflow_api_etl']) retrieved from /home/airflow/.local/lib/python3.6/site-packages/airflow/example_dags/tutorial_taskflow_api_etl.py
[2026-09-23 11:37:31,357] {logging_mixin.py:104} INFO - [2026-09-23 11:37:31,357] {dag.py:1824} INFO - Sync 1 DAGs
[2026-09-23 11:37:31,379] {logging_mixin.py:104} INFO - [2026-09-23 11:37:31,379] {dag.py:2280} INFO - Setting next_dagrun for tutorial_taskflow_api_etl to None
[2026-09-23 11:37:31,401] {scheduler_job.py:190} INFO - Processing /home/airflow/.local/lib/python3.6/site-packages/airflow/example_dags/tutorial_taskflow_api_etl.py took 0.102 seconds
[2026-09-23 11:38:01,474] {scheduler_job.py:182} INFO - Started process (PID=846) to work on /home/airflow/.local/lib/python3.6/site-packages/airflow/example_dags/tutorial_taskflow_api_etl.py
[2026-09-23 11:38:01,476] {scheduler_job.py:629} INFO - Processing file /home/airflow/.local/lib/python3.6/site-packages/airflow/example_dags/tutorial_taskflow_api_etl.py for tasks to queue
[2026-09-23 11:38:01,477] {logging_mixin.py:104} INFO - [2026-09-23 11:38:01,477] {dagbag.py:451} INFO - Filling up the DagBag from /home/airflow/.local/lib/python3.6/site-packages/airflow/example_dags/tutorial_taskflow_api_etl.py
[2026-09-23 11:38:01,500] {scheduler_job.py:639} INFO - DAG(s) dict_keys(['tutorial_taskflow_api_etl']) retrieved from /home/airflow/.local/lib/python3.6/site-packages/airflow/example_dags/tutorial_taskflow_api_etl.py
[2026-09-23 11:38:01,543] {logging_mixin.py:104} INFO - [2026-09-23 11:38:01,542] {dag.py:1824} INFO - Sync 1 DAGs
[2026-09-23 11:38:01,571] {logging_mixin.py:104} INFO - [2026-09-23 11:38:01,571] {dag.py:2280} INFO - Setting next_dagrun for tutorial_taskflow_api_etl to None
[2026-09-23 11:38:01,592] {scheduler_job.py:190} INFO - Processing /home/airflow/.local/lib/python3.6/site-packages/airflow/example_dags/tutorial_taskflow_api_etl.py took 0.124 seconds
[2026-09-23 11:38:31,893] {scheduler_job.py:182} INFO - Started process (PID=871) to work on /home/airflow/.local/lib/python3.6/site-packages/airflow/example_dags/tutorial_taskflow_api_etl.py
[2026-09-23 11:38:31,894] {scheduler_job.py:629} INFO - Processing file /home/airflow/.local/lib/python3.6/site-packages/airflow/example_dags/tutorial_taskflow_api_etl.py for tasks to queue
[2026-09-23 11:38:31,896] {logging_mixin.py:104} INFO - [2026-09-23 11:38:31,895] {dagbag.py:451} INFO - Filling up the DagBag from /home/airflow/.local/lib/python3.6/site-packages/airflow/example_dags/tutorial_taskflow_api_etl.py
[2026-09-23 11:38:31,923] {scheduler_job.py:639} INFO - DAG(s) dict_keys(['tutorial_taskflow_api_etl']) retrieved from /home/airflow/.local/lib/python3.6/site-packages/airflow/example_dags/tutorial_taskflow_api_etl.py
[2026-09-23 11:38:31,975] {logging_mixin.py:104} INFO - [2026-09-23 11:38:31,975] {dag.py:1824} INFO - Sync 1 DAGs
[2026-09-23 11:38:32,005] {logging_mixin.py:104} INFO - [2026-09-23 11:38:32,004] {dag.py:2280} INFO - Setting next_dagrun for tutorial_taskflow_api_etl to None
[2026-09-23 11:38:32,032] {scheduler_job.py:190} INFO - Processing /home/airflow/.local/lib/python3.6/site-packages/airflow/example_dags/tutorial_taskflow_api_etl.py took 0.145 seconds
[2026-09-23 11:39:02,332] {scheduler_job.py:182} INFO - Started process (PID=897) to work on /home/airflow/.local/lib/python3.6/site-packages/airflow/example_dags/tutorial_taskflow_api_etl.py
[2026-09-23 11:39:02,335] {scheduler_job.py:629} INFO - Processing file /home/airflow/.local/lib/python3.6/site-packages/airflow/example_dags/tutorial_taskflow_api_etl.py for tasks to queue
[2026-09-23 11:39:02,342] {logging_mixin.py:104} INFO - [2026-09-23 11:39:02,342] {dagbag.py:451} INFO - Filling up the DagBag from /home/airflow/.local/lib/python3.6/site-packages/airflow/example_dags/tutorial_taskflow_api_etl.py
[2026-09-23 11:39:02,433] {scheduler_job.py:639} INFO - DAG(s) dict_keys(['tutorial_taskflow_api_etl']) retrieved from /home/airflow/.local/lib/python3.6/site-packages/airflow/example_dags/tutorial_taskflow_api_etl.py
[2026-09-23 11:39:02,558] {logging_mixin.py:104} INFO - [2026-09-23 11:39:02,558] {dag.py:1824} INFO - Sync 1 DAGs
[2026-09-23 11:39:02,628] {logging_mixin.py:104} INFO - [2026-09-23 11:39:02,627] {dag.py:2280} INFO - Setting next_dagrun for tutorial_taskflow_api_etl to None
[2026-09-23 11:39:02,692] {scheduler_job.py:190} INFO - Processing /home/airflow/.local/lib/python3.6/site-packages/airflow/example_dags/tutorial_taskflow_api_etl.py took 0.385 seconds
[2026-09-23 11:39:32,878] {scheduler_job.py:182} INFO - Started process (PID=922) to work on /home/airflow/.local/lib/python3.6/site-packages/airflow/example_dags/tutorial_taskflow_api_etl.py
[2026-09-23 11:39:32,884] {scheduler_job.py:629} INFO - Processing file /home/airflow/.local/lib/python3.6/site-packages/airflow/example_dags/tutorial_taskflow_api_etl.py for tasks to queue
[2026-09-23 11:39:32,885] {logging_mixin.py:104} INFO - [2026-09-23 11:39:32,885] {dagbag.py:451} INFO - Filling up the DagBag from /home/airflow/.local/lib/python3.6/site-packages/airflow/example_dags/tutorial_taskflow_api_etl.py
[2026-09-23 11:39:32,910] {scheduler_job.py:639} INFO - DAG(s) dict_keys(['tutorial_taskflow_api_etl']) retrieved from /home/airflow/.local/lib/python3.6/site-packages/airflow/example_dags/tutorial_taskflow_api_etl.py
[2026-09-23 11:39:32,954] {logging_mixin.py:104} INFO - [2026-09-23 11:39:32,954] {dag.py:1824} INFO - Sync 1 DAGs
[2026-09-23 11:39:32,983] {logging_mixin.py:104} INFO - [2026-09-23 11:39:32,983] {dag.py:2280} INFO - Setting next_dagrun for tutorial_taskflow_api_etl to None
[2026-09-23 11:39:33,005] {scheduler_job.py:190} INFO - Processing /home/airflow/.local/lib/python3.6/site-packages/airflow/example_dags/tutorial_taskflow_api_etl.py took 0.133 seconds
[2026-09-23 11:40:03,254] {scheduler_job.py:182} INFO - Started process (PID=948) to work on /home/airflow/.local/lib/python3.6/site-packages/airflow/example_dags/tutorial_taskflow_api_etl.py
[2026-09-23 11:40:03,256] {scheduler_job.py:629} INFO - Processing file /home/airflow/.local/lib/python3.6/site-packages/airflow/example_dags/tutorial_taskflow_api_etl.py for tasks to queue
[2026-09-23 11:40:03,260] {logging_mixin.py:104} INFO - [2026-09-23 11:40:03,259] {dagbag.py:451} INFO - Filling up the DagBag from /home/airflow/.local/lib/python3.6/site-packages/airflow/example_dags/tutorial_taskflow_api_etl.py
[2026-09-23 11:40:03,291] {scheduler_job.py:639} INFO - DAG(s) dict_keys(['tutorial_taskflow_api_etl']) retrieved from /home/airflow/.local/lib/python3.6/site-packages/airflow/example_dags/tutorial_taskflow_api_etl.py
[2026-09-23 11:40:03,341] {logging_mixin.py:104} INFO - [2026-09-23 11:40:03,341] {dag.py:1824} INFO - Sync 1 DAGs
[2026-09-23 11:40:03,376] {logging_mixin.py:104} INFO - [2026-09-23 11:40:03,375] {dag.py:2280} INFO - Setting next_dagrun for tutorial_taskflow_api_etl to None
[2026-09-23 11:40:03,404] {scheduler_job.py:190} INFO - Processing /home/airflow/.local/lib/python3.6/site-packages/airflow/example_dags/tutorial_taskflow_api_etl.py took 0.159 seconds
[2026-09-23 11:40:33,744] {scheduler_job.py:182} INFO - Started process (PID=974) to work on /home/airflow/.local/lib/python3.6/site-packages/airflow/example_dags/tutorial_taskflow_api_etl.py
[2026-09-23 11:40:33,745] {scheduler_job.py:629} INFO - Processing file /home/airflow/.local/lib/python3.6/site-packages/airflow/example_dags/tutorial_taskflow_api_etl.py for tasks to queue
[2026-09-23 11:40:33,746] {logging_mixin.py:104} INFO - [2026-09-23 11:40:33,746] {dagbag.py:451} INFO - Filling up the DagBag from /home/airflow/.local/lib/python3.6/site-packages/airflow/example_dags/tutorial_taskflow_api_etl.py
[2026-09-23 11:40:33,766] {scheduler_job.py:639} INFO - DAG(s) dict_keys(['tutorial_taskflow_api_etl']) retrieved from /home/airflow/.local/lib/python3.6/site-packages/airflow/example_dags/tutorial_taskflow_api_etl.py
[2026-09-23 11:40:33,796] {logging_mixin.py:104} INFO - [2026-09-23 11:40:33,796] {dag.py:1824} INFO - Sync 1 DAGs
[2026-09-23 11:40:33,815] {logging_mixin.py:104} INFO - [2026-09-23 11:40:33,815] {dag.py:2280} INFO - Setting next_dagrun for tutorial_taskflow_api_etl to None
[2026-09-23 11:40:33,838] {scheduler_job.py:190} INFO - Processing /home/airflow/.local/lib/python3.6/site-packages/airflow/example_dags/tutorial_taskflow_api_etl.py took 0.098 seconds
[2026-09-23 11:41:04,042] {scheduler_job.py:182} INFO - Started process (PID=999) to work on /home/airflow/.local/lib/python3.6/site-packages/airflow/example_dags/tutorial_taskflow_api_etl.py
[2026-09-23 11:41:04,044] {scheduler_job.py:629} INFO - Processing file /home/airflow/.local/lib/python3.6/site-packages/airflow/example_dags/tutorial_taskflow_api_etl.py for tasks to queue
[2026-09-23 11:41:04,046] {logging_mixin.py:104} INFO - [2026-09-23 11:41:04,045] {dagbag.py:451} INFO - Filling up the DagBag from /home/airflow/.local/lib/python3.6/site-packages/airflow/example_dags/tutorial_taskflow_api_etl.py
[2026-09-23 11:41:04,071] {scheduler_job.py:639} INFO - DAG(s) dict_keys(['tutorial_taskflow_api_etl']) retrieved from /home/airflow/.local/lib/python3.6/site-packages/airflow/example_dags/tutorial_taskflow_api_etl.py
[2026-09-23 11:41:04,113] {logging_mixin.py:104} INFO - [2026-09-23 11:41:04,113] {dag.py:1824} INFO - Sync 1 DAGs
[2026-09-23 11:41:04,142] {logging_mixin.py:104} INFO - [2026-09-23 11:41:04,142] {dag.py:2280} INFO - Setting next_dagrun for tutorial_taskflow_api_etl to None
[2026-09-23 11:41:04,171] {scheduler_job.py:190} INFO - Processing /home/airflow/.local/lib/python3.6/site-packages/airflow/example_dags/tutorial_taskflow_api_etl.py took 0.135 seconds
[2026-09-23 11:41:34,771] {scheduler_job.py:182} INFO - Started process (PID=1025) to work on /home/airflow/.local/lib/python3.6/site-packages/airflow/example_dags/tutorial_taskflow_api_etl.py
[2026-09-23 11:41:34,775] {scheduler_job.py:629} INFO - Processing file /home/airflow/.local/lib/python3.6/site-packages/airflow/example_dags/tutorial_taskflow_api_etl.py for tasks to queue
[2026-09-23 11:41:34,776] {logging_mixin.py:104} INFO - [2026-09-23 11:41:34,776] {dagbag.py:451} INFO - Filling up the DagBag from /home/airflow/.local/lib/python3.6/site-packages/airflow/example_dags/tutorial_taskflow_api_etl.py
[2026-09-23 11:41:34,819] {scheduler_job.py:639} INFO - DAG(s) dict_keys(['tutorial_taskflow_api_etl']) retrieved from /home/airflow/.local/lib/python3.6/site-packages/airflow/example_dags/tutorial_taskflow_api_etl.py
[2026-09-23 11:41:34,867] {logging_mixin.py:104} INFO - [2026-09-23 11:41:34,867] {dag.py:1824} INFO - Sync 1 DAGs
[2026-09-23 11:41:34,901] {logging_mixin.py:104} INFO - [2026-09-23 11:41:34,900] {dag.py:2280} INFO - Setting next_dagrun for tutorial_taskflow_api_etl to None
[2026-09-23 11:41:34,942] {scheduler_job.py:190} INFO - Processing /home/airflow/.local/lib/python3.6/site-packages/airflow/example_dags/tutorial_taskflow_api_etl.py took 0.184 seconds
[2026-09-23 11:42:05,387] {scheduler_job.py:182} INFO - Started process (PID=1050) to work on /home/airflow/.local/lib/python3.6/site-packages/airflow/example_dags/tutorial_taskflow_api_etl.py
[2026-09-23 11:42:05,389] {scheduler_job.py:629} INFO - Processing file /home/airflow/.local/lib/python3.6/site-packages/airflow/example_dags/tutorial_taskflow_api_etl.py for tasks to queue
[2026-09-23 11:42:05,391] {logging_mixin.py:104} INFO - [2026-09-23 11:42:05,390] {dagbag.py:451} INFO - Filling up the DagBag from /home/airflow/.local/lib/python3.6/site-packages/airflow/example_dags/tutorial_taskflow_api_etl.py
[2026-09-23 11:42:05,419] {scheduler_job.py:639} INFO - DAG(s) dict_keys(['tutorial_taskflow_api_etl']) retrieved from /home/airflow/.local/lib/python3.6/site-packages/airflow/example_dags/tutorial_taskflow_api_etl.py
[2026-09-23 11:42:05,466] {logging_mixin.py:104} INFO - [2026-09-23 11:42:05,466] {dag.py:1824} INFO - Sync 1 DAGs
[2026-09-23 11:42:05,495] {logging_mixin.py:104} INFO - [2026-09-23 11:42:05,494] {dag.py:2280} INFO - Setting next_dagrun for tutorial_taskflow_api_etl to None
[2026-09-23 11:42:05,526] {scheduler_job.py:190} INFO - Processing /home/airflow/.local/lib/python3.6/site-packages/airflow/example_dags/tutorial_taskflow_api_etl.py took 0.144 seconds
[2026-09-23 11:42:35,934] {scheduler_job.py:182} INFO - Started process (PID=1076) to work on /home/airflow/.local/lib/python3.6/site-packages/airflow/example_dags/tutorial_taskflow_api_etl.py
[2026-09-23 11:42:35,936] {scheduler_job.py:629} INFO - Processing file /home/airflow/.local/lib/python3.6/site-packages/airflow/example_dags/tutorial_taskflow_api_etl.py for tasks to queue
[2026-09-23 11:42:35,936] {logging_mixin.py:104} INFO - [2026-09-23 11:42:35,936] {dagbag.py:451} INFO - Filling up the DagBag from /home/airflow/.local/lib/python3.6/site-packages/airflow/example_dags/tutorial_taskflow_api_etl.py
[2026-09-23 11:42:35,953] {scheduler_job.py:639} INFO - DAG(s) dict_keys(['tutorial_taskflow_api_etl']) retrieved from /home/airflow/.local/lib/python3.6/site-packages/airflow/example_dags/tutorial_taskflow_api_etl.py
[2026-09-23 11:42:35,990] {logging_mixin.py:104} INFO - [2026-09-23 11:42:35,989] {dag.py:1824} INFO - Sync 1 DAGs
[2026-09-23 11:42:36,016] {logging_mixin.py:104} INFO - [2026-09-23 11:42:36,016] {dag.py:2280} INFO - Setting next_dagrun for tutorial_taskflow_api_etl to None
[2026-09-23 11:42:36,033] {scheduler_job.py:190} INFO - Processing /home/airflow/.local/lib/python3.6/site-packages/airflow/example_dags/tutorial_taskflow_api_etl.py took 0.102 seconds
[2026-09-23 11:43:07,113] {scheduler_job.py:182} INFO - Started process (PID=1104) to work on /home/airflow/.local/lib/python3.6/site-packages/airflow/example_dags/tutorial_taskflow_api_etl.py
[2026-09-23 11:43:07,117] {scheduler_job.py:629} INFO - Processing file /home/airflow/.local/lib/python3.6/site-packages/airflow/example_dags/tutorial_taskflow_api_etl.py for tasks to queue
[2026-09-23 11:43:07,118] {logging_mixin.py:104} INFO - [2026-09-23 11:43:07,118] {dagbag.py:451} INFO - Filling up the DagBag from /home/airflow/.local/lib/python3.6/site-packages/airflow/example_dags/tutorial_taskflow_api_etl.py
[2026-09-23 11:43:07,165] {scheduler_job.py:639} INFO - DAG(s) dict_keys(['tutorial_taskflow_api_etl']) retrieved from /home/airflow/.local/lib/python3.6/site-packages/airflow/example_dags/tutorial_taskflow_api_etl.py
[2026-09-23 11:43:07,215] {logging_mixin.py:104} INFO - [2026-09-23 11:43:07,215] {dag.py:1824} INFO - Sync 1 DAGs
[2026-09-23 11:43:07,244] {logging_mixin.py:104} INFO - [2026-09-23 11:43:07,244] {dag.py:2280} INFO - Setting next_dagrun for tutorial_taskflow_api_etl to None
[2026-09-23 11:43:07,282] {scheduler_job.py:190} INFO - Processing /home/airflow/.local/lib/python3.6/site-packages/airflow/example_dags/tutorial_taskflow_api_etl.py took 0.174 seconds
[2026-09-23 11:43:37,435] {scheduler_job.py:182} INFO - Started process (PID=1129) to work on /home/airflow/.local/lib/python3.6/site-packages/airflow/example_dags/tutorial_taskflow_api_etl.py
[2026-09-23 11:43:37,437] {scheduler_job.py:629} INFO - Processing file /home/airflow/.local/lib/python3.6/site-packages/airflow/example_dags/tutorial_taskflow_api_etl.py for tasks to queue
[2026-09-23 11:43:37,438] {logging_mixin.py:104} INFO - [2026-09-23 11:43:37,438] {dagbag.py:451} INFO - Filling up the DagBag from /home/airflow/.local/lib/python3.6/site-packages/airflow/example_dags/tutorial_taskflow_api_etl.py
[2026-09-23 11:43:37,460] {scheduler_job.py:639} INFO - DAG(s) dict_keys(['tutorial_taskflow_api_etl']) retrieved from /home/airflow/.local/lib/python3.6/site-packages/airflow/example_dags/tutorial_taskflow_api_etl.py
[2026-09-23 11:43:37,495] {logging_mixin.py:104} INFO - [2026-09-23 11:43:37,495] {dag.py:1824} INFO - Sync 1 DAGs
[2026-09-23 11:43:37,518] {logging_mixin.py:104} INFO - [2026-09-23 11:43:37,517] {dag.py:2280} INFO - Setting next_dagrun for tutorial_taskflow_api_etl to None
[2026-09-23 11:43:37,539] {scheduler_job.py:190} INFO - Processing /home/airflow/.local/lib/python3.6/site-packages/airflow/example_dags/tutorial_taskflow_api_etl.py took 0.109 seconds
[2026-09-23 11:44:07,819] {scheduler_job.py:182} INFO - Started process (PID=1155) to work on /home/airflow/.local/lib/python3.6/site-packages/airflow/example_dags/tutorial_taskflow_api_etl.py
[2026-09-23 11:44:07,820] {scheduler_job.py:629} INFO - Processing file /home/airflow/.local/lib/python3.6/site-packages/airflow/example_dags/tutorial_taskflow_api_etl.py for tasks to queue
[2026-09-23 11:44:07,821] {logging_mixin.py:104} INFO - [2026-09-23 11:44:07,821] {dagbag.py:451} INFO - Filling up the DagBag from /home/airflow/.local/lib/python3.6/site-packages/airflow/example_dags/tutorial_taskflow_api_etl.py
[2026-09-23 11:44:07,838] {scheduler_job.py:639} INFO - DAG(s) dict_keys(['tutorial_taskflow_api_etl']) retrieved from /home/airflow/.local/lib/python3.6/site-packages/airflow/example_dags/tutorial_taskflow_api_etl.py
[2026-09-23 11:44:07,873] {logging_mixin.py:104} INFO - [2026-09-23 11:44:07,873] {dag.py:1824} INFO - Sync 1 DAGs
[2026-09-23 11:44:07,912] {logging_mixin.py:104} INFO - [2026-09-23 11:44:07,911] {dag.py:2280} INFO - Setting next_dagrun for tutorial_taskflow_api_etl to None
[2026-09-23 11:44:07,944] {scheduler_job.py:190} INFO - Processing /home/airflow/.local/lib/python3.6/site-packages/airflow/example_dags/tutorial_taskflow_api_etl.py took 0.128 seconds
[2026-09-23 11:44:38,078] {scheduler_job.py:182} INFO - Started process (PID=1181) to work on /home/airflow/.local/lib/python3.6/site-packages/airflow/example_dags/tutorial_taskflow_api_etl.py
[2026-09-23 11:44:38,080] {scheduler_job.py:629} INFO - Processing file /home/airflow/.local/lib/python3.6/site-packages/airflow/example_dags/tutorial_taskflow_api_etl.py for tasks to queue
[2026-09-23 11:44:38,081] {logging_mixin.py:104} INFO - [2026-09-23 11:44:38,081] {dagbag.py:451} INFO - Filling up the DagBag from /home/airflow/.local/lib/python3.6/site-packages/airflow/example_dags/tutorial_taskflow_api_etl.py
[2026-09-23 11:44:38,112] {scheduler_job.py:639} INFO - DAG(s) dict_keys(['tutorial_taskflow_api_etl']) retrieved from /home/airflow/.local/lib/python3.6/site-packages/airflow/example_dags/tutorial_taskflow_api_etl.py
[2026-09-23 11:44:38,154] {logging_mixin.py:104} INFO - [2026-09-23 11:44:38,154] {dag.py:1824} INFO - Sync 1 DAGs
[2026-09-23 11:44:38,183] {logging_mixin.py:104} INFO - [2026-09-23 11:44:38,183] {dag.py:2280} INFO - Setting next_dagrun for tutorial_taskflow_api_etl to None
[2026-09-23 11:44:38,209] {scheduler_job.py:190} INFO - Processing /home/airflow/.local/lib/python3.6/site-packages/airflow/example_dags/tutorial_taskflow_api_etl.py took 0.139 seconds
[2026-09-23 11:45:08,245] {scheduler_job.py:182} INFO - Started process (PID=1206) to work on /home/airflow/.local/lib/python3.6/site-packages/airflow/example_dags/tutorial_taskflow_api_etl.py
[2026-09-23 11:45:08,247] {scheduler_job.py:629} INFO - Processing file /home/airflow/.local/lib/python3.6/site-packages/airflow/example_dags/tutorial_taskflow_api_etl.py for tasks to queue
[2026-09-23 11:45:08,248] {logging_mixin.py:104} INFO - [2026-09-23 11:45:08,248] {dagbag.py:451} INFO - Filling up the DagBag from /home/airflow/.local/lib/python3.6/site-packages/airflow/example_dags/tutorial_taskflow_api_etl.py
[2026-09-23 11:45:08,268] {scheduler_job.py:639} INFO - DAG(s) dict_keys(['tutorial_taskflow_api_etl']) retrieved from /home/airflow/.local/lib/python3.6/site-packages/airflow/example_dags/tutorial_taskflow_api_etl.py
[2026-09-23 11:45:08,303] {logging_mixin.py:104} INFO - [2026-09-23 11:45:08,302] {dag.py:1824} INFO - Sync 1 DAGs
[2026-09-23 11:45:08,326] {logging_mixin.py:104} INFO - [2026-09-23 11:45:08,326] {dag.py:2280} INFO - Setting next_dagrun for tutorial_taskflow_api_etl to None
[2026-09-23 11:45:08,349] {scheduler_job.py:190} INFO - Processing /home/airflow/.local/lib/python3.6/site-packages/airflow/example_dags/tutorial_taskflow_api_etl.py took 0.108 seconds
[2026-09-23 11:45:38,647] {scheduler_job.py:182} INFO - Started process (PID=1233) to work on /home/airflow/.local/lib/python3.6/site-packages/airflow/example_dags/tutorial_taskflow_api_etl.py
[2026-09-23 11:45:38,649] {scheduler_job.py:629} INFO - Processing file /home/airflow/.local/lib/python3.6/site-packages/airflow/example_dags/tutorial_taskflow_api_etl.py for tasks to queue
[2026-09-23 11:45:38,650] {logging_mixin.py:104} INFO - [2026-09-23 11:45:38,650] {dagbag.py:451} INFO - Filling up the DagBag from /home/airflow/.local/lib/python3.6/site-packages/airflow/example_dags/tutorial_taskflow_api_etl.py
[2026-09-23 11:45:38,676] {scheduler_job.py:639} INFO - DAG(s) dict_keys(['tutorial_taskflow_api_etl']) retrieved from /home/airflow/.local/lib/python3.6/site-packages/airflow/example_dags/tutorial_taskflow_api_etl.py
[2026-09-23 11:45:38,724] {logging_mixin.py:104} INFO - [2026-09-23 11:45:38,724] {dag.py:1824} INFO - Sync 1 DAGs
[2026-09-23 11:45:38,759] {logging_mixin.py:104} INFO - [2026-09-23 11:45:38,758] {dag.py:2280} INFO - Setting next_dagrun for tutorial_taskflow_api_etl to None
[2026-09-23 11:45:38,796] {scheduler_job.py:190} INFO - Processing /home/airflow/.local/lib/python3.6/site-packages/airflow/example_dags/tutorial_taskflow_api_etl.py took 0.154 seconds
[2026-09-23 11:46:10,065] {scheduler_job.py:182} INFO - Started process (PID=1262) to work on /home/airflow/.local/lib/python3.6/site-packages/airflow/example_dags/tutorial_taskflow_api_etl.py
[2026-09-23 11:46:10,067] {scheduler_job.py:629} INFO - Processing file /home/airflow/.local/lib/python3.6/site-packages/airflow/example_dags/tutorial_taskflow_api_etl.py for tasks to queue
[2026-09-23 11:46:10,068] {logging_mixin.py:104} INFO - [2026-09-23 11:46:10,067] {dagbag.py:451} INFO - Filling up the DagBag from /home/airflow/.local/lib/python3.6/site-packages/airflow/example_dags/tutorial_taskflow_api_etl.py
[2026-09-23 11:46:10,100] {scheduler_job.py:639} INFO - DAG(s) dict_keys(['tutorial_taskflow_api_etl']) retrieved from /home/airflow/.local/lib/python3.6/site-packages/airflow/example_dags/tutorial_taskflow_api_etl.py
[2026-09-23 11:46:10,146] {logging_mixin.py:104} INFO - [2026-09-23 11:46:10,146] {dag.py:1824} INFO - Sync 1 DAGs
[2026-09-23 11:46:10,176] {logging_mixin.py:104} INFO - [2026-09-23 11:46:10,176] {dag.py:2280} INFO - Setting next_dagrun for tutorial_taskflow_api_etl to None
[2026-09-23 11:46:10,213] {scheduler_job.py:190} INFO - Processing /home/airflow/.local/lib/python3.6/site-packages/airflow/example_dags/tutorial_taskflow_api_etl.py took 0.154 seconds
[2026-09-23 11:46:40,486] {scheduler_job.py:182} INFO - Started process (PID=1288) to work on /home/airflow/.local/lib/python3.6/site-packages/airflow/example_dags/tutorial_taskflow_api_etl.py
[2026-09-23 11:46:40,492] {scheduler_job.py:629} INFO - Processing file /home/airflow/.local/lib/python3.6/site-packages/airflow/example_dags/tutorial_taskflow_api_etl.py for tasks to queue
[2026-09-23 11:46:40,496] {logging_mixin.py:104} INFO - [2026-09-23 11:46:40,494] {dagbag.py:451} INFO - Filling up the DagBag from /home/airflow/.local/lib/python3.6/site-packages/airflow/example_dags/tutorial_taskflow_api_etl.py
[2026-09-23 11:46:40,549] {scheduler_job.py:639} INFO - DAG(s) dict_keys(['tutorial_taskflow_api_etl']) retrieved from /home/airflow/.local/lib/python3.6/site-packages/airflow/example_dags/tutorial_taskflow_api_etl.py
[2026-09-23 11:46:40,640] {logging_mixin.py:104} INFO - [2026-09-23 11:46:40,639] {dag.py:1824} INFO - Sync 1 DAGs
[2026-09-23 11:46:40,707] {logging_mixin.py:104} INFO - [2026-09-23 11:46:40,707] {dag.py:2280} INFO - Setting next_dagrun for tutorial_taskflow_api_etl to None
[2026-09-23 11:46:40,741] {scheduler_job.py:190} INFO - Processing /home/airflow/.local/lib/python3.6/site-packages/airflow/example_dags/tutorial_taskflow_api_etl.py took 0.264 seconds
[2026-09-23 11:47:11,032] {scheduler_job.py:182} INFO - Started process (PID=1314) to work on /home/airflow/.local/lib/python3.6/site-packages/airflow/example_dags/tutorial_taskflow_api_etl.py
[2026-09-23 11:47:11,035] {scheduler_job.py:629} INFO - Processing file /home/airflow/.local/lib/python3.6/site-packages/airflow/example_dags/tutorial_taskflow_api_etl.py for tasks to queue
[2026-09-23 11:47:11,036] {logging_mixin.py:104} INFO - [2026-09-23 11:47:11,036] {dagbag.py:451} INFO - Filling up the DagBag from /home/airflow/.local/lib/python3.6/site-packages/airflow/example_dags/tutorial_taskflow_api_etl.py
[2026-09-23 11:47:11,061] {scheduler_job.py:639} INFO - DAG(s) dict_keys(['tutorial_taskflow_api_etl']) retrieved from /home/airflow/.local/lib/python3.6/site-packages/airflow/example_dags/tutorial_taskflow_api_etl.py
[2026-09-23 11:47:11,098] {logging_mixin.py:104} INFO - [2026-09-23 11:47:11,098] {dag.py:1824} INFO - Sync 1 DAGs
[2026-09-23 11:47:11,127] {logging_mixin.py:104} INFO - [2026-09-23 11:47:11,127] {dag.py:2280} INFO - Setting next_dagrun for tutorial_taskflow_api_etl to None
[2026-09-23 11:47:11,146] {scheduler_job.py:190} INFO - Processing /home/airflow/.local/lib/python3.6/site-packages/airflow/example_dags/tutorial_taskflow_api_etl.py took 0.119 seconds
[2026-09-23 11:47:41,916] {scheduler_job.py:182} INFO - Started process (PID=1340) to work on /home/airflow/.local/lib/python3.6/site-packages/airflow/example_dags/tutorial_taskflow_api_etl.py
[2026-09-23 11:47:41,918] {scheduler_job.py:629} INFO - Processing file /home/airflow/.local/lib/python3.6/site-packages/airflow/example_dags/tutorial_taskflow_api_etl.py for tasks to queue
[2026-09-23 11:47:41,919] {logging_mixin.py:104} INFO - [2026-09-23 11:47:41,919] {dagbag.py:451} INFO - Filling up the DagBag from /home/airflow/.local/lib/python3.6/site-packages/airflow/example_dags/tutorial_taskflow_api_etl.py
[2026-09-23 11:47:41,956] {scheduler_job.py:639} INFO - DAG(s) dict_keys(['tutorial_taskflow_api_etl']) retrieved from /home/airflow/.local/lib/python3.6/site-packages/airflow/example_dags/tutorial_taskflow_api_etl.py
[2026-09-23 11:47:42,013] {logging_mixin.py:104} INFO - [2026-09-23 11:47:42,012] {dag.py:1824} INFO - Sync 1 DAGs
[2026-09-23 11:47:42,081] {logging_mixin.py:104} INFO - [2026-09-23 11:47:42,080] {dag.py:2280} INFO - Setting next_dagrun for tutorial_taskflow_api_etl to None
[2026-09-23 11:47:42,123] {scheduler_job.py:190} INFO - Processing /home/airflow/.local/lib/python3.6/site-packages/airflow/example_dags/tutorial_taskflow_api_etl.py took 0.222 seconds
[2026-09-23 11:48:13,055] {scheduler_job.py:182} INFO - Started process (PID=1366) to work on /home/airflow/.local/lib/python3.6/site-packages/airflow/example_dags/tutorial_taskflow_api_etl.py
[2026-09-23 11:48:13,057] {scheduler_job.py:629} INFO - Processing file /home/airflow/.local/lib/python3.6/site-packages/airflow/example_dags/tutorial_taskflow_api_etl.py for tasks to queue
[2026-09-23 11:48:13,058] {logging_mixin.py:104} INFO - [2026-09-23 11:48:13,058] {dagbag.py:451} INFO - Filling up the DagBag from /home/airflow/.local/lib/python3.6/site-packages/airflow/example_dags/tutorial_taskflow_api_etl.py
[2026-09-23 11:48:13,074] {scheduler_job.py:639} INFO - DAG(s) dict_keys(['tutorial_taskflow_api_etl']) retrieved from /home/airflow/.local/lib/python3.6/site-packages/airflow/example_dags/tutorial_taskflow_api_etl.py
[2026-09-23 11:48:13,109] {logging_mixin.py:104} INFO - [2026-09-23 11:48:13,109] {dag.py:1824} INFO - Sync 1 DAGs
[2026-09-23 11:48:13,135] {logging_mixin.py:104} INFO - [2026-09-23 11:48:13,135] {dag.py:2280} INFO - Setting next_dagrun for tutorial_taskflow_api_etl to None
[2026-09-23 11:48:13,155] {scheduler_job.py:190} INFO - Processing /home/airflow/.local/lib/python3.6/site-packages/airflow/example_dags/tutorial_taskflow_api_etl.py took 0.105 seconds
[2026-09-23 11:48:43,816] {scheduler_job.py:182} INFO - Started process (PID=1394) to work on /home/airflow/.local/lib/python3.6/site-packages/airflow/example_dags/tutorial_taskflow_api_etl.py
[2026-09-23 11:48:43,817] {scheduler_job.py:629} INFO - Processing file /home/airflow/.local/lib/python3.6/site-packages/airflow/example_dags/tutorial_taskflow_api_etl.py for tasks to queue
[2026-09-23 11:48:43,817] {logging_mixin.py:104} INFO - [2026-09-23 11:48:43,817] {dagbag.py:451} INFO - Filling up the DagBag from /home/airflow/.local/lib/python3.6/site-packages/airflow/example_dags/tutorial_taskflow_api_etl.py
[2026-09-23 11:48:43,834] {scheduler_job.py:639} INFO - DAG(s) dict_keys(['tutorial_taskflow_api_etl']) retrieved from /home/airflow/.local/lib/python3.6/site-packages/airflow/example_dags/tutorial_taskflow_api_etl.py
[2026-09-23 11:48:43,860] {logging_mixin.py:104} INFO - [2026-09-23 11:48:43,860] {dag.py:1824} INFO - Sync 1 DAGs
[2026-09-23 11:48:43,878] {logging_mixin.py:104} INFO - [2026-09-23 11:48:43,878] {dag.py:2280} INFO - Setting next_dagrun for tutorial_taskflow_api_etl to None
[2026-09-23 11:48:43,896] {scheduler_job.py:190} INFO - Processing /home/airflow/.local/lib/python3.6/site-packages/airflow/example_dags/tutorial_taskflow_api_etl.py took 0.085 seconds
[2026-09-23 11:49:14,192] {scheduler_job.py:182} INFO - Started process (PID=1420) to work on /home/airflow/.local/lib/python3.6/site-packages/airflow/example_dags/tutorial_taskflow_api_etl.py
[2026-09-23 11:49:14,196] {scheduler_job.py:629} INFO - Processing file /home/airflow/.local/lib/python3.6/site-packages/airflow/example_dags/tutorial_taskflow_api_etl.py for tasks to queue
[2026-09-23 11:49:14,201] {logging_mixin.py:104} INFO - [2026-09-23 11:49:14,197] {dagbag.py:451} INFO - Filling up the DagBag from /home/airflow/.local/lib/python3.6/site-packages/airflow/example_dags/tutorial_taskflow_api_etl.py
[2026-09-23 11:49:14,240] {scheduler_job.py:639} INFO - DAG(s) dict_keys(['tutorial_taskflow_api_etl']) retrieved from /home/airflow/.local/lib/python3.6/site-packages/airflow/example_dags/tutorial_taskflow_api_etl.py
[2026-09-23 11:49:14,286] {logging_mixin.py:104} INFO - [2026-09-23 11:49:14,286] {dag.py:1824} INFO - Sync 1 DAGs
[2026-09-23 11:49:14,317] {logging_mixin.py:104} INFO - [2026-09-23 11:49:14,316] {dag.py:2280} INFO - Setting next_dagrun for tutorial_taskflow_api_etl to None
[2026-09-23 11:49:14,347] {scheduler_job.py:190} INFO - Processing /home/airflow/.local/lib/python3.6/site-packages/airflow/example_dags/tutorial_taskflow_api_etl.py took 0.165 seconds
[2026-09-23 11:49:44,497] {scheduler_job.py:182} INFO - Started process (PID=1446) to work on /home/airflow/.local/lib/python3.6/site-packages/airflow/example_dags/tutorial_taskflow_api_etl.py
[2026-09-23 11:49:44,499] {scheduler_job.py:629} INFO - Processing file /home/airflow/.local/lib/python3.6/site-packages/airflow/example_dags/tutorial_taskflow_api_etl.py for tasks to queue
[2026-09-23 11:49:44,499] {logging_mixin.py:104} INFO - [2026-09-23 11:49:44,499] {dagbag.py:451} INFO - Filling up the DagBag from /home/airflow/.local/lib/python3.6/site-packages/airflow/example_dags/tutorial_taskflow_api_etl.py
[2026-09-23 11:49:44,518] {scheduler_job.py:639} INFO - DAG(s) dict_keys(['tutorial_taskflow_api_etl']) retrieved from /home/airflow/.local/lib/python3.6/site-packages/airflow/example_dags/tutorial_taskflow_api_etl.py
[2026-09-23 11:49:44,555] {logging_mixin.py:104} INFO - [2026-09-23 11:49:44,554] {dag.py:1824} INFO - Sync 1 DAGs
[2026-09-23 11:49:44,573] {logging_mixin.py:104} INFO - [2026-09-23 11:49:44,573] {dag.py:2280} INFO - Setting next_dagrun for tutorial_taskflow_api_etl to None
[2026-09-23 11:49:44,587] {scheduler_job.py:190} INFO - Processing /home/airflow/.local/lib/python3.6/site-packages/airflow/example_dags/tutorial_taskflow_api_etl.py took 0.094 seconds
[2026-09-23 11:50:15,258] {scheduler_job.py:182} INFO - Started process (PID=1472) to work on /home/airflow/.local/lib/python3.6/site-packages/airflow/example_dags/tutorial_taskflow_api_etl.py
[2026-09-23 11:50:15,260] {scheduler_job.py:629} INFO - Processing file /home/airflow/.local/lib/python3.6/site-packages/airflow/example_dags/tutorial_taskflow_api_etl.py for tasks to queue
[2026-09-23 11:50:15,261] {logging_mixin.py:104} INFO - [2026-09-23 11:50:15,261] {dagbag.py:451} INFO - Filling up the DagBag from /home/airflow/.local/lib/python3.6/site-packages/airflow/example_dags/tutorial_taskflow_api_etl.py
[2026-09-23 11:50:15,280] {scheduler_job.py:639} INFO - DAG(s) dict_keys(['tutorial_taskflow_api_etl']) retrieved from /home/airflow/.local/lib/python3.6/site-packages/airflow/example_dags/tutorial_taskflow_api_etl.py
[2026-09-23 11:50:15,322] {logging_mixin.py:104} INFO - [2026-09-23 11:50:15,322] {dag.py:1824} INFO - Sync 1 DAGs
[2026-09-23 11:50:15,356] {logging_mixin.py:104} INFO - [2026-09-23 11:50:15,356] {dag.py:2280} INFO - Setting next_dagrun for tutorial_taskflow_api_etl to None
[2026-09-23 11:50:15,384] {scheduler_job.py:190} INFO - Processing /home/airflow/.local/lib/python3.6/site-packages/airflow/example_dags/tutorial_taskflow_api_etl.py took 0.130 seconds
[2026-09-23 11:50:46,163] {scheduler_job.py:182} INFO - Started process (PID=1498) to work on /home/airflow/.local/lib/python3.6/site-packages/airflow/example_dags/tutorial_taskflow_api_etl.py
[2026-09-23 11:50:46,164] {scheduler_job.py:629} INFO - Processing file /home/airflow/.local/lib/python3.6/site-packages/airflow/example_dags/tutorial_taskflow_api_etl.py for tasks to queue
[2026-09-23 11:50:46,166] {logging_mixin.py:104} INFO - [2026-09-23 11:50:46,166] {dagbag.py:451} INFO - Filling up the DagBag from /home/airflow/.local/lib/python3.6/site-packages/airflow/example_dags/tutorial_taskflow_api_etl.py
[2026-09-23 11:50:46,189] {scheduler_job.py:639} INFO - DAG(s) dict_keys(['tutorial_taskflow_api_etl']) retrieved from /home/airflow/.local/lib/python3.6/site-packages/airflow/example_dags/tutorial_taskflow_api_etl.py
[2026-09-23 11:50:46,225] {logging_mixin.py:104} INFO - [2026-09-23 11:50:46,225] {dag.py:1824} INFO - Sync 1 DAGs
[2026-09-23 11:50:46,246] {logging_mixin.py:104} INFO - [2026-09-23 11:50:46,246] {dag.py:2280} INFO - Setting next_dagrun for tutorial_taskflow_api_etl to None
[2026-09-23 11:50:46,268] {scheduler_job.py:190} INFO - Processing /home/airflow/.local/lib/python3.6/site-packages/airflow/example_dags/tutorial_taskflow_api_etl.py took 0.110 seconds
[2026-09-23 11:51:17,084] {scheduler_job.py:182} INFO - Started process (PID=1526) to work on /home/airflow/.local/lib/python3.6/site-packages/airflow/example_dags/tutorial_taskflow_api_etl.py
[2026-09-23 11:51:17,086] {scheduler_job.py:629} INFO - Processing file /home/airflow/.local/lib/python3.6/site-packages/airflow/example_dags/tutorial_taskflow_api_etl.py for tasks to queue
[2026-09-23 11:51:17,087] {logging_mixin.py:104} INFO - [2026-09-23 11:51:17,087] {dagbag.py:451} INFO - Filling up the DagBag from /home/airflow/.local/lib/python3.6/site-packages/airflow/example_dags/tutorial_taskflow_api_etl.py
[2026-09-23 11:51:17,122] {scheduler_job.py:639} INFO - DAG(s) dict_keys(['tutorial_taskflow_api_etl']) retrieved from /home/airflow/.local/lib/python3.6/site-packages/airflow/example_dags/tutorial_taskflow_api_etl.py
[2026-09-23 11:51:17,167] {logging_mixin.py:104} INFO - [2026-09-23 11:51:17,167] {dag.py:1824} INFO - Sync 1 DAGs
[2026-09-23 11:51:17,205] {logging_mixin.py:104} INFO - [2026-09-23 11:51:17,205] {dag.py:2280} INFO - Setting next_dagrun for tutorial_taskflow_api_etl to None
[2026-09-23 11:51:17,234] {scheduler_job.py:190} INFO - Processing /home/airflow/.local/lib/python3.6/site-packages/airflow/example_dags/tutorial_taskflow_api_etl.py took 0.157 seconds
[2026-09-23 11:51:48,096] {scheduler_job.py:182} INFO - Started process (PID=1552) to work on /home/airflow/.local/lib/python3.6/site-packages/airflow/example_dags/tutorial_taskflow_api_etl.py
[2026-09-23 11:51:48,097] {scheduler_job.py:629} INFO - Processing file /home/airflow/.local/lib/python3.6/site-packages/airflow/example_dags/tutorial_taskflow_api_etl.py for tasks to queue
[2026-09-23 11:51:48,098] {logging_mixin.py:104} INFO - [2026-09-23 11:51:48,098] {dagbag.py:451} INFO - Filling up the DagBag from /home/airflow/.local/lib/python3.6/site-packages/airflow/example_dags/tutorial_taskflow_api_etl.py
[2026-09-23 11:51:48,116] {scheduler_job.py:639} INFO - DAG(s) dict_keys(['tutorial_taskflow_api_etl']) retrieved from /home/airflow/.local/lib/python3.6/site-packages/airflow/example_dags/tutorial_taskflow_api_etl.py
[2026-09-23 11:51:48,149] {logging_mixin.py:104} INFO - [2026-09-23 11:51:48,149] {dag.py:1824} INFO - Sync 1 DAGs
[2026-09-23 11:51:48,173] {logging_mixin.py:104} INFO - [2026-09-23 11:51:48,173] {dag.py:2280} INFO - Setting next_dagrun for tutorial_taskflow_api_etl to None
[2026-09-23 11:51:48,198] {scheduler_job.py:190} INFO - Processing /home/airflow/.local/lib/python3.6/site-packages/airflow/example_dags/tutorial_taskflow_api_etl.py took 0.106 seconds
[2026-09-23 11:52:19,208] {scheduler_job.py:182} INFO - Started process (PID=1578) to work on /home/airflow/.local/lib/python3.6/site-packages/airflow/example_dags/tutorial_taskflow_api_etl.py
[2026-09-23 11:52:19,211] {scheduler_job.py:629} INFO - Processing file /home/airflow/.local/lib/python3.6/site-packages/airflow/example_dags/tutorial_taskflow_api_etl.py for tasks to queue
[2026-09-23 11:52:19,212] {logging_mixin.py:104} INFO - [2026-09-23 11:52:19,212] {dagbag.py:451} INFO - Filling up the DagBag from /home/airflow/.local/lib/python3.6/site-packages/airflow/example_dags/tutorial_taskflow_api_etl.py
[2026-09-23 11:52:19,239] {scheduler_job.py:639} INFO - DAG(s) dict_keys(['tutorial_taskflow_api_etl']) retrieved from /home/airflow/.local/lib/python3.6/site-packages/airflow/example_dags/tutorial_taskflow_api_etl.py
[2026-09-23 11:52:19,295] {logging_mixin.py:104} INFO - [2026-09-23 11:52:19,294] {dag.py:1824} INFO - Sync 1 DAGs
[2026-09-23 11:52:19,336] {logging_mixin.py:104} INFO - [2026-09-23 11:52:19,336] {dag.py:2280} INFO - Setting next_dagrun for tutorial_taskflow_api_etl to None
[2026-09-23 11:52:19,372] {scheduler_job.py:190} INFO - Processing /home/airflow/.local/lib/python3.6/site-packages/airflow/example_dags/tutorial_taskflow_api_etl.py took 0.170 seconds
[2026-09-23 11:52:49,488] {scheduler_job.py:182} INFO - Started process (PID=1604) to work on /home/airflow/.local/lib/python3.6/site-packages/airflow/example_dags/tutorial_taskflow_api_etl.py
[2026-09-23 11:52:49,489] {scheduler_job.py:629} INFO - Processing file /home/airflow/.local/lib/python3.6/site-packages/airflow/example_dags/tutorial_taskflow_api_etl.py for tasks to queue
[2026-09-23 11:52:49,490] {logging_mixin.py:104} INFO - [2026-09-23 11:52:49,490] {dagbag.py:451} INFO - Filling up the DagBag from /home/airflow/.local/lib/python3.6/site-packages/airflow/example_dags/tutorial_taskflow_api_etl.py
[2026-09-23 11:52:49,512] {scheduler_job.py:639} INFO - DAG(s) dict_keys(['tutorial_taskflow_api_etl']) retrieved from /home/airflow/.local/lib/python3.6/site-packages/airflow/example_dags/tutorial_taskflow_api_etl.py
[2026-09-23 11:52:49,548] {logging_mixin.py:104} INFO - [2026-09-23 11:52:49,548] {dag.py:1824} INFO - Sync 1 DAGs
[2026-09-23 11:52:49,571] {logging_mixin.py:104} INFO - [2026-09-23 11:52:49,570] {dag.py:2280} INFO - Setting next_dagrun for tutorial_taskflow_api_etl to None
[2026-09-23 11:52:49,594] {scheduler_job.py:190} INFO - Processing /home/airflow/.local/lib/python3.6/site-packages/airflow/example_dags/tutorial_taskflow_api_etl.py took 0.112 seconds
[2026-09-23 11:53:19,748] {scheduler_job.py:182} INFO - Started process (PID=1630) to work on /home/airflow/.local/lib/python3.6/site-packages/airflow/example_dags/tutorial_taskflow_api_etl.py
[2026-09-23 11:53:19,750] {scheduler_job.py:629} INFO - Processing file /home/airflow/.local/lib/python3.6/site-packages/airflow/example_dags/tutorial_taskflow_api_etl.py for tasks to queue
[2026-09-23 11:53:19,751] {logging_mixin.py:104} INFO - [2026-09-23 11:53:19,751] {dagbag.py:451} INFO - Filling up the DagBag from /home/airflow/.local/lib/python3.6/site-packages/airflow/example_dags/tutorial_taskflow_api_etl.py
[2026-09-23 11:53:19,774] {scheduler_job.py:639} INFO - DAG(s) dict_keys(['tutorial_taskflow_api_etl']) retrieved from /home/airflow/.local/lib/python3.6/site-packages/airflow/example_dags/tutorial_taskflow_api_etl.py
[2026-09-23 11:53:19,814] {logging_mixin.py:104} INFO - [2026-09-23 11:53:19,814] {dag.py:1824} INFO - Sync 1 DAGs
[2026-09-23 11:53:19,837] {logging_mixin.py:104} INFO - [2026-09-23 11:53:19,837] {dag.py:2280} INFO - Setting next_dagrun for tutorial_taskflow_api_etl to None
[2026-09-23 11:53:19,858] {scheduler_job.py:190} INFO - Processing /home/airflow/.local/lib/python3.6/site-packages/airflow/example_dags/tutorial_taskflow_api_etl.py took 0.116 seconds
[2026-09-23 11:53:50,712] {scheduler_job.py:182} INFO - Started process (PID=1655) to work on /home/airflow/.local/lib/python3.6/site-packages/airflow/example_dags/tutorial_taskflow_api_etl.py
[2026-09-23 11:53:50,714] {scheduler_job.py:629} INFO - Processing file /home/airflow/.local/lib/python3.6/site-packages/airflow/example_dags/tutorial_taskflow_api_etl.py for tasks to queue
[2026-09-23 11:53:50,715] {logging_mixin.py:104} INFO - [2026-09-23 11:53:50,714] {dagbag.py:451} INFO - Filling up the DagBag from /home/airflow/.local/lib/python3.6/site-packages/airflow/example_dags/tutorial_taskflow_api_etl.py
[2026-09-23 11:53:50,731] {scheduler_job.py:639} INFO - DAG(s) dict_keys(['tutorial_taskflow_api_etl']) retrieved from /home/airflow/.local/lib/python3.6/site-packages/airflow/example_dags/tutorial_taskflow_api_etl.py
[2026-09-23 11:53:50,758] {logging_mixin.py:104} INFO - [2026-09-23 11:53:50,758] {dag.py:1824} INFO - Sync 1 DAGs
[2026-09-23 11:53:50,776] {logging_mixin.py:104} INFO - [2026-09-23 11:53:50,776] {dag.py:2280} INFO - Setting next_dagrun for tutorial_taskflow_api_etl to None
[2026-09-23 11:53:50,795] {scheduler_job.py:190} INFO - Processing /home/airflow/.local/lib/python3.6/site-packages/airflow/example_dags/tutorial_taskflow_api_etl.py took 0.087 seconds
[2026-09-23 11:54:21,519] {scheduler_job.py:182} INFO - Started process (PID=1681) to work on /home/airflow/.local/lib/python3.6/site-packages/airflow/example_dags/tutorial_taskflow_api_etl.py
[2026-09-23 11:54:21,521] {scheduler_job.py:629} INFO - Processing file /home/airflow/.local/lib/python3.6/site-packages/airflow/example_dags/tutorial_taskflow_api_etl.py for tasks to queue
[2026-09-23 11:54:21,523] {logging_mixin.py:104} INFO - [2026-09-23 11:54:21,522] {dagbag.py:451} INFO - Filling up the DagBag from /home/airflow/.local/lib/python3.6/site-packages/airflow/example_dags/tutorial_taskflow_api_etl.py
[2026-09-23 11:54:21,549] {scheduler_job.py:639} INFO - DAG(s) dict_keys(['tutorial_taskflow_api_etl']) retrieved from /home/airflow/.local/lib/python3.6/site-packages/airflow/example_dags/tutorial_taskflow_api_etl.py
[2026-09-23 11:54:21,581] {logging_mixin.py:104} INFO - [2026-09-23 11:54:21,580] {dag.py:1824} INFO - Sync 1 DAGs
[2026-09-23 11:54:21,601] {logging_mixin.py:104} INFO - [2026-09-23 11:54:21,601] {dag.py:2280} INFO - Setting next_dagrun for tutorial_taskflow_api_etl to None
[2026-09-23 11:54:21,618] {scheduler_job.py:190} INFO - Processing /home/airflow/.local/lib/python3.6/site-packages/airflow/example_dags/tutorial_taskflow_api_etl.py took 0.106 seconds
[2026-09-23 11:54:51,721] {scheduler_job.py:182} INFO - Started process (PID=1706) to work on /home/airflow/.local/lib/python3.6/site-packages/airflow/example_dags/tutorial_taskflow_api_etl.py
[2026-09-23 11:54:51,723] {scheduler_job.py:629} INFO - Processing file /home/airflow/.local/lib/python3.6/site-packages/airflow/example_dags/tutorial_taskflow_api_etl.py for tasks to queue
[2026-09-23 11:54:51,724] {logging_mixin.py:104} INFO - [2026-09-23 11:54:51,724] {dagbag.py:451} INFO - Filling up the DagBag from /home/airflow/.local/lib/python3.6/site-packages/airflow/example_dags/tutorial_taskflow_api_etl.py
[2026-09-23 11:54:51,741] {scheduler_job.py:639} INFO - DAG(s) dict_keys(['tutorial_taskflow_api_etl']) retrieved from /home/airflow/.local/lib/python3.6/site-packages/airflow/example_dags/tutorial_taskflow_api_etl.py
[2026-09-23 11:54:51,773] {logging_mixin.py:104} INFO - [2026-09-23 11:54:51,773] {dag.py:1824} INFO - Sync 1 DAGs
[2026-09-23 11:54:51,794] {logging_mixin.py:104} INFO - [2026-09-23 11:54:51,794] {dag.py:2280} INFO - Setting next_dagrun for tutorial_taskflow_api_etl to None
[2026-09-23 11:54:51,817] {scheduler_job.py:190} INFO - Processing /home/airflow/.local/lib/python3.6/site-packages/airflow/example_dags/tutorial_taskflow_api_etl.py took 0.100 seconds
[2026-09-23 11:55:21,847] {scheduler_job.py:182} INFO - Started process (PID=1732) to work on /home/airflow/.local/lib/python3.6/site-packages/airflow/example_dags/tutorial_taskflow_api_etl.py
[2026-09-23 11:55:21,848] {scheduler_job.py:629} INFO - Processing file /home/airflow/.local/lib/python3.6/site-packages/airflow/example_dags/tutorial_taskflow_api_etl.py for tasks to queue
[2026-09-23 11:55:21,849] {logging_mixin.py:104} INFO - [2026-09-23 11:55:21,849] {dagbag.py:451} INFO - Filling up the DagBag from /home/airflow/.local/lib/python3.6/site-packages/airflow/example_dags/tutorial_taskflow_api_etl.py
[2026-09-23 11:55:21,866] {scheduler_job.py:639} INFO - DAG(s) dict_keys(['tutorial_taskflow_api_etl']) retrieved from /home/airflow/.local/lib/python3.6/site-packages/airflow/example_dags/tutorial_taskflow_api_etl.py
[2026-09-23 11:55:21,894] {logging_mixin.py:104} INFO - [2026-09-23 11:55:21,894] {dag.py:1824} INFO - Sync 1 DAGs
[2026-09-23 11:55:21,912] {logging_mixin.py:104} INFO - [2026-09-23 11:55:21,912] {dag.py:2280} INFO - Setting next_dagrun for tutorial_taskflow_api_etl to None
[2026-09-23 11:55:21,930] {scheduler_job.py:190} INFO - Processing /home/airflow/.local/lib/python3.6/site-packages/airflow/example_dags/tutorial_taskflow_api_etl.py took 0.087 seconds
[2026-09-23 11:55:52,612] {scheduler_job.py:182} INFO - Started process (PID=1758) to work on /home/airflow/.local/lib/python3.6/site-packages/airflow/example_dags/tutorial_taskflow_api_etl.py
[2026-09-23 11:55:52,613] {scheduler_job.py:629} INFO - Processing file /home/airflow/.local/lib/python3.6/site-packages/airflow/example_dags/tutorial_taskflow_api_etl.py for tasks to queue
[2026-09-23 11:55:52,614] {logging_mixin.py:104} INFO - [2026-09-23 11:55:52,614] {dagbag.py:451} INFO - Filling up the DagBag from /home/airflow/.local/lib/python3.6/site-packages/airflow/example_dags/tutorial_taskflow_api_etl.py
[2026-09-23 11:55:52,630] {scheduler_job.py:639} INFO - DAG(s) dict_keys(['tutorial_taskflow_api_etl']) retrieved from /home/airflow/.local/lib/python3.6/site-packages/airflow/example_dags/tutorial_taskflow_api_etl.py
[2026-09-23 11:55:52,664] {logging_mixin.py:104} INFO - [2026-09-23 11:55:52,664] {dag.py:1824} INFO - Sync 1 DAGs
[2026-09-23 11:55:52,683] {logging_mixin.py:104} INFO - [2026-09-23 11:55:52,683] {dag.py:2280} INFO - Setting next_dagrun for tutorial_taskflow_api_etl to None
[2026-09-23 11:55:52,701] {scheduler_job.py:190} INFO - Processing /home/airflow/.local/lib/python3.6/site-packages/airflow/example_dags/tutorial_taskflow_api_etl.py took 0.093 seconds
[2026-09-23 11:56:23,374] {scheduler_job.py:182} INFO - Started process (PID=1784) to work on /home/airflow/.local/lib/python3.6/site-packages/airflow/example_dags/tutorial_taskflow_api_etl.py
[2026-09-23 11:56:23,376] {scheduler_job.py:629} INFO - Processing file /home/airflow/.local/lib/python3.6/site-packages/airflow/example_dags/tutorial_taskflow_api_etl.py for tasks to queue
[2026-09-23 11:56:23,377] {logging_mixin.py:104} INFO - [2026-09-23 11:56:23,377] {dagbag.py:451} INFO - Filling up the DagBag from /home/airflow/.local/lib/python3.6/site-packages/airflow/example_dags/tutorial_taskflow_api_etl.py
[2026-09-23 11:56:23,406] {scheduler_job.py:639} INFO - DAG(s) dict_keys(['tutorial_taskflow_api_etl']) retrieved from /home/airflow/.local/lib/python3.6/site-packages/airflow/example_dags/tutorial_taskflow_api_etl.py
[2026-09-23 11:56:23,450] {logging_mixin.py:104} INFO - [2026-09-23 11:56:23,449] {dag.py:1824} INFO - Sync 1 DAGs
[2026-09-23 11:56:23,486] {logging_mixin.py:104} INFO - [2026-09-23 11:56:23,485] {dag.py:2280} INFO - Setting next_dagrun for tutorial_taskflow_api_etl to None
[2026-09-23 11:56:23,511] {scheduler_job.py:190} INFO - Processing /home/airflow/.local/lib/python3.6/site-packages/airflow/example_dags/tutorial_taskflow_api_etl.py took 0.143 seconds
[2026-09-23 11:56:54,129] {scheduler_job.py:182} INFO - Started process (PID=1810) to work on /home/airflow/.local/lib/python3.6/site-packages/airflow/example_dags/tutorial_taskflow_api_etl.py
[2026-09-23 11:56:54,135] {scheduler_job.py:629} INFO - Processing file /home/airflow/.local/lib/python3.6/site-packages/airflow/example_dags/tutorial_taskflow_api_etl.py for tasks to queue
[2026-09-23 11:56:54,136] {logging_mixin.py:104} INFO - [2026-09-23 11:56:54,136] {dagbag.py:451} INFO - Filling up the DagBag from /home/airflow/.local/lib/python3.6/site-packages/airflow/example_dags/tutorial_taskflow_api_etl.py
[2026-09-23 11:56:54,169] {scheduler_job.py:639} INFO - DAG(s) dict_keys(['tutorial_taskflow_api_etl']) retrieved from /home/airflow/.local/lib/python3.6/site-packages/airflow/example_dags/tutorial_taskflow_api_etl.py
[2026-09-23 11:56:54,207] {logging_mixin.py:104} INFO - [2026-09-23 11:56:54,207] {dag.py:1824} INFO - Sync 1 DAGs
[2026-09-23 11:56:54,233] {logging_mixin.py:104} INFO - [2026-09-23 11:56:54,232] {dag.py:2280} INFO - Setting next_dagrun for tutorial_taskflow_api_etl to None
[2026-09-23 11:56:54,251] {scheduler_job.py:190} INFO - Processing /home/airflow/.local/lib/python3.6/site-packages/airflow/example_dags/tutorial_taskflow_api_etl.py took 0.127 seconds
[2026-09-23 11:57:24,691] {scheduler_job.py:182} INFO - Started process (PID=1836) to work on /home/airflow/.local/lib/python3.6/site-packages/airflow/example_dags/tutorial_taskflow_api_etl.py
[2026-09-23 11:57:24,693] {scheduler_job.py:629} INFO - Processing file /home/airflow/.local/lib/python3.6/site-packages/airflow/example_dags/tutorial_taskflow_api_etl.py for tasks to queue
[2026-09-23 11:57:24,694] {logging_mixin.py:104} INFO - [2026-09-23 11:57:24,694] {dagbag.py:451} INFO - Filling up the DagBag from /home/airflow/.local/lib/python3.6/site-packages/airflow/example_dags/tutorial_taskflow_api_etl.py
[2026-09-23 11:57:24,713] {scheduler_job.py:639} INFO - DAG(s) dict_keys(['tutorial_taskflow_api_etl']) retrieved from /home/airflow/.local/lib/python3.6/site-packages/airflow/example_dags/tutorial_taskflow_api_etl.py
[2026-09-23 11:57:24,745] {logging_mixin.py:104} INFO - [2026-09-23 11:57:24,744] {dag.py:1824} INFO - Sync 1 DAGs
[2026-09-23 11:57:24,773] {logging_mixin.py:104} INFO - [2026-09-23 11:57:24,773] {dag.py:2280} INFO - Setting next_dagrun for tutorial_taskflow_api_etl to None
[2026-09-23 11:57:24,796] {scheduler_job.py:190} INFO - Processing /home/airflow/.local/lib/python3.6/site-packages/airflow/example_dags/tutorial_taskflow_api_etl.py took 0.108 seconds
[2026-09-23 11:57:55,471] {scheduler_job.py:182} INFO - Started process (PID=1862) to work on /home/airflow/.local/lib/python3.6/site-packages/airflow/example_dags/tutorial_taskflow_api_etl.py
[2026-09-23 11:57:55,472] {scheduler_job.py:629} INFO - Processing file /home/airflow/.local/lib/python3.6/site-packages/airflow/example_dags/tutorial_taskflow_api_etl.py for tasks to queue
[2026-09-23 11:57:55,473] {logging_mixin.py:104} INFO - [2026-09-23 11:57:55,473] {dagbag.py:451} INFO - Filling up the DagBag from /home/airflow/.local/lib/python3.6/site-packages/airflow/example_dags/tutorial_taskflow_api_etl.py
[2026-09-23 11:57:55,493] {scheduler_job.py:639} INFO - DAG(s) dict_keys(['tutorial_taskflow_api_etl']) retrieved from /home/airflow/.local/lib/python3.6/site-packages/airflow/example_dags/tutorial_taskflow_api_etl.py
[2026-09-23 11:57:55,526] {logging_mixin.py:104} INFO - [2026-09-23 11:57:55,525] {dag.py:1824} INFO - Sync 1 DAGs
[2026-09-23 11:57:55,551] {logging_mixin.py:104} INFO - [2026-09-23 11:57:55,551] {dag.py:2280} INFO - Setting next_dagrun for tutorial_taskflow_api_etl to None
[2026-09-23 11:57:55,578] {scheduler_job.py:190} INFO - Processing /home/airflow/.local/lib/python3.6/site-packages/airflow/example_dags/tutorial_taskflow_api_etl.py took 0.112 seconds
[2026-09-23 11:58:25,646] {scheduler_job.py:182} INFO - Started process (PID=1888) to work on /home/airflow/.local/lib/python3.6/site-packages/airflow/example_dags/tutorial_taskflow_api_etl.py
[2026-09-23 11:58:25,648] {scheduler_job.py:629} INFO - Processing file /home/airflow/.local/lib/python3.6/site-packages/airflow/example_dags/tutorial_taskflow_api_etl.py for tasks to queue
[2026-09-23 11:58:25,649] {logging_mixin.py:104} INFO - [2026-09-23 11:58:25,649] {dagbag.py:451} INFO - Filling up the DagBag from /home/airflow/.local/lib/python3.6/site-packages/airflow/example_dags/tutorial_taskflow_api_etl.py
[2026-09-23 11:58:25,673] {scheduler_job.py:639} INFO - DAG(s) dict_keys(['tutorial_taskflow_api_etl']) retrieved from /home/airflow/.local/lib/python3.6/site-packages/airflow/example_dags/tutorial_taskflow_api_etl.py
[2026-09-23 11:58:25,727] {logging_mixin.py:104} INFO - [2026-09-23 11:58:25,727] {dag.py:1824} INFO - Sync 1 DAGs
[2026-09-23 11:58:25,761] {logging_mixin.py:104} INFO - [2026-09-23 11:58:25,761] {dag.py:2280} INFO - Setting next_dagrun for tutorial_taskflow_api_etl to None
[2026-09-23 11:58:25,793] {scheduler_job.py:190} INFO - Processing /home/airflow/.local/lib/python3.6/site-packages/airflow/example_dags/tutorial_taskflow_api_etl.py took 0.153 seconds
[2026-09-23 11:58:55,903] {scheduler_job.py:182} INFO - Started process (PID=1914) to work on /home/airflow/.local/lib/python3.6/site-packages/airflow/example_dags/tutorial_taskflow_api_etl.py
[2026-09-23 11:58:55,905] {scheduler_job.py:629} INFO - Processing file /home/airflow/.local/lib/python3.6/site-packages/airflow/example_dags/tutorial_taskflow_api_etl.py for tasks to queue
[2026-09-23 11:58:55,906] {logging_mixin.py:104} INFO - [2026-09-23 11:58:55,906] {dagbag.py:451} INFO - Filling up the DagBag from /home/airflow/.local/lib/python3.6/site-packages/airflow/example_dags/tutorial_taskflow_api_etl.py
[2026-09-23 11:58:55,932] {scheduler_job.py:639} INFO - DAG(s) dict_keys(['tutorial_taskflow_api_etl']) retrieved from /home/airflow/.local/lib/python3.6/site-packages/airflow/example_dags/tutorial_taskflow_api_etl.py
[2026-09-23 11:58:55,974] {logging_mixin.py:104} INFO - [2026-09-23 11:58:55,974] {dag.py:1824} INFO - Sync 1 DAGs
[2026-09-23 11:58:56,001] {logging_mixin.py:104} INFO - [2026-09-23 11:58:56,001] {dag.py:2280} INFO - Setting next_dagrun for tutorial_taskflow_api_etl to None
[2026-09-23 11:58:56,028] {scheduler_job.py:190} INFO - Processing /home/airflow/.local/lib/python3.6/site-packages/airflow/example_dags/tutorial_taskflow_api_etl.py took 0.130 seconds
[2026-09-23 11:59:26,671] {scheduler_job.py:182} INFO - Started process (PID=1936) to work on /home/airflow/.local/lib/python3.6/site-packages/airflow/example_dags/tutorial_taskflow_api_etl.py
[2026-09-23 11:59:26,673] {scheduler_job.py:629} INFO - Processing file /home/airflow/.local/lib/python3.6/site-packages/airflow/example_dags/tutorial_taskflow_api_etl.py for tasks to queue
[2026-09-23 11:59:26,674] {logging_mixin.py:104} INFO - [2026-09-23 11:59:26,674] {dagbag.py:451} INFO - Filling up the DagBag from /home/airflow/.local/lib/python3.6/site-packages/airflow/example_dags/tutorial_taskflow_api_etl.py
[2026-09-23 11:59:26,696] {scheduler_job.py:639} INFO - DAG(s) dict_keys(['tutorial_taskflow_api_etl']) retrieved from /home/airflow/.local/lib/python3.6/site-packages/airflow/example_dags/tutorial_taskflow_api_etl.py
[2026-09-23 11:59:26,731] {logging_mixin.py:104} INFO - [2026-09-23 11:59:26,731] {dag.py:1824} INFO - Sync 1 DAGs
[2026-09-23 11:59:26,754] {logging_mixin.py:104} INFO - [2026-09-23 11:59:26,754] {dag.py:2280} INFO - Setting next_dagrun for tutorial_taskflow_api_etl to None
[2026-09-23 11:59:26,772] {scheduler_job.py:190} INFO - Processing /home/airflow/.local/lib/python3.6/site-packages/airflow/example_dags/tutorial_taskflow_api_etl.py took 0.106 seconds
[2026-09-23 11:59:57,886] {scheduler_job.py:182} INFO - Started process (PID=1967) to work on /home/airflow/.local/lib/python3.6/site-packages/airflow/example_dags/tutorial_taskflow_api_etl.py
[2026-09-23 11:59:57,887] {scheduler_job.py:629} INFO - Processing file /home/airflow/.local/lib/python3.6/site-packages/airflow/example_dags/tutorial_taskflow_api_etl.py for tasks to queue
[2026-09-23 11:59:57,888] {logging_mixin.py:104} INFO - [2026-09-23 11:59:57,888] {dagbag.py:451} INFO - Filling up the DagBag from /home/airflow/.local/lib/python3.6/site-packages/airflow/example_dags/tutorial_taskflow_api_etl.py
[2026-09-23 11:59:57,903] {scheduler_job.py:639} INFO - DAG(s) dict_keys(['tutorial_taskflow_api_etl']) retrieved from /home/airflow/.local/lib/python3.6/site-packages/airflow/example_dags/tutorial_taskflow_api_etl.py
[2026-09-23 11:59:57,929] {logging_mixin.py:104} INFO - [2026-09-23 11:59:57,929] {dag.py:1824} INFO - Sync 1 DAGs
[2026-09-23 11:59:57,946] {logging_mixin.py:104} INFO - [2026-09-23 11:59:57,946] {dag.py:2280} INFO - Setting next_dagrun for tutorial_taskflow_api_etl to None
[2026-09-23 11:59:57,963] {scheduler_job.py:190} INFO - Processing /home/airflow/.local/lib/python3.6/site-packages/airflow/example_dags/tutorial_taskflow_api_etl.py took 0.082 seconds
[2026-09-23 12:00:28,591] {scheduler_job.py:182} INFO - Started process (PID=1993) to work on /home/airflow/.local/lib/python3.6/site-packages/airflow/example_dags/tutorial_taskflow_api_etl.py
[2026-09-23 12:00:28,592] {scheduler_job.py:629} INFO - Processing file /home/airflow/.local/lib/python3.6/site-packages/airflow/example_dags/tutorial_taskflow_api_etl.py for tasks to queue
[2026-09-23 12:00:28,593] {logging_mixin.py:104} INFO - [2026-09-23 12:00:28,593] {dagbag.py:451} INFO - Filling up the DagBag from /home/airflow/.local/lib/python3.6/site-packages/airflow/example_dags/tutorial_taskflow_api_etl.py
[2026-09-23 12:00:28,610] {scheduler_job.py:639} INFO - DAG(s) dict_keys(['tutorial_taskflow_api_etl']) retrieved from /home/airflow/.local/lib/python3.6/site-packages/airflow/example_dags/tutorial_taskflow_api_etl.py
[2026-09-23 12:00:28,643] {logging_mixin.py:104} INFO - [2026-09-23 12:00:28,643] {dag.py:1824} INFO - Sync 1 DAGs
[2026-09-23 12:00:28,663] {logging_mixin.py:104} INFO - [2026-09-23 12:00:28,663] {dag.py:2280} INFO - Setting next_dagrun for tutorial_taskflow_api_etl to None
[2026-09-23 12:00:28,681] {scheduler_job.py:190} INFO - Processing /home/airflow/.local/lib/python3.6/site-packages/airflow/example_dags/tutorial_taskflow_api_etl.py took 0.095 seconds
[2026-09-23 12:00:59,014] {scheduler_job.py:182} INFO - Started process (PID=2019) to work on /home/airflow/.local/lib/python3.6/site-packages/airflow/example_dags/tutorial_taskflow_api_etl.py
[2026-09-23 12:00:59,016] {scheduler_job.py:629} INFO - Processing file /home/airflow/.local/lib/python3.6/site-packages/airflow/example_dags/tutorial_taskflow_api_etl.py for tasks to queue
[2026-09-23 12:00:59,017] {logging_mixin.py:104} INFO - [2026-09-23 12:00:59,016] {dagbag.py:451} INFO - Filling up the DagBag from /home/airflow/.local/lib/python3.6/site-packages/airflow/example_dags/tutorial_taskflow_api_etl.py
[2026-09-23 12:00:59,034] {scheduler_job.py:639} INFO - DAG(s) dict_keys(['tutorial_taskflow_api_etl']) retrieved from /home/airflow/.local/lib/python3.6/site-packages/airflow/example_dags/tutorial_taskflow_api_etl.py
[2026-09-23 12:00:59,069] {logging_mixin.py:104} INFO - [2026-09-23 12:00:59,069] {dag.py:1824} INFO - Sync 1 DAGs
[2026-09-23 12:00:59,092] {logging_mixin.py:104} INFO - [2026-09-23 12:00:59,092] {dag.py:2280} INFO - Setting next_dagrun for tutorial_taskflow_api_etl to None
[2026-09-23 12:00:59,108] {scheduler_job.py:190} INFO - Processing /home/airflow/.local/lib/python3.6/site-packages/airflow/example_dags/tutorial_taskflow_api_etl.py took 0.097 seconds
[2026-09-23 12:01:29,648] {scheduler_job.py:182} INFO - Started process (PID=2045) to work on /home/airflow/.local/lib/python3.6/site-packages/airflow/example_dags/tutorial_taskflow_api_etl.py
[2026-09-23 12:01:29,650] {scheduler_job.py:629} INFO - Processing file /home/airflow/.local/lib/python3.6/site-packages/airflow/example_dags/tutorial_taskflow_api_etl.py for tasks to queue
[2026-09-23 12:01:29,650] {logging_mixin.py:104} INFO - [2026-09-23 12:01:29,650] {dagbag.py:451} INFO - Filling up the DagBag from /home/airflow/.local/lib/python3.6/site-packages/airflow/example_dags/tutorial_taskflow_api_etl.py
[2026-09-23 12:01:29,668] {scheduler_job.py:639} INFO - DAG(s) dict_keys(['tutorial_taskflow_api_etl']) retrieved from /home/airflow/.local/lib/python3.6/site-packages/airflow/example_dags/tutorial_taskflow_api_etl.py
[2026-09-23 12:01:29,701] {logging_mixin.py:104} INFO - [2026-09-23 12:01:29,701] {dag.py:1824} INFO - Sync 1 DAGs
[2026-09-23 12:01:29,724] {logging_mixin.py:104} INFO - [2026-09-23 12:01:29,724] {dag.py:2280} INFO - Setting next_dagrun for tutorial_taskflow_api_etl to None
[2026-09-23 12:01:29,743] {scheduler_job.py:190} INFO - Processing /home/airflow/.local/lib/python3.6/site-packages/airflow/example_dags/tutorial_taskflow_api_etl.py took 0.099 seconds
[2026-09-23 12:02:00,337] {scheduler_job.py:182} INFO - Started process (PID=2071) to work on /home/airflow/.local/lib/python3.6/site-packages/airflow/example_dags/tutorial_taskflow_api_etl.py
[2026-09-23 12:02:00,339] {scheduler_job.py:629} INFO - Processing file /home/airflow/.local/lib/python3.6/site-packages/airflow/example_dags/tutorial_taskflow_api_etl.py for tasks to queue
[2026-09-23 12:02:00,340] {logging_mixin.py:104} INFO - [2026-09-23 12:02:00,340] {dagbag.py:451} INFO - Filling up the DagBag from /home/airflow/.local/lib/python3.6/site-packages/airflow/example_dags/tutorial_taskflow_api_etl.py
[2026-09-23 12:02:00,362] {scheduler_job.py:639} INFO - DAG(s) dict_keys(['tutorial_taskflow_api_etl']) retrieved from /home/airflow/.local/lib/python3.6/site-packages/airflow/example_dags/tutorial_taskflow_api_etl.py
[2026-09-23 12:02:00,390] {logging_mixin.py:104} INFO - [2026-09-23 12:02:00,390] {dag.py:1824} INFO - Sync 1 DAGs
[2026-09-23 12:02:00,410] {logging_mixin.py:104} INFO - [2026-09-23 12:02:00,410] {dag.py:2280} INFO - Setting next_dagrun for tutorial_taskflow_api_etl to None
[2026-09-23 12:02:00,426] {scheduler_job.py:190} INFO - Processing /home/airflow/.local/lib/python3.6/site-packages/airflow/example_dags/tutorial_taskflow_api_etl.py took 0.095 seconds
[2026-09-23 12:02:31,246] {scheduler_job.py:182} INFO - Started process (PID=2097) to work on /home/airflow/.local/lib/python3.6/site-packages/airflow/example_dags/tutorial_taskflow_api_etl.py
[2026-09-23 12:02:31,248] {scheduler_job.py:629} INFO - Processing file /home/airflow/.local/lib/python3.6/site-packages/airflow/example_dags/tutorial_taskflow_api_etl.py for tasks to queue
[2026-09-23 12:02:31,249] {logging_mixin.py:104} INFO - [2026-09-23 12:02:31,249] {dagbag.py:451} INFO - Filling up the DagBag from /home/airflow/.local/lib/python3.6/site-packages/airflow/example_dags/tutorial_taskflow_api_etl.py
[2026-09-23 12:02:31,275] {scheduler_job.py:639} INFO - DAG(s) dict_keys(['tutorial_taskflow_api_etl']) retrieved from /home/airflow/.local/lib/python3.6/site-packages/airflow/example_dags/tutorial_taskflow_api_etl.py
[2026-09-23 12:02:31,314] {logging_mixin.py:104} INFO - [2026-09-23 12:02:31,314] {dag.py:1824} INFO - Sync 1 DAGs
[2026-09-23 12:02:31,343] {logging_mixin.py:104} INFO - [2026-09-23 12:02:31,343] {dag.py:2280} INFO - Setting next_dagrun for tutorial_taskflow_api_etl to None
[2026-09-23 12:02:31,371] {scheduler_job.py:190} INFO - Processing /home/airflow/.local/lib/python3.6/site-packages/airflow/example_dags/tutorial_taskflow_api_etl.py took 0.130 seconds
[2026-09-23 12:03:02,206] {scheduler_job.py:182} INFO - Started process (PID=2123) to work on /home/airflow/.local/lib/python3.6/site-packages/airflow/example_dags/tutorial_taskflow_api_etl.py
[2026-09-23 12:03:02,208] {scheduler_job.py:629} INFO - Processing file /home/airflow/.local/lib/python3.6/site-packages/airflow/example_dags/tutorial_taskflow_api_etl.py for tasks to queue
[2026-09-23 12:03:02,209] {logging_mixin.py:104} INFO - [2026-09-23 12:03:02,208] {dagbag.py:451} INFO - Filling up the DagBag from /home/airflow/.local/lib/python3.6/site-packages/airflow/example_dags/tutorial_taskflow_api_etl.py
[2026-09-23 12:03:02,232] {scheduler_job.py:639} INFO - DAG(s) dict_keys(['tutorial_taskflow_api_etl']) retrieved from /home/airflow/.local/lib/python3.6/site-packages/airflow/example_dags/tutorial_taskflow_api_etl.py
[2026-09-23 12:03:02,264] {logging_mixin.py:104} INFO - [2026-09-23 12:03:02,264] {dag.py:1824} INFO - Sync 1 DAGs
[2026-09-23 12:03:02,290] {logging_mixin.py:104} INFO - [2026-09-23 12:03:02,290] {dag.py:2280} INFO - Setting next_dagrun for tutorial_taskflow_api_etl to None
[2026-09-23 12:03:02,315] {scheduler_job.py:190} INFO - Processing /home/airflow/.local/lib/python3.6/site-packages/airflow/example_dags/tutorial_taskflow_api_etl.py took 0.113 seconds
[2026-09-23 12:03:33,136] {scheduler_job.py:182} INFO - Started process (PID=2149) to work on /home/airflow/.local/lib/python3.6/site-packages/airflow/example_dags/tutorial_taskflow_api_etl.py
[2026-09-23 12:03:33,137] {scheduler_job.py:629} INFO - Processing file /home/airflow/.local/lib/python3.6/site-packages/airflow/example_dags/tutorial_taskflow_api_etl.py for tasks to queue
[2026-09-23 12:03:33,138] {logging_mixin.py:104} INFO - [2026-09-23 12:03:33,138] {dagbag.py:451} INFO - Filling up the DagBag from /home/airflow/.local/lib/python3.6/site-packages/airflow/example_dags/tutorial_taskflow_api_etl.py
[2026-09-23 12:03:33,155] {scheduler_job.py:639} INFO - DAG(s) dict_keys(['tutorial_taskflow_api_etl']) retrieved from /home/airflow/.local/lib/python3.6/site-packages/airflow/example_dags/tutorial_taskflow_api_etl.py
[2026-09-23 12:03:33,185] {logging_mixin.py:104} INFO - [2026-09-23 12:03:33,185] {dag.py:1824} INFO - Sync 1 DAGs
[2026-09-23 12:03:33,208] {logging_mixin.py:104} INFO - [2026-09-23 12:03:33,208] {dag.py:2280} INFO - Setting next_dagrun for tutorial_taskflow_api_etl to None
[2026-09-23 12:03:33,233] {scheduler_job.py:190} INFO - Processing /home/airflow/.local/lib/python3.6/site-packages/airflow/example_dags/tutorial_taskflow_api_etl.py took 0.102 seconds
[2026-09-23 12:04:03,957] {scheduler_job.py:182} INFO - Started process (PID=2175) to work on /home/airflow/.local/lib/python3.6/site-packages/airflow/example_dags/tutorial_taskflow_api_etl.py
[2026-09-23 12:04:03,959] {scheduler_job.py:629} INFO - Processing file /home/airflow/.local/lib/python3.6/site-packages/airflow/example_dags/tutorial_taskflow_api_etl.py for tasks to queue
[2026-09-23 12:04:03,959] {logging_mixin.py:104} INFO - [2026-09-23 12:04:03,959] {dagbag.py:451} INFO - Filling up the DagBag from /home/airflow/.local/lib/python3.6/site-packages/airflow/example_dags/tutorial_taskflow_api_etl.py
[2026-09-23 12:04:03,979] {scheduler_job.py:639} INFO - DAG(s) dict_keys(['tutorial_taskflow_api_etl']) retrieved from /home/airflow/.local/lib/python3.6/site-packages/airflow/example_dags/tutorial_taskflow_api_etl.py
[2026-09-23 12:04:04,008] {logging_mixin.py:104} INFO - [2026-09-23 12:04:04,007] {dag.py:1824} INFO - Sync 1 DAGs
[2026-09-23 12:04:04,028] {logging_mixin.py:104} INFO - [2026-09-23 12:04:04,027] {dag.py:2280} INFO - Setting next_dagrun for tutorial_taskflow_api_etl to None
[2026-09-23 12:04:04,046] {scheduler_job.py:190} INFO - Processing /home/airflow/.local/lib/python3.6/site-packages/airflow/example_dags/tutorial_taskflow_api_etl.py took 0.093 seconds
[2026-09-23 12:04:34,177] {scheduler_job.py:182} INFO - Started process (PID=2196) to work on /home/airflow/.local/lib/python3.6/site-packages/airflow/example_dags/tutorial_taskflow_api_etl.py
[2026-09-23 12:04:34,180] {scheduler_job.py:629} INFO - Processing file /home/airflow/.local/lib/python3.6/site-packages/airflow/example_dags/tutorial_taskflow_api_etl.py for tasks to queue
[2026-09-23 12:04:34,182] {logging_mixin.py:104} INFO - [2026-09-23 12:04:34,181] {dagbag.py:451} INFO - Filling up the DagBag from /home/airflow/.local/lib/python3.6/site-packages/airflow/example_dags/tutorial_taskflow_api_etl.py
[2026-09-23 12:04:34,211] {scheduler_job.py:639} INFO - DAG(s) dict_keys(['tutorial_taskflow_api_etl']) retrieved from /home/airflow/.local/lib/python3.6/site-packages/airflow/example_dags/tutorial_taskflow_api_etl.py
[2026-09-23 12:04:34,261] {logging_mixin.py:104} INFO - [2026-09-23 12:04:34,261] {dag.py:1824} INFO - Sync 1 DAGs
[2026-09-23 12:04:34,293] {logging_mixin.py:104} INFO - [2026-09-23 12:04:34,292] {dag.py:2280} INFO - Setting next_dagrun for tutorial_taskflow_api_etl to None
[2026-09-23 12:04:34,324] {scheduler_job.py:190} INFO - Processing /home/airflow/.local/lib/python3.6/site-packages/airflow/example_dags/tutorial_taskflow_api_etl.py took 0.152 seconds
[2026-09-23 12:05:04,405] {scheduler_job.py:182} INFO - Started process (PID=2222) to work on /home/airflow/.local/lib/python3.6/site-packages/airflow/example_dags/tutorial_taskflow_api_etl.py
[2026-09-23 12:05:04,410] {scheduler_job.py:629} INFO - Processing file /home/airflow/.local/lib/python3.6/site-packages/airflow/example_dags/tutorial_taskflow_api_etl.py for tasks to queue
[2026-09-23 12:05:04,411] {logging_mixin.py:104} INFO - [2026-09-23 12:05:04,410] {dagbag.py:451} INFO - Filling up the DagBag from /home/airflow/.local/lib/python3.6/site-packages/airflow/example_dags/tutorial_taskflow_api_etl.py
[2026-09-23 12:05:04,434] {scheduler_job.py:639} INFO - DAG(s) dict_keys(['tutorial_taskflow_api_etl']) retrieved from /home/airflow/.local/lib/python3.6/site-packages/airflow/example_dags/tutorial_taskflow_api_etl.py
[2026-09-23 12:05:04,476] {logging_mixin.py:104} INFO - [2026-09-23 12:05:04,476] {dag.py:1824} INFO - Sync 1 DAGs
[2026-09-23 12:05:04,506] {logging_mixin.py:104} INFO - [2026-09-23 12:05:04,506] {dag.py:2280} INFO - Setting next_dagrun for tutorial_taskflow_api_etl to None
[2026-09-23 12:05:04,537] {scheduler_job.py:190} INFO - Processing /home/airflow/.local/lib/python3.6/site-packages/airflow/example_dags/tutorial_taskflow_api_etl.py took 0.141 seconds
[2026-09-23 12:05:36,139] {scheduler_job.py:182} INFO - Started process (PID=2253) to work on /home/airflow/.local/lib/python3.6/site-packages/airflow/example_dags/tutorial_taskflow_api_etl.py
[2026-09-23 12:05:36,142] {scheduler_job.py:629} INFO - Processing file /home/airflow/.local/lib/python3.6/site-packages/airflow/example_dags/tutorial_taskflow_api_etl.py for tasks to queue
[2026-09-23 12:05:36,145] {logging_mixin.py:104} INFO - [2026-09-23 12:05:36,145] {dagbag.py:451} INFO - Filling up the DagBag from /home/airflow/.local/lib/python3.6/site-packages/airflow/example_dags/tutorial_taskflow_api_etl.py
[2026-09-23 12:05:36,188] {scheduler_job.py:639} INFO - DAG(s) dict_keys(['tutorial_taskflow_api_etl']) retrieved from /home/airflow/.local/lib/python3.6/site-packages/airflow/example_dags/tutorial_taskflow_api_etl.py
[2026-09-23 12:05:36,240] {logging_mixin.py:104} INFO - [2026-09-23 12:05:36,240] {dag.py:1824} INFO - Sync 1 DAGs
[2026-09-23 12:05:36,273] {logging_mixin.py:104} INFO - [2026-09-23 12:05:36,273] {dag.py:2280} INFO - Setting next_dagrun for tutorial_taskflow_api_etl to None
[2026-09-23 12:05:36,300] {scheduler_job.py:190} INFO - Processing /home/airflow/.local/lib/python3.6/site-packages/airflow/example_dags/tutorial_taskflow_api_etl.py took 0.165 seconds
[2026-09-23 12:06:07,159] {scheduler_job.py:182} INFO - Started process (PID=2279) to work on /home/airflow/.local/lib/python3.6/site-packages/airflow/example_dags/tutorial_taskflow_api_etl.py
[2026-09-23 12:06:07,161] {scheduler_job.py:629} INFO - Processing file /home/airflow/.local/lib/python3.6/site-packages/airflow/example_dags/tutorial_taskflow_api_etl.py for tasks to queue
[2026-09-23 12:06:07,162] {logging_mixin.py:104} INFO - [2026-09-23 12:06:07,162] {dagbag.py:451} INFO - Filling up the DagBag from /home/airflow/.local/lib/python3.6/site-packages/airflow/example_dags/tutorial_taskflow_api_etl.py
[2026-09-23 12:06:07,200] {scheduler_job.py:639} INFO - DAG(s) dict_keys(['tutorial_taskflow_api_etl']) retrieved from /home/airflow/.local/lib/python3.6/site-packages/airflow/example_dags/tutorial_taskflow_api_etl.py
[2026-09-23 12:06:07,269] {logging_mixin.py:104} INFO - [2026-09-23 12:06:07,268] {dag.py:1824} INFO - Sync 1 DAGs
[2026-09-23 12:06:07,311] {logging_mixin.py:104} INFO - [2026-09-23 12:06:07,311] {dag.py:2280} INFO - Setting next_dagrun for tutorial_taskflow_api_etl to None
[2026-09-23 12:06:07,350] {scheduler_job.py:190} INFO - Processing /home/airflow/.local/lib/python3.6/site-packages/airflow/example_dags/tutorial_taskflow_api_etl.py took 0.206 seconds
[2026-09-23 12:06:37,781] {scheduler_job.py:182} INFO - Started process (PID=2303) to work on /home/airflow/.local/lib/python3.6/site-packages/airflow/example_dags/tutorial_taskflow_api_etl.py
[2026-09-23 12:06:37,783] {scheduler_job.py:629} INFO - Processing file /home/airflow/.local/lib/python3.6/site-packages/airflow/example_dags/tutorial_taskflow_api_etl.py for tasks to queue
[2026-09-23 12:06:37,784] {logging_mixin.py:104} INFO - [2026-09-23 12:06:37,784] {dagbag.py:451} INFO - Filling up the DagBag from /home/airflow/.local/lib/python3.6/site-packages/airflow/example_dags/tutorial_taskflow_api_etl.py
[2026-09-23 12:06:37,810] {scheduler_job.py:639} INFO - DAG(s) dict_keys(['tutorial_taskflow_api_etl']) retrieved from /home/airflow/.local/lib/python3.6/site-packages/airflow/example_dags/tutorial_taskflow_api_etl.py
[2026-09-23 12:06:37,877] {logging_mixin.py:104} INFO - [2026-09-23 12:06:37,876] {dag.py:1824} INFO - Sync 1 DAGs
[2026-09-23 12:06:37,913] {logging_mixin.py:104} INFO - [2026-09-23 12:06:37,913] {dag.py:2280} INFO - Setting next_dagrun for tutorial_taskflow_api_etl to None
[2026-09-23 12:06:37,947] {scheduler_job.py:190} INFO - Processing /home/airflow/.local/lib/python3.6/site-packages/airflow/example_dags/tutorial_taskflow_api_etl.py took 0.169 seconds
[2026-09-23 12:07:08,709] {scheduler_job.py:182} INFO - Started process (PID=2331) to work on /home/airflow/.local/lib/python3.6/site-packages/airflow/example_dags/tutorial_taskflow_api_etl.py
[2026-09-23 12:07:08,711] {scheduler_job.py:629} INFO - Processing file /home/airflow/.local/lib/python3.6/site-packages/airflow/example_dags/tutorial_taskflow_api_etl.py for tasks to queue
[2026-09-23 12:07:08,712] {logging_mixin.py:104} INFO - [2026-09-23 12:07:08,712] {dagbag.py:451} INFO - Filling up the DagBag from /home/airflow/.local/lib/python3.6/site-packages/airflow/example_dags/tutorial_taskflow_api_etl.py
[2026-09-23 12:07:08,731] {scheduler_job.py:639} INFO - DAG(s) dict_keys(['tutorial_taskflow_api_etl']) retrieved from /home/airflow/.local/lib/python3.6/site-packages/airflow/example_dags/tutorial_taskflow_api_etl.py
[2026-09-23 12:07:08,768] {logging_mixin.py:104} INFO - [2026-09-23 12:07:08,768] {dag.py:1824} INFO - Sync 1 DAGs
[2026-09-23 12:07:08,789] {logging_mixin.py:104} INFO - [2026-09-23 12:07:08,789] {dag.py:2280} INFO - Setting next_dagrun for tutorial_taskflow_api_etl to None
[2026-09-23 12:07:08,806] {scheduler_job.py:190} INFO - Processing /home/airflow/.local/lib/python3.6/site-packages/airflow/example_dags/tutorial_taskflow_api_etl.py took 0.102 seconds
[2026-09-23 12:07:39,554] {scheduler_job.py:182} INFO - Started process (PID=2357) to work on /home/airflow/.local/lib/python3.6/site-packages/airflow/example_dags/tutorial_taskflow_api_etl.py
[2026-09-23 12:07:39,555] {scheduler_job.py:629} INFO - Processing file /home/airflow/.local/lib/python3.6/site-packages/airflow/example_dags/tutorial_taskflow_api_etl.py for tasks to queue
[2026-09-23 12:07:39,556] {logging_mixin.py:104} INFO - [2026-09-23 12:07:39,556] {dagbag.py:451} INFO - Filling up the DagBag from /home/airflow/.local/lib/python3.6/site-packages/airflow/example_dags/tutorial_taskflow_api_etl.py
[2026-09-23 12:07:39,575] {scheduler_job.py:639} INFO - DAG(s) dict_keys(['tutorial_taskflow_api_etl']) retrieved from /home/airflow/.local/lib/python3.6/site-packages/airflow/example_dags/tutorial_taskflow_api_etl.py
[2026-09-23 12:07:39,612] {logging_mixin.py:104} INFO - [2026-09-23 12:07:39,611] {dag.py:1824} INFO - Sync 1 DAGs
[2026-09-23 12:07:39,642] {logging_mixin.py:104} INFO - [2026-09-23 12:07:39,642] {dag.py:2280} INFO - Setting next_dagrun for tutorial_taskflow_api_etl to None
[2026-09-23 12:07:39,666] {scheduler_job.py:190} INFO - Processing /home/airflow/.local/lib/python3.6/site-packages/airflow/example_dags/tutorial_taskflow_api_etl.py took 0.117 seconds
[2026-09-23 12:08:10,242] {scheduler_job.py:182} INFO - Started process (PID=2383) to work on /home/airflow/.local/lib/python3.6/site-packages/airflow/example_dags/tutorial_taskflow_api_etl.py
[2026-09-23 12:08:10,243] {scheduler_job.py:629} INFO - Processing file /home/airflow/.local/lib/python3.6/site-packages/airflow/example_dags/tutorial_taskflow_api_etl.py for tasks to queue
[2026-09-23 12:08:10,244] {logging_mixin.py:104} INFO - [2026-09-23 12:08:10,244] {dagbag.py:451} INFO - Filling up the DagBag from /home/airflow/.local/lib/python3.6/site-packages/airflow/example_dags/tutorial_taskflow_api_etl.py
[2026-09-23 12:08:10,264] {scheduler_job.py:639} INFO - DAG(s) dict_keys(['tutorial_taskflow_api_etl']) retrieved from /home/airflow/.local/lib/python3.6/site-packages/airflow/example_dags/tutorial_taskflow_api_etl.py
[2026-09-23 12:08:10,295] {logging_mixin.py:104} INFO - [2026-09-23 12:08:10,295] {dag.py:1824} INFO - Sync 1 DAGs
[2026-09-23 12:08:10,314] {logging_mixin.py:104} INFO - [2026-09-23 12:08:10,314] {dag.py:2280} INFO - Setting next_dagrun for tutorial_taskflow_api_etl to None
[2026-09-23 12:08:10,334] {scheduler_job.py:190} INFO - Processing /home/airflow/.local/lib/python3.6/site-packages/airflow/example_dags/tutorial_taskflow_api_etl.py took 0.096 seconds
[2026-09-23 12:08:40,865] {scheduler_job.py:182} INFO - Started process (PID=2409) to work on /home/airflow/.local/lib/python3.6/site-packages/airflow/example_dags/tutorial_taskflow_api_etl.py
[2026-09-23 12:08:40,866] {scheduler_job.py:629} INFO - Processing file /home/airflow/.local/lib/python3.6/site-packages/airflow/example_dags/tutorial_taskflow_api_etl.py for tasks to queue
[2026-09-23 12:08:40,867] {logging_mixin.py:104} INFO - [2026-09-23 12:08:40,867] {dagbag.py:451} INFO - Filling up the DagBag from /home/airflow/.local/lib/python3.6/site-packages/airflow/example_dags/tutorial_taskflow_api_etl.py
[2026-09-23 12:08:40,884] {scheduler_job.py:639} INFO - DAG(s) dict_keys(['tutorial_taskflow_api_etl']) retrieved from /home/airflow/.local/lib/python3.6/site-packages/airflow/example_dags/tutorial_taskflow_api_etl.py
[2026-09-23 12:08:40,916] {logging_mixin.py:104} INFO - [2026-09-23 12:08:40,916] {dag.py:1824} INFO - Sync 1 DAGs
[2026-09-23 12:08:40,942] {logging_mixin.py:104} INFO - [2026-09-23 12:08:40,942] {dag.py:2280} INFO - Setting next_dagrun for tutorial_taskflow_api_etl to None
[2026-09-23 12:08:40,964] {scheduler_job.py:190} INFO - Processing /home/airflow/.local/lib/python3.6/site-packages/airflow/example_dags/tutorial_taskflow_api_etl.py took 0.103 seconds
[2026-09-23 12:09:11,733] {scheduler_job.py:182} INFO - Started process (PID=2435) to work on /home/airflow/.local/lib/python3.6/site-packages/airflow/example_dags/tutorial_taskflow_api_etl.py
[2026-09-23 12:09:11,735] {scheduler_job.py:629} INFO - Processing file /home/airflow/.local/lib/python3.6/site-packages/airflow/example_dags/tutorial_taskflow_api_etl.py for tasks to queue
[2026-09-23 12:09:11,736] {logging_mixin.py:104} INFO - [2026-09-23 12:09:11,736] {dagbag.py:451} INFO - Filling up the DagBag from /home/airflow/.local/lib/python3.6/site-packages/airflow/example_dags/tutorial_taskflow_api_etl.py
[2026-09-23 12:09:11,755] {scheduler_job.py:639} INFO - DAG(s) dict_keys(['tutorial_taskflow_api_etl']) retrieved from /home/airflow/.local/lib/python3.6/site-packages/airflow/example_dags/tutorial_taskflow_api_etl.py
[2026-09-23 12:09:11,787] {logging_mixin.py:104} INFO - [2026-09-23 12:09:11,786] {dag.py:1824} INFO - Sync 1 DAGs
[2026-09-23 12:09:11,807] {logging_mixin.py:104} INFO - [2026-09-23 12:09:11,807] {dag.py:2280} INFO - Setting next_dagrun for tutorial_taskflow_api_etl to None
[2026-09-23 12:09:11,828] {scheduler_job.py:190} INFO - Processing /home/airflow/.local/lib/python3.6/site-packages/airflow/example_dags/tutorial_taskflow_api_etl.py took 0.100 seconds
[2026-09-23 12:09:41,898] {scheduler_job.py:182} INFO - Started process (PID=2460) to work on /home/airflow/.local/lib/python3.6/site-packages/airflow/example_dags/tutorial_taskflow_api_etl.py
[2026-09-23 12:09:41,903] {scheduler_job.py:629} INFO - Processing file /home/airflow/.local/lib/python3.6/site-packages/airflow/example_dags/tutorial_taskflow_api_etl.py for tasks to queue
[2026-09-23 12:09:41,904] {logging_mixin.py:104} INFO - [2026-09-23 12:09:41,904] {dagbag.py:451} INFO - Filling up the DagBag from /home/airflow/.local/lib/python3.6/site-packages/airflow/example_dags/tutorial_taskflow_api_etl.py
[2026-09-23 12:09:41,931] {scheduler_job.py:639} INFO - DAG(s) dict_keys(['tutorial_taskflow_api_etl']) retrieved from /home/airflow/.local/lib/python3.6/site-packages/airflow/example_dags/tutorial_taskflow_api_etl.py
[2026-09-23 12:09:41,978] {logging_mixin.py:104} INFO - [2026-09-23 12:09:41,978] {dag.py:1824} INFO - Sync 1 DAGs
[2026-09-23 12:09:42,011] {logging_mixin.py:104} INFO - [2026-09-23 12:09:42,011] {dag.py:2280} INFO - Setting next_dagrun for tutorial_taskflow_api_etl to None
[2026-09-23 12:09:42,045] {scheduler_job.py:190} INFO - Processing /home/airflow/.local/lib/python3.6/site-packages/airflow/example_dags/tutorial_taskflow_api_etl.py took 0.161 seconds
[2026-09-23 12:10:12,361] {scheduler_job.py:182} INFO - Started process (PID=2486) to work on /home/airflow/.local/lib/python3.6/site-packages/airflow/example_dags/tutorial_taskflow_api_etl.py
[2026-09-23 12:10:12,362] {scheduler_job.py:629} INFO - Processing file /home/airflow/.local/lib/python3.6/site-packages/airflow/example_dags/tutorial_taskflow_api_etl.py for tasks to queue
[2026-09-23 12:10:12,363] {logging_mixin.py:104} INFO - [2026-09-23 12:10:12,363] {dagbag.py:451} INFO - Filling up the DagBag from /home/airflow/.local/lib/python3.6/site-packages/airflow/example_dags/tutorial_taskflow_api_etl.py
[2026-09-23 12:10:12,380] {scheduler_job.py:639} INFO - DAG(s) dict_keys(['tutorial_taskflow_api_etl']) retrieved from /home/airflow/.local/lib/python3.6/site-packages/airflow/example_dags/tutorial_taskflow_api_etl.py
[2026-09-23 12:10:12,410] {logging_mixin.py:104} INFO - [2026-09-23 12:10:12,410] {dag.py:1824} INFO - Sync 1 DAGs
[2026-09-23 12:10:12,431] {logging_mixin.py:104} INFO - [2026-09-23 12:10:12,431] {dag.py:2280} INFO - Setting next_dagrun for tutorial_taskflow_api_etl to None
[2026-09-23 12:10:12,452] {scheduler_job.py:190} INFO - Processing /home/airflow/.local/lib/python3.6/site-packages/airflow/example_dags/tutorial_taskflow_api_etl.py took 0.095 seconds
[2026-09-23 12:10:42,534] {scheduler_job.py:182} INFO - Started process (PID=2512) to work on /home/airflow/.local/lib/python3.6/site-packages/airflow/example_dags/tutorial_taskflow_api_etl.py
[2026-09-23 12:10:42,536] {scheduler_job.py:629} INFO - Processing file /home/airflow/.local/lib/python3.6/site-packages/airflow/example_dags/tutorial_taskflow_api_etl.py for tasks to queue
[2026-09-23 12:10:42,537] {logging_mixin.py:104} INFO - [2026-09-23 12:10:42,537] {dagbag.py:451} INFO - Filling up the DagBag from /home/airflow/.local/lib/python3.6/site-packages/airflow/example_dags/tutorial_taskflow_api_etl.py
[2026-09-23 12:10:42,553] {scheduler_job.py:639} INFO - DAG(s) dict_keys(['tutorial_taskflow_api_etl']) retrieved from /home/airflow/.local/lib/python3.6/site-packages/airflow/example_dags/tutorial_taskflow_api_etl.py
[2026-09-23 12:10:42,581] {logging_mixin.py:104} INFO - [2026-09-23 12:10:42,581] {dag.py:1824} INFO - Sync 1 DAGs
[2026-09-23 12:10:42,599] {logging_mixin.py:104} INFO - [2026-09-23 12:10:42,599] {dag.py:2280} INFO - Setting next_dagrun for tutorial_taskflow_api_etl to None
[2026-09-23 12:10:42,618] {scheduler_job.py:190} INFO - Processing /home/airflow/.local/lib/python3.6/site-packages/airflow/example_dags/tutorial_taskflow_api_etl.py took 0.087 seconds
[2026-09-23 12:11:13,586] {scheduler_job.py:182} INFO - Started process (PID=2539) to work on /home/airflow/.local/lib/python3.6/site-packages/airflow/example_dags/tutorial_taskflow_api_etl.py
[2026-09-23 12:11:13,588] {scheduler_job.py:629} INFO - Processing file /home/airflow/.local/lib/python3.6/site-packages/airflow/example_dags/tutorial_taskflow_api_etl.py for tasks to queue
[2026-09-23 12:11:13,590] {logging_mixin.py:104} INFO - [2026-09-23 12:11:13,589] {dagbag.py:451} INFO - Filling up the DagBag from /home/airflow/.local/lib/python3.6/site-packages/airflow/example_dags/tutorial_taskflow_api_etl.py
[2026-09-23 12:11:13,624] {scheduler_job.py:639} INFO - DAG(s) dict_keys(['tutorial_taskflow_api_etl']) retrieved from /home/airflow/.local/lib/python3.6/site-packages/airflow/example_dags/tutorial_taskflow_api_etl.py
[2026-09-23 12:11:13,673] {logging_mixin.py:104} INFO - [2026-09-23 12:11:13,673] {dag.py:1824} INFO - Sync 1 DAGs
[2026-09-23 12:11:13,701] {logging_mixin.py:104} INFO - [2026-09-23 12:11:13,701] {dag.py:2280} INFO - Setting next_dagrun for tutorial_taskflow_api_etl to None
[2026-09-23 12:11:13,723] {scheduler_job.py:190} INFO - Processing /home/airflow/.local/lib/python3.6/site-packages/airflow/example_dags/tutorial_taskflow_api_etl.py took 0.147 seconds
[2026-09-23 12:11:43,791] {scheduler_job.py:182} INFO - Started process (PID=2565) to work on /home/airflow/.local/lib/python3.6/site-packages/airflow/example_dags/tutorial_taskflow_api_etl.py
[2026-09-23 12:11:43,793] {scheduler_job.py:629} INFO - Processing file /home/airflow/.local/lib/python3.6/site-packages/airflow/example_dags/tutorial_taskflow_api_etl.py for tasks to queue
[2026-09-23 12:11:43,794] {logging_mixin.py:104} INFO - [2026-09-23 12:11:43,794] {dagbag.py:451} INFO - Filling up the DagBag from /home/airflow/.local/lib/python3.6/site-packages/airflow/example_dags/tutorial_taskflow_api_etl.py
[2026-09-23 12:11:43,815] {scheduler_job.py:639} INFO - DAG(s) dict_keys(['tutorial_taskflow_api_etl']) retrieved from /home/airflow/.local/lib/python3.6/site-packages/airflow/example_dags/tutorial_taskflow_api_etl.py
[2026-09-23 12:11:43,853] {logging_mixin.py:104} INFO - [2026-09-23 12:11:43,853] {dag.py:1824} INFO - Sync 1 DAGs
[2026-09-23 12:11:43,879] {logging_mixin.py:104} INFO - [2026-09-23 12:11:43,879] {dag.py:2280} INFO - Setting next_dagrun for tutorial_taskflow_api_etl to None
[2026-09-23 12:11:43,902] {scheduler_job.py:190} INFO - Processing /home/airflow/.local/lib/python3.6/site-packages/airflow/example_dags/tutorial_taskflow_api_etl.py took 0.116 seconds
[2026-09-23 12:12:14,245] {scheduler_job.py:182} INFO - Started process (PID=2591) to work on /home/airflow/.local/lib/python3.6/site-packages/airflow/example_dags/tutorial_taskflow_api_etl.py
[2026-09-23 12:12:14,247] {scheduler_job.py:629} INFO - Processing file /home/airflow/.local/lib/python3.6/site-packages/airflow/example_dags/tutorial_taskflow_api_etl.py for tasks to queue
[2026-09-23 12:12:14,248] {logging_mixin.py:104} INFO - [2026-09-23 12:12:14,248] {dagbag.py:451} INFO - Filling up the DagBag from /home/airflow/.local/lib/python3.6/site-packages/airflow/example_dags/tutorial_taskflow_api_etl.py
[2026-09-23 12:12:14,277] {scheduler_job.py:639} INFO - DAG(s) dict_keys(['tutorial_taskflow_api_etl']) retrieved from /home/airflow/.local/lib/python3.6/site-packages/airflow/example_dags/tutorial_taskflow_api_etl.py
[2026-09-23 12:12:14,321] {logging_mixin.py:104} INFO - [2026-09-23 12:12:14,321] {dag.py:1824} INFO - Sync 1 DAGs
[2026-09-23 12:12:14,354] {logging_mixin.py:104} INFO - [2026-09-23 12:12:14,353] {dag.py:2280} INFO - Setting next_dagrun for tutorial_taskflow_api_etl to None
[2026-09-23 12:12:14,383] {scheduler_job.py:190} INFO - Processing /home/airflow/.local/lib/python3.6/site-packages/airflow/example_dags/tutorial_taskflow_api_etl.py took 0.144 seconds
[2026-09-23 12:12:45,212] {scheduler_job.py:182} INFO - Started process (PID=2617) to work on /home/airflow/.local/lib/python3.6/site-packages/airflow/example_dags/tutorial_taskflow_api_etl.py
[2026-09-23 12:12:45,214] {scheduler_job.py:629} INFO - Processing file /home/airflow/.local/lib/python3.6/site-packages/airflow/example_dags/tutorial_taskflow_api_etl.py for tasks to queue
[2026-09-23 12:12:45,215] {logging_mixin.py:104} INFO - [2026-09-23 12:12:45,215] {dagbag.py:451} INFO - Filling up the DagBag from /home/airflow/.local/lib/python3.6/site-packages/airflow/example_dags/tutorial_taskflow_api_etl.py
[2026-09-23 12:12:45,237] {scheduler_job.py:639} INFO - DAG(s) dict_keys(['tutorial_taskflow_api_etl']) retrieved from /home/airflow/.local/lib/python3.6/site-packages/airflow/example_dags/tutorial_taskflow_api_etl.py
[2026-09-23 12:12:45,271] {logging_mixin.py:104} INFO - [2026-09-23 12:12:45,271] {dag.py:1824} INFO - Sync 1 DAGs
[2026-09-23 12:12:45,296] {logging_mixin.py:104} INFO - [2026-09-23 12:12:45,296] {dag.py:2280} INFO - Setting next_dagrun for tutorial_taskflow_api_etl to None
[2026-09-23 12:12:45,323] {scheduler_job.py:190} INFO - Processing /home/airflow/.local/lib/python3.6/site-packages/airflow/example_dags/tutorial_taskflow_api_etl.py took 0.115 seconds
[2026-09-23 12:13:16,335] {scheduler_job.py:182} INFO - Started process (PID=2643) to work on /home/airflow/.local/lib/python3.6/site-packages/airflow/example_dags/tutorial_taskflow_api_etl.py
[2026-09-23 12:13:16,337] {scheduler_job.py:629} INFO - Processing file /home/airflow/.local/lib/python3.6/site-packages/airflow/example_dags/tutorial_taskflow_api_etl.py for tasks to queue
[2026-09-23 12:13:16,338] {logging_mixin.py:104} INFO - [2026-09-23 12:13:16,338] {dagbag.py:451} INFO - Filling up the DagBag from /home/airflow/.local/lib/python3.6/site-packages/airflow/example_dags/tutorial_taskflow_api_etl.py
[2026-09-23 12:13:16,360] {scheduler_job.py:639} INFO - DAG(s) dict_keys(['tutorial_taskflow_api_etl']) retrieved from /home/airflow/.local/lib/python3.6/site-packages/airflow/example_dags/tutorial_taskflow_api_etl.py
[2026-09-23 12:13:16,392] {logging_mixin.py:104} INFO - [2026-09-23 12:13:16,392] {dag.py:1824} INFO - Sync 1 DAGs
[2026-09-23 12:13:16,414] {logging_mixin.py:104} INFO - [2026-09-23 12:13:16,413] {dag.py:2280} INFO - Setting next_dagrun for tutorial_taskflow_api_etl to None
[2026-09-23 12:13:16,434] {scheduler_job.py:190} INFO - Processing /home/airflow/.local/lib/python3.6/site-packages/airflow/example_dags/tutorial_taskflow_api_etl.py took 0.103 seconds
[2026-09-23 12:13:46,477] {scheduler_job.py:182} INFO - Started process (PID=2668) to work on /home/airflow/.local/lib/python3.6/site-packages/airflow/example_dags/tutorial_taskflow_api_etl.py
[2026-09-23 12:13:46,478] {scheduler_job.py:629} INFO - Processing file /home/airflow/.local/lib/python3.6/site-packages/airflow/example_dags/tutorial_taskflow_api_etl.py for tasks to queue
[2026-09-23 12:13:46,479] {logging_mixin.py:104} INFO - [2026-09-23 12:13:46,479] {dagbag.py:451} INFO - Filling up the DagBag from /home/airflow/.local/lib/python3.6/site-packages/airflow/example_dags/tutorial_taskflow_api_etl.py
[2026-09-23 12:13:46,497] {scheduler_job.py:639} INFO - DAG(s) dict_keys(['tutorial_taskflow_api_etl']) retrieved from /home/airflow/.local/lib/python3.6/site-packages/airflow/example_dags/tutorial_taskflow_api_etl.py
[2026-09-23 12:13:46,533] {logging_mixin.py:104} INFO - [2026-09-23 12:13:46,533] {dag.py:1824} INFO - Sync 1 DAGs
[2026-09-23 12:13:46,559] {logging_mixin.py:104} INFO - [2026-09-23 12:13:46,559] {dag.py:2280} INFO - Setting next_dagrun for tutorial_taskflow_api_etl to None
[2026-09-23 12:13:46,576] {scheduler_job.py:190} INFO - Processing /home/airflow/.local/lib/python3.6/site-packages/airflow/example_dags/tutorial_taskflow_api_etl.py took 0.103 seconds
