[2026-09-23 11:22:11,753] {scheduler_job.py:182} INFO - Started process (PID=31) to work on /home/airflow/.local/lib/python3.6/site-packages/airflow/example_dags/tutorial_etl_dag.py
[2026-09-23 11:22:11,755] {scheduler_job.py:629} INFO - Processing file /home/airflow/.local/lib/python3.6/site-packages/airflow/example_dags/tutorial_etl_dag.py for tasks to queue
[2026-09-23 11:22:11,757] {logging_mixin.py:104} INFO - [2026-09-23 11:22:11,756] {dagbag.py:451} INFO - Filling up the DagBag from /home/airflow/.local/lib/python3.6/site-packages/airflow/example_dags/tutorial_etl_dag.py
[2026-09-23 11:22:11,847] {scheduler_job.py:639} INFO - DAG(s) dict_keys(['tutorial_etl_dag']) retrieved from /home/airflow/.local/lib/python3.6/site-packages/airflow/example_dags/tutorial_etl_dag.py
[2026-09-23 11:22:11,953] {logging_mixin.py:104} INFO - [2026-09-23 11:22:11,953] {dag.py:1824} INFO - Sync 1 DAGs
[2026-09-23 11:22:11,983] {logging_mixin.py:104} INFO - [2026-09-23 11:22:11,983] {dag.py:2280} INFO - Setting next_dagrun for tutorial_etl_dag to None
[2026-09-23 11:22:12,044] {scheduler_job.py:190} INFO - Processing /home/airflow/.local/lib/python3.6/site-packages/airflow/example_dags/tutorial_etl_dag.py took 0.304 seconds
[2026-09-23 11:22:42,309] {scheduler_job.py:182} INFO - Started process (PID=56) to work on /home/airflow/.local/lib/python3.6/site-packages/airflow/example_dags/tutorial_etl_dag.py
[2026-09-23 11:22:42,310] {scheduler_job.py:629} INFO - Processing file /home/airflow/.local/lib/python3.6/site-packages/airflow/example_dags/tutorial_etl_dag.py for tasks to queue
[2026-09-23 11:22:42,311] {logging_mixin.py:104} INFO - [2026-09-23 11:22:42,311] {dagbag.py:451} INFO - Filling up the DagBag from /home/airflow/.local/lib/python3.6/site-packages/airflow/example_dags/tutorial_etl_dag.py
[2026-09-23 11:22:42,328] {scheduler_job.py:639} INFO - DAG(s) dict_keys(['tutorial_etl_dag']) retrieved from /home/airflow/.local/lib/python3.6/site-packages/airflow/example_dags/tutorial_etl_dag.py
[2026-09-23 11:22:42,351] {logging_mixin.py:104} INFO - [2026-09-23 11:22:42,351] {dag.py:1824} INFO - Sync 1 DAGs
[2026-09-23 11:22:42,369] {logging_mixin.py:104} INFO - [2026-09-23 11:22:42,369] {dag.py:2280} INFO - Setting next_dagrun for tutorial_etl_dag to None
[2026-09-23 11:22:42,385] {scheduler_job.py:190} INFO - Processing /home/airflow/.local/lib/python3.6/site-packages/airflow/example_dags/tutorial_etl_dag.py took 0.080 seconds
[2026-09-23 11:23:12,947] {scheduler_job.py:182} INFO - Started process (PID=82) to work on /home/airflow/.local/lib/python3.6/site-packages/airflow/example_dags/tutorial_etl_dag.py
[2026-09-23 11:23:12,948] {scheduler_job.py:629} INFO - Processing file /home/airflow/.local/lib/python3.6/site-packages/airflow/example_dags/tutorial_etl_dag.py for tasks to queue
[2026-09-23 11:23:12,949] {logging_mixin.py:104} INFO - [2026-09-23 11:23:12,949] {dagbag.py:451} INFO - Filling up the DagBag from /home/airflow/.local/lib/python3.6/site-packages/airflow/example_dags/tutorial_etl_dag.py
[2026-09-23 11:23:12,964] {scheduler_job.py:639} INFO - DAG(s) dict_keys(['tutorial_etl_dag']) retrieved from /home/airflow/.local/lib/python3.6/site-packages/airflow/example_dags/tutorial_etl_dag.py
[2026-09-23 11:23:12,988] {logging_mixin.py:104} INFO - [2026-09-23 11:23:12,988] {dag.py:1824} INFO - Sync 1 DAGs
[2026-09-23 11:23:13,008] {logging_mixin.py:104} INFO - [2026-09-23 11:23:13,008] {dag.py:2280} INFO - Setting next_dagrun for tutorial_etl_dag to None
[2026-09-23 11:23:13,023] {scheduler_job.py:190} INFO - Processing /home/airflow/.local/lib/python3.6/site-packages/airflow/example_dags/tutorial_etl_dag.py took 0.080 seconds
[2026-09-23 11:23:43,954] {scheduler_job.py:182} INFO - Started process (PID=108) to work on /home/airflow/.local/lib/python3.6/site-packages/airflow/example_dags/tutorial_etl_dag.py
[2026-09-23 11:23:43,956] {scheduler_job.py:629} INFO - Processing file /home/airflow/.local/lib/python3.6/site-packages/airflow/example_dags/tutorial_etl_dag.py for tasks to queue
[2026-09-23 11:23:43,958] {logging_mixin.py:104} INFO - [2026-09-23 11:23:43,957] {dagbag.py:451} INFO - Filling up the DagBag from /home/airflow/.local/lib/python3.6/site-packages/airflow/example_dags/tutorial_etl_dag.py
[2026-09-23 11:23:43,978] {scheduler_job.py:639} INFO - DAG(s) dict_keys(['tutorial_etl_dag']) retrieved from /home/airflow/.local/lib/python3.6/site-packages/airflow/example_dags/tutorial_etl_dag.py
[2026-09-23 11:23:44,009] {logging_mixin.py:104} INFO - [2026-09-23 11:23:44,009] {dag.py:1824} INFO - Sync 1 DAGs
[2026-09-23 11:23:44,033] {logging_mixin.py:104} INFO - [2026-09-23 11:23:44,033] {dag.py:2280} INFO - Setting next_dagrun for tutorial_etl_dag to None
[2026-09-23 11:23:44,052] {scheduler_job.py:190} INFO - Processing /home/airflow/.local/lib/python3.6/site-packages/airflow/example_dags/tutorial_etl_dag.py took 0.103 seconds
[2026-09-23 11:24:14,731] {scheduler_job.py:182} INFO - Started process (PID=134) to work on /home/airflow/.local/lib/python3.6/site-packages/airflow/example_dags/tutorial_etl_dag.py
[2026-09-23 11:24:14,732] {scheduler_job.py:629} INFO - Processing file /home/airflow/.local/lib/python3.6/site-packages/airflow/example_dags/tutorial_etl_dag.py for tasks to queue
[2026-09-23 11:24:14,733] {logging_mixin.py:104} INFO - [2026-09-23 11:24:14,733] {dagbag.py:451} INFO - Filling up the DagBag from /home/airflow/.local/lib/python3.6/site-packages/airflow/example_dags/tutorial_etl_dag.py
[2026-09-23 11:24:14,752] {scheduler_job.py:639} INFO - DAG(s) dict_keys(['tutorial_etl_dag']) retrieved from /home/airflow/.local/lib/python3.6/site-packages/airflow/example_dags/tutorial_etl_dag.py
[2026-09-23 11:24:14,781] {logging_mixin.py:104} INFO - [2026-09-23 11:24:14,781] {dag.py:1824} INFO - Sync 1 DAGs
[2026-09-23 11:24:14,802] {logging_mixin.py:104} INFO - [2026-09-23 11:24:14,801] {dag.py:2280} INFO - Setting next_dagrun for tutorial_etl_dag to None
[2026-09-23 11:24:14,820] {scheduler_job.py:190} INFO - Processing /home/airflow/.local/lib/python3.6/site-packages/airflow/example_dags/tutorial_etl_dag.py took 0.095 seconds
[2026-09-23 11:24:45,376] {scheduler_job.py:182} INFO - Started process (PID=160) to work on /home/airflow/.local/lib/python3.6/site-packages/airflow/example_dags/tutorial_etl_dag.py
[2026-09-23 11:24:45,378] {scheduler_job.py:629} INFO - Processing file /home/airflow/.local/lib/python3.6/site-packages/airflow/example_dags/tutorial_etl_dag.py for tasks to queue
[2026-09-23 11:24:45,378] {logging_mixin.py:104} INFO - [2026-09-23 11:24:45,378] {dagbag.py:451} INFO - Filling up the DagBag from /home/airflow/.local/lib/python3.6/site-packages/airflow/example_dags/tutorial_etl_dag.py
[2026-09-23 11:24:45,394] {scheduler_job.py:639} INFO - DAG(s) dict_keys(['tutorial_etl_dag']) retrieved from /home/airflow/.local/lib/python3.6/site-packages/airflow/example_dags/tutorial_etl_dag.py
[2026-09-23 11:24:45,418] {logging_mixin.py:104} INFO - [2026-09-23 11:24:45,418] {dag.py:1824} INFO - Sync 1 DAGs
[2026-09-23 11:24:45,436] {logging_mixin.py:104} INFO - [2026-09-23 11:24:45,436] {dag.py:2280} INFO - Setting next_dagrun for tutorial_etl_dag to None
[2026-09-23 11:24:45,453] {scheduler_job.py:190} INFO - Processing /home/airflow/.local/lib/python3.6/site-packages/airflow/example_dags/tutorial_etl_dag.py took 0.081 seconds
[2026-09-23 11:25:15,989] {scheduler_job.py:182} INFO - Started process (PID=186) to work on /home/airflow/.local/lib/python3.6/site-packages/airflow/example_dags/tutorial_etl_dag.py
[2026-09-23 11:25:15,990] {scheduler_job.py:629} INFO - Processing file /home/airflow/.local/lib/python3.6/site-packages/airflow/example_dags/tutorial_etl_dag.py for tasks to queue
[2026-09-23 11:25:15,991] {logging_mixin.py:104} INFO - [2026-09-23 11:25:15,991] {dagbag.py:451} INFO - Filling up the DagBag from /home/airflow/.local/lib/python3.6/site-packages/airflow/example_dags/tutorial_etl_dag.py
[2026-09-23 11:25:16,007] {scheduler_job.py:639} INFO - DAG(s) dict_keys(['tutorial_etl_dag']) retrieved from /home/airflow/.local/lib/python3.6/site-packages/airflow/example_dags/tutorial_etl_dag.py
[2026-09-23 11:25:16,033] {logging_mixin.py:104} INFO - [2026-09-23 11:25:16,032] {dag.py:1824} INFO - Sync 1 DAGs
[2026-09-23 11:25:16,051] {logging_mixin.py:104} INFO - [2026-09-23 11:25:16,050] {dag.py:2280} INFO - Setting next_dagrun for tutorial_etl_dag to None
[2026-09-23 11:25:16,063] {scheduler_job.py:190} INFO - Processing /home/airflow/.local/lib/python3.6/site-packages/airflow/example_dags/tutorial_etl_dag.py took 0.078 seconds
[2026-09-23 11:25:46,467] {scheduler_job.py:182} INFO - Started process (PID=212) to work on /home/airflow/.local/lib/python3.6/site-packages/airflow/example_dags/tutorial_etl_dag.py
[2026-09-23 11:25:46,469] {scheduler_job.py:629} INFO - Processing file /home/airflow/.local/lib/python3.6/site-packages/airflow/example_dags/tutorial_etl_dag.py for tasks to queue
[2026-09-23 11:25:46,470] {logging_mixin.py:104} INFO - [2026-09-23 11:25:46,469] {dagbag.py:451} INFO - Filling up the DagBag from /home/airflow/.local/lib/python3.6/site-packages/airflow/example_dags/tutorial_etl_dag.py
[2026-09-23 11:25:46,487] {scheduler_job.py:639} INFO - DAG(s) dict_keys(['tutorial_etl_dag']) retrieved from /home/airflow/.local/lib/python3.6/site-packages/airflow/example_dags/tutorial_etl_dag.py
[2026-09-23 11:25:46,512] {logging_mixin.py:104} INFO - [2026-09-23 11:25:46,512] {dag.py:1824} INFO - Sync 1 DAGs
[2026-09-23 11:25:46,531] {logging_mixin.py:104} INFO - [2026-09-23 11:25:46,531] {dag.py:2280} INFO - Setting next_dagrun for tutorial_etl_dag to None
[2026-09-23 11:25:46,548] {scheduler_job.py:190} INFO - Processing /home/airflow/.local/lib/python3.6/site-packages/airflow/example_dags/tutorial_etl_dag.py took 0.085 seconds
[2026-09-23 11:26:17,026] {scheduler_job.py:182} INFO - Started process (PID=238) to work on /home/airflow/.local/lib/python3.6/site-packages/airflow/example_dags/tutorial_etl_dag.py
[2026-09-23 11:26:17,027] {scheduler_job.py:629} INFO - Processing file /home/airflow/.local/lib/python3.6/site-packages/airflow/example_dags/tutorial_etl_dag.py for tasks to queue
[2026-09-23 11:26:17,028] {logging_mixin.py:104} INFO - [2026-09-23 11:26:17,028] {dagbag.py:451} INFO - Filling up the DagBag from /home/airflow/.local/lib/python3.6/site-packages/airflow/example_dags/tutorial_etl_dag.py
[2026-09-23 11:26:17,045] {scheduler_job.py:639} INFO - DAG(s) dict_keys(['tutorial_etl_dag']) retrieved from /home/airflow/.local/lib/python3.6/site-packages/airflow/example_dags/tutorial_etl_dag.py
[2026-09-23 11:26:17,074] {logging_mixin.py:104} INFO - [2026-09-23 11:26:17,074] {dag.py:1824} INFO - Sync 1 DAGs
[2026-09-23 11:26:17,097] {logging_mixin.py:104} INFO - [2026-09-23 11:26:17,097] {dag.py:2280} INFO - Setting next_dagrun for tutorial_etl_dag to None
[2026-09-23 11:26:17,112] {scheduler_job.py:190} INFO - Processing /home/airflow/.local/lib/python3.6/site-packages/airflow/example_dags/tutorial_etl_dag.py took 0.090 seconds
[2026-09-23 11:26:47,604] {scheduler_job.py:182} INFO - Started process (PID=264) to work on /home/airflow/.local/lib/python3.6/site-packages/airflow/example_dags/tutorial_etl_dag.py
[2026-09-23 11:26:47,606] {scheduler_job.py:629} INFO - Processing file /home/airflow/.local/lib/python3.6/site-packages/airflow/example_dags/tutorial_etl_dag.py for tasks to queue
[2026-09-23 11:26:47,607] {logging_mixin.py:104} INFO - [2026-09-23 11:26:47,607] {dagbag.py:451} INFO - Filling up the DagBag from /home/airflow/.local/lib/python3.6/site-packages/airflow/example_dags/tutorial_etl_dag.py
[2026-09-23 11:26:47,634] {scheduler_job.py:639} INFO - DAG(s) dict_keys(['tutorial_etl_dag']) retrieved from /home/airflow/.local/lib/python3.6/site-packages/airflow/example_dags/tutorial_etl_dag.py
[2026-09-23 11:26:47,674] {logging_mixin.py:104} INFO - [2026-09-23 11:26:47,674] {dag.py:1824} INFO - Sync 1 DAGs
[2026-09-23 11:26:47,700] {logging_mixin.py:104} INFO - [2026-09-23 11:26:47,700] {dag.py:2280} INFO - Setting next_dagrun for tutorial_etl_dag to None
[2026-09-23 11:26:47,716] {scheduler_job.py:190} INFO - Processing /home/airflow/.local/lib/python3.6/site-packages/airflow/example_dags/tutorial_etl_dag.py took 0.118 seconds
[2026-09-23 11:27:18,506] {scheduler_job.py:182} INFO - Started process (PID=290) to work on /home/airflow/.local/lib/python3.6/site-packages/airflow/example_dags/tutorial_etl_dag.py
[2026-09-23 11:27:18,508] {scheduler_job.py:629} INFO - Processing file /home/airflow/.local/lib/python3.6/site-packages/airflow/example_dags/tutorial_etl_dag.py for tasks to queue
[2026-09-23 11:27:18,508] {logging_mixin.py:104} INFO - [2026-09-23 11:27:18,508] {dagbag.py:451} INFO - Filling up the DagBag from /home/airflow/.local/lib/python3.6/site-packages/airflow/example_dags/tutorial_etl_dag.py
[2026-09-23 11:27:18,524] {scheduler_job.py:639} INFO - DAG(s) dict_keys(['tutorial_etl_dag']) retrieved from /home/airflow/.local/lib/python3.6/site-packages/airflow/example_dags/tutorial_etl_dag.py
[2026-09-23 11:27:18,550] {logging_mixin.py:104} INFO - [2026-09-23 11:27:18,550] {dag.py:1824} INFO - Sync 1 DAGs
[2026-09-23 11:27:18,574] {logging_mixin.py:104} INFO - [2026-09-23 11:27:18,574] {dag.py:2280} INFO - Setting next_dagrun for tutorial_etl_dag to None
[2026-09-23 11:27:18,592] {scheduler_job.py:190} INFO - Processing /home/airflow/.local/lib/python3.6/site-packages/airflow/example_dags/tutorial_etl_dag.py took 0.089 seconds
[2026-09-23 11:27:49,483] {scheduler_job.py:182} INFO - Started process (PID=316) to work on /home/airflow/.local/lib/python3.6/site-packages/airflow/example_dags/tutorial_etl_dag.py
[2026-09-23 11:27:49,484] {scheduler_job.py:629} INFO - Processing file /home/airflow/.local/lib/python3.6/site-packages/airflow/example_dags/tutorial_etl_dag.py for tasks to queue
[2026-09-23 11:27:49,485] {logging_mixin.py:104} INFO - [2026-09-23 11:27:49,485] {dagbag.py:451} INFO - Filling up the DagBag from /home/airflow/.local/lib/python3.6/site-packages/airflow/example_dags/tutorial_etl_dag.py
[2026-09-23 11:27:49,501] {scheduler_job.py:639} INFO - DAG(s) dict_keys(['tutorial_etl_dag']) retrieved from /home/airflow/.local/lib/python3.6/site-packages/airflow/example_dags/tutorial_etl_dag.py
[2026-09-23 11:27:49,529] {logging_mixin.py:104} INFO - [2026-09-23 11:27:49,529] {dag.py:1824} INFO - Sync 1 DAGs
[2026-09-23 11:27:49,554] {logging_mixin.py:104} INFO - [2026-09-23 11:27:49,554] {dag.py:2280} INFO - Setting next_dagrun for tutorial_etl_dag to None
[2026-09-23 11:27:49,571] {scheduler_job.py:190} INFO - Processing /home/airflow/.local/lib/python3.6/site-packages/airflow/example_dags/tutorial_etl_dag.py took 0.092 seconds
[2026-09-23 11:28:20,481] {scheduler_job.py:182} INFO - Started process (PID=342) to work on /home/airflow/.local/lib/python3.6/site-packages/airflow/example_dags/tutorial_etl_dag.py
[2026-09-23 11:28:20,483] {scheduler_job.py:629} INFO - Processing file /home/airflow/.local/lib/python3.6/site-packages/airflow/example_dags/tutorial_etl_dag.py for tasks to queue
[2026-09-23 11:28:20,485] {logging_mixin.py:104} INFO - [2026-09-23 11:28:20,485] {dagbag.py:451} INFO - Filling up the DagBag from /home/airflow/.local/lib/python3.6/site-packages/airflow/example_dags/tutorial_etl_dag.py
[2026-09-23 11:28:20,508] {scheduler_job.py:639} INFO - DAG(s) dict_keys(['tutorial_etl_dag']) retrieved from /home/airflow/.local/lib/python3.6/site-packages/airflow/example_dags/tutorial_etl_dag.py
[2026-09-23 11:28:20,548] {logging_mixin.py:104} INFO - [2026-09-23 11:28:20,548] {dag.py:1824} INFO - Sync 1 DAGs
[2026-09-23 11:28:20,578] {logging_mixin.py:104} INFO - [2026-09-23 11:28:20,578] {dag.py:2280} INFO - Setting next_dagrun for tutorial_etl_dag to None
[2026-09-23 11:28:20,603] {scheduler_job.py:190} INFO - Processing /home/airflow/.local/lib/python3.6/site-packages/airflow/example_dags/tutorial_etl_dag.py took 0.127 seconds
[2026-09-23 11:28:51,613] {scheduler_job.py:182} INFO - Started process (PID=370) to work on /home/airflow/.local/lib/python3.6/site-packages/airflow/example_dags/tutorial_etl_dag.py
[2026-09-23 11:28:51,614] {scheduler_job.py:629} INFO - Processing file /home/airflow/.local/lib/python3.6/site-packages/airflow/example_dags/tutorial_etl_dag.py for tasks to queue
[2026-09-23 11:28:51,615] {logging_mixin.py:104} INFO - [2026-09-23 11:28:51,615] {dagbag.py:451} INFO - Filling up the DagBag from /home/airflow/.local/lib/python3.6/site-packages/airflow/example_dags/tutorial_etl_dag.py
[2026-09-23 11:28:51,632] {scheduler_job.py:639} INFO - DAG(s) dict_keys(['tutorial_etl_dag']) retrieved from /home/airflow/.local/lib/python3.6/site-packages/airflow/example_dags/tutorial_etl_dag.py
[2026-09-23 11:28:51,660] {logging_mixin.py:104} INFO - [2026-09-23 11:28:51,660] {dag.py:1824} INFO - Sync 1 DAGs
[2026-09-23 11:28:51,680] {logging_mixin.py:104} INFO - [2026-09-23 11:28:51,680] {dag.py:2280} INFO - Setting next_dagrun for tutorial_etl_dag to None
[2026-09-23 11:28:51,695] {scheduler_job.py:190} INFO - Processing /home/airflow/.local/lib/python3.6/site-packages/airflow/example_dags/tutorial_etl_dag.py took 0.086 seconds
[2026-09-23 11:29:22,179] {scheduler_job.py:182} INFO - Started process (PID=396) to work on /home/airflow/.local/lib/python3.6/site-packages/airflow/example_dags/tutorial_etl_dag.py
[2026-09-23 11:29:22,182] {scheduler_job.py:629} INFO - Processing file /home/airflow/.local/lib/python3.6/site-packages/airflow/example_dags/tutorial_etl_dag.py for tasks to queue
[2026-09-23 11:29:22,183] {logging_mixin.py:104} INFO - [2026-09-23 11:29:22,183] {dagbag.py:451} INFO - Filling up the DagBag from /home/airflow/.local/lib/python3.6/site-packages/airflow/example_dags/tutorial_etl_dag.py
[2026-09-23 11:29:22,205] {scheduler_job.py:639} INFO - DAG(s) dict_keys(['tutorial_etl_dag']) retrieved from /home/airflow/.local/lib/python3.6/site-packages/airflow/example_dags/tutorial_etl_dag.py
[2026-09-23 11:29:22,233] {logging_mixin.py:104} INFO - [2026-09-23 11:29:22,233] {dag.py:1824} INFO - Sync 1 DAGs
[2026-09-23 11:29:22,252] {logging_mixin.py:104} INFO - [2026-09-23 11:29:22,252] {dag.py:2280} INFO - Setting next_dagrun for tutorial_etl_dag to None
[2026-09-23 11:29:22,268] {scheduler_job.py:190} INFO - Processing /home/airflow/.local/lib/python3.6/site-packages/airflow/example_dags/tutorial_etl_dag.py took 0.095 seconds
[2026-09-23 11:29:52,701] {scheduler_job.py:182} INFO - Started process (PID=422) to work on /home/airflow/.local/lib/python3.6/site-packages/airflow/example_dags/tutorial_etl_dag.py
[2026-09-23 11:29:52,703] {scheduler_job.py:629} INFO - Processing file /home/airflow/.local/lib/python3.6/site-packages/airflow/example_dags/tutorial_etl_dag.py for tasks to queue
[2026-09-23 11:29:52,704] {logging_mixin.py:104} INFO - [2026-09-23 11:29:52,704] {dagbag.py:451} INFO - Filling up the DagBag from /home/airflow/.local/lib/python3.6/site-packages/airflow/example_dags/tutorial_etl_dag.py
[2026-09-23 11:29:52,726] {scheduler_job.py:639} INFO - DAG(s) dict_keys(['tutorial_etl_dag']) retrieved from /home/airflow/.local/lib/python3.6/site-packages/airflow/example_dags/tutorial_etl_dag.py
[2026-09-23 11:29:52,758] {logging_mixin.py:104} INFO - [2026-09-23 11:29:52,758] {dag.py:1824} INFO - Sync 1 DAGs
[2026-09-23 11:29:52,789] {logging_mixin.py:104} INFO - [2026-09-23 11:29:52,789] {dag.py:2280} INFO - Setting next_dagrun for tutorial_etl_dag to None
[2026-09-23 11:29:52,810] {scheduler_job.py:190} INFO - Processing /home/airflow/.local/lib/python3.6/site-packages/airflow/example_dags/tutorial_etl_dag.py took 0.114 seconds
[2026-09-23 11:30:23,406] {scheduler_job.py:182} INFO - Started process (PID=448) to work on /home/airflow/.local/lib/python3.6/site-packages/airflow/example_dags/tutorial_etl_dag.py
[2026-09-23 11:30:23,408] {scheduler_job.py:629} INFO - Processing file /home/airflow/.local/lib/python3.6/site-packages/airflow/example_dags/tutorial_etl_dag.py for tasks to queue
[2026-09-23 11:30:23,408] {logging_mixin.py:104} INFO - [2026-09-23 11:30:23,408] {dagbag.py:451} INFO - Filling up the DagBag from /home/airflow/.local/lib/python3.6/site-packages/airflow/example_dags/tutorial_etl_dag.py
[2026-09-23 11:30:23,423] {scheduler_job.py:639} INFO - DAG(s) dict_keys(['tutorial_etl_dag']) retrieved from /home/airflow/.local/lib/python3.6/site-packages/airflow/example_dags/tutorial_etl_dag.py
[2026-09-23 11:30:23,445] {logging_mixin.py:104} INFO - [2026-09-23 11:30:23,444] {dag.py:1824} INFO - Sync 1 DAGs
[2026-09-23 11:30:23,462] {logging_mixin.py:104} INFO - [2026-09-23 11:30:23,462] {dag.py:2280} INFO - Setting next_dagrun for tutorial_etl_dag to None
[2026-09-23 11:30:23,478] {scheduler_job.py:190} INFO - Processing /home/airflow/.local/lib/python3.6/site-packages/airflow/example_dags/tutorial_etl_dag.py took 0.075 seconds
[2026-09-23 11:30:54,042] {scheduler_job.py:182} INFO - Started process (PID=474) to work on /home/airflow/.local/lib/python3.6/site-packages/airflow/example_dags/tutorial_etl_dag.py
[2026-09-23 11:30:54,043] {scheduler_job.py:629} INFO - Processing file /home/airflow/.local/lib/python3.6/site-packages/airflow/example_dags/tutorial_etl_dag.py for tasks to queue
[2026-09-23 11:30:54,044] {logging_mixin.py:104} INFO - [2026-09-23 11:30:54,043] {dagbag.py:451} INFO - Filling up the DagBag from /home/airflow/.local/lib/python3.6/site-packages/airflow/example_dags/tutorial_etl_dag.py
[2026-09-23 11:30:54,059] {scheduler_job.py:639} INFO - DAG(s) dict_keys(['tutorial_etl_dag']) retrieved from /home/airflow/.local/lib/python3.6/site-packages/airflow/example_dags/tutorial_etl_dag.py
[2026-09-23 11:30:54,084] {logging_mixin.py:104} INFO - [2026-09-23 11:30:54,084] {dag.py:1824} INFO - Sync 1 DAGs
[2026-09-23 11:30:54,102] {logging_mixin.py:104} INFO - [2026-09-23 11:30:54,102] {dag.py:2280} INFO - Setting next_dagrun for tutorial_etl_dag to None
[2026-09-23 11:30:54,119] {scheduler_job.py:190} INFO - Processing /home/airflow/.local/lib/python3.6/site-packages/airflow/example_dags/tutorial_etl_dag.py took 0.081 seconds
[2026-09-23 11:31:24,591] {scheduler_job.py:182} INFO - Started process (PID=500) to work on /home/airflow/.local/lib/python3.6/site-packages/airflow/example_dags/tutorial_etl_dag.py
[2026-09-23 11:31:24,592] {scheduler_job.py:629} INFO - Processing file /home/airflow/.local/lib/python3.6/site-packages/airflow/example_dags/tutorial_etl_dag.py for tasks to queue
[2026-09-23 11:31:24,593] {logging_mixin.py:104} INFO - [2026-09-23 11:31:24,593] {dagbag.py:451} INFO - Filling up the DagBag from /home/airflow/.local/lib/python3.6/site-packages/airflow/example_dags/tutorial_etl_dag.py
[2026-09-23 11:31:24,608] {scheduler_job.py:639} INFO - DAG(s) dict_keys(['tutorial_etl_dag']) retrieved from /home/airflow/.local/lib/python3.6/site-packages/airflow/example_dags/tutorial_etl_dag.py
[2026-09-23 11:31:24,641] {logging_mixin.py:104} INFO - [2026-09-23 11:31:24,640] {dag.py:1824} INFO - Sync 1 DAGs
[2026-09-23 11:31:24,665] {logging_mixin.py:104} INFO - [2026-09-23 11:31:24,665] {dag.py:2280} INFO - Setting next_dagrun for tutorial_etl_dag to None
[2026-09-23 11:31:24,688] {scheduler_job.py:190} INFO - Processing /home/airflow/.local/lib/python3.6/site-packages/airflow/example_dags/tutorial_etl_dag.py took 0.101 seconds
[2026-09-23 11:31:55,140] {scheduler_job.py:182} INFO - Started process (PID=526) to work on /home/airflow/.local/lib/python3.6/site-packages/airflow/example_dags/tutorial_etl_dag.py
[2026-09-23 11:31:55,142] {scheduler_job.py:629} INFO - Processing file /home/airflow/.local/lib/python3.6/site-packages/airflow/example_dags/tutorial_etl_dag.py for tasks to queue
[2026-09-23 11:31:55,143] {logging_mixin.py:104} INFO - [2026-09-23 11:31:55,142] {dagbag.py:451} INFO - Filling up the DagBag from /home/airflow/.local/lib/python3.6/site-packages/airflow/example_dags/tutorial_etl_dag.py
[2026-09-23 11:31:55,158] {scheduler_job.py:639} INFO - DAG(s) dict_keys(['tutorial_etl_dag']) retrieved from /home/airflow/.local/lib/python3.6/site-packages/airflow/example_dags/tutorial_etl_dag.py
[2026-09-23 11:31:55,187] {logging_mixin.py:104} INFO - [2026-09-23 11:31:55,187] {dag.py:1824} INFO - Sync 1 DAGs
[2026-09-23 11:31:55,208] {logging_mixin.py:104} INFO - [2026-09-23 11:31:55,207] {dag.py:2280} INFO - Setting next_dagrun for tutorial_etl_dag to None
[2026-09-23 11:31:55,223] {scheduler_job.py:190} INFO - Processing /home/airflow/.local/lib/python3.6/site-packages/airflow/example_dags/tutorial_etl_dag.py took 0.086 seconds
[2026-09-23 11:32:25,656] {scheduler_job.py:182} INFO - Started process (PID=552) to work on /home/airflow/.local/lib/python3.6/site-packages/airflow/example_dags/tutorial_etl_dag.py
[2026-09-23 11:32:25,657] {scheduler_job.py:629} INFO - Processing file /home/airflow/.local/lib/python3.6/site-packages/airflow/example_dags/tutorial_etl_dag.py for tasks to queue
[2026-09-23 11:32:25,658] {logging_mixin.py:104} INFO - [2026-09-23 11:32:25,658] {dagbag.py:451} INFO - Filling up the DagBag from /home/airflow/.local/lib/python3.6/site-packages/airflow/example_dags/tutorial_etl_dag.py
[2026-09-23 11:32:25,673] {scheduler_job.py:639} INFO - DAG(s) dict_keys(['tutorial_etl_dag']) retrieved from /home/airflow/.local/lib/python3.6/site-packages/airflow/example_dags/tutorial_etl_dag.py
[2026-09-23 11:32:25,695] {logging_mixin.py:104} INFO - [2026-09-23 11:32:25,695] {dag.py:1824} INFO - Sync 1 DAGs
[2026-09-23 11:32:25,715] {logging_mixin.py:104} INFO - [2026-09-23 11:32:25,715] {dag.py:2280} INFO - Setting next_dagrun for tutorial_etl_dag to None
[2026-09-23 11:32:25,726] {scheduler_job.py:190} INFO - Processing /home/airflow/.local/lib/python3.6/site-packages/airflow/example_dags/tutorial_etl_dag.py took 0.074 seconds
[2026-09-23 11:32:56,162] {scheduler_job.py:182} INFO - Started process (PID=578) to work on /home/airflow/.local/lib/python3.6/site-packages/airflow/example_dags/tutorial_etl_dag.py
[2026-09-23 11:32:56,163] {scheduler_job.py:629} INFO - Processing file /home/airflow/.local/lib/python3.6/site-packages/airflow/example_dags/tutorial_etl_dag.py for tasks to queue
[2026-09-23 11:32:56,164] {logging_mixin.py:104} INFO - [2026-09-23 11:32:56,164] {dagbag.py:451} INFO - Filling up the DagBag from /home/airflow/.local/lib/python3.6/site-packages/airflow/example_dags/tutorial_etl_dag.py
[2026-09-23 11:32:56,180] {scheduler_job.py:639} INFO - DAG(s) dict_keys(['tutorial_etl_dag']) retrieved from /home/airflow/.local/lib/python3.6/site-packages/airflow/example_dags/tutorial_etl_dag.py
[2026-09-23 11:32:56,206] {logging_mixin.py:104} INFO - [2026-09-23 11:32:56,206] {dag.py:1824} INFO - Sync 1 DAGs
[2026-09-23 11:32:56,227] {logging_mixin.py:104} INFO - [2026-09-23 11:32:56,226] {dag.py:2280} INFO - Setting next_dagrun for tutorial_etl_dag to None
[2026-09-23 11:32:56,244] {scheduler_job.py:190} INFO - Processing /home/airflow/.local/lib/python3.6/site-packages/airflow/example_dags/tutorial_etl_dag.py took 0.086 seconds
[2026-09-23 11:33:26,683] {scheduler_job.py:182} INFO - Started process (PID=604) to work on /home/airflow/.local/lib/python3.6/site-packages/airflow/example_dags/tutorial_etl_dag.py
[2026-09-23 11:33:26,685] {scheduler_job.py:629} INFO - Processing file /home/airflow/.local/lib/python3.6/site-packages/airflow/example_dags/tutorial_etl_dag.py for tasks to queue
[2026-09-23 11:33:26,685] {logging_mixin.py:104} INFO - [2026-09-23 11:33:26,685] {dagbag.py:451} INFO - Filling up the DagBag from /home/airflow/.local/lib/python3.6/site-packages/airflow/example_dags/tutorial_etl_dag.py
[2026-09-23 11:33:26,701] {scheduler_job.py:639} INFO - DAG(s) dict_keys(['tutorial_etl_dag']) retrieved from /home/airflow/.local/lib/python3.6/site-packages/airflow/example_dags/tutorial_etl_dag.py
[2026-09-23 11:33:26,723] {logging_mixin.py:104} INFO - [2026-09-23 11:33:26,723] {dag.py:1824} INFO - Sync 1 DAGs
[2026-09-23 11:33:26,742] {logging_mixin.py:104} INFO - [2026-09-23 11:33:26,742] {dag.py:2280} INFO - Setting next_dagrun for tutorial_etl_dag to None
[2026-09-23 11:33:26,757] {scheduler_job.py:190} INFO - Processing /home/airflow/.local/lib/python3.6/site-packages/airflow/example_dags/tutorial_etl_dag.py took 0.078 seconds
[2026-09-23 11:33:57,183] {scheduler_job.py:182} INFO - Started process (PID=630) to work on /home/airflow/.local/lib/python3.6/site-packages/airflow/example_dags/tutorial_etl_dag.py
[2026-09-23 11:33:57,185] {scheduler_job.py:629} INFO - Processing file /home/airflow/.local/lib/python3.6/site-packages/airflow/example_dags/tutorial_etl_dag.py for tasks to queue
[2026-09-23 11:33:57,185] {logging_mixin.py:104} INFO - [2026-09-23 11:33:57,185] {dagbag.py:451} INFO - Filling up the DagBag from /home/airflow/.local/lib/python3.6/site-packages/airflow/example_dags/tutorial_etl_dag.py
[2026-09-23 11:33:57,201] {scheduler_job.py:639} INFO - DAG(s) dict_keys(['tutorial_etl_dag']) retrieved from /home/airflow/.local/lib/python3.6/site-packages/airflow/example_dags/tutorial_etl_dag.py
[2026-09-23 11:33:57,228] {logging_mixin.py:104} INFO - [2026-09-23 11:33:57,228] {dag.py:1824} INFO - Sync 1 DAGs
[2026-09-23 11:33:57,246] {logging_mixin.py:104} INFO - [2026-09-23 11:33:57,246] {dag.py:2280} INFO - Setting next_dagrun for tutorial_etl_dag to None
[2026-09-23 11:33:57,258] {scheduler_job.py:190} INFO - Processing /home/airflow/.local/lib/python3.6/site-packages/airflow/example_dags/tutorial_etl_dag.py took 0.078 seconds
[2026-09-23 11:34:27,719] {scheduler_job.py:182} INFO - Started process (PID=656) to work on /home/airflow/.local/lib/python3.6/site-packages/airflow/example_dags/tutorial_etl_dag.py
[2026-09-23 11:34:27,721] {scheduler_job.py:629} INFO - Processing file /home/airflow/.local/lib/python3.6/site-packages/airflow/example_dags/tutorial_etl_dag.py for tasks to queue
[2026-09-23 11:34:27,721] {logging_mixin.py:104} INFO - [2026-09-23 11:34:27,721] {dagbag.py:451} INFO - Filling up the DagBag from /home/airflow/.local/lib/python3.6/site-packages/airflow/example_dags/tutorial_etl_dag.py
[2026-09-23 11:34:27,736] {scheduler_job.py:639} INFO - DAG(s) dict_keys(['tutorial_etl_dag']) retrieved from /home/airflow/.local/lib/python3.6/site-packages/airflow/example_dags/tutorial_etl_dag.py
[2026-09-23 11:34:27,759] {logging_mixin.py:104} INFO - [2026-09-23 11:34:27,759] {dag.py:1824} INFO - Sync 1 DAGs
[2026-09-23 11:34:27,776] {logging_mixin.py:104} INFO - [2026-09-23 11:34:27,775] {dag.py:2280} INFO - Setting next_dagrun for tutorial_etl_dag to None
[2026-09-23 11:34:27,790] {scheduler_job.py:190} INFO - Processing /home/airflow/.local/lib/python3.6/site-packages/airflow/example_dags/tutorial_etl_dag.py took 0.076 seconds
[2026-09-23 11:34:58,321] {scheduler_job.py:182} INFO - Started process (PID=682) to work on /home/airflow/.local/lib/python3.6/site-packages/airflow/example_dags/tutorial_etl_dag.py
[2026-09-23 11:34:58,322] {scheduler_job.py:629} INFO - Processing file /home/airflow/.local/lib/python3.6/site-packages/airflow/example_dags/tutorial_etl_dag.py for tasks to queue
[2026-09-23 11:34:58,323] {logging_mixin.py:104} INFO - [2026-09-23 11:34:58,322] {dagbag.py:451} INFO - Filling up the DagBag from /home/airflow/.local/lib/python3.6/site-packages/airflow/example_dags/tutorial_etl_dag.py
[2026-09-23 11:34:58,338] {scheduler_job.py:639} INFO - DAG(s) dict_keys(['tutorial_etl_dag']) retrieved from /home/airflow/.local/lib/python3.6/site-packages/airflow/example_dags/tutorial_etl_dag.py
[2026-09-23 11:34:58,363] {logging_mixin.py:104} INFO - [2026-09-23 11:34:58,362] {dag.py:1824} INFO - Sync 1 DAGs
[2026-09-23 11:34:58,380] {logging_mixin.py:104} INFO - [2026-09-23 11:34:58,380] {dag.py:2280} INFO - Setting next_dagrun for tutorial_etl_dag to None
[2026-09-23 11:34:58,396] {scheduler_job.py:190} INFO - Processing /home/airflow/.local/lib/python3.6/site-packages/airflow/example_dags/tutorial_etl_dag.py took 0.079 seconds
[2026-09-23 11:35:29,009] {scheduler_job.py:182} INFO - Started process (PID=708) to work on /home/airflow/.local/lib/python3.6/site-packages/airflow/example_dags/tutorial_etl_dag.py
[2026-09-23 11:35:29,011] {scheduler_job.py:629} INFO - Processing file /home/airflow/.local/lib/python3.6/site-packages/airflow/example_dags/tutorial_etl_dag.py for tasks to queue
[2026-09-23 11:35:29,012] {logging_mixin.py:104} INFO - [2026-09-23 11:35:29,012] {dagbag.py:451} INFO - Filling up the DagBag from /home/airflow/.local/lib/python3.6/site-packages/airflow/example_dags/tutorial_etl_dag.py
[2026-09-23 11:35:29,034] {scheduler_job.py:639} INFO - DAG(s) dict_keys(['tutorial_etl_dag']) retrieved from /home/airflow/.local/lib/python3.6/site-packages/airflow/example_dags/tutorial_etl_dag.py
[2026-09-23 11:35:29,070] {logging_mixin.py:104} INFO - [2026-09-23 11:35:29,070] {dag.py:1824} INFO - Sync 1 DAGs
[2026-09-23 11:35:29,099] {logging_mixin.py:104} INFO - [2026-09-23 11:35:29,099] {dag.py:2280} INFO - Setting next_dagrun for tutorial_etl_dag to None
[2026-09-23 11:35:29,123] {scheduler_job.py:190} INFO - Processing /home/airflow/.local/lib/python3.6/site-packages/airflow/example_dags/tutorial_etl_dag.py took 0.119 seconds
[2026-09-23 11:35:59,222] {scheduler_job.py:182} INFO - Started process (PID=734) to work on /home/airflow/.local/lib/python3.6/site-packages/airflow/example_dags/tutorial_etl_dag.py
[2026-09-23 11:35:59,223] {scheduler_job.py:629} INFO - Processing file /home/airflow/.local/lib/python3.6/site-packages/airflow/example_dags/tutorial_etl_dag.py for tasks to queue
[2026-09-23 11:35:59,224] {logging_mixin.py:104} INFO - [2026-09-23 11:35:59,224] {dagbag.py:451} INFO - Filling up the DagBag from /home/airflow/.local/lib/python3.6/site-packages/airflow/example_dags/tutorial_etl_dag.py
[2026-09-23 11:35:59,239] {scheduler_job.py:639} INFO - DAG(s) dict_keys(['tutorial_etl_dag']) retrieved from /home/airflow/.local/lib/python3.6/site-packages/airflow/example_dags/tutorial_etl_dag.py
[2026-09-23 11:35:59,264] {logging_mixin.py:104} INFO - [2026-09-23 11:35:59,264] {dag.py:1824} INFO - Sync 1 DAGs
[2026-09-23 11:35:59,281] {logging_mixin.py:104} INFO - [2026-09-23 11:35:59,281] {dag.py:2280} INFO - Setting next_dagrun for tutorial_etl_dag to None
[2026-09-23 11:35:59,300] {scheduler_job.py:190} INFO - Processing /home/airflow/.local/lib/python3.6/site-packages/airflow/example_dags/tutorial_etl_dag.py took 0.081 seconds
[2026-09-23 11:36:29,850] {scheduler_job.py:182} INFO - Started process (PID=760) to work on /home/airflow/.local/lib/python3.6/site-packages/airflow/example_dags/tutorial_etl_dag.py
[2026-09-23 11:36:29,852] {scheduler_job.py:629} INFO - Processing file /home/airflow/.local/lib/python3.6/site-packages/airflow/example_dags/tutorial_etl_dag.py for tasks to queue
[2026-09-23 11:36:29,853] {logging_mixin.py:104} INFO - [2026-09-23 11:36:29,853] {dagbag.py:451} INFO - Filling up the DagBag from /home/airflow/.local/lib/python3.6/site-packages/airflow/example_dags/tutorial_etl_dag.py
[2026-09-23 11:36:29,878] {scheduler_job.py:639} INFO - DAG(s) dict_keys(['tutorial_etl_dag']) retrieved from /home/airflow/.local/lib/python3.6/site-packages/airflow/example_dags/tutorial_etl_dag.py
[2026-09-23 11:36:29,929] {logging_mixin.py:104} INFO - [2026-09-23 11:36:29,928] {dag.py:1824} INFO - Sync 1 DAGs
[2026-09-23 11:36:29,968] {logging_mixin.py:104} INFO - [2026-09-23 11:36:29,967] {dag.py:2280} INFO - Setting next_dagrun for tutorial_etl_dag to None
[2026-09-23 11:36:30,007] {scheduler_job.py:190} INFO - Processing /home/airflow/.local/lib/python3.6/site-packages/airflow/example_dags/tutorial_etl_dag.py took 0.166 seconds
[2026-09-23 11:37:00,053] {scheduler_job.py:182} INFO - Started process (PID=786) to work on /home/airflow/.local/lib/python3.6/site-packages/airflow/example_dags/tutorial_etl_dag.py
[2026-09-23 11:37:00,054] {scheduler_job.py:629} INFO - Processing file /home/airflow/.local/lib/python3.6/site-packages/airflow/example_dags/tutorial_etl_dag.py for tasks to queue
[2026-09-23 11:37:00,055] {logging_mixin.py:104} INFO - [2026-09-23 11:37:00,055] {dagbag.py:451} INFO - Filling up the DagBag from /home/airflow/.local/lib/python3.6/site-packages/airflow/example_dags/tutorial_etl_dag.py
[2026-09-23 11:37:00,077] {scheduler_job.py:639} INFO - DAG(s) dict_keys(['tutorial_etl_dag']) retrieved from /home/airflow/.local/lib/python3.6/site-packages/airflow/example_dags/tutorial_etl_dag.py
[2026-09-23 11:37:00,108] {logging_mixin.py:104} INFO - [2026-09-23 11:37:00,107] {dag.py:1824} INFO - Sync 1 DAGs
[2026-09-23 11:37:00,134] {logging_mixin.py:104} INFO - [2026-09-23 11:37:00,133] {dag.py:2280} INFO - Setting next_dagrun for tutorial_etl_dag to None
[2026-09-23 11:37:00,154] {scheduler_job.py:190} INFO - Processing /home/airflow/.local/lib/python3.6/site-packages/airflow/example_dags/tutorial_etl_dag.py took 0.106 seconds
[2026-09-23 11:37:30,342] {scheduler_job.py:182} INFO - Started process (PID=811) to work on /home/airflow/.local/lib/python3.6/site-packages/airflow/example_dags/tutorial_etl_dag.py
[2026-09-23 11:37:30,344] {scheduler_job.py:629} INFO - Processing file /home/airflow/.local/lib/python3.6/site-packages/airflow/example_dags/tutorial_etl_dag.py for tasks to queue
[2026-09-23 11:37:30,346] {logging_mixin.py:104} INFO - [2026-09-23 11:37:30,345] {dagbag.py:451} INFO - Filling up the DagBag from /home/airflow/.local/lib/python3.6/site-packages/airflow/example_dags/tutorial_etl_dag.py
[2026-09-23 11:37:30,375] {scheduler_job.py:639} INFO - DAG(s) dict_keys(['tutorial_etl_dag']) retrieved from /home/airflow/.local/lib/python3.6/site-packages/airflow/example_dags/tutorial_etl_dag.py
[2026-09-23 11:37:30,417] {logging_mixin.py:104} INFO - [2026-09-23 11:37:30,417] {dag.py:1824} INFO - Sync 1 DAGs
[2026-09-23 11:37:30,445] {logging_mixin.py:104} INFO - [2026-09-23 11:37:30,445] {dag.py:2280} INFO - Setting next_dagrun for tutorial_etl_dag to None
[2026-09-23 11:37:30,465] {scheduler_job.py:190} INFO - Processing /home/airflow/.local/lib/python3.6/site-packages/airflow/example_dags/tutorial_etl_dag.py took 0.130 seconds
[2026-09-23 11:38:00,910] {scheduler_job.py:182} INFO - Started process (PID=838) to work on /home/airflow/.local/lib/python3.6/site-packages/airflow/example_dags/tutorial_etl_dag.py
[2026-09-23 11:38:00,911] {scheduler_job.py:629} INFO - Processing file /home/airflow/.local/lib/python3.6/site-packages/airflow/example_dags/tutorial_etl_dag.py for tasks to queue
[2026-09-23 11:38:00,912] {logging_mixin.py:104} INFO - [2026-09-23 11:38:00,912] {dagbag.py:451} INFO - Filling up the DagBag from /home/airflow/.local/lib/python3.6/site-packages/airflow/example_dags/tutorial_etl_dag.py
[2026-09-23 11:38:00,931] {scheduler_job.py:639} INFO - DAG(s) dict_keys(['tutorial_etl_dag']) retrieved from /home/airflow/.local/lib/python3.6/site-packages/airflow/example_dags/tutorial_etl_dag.py
[2026-09-23 11:38:00,959] {logging_mixin.py:104} INFO - [2026-09-23 11:38:00,959] {dag.py:1824} INFO - Sync 1 DAGs
[2026-09-23 11:38:00,983] {logging_mixin.py:104} INFO - [2026-09-23 11:38:00,983] {dag.py:2280} INFO - Setting next_dagrun for tutorial_etl_dag to None
[2026-09-23 11:38:01,008] {scheduler_job.py:190} INFO - Processing /home/airflow/.local/lib/python3.6/site-packages/airflow/example_dags/tutorial_etl_dag.py took 0.103 seconds
[2026-09-23 11:38:31,106] {scheduler_job.py:182} INFO - Started process (PID=864) to work on /home/airflow/.local/lib/python3.6/site-packages/airflow/example_dags/tutorial_etl_dag.py
[2026-09-23 11:38:31,108] {scheduler_job.py:629} INFO - Processing file /home/airflow/.local/lib/python3.6/site-packages/airflow/example_dags/tutorial_etl_dag.py for tasks to queue
[2026-09-23 11:38:31,109] {logging_mixin.py:104} INFO - [2026-09-23 11:38:31,109] {dagbag.py:451} INFO - Filling up the DagBag from /home/airflow/.local/lib/python3.6/site-packages/airflow/example_dags/tutorial_etl_dag.py
[2026-09-23 11:38:31,140] {scheduler_job.py:639} INFO - DAG(s) dict_keys(['tutorial_etl_dag']) retrieved from /home/airflow/.local/lib/python3.6/site-packages/airflow/example_dags/tutorial_etl_dag.py
[2026-09-23 11:38:31,184] {logging_mixin.py:104} INFO - [2026-09-23 11:38:31,183] {dag.py:1824} INFO - Sync 1 DAGs
[2026-09-23 11:38:31,216] {logging_mixin.py:104} INFO - [2026-09-23 11:38:31,216] {dag.py:2280} INFO - Setting next_dagrun for tutorial_etl_dag to None
[2026-09-23 11:38:31,241] {scheduler_job.py:190} INFO - Processing /home/airflow/.local/lib/python3.6/site-packages/airflow/example_dags/tutorial_etl_dag.py took 0.141 seconds
[2026-09-23 11:39:01,379] {scheduler_job.py:182} INFO - Started process (PID=889) to work on /home/airflow/.local/lib/python3.6/site-packages/airflow/example_dags/tutorial_etl_dag.py
[2026-09-23 11:39:01,380] {scheduler_job.py:629} INFO - Processing file /home/airflow/.local/lib/python3.6/site-packages/airflow/example_dags/tutorial_etl_dag.py for tasks to queue
[2026-09-23 11:39:01,382] {logging_mixin.py:104} INFO - [2026-09-23 11:39:01,381] {dagbag.py:451} INFO - Filling up the DagBag from /home/airflow/.local/lib/python3.6/site-packages/airflow/example_dags/tutorial_etl_dag.py
[2026-09-23 11:39:01,410] {scheduler_job.py:639} INFO - DAG(s) dict_keys(['tutorial_etl_dag']) retrieved from /home/airflow/.local/lib/python3.6/site-packages/airflow/example_dags/tutorial_etl_dag.py
[2026-09-23 11:39:01,478] {logging_mixin.py:104} INFO - [2026-09-23 11:39:01,478] {dag.py:1824} INFO - Sync 1 DAGs
[2026-09-23 11:39:01,515] {logging_mixin.py:104} INFO - [2026-09-23 11:39:01,514] {dag.py:2280} INFO - Setting next_dagrun for tutorial_etl_dag to None
[2026-09-23 11:39:01,539] {scheduler_job.py:190} INFO - Processing /home/airflow/.local/lib/python3.6/site-packages/airflow/example_dags/tutorial_etl_dag.py took 0.167 seconds
[2026-09-23 11:39:32,347] {scheduler_job.py:182} INFO - Started process (PID=916) to work on /home/airflow/.local/lib/python3.6/site-packages/airflow/example_dags/tutorial_etl_dag.py
[2026-09-23 11:39:32,351] {scheduler_job.py:629} INFO - Processing file /home/airflow/.local/lib/python3.6/site-packages/airflow/example_dags/tutorial_etl_dag.py for tasks to queue
[2026-09-23 11:39:32,352] {logging_mixin.py:104} INFO - [2026-09-23 11:39:32,352] {dagbag.py:451} INFO - Filling up the DagBag from /home/airflow/.local/lib/python3.6/site-packages/airflow/example_dags/tutorial_etl_dag.py
[2026-09-23 11:39:32,371] {scheduler_job.py:639} INFO - DAG(s) dict_keys(['tutorial_etl_dag']) retrieved from /home/airflow/.local/lib/python3.6/site-packages/airflow/example_dags/tutorial_etl_dag.py
[2026-09-23 11:39:32,399] {logging_mixin.py:104} INFO - [2026-09-23 11:39:32,399] {dag.py:1824} INFO - Sync 1 DAGs
[2026-09-23 11:39:32,422] {logging_mixin.py:104} INFO - [2026-09-23 11:39:32,422] {dag.py:2280} INFO - Setting next_dagrun for tutorial_etl_dag to None
[2026-09-23 11:39:32,438] {scheduler_job.py:190} INFO - Processing /home/airflow/.local/lib/python3.6/site-packages/airflow/example_dags/tutorial_etl_dag.py took 0.096 seconds
[2026-09-23 11:40:02,498] {scheduler_job.py:182} INFO - Started process (PID=941) to work on /home/airflow/.local/lib/python3.6/site-packages/airflow/example_dags/tutorial_etl_dag.py
[2026-09-23 11:40:02,499] {scheduler_job.py:629} INFO - Processing file /home/airflow/.local/lib/python3.6/site-packages/airflow/example_dags/tutorial_etl_dag.py for tasks to queue
[2026-09-23 11:40:02,500] {logging_mixin.py:104} INFO - [2026-09-23 11:40:02,500] {dagbag.py:451} INFO - Filling up the DagBag from /home/airflow/.local/lib/python3.6/site-packages/airflow/example_dags/tutorial_etl_dag.py
[2026-09-23 11:40:02,519] {scheduler_job.py:639} INFO - DAG(s) dict_keys(['tutorial_etl_dag']) retrieved from /home/airflow/.local/lib/python3.6/site-packages/airflow/example_dags/tutorial_etl_dag.py
[2026-09-23 11:40:02,549] {logging_mixin.py:104} INFO - [2026-09-23 11:40:02,549] {dag.py:1824} INFO - Sync 1 DAGs
[2026-09-23 11:40:02,572] {logging_mixin.py:104} INFO - [2026-09-23 11:40:02,572] {dag.py:2280} INFO - Setting next_dagrun for tutorial_etl_dag to None
[2026-09-23 11:40:02,588] {scheduler_job.py:190} INFO - Processing /home/airflow/.local/lib/python3.6/site-packages/airflow/example_dags/tutorial_etl_dag.py took 0.094 seconds
[2026-09-23 11:40:33,231] {scheduler_job.py:182} INFO - Started process (PID=968) to work on /home/airflow/.local/lib/python3.6/site-packages/airflow/example_dags/tutorial_etl_dag.py
[2026-09-23 11:40:33,233] {scheduler_job.py:629} INFO - Processing file /home/airflow/.local/lib/python3.6/site-packages/airflow/example_dags/tutorial_etl_dag.py for tasks to queue
[2026-09-23 11:40:33,233] {logging_mixin.py:104} INFO - [2026-09-23 11:40:33,233] {dagbag.py:451} INFO - Filling up the DagBag from /home/airflow/.local/lib/python3.6/site-packages/airflow/example_dags/tutorial_etl_dag.py
[2026-09-23 11:40:33,258] {scheduler_job.py:639} INFO - DAG(s) dict_keys(['tutorial_etl_dag']) retrieved from /home/airflow/.local/lib/python3.6/site-packages/airflow/example_dags/tutorial_etl_dag.py
[2026-09-23 11:40:33,298] {logging_mixin.py:104} INFO - [2026-09-23 11:40:33,298] {dag.py:1824} INFO - Sync 1 DAGs
[2026-09-23 11:40:33,329] {logging_mixin.py:104} INFO - [2026-09-23 11:40:33,329] {dag.py:2280} INFO - Setting next_dagrun for tutorial_etl_dag to None
[2026-09-23 11:40:33,359] {scheduler_job.py:190} INFO - Processing /home/airflow/.local/lib/python3.6/site-packages/airflow/example_dags/tutorial_etl_dag.py took 0.133 seconds
[2026-09-23 11:41:03,420] {scheduler_job.py:182} INFO - Started process (PID=993) to work on /home/airflow/.local/lib/python3.6/site-packages/airflow/example_dags/tutorial_etl_dag.py
[2026-09-23 11:41:03,421] {scheduler_job.py:629} INFO - Processing file /home/airflow/.local/lib/python3.6/site-packages/airflow/example_dags/tutorial_etl_dag.py for tasks to queue
[2026-09-23 11:41:03,422] {logging_mixin.py:104} INFO - [2026-09-23 11:41:03,422] {dagbag.py:451} INFO - Filling up the DagBag from /home/airflow/.local/lib/python3.6/site-packages/airflow/example_dags/tutorial_etl_dag.py
[2026-09-23 11:41:03,444] {scheduler_job.py:639} INFO - DAG(s) dict_keys(['tutorial_etl_dag']) retrieved from /home/airflow/.local/lib/python3.6/site-packages/airflow/example_dags/tutorial_etl_dag.py
[2026-09-23 11:41:03,474] {logging_mixin.py:104} INFO - [2026-09-23 11:41:03,473] {dag.py:1824} INFO - Sync 1 DAGs
[2026-09-23 11:41:03,495] {logging_mixin.py:104} INFO - [2026-09-23 11:41:03,494] {dag.py:2280} INFO - Setting next_dagrun for tutorial_etl_dag to None
[2026-09-23 11:41:03,518] {scheduler_job.py:190} INFO - Processing /home/airflow/.local/lib/python3.6/site-packages/airflow/example_dags/tutorial_etl_dag.py took 0.104 seconds
[2026-09-23 11:41:33,901] {scheduler_job.py:182} INFO - Started process (PID=1019) to work on /home/airflow/.local/lib/python3.6/site-packages/airflow/example_dags/tutorial_etl_dag.py
[2026-09-23 11:41:33,903] {scheduler_job.py:629} INFO - Processing file /home/airflow/.local/lib/python3.6/site-packages/airflow/example_dags/tutorial_etl_dag.py for tasks to queue
[2026-09-23 11:41:33,904] {logging_mixin.py:104} INFO - [2026-09-23 11:41:33,904] {dagbag.py:451} INFO - Filling up the DagBag from /home/airflow/.local/lib/python3.6/site-packages/airflow/example_dags/tutorial_etl_dag.py
[2026-09-23 11:41:33,934] {scheduler_job.py:639} INFO - DAG(s) dict_keys(['tutorial_etl_dag']) retrieved from /home/airflow/.local/lib/python3.6/site-packages/airflow/example_dags/tutorial_etl_dag.py
[2026-09-23 11:41:33,976] {logging_mixin.py:104} INFO - [2026-09-23 11:41:33,976] {dag.py:1824} INFO - Sync 1 DAGs
[2026-09-23 11:41:34,010] {logging_mixin.py:104} INFO - [2026-09-23 11:41:34,010] {dag.py:2280} INFO - Setting next_dagrun for tutorial_etl_dag to None
[2026-09-23 11:41:34,039] {scheduler_job.py:190} INFO - Processing /home/airflow/.local/lib/python3.6/site-packages/airflow/example_dags/tutorial_etl_dag.py took 0.148 seconds
[2026-09-23 11:42:04,991] {scheduler_job.py:182} INFO - Started process (PID=1046) to work on /home/airflow/.local/lib/python3.6/site-packages/airflow/example_dags/tutorial_etl_dag.py
[2026-09-23 11:42:04,993] {scheduler_job.py:629} INFO - Processing file /home/airflow/.local/lib/python3.6/site-packages/airflow/example_dags/tutorial_etl_dag.py for tasks to queue
[2026-09-23 11:42:04,994] {logging_mixin.py:104} INFO - [2026-09-23 11:42:04,994] {dagbag.py:451} INFO - Filling up the DagBag from /home/airflow/.local/lib/python3.6/site-packages/airflow/example_dags/tutorial_etl_dag.py
[2026-09-23 11:42:05,027] {scheduler_job.py:639} INFO - DAG(s) dict_keys(['tutorial_etl_dag']) retrieved from /home/airflow/.local/lib/python3.6/site-packages/airflow/example_dags/tutorial_etl_dag.py
[2026-09-23 11:42:05,073] {logging_mixin.py:104} INFO - [2026-09-23 11:42:05,072] {dag.py:1824} INFO - Sync 1 DAGs
[2026-09-23 11:42:05,108] {logging_mixin.py:104} INFO - [2026-09-23 11:42:05,108] {dag.py:2280} INFO - Setting next_dagrun for tutorial_etl_dag to None
[2026-09-23 11:42:05,134] {scheduler_job.py:190} INFO - Processing /home/airflow/.local/lib/python3.6/site-packages/airflow/example_dags/tutorial_etl_dag.py took 0.148 seconds
[2026-09-23 11:42:35,681] {scheduler_job.py:182} INFO - Started process (PID=1072) to work on /home/airflow/.local/lib/python3.6/site-packages/airflow/example_dags/tutorial_etl_dag.py
[2026-09-23 11:42:35,683] {scheduler_job.py:629} INFO - Processing file /home/airflow/.local/lib/python3.6/site-packages/airflow/example_dags/tutorial_etl_dag.py for tasks to queue
[2026-09-23 11:42:35,684] {logging_mixin.py:104} INFO - [2026-09-23 11:42:35,683] {dagbag.py:451} INFO - Filling up the DagBag from /home/airflow/.local/lib/python3.6/site-packages/airflow/example_dags/tutorial_etl_dag.py
[2026-09-23 11:42:35,699] {scheduler_job.py:639} INFO - DAG(s) dict_keys(['tutorial_etl_dag']) retrieved from /home/airflow/.local/lib/python3.6/site-packages/airflow/example_dags/tutorial_etl_dag.py
[2026-09-23 11:42:35,730] {logging_mixin.py:104} INFO - [2026-09-23 11:42:35,729] {dag.py:1824} INFO - Sync 1 DAGs
[2026-09-23 11:42:35,757] {logging_mixin.py:104} INFO - [2026-09-23 11:42:35,756] {dag.py:2280} INFO - Setting next_dagrun for tutorial_etl_dag to None
[2026-09-23 11:42:35,772] {scheduler_job.py:190} INFO - Processing /home/airflow/.local/lib/python3.6/site-packages/airflow/example_dags/tutorial_etl_dag.py took 0.095 seconds
[2026-09-23 11:43:06,576] {scheduler_job.py:182} INFO - Started process (PID=1098) to work on /home/airflow/.local/lib/python3.6/site-packages/airflow/example_dags/tutorial_etl_dag.py
[2026-09-23 11:43:06,579] {scheduler_job.py:629} INFO - Processing file /home/airflow/.local/lib/python3.6/site-packages/airflow/example_dags/tutorial_etl_dag.py for tasks to queue
[2026-09-23 11:43:06,580] {logging_mixin.py:104} INFO - [2026-09-23 11:43:06,580] {dagbag.py:451} INFO - Filling up the DagBag from /home/airflow/.local/lib/python3.6/site-packages/airflow/example_dags/tutorial_etl_dag.py
[2026-09-23 11:43:06,602] {scheduler_job.py:639} INFO - DAG(s) dict_keys(['tutorial_etl_dag']) retrieved from /home/airflow/.local/lib/python3.6/site-packages/airflow/example_dags/tutorial_etl_dag.py
[2026-09-23 11:43:06,636] {logging_mixin.py:104} INFO - [2026-09-23 11:43:06,636] {dag.py:1824} INFO - Sync 1 DAGs
[2026-09-23 11:43:06,665] {logging_mixin.py:104} INFO - [2026-09-23 11:43:06,665] {dag.py:2280} INFO - Setting next_dagrun for tutorial_etl_dag to None
[2026-09-23 11:43:06,686] {scheduler_job.py:190} INFO - Processing /home/airflow/.local/lib/python3.6/site-packages/airflow/example_dags/tutorial_etl_dag.py took 0.120 seconds
[2026-09-23 11:43:37,154] {scheduler_job.py:182} INFO - Started process (PID=1124) to work on /home/airflow/.local/lib/python3.6/site-packages/airflow/example_dags/tutorial_etl_dag.py
[2026-09-23 11:43:37,156] {scheduler_job.py:629} INFO - Processing file /home/airflow/.local/lib/python3.6/site-packages/airflow/example_dags/tutorial_etl_dag.py for tasks to queue
[2026-09-23 11:43:37,157] {logging_mixin.py:104} INFO - [2026-09-23 11:43:37,157] {dagbag.py:451} INFO - Filling up the DagBag from /home/airflow/.local/lib/python3.6/site-packages/airflow/example_dags/tutorial_etl_dag.py
[2026-09-23 11:43:37,182] {scheduler_job.py:639} INFO - DAG(s) dict_keys(['tutorial_etl_dag']) retrieved from /home/airflow/.local/lib/python3.6/site-packages/airflow/example_dags/tutorial_etl_dag.py
[2026-09-23 11:43:37,218] {logging_mixin.py:104} INFO - [2026-09-23 11:43:37,218] {dag.py:1824} INFO - Sync 1 DAGs
[2026-09-23 11:43:37,246] {logging_mixin.py:104} INFO - [2026-09-23 11:43:37,246] {dag.py:2280} INFO - Setting next_dagrun for tutorial_etl_dag to None
[2026-09-23 11:43:37,265] {scheduler_job.py:190} INFO - Processing /home/airflow/.local/lib/python3.6/site-packages/airflow/example_dags/tutorial_etl_dag.py took 0.117 seconds
[2026-09-23 11:44:07,426] {scheduler_job.py:182} INFO - Started process (PID=1150) to work on /home/airflow/.local/lib/python3.6/site-packages/airflow/example_dags/tutorial_etl_dag.py
[2026-09-23 11:44:07,432] {scheduler_job.py:629} INFO - Processing file /home/airflow/.local/lib/python3.6/site-packages/airflow/example_dags/tutorial_etl_dag.py for tasks to queue
[2026-09-23 11:44:07,439] {logging_mixin.py:104} INFO - [2026-09-23 11:44:07,437] {dagbag.py:451} INFO - Filling up the DagBag from /home/airflow/.local/lib/python3.6/site-packages/airflow/example_dags/tutorial_etl_dag.py
[2026-09-23 11:44:07,461] {scheduler_job.py:639} INFO - DAG(s) dict_keys(['tutorial_etl_dag']) retrieved from /home/airflow/.local/lib/python3.6/site-packages/airflow/example_dags/tutorial_etl_dag.py
[2026-09-23 11:44:07,493] {logging_mixin.py:104} INFO - [2026-09-23 11:44:07,492] {dag.py:1824} INFO - Sync 1 DAGs
[2026-09-23 11:44:07,522] {logging_mixin.py:104} INFO - [2026-09-23 11:44:07,521] {dag.py:2280} INFO - Setting next_dagrun for tutorial_etl_dag to None
[2026-09-23 11:44:07,543] {scheduler_job.py:190} INFO - Processing /home/airflow/.local/lib/python3.6/site-packages/airflow/example_dags/tutorial_etl_dag.py took 0.126 seconds
[2026-09-23 11:44:37,596] {scheduler_job.py:182} INFO - Started process (PID=1176) to work on /home/airflow/.local/lib/python3.6/site-packages/airflow/example_dags/tutorial_etl_dag.py
[2026-09-23 11:44:37,598] {scheduler_job.py:629} INFO - Processing file /home/airflow/.local/lib/python3.6/site-packages/airflow/example_dags/tutorial_etl_dag.py for tasks to queue
[2026-09-23 11:44:37,599] {logging_mixin.py:104} INFO - [2026-09-23 11:44:37,599] {dagbag.py:451} INFO - Filling up the DagBag from /home/airflow/.local/lib/python3.6/site-packages/airflow/example_dags/tutorial_etl_dag.py
[2026-09-23 11:44:37,625] {scheduler_job.py:639} INFO - DAG(s) dict_keys(['tutorial_etl_dag']) retrieved from /home/airflow/.local/lib/python3.6/site-packages/airflow/example_dags/tutorial_etl_dag.py
[2026-09-23 11:44:37,673] {logging_mixin.py:104} INFO - [2026-09-23 11:44:37,673] {dag.py:1824} INFO - Sync 1 DAGs
[2026-09-23 11:44:37,706] {logging_mixin.py:104} INFO - [2026-09-23 11:44:37,706] {dag.py:2280} INFO - Setting next_dagrun for tutorial_etl_dag to None
[2026-09-23 11:44:37,729] {scheduler_job.py:190} INFO - Processing /home/airflow/.local/lib/python3.6/site-packages/airflow/example_dags/tutorial_etl_dag.py took 0.141 seconds
[2026-09-23 11:45:07,800] {scheduler_job.py:182} INFO - Started process (PID=1202) to work on /home/airflow/.local/lib/python3.6/site-packages/airflow/example_dags/tutorial_etl_dag.py
[2026-09-23 11:45:07,801] {scheduler_job.py:629} INFO - Processing file /home/airflow/.local/lib/python3.6/site-packages/airflow/example_dags/tutorial_etl_dag.py for tasks to queue
[2026-09-23 11:45:07,803] {logging_mixin.py:104} INFO - [2026-09-23 11:45:07,802] {dagbag.py:451} INFO - Filling up the DagBag from /home/airflow/.local/lib/python3.6/site-packages/airflow/example_dags/tutorial_etl_dag.py
[2026-09-23 11:45:07,827] {scheduler_job.py:639} INFO - DAG(s) dict_keys(['tutorial_etl_dag']) retrieved from /home/airflow/.local/lib/python3.6/site-packages/airflow/example_dags/tutorial_etl_dag.py
[2026-09-23 11:45:07,872] {logging_mixin.py:104} INFO - [2026-09-23 11:45:07,871] {dag.py:1824} INFO - Sync 1 DAGs
[2026-09-23 11:45:07,910] {logging_mixin.py:104} INFO - [2026-09-23 11:45:07,909] {dag.py:2280} INFO - Setting next_dagrun for tutorial_etl_dag to None
[2026-09-23 11:45:07,934] {scheduler_job.py:190} INFO - Processing /home/airflow/.local/lib/python3.6/site-packages/airflow/example_dags/tutorial_etl_dag.py took 0.142 seconds
[2026-09-23 11:45:38,116] {scheduler_job.py:182} INFO - Started process (PID=1227) to work on /home/airflow/.local/lib/python3.6/site-packages/airflow/example_dags/tutorial_etl_dag.py
[2026-09-23 11:45:38,119] {scheduler_job.py:629} INFO - Processing file /home/airflow/.local/lib/python3.6/site-packages/airflow/example_dags/tutorial_etl_dag.py for tasks to queue
[2026-09-23 11:45:38,120] {logging_mixin.py:104} INFO - [2026-09-23 11:45:38,120] {dagbag.py:451} INFO - Filling up the DagBag from /home/airflow/.local/lib/python3.6/site-packages/airflow/example_dags/tutorial_etl_dag.py
[2026-09-23 11:45:38,155] {scheduler_job.py:639} INFO - DAG(s) dict_keys(['tutorial_etl_dag']) retrieved from /home/airflow/.local/lib/python3.6/site-packages/airflow/example_dags/tutorial_etl_dag.py
[2026-09-23 11:45:38,199] {logging_mixin.py:104} INFO - [2026-09-23 11:45:38,199] {dag.py:1824} INFO - Sync 1 DAGs
[2026-09-23 11:45:38,233] {logging_mixin.py:104} INFO - [2026-09-23 11:45:38,233] {dag.py:2280} INFO - Setting next_dagrun for tutorial_etl_dag to None
[2026-09-23 11:45:38,260] {scheduler_job.py:190} INFO - Processing /home/airflow/.local/lib/python3.6/site-packages/airflow/example_dags/tutorial_etl_dag.py took 0.157 seconds
[2026-09-23 11:46:08,313] {scheduler_job.py:182} INFO - Started process (PID=1253) to work on /home/airflow/.local/lib/python3.6/site-packages/airflow/example_dags/tutorial_etl_dag.py
[2026-09-23 11:46:08,314] {scheduler_job.py:629} INFO - Processing file /home/airflow/.local/lib/python3.6/site-packages/airflow/example_dags/tutorial_etl_dag.py for tasks to queue
[2026-09-23 11:46:08,316] {logging_mixin.py:104} INFO - [2026-09-23 11:46:08,315] {dagbag.py:451} INFO - Filling up the DagBag from /home/airflow/.local/lib/python3.6/site-packages/airflow/example_dags/tutorial_etl_dag.py
[2026-09-23 11:46:08,340] {scheduler_job.py:639} INFO - DAG(s) dict_keys(['tutorial_etl_dag']) retrieved from /home/airflow/.local/lib/python3.6/site-packages/airflow/example_dags/tutorial_etl_dag.py
[2026-09-23 11:46:08,371] {logging_mixin.py:104} INFO - [2026-09-23 11:46:08,371] {dag.py:1824} INFO - Sync 1 DAGs
[2026-09-23 11:46:08,398] {logging_mixin.py:104} INFO - [2026-09-23 11:46:08,398] {dag.py:2280} INFO - Setting next_dagrun for tutorial_etl_dag to None
[2026-09-23 11:46:08,417] {scheduler_job.py:190} INFO - Processing /home/airflow/.local/lib/python3.6/site-packages/airflow/example_dags/tutorial_etl_dag.py took 0.110 seconds
[2026-09-23 11:46:38,472] {scheduler_job.py:182} INFO - Started process (PID=1279) to work on /home/airflow/.local/lib/python3.6/site-packages/airflow/example_dags/tutorial_etl_dag.py
[2026-09-23 11:46:38,473] {scheduler_job.py:629} INFO - Processing file /home/airflow/.local/lib/python3.6/site-packages/airflow/example_dags/tutorial_etl_dag.py for tasks to queue
[2026-09-23 11:46:38,474] {logging_mixin.py:104} INFO - [2026-09-23 11:46:38,473] {dagbag.py:451} INFO - Filling up the DagBag from /home/airflow/.local/lib/python3.6/site-packages/airflow/example_dags/tutorial_etl_dag.py
[2026-09-23 11:46:38,489] {scheduler_job.py:639} INFO - DAG(s) dict_keys(['tutorial_etl_dag']) retrieved from /home/airflow/.local/lib/python3.6/site-packages/airflow/example_dags/tutorial_etl_dag.py
[2026-09-23 11:46:38,517] {logging_mixin.py:104} INFO - [2026-09-23 11:46:38,517] {dag.py:1824} INFO - Sync 1 DAGs
[2026-09-23 11:46:38,537] {logging_mixin.py:104} INFO - [2026-09-23 11:46:38,536] {dag.py:2280} INFO - Setting next_dagrun for tutorial_etl_dag to None
[2026-09-23 11:46:38,551] {scheduler_job.py:190} INFO - Processing /home/airflow/.local/lib/python3.6/site-packages/airflow/example_dags/tutorial_etl_dag.py took 0.084 seconds
[2026-09-23 11:47:09,459] {scheduler_job.py:182} INFO - Started process (PID=1306) to work on /home/airflow/.local/lib/python3.6/site-packages/airflow/example_dags/tutorial_etl_dag.py
[2026-09-23 11:47:09,461] {scheduler_job.py:629} INFO - Processing file /home/airflow/.local/lib/python3.6/site-packages/airflow/example_dags/tutorial_etl_dag.py for tasks to queue
[2026-09-23 11:47:09,462] {logging_mixin.py:104} INFO - [2026-09-23 11:47:09,462] {dagbag.py:451} INFO - Filling up the DagBag from /home/airflow/.local/lib/python3.6/site-packages/airflow/example_dags/tutorial_etl_dag.py
[2026-09-23 11:47:09,477] {scheduler_job.py:639} INFO - DAG(s) dict_keys(['tutorial_etl_dag']) retrieved from /home/airflow/.local/lib/python3.6/site-packages/airflow/example_dags/tutorial_etl_dag.py
[2026-09-23 11:47:09,507] {logging_mixin.py:104} INFO - [2026-09-23 11:47:09,507] {dag.py:1824} INFO - Sync 1 DAGs
[2026-09-23 11:47:09,529] {logging_mixin.py:104} INFO - [2026-09-23 11:47:09,529] {dag.py:2280} INFO - Setting next_dagrun for tutorial_etl_dag to None
[2026-09-23 11:47:09,542] {scheduler_job.py:190} INFO - Processing /home/airflow/.local/lib/python3.6/site-packages/airflow/example_dags/tutorial_etl_dag.py took 0.087 seconds
[2026-09-23 11:47:40,393] {scheduler_job.py:182} INFO - Started process (PID=1332) to work on /home/airflow/.local/lib/python3.6/site-packages/airflow/example_dags/tutorial_etl_dag.py
[2026-09-23 11:47:40,401] {scheduler_job.py:629} INFO - Processing file /home/airflow/.local/lib/python3.6/site-packages/airflow/example_dags/tutorial_etl_dag.py for tasks to queue
[2026-09-23 11:47:40,402] {logging_mixin.py:104} INFO - [2026-09-23 11:47:40,402] {dagbag.py:451} INFO - Filling up the DagBag from /home/airflow/.local/lib/python3.6/site-packages/airflow/example_dags/tutorial_etl_dag.py
[2026-09-23 11:47:40,440] {scheduler_job.py:639} INFO - DAG(s) dict_keys(['tutorial_etl_dag']) retrieved from /home/airflow/.local/lib/python3.6/site-packages/airflow/example_dags/tutorial_etl_dag.py
[2026-09-23 11:47:40,495] {logging_mixin.py:104} INFO - [2026-09-23 11:47:40,493] {dag.py:1824} INFO - Sync 1 DAGs
[2026-09-23 11:47:40,535] {logging_mixin.py:104} INFO - [2026-09-23 11:47:40,535] {dag.py:2280} INFO - Setting next_dagrun for tutorial_etl_dag to None
[2026-09-23 11:47:40,577] {scheduler_job.py:190} INFO - Processing /home/airflow/.local/lib/python3.6/site-packages/airflow/example_dags/tutorial_etl_dag.py took 0.201 seconds
[2026-09-23 11:48:10,858] {scheduler_job.py:182} INFO - Started process (PID=1357) to work on /home/airflow/.local/lib/python3.6/site-packages/airflow/example_dags/tutorial_etl_dag.py
[2026-09-23 11:48:10,860] {scheduler_job.py:629} INFO - Processing file /home/airflow/.local/lib/python3.6/site-packages/airflow/example_dags/tutorial_etl_dag.py for tasks to queue
[2026-09-23 11:48:10,861] {logging_mixin.py:104} INFO - [2026-09-23 11:48:10,861] {dagbag.py:451} INFO - Filling up the DagBag from /home/airflow/.local/lib/python3.6/site-packages/airflow/example_dags/tutorial_etl_dag.py
[2026-09-23 11:48:10,884] {scheduler_job.py:639} INFO - DAG(s) dict_keys(['tutorial_etl_dag']) retrieved from /home/airflow/.local/lib/python3.6/site-packages/airflow/example_dags/tutorial_etl_dag.py
[2026-09-23 11:48:10,927] {logging_mixin.py:104} INFO - [2026-09-23 11:48:10,927] {dag.py:1824} INFO - Sync 1 DAGs
[2026-09-23 11:48:10,956] {logging_mixin.py:104} INFO - [2026-09-23 11:48:10,956] {dag.py:2280} INFO - Setting next_dagrun for tutorial_etl_dag to None
[2026-09-23 11:48:10,979] {scheduler_job.py:190} INFO - Processing /home/airflow/.local/lib/python3.6/site-packages/airflow/example_dags/tutorial_etl_dag.py took 0.127 seconds
[2026-09-23 11:48:41,108] {scheduler_job.py:182} INFO - Started process (PID=1383) to work on /home/airflow/.local/lib/python3.6/site-packages/airflow/example_dags/tutorial_etl_dag.py
[2026-09-23 11:48:41,110] {scheduler_job.py:629} INFO - Processing file /home/airflow/.local/lib/python3.6/site-packages/airflow/example_dags/tutorial_etl_dag.py for tasks to queue
[2026-09-23 11:48:41,111] {logging_mixin.py:104} INFO - [2026-09-23 11:48:41,111] {dagbag.py:451} INFO - Filling up the DagBag from /home/airflow/.local/lib/python3.6/site-packages/airflow/example_dags/tutorial_etl_dag.py
[2026-09-23 11:48:41,132] {scheduler_job.py:639} INFO - DAG(s) dict_keys(['tutorial_etl_dag']) retrieved from /home/airflow/.local/lib/python3.6/site-packages/airflow/example_dags/tutorial_etl_dag.py
[2026-09-23 11:48:41,166] {logging_mixin.py:104} INFO - [2026-09-23 11:48:41,165] {dag.py:1824} INFO - Sync 1 DAGs
[2026-09-23 11:48:41,193] {logging_mixin.py:104} INFO - [2026-09-23 11:48:41,193] {dag.py:2280} INFO - Setting next_dagrun for tutorial_etl_dag to None
[2026-09-23 11:48:41,209] {scheduler_job.py:190} INFO - Processing /home/airflow/.local/lib/python3.6/site-packages/airflow/example_dags/tutorial_etl_dag.py took 0.106 seconds
[2026-09-23 11:49:11,651] {scheduler_job.py:182} INFO - Started process (PID=1409) to work on /home/airflow/.local/lib/python3.6/site-packages/airflow/example_dags/tutorial_etl_dag.py
[2026-09-23 11:49:11,659] {scheduler_job.py:629} INFO - Processing file /home/airflow/.local/lib/python3.6/site-packages/airflow/example_dags/tutorial_etl_dag.py for tasks to queue
[2026-09-23 11:49:11,667] {logging_mixin.py:104} INFO - [2026-09-23 11:49:11,660] {dagbag.py:451} INFO - Filling up the DagBag from /home/airflow/.local/lib/python3.6/site-packages/airflow/example_dags/tutorial_etl_dag.py
[2026-09-23 11:49:11,773] {scheduler_job.py:639} INFO - DAG(s) dict_keys(['tutorial_etl_dag']) retrieved from /home/airflow/.local/lib/python3.6/site-packages/airflow/example_dags/tutorial_etl_dag.py
[2026-09-23 11:49:11,850] {logging_mixin.py:104} INFO - [2026-09-23 11:49:11,850] {dag.py:1824} INFO - Sync 1 DAGs
[2026-09-23 11:49:11,901] {logging_mixin.py:104} INFO - [2026-09-23 11:49:11,901] {dag.py:2280} INFO - Setting next_dagrun for tutorial_etl_dag to None
[2026-09-23 11:49:11,935] {scheduler_job.py:190} INFO - Processing /home/airflow/.local/lib/python3.6/site-packages/airflow/example_dags/tutorial_etl_dag.py took 0.302 seconds
[2026-09-23 11:49:42,733] {scheduler_job.py:182} INFO - Started process (PID=1435) to work on /home/airflow/.local/lib/python3.6/site-packages/airflow/example_dags/tutorial_etl_dag.py
[2026-09-23 11:49:42,735] {scheduler_job.py:629} INFO - Processing file /home/airflow/.local/lib/python3.6/site-packages/airflow/example_dags/tutorial_etl_dag.py for tasks to queue
[2026-09-23 11:49:42,737] {logging_mixin.py:104} INFO - [2026-09-23 11:49:42,736] {dagbag.py:451} INFO - Filling up the DagBag from /home/airflow/.local/lib/python3.6/site-packages/airflow/example_dags/tutorial_etl_dag.py
[2026-09-23 11:49:42,773] {scheduler_job.py:639} INFO - DAG(s) dict_keys(['tutorial_etl_dag']) retrieved from /home/airflow/.local/lib/python3.6/site-packages/airflow/example_dags/tutorial_etl_dag.py
[2026-09-23 11:49:42,824] {logging_mixin.py:104} INFO - [2026-09-23 11:49:42,823] {dag.py:1824} INFO - Sync 1 DAGs
[2026-09-23 11:49:42,856] {logging_mixin.py:104} INFO - [2026-09-23 11:49:42,855] {dag.py:2280} INFO - Setting next_dagrun for tutorial_etl_dag to None
[2026-09-23 11:49:42,881] {scheduler_job.py:190} INFO - Processing /home/airflow/.local/lib/python3.6/site-packages/airflow/example_dags/tutorial_etl_dag.py took 0.159 seconds
[2026-09-23 11:50:13,567] {scheduler_job.py:182} INFO - Started process (PID=1461) to work on /home/airflow/.local/lib/python3.6/site-packages/airflow/example_dags/tutorial_etl_dag.py
[2026-09-23 11:50:13,573] {scheduler_job.py:629} INFO - Processing file /home/airflow/.local/lib/python3.6/site-packages/airflow/example_dags/tutorial_etl_dag.py for tasks to queue
[2026-09-23 11:50:13,575] {logging_mixin.py:104} INFO - [2026-09-23 11:50:13,574] {dagbag.py:451} INFO - Filling up the DagBag from /home/airflow/.local/lib/python3.6/site-packages/airflow/example_dags/tutorial_etl_dag.py
[2026-09-23 11:50:13,604] {scheduler_job.py:639} INFO - DAG(s) dict_keys(['tutorial_etl_dag']) retrieved from /home/airflow/.local/lib/python3.6/site-packages/airflow/example_dags/tutorial_etl_dag.py
[2026-09-23 11:50:13,639] {logging_mixin.py:104} INFO - [2026-09-23 11:50:13,639] {dag.py:1824} INFO - Sync 1 DAGs
[2026-09-23 11:50:13,667] {logging_mixin.py:104} INFO - [2026-09-23 11:50:13,667] {dag.py:2280} INFO - Setting next_dagrun for tutorial_etl_dag to None
[2026-09-23 11:50:13,684] {scheduler_job.py:190} INFO - Processing /home/airflow/.local/lib/python3.6/site-packages/airflow/example_dags/tutorial_etl_dag.py took 0.123 seconds
[2026-09-23 11:50:44,490] {scheduler_job.py:182} INFO - Started process (PID=1487) to work on /home/airflow/.local/lib/python3.6/site-packages/airflow/example_dags/tutorial_etl_dag.py
[2026-09-23 11:50:44,491] {scheduler_job.py:629} INFO - Processing file /home/airflow/.local/lib/python3.6/site-packages/airflow/example_dags/tutorial_etl_dag.py for tasks to queue
[2026-09-23 11:50:44,492] {logging_mixin.py:104} INFO - [2026-09-23 11:50:44,491] {dagbag.py:451} INFO - Filling up the DagBag from /home/airflow/.local/lib/python3.6/site-packages/airflow/example_dags/tutorial_etl_dag.py
[2026-09-23 11:50:44,508] {scheduler_job.py:639} INFO - DAG(s) dict_keys(['tutorial_etl_dag']) retrieved from /home/airflow/.local/lib/python3.6/site-packages/airflow/example_dags/tutorial_etl_dag.py
[2026-09-23 11:50:44,534] {logging_mixin.py:104} INFO - [2026-09-23 11:50:44,533] {dag.py:1824} INFO - Sync 1 DAGs
[2026-09-23 11:50:44,554] {logging_mixin.py:104} INFO - [2026-09-23 11:50:44,553] {dag.py:2280} INFO - Setting next_dagrun for tutorial_etl_dag to None
[2026-09-23 11:50:44,570] {scheduler_job.py:190} INFO - Processing /home/airflow/.local/lib/python3.6/site-packages/airflow/example_dags/tutorial_etl_dag.py took 0.084 seconds
[2026-09-23 11:51:15,050] {scheduler_job.py:182} INFO - Started process (PID=1513) to work on /home/airflow/.local/lib/python3.6/site-packages/airflow/example_dags/tutorial_etl_dag.py
[2026-09-23 11:51:15,051] {scheduler_job.py:629} INFO - Processing file /home/airflow/.local/lib/python3.6/site-packages/airflow/example_dags/tutorial_etl_dag.py for tasks to queue
[2026-09-23 11:51:15,052] {logging_mixin.py:104} INFO - [2026-09-23 11:51:15,052] {dagbag.py:451} INFO - Filling up the DagBag from /home/airflow/.local/lib/python3.6/site-packages/airflow/example_dags/tutorial_etl_dag.py
[2026-09-23 11:51:15,071] {scheduler_job.py:639} INFO - DAG(s) dict_keys(['tutorial_etl_dag']) retrieved from /home/airflow/.local/lib/python3.6/site-packages/airflow/example_dags/tutorial_etl_dag.py
[2026-09-23 11:51:15,108] {logging_mixin.py:104} INFO - [2026-09-23 11:51:15,108] {dag.py:1824} INFO - Sync 1 DAGs
[2026-09-23 11:51:15,137] {logging_mixin.py:104} INFO - [2026-09-23 11:51:15,137] {dag.py:2280} INFO - Setting next_dagrun for tutorial_etl_dag to None
[2026-09-23 11:51:15,157] {scheduler_job.py:190} INFO - Processing /home/airflow/.local/lib/python3.6/site-packages/airflow/example_dags/tutorial_etl_dag.py took 0.111 seconds
[2026-09-23 11:51:45,204] {scheduler_job.py:182} INFO - Started process (PID=1539) to work on /home/airflow/.local/lib/python3.6/site-packages/airflow/example_dags/tutorial_etl_dag.py
[2026-09-23 11:51:45,205] {scheduler_job.py:629} INFO - Processing file /home/airflow/.local/lib/python3.6/site-packages/airflow/example_dags/tutorial_etl_dag.py for tasks to queue
[2026-09-23 11:51:45,206] {logging_mixin.py:104} INFO - [2026-09-23 11:51:45,206] {dagbag.py:451} INFO - Filling up the DagBag from /home/airflow/.local/lib/python3.6/site-packages/airflow/example_dags/tutorial_etl_dag.py
[2026-09-23 11:51:45,235] {scheduler_job.py:639} INFO - DAG(s) dict_keys(['tutorial_etl_dag']) retrieved from /home/airflow/.local/lib/python3.6/site-packages/airflow/example_dags/tutorial_etl_dag.py
[2026-09-23 11:51:45,272] {logging_mixin.py:104} INFO - [2026-09-23 11:51:45,272] {dag.py:1824} INFO - Sync 1 DAGs
[2026-09-23 11:51:45,303] {logging_mixin.py:104} INFO - [2026-09-23 11:51:45,303] {dag.py:2280} INFO - Setting next_dagrun for tutorial_etl_dag to None
[2026-09-23 11:51:45,321] {scheduler_job.py:190} INFO - Processing /home/airflow/.local/lib/python3.6/site-packages/airflow/example_dags/tutorial_etl_dag.py took 0.122 seconds
[2026-09-23 11:52:15,969] {scheduler_job.py:182} INFO - Started process (PID=1565) to work on /home/airflow/.local/lib/python3.6/site-packages/airflow/example_dags/tutorial_etl_dag.py
[2026-09-23 11:52:15,972] {scheduler_job.py:629} INFO - Processing file /home/airflow/.local/lib/python3.6/site-packages/airflow/example_dags/tutorial_etl_dag.py for tasks to queue
[2026-09-23 11:52:15,973] {logging_mixin.py:104} INFO - [2026-09-23 11:52:15,973] {dagbag.py:451} INFO - Filling up the DagBag from /home/airflow/.local/lib/python3.6/site-packages/airflow/example_dags/tutorial_etl_dag.py
[2026-09-23 11:52:16,001] {scheduler_job.py:639} INFO - DAG(s) dict_keys(['tutorial_etl_dag']) retrieved from /home/airflow/.local/lib/python3.6/site-packages/airflow/example_dags/tutorial_etl_dag.py
[2026-09-23 11:52:16,046] {logging_mixin.py:104} INFO - [2026-09-23 11:52:16,046] {dag.py:1824} INFO - Sync 1 DAGs
[2026-09-23 11:52:16,089] {logging_mixin.py:104} INFO - [2026-09-23 11:52:16,088] {dag.py:2280} INFO - Setting next_dagrun for tutorial_etl_dag to None
[2026-09-23 11:52:16,113] {scheduler_job.py:190} INFO - Processing /home/airflow/.local/lib/python3.6/site-packages/airflow/example_dags/tutorial_etl_dag.py took 0.150 seconds
[2026-09-23 11:52:46,369] {scheduler_job.py:182} INFO - Started process (PID=1591) to work on /home/airflow/.local/lib/python3.6/site-packages/airflow/example_dags/tutorial_etl_dag.py
[2026-09-23 11:52:46,371] {scheduler_job.py:629} INFO - Processing file /home/airflow/.local/lib/python3.6/site-packages/airflow/example_dags/tutorial_etl_dag.py for tasks to queue
[2026-09-23 11:52:46,372] {logging_mixin.py:104} INFO - [2026-09-23 11:52:46,372] {dagbag.py:451} INFO - Filling up the DagBag from /home/airflow/.local/lib/python3.6/site-packages/airflow/example_dags/tutorial_etl_dag.py
[2026-09-23 11:52:46,397] {scheduler_job.py:639} INFO - DAG(s) dict_keys(['tutorial_etl_dag']) retrieved from /home/airflow/.local/lib/python3.6/site-packages/airflow/example_dags/tutorial_etl_dag.py
[2026-09-23 11:52:46,439] {logging_mixin.py:104} INFO - [2026-09-23 11:52:46,438] {dag.py:1824} INFO - Sync 1 DAGs
[2026-09-23 11:52:46,468] {logging_mixin.py:104} INFO - [2026-09-23 11:52:46,468] {dag.py:2280} INFO - Setting next_dagrun for tutorial_etl_dag to None
[2026-09-23 11:52:46,495] {scheduler_job.py:190} INFO - Processing /home/airflow/.local/lib/python3.6/site-packages/airflow/example_dags/tutorial_etl_dag.py took 0.132 seconds
[2026-09-23 11:53:16,590] {scheduler_job.py:182} INFO - Started process (PID=1617) to work on /home/airflow/.local/lib/python3.6/site-packages/airflow/example_dags/tutorial_etl_dag.py
[2026-09-23 11:53:16,591] {scheduler_job.py:629} INFO - Processing file /home/airflow/.local/lib/python3.6/site-packages/airflow/example_dags/tutorial_etl_dag.py for tasks to queue
[2026-09-23 11:53:16,592] {logging_mixin.py:104} INFO - [2026-09-23 11:53:16,592] {dagbag.py:451} INFO - Filling up the DagBag from /home/airflow/.local/lib/python3.6/site-packages/airflow/example_dags/tutorial_etl_dag.py
[2026-09-23 11:53:16,612] {scheduler_job.py:639} INFO - DAG(s) dict_keys(['tutorial_etl_dag']) retrieved from /home/airflow/.local/lib/python3.6/site-packages/airflow/example_dags/tutorial_etl_dag.py
[2026-09-23 11:53:16,649] {logging_mixin.py:104} INFO - [2026-09-23 11:53:16,649] {dag.py:1824} INFO - Sync 1 DAGs
[2026-09-23 11:53:16,684] {logging_mixin.py:104} INFO - [2026-09-23 11:53:16,684] {dag.py:2280} INFO - Setting next_dagrun for tutorial_etl_dag to None
[2026-09-23 11:53:16,707] {scheduler_job.py:190} INFO - Processing /home/airflow/.local/lib/python3.6/site-packages/airflow/example_dags/tutorial_etl_dag.py took 0.122 seconds
[2026-09-23 11:53:47,712] {scheduler_job.py:182} INFO - Started process (PID=1643) to work on /home/airflow/.local/lib/python3.6/site-packages/airflow/example_dags/tutorial_etl_dag.py
[2026-09-23 11:53:47,713] {scheduler_job.py:629} INFO - Processing file /home/airflow/.local/lib/python3.6/site-packages/airflow/example_dags/tutorial_etl_dag.py for tasks to queue
[2026-09-23 11:53:47,715] {logging_mixin.py:104} INFO - [2026-09-23 11:53:47,714] {dagbag.py:451} INFO - Filling up the DagBag from /home/airflow/.local/lib/python3.6/site-packages/airflow/example_dags/tutorial_etl_dag.py
[2026-09-23 11:53:47,730] {scheduler_job.py:639} INFO - DAG(s) dict_keys(['tutorial_etl_dag']) retrieved from /home/airflow/.local/lib/python3.6/site-packages/airflow/example_dags/tutorial_etl_dag.py
[2026-09-23 11:53:47,754] {logging_mixin.py:104} INFO - [2026-09-23 11:53:47,754] {dag.py:1824} INFO - Sync 1 DAGs
[2026-09-23 11:53:47,772] {logging_mixin.py:104} INFO - [2026-09-23 11:53:47,772] {dag.py:2280} INFO - Setting next_dagrun for tutorial_etl_dag to None
[2026-09-23 11:53:47,788] {scheduler_job.py:190} INFO - Processing /home/airflow/.local/lib/python3.6/site-packages/airflow/example_dags/tutorial_etl_dag.py took 0.080 seconds
[2026-09-23 11:54:18,725] {scheduler_job.py:182} INFO - Started process (PID=1670) to work on /home/airflow/.local/lib/python3.6/site-packages/airflow/example_dags/tutorial_etl_dag.py
[2026-09-23 11:54:18,726] {scheduler_job.py:629} INFO - Processing file /home/airflow/.local/lib/python3.6/site-packages/airflow/example_dags/tutorial_etl_dag.py for tasks to queue
[2026-09-23 11:54:18,728] {logging_mixin.py:104} INFO - [2026-09-23 11:54:18,727] {dagbag.py:451} INFO - Filling up the DagBag from /home/airflow/.local/lib/python3.6/site-packages/airflow/example_dags/tutorial_etl_dag.py
[2026-09-23 11:54:18,744] {scheduler_job.py:639} INFO - DAG(s) dict_keys(['tutorial_etl_dag']) retrieved from /home/airflow/.local/lib/python3.6/site-packages/airflow/example_dags/tutorial_etl_dag.py
[2026-09-23 11:54:18,777] {logging_mixin.py:104} INFO - [2026-09-23 11:54:18,777] {dag.py:1824} INFO - Sync 1 DAGs
[2026-09-23 11:54:18,804] {logging_mixin.py:104} INFO - [2026-09-23 11:54:18,804] {dag.py:2280} INFO - Setting next_dagrun for tutorial_etl_dag to None
[2026-09-23 11:54:18,822] {scheduler_job.py:190} INFO - Processing /home/airflow/.local/lib/python3.6/site-packages/airflow/example_dags/tutorial_etl_dag.py took 0.102 seconds
[2026-09-23 11:54:48,854] {scheduler_job.py:182} INFO - Started process (PID=1696) to work on /home/airflow/.local/lib/python3.6/site-packages/airflow/example_dags/tutorial_etl_dag.py
[2026-09-23 11:54:48,856] {scheduler_job.py:629} INFO - Processing file /home/airflow/.local/lib/python3.6/site-packages/airflow/example_dags/tutorial_etl_dag.py for tasks to queue
[2026-09-23 11:54:48,857] {logging_mixin.py:104} INFO - [2026-09-23 11:54:48,857] {dagbag.py:451} INFO - Filling up the DagBag from /home/airflow/.local/lib/python3.6/site-packages/airflow/example_dags/tutorial_etl_dag.py
[2026-09-23 11:54:48,883] {scheduler_job.py:639} INFO - DAG(s) dict_keys(['tutorial_etl_dag']) retrieved from /home/airflow/.local/lib/python3.6/site-packages/airflow/example_dags/tutorial_etl_dag.py
[2026-09-23 11:54:48,926] {logging_mixin.py:104} INFO - [2026-09-23 11:54:48,926] {dag.py:1824} INFO - Sync 1 DAGs
[2026-09-23 11:54:48,960] {logging_mixin.py:104} INFO - [2026-09-23 11:54:48,960] {dag.py:2280} INFO - Setting next_dagrun for tutorial_etl_dag to None
[2026-09-23 11:54:48,981] {scheduler_job.py:190} INFO - Processing /home/airflow/.local/lib/python3.6/site-packages/airflow/example_dags/tutorial_etl_dag.py took 0.132 seconds
[2026-09-23 11:55:19,088] {scheduler_job.py:182} INFO - Started process (PID=1722) to work on /home/airflow/.local/lib/python3.6/site-packages/airflow/example_dags/tutorial_etl_dag.py
[2026-09-23 11:55:19,089] {scheduler_job.py:629} INFO - Processing file /home/airflow/.local/lib/python3.6/site-packages/airflow/example_dags/tutorial_etl_dag.py for tasks to queue
[2026-09-23 11:55:19,090] {logging_mixin.py:104} INFO - [2026-09-23 11:55:19,090] {dagbag.py:451} INFO - Filling up the DagBag from /home/airflow/.local/lib/python3.6/site-packages/airflow/example_dags/tutorial_etl_dag.py
[2026-09-23 11:55:19,104] {scheduler_job.py:639} INFO - DAG(s) dict_keys(['tutorial_etl_dag']) retrieved from /home/airflow/.local/lib/python3.6/site-packages/airflow/example_dags/tutorial_etl_dag.py
[2026-09-23 11:55:19,127] {logging_mixin.py:104} INFO - [2026-09-23 11:55:19,126] {dag.py:1824} INFO - Sync 1 DAGs
[2026-09-23 11:55:19,146] {logging_mixin.py:104} INFO - [2026-09-23 11:55:19,146] {dag.py:2280} INFO - Setting next_dagrun for tutorial_etl_dag to None
[2026-09-23 11:55:19,161] {scheduler_job.py:190} INFO - Processing /home/airflow/.local/lib/python3.6/site-packages/airflow/example_dags/tutorial_etl_dag.py took 0.077 seconds
[2026-09-23 11:55:49,885] {scheduler_job.py:182} INFO - Started process (PID=1748) to work on /home/airflow/.local/lib/python3.6/site-packages/airflow/example_dags/tutorial_etl_dag.py
[2026-09-23 11:55:49,886] {scheduler_job.py:629} INFO - Processing file /home/airflow/.local/lib/python3.6/site-packages/airflow/example_dags/tutorial_etl_dag.py for tasks to queue
[2026-09-23 11:55:49,887] {logging_mixin.py:104} INFO - [2026-09-23 11:55:49,887] {dagbag.py:451} INFO - Filling up the DagBag from /home/airflow/.local/lib/python3.6/site-packages/airflow/example_dags/tutorial_etl_dag.py
[2026-09-23 11:55:49,905] {scheduler_job.py:639} INFO - DAG(s) dict_keys(['tutorial_etl_dag']) retrieved from /home/airflow/.local/lib/python3.6/site-packages/airflow/example_dags/tutorial_etl_dag.py
[2026-09-23 11:55:49,943] {logging_mixin.py:104} INFO - [2026-09-23 11:55:49,943] {dag.py:1824} INFO - Sync 1 DAGs
[2026-09-23 11:55:49,970] {logging_mixin.py:104} INFO - [2026-09-23 11:55:49,970] {dag.py:2280} INFO - Setting next_dagrun for tutorial_etl_dag to None
[2026-09-23 11:55:49,993] {scheduler_job.py:190} INFO - Processing /home/airflow/.local/lib/python3.6/site-packages/airflow/example_dags/tutorial_etl_dag.py took 0.113 seconds
[2026-09-23 11:56:20,607] {scheduler_job.py:182} INFO - Started process (PID=1774) to work on /home/airflow/.local/lib/python3.6/site-packages/airflow/example_dags/tutorial_etl_dag.py
[2026-09-23 11:56:20,609] {scheduler_job.py:629} INFO - Processing file /home/airflow/.local/lib/python3.6/site-packages/airflow/example_dags/tutorial_etl_dag.py for tasks to queue
[2026-09-23 11:56:20,609] {logging_mixin.py:104} INFO - [2026-09-23 11:56:20,609] {dagbag.py:451} INFO - Filling up the DagBag from /home/airflow/.local/lib/python3.6/site-packages/airflow/example_dags/tutorial_etl_dag.py
[2026-09-23 11:56:20,624] {scheduler_job.py:639} INFO - DAG(s) dict_keys(['tutorial_etl_dag']) retrieved from /home/airflow/.local/lib/python3.6/site-packages/airflow/example_dags/tutorial_etl_dag.py
[2026-09-23 11:56:20,648] {logging_mixin.py:104} INFO - [2026-09-23 11:56:20,648] {dag.py:1824} INFO - Sync 1 DAGs
[2026-09-23 11:56:20,666] {logging_mixin.py:104} INFO - [2026-09-23 11:56:20,666] {dag.py:2280} INFO - Setting next_dagrun for tutorial_etl_dag to None
[2026-09-23 11:56:20,678] {scheduler_job.py:190} INFO - Processing /home/airflow/.local/lib/python3.6/site-packages/airflow/example_dags/tutorial_etl_dag.py took 0.075 seconds
[2026-09-23 11:56:51,517] {scheduler_job.py:182} INFO - Started process (PID=1800) to work on /home/airflow/.local/lib/python3.6/site-packages/airflow/example_dags/tutorial_etl_dag.py
[2026-09-23 11:56:51,519] {scheduler_job.py:629} INFO - Processing file /home/airflow/.local/lib/python3.6/site-packages/airflow/example_dags/tutorial_etl_dag.py for tasks to queue
[2026-09-23 11:56:51,520] {logging_mixin.py:104} INFO - [2026-09-23 11:56:51,519] {dagbag.py:451} INFO - Filling up the DagBag from /home/airflow/.local/lib/python3.6/site-packages/airflow/example_dags/tutorial_etl_dag.py
[2026-09-23 11:56:51,536] {scheduler_job.py:639} INFO - DAG(s) dict_keys(['tutorial_etl_dag']) retrieved from /home/airflow/.local/lib/python3.6/site-packages/airflow/example_dags/tutorial_etl_dag.py
[2026-09-23 11:56:51,563] {logging_mixin.py:104} INFO - [2026-09-23 11:56:51,563] {dag.py:1824} INFO - Sync 1 DAGs
[2026-09-23 11:56:51,589] {logging_mixin.py:104} INFO - [2026-09-23 11:56:51,589] {dag.py:2280} INFO - Setting next_dagrun for tutorial_etl_dag to None
[2026-09-23 11:56:51,609] {scheduler_job.py:190} INFO - Processing /home/airflow/.local/lib/python3.6/site-packages/airflow/example_dags/tutorial_etl_dag.py took 0.095 seconds
[2026-09-23 11:57:22,188] {scheduler_job.py:182} INFO - Started process (PID=1826) to work on /home/airflow/.local/lib/python3.6/site-packages/airflow/example_dags/tutorial_etl_dag.py
[2026-09-23 11:57:22,190] {scheduler_job.py:629} INFO - Processing file /home/airflow/.local/lib/python3.6/site-packages/airflow/example_dags/tutorial_etl_dag.py for tasks to queue
[2026-09-23 11:57:22,191] {logging_mixin.py:104} INFO - [2026-09-23 11:57:22,191] {dagbag.py:451} INFO - Filling up the DagBag from /home/airflow/.local/lib/python3.6/site-packages/airflow/example_dags/tutorial_etl_dag.py
[2026-09-23 11:57:22,209] {scheduler_job.py:639} INFO - DAG(s) dict_keys(['tutorial_etl_dag']) retrieved from /home/airflow/.local/lib/python3.6/site-packages/airflow/example_dags/tutorial_etl_dag.py
[2026-09-23 11:57:22,242] {logging_mixin.py:104} INFO - [2026-09-23 11:57:22,242] {dag.py:1824} INFO - Sync 1 DAGs
[2026-09-23 11:57:22,271] {logging_mixin.py:104} INFO - [2026-09-23 11:57:22,271] {dag.py:2280} INFO - Setting next_dagrun for tutorial_etl_dag to None
[2026-09-23 11:57:22,290] {scheduler_job.py:190} INFO - Processing /home/airflow/.local/lib/python3.6/site-packages/airflow/example_dags/tutorial_etl_dag.py took 0.108 seconds
[2026-09-23 11:57:52,681] {scheduler_job.py:182} INFO - Started process (PID=1852) to work on /home/airflow/.local/lib/python3.6/site-packages/airflow/example_dags/tutorial_etl_dag.py
[2026-09-23 11:57:52,683] {scheduler_job.py:629} INFO - Processing file /home/airflow/.local/lib/python3.6/site-packages/airflow/example_dags/tutorial_etl_dag.py for tasks to queue
[2026-09-23 11:57:52,685] {logging_mixin.py:104} INFO - [2026-09-23 11:57:52,685] {dagbag.py:451} INFO - Filling up the DagBag from /home/airflow/.local/lib/python3.6/site-packages/airflow/example_dags/tutorial_etl_dag.py
[2026-09-23 11:57:52,716] {scheduler_job.py:639} INFO - DAG(s) dict_keys(['tutorial_etl_dag']) retrieved from /home/airflow/.local/lib/python3.6/site-packages/airflow/example_dags/tutorial_etl_dag.py
[2026-09-23 11:57:52,803] {logging_mixin.py:104} INFO - [2026-09-23 11:57:52,803] {dag.py:1824} INFO - Sync 1 DAGs
[2026-09-23 11:57:52,873] {logging_mixin.py:104} INFO - [2026-09-23 11:57:52,873] {dag.py:2280} INFO - Setting next_dagrun for tutorial_etl_dag to None
[2026-09-23 11:57:52,913] {scheduler_job.py:190} INFO - Processing /home/airflow/.local/lib/python3.6/site-packages/airflow/example_dags/tutorial_etl_dag.py took 0.240 seconds
[2026-09-23 11:58:23,599] {scheduler_job.py:182} INFO - Started process (PID=1878) to work on /home/airflow/.local/lib/python3.6/site-packages/airflow/example_dags/tutorial_etl_dag.py
[2026-09-23 11:58:23,601] {scheduler_job.py:629} INFO - Processing file /home/airflow/.local/lib/python3.6/site-packages/airflow/example_dags/tutorial_etl_dag.py for tasks to queue
[2026-09-23 11:58:23,602] {logging_mixin.py:104} INFO - [2026-09-23 11:58:23,602] {dagbag.py:451} INFO - Filling up the DagBag from /home/airflow/.local/lib/python3.6/site-packages/airflow/example_dags/tutorial_etl_dag.py
[2026-09-23 11:58:23,621] {scheduler_job.py:639} INFO - DAG(s) dict_keys(['tutorial_etl_dag']) retrieved from /home/airflow/.local/lib/python3.6/site-packages/airflow/example_dags/tutorial_etl_dag.py
[2026-09-23 11:58:23,658] {logging_mixin.py:104} INFO - [2026-09-23 11:58:23,657] {dag.py:1824} INFO - Sync 1 DAGs
[2026-09-23 11:58:23,697] {logging_mixin.py:104} INFO - [2026-09-23 11:58:23,697] {dag.py:2280} INFO - Setting next_dagrun for tutorial_etl_dag to None
[2026-09-23 11:58:23,726] {scheduler_job.py:190} INFO - Processing /home/airflow/.local/lib/python3.6/site-packages/airflow/example_dags/tutorial_etl_dag.py took 0.131 seconds
[2026-09-23 11:58:53,798] {scheduler_job.py:182} INFO - Started process (PID=1903) to work on /home/airflow/.local/lib/python3.6/site-packages/airflow/example_dags/tutorial_etl_dag.py
[2026-09-23 11:58:53,800] {scheduler_job.py:629} INFO - Processing file /home/airflow/.local/lib/python3.6/site-packages/airflow/example_dags/tutorial_etl_dag.py for tasks to queue
[2026-09-23 11:58:53,802] {logging_mixin.py:104} INFO - [2026-09-23 11:58:53,801] {dagbag.py:451} INFO - Filling up the DagBag from /home/airflow/.local/lib/python3.6/site-packages/airflow/example_dags/tutorial_etl_dag.py
[2026-09-23 11:58:53,830] {scheduler_job.py:639} INFO - DAG(s) dict_keys(['tutorial_etl_dag']) retrieved from /home/airflow/.local/lib/python3.6/site-packages/airflow/example_dags/tutorial_etl_dag.py
[2026-09-23 11:58:53,900] {logging_mixin.py:104} INFO - [2026-09-23 11:58:53,899] {dag.py:1824} INFO - Sync 1 DAGs
[2026-09-23 11:58:53,941] {logging_mixin.py:104} INFO - [2026-09-23 11:58:53,941] {dag.py:2280} INFO - Setting next_dagrun for tutorial_etl_dag to None
[2026-09-23 11:58:53,981] {scheduler_job.py:190} INFO - Processing /home/airflow/.local/lib/python3.6/site-packages/airflow/example_dags/tutorial_etl_dag.py took 0.190 seconds
[2026-09-23 11:59:24,069] {scheduler_job.py:182} INFO - Started process (PID=1929) to work on /home/airflow/.local/lib/python3.6/site-packages/airflow/example_dags/tutorial_etl_dag.py
[2026-09-23 11:59:24,071] {scheduler_job.py:629} INFO - Processing file /home/airflow/.local/lib/python3.6/site-packages/airflow/example_dags/tutorial_etl_dag.py for tasks to queue
[2026-09-23 11:59:24,072] {logging_mixin.py:104} INFO - [2026-09-23 11:59:24,072] {dagbag.py:451} INFO - Filling up the DagBag from /home/airflow/.local/lib/python3.6/site-packages/airflow/example_dags/tutorial_etl_dag.py
[2026-09-23 11:59:24,088] {scheduler_job.py:639} INFO - DAG(s) dict_keys(['tutorial_etl_dag']) retrieved from /home/airflow/.local/lib/python3.6/site-packages/airflow/example_dags/tutorial_etl_dag.py
[2026-09-23 11:59:24,116] {logging_mixin.py:104} INFO - [2026-09-23 11:59:24,115] {dag.py:1824} INFO - Sync 1 DAGs
[2026-09-23 11:59:24,136] {logging_mixin.py:104} INFO - [2026-09-23 11:59:24,136] {dag.py:2280} INFO - Setting next_dagrun for tutorial_etl_dag to None
[2026-09-23 11:59:24,156] {scheduler_job.py:190} INFO - Processing /home/airflow/.local/lib/python3.6/site-packages/airflow/example_dags/tutorial_etl_dag.py took 0.091 seconds
[2026-09-23 11:59:55,191] {scheduler_job.py:182} INFO - Started process (PID=1956) to work on /home/airflow/.local/lib/python3.6/site-packages/airflow/example_dags/tutorial_etl_dag.py
[2026-09-23 11:59:55,192] {scheduler_job.py:629} INFO - Processing file /home/airflow/.local/lib/python3.6/site-packages/airflow/example_dags/tutorial_etl_dag.py for tasks to queue
[2026-09-23 11:59:55,194] {logging_mixin.py:104} INFO - [2026-09-23 11:59:55,193] {dagbag.py:451} INFO - Filling up the DagBag from /home/airflow/.local/lib/python3.6/site-packages/airflow/example_dags/tutorial_etl_dag.py
[2026-09-23 11:59:55,217] {scheduler_job.py:639} INFO - DAG(s) dict_keys(['tutorial_etl_dag']) retrieved from /home/airflow/.local/lib/python3.6/site-packages/airflow/example_dags/tutorial_etl_dag.py
[2026-09-23 11:59:55,246] {logging_mixin.py:104} INFO - [2026-09-23 11:59:55,246] {dag.py:1824} INFO - Sync 1 DAGs
[2026-09-23 11:59:55,274] {logging_mixin.py:104} INFO - [2026-09-23 11:59:55,274] {dag.py:2280} INFO - Setting next_dagrun for tutorial_etl_dag to None
[2026-09-23 11:59:55,297] {scheduler_job.py:190} INFO - Processing /home/airflow/.local/lib/python3.6/site-packages/airflow/example_dags/tutorial_etl_dag.py took 0.113 seconds
[2026-09-23 12:00:25,814] {scheduler_job.py:182} INFO - Started process (PID=1982) to work on /home/airflow/.local/lib/python3.6/site-packages/airflow/example_dags/tutorial_etl_dag.py
[2026-09-23 12:00:25,815] {scheduler_job.py:629} INFO - Processing file /home/airflow/.local/lib/python3.6/site-packages/airflow/example_dags/tutorial_etl_dag.py for tasks to queue
[2026-09-23 12:00:25,816] {logging_mixin.py:104} INFO - [2026-09-23 12:00:25,816] {dagbag.py:451} INFO - Filling up the DagBag from /home/airflow/.local/lib/python3.6/site-packages/airflow/example_dags/tutorial_etl_dag.py
[2026-09-23 12:00:25,832] {scheduler_job.py:639} INFO - DAG(s) dict_keys(['tutorial_etl_dag']) retrieved from /home/airflow/.local/lib/python3.6/site-packages/airflow/example_dags/tutorial_etl_dag.py
[2026-09-23 12:00:25,860] {logging_mixin.py:104} INFO - [2026-09-23 12:00:25,860] {dag.py:1824} INFO - Sync 1 DAGs
[2026-09-23 12:00:25,881] {logging_mixin.py:104} INFO - [2026-09-23 12:00:25,881] {dag.py:2280} INFO - Setting next_dagrun for tutorial_etl_dag to None
[2026-09-23 12:00:25,899] {scheduler_job.py:190} INFO - Processing /home/airflow/.local/lib/python3.6/site-packages/airflow/example_dags/tutorial_etl_dag.py took 0.089 seconds
[2026-09-23 12:00:56,426] {scheduler_job.py:182} INFO - Started process (PID=2008) to work on /home/airflow/.local/lib/python3.6/site-packages/airflow/example_dags/tutorial_etl_dag.py
[2026-09-23 12:00:56,428] {scheduler_job.py:629} INFO - Processing file /home/airflow/.local/lib/python3.6/site-packages/airflow/example_dags/tutorial_etl_dag.py for tasks to queue
[2026-09-23 12:00:56,428] {logging_mixin.py:104} INFO - [2026-09-23 12:00:56,428] {dagbag.py:451} INFO - Filling up the DagBag from /home/airflow/.local/lib/python3.6/site-packages/airflow/example_dags/tutorial_etl_dag.py
[2026-09-23 12:00:56,446] {scheduler_job.py:639} INFO - DAG(s) dict_keys(['tutorial_etl_dag']) retrieved from /home/airflow/.local/lib/python3.6/site-packages/airflow/example_dags/tutorial_etl_dag.py
[2026-09-23 12:00:56,473] {logging_mixin.py:104} INFO - [2026-09-23 12:00:56,473] {dag.py:1824} INFO - Sync 1 DAGs
[2026-09-23 12:00:56,493] {logging_mixin.py:104} INFO - [2026-09-23 12:00:56,493] {dag.py:2280} INFO - Setting next_dagrun for tutorial_etl_dag to None
[2026-09-23 12:00:56,511] {scheduler_job.py:190} INFO - Processing /home/airflow/.local/lib/python3.6/site-packages/airflow/example_dags/tutorial_etl_dag.py took 0.089 seconds
[2026-09-23 12:01:26,964] {scheduler_job.py:182} INFO - Started process (PID=2034) to work on /home/airflow/.local/lib/python3.6/site-packages/airflow/example_dags/tutorial_etl_dag.py
[2026-09-23 12:01:26,966] {scheduler_job.py:629} INFO - Processing file /home/airflow/.local/lib/python3.6/site-packages/airflow/example_dags/tutorial_etl_dag.py for tasks to queue
[2026-09-23 12:01:26,966] {logging_mixin.py:104} INFO - [2026-09-23 12:01:26,966] {dagbag.py:451} INFO - Filling up the DagBag from /home/airflow/.local/lib/python3.6/site-packages/airflow/example_dags/tutorial_etl_dag.py
[2026-09-23 12:01:26,982] {scheduler_job.py:639} INFO - DAG(s) dict_keys(['tutorial_etl_dag']) retrieved from /home/airflow/.local/lib/python3.6/site-packages/airflow/example_dags/tutorial_etl_dag.py
[2026-09-23 12:01:27,012] {logging_mixin.py:104} INFO - [2026-09-23 12:01:27,012] {dag.py:1824} INFO - Sync 1 DAGs
[2026-09-23 12:01:27,038] {logging_mixin.py:104} INFO - [2026-09-23 12:01:27,038] {dag.py:2280} INFO - Setting next_dagrun for tutorial_etl_dag to None
[2026-09-23 12:01:27,059] {scheduler_job.py:190} INFO - Processing /home/airflow/.local/lib/python3.6/site-packages/airflow/example_dags/tutorial_etl_dag.py took 0.098 seconds
[2026-09-23 12:01:57,609] {scheduler_job.py:182} INFO - Started process (PID=2060) to work on /home/airflow/.local/lib/python3.6/site-packages/airflow/example_dags/tutorial_etl_dag.py
[2026-09-23 12:01:57,610] {scheduler_job.py:629} INFO - Processing file /home/airflow/.local/lib/python3.6/site-packages/airflow/example_dags/tutorial_etl_dag.py for tasks to queue
[2026-09-23 12:01:57,611] {logging_mixin.py:104} INFO - [2026-09-23 12:01:57,611] {dagbag.py:451} INFO - Filling up the DagBag from /home/airflow/.local/lib/python3.6/site-packages/airflow/example_dags/tutorial_etl_dag.py
[2026-09-23 12:01:57,627] {scheduler_job.py:639} INFO - DAG(s) dict_keys(['tutorial_etl_dag']) retrieved from /home/airflow/.local/lib/python3.6/site-packages/airflow/example_dags/tutorial_etl_dag.py
[2026-09-23 12:01:57,656] {logging_mixin.py:104} INFO - [2026-09-23 12:01:57,656] {dag.py:1824} INFO - Sync 1 DAGs
[2026-09-23 12:01:57,683] {logging_mixin.py:104} INFO - [2026-09-23 12:01:57,682] {dag.py:2280} INFO - Setting next_dagrun for tutorial_etl_dag to None
[2026-09-23 12:01:57,699] {scheduler_job.py:190} INFO - Processing /home/airflow/.local/lib/python3.6/site-packages/airflow/example_dags/tutorial_etl_dag.py took 0.094 seconds
[2026-09-23 12:02:28,342] {scheduler_job.py:182} INFO - Started process (PID=2086) to work on /home/airflow/.local/lib/python3.6/site-packages/airflow/example_dags/tutorial_etl_dag.py
[2026-09-23 12:02:28,346] {scheduler_job.py:629} INFO - Processing file /home/airflow/.local/lib/python3.6/site-packages/airflow/example_dags/tutorial_etl_dag.py for tasks to queue
[2026-09-23 12:02:28,350] {logging_mixin.py:104} INFO - [2026-09-23 12:02:28,350] {dagbag.py:451} INFO - Filling up the DagBag from /home/airflow/.local/lib/python3.6/site-packages/airflow/example_dags/tutorial_etl_dag.py
[2026-09-23 12:02:28,381] {scheduler_job.py:639} INFO - DAG(s) dict_keys(['tutorial_etl_dag']) retrieved from /home/airflow/.local/lib/python3.6/site-packages/airflow/example_dags/tutorial_etl_dag.py
[2026-09-23 12:02:28,422] {logging_mixin.py:104} INFO - [2026-09-23 12:02:28,422] {dag.py:1824} INFO - Sync 1 DAGs
[2026-09-23 12:02:28,457] {logging_mixin.py:104} INFO - [2026-09-23 12:02:28,457] {dag.py:2280} INFO - Setting next_dagrun for tutorial_etl_dag to None
[2026-09-23 12:02:28,489] {scheduler_job.py:190} INFO - Processing /home/airflow/.local/lib/python3.6/site-packages/airflow/example_dags/tutorial_etl_dag.py took 0.153 seconds
[2026-09-23 12:02:59,371] {scheduler_job.py:182} INFO - Started process (PID=2112) to work on /home/airflow/.local/lib/python3.6/site-packages/airflow/example_dags/tutorial_etl_dag.py
[2026-09-23 12:02:59,373] {scheduler_job.py:629} INFO - Processing file /home/airflow/.local/lib/python3.6/site-packages/airflow/example_dags/tutorial_etl_dag.py for tasks to queue
[2026-09-23 12:02:59,374] {logging_mixin.py:104} INFO - [2026-09-23 12:02:59,374] {dagbag.py:451} INFO - Filling up the DagBag from /home/airflow/.local/lib/python3.6/site-packages/airflow/example_dags/tutorial_etl_dag.py
[2026-09-23 12:02:59,398] {scheduler_job.py:639} INFO - DAG(s) dict_keys(['tutorial_etl_dag']) retrieved from /home/airflow/.local/lib/python3.6/site-packages/airflow/example_dags/tutorial_etl_dag.py
[2026-09-23 12:02:59,438] {logging_mixin.py:104} INFO - [2026-09-23 12:02:59,437] {dag.py:1824} INFO - Sync 1 DAGs
[2026-09-23 12:02:59,469] {logging_mixin.py:104} INFO - [2026-09-23 12:02:59,469] {dag.py:2280} INFO - Setting next_dagrun for tutorial_etl_dag to None
[2026-09-23 12:02:59,492] {scheduler_job.py:190} INFO - Processing /home/airflow/.local/lib/python3.6/site-packages/airflow/example_dags/tutorial_etl_dag.py took 0.127 seconds
[2026-09-23 12:03:30,229] {scheduler_job.py:182} INFO - Started process (PID=2138) to work on /home/airflow/.local/lib/python3.6/site-packages/airflow/example_dags/tutorial_etl_dag.py
[2026-09-23 12:03:30,231] {scheduler_job.py:629} INFO - Processing file /home/airflow/.local/lib/python3.6/site-packages/airflow/example_dags/tutorial_etl_dag.py for tasks to queue
[2026-09-23 12:03:30,232] {logging_mixin.py:104} INFO - [2026-09-23 12:03:30,232] {dagbag.py:451} INFO - Filling up the DagBag from /home/airflow/.local/lib/python3.6/site-packages/airflow/example_dags/tutorial_etl_dag.py
[2026-09-23 12:03:30,254] {scheduler_job.py:639} INFO - DAG(s) dict_keys(['tutorial_etl_dag']) retrieved from /home/airflow/.local/lib/python3.6/site-packages/airflow/example_dags/tutorial_etl_dag.py
[2026-09-23 12:03:30,285] {logging_mixin.py:104} INFO - [2026-09-23 12:03:30,285] {dag.py:1824} INFO - Sync 1 DAGs
[2026-09-23 12:03:30,308] {logging_mixin.py:104} INFO - [2026-09-23 12:03:30,308] {dag.py:2280} INFO - Setting next_dagrun for tutorial_etl_dag to None
[2026-09-23 12:03:30,331] {scheduler_job.py:190} INFO - Processing /home/airflow/.local/lib/python3.6/site-packages/airflow/example_dags/tutorial_etl_dag.py took 0.106 seconds
[2026-09-23 12:04:01,061] {scheduler_job.py:182} INFO - Started process (PID=2164) to work on /home/airflow/.local/lib/python3.6/site-packages/airflow/example_dags/tutorial_etl_dag.py
[2026-09-23 12:04:01,063] {scheduler_job.py:629} INFO - Processing file /home/airflow/.local/lib/python3.6/site-packages/airflow/example_dags/tutorial_etl_dag.py for tasks to queue
[2026-09-23 12:04:01,064] {logging_mixin.py:104} INFO - [2026-09-23 12:04:01,064] {dagbag.py:451} INFO - Filling up the DagBag from /home/airflow/.local/lib/python3.6/site-packages/airflow/example_dags/tutorial_etl_dag.py
[2026-09-23 12:04:01,082] {scheduler_job.py:639} INFO - DAG(s) dict_keys(['tutorial_etl_dag']) retrieved from /home/airflow/.local/lib/python3.6/site-packages/airflow/example_dags/tutorial_etl_dag.py
[2026-09-23 12:04:01,115] {logging_mixin.py:104} INFO - [2026-09-23 12:04:01,115] {dag.py:1824} INFO - Sync 1 DAGs
[2026-09-23 12:04:01,139] {logging_mixin.py:104} INFO - [2026-09-23 12:04:01,139] {dag.py:2280} INFO - Setting next_dagrun for tutorial_etl_dag to None
[2026-09-23 12:04:01,161] {scheduler_job.py:190} INFO - Processing /home/airflow/.local/lib/python3.6/site-packages/airflow/example_dags/tutorial_etl_dag.py took 0.105 seconds
[2026-09-23 12:04:31,833] {scheduler_job.py:182} INFO - Started process (PID=2190) to work on /home/airflow/.local/lib/python3.6/site-packages/airflow/example_dags/tutorial_etl_dag.py
[2026-09-23 12:04:31,835] {scheduler_job.py:629} INFO - Processing file /home/airflow/.local/lib/python3.6/site-packages/airflow/example_dags/tutorial_etl_dag.py for tasks to queue
[2026-09-23 12:04:31,836] {logging_mixin.py:104} INFO - [2026-09-23 12:04:31,836] {dagbag.py:451} INFO - Filling up the DagBag from /home/airflow/.local/lib/python3.6/site-packages/airflow/example_dags/tutorial_etl_dag.py
[2026-09-23 12:04:31,853] {scheduler_job.py:639} INFO - DAG(s) dict_keys(['tutorial_etl_dag']) retrieved from /home/airflow/.local/lib/python3.6/site-packages/airflow/example_dags/tutorial_etl_dag.py
[2026-09-23 12:04:31,884] {logging_mixin.py:104} INFO - [2026-09-23 12:04:31,884] {dag.py:1824} INFO - Sync 1 DAGs
[2026-09-23 12:04:31,911] {logging_mixin.py:104} INFO - [2026-09-23 12:04:31,911] {dag.py:2280} INFO - Setting next_dagrun for tutorial_etl_dag to None
[2026-09-23 12:04:31,931] {scheduler_job.py:190} INFO - Processing /home/airflow/.local/lib/python3.6/site-packages/airflow/example_dags/tutorial_etl_dag.py took 0.102 seconds
[2026-09-23 12:05:01,976] {scheduler_job.py:182} INFO - Started process (PID=2216) to work on /home/airflow/.local/lib/python3.6/site-packages/airflow/example_dags/tutorial_etl_dag.py
[2026-09-23 12:05:01,977] {scheduler_job.py:629} INFO - Processing file /home/airflow/.local/lib/python3.6/site-packages/airflow/example_dags/tutorial_etl_dag.py for tasks to queue
[2026-09-23 12:05:01,978] {logging_mixin.py:104} INFO - [2026-09-23 12:05:01,978] {dagbag.py:451} INFO - Filling up the DagBag from /home/airflow/.local/lib/python3.6/site-packages/airflow/example_dags/tutorial_etl_dag.py
[2026-09-23 12:05:01,994] {scheduler_job.py:639} INFO - DAG(s) dict_keys(['tutorial_etl_dag']) retrieved from /home/airflow/.local/lib/python3.6/site-packages/airflow/example_dags/tutorial_etl_dag.py
[2026-09-23 12:05:02,019] {logging_mixin.py:104} INFO - [2026-09-23 12:05:02,019] {dag.py:1824} INFO - Sync 1 DAGs
[2026-09-23 12:05:02,039] {logging_mixin.py:104} INFO - [2026-09-23 12:05:02,039] {dag.py:2280} INFO - Setting next_dagrun for tutorial_etl_dag to None
[2026-09-23 12:05:02,056] {scheduler_job.py:190} INFO - Processing /home/airflow/.local/lib/python3.6/site-packages/airflow/example_dags/tutorial_etl_dag.py took 0.084 seconds
[2026-09-23 12:05:32,131] {scheduler_job.py:182} INFO - Started process (PID=2241) to work on /home/airflow/.local/lib/python3.6/site-packages/airflow/example_dags/tutorial_etl_dag.py
[2026-09-23 12:05:32,132] {scheduler_job.py:629} INFO - Processing file /home/airflow/.local/lib/python3.6/site-packages/airflow/example_dags/tutorial_etl_dag.py for tasks to queue
[2026-09-23 12:05:32,133] {logging_mixin.py:104} INFO - [2026-09-23 12:05:32,132] {dagbag.py:451} INFO - Filling up the DagBag from /home/airflow/.local/lib/python3.6/site-packages/airflow/example_dags/tutorial_etl_dag.py
[2026-09-23 12:05:32,149] {scheduler_job.py:639} INFO - DAG(s) dict_keys(['tutorial_etl_dag']) retrieved from /home/airflow/.local/lib/python3.6/site-packages/airflow/example_dags/tutorial_etl_dag.py
[2026-09-23 12:05:32,177] {logging_mixin.py:104} INFO - [2026-09-23 12:05:32,176] {dag.py:1824} INFO - Sync 1 DAGs
[2026-09-23 12:05:32,195] {logging_mixin.py:104} INFO - [2026-09-23 12:05:32,195] {dag.py:2280} INFO - Setting next_dagrun for tutorial_etl_dag to None
[2026-09-23 12:05:32,209] {scheduler_job.py:190} INFO - Processing /home/airflow/.local/lib/python3.6/site-packages/airflow/example_dags/tutorial_etl_dag.py took 0.082 seconds
[2026-09-23 12:06:02,278] {scheduler_job.py:182} INFO - Started process (PID=2267) to work on /home/airflow/.local/lib/python3.6/site-packages/airflow/example_dags/tutorial_etl_dag.py
[2026-09-23 12:06:02,280] {scheduler_job.py:629} INFO - Processing file /home/airflow/.local/lib/python3.6/site-packages/airflow/example_dags/tutorial_etl_dag.py for tasks to queue
[2026-09-23 12:06:02,281] {logging_mixin.py:104} INFO - [2026-09-23 12:06:02,280] {dagbag.py:451} INFO - Filling up the DagBag from /home/airflow/.local/lib/python3.6/site-packages/airflow/example_dags/tutorial_etl_dag.py
[2026-09-23 12:06:02,300] {scheduler_job.py:639} INFO - DAG(s) dict_keys(['tutorial_etl_dag']) retrieved from /home/airflow/.local/lib/python3.6/site-packages/airflow/example_dags/tutorial_etl_dag.py
[2026-09-23 12:06:02,333] {logging_mixin.py:104} INFO - [2026-09-23 12:06:02,333] {dag.py:1824} INFO - Sync 1 DAGs
[2026-09-23 12:06:02,360] {logging_mixin.py:104} INFO - [2026-09-23 12:06:02,360] {dag.py:2280} INFO - Setting next_dagrun for tutorial_etl_dag to None
[2026-09-23 12:06:02,377] {scheduler_job.py:190} INFO - Processing /home/airflow/.local/lib/python3.6/site-packages/airflow/example_dags/tutorial_etl_dag.py took 0.104 seconds
[2026-09-23 12:06:33,292] {scheduler_job.py:182} INFO - Started process (PID=2294) to work on /home/airflow/.local/lib/python3.6/site-packages/airflow/example_dags/tutorial_etl_dag.py
[2026-09-23 12:06:33,294] {scheduler_job.py:629} INFO - Processing file /home/airflow/.local/lib/python3.6/site-packages/airflow/example_dags/tutorial_etl_dag.py for tasks to queue
[2026-09-23 12:06:33,294] {logging_mixin.py:104} INFO - [2026-09-23 12:06:33,294] {dagbag.py:451} INFO - Filling up the DagBag from /home/airflow/.local/lib/python3.6/site-packages/airflow/example_dags/tutorial_etl_dag.py
[2026-09-23 12:06:33,309] {scheduler_job.py:639} INFO - DAG(s) dict_keys(['tutorial_etl_dag']) retrieved from /home/airflow/.local/lib/python3.6/site-packages/airflow/example_dags/tutorial_etl_dag.py
[2026-09-23 12:06:33,332] {logging_mixin.py:104} INFO - [2026-09-23 12:06:33,332] {dag.py:1824} INFO - Sync 1 DAGs
[2026-09-23 12:06:33,349] {logging_mixin.py:104} INFO - [2026-09-23 12:06:33,349] {dag.py:2280} INFO - Setting next_dagrun for tutorial_etl_dag to None
[2026-09-23 12:06:33,366] {scheduler_job.py:190} INFO - Processing /home/airflow/.local/lib/python3.6/site-packages/airflow/example_dags/tutorial_etl_dag.py took 0.077 seconds
[2026-09-23 12:07:04,102] {scheduler_job.py:182} INFO - Started process (PID=2320) to work on /home/airflow/.local/lib/python3.6/site-packages/airflow/example_dags/tutorial_etl_dag.py
[2026-09-23 12:07:04,103] {scheduler_job.py:629} INFO - Processing file /home/airflow/.local/lib/python3.6/site-packages/airflow/example_dags/tutorial_etl_dag.py for tasks to queue
[2026-09-23 12:07:04,104] {logging_mixin.py:104} INFO - [2026-09-23 12:07:04,104] {dagbag.py:451} INFO - Filling up the DagBag from /home/airflow/.local/lib/python3.6/site-packages/airflow/example_dags/tutorial_etl_dag.py
[2026-09-23 12:07:04,119] {scheduler_job.py:639} INFO - DAG(s) dict_keys(['tutorial_etl_dag']) retrieved from /home/airflow/.local/lib/python3.6/site-packages/airflow/example_dags/tutorial_etl_dag.py
[2026-09-23 12:07:04,143] {logging_mixin.py:104} INFO - [2026-09-23 12:07:04,143] {dag.py:1824} INFO - Sync 1 DAGs
[2026-09-23 12:07:04,161] {logging_mixin.py:104} INFO - [2026-09-23 12:07:04,161] {dag.py:2280} INFO - Setting next_dagrun for tutorial_etl_dag to None
[2026-09-23 12:07:04,176] {scheduler_job.py:190} INFO - Processing /home/airflow/.local/lib/python3.6/site-packages/airflow/example_dags/tutorial_etl_dag.py took 0.078 seconds
[2026-09-23 12:07:34,870] {scheduler_job.py:182} INFO - Started process (PID=2346) to work on /home/airflow/.local/lib/python3.6/site-packages/airflow/example_dags/tutorial_etl_dag.py
[2026-09-23 12:07:34,871] {scheduler_job.py:629} INFO - Processing file /home/airflow/.local/lib/python3.6/site-packages/airflow/example_dags/tutorial_etl_dag.py for tasks to queue
[2026-09-23 12:07:34,872] {logging_mixin.py:104} INFO - [2026-09-23 12:07:34,872] {dagbag.py:451} INFO - Filling up the DagBag from /home/airflow/.local/lib/python3.6/site-packages/airflow/example_dags/tutorial_etl_dag.py
[2026-09-23 12:07:34,889] {scheduler_job.py:639} INFO - DAG(s) dict_keys(['tutorial_etl_dag']) retrieved from /home/airflow/.local/lib/python3.6/site-packages/airflow/example_dags/tutorial_etl_dag.py
[2026-09-23 12:07:34,916] {logging_mixin.py:104} INFO - [2026-09-23 12:07:34,916] {dag.py:1824} INFO - Sync 1 DAGs
[2026-09-23 12:07:34,939] {logging_mixin.py:104} INFO - [2026-09-23 12:07:34,939] {dag.py:2280} INFO - Setting next_dagrun for tutorial_etl_dag to None
[2026-09-23 12:07:34,958] {scheduler_job.py:190} INFO - Processing /home/airflow/.local/lib/python3.6/site-packages/airflow/example_dags/tutorial_etl_dag.py took 0.093 seconds
[2026-09-23 12:08:05,527] {scheduler_job.py:182} INFO - Started process (PID=2372) to work on /home/airflow/.local/lib/python3.6/site-packages/airflow/example_dags/tutorial_etl_dag.py
[2026-09-23 12:08:05,528] {scheduler_job.py:629} INFO - Processing file /home/airflow/.local/lib/python3.6/site-packages/airflow/example_dags/tutorial_etl_dag.py for tasks to queue
[2026-09-23 12:08:05,529] {logging_mixin.py:104} INFO - [2026-09-23 12:08:05,529] {dagbag.py:451} INFO - Filling up the DagBag from /home/airflow/.local/lib/python3.6/site-packages/airflow/example_dags/tutorial_etl_dag.py
[2026-09-23 12:08:05,552] {scheduler_job.py:639} INFO - DAG(s) dict_keys(['tutorial_etl_dag']) retrieved from /home/airflow/.local/lib/python3.6/site-packages/airflow/example_dags/tutorial_etl_dag.py
[2026-09-23 12:08:05,587] {logging_mixin.py:104} INFO - [2026-09-23 12:08:05,587] {dag.py:1824} INFO - Sync 1 DAGs
[2026-09-23 12:08:05,616] {logging_mixin.py:104} INFO - [2026-09-23 12:08:05,616] {dag.py:2280} INFO - Setting next_dagrun for tutorial_etl_dag to None
[2026-09-23 12:08:05,637] {scheduler_job.py:190} INFO - Processing /home/airflow/.local/lib/python3.6/site-packages/airflow/example_dags/tutorial_etl_dag.py took 0.115 seconds
[2026-09-23 12:08:36,168] {scheduler_job.py:182} INFO - Started process (PID=2398) to work on /home/airflow/.local/lib/python3.6/site-packages/airflow/example_dags/tutorial_etl_dag.py
[2026-09-23 12:08:36,169] {scheduler_job.py:629} INFO - Processing file /home/airflow/.local/lib/python3.6/site-packages/airflow/example_dags/tutorial_etl_dag.py for tasks to queue
[2026-09-23 12:08:36,170] {logging_mixin.py:104} INFO - [2026-09-23 12:08:36,170] {dagbag.py:451} INFO - Filling up the DagBag from /home/airflow/.local/lib/python3.6/site-packages/airflow/example_dags/tutorial_etl_dag.py
[2026-09-23 12:08:36,193] {scheduler_job.py:639} INFO - DAG(s) dict_keys(['tutorial_etl_dag']) retrieved from /home/airflow/.local/lib/python3.6/site-packages/airflow/example_dags/tutorial_etl_dag.py
[2026-09-23 12:08:36,216] {logging_mixin.py:104} INFO - [2026-09-23 12:08:36,216] {dag.py:1824} INFO - Sync 1 DAGs
[2026-09-23 12:08:36,234] {logging_mixin.py:104} INFO - [2026-09-23 12:08:36,234] {dag.py:2280} INFO - Setting next_dagrun for tutorial_etl_dag to None
[2026-09-23 12:08:36,250] {scheduler_job.py:190} INFO - Processing /home/airflow/.local/lib/python3.6/site-packages/airflow/example_dags/tutorial_etl_dag.py took 0.086 seconds
[2026-09-23 12:09:06,981] {scheduler_job.py:182} INFO - Started process (PID=2424) to work on /home/airflow/.local/lib/python3.6/site-packages/airflow/example_dags/tutorial_etl_dag.py
[2026-09-23 12:09:06,982] {scheduler_job.py:629} INFO - Processing file /home/airflow/.local/lib/python3.6/site-packages/airflow/example_dags/tutorial_etl_dag.py for tasks to queue
[2026-09-23 12:09:06,983] {logging_mixin.py:104} INFO - [2026-09-23 12:09:06,983] {dagbag.py:451} INFO - Filling up the DagBag from /home/airflow/.local/lib/python3.6/site-packages/airflow/example_dags/tutorial_etl_dag.py
[2026-09-23 12:09:07,002] {scheduler_job.py:639} INFO - DAG(s) dict_keys(['tutorial_etl_dag']) retrieved from /home/airflow/.local/lib/python3.6/site-packages/airflow/example_dags/tutorial_etl_dag.py
[2026-09-23 12:09:07,040] {logging_mixin.py:104} INFO - [2026-09-23 12:09:07,040] {dag.py:1824} INFO - Sync 1 DAGs
[2026-09-23 12:09:07,074] {logging_mixin.py:104} INFO - [2026-09-23 12:09:07,074] {dag.py:2280} INFO - Setting next_dagrun for tutorial_etl_dag to None
[2026-09-23 12:09:07,095] {scheduler_job.py:190} INFO - Processing /home/airflow/.local/lib/python3.6/site-packages/airflow/example_dags/tutorial_etl_dag.py took 0.119 seconds
[2026-09-23 12:09:37,918] {scheduler_job.py:182} INFO - Started process (PID=2450) to work on /home/airflow/.local/lib/python3.6/site-packages/airflow/example_dags/tutorial_etl_dag.py
[2026-09-23 12:09:37,923] {scheduler_job.py:629} INFO - Processing file /home/airflow/.local/lib/python3.6/site-packages/airflow/example_dags/tutorial_etl_dag.py for tasks to queue
[2026-09-23 12:09:37,924] {logging_mixin.py:104} INFO - [2026-09-23 12:09:37,924] {dagbag.py:451} INFO - Filling up the DagBag from /home/airflow/.local/lib/python3.6/site-packages/airflow/example_dags/tutorial_etl_dag.py
[2026-09-23 12:09:37,951] {scheduler_job.py:639} INFO - DAG(s) dict_keys(['tutorial_etl_dag']) retrieved from /home/airflow/.local/lib/python3.6/site-packages/airflow/example_dags/tutorial_etl_dag.py
[2026-09-23 12:09:37,990] {logging_mixin.py:104} INFO - [2026-09-23 12:09:37,990] {dag.py:1824} INFO - Sync 1 DAGs
[2026-09-23 12:09:38,019] {logging_mixin.py:104} INFO - [2026-09-23 12:09:38,019] {dag.py:2280} INFO - Setting next_dagrun for tutorial_etl_dag to None
[2026-09-23 12:09:38,046] {scheduler_job.py:190} INFO - Processing /home/airflow/.local/lib/python3.6/site-packages/airflow/example_dags/tutorial_etl_dag.py took 0.136 seconds
[2026-09-23 12:10:08,615] {scheduler_job.py:182} INFO - Started process (PID=2476) to work on /home/airflow/.local/lib/python3.6/site-packages/airflow/example_dags/tutorial_etl_dag.py
[2026-09-23 12:10:08,617] {scheduler_job.py:629} INFO - Processing file /home/airflow/.local/lib/python3.6/site-packages/airflow/example_dags/tutorial_etl_dag.py for tasks to queue
[2026-09-23 12:10:08,617] {logging_mixin.py:104} INFO - [2026-09-23 12:10:08,617] {dagbag.py:451} INFO - Filling up the DagBag from /home/airflow/.local/lib/python3.6/site-packages/airflow/example_dags/tutorial_etl_dag.py
[2026-09-23 12:10:08,632] {scheduler_job.py:639} INFO - DAG(s) dict_keys(['tutorial_etl_dag']) retrieved from /home/airflow/.local/lib/python3.6/site-packages/airflow/example_dags/tutorial_etl_dag.py
[2026-09-23 12:10:08,657] {logging_mixin.py:104} INFO - [2026-09-23 12:10:08,657] {dag.py:1824} INFO - Sync 1 DAGs
[2026-09-23 12:10:08,676] {logging_mixin.py:104} INFO - [2026-09-23 12:10:08,676] {dag.py:2280} INFO - Setting next_dagrun for tutorial_etl_dag to None
[2026-09-23 12:10:08,692] {scheduler_job.py:190} INFO - Processing /home/airflow/.local/lib/python3.6/site-packages/airflow/example_dags/tutorial_etl_dag.py took 0.081 seconds
[2026-09-23 12:10:38,748] {scheduler_job.py:182} INFO - Started process (PID=2501) to work on /home/airflow/.local/lib/python3.6/site-packages/airflow/example_dags/tutorial_etl_dag.py
[2026-09-23 12:10:38,750] {scheduler_job.py:629} INFO - Processing file /home/airflow/.local/lib/python3.6/site-packages/airflow/example_dags/tutorial_etl_dag.py for tasks to queue
[2026-09-23 12:10:38,751] {logging_mixin.py:104} INFO - [2026-09-23 12:10:38,751] {dagbag.py:451} INFO - Filling up the DagBag from /home/airflow/.local/lib/python3.6/site-packages/airflow/example_dags/tutorial_etl_dag.py
[2026-09-23 12:10:38,779] {scheduler_job.py:639} INFO - DAG(s) dict_keys(['tutorial_etl_dag']) retrieved from /home/airflow/.local/lib/python3.6/site-packages/airflow/example_dags/tutorial_etl_dag.py
[2026-09-23 12:10:38,837] {logging_mixin.py:104} INFO - [2026-09-23 12:10:38,837] {dag.py:1824} INFO - Sync 1 DAGs
[2026-09-23 12:10:38,873] {logging_mixin.py:104} INFO - [2026-09-23 12:10:38,873] {dag.py:2280} INFO - Setting next_dagrun for tutorial_etl_dag to None
[2026-09-23 12:10:38,895] {scheduler_job.py:190} INFO - Processing /home/airflow/.local/lib/python3.6/site-packages/airflow/example_dags/tutorial_etl_dag.py took 0.153 seconds
[2026-09-23 12:11:09,714] {scheduler_job.py:182} INFO - Started process (PID=2528) to work on /home/airflow/.local/lib/python3.6/site-packages/airflow/example_dags/tutorial_etl_dag.py
[2026-09-23 12:11:09,716] {scheduler_job.py:629} INFO - Processing file /home/airflow/.local/lib/python3.6/site-packages/airflow/example_dags/tutorial_etl_dag.py for tasks to queue
[2026-09-23 12:11:09,717] {logging_mixin.py:104} INFO - [2026-09-23 12:11:09,717] {dagbag.py:451} INFO - Filling up the DagBag from /home/airflow/.local/lib/python3.6/site-packages/airflow/example_dags/tutorial_etl_dag.py
[2026-09-23 12:11:09,732] {scheduler_job.py:639} INFO - DAG(s) dict_keys(['tutorial_etl_dag']) retrieved from /home/airflow/.local/lib/python3.6/site-packages/airflow/example_dags/tutorial_etl_dag.py
[2026-09-23 12:11:09,756] {logging_mixin.py:104} INFO - [2026-09-23 12:11:09,755] {dag.py:1824} INFO - Sync 1 DAGs
[2026-09-23 12:11:09,775] {logging_mixin.py:104} INFO - [2026-09-23 12:11:09,775] {dag.py:2280} INFO - Setting next_dagrun for tutorial_etl_dag to None
[2026-09-23 12:11:09,791] {scheduler_job.py:190} INFO - Processing /home/airflow/.local/lib/python3.6/site-packages/airflow/example_dags/tutorial_etl_dag.py took 0.082 seconds
[2026-09-23 12:11:39,825] {scheduler_job.py:182} INFO - Started process (PID=2553) to work on /home/airflow/.local/lib/python3.6/site-packages/airflow/example_dags/tutorial_etl_dag.py
[2026-09-23 12:11:39,828] {scheduler_job.py:629} INFO - Processing file /home/airflow/.local/lib/python3.6/site-packages/airflow/example_dags/tutorial_etl_dag.py for tasks to queue
[2026-09-23 12:11:39,829] {logging_mixin.py:104} INFO - [2026-09-23 12:11:39,829] {dagbag.py:451} INFO - Filling up the DagBag from /home/airflow/.local/lib/python3.6/site-packages/airflow/example_dags/tutorial_etl_dag.py
[2026-09-23 12:11:39,856] {scheduler_job.py:639} INFO - DAG(s) dict_keys(['tutorial_etl_dag']) retrieved from /home/airflow/.local/lib/python3.6/site-packages/airflow/example_dags/tutorial_etl_dag.py
[2026-09-23 12:11:39,886] {logging_mixin.py:104} INFO - [2026-09-23 12:11:39,885] {dag.py:1824} INFO - Sync 1 DAGs
[2026-09-23 12:11:39,908] {logging_mixin.py:104} INFO - [2026-09-23 12:11:39,907] {dag.py:2280} INFO - Setting next_dagrun for tutorial_etl_dag to None
[2026-09-23 12:11:39,925] {scheduler_job.py:190} INFO - Processing /home/airflow/.local/lib/python3.6/site-packages/airflow/example_dags/tutorial_etl_dag.py took 0.104 seconds
[2026-09-23 12:12:10,051] {scheduler_job.py:182} INFO - Started process (PID=2579) to work on /home/airflow/.local/lib/python3.6/site-packages/airflow/example_dags/tutorial_etl_dag.py
[2026-09-23 12:12:10,054] {scheduler_job.py:629} INFO - Processing file /home/airflow/.local/lib/python3.6/site-packages/airflow/example_dags/tutorial_etl_dag.py for tasks to queue
[2026-09-23 12:12:10,056] {logging_mixin.py:104} INFO - [2026-09-23 12:12:10,055] {dagbag.py:451} INFO - Filling up the DagBag from /home/airflow/.local/lib/python3.6/site-packages/airflow/example_dags/tutorial_etl_dag.py
[2026-09-23 12:12:10,077] {scheduler_job.py:639} INFO - DAG(s) dict_keys(['tutorial_etl_dag']) retrieved from /home/airflow/.local/lib/python3.6/site-packages/airflow/example_dags/tutorial_etl_dag.py
[2026-09-23 12:12:10,104] {logging_mixin.py:104} INFO - [2026-09-23 12:12:10,103] {dag.py:1824} INFO - Sync 1 DAGs
[2026-09-23 12:12:10,127] {logging_mixin.py:104} INFO - [2026-09-23 12:12:10,127] {dag.py:2280} INFO - Setting next_dagrun for tutorial_etl_dag to None
[2026-09-23 12:12:10,145] {scheduler_job.py:190} INFO - Processing /home/airflow/.local/lib/python3.6/site-packages/airflow/example_dags/tutorial_etl_dag.py took 0.100 seconds
[2026-09-23 12:12:40,298] {scheduler_job.py:182} INFO - Started process (PID=2605) to work on /home/airflow/.local/lib/python3.6/site-packages/airflow/example_dags/tutorial_etl_dag.py
[2026-09-23 12:12:40,303] {scheduler_job.py:629} INFO - Processing file /home/airflow/.local/lib/python3.6/site-packages/airflow/example_dags/tutorial_etl_dag.py for tasks to queue
[2026-09-23 12:12:40,304] {logging_mixin.py:104} INFO - [2026-09-23 12:12:40,304] {dagbag.py:451} INFO - Filling up the DagBag from /home/airflow/.local/lib/python3.6/site-packages/airflow/example_dags/tutorial_etl_dag.py
[2026-09-23 12:12:40,328] {scheduler_job.py:639} INFO - DAG(s) dict_keys(['tutorial_etl_dag']) retrieved from /home/airflow/.local/lib/python3.6/site-packages/airflow/example_dags/tutorial_etl_dag.py
[2026-09-23 12:12:40,356] {logging_mixin.py:104} INFO - [2026-09-23 12:12:40,356] {dag.py:1824} INFO - Sync 1 DAGs
[2026-09-23 12:12:40,382] {logging_mixin.py:104} INFO - [2026-09-23 12:12:40,382] {dag.py:2280} INFO - Setting next_dagrun for tutorial_etl_dag to None
[2026-09-23 12:12:40,399] {scheduler_job.py:190} INFO - Processing /home/airflow/.local/lib/python3.6/site-packages/airflow/example_dags/tutorial_etl_dag.py took 0.105 seconds
[2026-09-23 12:13:10,439] {scheduler_job.py:182} INFO - Started process (PID=2631) to work on /home/airflow/.local/lib/python3.6/site-packages/airflow/example_dags/tutorial_etl_dag.py
[2026-09-23 12:13:10,440] {scheduler_job.py:629} INFO - Processing file /home/airflow/.local/lib/python3.6/site-packages/airflow/example_dags/tutorial_etl_dag.py for tasks to queue
[2026-09-23 12:13:10,441] {logging_mixin.py:104} INFO - [2026-09-23 12:13:10,441] {dagbag.py:451} INFO - Filling up the DagBag from /home/airflow/.local/lib/python3.6/site-packages/airflow/example_dags/tutorial_etl_dag.py
[2026-09-23 12:13:10,463] {scheduler_job.py:639} INFO - DAG(s) dict_keys(['tutorial_etl_dag']) retrieved from /home/airflow/.local/lib/python3.6/site-packages/airflow/example_dags/tutorial_etl_dag.py
[2026-09-23 12:13:10,497] {logging_mixin.py:104} INFO - [2026-09-23 12:13:10,497] {dag.py:1824} INFO - Sync 1 DAGs
[2026-09-23 12:13:10,526] {logging_mixin.py:104} INFO - [2026-09-23 12:13:10,526] {dag.py:2280} INFO - Setting next_dagrun for tutorial_etl_dag to None
[2026-09-23 12:13:10,544] {scheduler_job.py:190} INFO - Processing /home/airflow/.local/lib/python3.6/site-packages/airflow/example_dags/tutorial_etl_dag.py took 0.110 seconds
[2026-09-23 12:13:40,781] {scheduler_job.py:182} INFO - Started process (PID=2657) to work on /home/airflow/.local/lib/python3.6/site-packages/airflow/example_dags/tutorial_etl_dag.py
[2026-09-23 12:13:40,782] {scheduler_job.py:629} INFO - Processing file /home/airflow/.local/lib/python3.6/site-packages/airflow/example_dags/tutorial_etl_dag.py for tasks to queue
[2026-09-23 12:13:40,783] {logging_mixin.py:104} INFO - [2026-09-23 12:13:40,783] {dagbag.py:451} INFO - Filling up the DagBag from /home/airflow/.local/lib/python3.6/site-packages/airflow/example_dags/tutorial_etl_dag.py
[2026-09-23 12:13:40,799] {scheduler_job.py:639} INFO - DAG(s) dict_keys(['tutorial_etl_dag']) retrieved from /home/airflow/.local/lib/python3.6/site-packages/airflow/example_dags/tutorial_etl_dag.py
[2026-09-23 12:13:40,827] {logging_mixin.py:104} INFO - [2026-09-23 12:13:40,827] {dag.py:1824} INFO - Sync 1 DAGs
[2026-09-23 12:13:40,847] {logging_mixin.py:104} INFO - [2026-09-23 12:13:40,847] {dag.py:2280} INFO - Setting next_dagrun for tutorial_etl_dag to None
[2026-09-23 12:13:40,860] {scheduler_job.py:190} INFO - Processing /home/airflow/.local/lib/python3.6/site-packages/airflow/example_dags/tutorial_etl_dag.py took 0.083 seconds
