[2026-09-23 11:22:13,420] {scheduler_job.py:182} INFO - Started process (PID=42) to work on /home/airflow/.local/lib/python3.6/site-packages/airflow/example_dags/tutorial.py
[2026-09-23 11:22:13,426] {scheduler_job.py:629} INFO - Processing file /home/airflow/.local/lib/python3.6/site-packages/airflow/example_dags/tutorial.py for tasks to queue
[2026-09-23 11:22:13,431] {logging_mixin.py:104} INFO - [2026-09-23 11:22:13,431] {dagbag.py:451} INFO - Filling up the DagBag from /home/airflow/.local/lib/python3.6/site-packages/airflow/example_dags/tutorial.py
[2026-09-23 11:22:13,503] {scheduler_job.py:639} INFO - DAG(s) dict_keys(['tutorial']) retrieved from /home/airflow/.local/lib/python3.6/site-packages/airflow/example_dags/tutorial.py
[2026-09-23 11:22:13,550] {logging_mixin.py:104} INFO - [2026-09-23 11:22:13,549] {dag.py:1824} INFO - Sync 1 DAGs
[2026-09-23 11:22:13,624] {logging_mixin.py:104} INFO - [2026-09-23 11:22:13,623] {dag.py:2280} INFO - Setting next_dagrun for tutorial to 2026-09-21 00:00:00+00:00
[2026-09-23 11:22:13,653] {scheduler_job.py:190} INFO - Processing /home/airflow/.local/lib/python3.6/site-packages/airflow/example_dags/tutorial.py took 0.244 seconds
[2026-09-23 11:22:44,141] {scheduler_job.py:182} INFO - Started process (PID=70) to work on /home/airflow/.local/lib/python3.6/site-packages/airflow/example_dags/tutorial.py
[2026-09-23 11:22:44,142] {scheduler_job.py:629} INFO - Processing file /home/airflow/.local/lib/python3.6/site-packages/airflow/example_dags/tutorial.py for tasks to queue
[2026-09-23 11:22:44,143] {logging_mixin.py:104} INFO - [2026-09-23 11:22:44,143] {dagbag.py:451} INFO - Filling up the DagBag from /home/airflow/.local/lib/python3.6/site-packages/airflow/example_dags/tutorial.py
[2026-09-23 11:22:44,156] {scheduler_job.py:639} INFO - DAG(s) dict_keys(['tutorial']) retrieved from /home/airflow/.local/lib/python3.6/site-packages/airflow/example_dags/tutorial.py
[2026-09-23 11:22:44,185] {logging_mixin.py:104} INFO - [2026-09-23 11:22:44,185] {dag.py:1824} INFO - Sync 1 DAGs
[2026-09-23 11:22:44,203] {logging_mixin.py:104} INFO - [2026-09-23 11:22:44,203] {dag.py:2280} INFO - Setting next_dagrun for tutorial to 2026-09-21 00:00:00+00:00
[2026-09-23 11:22:44,215] {scheduler_job.py:190} INFO - Processing /home/airflow/.local/lib/python3.6/site-packages/airflow/example_dags/tutorial.py took 0.078 seconds
[2026-09-23 11:23:14,979] {scheduler_job.py:182} INFO - Started process (PID=95) to work on /home/airflow/.local/lib/python3.6/site-packages/airflow/example_dags/tutorial.py
[2026-09-23 11:23:14,981] {scheduler_job.py:629} INFO - Processing file /home/airflow/.local/lib/python3.6/site-packages/airflow/example_dags/tutorial.py for tasks to queue
[2026-09-23 11:23:14,982] {logging_mixin.py:104} INFO - [2026-09-23 11:23:14,981] {dagbag.py:451} INFO - Filling up the DagBag from /home/airflow/.local/lib/python3.6/site-packages/airflow/example_dags/tutorial.py
[2026-09-23 11:23:14,999] {scheduler_job.py:639} INFO - DAG(s) dict_keys(['tutorial']) retrieved from /home/airflow/.local/lib/python3.6/site-packages/airflow/example_dags/tutorial.py
[2026-09-23 11:23:15,027] {logging_mixin.py:104} INFO - [2026-09-23 11:23:15,027] {dag.py:1824} INFO - Sync 1 DAGs
[2026-09-23 11:23:15,054] {logging_mixin.py:104} INFO - [2026-09-23 11:23:15,053] {dag.py:2280} INFO - Setting next_dagrun for tutorial to 2026-09-21 00:00:00+00:00
[2026-09-23 11:23:15,074] {scheduler_job.py:190} INFO - Processing /home/airflow/.local/lib/python3.6/site-packages/airflow/example_dags/tutorial.py took 0.099 seconds
[2026-09-23 11:23:45,864] {scheduler_job.py:182} INFO - Started process (PID=122) to work on /home/airflow/.local/lib/python3.6/site-packages/airflow/example_dags/tutorial.py
[2026-09-23 11:23:45,865] {scheduler_job.py:629} INFO - Processing file /home/airflow/.local/lib/python3.6/site-packages/airflow/example_dags/tutorial.py for tasks to queue
[2026-09-23 11:23:45,866] {logging_mixin.py:104} INFO - [2026-09-23 11:23:45,866] {dagbag.py:451} INFO - Filling up the DagBag from /home/airflow/.local/lib/python3.6/site-packages/airflow/example_dags/tutorial.py
[2026-09-23 11:23:45,881] {scheduler_job.py:639} INFO - DAG(s) dict_keys(['tutorial']) retrieved from /home/airflow/.local/lib/python3.6/site-packages/airflow/example_dags/tutorial.py
[2026-09-23 11:23:45,915] {logging_mixin.py:104} INFO - [2026-09-23 11:23:45,915] {dag.py:1824} INFO - Sync 1 DAGs
[2026-09-23 11:23:45,941] {logging_mixin.py:104} INFO - [2026-09-23 11:23:45,941] {dag.py:2280} INFO - Setting next_dagrun for tutorial to 2026-09-21 00:00:00+00:00
[2026-09-23 11:23:45,958] {scheduler_job.py:190} INFO - Processing /home/airflow/.local/lib/python3.6/site-packages/airflow/example_dags/tutorial.py took 0.098 seconds
[2026-09-23 11:24:16,710] {scheduler_job.py:182} INFO - Started process (PID=148) to work on /home/airflow/.local/lib/python3.6/site-packages/airflow/example_dags/tutorial.py
[2026-09-23 11:24:16,711] {scheduler_job.py:629} INFO - Processing file /home/airflow/.local/lib/python3.6/site-packages/airflow/example_dags/tutorial.py for tasks to queue
[2026-09-23 11:24:16,712] {logging_mixin.py:104} INFO - [2026-09-23 11:24:16,712] {dagbag.py:451} INFO - Filling up the DagBag from /home/airflow/.local/lib/python3.6/site-packages/airflow/example_dags/tutorial.py
[2026-09-23 11:24:16,725] {scheduler_job.py:639} INFO - DAG(s) dict_keys(['tutorial']) retrieved from /home/airflow/.local/lib/python3.6/site-packages/airflow/example_dags/tutorial.py
[2026-09-23 11:24:16,752] {logging_mixin.py:104} INFO - [2026-09-23 11:24:16,752] {dag.py:1824} INFO - Sync 1 DAGs
[2026-09-23 11:24:16,774] {logging_mixin.py:104} INFO - [2026-09-23 11:24:16,773] {dag.py:2280} INFO - Setting next_dagrun for tutorial to 2026-09-21 00:00:00+00:00
[2026-09-23 11:24:16,789] {scheduler_job.py:190} INFO - Processing /home/airflow/.local/lib/python3.6/site-packages/airflow/example_dags/tutorial.py took 0.084 seconds
[2026-09-23 11:24:47,313] {scheduler_job.py:182} INFO - Started process (PID=174) to work on /home/airflow/.local/lib/python3.6/site-packages/airflow/example_dags/tutorial.py
[2026-09-23 11:24:47,315] {scheduler_job.py:629} INFO - Processing file /home/airflow/.local/lib/python3.6/site-packages/airflow/example_dags/tutorial.py for tasks to queue
[2026-09-23 11:24:47,316] {logging_mixin.py:104} INFO - [2026-09-23 11:24:47,316] {dagbag.py:451} INFO - Filling up the DagBag from /home/airflow/.local/lib/python3.6/site-packages/airflow/example_dags/tutorial.py
[2026-09-23 11:24:47,329] {scheduler_job.py:639} INFO - DAG(s) dict_keys(['tutorial']) retrieved from /home/airflow/.local/lib/python3.6/site-packages/airflow/example_dags/tutorial.py
[2026-09-23 11:24:47,356] {logging_mixin.py:104} INFO - [2026-09-23 11:24:47,356] {dag.py:1824} INFO - Sync 1 DAGs
[2026-09-23 11:24:47,376] {logging_mixin.py:104} INFO - [2026-09-23 11:24:47,376] {dag.py:2280} INFO - Setting next_dagrun for tutorial to 2026-09-21 00:00:00+00:00
[2026-09-23 11:24:47,390] {scheduler_job.py:190} INFO - Processing /home/airflow/.local/lib/python3.6/site-packages/airflow/example_dags/tutorial.py took 0.081 seconds
[2026-09-23 11:25:17,733] {scheduler_job.py:182} INFO - Started process (PID=199) to work on /home/airflow/.local/lib/python3.6/site-packages/airflow/example_dags/tutorial.py
[2026-09-23 11:25:17,735] {scheduler_job.py:629} INFO - Processing file /home/airflow/.local/lib/python3.6/site-packages/airflow/example_dags/tutorial.py for tasks to queue
[2026-09-23 11:25:17,735] {logging_mixin.py:104} INFO - [2026-09-23 11:25:17,735] {dagbag.py:451} INFO - Filling up the DagBag from /home/airflow/.local/lib/python3.6/site-packages/airflow/example_dags/tutorial.py
[2026-09-23 11:25:17,747] {scheduler_job.py:639} INFO - DAG(s) dict_keys(['tutorial']) retrieved from /home/airflow/.local/lib/python3.6/site-packages/airflow/example_dags/tutorial.py
[2026-09-23 11:25:17,769] {logging_mixin.py:104} INFO - [2026-09-23 11:25:17,769] {dag.py:1824} INFO - Sync 1 DAGs
[2026-09-23 11:25:17,786] {logging_mixin.py:104} INFO - [2026-09-23 11:25:17,786] {dag.py:2280} INFO - Setting next_dagrun for tutorial to 2026-09-21 00:00:00+00:00
[2026-09-23 11:25:17,802] {scheduler_job.py:190} INFO - Processing /home/airflow/.local/lib/python3.6/site-packages/airflow/example_dags/tutorial.py took 0.073 seconds
[2026-09-23 11:25:48,336] {scheduler_job.py:182} INFO - Started process (PID=227) to work on /home/airflow/.local/lib/python3.6/site-packages/airflow/example_dags/tutorial.py
[2026-09-23 11:25:48,337] {scheduler_job.py:629} INFO - Processing file /home/airflow/.local/lib/python3.6/site-packages/airflow/example_dags/tutorial.py for tasks to queue
[2026-09-23 11:25:48,338] {logging_mixin.py:104} INFO - [2026-09-23 11:25:48,338] {dagbag.py:451} INFO - Filling up the DagBag from /home/airflow/.local/lib/python3.6/site-packages/airflow/example_dags/tutorial.py
[2026-09-23 11:25:48,351] {scheduler_job.py:639} INFO - DAG(s) dict_keys(['tutorial']) retrieved from /home/airflow/.local/lib/python3.6/site-packages/airflow/example_dags/tutorial.py
[2026-09-23 11:25:48,381] {logging_mixin.py:104} INFO - [2026-09-23 11:25:48,381] {dag.py:1824} INFO - Sync 1 DAGs
[2026-09-23 11:25:48,402] {logging_mixin.py:104} INFO - [2026-09-23 11:25:48,402] {dag.py:2280} INFO - Setting next_dagrun for tutorial to 2026-09-21 00:00:00+00:00
[2026-09-23 11:25:48,420] {scheduler_job.py:190} INFO - Processing /home/airflow/.local/lib/python3.6/site-packages/airflow/example_dags/tutorial.py took 0.088 seconds
[2026-09-23 11:26:18,943] {scheduler_job.py:182} INFO - Started process (PID=253) to work on /home/airflow/.local/lib/python3.6/site-packages/airflow/example_dags/tutorial.py
[2026-09-23 11:26:18,944] {scheduler_job.py:629} INFO - Processing file /home/airflow/.local/lib/python3.6/site-packages/airflow/example_dags/tutorial.py for tasks to queue
[2026-09-23 11:26:18,945] {logging_mixin.py:104} INFO - [2026-09-23 11:26:18,945] {dagbag.py:451} INFO - Filling up the DagBag from /home/airflow/.local/lib/python3.6/site-packages/airflow/example_dags/tutorial.py
[2026-09-23 11:26:18,957] {scheduler_job.py:639} INFO - DAG(s) dict_keys(['tutorial']) retrieved from /home/airflow/.local/lib/python3.6/site-packages/airflow/example_dags/tutorial.py
[2026-09-23 11:26:18,986] {logging_mixin.py:104} INFO - [2026-09-23 11:26:18,986] {dag.py:1824} INFO - Sync 1 DAGs
[2026-09-23 11:26:19,005] {logging_mixin.py:104} INFO - [2026-09-23 11:26:19,005] {dag.py:2280} INFO - Setting next_dagrun for tutorial to 2026-09-21 00:00:00+00:00
[2026-09-23 11:26:19,020] {scheduler_job.py:190} INFO - Processing /home/airflow/.local/lib/python3.6/site-packages/airflow/example_dags/tutorial.py took 0.081 seconds
[2026-09-23 11:26:49,766] {scheduler_job.py:182} INFO - Started process (PID=279) to work on /home/airflow/.local/lib/python3.6/site-packages/airflow/example_dags/tutorial.py
[2026-09-23 11:26:49,768] {scheduler_job.py:629} INFO - Processing file /home/airflow/.local/lib/python3.6/site-packages/airflow/example_dags/tutorial.py for tasks to queue
[2026-09-23 11:26:49,769] {logging_mixin.py:104} INFO - [2026-09-23 11:26:49,769] {dagbag.py:451} INFO - Filling up the DagBag from /home/airflow/.local/lib/python3.6/site-packages/airflow/example_dags/tutorial.py
[2026-09-23 11:26:49,787] {scheduler_job.py:639} INFO - DAG(s) dict_keys(['tutorial']) retrieved from /home/airflow/.local/lib/python3.6/site-packages/airflow/example_dags/tutorial.py
[2026-09-23 11:26:49,819] {logging_mixin.py:104} INFO - [2026-09-23 11:26:49,819] {dag.py:1824} INFO - Sync 1 DAGs
[2026-09-23 11:26:49,847] {logging_mixin.py:104} INFO - [2026-09-23 11:26:49,847] {dag.py:2280} INFO - Setting next_dagrun for tutorial to 2026-09-21 00:00:00+00:00
[2026-09-23 11:26:49,860] {scheduler_job.py:190} INFO - Processing /home/airflow/.local/lib/python3.6/site-packages/airflow/example_dags/tutorial.py took 0.099 seconds
[2026-09-23 11:27:20,523] {scheduler_job.py:182} INFO - Started process (PID=304) to work on /home/airflow/.local/lib/python3.6/site-packages/airflow/example_dags/tutorial.py
[2026-09-23 11:27:20,525] {scheduler_job.py:629} INFO - Processing file /home/airflow/.local/lib/python3.6/site-packages/airflow/example_dags/tutorial.py for tasks to queue
[2026-09-23 11:27:20,525] {logging_mixin.py:104} INFO - [2026-09-23 11:27:20,525] {dagbag.py:451} INFO - Filling up the DagBag from /home/airflow/.local/lib/python3.6/site-packages/airflow/example_dags/tutorial.py
[2026-09-23 11:27:20,543] {scheduler_job.py:639} INFO - DAG(s) dict_keys(['tutorial']) retrieved from /home/airflow/.local/lib/python3.6/site-packages/airflow/example_dags/tutorial.py
[2026-09-23 11:27:20,569] {logging_mixin.py:104} INFO - [2026-09-23 11:27:20,569] {dag.py:1824} INFO - Sync 1 DAGs
[2026-09-23 11:27:20,593] {logging_mixin.py:104} INFO - [2026-09-23 11:27:20,593] {dag.py:2280} INFO - Setting next_dagrun for tutorial to 2026-09-21 00:00:00+00:00
[2026-09-23 11:27:20,608] {scheduler_job.py:190} INFO - Processing /home/airflow/.local/lib/python3.6/site-packages/airflow/example_dags/tutorial.py took 0.089 seconds
[2026-09-23 11:27:51,439] {scheduler_job.py:182} INFO - Started process (PID=330) to work on /home/airflow/.local/lib/python3.6/site-packages/airflow/example_dags/tutorial.py
[2026-09-23 11:27:51,442] {scheduler_job.py:629} INFO - Processing file /home/airflow/.local/lib/python3.6/site-packages/airflow/example_dags/tutorial.py for tasks to queue
[2026-09-23 11:27:51,443] {logging_mixin.py:104} INFO - [2026-09-23 11:27:51,443] {dagbag.py:451} INFO - Filling up the DagBag from /home/airflow/.local/lib/python3.6/site-packages/airflow/example_dags/tutorial.py
[2026-09-23 11:27:51,458] {scheduler_job.py:639} INFO - DAG(s) dict_keys(['tutorial']) retrieved from /home/airflow/.local/lib/python3.6/site-packages/airflow/example_dags/tutorial.py
[2026-09-23 11:27:51,496] {logging_mixin.py:104} INFO - [2026-09-23 11:27:51,496] {dag.py:1824} INFO - Sync 1 DAGs
[2026-09-23 11:27:51,533] {logging_mixin.py:104} INFO - [2026-09-23 11:27:51,533] {dag.py:2280} INFO - Setting next_dagrun for tutorial to 2026-09-21 00:00:00+00:00
[2026-09-23 11:27:51,562] {scheduler_job.py:190} INFO - Processing /home/airflow/.local/lib/python3.6/site-packages/airflow/example_dags/tutorial.py took 0.129 seconds
[2026-09-23 11:28:21,640] {scheduler_job.py:182} INFO - Started process (PID=356) to work on /home/airflow/.local/lib/python3.6/site-packages/airflow/example_dags/tutorial.py
[2026-09-23 11:28:21,642] {scheduler_job.py:629} INFO - Processing file /home/airflow/.local/lib/python3.6/site-packages/airflow/example_dags/tutorial.py for tasks to queue
[2026-09-23 11:28:21,643] {logging_mixin.py:104} INFO - [2026-09-23 11:28:21,642] {dagbag.py:451} INFO - Filling up the DagBag from /home/airflow/.local/lib/python3.6/site-packages/airflow/example_dags/tutorial.py
[2026-09-23 11:28:21,661] {scheduler_job.py:639} INFO - DAG(s) dict_keys(['tutorial']) retrieved from /home/airflow/.local/lib/python3.6/site-packages/airflow/example_dags/tutorial.py
[2026-09-23 11:28:21,694] {logging_mixin.py:104} INFO - [2026-09-23 11:28:21,694] {dag.py:1824} INFO - Sync 1 DAGs
[2026-09-23 11:28:21,722] {logging_mixin.py:104} INFO - [2026-09-23 11:28:21,722] {dag.py:2280} INFO - Setting next_dagrun for tutorial to 2026-09-21 00:00:00+00:00
[2026-09-23 11:28:21,740] {scheduler_job.py:190} INFO - Processing /home/airflow/.local/lib/python3.6/site-packages/airflow/example_dags/tutorial.py took 0.104 seconds
[2026-09-23 11:28:52,399] {scheduler_job.py:182} INFO - Started process (PID=382) to work on /home/airflow/.local/lib/python3.6/site-packages/airflow/example_dags/tutorial.py
[2026-09-23 11:28:52,401] {scheduler_job.py:629} INFO - Processing file /home/airflow/.local/lib/python3.6/site-packages/airflow/example_dags/tutorial.py for tasks to queue
[2026-09-23 11:28:52,401] {logging_mixin.py:104} INFO - [2026-09-23 11:28:52,401] {dagbag.py:451} INFO - Filling up the DagBag from /home/airflow/.local/lib/python3.6/site-packages/airflow/example_dags/tutorial.py
[2026-09-23 11:28:52,416] {scheduler_job.py:639} INFO - DAG(s) dict_keys(['tutorial']) retrieved from /home/airflow/.local/lib/python3.6/site-packages/airflow/example_dags/tutorial.py
[2026-09-23 11:28:52,455] {logging_mixin.py:104} INFO - [2026-09-23 11:28:52,455] {dag.py:1824} INFO - Sync 1 DAGs
[2026-09-23 11:28:52,478] {logging_mixin.py:104} INFO - [2026-09-23 11:28:52,478] {dag.py:2280} INFO - Setting next_dagrun for tutorial to 2026-09-21 00:00:00+00:00
[2026-09-23 11:28:52,496] {scheduler_job.py:190} INFO - Processing /home/airflow/.local/lib/python3.6/site-packages/airflow/example_dags/tutorial.py took 0.101 seconds
[2026-09-23 11:29:22,945] {scheduler_job.py:182} INFO - Started process (PID=409) to work on /home/airflow/.local/lib/python3.6/site-packages/airflow/example_dags/tutorial.py
[2026-09-23 11:29:22,947] {scheduler_job.py:629} INFO - Processing file /home/airflow/.local/lib/python3.6/site-packages/airflow/example_dags/tutorial.py for tasks to queue
[2026-09-23 11:29:22,948] {logging_mixin.py:104} INFO - [2026-09-23 11:29:22,948] {dagbag.py:451} INFO - Filling up the DagBag from /home/airflow/.local/lib/python3.6/site-packages/airflow/example_dags/tutorial.py
[2026-09-23 11:29:22,959] {scheduler_job.py:639} INFO - DAG(s) dict_keys(['tutorial']) retrieved from /home/airflow/.local/lib/python3.6/site-packages/airflow/example_dags/tutorial.py
[2026-09-23 11:29:22,982] {logging_mixin.py:104} INFO - [2026-09-23 11:29:22,981] {dag.py:1824} INFO - Sync 1 DAGs
[2026-09-23 11:29:22,999] {logging_mixin.py:104} INFO - [2026-09-23 11:29:22,999] {dag.py:2280} INFO - Setting next_dagrun for tutorial to 2026-09-21 00:00:00+00:00
[2026-09-23 11:29:23,013] {scheduler_job.py:190} INFO - Processing /home/airflow/.local/lib/python3.6/site-packages/airflow/example_dags/tutorial.py took 0.072 seconds
[2026-09-23 11:29:53,567] {scheduler_job.py:182} INFO - Started process (PID=434) to work on /home/airflow/.local/lib/python3.6/site-packages/airflow/example_dags/tutorial.py
[2026-09-23 11:29:53,568] {scheduler_job.py:629} INFO - Processing file /home/airflow/.local/lib/python3.6/site-packages/airflow/example_dags/tutorial.py for tasks to queue
[2026-09-23 11:29:53,569] {logging_mixin.py:104} INFO - [2026-09-23 11:29:53,569] {dagbag.py:451} INFO - Filling up the DagBag from /home/airflow/.local/lib/python3.6/site-packages/airflow/example_dags/tutorial.py
[2026-09-23 11:29:53,582] {scheduler_job.py:639} INFO - DAG(s) dict_keys(['tutorial']) retrieved from /home/airflow/.local/lib/python3.6/site-packages/airflow/example_dags/tutorial.py
[2026-09-23 11:29:53,608] {logging_mixin.py:104} INFO - [2026-09-23 11:29:53,608] {dag.py:1824} INFO - Sync 1 DAGs
[2026-09-23 11:29:53,632] {logging_mixin.py:104} INFO - [2026-09-23 11:29:53,632] {dag.py:2280} INFO - Setting next_dagrun for tutorial to 2026-09-21 00:00:00+00:00
[2026-09-23 11:29:53,652] {scheduler_job.py:190} INFO - Processing /home/airflow/.local/lib/python3.6/site-packages/airflow/example_dags/tutorial.py took 0.088 seconds
[2026-09-23 11:30:24,174] {scheduler_job.py:182} INFO - Started process (PID=460) to work on /home/airflow/.local/lib/python3.6/site-packages/airflow/example_dags/tutorial.py
[2026-09-23 11:30:24,175] {scheduler_job.py:629} INFO - Processing file /home/airflow/.local/lib/python3.6/site-packages/airflow/example_dags/tutorial.py for tasks to queue
[2026-09-23 11:30:24,176] {logging_mixin.py:104} INFO - [2026-09-23 11:30:24,176] {dagbag.py:451} INFO - Filling up the DagBag from /home/airflow/.local/lib/python3.6/site-packages/airflow/example_dags/tutorial.py
[2026-09-23 11:30:24,188] {scheduler_job.py:639} INFO - DAG(s) dict_keys(['tutorial']) retrieved from /home/airflow/.local/lib/python3.6/site-packages/airflow/example_dags/tutorial.py
[2026-09-23 11:30:24,216] {logging_mixin.py:104} INFO - [2026-09-23 11:30:24,216] {dag.py:1824} INFO - Sync 1 DAGs
[2026-09-23 11:30:24,237] {logging_mixin.py:104} INFO - [2026-09-23 11:30:24,237] {dag.py:2280} INFO - Setting next_dagrun for tutorial to 2026-09-21 00:00:00+00:00
[2026-09-23 11:30:24,250] {scheduler_job.py:190} INFO - Processing /home/airflow/.local/lib/python3.6/site-packages/airflow/example_dags/tutorial.py took 0.080 seconds
[2026-09-23 11:30:54,783] {scheduler_job.py:182} INFO - Started process (PID=486) to work on /home/airflow/.local/lib/python3.6/site-packages/airflow/example_dags/tutorial.py
[2026-09-23 11:30:54,784] {scheduler_job.py:629} INFO - Processing file /home/airflow/.local/lib/python3.6/site-packages/airflow/example_dags/tutorial.py for tasks to queue
[2026-09-23 11:30:54,785] {logging_mixin.py:104} INFO - [2026-09-23 11:30:54,785] {dagbag.py:451} INFO - Filling up the DagBag from /home/airflow/.local/lib/python3.6/site-packages/airflow/example_dags/tutorial.py
[2026-09-23 11:30:54,802] {scheduler_job.py:639} INFO - DAG(s) dict_keys(['tutorial']) retrieved from /home/airflow/.local/lib/python3.6/site-packages/airflow/example_dags/tutorial.py
[2026-09-23 11:30:54,835] {logging_mixin.py:104} INFO - [2026-09-23 11:30:54,835] {dag.py:1824} INFO - Sync 1 DAGs
[2026-09-23 11:30:54,859] {logging_mixin.py:104} INFO - [2026-09-23 11:30:54,858] {dag.py:2280} INFO - Setting next_dagrun for tutorial to 2026-09-21 00:00:00+00:00
[2026-09-23 11:30:54,875] {scheduler_job.py:190} INFO - Processing /home/airflow/.local/lib/python3.6/site-packages/airflow/example_dags/tutorial.py took 0.097 seconds
[2026-09-23 11:31:25,327] {scheduler_job.py:182} INFO - Started process (PID=512) to work on /home/airflow/.local/lib/python3.6/site-packages/airflow/example_dags/tutorial.py
[2026-09-23 11:31:25,328] {scheduler_job.py:629} INFO - Processing file /home/airflow/.local/lib/python3.6/site-packages/airflow/example_dags/tutorial.py for tasks to queue
[2026-09-23 11:31:25,329] {logging_mixin.py:104} INFO - [2026-09-23 11:31:25,329] {dagbag.py:451} INFO - Filling up the DagBag from /home/airflow/.local/lib/python3.6/site-packages/airflow/example_dags/tutorial.py
[2026-09-23 11:31:25,342] {scheduler_job.py:639} INFO - DAG(s) dict_keys(['tutorial']) retrieved from /home/airflow/.local/lib/python3.6/site-packages/airflow/example_dags/tutorial.py
[2026-09-23 11:31:25,373] {logging_mixin.py:104} INFO - [2026-09-23 11:31:25,373] {dag.py:1824} INFO - Sync 1 DAGs
[2026-09-23 11:31:25,393] {logging_mixin.py:104} INFO - [2026-09-23 11:31:25,393] {dag.py:2280} INFO - Setting next_dagrun for tutorial to 2026-09-21 00:00:00+00:00
[2026-09-23 11:31:25,406] {scheduler_job.py:190} INFO - Processing /home/airflow/.local/lib/python3.6/site-packages/airflow/example_dags/tutorial.py took 0.084 seconds
[2026-09-23 11:31:55,833] {scheduler_job.py:182} INFO - Started process (PID=538) to work on /home/airflow/.local/lib/python3.6/site-packages/airflow/example_dags/tutorial.py
[2026-09-23 11:31:55,835] {scheduler_job.py:629} INFO - Processing file /home/airflow/.local/lib/python3.6/site-packages/airflow/example_dags/tutorial.py for tasks to queue
[2026-09-23 11:31:55,835] {logging_mixin.py:104} INFO - [2026-09-23 11:31:55,835] {dagbag.py:451} INFO - Filling up the DagBag from /home/airflow/.local/lib/python3.6/site-packages/airflow/example_dags/tutorial.py
[2026-09-23 11:31:55,848] {scheduler_job.py:639} INFO - DAG(s) dict_keys(['tutorial']) retrieved from /home/airflow/.local/lib/python3.6/site-packages/airflow/example_dags/tutorial.py
[2026-09-23 11:31:55,872] {logging_mixin.py:104} INFO - [2026-09-23 11:31:55,872] {dag.py:1824} INFO - Sync 1 DAGs
[2026-09-23 11:31:55,893] {logging_mixin.py:104} INFO - [2026-09-23 11:31:55,893] {dag.py:2280} INFO - Setting next_dagrun for tutorial to 2026-09-21 00:00:00+00:00
[2026-09-23 11:31:55,909] {scheduler_job.py:190} INFO - Processing /home/airflow/.local/lib/python3.6/site-packages/airflow/example_dags/tutorial.py took 0.079 seconds
[2026-09-23 11:32:26,355] {scheduler_job.py:182} INFO - Started process (PID=564) to work on /home/airflow/.local/lib/python3.6/site-packages/airflow/example_dags/tutorial.py
[2026-09-23 11:32:26,356] {scheduler_job.py:629} INFO - Processing file /home/airflow/.local/lib/python3.6/site-packages/airflow/example_dags/tutorial.py for tasks to queue
[2026-09-23 11:32:26,357] {logging_mixin.py:104} INFO - [2026-09-23 11:32:26,357] {dagbag.py:451} INFO - Filling up the DagBag from /home/airflow/.local/lib/python3.6/site-packages/airflow/example_dags/tutorial.py
[2026-09-23 11:32:26,369] {scheduler_job.py:639} INFO - DAG(s) dict_keys(['tutorial']) retrieved from /home/airflow/.local/lib/python3.6/site-packages/airflow/example_dags/tutorial.py
[2026-09-23 11:32:26,397] {logging_mixin.py:104} INFO - [2026-09-23 11:32:26,397] {dag.py:1824} INFO - Sync 1 DAGs
[2026-09-23 11:32:26,418] {logging_mixin.py:104} INFO - [2026-09-23 11:32:26,418] {dag.py:2280} INFO - Setting next_dagrun for tutorial to 2026-09-21 00:00:00+00:00
[2026-09-23 11:32:26,436] {scheduler_job.py:190} INFO - Processing /home/airflow/.local/lib/python3.6/site-packages/airflow/example_dags/tutorial.py took 0.085 seconds
[2026-09-23 11:32:56,855] {scheduler_job.py:182} INFO - Started process (PID=590) to work on /home/airflow/.local/lib/python3.6/site-packages/airflow/example_dags/tutorial.py
[2026-09-23 11:32:56,856] {scheduler_job.py:629} INFO - Processing file /home/airflow/.local/lib/python3.6/site-packages/airflow/example_dags/tutorial.py for tasks to queue
[2026-09-23 11:32:56,857] {logging_mixin.py:104} INFO - [2026-09-23 11:32:56,857] {dagbag.py:451} INFO - Filling up the DagBag from /home/airflow/.local/lib/python3.6/site-packages/airflow/example_dags/tutorial.py
[2026-09-23 11:32:56,870] {scheduler_job.py:639} INFO - DAG(s) dict_keys(['tutorial']) retrieved from /home/airflow/.local/lib/python3.6/site-packages/airflow/example_dags/tutorial.py
[2026-09-23 11:32:56,894] {logging_mixin.py:104} INFO - [2026-09-23 11:32:56,894] {dag.py:1824} INFO - Sync 1 DAGs
[2026-09-23 11:32:56,916] {logging_mixin.py:104} INFO - [2026-09-23 11:32:56,916] {dag.py:2280} INFO - Setting next_dagrun for tutorial to 2026-09-21 00:00:00+00:00
[2026-09-23 11:32:56,930] {scheduler_job.py:190} INFO - Processing /home/airflow/.local/lib/python3.6/site-packages/airflow/example_dags/tutorial.py took 0.081 seconds
[2026-09-23 11:33:27,445] {scheduler_job.py:182} INFO - Started process (PID=616) to work on /home/airflow/.local/lib/python3.6/site-packages/airflow/example_dags/tutorial.py
[2026-09-23 11:33:27,446] {scheduler_job.py:629} INFO - Processing file /home/airflow/.local/lib/python3.6/site-packages/airflow/example_dags/tutorial.py for tasks to queue
[2026-09-23 11:33:27,446] {logging_mixin.py:104} INFO - [2026-09-23 11:33:27,446] {dagbag.py:451} INFO - Filling up the DagBag from /home/airflow/.local/lib/python3.6/site-packages/airflow/example_dags/tutorial.py
[2026-09-23 11:33:27,459] {scheduler_job.py:639} INFO - DAG(s) dict_keys(['tutorial']) retrieved from /home/airflow/.local/lib/python3.6/site-packages/airflow/example_dags/tutorial.py
[2026-09-23 11:33:27,484] {logging_mixin.py:104} INFO - [2026-09-23 11:33:27,483] {dag.py:1824} INFO - Sync 1 DAGs
[2026-09-23 11:33:27,505] {logging_mixin.py:104} INFO - [2026-09-23 11:33:27,505] {dag.py:2280} INFO - Setting next_dagrun for tutorial to 2026-09-21 00:00:00+00:00
[2026-09-23 11:33:27,521] {scheduler_job.py:190} INFO - Processing /home/airflow/.local/lib/python3.6/site-packages/airflow/example_dags/tutorial.py took 0.080 seconds
[2026-09-23 11:33:57,879] {scheduler_job.py:182} INFO - Started process (PID=642) to work on /home/airflow/.local/lib/python3.6/site-packages/airflow/example_dags/tutorial.py
[2026-09-23 11:33:57,880] {scheduler_job.py:629} INFO - Processing file /home/airflow/.local/lib/python3.6/site-packages/airflow/example_dags/tutorial.py for tasks to queue
[2026-09-23 11:33:57,881] {logging_mixin.py:104} INFO - [2026-09-23 11:33:57,881] {dagbag.py:451} INFO - Filling up the DagBag from /home/airflow/.local/lib/python3.6/site-packages/airflow/example_dags/tutorial.py
[2026-09-23 11:33:57,895] {scheduler_job.py:639} INFO - DAG(s) dict_keys(['tutorial']) retrieved from /home/airflow/.local/lib/python3.6/site-packages/airflow/example_dags/tutorial.py
[2026-09-23 11:33:57,923] {logging_mixin.py:104} INFO - [2026-09-23 11:33:57,923] {dag.py:1824} INFO - Sync 1 DAGs
[2026-09-23 11:33:57,945] {logging_mixin.py:104} INFO - [2026-09-23 11:33:57,945] {dag.py:2280} INFO - Setting next_dagrun for tutorial to 2026-09-21 00:00:00+00:00
[2026-09-23 11:33:57,959] {scheduler_job.py:190} INFO - Processing /home/airflow/.local/lib/python3.6/site-packages/airflow/example_dags/tutorial.py took 0.084 seconds
[2026-09-23 11:34:28,593] {scheduler_job.py:182} INFO - Started process (PID=668) to work on /home/airflow/.local/lib/python3.6/site-packages/airflow/example_dags/tutorial.py
[2026-09-23 11:34:28,595] {scheduler_job.py:629} INFO - Processing file /home/airflow/.local/lib/python3.6/site-packages/airflow/example_dags/tutorial.py for tasks to queue
[2026-09-23 11:34:28,596] {logging_mixin.py:104} INFO - [2026-09-23 11:34:28,596] {dagbag.py:451} INFO - Filling up the DagBag from /home/airflow/.local/lib/python3.6/site-packages/airflow/example_dags/tutorial.py
[2026-09-23 11:34:28,613] {scheduler_job.py:639} INFO - DAG(s) dict_keys(['tutorial']) retrieved from /home/airflow/.local/lib/python3.6/site-packages/airflow/example_dags/tutorial.py
[2026-09-23 11:34:28,646] {logging_mixin.py:104} INFO - [2026-09-23 11:34:28,646] {dag.py:1824} INFO - Sync 1 DAGs
[2026-09-23 11:34:28,675] {logging_mixin.py:104} INFO - [2026-09-23 11:34:28,675] {dag.py:2280} INFO - Setting next_dagrun for tutorial to 2026-09-21 00:00:00+00:00
[2026-09-23 11:34:28,693] {scheduler_job.py:190} INFO - Processing /home/airflow/.local/lib/python3.6/site-packages/airflow/example_dags/tutorial.py took 0.104 seconds
[2026-09-23 11:34:59,163] {scheduler_job.py:182} INFO - Started process (PID=694) to work on /home/airflow/.local/lib/python3.6/site-packages/airflow/example_dags/tutorial.py
[2026-09-23 11:34:59,165] {scheduler_job.py:629} INFO - Processing file /home/airflow/.local/lib/python3.6/site-packages/airflow/example_dags/tutorial.py for tasks to queue
[2026-09-23 11:34:59,165] {logging_mixin.py:104} INFO - [2026-09-23 11:34:59,165] {dagbag.py:451} INFO - Filling up the DagBag from /home/airflow/.local/lib/python3.6/site-packages/airflow/example_dags/tutorial.py
[2026-09-23 11:34:59,177] {scheduler_job.py:639} INFO - DAG(s) dict_keys(['tutorial']) retrieved from /home/airflow/.local/lib/python3.6/site-packages/airflow/example_dags/tutorial.py
[2026-09-23 11:34:59,206] {logging_mixin.py:104} INFO - [2026-09-23 11:34:59,206] {dag.py:1824} INFO - Sync 1 DAGs
[2026-09-23 11:34:59,229] {logging_mixin.py:104} INFO - [2026-09-23 11:34:59,228] {dag.py:2280} INFO - Setting next_dagrun for tutorial to 2026-09-21 00:00:00+00:00
[2026-09-23 11:34:59,246] {scheduler_job.py:190} INFO - Processing /home/airflow/.local/lib/python3.6/site-packages/airflow/example_dags/tutorial.py took 0.087 seconds
[2026-09-23 11:35:30,048] {scheduler_job.py:182} INFO - Started process (PID=720) to work on /home/airflow/.local/lib/python3.6/site-packages/airflow/example_dags/tutorial.py
[2026-09-23 11:35:30,050] {scheduler_job.py:629} INFO - Processing file /home/airflow/.local/lib/python3.6/site-packages/airflow/example_dags/tutorial.py for tasks to queue
[2026-09-23 11:35:30,051] {logging_mixin.py:104} INFO - [2026-09-23 11:35:30,051] {dagbag.py:451} INFO - Filling up the DagBag from /home/airflow/.local/lib/python3.6/site-packages/airflow/example_dags/tutorial.py
[2026-09-23 11:35:30,070] {scheduler_job.py:639} INFO - DAG(s) dict_keys(['tutorial']) retrieved from /home/airflow/.local/lib/python3.6/site-packages/airflow/example_dags/tutorial.py
[2026-09-23 11:35:30,120] {logging_mixin.py:104} INFO - [2026-09-23 11:35:30,120] {dag.py:1824} INFO - Sync 1 DAGs
[2026-09-23 11:35:30,151] {logging_mixin.py:104} INFO - [2026-09-23 11:35:30,151] {dag.py:2280} INFO - Setting next_dagrun for tutorial to 2026-09-21 00:00:00+00:00
[2026-09-23 11:35:30,174] {scheduler_job.py:190} INFO - Processing /home/airflow/.local/lib/python3.6/site-packages/airflow/example_dags/tutorial.py took 0.132 seconds
[2026-09-23 11:36:00,536] {scheduler_job.py:182} INFO - Started process (PID=747) to work on /home/airflow/.local/lib/python3.6/site-packages/airflow/example_dags/tutorial.py
[2026-09-23 11:36:00,538] {scheduler_job.py:629} INFO - Processing file /home/airflow/.local/lib/python3.6/site-packages/airflow/example_dags/tutorial.py for tasks to queue
[2026-09-23 11:36:00,538] {logging_mixin.py:104} INFO - [2026-09-23 11:36:00,538] {dagbag.py:451} INFO - Filling up the DagBag from /home/airflow/.local/lib/python3.6/site-packages/airflow/example_dags/tutorial.py
[2026-09-23 11:36:00,551] {scheduler_job.py:639} INFO - DAG(s) dict_keys(['tutorial']) retrieved from /home/airflow/.local/lib/python3.6/site-packages/airflow/example_dags/tutorial.py
[2026-09-23 11:36:00,581] {logging_mixin.py:104} INFO - [2026-09-23 11:36:00,581] {dag.py:1824} INFO - Sync 1 DAGs
[2026-09-23 11:36:00,601] {logging_mixin.py:104} INFO - [2026-09-23 11:36:00,601] {dag.py:2280} INFO - Setting next_dagrun for tutorial to 2026-09-21 00:00:00+00:00
[2026-09-23 11:36:00,618] {scheduler_job.py:190} INFO - Processing /home/airflow/.local/lib/python3.6/site-packages/airflow/example_dags/tutorial.py took 0.085 seconds
[2026-09-23 11:36:31,062] {scheduler_job.py:182} INFO - Started process (PID=773) to work on /home/airflow/.local/lib/python3.6/site-packages/airflow/example_dags/tutorial.py
[2026-09-23 11:36:31,063] {scheduler_job.py:629} INFO - Processing file /home/airflow/.local/lib/python3.6/site-packages/airflow/example_dags/tutorial.py for tasks to queue
[2026-09-23 11:36:31,065] {logging_mixin.py:104} INFO - [2026-09-23 11:36:31,064] {dagbag.py:451} INFO - Filling up the DagBag from /home/airflow/.local/lib/python3.6/site-packages/airflow/example_dags/tutorial.py
[2026-09-23 11:36:31,087] {scheduler_job.py:639} INFO - DAG(s) dict_keys(['tutorial']) retrieved from /home/airflow/.local/lib/python3.6/site-packages/airflow/example_dags/tutorial.py
[2026-09-23 11:36:31,138] {logging_mixin.py:104} INFO - [2026-09-23 11:36:31,138] {dag.py:1824} INFO - Sync 1 DAGs
[2026-09-23 11:36:31,171] {logging_mixin.py:104} INFO - [2026-09-23 11:36:31,171] {dag.py:2280} INFO - Setting next_dagrun for tutorial to 2026-09-21 00:00:00+00:00
[2026-09-23 11:36:31,195] {scheduler_job.py:190} INFO - Processing /home/airflow/.local/lib/python3.6/site-packages/airflow/example_dags/tutorial.py took 0.139 seconds
[2026-09-23 11:37:01,534] {scheduler_job.py:182} INFO - Started process (PID=799) to work on /home/airflow/.local/lib/python3.6/site-packages/airflow/example_dags/tutorial.py
[2026-09-23 11:37:01,536] {scheduler_job.py:629} INFO - Processing file /home/airflow/.local/lib/python3.6/site-packages/airflow/example_dags/tutorial.py for tasks to queue
[2026-09-23 11:37:01,537] {logging_mixin.py:104} INFO - [2026-09-23 11:37:01,537] {dagbag.py:451} INFO - Filling up the DagBag from /home/airflow/.local/lib/python3.6/site-packages/airflow/example_dags/tutorial.py
[2026-09-23 11:37:01,556] {scheduler_job.py:639} INFO - DAG(s) dict_keys(['tutorial']) retrieved from /home/airflow/.local/lib/python3.6/site-packages/airflow/example_dags/tutorial.py
[2026-09-23 11:37:01,608] {logging_mixin.py:104} INFO - [2026-09-23 11:37:01,608] {dag.py:1824} INFO - Sync 1 DAGs
[2026-09-23 11:37:01,641] {logging_mixin.py:104} INFO - [2026-09-23 11:37:01,641] {dag.py:2280} INFO - Setting next_dagrun for tutorial to 2026-09-21 00:00:00+00:00
[2026-09-23 11:37:01,665] {scheduler_job.py:190} INFO - Processing /home/airflow/.local/lib/python3.6/site-packages/airflow/example_dags/tutorial.py took 0.138 seconds
[2026-09-23 11:37:31,713] {scheduler_job.py:182} INFO - Started process (PID=825) to work on /home/airflow/.local/lib/python3.6/site-packages/airflow/example_dags/tutorial.py
[2026-09-23 11:37:31,715] {scheduler_job.py:629} INFO - Processing file /home/airflow/.local/lib/python3.6/site-packages/airflow/example_dags/tutorial.py for tasks to queue
[2026-09-23 11:37:31,716] {logging_mixin.py:104} INFO - [2026-09-23 11:37:31,716] {dagbag.py:451} INFO - Filling up the DagBag from /home/airflow/.local/lib/python3.6/site-packages/airflow/example_dags/tutorial.py
[2026-09-23 11:37:31,737] {scheduler_job.py:639} INFO - DAG(s) dict_keys(['tutorial']) retrieved from /home/airflow/.local/lib/python3.6/site-packages/airflow/example_dags/tutorial.py
[2026-09-23 11:37:31,778] {logging_mixin.py:104} INFO - [2026-09-23 11:37:31,778] {dag.py:1824} INFO - Sync 1 DAGs
[2026-09-23 11:37:31,812] {logging_mixin.py:104} INFO - [2026-09-23 11:37:31,812] {dag.py:2280} INFO - Setting next_dagrun for tutorial to 2026-09-21 00:00:00+00:00
[2026-09-23 11:37:31,834] {scheduler_job.py:190} INFO - Processing /home/airflow/.local/lib/python3.6/site-packages/airflow/example_dags/tutorial.py took 0.126 seconds
[2026-09-23 11:38:02,008] {scheduler_job.py:182} INFO - Started process (PID=851) to work on /home/airflow/.local/lib/python3.6/site-packages/airflow/example_dags/tutorial.py
[2026-09-23 11:38:02,010] {scheduler_job.py:629} INFO - Processing file /home/airflow/.local/lib/python3.6/site-packages/airflow/example_dags/tutorial.py for tasks to queue
[2026-09-23 11:38:02,011] {logging_mixin.py:104} INFO - [2026-09-23 11:38:02,011] {dagbag.py:451} INFO - Filling up the DagBag from /home/airflow/.local/lib/python3.6/site-packages/airflow/example_dags/tutorial.py
[2026-09-23 11:38:02,032] {scheduler_job.py:639} INFO - DAG(s) dict_keys(['tutorial']) retrieved from /home/airflow/.local/lib/python3.6/site-packages/airflow/example_dags/tutorial.py
[2026-09-23 11:38:02,075] {logging_mixin.py:104} INFO - [2026-09-23 11:38:02,075] {dag.py:1824} INFO - Sync 1 DAGs
[2026-09-23 11:38:02,109] {logging_mixin.py:104} INFO - [2026-09-23 11:38:02,109] {dag.py:2280} INFO - Setting next_dagrun for tutorial to 2026-09-21 00:00:00+00:00
[2026-09-23 11:38:02,136] {scheduler_job.py:190} INFO - Processing /home/airflow/.local/lib/python3.6/site-packages/airflow/example_dags/tutorial.py took 0.134 seconds
[2026-09-23 11:38:32,579] {scheduler_job.py:182} INFO - Started process (PID=877) to work on /home/airflow/.local/lib/python3.6/site-packages/airflow/example_dags/tutorial.py
[2026-09-23 11:38:32,581] {scheduler_job.py:629} INFO - Processing file /home/airflow/.local/lib/python3.6/site-packages/airflow/example_dags/tutorial.py for tasks to queue
[2026-09-23 11:38:32,582] {logging_mixin.py:104} INFO - [2026-09-23 11:38:32,582] {dagbag.py:451} INFO - Filling up the DagBag from /home/airflow/.local/lib/python3.6/site-packages/airflow/example_dags/tutorial.py
[2026-09-23 11:38:32,597] {scheduler_job.py:639} INFO - DAG(s) dict_keys(['tutorial']) retrieved from /home/airflow/.local/lib/python3.6/site-packages/airflow/example_dags/tutorial.py
[2026-09-23 11:38:32,637] {logging_mixin.py:104} INFO - [2026-09-23 11:38:32,637] {dag.py:1824} INFO - Sync 1 DAGs
[2026-09-23 11:38:32,666] {logging_mixin.py:104} INFO - [2026-09-23 11:38:32,666] {dag.py:2280} INFO - Setting next_dagrun for tutorial to 2026-09-21 00:00:00+00:00
[2026-09-23 11:38:32,685] {scheduler_job.py:190} INFO - Processing /home/airflow/.local/lib/python3.6/site-packages/airflow/example_dags/tutorial.py took 0.112 seconds
[2026-09-23 11:39:02,941] {scheduler_job.py:182} INFO - Started process (PID=901) to work on /home/airflow/.local/lib/python3.6/site-packages/airflow/example_dags/tutorial.py
[2026-09-23 11:39:02,942] {scheduler_job.py:629} INFO - Processing file /home/airflow/.local/lib/python3.6/site-packages/airflow/example_dags/tutorial.py for tasks to queue
[2026-09-23 11:39:02,944] {logging_mixin.py:104} INFO - [2026-09-23 11:39:02,943] {dagbag.py:451} INFO - Filling up the DagBag from /home/airflow/.local/lib/python3.6/site-packages/airflow/example_dags/tutorial.py
[2026-09-23 11:39:02,963] {scheduler_job.py:639} INFO - DAG(s) dict_keys(['tutorial']) retrieved from /home/airflow/.local/lib/python3.6/site-packages/airflow/example_dags/tutorial.py
[2026-09-23 11:39:03,003] {logging_mixin.py:104} INFO - [2026-09-23 11:39:03,003] {dag.py:1824} INFO - Sync 1 DAGs
[2026-09-23 11:39:03,033] {logging_mixin.py:104} INFO - [2026-09-23 11:39:03,033] {dag.py:2280} INFO - Setting next_dagrun for tutorial to 2026-09-21 00:00:00+00:00
[2026-09-23 11:39:03,056] {scheduler_job.py:190} INFO - Processing /home/airflow/.local/lib/python3.6/site-packages/airflow/example_dags/tutorial.py took 0.120 seconds
[2026-09-23 11:39:33,418] {scheduler_job.py:182} INFO - Started process (PID=928) to work on /home/airflow/.local/lib/python3.6/site-packages/airflow/example_dags/tutorial.py
[2026-09-23 11:39:33,423] {scheduler_job.py:629} INFO - Processing file /home/airflow/.local/lib/python3.6/site-packages/airflow/example_dags/tutorial.py for tasks to queue
[2026-09-23 11:39:33,424] {logging_mixin.py:104} INFO - [2026-09-23 11:39:33,424] {dagbag.py:451} INFO - Filling up the DagBag from /home/airflow/.local/lib/python3.6/site-packages/airflow/example_dags/tutorial.py
[2026-09-23 11:39:33,440] {scheduler_job.py:639} INFO - DAG(s) dict_keys(['tutorial']) retrieved from /home/airflow/.local/lib/python3.6/site-packages/airflow/example_dags/tutorial.py
[2026-09-23 11:39:33,473] {logging_mixin.py:104} INFO - [2026-09-23 11:39:33,473] {dag.py:1824} INFO - Sync 1 DAGs
[2026-09-23 11:39:33,496] {logging_mixin.py:104} INFO - [2026-09-23 11:39:33,496] {dag.py:2280} INFO - Setting next_dagrun for tutorial to 2026-09-21 00:00:00+00:00
[2026-09-23 11:39:33,521] {scheduler_job.py:190} INFO - Processing /home/airflow/.local/lib/python3.6/site-packages/airflow/example_dags/tutorial.py took 0.108 seconds
[2026-09-23 11:40:03,972] {scheduler_job.py:182} INFO - Started process (PID=954) to work on /home/airflow/.local/lib/python3.6/site-packages/airflow/example_dags/tutorial.py
[2026-09-23 11:40:03,974] {scheduler_job.py:629} INFO - Processing file /home/airflow/.local/lib/python3.6/site-packages/airflow/example_dags/tutorial.py for tasks to queue
[2026-09-23 11:40:03,975] {logging_mixin.py:104} INFO - [2026-09-23 11:40:03,974] {dagbag.py:451} INFO - Filling up the DagBag from /home/airflow/.local/lib/python3.6/site-packages/airflow/example_dags/tutorial.py
[2026-09-23 11:40:03,988] {scheduler_job.py:639} INFO - DAG(s) dict_keys(['tutorial']) retrieved from /home/airflow/.local/lib/python3.6/site-packages/airflow/example_dags/tutorial.py
[2026-09-23 11:40:04,015] {logging_mixin.py:104} INFO - [2026-09-23 11:40:04,014] {dag.py:1824} INFO - Sync 1 DAGs
[2026-09-23 11:40:04,035] {logging_mixin.py:104} INFO - [2026-09-23 11:40:04,035] {dag.py:2280} INFO - Setting next_dagrun for tutorial to 2026-09-21 00:00:00+00:00
[2026-09-23 11:40:04,058] {scheduler_job.py:190} INFO - Processing /home/airflow/.local/lib/python3.6/site-packages/airflow/example_dags/tutorial.py took 0.090 seconds
[2026-09-23 11:40:34,207] {scheduler_job.py:182} INFO - Started process (PID=979) to work on /home/airflow/.local/lib/python3.6/site-packages/airflow/example_dags/tutorial.py
[2026-09-23 11:40:34,209] {scheduler_job.py:629} INFO - Processing file /home/airflow/.local/lib/python3.6/site-packages/airflow/example_dags/tutorial.py for tasks to queue
[2026-09-23 11:40:34,210] {logging_mixin.py:104} INFO - [2026-09-23 11:40:34,210] {dagbag.py:451} INFO - Filling up the DagBag from /home/airflow/.local/lib/python3.6/site-packages/airflow/example_dags/tutorial.py
[2026-09-23 11:40:34,229] {scheduler_job.py:639} INFO - DAG(s) dict_keys(['tutorial']) retrieved from /home/airflow/.local/lib/python3.6/site-packages/airflow/example_dags/tutorial.py
[2026-09-23 11:40:34,263] {logging_mixin.py:104} INFO - [2026-09-23 11:40:34,262] {dag.py:1824} INFO - Sync 1 DAGs
[2026-09-23 11:40:34,287] {logging_mixin.py:104} INFO - [2026-09-23 11:40:34,287] {dag.py:2280} INFO - Setting next_dagrun for tutorial to 2026-09-21 00:00:00+00:00
[2026-09-23 11:40:34,308] {scheduler_job.py:190} INFO - Processing /home/airflow/.local/lib/python3.6/site-packages/airflow/example_dags/tutorial.py took 0.108 seconds
[2026-09-23 11:41:04,487] {scheduler_job.py:182} INFO - Started process (PID=1004) to work on /home/airflow/.local/lib/python3.6/site-packages/airflow/example_dags/tutorial.py
[2026-09-23 11:41:04,492] {scheduler_job.py:629} INFO - Processing file /home/airflow/.local/lib/python3.6/site-packages/airflow/example_dags/tutorial.py for tasks to queue
[2026-09-23 11:41:04,496] {logging_mixin.py:104} INFO - [2026-09-23 11:41:04,496] {dagbag.py:451} INFO - Filling up the DagBag from /home/airflow/.local/lib/python3.6/site-packages/airflow/example_dags/tutorial.py
[2026-09-23 11:41:04,537] {scheduler_job.py:639} INFO - DAG(s) dict_keys(['tutorial']) retrieved from /home/airflow/.local/lib/python3.6/site-packages/airflow/example_dags/tutorial.py
[2026-09-23 11:41:04,614] {logging_mixin.py:104} INFO - [2026-09-23 11:41:04,613] {dag.py:1824} INFO - Sync 1 DAGs
[2026-09-23 11:41:04,661] {logging_mixin.py:104} INFO - [2026-09-23 11:41:04,660] {dag.py:2280} INFO - Setting next_dagrun for tutorial to 2026-09-21 00:00:00+00:00
[2026-09-23 11:41:04,687] {scheduler_job.py:190} INFO - Processing /home/airflow/.local/lib/python3.6/site-packages/airflow/example_dags/tutorial.py took 0.211 seconds
[2026-09-23 11:41:35,277] {scheduler_job.py:182} INFO - Started process (PID=1029) to work on /home/airflow/.local/lib/python3.6/site-packages/airflow/example_dags/tutorial.py
[2026-09-23 11:41:35,281] {scheduler_job.py:629} INFO - Processing file /home/airflow/.local/lib/python3.6/site-packages/airflow/example_dags/tutorial.py for tasks to queue
[2026-09-23 11:41:35,282] {logging_mixin.py:104} INFO - [2026-09-23 11:41:35,282] {dagbag.py:451} INFO - Filling up the DagBag from /home/airflow/.local/lib/python3.6/site-packages/airflow/example_dags/tutorial.py
[2026-09-23 11:41:35,311] {scheduler_job.py:639} INFO - DAG(s) dict_keys(['tutorial']) retrieved from /home/airflow/.local/lib/python3.6/site-packages/airflow/example_dags/tutorial.py
[2026-09-23 11:41:35,357] {logging_mixin.py:104} INFO - [2026-09-23 11:41:35,357] {dag.py:1824} INFO - Sync 1 DAGs
[2026-09-23 11:41:35,389] {logging_mixin.py:104} INFO - [2026-09-23 11:41:35,389] {dag.py:2280} INFO - Setting next_dagrun for tutorial to 2026-09-21 00:00:00+00:00
[2026-09-23 11:41:35,416] {scheduler_job.py:190} INFO - Processing /home/airflow/.local/lib/python3.6/site-packages/airflow/example_dags/tutorial.py took 0.148 seconds
[2026-09-23 11:42:06,004] {scheduler_job.py:182} INFO - Started process (PID=1055) to work on /home/airflow/.local/lib/python3.6/site-packages/airflow/example_dags/tutorial.py
[2026-09-23 11:42:06,006] {scheduler_job.py:629} INFO - Processing file /home/airflow/.local/lib/python3.6/site-packages/airflow/example_dags/tutorial.py for tasks to queue
[2026-09-23 11:42:06,010] {logging_mixin.py:104} INFO - [2026-09-23 11:42:06,009] {dagbag.py:451} INFO - Filling up the DagBag from /home/airflow/.local/lib/python3.6/site-packages/airflow/example_dags/tutorial.py
[2026-09-23 11:42:06,031] {scheduler_job.py:639} INFO - DAG(s) dict_keys(['tutorial']) retrieved from /home/airflow/.local/lib/python3.6/site-packages/airflow/example_dags/tutorial.py
[2026-09-23 11:42:06,076] {logging_mixin.py:104} INFO - [2026-09-23 11:42:06,076] {dag.py:1824} INFO - Sync 1 DAGs
[2026-09-23 11:42:06,105] {logging_mixin.py:104} INFO - [2026-09-23 11:42:06,104] {dag.py:2280} INFO - Setting next_dagrun for tutorial to 2026-09-21 00:00:00+00:00
[2026-09-23 11:42:06,128] {scheduler_job.py:190} INFO - Processing /home/airflow/.local/lib/python3.6/site-packages/airflow/example_dags/tutorial.py took 0.132 seconds
[2026-09-23 11:42:36,420] {scheduler_job.py:182} INFO - Started process (PID=1081) to work on /home/airflow/.local/lib/python3.6/site-packages/airflow/example_dags/tutorial.py
[2026-09-23 11:42:36,421] {scheduler_job.py:629} INFO - Processing file /home/airflow/.local/lib/python3.6/site-packages/airflow/example_dags/tutorial.py for tasks to queue
[2026-09-23 11:42:36,422] {logging_mixin.py:104} INFO - [2026-09-23 11:42:36,422] {dagbag.py:451} INFO - Filling up the DagBag from /home/airflow/.local/lib/python3.6/site-packages/airflow/example_dags/tutorial.py
[2026-09-23 11:42:36,435] {scheduler_job.py:639} INFO - DAG(s) dict_keys(['tutorial']) retrieved from /home/airflow/.local/lib/python3.6/site-packages/airflow/example_dags/tutorial.py
[2026-09-23 11:42:36,468] {logging_mixin.py:104} INFO - [2026-09-23 11:42:36,468] {dag.py:1824} INFO - Sync 1 DAGs
[2026-09-23 11:42:36,493] {logging_mixin.py:104} INFO - [2026-09-23 11:42:36,492] {dag.py:2280} INFO - Setting next_dagrun for tutorial to 2026-09-21 00:00:00+00:00
[2026-09-23 11:42:36,520] {scheduler_job.py:190} INFO - Processing /home/airflow/.local/lib/python3.6/site-packages/airflow/example_dags/tutorial.py took 0.104 seconds
[2026-09-23 11:43:07,987] {scheduler_job.py:182} INFO - Started process (PID=1110) to work on /home/airflow/.local/lib/python3.6/site-packages/airflow/example_dags/tutorial.py
[2026-09-23 11:43:07,989] {scheduler_job.py:629} INFO - Processing file /home/airflow/.local/lib/python3.6/site-packages/airflow/example_dags/tutorial.py for tasks to queue
[2026-09-23 11:43:07,990] {logging_mixin.py:104} INFO - [2026-09-23 11:43:07,990] {dagbag.py:451} INFO - Filling up the DagBag from /home/airflow/.local/lib/python3.6/site-packages/airflow/example_dags/tutorial.py
[2026-09-23 11:43:08,009] {scheduler_job.py:639} INFO - DAG(s) dict_keys(['tutorial']) retrieved from /home/airflow/.local/lib/python3.6/site-packages/airflow/example_dags/tutorial.py
[2026-09-23 11:43:08,056] {logging_mixin.py:104} INFO - [2026-09-23 11:43:08,056] {dag.py:1824} INFO - Sync 1 DAGs
[2026-09-23 11:43:08,086] {logging_mixin.py:104} INFO - [2026-09-23 11:43:08,086] {dag.py:2280} INFO - Setting next_dagrun for tutorial to 2026-09-21 00:00:00+00:00
[2026-09-23 11:43:08,110] {scheduler_job.py:190} INFO - Processing /home/airflow/.local/lib/python3.6/site-packages/airflow/example_dags/tutorial.py took 0.129 seconds
[2026-09-23 11:43:38,288] {scheduler_job.py:182} INFO - Started process (PID=1136) to work on /home/airflow/.local/lib/python3.6/site-packages/airflow/example_dags/tutorial.py
[2026-09-23 11:43:38,290] {scheduler_job.py:629} INFO - Processing file /home/airflow/.local/lib/python3.6/site-packages/airflow/example_dags/tutorial.py for tasks to queue
[2026-09-23 11:43:38,292] {logging_mixin.py:104} INFO - [2026-09-23 11:43:38,291] {dagbag.py:451} INFO - Filling up the DagBag from /home/airflow/.local/lib/python3.6/site-packages/airflow/example_dags/tutorial.py
[2026-09-23 11:43:38,307] {scheduler_job.py:639} INFO - DAG(s) dict_keys(['tutorial']) retrieved from /home/airflow/.local/lib/python3.6/site-packages/airflow/example_dags/tutorial.py
[2026-09-23 11:43:38,340] {logging_mixin.py:104} INFO - [2026-09-23 11:43:38,340] {dag.py:1824} INFO - Sync 1 DAGs
[2026-09-23 11:43:38,370] {logging_mixin.py:104} INFO - [2026-09-23 11:43:38,370] {dag.py:2280} INFO - Setting next_dagrun for tutorial to 2026-09-21 00:00:00+00:00
[2026-09-23 11:43:38,386] {scheduler_job.py:190} INFO - Processing /home/airflow/.local/lib/python3.6/site-packages/airflow/example_dags/tutorial.py took 0.104 seconds
[2026-09-23 11:44:08,461] {scheduler_job.py:182} INFO - Started process (PID=1162) to work on /home/airflow/.local/lib/python3.6/site-packages/airflow/example_dags/tutorial.py
[2026-09-23 11:44:08,462] {scheduler_job.py:629} INFO - Processing file /home/airflow/.local/lib/python3.6/site-packages/airflow/example_dags/tutorial.py for tasks to queue
[2026-09-23 11:44:08,464] {logging_mixin.py:104} INFO - [2026-09-23 11:44:08,463] {dagbag.py:451} INFO - Filling up the DagBag from /home/airflow/.local/lib/python3.6/site-packages/airflow/example_dags/tutorial.py
[2026-09-23 11:44:08,480] {scheduler_job.py:639} INFO - DAG(s) dict_keys(['tutorial']) retrieved from /home/airflow/.local/lib/python3.6/site-packages/airflow/example_dags/tutorial.py
[2026-09-23 11:44:08,516] {logging_mixin.py:104} INFO - [2026-09-23 11:44:08,516] {dag.py:1824} INFO - Sync 1 DAGs
[2026-09-23 11:44:08,542] {logging_mixin.py:104} INFO - [2026-09-23 11:44:08,542] {dag.py:2280} INFO - Setting next_dagrun for tutorial to 2026-09-21 00:00:00+00:00
[2026-09-23 11:44:08,560] {scheduler_job.py:190} INFO - Processing /home/airflow/.local/lib/python3.6/site-packages/airflow/example_dags/tutorial.py took 0.104 seconds
[2026-09-23 11:44:38,867] {scheduler_job.py:182} INFO - Started process (PID=1189) to work on /home/airflow/.local/lib/python3.6/site-packages/airflow/example_dags/tutorial.py
[2026-09-23 11:44:38,869] {scheduler_job.py:629} INFO - Processing file /home/airflow/.local/lib/python3.6/site-packages/airflow/example_dags/tutorial.py for tasks to queue
[2026-09-23 11:44:38,873] {logging_mixin.py:104} INFO - [2026-09-23 11:44:38,873] {dagbag.py:451} INFO - Filling up the DagBag from /home/airflow/.local/lib/python3.6/site-packages/airflow/example_dags/tutorial.py
[2026-09-23 11:44:38,893] {scheduler_job.py:639} INFO - DAG(s) dict_keys(['tutorial']) retrieved from /home/airflow/.local/lib/python3.6/site-packages/airflow/example_dags/tutorial.py
[2026-09-23 11:44:38,941] {logging_mixin.py:104} INFO - [2026-09-23 11:44:38,941] {dag.py:1824} INFO - Sync 1 DAGs
[2026-09-23 11:44:38,975] {logging_mixin.py:104} INFO - [2026-09-23 11:44:38,975] {dag.py:2280} INFO - Setting next_dagrun for tutorial to 2026-09-21 00:00:00+00:00
[2026-09-23 11:44:39,000] {scheduler_job.py:190} INFO - Processing /home/airflow/.local/lib/python3.6/site-packages/airflow/example_dags/tutorial.py took 0.142 seconds
[2026-09-23 11:45:10,103] {scheduler_job.py:182} INFO - Started process (PID=1216) to work on /home/airflow/.local/lib/python3.6/site-packages/airflow/example_dags/tutorial.py
[2026-09-23 11:45:10,105] {scheduler_job.py:629} INFO - Processing file /home/airflow/.local/lib/python3.6/site-packages/airflow/example_dags/tutorial.py for tasks to queue
[2026-09-23 11:45:10,107] {logging_mixin.py:104} INFO - [2026-09-23 11:45:10,106] {dagbag.py:451} INFO - Filling up the DagBag from /home/airflow/.local/lib/python3.6/site-packages/airflow/example_dags/tutorial.py
[2026-09-23 11:45:10,129] {scheduler_job.py:639} INFO - DAG(s) dict_keys(['tutorial']) retrieved from /home/airflow/.local/lib/python3.6/site-packages/airflow/example_dags/tutorial.py
[2026-09-23 11:45:10,170] {logging_mixin.py:104} INFO - [2026-09-23 11:45:10,170] {dag.py:1824} INFO - Sync 1 DAGs
[2026-09-23 11:45:10,200] {logging_mixin.py:104} INFO - [2026-09-23 11:45:10,200] {dag.py:2280} INFO - Setting next_dagrun for tutorial to 2026-09-21 00:00:00+00:00
[2026-09-23 11:45:10,222] {scheduler_job.py:190} INFO - Processing /home/airflow/.local/lib/python3.6/site-packages/airflow/example_dags/tutorial.py took 0.126 seconds
[2026-09-23 11:45:40,303] {scheduler_job.py:182} INFO - Started process (PID=1242) to work on /home/airflow/.local/lib/python3.6/site-packages/airflow/example_dags/tutorial.py
[2026-09-23 11:45:40,305] {scheduler_job.py:629} INFO - Processing file /home/airflow/.local/lib/python3.6/site-packages/airflow/example_dags/tutorial.py for tasks to queue
[2026-09-23 11:45:40,305] {logging_mixin.py:104} INFO - [2026-09-23 11:45:40,305] {dagbag.py:451} INFO - Filling up the DagBag from /home/airflow/.local/lib/python3.6/site-packages/airflow/example_dags/tutorial.py
[2026-09-23 11:45:40,318] {scheduler_job.py:639} INFO - DAG(s) dict_keys(['tutorial']) retrieved from /home/airflow/.local/lib/python3.6/site-packages/airflow/example_dags/tutorial.py
[2026-09-23 11:45:40,343] {logging_mixin.py:104} INFO - [2026-09-23 11:45:40,343] {dag.py:1824} INFO - Sync 1 DAGs
[2026-09-23 11:45:40,366] {logging_mixin.py:104} INFO - [2026-09-23 11:45:40,366] {dag.py:2280} INFO - Setting next_dagrun for tutorial to 2026-09-21 00:00:00+00:00
[2026-09-23 11:45:40,387] {scheduler_job.py:190} INFO - Processing /home/airflow/.local/lib/python3.6/site-packages/airflow/example_dags/tutorial.py took 0.087 seconds
[2026-09-23 11:46:10,478] {scheduler_job.py:182} INFO - Started process (PID=1268) to work on /home/airflow/.local/lib/python3.6/site-packages/airflow/example_dags/tutorial.py
[2026-09-23 11:46:10,480] {scheduler_job.py:629} INFO - Processing file /home/airflow/.local/lib/python3.6/site-packages/airflow/example_dags/tutorial.py for tasks to queue
[2026-09-23 11:46:10,481] {logging_mixin.py:104} INFO - [2026-09-23 11:46:10,481] {dagbag.py:451} INFO - Filling up the DagBag from /home/airflow/.local/lib/python3.6/site-packages/airflow/example_dags/tutorial.py
[2026-09-23 11:46:10,502] {scheduler_job.py:639} INFO - DAG(s) dict_keys(['tutorial']) retrieved from /home/airflow/.local/lib/python3.6/site-packages/airflow/example_dags/tutorial.py
[2026-09-23 11:46:10,541] {logging_mixin.py:104} INFO - [2026-09-23 11:46:10,541] {dag.py:1824} INFO - Sync 1 DAGs
[2026-09-23 11:46:10,571] {logging_mixin.py:104} INFO - [2026-09-23 11:46:10,571] {dag.py:2280} INFO - Setting next_dagrun for tutorial to 2026-09-21 00:00:00+00:00
[2026-09-23 11:46:10,588] {scheduler_job.py:190} INFO - Processing /home/airflow/.local/lib/python3.6/site-packages/airflow/example_dags/tutorial.py took 0.116 seconds
[2026-09-23 11:46:41,742] {scheduler_job.py:182} INFO - Started process (PID=1297) to work on /home/airflow/.local/lib/python3.6/site-packages/airflow/example_dags/tutorial.py
[2026-09-23 11:46:41,744] {scheduler_job.py:629} INFO - Processing file /home/airflow/.local/lib/python3.6/site-packages/airflow/example_dags/tutorial.py for tasks to queue
[2026-09-23 11:46:41,745] {logging_mixin.py:104} INFO - [2026-09-23 11:46:41,745] {dagbag.py:451} INFO - Filling up the DagBag from /home/airflow/.local/lib/python3.6/site-packages/airflow/example_dags/tutorial.py
[2026-09-23 11:46:41,765] {scheduler_job.py:639} INFO - DAG(s) dict_keys(['tutorial']) retrieved from /home/airflow/.local/lib/python3.6/site-packages/airflow/example_dags/tutorial.py
[2026-09-23 11:46:41,803] {logging_mixin.py:104} INFO - [2026-09-23 11:46:41,803] {dag.py:1824} INFO - Sync 1 DAGs
[2026-09-23 11:46:41,838] {logging_mixin.py:104} INFO - [2026-09-23 11:46:41,838] {dag.py:2280} INFO - Setting next_dagrun for tutorial to 2026-09-21 00:00:00+00:00
[2026-09-23 11:46:41,866] {scheduler_job.py:190} INFO - Processing /home/airflow/.local/lib/python3.6/site-packages/airflow/example_dags/tutorial.py took 0.131 seconds
[2026-09-23 11:47:12,714] {scheduler_job.py:182} INFO - Started process (PID=1324) to work on /home/airflow/.local/lib/python3.6/site-packages/airflow/example_dags/tutorial.py
[2026-09-23 11:47:12,716] {scheduler_job.py:629} INFO - Processing file /home/airflow/.local/lib/python3.6/site-packages/airflow/example_dags/tutorial.py for tasks to queue
[2026-09-23 11:47:12,716] {logging_mixin.py:104} INFO - [2026-09-23 11:47:12,716] {dagbag.py:451} INFO - Filling up the DagBag from /home/airflow/.local/lib/python3.6/site-packages/airflow/example_dags/tutorial.py
[2026-09-23 11:47:12,730] {scheduler_job.py:639} INFO - DAG(s) dict_keys(['tutorial']) retrieved from /home/airflow/.local/lib/python3.6/site-packages/airflow/example_dags/tutorial.py
[2026-09-23 11:47:12,755] {logging_mixin.py:104} INFO - [2026-09-23 11:47:12,755] {dag.py:1824} INFO - Sync 1 DAGs
[2026-09-23 11:47:12,774] {logging_mixin.py:104} INFO - [2026-09-23 11:47:12,774] {dag.py:2280} INFO - Setting next_dagrun for tutorial to 2026-09-21 00:00:00+00:00
[2026-09-23 11:47:12,791] {scheduler_job.py:190} INFO - Processing /home/airflow/.local/lib/python3.6/site-packages/airflow/example_dags/tutorial.py took 0.081 seconds
[2026-09-23 11:47:43,104] {scheduler_job.py:182} INFO - Started process (PID=1349) to work on /home/airflow/.local/lib/python3.6/site-packages/airflow/example_dags/tutorial.py
[2026-09-23 11:47:43,106] {scheduler_job.py:629} INFO - Processing file /home/airflow/.local/lib/python3.6/site-packages/airflow/example_dags/tutorial.py for tasks to queue
[2026-09-23 11:47:43,107] {logging_mixin.py:104} INFO - [2026-09-23 11:47:43,107] {dagbag.py:451} INFO - Filling up the DagBag from /home/airflow/.local/lib/python3.6/site-packages/airflow/example_dags/tutorial.py
[2026-09-23 11:47:43,127] {scheduler_job.py:639} INFO - DAG(s) dict_keys(['tutorial']) retrieved from /home/airflow/.local/lib/python3.6/site-packages/airflow/example_dags/tutorial.py
[2026-09-23 11:47:43,166] {logging_mixin.py:104} INFO - [2026-09-23 11:47:43,166] {dag.py:1824} INFO - Sync 1 DAGs
[2026-09-23 11:47:43,198] {logging_mixin.py:104} INFO - [2026-09-23 11:47:43,197] {dag.py:2280} INFO - Setting next_dagrun for tutorial to 2026-09-21 00:00:00+00:00
[2026-09-23 11:47:43,227] {scheduler_job.py:190} INFO - Processing /home/airflow/.local/lib/python3.6/site-packages/airflow/example_dags/tutorial.py took 0.128 seconds
[2026-09-23 11:48:13,571] {scheduler_job.py:182} INFO - Started process (PID=1375) to work on /home/airflow/.local/lib/python3.6/site-packages/airflow/example_dags/tutorial.py
[2026-09-23 11:48:13,572] {scheduler_job.py:629} INFO - Processing file /home/airflow/.local/lib/python3.6/site-packages/airflow/example_dags/tutorial.py for tasks to queue
[2026-09-23 11:48:13,573] {logging_mixin.py:104} INFO - [2026-09-23 11:48:13,573] {dagbag.py:451} INFO - Filling up the DagBag from /home/airflow/.local/lib/python3.6/site-packages/airflow/example_dags/tutorial.py
[2026-09-23 11:48:13,591] {scheduler_job.py:639} INFO - DAG(s) dict_keys(['tutorial']) retrieved from /home/airflow/.local/lib/python3.6/site-packages/airflow/example_dags/tutorial.py
[2026-09-23 11:48:13,626] {logging_mixin.py:104} INFO - [2026-09-23 11:48:13,625] {dag.py:1824} INFO - Sync 1 DAGs
[2026-09-23 11:48:13,652] {logging_mixin.py:104} INFO - [2026-09-23 11:48:13,652] {dag.py:2280} INFO - Setting next_dagrun for tutorial to 2026-09-21 00:00:00+00:00
[2026-09-23 11:48:13,671] {scheduler_job.py:190} INFO - Processing /home/airflow/.local/lib/python3.6/site-packages/airflow/example_dags/tutorial.py took 0.106 seconds
[2026-09-23 11:48:44,054] {scheduler_job.py:182} INFO - Started process (PID=1399) to work on /home/airflow/.local/lib/python3.6/site-packages/airflow/example_dags/tutorial.py
[2026-09-23 11:48:44,055] {scheduler_job.py:629} INFO - Processing file /home/airflow/.local/lib/python3.6/site-packages/airflow/example_dags/tutorial.py for tasks to queue
[2026-09-23 11:48:44,056] {logging_mixin.py:104} INFO - [2026-09-23 11:48:44,056] {dagbag.py:451} INFO - Filling up the DagBag from /home/airflow/.local/lib/python3.6/site-packages/airflow/example_dags/tutorial.py
[2026-09-23 11:48:44,069] {scheduler_job.py:639} INFO - DAG(s) dict_keys(['tutorial']) retrieved from /home/airflow/.local/lib/python3.6/site-packages/airflow/example_dags/tutorial.py
[2026-09-23 11:48:44,093] {logging_mixin.py:104} INFO - [2026-09-23 11:48:44,093] {dag.py:1824} INFO - Sync 1 DAGs
[2026-09-23 11:48:44,112] {logging_mixin.py:104} INFO - [2026-09-23 11:48:44,112] {dag.py:2280} INFO - Setting next_dagrun for tutorial to 2026-09-21 00:00:00+00:00
[2026-09-23 11:48:44,127] {scheduler_job.py:190} INFO - Processing /home/airflow/.local/lib/python3.6/site-packages/airflow/example_dags/tutorial.py took 0.077 seconds
[2026-09-23 11:49:14,733] {scheduler_job.py:182} INFO - Started process (PID=1425) to work on /home/airflow/.local/lib/python3.6/site-packages/airflow/example_dags/tutorial.py
[2026-09-23 11:49:14,734] {scheduler_job.py:629} INFO - Processing file /home/airflow/.local/lib/python3.6/site-packages/airflow/example_dags/tutorial.py for tasks to queue
[2026-09-23 11:49:14,736] {logging_mixin.py:104} INFO - [2026-09-23 11:49:14,736] {dagbag.py:451} INFO - Filling up the DagBag from /home/airflow/.local/lib/python3.6/site-packages/airflow/example_dags/tutorial.py
[2026-09-23 11:49:14,751] {scheduler_job.py:639} INFO - DAG(s) dict_keys(['tutorial']) retrieved from /home/airflow/.local/lib/python3.6/site-packages/airflow/example_dags/tutorial.py
[2026-09-23 11:49:14,793] {logging_mixin.py:104} INFO - [2026-09-23 11:49:14,793] {dag.py:1824} INFO - Sync 1 DAGs
[2026-09-23 11:49:14,825] {logging_mixin.py:104} INFO - [2026-09-23 11:49:14,825] {dag.py:2280} INFO - Setting next_dagrun for tutorial to 2026-09-21 00:00:00+00:00
[2026-09-23 11:49:14,855] {scheduler_job.py:190} INFO - Processing /home/airflow/.local/lib/python3.6/site-packages/airflow/example_dags/tutorial.py took 0.127 seconds
[2026-09-23 11:49:44,969] {scheduler_job.py:182} INFO - Started process (PID=1452) to work on /home/airflow/.local/lib/python3.6/site-packages/airflow/example_dags/tutorial.py
[2026-09-23 11:49:44,970] {scheduler_job.py:629} INFO - Processing file /home/airflow/.local/lib/python3.6/site-packages/airflow/example_dags/tutorial.py for tasks to queue
[2026-09-23 11:49:44,971] {logging_mixin.py:104} INFO - [2026-09-23 11:49:44,971] {dagbag.py:451} INFO - Filling up the DagBag from /home/airflow/.local/lib/python3.6/site-packages/airflow/example_dags/tutorial.py
[2026-09-23 11:49:44,982] {scheduler_job.py:639} INFO - DAG(s) dict_keys(['tutorial']) retrieved from /home/airflow/.local/lib/python3.6/site-packages/airflow/example_dags/tutorial.py
[2026-09-23 11:49:45,012] {logging_mixin.py:104} INFO - [2026-09-23 11:49:45,011] {dag.py:1824} INFO - Sync 1 DAGs
[2026-09-23 11:49:45,034] {logging_mixin.py:104} INFO - [2026-09-23 11:49:45,034] {dag.py:2280} INFO - Setting next_dagrun for tutorial to 2026-09-21 00:00:00+00:00
[2026-09-23 11:49:45,050] {scheduler_job.py:190} INFO - Processing /home/airflow/.local/lib/python3.6/site-packages/airflow/example_dags/tutorial.py took 0.084 seconds
[2026-09-23 11:50:15,862] {scheduler_job.py:182} INFO - Started process (PID=1478) to work on /home/airflow/.local/lib/python3.6/site-packages/airflow/example_dags/tutorial.py
[2026-09-23 11:50:15,868] {scheduler_job.py:629} INFO - Processing file /home/airflow/.local/lib/python3.6/site-packages/airflow/example_dags/tutorial.py for tasks to queue
[2026-09-23 11:50:15,869] {logging_mixin.py:104} INFO - [2026-09-23 11:50:15,869] {dagbag.py:451} INFO - Filling up the DagBag from /home/airflow/.local/lib/python3.6/site-packages/airflow/example_dags/tutorial.py
[2026-09-23 11:50:15,901] {scheduler_job.py:639} INFO - DAG(s) dict_keys(['tutorial']) retrieved from /home/airflow/.local/lib/python3.6/site-packages/airflow/example_dags/tutorial.py
[2026-09-23 11:50:15,952] {logging_mixin.py:104} INFO - [2026-09-23 11:50:15,951] {dag.py:1824} INFO - Sync 1 DAGs
[2026-09-23 11:50:15,983] {logging_mixin.py:104} INFO - [2026-09-23 11:50:15,982] {dag.py:2280} INFO - Setting next_dagrun for tutorial to 2026-09-21 00:00:00+00:00
[2026-09-23 11:50:16,006] {scheduler_job.py:190} INFO - Processing /home/airflow/.local/lib/python3.6/site-packages/airflow/example_dags/tutorial.py took 0.156 seconds
[2026-09-23 11:50:46,506] {scheduler_job.py:182} INFO - Started process (PID=1504) to work on /home/airflow/.local/lib/python3.6/site-packages/airflow/example_dags/tutorial.py
[2026-09-23 11:50:46,507] {scheduler_job.py:629} INFO - Processing file /home/airflow/.local/lib/python3.6/site-packages/airflow/example_dags/tutorial.py for tasks to queue
[2026-09-23 11:50:46,508] {logging_mixin.py:104} INFO - [2026-09-23 11:50:46,508] {dagbag.py:451} INFO - Filling up the DagBag from /home/airflow/.local/lib/python3.6/site-packages/airflow/example_dags/tutorial.py
[2026-09-23 11:50:46,523] {scheduler_job.py:639} INFO - DAG(s) dict_keys(['tutorial']) retrieved from /home/airflow/.local/lib/python3.6/site-packages/airflow/example_dags/tutorial.py
[2026-09-23 11:50:46,552] {logging_mixin.py:104} INFO - [2026-09-23 11:50:46,551] {dag.py:1824} INFO - Sync 1 DAGs
[2026-09-23 11:50:46,573] {logging_mixin.py:104} INFO - [2026-09-23 11:50:46,573] {dag.py:2280} INFO - Setting next_dagrun for tutorial to 2026-09-21 00:00:00+00:00
[2026-09-23 11:50:46,587] {scheduler_job.py:190} INFO - Processing /home/airflow/.local/lib/python3.6/site-packages/airflow/example_dags/tutorial.py took 0.086 seconds
[2026-09-23 11:51:17,278] {scheduler_job.py:182} INFO - Started process (PID=1528) to work on /home/airflow/.local/lib/python3.6/site-packages/airflow/example_dags/tutorial.py
[2026-09-23 11:51:17,281] {scheduler_job.py:629} INFO - Processing file /home/airflow/.local/lib/python3.6/site-packages/airflow/example_dags/tutorial.py for tasks to queue
[2026-09-23 11:51:17,284] {logging_mixin.py:104} INFO - [2026-09-23 11:51:17,284] {dagbag.py:451} INFO - Filling up the DagBag from /home/airflow/.local/lib/python3.6/site-packages/airflow/example_dags/tutorial.py
[2026-09-23 11:51:17,308] {scheduler_job.py:639} INFO - DAG(s) dict_keys(['tutorial']) retrieved from /home/airflow/.local/lib/python3.6/site-packages/airflow/example_dags/tutorial.py
[2026-09-23 11:51:17,350] {logging_mixin.py:104} INFO - [2026-09-23 11:51:17,349] {dag.py:1824} INFO - Sync 1 DAGs
[2026-09-23 11:51:17,382] {logging_mixin.py:104} INFO - [2026-09-23 11:51:17,382] {dag.py:2280} INFO - Setting next_dagrun for tutorial to 2026-09-21 00:00:00+00:00
[2026-09-23 11:51:17,406] {scheduler_job.py:190} INFO - Processing /home/airflow/.local/lib/python3.6/site-packages/airflow/example_dags/tutorial.py took 0.135 seconds
[2026-09-23 11:51:48,220] {scheduler_job.py:182} INFO - Started process (PID=1554) to work on /home/airflow/.local/lib/python3.6/site-packages/airflow/example_dags/tutorial.py
[2026-09-23 11:51:48,222] {scheduler_job.py:629} INFO - Processing file /home/airflow/.local/lib/python3.6/site-packages/airflow/example_dags/tutorial.py for tasks to queue
[2026-09-23 11:51:48,223] {logging_mixin.py:104} INFO - [2026-09-23 11:51:48,223] {dagbag.py:451} INFO - Filling up the DagBag from /home/airflow/.local/lib/python3.6/site-packages/airflow/example_dags/tutorial.py
[2026-09-23 11:51:48,240] {scheduler_job.py:639} INFO - DAG(s) dict_keys(['tutorial']) retrieved from /home/airflow/.local/lib/python3.6/site-packages/airflow/example_dags/tutorial.py
[2026-09-23 11:51:48,269] {logging_mixin.py:104} INFO - [2026-09-23 11:51:48,269] {dag.py:1824} INFO - Sync 1 DAGs
[2026-09-23 11:51:48,291] {logging_mixin.py:104} INFO - [2026-09-23 11:51:48,291] {dag.py:2280} INFO - Setting next_dagrun for tutorial to 2026-09-21 00:00:00+00:00
[2026-09-23 11:51:48,313] {scheduler_job.py:190} INFO - Processing /home/airflow/.local/lib/python3.6/site-packages/airflow/example_dags/tutorial.py took 0.098 seconds
[2026-09-23 11:52:19,411] {scheduler_job.py:182} INFO - Started process (PID=1580) to work on /home/airflow/.local/lib/python3.6/site-packages/airflow/example_dags/tutorial.py
[2026-09-23 11:52:19,413] {scheduler_job.py:629} INFO - Processing file /home/airflow/.local/lib/python3.6/site-packages/airflow/example_dags/tutorial.py for tasks to queue
[2026-09-23 11:52:19,415] {logging_mixin.py:104} INFO - [2026-09-23 11:52:19,414] {dagbag.py:451} INFO - Filling up the DagBag from /home/airflow/.local/lib/python3.6/site-packages/airflow/example_dags/tutorial.py
[2026-09-23 11:52:19,437] {scheduler_job.py:639} INFO - DAG(s) dict_keys(['tutorial']) retrieved from /home/airflow/.local/lib/python3.6/site-packages/airflow/example_dags/tutorial.py
[2026-09-23 11:52:19,478] {logging_mixin.py:104} INFO - [2026-09-23 11:52:19,478] {dag.py:1824} INFO - Sync 1 DAGs
[2026-09-23 11:52:19,511] {logging_mixin.py:104} INFO - [2026-09-23 11:52:19,511] {dag.py:2280} INFO - Setting next_dagrun for tutorial to 2026-09-21 00:00:00+00:00
[2026-09-23 11:52:19,537] {scheduler_job.py:190} INFO - Processing /home/airflow/.local/lib/python3.6/site-packages/airflow/example_dags/tutorial.py took 0.133 seconds
[2026-09-23 11:52:49,701] {scheduler_job.py:182} INFO - Started process (PID=1607) to work on /home/airflow/.local/lib/python3.6/site-packages/airflow/example_dags/tutorial.py
[2026-09-23 11:52:49,703] {scheduler_job.py:629} INFO - Processing file /home/airflow/.local/lib/python3.6/site-packages/airflow/example_dags/tutorial.py for tasks to queue
[2026-09-23 11:52:49,704] {logging_mixin.py:104} INFO - [2026-09-23 11:52:49,703] {dagbag.py:451} INFO - Filling up the DagBag from /home/airflow/.local/lib/python3.6/site-packages/airflow/example_dags/tutorial.py
[2026-09-23 11:52:49,720] {scheduler_job.py:639} INFO - DAG(s) dict_keys(['tutorial']) retrieved from /home/airflow/.local/lib/python3.6/site-packages/airflow/example_dags/tutorial.py
[2026-09-23 11:52:49,754] {logging_mixin.py:104} INFO - [2026-09-23 11:52:49,753] {dag.py:1824} INFO - Sync 1 DAGs
[2026-09-23 11:52:49,780] {logging_mixin.py:104} INFO - [2026-09-23 11:52:49,780] {dag.py:2280} INFO - Setting next_dagrun for tutorial to 2026-09-21 00:00:00+00:00
[2026-09-23 11:52:49,799] {scheduler_job.py:190} INFO - Processing /home/airflow/.local/lib/python3.6/site-packages/airflow/example_dags/tutorial.py took 0.104 seconds
[2026-09-23 11:53:20,051] {scheduler_job.py:182} INFO - Started process (PID=1635) to work on /home/airflow/.local/lib/python3.6/site-packages/airflow/example_dags/tutorial.py
[2026-09-23 11:53:20,054] {scheduler_job.py:629} INFO - Processing file /home/airflow/.local/lib/python3.6/site-packages/airflow/example_dags/tutorial.py for tasks to queue
[2026-09-23 11:53:20,056] {logging_mixin.py:104} INFO - [2026-09-23 11:53:20,055] {dagbag.py:451} INFO - Filling up the DagBag from /home/airflow/.local/lib/python3.6/site-packages/airflow/example_dags/tutorial.py
[2026-09-23 11:53:20,075] {scheduler_job.py:639} INFO - DAG(s) dict_keys(['tutorial']) retrieved from /home/airflow/.local/lib/python3.6/site-packages/airflow/example_dags/tutorial.py
[2026-09-23 11:53:20,113] {logging_mixin.py:104} INFO - [2026-09-23 11:53:20,113] {dag.py:1824} INFO - Sync 1 DAGs
[2026-09-23 11:53:20,142] {logging_mixin.py:104} INFO - [2026-09-23 11:53:20,142] {dag.py:2280} INFO - Setting next_dagrun for tutorial to 2026-09-21 00:00:00+00:00
[2026-09-23 11:53:20,165] {scheduler_job.py:190} INFO - Processing /home/airflow/.local/lib/python3.6/site-packages/airflow/example_dags/tutorial.py took 0.120 seconds
[2026-09-23 11:53:51,063] {scheduler_job.py:182} INFO - Started process (PID=1660) to work on /home/airflow/.local/lib/python3.6/site-packages/airflow/example_dags/tutorial.py
[2026-09-23 11:53:51,064] {scheduler_job.py:629} INFO - Processing file /home/airflow/.local/lib/python3.6/site-packages/airflow/example_dags/tutorial.py for tasks to queue
[2026-09-23 11:53:51,065] {logging_mixin.py:104} INFO - [2026-09-23 11:53:51,065] {dagbag.py:451} INFO - Filling up the DagBag from /home/airflow/.local/lib/python3.6/site-packages/airflow/example_dags/tutorial.py
[2026-09-23 11:53:51,078] {scheduler_job.py:639} INFO - DAG(s) dict_keys(['tutorial']) retrieved from /home/airflow/.local/lib/python3.6/site-packages/airflow/example_dags/tutorial.py
[2026-09-23 11:53:51,103] {logging_mixin.py:104} INFO - [2026-09-23 11:53:51,103] {dag.py:1824} INFO - Sync 1 DAGs
[2026-09-23 11:53:51,123] {logging_mixin.py:104} INFO - [2026-09-23 11:53:51,123] {dag.py:2280} INFO - Setting next_dagrun for tutorial to 2026-09-21 00:00:00+00:00
[2026-09-23 11:53:51,137] {scheduler_job.py:190} INFO - Processing /home/airflow/.local/lib/python3.6/site-packages/airflow/example_dags/tutorial.py took 0.078 seconds
[2026-09-23 11:54:21,987] {scheduler_job.py:182} INFO - Started process (PID=1686) to work on /home/airflow/.local/lib/python3.6/site-packages/airflow/example_dags/tutorial.py
[2026-09-23 11:54:21,989] {scheduler_job.py:629} INFO - Processing file /home/airflow/.local/lib/python3.6/site-packages/airflow/example_dags/tutorial.py for tasks to queue
[2026-09-23 11:54:21,992] {logging_mixin.py:104} INFO - [2026-09-23 11:54:21,992] {dagbag.py:451} INFO - Filling up the DagBag from /home/airflow/.local/lib/python3.6/site-packages/airflow/example_dags/tutorial.py
[2026-09-23 11:54:22,014] {scheduler_job.py:639} INFO - DAG(s) dict_keys(['tutorial']) retrieved from /home/airflow/.local/lib/python3.6/site-packages/airflow/example_dags/tutorial.py
[2026-09-23 11:54:22,061] {logging_mixin.py:104} INFO - [2026-09-23 11:54:22,061] {dag.py:1824} INFO - Sync 1 DAGs
[2026-09-23 11:54:22,091] {logging_mixin.py:104} INFO - [2026-09-23 11:54:22,091] {dag.py:2280} INFO - Setting next_dagrun for tutorial to 2026-09-21 00:00:00+00:00
[2026-09-23 11:54:22,115] {scheduler_job.py:190} INFO - Processing /home/airflow/.local/lib/python3.6/site-packages/airflow/example_dags/tutorial.py took 0.138 seconds
[2026-09-23 11:54:52,164] {scheduler_job.py:182} INFO - Started process (PID=1712) to work on /home/airflow/.local/lib/python3.6/site-packages/airflow/example_dags/tutorial.py
[2026-09-23 11:54:52,165] {scheduler_job.py:629} INFO - Processing file /home/airflow/.local/lib/python3.6/site-packages/airflow/example_dags/tutorial.py for tasks to queue
[2026-09-23 11:54:52,166] {logging_mixin.py:104} INFO - [2026-09-23 11:54:52,166] {dagbag.py:451} INFO - Filling up the DagBag from /home/airflow/.local/lib/python3.6/site-packages/airflow/example_dags/tutorial.py
[2026-09-23 11:54:52,181] {scheduler_job.py:639} INFO - DAG(s) dict_keys(['tutorial']) retrieved from /home/airflow/.local/lib/python3.6/site-packages/airflow/example_dags/tutorial.py
[2026-09-23 11:54:52,212] {logging_mixin.py:104} INFO - [2026-09-23 11:54:52,212] {dag.py:1824} INFO - Sync 1 DAGs
[2026-09-23 11:54:52,238] {logging_mixin.py:104} INFO - [2026-09-23 11:54:52,238] {dag.py:2280} INFO - Setting next_dagrun for tutorial to 2026-09-21 00:00:00+00:00
[2026-09-23 11:54:52,258] {scheduler_job.py:190} INFO - Processing /home/airflow/.local/lib/python3.6/site-packages/airflow/example_dags/tutorial.py took 0.100 seconds
[2026-09-23 11:55:23,235] {scheduler_job.py:182} INFO - Started process (PID=1739) to work on /home/airflow/.local/lib/python3.6/site-packages/airflow/example_dags/tutorial.py
[2026-09-23 11:55:23,237] {scheduler_job.py:629} INFO - Processing file /home/airflow/.local/lib/python3.6/site-packages/airflow/example_dags/tutorial.py for tasks to queue
[2026-09-23 11:55:23,238] {logging_mixin.py:104} INFO - [2026-09-23 11:55:23,238] {dagbag.py:451} INFO - Filling up the DagBag from /home/airflow/.local/lib/python3.6/site-packages/airflow/example_dags/tutorial.py
[2026-09-23 11:55:23,253] {scheduler_job.py:639} INFO - DAG(s) dict_keys(['tutorial']) retrieved from /home/airflow/.local/lib/python3.6/site-packages/airflow/example_dags/tutorial.py
[2026-09-23 11:55:23,286] {logging_mixin.py:104} INFO - [2026-09-23 11:55:23,286] {dag.py:1824} INFO - Sync 1 DAGs
[2026-09-23 11:55:23,315] {logging_mixin.py:104} INFO - [2026-09-23 11:55:23,314] {dag.py:2280} INFO - Setting next_dagrun for tutorial to 2026-09-21 00:00:00+00:00
[2026-09-23 11:55:23,337] {scheduler_job.py:190} INFO - Processing /home/airflow/.local/lib/python3.6/site-packages/airflow/example_dags/tutorial.py took 0.108 seconds
[2026-09-23 11:55:53,962] {scheduler_job.py:182} INFO - Started process (PID=1765) to work on /home/airflow/.local/lib/python3.6/site-packages/airflow/example_dags/tutorial.py
[2026-09-23 11:55:53,964] {scheduler_job.py:629} INFO - Processing file /home/airflow/.local/lib/python3.6/site-packages/airflow/example_dags/tutorial.py for tasks to queue
[2026-09-23 11:55:53,965] {logging_mixin.py:104} INFO - [2026-09-23 11:55:53,965] {dagbag.py:451} INFO - Filling up the DagBag from /home/airflow/.local/lib/python3.6/site-packages/airflow/example_dags/tutorial.py
[2026-09-23 11:55:53,980] {scheduler_job.py:639} INFO - DAG(s) dict_keys(['tutorial']) retrieved from /home/airflow/.local/lib/python3.6/site-packages/airflow/example_dags/tutorial.py
[2026-09-23 11:55:54,015] {logging_mixin.py:104} INFO - [2026-09-23 11:55:54,015] {dag.py:1824} INFO - Sync 1 DAGs
[2026-09-23 11:55:54,045] {logging_mixin.py:104} INFO - [2026-09-23 11:55:54,045] {dag.py:2280} INFO - Setting next_dagrun for tutorial to 2026-09-21 00:00:00+00:00
[2026-09-23 11:55:54,065] {scheduler_job.py:190} INFO - Processing /home/airflow/.local/lib/python3.6/site-packages/airflow/example_dags/tutorial.py took 0.108 seconds
[2026-09-23 11:56:24,819] {scheduler_job.py:182} INFO - Started process (PID=1791) to work on /home/airflow/.local/lib/python3.6/site-packages/airflow/example_dags/tutorial.py
[2026-09-23 11:56:24,821] {scheduler_job.py:629} INFO - Processing file /home/airflow/.local/lib/python3.6/site-packages/airflow/example_dags/tutorial.py for tasks to queue
[2026-09-23 11:56:24,822] {logging_mixin.py:104} INFO - [2026-09-23 11:56:24,822] {dagbag.py:451} INFO - Filling up the DagBag from /home/airflow/.local/lib/python3.6/site-packages/airflow/example_dags/tutorial.py
[2026-09-23 11:56:24,837] {scheduler_job.py:639} INFO - DAG(s) dict_keys(['tutorial']) retrieved from /home/airflow/.local/lib/python3.6/site-packages/airflow/example_dags/tutorial.py
[2026-09-23 11:56:24,870] {logging_mixin.py:104} INFO - [2026-09-23 11:56:24,870] {dag.py:1824} INFO - Sync 1 DAGs
[2026-09-23 11:56:24,897] {logging_mixin.py:104} INFO - [2026-09-23 11:56:24,897] {dag.py:2280} INFO - Setting next_dagrun for tutorial to 2026-09-21 00:00:00+00:00
[2026-09-23 11:56:24,914] {scheduler_job.py:190} INFO - Processing /home/airflow/.local/lib/python3.6/site-packages/airflow/example_dags/tutorial.py took 0.100 seconds
[2026-09-23 11:56:55,502] {scheduler_job.py:182} INFO - Started process (PID=1817) to work on /home/airflow/.local/lib/python3.6/site-packages/airflow/example_dags/tutorial.py
[2026-09-23 11:56:55,503] {scheduler_job.py:629} INFO - Processing file /home/airflow/.local/lib/python3.6/site-packages/airflow/example_dags/tutorial.py for tasks to queue
[2026-09-23 11:56:55,504] {logging_mixin.py:104} INFO - [2026-09-23 11:56:55,504] {dagbag.py:451} INFO - Filling up the DagBag from /home/airflow/.local/lib/python3.6/site-packages/airflow/example_dags/tutorial.py
[2026-09-23 11:56:55,517] {scheduler_job.py:639} INFO - DAG(s) dict_keys(['tutorial']) retrieved from /home/airflow/.local/lib/python3.6/site-packages/airflow/example_dags/tutorial.py
[2026-09-23 11:56:55,548] {logging_mixin.py:104} INFO - [2026-09-23 11:56:55,548] {dag.py:1824} INFO - Sync 1 DAGs
[2026-09-23 11:56:55,576] {logging_mixin.py:104} INFO - [2026-09-23 11:56:55,576] {dag.py:2280} INFO - Setting next_dagrun for tutorial to 2026-09-21 00:00:00+00:00
[2026-09-23 11:56:55,591] {scheduler_job.py:190} INFO - Processing /home/airflow/.local/lib/python3.6/site-packages/airflow/example_dags/tutorial.py took 0.093 seconds
[2026-09-23 11:57:26,045] {scheduler_job.py:182} INFO - Started process (PID=1843) to work on /home/airflow/.local/lib/python3.6/site-packages/airflow/example_dags/tutorial.py
[2026-09-23 11:57:26,046] {scheduler_job.py:629} INFO - Processing file /home/airflow/.local/lib/python3.6/site-packages/airflow/example_dags/tutorial.py for tasks to queue
[2026-09-23 11:57:26,047] {logging_mixin.py:104} INFO - [2026-09-23 11:57:26,047] {dagbag.py:451} INFO - Filling up the DagBag from /home/airflow/.local/lib/python3.6/site-packages/airflow/example_dags/tutorial.py
[2026-09-23 11:57:26,060] {scheduler_job.py:639} INFO - DAG(s) dict_keys(['tutorial']) retrieved from /home/airflow/.local/lib/python3.6/site-packages/airflow/example_dags/tutorial.py
[2026-09-23 11:57:26,087] {logging_mixin.py:104} INFO - [2026-09-23 11:57:26,087] {dag.py:1824} INFO - Sync 1 DAGs
[2026-09-23 11:57:26,110] {logging_mixin.py:104} INFO - [2026-09-23 11:57:26,110] {dag.py:2280} INFO - Setting next_dagrun for tutorial to 2026-09-21 00:00:00+00:00
[2026-09-23 11:57:26,129] {scheduler_job.py:190} INFO - Processing /home/airflow/.local/lib/python3.6/site-packages/airflow/example_dags/tutorial.py took 0.087 seconds
[2026-09-23 11:57:56,870] {scheduler_job.py:182} INFO - Started process (PID=1869) to work on /home/airflow/.local/lib/python3.6/site-packages/airflow/example_dags/tutorial.py
[2026-09-23 11:57:56,871] {scheduler_job.py:629} INFO - Processing file /home/airflow/.local/lib/python3.6/site-packages/airflow/example_dags/tutorial.py for tasks to queue
[2026-09-23 11:57:56,872] {logging_mixin.py:104} INFO - [2026-09-23 11:57:56,872] {dagbag.py:451} INFO - Filling up the DagBag from /home/airflow/.local/lib/python3.6/site-packages/airflow/example_dags/tutorial.py
[2026-09-23 11:57:56,888] {scheduler_job.py:639} INFO - DAG(s) dict_keys(['tutorial']) retrieved from /home/airflow/.local/lib/python3.6/site-packages/airflow/example_dags/tutorial.py
[2026-09-23 11:57:56,921] {logging_mixin.py:104} INFO - [2026-09-23 11:57:56,921] {dag.py:1824} INFO - Sync 1 DAGs
[2026-09-23 11:57:56,954] {logging_mixin.py:104} INFO - [2026-09-23 11:57:56,954] {dag.py:2280} INFO - Setting next_dagrun for tutorial to 2026-09-21 00:00:00+00:00
[2026-09-23 11:57:56,979] {scheduler_job.py:190} INFO - Processing /home/airflow/.local/lib/python3.6/site-packages/airflow/example_dags/tutorial.py took 0.114 seconds
[2026-09-23 11:58:27,199] {scheduler_job.py:182} INFO - Started process (PID=1895) to work on /home/airflow/.local/lib/python3.6/site-packages/airflow/example_dags/tutorial.py
[2026-09-23 11:58:27,201] {scheduler_job.py:629} INFO - Processing file /home/airflow/.local/lib/python3.6/site-packages/airflow/example_dags/tutorial.py for tasks to queue
[2026-09-23 11:58:27,202] {logging_mixin.py:104} INFO - [2026-09-23 11:58:27,202] {dagbag.py:451} INFO - Filling up the DagBag from /home/airflow/.local/lib/python3.6/site-packages/airflow/example_dags/tutorial.py
[2026-09-23 11:58:27,221] {scheduler_job.py:639} INFO - DAG(s) dict_keys(['tutorial']) retrieved from /home/airflow/.local/lib/python3.6/site-packages/airflow/example_dags/tutorial.py
[2026-09-23 11:58:27,254] {logging_mixin.py:104} INFO - [2026-09-23 11:58:27,254] {dag.py:1824} INFO - Sync 1 DAGs
[2026-09-23 11:58:27,282] {logging_mixin.py:104} INFO - [2026-09-23 11:58:27,282] {dag.py:2280} INFO - Setting next_dagrun for tutorial to 2026-09-21 00:00:00+00:00
[2026-09-23 11:58:27,302] {scheduler_job.py:190} INFO - Processing /home/airflow/.local/lib/python3.6/site-packages/airflow/example_dags/tutorial.py took 0.109 seconds
[2026-09-23 11:58:57,330] {scheduler_job.py:182} INFO - Started process (PID=1921) to work on /home/airflow/.local/lib/python3.6/site-packages/airflow/example_dags/tutorial.py
[2026-09-23 11:58:57,332] {scheduler_job.py:629} INFO - Processing file /home/airflow/.local/lib/python3.6/site-packages/airflow/example_dags/tutorial.py for tasks to queue
[2026-09-23 11:58:57,333] {logging_mixin.py:104} INFO - [2026-09-23 11:58:57,332] {dagbag.py:451} INFO - Filling up the DagBag from /home/airflow/.local/lib/python3.6/site-packages/airflow/example_dags/tutorial.py
[2026-09-23 11:58:57,350] {scheduler_job.py:639} INFO - DAG(s) dict_keys(['tutorial']) retrieved from /home/airflow/.local/lib/python3.6/site-packages/airflow/example_dags/tutorial.py
[2026-09-23 11:58:57,383] {logging_mixin.py:104} INFO - [2026-09-23 11:58:57,383] {dag.py:1824} INFO - Sync 1 DAGs
[2026-09-23 11:58:57,406] {logging_mixin.py:104} INFO - [2026-09-23 11:58:57,406] {dag.py:2280} INFO - Setting next_dagrun for tutorial to 2026-09-21 00:00:00+00:00
[2026-09-23 11:58:57,422] {scheduler_job.py:190} INFO - Processing /home/airflow/.local/lib/python3.6/site-packages/airflow/example_dags/tutorial.py took 0.096 seconds
[2026-09-23 11:59:27,535] {scheduler_job.py:182} INFO - Started process (PID=1947) to work on /home/airflow/.local/lib/python3.6/site-packages/airflow/example_dags/tutorial.py
[2026-09-23 11:59:27,537] {scheduler_job.py:629} INFO - Processing file /home/airflow/.local/lib/python3.6/site-packages/airflow/example_dags/tutorial.py for tasks to queue
[2026-09-23 11:59:27,538] {logging_mixin.py:104} INFO - [2026-09-23 11:59:27,538] {dagbag.py:451} INFO - Filling up the DagBag from /home/airflow/.local/lib/python3.6/site-packages/airflow/example_dags/tutorial.py
[2026-09-23 11:59:27,549] {scheduler_job.py:639} INFO - DAG(s) dict_keys(['tutorial']) retrieved from /home/airflow/.local/lib/python3.6/site-packages/airflow/example_dags/tutorial.py
[2026-09-23 11:59:27,578] {logging_mixin.py:104} INFO - [2026-09-23 11:59:27,578] {dag.py:1824} INFO - Sync 1 DAGs
[2026-09-23 11:59:27,603] {logging_mixin.py:104} INFO - [2026-09-23 11:59:27,603] {dag.py:2280} INFO - Setting next_dagrun for tutorial to 2026-09-21 00:00:00+00:00
[2026-09-23 11:59:27,622] {scheduler_job.py:190} INFO - Processing /home/airflow/.local/lib/python3.6/site-packages/airflow/example_dags/tutorial.py took 0.091 seconds
[2026-09-23 11:59:58,207] {scheduler_job.py:182} INFO - Started process (PID=1973) to work on /home/airflow/.local/lib/python3.6/site-packages/airflow/example_dags/tutorial.py
[2026-09-23 11:59:58,209] {scheduler_job.py:629} INFO - Processing file /home/airflow/.local/lib/python3.6/site-packages/airflow/example_dags/tutorial.py for tasks to queue
[2026-09-23 11:59:58,209] {logging_mixin.py:104} INFO - [2026-09-23 11:59:58,209] {dagbag.py:451} INFO - Filling up the DagBag from /home/airflow/.local/lib/python3.6/site-packages/airflow/example_dags/tutorial.py
[2026-09-23 11:59:58,222] {scheduler_job.py:639} INFO - DAG(s) dict_keys(['tutorial']) retrieved from /home/airflow/.local/lib/python3.6/site-packages/airflow/example_dags/tutorial.py
[2026-09-23 11:59:58,251] {logging_mixin.py:104} INFO - [2026-09-23 11:59:58,250] {dag.py:1824} INFO - Sync 1 DAGs
[2026-09-23 11:59:58,276] {logging_mixin.py:104} INFO - [2026-09-23 11:59:58,276] {dag.py:2280} INFO - Setting next_dagrun for tutorial to 2026-09-21 00:00:00+00:00
[2026-09-23 11:59:58,291] {scheduler_job.py:190} INFO - Processing /home/airflow/.local/lib/python3.6/site-packages/airflow/example_dags/tutorial.py took 0.089 seconds
[2026-09-23 12:00:28,891] {scheduler_job.py:182} INFO - Started process (PID=1999) to work on /home/airflow/.local/lib/python3.6/site-packages/airflow/example_dags/tutorial.py
[2026-09-23 12:00:28,892] {scheduler_job.py:629} INFO - Processing file /home/airflow/.local/lib/python3.6/site-packages/airflow/example_dags/tutorial.py for tasks to queue
[2026-09-23 12:00:28,893] {logging_mixin.py:104} INFO - [2026-09-23 12:00:28,893] {dagbag.py:451} INFO - Filling up the DagBag from /home/airflow/.local/lib/python3.6/site-packages/airflow/example_dags/tutorial.py
[2026-09-23 12:00:28,911] {scheduler_job.py:639} INFO - DAG(s) dict_keys(['tutorial']) retrieved from /home/airflow/.local/lib/python3.6/site-packages/airflow/example_dags/tutorial.py
[2026-09-23 12:00:28,951] {logging_mixin.py:104} INFO - [2026-09-23 12:00:28,951] {dag.py:1824} INFO - Sync 1 DAGs
[2026-09-23 12:00:28,982] {logging_mixin.py:104} INFO - [2026-09-23 12:00:28,982] {dag.py:2280} INFO - Setting next_dagrun for tutorial to 2026-09-21 00:00:00+00:00
[2026-09-23 12:00:28,999] {scheduler_job.py:190} INFO - Processing /home/airflow/.local/lib/python3.6/site-packages/airflow/example_dags/tutorial.py took 0.112 seconds
[2026-09-23 12:00:59,397] {scheduler_job.py:182} INFO - Started process (PID=2025) to work on /home/airflow/.local/lib/python3.6/site-packages/airflow/example_dags/tutorial.py
[2026-09-23 12:00:59,398] {scheduler_job.py:629} INFO - Processing file /home/airflow/.local/lib/python3.6/site-packages/airflow/example_dags/tutorial.py for tasks to queue
[2026-09-23 12:00:59,399] {logging_mixin.py:104} INFO - [2026-09-23 12:00:59,399] {dagbag.py:451} INFO - Filling up the DagBag from /home/airflow/.local/lib/python3.6/site-packages/airflow/example_dags/tutorial.py
[2026-09-23 12:00:59,412] {scheduler_job.py:639} INFO - DAG(s) dict_keys(['tutorial']) retrieved from /home/airflow/.local/lib/python3.6/site-packages/airflow/example_dags/tutorial.py
[2026-09-23 12:00:59,445] {logging_mixin.py:104} INFO - [2026-09-23 12:00:59,445] {dag.py:1824} INFO - Sync 1 DAGs
[2026-09-23 12:00:59,472] {logging_mixin.py:104} INFO - [2026-09-23 12:00:59,471] {dag.py:2280} INFO - Setting next_dagrun for tutorial to 2026-09-21 00:00:00+00:00
[2026-09-23 12:00:59,493] {scheduler_job.py:190} INFO - Processing /home/airflow/.local/lib/python3.6/site-packages/airflow/example_dags/tutorial.py took 0.101 seconds
[2026-09-23 12:01:30,017] {scheduler_job.py:182} INFO - Started process (PID=2051) to work on /home/airflow/.local/lib/python3.6/site-packages/airflow/example_dags/tutorial.py
[2026-09-23 12:01:30,019] {scheduler_job.py:629} INFO - Processing file /home/airflow/.local/lib/python3.6/site-packages/airflow/example_dags/tutorial.py for tasks to queue
[2026-09-23 12:01:30,020] {logging_mixin.py:104} INFO - [2026-09-23 12:01:30,020] {dagbag.py:451} INFO - Filling up the DagBag from /home/airflow/.local/lib/python3.6/site-packages/airflow/example_dags/tutorial.py
[2026-09-23 12:01:30,039] {scheduler_job.py:639} INFO - DAG(s) dict_keys(['tutorial']) retrieved from /home/airflow/.local/lib/python3.6/site-packages/airflow/example_dags/tutorial.py
[2026-09-23 12:01:30,075] {logging_mixin.py:104} INFO - [2026-09-23 12:01:30,074] {dag.py:1824} INFO - Sync 1 DAGs
[2026-09-23 12:01:30,099] {logging_mixin.py:104} INFO - [2026-09-23 12:01:30,099] {dag.py:2280} INFO - Setting next_dagrun for tutorial to 2026-09-21 00:00:00+00:00
[2026-09-23 12:01:30,118] {scheduler_job.py:190} INFO - Processing /home/airflow/.local/lib/python3.6/site-packages/airflow/example_dags/tutorial.py took 0.106 seconds
[2026-09-23 12:02:00,668] {scheduler_job.py:182} INFO - Started process (PID=2077) to work on /home/airflow/.local/lib/python3.6/site-packages/airflow/example_dags/tutorial.py
[2026-09-23 12:02:00,669] {scheduler_job.py:629} INFO - Processing file /home/airflow/.local/lib/python3.6/site-packages/airflow/example_dags/tutorial.py for tasks to queue
[2026-09-23 12:02:00,670] {logging_mixin.py:104} INFO - [2026-09-23 12:02:00,670] {dagbag.py:451} INFO - Filling up the DagBag from /home/airflow/.local/lib/python3.6/site-packages/airflow/example_dags/tutorial.py
[2026-09-23 12:02:00,682] {scheduler_job.py:639} INFO - DAG(s) dict_keys(['tutorial']) retrieved from /home/airflow/.local/lib/python3.6/site-packages/airflow/example_dags/tutorial.py
[2026-09-23 12:02:00,707] {logging_mixin.py:104} INFO - [2026-09-23 12:02:00,707] {dag.py:1824} INFO - Sync 1 DAGs
[2026-09-23 12:02:00,727] {logging_mixin.py:104} INFO - [2026-09-23 12:02:00,727] {dag.py:2280} INFO - Setting next_dagrun for tutorial to 2026-09-21 00:00:00+00:00
[2026-09-23 12:02:00,742] {scheduler_job.py:190} INFO - Processing /home/airflow/.local/lib/python3.6/site-packages/airflow/example_dags/tutorial.py took 0.078 seconds
[2026-09-23 12:02:31,590] {scheduler_job.py:182} INFO - Started process (PID=2102) to work on /home/airflow/.local/lib/python3.6/site-packages/airflow/example_dags/tutorial.py
[2026-09-23 12:02:31,592] {scheduler_job.py:629} INFO - Processing file /home/airflow/.local/lib/python3.6/site-packages/airflow/example_dags/tutorial.py for tasks to queue
[2026-09-23 12:02:31,593] {logging_mixin.py:104} INFO - [2026-09-23 12:02:31,593] {dagbag.py:451} INFO - Filling up the DagBag from /home/airflow/.local/lib/python3.6/site-packages/airflow/example_dags/tutorial.py
[2026-09-23 12:02:31,608] {scheduler_job.py:639} INFO - DAG(s) dict_keys(['tutorial']) retrieved from /home/airflow/.local/lib/python3.6/site-packages/airflow/example_dags/tutorial.py
[2026-09-23 12:02:31,642] {logging_mixin.py:104} INFO - [2026-09-23 12:02:31,642] {dag.py:1824} INFO - Sync 1 DAGs
[2026-09-23 12:02:31,667] {logging_mixin.py:104} INFO - [2026-09-23 12:02:31,667] {dag.py:2280} INFO - Setting next_dagrun for tutorial to 2026-09-21 00:00:00+00:00
[2026-09-23 12:02:31,686] {scheduler_job.py:190} INFO - Processing /home/airflow/.local/lib/python3.6/site-packages/airflow/example_dags/tutorial.py took 0.101 seconds
[2026-09-23 12:03:02,487] {scheduler_job.py:182} INFO - Started process (PID=2128) to work on /home/airflow/.local/lib/python3.6/site-packages/airflow/example_dags/tutorial.py
[2026-09-23 12:03:02,488] {scheduler_job.py:629} INFO - Processing file /home/airflow/.local/lib/python3.6/site-packages/airflow/example_dags/tutorial.py for tasks to queue
[2026-09-23 12:03:02,489] {logging_mixin.py:104} INFO - [2026-09-23 12:03:02,489] {dagbag.py:451} INFO - Filling up the DagBag from /home/airflow/.local/lib/python3.6/site-packages/airflow/example_dags/tutorial.py
[2026-09-23 12:03:02,503] {scheduler_job.py:639} INFO - DAG(s) dict_keys(['tutorial']) retrieved from /home/airflow/.local/lib/python3.6/site-packages/airflow/example_dags/tutorial.py
[2026-09-23 12:03:02,531] {logging_mixin.py:104} INFO - [2026-09-23 12:03:02,531] {dag.py:1824} INFO - Sync 1 DAGs
[2026-09-23 12:03:02,553] {logging_mixin.py:104} INFO - [2026-09-23 12:03:02,553] {dag.py:2280} INFO - Setting next_dagrun for tutorial to 2026-09-21 00:00:00+00:00
[2026-09-23 12:03:02,568] {scheduler_job.py:190} INFO - Processing /home/airflow/.local/lib/python3.6/site-packages/airflow/example_dags/tutorial.py took 0.086 seconds
[2026-09-23 12:03:33,497] {scheduler_job.py:182} INFO - Started process (PID=2154) to work on /home/airflow/.local/lib/python3.6/site-packages/airflow/example_dags/tutorial.py
[2026-09-23 12:03:33,498] {scheduler_job.py:629} INFO - Processing file /home/airflow/.local/lib/python3.6/site-packages/airflow/example_dags/tutorial.py for tasks to queue
[2026-09-23 12:03:33,499] {logging_mixin.py:104} INFO - [2026-09-23 12:03:33,498] {dagbag.py:451} INFO - Filling up the DagBag from /home/airflow/.local/lib/python3.6/site-packages/airflow/example_dags/tutorial.py
[2026-09-23 12:03:33,512] {scheduler_job.py:639} INFO - DAG(s) dict_keys(['tutorial']) retrieved from /home/airflow/.local/lib/python3.6/site-packages/airflow/example_dags/tutorial.py
[2026-09-23 12:03:33,539] {logging_mixin.py:104} INFO - [2026-09-23 12:03:33,539] {dag.py:1824} INFO - Sync 1 DAGs
[2026-09-23 12:03:33,560] {logging_mixin.py:104} INFO - [2026-09-23 12:03:33,560] {dag.py:2280} INFO - Setting next_dagrun for tutorial to 2026-09-21 00:00:00+00:00
[2026-09-23 12:03:33,577] {scheduler_job.py:190} INFO - Processing /home/airflow/.local/lib/python3.6/site-packages/airflow/example_dags/tutorial.py took 0.084 seconds
[2026-09-23 12:04:04,243] {scheduler_job.py:182} INFO - Started process (PID=2181) to work on /home/airflow/.local/lib/python3.6/site-packages/airflow/example_dags/tutorial.py
[2026-09-23 12:04:04,244] {scheduler_job.py:629} INFO - Processing file /home/airflow/.local/lib/python3.6/site-packages/airflow/example_dags/tutorial.py for tasks to queue
[2026-09-23 12:04:04,245] {logging_mixin.py:104} INFO - [2026-09-23 12:04:04,245] {dagbag.py:451} INFO - Filling up the DagBag from /home/airflow/.local/lib/python3.6/site-packages/airflow/example_dags/tutorial.py
[2026-09-23 12:04:04,258] {scheduler_job.py:639} INFO - DAG(s) dict_keys(['tutorial']) retrieved from /home/airflow/.local/lib/python3.6/site-packages/airflow/example_dags/tutorial.py
[2026-09-23 12:04:04,292] {logging_mixin.py:104} INFO - [2026-09-23 12:04:04,291] {dag.py:1824} INFO - Sync 1 DAGs
[2026-09-23 12:04:04,316] {logging_mixin.py:104} INFO - [2026-09-23 12:04:04,316] {dag.py:2280} INFO - Setting next_dagrun for tutorial to 2026-09-21 00:00:00+00:00
[2026-09-23 12:04:04,339] {scheduler_job.py:190} INFO - Processing /home/airflow/.local/lib/python3.6/site-packages/airflow/example_dags/tutorial.py took 0.100 seconds
[2026-09-23 12:04:35,286] {scheduler_job.py:182} INFO - Started process (PID=2207) to work on /home/airflow/.local/lib/python3.6/site-packages/airflow/example_dags/tutorial.py
[2026-09-23 12:04:35,289] {scheduler_job.py:629} INFO - Processing file /home/airflow/.local/lib/python3.6/site-packages/airflow/example_dags/tutorial.py for tasks to queue
[2026-09-23 12:04:35,290] {logging_mixin.py:104} INFO - [2026-09-23 12:04:35,290] {dagbag.py:451} INFO - Filling up the DagBag from /home/airflow/.local/lib/python3.6/site-packages/airflow/example_dags/tutorial.py
[2026-09-23 12:04:35,309] {scheduler_job.py:639} INFO - DAG(s) dict_keys(['tutorial']) retrieved from /home/airflow/.local/lib/python3.6/site-packages/airflow/example_dags/tutorial.py
[2026-09-23 12:04:35,351] {logging_mixin.py:104} INFO - [2026-09-23 12:04:35,351] {dag.py:1824} INFO - Sync 1 DAGs
[2026-09-23 12:04:35,382] {logging_mixin.py:104} INFO - [2026-09-23 12:04:35,381] {dag.py:2280} INFO - Setting next_dagrun for tutorial to 2026-09-21 00:00:00+00:00
[2026-09-23 12:04:35,403] {scheduler_job.py:190} INFO - Processing /home/airflow/.local/lib/python3.6/site-packages/airflow/example_dags/tutorial.py took 0.123 seconds
[2026-09-23 12:05:05,536] {scheduler_job.py:182} INFO - Started process (PID=2233) to work on /home/airflow/.local/lib/python3.6/site-packages/airflow/example_dags/tutorial.py
[2026-09-23 12:05:05,537] {scheduler_job.py:629} INFO - Processing file /home/airflow/.local/lib/python3.6/site-packages/airflow/example_dags/tutorial.py for tasks to queue
[2026-09-23 12:05:05,539] {logging_mixin.py:104} INFO - [2026-09-23 12:05:05,538] {dagbag.py:451} INFO - Filling up the DagBag from /home/airflow/.local/lib/python3.6/site-packages/airflow/example_dags/tutorial.py
[2026-09-23 12:05:05,557] {scheduler_job.py:639} INFO - DAG(s) dict_keys(['tutorial']) retrieved from /home/airflow/.local/lib/python3.6/site-packages/airflow/example_dags/tutorial.py
[2026-09-23 12:05:05,601] {logging_mixin.py:104} INFO - [2026-09-23 12:05:05,601] {dag.py:1824} INFO - Sync 1 DAGs
[2026-09-23 12:05:05,634] {logging_mixin.py:104} INFO - [2026-09-23 12:05:05,633] {dag.py:2280} INFO - Setting next_dagrun for tutorial to 2026-09-21 00:00:00+00:00
[2026-09-23 12:05:05,663] {scheduler_job.py:190} INFO - Processing /home/airflow/.local/lib/python3.6/site-packages/airflow/example_dags/tutorial.py took 0.132 seconds
[2026-09-23 12:05:36,697] {scheduler_job.py:182} INFO - Started process (PID=2259) to work on /home/airflow/.local/lib/python3.6/site-packages/airflow/example_dags/tutorial.py
[2026-09-23 12:05:36,699] {scheduler_job.py:629} INFO - Processing file /home/airflow/.local/lib/python3.6/site-packages/airflow/example_dags/tutorial.py for tasks to queue
[2026-09-23 12:05:36,700] {logging_mixin.py:104} INFO - [2026-09-23 12:05:36,700] {dagbag.py:451} INFO - Filling up the DagBag from /home/airflow/.local/lib/python3.6/site-packages/airflow/example_dags/tutorial.py
[2026-09-23 12:05:36,715] {scheduler_job.py:639} INFO - DAG(s) dict_keys(['tutorial']) retrieved from /home/airflow/.local/lib/python3.6/site-packages/airflow/example_dags/tutorial.py
[2026-09-23 12:05:36,749] {logging_mixin.py:104} INFO - [2026-09-23 12:05:36,749] {dag.py:1824} INFO - Sync 1 DAGs
[2026-09-23 12:05:36,774] {logging_mixin.py:104} INFO - [2026-09-23 12:05:36,774] {dag.py:2280} INFO - Setting next_dagrun for tutorial to 2026-09-21 00:00:00+00:00
[2026-09-23 12:05:36,792] {scheduler_job.py:190} INFO - Processing /home/airflow/.local/lib/python3.6/site-packages/airflow/example_dags/tutorial.py took 0.099 seconds
[2026-09-23 12:06:07,652] {scheduler_job.py:182} INFO - Started process (PID=2284) to work on /home/airflow/.local/lib/python3.6/site-packages/airflow/example_dags/tutorial.py
[2026-09-23 12:06:07,654] {scheduler_job.py:629} INFO - Processing file /home/airflow/.local/lib/python3.6/site-packages/airflow/example_dags/tutorial.py for tasks to queue
[2026-09-23 12:06:07,655] {logging_mixin.py:104} INFO - [2026-09-23 12:06:07,655] {dagbag.py:451} INFO - Filling up the DagBag from /home/airflow/.local/lib/python3.6/site-packages/airflow/example_dags/tutorial.py
[2026-09-23 12:06:07,673] {scheduler_job.py:639} INFO - DAG(s) dict_keys(['tutorial']) retrieved from /home/airflow/.local/lib/python3.6/site-packages/airflow/example_dags/tutorial.py
[2026-09-23 12:06:07,713] {logging_mixin.py:104} INFO - [2026-09-23 12:06:07,713] {dag.py:1824} INFO - Sync 1 DAGs
[2026-09-23 12:06:07,746] {logging_mixin.py:104} INFO - [2026-09-23 12:06:07,745] {dag.py:2280} INFO - Setting next_dagrun for tutorial to 2026-09-21 00:00:00+00:00
[2026-09-23 12:06:07,767] {scheduler_job.py:190} INFO - Processing /home/airflow/.local/lib/python3.6/site-packages/airflow/example_dags/tutorial.py took 0.121 seconds
[2026-09-23 12:06:38,400] {scheduler_job.py:182} INFO - Started process (PID=2311) to work on /home/airflow/.local/lib/python3.6/site-packages/airflow/example_dags/tutorial.py
[2026-09-23 12:06:38,402] {scheduler_job.py:629} INFO - Processing file /home/airflow/.local/lib/python3.6/site-packages/airflow/example_dags/tutorial.py for tasks to queue
[2026-09-23 12:06:38,403] {logging_mixin.py:104} INFO - [2026-09-23 12:06:38,403] {dagbag.py:451} INFO - Filling up the DagBag from /home/airflow/.local/lib/python3.6/site-packages/airflow/example_dags/tutorial.py
[2026-09-23 12:06:38,424] {scheduler_job.py:639} INFO - DAG(s) dict_keys(['tutorial']) retrieved from /home/airflow/.local/lib/python3.6/site-packages/airflow/example_dags/tutorial.py
[2026-09-23 12:06:38,463] {logging_mixin.py:104} INFO - [2026-09-23 12:06:38,463] {dag.py:1824} INFO - Sync 1 DAGs
[2026-09-23 12:06:38,491] {logging_mixin.py:104} INFO - [2026-09-23 12:06:38,491] {dag.py:2280} INFO - Setting next_dagrun for tutorial to 2026-09-21 00:00:00+00:00
[2026-09-23 12:06:38,508] {scheduler_job.py:190} INFO - Processing /home/airflow/.local/lib/python3.6/site-packages/airflow/example_dags/tutorial.py took 0.113 seconds
[2026-09-23 12:07:09,121] {scheduler_job.py:182} INFO - Started process (PID=2336) to work on /home/airflow/.local/lib/python3.6/site-packages/airflow/example_dags/tutorial.py
[2026-09-23 12:07:09,125] {scheduler_job.py:629} INFO - Processing file /home/airflow/.local/lib/python3.6/site-packages/airflow/example_dags/tutorial.py for tasks to queue
[2026-09-23 12:07:09,126] {logging_mixin.py:104} INFO - [2026-09-23 12:07:09,126] {dagbag.py:451} INFO - Filling up the DagBag from /home/airflow/.local/lib/python3.6/site-packages/airflow/example_dags/tutorial.py
[2026-09-23 12:07:09,146] {scheduler_job.py:639} INFO - DAG(s) dict_keys(['tutorial']) retrieved from /home/airflow/.local/lib/python3.6/site-packages/airflow/example_dags/tutorial.py
[2026-09-23 12:07:09,184] {logging_mixin.py:104} INFO - [2026-09-23 12:07:09,184] {dag.py:1824} INFO - Sync 1 DAGs
[2026-09-23 12:07:09,217] {logging_mixin.py:104} INFO - [2026-09-23 12:07:09,217] {dag.py:2280} INFO - Setting next_dagrun for tutorial to 2026-09-21 00:00:00+00:00
[2026-09-23 12:07:09,238] {scheduler_job.py:190} INFO - Processing /home/airflow/.local/lib/python3.6/site-packages/airflow/example_dags/tutorial.py took 0.124 seconds
[2026-09-23 12:07:39,957] {scheduler_job.py:182} INFO - Started process (PID=2362) to work on /home/airflow/.local/lib/python3.6/site-packages/airflow/example_dags/tutorial.py
[2026-09-23 12:07:39,958] {scheduler_job.py:629} INFO - Processing file /home/airflow/.local/lib/python3.6/site-packages/airflow/example_dags/tutorial.py for tasks to queue
[2026-09-23 12:07:39,959] {logging_mixin.py:104} INFO - [2026-09-23 12:07:39,959] {dagbag.py:451} INFO - Filling up the DagBag from /home/airflow/.local/lib/python3.6/site-packages/airflow/example_dags/tutorial.py
[2026-09-23 12:07:39,975] {scheduler_job.py:639} INFO - DAG(s) dict_keys(['tutorial']) retrieved from /home/airflow/.local/lib/python3.6/site-packages/airflow/example_dags/tutorial.py
[2026-09-23 12:07:40,005] {logging_mixin.py:104} INFO - [2026-09-23 12:07:40,005] {dag.py:1824} INFO - Sync 1 DAGs
[2026-09-23 12:07:40,029] {logging_mixin.py:104} INFO - [2026-09-23 12:07:40,029] {dag.py:2280} INFO - Setting next_dagrun for tutorial to 2026-09-21 00:00:00+00:00
[2026-09-23 12:07:40,045] {scheduler_job.py:190} INFO - Processing /home/airflow/.local/lib/python3.6/site-packages/airflow/example_dags/tutorial.py took 0.092 seconds
[2026-09-23 12:08:10,489] {scheduler_job.py:182} INFO - Started process (PID=2388) to work on /home/airflow/.local/lib/python3.6/site-packages/airflow/example_dags/tutorial.py
[2026-09-23 12:08:10,491] {scheduler_job.py:629} INFO - Processing file /home/airflow/.local/lib/python3.6/site-packages/airflow/example_dags/tutorial.py for tasks to queue
[2026-09-23 12:08:10,492] {logging_mixin.py:104} INFO - [2026-09-23 12:08:10,491] {dagbag.py:451} INFO - Filling up the DagBag from /home/airflow/.local/lib/python3.6/site-packages/airflow/example_dags/tutorial.py
[2026-09-23 12:08:10,506] {scheduler_job.py:639} INFO - DAG(s) dict_keys(['tutorial']) retrieved from /home/airflow/.local/lib/python3.6/site-packages/airflow/example_dags/tutorial.py
[2026-09-23 12:08:10,541] {logging_mixin.py:104} INFO - [2026-09-23 12:08:10,540] {dag.py:1824} INFO - Sync 1 DAGs
[2026-09-23 12:08:10,565] {logging_mixin.py:104} INFO - [2026-09-23 12:08:10,565] {dag.py:2280} INFO - Setting next_dagrun for tutorial to 2026-09-21 00:00:00+00:00
[2026-09-23 12:08:10,578] {scheduler_job.py:190} INFO - Processing /home/airflow/.local/lib/python3.6/site-packages/airflow/example_dags/tutorial.py took 0.093 seconds
[2026-09-23 12:08:41,206] {scheduler_job.py:182} INFO - Started process (PID=2414) to work on /home/airflow/.local/lib/python3.6/site-packages/airflow/example_dags/tutorial.py
[2026-09-23 12:08:41,208] {scheduler_job.py:629} INFO - Processing file /home/airflow/.local/lib/python3.6/site-packages/airflow/example_dags/tutorial.py for tasks to queue
[2026-09-23 12:08:41,209] {logging_mixin.py:104} INFO - [2026-09-23 12:08:41,209] {dagbag.py:451} INFO - Filling up the DagBag from /home/airflow/.local/lib/python3.6/site-packages/airflow/example_dags/tutorial.py
[2026-09-23 12:08:41,225] {scheduler_job.py:639} INFO - DAG(s) dict_keys(['tutorial']) retrieved from /home/airflow/.local/lib/python3.6/site-packages/airflow/example_dags/tutorial.py
[2026-09-23 12:08:41,251] {logging_mixin.py:104} INFO - [2026-09-23 12:08:41,251] {dag.py:1824} INFO - Sync 1 DAGs
[2026-09-23 12:08:41,276] {logging_mixin.py:104} INFO - [2026-09-23 12:08:41,275] {dag.py:2280} INFO - Setting next_dagrun for tutorial to 2026-09-21 00:00:00+00:00
[2026-09-23 12:08:41,294] {scheduler_job.py:190} INFO - Processing /home/airflow/.local/lib/python3.6/site-packages/airflow/example_dags/tutorial.py took 0.092 seconds
[2026-09-23 12:09:12,033] {scheduler_job.py:182} INFO - Started process (PID=2440) to work on /home/airflow/.local/lib/python3.6/site-packages/airflow/example_dags/tutorial.py
[2026-09-23 12:09:12,035] {scheduler_job.py:629} INFO - Processing file /home/airflow/.local/lib/python3.6/site-packages/airflow/example_dags/tutorial.py for tasks to queue
[2026-09-23 12:09:12,036] {logging_mixin.py:104} INFO - [2026-09-23 12:09:12,036] {dagbag.py:451} INFO - Filling up the DagBag from /home/airflow/.local/lib/python3.6/site-packages/airflow/example_dags/tutorial.py
[2026-09-23 12:09:12,054] {scheduler_job.py:639} INFO - DAG(s) dict_keys(['tutorial']) retrieved from /home/airflow/.local/lib/python3.6/site-packages/airflow/example_dags/tutorial.py
[2026-09-23 12:09:12,095] {logging_mixin.py:104} INFO - [2026-09-23 12:09:12,095] {dag.py:1824} INFO - Sync 1 DAGs
[2026-09-23 12:09:12,124] {logging_mixin.py:104} INFO - [2026-09-23 12:09:12,124] {dag.py:2280} INFO - Setting next_dagrun for tutorial to 2026-09-21 00:00:00+00:00
[2026-09-23 12:09:12,141] {scheduler_job.py:190} INFO - Processing /home/airflow/.local/lib/python3.6/site-packages/airflow/example_dags/tutorial.py took 0.113 seconds
[2026-09-23 12:09:42,582] {scheduler_job.py:182} INFO - Started process (PID=2467) to work on /home/airflow/.local/lib/python3.6/site-packages/airflow/example_dags/tutorial.py
[2026-09-23 12:09:42,586] {scheduler_job.py:629} INFO - Processing file /home/airflow/.local/lib/python3.6/site-packages/airflow/example_dags/tutorial.py for tasks to queue
[2026-09-23 12:09:42,587] {logging_mixin.py:104} INFO - [2026-09-23 12:09:42,587] {dagbag.py:451} INFO - Filling up the DagBag from /home/airflow/.local/lib/python3.6/site-packages/airflow/example_dags/tutorial.py
[2026-09-23 12:09:42,616] {scheduler_job.py:639} INFO - DAG(s) dict_keys(['tutorial']) retrieved from /home/airflow/.local/lib/python3.6/site-packages/airflow/example_dags/tutorial.py
[2026-09-23 12:09:42,687] {logging_mixin.py:104} INFO - [2026-09-23 12:09:42,687] {dag.py:1824} INFO - Sync 1 DAGs
[2026-09-23 12:09:42,721] {logging_mixin.py:104} INFO - [2026-09-23 12:09:42,721] {dag.py:2280} INFO - Setting next_dagrun for tutorial to 2026-09-21 00:00:00+00:00
[2026-09-23 12:09:42,754] {scheduler_job.py:190} INFO - Processing /home/airflow/.local/lib/python3.6/site-packages/airflow/example_dags/tutorial.py took 0.182 seconds
[2026-09-23 12:10:12,874] {scheduler_job.py:182} INFO - Started process (PID=2493) to work on /home/airflow/.local/lib/python3.6/site-packages/airflow/example_dags/tutorial.py
[2026-09-23 12:10:12,875] {scheduler_job.py:629} INFO - Processing file /home/airflow/.local/lib/python3.6/site-packages/airflow/example_dags/tutorial.py for tasks to queue
[2026-09-23 12:10:12,876] {logging_mixin.py:104} INFO - [2026-09-23 12:10:12,876] {dagbag.py:451} INFO - Filling up the DagBag from /home/airflow/.local/lib/python3.6/site-packages/airflow/example_dags/tutorial.py
[2026-09-23 12:10:12,888] {scheduler_job.py:639} INFO - DAG(s) dict_keys(['tutorial']) retrieved from /home/airflow/.local/lib/python3.6/site-packages/airflow/example_dags/tutorial.py
[2026-09-23 12:10:12,921] {logging_mixin.py:104} INFO - [2026-09-23 12:10:12,921] {dag.py:1824} INFO - Sync 1 DAGs
[2026-09-23 12:10:12,947] {logging_mixin.py:104} INFO - [2026-09-23 12:10:12,947] {dag.py:2280} INFO - Setting next_dagrun for tutorial to 2026-09-21 00:00:00+00:00
[2026-09-23 12:10:12,963] {scheduler_job.py:190} INFO - Processing /home/airflow/.local/lib/python3.6/site-packages/airflow/example_dags/tutorial.py took 0.094 seconds
[2026-09-23 12:10:43,010] {scheduler_job.py:182} INFO - Started process (PID=2519) to work on /home/airflow/.local/lib/python3.6/site-packages/airflow/example_dags/tutorial.py
[2026-09-23 12:10:43,011] {scheduler_job.py:629} INFO - Processing file /home/airflow/.local/lib/python3.6/site-packages/airflow/example_dags/tutorial.py for tasks to queue
[2026-09-23 12:10:43,012] {logging_mixin.py:104} INFO - [2026-09-23 12:10:43,012] {dagbag.py:451} INFO - Filling up the DagBag from /home/airflow/.local/lib/python3.6/site-packages/airflow/example_dags/tutorial.py
[2026-09-23 12:10:43,029] {scheduler_job.py:639} INFO - DAG(s) dict_keys(['tutorial']) retrieved from /home/airflow/.local/lib/python3.6/site-packages/airflow/example_dags/tutorial.py
[2026-09-23 12:10:43,057] {logging_mixin.py:104} INFO - [2026-09-23 12:10:43,057] {dag.py:1824} INFO - Sync 1 DAGs
[2026-09-23 12:10:43,077] {logging_mixin.py:104} INFO - [2026-09-23 12:10:43,077] {dag.py:2280} INFO - Setting next_dagrun for tutorial to 2026-09-21 00:00:00+00:00
[2026-09-23 12:10:43,093] {scheduler_job.py:190} INFO - Processing /home/airflow/.local/lib/python3.6/site-packages/airflow/example_dags/tutorial.py took 0.088 seconds
[2026-09-23 12:11:14,163] {scheduler_job.py:182} INFO - Started process (PID=2545) to work on /home/airflow/.local/lib/python3.6/site-packages/airflow/example_dags/tutorial.py
[2026-09-23 12:11:14,165] {scheduler_job.py:629} INFO - Processing file /home/airflow/.local/lib/python3.6/site-packages/airflow/example_dags/tutorial.py for tasks to queue
[2026-09-23 12:11:14,166] {logging_mixin.py:104} INFO - [2026-09-23 12:11:14,165] {dagbag.py:451} INFO - Filling up the DagBag from /home/airflow/.local/lib/python3.6/site-packages/airflow/example_dags/tutorial.py
[2026-09-23 12:11:14,182] {scheduler_job.py:639} INFO - DAG(s) dict_keys(['tutorial']) retrieved from /home/airflow/.local/lib/python3.6/site-packages/airflow/example_dags/tutorial.py
[2026-09-23 12:11:14,217] {logging_mixin.py:104} INFO - [2026-09-23 12:11:14,217] {dag.py:1824} INFO - Sync 1 DAGs
[2026-09-23 12:11:14,250] {logging_mixin.py:104} INFO - [2026-09-23 12:11:14,250] {dag.py:2280} INFO - Setting next_dagrun for tutorial to 2026-09-21 00:00:00+00:00
[2026-09-23 12:11:14,273] {scheduler_job.py:190} INFO - Processing /home/airflow/.local/lib/python3.6/site-packages/airflow/example_dags/tutorial.py took 0.117 seconds
[2026-09-23 12:11:44,450] {scheduler_job.py:182} INFO - Started process (PID=2571) to work on /home/airflow/.local/lib/python3.6/site-packages/airflow/example_dags/tutorial.py
[2026-09-23 12:11:44,452] {scheduler_job.py:629} INFO - Processing file /home/airflow/.local/lib/python3.6/site-packages/airflow/example_dags/tutorial.py for tasks to queue
[2026-09-23 12:11:44,453] {logging_mixin.py:104} INFO - [2026-09-23 12:11:44,453] {dagbag.py:451} INFO - Filling up the DagBag from /home/airflow/.local/lib/python3.6/site-packages/airflow/example_dags/tutorial.py
[2026-09-23 12:11:44,468] {scheduler_job.py:639} INFO - DAG(s) dict_keys(['tutorial']) retrieved from /home/airflow/.local/lib/python3.6/site-packages/airflow/example_dags/tutorial.py
[2026-09-23 12:11:44,500] {logging_mixin.py:104} INFO - [2026-09-23 12:11:44,500] {dag.py:1824} INFO - Sync 1 DAGs
[2026-09-23 12:11:44,531] {logging_mixin.py:104} INFO - [2026-09-23 12:11:44,530] {dag.py:2280} INFO - Setting next_dagrun for tutorial to 2026-09-21 00:00:00+00:00
[2026-09-23 12:11:44,563] {scheduler_job.py:190} INFO - Processing /home/airflow/.local/lib/python3.6/site-packages/airflow/example_dags/tutorial.py took 0.119 seconds
[2026-09-23 12:12:14,703] {scheduler_job.py:182} INFO - Started process (PID=2597) to work on /home/airflow/.local/lib/python3.6/site-packages/airflow/example_dags/tutorial.py
[2026-09-23 12:12:14,705] {scheduler_job.py:629} INFO - Processing file /home/airflow/.local/lib/python3.6/site-packages/airflow/example_dags/tutorial.py for tasks to queue
[2026-09-23 12:12:14,706] {logging_mixin.py:104} INFO - [2026-09-23 12:12:14,706] {dagbag.py:451} INFO - Filling up the DagBag from /home/airflow/.local/lib/python3.6/site-packages/airflow/example_dags/tutorial.py
[2026-09-23 12:12:14,725] {scheduler_job.py:639} INFO - DAG(s) dict_keys(['tutorial']) retrieved from /home/airflow/.local/lib/python3.6/site-packages/airflow/example_dags/tutorial.py
[2026-09-23 12:12:14,762] {logging_mixin.py:104} INFO - [2026-09-23 12:12:14,762] {dag.py:1824} INFO - Sync 1 DAGs
[2026-09-23 12:12:14,793] {logging_mixin.py:104} INFO - [2026-09-23 12:12:14,792] {dag.py:2280} INFO - Setting next_dagrun for tutorial to 2026-09-21 00:00:00+00:00
[2026-09-23 12:12:14,817] {scheduler_job.py:190} INFO - Processing /home/airflow/.local/lib/python3.6/site-packages/airflow/example_dags/tutorial.py took 0.120 seconds
[2026-09-23 12:12:45,675] {scheduler_job.py:182} INFO - Started process (PID=2622) to work on /home/airflow/.local/lib/python3.6/site-packages/airflow/example_dags/tutorial.py
[2026-09-23 12:12:45,677] {scheduler_job.py:629} INFO - Processing file /home/airflow/.local/lib/python3.6/site-packages/airflow/example_dags/tutorial.py for tasks to queue
[2026-09-23 12:12:45,678] {logging_mixin.py:104} INFO - [2026-09-23 12:12:45,678] {dagbag.py:451} INFO - Filling up the DagBag from /home/airflow/.local/lib/python3.6/site-packages/airflow/example_dags/tutorial.py
[2026-09-23 12:12:45,696] {scheduler_job.py:639} INFO - DAG(s) dict_keys(['tutorial']) retrieved from /home/airflow/.local/lib/python3.6/site-packages/airflow/example_dags/tutorial.py
[2026-09-23 12:12:45,730] {logging_mixin.py:104} INFO - [2026-09-23 12:12:45,730] {dag.py:1824} INFO - Sync 1 DAGs
[2026-09-23 12:12:45,757] {logging_mixin.py:104} INFO - [2026-09-23 12:12:45,757] {dag.py:2280} INFO - Setting next_dagrun for tutorial to 2026-09-21 00:00:00+00:00
[2026-09-23 12:12:45,775] {scheduler_job.py:190} INFO - Processing /home/airflow/.local/lib/python3.6/site-packages/airflow/example_dags/tutorial.py took 0.107 seconds
[2026-09-23 12:13:16,777] {scheduler_job.py:182} INFO - Started process (PID=2648) to work on /home/airflow/.local/lib/python3.6/site-packages/airflow/example_dags/tutorial.py
[2026-09-23 12:13:16,779] {scheduler_job.py:629} INFO - Processing file /home/airflow/.local/lib/python3.6/site-packages/airflow/example_dags/tutorial.py for tasks to queue
[2026-09-23 12:13:16,780] {logging_mixin.py:104} INFO - [2026-09-23 12:13:16,780] {dagbag.py:451} INFO - Filling up the DagBag from /home/airflow/.local/lib/python3.6/site-packages/airflow/example_dags/tutorial.py
[2026-09-23 12:13:16,803] {scheduler_job.py:639} INFO - DAG(s) dict_keys(['tutorial']) retrieved from /home/airflow/.local/lib/python3.6/site-packages/airflow/example_dags/tutorial.py
[2026-09-23 12:13:16,848] {logging_mixin.py:104} INFO - [2026-09-23 12:13:16,848] {dag.py:1824} INFO - Sync 1 DAGs
[2026-09-23 12:13:16,884] {logging_mixin.py:104} INFO - [2026-09-23 12:13:16,884] {dag.py:2280} INFO - Setting next_dagrun for tutorial to 2026-09-21 00:00:00+00:00
[2026-09-23 12:13:16,910] {scheduler_job.py:190} INFO - Processing /home/airflow/.local/lib/python3.6/site-packages/airflow/example_dags/tutorial.py took 0.140 seconds
[2026-09-23 12:13:47,820] {scheduler_job.py:182} INFO - Started process (PID=2676) to work on /home/airflow/.local/lib/python3.6/site-packages/airflow/example_dags/tutorial.py
[2026-09-23 12:13:47,821] {scheduler_job.py:629} INFO - Processing file /home/airflow/.local/lib/python3.6/site-packages/airflow/example_dags/tutorial.py for tasks to queue
[2026-09-23 12:13:47,822] {logging_mixin.py:104} INFO - [2026-09-23 12:13:47,822] {dagbag.py:451} INFO - Filling up the DagBag from /home/airflow/.local/lib/python3.6/site-packages/airflow/example_dags/tutorial.py
[2026-09-23 12:13:47,835] {scheduler_job.py:639} INFO - DAG(s) dict_keys(['tutorial']) retrieved from /home/airflow/.local/lib/python3.6/site-packages/airflow/example_dags/tutorial.py
[2026-09-23 12:13:47,860] {logging_mixin.py:104} INFO - [2026-09-23 12:13:47,860] {dag.py:1824} INFO - Sync 1 DAGs
[2026-09-23 12:13:47,880] {logging_mixin.py:104} INFO - [2026-09-23 12:13:47,880] {dag.py:2280} INFO - Setting next_dagrun for tutorial to 2026-09-21 00:00:00+00:00
[2026-09-23 12:13:47,892] {scheduler_job.py:190} INFO - Processing /home/airflow/.local/lib/python3.6/site-packages/airflow/example_dags/tutorial.py took 0.077 seconds
